# .PCD v0.7 - Point Cloud Data file format
VERSION 0.7
FIELDS x y z
SIZE 4 4 4
TYPE F F F
COUNT 1 1 1
WIDTH 12855
HEIGHT 1
VIEWPOINT 0 0 0 1 0 0 0
POINTS 12855
DATA ascii
16.601133 -10.199619 5.2207479
17.130878 -9.9640102 5.3101869
17.680283 -9.7205305 5.4062128
18.038643 -8.8125801 5.3794065
17.987158 -8.2560987 5.3031015
17.225536 -6.9213614 4.9742279
14.124883 8.8317728 4.4636889
11.620693 8.0707827 3.7910602
11.525615 8.8583317 3.8950415
11.473818 9.2672596 3.9519634
11.450419 9.7139578 4.023459
11.376279 10.636076 4.1730103
12.138115 13.117485 4.788744
11.471611 13.013362 4.6483274
3.4223437 12.653225 3.5122466
-2.9662597 15.080703 4.1182861
-5.8124704 23.501083 6.4868345
-6.4505467 23.62092 6.5609679
-7.1062694 23.751913 6.6430469
-7.7817478 23.894796 6.733561
-8.4793549 24.0504 6.8330779
-9.9516401 24.403574 7.0617208
-12.607139 25.47271 7.615603
-16.399639 -6.6358924 4.7403722
-16.989199 -7.3562069 4.9606466
-16.323389 -8.0238705 4.873692
-15.568095 -9.1058111 4.8326092
-14.522676 -22.012804 7.0662928
-13.626318 -21.779551 6.8838701
-12.912002 -21.789761 6.7866459
-12.218584 -21.802166 6.6967363
-10.234521 -21.827717 6.4597135
-8.9876947 -21.852936 6.3313689
-7.2021189 -21.892691 6.1754026
-6.0546875 -21.913544 6.0917215
-5.4918847 -21.923769 6.0559649
-4.3836818 -21.940844 5.995225
-3.8375781 -21.950918 5.9709373
-3.2955174 -21.960911 5.9502959
-2.7568848 -21.970835 5.9332366
-2.2210252 -21.980705 5.9197063
-0.61027342 -7.9538183 2.1374831
-0.23248047 -8.2041359 2.1991744
0.16790038 -8.4276161 2.2586207
0.37240234 -8.4498148 2.2663198
0.5837695 -8.5503187 2.2963843
0.78662109 -8.4989405 2.2870185
1.1410254 -8.065196 2.1825829
1.3079492 -7.8710313 2.1379578
1.6147656 -8.4513206 2.30549
1.9525878 -8.0825424 2.2280121
2.1078124 -7.8865056 2.1873572
2.2576368 -7.6976485 2.1494613
7.6832027 -22.174875 6.2882743
8.2915134 -22.185499 6.34619
8.9114742 -22.196274 6.4089165
9.5441895 -22.207266 6.4766974
10.859316 -22.243845 6.6325707
12.235195 -22.268703 6.8082108
15.423554 -22.597565 7.3309317
16.441719 -9.2730875 5.0579314
17.968124 -7.9601049 5.2658463
11.595586 8.283844 3.8184412
11.444014 9.497139 3.9848051
11.554932 10.57073 4.1962671
11.159795 10.715046 4.1454544
12.32957 13.037969 4.808228
11.865605 13.169717 4.7498384
10.980215 12.794645 4.5176911
3.6186817 12.825878 3.5708489
-0.59795898 15.472732 4.1490006
-1.9185644 14.111943 3.8160694
-2.7661231 14.915258 4.0646801
-3.2188671 15.289579 4.1866326
-5.5310059 23.45072 6.456008
-6.1618066 23.565739 6.5267062
-8.8739157 24.141842 6.8919449
-9.611084 24.319025 7.0066886
-16.30163 -6.3914914 4.6917405
-16.948174 -7.1212964 4.9258409
-16.964052 -7.6144896 4.9824052
-16.335625 -7.811173 4.8517814
-15.794434 -8.511591 4.8075109
-14.988222 -8.5499563 4.6235642
-15.127158 -9.624733 4.8041849
-13.953476 -21.77389 6.9294896
-13.229775 -21.784077 6.8291464
-11.844365 -21.808859 6.6498661
-11.177861 -21.820784 6.5693531
-8.6527634 -21.859709 6.2994676
-6.3097558 -21.908911 6.1090879
-4.6312695 -21.939402 6.0081968
-4.0824122 -21.946404 5.9813976
-3.5385742 -21.95643 5.9591269
-0.70481443 -8.0420408 2.1631169
-0.30800781 -7.8597374 2.1076262
0.076376952 -8.4110079 2.2538147
0.48566404 -8.4622679 2.2711883
1.2337402 -7.9570093 2.1575508
1.9526269 -8.4845438 2.3328562
2.0387695 -7.9736719 2.2052739
2.1909473 -7.7816539 2.1661582
7.4132323 -22.16954 6.2636247
9.2582321 -22.202297 6.4456024
10.55331 -22.224792 6.592391
11.231084 -22.250559 6.6784768
11.919726 -22.263002 6.7665687
12.627187 -22.275785 6.8610592
13.355098 -22.288942 6.9623389
16.654081 -10.176144 5.2295585
17.185595 -9.9396582 5.3195987
17.752539 -9.7037907 5.4210362
18.073505 -9.3202162 5.4487901
18.077324 -8.7767982 5.3845277
17.983358 -8.2011862 5.2960544
14.08999 8.8579712 4.4594946
11.569687 8.4996948 3.8467491
11.405136 9.7236128 4.0158935
11.336249 10.650701 4.1678596
12.095146 13.135351 4.784452
11.385107 12.97906 4.6261144
3.8217773 13.004697 3.631953
3.3789356 12.615086 3.4993553
3.0450292 15.890234 4.3352485
2.3675292 16.669598 4.5114298
1.2991699 13.954158 3.7551744
-0.79144531 15.232512 4.0870457
-1.7535741 14.036599 3.7903302
-2.5711327 14.754099 4.0129275
-5.8764157 23.512747 6.4940042
-7.8514256 23.909973 6.7432275
-8.5514059 24.066916 6.8436937
-10.029297 24.423071 7.0744343
-12.686064 25.475319 7.6256356
-16.205458 -6.1519632 4.6445966
-17.043282 -7.4291863 4.9817309
-17.082685 -7.94208 5.0477948
-16.120342 -7.9730706 4.8188772
-15.94081 -8.368784 4.8241682
-15.526543 -9.1325607 4.8266306
-7.6453905 -8.2131186 3.0066168
-12.149306 -21.803406 6.6879721
-10.817568 -21.827229 6.5274487
-10.170078 -21.829021 6.4527159
-8.3211517 -21.866411 6.2689891
-7.7268357 -21.87842 6.2171659
-7.1431737 -21.893763 6.1707559
-5.997324 -21.914587 6.0879154
-3.7824316 -21.951935 5.9686809
-3.2407811 -21.961922 5.9484062
-2.7024512 -21.971838 5.931704
-2.1668067 -21.981703 5.91853
-0.5916211 -7.9661059 2.1403899
-0.21275391 -8.2172928 2.2025549
0.18856445 -8.4298468 2.2593367
0.59417969 -8.4005709 2.256551
0.98500973 -8.2479315 2.2257309
1.1582519 -8.0450706 2.1778982
1.8676562 -8.5377502 2.3417814
1.9685839 -8.0623341 2.2237618
2.2725389 -7.6788855 2.1457667
8.9750385 -22.197378 6.4155564
11.608106 -22.25737 6.7262211
12.306924 -22.269997 6.8177938
13.932979 -22.567818 7.106638
15.505869 -22.599207 7.3437533
8.5223436 -8.3711519 3.200918
18.00042 -8.4458084 5.327724
17.964756 -7.9061022 5.2591782
14.502197 9.8926563 4.7038517
11.590878 8.32337 3.8235803
11.542939 8.7185211 3.8760314
11.474004 9.5695076 4.0033832
11.514472 10.585546 4.1909556
11.775156 13.133803 4.7264829
10.790468 12.635927 4.4523182
4.5081348 12.547708 3.5725591
4.0320997 13.190112 3.6957257
3.5738084 12.786394 3.5574114
4.1508203 18.194626 5.0004945
3.1900487 15.723115 4.2988329
2.8638184 16.098911 4.3814116
2.5245507 16.489172 4.4697437
2.170996 16.895271 4.5642962
1.124668 14.108137 3.7922564
-1.9490722 14.078286 3.8082457
-2.3810449 14.597041 3.9629588
-5.5942578 23.461901 6.4628339
-7.5443163 23.843681 6.7010741
-8.2339354 23.994745 6.7973843
-9.6874018 24.337833 7.0189171
-10.833379 25.41489 7.4027686
-11.576689 25.439316 7.4890628
-12.337969 25.464329 7.5818582
-16.940342 -7.1668029 4.928648
14.032324 -22.307602 6.4291406
15.60248 -22.335794 6.6466508
16.429052 -22.350643 6.7670603
17.658583 -9.7085943 4.9160118
17.656767 -9.1600437 4.8525629
18.106289 -8.3107758 4.8601522
18.770859 -7.5422812 4.9350314
11.943984 8.2953138 3.5475719
11.799004 8.6238317 3.5652759
11.442353 8.7943392 3.5205982
11.644355 9.4049902 3.6515148
11.853721 10.558234 3.8725255
11.048496 10.329609 3.6898198
11.065957 11.394677 3.8748901
10.868613 11.745542 3.9038849
11.066699 12.554018 4.0826569
10.271006 12.234087 3.8968835
9.8493357 12.95236 3.969563
2.7595019 16.305063 4.0342278
1.360127 14.231818 3.4877105
-0.75828123 15.316792 3.7411499
-2.5218163 14.683254 3.6344652
-7.3779979 22.655075 5.8124609
-8.0332708 22.78513 5.8938432
-8.7102833 22.926199 5.9829569
-9.4115334 23.079098 6.080358
-10.89791 23.424171 6.3025632
-13.388564 24.05794 6.7166228
-16.338163 -6.6110096 4.2996607
-16.782978 -7.2669163 4.4615746
-16.104774 -8.4046803 4.431632
-15.206484 -9.3937988 4.3604126
-16.7012 -21.717594 6.6835194
-15.89876 -21.739784 6.5703864
-15.116992 -21.753315 6.4623532
-13.626044 -21.779127 6.2672544
-12.912041 -21.789804 6.1788735
-10.234981 -21.828655 5.8814607
-9.6052637 -21.841387 5.8207493
-7.7869921 -21.878115 5.6652136
-7.2022266 -21.893066 5.6224546
-5.491992 -21.924137 5.5137072
-4.9354391 -21.934246 5.4847045
-4.3838377 -21.941557 5.4584951
-3.8376853 -21.951628 5.4363813
-2.7569628 -21.97154 5.40205
0.16611327 -8.337491 2.0343578
0.3698242 -8.3911953 2.049041
0.57443357 -8.4136429 2.0573087
1.4073731 -8.4694138 2.0944688
1.6177539 -8.4669809 2.1029079
1.8301367 -8.4653597 2.1128578
2.0991406 -7.8540354 1.9832671
7.0852637 -22.16353 5.6764135
8.2916107 -22.185764 5.7779174
10.190928 -22.218763 5.9632769
10.85914 -22.243469 6.0384817
12.23499 -22.268314 6.1983895
12.951416 -22.281258 6.287149
16.054003 -22.343906 6.7119446
16.895615 -22.356787 6.8362827
17.771914 -22.373194 6.9703922
8.5087404 -8.3987875 2.9166162
18.827362 -8.3407583 5.0235186
14.786288 10.033512 4.35922
11.33039 8.5145407 3.4575505
11.154668 11.239643 3.8630607
10.957294 11.586853 3.8903918
10.156289 12.429057 3.9156592
9.9453125 12.788466 3.952141
2.9382031 16.285889 4.0371246
2.5710645 16.522747 4.079277
2.2176757 16.93058 4.1655402
1.1605469 14.121989 3.4567096
-0.59957027 15.514362 3.7875957
-1.5914843 14.278625 3.5048802
-2.3333106 14.527885 3.589536
-3.2108495 15.251474 3.8021972
-5.2552733 22.281691 5.5848179
-5.8514352 22.378759 5.6428962
-6.4624314 22.48469 5.707262
-7.0900583 22.600029 5.7782798
-8.4032612 22.86141 5.9419317
-10.55332 23.341766 6.2492404
-11.329413 23.529284 6.3707762
-12.992089 23.952906 6.647594
-24.998232 -6.4640265 6.2989659
-16.822285 -7.0684042 4.4513917
-16.721279 -7.5055184 4.4712825
-15.872685 -8.5537663 4.3986521
-15.373466 -9.2682257 4.3792248
-17.926073 -21.696501 6.8657904
-17.073984 -21.711176 6.7381101
-16.258633 -21.733557 6.6213756
-15.465038 -21.747292 6.5099783
-12.527851 -21.796677 6.1330786
-10.526943 -21.832468 5.9128866
-9.8865919 -21.835695 5.8474503
-9.2638674 -21.848286 5.7892747
-8.6531153 -21.860624 5.7355499
-8.0532417 -21.872738 5.6860905
-7.4632711 -21.884651 5.6407418
-6.3098631 -21.909283 5.5620737
-5.7440233 -21.919559 5.5278893
-5.1847653 -21.929718 5.4973001
-4.6313376 -21.939768 5.4702148
-2.9986033 -21.967089 5.4086308
-1.9269433 -21.986824 5.3843083
-0.47126952 -7.4358635 1.8176386
-0.30478516 -7.7775564 1.8988115
-0.12255859 -8.1465559 1.9875981
0.48228514 -8.403491 2.0534282
0.68788087 -8.4261904 2.0624292
0.9041211 -8.5317297 2.0929935
1.0457813 -8.0177221 1.9725136
1.3133886 -8.470644 2.0911276
1.522998 -8.4680176 2.0989416
1.8730078 -8.1385431 2.0373192
2.1820116 -7.7499175 1.9641218
6.819736 -22.158278 5.6558013
7.4133983 -22.170013 5.7027984
9.8985739 -22.213686 5.9327703
11.230908 -22.250183 6.0802784
12.626982 -22.275398 6.2465043
14.109492 -22.308989 6.4394684
14.884023 -22.322893 6.5452423
16.514511 -22.35218 6.7797332
17.373936 -22.36574 6.9089866
17.134668 -9.9101992 4.8288412
18.110312 -8.259079 4.8558002
18.130039 -7.7453508 4.8095756
11.935508 8.3327627 3.5510924
11.794394 8.6647797 3.570271
11.625312 9.4366951 3.6527715
11.033604 10.879218 3.7800708
11.045947 11.429883 3.8776593
10.24997 12.269819 3.9002697
10.040556 12.626081 3.9353626
9.8275681 12.989552 3.9735816
3.4050097 17.768713 4.4135966
1.323125 14.21146 3.4819152
-0.79353511 15.272888 3.7308886
-1.4524024 14.45205 3.5433753
-2.5649903 14.71885 3.644815
-5.04667 22.485447 5.6218467
-6.1859274 22.435953 5.6775351
-6.8059177 22.547014 5.7455273
-8.1008883 22.798923 5.9025211
-8.7802048 22.941147 5.9924455
-9.4840431 23.09528 6.0907073
-10.215166 23.26227 6.1979456
-10.976582 23.443176 6.314878
-11.771729 23.639174 6.4423108
-14.401113 24.33259 6.8977227
-15.375517 24.604919 7.0780249
-16.77 -7.3100634 4.4628611
-15.919706 -7.8738379 4.3327098
-15.63789 -8.2097425 4.3086658
-15.169033 -9.421998 4.356267
-7.6448145 -8.2125025 2.7371502
-17.452862 -21.704651 6.7943969
-16.617949 -21.71903 6.6714377
-15.81831 -21.741179 6.5590954
-15.039199 -21.754663 6.4518094
-14.284717 -21.767721 6.3516169
-13.552832 -21.780392 6.2580643
-12.840869 -21.791077 6.17031
-10.817588 -21.827267 5.9428883
-10.170517 -21.829956 5.8750892
-8.9261522 -21.855106 5.7591534
-5.9974217 -21.914955 5.5427999
-5.4353027 -21.925167 5.5106058
-4.8793063 -21.935266 5.4819565
-4.3282619 -21.942583 5.4560986
-3.7825584 -21.952644 5.4343252
-3.2408788 -21.962627 5.415863
-0.59802735 -8.052309 1.9697926
-0.01446289 -8.2178869 2.0047779
0.59527344 -8.4159479 2.058223
1.0107909 -8.4638538 2.0794525
1.1388965 -7.9106536 1.949723
1.8517871 -8.4652195 2.1139481
2.2633593 -7.6478577 1.9457062
7.7444625 -22.176252 5.7303643
9.6092186 -22.208658 5.9032636
10.927197 -22.244698 6.0460491
12.306708 -22.269611 6.2071137
14.532881 -22.316586 6.4968185
15.321709 -22.330751 6.6066508
16.138105 -22.345417 6.7242336
16.982939 -22.358419 6.8494596
17.862715 -22.374891 6.9845157
17.774921 -8.340004 4.7898278
14.748408 10.060606 4.3552976
11.355214 8.5767288 3.471519
11.744374 9.7949991 3.7307396
11.272412 10.363017 3.7354186
10.937284 11.622507 3.8933733
11.552509 12.885471 4.2218323
10.342988 12.111926 3.8854899
3.636416 17.923199 4.4614959
2.5358984 16.563353 4.0877562
2.1809862 16.972887 4.1746235
1.1241797 14.101977 3.4511285
-0.63571286 15.469362 3.776978
-0.98184568 15.038386 3.676466
-1.3101758 14.629306 3.583142
-1.6224512 14.240012 3.4963665
-1.952373 14.10216 3.473073
-5.3150878 22.291138 5.5904279
-5.9126854 22.389084 5.6491289
-7.8028903 22.738657 5.8646684
-8.4721384 22.87583 5.9510508
-14.930761 24.479694 6.9950342
-25.002254 -6.5303411 6.3039904
-16.262676 -6.4221597 4.2654595
-16.745975 -7.5658603 4.4828191
14.031884 -22.306881 5.8034611
14.803877 -22.32073 5.8982792
15.601973 -22.335049 5.999795
16.603876 -10.201301 4.2914643
16.826288 -8.7292013 4.1744242
18.113457 -8.849123 4.4394908
18.849062 -7.5737052 4.4734616
26.624268 -9.9588642 6.2599072
12.156757 8.4430838 3.259475
12.066093 8.8190546 3.2912626
11.879814 9.1305695 3.2995861
11.058018 9.8494997 3.2611077
11.553096 10.801379 3.4829614
10.701953 11.019851 3.3828368
10.510234 11.358261 3.4078753
10.318564 11.705339 3.436311
10.207607 12.158579 3.4960413
9.9992867 12.51127 3.5270538
9.5829 13.253762 3.6017315
2.9059374 24.221149 5.3721943
1.7263671 24.22056 5.3473444
0.5555957 24.250519 5.3418126
-0.61622071 24.311169 5.3554845
-1.2056347 24.353222 5.3695946
-5.716455 25.76436 5.8117743
-5.8320312 21.356009 4.8751993
-7.6359372 21.658178 5.0572848
-8.9320602 21.903322 5.2091694
-9.6145802 22.040886 5.2955112
-10.323496 22.189501 5.3894992
-11.832294 22.523556 5.6028752
-14.378096 23.134491 5.9984131
-15.320273 23.373383 6.1544037
-25.034121 -7.4160557 5.7497602
-16.606192 -7.1903663 3.9850774
-16.479139 -7.6125159 3.9975059
-16.319872 -8.0221367 4.0046601
-15.18792 -8.3984423 3.821955
-15.492646 -9.0616941 3.9525158
-14.930547 -9.2233372 3.8647594
-19.31455 -21.672398 6.3929539
-18.409286 -21.68799 6.2647009
-15.898427 -21.739347 5.9310336
-15.116679 -21.752886 5.8335094
-14.359824 -21.765993 5.7424393
-13.625791 -21.778708 5.657403
-12.912041 -21.789846 5.5777373
-10.883594 -21.82613 5.3709507
-9.6056738 -21.842302 5.2546701
-8.9884472 -21.854767 5.2039795
-8.3826466 -21.866997 5.1572223
-5.4920702 -21.924503 4.9773579
-4.3839841 -21.942261 4.9275932
-3.8378124 -21.952328 4.9076324
-2.2211621 -21.982107 4.8655162
-0.22269531 -7.8585191 1.7312858
0.16351563 -8.2072935 1.8077558
0.57049805 -8.3559866 1.844426
0.77548826 -8.3785534 1.8529985
0.98302734 -8.4058266 1.8637331
1.1887403 -8.4024134 1.8687929
1.3957324 -8.3993549 1.8750566
2.090625 -7.8221831 1.783053
7.0854197 -22.163994 5.1242619
7.6833787 -22.175444 5.1682673
9.5444136 -22.207794 5.3231091
10.191045 -22.219032 5.3831739
10.858954 -22.243097 5.4509034
11.537881 -22.25535 5.5205278
12.234776 -22.267935 5.5952506
12.9512 -22.28087 5.6753702
13.688857 -22.294191 5.7612157
14.453867 -22.314453 5.8548675
15.23999 -22.328554 5.9533224
16.895351 -22.35644 6.1710849
17.771631 -22.372839 6.292141
18.683554 -22.38991 6.4218588
16.791513 -10.011767 4.3052068
16.326836 -9.2082882 4.1278944
18.1129 -9.0933409 4.4632492
17.340097 -7.1866746 4.1335869
18.838329 -7.2802463 4.447566
26.684834 -8.1496296 6.1444445
11.963672 8.9904346 3.2956133
11.77669 9.302763 3.3049767
11.345439 9.8870649 3.3140717
11.734687 10.735159 3.5024188
11.333066 10.881413 3.4599102
10.596357 11.205178 3.3962157
10.404707 11.548259 3.4231067
10.300166 12.00221 3.4829803
9.6691113 13.072187 3.5806603
12.231669 24.200338 5.971417
2.5796678 24.21793 5.3634038
1.1600976 14.116635 3.1192212
1.4035547 24.225763 5.3439059
0.8183496 24.241127 5.3413839
-0.35237303 24.294838 5.3507318
-5.4509177 25.891777 5.8268328
-5.7607226 24.424761 5.5263634
-6.7459178 21.503077 4.9629288
-7.355957 21.608175 5.0266924
-8.6332712 21.844883 5.1727066
-9.3048048 21.977758 5.2558026
-10.726113 22.276352 5.4447203
-11.481826 22.443933 5.5517874
-16.536249 -7.4224687 3.9916077
-16.351034 -7.8185401 3.9912755
-15.820205 -8.0392208 3.9079132
-15.583183 -8.3977499 3.8982861
-14.627705 -8.344305 3.7085516
-15.313106 -9.2318373 3.9376457
-16.258291 -21.733118 5.9770575
-11.844414 -21.808943 5.4653234
-9.8870115 -21.836618 5.2787781
-9.2642574 -21.849195 5.2262497
-8.6534767 -21.86153 5.1777539
-8.0535736 -21.873638 5.1331024
-7.4635739 -21.88554 5.0921459
-6.8832517 -21.899233 5.0552282
-6.3099804 -21.909649 5.0210204
-5.1848536 -21.930082 4.9625502
-4.0826855 -21.947815 4.9162245
-1.9270117 -21.987518 4.8606195
-0.50839841 -8.0214949 1.7700257
0.073994137 -8.1487617 1.794582
0.68315428 -8.368351 1.8489952
1.302539 -8.4006863 1.8720915
1.5103809 -8.3978224 1.8790287
1.7200586 -8.3956842 1.8872883
6.8198924 -22.158745 5.1056538
8.6316013 -22.191929 5.2437277
9.2584572 -22.202824 5.2975507
11.230702 -22.249807 5.4886327
13.354638 -22.288157 5.7219119
15.684404 -22.336527 6.0104775
16.513954 -22.351418 6.1199255
18.269247 -22.382153 6.3624701
16.65666 -10.177721 4.2986622
17.084307 -9.8810797 4.346231
16.382675 -8.9549971 4.1115689
16.975605 -8.7540445 4.2061443
18.113701 -8.7944593 4.434268
26.626621 -9.8855953 6.2547526
12.14833 8.4813442 3.2627685
12.02541 8.8344975 3.2860436
12.347588 10.022996 3.5022583
11.643085 9.9264908 3.3693926
10.49081 11.393034 3.4106016
9.9779682 12.547387 3.5303471
9.7657223 12.907815 3.5644183
13.136786 23.879068 6.0018559
1.0811719 24.233294 5.3419299
0.49633789 24.252842 5.3420377
-0.088935547 24.28009 5.346961
-0.67581052 24.315063 5.3566885
-1.2655859 24.357927 5.3712983
-5.7249413 25.507442 5.7569623
-5.8906736 21.365051 4.8805351
-7.0797167 21.559927 4.997324
-9.0000877 21.916782 5.2175846
-9.685215 22.055431 5.3046818
-10.396943 22.205214 5.3994761
-11.912382 22.541925 5.6146784
-12.723037 22.731081 5.7365837
-13.574463 22.935877 5.8692241
-15.418847 23.398729 6.1709905
-16.7796 -6.3699179 3.9524772
-16.29952 -6.6418028 3.8760161
-16.5933 -7.2330461 3.9862213
-15.098516 -8.3972692 3.8046093
-15.384844 -9.0492115 3.9306433
-7.644238 -8.2118788 2.470665
-18.319571 -21.689535 6.2521949
-16.617811 -21.718853 6.0223193
-15.817998 -21.740742 5.9208422
-14.284424 -21.7673 5.7335534
-13.552578 -21.779978 5.6491046
-12.149345 -21.803488 5.4966383
-11.4754 -21.815544 5.4282951
-10.170938 -21.830883 5.3037224
-9.5425386 -21.843578 5.2493448
-8.3218451 -21.868225 5.1526971
-7.1434078 -21.894506 5.0717115
-6.5666013 -21.904985 5.0359697
-4.8793945 -21.935627 4.9486957
-4.3283982 -21.943283 4.9254303
-3.7826757 -21.953344 4.9057713
-3.2409766 -21.963327 4.8891053
-1.6333691 -21.992924 4.8565855
-0.20442383 -7.8956676 1.7393534
-0.014238281 -8.0912104 1.781836
0.38782227 -8.3361378 1.8377565
0.79637694 -8.3808699 1.8539366
1.2096581 -8.4020872 1.8693714
1.4168066 -8.399065 1.8757603
1.6256055 -8.3965826 1.8834169
1.8363574 -8.3946829 1.8923808
1.9522656 -7.9954906 1.8124831
6.5562987 -22.15353 5.0877805
7.1455956 -22.165186 5.1285625
7.7445507 -22.176508 5.1729155
8.9752636 -22.197903 5.2728558
10.257431 -22.220188 5.3895159
10.927011 -22.244326 5.4577374
11.607715 -22.256613 5.5278678
12.306503 -22.269228 5.6031208
13.769004 -22.302168 5.7719579
14.532402 -22.315859 5.8645477
16.137548 -22.34466 6.0698271
16.982666 -22.358072 6.1829815
17.86244 -22.374538 6.304893
8.5211029 -8.3699322 2.6303449
16.844999 -9.9878902 4.3126407
16.480986 -9.2421684 4.1611433
18.234901 -8.5558262 4.4357171
18.836376 -7.2265739 4.4429193
15.638808 10.667991 4.1689281
11.944776 9.0220289 3.2964752
11.757656 9.3345232 3.3060315
11.279668 9.8784246 3.3019133
11.292871 10.896015 3.4557598
10.279336 12.037388 3.4858825
9.6472073 13.109504 3.5844066
9.3914938 13.429004 3.6087511
12.707969 23.844328 5.9501586
1.12375 14.096642 3.1141858
-5.516777 25.89035 5.829535
-5.0849705 21.326027 4.828042
-5.6318064 21.32551 4.8572745
-7.4187889 21.619297 5.0334821
-8.7002831 21.857891 5.1808105
-9.374258 21.991812 5.2646322
-10.073652 22.136475 5.3558879
-11.560283 22.461653 5.5631437
-14.062324 23.055857 5.9472065
-15.964639 23.540247 6.2637053
-16.420908 -6.9470525 3.9264836
14.031445 -22.306166 5.1839924
14.803389 -22.320004 5.2686896
15.601445 -22.334311 5.3593688
17.284599 -22.363382 5.5601377
18.176504 -22.380068 5.6716771
16.980331 -9.8764524 3.8642864
16.134306 -8.8705616 3.6219878
17.657421 -7.594574 3.7812047
18.78537 -7.5481176 3.9825866
16.308838 10.753066 3.8428466
11.722608 9.4681921 2.9642906
11.447139 11.231892 3.1548145
10.396708 10.70554 2.935658
9.9504004 11.28769 2.960089
9.8924513 11.783178 3.0265496
9.7268744 12.791323 3.1611748
9.153203 14.039016 3.29687
14.465195 23.401514 5.4119916
13.672168 23.360365 5.3246284
12.905341 23.323114 5.2436347
12.162402 23.289526 5.1685977
11.493408 23.365374 5.1223912
11.979629 25.914009 5.6161213
2.7462695 22.890303 4.5352349
1.3591015 14.220996 2.8102789
1.6319042 22.895561 4.5154028
-0.027939452 22.949144 4.5145197
-0.58247072 22.979311 4.5219083
-1.1394238 23.015732 4.5331626
-1.6999609 23.058552 4.5483508
-2.8363378 23.163994 4.5908184
-3.4145994 23.227016 4.6182938
-5.5691113 20.393261 4.1586308
-6.6943555 20.555832 4.2527447
-7.2794528 20.647041 4.3066978
-7.8817577 20.74544 4.3656211
-9.8114252 21.088886 4.5755763
-11.975361 21.518539 4.8444562
-12.762509 21.684839 4.94978
-15.377099 22.26923 5.3236728
-16.376757 -7.0910325 3.5106413
-16.006805 -8.3535471 3.551837
-15.674531 -8.6675081 3.52349
-14.863828 -9.1821232 3.4369147
-17.538935 -21.702801 5.489203
-16.700937 -21.717237 5.3893661
-14.35956 -21.765574 5.1295524
-13.625537 -21.778296 5.053596
-12.91208 -21.789886 4.9825363
-10.883613 -21.826168 4.7978129
-10.23583 -21.8305 4.7430906
-7.7876368 -21.879896 4.5686846
-7.2024708 -21.893803 4.5339856
-6.624824 -21.904293 4.5017443
-4.3841209 -21.942957 4.4018989
-3.8379295 -21.953022 4.3840685
-2.7571387 -21.972929 4.3563766
-1.6874413 -21.992619 4.3390732
-0.22041991 -7.7781582 1.5307204
-0.03345703 -7.957026 1.5653074
0.16102539 -8.0820637 1.5902064
1.0097852 -8.6346006 1.7101612
1.1791016 -8.3343801 1.6558528
1.3843945 -8.3311205 1.6613575
1.5912793 -8.3284388 1.6679945
1.7540039 -8.1131897 1.6328864
6.4972167 -22.152817 4.5414352
7.085566 -22.164455 4.5775371
7.6834664 -22.175697 4.6168056
8.2918062 -22.186275 4.6593065
10.191181 -22.219299 4.8087811
10.858788 -22.242729 4.8691459
12.234571 -22.267555 4.9980841
13.688622 -22.293802 5.1463337
14.453408 -22.31373 5.2299132
16.895088 -22.356096 5.5124693
8.5075779 -8.3976259 2.3515313
16.742939 -9.98281 3.8346648
17.236601 -8.65341 3.7940776
18.771494 -7.7799129 3.9972899
26.651123 -8.8475876 5.5241728
12.329316 8.8080206 2.9807427
12.244102 9.2011757 3.0129399
12.029609 9.502552 3.0157018
11.964257 10.426331 3.1218884
11.760781 10.75903 3.1356249
11.661074 11.196333 3.1801426
11.190107 11.275353 3.1249914
10.668115 11.281062 3.0543408
9.9753027 11.071672 2.9316227
9.9189253 11.557971 2.9961412
9.6089745 12.990881 3.1786668
9.5893259 13.640683 3.2800915
14.833252 23.425365 5.4543662
13.246826 23.33939 5.2792697
12.493408 23.304176 5.2015967
11.694951 24.59474 5.3573742
2.4381542 22.889322 4.5282273
1.159668 14.111345 2.7853198
1.3268163 22.901291 4.51266
0.22073242 22.937614 4.5124583
-0.88880855 22.998589 4.5276256
-1.4475976 23.038513 4.5410385
-4.9307518 23.42099 4.7083368
-5.5452051 23.510954 4.7519355
-5.3236327 20.360151 4.1398687
-5.873457 20.435507 4.1827898
-6.4365916 20.517065 4.2300391
-7.0145116 20.605202 4.2818637
-7.6089063 20.700314 4.3385139
-8.2214746 20.80287 4.4003062
-8.8541794 20.913382 4.4675684
-11.633359 21.447845 4.7998667
-12.404238 21.608534 4.9013824
-14.958086 22.172577 5.2615013
-15.905732 22.392643 5.4032159
-17.982431 22.891872 5.7265215
-16.721201 -6.5560107 3.5331616
-16.304502 -6.8508329 3.4790306
-16.23875 -7.7648468 3.5408752
-15.135644 -9.1248426 3.4766846
-15.464404 -21.746428 5.2493076
-13.229843 -21.784204 5.0137362
-12.5279 -21.796761 4.9456077
-11.844443 -21.808985 4.8821192
-9.2646389 -21.850101 4.6687407
-7.4638767 -21.886423 4.5489445
-6.883379 -21.899599 4.5158477
-5.7442188 -21.920288 4.4577265
-5.1849413 -21.930441 4.4330597
-4.0828123 -21.948511 4.3917437
-2.9987891 -21.968479 4.3616819
-1.9270703 -21.988207 4.3420696
-0.29864258 -7.620863 1.5003153
0.072871089 -8.0253162 1.5787922
0.27081054 -8.1529102 1.604712
1.0872949 -8.3359451 1.6537248
1.2919726 -8.3325462 1.658752
1.6844531 -8.2219687 1.6510091
1.8444726 -8.0145893 1.6178312
2.1601074 -7.6720986 1.5679243
8.6317091 -22.192186 4.6842136
9.2585745 -22.203085 4.7322955
9.8987989 -22.214216 4.7841763
11.230517 -22.249437 4.9028463
13.354404 -22.287771 5.1112261
14.108574 -22.30755 5.1923227
16.513378 -22.35066 5.46667
17.373379 -22.365044 5.5710888
18.268955 -22.3818 5.6834269
17.576397 -7.5088353 3.7599127
18.783457 -7.4940314 3.9782836
16.218603 10.750573 3.8277667
12.282763 9.0235596 2.9982049
11.654853 9.4606781 2.9530065
12.054023 10.276831 3.1160643
11.852841 10.609541 3.1293213
11.879024 11.160657 3.2063975
11.399414 11.2399 3.1492279
10.556348 10.923262 2.9882677
9.9446869 11.336975 2.9666259
9.8863764 11.834579 3.0335338
9.7052536 12.827888 3.1643341
15.211113 23.455639 5.4994903
14.383574 23.397156 5.4028311
13.593262 23.356413 5.3161297
12.828975 23.319546 5.2357593
11.46662 23.455532 5.135983
12.051123 26.236877 5.6796951
1.5757128 22.896486 4.5148163
1.0220703 22.908865 4.5110784
0.46918944 22.927334 4.5111723
-0.084062502 22.951921 4.5150943
-0.63877928 22.982714 4.522871
-1.7570508 23.063257 4.5501142
-2.3228319 23.113289 4.5697136
-3.4736328 23.233801 4.6213169
-4.0612206 23.30475 4.6535678
-4.6587501 23.383213 4.6903162
-5.2675486 23.469521 4.7317443
-6.1818652 20.479631 4.208261
-6.7529392 20.564766 4.257998
-7.3396969 20.656689 4.3124442
-7.9438376 20.755829 4.3718791
-9.2120209 20.977852 4.507092
-10.574765 21.23551 4.6667171
-11.298096 21.37952 4.756886
-12.844472 21.702429 4.9609537
-13.674911 21.883492 5.0762906
-14.549423 22.07935 5.2016416
-17.492695 22.772203 5.6488237
-16.295448 -7.5760765 3.5351238
-16.822422 -8.3203154 3.6919224
-15.056865 -8.3740997 3.3892365
-14.803398 -9.1948862 3.4281323
-7.6436715 -8.2112722 2.2068534
-17.452559 -21.704288 5.4787703
-15.817676 -21.740307 5.2889142
-15.038593 -21.753805 5.2024016
-14.28416 -21.76688 5.1216106
-13.552324 -21.779562 5.0461683
-12.149375 -21.803528 4.9100871
-11.47542 -21.815582 4.8490391
-10.817636 -21.827349 4.7922425
-8.9269037 -21.856916 4.6444492
-8.3221874 -21.869116 4.6030283
-7.7277832 -21.881104 4.5649762
-5.9976268 -21.915686 4.4697485
-4.8794627 -21.935986 4.4206848
-2.1670117 -21.983793 4.3455777
-0.014023437 -7.9694934 1.5677485
0.38266602 -8.2252741 1.6198143
0.83279294 -8.7640867 1.7318226
1.0294824 -8.6202879 1.7078196
1.405293 -8.3308067 1.6619767
1.6123632 -8.3281984 1.6687318
1.7707909 -8.0948868 1.6300684
1.9333203 -7.9179358 1.6033641
7.145752 -22.165646 4.5813785
7.7446384 -22.176762 4.6209545
8.3541307 -22.187361 4.6638117
10.257539 -22.220451 4.814445
10.926836 -22.243958 4.8752527
12.306289 -22.26885 5.0051184
13.768574 -22.30146 5.1558609
15.320703 -22.329277 5.3271184
16.982412 -22.357731 5.5230951
17.862148 -22.374186 5.6319957
16.796181 -9.9589539 3.8412688
17.179813 -9.0963984 3.8240941
26.663231 -8.7792559 5.5221667
12.32081 8.8475332 2.9839106
12.235312 9.2414742 3.0163257
11.739863 10.792756 3.1370783
11.612441 11.204368 3.1743505
10.708487 10.842961 2.997885
10.663427 11.331491 3.0609264
9.9130173 11.608416 3.0029271
9.852685 12.1179 3.0723314
9.8007612 12.666389 3.1505194
13.945 23.374231 5.3542805
13.169346 23.335649 5.2711201
12.418301 23.300808 5.1940479
11.752822 24.873148 5.411737
1.4869629 14.291306 2.8265393
1.12333 14.091367 2.780827
0.71760738 22.918278 4.5106573
-0.94530272 23.00234 4.5288029
-1.5044531 23.042921 4.5426188
-2.0679102 23.089985 4.5604072
-2.636914 23.143707 4.5822501
-3.7961035 23.271959 4.6385288
-4.3889551 23.347004 4.673234
-4.9924707 23.429743 4.7125363
-5.9299216 20.443483 4.1873775
-6.494482 20.525696 4.2350817
-7.670166 20.710373 4.3445444
-8.284668 20.813705 4.4068708
-8.9195404 20.925053 4.47471
-9.5769529 21.045008 4.5484538
-10.259326 21.174236 4.62854
-11.709912 21.463591 4.8097873
-13.296592 21.80039 5.0232835
-14.150693 21.989414 5.1440115
-18.095018 22.919516 5.7444854
-16.143867 -6.3752427 3.4144554
-16.320673 -6.9046521 3.486073
15.600937 -22.333578 4.7246318
16.427382 -22.348383 4.8102164
17.033651 -9.9074621 3.4174273
17.255888 -9.4871902 3.4150908
17.469082 -9.0626764 3.4130156
18.087265 -8.8363333 3.4911199
17.567646 -8.0635414 3.3522978
14.693643 10.205 3.1025548
11.962714 9.6621227 2.666831
11.8475 10.050819 2.6944263
11.441914 10.697432 2.7164965
10.987978 10.781384 2.6697099
10.845576 11.167739 2.6997962
10.201504 11.024611 2.604928
10.020605 11.367327 2.6280103
9.9649115 11.869494 2.6877332
9.8780079 12.359541 2.7439313
9.6675978 12.713371 2.7698913
9.4533005 13.074504 2.7980597
9.3187399 14.292892 2.9590631
14.13331 22.864576 4.661706
12.618242 22.804255 4.5199156
11.895635 22.778664 4.456655
11.193623 22.755899 4.3980799
10.896729 23.571508 4.5035868
11.419189 26.352741 4.9808741
2.6044238 21.708069 3.7917376
1.3585839 14.215666 2.4765971
1.0227246 21.730145 3.7727411
0.49825194 21.747152 3.7725096
-0.026503906 21.769009 3.7753105
-0.55247068 21.795784 3.7811663
-1.0805957 21.827536 3.7900946
-2.1474218 21.906382 3.8173442
-4.3527246 22.129547 3.9113677
-5.3309278 19.521009 3.5094147
-5.8600879 19.586735 3.5456195
-7.5286036 19.815939 3.6762664
-8.1167965 19.904139 3.7278783
-9.3516693 20.100677 3.8447802
-10.002481 20.21003 3.9107237
-15.442256 21.24851 4.555397
-16.392216 21.448002 4.6816044
-16.682217 -6.7502246 3.1209955
-16.372295 -8.0479116 3.1638696
-15.492734 -9.061738 3.1126866
-19.314228 -21.672024 5.0344758
-18.408955 -21.687624 4.9334779
-16.700809 -21.717062 4.7511964
-15.897822 -21.738483 4.670608
-14.359287 -21.765156 4.5220947
-13.625273 -21.777884 4.4551349
-12.912099 -21.789927 4.3925824
-12.218681 -21.802332 4.3343883
-11.542978 -21.814417 4.2801714
-10.883642 -21.826208 4.2297316
-9.6064644 -21.84411 4.1384845
-6.6249313 -21.904655 3.9687755
-6.0550976 -21.915003 3.9430339
-4.9356737 -21.935322 3.8992639
-4.3842578 -21.943647 3.8808117
-2.7572362 -21.973614 3.8406761
0.15862304 -7.9616537 1.3810313
0.35643554 -8.0874624 1.4039366
0.98550779 -8.4269972 1.4714183
1.1844434 -8.3720064 1.4663813
1.3733398 -8.2645721 1.4529451
1.7324219 -8.0133381 1.4218272
1.8938769 -7.8395066 1.3986849
6.4973536 -22.153269 4.0037847
7.0857029 -22.164913 4.0356107
8.9119139 -22.197313 4.1482663
10.191298 -22.219561 4.2394443
10.858613 -22.242365 4.2925434
11.537499 -22.254612 4.3473668
12.234365 -22.267181 4.4062071
13.688378 -22.293417 4.5368934
14.452949 -22.313017 4.610517
15.238994 -22.327095 4.6880407
16.052393 -22.341665 4.7710385
17.771093 -22.372141 4.9550195
8.5070019 -8.3970556 2.0729728
16.795879 -10.014374 3.3913054
17.040264 -9.6106634 3.3928392
16.837763 -8.9681101 3.3084729
17.701641 -7.8420506 3.3576891
26.649405 -8.8470163 4.8696928
15.85497 10.208966 3.2703693
15.040019 10.20569 3.1521459
12.01458 9.4906702 2.6553009
11.784111 10.269345 2.7108018
10.825781 10.908239 2.6652739
9.9903612 11.641206 2.6604047
9.932744 12.155496 2.7223742
9.3261328 13.266286 2.8123381
9.4567671 14.16657 2.9539592
9.1486912 14.44803 2.9657555
12.950175 22.816713 4.5499406
12.217656 22.789804 4.4844842
11.506592 22.765787 4.4238348
10.881104 22.883205 4.3943534
1.1592284 14.106103 2.4546106
1.2585937 21.724077 3.7738342
0.73388672 21.738911 3.772238
0.20937499 21.758591 3.7736778
-0.31593749 21.783142 3.778156
-0.8429687 21.812651 3.7857013
-1.3727245 21.847176 3.796334
-4.0985641 22.099844 3.8980381
-4.6668944 22.167645 3.9287133
-5.6208496 19.55658 3.5289197
-9.7070704 20.159924 3.8804376
-10.371572 20.273699 3.9493628
-11.783671 20.527493 4.104857
-13.327275 20.821589 4.287354
-15.032988 21.163969 4.5020804
-16.940136 21.564995 4.7558441
-17.984892 21.791679 4.9001179
-16.696026 -6.5461349 3.1101251
-16.262529 -7.2996078 3.0914268
-16.330009 -7.8084884 3.1391563
-15.910039 -8.0848751 3.0950267
-14.476054 -9.2104664 2.9755974
-19.74826 -21.681301 5.0860572
-15.464101 -21.746002 4.627667
-14.696377 -21.759312 4.5537133
-13.952393 -21.772211 4.4846563
-11.177949 -21.820944 4.2519426
-10.527001 -21.832588 4.2034888
-9.8878412 -21.838436 4.1574707
-8.0542288 -21.875408 4.0427351
-7.4641795 -21.887297 4.0104814
-6.3101854 -21.91037 3.9542723
-4.0829492 -21.9492 3.8718579
-3.5390234 -21.959219 3.8574388
-1.3942285 -21.998695 3.8227978
-0.86311519 -22.025373 3.8227019
-0.11671875 -7.7580419 1.3455968
0.071787111 -7.906599 1.3712654
0.26674804 -8.0303516 1.3934388
0.67694336 -8.2923489 1.4428923
1.0952051 -8.3965883 1.4685212
1.2816796 -8.2660913 1.4506841
1.6581347 -8.093482 1.4327744
1.9806445 -7.7463183 1.3866313
6.235908 -22.148098 3.9903979
6.8201756 -22.159658 4.020957
8.0171967 -22.181753 4.0904498
10.553818 -22.225864 4.2670226
12.626328 -22.274252 4.4404087
14.108134 -22.306841 4.5773768
15.683378 -22.335052 4.7330456
16.512842 -22.349915 4.8192215
17.373125 -22.364702 4.9113665
18.268671 -22.381447 5.0103989
19.201551 -22.398893 5.1165295
17.087822 -9.8831081 3.4234374
17.106455 -8.8215227 3.3379443
17.665956 -8.5770788 3.4057488
18.126289 -8.266366 3.4550316
17.352715 -7.4132748 3.2725317
18.720839 -7.4690475 3.4955378
14.617099 10.204907 3.091651
14.347226 10.540235 3.0874646
11.951015 9.7010822 2.669508
11.720732 10.491289 2.7280414
10.841289 11.218113 2.7055542
10.196435 11.073342 2.6105413
9.9590816 11.921601 2.6940112
9.8568649 12.395082 2.7464643
9.2875099 14.321421 2.9602587
11.823565 22.77623 4.4505072
10.944345 23.82729 4.547328
1.3216308 14.195356 2.4724867
1.4946777 21.718985 3.7755449
-1.1342969 21.831038 3.7911725
-2.2019823 21.910933 3.8190613
-2.7433007 21.958828 3.8378301
-3.2910058 22.012238 3.8599205
-3.8462889 22.071362 3.885432
-4.4103317 22.136425 3.9144812
-4.9843359 22.207676 3.9471996
-5.5696483 22.285397 3.9837384
-5.3840137 19.527439 3.5129235
-6.4575 19.665077 3.5896008
-7.0146775 19.741936 3.6334648
-8.7865229 20.008881 3.7898901
-10.069853 20.221565 3.9177105
-10.748711 20.33993 3.989727
-12.194463 20.60416 4.1522241
-13.779316 20.910664 4.3430119
-15.536025 21.268005 4.5677066
-17.507227 21.687466 4.833725
-16.12952 -7.4989333 3.0848095
-15.824365 -8.3076468 3.0995562
-14.981328 -8.3320961 2.9729431
-15.344999 -9.0257711 3.0874302
-14.738291 -9.1544447 3.00893
-7.6431251 -8.2106705 1.9454051
-18.319248 -21.689173 4.9236317
-17.452421 -21.704109 4.830009
-16.617548 -21.718498 4.7426062
-15.817353 -21.73988 4.662581
-15.03832 -21.753384 4.5863218
-14.283886 -21.766462 4.5151
-13.55206 -21.779152 4.448596
-12.840927 -21.791201 4.3864946
-12.149394 -21.803572 4.3287158
-10.171797 -21.832706 4.1771245
-9.5433302 -21.845385 4.1342893
-8.3225393 -21.869999 4.0581689
-7.7280955 -21.881979 4.0246186
-5.9977245 -21.916044 3.9405706
-5.435586 -21.92625 3.9176843
-4.3286719 -21.944672 3.8791089
-3.7829101 -21.954725 3.8636248
-3.2411816 -21.964705 3.850498
-2.7028027 -21.974617 3.8396862
-0.1974121 -7.625093 1.3228307
0.37686524 -8.1004829 1.4063524
0.58224607 -8.2316761 1.4311519
1.0057324 -8.4213781 1.4708629
1.7490234 -7.9954319 1.4194047
1.9099511 -7.822227 1.3964299
6.556572 -22.154444 4.0068812
7.7447262 -22.177013 4.0738535
12.306093 -22.268473 4.4124088
16.982147 -22.357389 4.8690577
17.861876 -22.37384 4.9650517
8.5198822 -8.3687372 2.0711455
17.82333 -8.3627167 3.4143603
17.636005 -7.7614179 3.3416252
14.960811 10.205492 3.1407695
14.322128 10.284675 3.0578966
13.088779 9.886117 2.8446672
11.772431 10.309968 2.7139111
11.604121 10.667964 2.7336504
11.143916 10.752295 2.6855767
10.860078 10.996462 2.6803319
10.817607 11.495327 2.7375097
9.4256735 14.195058 2.9550824
12.874883 22.813852 4.5430784
11.435625 22.763508 4.4179425
10.838144 22.93737 4.3996549
2.7894628 21.708324 3.7957385
1.4864062 14.28592 2.4909208
0.1561328 21.760851 3.7739897
-3.0440819 21.987558 3.8495843
-3.5958202 22.044081 3.8735411
-4.1557422 22.106441 3.9009845
-5.6746192 19.563301 3.53263
-11.858525 20.541372 4.1134205
-12.615674 20.684004 4.201715
-14.244316 21.003571 4.401226
-16.055311 21.376751 4.636466
-17.043056 21.587116 4.7698998
-18.094639 21.815737 4.9154539
-16.121122 -6.8202343 3.0357244
-16.278828 -7.3548102 3.0979381
14.030546 -22.304758 3.9608879
17.284071 -22.3627 4.2484236
17.534706 -9.6404877 3.007813
17.518017 -9.0880575 2.9664726
18.554033 -7.9802179 3.0359666
15.359853 12.405945 2.9678345
12.270703 10.409848 2.4187806
12.252315 10.913274 2.4663453
11.039502 10.831931 2.3247838
11.00123 11.328012 2.3735948
9.4785252 11.290129 2.2158475
9.3786421 11.734726 2.2580369
9.6094923 12.636963 2.3863339
13.81871 22.355629 3.950531
13.070537 22.332436 3.8895702
11.642246 22.293459 3.7804663
10.346191 22.380611 3.7062089
10.398281 23.996735 3.9311454
10.870146 26.842611 4.3531213
2.5500782 21.254988 3.2178459
1.5174121 21.289131 3.2081816
1.002793 21.306147 3.2061701
0.48853514 21.323149 3.2060192
-0.025986327 21.340158 3.2077379
-1.058164 21.374287 3.2167985
-2.0986328 21.408686 3.2334583
-2.6235352 21.426043 3.2446997
-3.1524119 21.443527 3.2579174
-5.3213181 21.515236 3.3314965
-5.8588476 21.454208 3.3429632
-5.9490037 19.883938 3.1197467
-6.4812694 19.901535 3.1461303
-7.0229197 19.919443 3.1748211
-7.574863 19.937693 3.2059288
-8.1704397 20.035664 3.2524376
-8.7482033 20.054766 3.2888458
-9.9452343 20.094341 3.3701622
-10.90541 19.59593 3.3709607
-12.259814 19.726145 3.4911284
-13.804023 19.99111 3.6517303
-14.635996 20.139095 3.7421825
-17.429628 20.658556 4.0628529
-16.13414 -7.4531345 2.6714513
-16.289316 -8.5009832 2.7618952
-14.912138 -8.2459402 2.5613818
-15.334238 -8.9690371 2.6702795
-14.733828 -9.1018124 2.6032128
-7.6571774 -8.1855345 1.684831
-19.314053 -21.671841 4.363524
-18.408827 -21.687443 4.2759881
-15.11581 -21.751616 3.9815502
-10.236679 -21.832312 3.6245415
-9.6068649 -21.845005 3.5871227
-7.7882519 -21.881647 3.4912541
-6.6250291 -21.905016 3.4399376
-6.0551953 -21.915361 3.4176257
-5.4923434 -21.925575 3.3975616
-3.2960448 -21.964375 3.3385308
-2.7573144 -21.974291 3.3289557
-2.2213671 -21.984158 3.321367
-0.032382812 -7.7002745 1.157473
0.15958008 -8.0096798 1.2042097
0.35116211 -7.9677267 1.198827
0.805498 -8.7028522 1.3137568
1.5462987 -8.0930262 1.238506
5.9179688 -22.142248 3.4451256
7.0858593 -22.165369 3.4978845
7.6836424 -22.176199 3.5278246
8.9120111 -22.197565 3.5954938
9.5447559 -22.208574 3.6335211
10.858427 -22.242004 3.7204394
12.23417 -22.266809 3.8189592
12.950537 -22.279732 3.8736382
15.238496 -22.326374 4.0631652
16.894579 -22.355419 4.2120042
17.770821 -22.371799 4.2946277
8.5064354 -8.3964949 1.7966251
16.748379 -9.9860487 2.9310553
17.279726 -9.7457161 2.982022
16.047129 12.676115 3.0739019
12.23958 11.197058 2.493506
12.082382 11.600859 2.5177741
10.256074 11.383296 2.3031328
9.7372169 11.34625 2.2474477
9.4923925 12.833259 2.3993788
9.276474 13.195676 2.4245822
14.163027 22.366913 3.9794226
12.668662 22.320747 3.8578796
10.589277 22.269505 3.7066014
1.2339453 21.298504 3.2068408
0.7195996 21.31551 3.2058537
0.20527343 21.332514 3.2067351
-0.30964842 21.349541 3.2094841
-0.82573241 21.366602 3.214107
-2.3872657 21.418232 3.2394049
-2.914248 21.435654 3.2517314
-3.981914 21.470955 3.2824273
-4.524004 21.488874 3.300894
-5.0725684 21.507011 3.321516
-5.8905563 20.494986 3.2054126
-6.2409959 19.893591 3.1339922
-6.7783103 19.911354 3.1616344
-7.3255467 19.929447 3.1916485
-7.9149117 20.027214 3.2369487
-9.0720215 20.065468 3.3100755
-9.6711035 20.085278 3.3508611
-10.009639 19.566315 3.3036182
-11.932353 19.67173 3.4584038
-16.018877 20.392204 3.8978899
-16.978807 20.572617 4.0095172
-16.67119 -6.5363975 2.6916492
-15.956816 -6.7047458 2.6016693
-16.06374 -7.2103786 2.6466997
-15.952471 -8.1064301 2.6897271
-15.531894 -8.8600864 2.6878161
-15.002148 -9.0443602 2.6331401
-19.74826 -21.681293 4.4082718
-18.811005 -21.68051 4.3145671
-17.925488 -21.695776 4.2303038
-13.952119 -21.771801 3.8869379
-12.527949 -21.796841 3.7790015
-11.844472 -21.809065 3.7304883
-11.177968 -21.820986 3.6853161
-10.527031 -21.832626 3.6433086
-8.654541 -21.864197 3.5346093
-7.4644823 -21.888166 3.4761724
-6.3102832 -21.91073 3.4273705
-5.7444043 -21.921001 3.4063005
-4.0830665 -21.949884 3.3559825
-3.5391405 -21.959902 3.3434844
-2.998955 -21.969845 3.3330107
-1.9271874 -21.989571 3.3180242
0.071435548 -7.8675275 1.1826521
0.46124023 -8.0368662 1.2100446
1.2707226 -8.1954737 1.2466193
1.4645996 -8.1433105 1.2436982
1.8001952 -7.8222013 1.206526
5.6602345 -22.137142 3.434588
6.2360253 -22.148544 3.458689
6.820322 -22.160109 3.4851799
8.6319036 -22.192696 3.5793376
9.258769 -22.203598 3.6160736
10.553946 -22.226126 3.6984258
11.91872 -22.26112 3.7956011
19.20125 -22.398539 4.434618
17.567696 -9.0593748 2.9711237
17.559853 -8.5255585 2.9341552
18.604042 -7.9478574 3.0409594
12.269101 10.460205 2.4235022
12.160302 11.424932 2.5080554
10.997227 11.37946 2.3787286
9.8514938 11.230735 2.2455864
9.4211226 11.277646 2.2088685
9.5880175 12.672936 2.3886933
9.7689056 14.296096 2.6026983
12.273466 22.309792 3.8274627
10.889932 22.275909 3.7270982
10.303847 22.432819 3.7106731
10.441748 24.259495 3.9699938
2.4975684 21.256723 3.2171745
1.4652246 21.290857 3.2078948
0.95065427 21.307871 3.2060704
0.43640625 21.324873 3.2061083
-1.1106445 21.37602 3.217459
-2.1516798 21.410439 3.2345104
-2.6769433 21.427807 3.2459455
-3.20625 21.445307 3.2593677
-4.2797165 21.480799 3.292335
-4.8252439 21.498835 3.3119805
-5.3776464 21.517099 3.3338139
-5.8648925 21.27153 3.3167229
-6.0025778 19.885708 3.1223192
-7.0783887 19.921276 3.1778631
-7.6314254 19.939562 3.2092223
-8.2283983 20.03758 3.2560015
-8.8075294 20.056726 3.2926915
-13.091719 19.867243 3.5764122
-14.722783 20.154728 3.7517657
-15.605713 20.315701 3.8507085
-16.654131 -6.786294 2.703208
-16.567646 -7.2218628 2.7166674
-16.228554 -8.5198421 2.755116
-14.814853 -8.2394991 2.5481246
-15.276787 -8.9856567 2.664093
-7.642529 -8.2100372 1.6860228
-17.452265 -21.703932 4.1863141
-15.81706 -21.739452 4.0411487
-15.038017 -21.752966 3.9750543
-12.840947 -21.791243 3.8019438
-12.149424 -21.80361 3.7518604
-9.5437202 -21.846279 3.5834863
-8.3228607 -21.870878 3.5175066
-7.7283983 -21.882851 3.4884186
-7.1437793 -21.895597 3.4619713
-4.8796191 -21.936693 3.3779979
-4.3288083 -21.945358 3.3622675
-3.7830272 -21.95541 3.3488512
-3.2412889 -21.965384 3.3374701
-2.1671386 -21.985153 3.3207061
-1.6335156 -21.994972 3.3152697
-1.1020703 -22.019882 3.3140514
0.82666016 -8.6995173 1.3135551
1.0350684 -8.6670332 1.3120378
1.5633105 -8.074831 1.2363032
5.9763474 -22.143402 3.447572
7.1460352 -22.166557 3.5008202
7.7448144 -22.177263 3.5309954
8.9755659 -22.198673 3.5992181
10.257803 -22.220974 3.6788554
10.926484 -22.243229 3.7251024
13.024316 -22.281061 3.879395
13.767705 -22.300056 3.9393981
15.319707 -22.327827 4.0702391
16.135937 -22.342436 4.1426678
8.5192776 -8.3681431 1.795009
17.328447 -9.7174025 2.9863188
16.810537 -8.9008675 2.8592157
18.627977 -7.6671019 3.0279565
12.275713 10.238134 2.4027419
12.237021 11.249814 2.4985838
12.03666 11.613669 2.5141556
10.251103 11.433901 2.3082902
9.6782417 11.333476 2.2402196
9.5851173 13.705856 2.5140059
9.5976658 14.454064 2.6080108
14.084863 22.364321 3.9728222
13.328115 22.340214 3.9102721
12.595429 22.318674 3.8521838
11.194101 22.282745 3.7483196
10.521924 22.26812 3.7020764
10.694424 25.784468 4.19593
2.7304492 21.249025 3.220299
1.4858398 14.280579 2.158165
0.15307617 21.33424 3.2069261
-0.8781445 21.368334 3.2146838
-1.3962402 21.385466 3.2213891
-1.9168066 21.402676 3.2300084
-2.4405077 21.419991 3.2405663
-2.9679101 21.437426 3.2530894
-3.4997168 21.455009 3.267622
-5.1285739 21.508863 3.3237274
-5.6850877 21.527264 3.3467979
-6.2950583 19.895378 3.1366918
-7.972363 20.029114 3.2404003
-9.1321096 20.067457 3.3140759
-10.071152 19.56835 3.3081079
-10.68704 19.588711 3.3541734
-11.320635 19.609657 3.4035394
-12.747109 19.808306 3.540719
-13.524492 19.942177 3.6219304
-14.341592 20.086332 3.7098773
-16.113613 20.409842 3.9087811
-17.079424 20.591728 4.0213695
-18.107178 20.789083 4.1440339
-16.031864 -6.782465 2.6166022
-16.079493 -7.2647486 2.6522167
14.801963 -22.317862 3.4107182
15.599932 -22.332129 3.4694133
16.426298 -22.346909 3.532254
17.283808 -22.362362 3.599566
19.104561 -22.396383 3.7491663
14.049639 10.798254 2.2567916
13.448574 11.409092 2.2461162
13.010156 11.588281 2.2189472
10.327148 11.715068 1.9889772
9.788847 11.659778 1.9389229
9.2534857 11.578108 1.8876646
13.665634 22.107985 3.310147
3.2565234 5.8853726 0.85664749
2.423789 5.9853191 0.82241315
2.2585156 5.9885221 0.81512707
2.0960546 5.9916716 0.80843639
1.9361523 5.9947696 0.80231792
1.7785547 5.9978242 0.79675126
1.3174024 6.0067658 0.78319532
1.1668555 6.0096855 0.77967757
0.86936522 6.0154557 0.77407879
0.72204101 6.0183125 0.77197951
0.57544923 6.0211563 0.77033949
0.28366211 6.0268183 0.76841503
0.13813476 6.0296416 0.76812696
-0.00734375 6.0324664 0.76828533
-0.29892579 6.0381255 0.76994824
-0.88934571 6.0495892 0.77874738
-1.3441992 6.0584235 0.79035443
-1.6453027 6.0249028 0.79542249
-1.7922655 5.9905024 0.79635572
-2.1116893 5.9895234 0.80883801
-2.276787 5.9927311 0.8164534
-2.4825194 6.0877299 0.83731335
-2.6570215 6.0911222 0.8463496
-9.3394041 20.074316 2.8197985
-10.525098 20.035236 2.8823376
-11.205967 20.136028 2.9348845
-11.86377 20.157776 2.9789116
-12.541992 20.180201 3.0260651
-13.19002 20.123343 3.0643725
-13.967129 20.227316 3.1306133
-16.24457 20.224333 3.3037591
-16.694521 19.787334 3.2972178
-18.495087 19.890024 3.4591081
-16.632616 -6.7301636 2.2851601
-16.12121 -6.9803843 2.2373865
-16.433964 -7.5916409 2.3055441
-14.670468 -9.0626736 2.1961768
-7.6565819 -8.1849031 1.4274232
-19.313896 -21.671658 3.6971178
-18.408651 -21.687265 3.6229498
-17.538506 -21.702267 3.5537224
-15.897187 -21.737635 3.4298277
-12.912148 -21.790009 3.2258019
-12.21873 -21.802412 3.1830683
-11.543017 -21.814495 3.1432531
-10.237109 -21.833208 3.071142
-9.6072559 -21.845896 3.0394366
-8.9899025 -21.858328 3.0101111
-6.0553026 -21.915712 2.8957469
-5.4924216 -21.925928 2.8787463
-4.9358301 -21.936028 2.8636034
-4.384531 -21.945015 2.8501379
-3.2961426 -21.965054 2.8287737
-2.7573924 -21.974968 2.8206623
-1.6875879 -21.99465 2.809453
-1.1559863 -22.0182 2.8080821
0.34607422 -7.8522582 1.0010277
0.77743161 -8.3995333 1.0743302
0.97258788 -8.3165407 1.0664052
1.2178613 -8.6082392 1.1072547
1.358418 -8.1747608 1.055406
1.69125 -7.822926 1.0193385
2.1634471 -8.9553299 1.1733531
6.4976072 -22.154167 2.9403856
7.0859861 -22.165817 2.9637609
7.6837206 -22.176447 2.9891021
8.2920895 -22.187031 3.0166223
9.5448532 -22.20883 3.0786626
10.191524 -22.220078 3.1134038
10.858242 -22.241646 3.1522198
11.537119 -22.25388 3.1924822
13.68792 -22.292654 3.3316612
14.452031 -22.311604 3.3856194
15.237998 -22.325659 3.442544
16.894325 -22.355085 3.5687103
18.682383 -22.388496 3.7137237
8.5059566 -8.3960247 1.5222148
17.066103 -9.6252279 2.4953825
17.544199 -9.3443661 2.5315843
17.644463 -8.3315067 2.485106
18.362196 -7.6102786 2.5314913
26.646025 -8.8458929 3.5757658
13.415966 10.081809 2.1373241
15.072421 11.906164 2.4462712
14.144893 11.738521 2.3410203
12.838759 11.745185 2.2161326
11.176514 11.261655 2.0207167
10.551924 11.711667 2.0076995
10.079599 11.745197 1.97118
9.1329689 11.743892 1.8947438
9.4357519 12.756687 2.0208268
9.2205563 13.11612 2.0419261
14.734404 22.072651 3.3799517
13.992236 22.097189 3.331043
3.5275683 5.880125 0.87330824
3.339453 5.8837686 0.86163223
3.1561816 5.8873186 0.85075146
2.9785547 5.8930888 0.84095442
2.3324218 5.9870901 0.81832653
2.007705 5.9933829 0.80499798
1.8490918 5.9964581 0.79918593
1.5382227 6.0024848 0.78916943
1.385498 6.005445 0.78493541
1.0845116 6.0112824 0.77794725
0.78814453 6.0170307 0.77286571
0.64123046 6.0198808 0.77102005
0.49494138 6.0227189 0.76963025
0.3490918 6.0255499 0.76869065
0.20351562 6.0283732 0.76820111
-0.087509766 6.0340214 0.76856428
-0.37948242 6.0396891 0.77072185
-0.67381835 6.0454035 0.77470106
-1.2751758 6.0570831 0.7883302
-1.585332 6.0631084 0.79814744
-1.8775781 5.9849734 0.7988658
-2.0384862 5.988101 0.80561477
-2.4053125 6.0862284 0.83346999
-2.5781543 6.0895877 0.84220409
-9.671113 20.085283 2.8391333
-10.285585 20.105595 2.8762517
-11.565771 20.147924 2.9587517
-12.234629 20.170036 3.0044768
-12.873662 20.112883 3.0413408
-13.638428 20.216448 3.1058691
-16.703896 20.239519 3.3421953
-16.023369 -7.66186 2.2620206
-15.083574 -8.1285114 2.1822143
-15.683467 -8.9465542 2.2995696
-14.936973 -9.0050678 2.2213266
-19.748272 -21.681288 3.7350578
-18.810839 -21.680328 3.6556365
-16.257011 -21.731392 3.4564452
-13.951865 -21.771393 3.2932825
-10.527051 -21.832663 3.0869219
-8.054863 -21.87715 2.9691081
-7.4647655 -21.889029 2.9454224
-6.3103905 -21.911083 2.9040027
-5.1851854 -21.931501 2.8701818
-2.9990528 -21.97052 2.8240955
-2.4619532 -21.980404 2.8169129
-1.9272461 -21.990244 2.811394
-1.3943163 -22.000046 2.8075261
0.069677733 -7.6744289 0.97744823
0.26304686 -7.9193444 1.0091569
0.4728418 -8.2388916 1.0510243
0.68156248 -8.3489342 1.0668498
1.1180859 -8.571991 1.1009697
1.4523437 -8.0751972 1.0449531
2.0514355 -8.9138966 1.1649418
5.6603513 -22.137585 2.9101269
6.2361522 -22.148989 2.9305542
7.4141598 -22.172314 2.9775226
8.0173826 -22.182253 3.0039799
8.6319923 -22.192945 3.0327501
9.2588768 -22.203852 3.0638764
12.625908 -22.273508 3.2608006
13.353721 -22.286629 3.308933
14.107245 -22.305439 3.3612852
15.682353 -22.333603 3.4755876
17.104042 -8.8202772 2.4509482
18.297812 -8.3445883 2.561286
14.202637 10.971169 2.2856667
14.20084 11.527349 2.3294675
13.434628 11.453881 2.2484581
12.667304 11.901272 2.2136354
11.863134 11.697126 2.1218059
10.480752 11.382102 1.9705641
10.470312 11.936198 2.0221663
9.7449799 11.665324 1.9358782
9.1963568 11.564499 1.881775
15.075136 22.061388 3.4030559
14.323056 22.086252 3.352603
13.592529 22.110403 3.3055217
3.4233496 5.882144 0.86677778
2.746289 5.9790702 0.83797044
2.5749218 5.9823904 0.82948685
2.4069042 5.9856477 0.82164598
2.2419336 5.9888434 0.81442273
1.7626953 5.9981327 0.7962172
1.6073925 6.001143 0.79123765
1.1516796 6.0099812 0.77934796
0.85440427 6.0157461 0.77384502
0.70715821 6.0186014 0.77179211
0.41458008 6.0242767 0.76905715
0.12339844 6.0299287 0.76812267
-0.16775391 6.0355792 0.76897871
-0.31373045 6.0384135 0.77008009
-0.6074121 6.0441155 0.77364606
-0.75543946 6.046988 0.77612138
-0.90450191 6.0498819 0.77906781
-1.2065039 6.0557489 0.78640854
-1.6508985 5.9877543 0.79104751
-1.8083398 5.9908147 0.79698288
-1.9658691 5.9866886 0.80251145
-2.1282811 5.9898453 0.80958176
-2.6749315 6.0914702 0.84730512
-11.271748 20.138203 2.9392083
-13.262051 20.125725 3.0696599
-16.32836 20.227102 3.3107245
-16.77997 19.790157 3.304517
-17.643311 19.818701 3.3793793
-15.953916 -7.4172897 2.2407367
-15.534912 -8.1556911 2.2345955
-14.737704 -8.1965933 2.1477418
-14.611201 -9.0755005 2.1906197
-7.6419044 -8.2093573 1.4284233
-18.318935 -21.68881 3.6157134
-16.617266 -21.718151 3.4828038
-15.816738 -21.739031 3.4239354
-14.283349 -21.765642 3.3156414
-10.172626 -21.834507 3.067816
-9.5441113 -21.847164 3.0363555
-8.9279881 -21.859571 3.0072668
-7.1438961 -21.895956 2.9333196
-5.9979196 -21.916756 2.8939362
-4.8796973 -21.937046 2.8621686
-3.7831445 -21.956089 2.8375163
-2.7029588 -21.975969 2.8199341
-2.1672168 -21.985826 2.8136675
-1.6335645 -21.995644 2.8090601
-0.038779296 -22.041172 2.8071496
0.17540039 -7.840941 0.99886429
0.36588866 -7.8645062 1.0026997
0.81194335 -8.5447836 1.0931578
1.2405273 -8.6164846 1.1087019
1.3758496 -8.1562729 1.053452
1.5445117 -7.9777598 1.0349083
7.7448926 -22.177509 2.9917932
8.9756641 -22.198925 3.0495946
9.6097851 -22.209957 3.0820704
13.024082 -22.280685 3.2868962
14.530546 -22.313007 3.3912163
16.13541 -22.341705 3.509903
16.98164 -22.356716 3.5755889
17.861319 -22.373152 3.6460834
17.113935 -9.5971155 2.4989412
18.013731 -8.9884634 2.5639629
17.578417 -8.2478018 2.4729559
18.321943 -8.0632906 2.5494411
15.071982 11.965803 2.4509404
13.496161 11.256013 2.2382047
13.358173 11.69871 2.2614787
10.729707 10.864472 1.9447346
9.8072653 10.421694 1.822588
10.50082 11.712453 2.0034223
9.4522362 11.625368 1.9082381
9.4141302 12.792783 2.0228903
13.918183 22.099636 3.3262713
3.5082617 5.8804984 0.87208724
3.3206639 5.8841314 0.86049145
2.9616406 5.8953972 0.84024733
2.8244433 5.9775567 0.84199935
1.9915136 5.9936967 0.8043834
1.8331542 5.996767 0.79862624
1.3701074 6.0057449 0.7845332
0.92083007 6.0144572 0.77491802
0.043271482 6.0314851 0.76818007
-0.10228515 6.034307 0.7686305
-0.24808593 6.037138 0.76952893
-0.54118162 6.0428276 0.772686
-0.68881834 6.0456948 0.77495193
-0.83739257 6.0485806 0.77768475
-1.445039 6.0603824 0.79347825
-1.7373047 5.9894352 0.79424667
-2.0549512 5.988421 0.80633098
-2.4226756 6.0865664 0.83432567
-2.5958886 6.0899343 0.84312791
-9.7326946 20.087318 2.8427794
-10.938115 20.048889 2.9087048
-11.632675 20.150137 2.9632459
-13.712158 20.218889 3.1113865
-14.453731 20.243402 3.1679051
-15.223212 20.268845 3.2284257
-15.925088 20.171062 3.2730901
-15.863115 -6.7110753 2.1936688
-16.47418 -7.4430652 2.3023384
14.029668 -22.30337 2.7543969
15.599423 -22.331411 2.8475695
17.283554 -22.362026 2.9544439
18.175381 -22.378683 3.0137134
17.574785 -9.6625223 2.096539
18.090586 -8.8379536 2.1047113
17.865889 -8.2004356 2.0549498
19.180986 -8.2498713 2.182682
14.371611 10.504141 1.8608427
13.912119 11.236638 1.8694218
13.237617 11.230139 1.8146712
11.323438 11.110532 1.6583366
11.339492 11.676331 1.7014518
9.8063374 10.597575 1.5093385
4.9851074 5.9379349 0.81046611
4.7493458 5.9425006 0.7952168
4.5221677 5.9468999 0.78097701
4.0907617 5.9552569 0.75525373
3.0764649 5.8910956 0.69474
2.9391992 5.9752374 0.69609678
2.7638085 5.9786367 0.68852341
2.4237499 5.9852276 0.67501754
2.2584863 5.9884305 0.66903776
1.6230273 6.000751 0.6498248
1.3173828 6.0066791 0.6428296
1.1668359 6.0095978 0.63994169
1.0175586 6.0124931 0.63745022
0.86935544 6.015368 0.63534653
0.72203124 6.0182266 0.63362366
0.42936522 6.0239043 0.63130403
0.28366211 6.0267315 0.63069886
-0.29891601 6.0380387 0.63195539
-0.59244138 6.0437369 0.63480771
-1.4991211 6.0613432 0.65271211
-1.6452929 6.0248857 0.65287095
-1.7922363 5.9904118 0.65363127
-2.11166 5.9894319 0.6638757
-2.2767479 5.9926395 0.6701268
-3.0180762 6.0980439 0.71125686
-3.5955663 6.1092706 0.74102569
-3.7993553 6.1132317 0.75240797
-4.0096288 6.1173196 0.7645964
-4.226953 6.1215458 0.77764601
-4.9278612 6.1351762 0.82260418
-15.944716 -6.903955 1.8163193
-16.304823 -7.5319901 1.8774952
-15.660654 -8.6598463 1.8707066
-7.6560059 -8.1842747 1.1715077
-14.358457 -21.763926 2.7256083
-13.624512 -21.776669 2.6852546
-12.912177 -21.790049 2.6477137
-9.6076365 -21.846777 2.4948409
-8.9902639 -21.859203 2.4707637
-8.384326 -21.871393 2.4485657
-2.7574804 -21.975639 2.3152411
-1.6876367 -21.995319 2.30604
-1.155957 -22.01763 2.3047843
0.55624998 -8.1473398 0.85366559
0.98621094 -8.4329958 0.88755143
1.1683692 -8.2584066 0.87188977
1.3420312 -8.0762091 0.85582322
1.5096093 -7.9009409 0.84086531
1.8937402 -8.7595139 0.93683118
5.3466697 -22.131809 2.380106
5.9182029 -22.143131 2.3959825
7.0861325 -22.166264 2.4326754
7.6838083 -22.176691 2.4534504
9.544961 -22.209082 2.5269623
10.191641 -22.220337 2.5554771
10.858095 -22.241289 2.587265
12.23376 -22.266073 2.6557758
12.950108 -22.278982 2.6938019
13.687685 -22.292274 2.7345374
15.23751 -22.324945 2.8255138
18.682089 -22.388149 3.0481427
17.406357 -8.7386322 2.0360074
18.017832 -8.507803 2.0829124
19.367266 -8.0268373 2.1915538
14.314746 10.757215 1.8718177
13.278359 10.488972 1.768878
12.901923 10.707009 1.7526389
11.316768 10.865751 1.640012
11.33207 11.418398 1.6816688
5.0940332 5.9358258 0.81766737
4.8541698 5.9404702 0.80193889
4.6232224 5.944943 0.78725445
4.4004688 5.9492583 0.7735402
3.976836 5.9574637 0.74876618
3.7748046 5.9613776 0.73759609
2.9784961 5.8929949 0.69023681
2.3323827 5.9869976 0.67166334
2.1686816 5.9901724 0.66595441
2.0076659 5.9932938 0.66072416
1.6926659 5.9994011 0.65162796
1.5381933 6.0023956 0.64773238
1.2343163 6.0082889 0.64118987
0.93583006 6.0140786 0.63624436
0.78813475 6.0169449 0.63435131
0.49493164 6.0226321 0.63169521
0.3490918 6.0254617 0.63092542
0.20350586 6.0282879 0.63052309
0.058027342 6.0311103 0.6304881
-0.23329102 6.0367646 0.63152128
-0.37948242 6.0396028 0.63259202
-0.52625978 6.0424519 0.63403624
-1.2751465 6.056994 0.64704436
-1.4292773 6.0599871 0.65085888
-1.8775586 5.9848847 0.65569091
-2.0384471 5.9880095 0.66122955
-2.4052734 6.0861344 0.68409389
-2.7547264 6.0929241 0.69899368
-2.9354296 6.0964384 0.70731705
-3.1206348 6.1000385 0.71626186
-3.7070215 6.1114359 0.74719697
-4.1283884 6.1196294 0.77167249
-4.8177052 6.1330352 0.81526715
-5.0656152 6.1378555 0.83191234
-16.52417 -6.9431334 1.8736396
-15.824141 -8.0412331 1.8555031
-16.306181 -8.7873726 1.9363209
-19.74826 -21.681284 3.0657005
-17.073154 -21.710117 2.8871765
-14.695546 -21.75807 2.7446642
-13.951611 -21.77099 2.7030413
-13.229941 -21.784367 2.6642914
-11.844522 -21.809143 2.5943482
-11.178007 -21.821062 2.5629332
-9.8890524 -21.841112 2.5062873
-6.8838282 -21.901035 2.3998532
-6.3104978 -21.911438 2.3836131
-5.7445993 -21.921703 2.3689623
-5.1852732 -21.93185 2.3558524
-4.6317868 -21.941891 2.3442473
-4.0833201 -21.951241 2.3340397
-3.5393553 -21.961252 2.3253453
-2.9991503 -21.971191 2.318059
-1.3943554 -22.000715 2.30446
-0.86304688 -22.023651 2.3040123
0.25857422 -7.7846007 0.81421125
0.67515624 -8.2703476 0.86741745
0.87817383 -8.2867928 0.87111038
1.2647949 -8.1572094 0.86290359
1.4350293 -7.9788742 0.84745407
1.7866309 -8.7206764 0.93055099
2.0270507 -8.8079281 0.94480604
5.660459 -22.138027 2.3886509
6.2362595 -22.149433 2.4054155
6.8205762 -22.161005 2.4238396
9.2589846 -22.204103 2.5148289
9.8992672 -22.215246 2.5424018
10.554179 -22.226643 2.5721045
11.229795 -22.247986 2.6051769
11.91832 -22.260389 2.6395323
12.625693 -22.273136 2.6763892
13.353496 -22.286251 2.7158916
15.681855 -22.332886 2.8526361
16.5112 -22.347704 2.9045441
17.372334 -22.363684 2.9602654
18.267832 -22.380409 3.0199535
17.115194 -9.3554049 2.0389793
19.215176 -8.2089319 2.1842804
14.058574 9.8149757 1.792335
14.604111 10.728952 1.8943367
14.839521 11.463163 1.9601856
13.31663 11.353289 1.8293022
13.156601 12.360976 1.8871095
10.455069 10.818464 1.5727131
9.9506149 10.806376 1.5356059
4.9608006 5.938405 0.80887222
4.7259374 5.9429545 0.79372966
4.0696387 5.9556646 0.75404054
3.666074 5.9634819 0.73176605
3.423291 5.8820462 0.71142775
3.2378905 5.8856401 0.70220929
3.0583496 5.891448 0.69389659
2.7462499 5.9789777 0.68778729
2.5748827 5.9822979 0.68082261
2.4068553 5.9855561 0.67438871
1.9200586 5.9949908 0.65804029
1.7626758 5.9980426 0.65351701
1.607373 6.0010552 0.6494301
1.1516699 6.0098929 0.63967144
1.0024902 6.0127859 0.63721937
-0.022099609 6.0326653 0.63062561
-0.16774413 6.0354924 0.63116086
-0.31373045 6.0383258 0.63206434
-0.46023437 6.0411711 0.6333409
-0.90448242 6.0497956 0.63944042
-1.2064843 6.0556598 0.64546704
-1.3597949 6.0586381 0.64909285
-1.5149511 6.0616508 0.65314132
-1.9658397 5.9865971 0.65868223
-2.1282518 5.9897537 0.66448653
-2.3287499 6.0846477 0.68104905
-2.6748924 6.0913739 0.69544876
-2.8537207 6.0948491 0.70350188
-3.4175196 6.1058097 0.73144698
-4.0313282 6.1177411 0.76587903
-4.2494044 6.1219831 0.779019
-4.7095017 6.1309295 0.80815351
-4.9529881 6.1356659 0.82429123
-16.004023 -6.9761744 1.8250139
-16.300566 -7.5784545 1.8791341
-16.25503 -8.0396891 1.8956959
-15.258691 -8.0106773 1.8015171
-15.041592 -8.847312 1.8242005
-7.6412792 -8.2086859 1.1723405
-19.220303 -21.673086 3.0281651
-17.451992 -21.703581 2.9112926
-16.617157 -21.717981 2.8585765
-12.149453 -21.803692 2.6092126
-10.817705 -21.827507 2.5465865
-10.173047 -21.835398 2.5181339
-8.92834 -21.860449 2.4684305
-8.3235254 -21.872616 2.4464138
-7.1440134 -21.896313 2.4076767
-5.9980078 -21.917107 2.3753495
-3.7832615 -21.956762 2.3290749
-3.2414746 -21.966732 2.3211594
-2.1672754 -21.986498 2.3095021
-1.1020215 -22.018738 2.3046119
-0.57032228 -22.029671 2.3036449
-0.038779296 -22.040602 2.3040202
0.49331054 -22.051544 2.305738
0.57875001 -8.1823244 0.85747755
1.1862695 -8.2396107 0.87020916
1.359287 -8.0581245 0.85425705
1.9181151 -8.7683592 0.93827647
5.4042382 -22.132948 2.3816416
5.9765916 -22.144287 2.397682
6.556982 -22.155787 2.4153533
7.7449899 -22.177759 2.4556587
8.3545017 -22.188366 2.4784334
8.975771 -22.199177 2.5031018
10.258027 -22.221489 2.5584898
10.926123 -22.242514 2.5905113
11.606768 -22.254774 2.6237969
13.023867 -22.280312 2.697804
13.766846 -22.298674 2.73945
16.981377 -22.35638 2.9347649
17.861044 -22.372812 2.9926238
8.5183296 -8.3672113 1.2481923
17.548925 -8.7565336 2.0501723
14.192197 9.6811867 1.7958851
13.895264 9.9781361 1.7882563
13.415254 10.650505 1.7905803
11.333711 11.476059 1.6860744
4.6002731 5.9453874 0.78582138
4.3783107 5.9496856 0.77220136
4.1637597 5.9538422 0.75947982
3.5082128 5.8804021 0.71578872
2.9616504 5.8954167 0.68966997
2.8244042 5.9774628 0.69109374
2.152246 5.9904914 0.66540223
1.8331152 5.9966779 0.65549451
1.0693749 6.0114884 0.63827312
0.9208203 6.0143695 0.63603514
0.48013672 6.0229192 0.6316005
-0.24808593 6.0370502 0.63161284
-0.39433593 6.0398908 0.63272154
-0.54118162 6.0427408 0.63420349
-0.83737302 6.0484915 0.63830715
-0.98708981 6.0513992 0.64094055
-1.7372851 5.9893451 0.65190077
-1.89375 5.985198 0.65623134
-2.0549219 5.9883294 0.66181791
-2.5958397 6.0898371 0.69201994
-2.7728417 6.0932779 0.69980955
-2.953994 6.0967984 0.70819408
-3.1396582 6.1004081 0.71720517
-3.330205 6.1041117 0.72687542
-3.5260742 6.1079178 0.73724651
-4.1505079 6.120059 0.773004
-4.6031446 6.1288614 0.80125564
-4.8423924 6.1335135 0.81690168
-5.0913181 6.1383562 0.83366591
-16.517303 -6.9878435 1.8747959
15.598935 -22.330698 2.228682
18.175117 -22.378342 2.358757
19.103964 -22.395685 2.4084687
17.329092 -8.9900494 1.597278
18.174433 -8.8789167 1.6549659
18.124159 -8.3189821 1.6316361
19.119335 -8.2233543 1.7028663
8.7674408 5.780756 0.85922498
8.0429592 5.8785954 0.81509537
7.6583104 5.886044 0.79027665
6.3233008 5.9119 0.70825559
6.0309277 5.9175639 0.69129896
5.75207 5.9229655 0.67551923
5.2301364 5.9330778 0.64711577
4.9850097 5.9378252 0.6343298
4.5220799 5.946795 0.61124969
4.0906935 5.9551544 0.59111768
3.8852344 5.9591351 0.58203703
3.6858983 5.9629984 0.5735603
3.4423046 5.8815799 0.55757689
3.2564158 5.8851838 0.55030942
2.2584472 5.9883404 0.52363861
1.6230078 6.0006623 0.50860274
1.4693652 6.003643 0.50570297
1.1668261 6.009511 0.50086701
0.86934566 6.0152812 0.4972702
0.42936522 6.0238175 0.49410596
0.13814452 6.0294695 0.4934465
-0.15296875 6.0351191 0.49393812
-0.4453418 6.0407939 0.49558577
-0.59244138 6.0436492 0.49684829
-0.74036133 6.0465217 0.4984082
-1.0394629 6.0523286 0.50243771
-1.1910156 6.0552702 0.50492126
-1.3441503 6.0582452 0.50772625
-1.4991015 6.061254 0.51086152
-2.1116211 5.9893403 0.51959932
-2.2767186 5.992547 0.52449113
-2.4824512 6.0875406 0.53789091
-3.0180175 6.0979462 0.55668211
-3.2053223 6.1015849 0.56391174
-3.5954981 6.1091681 0.5799818
-4.0095506 6.1172137 0.59842879
-4.2268653 6.1214371 0.6086421
-4.4518847 6.1258111 0.61957794
-4.9277735 6.1350627 0.64382935
-6.007617 6.1560564 0.70377105
-6.3106446 6.1619477 0.72164184
-6.8885059 6.1056852 0.75313079
-7.200254 6.0782828 0.77095777
-7.6789551 6.1714005 0.80603224
-16.143799 -7.4576073 1.4549779
-16.225195 -7.9756012 1.4792286
-16.237129 -8.4737568 1.4985185
-15.44748 -8.5419712 1.4442472
-18.408369 -21.686909 2.3274238
-17.538212 -21.701918 2.282953
-16.700274 -21.716372 2.2414148
-15.114951 -21.75037 2.1670868
-14.358203 -21.763517 2.1332593
-12.912207 -21.790091 2.0723321
-12.21876 -21.80249 2.0448775
-11.543047 -21.814575 2.0192986
-10.237939 -21.834988 1.9731278
-9.6080275 -21.847656 1.9527571
-8.3846579 -21.872257 1.9165361
-7.2030663 -21.895597 1.8859076
-4.935986 -21.93672 1.8396964
-4.3848047 -21.946363 1.8311027
-3.8385351 -21.956417 1.8236815
-2.7575586 -21.976305 1.8121601
-1.6876855 -21.995985 1.8049626
-1.155918 -22.017063 1.8038771
-0.092656247 -22.038925 1.803202
0.43932617 -22.049866 1.8044423
0.97579098 -8.3439674 0.68734115
1.3261328 -7.9804854 0.66190135
1.8717773 -8.6579351 0.72474211
5.3467674 -22.132244 1.862913
7.6838965 -22.176937 1.9203062
8.2922659 -22.187529 1.9379845
10.191768 -22.220591 2.00016
11.536748 -22.253159 2.0508506
14.451142 -22.310209 2.1748567
16.893837 -22.354422 2.2925479
17.77001 -22.370779 2.3375173
18.681807 -22.387802 2.385704
19.632559 -22.405554 2.4373593
18.146465 -8.5685472 1.6419078
18.946123 -8.3933687 1.6954429
26.642675 -8.8447809 2.2967927
8.2054195 5.8619537 0.82507062
6.7738671 5.903173 0.73514694
6.1605368 5.9150529 0.69876587
5.3435545 5.9308796 0.65315503
4.8540721 5.9403629 0.6276567
4.4004002 5.9491534 0.60543031
4.1851368 5.9533243 0.59540325
3.9767578 5.9573627 0.58604079
3.5274608 5.879931 0.56101197
3.3393457 5.8835759 0.5535115
3.1560838 5.8871293 0.5465228
2.978457 5.8929009 0.5402295
2.8420994 5.9770246 0.54149795
2.6687694 5.9803848 0.53581208
2.3323438 5.986907 0.52569366
2.1686523 5.9900823 0.52122605
1.6926367 5.9993134 0.51001263
1.5381836 6.0023074 0.50696504
1.3854589 6.0052705 0.50424498
1.2343066 6.0082026 0.50184435
1.0844824 6.0111089 0.49975571
0.64121091 6.0197077 0.49530485
0.34908202 6.0253763 0.49380934
0.058027342 6.0310245 0.49346709
-0.087509766 6.0338492 0.49372771
-0.67378902 6.0452299 0.49767011
-0.82225585 6.0481119 0.49939573
-0.97184569 6.0510163 0.5014261
-1.1227343 6.053946 0.50376552
-1.2751269 6.0569048 0.50642484
-1.5852929 6.0629263 0.51273251
-1.721289 5.988946 0.50984025
-1.8775195 5.9847941 0.51319337
-2.754668 6.0928288 0.54708433
-2.9353807 6.0963407 0.55359864
-3.706953 6.1113334 0.58481109
-4.1283298 6.119523 0.60396791
-4.3497949 6.1238275 0.61457258
-4.5793161 6.1282892 0.6259259
-4.8176169 6.1329203 0.63808656
-5.0655079 6.1377397 0.65111572
-5.3239255 6.1427641 0.66508329
-6.1725879 6.1592631 0.71344787
-6.8127732 6.1717119 0.75212049
-8.3128414 6.1837287 0.84768385
-25.160673 16.027763 2.440799
-16.129511 -7.7126207 1.4627959
-15.140996 -8.6371059 1.426194
-19.74826 -21.681282 2.3994832
-16.256376 -21.730543 2.2204063
-15.462919 -21.744328 2.1830606
-12.528017 -21.796961 2.0569727
-11.844541 -21.809181 2.0305648
-11.178027 -21.8211 2.0059793
-10.52709 -21.832741 1.9831175
-9.8894529 -21.841997 1.9617195
-8.0554876 -21.878874 1.9075702
-7.4653416 -21.890739 1.8923408
-6.8839355 -21.901388 1.8783656
-4.631875 -21.942238 1.8348433
-2.4620996 -21.981743 1.8097569
-0.86301756 -22.023083 1.8032707
-0.33148438 -22.034016 1.802989
0.45336914 -7.8996277 0.64739609
0.67174804 -8.2285814 0.67548782
0.877832 -8.2835913 0.68154389
1.4181933 -7.885283 0.65551174
5.6605663 -22.138464 1.8696018
6.2363963 -22.149872 1.8827269
6.8207226 -22.161449 1.8971465
7.4144726 -22.173212 1.9129112
8.6321774 -22.193445 1.9483479
13.353271 -22.285879 2.1256659
14.880703 -22.317879 2.1946869
16.510683 -22.346977 2.2732844
18.267559 -22.380068 2.3636415
18.43961 -10.079348 1.7193769
17.377235 -8.9611568 1.5996913
18.795467 -8.5715418 1.6901768
7.6206346 5.8867741 0.78786999
6.9206543 5.9003315 0.74408966
6.2930174 5.912487 0.70647979
5.7245016 5.9235001 0.67398179
5.4591112 5.9286394 0.65938765
4.7258592 5.9428473 0.62122983
3.4232323 5.8819513 0.55681837
3.0583007 5.8913531 0.54309583
2.5748436 5.9822063 0.53286344
2.406826 5.9854631 0.52782726
2.2418554 5.9886613 0.52318585
1.9200195 5.9949026 0.51503235
1.7626464 5.9979544 0.51149124
1.453877 6.003942 0.50542694
1.1516503 6.0098052 0.50065625
1.0024804 6.0126996 0.49873656
0.854375 6.015573 0.49711975
0.70712888 6.0184283 0.49580199
0.4145703 6.0241055 0.49404478
0.12338867 6.0297551 0.49344465
-0.16774413 6.0354071 0.49399459
-0.31373045 6.038239 0.49470183
-0.60738277 6.0439396 0.49699265
-0.90448242 6.0497074 0.50047487
-1.0547558 6.0526252 0.50267547
-1.3597753 6.058548 0.50802869
-1.5149218 6.0615616 0.51119781
-1.6508594 5.9875774 0.50817001
-1.8082812 5.9906354 0.51198345
-2.4999707 6.0878816 0.5384587
-3.22458 6.1019583 0.56467223
-4.03125 6.1176362 0.59943283
-4.9529004 6.135551 0.64515001
-5.2064548 6.1404791 0.65868574
-5.7476854 6.1510038 0.68878293
-6.0376658 6.1566401 0.70552456
-6.342236 6.1625614 0.72352767
-6.6629586 6.168798 0.74292034
-7.7185154 6.1721697 0.80859756
-17.468885 -7.1182995 1.5433785
-17.244854 -7.5170474 1.5391628
-16.232422 -8.0285053 1.481674
-16.077559 -8.4405766 1.4856929
-7.6406541 -8.2080231 0.91749954
-18.318642 -21.688454 2.3227777
-17.451855 -21.703405 2.27861
-16.617002 -21.717808 2.2373312
-14.282842 -21.764826 2.1299584
-13.551054 -21.77754 2.0985923
-12.149482 -21.803728 2.0421999
-11.475508 -21.815781 2.0168068
-10.817734 -21.827543 1.9931859
-10.173457 -21.836285 1.9709892
-8.9286909 -21.861319 1.9320881
-7.7293162 -21.885433 1.8990122
-7.1441212 -21.896667 1.8844917
-5.9981151 -21.917458 1.8591856
-4.8798532 -21.937738 1.8387752
-4.3292089 -21.947388 1.8302964
-3.2415721 -21.967402 1.8167957
-2.1673338 -21.987165 1.8076711
-1.1020019 -22.018171 1.8037443
0.49329099 -22.050976 1.804626
0.99419922 -8.324851 0.68596435
1.1719629 -8.1402903 0.67289078
1.89583 -8.6665249 0.72584808
5.9766989 -22.144728 1.8766712
6.5571094 -22.156227 1.8905052
8.3546095 -22.188612 1.9398576
10.925957 -22.242157 2.0275261
13.023662 -22.279942 2.1115034
14.529638 -22.311611 2.1784511
15.318233 -22.325686 2.2152741
16.134375 -22.340258 2.2546871
17.86079 -22.372475 2.3422546
18.776348 -22.38957 2.3907809
17.492645 -9.2620373 1.6194594
18.141396 -8.5119553 1.6395615
18.985409 -8.355279 1.6971263
8.182539 5.8758926 0.82421249
7.789453 5.8835025 0.79868358
6.7412205 5.9038067 0.73316878
6.1310449 5.9156241 0.69705898
5.8476367 5.9211149 0.68088329
5.5769334 5.9263577 0.66581804
5.3177633 5.9313788 0.65177488
4.6002049 5.945281 0.61504042
4.1637011 5.9537396 0.59442317
3.955996 5.9577656 0.58512634
3.5081444 5.8803058 0.56022859
3.1377442 5.8874846 0.54584241
2.9616504 5.8954253 0.53979796
2.6514063 5.980722 0.53526074
2.4819238 5.9840078 0.53004044
2.1522167 5.9904008 0.52079421
1.6768945 5.9996171 0.50968808
1.2190527 6.0084977 0.50161755
1.0693555 6.0114007 0.49956116
0.92080075 6.0142827 0.49780914
0.77317381 6.0171475 0.49635756
0.48012695 6.0228338 0.49433762
0.18875 6.0284882 0.49347898
0.04328125 6.0313115 0.49348143
-0.10228515 6.0341349 0.49377045
-0.54116207 6.0426545 0.49637604
-0.68879879 6.0455203 0.49783096
-0.98708004 6.0513115 0.50164807
-1.1381249 6.0542436 0.50402236
-1.2906739 6.0572062 0.50671279
-1.4449902 6.0602045 0.50973266
-1.8937206 5.9851079 0.51361614
-2.0548925 5.9882388 0.51798886
-2.2189257 5.991425 0.52274352
-2.5958006 6.0897417 0.54162639
-2.7728026 6.0931816 0.54772353
-3.1396093 6.1003079 0.56133771
-3.5260155 6.1078167 0.57702345
-3.7276757 6.1117363 0.58572036
-3.9356151 6.115778 0.59503496
-4.1504393 6.1199527 0.60501081
-4.3726854 6.1242719 0.61568755
-4.6030564 6.1287503 0.62712139
-5.0912108 6.1382389 0.65248746
-5.3507323 6.1432853 0.6665535
-5.6218262 6.1485562 0.68164581
-7.0760446 6.0758672 0.76309645
-7.9377537 6.176435 0.82289809
-17.348602 -7.3395247 1.5412309
-15.936328 -7.2000632 1.4307841
14.028798 -22.301992 1.5593703
14.800556 -22.315756 1.5848414
16.424686 -22.344727 1.6413059
17.283037 -22.361359 1.6726774
17.392647 -9.0230236 1.159662
18.115917 -8.8503265 1.1933006
18.486816 -8.4854355 1.2038912
18.925653 -8.1400537 1.2193257
13.808701 5.6748381 0.88358992
13.450928 5.9109759 0.86956924
10.993252 5.813189 0.73600125
10.399902 5.8246856 0.70547837
9.3480959 5.8450627 0.6525166
8.0427732 5.8784575 0.58960265
7.2960153 5.8929267 0.55507112
6.9541211 5.8995514 0.53973293
6.3231735 5.9117804 0.51232117
6.0308008 5.9174466 0.50005567
5.7519531 5.9228506 0.48864242
5.4853907 5.9280167 0.47800916
5.2300291 5.9329658 0.46809539
4.7491794 5.9422879 0.45021453
4.5220118 5.946691 0.44215223
3.4422362 5.881485 0.40332839
3.2563672 5.8850884 0.39807388
2.9391015 5.9750495 0.39409897
2.7637305 5.9784513 0.38981199
2.4236815 5.9850445 0.38216552
1.9360644 5.9945011 0.37282822
1.7784765 5.9975576 0.37024122
1.3173437 6.0065045 0.36394209
0.86932617 6.0151944 0.35970566
0.5754199 6.0208988 0.35796797
0.42935547 6.0237322 0.35741714
0.13813476 6.0293841 0.3569403
-0.0073339841 6.0322075 0.35701415
-0.59242189 6.0435624 0.35940063
-0.74036133 6.0464334 0.36052856
-1.1910058 6.0551834 0.36524108
-1.499082 6.0611649 0.3695378
-1.6452832 6.0248356 0.36963791
-1.9494531 5.9861002 0.37259918
-2.4824023 6.0874457 0.38908857
-2.6568944 6.0908356 0.39328873
-3.5954394 6.1090641 0.41953567
-3.7992284 6.1130252 0.42597824
-4.0094919 6.1171098 0.43287826
-4.451787 6.1257024 0.44817626
-5.1801658 6.139854 0.47544128
-5.718945 6.1503239 0.49705687
-7.2000976 6.0781465 0.55768019
-7.6787887 6.1712565 0.58304793
-8.9682226 6.1963201 0.64515179
-11.89542 6.253222 0.79538006
-12.479531 6.1807694 0.82422501
-15.241055 -8.4278221 1.0307677
-7.6548243 -8.1830311 0.66318297
-17.538067 -21.701742 1.6514082
-16.700146 -21.7162 1.6213799
-15.896279 -21.736376 1.5937791
-15.114657 -21.74996 1.5675789
-12.912216 -21.790129 1.4990703
-12.218789 -21.802532 1.4792069
-11.543076 -21.814611 1.4607042
-10.238349 -21.835871 1.427364
-9.608408 -21.848532 1.4126234
-8.9909763 -21.860939 1.3989936
-8.3849802 -21.873117 1.3864182
-6.0555859 -21.916767 1.3457445
-2.2216406 -21.98683 1.3079174
-0.09264648 -22.038361 1.3043513
0.43930662 -22.049301 1.3052455
0.97225583 -22.060261 1.3069011
0.75608397 -8.1689329 0.48554397
0.96396482 -8.2428503 0.49117661
1.1405274 -8.0616713 0.48188049
3.672158 -22.09868 1.3258457
1.6199023 -8.4782486 0.51086193
4.7824998 -22.12149 1.33951
5.3468747 -22.132677 1.3476063
6.4979978 -22.155495 1.3665068
7.0864158 -22.167156 1.3773723
7.6839743 -22.177181 1.3891114
9.5451851 -22.209587 1.4307323
10.857734 -22.240578 1.4647963
11.536552 -22.2528 1.4835014
12.949668 -22.278242 1.5251079
16.049774 -22.338037 1.6279426
17.769726 -22.370441 1.690868
18.681503 -22.387459 1.7257216
19.632246 -22.405205 1.7630888
8.5045404 -8.3946238 0.70727718
18.157831 -9.6712055 1.2175977
17.863544 -8.968153 1.1830107
10.660293 5.8196402 0.71882111
9.5704489 5.8407559 0.66357881
9.0854788 5.850153 0.63955384
8.2054291 5.8619623 0.59683269
7.4560938 5.8898249 0.56235915
6.7737207 5.9030485 0.53177291
6.4592872 5.9091411 0.51813078
5.8756542 5.9204535 0.49366972
5.6037107 5.9257231 0.48269498
4.8539939 5.9402542 0.4540199
3.9766893 5.9572611 0.42391646
3.5273924 5.8798347 0.40581542
2.9784081 5.892808 0.39077988
2.8420508 5.9769306 0.39169782
2.4989159 5.9835844 0.38377944
2.0076172 5.9931145 0.37407362
1.3854394 6.0051823 0.36475036
0.78810543 6.0167718 0.3591423
0.49492186 6.02246 0.35763839
0.34908202 6.02529 0.35720214
0.20349608 6.0281143 0.35697463
0.05803711 6.0309381 0.35695541
-0.087509766 6.0337625 0.3571437
-0.23329102 6.0365925 0.35754043
-0.52624023 6.0422783 0.35896376
-0.67378902 6.0451422 0.35999495
-0.82224607 6.0480242 0.36124313
-1.1227245 6.0538578 0.36440459
-1.2751172 6.0568171 0.36632887
-1.4292284 6.0598078 0.36848783
-1.5852636 6.0628376 0.37089035
-2.7546289 6.092731 0.39573866
-2.9353321 6.0962434 0.40045103
-3.1205273 6.0998406 0.40551513
-3.3105469 6.1035318 0.41095215
-3.7068846 6.1112299 0.42302886
-4.128252 6.1194172 0.43688506
-4.3497267 6.1237187 0.4445549
-4.8175192 6.1328092 0.46156538
-5.0654197 6.1376238 0.47098953
-5.876152 6.153378 0.50356996
-6.1724706 6.1591372 0.51607817
-6.8126364 6.1715775 0.54405117
-7.8966308 6.1754899 0.59330583
-10.914804 6.2341595 0.74393523
-17.170313 -7.2146358 1.1022859
-16.069355 -8.1658249 1.0668156
-15.491552 -8.3483648 1.0415242
-19.748251 -21.681276 1.7357328
-18.81036 -21.679792 1.6987638
-17.07287 -21.70977 1.6346177
-14.69499 -21.757256 1.5538951
-13.23 -21.784449 1.5084544
-12.528047 -21.796999 1.4879564
-8.0558205 -21.879734 1.379932
-7.4656348 -21.891588 1.3689164
-6.8840332 -21.901741 1.3587761
-6.3106933 -21.912138 1.3495845
-5.7447753 -21.922401 1.3412864
-3.5395606 -21.962589 1.3166264
-2.4621778 -21.982407 1.3091655
-1.927412 -21.992241 1.3066002
0.20019531 -22.044382 1.304749
0.87749022 -8.2804041 0.49282011
1.2349609 -7.9648666 0.47703323
1.5184667 -8.4428282 0.50770599
1.7460155 -8.5224066 0.5148747
5.6606736 -22.138899 1.3524439
6.2365232 -22.150311 1.3619368
7.414619 -22.173658 1.3837605
8.6322756 -22.193691 1.409394
9.2591896 -22.204607 1.4238597
10.554434 -22.227158 1.4562821
11.229424 -22.247271 1.4749323
13.353046 -22.285505 1.5376173
14.880234 -22.317175 1.5875214
16.510136 -22.346249 1.6443763
18.267275 -22.379728 1.7097623
17.897499 -8.6894903 1.177509
18.964716 -8.1019344 1.2205601
13.451699 5.9505949 0.87055618
12.275605 5.7883463 0.80324996
10.930771 5.8143997 0.73276806
8.7220602 5.781486 0.61932355
8.2817287 5.7819171 0.59778988
8.0026855 5.8792338 0.58771574
7.6204491 5.8866401 0.56990904
6.9204979 5.9002042 0.53824204
6.5985546 5.9064422 0.52413481
6.0019627 5.9180059 0.49886185
5.4590135 5.9285269 0.47697172
4.9606152 5.9381876 0.45794556
4.7257714 5.9427409 0.44937164
4.499414 5.9471283 0.44136474
4.280879 5.951364 0.43388686
3.864707 5.9594331 0.42038116
3.665957 5.963284 0.41429228
3.4231834 5.8818545 0.40277848
3.2377832 5.8854485 0.3975589
3.0582616 5.8912601 0.39285368
2.5748045 5.9821134 0.38545242
1.92 5.9948139 0.37255445
1.7626171 5.9978657 0.36999312
1.4538476 6.0038552 0.36560607
1.3020313 6.0068011 0.36376601
1.002461 6.0126128 0.36076659
0.85435545 6.0154862 0.35959685
0.70712888 6.018343 0.3586438
0.56058592 6.0211859 0.35790282
0.4145703 6.0240178 0.35737273
0.26888672 6.0268464 0.35705137
0.12339844 6.0296698 0.3569383
-0.3137207 6.0381536 0.3578482
-0.4602246 6.040998 0.35857025
-0.60738277 6.0438528 0.35950485
-0.75541013 6.0467267 0.36065522
-1.054746 6.052537 0.36361617
-1.206455 6.0554829 0.36543503
-1.6508203 5.9874883 0.36759064
-2.1281934 5.9895706 0.3762027
-2.6748047 6.0911832 0.39373198
-3.0367382 6.0982132 0.40319487
-3.417412 6.105607 0.41411161
-3.6158299 6.1094623 0.42016935
-4.2492576 6.121767 0.44104508
-4.4750485 6.1261539 0.44900787
-4.9528122 6.1354375 0.46667418
-5.7475781 6.1508818 0.49823576
-6.0375485 6.1565156 0.51034558
-6.6628222 6.1686673 0.5373953
-6.8890624 6.0761771 0.54366165
-7.2367673 6.0788579 0.55936402
-8.1223335 6.1798782 0.60404313
-10.635977 6.2287383 0.72949141
-11.272109 6.2411051 0.76257002
-11.969082 6.2546525 0.79928082
-17.020498 -7.4192533 1.0989006
-16.223261 -7.5425091 1.0588707
-16.289648 -8.0568113 1.0755787
-15.747725 -8.2674017 1.0526613
-15.185283 -8.4455347 1.0283903
-19.21998 -21.672724 1.7144383
-15.81581 -21.737776 1.591042
-11.475527 -21.815821 1.4589049
-10.173867 -21.837168 1.4258168
-9.5452538 -21.849802 1.4111918
-8.9290428 -21.862185 1.3976719
-7.729619 -21.886286 1.3737382
-7.144238 -21.897024 1.3632066
-6.5673437 -21.907484 1.3535987
-5.4360056 -21.928003 1.3370942
-4.8799314 -21.938086 1.3301393
-2.7032127 -21.977974 1.3105671
-1.6337109 -21.997641 1.3055143
-0.57030272 -22.028538 1.3041927
1.0263867 -22.061375 1.3071147
0.55708009 -7.8760123 0.46730605
0.98216796 -8.2241631 0.49020582
1.418291 -8.4078741 0.50464982
1.6429687 -8.4863052 0.51158768
4.8394141 -22.12262 1.340287
5.9768162 -22.145166 1.3575581
7.7451463 -22.178247 1.3903602
8.3547068 -22.18886 1.4032551
8.9759569 -22.199677 1.4172221
10.258262 -22.222002 1.4485786
12.305058 -22.266638 1.5056953
13.023447 -22.279572 1.5273781
13.766006 -22.297304 1.5509089
14.52917 -22.310915 1.5757817
16.133858 -22.339539 1.6309254
16.980869 -22.355721 1.6615342
18.776064 -22.389223 1.7293949
19.730995 -22.407047 1.7670158
17.810947 -8.3569069 1.1644124
13.4483 5.7756448 0.8662349
11.211953 5.8089533 0.74735272
9.519619 5.8417401 0.66104305
9.0382519 5.8510675 0.63723451
8.1823435 5.8757524 0.59619778
7.4195995 5.8905315 0.56069303
7.0709081 5.8972907 0.54493666
6.1309276 5.9155045 0.50422317
5.8475289 5.9209976 0.49252164
5.5768261 5.9262443 0.4816249
5.317656 5.9312677 0.47146696
5.0690918 5.9360857 0.46199325
4.8301954 5.9407172 0.45315
4.6001172 5.9451776 0.44489533
4.3781638 5.9494781 0.43718475
3.320498 5.8838444 0.39985809
3.1376953 5.8873892 0.39483887
2.8243065 5.9772773 0.39126647
2.6513574 5.980629 0.38718644
2.3155761 5.9871416 0.37992615
1.9914258 5.9934282 0.37378737
1.2190331 6.00841 0.36285079
1.0693359 6.0113153 0.3613629
0.92079097 6.0141973 0.36009613
0.77317381 6.0170612 0.35904509
0.62634766 6.0199103 0.35820892
0.33430663 6.0255766 0.3571704
0.18875976 6.0284028 0.35696334
-0.39432615 6.0397172 0.35822022
-0.54116207 6.0425677 0.35905823
-0.83735347 6.048317 0.36138198
-0.98707026 6.0512238 0.36287308
-1.2906641 6.0571184 0.36653656
-1.4449707 6.0601153 0.36872038
-1.8937011 5.9850178 0.37152848
-2.0548534 5.9881473 0.37469238
-2.4225683 6.0862823 0.3877008
-2.7727637 6.0930853 0.39620101
-3.1395702 6.1002107 0.40604949
-3.3301075 6.1039104 0.41152418
-3.5259666 6.1077151 0.41739577
-3.727617 6.1116323 0.42368665
-3.9355567 6.1156731 0.43042496
-4.6029782 6.1286407 0.45363358
-7.0758886 6.0757318 0.55198258
-7.9375682 6.1762872 0.59524655
-8.3563766 6.1844268 0.61528379
-9.286191 6.2025018 0.66092449
-9.8054199 6.2125931 0.68700987
-10.979248 6.2354116 0.74728775
-12.245205 6.1932354 0.81214917
-17.142666 -7.2523947 1.1016475
-16.719618 -7.5539565 1.0858592
14.800107 -22.315058 0.98035473
15.597939 -22.329277 0.99722642
16.42416 -22.344004 1.0152812
17.282784 -22.361025 1.0347062
19.103378 -22.394993 1.0777024
17.888378 -9.2801962 0.73781556
20.412989 5.6340384 0.77530408
14.979033 5.7374797 0.58726591
13.133594 5.7715192 0.52522659
12.350361 5.7867036 0.49934232
11.640322 5.800468 0.47615507
10.39961 5.8245206 0.43639892
9.8532228 5.8351154 0.41925675
9.3478613 5.8449116 0.40363875
8.7670021 5.7804666 0.38447326
8.3236523 5.7809625 0.37103271
8.0425777 5.8783197 0.36471969
6.9539647 5.8994255 0.33387282
6.3230371 5.9116583 0.31691712
6.0306735 5.9173284 0.30932969
5.7518454 5.9227347 0.30226928
5.4852829 5.9279032 0.29569229
5.2299414 5.9328556 0.28955963
4.9848337 5.9376078 0.28383955
3.4421873 5.8813896 0.24949585
3.2563086 5.8849945 0.24624375
3.076328 5.8908148 0.24331191
2.9390624 5.9749565 0.24378616
2.0959277 5.9913101 0.23238738
1.6229491 6.0004864 0.22758208
1.4693164 6.0034685 0.22628525
1.166787 6.0093374 0.22412154
0.72200191 6.0179682 0.22190811
0.57541013 6.0208135 0.22143616
0.4293457 6.0236468 0.22109573
0.28364256 6.026475 0.22088425
0.13814452 6.0292988 0.22080153
-0.00734375 6.0321221 0.22084716
-0.15297851 6.0349479 0.22102112
-0.44533202 6.0406218 0.22175811
-0.74034178 6.0463481 0.22302124
-1.3441211 6.0580668 0.22719085
-1.4990526 6.0610757 0.22859359
-2.482373 6.0873513 0.24068786
-2.6568553 6.0907402 0.24328628
-3.7991698 6.1129217 0.26350722
-4.0094237 6.1170034 0.26777542
-4.2267284 6.1212234 0.2723448
-4.927588 6.1348357 0.2880899
-5.4434667 6.1448541 0.30055222
-6.629375 6.1678886 0.33151686
-6.8884864 6.1056757 0.33700973
-7.1999316 6.0780096 0.34497663
-7.6786032 6.171114 0.36066589
-8.9679976 6.1961603 0.39908081
-9.46206 6.2057586 0.41428483
-15.53665 6.3407927 0.61437589
-16.736923 6.3641129 0.65557677
-21.536533 6.4499445 0.82309645
-15.950371 -7.8405113 0.65071148
-7.6542578 -8.1824074 0.41017759
-19.313251 -21.670933 1.0627751
-18.408047 -21.686554 1.0414549
-16.70001 -21.716032 1.0029701
-15.895967 -21.735958 0.98589641
-12.912246 -21.790169 0.92732829
-11.543096 -21.814653 0.90359849
-8.3853121 -21.873976 0.85767591
-7.7897849 -21.885935 0.85054576
-7.2032809 -21.896305 0.84393293
-6.625576 -21.90678 0.8379283
-5.4927831 -21.927319 0.82760543
-4.9361424 -21.937414 0.82325149
-4.3849998 -21.947405 0.81942427
-3.2965331 -21.967726 0.81328624
-2.2216992 -21.987492 0.80910414
-1.6877929 -21.997311 0.80773234
-1.1558691 -22.015932 0.8071571
-0.62416017 -22.026865 0.80676985
-0.09264648 -22.037794 0.80685222
0.43929687 -22.048735 0.80740553
0.97224605 -22.059694 0.80843306
1.5068749 -22.07069 0.80993116
0.97420895 -8.3303833 0.30707031
5.3469825 -22.133112 0.83364761
5.9185643 -22.144444 0.83920884
7.0865722 -22.167597 0.85206008
8.2924509 -22.188019 0.86722636
10.857549 -22.240225 0.90611404
11.536366 -22.252441 0.91768444
12.233154 -22.264982 0.93010175
14.450224 -22.308823 0.97314346
15.236073 -22.322828 0.98950332
16.049276 -22.33732 1.0070176
17.769463 -22.370108 1.045959
19.631943 -22.404854 1.0906471
8.5040627 -8.3941584 0.43744475
18.565399 -8.2247038 0.74343044
26.639696 -8.8437948 1.0276692
21.249678 5.6178193 0.80472028
19.190556 5.5720329 0.73160917
16.613047 5.7058048 0.643107
15.454433 5.7282634 0.60343385
14.429932 5.7481256 0.56867951
11.951045 5.794445 0.48626769
11.27666 5.8075199 0.46439314
10.65999 5.8194742 0.44465241
10.09331 5.8304596 0.42676041
9.5701952 5.840601 0.41047895
9.0852537 5.8500042 0.39561933
8.5138378 5.7772746 0.37669843
8.2054396 5.861968 0.36920348
7.4559274 5.8896928 0.34786865
6.1602831 5.9148164 0.31266996
5.8755369 5.9203372 0.30537978
5.6036134 5.9256082 0.29859114
5.3433495 5.9306574 0.29226273
4.8538961 5.9401484 0.28085265
4.1849899 5.9531207 0.26642165
3.7746093 5.9610796 0.25831956
3.5273438 5.8797379 0.251035
2.9783592 5.8927155 0.24173324
2.0075781 5.9930243 0.23139861
1.8489941 5.9961004 0.22972792
1.6925781 5.999135 0.2282141
1.3854101 6.0050955 0.22563247
1.0844433 6.0109344 0.22362335
0.93579102 6.0138187 0.22282623
0.34907225 6.0252042 0.22096343
0.20349608 6.028029 0.22082275
-0.087509766 6.0336771 0.22092682
-0.52624023 6.0421929 0.2220526
-1.1227149 6.0537701 0.22541809
-1.4292188 6.0597186 0.22794387
-1.5852441 6.0627484 0.22942993
-2.4051561 6.0858526 0.23958343
-2.5779881 6.0892081 0.24209441
-2.7545898 6.0926361 0.24480148
-2.9352832 6.0961456 0.24771576
-3.5057812 6.1072235 0.25781706
-3.706826 6.1111274 0.26168197
-3.9141014 6.1151519 0.26582184
-4.1281834 6.1193109 0.27025434
-4.3496385 6.1236115 0.27499816
-4.5791407 6.128067 0.28007904
-4.8174415 6.1326957 0.28551939
-5.0653124 6.1375089 0.29134947
-5.3237109 6.1425271 0.29760024
-5.5935645 6.147769 0.30430388
-6.8124804 6.1714458 0.33654374
-7.04 6.0749016 0.34044951
-7.4232516 6.0995011 0.35175568
-7.8964353 6.1753449 0.36701247
-8.3124313 6.1834259 0.37930053
-8.7575684 6.1920733 0.39268249
-9.2354879 6.2013569 0.40728331
-9.7506542 6.2113652 0.42326981
-10.308251 6.2221966 0.44082794
-12.167851 6.1915374 0.4998503
-13.145048 6.2943301 0.53359544
-14.04126 6.3117399 0.56362897
-15.044971 6.3312421 0.59761214
-16.17831 6.3532586 0.63635433
-20.662138 6.4329557 0.79229569
-16.682831 -7.4882665 0.66949874
-15.85042 -8.0545826 0.65094376
-19.748251 -21.681271 1.0737212
-17.072744 -21.709599 1.0111668
-14.694726 -21.756847 0.96122754
-13.230009 -21.784489 0.93313336
-11.178057 -21.821178 0.89763749
-10.527119 -21.832817 0.88740581
-9.2672558 -21.856266 0.8691594
-8.0561323 -21.880589 0.85366344
-6.88415 -21.902094 0.84055555
-4.6320114 -21.942926 0.82108504
-4.0836911 -21.953251 0.81753826
-3.5396776 -21.963257 0.81449687
-2.4622459 -21.98307 0.80987656
-1.3944921 -22.002705 0.8071785
-0.86297852 -22.021955 0.80688488
-0.33146483 -22.032885 0.80675763
0.20018554 -22.043818 0.80709946
0.73260742 -22.054768 0.80791366
0.87715816 -8.2772264 0.30474257
2.880625 -22.084764 0.81541455
3.9755957 -22.104702 0.82228196
4.5307126 -22.114807 0.82647747
5.0925779 -22.128069 0.83133042
5.6608005 -22.139334 0.83664137
6.2366505 -22.150749 0.84251326
7.4147558 -22.174103 0.85602677
8.0177345 -22.183237 0.86359298
10.554561 -22.227413 0.90088207
12.625058 -22.272036 0.93731886
13.352822 -22.285133 0.95116621
16.5096 -22.345524 1.0171916
17.371572 -22.362682 1.0367411
18.267002 -22.379389 1.057649
19.199755 -22.396791 1.0800483
17.885069 -9.2230358 0.73674679
17.706982 -8.5969934 0.72065717
18.397364 -8.3899908 0.74030012
20.232666 5.6375337 0.76897538
15.956797 5.7185259 0.6205917
10.930459 5.8142314 0.45327955
10.342197 5.825634 0.43458602
9.8002443 5.8361421 0.4176088
9.2987108 5.8458657 0.40213209
8.7218361 5.7813435 0.38310927
8.0024996 5.879096 0.36355361
6.9203515 5.9000773 0.33295149
6.5984278 5.9063201 0.32422486
6.0018358 5.9178872 0.30859053
5.724277 5.9232707 0.30158034
4.7256837 5.9426346 0.27797821
4.4993458 5.9470234 0.27302504
3.8646483 5.9593329 0.26004347
3.058203 5.8911662 0.24301574
2.9211035 5.9753046 0.24350861
1.9199706 5.9947248 0.23045973
1.7625976 5.9977775 0.22887543
1.6073047 6.0007901 0.22744353
0.70711911 6.0182562 0.2218547
0.56057614 6.0211005 0.22139679
0.41456053 6.0239325 0.2210678
0.12338867 6.0295844 0.22079986
-0.022099609 6.0324078 0.2208586
-0.16773437 6.0352349 0.22104567
-0.46021482 6.0409112 0.22180893
-0.60737306 6.0437665 0.22238769
-1.0547265 6.0524492 0.22493057
-1.2064356 6.0553946 0.2260562
-1.3597363 6.058372 0.22732528
-1.5148828 6.0613823 0.22874358
-1.8082227 5.9904556 0.22909622
-1.9657519 5.9863272 0.2306845
-2.6747656 6.0910883 0.24356018
-2.8535838 6.0945587 0.24638091
-3.6157618 6.1093597 0.25991288
-4.0311232 6.117425 0.26822525
-4.2491794 6.1216593 0.27282578
-5.2062597 6.1402469 0.29473799
-5.7474608 6.1507597 0.30820388
-6.0374122 6.1563897 0.31569412
-6.3419628 6.1623054 0.32375029
-6.6626759 6.1685343 0.33242735
-6.8890524 6.0761724 0.33631042
-7.2366014 6.078721 0.3460153
-7.718154 6.1718817 0.36181244
-8.122138 6.1797295 0.37365416
-9.5142479 6.2067719 0.4159033
-11.271748 6.2409134 0.47171369
-12.559384 6.1821232 0.51251125
-15.651406 6.3430219 0.6182977
-16.867617 6.3666511 0.66008329
-18.0075 6.3049908 0.69854718
-16.537235 -7.6884923 0.66769731
-16.011211 -7.9190903 0.65398192
-15.535976 -8.156249 0.64242262
-7.6394138 -8.2066956 0.41049635
-19.219824 -21.672546 1.0605452
-18.31834 -21.688103 1.0393752
-17.451572 -21.70306 1.0196162
-16.616747 -21.717468 1.0011647
-15.815517 -21.73736 0.98420268
-14.282305 -21.764021 0.95307541
-13.550547 -21.776745 0.939044
-11.475556 -21.815859 0.90248334
-10.174277 -21.838049 0.88205093
-9.5456448 -21.850674 0.87300307
-8.9293947 -21.86305 0.86463636
-7.7299118 -21.887138 0.84984386
-7.1443458 -21.897375 0.84329724
-6.5674415 -21.907837 0.83735365
-4.8800097 -21.938429 0.82284802
-4.3294725 -21.948727 0.81906998
-3.7836034 -21.958769 0.81579942
-2.7032909 -21.978638 0.81074536
-2.1674609 -21.988491 0.80894208
-1.6337597 -21.998302 0.80761701
-0.038759764 -22.038906 0.80688703
0.75980467 -7.996079 0.2940712
0.99628901 -8.3424807 0.30760482
1.1445215 -7.9496169 0.29405227
4.2805958 -22.110254 0.82452893
5.4045701 -22.134253 0.83418655
5.9769335 -22.145599 0.83980393
7.1467576 -22.168793 0.8527751
8.354804 -22.189106 0.8680653
8.9760742 -22.199926 0.87670881
10.925605 -22.241449 0.90724957
11.606201 -22.253698 0.91890699
13.765586 -22.296623 0.95936626
14.52872 -22.310221 0.97475111
16.133329 -22.33882 1.0088639
16.980625 -22.355387 1.0278118
17.860243 -22.371799 1.0480739
18.77577 -22.38888 1.0697917
19.730694 -22.406694 1.0930638
8.5169134 -8.3658199 0.43706557
18.038643 -9.0008917 0.73808134
15.344853 5.7303886 0.59970033
14.332598 5.7500114 0.56539613
12.613975 5.7815924 0.50801969
11.211621 5.8087811 0.46229842
10.600381 5.8206306 0.44275787
10.038388 5.8315253 0.4250395
9.5193748 5.8415861 0.40891188
9.0380373 5.8509183 0.39418411
7.7891016 5.883234 0.35737777
7.4194431 5.8904009 0.34683806
7.0707517 5.8971624 0.33709258
6.7409372 5.9035578 0.32806382
6.1308007 5.9153876 0.31190735
5.8474121 5.9208817 0.3046698
5.5767188 5.9261308 0.2979286
5.3175683 5.9311566 0.29164457
4.8301072 5.9406095 0.2803154
4.1635447 5.9535356 0.26598266
3.7544627 5.9614692 0.25793839
3.5080371 5.8801117 0.25068343
3.3204393 5.8837504 0.24735001
2.9616699 5.895452 0.24154922
2.6513183 5.9805374 0.2395108
1.9913964 5.9933391 0.23122208
1.6768457 5.9994416 0.22806869
1.5225683 6.0024347 0.22671951
1.2190235 6.0083232 0.22445801
1.0693262 6.0112286 0.22353745
0.77315426 6.0169754 0.22210327
0.62633789 6.0198245 0.2215863
0.48011717 6.0226617 0.22120041
-0.24807617 6.0367937 0.22120437
-0.39431641 6.0396318 0.22159256
-0.54115236 6.0424824 0.2221109
-0.68877929 6.0453472 0.22276245
-0.987041 6.0511355 0.22447097
-1.4449414 6.0600262 0.22808807
-1.6011719 6.0630569 0.22958939
-1.8936719 5.9849286 0.2298259
-2.0548241 5.9880571 0.23178223
-2.2188671 5.9912419 0.23390868
-2.5957129 6.0895524 0.24235916
-2.7727149 6.0929899 0.24508773
-3.330039 6.1038103 0.25456604
-3.7275586 6.1115289 0.26208815
-4.372529 6.1240544 0.27549803
-4.6029005 6.128531 0.28061402
-4.8421192 6.1331744 0.28609267
-5.3505273 6.1430488 0.29825836
-5.6216016 6.1483145 0.3050099
-6.5164547 6.1656952 0.32844788
-6.8468065 6.1721125 0.33749267
-7.4612789 6.1002412 0.3528485
-7.9373727 6.1761408 0.36821166
-8.3561811 6.1842752 0.38060576
-9.8051558 6.2124238 0.42497361
-10.367393 6.2233462 0.44270536
-11.64747 6.2482147 0.48391998
-13.231543 6.2960086 0.53647918
-14.137793 6.3136148 0.56688184
-15.153564 6.3333502 0.60130918
-19.09576 6.4025226 0.73738372
-22.616562 6.3874698 0.86042464
14.799648 -22.314362 0.37690201
15.597451 -22.328569 0.38339004
16.423632 -22.343281 0.39035764
17.282518 -22.360695 0.39780411
18.174286 -22.377323 0.40578231
19.103085 -22.394646 0.41433731
18.178505 -8.3439245 0.28154936
24.356571 5.473433 0.35140976
20.411982 5.6337576 0.29806504
18.69038 5.6471734 0.27483627
17.317987 5.6918802 0.2566005
12.349971 5.7865176 0.19197418
11.639971 5.8002911 0.18306182
10.399306 5.8243585 0.16777633
9.8529587 5.8349566 0.16118744
8.3234472 5.7808232 0.14264923
8.0423927 5.8781815 0.14022018
7.2956934 5.8926663 0.13200897
6.9538183 5.8992996 0.12836044
6.6301465 5.9055791 0.12497985
6.0305662 5.9172111 0.11892501
5.4851856 5.9277911 0.1136821
5.2298436 5.9327459 0.11132507
4.984746 5.9375005 0.1091246
4.5218458 5.9464812 0.10515533
4.0904784 5.9548502 0.10169251
3.8850391 5.958837 0.10012969
3.6857226 5.9627032 0.098672181
3.4421289 5.8812943 0.095921017
3.0762792 5.8907218 0.093542784
2.5919335 5.9815969 0.091762692
2.2583497 5.9880695 0.090083919
2.0958984 5.991221 0.089344785
1.7784277 5.9973822 0.088052973
1.6229395 6.0003996 0.087496795
1.3173046 6.00633 0.086555019
1.1667774 6.0092511 0.086166382
1.0175097 6.0121465 0.085831299
0.42933592 6.0235615 0.085003816
0.28364256 6.0263896 0.084922485
-0.00734375 6.0320368 0.084907986
-0.15296875 6.0348625 0.084974974
-0.29890624 6.0376945 0.085091092
-0.59241211 6.0433903 0.085475154
-0.74034178 6.0462604 0.085742794
-0.88927734 6.0491519 0.08606308
-1.039414 6.0520658 0.086436763
-1.1909667 6.0550065 0.086863704
-1.4990332 6.060987 0.087885737
-1.6452734 6.0247965 0.087911226
-1.9494042 5.9859209 0.08861389
-2.1115234 5.989068 0.089389339
-2.2766113 5.9922724 0.090229183
-2.4823339 6.0872574 0.092534937
-2.656826 6.0906448 0.093534239
-2.8352149 6.0941081 0.094609834
-3.0178711 6.0976529 0.095768891
-3.2051659 6.1012883 0.097012177
-3.3975 6.1050224 0.098345332
-3.7991016 6.1128178 0.10130859
-4.0093455 6.1168985 0.10295028
-4.2266603 6.1211176 0.10470657
-4.4516406 6.1254849 0.10658783
-4.6849899 6.1300139 0.10860229
-4.9274998 6.1347222 0.11075912
-5.1799707 6.1396222 0.11307205
-6.6292381 6.167757 0.12745468
-6.8884764 6.1056671 0.1295694
-7.1997752 6.0778728 0.13262634
-7.6784277 6.1709709 0.13866256
-8.0797949 6.1787629 0.14317596
-9.4618063 6.2055936 0.15927657
-9.9953222 6.21595 0.16568191
-12.478721 6.1803594 0.19601455
-13.535185 6.3016958 0.21016251
-14.477256 6.3199868 0.22235626
-17.836103 6.2939739 0.26623887
-19.674892 6.4134817 0.29128999
-23.733145 6.4882646 0.34633011
-26.412498 6.5402837 0.38301376
-16.355556 -7.5554299 0.25360137
-18.4079 -21.686377 0.40040252
-15.895674 -21.735544 0.3790431
-14.357402 -21.762306 0.36699232
-10.23917 -21.837633 0.33950073
-9.609189 -21.850277 0.33599594
-8.9916897 -21.862671 0.33275253
-7.7900877 -21.886784 0.32702392
-7.2034082 -21.896658 0.32447097
-6.0557714 -21.917463 0.32007292
-4.9362302 -21.937756 0.31651747
-4.3850684 -21.947748 0.31504866
-3.838877 -21.958422 0.31377929
-3.2966504 -21.968391 0.3126947
-2.2217674 -21.988153 0.31108704
-1.1558496 -22.015371 0.31031799
0.43927732 -22.04817 0.31041473
0.97220701 -22.05913 0.31081176
1.5068262 -22.070124 0.31138533
2.0426953 -22.07 0.3119899
0.97383785 -8.3271694 0.11801315
3.1251464 -22.089712 0.3140358
4.2244239 -22.109728 0.31685638
4.7826953 -22.122351 0.31859192
5.9186716 -22.144878 0.32265502
6.4982615 -22.156372 0.32501236
7.086709 -22.168039 0.3275952
8.2925386 -22.188263 0.33342713
8.9126072 -22.199066 0.33672181
9.5454006 -22.210087 0.34028229
10.1921 -22.221352 0.34413207
11.536191 -22.252085 0.35281509
12.949238 -22.277506 0.36270812
14.449785 -22.308134 0.37413344
15.235596 -22.322126 0.38041961
16.893095 -22.353432 0.39439696
18.680927 -22.386772 0.41042235
25.926201 5.5316267 0.3731555
23.360321 5.5765653 0.33806121
19.189629 5.5717683 0.28125611
17.934677 5.6799173 0.26480895
14.429404 5.7479129 0.2186325
12.6921 5.779882 0.19630904
11.950673 5.7942643 0.18694976
11.276328 5.8073454 0.17853957
10.659687 5.8193083 0.17094986
8.5136423 5.777133 0.1448262
8.2054491 5.8619757 0.14194503
7.8276563 5.8823481 0.13782775
7.4557614 5.8895621 0.13374236
6.1601658 5.9146967 0.12021072
5.0936618 5.9353876 0.1100949
4.8538184 5.9400406 0.10797714
4.400166 5.9488435 0.10415374
3.3391795 5.8832927 0.095222168
3.1559277 5.8868461 0.094019465
2.8419628 5.9767461 0.093156129
2.6686523 5.9801078 0.092177883
2.3322363 5.9866352 0.090437621
2.1685545 5.9898114 0.089668423
1.6925585 5.9990482 0.087739713
1.5381151 6.0020452 0.087215424
0.93577147 6.0137334 0.085668333
0.78808594 6.0165997 0.085413814
0.34907225 6.0251188 0.084952086
0.20349608 6.0279436 0.08489807
0.058027342 6.030767 0.084894404
-0.087499999 6.0335917 0.084938809
-0.37946287 6.039257 0.085177608
-0.67375976 6.0449686 0.085615993
-0.97179687 6.050755 0.086262204
-1.2750781 6.0566397 0.087122798
-1.4291894 6.0596294 0.087636568
-1.5852246 6.0626593 0.088207088
-1.7212206 5.988677 0.087709956
-1.8774414 5.9845243 0.088287048
-2.0383301 5.9876471 0.089032747
-2.2020507 5.9908242 0.089845277
-2.577949 6.0891142 0.093075715
-3.7067578 6.1110249 0.10060653
-4.1281152 6.1192045 0.10390273
-4.8173532 6.1325836 0.10977188
-5.3236132 6.1424112 0.11441559
-6.1722169 6.1588845 0.12273514
-7.4230857 6.0993619 0.13524261
-9.2352638 6.2011957 0.15658325
-9.7503805 6.2111969 0.16272888
-10.307968 6.2220206 0.16948181
-11.576494 6.2466483 0.18516098
-14.040751 6.3115115 0.21669036
-16.177647 6.3529997 0.24464935
-18.93166 6.3990498 0.2812967
-20.661102 6.4326286 0.30459899
-25.14168 6.5156107 0.36558929
-27.858681 6.5068536 0.40269697
-16.06583 -8.6578465 0.25689071
-20.688623 -21.641108 0.42142698
-17.924608 -21.694719 0.39612854
-17.072607 -21.709425 0.38875899
-16.255449 -21.729286 0.3819809
-15.46205 -21.74309 0.37555662
-14.694453 -21.756443 0.36955458
-13.230039 -21.784529 0.3587651
-12.528095 -21.797077 0.35388672
-11.844619 -21.809299 0.34934342
-10.527139 -21.832855 0.34118378
-9.8906441 -21.844629 0.33753723
-9.2676268 -21.857134 0.33417618
-8.656601 -21.869394 0.33107528
-8.0564451 -21.881439 0.32821944
-7.4662108 -21.893286 0.32560608
-6.8842673 -21.902443 0.32317382
-6.3108983 -21.912836 0.32098418
-5.7449512 -21.923096 0.31901106
-5.1855955 -21.933237 0.3172493
-4.083828 -21.953915 0.31432632
-1.9275292 -21.993565 0.31077224
-0.33146483 -22.032322 0.31016356
0.20017578 -22.043255 0.31029648
1.2663574 -22.065178 0.31110334
1.8013183 -22.065605 0.31163329
2.8806834 -22.08526 0.3135092
5.6609082 -22.139767 0.32166794
6.2367868 -22.151186 0.32392532
7.4149022 -22.174547 0.32911253
8.6324701 -22.194187 0.33520949
9.2593946 -22.205107 0.33864883
9.8997068 -22.216259 0.34236342
10.554678 -22.227669 0.34636933
11.917539 -22.258945 0.35540146
12.624853 -22.271669 0.36036468
13.352597 -22.284763 0.36568144
14.105059 -22.301994 0.37144578
14.879296 -22.315781 0.37754196
16.509071 -22.344805 0.39104888
17.371288 -22.362349 0.39859131
19.199453 -22.396442 0.41524383
18.215624 -8.3071117 0.28180954
24.102753 5.4783564 0.34792876
22.151358 5.6000161 0.32161254
20.231659 5.6372552 0.29563048
13.716533 5.6762028 0.20895126
13.050088 5.7729373 0.20086639
12.274834 5.7879753 0.19102539
11.57164 5.8016167 0.18220946
10.341904 5.8254719 0.16707855
9.7999706 5.8359842 0.16055237
8.2813282 5.7816386 0.14216797
8.0023146 5.8789592 0.13977112
7.2601461 5.8933573 0.13162552
6.9202051 5.8999515 0.12800552
6.5982809 5.9061966 0.12465072
6.2926269 5.912127 0.1215361
6.0017185 5.9177704 0.11864059
5.2045507 5.9332366 0.11109451
4.7256055 5.9425287 0.10687164
4.2807322 5.951159 0.10319
4.069365 5.9552603 0.10152832
3.8645799 5.9592338 0.099977873
3.6658397 5.9630899 0.098529965
3.4230566 5.8816643 0.095792085
3.2376854 5.8852606 0.094547421
3.0581543 5.8910723 0.093431696
2.9210644 5.9752107 0.093620606
2.7460742 5.9786053 0.092608489
1.9199413 5.9946356 0.088603973
1.6072754 6.0007038 0.087443694
1.4538183 6.0036807 0.086950526
0.8543359 6.0153131 0.085521847
0.26887694 6.0266752 0.084916227
0.12338867 6.0294986 0.084889829
-0.022089843 6.0323224 0.084912412
-0.16773437 6.0351496 0.084984586
-0.75538087 6.0465531 0.085773163
-0.90443355 6.0494461 0.086098783
-1.206416 6.0553069 0.086910248
-1.6507812 5.9873099 0.087423854
-2.3286133 6.0842752 0.091701046
-2.4998436 6.0875983 0.092633516
-2.6747363 6.0909929 0.093639679
-3.6157031 6.1092582 0.0999263
-3.8201072 6.1132255 0.10146987
-4.031045 6.1173196 0.10312255
-4.2491016 6.121552 0.10489166
-4.4749022 6.125937 0.10678604
-5.4707031 6.1452665 0.11581146
-6.3418455 6.162178 0.12446991
-6.662529 6.1684027 0.12780471
-7.7179785 6.1717386 0.13910384
-8.553525 6.1879597 0.1486032
-9.016181 6.1969428 0.15399978
-9.5139942 6.2066059 0.15989791
-10.051846 6.2170486 0.16636688
-13.625966 6.3034587 0.21133132
-14.578916 6.3219609 0.22367874
-15.650801 6.3427715 0.23770751
-23.981192 6.4930801 0.34971908
-16.329258 -7.5917931 0.2534793
-16.113945 -7.9699082 0.25305024
-15.815225 -21.736946 0.37838712
-15.036318 -21.750496 0.37220031
-14.282031 -21.763618 0.36642241
-13.550312 -21.776348 0.36100981
-12.14955 -21.803846 0.35134169
-11.475575 -21.815899 0.34697646
-8.3248339 -21.876055 0.32947418
-7.144453 -21.897726 0.32422897
-6.5675488 -21.908186 0.32194108
-4.3295994 -21.949396 0.3149156
-3.7837207 -21.959436 0.31365919
-3.2418749 -21.969398 0.312592
-2.7033789 -21.9793 0.31171799
-1.1019043 -22.016479 0.31029755
0.49325195 -22.04928 0.31044632
1.0263379 -22.060244 0.31086075
1.5611621 -22.071241 0.31145355
2.0972459 -22.070993 0.31207535
4.8396091 -22.123482 0.31878006
5.4046679 -22.134686 0.32072708
6.5574899 -22.157545 0.32526609
7.1468945 -22.169235 0.32786116
8.9761715 -22.200172 0.33706969
9.6103125 -22.211218 0.34066132
10.258496 -22.222509 0.3445265
10.92542 -22.241096 0.34880432
11.606006 -22.25334 0.35328689
12.304667 -22.265909 0.35809326
13.023007 -22.278835 0.36324751
13.765156 -22.295942 0.36883286
15.316787 -22.323572 0.38108122
16.132832 -22.338102 0.38786086
16.980371 -22.355061 0.3951596
17.85997 -22.371464 0.40294477
8.5164356 -8.3653631 0.16803084
28.709364 5.4776382 0.41140577
25.644316 5.5370951 0.36929199
23.128456 5.5810637 0.3349022
21.054287 5.6212983 0.30674544
16.487997 5.7079825 0.24559982
13.425068 5.7656622 0.2056639
11.879414 5.7956462 0.1860559
10.600068 5.8204641 0.17022248
10.038105 5.8313651 0.16341004
9.5191107 5.8414335 0.15720916
8.4702053 5.7779756 0.14432663
7.7889156 5.8830986 0.13739792
5.8472948 5.9207659 0.11713394
5.0689158 5.9358683 0.10987274
4.5999513 5.9449677 0.1058078
3.7544043 5.9613714 0.099167481
3.3203905 5.8836565 0.095094755
2.4818163 5.9837346 0.091184691
1.9913671 5.9932513 0.088896021
1.8330078 5.9963226 0.088260651
1.6768163 5.9993534 0.087683409
1.5225488 6.0023465 0.087165527
1.3700098 6.0053067 0.086703338
1.0693164 6.0111418 0.085942231
0.62633789 6.0197392 0.085191652
0.33430663 6.0254059 0.084944457
0.18875 6.0282307 0.084895015
0.043271482 6.031054 0.084896088
-0.10227539 6.0338774 0.084945984
-0.24807617 6.0367084 0.085045621
-0.39431641 6.0395451 0.085195005
-0.54114258 6.0423956 0.085393831
-0.8373242 6.0481439 0.085946046
-0.98703122 6.0510502 0.086300656
-1.1380664 6.0539799 0.086709291
-1.290625 6.0569415 0.087172545
-1.4449219 6.0599356 0.087691799
-1.7371777 5.9889884 0.08777725
-1.8936425 5.984838 0.088359676
-2.0548046 5.987967 0.089112245
-2.218828 5.9911518 0.089930877
-2.5956836 6.0894585 0.093178555
-2.7726758 6.0928936 0.094226986
-2.9538085 6.0964093 0.095355526
-3.3299901 6.1037116 0.097871244
-4.842041 6.1330619 0.10999206
-5.35042 6.1429315 0.11466919
-5.6214938 6.1481953 0.11726471
-5.9053025 6.1537042 0.12005264
-6.2030859 6.1594839 0.12304794
-6.5163279 6.1655655 0.12627655
-6.8466501 6.171978 0.12975296
-7.0755663 6.0754609 0.13127731
-7.4611034 6.1001005 0.13565719
-8.3559761 6.184124 0.14632919
-9.2857027 6.2021747 0.15718155
-10.978594 6.2350407 0.17771956
-11.647109 6.2480192 0.18604477
-12.244394 6.1928301 0.19314483
-13.231103 6.2957926 0.20625198
-14.137295 6.3133869 0.21794021
-15.152978 6.3331046 0.23117614
-16.3008 6.355391 0.24627563
-19.094873 6.4022198 0.28348693
-20.852617 6.436347 0.30718842
-22.616543 6.3874612 0.33080688
-28.092764 6.4891009 0.40585157
14.02751 -22.299938 -0.22249085
16.423105 -22.342564 -0.23418121
17.282274 -22.360363 -0.23866759
17.919258 -8.7542524 -0.16842666
24.355137 5.4731073 -0.21081573
22.36377 5.5955706 -0.19469009
20.410967 5.6334772 -0.17882279
18.690399 5.6471796 -0.16489273
17.317245 5.6916375 -0.15394698
16.072851 5.7157927 -0.14406769
14.97791 5.7370477 -0.13545501
13.807217 5.6742315 -0.12606719
13.132695 5.771131 -0.12114669
12.34958 5.7863336 -0.11517624
11.639609 5.8001142 -0.1098291
10.992294 5.8126788 -0.10501388
10.399014 5.8241959 -0.10065933
9.8526955 5.8348002 -0.096706539
8.3232517 5.7806816 -0.08558502
7.6576071 5.8855095 -0.081565246
6.9536619 5.8991742 -0.077012479
6.0304394 5.9170938 -0.071349636
5.7516208 5.9225054 -0.069721676
5.4850779 5.92768 -0.068204805
5.2297363 5.9326358 -0.066791072
4.3024902 5.9506326 -0.062015228
4.0904198 5.9547501 -0.06101013
3.8849707 5.9587369 -0.060074765
3.6856542 5.9626055 -0.059198759
3.2562108 5.8848052 -0.056799926
2.9389648 5.9747686 -0.0562323
2.5919042 5.9815054 -0.055053405
1.7783984 5.9972939 -0.052828673
1.4692773 6.0032949 -0.052195281
1.1667578 6.0091629 -0.051696472
0.86928707 6.0149369 -0.051325072
0.57539064 6.0206413 -0.051077116
-0.00734375 6.031951 -0.050940856
-0.29890624 6.0376091 -0.05105133
-0.44532225 6.0404496 -0.051151428
-0.59240234 6.0433049 -0.051281434
-0.74032223 6.046175 -0.051442564
-1.0394043 6.0519781 -0.05185806
-1.1909473 6.0549188 -0.052114714
-1.344082 6.0578909 -0.052404936
-1.4990137 6.0608978 -0.052728117
-1.6452734 6.0247793 -0.052743223
-2.6567774 6.0905509 -0.05611679
-3.2051172 6.1011896 -0.058202665
-3.3974512 6.1049213 -0.059003446
-4.4515624 6.1253762 -0.063948058
-5.179873 6.1395073 -0.067837827
-6.0071287 6.1555595 -0.072637938
-6.6290917 6.1676264 -0.076468959
-6.8884668 6.1056547 -0.077737272
-7.1996093 6.0777349 -0.079569548
-8.5082026 6.1869302 -0.088844448
-10.573613 6.227005 -0.10363205
-11.203964 6.239234 -0.10830215
-11.894287 6.2526288 -0.11348327
-12.478281 6.1801529 -0.11759765
-13.534717 6.3014765 -0.1260855
-14.476708 6.3197527 -0.13340119
-17.835302 6.2936907 -0.15972808
-26.410801 6.539866 -0.22978272
-17.537657 -21.701225 -0.23564102
-12.912285 -21.790249 -0.21390778
-10.88378 -21.826519 -0.20599167
-10.23958 -21.838514 -0.20369735
-7.2035155 -21.897011 -0.19467621
-3.838994 -21.959087 -0.18826294
-3.2967381 -21.969055 -0.18761092
-2.2218359 -21.988815 -0.18664825
-1.6878905 -21.998632 -0.18633072
-1.1558105 -22.014807 -0.18617797
-0.09264648 -22.036669 -0.18610473
0.43927732 -22.047607 -0.1862355
0.97218746 -22.058567 -0.18647048
2.0427442 -22.07049 -0.18719009
0.97309566 -8.3208981 -0.070752256
3.6724119 -22.100172 -0.18920241
4.2245212 -22.110226 -0.19010803
6.4983883 -22.156811 -0.19500168
7.0868454 -22.168484 -0.19655243
7.684238 -22.177912 -0.19822586
8.2926264 -22.188511 -0.20004943
8.912715 -22.199314 -0.202025
10.192226 -22.221605 -0.20647597
10.857217 -22.239519 -0.20900695
11.535995 -22.251726 -0.21167237
12.949023 -22.277138 -0.2176123
14.449336 -22.307444 -0.22445968
15.235117 -22.321424 -0.22823623
18.680655 -22.386431 -0.24624038
19.631329 -22.404152 -0.25157425
29.057636 5.4704657 -0.24970886
25.92458 5.5312834 -0.22386688
17.933897 5.679667 -0.15887055
16.611679 5.7053337 -0.14833511
13.447588 5.7364202 -0.12347427
12.691689 5.7796917 -0.11777527
11.950293 5.7940826 -0.1121611
11.275976 5.8071723 -0.10711609
10.092764 5.8301411 -0.098435819
9.084795 5.8497062 -0.091253199
8.5134277 5.7769914 -0.086888731
7.4555955 5.8894305 -0.080240019
7.1049023 5.8962369 -0.077973783
6.7733006 5.9026737 -0.075875551
6.1600389 5.914577 -0.072120667
5.8753123 5.920104 -0.07043945
5.343154 5.9304338 -0.067413785
5.0935645 5.9352789 -0.0660524
4.4000878 5.9487395 -0.062488098
4.1848435 5.9529166 -0.061453857
3.3391309 5.8831973 -0.05713043
3.1558788 5.8867536 -0.056408688
2.9782715 5.89253 -0.055756681
2.4988086 5.9833112 -0.054759063
2.1685255 5.9897223 -0.053798065
2.0075293 5.992846 -0.05337448
1.8489355 5.9959235 -0.052989807
1.692539 5.9989591 -0.052640073
1.5380859 6.0019584 -0.052325591
1.3853809 6.004921 -0.052045286
1.2342285 6.0078545 -0.051797789
1.084414 6.0107636 -0.051581725
0.93576169 6.013648 -0.051398009
0.64118165 6.0193658 -0.051122434
0.49490234 6.0222039 -0.051030118
0.3490625 6.025032 -0.05096817
0.20348632 6.0278583 -0.050935667
-0.23328124 6.0363345 -0.051016387
-0.37946287 6.0391717 -0.051103361
-0.5262109 6.0420194 -0.051220093
-0.82220703 6.0477643 -0.051544189
-0.9717871 6.0506668 -0.051753234
-1.1226758 6.0535932 -0.051994935
-1.7211914 5.9885893 -0.052620847
-1.8774121 5.9844351 -0.052968442
-2.038291 5.9875565 -0.053415831
-2.7545018 6.0924454 -0.05646652
-3.3103807 6.1032329 -0.058637083
-3.7066991 6.1109223 -0.060360715
-3.913955 6.1149445 -0.061315306
-4.128037 6.1190982 -0.062338255
-4.3494921 6.1233954 -0.063430935
-4.5789843 6.1278472 -0.064603426
-5.0651364 6.1372809 -0.0672023
-5.5933495 6.147531 -0.070190735
-5.8758006 6.1530094 -0.071851045
-6.1720996 6.1587601 -0.073636629
-6.4836817 6.1648049 -0.075556487
-6.8121872 6.1711783 -0.077628016
-7.0396972 6.0746331 -0.078525692
-7.8960643 6.1750531 -0.084655911
-8.3120308 6.1831255 -0.087488398
-8.7571287 6.1917605 -0.09057571
-9.2350092 6.2010307 -0.093943782
-9.7501268 6.2110281 -0.097629391
-10.307666 6.2218451 -0.10167999
-10.913828 6.2336054 -0.10614547
-12.16706 6.1911359 -0.11529113
-13.14415 6.2938995 -0.12307525
-16.177002 6.3527408 -0.1467775
-18.93078 6.3987517 -0.16876145
-20.660069 6.4323025 -0.18274002
-20.688602 -21.641104 -0.25284332
-17.924452 -21.694546 -0.23766327
-16.255108 -21.728867 -0.22917557
-15.461767 -21.742678 -0.22531646
-14.69416 -21.756037 -0.22171478
-13.230068 -21.784567 -0.21524733
-12.528105 -21.797119 -0.21232574
-9.2679882 -21.858 -0.20050751
-8.6569233 -21.870256 -0.19864425
-6.8843651 -21.902796 -0.19389877
-6.3109961 -21.913189 -0.19258666
-5.7450485 -21.923443 -0.19140273
-4.0839353 -21.954584 -0.18859223
-3.5398827 -21.964586 -0.18789108
-2.9995897 -21.974516 -0.18730071
-2.4623926 -21.984394 -0.18682602
0.20017578 -22.04269 -0.1861618
0.73256832 -22.053637 -0.18635009
1.2663281 -22.064613 -0.18664718
2.8807518 -22.085754 -0.18810317
4.5309277 -22.115808 -0.19065735
5.0927634 -22.128931 -0.19177063
6.2368946 -22.151623 -0.19434921
6.8212595 -22.163216 -0.19583862
7.4150486 -22.174992 -0.19746323
8.6325779 -22.194433 -0.20111649
9.2595119 -22.205357 -0.20318206
9.8998241 -22.216513 -0.20541106
11.228887 -22.246202 -0.2104515
12.624658 -22.271303 -0.21620528
13.352383 -22.284393 -0.21939132
14.878828 -22.315084 -0.22650421
15.679345 -22.329329 -0.23042586
18.266455 -22.378708 -0.24396469
19.19916 -22.396095 -0.24912582
27.248026 5.5055923 -0.23476623
24.101347 5.478034 -0.20873687
20.230663 5.6369767 -0.17736176
18.591396 5.6669035 -0.16414246
17.18334 5.6942363 -0.15287825
13.716064 5.6760015 -0.1253656
11.571289 5.8014407 -0.10931701
10.929824 5.8138909 -0.10455184
10.34162 5.8253093 -0.10024032
9.2982321 5.845562 -0.092754364
8.0021191 5.8788223 -0.083857723
7.2599802 5.8932266 -0.078970179
6.9200487 5.8998246 -0.076798551
6.5981541 5.9060745 -0.074785456
6.0016012 5.9176545 -0.071179658
5.4587011 5.9281902 -0.068056487
4.9603415 5.9378643 -0.065341793
4.7255173 5.9424224 -0.064118959
4.0692968 5.9551592 -0.060912933
3.8645117 5.9591336 -0.059982907
3.6657715 5.9629912 -0.059113007
3.4230077 5.881568 -0.057472076
3.2376268 5.8851652 -0.056726836
3.0581055 5.8909807 -0.056053922
2.4066796 5.9851007 -0.05447891
2.2417188 5.9883013 -0.054000396
1.9199121 5.9945474 -0.053158566
1.453789 6.0035944 -0.052166596
1.0024219 6.0123539 -0.051477049
0.85431641 6.0152273 -0.051309507
0.70709962 6.018085 -0.051174011
0.12339844 6.0294132 -0.050930329
-0.022089843 6.0322366 -0.050943602
-0.16773437 6.0350628 -0.05098648
-0.60735351 6.0435929 -0.051296994
-1.359707 6.0581937 -0.052435454
-1.5148339 6.0612054 -0.052762143
-1.6507519 5.9872231 -0.052449491
-2.1280859 5.9892983 -0.053679809
-2.6746776 6.0908976 -0.056180112
-2.8534961 6.094367 -0.056831207
-3.0365918 6.097919 -0.057530362
-3.224375 6.101563 -0.058281705
-4.0309863 6.1172147 -0.061869048
-4.952529 6.135097 -0.066588283
-5.2060547 6.1400151 -0.067984313
-6.037168 6.1561418 -0.072817534
-6.6623826 6.168272 -0.07667648
-7.717783 6.1715946 -0.083454281
-8.5533199 6.1878071 -0.089156494
-10.051572 6.2168756 -0.09981323
-10.635049 6.2281961 -0.10408463
-12.558545 6.1817093 -0.11821228
-16.866161 6.3661113 -0.15224731
-19.848955 6.4165654 -0.17617202
-23.979784 6.4927006 -0.20980926
-16.100742 -7.9633703 -0.15169892
-18.318027 -21.687752 -0.23975234
-17.451298 -21.702715 -0.23519439
-16.616493 -21.717129 -0.23093902
-15.036035 -21.750088 -0.22330795
-12.841132 -21.791521 -0.2136119
-12.14957 -21.803886 -0.21080123
-10.175107 -21.839808 -0.20347762
-8.3251562 -21.876909 -0.19768187
-7.7305079 -21.888838 -0.19604553
-6.5676465 -21.908535 -0.19315886
-5.998486 -21.91885 -0.19191848
-4.8801661 -21.939117 -0.18980834
-2.7034569 -21.979961 -0.18702346
-2.1675878 -21.989815 -0.18660812
-1.6338671 -21.999626 -0.18630584
-1.1018749 -22.015917 -0.18616425
-0.038759764 -22.037777 -0.18611571
0.4932324 -22.048717 -0.18625487
1.5611132 -22.070675 -0.18686004
3.1804881 -22.091213 -0.1884906
3.7281346 -22.101189 -0.18928878
4.8397169 -22.123911 -0.19126374
5.4047852 -22.135118 -0.19242996
6.5576267 -22.157986 -0.19515273
8.3549805 -22.189596 -0.20024292
8.9762793 -22.200422 -0.20223464
9.6104193 -22.21147 -0.20438933
10.258613 -22.222763 -0.20670684
10.925244 -22.240742 -0.20926955
11.60582 -22.252983 -0.21195708
13.022793 -22.278467 -0.21793258
13.764746 -22.295263 -0.221286
14.527822 -22.30884 -0.22483428
16.132305 -22.337387 -0.23270935
17.859707 -22.371128 -0.2417517
8.515976 -8.3649006 -0.10077316
19.025732 5.5746675 -0.16743514
16.487333 5.707747 -0.14734939
14.331553 5.7495952 -0.13041168
11.879043 5.7954669 -0.11162537
10.599766 5.8202972 -0.10212524
10.037842 5.8312063 -0.098038025
9.0375776 5.8506231 -0.090921476
8.4699898 5.7778339 -0.086588897
8.1817675 5.8753362 -0.085067898
7.4191012 5.8901396 -0.080001831
7.0704489 5.8969059 -0.077754363
6.740654 5.9033074 -0.075671688
5.8471875 5.920651 -0.07027588
5.3173532 5.9309354 -0.06727127
5.0688181 5.9357595 -0.065918885
4.8299317 5.9403949 -0.064658351
4.5998731 5.94486 -0.063479461
4.1634083 5.9533329 -0.0613533
3.9557323 5.9573636 -0.060392149
3.5079198 5.87992 -0.057825316
3.1375389 5.8871098 -0.056340788
2.6512303 5.9803534 -0.055246886
2.4817772 5.9836416 -0.054706879
2.3154786 5.9868693 -0.054210205
2.1520801 5.9900408 -0.053753052
1.9913379 5.9931607 -0.053334348
1.8329883 5.9962335 -0.052952573
1.676787 5.9992657 -0.052606504
1.2189844 6.0081511 -0.051774137
1.0692968 6.0110564 -0.051561125
0.92074215 6.0139384 -0.051380768
0.77314454 6.0168033 -0.051231537
0.62632811 6.0196538 -0.051111907
0.48009765 6.0224905 -0.051022947
0.18875 6.0281439 -0.050933991
-0.54113281 6.0423102 -0.051233366
-0.68875974 6.0451736 -0.051383208
-1.601123 6.0628777 -0.052957304
-1.7371484 5.9888992 -0.052661438
-1.8936132 5.9847503 -0.053012237
-2.0547655 5.9878764 -0.053463895
-2.2187891 5.9910588 -0.053953245
-2.5956445 6.0893631 -0.05590225
-2.7726269 6.0927973 -0.056532286
-3.1394141 6.0999165 -0.05793808
-3.3299315 6.1036124 -0.058718566
-3.5257909 6.1074114 -0.059556425
-3.9353416 6.1153593 -0.061415404
-4.3723826 6.1238384 -0.063546754
-4.8419433 6.1329498 -0.065990143
-5.621377 6.1480742 -0.070354767
-6.5161915 6.1654348 -0.07575912
-7.460947 6.0999603 -0.081385039
-8.3557615 6.1839738 -0.08779037
-8.8040037 6.1926703 -0.090904541
-9.8046188 6.2120852 -0.098023526
-10.978271 6.2348552 -0.10662322
-11.646738 6.2478242 -0.11161926
-12.243994 6.1926289 -0.11587066
-13.230644 6.2955756 -0.12374146
-14.136767 6.3131571 -0.13075303
-15.152383 6.3328605 -0.13869247
-16.300127 6.3551297 -0.14775176
-17.37372 6.2952824 -0.15606384
-20.851562 6.4360175 -0.18429627
-22.616512 6.3874531 -0.19847305
-25.416639 6.5205779 -0.22160278
14.79872 -22.312973 -0.82934606
15.596455 -22.327152 -0.84361565
17.282011 -22.360031 -0.87536991
18.17374 -22.376648 -0.8929255
19.102489 -22.393955 -0.91176581
17.88538 -8.7377014 -0.61658484
27.562979 5.4990811 -0.87060064
24.353682 5.4727826 -0.7731812
17.316513 5.6913943 -0.56461334
16.072197 5.7155633 -0.52838415
14.977344 5.7368317 -0.49679792
13.806719 5.6740289 -0.46237394
12.34917 5.7861466 -0.42242691
11.639267 5.7999358 -0.40281218
10.991972 5.8125091 -0.38515121
10.39873 5.8240323 -0.36918244
9.8524408 5.8346429 -0.35468259
6.9535055 5.8990469 -0.2824527
6.3226562 5.9112992 -0.26810881
5.7515135 5.9223905 -0.25571868
5.4849806 5.9275665 -0.25015411
4.7488475 5.9418621 -0.23560958
4.5216894 5.9462724 -0.23139068
3.884912 5.9586382 -0.22033371
3.6855955 5.9625077 -0.21712463
3.4420214 5.881104 -0.21107589
3.2561522 5.8847113 -0.20832627
3.0761817 5.8905363 -0.20583999
2.7635546 5.9780803 -0.20400055
2.4235253 5.9846821 -0.20000045
2.2582812 5.9878898 -0.19822754
1.6228808 6.0002251 -0.19253616
1.1667383 6.0090775 -0.18960799
1.0174707 6.0119758 -0.18887009
0.72197264 6.0177102 -0.18773651
0.13813476 6.0290422 -0.186799
-0.00734375 6.0318656 -0.1868373
-0.15296875 6.0346918 -0.18698546
-0.29889649 6.0375223 -0.18724105
-0.59239256 6.0432172 -0.18808715
-0.74031246 6.0460868 -0.18867737
-1.4989843 6.0608096 -0.19339126
-1.6452637 6.024765 -0.19345123
-2.1114647 5.9888873 -0.19669922
-2.2765429 5.9920893 -0.19854996
-2.4822557 6.0870709 -0.20362289
-2.6567383 6.090456 -0.20582001
-2.8351269 6.0939164 -0.20818894
-3.5951953 6.1086578 -0.2195549
-3.7989745 6.1126118 -0.22292785
-4.4514842 6.125268 -0.23454361
-4.684834 6.1297932 -0.23897521
-5.1797752 6.1393924 -0.24880996
-5.4431543 6.1444998 -0.25426576
-6.3099899 6.1613102 -0.27317595
-6.6289454 6.1674957 -0.28045943
-7.1994529 6.0775981 -0.29184493
-7.6780758 6.1706853 -0.30511826
-8.508008 6.1867776 -0.32584837
-10.57331 6.2268252 -0.38008559
-11.203632 6.2390461 -0.39721876
-11.893906 6.2524295 -0.41621992
-12.477871 6.1799479 -0.43131194
-17.834501 6.2934074 -0.58581674
-23.73041 6.487514 -0.7620303
-26.409121 6.5394473 -0.84274071
-7.6525097 -8.1805525 -0.34701505
-15.895048 -21.734715 -0.8340643
-15.113525 -21.748325 -0.82035476
-13.623008 -21.774282 -0.79560477
-11.543154 -21.81477 -0.76448888
-10.883808 -21.826557 -0.75548065
-10.24 -21.839397 -0.74715501
-9.609951 -21.852024 -0.73943478
-8.9924021 -21.864399 -0.73229915
-8.3862982 -21.876547 -0.72571599
-7.7906833 -21.888485 -0.71967292
-7.2036424 -21.897364 -0.7140398
-6.0559669 -21.918156 -0.70435911
-5.4930372 -21.928356 -0.70022589
-4.936377 -21.938444 -0.69654071
-4.3851953 -21.948435 -0.69329149
-3.8391016 -21.959753 -0.69052869
-2.7579687 -21.979624 -0.68616652
-2.2218945 -21.989477 -0.68459946
-1.6879394 -21.999292 -0.68343908
-1.1557715 -22.014246 -0.68283743
-0.62412107 -22.025177 -0.68251181
-0.09264648 -22.036108 -0.68258351
0.4392578 -22.047043 -0.68304974
0.97215819 -22.058001 -0.68391752
2.0427833 -22.07098 -0.68657935
0.971416 -8.3064976 -0.25905091
4.2246189 -22.110727 -0.69728422
4.7828708 -22.123211 -0.70110685
5.3472853 -22.134407 -0.70534611
6.4985056 -22.157248 -0.71524185
7.0869823 -22.168926 -0.72092545
7.6843162 -22.178154 -0.72704506
8.2927246 -22.188757 -0.73373699
8.9128122 -22.19956 -0.74099165
10.192344 -22.221859 -0.75727731
10.857031 -22.239166 -0.76657337
11.53582 -22.251369 -0.77636236
12.948809 -22.276772 -0.79813468
14.448887 -22.306753 -0.82324636
15.234638 -22.320723 -0.83708525
16.892588 -22.352776 -0.86786789
26.635546 -8.842411 -0.86920941
29.055634 5.4700861 -0.91582191
25.922977 5.5309391 -0.82104605
23.357714 5.5759354 -0.74384534
17.933105 5.6794157 -0.58267629
16.610975 5.7050982 -0.54403496
12.691259 5.7795038 -0.43195999
11.949922 5.7939019 -0.41136536
10.092481 5.8299809 -0.36102721
9.0845699 5.8495574 -0.33468628
8.5132227 5.7768497 -0.31867933
8.2054682 5.861989 -0.31236312
7.8272948 5.8820767 -0.30328125
7.4554296 5.8892999 -0.2942929
6.4587693 5.9086552 -0.27114943
6.1599216 5.9144597 -0.26451766
5.603291 5.9252691 -0.25260636
5.3430567 5.9303226 -0.24725281
5.0934668 5.9351702 -0.2422612
4.8536425 5.939827 -0.23760131
4.6227441 5.9443097 -0.23325089
4.1847653 5.9528155 -0.22539276
3.9764256 5.956861 -0.22184783
3.5271678 5.8794513 -0.21237609
3.1558397 5.8866606 -0.20689026
2.9782226 5.892437 -0.2045082
2.4987695 5.9832206 -0.20084442
2.3321679 5.9864545 -0.19900589
2.1684864 5.9896331 -0.19731429
1.6925098 5.9988728 -0.19306961
1.3853613 6.0048332 -0.19088638
1.0843945 6.0106769 -0.18918701
0.78806639 6.0164285 -0.18795197
0.64117187 6.0192804 -0.18750274
0.49489257 6.0221186 -0.18716507
0.058027342 6.0305963 -0.18680678
-0.087499999 6.033421 -0.18690506
-0.37945312 6.0390863 -0.1874295
-1.4291503 6.0594535 -0.19284256
-1.585166 6.0624795 -0.19409926
-1.7211621 5.9885001 -0.19300339
-2.4050488 6.0855732 -0.20268905
-2.5778711 6.0889249 -0.20481215
-2.7544627 6.0923505 -0.20710327
-3.1203222 6.0994463 -0.21221893
-3.3103223 6.1031342 -0.21506332
-3.5056055 6.1069207 -0.21811417
-3.7066503 6.1108193 -0.22138336
-4.5789061 6.1277375 -0.23694701
-4.8171778 6.132359 -0.24154952
-5.0650392 6.137166 -0.24648131
-5.8756833 6.1528873 -0.26352888
-6.1719627 6.1586332 -0.27007386
-6.8120508 6.1710453 -0.28471252
-7.0395408 6.0744977 -0.28800842
-8.3118353 6.1829743 -0.32088286
-8.7568941 6.1916032 -0.33220062
-9.2347651 6.2008696 -0.34455413
-12.16666 6.1909332 -0.42284775
-14.039726 6.3110552 -0.4768025
-15.043252 6.330513 -0.50554931
-16.176317 6.3524809 -0.53831822
-17.372784 6.3430486 -0.57287335
-20.659023 6.4319754 -0.6702159
-22.615341 6.4469461 -0.72843099
-27.858633 6.5068426 -0.88615334
-18.809746 -21.679081 -0.88904887
-17.072325 -21.709084 -0.85549772
-14.693896 -21.755632 -0.81319308
-11.844648 -21.809378 -0.76875502
-9.8914356 -21.846382 -0.74283248
-8.0570898 -21.883146 -0.72232169
-7.4668164 -21.894978 -0.71654618
-6.3111033 -21.913534 -0.7063694
-4.0840721 -21.955252 -0.69173771
-3.5399902 -21.965252 -0.68915945
-2.9996874 -21.97518 -0.68700224
-1.9276464 -21.994884 -0.68391007
-1.3946191 -22.004684 -0.68297112
0.73253906 -22.053074 -0.68347549
1.8014063 -22.066584 -0.68579471
0.8745898 -8.2530298 -0.2570726
2.8808105 -22.086246 -0.68992597
3.9758594 -22.106195 -0.69573379
4.5310254 -22.116308 -0.69928795
5.6611228 -22.140635 -0.7078796
6.2370114 -22.15206 -0.71284944
8.0179882 -22.183969 -0.73066139
9.2596092 -22.205605 -0.74523145
9.8999414 -22.216764 -0.75340492
10.554932 -22.228178 -0.76219791
11.917149 -22.258224 -0.78205746
13.352148 -22.284023 -0.8046872
14.104209 -22.300627 -0.81733251
15.678847 -22.328617 -0.84511757
16.507998 -22.343357 -0.86050957
18.266161 -22.378368 -0.89477605
27.246239 5.5052347 -0.86101949
20.229668 5.6366982 -0.65048951
17.182608 5.6939945 -0.56070006
15.954883 5.7178421 -0.52498567
13.715576 5.6757998 -0.45979339
12.274043 5.7876067 -0.42034042
10.929502 5.8137226 -0.38346007
10.341337 5.8251472 -0.36764967
9.7994528 5.8356719 -0.35328719
9.2979784 5.8454118 -0.34019485
8.7211819 5.780911 -0.32409361
8.2809372 5.7813601 -0.31283554
7.6197653 5.8861074 -0.298244
6.2923727 5.9118876 -0.26743743
5.4585938 5.9280801 -0.24961227
4.9602537 5.937757 -0.23965515
4.7254295 5.9423175 -0.23516829
4.2805858 5.950954 -0.22706497
4.0692286 5.9550591 -0.22341095
3.8644531 5.9590349 -0.21999817
3.4229491 5.881474 -0.2107846
3.2375782 5.8850727 -0.20805755
2.9209666 5.9750247 -0.20600936
2.7459862 5.9784222 -0.20378296
2.4066405 5.9850101 -0.19981384
2.0795214 5.9913592 -0.19644424
1.9198828 5.9944596 -0.19497009
1.7625195 5.9975138 -0.19362961
1.6072265 6.0005288 -0.19241898
1.4537694 6.0035076 -0.19133422
1.1515527 6.0093732 -0.18952788
0.85430664 6.015142 -0.18819015
0.70708984 6.0179987 -0.18769073
-0.16772461 6.0349774 -0.18700637
-0.31370115 6.0378094 -0.18727401
-0.4601953 6.0406513 -0.18765183
-0.60734373 6.0435076 -0.18814178
-0.90440428 6.049273 -0.18945938
-1.0546777 6.0521879 -0.19029205
-1.2063769 6.055131 -0.19124466
-1.3596874 6.0581059 -0.19231857
-1.5148144 6.0611162 -0.19351852
-1.6507226 5.9871345 -0.19237
-1.8081445 5.9901872 -0.19381438
-1.9656543 5.9860587 -0.19515945
-3.2243261 6.1014652 -0.21376067
-3.6155858 6.1090531 -0.21988632
-4.0309081 6.1171088 -0.22691832
-4.2489548 6.1213384 -0.230811
-4.4747462 6.1257181 -0.23497787
-4.7089939 6.1302619 -0.23944198
-5.2059665 6.1399002 -0.24934661
-5.4704981 6.145031 -0.25484037
-5.7471189 6.1503935 -0.26073912
-6.0370507 6.1560173 -0.26707488
-6.3415818 6.1619229 -0.27388975
-6.6622458 6.1681399 -0.28122985
-6.8890233 6.0761466 -0.28453353
-7.2361131 6.07831 -0.29272109
-8.1215525 6.179285 -0.31610459
-8.5530958 6.1876516 -0.3269937
-9.0157032 6.1966228 -0.33886519
-10.634736 6.2280154 -0.3817459
-12.558115 6.1815033 -0.43356901
-14.577822 6.3214884 -0.49218184
-15.64955 6.3422685 -0.52304566
-16.865459 6.3658414 -0.55838734
-18.005077 6.3041325 -0.59090459
-23.978378 6.4923224 -0.76948208
-26.712666 6.5453315 -0.8519116
-16.073046 -7.9496713 -0.55543512
-7.637578 -8.2047129 -0.34721312
-19.219345 -21.672007 -0.89724857
-18.3179 -21.687574 -0.87933928
-15.035742 -21.74968 -0.8190186
-12.841132 -21.791561 -0.78348076
-11.475605 -21.815975 -0.76354665
-10.175517 -21.840689 -0.74634308
-8.930459 -21.865639 -0.73160833
-6.5677633 -21.908884 -0.70847416
-4.8802443 -21.939463 -0.69619489
-3.7839453 -21.960768 -0.69026768
-2.7035449 -21.980625 -0.68598723
-0.57024413 -22.026287 -0.6825012
3.7282226 -22.101685 -0.69427913
4.280879 -22.111752 -0.69763356
4.8398046 -22.124338 -0.70151365
5.9772949 -22.146906 -0.71055436
8.3550682 -22.189844 -0.7344473
9.6105366 -22.211721 -0.74965984
10.25874 -22.223017 -0.7581715
10.925088 -22.240391 -0.76753193
11.605635 -22.252625 -0.77739459
15.31581 -22.322165 -0.83854282
16.131786 -22.33667 -0.85345131
16.979872 -22.354401 -0.86954141
19.729774 -22.405642 -0.92472035
25.641151 5.5364141 -0.81254685
23.125868 5.5804386 -0.73689252
21.052128 5.6207232 -0.67493683
17.790556 5.6821856 -0.57849485
16.48665 5.7075138 -0.54041678
15.343085 5.7297273 -0.50731534
14.331035 5.7493863 -0.4783023
13.42414 5.7652664 -0.45254135
12.612734 5.7810273 -0.42976761
10.037568 5.831048 -0.35957274
8.4697943 5.7776933 -0.31758207
8.181572 5.875196 -0.3119998
7.7885547 5.8828301 -0.30233735
7.4189453 5.8900065 -0.2934204
6.4277735 5.9092569 -0.27045411
6.1304297 5.9150324 -0.26387146
5.8470702 5.9205351 -0.25774765
5.3172655 5.9308233 -0.2467311
4.5997949 5.9447565 -0.23282623
3.9556639 5.9572635 -0.22150177
3.754287 5.9611735 -0.2182167
3.5078611 5.8798246 -0.21207732
3.1375 5.8870158 -0.20663223
2.9616895 5.8954911 -0.20436187
2.3154395 5.9867792 -0.19882828
1.8329589 5.9961457 -0.194216
1.6767676 5.9991779 -0.19294769
1.3699805 6.0051322 -0.19078857
0.62630856 6.0195684 -0.18746352
0.48008788 6.0224051 -0.18713668
0.18875 6.0280585 -0.18681167
0.043271482 6.0308819 -0.18681228
-0.2480664 6.0365362 -0.18714035
-0.39429685 6.0393729 -0.18746841
-0.68874997 6.0450883 -0.18845901
-0.83730465 6.0479703 -0.18912338
-0.98700196 6.0508757 -0.18990387
-1.1380371 6.0538054 -0.19080184
-1.2905761 6.0567646 -0.19182052
-1.444873 6.0597587 -0.19296326
-2.5955956 6.0892682 -0.20503677
-2.9537108 6.0962152 -0.20982833
-3.5257225 6.1073112 -0.21843521
-3.7273533 6.1112213 -0.2217273
-3.9352832 6.1152544 -0.22525406
-4.1500778 6.119422 -0.22902878
-4.6026464 6.1281977 -0.23739898
-5.350215 6.1426969 -0.25232527
-5.6212692 6.1479535 -0.25803709
-5.9050684 6.1534576 -0.2641722
-6.2028418 6.1592326 -0.27076462
-6.8463573 6.1717119 -0.28551468
-7.4607711 6.0998211 -0.29850858
-7.9368162 6.1757011 -0.31150192
-8.3555565 6.1838226 -0.32198578
-8.8037987 6.1925139 -0.33340454
-9.2852144 6.2018499 -0.34586731
-10.366504 6.2228141 -0.37451643
-11.646377 6.2476311 -0.40937987
-12.243604 6.1924262 -0.42499387
-13.230175 6.2953591 -0.45383772
-15.151806 6.3326178 -0.50867462
-17.373701 6.295269 -0.57239455
-20.850498 6.4356875 -0.67591476
-22.616493 6.3874407 -0.72795463
-28.088867 6.4882083 -0.89297253
14.02666 -22.298571 -1.4103419
18.173466 -22.376308 -1.543287
19.102186 -22.393606 -1.5758233
27.561132 5.4987187 -1.5046207
22.361347 5.594964 -1.2340605
20.408936 5.6329169 -1.1334836
17.315771 5.6911478 -0.97581762
14.976777 5.7366142 -0.85861623
13.806231 5.6738272 -0.79913276
13.131806 5.7707415 -0.76792461
11.638896 5.7997589 -0.69618773
10.991651 5.8123393 -0.66566801
9.8521681 5.8344865 -0.61300534
8.7661133 5.7798882 -0.56213796
7.6572657 5.885242 -0.51703793
7.2952147 5.8922782 -0.50204575
6.6297359 5.9052091 -0.47531706
5.4848728 5.927454 -0.43235153
5.2295508 5.9324164 -0.42338622
4.9844728 5.9371758 -0.41502106
4.5216017 5.9461689 -0.39992172
4.0902734 5.9545488 -0.38675094
3.6855371 5.962409 -0.37526703
3.4419627 5.8810077 -0.36480865
3.0761328 5.8904409 -0.35576615
2.9388671 5.9745831 -0.35646194
2.7635057 5.9779878 -0.35258406
2.5918164 5.9813223 -0.34899062
2.423496 5.9845915 -0.34566849
2.0958006 5.9909539 -0.33979523
1.7783495 5.997117 -0.33488402
1.0174609 6.011889 -0.32643324
0.86926758 6.0147662 -0.32535598
0.72196287 6.0176249 -0.32447371
0.28363281 6.0261331 -0.32297546
-0.00734375 6.0317788 -0.32292128
-0.59238279 6.0431314 -0.3250798
-0.74031246 6.0460014 -0.32610014
-1.190918 6.0547428 -0.33036086
-1.3440331 6.0577154 -0.3321965
-1.4989746 6.0607209 -0.33424637
-1.9493164 5.985651 -0.33701658
-2.1114256 5.9887958 -0.3399629
-2.2765038 5.9919963 -0.34316254
-2.4822168 6.0869756 -0.35192978
-2.8350878 6.0938187 -0.35982192
-3.0177245 6.0973601 -0.36422423
-3.2050097 6.1009927 -0.3689537
-4.0091405 6.1165838 -0.39153549
-4.4513965 6.1251578 -0.40536988
-4.6847363 6.1296821 -0.41302979
-4.9272265 6.1343818 -0.42123625
-6.0068846 6.1553092 -0.46044874
-7.1992869 6.0774603 -0.50440276
-7.6778808 6.1705422 -0.52734464
-9.4610443 6.2050982 -0.6057356
-9.9945021 6.215435 -0.63010168
-11.203291 6.2388568 -0.68652004
-13.533759 6.3010345 -0.79923493
-15.534228 6.3397942 -0.89824897
-17.833721 6.2931256 -1.0124584
-19.672022 6.4125466 -1.1077206
-23.729023 6.4871368 -1.3169976
-26.40748 6.5390286 -1.4564755
-7.6519432 -8.1799307 -0.59970361
-18.407471 -21.685846 -1.5228512
-16.699482 -21.715349 -1.4665701
-15.113242 -21.747915 -1.4178517
-13.622764 -21.773884 -1.3750648
-12.218906 -21.802727 -1.3380579
-10.883838 -21.826593 -1.3057504
-9.610322 -21.852896 -1.2780713
-6.6259961 -21.908184 -1.2253654
-6.0560546 -21.918509 -1.2174153
-5.4931345 -21.928703 -1.2102674
-4.9364648 -21.938789 -1.2038969
-4.3852735 -21.948776 -1.1982868
-3.8392186 -21.960419 -1.193526
-1.6879981 -21.999952 -1.1812704
-1.1557422 -22.013681 -1.1801676
-0.62410152 -22.024614 -1.1796042
-0.092636719 -22.035542 -1.1797273
0.43923828 -22.046478 -1.1805367
0.97214842 -22.057436 -1.1820335
1.5067285 -22.068424 -1.1842288
0.96973628 -8.2921286 -0.4469603
3.1253514 -22.091194 -1.1944727
4.2247071 -22.111225 -1.2051814
4.7829685 -22.12364 -1.2117941
5.9190235 -22.146187 -1.2272553
7.0871387 -22.169369 -1.2460564
7.6843944 -22.178398 -1.2566148
8.9129 -22.199808 -1.2807204
9.545722 -22.210842 -1.2942687
12.232353 -22.263533 -1.3599801
12.948593 -22.276403 -1.3794509
16.047226 -22.334459 -1.4723508
18.680079 -22.385746 -1.5609187
19.630703 -22.403452 -1.5947083
8.5021877 -8.392312 -0.63955235
26.634159 -8.8419542 -1.5023776
25.921347 5.5305948 -1.4189829
21.245283 5.6166596 -1.1764836
19.186903 5.570971 -1.069641
17.932295 5.6791654 -1.0070362
15.452041 5.7273774 -0.88225245
14.427813 5.7472858 -0.83144873
12.690849 5.7793131 -0.74656296
10.65877 5.8188105 -0.650132
9.0843258 5.8494086 -0.57844704
8.5130072 5.7767072 -0.55078316
8.2054787 5.8619976 -0.53987908
7.1045995 5.8959818 -0.49427351
6.7730174 5.9024262 -0.48097503
5.8750782 5.9198737 -0.44651487
5.3429489 5.9302115 -0.42733702
5.093379 5.9350605 -0.4187091
4.8535547 5.9397197 -0.41065505
4.3999414 5.9485321 -0.39611509
3.9763572 5.9567609 -0.38343078
3.3390234 5.883007 -0.3621498
3.1557813 5.8865652 -0.35757828
2.9781737 5.892344 -0.35346144
2.3321288 5.9863653 -0.34395018
1.6924902 5.9987836 -0.33369187
1.0843848 6.0105901 -0.32698119
0.93573242 6.0134768 -0.32581526
0.49488279 6.0220327 -0.32348585
0.20348632 6.0276871 -0.3228862
0.058017578 6.0305109 -0.32286835
-0.087499999 6.0333352 -0.32303816
-0.23327148 6.0361638 -0.3233963
-0.5262109 6.0418472 -0.32468504
-0.82217771 6.0475907 -0.3267462
-0.97175777 6.0504923 -0.32807419
-1.1226367 6.0534186 -0.3296054
-1.2750195 6.056376 -0.3313449
-1.5851464 6.0623918 -0.33547041
-1.7211425 5.9884109 -0.33357832
-1.8773534 5.9842548 -0.33577132
-2.0382323 5.9873748 -0.33860886
-2.4050097 6.0854788 -0.35031569
-2.577832 6.08883 -0.35398558
-2.7544141 6.0922551 -0.35794556
-2.9351075 6.0957584 -0.36220658
-3.1202734 6.09935 -0.36678663
-3.3102734 6.103034 -0.37170362
-4.1279001 6.118886 -0.39515868
-4.3493357 6.123179 -0.40209532
-4.5788183 6.1276274 -0.40952498
-4.81708 6.1322465 -0.41747847
-5.0649414 6.1370511 -0.4260025
-5.5931344 6.1472907 -0.44494078
-5.8755565 6.1527643 -0.45546752
-6.1718359 6.1585064 -0.46677917
-6.8118844 6.1709137 -0.49207869
-7.0393748 6.0743608 -0.49777588
-7.4225683 6.0989432 -0.51432282
-7.8956933 6.1747622 -0.53662342
-8.3116207 6.1828241 -0.5545913
-8.7566795 6.1914468 -0.57415181
-9.7495899 6.2106876 -0.61887282
-10.913183 6.2332368 -0.67284155
-12.166269 6.190733 -0.73081493
-16.175663 6.3522234 -0.93037373
-17.372763 6.3430414 -0.99014014
-18.928993 6.39815 -1.0697242
-25.137051 6.5144181 -1.3902185
-20.688593 -21.641094 -1.602852
-18.809599 -21.678902 -1.5365884
-17.924189 -21.694197 -1.5065809
-17.072206 -21.708914 -1.4785583
-16.254501 -21.728029 -1.4527301
-14.693613 -21.755226 -1.4054751
-13.230107 -21.784649 -1.3645145
-11.178144 -21.821333 -1.3126035
-10.527178 -21.832972 -1.2976609
-7.4670897 -21.895826 -1.2385305
-6.8845997 -21.903496 -1.2292074
-5.1858397 -21.934273 -1.2066652
-4.0841894 -21.955919 -1.1956142
-3.5400975 -21.965918 -1.1911589
-2.9997852 -21.975843 -1.1874281
-0.8628906 -22.019705 -1.1797723
0.20016602 -22.041561 -1.1800858
0.73251951 -22.052509 -1.1812747
2.8808789 -22.08674 -1.1924722
3.9759569 -22.106693 -1.2025121
4.5311327 -22.116812 -1.2086612
5.0929685 -22.129791 -1.2157307
5.6612306 -22.141069 -1.2234988
6.2371387 -22.1525 -1.2320886
6.8215332 -22.164097 -1.2415248
7.4153514 -22.175884 -1.2518413
8.0180759 -22.184214 -1.2628694
9.2597361 -22.205856 -1.288056
10.555029 -22.228434 -1.31739
11.228525 -22.245493 -1.3340733
11.916972 -22.257866 -1.3516623
12.624228 -22.270573 -1.3705353
14.10376 -22.299938 -1.4126068
14.8779 -22.31369 -1.4358002
17.370537 -22.361355 -1.5159241
17.851543 -8.6671791 -1.0624051
24.098505 5.4773893 -1.3230613
22.147793 5.5991154 -1.2230264
18.589697 5.6663871 -1.0404443
13.715088 5.6755986 -0.79465133
12.273652 5.7874212 -0.72647941
10.92919 5.8135529 -0.66274351
9.7991896 5.8355155 -0.61059541
8.0017481 5.8785477 -0.53156793
7.2596579 5.8929691 -0.50058913
6.9197559 5.8995733 -0.486826
6.5978708 5.9058294 -0.47406599
6.0013571 5.9174199 -0.45121109
5.4584961 5.9279666 -0.43141448
4.960166 5.9376483 -0.41420531
4.7253513 5.9422112 -0.4064514
3.8643847 5.9589362 -0.38023239
3.4228907 5.8813772 -0.36431274
3.0580077 5.8907938 -0.35533401
2.9209278 5.9749308 -0.35605559
2.7459471 5.9783292 -0.35220656
2.2416503 5.988122 -0.34231016
2.0794921 5.991271 -0.33952391
1.3019335 6.0063677 -0.32902831
1.0023925 6.0121808 -0.32631469
0.85429686 6.0150552 -0.32525709
0.70707029 6.0179129 -0.32439497
0.41455078 6.0235906 -0.32324538
0.26886719 6.0264192 -0.32295471
-0.16773437 6.0348916 -0.32321227
-0.31370115 6.037724 -0.32367507
-0.4601953 6.0405655 -0.3243283
-0.60733396 6.0434222 -0.32517439
-1.2063671 6.0550447 -0.33053678
-1.3596581 6.0580182 -0.33239472
-1.5147852 6.0610271 -0.33446684
-1.8081152 5.990098 -0.33498031
-2.1280272 5.9891191 -0.34027496
-2.4997363 6.087316 -0.35230148
-2.6745996 6.0907073 -0.35612914
-2.8534081 6.0941739 -0.36025313
-3.036494 6.0977249 -0.3646884
-3.4171288 6.1051054 -0.37456116
-3.6155272 6.108952 -0.38004044
-4.9523535 6.1348701 -0.42209959
-5.2058592 6.1397834 -0.43095672
-6.6620994 6.1680093 -0.4860591
-6.8890133 6.0761347 -0.49177596
-7.2359371 6.0781732 -0.50592393
-10.050996 6.2165289 -0.63270497
-10.634434 6.2278352 -0.65977883
-11.967187 6.2536602 -0.72289008
-12.557705 6.1812968 -0.74933851
-14.577275 6.3212519 -0.85064113
-16.864737 6.3655729 -0.96506202
-21.738682 6.4525847 -1.2140073
-23.977001 6.4919424 -1.3298748
-26.710957 6.544909 -1.4723252
-16.61624 -21.716789 -1.4639574
-15.814316 -21.735701 -1.4390676
-15.035468 -21.749269 -1.4155406
-14.28123 -21.762411 -1.3935577
-12.841171 -21.791601 -1.3541442
-12.149619 -21.803965 -1.3363066
-10.817842 -21.827776 -1.3042219
-10.175918 -21.841566 -1.2900109
-7.731123 -21.890537 -1.2428851
-6.5678711 -21.909233 -1.2245228
-5.9986815 -21.919546 -1.2166553
-4.880322 -21.939806 -1.2032938
-3.2421679 -21.971392 -1.1890162
-2.7036231 -21.981289 -1.1856779
-2.1677344 -21.991137 -1.1830436
-1.6339648 -22.000946 -1.1811076
-1.1018164 -22.014791 -1.1800768
-0.57023436 -22.025723 -1.1795825
0.49321288 -22.04759 -1.1806552
1.0262598 -22.05855 -1.182224
1.5610352 -22.069544 -1.1844887
2.0973926 -22.072466 -1.1870141
3.7283008 -22.102182 -1.2000004
4.2809763 -22.112253 -1.2058069
6.5578809 -22.158865 -1.2371805
7.7455759 -22.179462 -1.2577447
8.3551655 -22.190088 -1.2694124
9.6106443 -22.211971 -1.2957009
10.924902 -22.240036 -1.3265649
11.605449 -22.252268 -1.3436069
15.315331 -22.321459 -1.449268
16.13126 -22.335951 -1.4750494
17.859169 -22.370453 -1.5324919
18.774609 -22.387506 -1.5642363
23.12458 5.5801263 -1.2735512
21.051064 5.6204352 -1.1664842
19.023935 5.5741386 -1.0612942
17.789764 5.6819353 -0.99980736
15.34249 5.7295074 -0.8767947
10.037294 5.8308878 -0.62145656
9.0371094 5.8503265 -0.57635087
8.4695797 5.7775517 -0.54888296
8.1813765 5.8750567 -0.53923881
7.7883787 5.8826947 -0.52253836
7.4187789 5.8898759 -0.50712872
7.0701466 5.8966508 -0.492879
6.7403708 5.9030595 -0.47968063
5.8469629 5.9204192 -0.44547606
5.3171582 5.9307122 -0.42643508
5.0686326 5.9355412 -0.4178665
4.5997071 5.9446502 -0.40240264
4.3777833 5.9489627 -0.39542878
4.1632714 5.9531293 -0.38891539
3.9555957 5.9571633 -0.38283157
3.7542186 5.9610758 -0.37715223
3.3202343 5.8833718 -0.36167204
3.1374414 5.8869219 -0.35713407
2.8240917 5.9768109 -0.35390013
2.6511524 5.9801702 -0.35020903
2.4816992 5.9834599 -0.34679472
2.3154101 5.98669 -0.34364304
2.1520214 5.9898624 -0.34074613
1.8329296 5.9960575 -0.33567244
1.3699511 6.0050468 -0.32974944
1.218955 6.0079765 -0.32820022
1.0692675 6.0108829 -0.32685456
0.62629879 6.0194817 -0.32400221
0.48008788 6.0223198 -0.32343748
0.33428711 6.0251484 -0.32306138
0.18874022 6.0279727 -0.3228752
0.043271482 6.0307965 -0.32287672
-0.10227539 6.0336213 -0.32306594
-0.54112303 6.0421367 -0.32476988
-0.68874019 6.0450015 -0.32572296
-0.83729488 6.047884 -0.32687071
-0.98699218 6.0507879 -0.32821989
-1.1380175 6.0537162 -0.32977143
-1.4448632 6.0596695 -0.33350891
-1.7370995 5.9887214 -0.33383086
-1.8935547 5.9845695 -0.33604857
-2.0547071 5.9876957 -0.33890808
-2.2187207 5.9908781 -0.34202009
-2.4223731 6.0858159 -0.35067564
-2.5955565 6.0891743 -0.35437453
-2.9536622 6.0961185 -0.36265609
-3.5256739 6.1072102 -0.37753144
-3.7273047 6.1111197 -0.38322112
-3.9352148 6.1151505 -0.38931504
-4.3722262 6.1236224 -0.40282592
-4.8417673 6.1327252 -0.41831678
-5.3501172 6.14258 -0.4361029
-5.9049411 6.1533341 -0.45657682
-7.0750976 6.0750556 -0.4992494
-9.2849607 6.201685 -0.59777349
-9.8040915 6.2117462 -0.62136406
-10.977617 6.2344842 -0.67587364
-13.229726 6.2951431 -0.78437376
-14.135742 6.3126984 -0.82881796
-15.15123 6.3323736 -0.87914342
-16.298809 6.3546085 -0.93656093
13.040889 -19.662706 -1.796772
13.511259 -19.342171 -1.7967497
13.973681 -19.010395 -1.7967277
15.311328 -17.949549 -1.7966636
16.158876 -17.189827 -1.7966224
16.96874 -16.3901 -1.7965826
17.358955 -15.975827 -1.7965633
17.739061 -15.552238 -1.7965443
18.108887 -15.11971 -1.7965257
19.480654 -13.304084 -1.7964554
19.795664 -12.830146 -1.7964391
20.099257 -12.348821 -1.796423
20.391104 -11.860271 -1.7964075
20.671093 -11.364838 -1.7963923
17.818563 -8.7050562 -1.5102093
20.219746 -7.5632377 -1.6439886
21.402441 -6.8484936 -1.7112656
22.926445 -5.5453405 -1.7962595
23.166962 -4.4331007 -1.7962425
23.26709 -3.8729582 -1.7962347
23.353622 -3.310559 -1.7962276
23.426611 -2.746244 -1.796221
23.485928 -2.180342 -1.7962151
23.53167 -1.6131821 -1.7962096
23.56369 -1.0450735 -1.7962047
23.581923 -0.47636899 -1.7962005
23.586561 0.092628174 -1.7961968
23.577383 0.66155702 -1.7961936
23.55455 1.2300861 -1.7961912
23.518007 1.7979175 -1.7961894
23.467743 2.3646953 -1.7961881
23.403877 2.9301038 -1.7961874
23.326406 3.4938037 -1.7961874
21.061298 4.732873 -1.6438775
20.941044 5.2395439 -1.6438797
20.808144 5.7430472 -1.6438468
17.315029 5.6909037 -1.3879825
16.070908 5.7151041 -1.2989281
13.805752 5.6736245 -1.1366625
12.348389 5.7857757 -1.038467
10.398134 5.8237042 -0.90758467
9.8519039 5.8343277 -0.87193877
9.3466501 5.8441544 -0.83945745
8.3226461 5.7802629 -0.77165687
8.0416403 5.8776312 -0.75853086
5.4847655 5.9273419 -0.61498207
5.2294531 5.932303 -0.60222948
4.984375 5.9370685 -0.59033185
4.748662 5.9416485 -0.57922548
4.3022556 5.950325 -0.55916846
4.0902052 5.9544449 -0.55012125
3.6854687 5.9623113 -0.53378391
3.2560546 5.884522 -0.51214749
2.938828 5.9744892 -0.50703675
2.7634766 5.9778948 -0.5015204
2.5917773 5.9812307 -0.49640915
2.0957811 5.9908648 -0.48333052
1.9358984 5.993969 -0.47967207
1.4692187 6.0030313 -0.47063735
1.3172363 6.0059805 -0.46824157
1.1667089 6.0089045 -0.46613845
0.72195309 6.0175385 -0.46153671
0.4293164 6.0232196 -0.4598465
0.28362304 6.0260477 -0.45940644
0.138125 6.0288715 -0.459234
-0.0073339841 6.0316935 -0.45932859
-0.29888672 6.0373502 -0.46032256
-0.59237301 6.043046 -0.46239868
-0.74029297 6.0459146 -0.46384993
-0.88922852 6.0488029 -0.46558303
-1.1908984 6.054656 -0.46991104
-1.6452539 6.0247135 -0.47559616
-2.1113966 5.9887052 -0.48356795
-2.2764745 5.9919062 -0.48812208
-3.7988379 6.1124029 -0.54804742
-4.0090723 6.1164789 -0.55692506
-4.4513183 6.1250482 -0.57660407
-4.6846581 6.1295695 -0.5874995
-5.1795897 6.1391606 -0.61167824
-6.3097262 6.1610551 -0.67157561
-7.6777148 6.1703973 -0.75009871
-9.4608002 6.2049322 -0.8615976
-9.9942083 6.2152619 -0.89625692
-11.893154 6.2520342 -1.0232131
-13.533291 6.3008122 -1.1368222
-14.475117 6.3190484 -1.2027786
-17.83289 6.29284 -1.4400991
-20.701591 6.1998539 -1.6456704
-20.845284 5.6987481 -1.6456796
-21.096083 4.6867752 -1.6456965
-23.437256 2.8763471 -1.7982086
-23.548897 1.7426294 -1.7982203
-23.60746 -0.5343588 -1.7982366
-23.587734 -1.1036847 -1.7982392
-23.554247 -1.6723342 -1.7982414
-23.44622 -2.8064377 -1.7982435
-23.283583 -3.9339852 -1.7982434
-23.066708 -5.0523558 -1.7982409
-20.721004 -6.1383328 -1.6457462
-20.400732 -7.1304941 -1.6457385
-19.831524 -8.5869379 -1.6457227
-19.618565 -9.0627842 -1.6457165
-19.783222 -12.890564 -1.798147
-19.466377 -13.363953 -1.7981361
-18.798935 -14.287055 -1.7981129
-18.087744 -15.176882 -1.7980876
-17.334423 -16.03137 -1.7980603
-16.5408 -16.848467 -1.7980311
-7.6513476 -8.1793089 -0.85301906
-15.708642 -17.626335 -1.7979999
-15.278779 -17.99999 -1.7979836
-14.83999 -18.363136 -1.7979668
-13.936816 -19.057096 -1.7979321
-13.00121 -19.706726 -1.7978958
-11.956016 -20.176504 -1.786006
-11.316416 -20.192394 -1.7627258
-10.692773 -20.207705 -1.7410346
-9.488574 -20.236723 -1.7020787
-8.3340912 -20.263832 -1.6685678
-7.2444139 -20.353764 -1.6452513
-6.7512693 -20.522367 -1.645231
-6.2541795 -20.678957 -1.6452105
-5.7534766 -20.823544 -1.6451898
-5.2494335 -20.956039 -1.6451689
-4.7423239 -21.076275 -1.6451477
-3.7202148 -21.279936 -1.6451049
-3.2057617 -21.363186 -1.6450831
-2.1716309 -21.492365 -1.6450393
-1.1324902 -21.571516 -1.6449951
0.43032226 -21.596029 -1.6449277
1.4713476 -21.549541 -1.6448824
1.9906836 -21.507504 -1.6448599
3.5405567 -21.306389 -1.6447918
4.0533981 -21.214485 -1.6447691
4.5638576 -21.110237 -1.6447465
6.5762401 -20.571178 -1.6446563
7.1198826 -20.548992 -1.6561362
7.6816111 -20.553373 -1.6709421
8.2548628 -20.560732 -1.6872419
9.4372072 -20.575361 -1.723827
11.857411 -20.399113 -1.7968276
12.344316 -20.106916 -1.7968047
12.827412 -19.803005 -1.796782
13.766992 -19.160847 -1.7967374
14.674726 -18.474148 -1.7966942
15.115898 -18.114527 -1.7966729
15.54834 -17.74445 -1.7966521
15.97165 -17.364012 -1.7966315
8.5017185 -8.3918457 -0.90970039
17.184853 -16.163134 -1.796572
17.569599 -15.743731 -1.7965527
17.944033 -15.315126 -1.7965339
18.308075 -14.877697 -1.7965156
19.003897 -13.977117 -1.7964801
19.335371 -13.514509 -1.796463
19.655605 -13.044052 -1.7964463
19.054688 -10.148867 -1.6440545
19.293808 -9.6861858 -1.6440414
19.738173 -8.7442455 -1.6440165
19.943222 -8.2655315 -1.6440048
20.136679 -7.7819963 -1.6439935
20.318388 -7.2939239 -1.6439826
20.615126 -6.8437586 -1.6541487
22.71875 -6.3434496 -1.7962734
22.998026 -5.2402611 -1.7962546
23.117666 -4.6839647 -1.7962462
23.223768 -4.1249347 -1.7962381
23.461006 -2.4347808 -1.7962176
23.512821 -1.8681453 -1.796212
23.550976 -1.3004373 -1.7962068
23.575449 -0.7319653 -1.7962023
23.583164 0.40596738 -1.796195
23.536133 1.5428905 -1.7961901
23.49205 2.1101732 -1.7961886
23.3629 3.2407672 -1.7961873
22.113544 3.6131279 -1.7063406
21.111366 4.5042925 -1.6438768
20.996572 5.0122428 -1.6438786
19.185986 5.5707049 -1.5214033
16.60961 5.7046256 -1.337392
15.451445 5.7271538 -1.2548989
11.94917 5.7935395 -1.0112801
10.658466 5.8186431 -0.9247461
10.091924 5.8296599 -0.88753879
9.0841017 5.8492594 -0.82278305
8.2054882 5.8620071 -0.76794761
7.4550977 5.8890362 -0.72348821
7.1044431 5.8958535 -0.70305932
6.4584961 5.9084125 -0.66659355
5.8749609 5.9197564 -0.63512784
4.8534665 5.9396133 -0.58412153
4.6225681 5.9440994 -0.5734269
3.9762988 5.9566593 -0.54539663
3.7743065 5.9605842 -0.53726071
2.8417871 5.9763737 -0.50394773
2.4986913 5.9830375 -0.49376097
2.1684277 5.9894524 -0.48508421
2.0074413 5.9925799 -0.48127455
1.8488574 5.9956584 -0.47779968
1.6924609 5.9986954 -0.47464934
1.3853222 6.0046601 -0.46928099
1.2341796 6.0075946 -0.46704742
0.93572265 6.0133891 -0.46344528
0.64114255 6.0191083 -0.46096328
0.49488279 6.0219464 -0.46013153
0.34905273 6.024776 -0.45957077
0.20347656 6.0276017 -0.4592784
0.058027342 6.0304241 -0.45925277
-0.087499999 6.0332489 -0.45949492
-0.37944335 6.0389142 -0.46078536
-0.67373043 6.0446243 -0.46316344
-0.97173828 6.0504031 -0.46665832
-1.8773242 5.9841657 -0.47760817
-2.5777929 6.0887361 -0.5035153
-2.9350488 6.0956621 -0.51520765
-3.7065136 6.1106143 -0.54425281
-4.1278224 6.1187787 -0.56207842
-4.5787306 6.1275177 -0.58251226
-4.8169923 6.1321354 -0.59382689
-5.3232031 6.1419425 -0.61894774
-5.5930271 6.1471686 -0.63289136
-6.4832811 6.1644168 -0.68127012
-6.811748 6.1707792 -0.69993567
-7.8955078 6.1746159 -0.76329547
-8.3114157 6.1826725 -0.78885293
-8.7564545 6.1912909 -0.81667382
-9.7493258 6.2105193 -0.88028258
-10.306797 6.2213154 -0.91679525
-11.575058 6.2458744 -1.0016152
-12.165869 6.1905313 -1.0395041
-14.03872 6.3105989 -1.1721334
-15.042089 6.3300271 -1.2427952
-16.174999 6.3519621 -1.3233469
-20.633154 6.4238982 -1.645666
-20.782177 5.9243426 -1.6456754
-21.211727 4.4176226 -1.6499962
-23.473476 2.5647485 -1.7982121
-23.528593 1.9977887 -1.7982179
-23.56996 1.4296551 -1.798223
-23.611641 0.29117981 -1.798232
-23.611816 -0.27845764 -1.7982353
-23.529989 -1.985086 -1.7982421
-23.475245 -2.5521388 -1.7982432
-23.406874 -3.1176653 -1.7982439
-23.229248 -4.242929 -1.7982429
-22.997538 -5.3583517 -1.7982397
-22.861563 -5.9115338 -1.7982373
-20.304169 -7.4008884 -1.6457359
-20.119707 -7.8884916 -1.645731
-19.715664 -8.8496008 -1.6457194
-19.921797 -12.675374 -1.7981515
-19.610098 -13.152189 -1.798141
-19.2871 -13.621321 -1.7981298
-18.952772 -14.082507 -1.7981182
-18.251268 -14.979998 -1.7980936
-17.884453 -15.415805 -1.7980802
-17.507265 -15.84259 -1.7980666
-16.722528 -16.668255 -1.7980379
-15.898857 -17.455116 -1.798007
-15.038232 -18.201258 -1.7979745
-14.594677 -18.558523 -1.7979575
-13.682314 -19.240488 -1.7979224
-12.738203 -19.877571 -1.7978854
-7.4721384 -20.294525 -1.6469116
-6.4780273 -20.610081 -1.6452198
-5.4762888 -20.89801 -1.6451783
-3.9506738 -21.238459 -1.6451145
-2.9216406 -21.403755 -1.6450713
-1.3662695 -21.558113 -1.645005
0.19618164 -21.59956 -1.6449379
0.71709961 -21.58827 -1.6449152
1.7574902 -21.527912 -1.6448702
2.7936718 -21.417568 -1.6448246
5.8532324 -20.788874 -1.6446888
6.3527832 -20.64135 -1.6446664
8.5754299 -20.56477 -1.6967722
10.39127 -20.586655 -1.7561272
11.635644 -20.526579 -1.7968377
12.611826 -19.940983 -1.7967921
13.558516 -19.309046 -1.7967474
14.473701 -18.632221 -1.7967039
15.355146 -17.911987 -1.7966615
16.6096 -16.754242 -1.7966003
17.008759 -16.348511 -1.7965807
17.397959 -15.93329 -1.7965612
17.77704 -15.508816 -1.7965423
18.145811 -15.075344 -1.7965238
19.513115 -13.256392 -1.7964537
20.129375 -12.299631 -1.7964213
20.420048 -11.810356 -1.7964058
20.698828 -11.314245 -1.7963908
17.818203 -8.6509886 -1.5083832
19.642275 -8.957715 -1.644022
19.852509 -8.4812021 -1.6440099
20.051182 -7.9998083 -1.6439985
20.238203 -7.513773 -1.6439875
21.587587 -6.8496013 -1.7247262
22.648729 -6.5893087 -1.7962779
22.800947 -6.0410471 -1.796268
23.36162 -3.2534273 -1.796227
23.433281 -2.6889532 -1.7962203
23.535526 -1.5556475 -1.7962091
23.566132 -0.98742795 -1.7962042
23.583036 -0.41868162 -1.7962
23.575712 0.71919674 -1.7961935
23.513535 1.8554461 -1.7961892
23.461884 2.4220874 -1.796188
23.39666 2.9873242 -1.7961874
23.317783 3.5508208 -1.7961874
21.255878 3.7635412 -1.6438751
21.158936 4.2752256 -1.6438762
20.928173 5.29074 -1.6438798
20.794403 5.7940006 -1.6438726
17.181133 5.6935086 -1.3783615
15.953623 5.7173858 -1.2905744
14.872499 5.7384133 -1.213966
13.7146 5.6753983 -1.1302989
12.273252 5.7872357 -1.0333374
11.570234 5.80091 -0.98564428
9.7989254 5.8353567 -0.86850876
9.2975092 5.845109 -0.83632541
8.7207518 5.780622 -0.79675597
6.9196091 5.8994465 -0.69246405
6.5977345 5.9057059 -0.67431653
6.292119 5.9116473 -0.6574682
5.7237206 5.9226971 -0.62722808
5.4583883 5.9278545 -0.6136477
4.9600682 5.9375405 -0.58917111
4.7252636 5.9421048 -0.57814169
4.2804394 5.9507489 -0.55822241
3.6655858 5.9626985 -0.53301436
3.4228418 5.8812823 -0.51820248
2.9208789 5.9748368 -0.5064584
2.4065721 5.9848285 -0.49122649
2.241621 5.9880314 -0.48690811
1.7624707 5.9973369 -0.47602478
1.6071777 6.0003533 -0.47304931
1.4537305 6.0033317 -0.47038132
1.301914 6.0062799 -0.46801406
1.1515235 6.0091996 -0.46594205
1.002373 6.012094 -0.46415555
0.85428709 6.0149698 -0.4626509
0.70707029 6.0178275 -0.46142456
0.26886719 6.0263333 -0.45937636
0.12338867 6.0291572 -0.45923126
-0.022089843 6.0319805 -0.45935303
-0.16773437 6.0348063 -0.45974335
-0.31370115 6.0376372 -0.46040085
-0.90438473 6.0490985 -0.46577361
-1.0546484 6.052012 -0.46782181
-1.3596387 6.057929 -0.47280303
-1.5147656 6.0609369 -0.47575179
-1.9655956 5.985878 -0.47978666
-2.3284569 6.0839019 -0.49607727
-3.0364451 6.0976262 -0.51873869
-3.2242186 6.1012673 -0.52551305
-3.6154687 6.1088495 -0.54057389
-4.7088184 6.1300383 -0.5886476
-4.9522462 6.1347537 -0.60039908
-5.2057614 6.1396661 -0.61299592
-5.470283 6.1447916 -0.62650359
-6.3413181 6.1616669 -0.67333043
-6.6619625 6.1678777 -0.69137353
-7.2357812 6.0780354 -0.71962911
-8.5526752 6.1873441 -0.80387694
-9.0152435 6.1963029 -0.83306026
-9.5129681 6.2059417 -0.86496389
-10.050722 6.2163553 -0.89995801
-10.634121 6.2276545 -0.93846548
-11.966806 6.2534614 -1.0282325
-12.557275 6.1810894 -1.0658473
-14.576738 6.3210163 -1.2099344
-15.6483 6.3417654 -1.2858063
-20.562891 6.647316 -1.645713
-20.716728 6.1492133 -1.6456714
-20.989424 5.1429682 -1.6456892
-21.10747 4.6351933 -1.6456975
-22.7071 4.4151301 -1.7615979
-23.28083 3.9464324 -1.7981954
-23.444239 2.8190434 -1.7982093
-23.505547 2.2527099 -1.7982153
-23.586914 1.1163983 -1.7982259
-23.6071 0.54710692 -1.7982301
-23.439278 -2.8637371 -1.7982436
-23.273876 -3.9909239 -1.7982434
-23.170839 -4.5511622 -1.7982423
-23.054277 -5.1087542 -1.7982407
-22.924316 -5.6633649 -1.7982385
-20.204042 -7.6699314 -1.6457334
-19.810459 -8.6354237 -1.6457222
-19.596289 -9.1107302 -1.6457157
-20.635868 -11.476966 -1.798175
-19.75164 -12.938909 -1.7981459
-19.433603 -13.411478 -1.798135
-19.104336 -13.876253 -1.7981236
-18.763906 -14.332995 -1.7981117
-18.412598 -14.781322 -1.7980992
-17.295135 -16.073681 -1.7980589
-16.902235 -16.486101 -1.7980444
-16.499512 -16.888847 -1.7980295
-7.6363378 -8.2033873 -0.85348839
-15.665517 -17.66468 -1.7979983
-15.234707 -18.037258 -1.797982
-14.795029 -18.399378 -1.7979652
-14.346738 -18.7507 -1.797948
-13.890146 -19.091125 -1.7979304
-13.425459 -19.420404 -1.7979122
-12.4729 -20.044924 -1.797875
-10.02294 -20.223934 -1.7188771
-7.7190528 -20.284204 -1.6527689
-7.1945896 -20.371399 -1.6452492
-6.7010446 -20.538759 -1.645229
-6.2035742 -20.694195 -1.6452084
-5.7025094 -20.837515 -1.6451876
-5.1981735 -20.968784 -1.6451668
-4.6907325 -21.08778 -1.6451455
-1.0797266 -21.574184 -1.6449928
-0.55900389 -21.59362 -1.6449704
-0.037949219 -21.60055 -1.6449479
1.5239941 -21.545837 -1.6448802
0.80322266 -8.4529448 -0.64661622
0.98999995 -8.2897339 -0.63577259
4.1052928 -21.204475 -1.6447668
4.6154685 -21.09894 -1.6447443
5.6276269 -20.851227 -1.6446991
6.1288571 -20.709126 -1.6446764
6.6265235 -20.554968 -1.644654
7.7391796 -20.554121 -1.6725352
8.313652 -20.561476 -1.6889663
8.8997459 -20.5688 -1.7067089
11.907294 -20.370058 -1.7968251
12.395137 -20.076616 -1.7968023
14.719893 -18.438162 -1.796692
15.160156 -18.077505 -1.7966708
15.591699 -17.70632 -1.7966501
16.427128 -16.933348 -1.7966093
8.5145607 -8.3635178 -0.90887821
18.344374 -14.832878 -1.7965138
18.696669 -14.385908 -1.7964958
19.079393 -10.102177 -1.6440533
19.544111 -9.1700964 -1.6440275
20.336172 -7.2442102 -1.6439816
22.87912 -5.7375669 -1.7962627
23.010721 -5.1839795 -1.7962538
23.128994 -4.6274061 -1.7962452
23.233789 -4.0681243 -1.7962373
23.517324 -1.8106338 -1.7962114
23.577108 -0.67430174 -1.7962019
23.582119 0.46364745 -1.7961947
23.486816 2.1676238 -1.7961885
23.427656 2.7335796 -1.7961875
23.354883 3.2979002 -1.7961873
21.204042 4.0456161 -1.6438756
21.100292 4.5559144 -1.6438769
16.485283 5.7070441 -1.3285028
15.341894 5.7292838 -1.2471371
14.32999 5.7489676 -1.1758142
13.423223 5.7648697 -1.1125002
12.611904 5.7806497 -1.0565109
11.877939 5.7949238 -1.0064483
11.209961 5.8079157 -0.96144271
10.598867 5.8198013 -0.92080754
9.0368748 5.8501773 -0.81980103
8.1811819 5.8749175 -0.76701468
7.7882028 5.8825593 -0.74326086
6.7402244 5.9029336 -0.68230224
6.4275098 5.9090152 -0.66488534
6.1301856 5.914794 -0.64870352
5.8468356 5.9203043 -0.63365006
5.5761814 5.9255643 -0.61963189
5.31707 5.9306011 -0.60656506
5.0685349 5.9354315 -0.59437752
4.829668 5.9400749 -0.583004
4.5996289 5.9445453 -0.57238311
4.1631932 5.9530277 -0.5531981
3.7541602 5.9609771 -0.53646773
3.5077538 5.8796329 -0.52137727
2.9616992 5.8955193 -0.50242537
2.8240428 5.9767179 -0.50339276
2.6511133 5.9800773 -0.49814329
2.4816699 5.9833684 -0.49328506
2.315371 5.9865985 -0.48880401
1.8329004 5.9959698 -0.47746551
1.6767187 5.999002 -0.47434738
1.5224609 6.0019975 -0.47154221
1.2189257 6.0078912 -0.46683776
0.92070311 6.0136809 -0.46329328
0.4800781 6.0222344 -0.46006271
0.043271482 6.0307107 -0.45926589
-0.10227539 6.0335355 -0.45953506
-0.2480664 6.0363641 -0.46007156
-0.39428711 6.0392022 -0.46087858
-0.68873048 6.0449152 -0.46331343
-0.98698241 6.0507011 -0.46686539
-1.1380078 6.0536294 -0.46907377
-1.2905469 6.0565886 -0.47157866
-1.4448438 6.0595803 -0.47438812
-1.6010547 6.0626101 -0.47751036
-2.0546679 5.9876056 -0.4820703
-3.5256054 6.10711 -0.53700578
-3.7272363 6.1110163 -0.54509979
-3.9351463 6.1150455 -0.55376661
-4.8416796 6.1326127 -0.59501851
-5.0905566 6.1374335 -0.60722637
-5.6210546 6.1477141 -0.63435996
-5.9048243 6.1532111 -0.64944047
-6.5157714 6.1650457 -0.68309975
-7.0749316 6.0749187 -0.71013892
-8.3551559 6.1835198 -0.79156446
-9.2847166 6.2015228 -0.85027236
-9.8038282 6.211575 -0.88382787
-10.365898 6.2224588 -0.92069823
-11.645654 6.2472405 -1.0063978
-14.135234 6.3124676 -1.1789002
-16.298134 6.3543463 -1.3321453
-17.373671 6.2952619 -1.4072328
-20.648817 6.3734088 -1.6456671
-20.79665 5.8734589 -1.6456765
-20.932411 5.3701372 -1.6456854
-21.055946 4.8636689 -1.6456938
-21.436201 4.4096923 -1.6666151
-23.236641 4.1985631 -1.7981919
-23.412245 3.0729492 -1.7982063
-23.479687 2.5073266 -1.7982126
-23.573437 1.3720081 -1.7982237
-23.599726 0.80293578 -1.7982283
-23.596132 -0.90565002 -1.7982385
-23.468964 -2.6095488 -1.7982434
-23.399179 -3.1748962 -1.7982439
-23.315771 -3.7383957 -1.7982436
-23.218819 -4.2997284 -1.7982429
-23.10829 -4.8586011 -1.7982415
-22.847059 -5.9674211 -1.798237
-21.185059 -6.0828366 -1.6784892
-20.621883 -6.4634814 -1.645744
-20.459833 -6.959044 -1.64574
-20.286005 -7.4505234 -1.6457354
-20.100351 -7.9376769 -1.6457304
-19.693964 -8.8977928 -1.6457187
9.679287 -15.387397 -1.796891
10.047539 -15.149289 -1.7968736
10.409961 -14.902368 -1.7968565
10.766289 -14.646791 -1.7968396
11.116367 -14.3827 -1.7968228
12.126953 -13.540847 -1.7967741
12.765674 -12.93997 -1.7967429
13.074023 -12.628186 -1.7967277
13.374706 -12.309028 -1.7967128
13.667626 -11.982715 -1.7966981
13.268574 -10.033177 -1.6443036
13.506631 -9.7101097 -1.6442914
14.378984 -8.3633738 -1.6442454
14.94581 -7.301599 -1.6442146
15.69123 -6.7488918 -1.6884048
17.171465 -5.9549365 -1.7965102
17.310009 -5.5389714 -1.7965019
17.66502 -4.2727299 -1.7964789
17.850389 -3.4157507 -1.7964655
17.927528 -2.9841521 -1.7964597
17.994276 -2.5508275 -1.7964541
18.096251 -1.6799847 -1.7964445
18.131454 -1.2429782 -1.7964402
18.156132 -0.80524319 -1.7964365
18.170254 -0.36705017 -1.7964332
18.173769 0.071370237 -1.7964305
18.166767 0.50974059 -1.7964281
18.033056 2.2576916 -1.7964232
17.822626 3.5557518 -1.7964244
16.551308 3.7193925 -1.6768414
16.135401 4.0371575 -1.6440942
16.033329 4.4251995 -1.6440964
15.921943 4.8106642 -1.6440988
15.801289 5.1933489 -1.6441016
13.805254 5.6734223 -1.4753448
10.991006 5.8119974 -1.2289668
10.397841 5.8235407 -1.1780123
7.6569138 5.8849735 -0.95457792
7.2948923 5.8920183 -0.92689854
6.6294532 5.9049616 -0.87755483
6.3222752 5.9109378 -0.85552245
6.0299706 5.9166241 -0.83504283
5.2293553 5.9321928 -0.78168011
4.7485838 5.9415421 -0.75182295
4.3021774 5.9502225 -0.72578955
4.090127 5.9543438 -0.71404564
3.68541 5.9622126 -0.69284219
3.4418554 5.880816 -0.67353749
3.076035 5.8902545 -0.65683907
2.9387791 5.9743938 -0.65812433
2.763418 5.9778018 -0.65096557
2.2581835 5.9876175 -0.63254499
2.095752 5.9907746 -0.6273542
1.778291 5.9969401 -0.61828709
1.1666894 6.0088177 -0.60504037
1.0174316 6.0117154 -0.60268468
0.72194332 6.0174527 -0.59906739
0.57536131 6.0202985 -0.59779471
0.28361326 6.0259624 -0.59630179
0.13813476 6.0287848 -0.5960778
-0.00734375 6.0316081 -0.59620136
-0.15295897 6.0344329 -0.59667146
-0.29888672 6.0372639 -0.59749055
-0.59236324 6.0429583 -0.60018706
-1.1908886 6.0545673 -0.60993713
-1.792002 5.9896088 -0.61797881
-2.2764356 5.9918132 -0.63357353
-2.4821386 6.0867863 -0.64975852
-2.6566112 6.090169 -0.65677077
-3.2049022 6.1007953 -0.6811868
-3.5950193 6.1083527 -0.70059735
-4.2262888 6.1205816 -0.73521346
-4.4512501 6.1249394 -0.7484203
-4.6845703 6.1294584 -0.76256257
-4.9270506 6.1341534 -0.77771133
-6.0066404 6.1550603 -0.85010529
-6.6285253 6.1671014 -0.89493096
-6.8884373 6.1056232 -0.90986615
-7.6775293 6.1702542 -0.9736073
-8.0788279 6.1780205 -1.0052997
-8.9666109 6.1952057 -1.0772953
-9.9939356 6.2150884 -1.1633093
-10.572383 6.2262836 -1.2128026
-11.202607 6.2384796 -1.2674618
-11.892783 6.2518353 -1.3280926
-12.476621 6.1793289 -1.3762476
-15.412285 6.2900114 -1.6454415
-15.559628 5.916431 -1.6454502
-15.697871 5.5394087 -1.6454585
-15.827002 5.1591449 -1.6454664
-16.057489 4.3898578 -1.6454811
-17.434101 4.3170257 -1.7753522
-17.756435 3.9448302 -1.7979569
-17.846504 3.5153673 -1.7979635
-17.926161 3.0838635 -1.7979696
-17.995361 2.6505566 -1.7979753
-18.054121 2.2157013 -1.7979804
-18.167177 0.90441525 -1.7979933
-18.189766 0.027147217 -1.7979995
-18.144159 -1.2882276 -1.7980056
-17.935673 -3.0304053 -1.7980071
-17.768602 -3.8918986 -1.7980052
-17.669521 -4.3193827 -1.7980036
-17.560175 -4.744338 -1.7980014
-17.440615 -5.1665559 -1.7979988
-17.310801 -5.5857258 -1.7979957
-17.171045 -6.0016503 -1.7979922
-16.352774 -6.1621842 -1.7273737
-15.431719 -6.2442412 -1.6455188
-14.369365 -8.4046926 -1.645486
-14.162382 -8.7488155 -1.6454791
-13.947139 -9.0878592 -1.6454719
-13.723808 -9.4216061 -1.6454643
-14.742646 -10.653225 -1.7979158
-14.481298 -11.005711 -1.7979066
-13.647353 -12.023845 -1.7978768
-13.353271 -12.349475 -1.7978662
-13.051376 -12.667917 -1.797855
-11.769814 -13.866064 -1.7978071
-11.087207 -14.417399 -1.797781
-10.736152 -14.680532 -1.7977674
-9.2714357 -15.646115 -1.7977101
-8.5058889 -16.074846 -1.7976797
-8.1156054 -16.275185 -1.7976642
-6.9173045 -16.818953 -1.7976156
-6.509531 -16.980778 -1.7975992
-5.6828709 -17.274639 -1.7975652
-5.2644629 -17.406546 -1.7975481
-4.8430076 -17.528276 -1.7975305
-3.9918847 -17.741142 -1.7974951
-3.1315331 -17.912661 -1.7974591
-2.6985157 -17.982788 -1.7974408
-2.2638965 -18.042454 -1.7974223
-0.51499999 -18.175869 -1.7973477
0.36222655 -18.179209 -1.7973099
1.2385547 -18.140209 -1.7972718
1.6757519 -18.104836 -1.7972528
0.96629882 -8.2628212 -0.82231915
2.5469725 -18.002554 -1.7972146
2.9804492 -17.935703 -1.7971954
3.8419335 -17.7707 -1.7971573
4.6944723 -17.564339 -1.7971193
5.1167188 -17.445826 -1.7971003
6.3646383 -17.029638 -1.7970439
8.3671284 -16.139204 -1.7969521
8.7539253 -15.932517 -1.7969341
9.1356049 -15.716555 -1.7969165
9.5119629 -15.491479 -1.7968987
10.606973 -14.762691 -1.7968472
11.306396 -14.233686 -1.7968137
11.979531 -13.671559 -1.7967813
12.305713 -13.378483 -1.7967654
8.5012503 -8.3913832 -1.1807436
13.825576 -11.800034 -1.7966902
14.106074 -11.463017 -1.7966762
13.634414 -9.5298023 -1.6442846
14.077929 -8.8609772 -1.6442615
14.48873 -8.1715879 -1.6442397
14.86581 -7.463171 -1.644219
15.231015 -6.7475185 -1.6466565
16.95294 -6.5516038 -1.7965235
17.105957 -6.1407251 -1.7965143
17.38204 -5.3085265 -1.7964973
17.617714 -4.4639649 -1.7964821
17.812344 -3.6090255 -1.7964685
17.894159 -3.1783175 -1.7964622
17.965546 -2.7457399 -1.7964566
18.026543 -2.3115587 -1.7964512
18.116943 -1.4394302 -1.796442
18.165186 -0.56398833 -1.7964348
18.15835 0.75103331 -1.796427
18.100965 1.6259198 -1.796424
18.056475 2.0620916 -1.7964234
18.001484 2.4970622 -1.7964232
17.860098 3.3623552 -1.7964239
15.730947 5.4028006 -1.6441034
14.426758 5.7468634 -1.5350168
12.690009 5.7789311 -1.3783078
10.09164 5.8294988 -1.1519932
9.5686913 5.8396759 -1.1080585
8.5125971 5.7764225 -1.0168722
8.2054977 5.8620133 -0.99679989
7.8267479 5.8816705 -0.96774763
7.4549217 5.8889031 -0.93906707
7.1042871 5.8957243 -0.91255301
6.7727246 5.9021745 -0.88799912
6.1595407 5.914103 -0.84406126
5.6029587 5.9249287 -0.80605495
5.3427539 5.9299884 -0.7889753
5.0931931 5.9348407 -0.77304465
4.8533788 5.9395051 -0.75817758
4.6224899 5.9439945 -0.74429554
3.7742479 5.960485 -0.6973536
3.3389158 5.8828168 -0.66862679
3.1556835 5.8863788 -0.66018438
2.841748 5.9762797 -0.65411466
2.3320606 5.9861832 -0.63502783
2.1683886 5.9893622 -0.62963033
1.6924316 5.9986076 -0.61608708
1.2341602 6.0075078 -0.60622007
1.0843555 6.0104165 -0.60369712
0.49487305 6.0218606 -0.59724516
0.20348632 6.0275149 -0.59613621
-0.087499999 6.0331635 -0.59641731
-0.37943357 6.0388274 -0.59809202
-0.52619141 6.0416741 -0.59945607
-1.1226074 6.0532427 -0.60854232
-1.429082 6.0591865 -0.61536038
-1.721084 5.9882331 -0.61587507
-1.8772949 5.9840751 -0.61992776
-2.2018945 5.9903693 -0.63085943
-2.4049413 6.08529 -0.64677823
-2.9350097 6.0955644 -0.66873121
-3.1201661 6.0991521 -0.6771875
-3.9137011 6.1145267 -0.71760356
-4.1277537 6.1186724 -0.72956669
-4.3491797 6.122963 -0.74237502
-4.5786619 6.1274066 -0.75608867
-4.8169141 6.1320219 -0.77077544
-5.0647559 6.1368203 -0.78651035
-5.3231053 6.1418252 -0.80338001
-5.5929098 6.147049 -0.82147652
-6.1715817 6.1582537 -0.8617934
-6.8116016 6.1706452 -0.90849894
-7.422236 6.0986638 -0.9495635
-7.8953223 6.1744695 -0.9907372
-8.7562399 6.1911335 -1.0600196
-9.749052 6.2103486 -1.1425769
-10.306494 6.221137 -1.1899686
-10.912529 6.2328653 -1.242215
-11.574687 6.2456794 -1.3000582
-12.165479 6.1903291 -1.3492391
-15.184882 6.8257818 -1.6456474
-15.494521 6.0847135 -1.6454464
-15.770098 5.3303947 -1.6454629
-15.89417 4.9484668 -1.6454705
-16.008974 4.5636535 -1.6454779
-16.657001 4.3167372 -1.7008806
-17.965546 2.8454669 -1.7979727
-18.124453 1.5389287 -1.7979875
-18.156338 1.1012878 -1.7979916
-18.177626 0.66301388 -1.7979951
-18.188368 0.22429992 -1.7979983
-18.188524 -0.21449524 -1.7980009
-18.178057 -0.65316832 -1.7980032
-18.157042 -1.0914704 -1.7980049
-18.125469 -1.5291369 -1.7980063
-17.967461 -2.8358049 -1.7980074
-17.893799 -3.2683802 -1.7980069
-17.610556 -4.5537324 -1.7980025
-17.495596 -4.9771948 -1.798
-17.37043 -5.3977637 -1.7979972
-15.766503 -6.1817017 -1.6739733
-15.187324 -6.8169994 -1.6455116
-15.018408 -7.181334 -1.6455065
-14.256415 -8.5948162 -1.6454823
-13.825175 -9.2723274 -1.6454678
-13.597402 -9.6030769 -1.64546
-14.059463 -11.539507 -1.7978916
-12.881933 -12.840115 -1.7978488
-12.568359 -13.147029 -1.7978371
-12.247471 -13.446311 -1.7978251
-11.919473 -13.737746 -1.7978128
-11.584551 -14.021166 -1.7978001
-11.24289 -14.296415 -1.797787
-10.540117 -14.821821 -1.7977598
-10.179443 -15.071626 -1.7977458
-9.8128223 -15.312637 -1.7977314
-9.0627241 -15.767879 -1.7977018
-8.6796579 -15.981743 -1.7976866
-8.291543 -16.186323 -1.7976712
-7.898623 -16.381481 -1.7976553
-7.501123 -16.567085 -1.7976393
-7.0992184 -16.743076 -1.7976232
-6.6932125 -16.909286 -1.7976066
-6.2833495 -17.065676 -1.7975898
-5.8697948 -17.212107 -1.7975729
-5.4528613 -17.34852 -1.7975557
-4.6096678 -17.590988 -1.7975209
-4.1839747 -17.696892 -1.7975031
-2.0240135 -18.070852 -1.7974123
-1.5874902 -18.114222 -1.7973936
-0.71196288 -18.169333 -1.7973562
1.0418359 -18.152615 -1.7972804
1.4794433 -18.122023 -1.7972614
2.7858691 -17.967024 -1.7972041
4.0776463 -17.717985 -1.7971469
4.9273338 -17.500353 -1.7971089
5.3479786 -17.376215 -1.7970899
5.7655368 -17.241955 -1.797071
6.1797071 -17.0977 -1.7970523
6.5902538 -16.943481 -1.7970337
6.996953 -16.7794 -1.7970152
7.39957 -16.60556 -1.7969967
8.1917181 -16.229008 -1.7969602
8.9647455 -15.814736 -1.7969244
9.7168941 -15.363656 -1.7968892
10.084551 -15.124651 -1.7968719
10.446328 -14.876853 -1.7968549
11.151455 -14.355448 -1.7968211
12.160019 -13.511152 -1.7967726
12.797265 -12.908723 -1.7967412
13.404775 -12.276262 -1.7967112
13.530302 -9.677043 -1.6442901
14.399336 -8.3281527 -1.6442443
14.595966 -7.9783435 -1.6442338
14.963573 -7.2650204 -1.6442136
15.79831 -6.749207 -1.6981455
16.880966 -6.7349815 -1.7965276
17.5683 -4.6546707 -1.7964853
17.67539 -4.2295175 -1.796478
17.772255 -3.8019085 -1.7964714
17.934765 -2.9402902 -1.796459
18.000458 -2.5068111 -1.7964537
18.055605 -2.0718682 -1.7964486
18.100311 -1.6357391 -1.7964441
18.158028 -0.76082671 -1.7964361
18.171093 -0.32260162 -1.796433
18.173534 0.11581054 -1.7964301
18.165449 0.55415285 -1.7964278
18.146757 0.99217039 -1.7964261
18.077763 1.8662573 -1.7964236
18.027479 2.3017817 -1.7964232
17.966709 2.7359655 -1.7964232
17.895498 3.1685565 -1.7964236
15.910156 4.8495841 -1.6440991
15.788554 5.2319865 -1.644102
13.0479 5.771966 -1.4102995
10.340459 5.8246574 -1.1731218
8.2803221 5.7809415 -0.99821585
7.259336 5.8927093 -0.9242115
6.9194531 5.8993192 -0.89880204
5.204072 5.9326859 -0.78006577
4.9599805 5.9374309 -0.76473188
4.7251854 5.9419975 -0.75041646
4.498867 5.9463983 -0.73704833
4.2803612 5.9506464 -0.72456181
4.0690136 5.9547553 -0.71289951
3.8642578 5.9587369 -0.70200962
3.6655371 5.9625983 -0.69184387
3.0579102 5.8906074 -0.65604466
2.7458594 5.9781437 -0.65026969
2.5745215 5.9814725 -0.64368641
2.4065332 5.9847355 -0.63760388
1.9197949 5.9941926 -0.62214947
1.1515039 6.0091119 -0.60478532
1.0023632 6.0120072 -0.60246646
0.70705074 6.0177407 -0.59892195
0.56052732 6.0205865 -0.59768486
0.26886719 6.026248 -0.59626341
0.12338867 6.0290704 -0.59607428
-0.16773437 6.0347199 -0.59673858
-0.31369141 6.0375519 -0.59759367
-0.46017578 6.0403924 -0.59879982
-1.0546288 6.0519257 -0.60722435
-1.5147461 6.0608487 -0.61751789
-1.8080664 5.9899201 -0.61846632
-1.9655762 5.9857879 -0.62275505
-2.3284278 6.0838065 -0.6438992
-2.8533106 6.0939813 -0.66512525
-3.4170117 6.1049042 -0.69154179
-3.6154003 6.108748 -0.70165479
-3.8197949 6.1127081 -0.71248823
-4.952158 6.1346402 -0.77930677
-5.2056642 6.1395502 -0.79565442
-5.7467771 6.1500287 -0.8320033
-6.3411913 6.1615372 -0.87396765
-6.8890038 6.0761223 -0.90797627
-7.7170801 6.1710196 -0.97670543
-8.1209764 6.1788373 -1.0086625
-9.5127239 6.2057757 -1.1226956
-10.050439 6.2161822 -1.1681154
-11.269707 6.2397785 -1.2733222
-11.966415 6.2532597 -1.3346069
-12.556855 6.180882 -1.3834258
-15.273115 6.6229668 -1.6455282
-15.574042 5.8783755 -1.6454512
-15.839561 5.1204228 -1.6454672
-17.618856 4.3170891 -1.7930853
-17.855049 3.4717009 -1.7979641
-18.001825 2.6065459 -1.7979758
-18.059502 2.1715581 -1.7979809
-18.10668 1.7353021 -1.7979857
-18.14332 1.2980022 -1.7979897
-18.184883 0.42144409 -1.797997
-18.189775 -0.017318726 -1.7979999
-18.184063 -0.45608214 -1.7980022
-18.140938 -1.3326035 -1.7980058
-18.103554 -1.7697991 -1.7980067
-17.997149 -2.6408737 -1.7980075
-17.928173 -3.0742605 -1.7980071
-17.848808 -3.5058162 -1.7980064
-17.759014 -3.935338 -1.798005
-17.658916 -4.3625712 -1.7980033
-17.548525 -4.7872548 -1.7980012
-17.427919 -5.2091904 -1.7979984
-17.297138 -5.6280494 -1.7979954
-17.156338 -6.0436349 -1.7979919
-16.242069 -6.1658731 -1.7172667
-15.416396 -6.2819495 -1.6455183
-15.260322 -6.652009 -1.6455139
-15.0954 -7.0181608 -1.6455089
-14.92165 -7.3802209 -1.6455036
-14.739219 -7.7379727 -1.6454978
-14.548213 -8.0912447 -1.6454917
-14.34876 -8.4398127 -1.6454854
-14.140918 -8.7834177 -1.6454785
-13.924863 -9.1219301 -1.6454711
-13.700712 -9.4551191 -1.6454635
-14.454316 -11.041089 -1.7979057
-14.183711 -11.386464 -1.797896
-13.904843 -11.725235 -1.7978861
-13.617909 -12.057175 -1.7978758
-13.323027 -12.382072 -1.7978652
-12.710156 -13.010072 -1.7978425
-11.397217 -14.173762 -1.7977929
-10.700195 -14.706728 -1.7977661
-10.342265 -14.960449 -1.7977521
-9.9782906 -15.205424 -1.797738
-9.6085052 -15.441626 -1.7977233
-9.2331152 -15.668757 -1.7977085
-7.6802535 -16.484898 -1.7976466
-7.2803125 -16.665197 -1.7976304
-6.8761425 -16.835819 -1.797614
-6.056025 -17.147564 -1.7975805
-5.6405759 -17.288464 -1.7975634
-5.2218652 -17.419348 -1.7975461
-4.800117 -17.540051 -1.7975287
-3.0876954 -17.920219 -1.7974572
-2.6545215 -17.989311 -1.797439
-2.2198045 -18.047911 -1.7974205
-1.7837206 -18.096016 -1.797402
-1.346709 -18.1336 -1.7973834
-0.90889645 -18.160631 -1.7973646
-0.47055662 -18.177076 -1.7973459
0.40668944 -18.178247 -1.797308
0.84506834 -18.162951 -1.7972889
1.2829003 -18.13706 -1.7972698
0.78859371 -8.2990417 -0.8240273
0.98828125 -8.2753315 -0.82380164
2.5910058 -17.996269 -1.7972126
3.885371 -17.76123 -1.7971554
5.57832 -17.303522 -1.7970796
8.0153608 -16.316948 -1.7969683
8.4065723 -16.118664 -1.7969503
8.792881 -15.911059 -1.7969323
10.28456 -14.989268 -1.7968625
10.643018 -14.736687 -1.7968453
10.995263 -14.475533 -1.7968286
11.680429 -13.928135 -1.7967957
12.012939 -13.642187 -1.7967796
12.338398 -13.348348 -1.7967639
8.5140915 -8.3630524 -1.1796798
13.270967 -12.420914 -1.796718
13.566621 -12.097046 -1.7967033
13.854365 -11.766162 -1.7966888
14.134072 -11.428477 -1.7966746
13.183935 -10.144217 -1.6443079
13.424658 -9.8231764 -1.6442955
14.09956 -8.8265085 -1.6442604
14.308281 -8.4837799 -1.6442492
14.700634 -7.7837005 -1.644228
15.33287 -6.7478256 -1.6558806
16.402109 -6.7509532 -1.7532547
17.120909 -6.0988626 -1.7965133
17.39497 -5.2659922 -1.7964965
17.516855 -4.8448396 -1.7964888
17.628565 -4.4208422 -1.7964813
17.73 -3.9943089 -1.7964742
17.901875 -3.1345356 -1.7964617
18.032139 -2.2674358 -1.7964507
18.081533 -1.8318127 -1.7964461
18.12042 -1.3951172 -1.7964416
18.166513 -0.51956117 -1.7964343
18.170401 0.35724607 -1.7964288
18.096924 1.6701862 -1.796424
17.995312 2.5410833 -1.7964232
17.92878 2.9744225 -1.7964233
17.851826 3.4060278 -1.796424
17.129911 3.6986418 -1.7322549
16.168701 3.9015918 -1.6440936
15.961748 4.6768622 -1.6440978
15.581445 5.818697 -1.6440622
13.422753 5.7646708 -1.4439784
12.611494 5.7804594 -1.3713119
11.877568 5.7947431 -1.3063304
10.598555 5.8196344 -1.1951747
10.036738 5.8305683 -1.1473516
8.1809959 5.8747773 -0.99556381
7.4184375 5.8896136 -0.93628323
7.0698338 5.8963957 -0.90997845
6.7400875 5.9028091 -0.88560939
6.4273729 5.9088922 -0.86300498
6.1300683 5.9146757 -0.84200066
5.8467283 5.9201875 -0.82246333
5.5760741 5.9254498 -0.80426902
5.3169627 5.93049 -0.78730834
4.5995507 5.9444389 -0.74294156
4.3776269 5.9487553 -0.73006696
2.961709 5.8955364 -0.65215099
2.8240039 5.9766254 -0.65339452
2.6510742 5.9799848 -0.64658141
2.1519628 5.9896817 -0.62910938
1.6766992 5.9989142 -0.61569518
1.2189062 6.0078034 -0.60594773
1.0692383 6.0107098 -0.60346264
0.33427733 6.0249772 -0.59646177
0.18874022 6.027802 -0.59611702
0.043271482 6.0306253 -0.59611863
-0.10227539 6.0334501 -0.5964691
-0.39428711 6.0391154 -0.59821433
-0.68873048 6.044827 -0.60137349
-0.83726561 6.047709 -0.60349411
-0.98696285 6.050612 -0.60598379
-1.1379784 6.0535407 -0.6088497
-1.2905176 6.0564995 -0.61210179
-1.4448144 6.0594916 -0.61574835
-1.6010351 6.0625215 -0.61980087
-1.7370508 5.9885416 -0.61634386
-1.8935058 5.9843903 -0.62043816
-2.0546386 5.9875126 -0.62571853
-2.7724512 6.0924139 -0.66163504
-3.3297167 6.1032124 -0.68722028
-3.7271776 6.1109123 -0.70752907
-4.1498532 6.119102 -0.73082548
-4.3720703 6.123405 -0.74372244
-5.0904589 6.1373186 -0.78816807
-5.3499122 6.142344 -0.80515784
-5.6209474 6.1475921 -0.82338321
-6.2024512 6.1588516 -0.86399871
-6.8459082 6.171309 -0.91105872
-7.4602537 6.0993986 -0.95251274
-8.8031149 6.1920414 -1.0638587
-9.803545 6.2114043 -1.1471789
-11.645292 6.247045 -1.3062645
-15.201308 6.7885261 -1.6456256
-15.509365 6.0467935 -1.6454474
-15.783105 5.2918048 -1.6454637
-15.90624 4.9095817 -1.6454713
-16.020098 4.5244479 -1.6454786
-17.816309 3.6650336 -1.7979614
-17.899599 3.2342267 -1.7979674
-17.97246 2.8014843 -1.7979733
-18.086777 1.9314398 -1.7979835
-18.128174 1.4945984 -1.7979879
-18.187939 -0.25898191 -1.7980012
-18.12167 -1.5735 -1.7980064
-18.024706 -2.445672 -1.7980075
-17.960468 -2.8797383 -1.7980074
-17.800634 -3.7426465 -1.7980056
-17.483358 -5.0199747 -1.7979999
-16.742714 -6.1491766 -1.7630517
-15.170595 -6.8541236 -1.6455112
7.8657031 -12.504309 -1.7969518
8.4595118 -12.110206 -1.7969236
8.7490721 -11.902522 -1.7969099
9.0336037 -11.687932 -1.7968963
9.3128119 -11.466526 -1.7968829
9.9472752 -9.1546764 -1.6444415
10.37707 -8.6641426 -1.64442
10.97622 -7.890955 -1.6443895
11.343896 -7.3523088 -1.6443702
12.15915 -6.6850281 -1.6878619
12.886289 -6.6851873 -1.7658927
13.833916 -5.1746006 -1.7966496
13.954668 -4.8393717 -1.7966424
14.067275 -4.5013361 -1.7966354
14.171719 -4.1606789 -1.7966288
14.267861 -3.8176079 -1.7966226
14.355781 -3.472311 -1.7966168
14.435331 -3.1249917 -1.7966112
14.506474 -2.7758777 -1.7966059
14.623398 -2.072979 -1.7965966
14.66913 -1.7196231 -1.7965925
14.734902 -1.0101318 -1.7965853
14.754961 -0.65439665 -1.7965823
14.766455 -0.2982907 -1.7965797
14.769297 0.058001708 -1.7965775
14.763583 0.41425231 -1.7965754
14.749316 0.77025205 -1.7965739
14.726436 1.1258142 -1.7965728
14.606445 2.1877418 -1.7965715
14.549423 2.5394366 -1.7965717
14.483954 2.8896625 -1.7965726
14.410048 3.2382092 -1.7965736
14.327744 3.5848668 -1.796575
13.637753 3.7640228 -1.7209451
12.622822 4.8349247 -1.644241
12.502509 5.1380143 -1.6442443
12.37498 5.438107 -1.644248
12.240244 5.7350593 -1.6442519
10.990684 5.8118253 -1.5123351
10.397558 5.8233743 -1.449631
9.8513575 5.8340116 -1.3927021
9.3461618 5.8438482 -1.3408254
8.7654591 5.7794514 -1.27715
8.3222361 5.7799811 -1.2325344
7.6567383 5.8848395 -1.1746862
6.3221383 5.9108157 -1.0527918
5.7510643 5.9219279 -1.0041407
5.4845605 5.927115 -0.98229361
5.229248 5.9320817 -0.96192485
4.984199 5.9368501 -0.94292277
4.7484961 5.9414349 -0.92518431
4.3020997 5.950119 -0.89314842
3.8846483 5.9582376 -0.86520302
3.4417968 5.8807182 -0.8288455
3.0759861 5.8901606 -0.80830204
2.9387305 5.9742985 -0.8098821
2.0957129 5.9906855 -0.77201682
1.9358398 5.9937897 -0.76617455
1.7782714 5.9968524 -0.76085949
1.6227832 5.9998722 -0.75605398
1.1666698 6.0087299 -0.74455732
1.0174121 6.0116291 -0.74165952
0.57535154 6.0202117 -0.73564172
-0.00734375 6.0315204 -0.73368108
-0.15295897 6.0343461 -0.73426056
-0.29887694 6.037178 -0.73526752
-0.4452832 6.0400176 -0.73670775
-0.74027342 6.0457401 -0.74090272
-0.88920897 6.0486298 -0.74366939
-1.0393262 6.0515409 -0.74689305
-1.1908593 6.0544791 -0.75058395
-1.3439844 6.0574479 -0.75475299
-1.4989063 6.060452 -0.75941277
-1.7919629 5.9895182 -0.76047903
-2.1113281 5.9885221 -0.77239943
-2.2764063 5.9917207 -0.77966803
-3.0175879 6.0970674 -0.82751751
-3.7987108 6.1121955 -0.87538701
-4.0089355 6.1162677 -0.88956439
-4.9269528 6.1340384 -0.95704097
-5.1793942 6.138926 -0.97701871
-5.4427342 6.1440225 -0.99843967
-5.7180567 6.1493521 -1.0214294
-6.0065231 6.1549344 -1.0461267
-6.3094625 6.1607976 -1.0726866
-6.8884277 6.1056194 -1.1196889
-8.0786324 6.1778727 -1.2371033
-8.5071583 6.1861615 -1.2794946
-9.9936523 6.2149138 -1.4315401
-10.57208 6.2261004 -1.4924432
-11.972295 6.2936087 -1.6452932
-12.120673 6.0030131 -1.6453013
-12.262002 5.7089081 -1.6453092
-12.39622 5.4115019 -1.6453168
-14.158144 4.2401819 -1.7977999
-14.427852 3.205338 -1.7978179
-14.501005 2.8563805 -1.7978232
-14.669687 1.800346 -1.7978369
-14.775009 0.37857786 -1.7978501
-14.779882 0.022058716 -1.7978524
-14.628535 -2.1100545 -1.7978588
-14.573388 -2.4623168 -1.7978587
-14.509746 -2.8131382 -1.7978581
-14.437666 -3.1623201 -1.797857
-14.357167 -3.5096679 -1.7978556
-14.171152 -4.1980262 -1.7978518
-14.065762 -4.5386219 -1.7978494
-13.830449 -5.2117004 -1.7978433
-11.991728 -6.258122 -1.6453705
-11.507548 -7.1087937 -1.6453547
-11.332685 -7.3842807 -1.6453488
-10.768935 -8.1843319 -1.6453294
-10.148828 -8.941494 -1.6453071
-9.4755468 -9.6517944 -1.6452824
-7.6501856 -8.1780624 -1.3622049
-9.2890139 -11.494303 -1.7976856
-9.0090036 -11.714955 -1.7976748
-8.7237396 -11.928784 -1.7976638
-8.4333887 -12.135685 -1.7976526
-8.1381636 -12.335494 -1.7976412
-7.5336328 -12.713485 -1.7976173
-7.2247066 -12.891411 -1.797605
-6.9115915 -13.061852 -1.7975926
-5.9488769 -13.527158 -1.7975538
-5.6208005 -13.666595 -1.7975405
-4.9550486 -13.921575 -1.7975134
-4.2777734 -14.144152 -1.7974856
-3.9353223 -14.243114 -1.7974714
-2.8950098 -14.490041 -1.7974279
-2.1927733 -14.612554 -1.7973984
-1.8396288 -14.661067 -1.7973835
-1.4854199 -14.701064 -1.7973684
-0.41847655 -14.769615 -1.7973228
0.29434571 -14.772367 -1.7972921
0.65059566 -14.760837 -1.7972767
1.0064453 -14.740733 -1.7972611
0.96450192 -8.2474432 -1.0100709
2.4219337 -14.574672 -1.797199
4.1579294 -14.176725 -1.7971219
4.8367186 -13.959455 -1.7970911
5.5042868 -13.709718 -1.7970608
5.8333302 -13.572841 -1.7970458
7.1136913 -12.94721 -1.7969868
8.0310736 -12.39866 -1.7969439
8.6195993 -11.996696 -1.796916
9.1521673 -9.9500151 -1.6444806
9.389492 -9.7262859 -1.6444689
8.5007715 -8.390914 -1.4529601
9.8474798 -9.2619839 -1.6444464
10.067968 -9.0216846 -1.6444354
10.282627 -8.7761469 -1.6444247
10.693779 -8.269906 -1.6444039
10.890068 -8.0094995 -1.6443939
11.080039 -7.7444243 -1.6443839
11.61084 -6.922832 -1.6443563
11.852763 -6.6849103 -1.6552922
12.551465 -6.6851339 -1.7298385
13.200195 -6.626976 -1.7966857
13.356152 -6.3066063 -1.7966771
13.644668 -5.655067 -1.7966608
13.77704 -5.3242545 -1.7966529
14.400624 -3.281281 -1.7966136
14.542031 -2.5829103 -1.7966032
14.600068 -2.2313802 -1.7965987
14.64959 -1.8785305 -1.7965944
14.690644 -1.5245923 -1.7965903
14.769082 -0.10209472 -1.7965783
14.767236 0.25420713 -1.7965764
14.737773 0.96612424 -1.7965733
14.710176 1.3213397 -1.7965722
14.674004 1.675805 -1.7965716
14.629326 2.0292945 -1.7965715
14.444297 3.0818157 -1.796573
14.365742 3.4293535 -1.7965744
14.159512 3.7433417 -1.7815577
12.886259 4.0810428 -1.6442342
12.784072 4.390697 -1.6442367
12.55747 5.0021982 -1.6442428
12.433193 5.3036551 -1.6442463
12.30167 5.6020427 -1.6442502
10.091357 5.8293376 -1.4176162
9.5684271 5.8395195 -1.3635505
9.0836325 5.8489594 -1.3141944
8.512392 5.7762785 -1.25135
7.8265719 5.8815327 -1.1908914
6.7725778 5.9020486 -1.0927571
6.4582224 5.9081683 -1.0647267
6.1594138 5.9139824 -1.0386895
5.8747263 5.9195218 -1.0144715
5.6028614 5.9248123 -0.99192089
5.0930958 5.9347305 -0.95129842
4.6224022 5.9438872 -0.91592187
4.1844921 5.9524064 -0.88506848
3.1556249 5.8862834 -0.8124181
2.9780273 5.8920646 -0.80306095
2.8416991 5.9761872 -0.80494881
1.3852735 6.0044842 -0.74957752
1.0843457 6.0103302 -0.74290603
0.78802735 6.0160832 -0.73805296
0.49486327 6.0217729 -0.73496366
0.20347656 6.0274296 -0.7336002
-0.087499999 6.0330768 -0.73394591
-0.37943357 6.0387406 -0.73600692
-0.67371094 6.0444498 -0.73980612
-0.97170895 6.0502286 -0.74538749
-1.1225879 6.0531549 -0.74886703
-1.2749609 6.0561099 -0.75282019
-1.4290625 6.0590973 -0.75725746
-1.7210644 5.9881425 -0.75789124
-1.8772753 5.9839859 -0.76287705
-2.0381348 5.9871039 -0.76932037
-2.2018456 5.9902749 -0.77632946
-2.4049022 6.085197 -0.7959187
-2.5777147 6.0885453 -0.80425817
-2.7542772 6.0919657 -0.81325245
-3.1201172 6.099052 -0.83334023
-4.1276755 6.118566 -0.89779568
-4.3491015 6.1228533 -0.91355747
-5.5928025 6.1469278 -1.010897
-5.8752146 6.1523929 -1.034808
-6.1714549 6.1581268 -1.0605105
-8.7560053 6.1909747 -1.3044363
-9.7487984 6.2101774 -1.4060283
-11.746211 6.7090044 -1.6454667
-11.903418 6.4230266 -1.6452998
-12.054883 6.1340251 -1.6452976
-12.336806 5.5455365 -1.6453135
-12.705664 4.6390009 -1.6453348
-12.813984 4.3311915 -1.6453414
-13.66708 4.2550859 -1.7411973
-14.46917 3.0133977 -1.7978208
-14.597734 2.3120623 -1.7978306
-14.649336 1.9592438 -1.797835
-14.692344 1.6053082 -1.797839
-14.75332 -0.88686371 -1.7978568
-14.727617 -1.2424798 -1.7978579
-14.693369 -1.5974026 -1.7978586
-14.599218 -2.3041968 -1.7978588
-14.539385 -2.6556842 -1.7978584
-14.471104 -3.0056262 -1.7978576
-14.394365 -3.3538389 -1.7978565
-14.309267 -3.7000835 -1.7978549
-14.21583 -4.0441632 -1.7978529
-14.11412 -4.3858852 -1.7978506
-14.004199 -4.7250547 -1.7978479
-13.886113 -5.0615048 -1.7978448
-13.004745 -6.2184563 -1.7534665
-12.287881 -6.2442436 -1.6766387
-11.048515 -7.802927 -1.645339
-10.85704 -8.0671301 -1.6453325
-10.659258 -8.3266392 -1.6453254
-10.455254 -8.5813074 -1.6453183
-10.029081 -9.0755005 -1.6453029
-9.9516993 -10.925839 -1.7977107
-9.6852245 -11.162668 -1.7977008
-9.4130859 -11.392973 -1.7976904
-7.9735351 -12.442468 -1.7976347
-7.6710153 -12.631099 -1.7976228
-7.052783 -12.98622 -1.7975982
-6.7374411 -13.152463 -1.7975856
-6.4181542 -13.311066 -1.7975727
-5.7686133 -13.604931 -1.7975466
-5.4387302 -13.740023 -1.7975333
-5.1056542 -13.867106 -1.7975197
-4.7696581 -13.986133 -1.7975057
-3.3997948 -14.380154 -1.7974491
-1.29 -14.719443 -1.7973602
-0.57853514 -14.764272 -1.7973297
0.13420898 -14.774746 -1.797299
0.4905664 -14.767098 -1.7972836
0.86816406 -8.1924257 -1.0021214
3.3135545 -14.397827 -1.7971596
3.6598535 -14.313601 -1.7971442
4.6851854 -14.011126 -1.797098
5.0217381 -13.893914 -1.7970828
5.3553805 -13.768616 -1.7970676
5.6858888 -13.635324 -1.7970526
6.0130858 -13.494084 -1.7970376
6.3368063 -13.344977 -1.7970227
6.972959 -13.023627 -1.7969934
7.2850289 -12.851529 -1.7969788
7.8962498 -12.485004 -1.7969502
8.1950483 -12.29082 -1.7969362
9.062129 -11.665798 -1.7968949
9.3408499 -11.44371 -1.7968816
9.0440626 -10.048684 -1.644486
10.186885 -8.8871059 -1.6444296
11.361835 -7.3245406 -1.6443694
11.535146 -7.0483112 -1.6443602
12.229941 -6.685051 -1.6954135
13.286972 -6.4510307 -1.796681
13.43871 -6.1286249 -1.7966725
13.718564 -5.4732785 -1.7966565
13.966455 -4.8052411 -1.7966417
14.078271 -4.4669271 -1.7966348
14.277197 -3.7826958 -1.7966219
14.44291 -3.0896904 -1.7966107
14.513193 -2.7404015 -1.7966055
14.628398 -2.0372083 -1.7965962
14.673242 -1.6837463 -1.7965922
14.709579 -1.3293158 -1.7965884
14.756514 -0.61830199 -1.7965821
14.723622 1.1618359 -1.7965727
14.650449 1.8705957 -1.7965715
14.601064 2.2234447 -1.7965715
14.543193 2.5749993 -1.796572
14.476835 2.9250865 -1.7965726
14.402089 3.273443 -1.7965738
14.318915 3.6198912 -1.7965751
13.524931 3.7684898 -1.707865
12.724638 4.5601549 -1.6442382
12.36164 5.4683475 -1.6442484
12.226192 5.764986 -1.6442524
12.083906 6.0584016 -1.6443005
10.928223 5.8130426 -1.5056926
9.798398 5.835042 -1.3872262
9.2970209 5.8448038 -1.3358219
8.2801361 5.7807999 -1.2283882
6.2918649 5.9114041 -1.0501543
6.0009961 5.9170661 -1.0251378
5.723496 5.9224648 -1.0018554
5.2039647 5.9325747 -0.959939
4.7250977 5.9418902 -0.92345279
4.4987793 5.9462919 -0.90700257
4.0689549 5.9546528 -0.87728673
3.4227245 5.8810892 -0.82771498
3.2373827 5.8846927 -0.81699455
3.0578613 5.8905129 -0.80731988
2.9207909 5.974649 -0.80895847
2.7458203 5.9780498 -0.8002159
2.5744824 5.98138 -0.79211509
1.9197656 5.994102 -0.76561153
1.6071386 6.0001764 -0.75559479
1.0023535 6.0119205 -0.74139065
0.85425782 6.0147953 -0.7389887
0.70704103 6.0176554 -0.73702896
0.56051755 6.0204997 -0.73550731
0.41453123 6.023334 -0.73441684
0.26885742 6.0261612 -0.73375714
0.1233789 6.028985 -0.73352545
-0.022089843 6.0318084 -0.7337203
-0.31369141 6.0374651 -0.73539406
-0.46017578 6.040307 -0.73687756
-0.60731447 6.0431609 -0.73879844
-0.7553125 6.046032 -0.74116218
-1.2063086 6.0547781 -0.75098431
-1.6506348 5.9867792 -0.75540853
-1.808037 5.9898295 -0.76107949
-2.3283985 6.083714 -0.79237783
-2.4996092 6.0870304 -0.80043203
-2.6744823 6.0904202 -0.80912817
-3.0363476 6.0974307 -0.82857275
-3.8197167 6.1126018 -0.87678075
-4.4744139 6.1252789 -0.92270714
-5.7466698 6.1499066 -1.0238518
-6.8889942 6.0761161 -1.1173637
-7.2354488 6.0777578 -1.1494328
-7.7168846 6.1708746 -1.2019145
-8.1207714 6.178688 -1.241239
-9.0147753 6.195982 -1.3306067
-9.5124607 6.2056084 -1.3815637
-10.633496 6.2272892 -1.4989609
-11.833632 6.5519814 -1.645375
-11.987646 6.2643242 -1.645294
-12.135322 5.9733624 -1.6453023
-13.167881 4.2567487 -1.6833774
-14.265869 3.8625708 -1.797807
-14.435654 3.1700647 -1.7978184
-14.507958 2.8209033 -1.7978238
-14.571806 2.4701343 -1.7978287
-14.627207 2.1179247 -1.7978332
-14.712392 1.41 -1.7978412
-14.775898 0.34244201 -1.7978503
-14.762041 -0.7269125 -1.7978562
-14.740224 -1.0827923 -1.7978575
-14.62334 -2.1458089 -1.7978588
-14.429902 -3.1976209 -1.797857
-14.348545 -3.5447564 -1.7978555
-14.160859 -4.2326689 -1.7978517
-14.054609 -4.573009 -1.7978491
-13.940175 -4.9106903 -1.7978462
-13.68706 -5.5772796 -1.7978393
-13.348574 -6.2060313 -1.7906547
-12.60207 -6.2329612 -1.7101907
-11.821054 -6.5744758 -1.645365
-11.314599 -7.4119792 -1.6453482
-11.132481 -7.6827173 -1.6453419
-10.547647 -8.4674988 -1.6453215
-10.340293 -8.71943 -1.6453141
-10.126924 -8.9662838 -1.6453063
-9.6825781 -9.4441824 -1.6452901
-9.4519043 -9.674942 -1.6452817
-9.8056641 -11.05703 -1.7977052
-8.694541 -11.950082 -1.7976627
-8.4036818 -12.156252 -1.7976515
-7.5025191 -12.731862 -1.7976161
-6.8796387 -13.078709 -1.7975913
-6.5620995 -13.240762 -1.7975786
-6.2407422 -13.395104 -1.7975657
-4.9209471 -13.933647 -1.7975121
-4.2431736 -14.154558 -1.797484
-2.8595507 -14.49706 -1.7974266
-1.0943066 -14.735217 -1.7973518
-0.73854488 -14.757192 -1.7973366
0.68669921 -14.759187 -1.7972751
1.0425 -14.738198 -1.7972597
0.77562499 -8.1625185 -0.99737579
0.98643553 -8.2599707 -1.0118967
2.105459 -14.623845 -1.7972131
2.8082421 -14.505041 -1.797182
3.1572948 -14.432957 -1.7971666
4.8708496 -13.947585 -1.7970897
5.2058592 -13.825901 -1.7970744
5.8665037 -13.558513 -1.7970443
6.1918063 -13.41294 -1.7970294
6.5134959 -13.259587 -1.7970146
6.8314157 -13.09847 -1.7969999
7.4550877 -12.753564 -1.796971
8.935195 -11.763372 -1.7969011
9.21626 -11.544326 -1.7968876
9.491992 -11.318565 -1.7968744
9.1764545 -9.9275904 -1.6444795
9.4132223 -9.7032862 -1.6444678
9.8700972 -9.2378712 -1.6444453
10.304043 -8.7509632 -1.6444236
10.512041 -8.4998016 -1.6444131
10.713955 -8.2437201 -1.6444029
10.909629 -7.9828429 -1.6443928
11.098965 -7.7172885 -1.6443831
11.281816 -7.4472771 -1.6443734
11.458105 -7.1729264 -1.6443642
11.627725 -6.8944149 -1.6443553
11.920859 -6.6849394 -1.6625146
13.216367 -6.5946741 -1.7966849
13.371532 -6.2739215 -1.7966763
13.518926 -5.949523 -1.7966679
13.658437 -5.6216736 -1.7966598
13.913564 -4.9563303 -1.7966448
14.136298 -4.2794933 -1.7966311
14.408613 -3.2460454 -1.7966131
14.482705 -2.8975384 -1.7966077
14.748955 -0.77822292 -1.7965834
14.769297 -0.065953672 -1.7965782
14.755254 0.64643246 -1.7965744
14.669863 1.7117059 -1.7965716
14.624307 2.0650713 -1.7965715
14.436718 3.1171336 -1.7965732
14.038593 3.7481389 -1.7674932
12.87624 4.1125498 -1.6442344
12.7733 4.4219508 -1.644237
12.66292 4.7288127 -1.6442399
12.420176 5.3340521 -1.6442466
12.148378 5.9268146 -1.6442327
11.209287 5.8075676 -1.5356524
10.598251 5.8194671 -1.4707525
10.036465 5.8304071 -1.411904
9.5176172 5.8405108 -1.3583419
8.468955 5.7771244 -1.2470376
8.1807909 5.8746367 -1.2251216
7.7878418 5.882287 -1.1871837
7.4182811 5.8894815 -1.1521745
5.5759668 5.9253349 -0.98972172
4.599463 5.944334 -0.91425431
4.3775487 5.9486504 -0.89841247
4.1630468 5.9528227 -0.88361388
3.9554002 5.956861 -0.86979252
3.7540331 5.9607768 -0.85688901
3.5076268 5.8794379 -0.83278698
2.9617188 5.895545 -0.80254716
2.8239551 5.976531 -0.80406219
2.4815819 5.9831853 -0.78791887
1.9911914 5.9927139 -0.7681461
1.5224121 6.0018206 -0.75318843
1.3698926 6.0047832 -0.74919492
1.0692285 6.0106244 -0.74261612
0.77308589 6.0163736 -0.73785412
-0.39427733 6.0390286 -0.73615795
-0.68871093 6.0447407 -0.74004537
-0.98694336 6.0505242 -0.74571884
-1.4447949 6.0594025 -0.75773489
-1.7370214 5.9884515 -0.75846595
-1.8934667 5.9842987 -0.76350546
-2.4222655 6.0855341 -0.79673588
-2.9535253 6.0958257 -0.82395554
-3.1391602 6.099422 -0.83443707
-3.5254881 6.106905 -0.85775018
-4.149785 6.1189933 -0.89934582
-4.3719921 6.1232963 -0.91521561
-4.6023045 6.1277542 -0.93220848
-4.8415036 6.1323857 -0.95040864
-5.0903611 6.1372027 -0.96990848
-5.3498144 6.1422248 -0.99081665
-5.6208301 6.14747 -1.0132439
-6.2023239 6.1587238 -1.0632225
-6.8457618 6.171175 -1.1211342
-7.4600778 6.0992584 -1.1721466
-8.8028908 6.1918817 -1.3091618
-9.2842283 6.2011919 -1.3580972
-9.8032713 6.2112322 -1.4116913
-11.762461 6.6801872 -1.64545
-11.918964 6.3938346 -1.6452827
-12.069863 6.1045208 -1.6452986
-12.213642 5.8116364 -1.6453065
-12.479824 5.2158599 -1.6453216
-12.716982 4.6079135 -1.6453357
-14.40041 3.3263164 -1.7978159
-14.476503 2.9779985 -1.7978215
-14.544169 2.6279442 -1.7978265
-14.603359 2.2763226 -1.7978311
-14.654081 1.9234027 -1.7978355
-14.69622 1.56937 -1.7978395
-14.754863 0.85875851 -1.7978463
-14.778418 -0.21043335 -1.7978538
-14.769043 -0.56685299 -1.7978556
-14.751094 -0.92293972 -1.797857
-14.724541 -1.2785285 -1.7978579
-14.689424 -1.6333401 -1.7978587
-14.645741 -1.9871991 -1.7978588
-14.532851 -2.6912377 -1.7978584
-14.463701 -3.0410473 -1.7978575
-14.300166 -3.7350655 -1.7978545
-14.205898 -4.0789227 -1.7978526
-13.992598 -4.7593265 -1.7978475
-13.873711 -5.0954542 -1.7978445
-13.468857 -6.0852714 -1.7978331
6.2879782 -9.4807682 -1.6446013
6.5148144 -9.3262682 -1.6445906
6.956943 -9.0011005 -1.6445695
7.1719918 -8.8306017 -1.6445593
7.3828611 -8.6549788 -1.644549
7.5894628 -8.4743166 -1.644539
7.9892578 -8.0983238 -1.6445194
8.1822071 -7.9032006 -1.64451
11.032803 -5.7236276 -1.7967738
11.167626 -5.4558029 -1.7967663
11.295918 -5.1848168 -1.7967591
11.417656 -4.9108028 -1.7967523
11.532773 -4.6339417 -1.7967455
11.641123 -4.3543854 -1.7967391
11.9254 -3.5011919 -1.7967218
12.006348 -3.2124913 -1.7967166
12.080322 -2.9219306 -1.7967116
12.207138 -2.3358877 -1.7967025
12.305537 -1.744404 -1.7966946
12.375302 -1.1488732 -1.7966881
12.399394 -0.8500241 -1.7966851
12.42834 0.048808593 -1.7966784
12.423545 0.34859192 -1.7966769
12.365801 1.2460229 -1.7966739
12.332129 1.5439502 -1.7966735
12.291308 1.8409814 -1.7966735
12.056767 3.0166588 -1.7966764
11.897245 3.594646 -1.7966799
10.622031 4.0685687 -1.6443319
10.413506 4.5761523 -1.6443379
8.7652245 5.7793045 -1.517756
8.322031 5.7798381 -1.4647393
7.6565623 5.8847013 -1.3959945
6.6291699 5.9047122 -1.2833576
6.3220019 5.9106936 -1.2511387
6.0297265 5.9163837 -1.2211916
5.750947 5.9218121 -1.1933218
5.2291598 5.9319696 -1.1431547
4.7484083 5.9413276 -1.0994911
4.5212889 5.9457474 -1.0798062
4.302031 5.9500141 -1.0614204
4.0899901 5.9541397 -1.044248
3.6852832 5.9620132 -1.0132383
3.4417381 5.8806219 -0.98500687
3.2558887 5.8842363 -0.97216803
2.59166 5.9809527 -0.94229591
2.4233496 5.9842243 -0.93332809
2.0956933 5.9905925 -0.91746938
1.9358008 5.9937005 -0.91052645
1.7782421 5.9967618 -0.90421087
1.6227636 5.9997821 -0.89849997
1.3171777 6.0057182 -0.88882911
1.1666602 6.0086432 -0.8848384
1.0174023 6.0115409 -0.88139313
0.28361326 6.0257878 -0.87205869
-0.15294921 6.0342584 -0.87259936
-0.4452832 6.0399308 -0.87550968
-0.59235352 6.0427823 -0.87773895
-0.74026364 6.0456533 -0.88049346
-1.4988769 6.0603604 -0.90249115
-1.9491992 5.9852896 -0.9099685
-2.1112988 5.9884305 -0.91792196
-2.2763672 5.9916277 -0.92656171
-2.8349023 6.0934305 -0.97153926
-3.017539 6.0969682 -0.98342621
-3.2048047 6.100595 -0.9961949
-3.3970995 6.1043181 -1.0098937
-3.5949023 6.1081462 -1.0245781
-3.7986424 6.1120901 -1.0403134
-4.0088673 6.1161599 -1.0571613
-4.4510837 6.1247172 -1.094515
-4.6844044 6.1292338 -1.1151967
-4.9268556 6.133924 -1.1373498
-5.4426169 6.1439033 -1.1865467
-6.0063963 6.154809 -1.2432164
-6.3093262 6.1606684 -1.2747811
-8.0784369 6.1777225 -1.470167
-9.363369 6.4693084 -1.6452459
-9.5163574 6.2413483 -1.6451875
-9.6641893 6.0099945 -1.6451952
-9.9428997 5.5369549 -1.6452103
-11.823213 3.8540275 -1.7977017
-11.912754 3.5677197 -1.7977072
-11.99538 3.2793384 -1.7977126
-12.201221 2.4033732 -1.7977268
-12.255673 2.1083636 -1.7977308
-12.401904 0.91774535 -1.7977444
-12.432675 -0.28142089 -1.7977531
-12.422265 -0.58124572 -1.7977545
-12.379785 -1.1796893 -1.7977563
-12.347734 -1.4779828 -1.7977567
-12.308496 -1.7754028 -1.7977568
-12.080166 -2.9530425 -1.797754
-12.0054 -3.2435741 -1.7977526
-11.923652 -3.5322289 -1.7977508
-11.83498 -3.8188145 -1.7977488
-11.636992 -4.385148 -1.7977437
-11.411894 -4.9412866 -1.7977374
-11.289365 -5.2151208 -1.7977338
-10.882617 -6.0177603 -1.797721
-9.65872 -6.2935324 -1.6665407
-9.3827143 -6.4413834 -1.6452589
-8.892314 -7.1029086 -1.6452419
-8.5392971 -7.5234671 -1.6452291
-8.3553219 -7.7272234 -1.6452224
-8.1664352 -7.9264965 -1.6452154
-7.3646092 -8.6762733 -1.6451855
-6.9375291 -9.0212889 -1.6451691
-6.7178416 -9.185957 -1.6451607
-6.2669334 -9.4991665 -1.645143
-5.8011913 -9.7902622 -1.6451248
-6.0790429 -10.847119 -1.7975432
-5.5487304 -11.127545 -1.7975221
-5.2786622 -11.258096 -1.7975111
-5.005537 -11.382082 -1.7975001
-3.599453 -11.901313 -1.7974426
-3.0212109 -12.060905 -1.7974186
-2.435957 -12.192424 -1.7973943
-1.8450683 -12.295551 -1.7973694
-0.65181637 -12.415756 -1.7973186
-0.35211912 -12.427787 -1.7973057
0.54744142 -12.420449 -1.7972668
0.76038086 -8.2154303 -1.1927152
0.96271485 -8.2320423 -1.1981496
2.0379295 -12.263874 -1.7972016
2.627002 -12.151145 -1.7971755
3.2099707 -12.010124 -1.7971494
3.4987304 -11.929122 -1.7971365
3.7854199 -11.841166 -1.7971237
4.3520408 -11.644641 -1.797098
4.908535 -11.421042 -1.7970728
5.1825781 -11.299232 -1.79706
5.4535742 -11.170857 -1.7970477
5.7172165 -9.8357105 -1.644628
5.9527636 -9.6948671 -1.6446171
6.1848435 -9.5484018 -1.6446061
6.4133592 -9.3963623 -1.6445955
6.6380758 -9.2388668 -1.6445848
7.0758691 -8.9078503 -1.6445639
7.2886519 -8.7345152 -1.6445537
7.4971776 -8.5561008 -1.6445435
7.9010153 -8.1844568 -1.6445239
8.0960836 -7.9914513 -1.6445143
8.2864647 -7.7937889 -1.6445048
8.4719915 -7.5915751 -1.6444956
8.6526365 -7.3849669 -1.6444865
8.998642 -6.958993 -1.6444691
9.1638279 -6.7398682 -1.6444606
9.4984179 -6.6389513 -1.6752696
10.675654 -6.3652406 -1.796793
11.239092 -5.306951 -1.7967623
11.36377 -5.0342851 -1.7967553
11.481894 -4.7586856 -1.7967485
11.886777 -3.6302495 -1.7967242
11.97084 -3.3424532 -1.7967188
12.181104 -2.4680636 -1.7967044
12.327588 -1.5807779 -1.7966927
12.362128 -1.282941 -1.7966894
12.422481 -0.38568968 -1.7966813
12.428164 -0.08591339 -1.7966794
12.401796 0.81299192 -1.796675
12.310547 1.7076483 -1.7966734
12.213847 2.2993915 -1.796674
12.015625 3.1765661 -1.7966772
11.848486 3.7523804 -1.796681
10.351816 4.7140927 -1.6443397
10.235098 4.9624352 -1.6443433
10.112432 5.207902 -1.6443471
9.9839058 5.4503412 -1.644351
9.8495407 5.6896038 -1.6443554
9.7091894 5.9253826 -1.644315
9.5641499 6.1583195 -1.644436
7.1039743 5.8954654 -1.3345383
6.7724314 5.9019217 -1.2986305
6.1592965 5.9138627 -1.2343786
5.6027536 5.9246979 -1.1787995
5.3425488 5.9297638 -1.1538209
5.092988 5.9346194 -1.1305251
4.1844139 5.9523015 -1.051818
3.9760938 5.9563556 -1.0352799
3.5268848 5.8789654 -0.99107486
3.3388085 5.8826227 -0.97782433
3.155576 5.8861871 -0.9654811
2.4985743 5.9827619 -0.93726879
2.3319921 5.9859991 -0.92869109
2.16833 5.9891801 -0.92079896
1.537959 6.001431 -0.89560848
0.7880078 6.0159965 -0.87710822
0.49486327 6.0216875 -0.87343568
0.058017578 6.0301652 -0.87176776
-0.087490231 6.0329885 -0.87222797
-0.23325194 6.0358171 -0.87319553
-0.37942383 6.0386529 -0.87467587
-0.52617186 6.0415006 -0.8766728
-0.67369139 6.0443597 -0.87919044
-0.97169918 6.0501409 -0.88582444
-1.4290429 6.0590081 -0.89993012
-1.5850488 6.0620317 -0.90579617
-1.7210449 5.9880533 -0.90068406
-2.0381153 5.9870124 -0.9142651
-2.4048631 6.0851007 -0.94587499
-2.5776758 6.088449 -0.95578456
-2.7542381 6.0918694 -0.96647292
-3.1200781 6.0989532 -0.99034584
-3.9135644 6.1143155 -1.0494479
-4.3490233 6.1227436 -1.0856743
-4.8167381 6.1317935 -1.1272068
-5.5926852 6.1468058 -1.2013518
-5.8750877 6.1522684 -1.2297676
-6.482861 6.1640239 -1.2931818
-6.8112988 6.1703753 -1.3286092
-7.0387497 6.0738177 -1.3439964
-7.8949413 6.1741738 -1.4488691
-9.4480858 6.3440738 -1.6451733
-9.8822851 5.6443949 -1.645207
-10.015625 5.4043818 -1.6452142
-10.143095 5.1612349 -1.6452212
-10.264697 4.9150877 -1.6452279
-10.380302 4.6660686 -1.6452343
-10.73502 4.2156491 -1.6672469
-11.531211 4.2101927 -1.7746109
-11.780713 3.9819572 -1.797699
-11.959111 3.4091656 -1.7977102
-12.109697 2.8284123 -1.7977202
-12.282598 1.945379 -1.7977329
-12.326006 1.6485156 -1.7977368
-12.391201 1.0521221 -1.7977432
-12.427568 0.45328489 -1.7977483
-12.427852 -0.44655669 -1.7977538
-12.391865 -1.0454248 -1.797756
-12.363037 -1.3440588 -1.7977564
-12.327022 -1.6418896 -1.7977568
-12.283848 -1.9387583 -1.7977568
-12.233466 -2.2344992 -1.7977563
-12.176015 -2.5289416 -1.7977557
-12.111474 -2.8219316 -1.7977546
-11.961249 -3.4027722 -1.7977518
-11.683838 -4.2587714 -1.7977449
-11.577695 -4.5393596 -1.7977421
-11.464805 -4.8173003 -1.7977389
-11.345254 -5.0924439 -1.7977355
-11.086367 -5.6336842 -1.7977275
-10.947236 -5.8994546 -1.7977232
-10.39289 -6.265604 -1.7543327
-9.8784275 -6.2852111 -1.6925929
-9.1351852 -6.7877507 -1.6452503
-8.9687891 -7.0061083 -1.6452446
-8.7971287 -7.220387 -1.6452384
-7.8642478 -8.2263117 -1.6452043
-7.6634569 -8.4135942 -1.6451968
-7.4582324 -8.5959616 -1.645189
-7.2486911 -8.773324 -1.6451811
-6.8170309 -9.1126318 -1.6451645
-6.5952148 -9.2743826 -1.6451559
-6.1401758 -9.5815496 -1.6451383
-5.9343653 -10.926885 -1.7975374
-5.6690135 -11.066785 -1.7975268
-5.4004102 -11.200252 -1.7975161
-5.128623 -11.327188 -1.7975051
-4.8538575 -11.447544 -1.7974941
-4.5762892 -11.561208 -1.7974827
-4.2960448 -11.668166 -1.7974713
-2.8607128 -12.099938 -1.7974119
-2.5679979 -12.165339 -1.7973998
-1.9782324 -12.274868 -1.797375
-1.6815624 -12.318926 -1.7973624
-0.78636718 -12.408005 -1.7973243
0.11291992 -12.432129 -1.7972857
0.41276366 -12.425685 -1.7972728
0.86656249 -8.177247 -1.1887383
2.200664 -12.235674 -1.7971945
2.7881932 -12.115112 -1.7971684
3.0796094 -12.044251 -1.7971554
3.942373 -11.789783 -1.7971165
5.3322167 -11.229322 -1.7970532
5.8675098 -10.958952 -1.7970284
5.6102929 -9.8971415 -1.6446332
5.847363 -9.7588587 -1.644622
6.0810447 -9.6149054 -1.644611
6.311152 -9.465354 -1.6446002
6.9789062 -8.9840565 -1.6445684
7.6101561 -8.4557285 -1.644538
7.8118649 -8.2696466 -1.6445282
8.2015429 -7.8831592 -1.6445091
8.3892479 -7.6829834 -1.6444998
8.7499313 -7.2693486 -1.6444817
8.9226856 -7.0561414 -1.644473
9.0902729 -6.8388042 -1.6444644
9.2829781 -6.6392846 -1.6498663
10.296016 -6.6374521 -1.7708906
11.046748 -5.6966186 -1.7967731
11.429628 -4.8828588 -1.7967515
11.651738 -4.3259006 -1.7967385
11.752646 -4.0435705 -1.7967324
11.933935 -3.4719994 -1.7967211
12.01415 -3.1831181 -1.796716
12.087412 -2.8923771 -1.7967111
12.153643 -2.5999603 -1.7967063
12.309755 -1.7143039 -1.7966943
12.3475 -1.416868 -1.7966909
12.378076 -1.1186157 -1.7966877
12.401425 -0.81970668 -1.7966849
12.409892 0.67850709 -1.7966753
12.362705 1.2762665 -1.7966739
12.182246 2.4614568 -1.7966745
12.119307 2.7545946 -1.7966753
12.049356 3.046134 -1.7966766
11.463652 3.798811 -1.7458286
10.719395 3.8416722 -1.6461748
10.510244 4.3493347 -1.644335
10.168281 5.0979853 -1.6443452
9.9106054 5.5824857 -1.6443534
9.6300097 6.0541034 -1.6443819
8.0009956 5.8779926 -1.4352206
7.6188965 5.8854375 -1.3917451
7.2590137 5.8924456 -1.3515867
6.2917285 5.9112835 -1.248004
6.0008883 5.9169464 -1.2182751
5.7233887 5.922348 -1.1906052
4.4987106 5.9461856 -1.0778843
4.2802148 5.9504375 -1.059625
4.0688767 5.9545503 -1.0425714
3.6654003 5.9624004 -1.0117778
3.2373242 5.8845978 -0.97091657
3.0578125 5.8904181 -0.95942342
2.7457812 5.9779558 -0.95098066
2.2415137 5.9877591 -0.92426139
1.919746 5.9940128 -0.90985876
1.6071093 6.0000873 -0.89795393
0.85424805 6.0147099 -0.87821889
0.70703125 6.0175676 -0.87589097
0.56051755 6.020412 -0.87408173
0.41452149 6.0232463 -0.8727867
0.12338867 6.0288982 -0.87172675
-0.022089843 6.0317206 -0.8719579
-0.31369141 6.0373774 -0.87394768
-0.46016601 6.0402188 -0.87571079
-1.0545996 6.0517488 -0.8880322
-1.35958 6.0576606 -0.8974874
-1.6506054 5.9866886 -0.89773321
-2.3283496 6.0836186 -0.94166577
-2.6744335 6.090323 -0.961573
-3.0362988 6.0973306 -0.98467946
-3.2240527 6.1009674 -0.99753928
-3.6152735 6.1085405 -1.0261252
-4.4743357 6.1251678 -1.0965475
-5.2054687 6.1393147 -1.1635914
-5.4699607 6.1444316 -1.1892277
-6.6615233 6.1674786 -1.3123596
-6.8889842 6.0761089 -1.3279017
-7.2352829 6.0776176 -1.3659875
-7.7167187 6.1707292 -1.4283504
-8.1205759 6.1785369 -1.4750842
-9.6788673 5.9863434 -1.6451962
-9.8205175 5.7511554 -1.6452037
-10.329102 4.7782888 -1.6452316
-10.441406 4.5277605 -1.6452378
-10.547617 4.2745991 -1.645244
-11.921465 3.5385716 -1.7977078
-12.003398 3.2499914 -1.7977132
-12.20707 2.3735235 -1.7977271
-12.260791 2.0783849 -1.7977313
-12.307392 1.7820306 -1.7977351
-12.346826 1.4846356 -1.7977386
-12.404111 0.88740784 -1.7977448
-12.421914 0.58794492 -1.7977473
-12.4325 0.28812805 -1.7977496
-12.431952 -0.31181121 -1.7977532
-12.402451 -0.9110617 -1.7977556
-12.376875 -1.2099621 -1.7977563
-12.344072 -1.5081656 -1.7977568
-12.304111 -1.805487 -1.7977568
-12.141357 -2.6904821 -1.7977551
-11.997421 -3.2729132 -1.7977525
-11.825596 -3.8477423 -1.7977486
-11.62621 -4.4135928 -1.7977433
-11.399776 -4.9691901 -1.7977369
-11.010556 -5.7804475 -1.7977252
-10.636445 -6.2562661 -1.7838917
-9.3669434 -6.4642954 -1.6452584
-9.208252 -6.6883326 -1.6452529
-8.3363771 -7.747622 -1.6452217
-8.1470308 -7.9464421 -1.6452148
-7.952949 -8.1406136 -1.6452076
-7.3433785 -8.6942501 -1.6451846
-7.131484 -8.8688345 -1.6451765
-6.4713964 -9.3611364 -1.645151
-5.7773829 -9.8044214 -1.6451238
-6.0524707 -10.861954 -1.7975421
-5.7886815 -11.004727 -1.7975317
-5.2510939 -11.270971 -1.79751
-4.9776754 -11.394272 -1.7974991
-4.7013474 -11.510962 -1.7974877
-4.4222946 -11.620952 -1.7974764
-4.1406345 -11.724174 -1.7974648
-3.5703223 -11.91007 -1.7974414
-2.9917285 -12.068244 -1.7974174
-1.5177441 -12.340125 -1.7973554
-0.92079097 -12.398793 -1.7973301
0.57782227 -12.419065 -1.7972655
0.87720704 -12.401418 -1.7972527
0.77189451 -8.1232843 -1.1796081
0.98459959 -8.2445192 -1.2003121
2.9488769 -12.076966 -1.7971612
3.239326 -12.002236 -1.7971482
3.5278614 -11.920515 -1.7971352
3.8143847 -11.831861 -1.7971224
4.0986423 -11.736338 -1.7971095
4.3805175 -11.633961 -1.7970967
4.6598535 -11.524824 -1.797084
5.74124 -9.8216915 -1.6446271
6.2081738 -9.5332375 -1.644605
6.4363279 -9.380641 -1.6445944
6.660625 -9.2225952 -1.6445837
7.0976367 -8.8905077 -1.6445628
7.5181055 -8.5377321 -1.6445425
7.721787 -8.3538504 -1.6445326
8.8457327 -7.1524487 -1.6444769
9.015605 -6.9369535 -1.6444682
9.1802731 -6.7174301 -1.6444598
9.5479879 -6.6388693 -1.681141
10.055771 -6.6379447 -1.7418412
10.691181 -6.3391056 -1.7967923
10.840927 -6.0793371 -1.7967842
11.121435 -5.5493488 -1.7967689
11.604189 -4.4519401 -1.7967415
11.708174 -4.1707182 -1.7967352
11.895605 -3.6011686 -1.7967236
12.05539 -3.0232131 -1.7967132
12.124775 -2.7315347 -1.7967085
12.187129 -2.4382651 -1.7967041
12.331426 -1.5506045 -1.7966924
12.365224 -1.252703 -1.7966892
12.391816 -0.95406431 -1.7966862
12.411221 -0.65487242 -1.7966834
12.428329 -0.055499878 -1.796679
12.399765 0.8433215 -1.796675
12.344648 1.4403986 -1.7966735
12.306328 1.7377515 -1.7966734
12.148457 2.623059 -1.796675
12.007822 3.2059441 -1.7966774
11.839257 3.7813482 -1.7966812
10.655898 3.9792778 -1.644331
9.8356056 5.7136722 -1.6443559
9.5491209 6.1817389 -1.6444482
7.7876563 5.8821502 -1.410845
7.4181051 5.8893476 -1.3692415
6.7397947 5.9025578 -1.2951381
6.4271092 5.9086466 -1.2620795
6.1298141 5.9144363 -1.2313657
5.8464942 5.9199529 -1.2027944
5.3167577 5.9302654 -1.1513844
3.3200195 5.8829899 -0.97653317
3.1372461 5.8865433 -0.96427733
2.9617188 5.8955607 -0.95376706
2.8239062 5.9764361 -0.95555145
2.6509862 5.9797993 -0.94558728
2.3152635 5.9863248 -0.9278596
2.1518848 5.9895 -0.9200359
1.8328222 5.9957013 -0.90633833
1.5223925 6.0017314 -0.89509463
1.3698633 6.0046964 -0.89034832
1.218877 6.0076284 -0.88616377
1.0691992 6.0105362 -0.88253111
0.92066401 6.0134211 -0.87943637
0.77307618 6.0162859 -0.87687194
0.33426756 6.0248041 -0.87229139
-0.10226563 6.0332756 -0.87230235
-0.24805664 6.0361052 -0.87332302
-0.39426756 6.0389409 -0.8748551
-0.54108399 6.04179 -0.87690282
-0.68870115 6.0446539 -0.87947506
-0.83724606 6.0475321 -0.88257724
-0.98693359 6.0504351 -0.88621736
-1.137959 6.0533633 -0.89040953
-1.2904882 6.0563211 -0.89516407
-1.6009862 6.0623393 -0.90642428
-1.7369921 5.9883623 -0.90136641
-2.4222264 6.0854373 -0.94684517
-2.772373 6.0922208 -0.9676016
-2.9534764 6.095727 -0.97919261
-3.1391113 6.0993204 -0.99164891
-3.5254297 6.1068025 -1.0193537
-3.7270508 6.1107049 -1.0347149
-4.1497169 6.118886 -1.0687854
-4.3719139 6.1231866 -1.0876459
-5.3497071 6.1421061 -1.1774869
-5.6207223 6.1473479 -1.2041411
-6.2021875 6.1585941 -1.2635325
-6.8456149 6.1710391 -1.3323523
-7.0744629 6.0745072 -1.3479724
-7.4599118 6.0991154 -1.3929795
-7.9358788 6.1749663 -1.4536068
-9.4634762 6.3208952 -1.6451598
-9.7575588 5.8572588 -1.6452003
-10.028818 5.3798723 -1.6452149
-10.276699 4.8899698 -1.6452285
-10.500645 4.3886743 -1.6452414
-11.79041 3.9531317 -1.7976996
-12.045527 3.0902386 -1.7977159
-12.116601 2.7987828 -1.7977208
-12.180586 2.505703 -1.7977252
-12.33 1.6183611 -1.7977371
-12.39374 1.0218164 -1.7977434
-12.414784 0.72256166 -1.7977462
-12.43458 -0.17706145 -1.7977525
-12.426709 -0.47695249 -1.797754
-12.411601 -0.77656525 -1.7977551
-12.279062 -1.9687958 -1.7977567
-12.227968 -2.2644141 -1.7977563
-12.032207 -3.1426947 -1.7977531
-11.866621 -3.7193387 -1.7977496
-11.773417 -4.0045161 -1.7977473
-11.673398 -4.2873349 -1.7977448
-11.566552 -4.567667 -1.7977418
5.2239356 -8.304615 -1.6446402
5.8106637 -7.9050021 -1.6446124
6.3669825 -7.4640198 -1.6445857
6.7194824 -7.14818 -1.6445684
6.8899217 -6.9839768 -1.6445602
7.2186718 -6.6434836 -1.6445439
8.304306 -6.600172 -1.7781909
8.8518457 -6.0452542 -1.7968698
9.1330271 -5.611248 -1.7968551
9.5147552 -4.9360924 -1.7968345
9.6310158 -4.7051187 -1.7968282
9.7416897 -4.4714179 -1.7968218
9.8466702 -4.235117 -1.7968159
9.9459181 -3.9963512 -1.7968102
10.039413 -3.7552595 -1.7968047
10.127041 -3.511986 -1.7967994
10.208789 -3.2666724 -1.7967944
10.693388 -0.73307067 -1.7967581
10.716269 -0.21647552 -1.796754
10.703837 0.55898619 -1.7967497
10.687256 0.81702328 -1.7967489
10.664413 1.0745856 -1.7967483
10.600176 1.5876837 -1.796748
10.558799 1.8429163 -1.7967482
10.457637 2.3500249 -1.7967496
10.098935 3.5913262 -1.7967575
9.9675779 3.8178813 -1.7892561
9.358984 3.8461485 -1.6961786
8.7799511 4.3750949 -1.6444097
8.5587597 4.7934866 -1.6444165
8.4406643 4.9985538 -1.6444204
8.317646 5.2007194 -1.6444244
8.0571966 5.5958548 -1.6444333
7.777822 5.9778447 -1.6444068
6.6290331 5.9045868 -1.4881305
5.4843454 5.9268851 -1.3536279
5.2290525 5.9318571 -1.3255605
4.089922 5.9540348 -1.2108731
3.8845215 5.958034 -1.1922767
3.6852245 5.9619131 -1.1749172
3.2558398 5.88414 -1.127296
3.0758886 5.8899698 -1.1138664
2.5916209 5.9808574 -1.0926561
2.4233007 5.9841313 -1.0822562
2.0956542 5.9905024 -1.0638683
1.7782129 5.9966702 -1.0484936
1.4691211 6.0026774 -1.0359337
1.0173827 6.0114541 -1.0220358
0.86919922 6.0143313 -1.0186632
0.72190428 6.0171914 -1.0159014
0.57533205 6.0200372 -1.0137435
0.13811523 6.0285234 -1.0108324
-0.00734375 6.0313468 -1.0110414
-0.29887694 6.0370035 -1.0132282
-0.74025387 6.0455632 -1.0209923
-0.88917965 6.0484529 -1.0248058
-1.0392969 6.051363 -1.0292488
-1.19083 6.0543008 -1.0343337
-1.6452343 6.0246353 -1.046896
-1.7919238 5.9893365 -1.0479723
-1.9491601 5.9851971 -1.0551691
-2.1112695 5.988338 -1.0643945
-2.2763281 5.9915338 -1.0744114
-2.4820213 6.0865006 -1.10186
-2.6564844 6.0898786 -1.1137518
-2.8348534 6.0933318 -1.1265641
-3.204746 6.1004934 -1.1551534
-3.3970506 6.1042142 -1.1710389
-4.0087891 6.1160526 -1.225847
-5.7178221 6.1491032 -1.4075549
-6.006279 6.1546817 -1.4415863
-6.3091989 6.1605353 -1.4781854
-6.6280956 6.1666999 -1.5175966
-7.3445797 6.5099235 -1.6452055
-7.9372263 5.7717133 -1.6451223
-8.0741987 5.5785942 -1.6451293
-8.3338966 5.1827216 -1.6451429
-8.6869631 4.5665717 -1.645162
-8.7946091 4.3557138 -1.6451678
-9.9285736 4.0520205 -1.7976186
-10.023457 3.8113525 -1.7976241
-10.112519 3.5684679 -1.7976295
-10.27291 3.0766051 -1.7976394
-10.409385 2.5775733 -1.7976484
-10.521641 2.0725298 -1.7976564
-10.644023 1.3062903 -1.7976663
-10.694648 0.79140991 -1.7976714
-10.710664 0.53320557 -1.7976737
-10.721201 -0.24267882 -1.7976789
-10.697031 -0.75948727 -1.7976811
-10.675615 -1.0172961 -1.7976817
-10.647968 -1.2745266 -1.7976822
-10.475625 -2.2945015 -1.797681
-10.417227 -2.5465293 -1.7976799
-10.282266 -3.0459888 -1.7976772
-10.123369 -3.5383379 -1.7976733
-10.035058 -3.7814934 -1.7976708
-9.9408979 -4.0224643 -1.7976682
-9.6239748 -4.7307405 -1.7976589
-9.507041 -4.9614916 -1.7976553
-9.2566109 -5.4142389 -1.7976472
-8.295908 -6.3048463 -1.7467003
-7.5490332 -6.3341694 -1.651916
-7.3638473 -6.4878378 -1.6451721
-6.875361 -7.0032535 -1.6451542
-6.7044044 -7.1670299 -1.6451478
-6.529531 -7.3266501 -1.6451412
-6.3508692 -7.4819908 -1.6451344
-5.9825683 -7.7795267 -1.6451204
-5.6003613 -8.058938 -1.6451056
-5.4043164 -8.1916456 -1.645098
-5.002871 -8.4426765 -1.6450822
-4.3792381 -8.7822113 -1.6450573
-3.9505076 -8.9830999 -1.6450399
-3.290576 -9.2451048 -1.6450131
-2.8408105 -9.3929348 -1.6449946
-2.6133788 -9.4586716 -1.6449852
-1.9225488 -9.6227283 -1.6449565
-1.4561914 -9.7041359 -1.6449368
-0.98643553 -9.7629566 -1.644917
-0.51444334 -9.7990465 -1.6448969
-0.27791014 -9.8085566 -1.6448866
-0.041210938 -9.8123398 -1.6448764
0.43208006 -9.8027887 -1.644856
1.6084667 -9.6792688 -1.6448045
2.3041015 -9.5374413 -1.6447735
2.7613769 -9.4150934 -1.6447531
2.9876659 -9.3456945 -1.6447428
3.2121973 -9.2708559 -1.6447328
3.4348924 -9.1906214 -1.6447227
3.6555662 -9.1050224 -1.6447127
3.8741014 -9.0141449 -1.6447026
5.3337693 -8.2344627 -1.644635
5.5308399 -8.1033592 -1.6446257
5.724668 -7.9675384 -1.6446164
5.9151659 -7.827086 -1.6446073
6.2856932 -7.5326133 -1.6445895
6.4655466 -7.3787513 -1.644581
6.8138375 -7.0582561 -1.6445639
6.9820604 -6.8918142 -1.6445556
7.1462498 -6.7213597 -1.6445476
7.7353907 -6.6021085 -1.7047782
8.4795408 -6.5575113 -1.7968889
8.6351461 -6.3510351 -1.7968811
9.0716791 -5.7099195 -1.7968583
9.2067385 -5.4894123 -1.7968512
9.3364353 -5.2657118 -1.7968441
9.9981346 -3.8638623 -1.7968071
10.088379 -3.6215465 -1.7968017
10.25126 -3.1307633 -1.7967918
10.450751 -2.3812737 -1.7967786
10.505146 -2.1284871 -1.7967747
10.595488 -1.6193469 -1.7967677
10.631454 -1.3632809 -1.7967646
10.66125 -1.1064221 -1.7967618
10.713301 -0.3326236 -1.7967547
10.695469 0.70113277 -1.7967492
10.649199 1.2161621 -1.7967482
10.533388 1.9830219 -1.7967485
10.4825 2.2365296 -1.7967491
10.362441 2.7395129 -1.7967513
10.218281 3.2360985 -1.7967544
10.050312 3.7251697 -1.7967587
9.0631733 3.8661613 -1.6517558
8.9275198 4.0654883 -1.644405
8.8268747 4.2796607 -1.6444081
8.7210741 4.4913545 -1.6444114
8.6102142 4.7004304 -1.6444149
8.4943457 4.9067693 -1.6444186
8.2478609 5.3107572 -1.6444268
7.9821482 5.7024102 -1.6444359
7.8423047 5.8933125 -1.6444408
7.6979589 6.0808415 -1.6444609
6.772285 5.9017963 -1.5058405
6.1591601 5.9137421 -1.4313382
5.6026368 5.9245806 -1.3668923
5.0929003 5.9345083 -1.3109152
4.3995509 5.9480081 -1.2401854
3.7740526 5.9601836 -1.1825687
3.5268164 5.8788676 -1.1492164
3.3387499 5.882525 -1.1338525
2.9779296 5.8918753 -1.1066482
2.4985449 5.9826689 -1.0868262
1.84875 5.9953008 -1.0516967
1.6923535 5.9983392 -1.0447626
1.5379297 6.0013409 -1.0385193
1.3852344 6.0043073 -1.0329472
1.0843066 6.0101542 -1.0237533
0.64111328 6.0187593 -1.0146384
0.34902343 6.0244303 -1.011575
0.20347656 6.0272565 -1.010931
-0.087499999 6.0329032 -1.0114077
-0.37941405 6.0385661 -1.0142465
-0.52616209 6.0414128 -1.0165617
-0.67369139 6.0442719 -1.0194817
-0.9716894 6.0500507 -1.0271732
-1.1225684 6.0529766 -1.0319676
-1.2749317 6.0559297 -1.0374144
-1.4290234 6.0589166 -1.04353
-1.5850292 6.0619402 -1.0503314
-1.8772167 5.9838028 -1.0512741
-2.5776269 6.0883527 -1.1082969
-2.7541895 6.0917706 -1.1206907
-3.1200194 6.0988531 -1.1483732
-4.1275392 6.11835 -1.2371914
-4.8166404 6.1316791 -1.3070687
-5.0644627 6.1364713 -1.3337508
-5.8749704 6.152143 -1.4259918
-6.1712012 6.1578703 -1.4614069
-6.4827247 6.1638908 -1.4995209
-7.2738085 6.5893302 -1.6452509
-8.1476173 5.47085 -1.6451331
-8.402051 5.0715666 -1.6451466
-8.6369429 4.6604567 -1.6451592
-8.8517284 4.2385068 -1.645171
-9.8840427 4.1593986 -1.7976161
-9.9815426 3.9197631 -1.7976217
-10.073213 3.6778636 -1.7976272
-10.442715 2.4390631 -1.7976507
-10.498554 2.1864593 -1.7976545
-10.591806 1.6775836 -1.7976617
-10.660449 1.1647772 -1.7976679
-10.716787 0.3908844 -1.797675
-10.704629 -0.64348507 -1.7976807
-10.499902 -2.1808083 -1.7976812
-10.444199 -2.4334674 -1.7976804
-10.161123 -3.4283972 -1.7976742
-9.9839258 -3.9144771 -1.7976695
-9.6746969 -4.6261353 -1.7976605
-9.4402733 -5.0873594 -1.7976532
-9.183877 -5.5367155 -1.797645
-8.0819044 -6.3133135 -1.7191492
-7.4337497 -6.4076452 -1.6451746
-7.1160059 -6.7586727 -1.6451631
-6.9508786 -6.9283228 -1.645157
-6.7816992 -7.0939474 -1.6451507
-6.6085839 -7.2554574 -1.6451441
-6.4316111 -7.4127316 -1.6451375
-6.2508883 -7.5656857 -1.6451306
-5.8786817 -7.8582959 -1.6451163
-5.6873727 -7.9977775 -1.6451089
-5.4927735 -8.1326046 -1.6451014
-4.6835837 -8.6238203 -1.6450696
-4.2621579 -8.8395834 -1.6450526
-4.0476856 -8.9397764 -1.6450438
-3.611748 -9.1244917 -1.6450262
-3.3905859 -9.2089052 -1.6450171
-3.1674609 -9.2879686 -1.6450081
-2.9424608 -9.3616238 -1.6449989
-2.4874902 -9.4925318 -1.64498
-2.2577538 -9.5497293 -1.6449705
-2.0267577 -9.6013403 -1.6449608
-1.7945606 -9.6473799 -1.6449511
-1.5612793 -9.6878052 -1.6449412
-1.3271191 -9.7225962 -1.6449313
-1.0922363 -9.7517195 -1.6449214
-0.85667968 -9.7751665 -1.6449113
-0.62062496 -9.7929249 -1.6449013
0.79840821 -9.7796736 -1.64484
0.86494136 -8.1620235 -1.3758774
1.0806152 -8.2846651 -1.4005396
1.5034375 -9.6961546 -1.6448091
1.7368749 -9.6570225 -1.6447988
2.2005956 -9.5618811 -1.6447781
2.4305761 -9.5059633 -1.6447679
2.6591797 -9.4445076 -1.6447576
3.3350878 -9.2273293 -1.6447271
4.2084765 -8.8628531 -1.6446873
4.4210157 -8.758707 -1.6446775
5.0427051 -8.4159555 -1.6446486
5.4426951 -8.1628475 -1.6446298
5.6379786 -8.0291376 -1.6446204
6.0185938 -7.7477965 -1.6446023
7.2348437 -6.6258001 -1.6445432
7.9459763 -6.6014328 -1.7317079
8.3458986 -6.6000171 -1.783641
8.71873 -6.2357373 -1.7968768
9.0092773 -5.8079362 -1.7968615
9.1467085 -5.5889049 -1.7968544
9.2788382 -5.366601 -1.7968473
9.4055567 -5.1411967 -1.7968404
9.6424999 -4.68156 -1.7968273
10.048545 -3.7307 -1.7968042
10.135595 -3.4872174 -1.7967988
10.291933 -2.9942882 -1.7967892
10.424316 -2.494417 -1.7967803
10.481425 -2.2422333 -1.7967764
10.532441 -1.9887508 -1.7967726
10.577324 -1.7340859 -1.7967693
10.709063 -0.44871306 -1.7967557
10.718232 0.068300776 -1.7967521
10.713447 0.32682312 -1.7967508
10.702441 0.58515257 -1.7967497
10.685215 0.84316647 -1.7967488
10.661757 1.1006659 -1.7967483
10.554257 1.8687255 -1.7967483
10.506104 2.1227918 -1.7967488
10.451845 2.3755951 -1.7967496
10.391514 2.6270239 -1.7967505
10.252714 3.1251428 -1.7967536
10.090097 3.6160142 -1.7967576
9.3008108 3.848841 -1.6873336
8.971035 3.9684734 -1.6444038
8.8727245 4.1837416 -1.6444067
8.6606445 4.6068163 -1.6444132
8.5470209 4.8143969 -1.6444169
8.1765814 5.4198771 -1.6444293
6.9190135 5.8989358 -1.5241581
6.5971875 5.9052057 -1.4842166
6.0007615 5.9168267 -1.4126649
4.4986229 5.9460807 -1.2498761
4.0688086 5.9544463 -1.2089299
3.6653514 5.9622989 -1.1732234
3.2372656 5.884501 -1.1258458
3.0577636 5.8903217 -1.112517
2.9206934 5.9744573 -1.1147741
2.7457323 5.9778619 -1.1027265
2.5744042 5.9811931 -1.0915636
2.4064159 5.9844599 -1.0812484
1.9197167 5.9939213 -1.0550427
1.7623632 5.9969792 -1.0477905
1.60708 5.9999981 -1.0412396
1.4536328 6.0029788 -1.0353688
1.3018359 6.0059271 -1.0301592
1.0023144 6.011745 -1.0216658
0.56050777 6.0203252 -1.0135571
0.26885742 6.0259867 -1.0111469
-0.022089843 6.0316324 -1.0110955
-0.16772461 6.0344586 -1.0119529
-0.31368163 6.0372891 -1.0134019
-0.60729492 6.042985 -1.0180937
-0.75529295 6.045855 -1.0213509
-0.90433592 6.0487456 -1.0252271
-1.0545899 6.0516582 -1.0297344
-1.2062793 6.0546002 -1.0348859
-1.6505761 5.9865971 -1.0409824
-1.8079785 5.9896479 -1.0487934
-2.1278613 5.9886603 -1.0653733
-2.499541 6.0868387 -1.1030244
-2.8531737 6.093688 -1.1279174
-3.0362401 6.0972319 -1.1418017
-3.2240038 6.1008649 -1.1567136
-3.8195899 6.1123905 -1.2082318
-4.030488 6.1164727 -1.2279046
-4.4742579 6.1250553 -1.2715182
-4.7084665 6.1295867 -1.2956673
-6.3407812 6.1611466 -1.4820485
-6.6613865 6.1673455 -1.5217593
-7.6645899 6.1290226 -1.6451083
-8.0878124 5.5588369 -1.6451302
-8.3465719 5.1623211 -1.6451437
-8.4687014 4.9595051 -1.6451501
-9.6358299 4.1784387 -1.7606061
-9.938467 4.0277247 -1.7976193
-10.28041 3.0514715 -1.7976398
-10.415673 2.5521142 -1.7976488
-10.52666 2.0467908 -1.7976567
-10.572989 1.792279 -1.7976602
-10.613183 1.5367218 -1.7976636
-10.647187 1.2802655 -1.7976665
-10.67499 1.023067 -1.7976693
-10.711933 0.50700986 -1.7976741
-10.695156 -0.78564668 -1.7976811
-10.644804 -1.3005539 -1.7976822
-10.610342 -1.556947 -1.7976822
-10.522901 -2.0668845 -1.7976816
-10.46999 -2.3201156 -1.7976807
-10.410967 -2.57199 -1.7976797
-10.345879 -2.8223705 -1.7976785
-10.274776 -3.0711272 -1.7976769
-10.025791 -3.8060272 -1.7976707
-9.9310255 -4.0467548 -1.797668
-9.6123629 -4.7542553 -1.7976587
-9.4948635 -4.9847331 -1.797655
-9.3718452 -5.2123046 -1.7976511
-9.1094923 -5.6582313 -1.7976424
-8.9703512 -5.8763041 -1.7976377
-8.6602831 -6.2903166 -1.7942801
-8.2560053 -6.3064289 -1.7415392
-7.8744235 -6.3214741 -1.6927319
-7.347949 -6.5058222 -1.6451715
-7.0255761 -6.852602 -1.6451597
-6.6868458 -7.1834083 -1.6451471
-6.3325682 -7.4974976 -1.6451337
-6.1498337 -7.6480393 -1.6451268
-5.9635448 -7.7941232 -1.6451195
-5.3842773 -8.2048225 -1.6450971
-4.7767968 -8.5725613 -1.6450732
-4.568584 -8.6852522 -1.6450648
-4.3577442 -8.792882 -1.6450564
-4.1443262 -8.895401 -1.6450479
-3.7104492 -9.0848255 -1.6450304
-3.4902246 -9.1716385 -1.6450213
-2.3611522 -9.5247097 -1.6449748
-1.6662109 -9.6703367 -1.6449456
-1.4324707 -9.7076578 -1.6449358
-1.1978222 -9.739337 -1.6449258
-0.96257812 -9.7653341 -1.6449159
-0.72673827 -9.7856483 -1.6449058
-0.25392577 -9.8092022 -1.6448855
-0.017236328 -9.8124027 -1.6448753
0.692334 -9.7877808 -1.6448447
0.9827441 -8.229023 -1.3892496
1.3982421 -9.7119074 -1.6448137
1.6321191 -9.6752996 -1.6448034
1.8650292 -9.6330528 -1.644793
2.0968359 -9.5852013 -1.6447828
2.7844141 -9.4083042 -1.644752
3.010498 -9.3383579 -1.6447419
3.8961425 -9.0046349 -1.6447016
4.1121778 -8.9079828 -1.6446917
4.3258395 -8.8061409 -1.6446818
4.5369825 -8.6991673 -1.644672
4.7454882 -8.5871506 -1.6446624
4.951211 -8.4701328 -1.6446528
5.1540427 -8.3481855 -1.6446433
5.5506444 -8.0897951 -1.6446247
6.1209764 -7.6671343 -1.6445974
6.6592579 -7.2043352 -1.6445715
7.1626759 -6.7038574 -1.6445467
7.4052343 -6.6030664 -1.6631738
7.7736716 -6.6019897 -1.7096503
8.1633396 -6.6006842 -1.7598081
8.4954395 -6.5367484 -1.7968882
8.6506538 -6.3298941 -1.7968802
8.8007908 -6.1193395 -1.7968725
9.0856152 -5.687716 -1.7968576
9.2201271 -5.4668784 -1.7968504
9.349287 -5.2428565 -1.7968435
9.7038088 -4.5530262 -1.796824
9.8108006 -4.3176188 -1.7968179
10.097226 -3.596864 -1.7968012
10.181015 -3.3522465 -1.7967961
10.258896 -3.1056817 -1.7967912
10.510293 -2.1027846 -1.7967743
10.557929 -1.8486422 -1.7967707
10.599423 -1.5934235 -1.7967674
10.686846 -0.82279599 -1.7967589
10.714091 -0.30642149 -1.7967546
10.716376 0.21069336 -1.7967514
10.708174 0.4691284 -1.7967502
10.646192 1.2422155 -1.7967482
10.613134 1.4986608 -1.796748
10.355703 2.7648468 -1.7967514
10.128701 3.5064251 -1.7967567
10.041142 3.749752 -1.796759
9.0189056 3.8733337 -1.6453898
8.9175291 4.0873075 -1.6444054
8.8163767 4.3012385 -1.6444083
8.7100677 4.5126786 -1.6444117
8.5987005 4.721478 -1.6444153
8.4823341 4.9275293 -1.6444191
8.3610058 5.1307144 -1.644423
8.2348337 5.3309183 -1.6444273
8.1038771 5.5280337 -1.6444317
7.9681931 5.7219195 -1.6444364
7.8278708 5.9124761 -1.6444414
7.6830955 6.0996919 -1.6444708
7.4452243 6.2094121 -1.6251516
6.4269824 5.9085236 -1.4634591
6.1296873 5.9143157 -1.4278436
5.3166599 5.9301505 -1.3351036
5.0681639 5.9349895 -1.30828
4.8293262 5.9396415 -1.2832466
4.5993066 5.944119 -1.2598706
3.7539062 5.9605756 -1.1808215
3.5075097 5.8792424 -1.147608
2.9617283 5.8955731 -1.1059768
2.6509471 5.9797049 -1.0964725
2.4815135 5.9829998 -1.0857811
2.3152246 5.9862323 -1.0759163
1.991123 5.9925332 -1.0585352
1.6766211 5.9986467 -1.0440981
1.5223633 6.0016437 -1.0379237
1.3698437 6.0046062 -1.0324187
1.2188574 6.0075397 -1.0275677
0.9206543 6.0133319 -1.0197664
0.62625974 6.0190482 -1.0144256
0.48004881 6.0218878 -1.0126576
0.33426756 6.0247159 -1.0114831
0.18873046 6.0275421 -1.0108978
0.043271482 6.030364 -1.0109023
-0.10227539 6.0331888 -1.0114945
-0.24804688 6.0360174 -1.0126776
-0.39426756 6.0388541 -1.0144547
-0.54108399 6.0417008 -1.0168303
-0.83723629 6.0474443 -1.0234081
-1.4447558 6.0592217 -1.0441874
-1.600957 6.0622478 -1.05106
-1.7369726 5.9882708 -1.0451959
-2.2185547 5.9904141 -1.0708339
-2.4221873 6.0853424 -1.0979314
-2.7723241 6.0921221 -1.1219982
-2.9534276 6.0956278 -1.1354387
-3.1390526 6.0992217 -1.1498834
-3.3295605 6.1029081 -1.1653861
-3.5253711 6.1066985 -1.1820084
-4.1496387 6.1187773 -1.2393264
-4.3718357 6.1230755 -1.2611954
-4.8413181 6.1321564 -1.309689
-5.3496094 6.1419854 -1.3653705
-5.6206055 6.1472244 -1.3962759
-6.5152149 6.1645193 -1.5035467
-7.2898536 6.5714774 -1.6452408
-7.8884959 5.8381281 -1.6451198
-8.0270796 5.6461577 -1.6451269
-8.1609669 5.4509077 -1.645134
-8.2901068 5.2524824 -1.6451406
-8.414443 5.0510058 -1.6451472
-8.5338573 4.8465843 -1.6451536
-8.6483297 4.6393199 -1.6451598
-8.8620605 4.2168498 -1.6451716
-9.3628416 4.1812153 -1.7189065
-9.9911232 3.8953373 -1.7976223
-10.082188 3.6532116 -1.7976277
-10.246709 3.1627276 -1.7976377
-10.320048 2.9146259 -1.7976425
-10.448652 2.4135144 -1.7976511
-10.595888 1.6516485 -1.797662
-10.632666 1.395581 -1.7976652
-10.717725 0.36464721 -1.7976751
-10.723417 0.10600891 -1.7976769
-10.722861 -0.15268402 -1.7976785
-10.716064 -0.41129455 -1.7976797
-10.703027 -0.66966307 -1.7976807
-10.658281 -1.185112 -1.797682
-10.544678 -1.9526992 -1.7976817
-10.494512 -2.2065082 -1.7976811
-10.438232 -2.4590077 -1.7976804
-10.30747 -2.9595673 -1.7976778
-10.233067 -3.2073364 -1.7976758
-10.066445 -3.6971486 -1.7976718
-9.7727051 -4.4153419 -1.7976633
4.7624121 -7.1805553 -1.6446531
4.9341993 -7.0635514 -1.6446451
5.2690916 -6.8172889 -1.644629
5.431963 -6.6881661 -1.6446213
6.177031 -6.571115 -1.7214407
6.4814548 -6.5699339 -1.7615887
6.9271188 -6.3751616 -1.7969549
7.0788474 -6.2061791 -1.7969472
7.369873 -5.8575015 -1.7969327
7.8998241 -5.1201 -1.7969053
8.2492867 -4.5354118 -1.7968867
8.3562498 -4.3350921 -1.7968807
8.4583788 -4.1322432 -1.7968751
3.063076 -1.0622537 -0.61883068
3.0559666 -0.89720672 -0.60793507
3.0501463 -0.73775512 -0.5989908
9.2004395 -1.9917337 -1.7968301
9.245801 -1.7692239 -1.7968268
9.2857809 -1.5456774 -1.7968237
9.3494825 -1.0960156 -1.7968183
9.3731833 -0.87016994 -1.7968159
9.4115229 -0.19011872 -1.7968102
9.4133978 0.036967773 -1.7968086
9.4097557 0.26402771 -1.7968074
9.3660154 0.943753 -1.796805
9.2314939 1.841759 -1.7968055
9.1843939 2.0639081 -1.7968061
3.0510058 0.76337826 -0.60031927
3.0538573 0.84287047 -0.60470784
3.0570409 0.92365783 -0.60957181
3.0643651 1.0897344 -0.62080008
8.7907028 3.3671062 -1.7968152
8.7069435 3.5781806 -1.7968175
8.2363958 3.8590918 -1.7361461
7.7886424 3.8811176 -1.6610234
7.6161523 4.0273085 -1.644462
7.5167089 4.2098651 -1.644465
7.3049607 4.5675139 -1.644472
7.076201 4.9145365 -1.6444798
6.8309665 5.2501287 -1.6444883
6.0025487 6.1808343 -1.6445684
5.2289648 5.9317436 -1.5093411
4.9839158 5.9365177 -1.4795259
4.5211329 5.9455338 -1.4257036
3.6851659 5.9618106 -1.337815
3.4416211 5.8804264 -1.3005395
3.2557909 5.8840423 -1.2835889
2.9385839 5.9740119 -1.270784
2.7632518 5.9774237 -1.2569607
0.42928711 6.0227847 -1.1525197
-0.15294921 6.0340838 -1.1521304
-0.29886717 6.0369158 -1.1537112
-0.44526365 6.0397539 -1.1559715
-0.59233397 6.0426068 -1.1589154
-0.74024415 6.0454755 -1.162553
-0.88916993 6.0483623 -1.1668944
-1.0392871 6.0512724 -1.1719525
-1.3439257 6.0571756 -1.1842847
-1.4988378 6.0601773 -1.1915953
-1.6452246 6.0246148 -1.1920604
-2.1112304 5.9882441 -1.2119699
-2.276289 5.9914398 -1.2233757
-2.6564453 6.0897808 -1.2681708
-2.8348143 6.0932331 -1.2827606
-3.0174315 6.0967669 -1.2984531
-3.2046971 6.1003909 -1.3153127
-3.397002 6.1041117 -1.3333988
-3.5947752 6.1079373 -1.3527889
-3.7985156 6.1118793 -1.3735625
-4.0087204 6.115943 -1.3958071
-4.225986 6.1201458 -1.4196248
-5.7150488 6.4514179 -1.6451179
-5.8687401 6.3113775 -1.6450387
-6.0192575 6.167963 -1.6450372
-6.1663184 6.0210004 -1.6450443
-6.4495797 5.7166324 -1.6450584
-6.5856347 5.5594182 -1.6450653
-6.7178612 5.3989639 -1.645072
-7.4265137 4.3736053 -1.6451087
-7.9085155 4.1573572 -1.7054219
-8.3815432 4.151134 -1.7853075
-8.5374317 3.9748242 -1.7975591
-8.7192287 3.5584679 -1.7975695
-8.8807611 3.1338146 -1.7975791
-8.9538088 2.9186847 -1.7975835
-9.0216017 2.7018554 -1.7975878
-9.3475094 1.1471765 -1.7976112
-9.3724804 0.92136657 -1.7976136
-9.3919916 0.69500852 -1.7976159
-9.4060249 0.46825987 -1.7976179
-9.4145899 0.24122863 -1.7976196
-9.407402 -0.44017851 -1.7976235
-9.3509665 -1.1192801 -1.7976252
-9.3212404 -1.3445184 -1.7976252
-9.2860937 -1.5689789 -1.7976251
-9.1996288 -2.0150156 -1.7976241
-9.1483107 -2.2363467 -1.7976233
-9.0298042 -2.6749628 -1.7976208
-8.8127241 -3.3208849 -1.7976153
-8.4517183 -4.1545048 -1.7976048
-8.2414551 -4.5572834 -1.7975982
-7.8902926 -5.1412568 -1.7975867
-7.7639647 -5.3300834 -1.7975824
-7.6331248 -5.5158019 -1.7975777
-7.3581638 -5.8775001 -1.7975682
-7.0661035 -6.2255144 -1.7975576
-6.8401074 -6.3259244 -1.7783792
-6.2342286 -6.3501954 -1.6985959
-5.7341309 -6.4342656 -1.6451014
-5.2539158 -6.8319831 -1.6450831
-5.0875583 -6.9566956 -1.6450768
-4.918242 -7.0773706 -1.6450702
-4.7460642 -7.1939163 -1.6450634
-3.4693651 -7.8890166 -1.6450126
-3.2780566 -7.9703732 -1.6450049
-2.094043 -8.3596058 -1.6449561
-1.8917773 -8.4076376 -1.6449478
-1.6884081 -8.4507904 -1.6449392
-1.2788574 -8.522295 -1.644922
-0.86631835 -8.5739613 -1.6449045
-0.45178711 -8.6056824 -1.6448867
0.37944335 -8.6089811 -1.6448509
0.58700192 -8.5972815 -1.6448419
0.74795896 -8.0812464 -1.5491167
0.95909178 -8.2010927 -1.576067
1.2071191 -8.5321884 -1.6448147
1.6172167 -8.4639492 -1.6447967
1.8208789 -8.4224291 -1.6447875
2.0235059 -8.376008 -1.6447786
2.2249608 -8.3247089 -1.6447695
2.425117 -8.2685719 -1.6447606
2.8210449 -8.141902 -1.6447427
3.0165918 -8.0714359 -1.6447339
3.4023535 -7.916472 -1.6447163
3.5922949 -7.832058 -1.6447076
3.7801561 -7.7430835 -1.6446989
4.1491699 -7.5516729 -1.6446819
4.3301072 -7.4493527 -1.6446735
4.6842966 -7.2317743 -1.6446568
5.0275879 -6.9973559 -1.6446406
6.0446386 -6.5715752 -1.7042964
6.6552148 -6.5691876 -1.7849383
6.8576169 -6.4498844 -1.7969583
7.0111718 -6.282557 -1.7969507
7.1606641 -6.1115751 -1.7969432
7.7160544 -5.3931537 -1.7969149
7.8439159 -5.20543 -1.7969083
8.1996679 -4.6245747 -1.7968893
8.4131155 -4.2236838 -1.7968777
8.6069727 -3.8129909 -1.7968669
8.6964254 -3.6042559 -1.7968616
8.7808008 -3.3934174 -1.7968568
8.8600979 -3.1806068 -1.7968521
3.0609961 -1.0161813 -0.61562765
3.0574608 -0.93375641 -0.61020803
3.0542383 -0.85279751 -0.60528409
9.1783295 -2.0913439 -1.7968316
9.2684765 -1.6462381 -1.7968251
9.3370705 -1.1972985 -1.7968194
9.3632326 -0.97171384 -1.7968169
9.4089451 -0.292128 -1.7968109
9.4120607 0.16202149 -1.796808
9.4054098 0.38900879 -1.7968068
9.3756933 0.84216976 -1.7968054
9.3241501 1.2933941 -1.7968048
9.2062302 1.9642266 -1.7968059
3.0525391 0.80700314 -0.60267872
8.8266697 3.2716198 -1.7968142
8.6586037 3.6935344 -1.796819
7.6593552 3.9445159 -1.6444604
7.4601269 4.3093519 -1.6444669
7.354033 4.4880586 -1.6444703
7.1290331 4.8375425 -1.644478
7.0102735 5.0081158 -1.6444821
6.8874512 5.1757693 -1.6444863
6.7606444 5.3404155 -1.6444907
6.6298633 5.5019636 -1.6444955
6.4952245 5.6603055 -1.6445003
6.3568163 5.8153558 -1.6445053
6.0690622 6.1152763 -1.6445335
5.9200487 6.2601871 -1.6446108
5.3423438 5.929534 -1.5234256
5.0928025 5.9343963 -1.4926662
4.6221485 5.9435649 -1.4371624
4.3994627 5.9479022 -1.4121325
4.1842675 5.9520941 -1.3887531
3.9759471 5.9561505 -1.3669171
3.5267577 5.8787675 -1.3085496
3.1554785 5.885994 -1.2747606
2.9778905 5.8917804 -1.2600827
2.6682811 5.9792719 -1.2497842
2.3319139 5.9858136 -1.2261871
2.1682618 5.988996 -1.2157671
2.0072753 5.9921269 -1.2062205
1.5379101 6.0012503 -1.1825083
1.3852148 6.0042181 -1.1761647
1.0842968 6.0100651 -1.1656958
0.93565428 6.0129523 -1.161539
0.78798825 6.0158181 -1.1580825
0.64110351 6.018671 -1.1553172
0.49484375 6.0215116 -1.1532352
0.058017578 6.0299907 -1.151032
-0.23324218 6.0356412 -1.152917
-0.37941405 6.0384784 -1.1548715
-0.52616209 6.0413237 -1.1575083
-0.82210934 6.047061 -1.1648554
-1.2749023 6.0558391 -1.1812518
-1.4289941 6.058825 -1.1882139
-2.0380468 5.9868264 -1.2071409
-2.4047949 6.084909 -1.2488755
-2.5775878 6.0882549 -1.2619607
-2.7541504 6.0916729 -1.2760705
-2.9348145 6.0951691 -1.2912624
-3.3099413 6.102427 -1.3251173
-3.5052049 6.106204 -1.3439097
-4.3488574 6.1225214 -1.4334509
-5.0643649 6.136353 -1.5186676
-5.6449118 6.5131145 -1.6451527
-5.9518943 6.232676 -1.644994
-6.1006837 6.0874772 -1.6450411
-6.2457714 5.9385672 -1.6450484
-6.658916 5.4714532 -1.6450689
-7.1552343 4.8045011 -1.6450944
-7.2690525 4.630517 -1.6451004
-7.3786621 4.4538455 -1.6451062
-7.7093358 4.1599193 -1.6720937
-8.6801367 3.652771 -1.7975672
-8.7657518 3.4423246 -1.7975721
-8.8462696 3.2298858 -1.797577
-8.9216108 3.0155656 -1.7975816
-9.0567379 2.5817864 -1.79759
-9.1707325 2.1419671 -1.7975976
-9.3016796 1.473244 -1.7976072
-9.3838959 0.79677731 -1.7976151
-9.4003906 0.57019162 -1.797617
-9.4169827 0.11613098 -1.7976205
-9.4170313 -0.11105529 -1.7976218
-9.4116211 -0.3381781 -1.7976232
-9.4007416 -0.56510466 -1.797624
-9.3843651 -0.79170346 -1.7976246
-9.3625393 -1.0178577 -1.7976251
-9.3352833 -1.2434045 -1.7976252
-9.3025579 -1.4682251 -1.7976252
-9.2644339 -1.6921915 -1.7976249
-9.2209082 -1.9151709 -1.7976245
-9.1720314 -2.1370525 -1.7976238
-9.0582714 -2.5769286 -1.7976214
-8.9934664 -2.7946758 -1.7976199
-8.9234276 -3.010793 -1.7976183
-8.6823435 -3.6481559 -1.7976117
-8.5917969 -3.8565242 -1.7976091
-8.4962597 -4.0626473 -1.7976061
-8.395752 -4.2664175 -1.7976031
-8.2903805 -4.467689 -1.7975998
-7.9455762 -5.0554314 -1.7975885
-7.8213086 -5.2456231 -1.7975843
-7.5591598 -5.6167068 -1.7975752
-7.1331444 -6.1485662 -1.7975601
-6.9827633 -6.3188195 -1.7975546
-6.6677246 -6.3328967 -1.7552801
-6.3656344 -6.3449879 -1.7155603
-6.0766211 -6.3563972 -1.6785147
-5.8035741 -6.3717346 -1.6451041
-5.6482325 -6.5098572 -1.6450982
-5.3276658 -6.7746387 -1.6450861
-5.1626563 -6.901165 -1.6450796
-4.994668 -7.0236602 -1.6450732
-4.8237596 -7.1420684 -1.6450665
-4.6500778 -7.2563105 -1.6450598
-3.7430468 -7.7629647 -1.6450236
-3.5546973 -7.850965 -1.6450162
-3.3642285 -7.9343939 -1.6450083
-2.7816699 -8.156765 -1.6449846
-2.5841014 -8.2214556 -1.6449765
-1.9828027 -8.3866663 -1.6449515
-1.5760058 -8.4724398 -1.6449345
-1.3711327 -8.5079575 -1.6449258
-1.1655078 -8.5385075 -1.6449171
-0.75235349 -8.584692 -1.6448996
-0.54504883 -8.6002932 -1.6448907
0.28611326 -8.6126099 -1.644855
0.49376953 -8.6031599 -1.644846
0.70115232 -8.5886974 -1.644837
0.86333007 -8.1467438 -1.5637327
1.5253613 -8.4809942 -1.6448007
1.7294922 -8.4416866 -1.6447917
2.1345899 -8.3483582 -1.6447737
3.1235547 -8.0306311 -1.644729
3.5071971 -7.870553 -1.6447116
4.0670896 -7.5962186 -1.6446856
4.2491212 -7.4958658 -1.6446773
5.2857323 -6.8043857 -1.6446283
6.2072754 -6.5710044 -1.7253823
6.5130858 -6.5698023 -1.7658166
6.9426856 -6.3581882 -1.7969542
7.3841696 -5.8394632 -1.7969319
7.522861 -5.6596088 -1.7969248
8.2603607 -4.5152206 -1.7968861
8.4684668 -4.1115489 -1.7968746
8.8250971 -3.2764685 -1.7968543
9.2052832 -1.9692348 -1.7968298
9.2500973 -1.7466143 -1.7968265
9.2895212 -1.5229559 -1.7968234
9.3235445 -1.2984322 -1.7968206
9.3929787 -0.62085629 -1.7968135
9.4132614 0.059986573 -1.7968085
9.3994045 0.51390988 -1.7968063
9.3842678 0.74050963 -1.7968055
9.3636713 0.96665829 -1.796805
9.3061428 1.4171368 -1.7968048
9.179306 2.0863624 -1.7968063
3.0512793 0.7713812 -0.600743
3.057373 0.9319244 -0.61009192
8.8616018 3.1757555 -1.7968134
8.6088085 3.8082299 -1.7968203
7.6062012 4.0459223 -1.6444622
7.402236 4.4080744 -1.6444688
7.2937694 4.585371 -1.6444724
7.0641699 4.9318271 -1.6444801
6.8181152 5.2668118 -1.6444888
6.2790232 5.8992939 -1.6445081
6.1348534 6.0490007 -1.6444982
5.9874315 6.1955266 -1.6445762
5.2036719 5.9322357 -1.5062252
4.959619 5.9369903 -1.4766176
4.724834 5.9415641 -1.448979
4.4985447 5.9459734 -1.4231659
4.2800584 5.9502277 -1.3990593
4.0687404 5.9543424 -1.3765429
3.4225585 5.8807964 -1.2987639
3.2372265 5.8844037 -1.2819388
2.9206445 5.9743609 -1.2693346
2.2414551 5.9875736 -1.2203393
1.762334 5.9968891 -1.1930654
1.6070606 5.9999065 -1.1856062
1.3018261 6.0058379 -1.1729906
1.0023047 6.0116568 -1.1633186
0.85421872 6.014534 -1.1595496
0.56049806 6.020236 -1.1540874
0.26884764 6.0258989 -1.1513423
0.1233789 6.0287223 -1.1509776
-0.022089843 6.0315447 -1.1512834
-0.31367186 6.0372014 -1.1539094
-0.46015623 6.0400419 -1.1562384
-1.2062597 6.0545087 -1.178372
-1.3595409 6.0574799 -1.18499
-1.5146484 6.0604849 -1.1923802
-1.6505566 5.9865069 -1.1853154
-1.8079492 5.9895549 -1.1942097
-1.9654492 5.9854202 -1.2024902
-2.1278222 5.988565 -1.2130847
-2.4994922 6.0867424 -1.2559566
-2.8531346 6.0935884 -1.2843002
-3.2239549 6.1007633 -1.3170888
-3.4167871 6.1044941 -1.3353032
-4.0304198 6.116364 -1.3981489
-4.2484279 6.1205792 -1.4221306
-5.5740914 6.5740566 -1.6451871
-5.7307715 6.4373894 -1.64511
-5.8841114 6.2969718 -1.6450305
-6.0343456 6.153223 -1.6450378
-6.181035 6.0059037 -1.6450452
-6.4635544 5.7008452 -1.6450591
-6.7310448 5.382515 -1.6450726
-6.8589454 5.2186127 -1.6450791
-7.3299508 4.533545 -1.6451036
-7.4372168 4.3554301 -1.6451094
-7.5401268 4.1747775 -1.6451149
-8.5471287 3.9539361 -1.7975596
-8.640049 3.7466266 -1.797565
-8.8883982 3.1120946 -1.7975794
-9.028203 2.6797888 -1.7975881
-9.0902338 2.4612396 -1.7975922
-9.1469822 2.2412512 -1.797596
-9.1984081 2.0199664 -1.7975994
-9.2851562 1.5739672 -1.797606
-9.393672 0.67203915 -1.7976161
-9.4151659 0.21820129 -1.7976199
-9.4176855 -0.008968506 -1.7976213
-9.4147358 -0.23613647 -1.7976227
-9.2822266 -1.591684 -1.7976251
-9.2411127 -1.815123 -1.7976246
-9.0232229 -2.6970432 -1.7976207
-8.9555368 -2.9139099 -1.797619
-8.8045607 -3.3424258 -1.7976152
-8.7213964 -3.553834 -1.7976129
-8.4415236 -4.1751609 -1.7976044
-8.3383493 -4.3775678 -1.7976012
-8.2303028 -4.5774202 -1.7975979
-8.1174707 -4.7746248 -1.7975943
-7.8777051 -5.1605425 -1.7975862
-7.7509079 -5.3490553 -1.7975819
-7.6196189 -5.5344419 -1.7975774
-7.4838867 -5.7166319 -1.7975726
-7.1994529 -6.070889 -1.7975625
-7.0508399 -6.2427707 -1.7975572
-5.9225974 -6.3624096 -1.6591743
-5.5612693 -6.5843005 -1.6450949
-5.0705175 -6.9691219 -1.6450762
-4.9009275 -7.0893669 -1.6450696
-4.728457 -7.2054992 -1.6450628
-4.5532517 -7.3174376 -1.645056
-4.1949997 -7.5284586 -1.6450418
-4.0121484 -7.6274328 -1.6450344
-3.826992 -7.7219529 -1.6450269
-3.6395702 -7.8119946 -1.6450195
-3.4500585 -7.8974752 -1.6450119
-3.2585449 -7.9783573 -1.645004
-2.6730566 -8.1929779 -1.6449801
-2.0735936 -8.3647013 -1.6449553
-1.4632813 -8.4926109 -1.6449298
-1.0519824 -8.5532093 -1.6449124
-0.63823241 -8.5939026 -1.6448947
-0.22299804 -8.6145935 -1.644877
-0.015146484 -8.6174183 -1.644868
0.98089844 -8.2134676 -1.5789018
2.4453321 -8.2626162 -1.6447598
2.6439159 -8.2011766 -1.6447508
2.8409472 -8.1349735 -1.6447418
3.2299707 -7.9884009 -1.6447242
3.6114354 -7.8232489 -1.6447067
3.9845507 -7.6398716 -1.6446894
4.1676269 -7.5414958 -1.6446811
4.7019529 -7.2202892 -1.6446561
5.211699 -6.8612866 -1.6446317
5.3756638 -6.7335443 -1.644624
5.5364747 -6.6018829 -1.6446162
6.0742674 -6.5714746 -1.7081174
6.6877146 -6.5690422 -1.7893367
6.8733692 -6.4330912 -1.7969575
7.597363 -5.5591679 -1.796921
7.9793749 -4.9951882 -1.7969011
8.3195896 -4.4050746 -1.7968827
8.705205 -3.5829763 -1.7968612
8.7890816 -3.3719232 -1.7968564
3.0539355 -0.84466487 -0.60481203
9.1834173 -2.0688868 -1.7968314
9.2306252 -1.8467636 -1.7968279
9.3399706 -1.1744449 -1.7968191
9.3655462 -0.9488095 -1.7968167
9.3857222 -0.7226193 -1.7968144
9.4004097 -0.49600798 -1.7968124
9.4096193 -0.26911315 -1.7968106
9.4133692 -0.04203552 -1.7968091
9.3499994 1.0909759 -1.7968049
9.3209763 1.3161944 -1.7968048
9.2466497 1.7642083 -1.7968053
9.201396 1.9867376 -1.7968059
3.0500879 0.7360028 -0.59890163
3.0629883 1.0603698 -0.61869699
8.4017773 3.8509107 -1.7641314
7.3430271 4.506032 -1.6444708
7.2322068 4.6818547 -1.6444745
6.9980273 5.02525 -1.6444825
6.7475486 5.3569365 -1.6444912
6.6163964 5.5181623 -1.644496
6.3425779 5.8308845 -1.6445059
6.2000976 5.9822087 -1.6445111
5.3165622 5.930037 -1.5202082
4.5992188 5.9440117 -1.4345468
3.7538378 5.9604731 -1.3445386
3.5074511 5.8791437 -1.3067216
3.319912 5.8827949 -1.2893547
3.1371484 5.8863516 -1.2731696
2.9617381 5.8955851 -1.2593427
2.823828 5.9762454 -1.2616528
2.6509082 5.97961 -1.248495
2.3151855 5.9861393 -1.2250897
1.9910938 5.9924407 -1.2052994
1.8327637 5.9955206 -1.1966752
1.5223438 6.0015531 -1.1818296
1.3698339 6.0045171 -1.1755635
1.2188476 6.0074515 -1.1700397
0.92064452 6.0132437 -1.1611562
0.33425781 6.0246282 -1.1517246
-0.54108399 6.0416131 -1.157813
-0.83721679 6.0473542 -1.1653035
-1.1379199 6.0531831 -1.1756445
-1.6009277 6.0621552 -1.1967884
-1.7369434 5.9881792 -1.1901101
-2.0545213 5.9871454 -1.2082144
-2.9533789 6.0955276 -1.2928649
-3.1390038 6.0991201 -1.3093122
-3.3295019 6.1028056 -1.3269634
-3.5253124 6.1065946 -1.345889
-3.7269139 6.1104937 -1.3661716
-4.6020603 6.1274176 -1.4627163
-4.8412304 6.1320405 -1.4912727
-5.8156638 6.3605227 -1.6450665
-5.9670897 6.2180777 -1.6449857
-6.6722751 5.455153 -1.6450697
-7.0493751 4.9584513 -1.6450889
-7.2803512 4.6127281 -1.645101
-7.3895407 4.4357848 -1.6451068
-7.4944139 4.2562623 -1.6451124
-8.2120705 4.1533847 -1.7565724
-8.9289846 2.9937396 -1.7975819
-9.0630369 2.5596099 -1.7975905
-9.1759472 2.1195362 -1.7975979
-9.3858204 0.77382386 -1.7976152
-9.4017677 0.54719603 -1.7976173
-9.416728 -0.13408813 -1.7976221
-9.4107809 -0.36119536 -1.7976232
-9.298955 -1.4909717 -1.7976252
-9.260273 -1.7148449 -1.7976249
-9.1120119 -2.3799734 -1.7976224
-8.9160347 -3.03263 -1.797618
-8.8402729 -3.2468119 -1.7976161
-8.7593746 -3.4591074 -1.797614
-8.5823431 -3.8775241 -1.7976087
4.3404002 -6.5442624 -1.6830281
5.441494 -6.3790789 -1.797019
5.5937696 -6.2459373 -1.7970117
5.8884568 -5.9688349 -1.7969972
6.0306735 -5.8250351 -1.7969902
6.3045506 -5.5273523 -1.7969766
6.8076854 -4.8941379 -1.7969509
7.0357614 -4.5600767 -1.7969393
7.1436815 -4.3890247 -1.7969334
7.3470211 -4.0393434 -1.7969226
7.5332618 -3.6802764 -1.7969123
7.6197948 -3.4974797 -1.7969074
3.1212206 -1.0824178 -0.70803219
3.1061621 -0.75130278 -0.68491542
8.1941595 -1.7738919 -1.7968723
8.2701654 -1.3766208 -1.7968665
8.3009377 -1.1767226 -1.796864
8.3269043 -0.97614193 -1.7968616
8.3642874 -0.57340181 -1.7968576
8.3756638 -0.37146911 -1.7968559
8.3838081 0.032924805 -1.7968529
8.3805857 0.23515014 -1.7968519
8.3416204 0.84053284 -1.79685
8.2913771 1.2418737 -1.7968496
8.2590237 1.4415143 -1.79685
3.1071484 0.77742738 -0.68646252
3.1182616 1.0248657 -0.70348305
7.8992867 2.8091063 -1.7968571
7.7546387 3.1868255 -1.7968611
7.5039258 3.7392395 -1.7968684
6.61166 3.9155235 -1.6469065
6.5059762 4.0679455 -1.6445096
6.3022461 4.3770094 -1.6445165
6.1948533 4.5277696 -1.6445203
5.8512497 4.9639039 -1.6445323
5.3458395 5.5046258 -1.6445509
5.0741601 5.7560906 -1.6445609
4.9338379 5.8768353 -1.6445663
4.6447067 6.1079936 -1.6445775
4.496172 6.2184806 -1.6446383
4.3450294 6.3253579 -1.6446967
3.8843846 5.9578266 -1.5243084
3.6850975 5.9617095 -1.5021158
3.0757909 5.8897772 -1.4240649
2.7632129 5.9773273 -1.4113314
2.5915332 5.9806681 -1.3969492
2.4232323 5.983942 -1.3836534
2.257998 5.9871564 -1.3713998
1.9357128 5.9934244 -1.3498533
1.6226953 5.9995108 -1.3320248
1.469082 6.0024958 -1.3244324
1.3171191 6.0054498 -1.3176872
1.1666113 6.0083747 -1.3117719
1.0173633 6.0112748 -1.3066647
0.86917967 6.0141535 -1.302353
0.72188473 6.0170135 -1.2988222
0.5753125 6.0198603 -1.2960638
0.42927733 6.022696 -1.2940658
0.13811523 6.0283451 -1.2923412
-0.00734375 6.0311685 -1.292609
-0.5923242 6.0425162 -1.3012464
-0.7402246 6.0453849 -1.3053322
-1.0392675 6.0511823 -1.3158852
-1.3438965 6.0570831 -1.3297316
-1.7918555 5.989151 -1.3398199
-1.9491113 5.9850116 -1.3490208
-2.2762597 5.9913445 -1.3736234
-2.8347752 6.0931339 -1.4402987
-3.0173924 6.0966654 -1.4579206
-3.594707 6.1078315 -1.5189283
-4.0517578 6.5193329 -1.6451052
-4.2076855 6.419488 -1.6450503
-4.3611913 6.3159027 -1.6449929
-4.6606836 6.0981622 -1.6449789
-4.9494042 5.8663263 -1.6449928
-5.0894918 5.7452555 -1.6449996
-5.2266111 5.6208344 -1.6450062
-5.6194434 5.2282462 -1.6450256
-5.9828711 4.8082671 -1.6450438
-6.0971189 4.6625657 -1.6450497
-6.3149509 4.3631058 -1.6450609
-6.4183788 4.2095213 -1.6450661
-6.6562109 4.1393828 -1.6799333
-7.019248 4.1337504 -1.7458757
-7.3273826 4.0804334 -1.7975062
-7.4237008 3.9024999 -1.7975116
-7.6033106 3.5399296 -1.7975215
-7.6865039 3.355504 -1.7975262
-7.765244 3.1691241 -1.7975307
-7.8394527 2.9808917 -1.7975351
-7.9741211 2.5993371 -1.7975432
-8.0345211 2.4062364 -1.797547
-8.1412592 2.0159349 -1.797554
-8.1875296 1.8189727 -1.7975572
-8.2657614 1.421972 -1.797563
-8.3247461 1.0216577 -1.7975678
-8.3469629 0.82055479 -1.7975701
-8.3768654 0.41702393 -1.7975738
-8.3844728 0.21483336 -1.7975754
-8.385107 -0.1897998 -1.797578
-8.3661814 -0.59399718 -1.7975794
-8.3494234 -0.79563141 -1.7975801
-8.2339354 -1.5963879 -1.7975799
-8.1930561 -1.7945383 -1.7975793
-8.1473436 -1.9916513 -1.7975786
-7.8484764 -2.957526 -1.7975715
-7.69665 -3.3326182 -1.7975672
-7.6140428 -3.5172985 -1.7975649
-7.5269823 -3.6999385 -1.7975622
-7.2396874 -4.2345142 -1.7975531
-7.0269918 -4.5787334 -1.797546
-6.9144921 -4.7468972 -1.7975421
-6.7979589 -4.912291 -1.7975382
-6.6774607 -5.0748396 -1.7975339
-6.5531054 -5.2344217 -1.7975296
-6.157402 -5.6945252 -1.7975153
-6.0182223 -5.8413835 -1.7975101
-5.8755469 -5.9848361 -1.7975049
-5.7294922 -6.124805 -1.7974993
-5.1405468 -6.3609581 -1.7528265
-4.8989453 -6.3704119 -1.722357
-4.6653514 -6.3793921 -1.6938578
-4.4391308 -6.3879328 -1.6671984
-4.2267771 -6.4068427 -1.6450362
-3.7524121 -6.695631 -1.6450175
-3.2583983 -6.9493651 -1.6449978
-2.2218847 -7.3464952 -1.6449555
-2.0440233 -7.3979235 -1.6449481
-1.6848145 -7.4878263 -1.6449331
-1.5036817 -7.5262594 -1.6449256
-1.3216991 -7.5603061 -1.644918
-0.40236327 -7.6642303 -1.644879
-0.032265626 -7.6746426 -1.6448631
0.52279294 -7.6567736 -1.6448389
0.70733398 -7.6418962 -1.6448309
0.8914746 -7.6225719 -1.6448228
1.0750684 -7.5988164 -1.6448147
1.9815723 -7.4140592 -1.6447746
2.1598339 -7.3640623 -1.6447664
2.3368261 -7.3097906 -1.6447586
2.5124609 -7.2512603 -1.6447506
3.0301561 -7.0505004 -1.6447271
3.1993554 -6.9753246 -1.6447194
3.5320215 -6.812839 -1.644704
3.6953027 -6.7256207 -1.6446965
3.8564649 -6.6344976 -1.644689
4.018496 -6.5446124 -1.6459639
4.4665427 -6.5440373 -1.6980814
4.7014942 -6.5434918 -1.7268747
5.1964645 -6.5418358 -1.7905694
5.67625 -6.1710644 -1.7970076
5.8234177 -6.0323157 -1.7970004
5.9671969 -5.8900733 -1.7969934
6.3774219 -5.4430895 -1.7969729
6.6324706 -5.1291471 -1.79696
6.8720994 -4.8032622 -1.7969477
6.9859471 -4.6360798 -1.7969418
7.0957127 -4.4661999 -1.796936
7.3028221 -4.1187549 -1.7969251
7.4000292 -3.9413836 -1.7969197
7.4929295 -3.7617149 -1.7969146
7.7452536 -3.2100396 -1.7969003
7.8204198 -3.0222642 -1.7968959
7.8910055 -2.8327281 -1.7968917
3.118789 -1.0353689 -0.70429754
3.1109276 -0.86862427 -0.69224519
8.1744528 -1.8626068 -1.7968736
8.2170019 -1.6648797 -1.7968706
8.3158398 -1.066347 -1.7968626
8.3575783 -0.66402709 -1.7968584
8.3711615 -0.46223876 -1.7968566
8.3798532 -0.26017576 -1.796855
8.3836718 -0.05795471 -1.7968535
8.3826361 0.14430115 -1.7968524
8.3767185 0.3464624 -1.7968515
8.350234 0.75006038 -1.7968501
8.3297262 0.95127255 -1.7968497
8.2741604 1.3519115 -1.7968497
8.2391205 1.5511041 -1.7968501
8.1993361 1.7493951 -1.7968506
3.1057713 0.74140316 -0.68434125
7.7887206 3.1025841 -1.79686
7.7116113 3.2895606 -1.7968622
7.4536033 3.838598 -1.7968701
6.5496969 3.9971862 -1.644508
6.4513769 4.1540165 -1.6445113
6.2435546 4.4603572 -1.6445184
6.13415 4.609674 -1.6445222
6.0211911 4.7563081 -1.6445261
5.6615329 5.179296 -1.6445391
5.2722363 5.5751691 -1.6445537
5.13625 5.7007427 -1.6445587
4.9972458 5.8230057 -1.6445639
4.8553514 5.9418693 -1.6445694
4.2606735 6.3826432 -1.6447282
3.5266991 5.8786688 -1.4692569
3.3386426 5.8823295 -1.4496152
3.1554198 5.8858976 -1.4313155
2.9778416 5.8916812 -1.4148381
2.6682324 5.9791765 -1.4032751
2.498457 5.9824796 -1.3894964
2.3318846 5.9857206 -1.3767796
2.0072558 5.992034 -1.3543614
1.8486816 5.9951177 -1.3445834
1.5378906 6.0011601 -1.3277376
1.3851953 6.0041275 -1.3206143
1.2340722 6.0070648 -1.3143286
1.0842773 6.009975 -1.3088608
0.93563473 6.0128632 -1.3041924
0.78797847 6.0157304 -1.3003125
0.20346679 6.0270782 -1.2924675
-0.087490231 6.0327249 -1.2930779
-0.23324218 6.0355535 -1.2945123
-0.37941405 6.0383892 -1.2967076
-0.52615231 6.0412335 -1.2996659
-1.1225293 6.0527945 -1.3193629
-1.2748926 6.0557475 -1.3263261
-1.5849707 6.0617547 -1.3428395
-1.8771582 5.9836173 -1.3440433
-2.0380175 5.9867325 -1.3553954
-2.2017188 5.9899015 -1.3677415
-2.7541113 6.0915728 -1.4327897
-2.9347656 6.0950689 -1.4498452
-3.3098826 6.1023245 -1.4878575
-3.5051367 6.1061006 -1.5089587
-4.2925291 6.3628983 -1.6450189
-4.4445996 6.2572832 -1.6449603
-4.5942969 6.1483097 -1.6449757
-4.7412891 6.0357218 -1.6449828
-4.8855076 5.919621 -1.6449897
-5.1653709 5.6771441 -1.6450033
-5.4332128 5.4214606 -1.6450164
-5.6884179 5.1531363 -1.6450289
-5.8110938 5.014441 -1.6450353
-6.0462108 4.7283769 -1.6450471
-6.509326 4.1465549 -1.6541114
-7.4748826 3.8035393 -1.7975143
-8.0079584 2.4931865 -1.7975453
-8.0657711 2.2993016 -1.7975489
-8.1189156 2.1040571 -1.7975525
-8.2498531 1.5114893 -1.7975618
-8.3131838 1.1118268 -1.7975668
-8.3375874 0.91097778 -1.797569
-8.38165 0.3057141 -1.7975748
-8.3866596 -0.098902278 -1.7975774
-8.3575878 -0.70507747 -1.7975798
-8.2847071 -1.3075759 -1.7975804
-8.2120018 -1.7056206 -1.7975796
-8.1684475 -1.903226 -1.7975791
-8.1201754 -2.0997133 -1.7975781
-7.9470801 -2.681366 -1.7975742
-7.8084664 -3.0615342 -1.7975705
-7.7323632 -3.2489934 -1.7975683
-7.5666308 -3.6181302 -1.7975634
-7.4771285 -3.7996068 -1.7975607
-6.73208 -5.002162 -1.7975358
-6.6094432 -5.1630859 -1.7975316
-6.21875 -5.6274614 -1.7975175
-5.9400778 -5.9208112 -1.7975073
-5.6475587 -6.200376 -1.7974963
-5.2518945 -6.3565469 -1.7671939
-4.3175001 -6.392458 -1.6532636
-4.1414061 -6.462409 -1.6450329
-3.9842088 -6.5604019 -1.6450268
-3.4993455 -6.8312559 -1.6450075
-3.3335254 -6.9136481 -1.6450009
-3.1657813 -6.9920187 -1.644994
-2.9961815 -7.0663238 -1.6449871
-2.8248436 -7.1365123 -1.6449803
-1.7658789 -7.4691401 -1.6449367
-1.5851855 -7.5095325 -1.6449291
-1.2211425 -7.577179 -1.6449138
-0.30049804 -7.66888 -1.6448746
-0.11542968 -7.6738629 -1.6448666
0.069716796 -7.674376 -1.6448587
0.99262691 -7.610034 -1.6448184
1.3584863 -7.5532303 -1.6448022
1.9011133 -7.4351172 -1.6447781
2.0798731 -7.3870635 -1.6447701
2.4337206 -7.2780852 -1.6447543
2.6085644 -7.2172203 -1.6447463
2.9535644 -7.0829468 -1.6447307
3.2917187 -6.9321866 -1.6447151
3.4579785 -6.850739 -1.6447074
3.6221972 -6.7652993 -1.6446998
4.3634567 -6.5442243 -1.6857591
4.8342772 -6.5431128 -1.7435699
5.4570799 -6.3657427 -1.7970183
5.6090231 -6.2322373 -1.7970109
5.7576952 -6.0950975 -1.7970036
6.3180661 -5.5119157 -1.796976
6.5764942 -5.2007475 -1.7969629
6.7000194 -5.0405664 -1.7969565
6.8196287 -4.8774724 -1.7969503
6.9352732 -4.7115369 -1.7969444
7.1543941 -4.371542 -1.7969329
7.2577634 -4.1976666 -1.7969273
7.3568749 -4.0213623 -1.796922
7.4517088 -3.8427184 -1.7969167
7.5422263 -3.6618438 -1.7969118
7.6283398 -3.4788404 -1.7969069
7.7100196 -3.2937975 -1.7969024
3.1164746 -0.98883694 -0.70074576
3.1125684 -0.90555632 -0.69475234
3.1090233 -0.82372892 -0.68932575
8.238369 -1.5555817 -1.796869
8.3038082 -1.1564178 -1.7968637
8.3656349 -0.55295193 -1.7968574
8.3837109 0.053425293 -1.7968529
8.3713865 0.45770323 -1.796851
8.3578901 0.65951842 -1.7968504
8.2883301 1.2621405 -1.7968496
8.2177925 1.6604284 -1.7968502
7.7468357 3.2057738 -1.7968612
7.6672459 3.391712 -1.7968636
7.5831933 3.5756969 -1.7968661
7.4947557 3.7575798 -1.7968687
7.2770505 3.8708427 -1.7665527
6.5926266 3.9259441 -1.6445067
6.4960155 4.0838494 -1.6445098
6.3956347 4.2393651 -1.6445132
5.9574804 4.8358946 -1.6445285
5.4638963 5.3874345 -1.6445465
5.3323631 5.5176921 -1.6445514
5.0600486 5.7684846 -1.6445615
4.9194822 5.8888836 -1.6445669
4.4809861 6.2294865 -1.6446444
3.8639257 5.9582267 -1.5219902
3.2371678 5.8843069 -1.4393777
3.0576661 5.89013 -1.42234
2.574326 5.9810038 -1.3955523
2.4063475 5.9842715 -1.3823645
2.0792675 5.990634 -1.359059
1.9196582 5.9937382 -1.3488624
1.4535937 6.0027971 -1.3237102
1.1514257 6.0086699 -1.3112184
0.85420895 6.0144439 -1.3019589
0.70699215 6.0173039 -1.2985071
0.56048828 6.0201468 -1.2958254
0.2688379 6.0258112 -1.2927432
0.12336913 6.0286331 -1.2923341
-0.022089843 6.0314555 -1.292678
-0.16771483 6.0342813 -1.2937739
-0.31367186 6.0371122 -1.2956271
-0.46013671 6.0399528 -1.2982419
-0.60727537 6.0428071 -1.3016258
-0.90430665 6.0485663 -1.3107443
-1.0545508 6.0514774 -1.3165072
-1.2062402 6.0544181 -1.3230937
-1.3595215 6.0573869 -1.3305234
-1.5146289 6.0603909 -1.3388212
-1.6505274 5.9864154 -1.330888
-1.8079296 5.9894624 -1.3408743
-1.9654199 5.9853263 -1.3501724
-2.4994628 6.0866446 -1.4102042
-2.6743066 6.0900273 -1.4255242
-2.8530762 6.0934868 -1.4420285
-3.0361524 6.0970292 -1.459779
-3.6150877 6.1082253 -1.5212201
-4.0676856 6.5093842 -1.6450999
-4.3765721 6.3051944 -1.644987
-4.5272555 6.1975617 -1.644927
-4.821074 5.9722137 -1.6449866
-5.1035447 5.7327933 -1.6450002
-5.2403321 5.6080413 -1.645007
-5.7563767 5.0771284 -1.6450324
-6.2188768 4.4989581 -1.645056
-6.3256149 4.3476529 -1.6450615
-6.6917772 4.1388407 -1.6863519
-7.0576367 4.1331439 -1.7529075
-7.3373337 4.0624986 -1.7975068
-7.4332128 3.8843396 -1.7975121
-7.5247655 3.7039173 -1.7975171
-7.6119723 3.5213237 -1.7975219
-7.6946969 3.3366938 -1.7975267
-7.8467188 2.9617205 -1.7975355
-7.9158883 2.77159 -1.7975396
-7.9804688 2.5798297 -1.7975436
-8.0956249 2.1919427 -1.7975509
-8.146142 1.9960278 -1.7975543
-8.2329884 1.600808 -1.7975603
-8.3006248 1.2018762 -1.7975657
-8.3272161 1.0013031 -1.7975682
-8.3489647 0.80014646 -1.7975703
-8.377861 0.3965326 -1.7975739
-8.3846092 -0.21029937 -1.797578
-8.298398 -1.2176946 -1.7975804
-8.266592 -1.417528 -1.7975802
-8.2299995 -1.6165173 -1.7975799
-8.1885939 -1.8145703 -1.7975793
-8.0359564 -2.4019415 -1.7975763
-7.9756832 -2.5950811 -1.7975749
-7.9107223 -2.7867084 -1.7975732
-7.8412204 -2.9767122 -1.7975714
-7.7671094 -3.164989 -1.7975693
-7.6054101 -3.5359161 -1.7975646
-7.5178905 -3.7183349 -1.7975619
-7.4259958 -3.8985927 -1.797559
-7.3297849 -4.0765791 -1.7975559
-7.2292967 -4.2522101 -1.7975527
-7.1245995 -4.4253449 -1.7975492
-7.0157809 -4.5959044 -1.7975456
-6.5402732 -5.2504325 -1.7975291
-6.2793946 -5.5597277 -1.7975197
-6.1434569 -5.7095633 -1.7975148
-5.7144432 -6.1388011 -1.7974989
-5.5646777 -6.274838 -1.7974932
-5.115654 -6.361939 -1.7496438
-4.8749118 -6.3713431 -1.7193805
-4.4165821 -6.3887744 -1.664595
-4.2112107 -6.4171495 -1.6450356
-4.055078 -6.5168467 -1.6450295
-2.902041 -7.1054826 -1.6449833
-2.5559278 -7.2371202 -1.6449693
-2.3806152 -7.2966318 -1.644962
-2.025918 -7.4028988 -1.6449473
-1.846748 -7.449574 -1.64494
-1.6664844 -7.4919219 -1.6449324
-1.4852734 -7.5299087 -1.6449249
-1.3032129 -7.5635142 -1.6449172
-0.93689454 -7.617497 -1.6449018
-0.56838864 -7.6537433 -1.644886
-0.38361326 -7.6651874 -1.644878
-0.19860351 -7.6721735 -1.6448702
-0.013486328 -7.6746979 -1.6448622
0.35668945 -7.6663446 -1.6448462
0.54151368 -7.6554623 -1.6448382
0.72601563 -7.6401424 -1.6448301
0.91009766 -7.6203656 -1.644822
1.2765527 -7.567533 -1.6448059
1.4587207 -7.5344977 -1.6447978
1.8203906 -7.4553027 -1.6447817
2.1778417 -7.3587551 -1.6447657
2.3546875 -7.304049 -1.6447577
2.5301855 -7.2450924 -1.6447499
2.7042089 -7.1819115 -1.6447419
2.8766601 -7.1145616 -1.6447341
3.0473926 -7.0430622 -1.6447264
3.2163866 -6.9674778 -1.6447186
3.3835156 -6.8878307 -1.6447108
3.5486815 -6.8041677 -1.6447031
3.7117479 -6.716557 -1.6446958
3.8726659 -6.625042 -1.6446881
4.2618065 -6.5443778 -1.6737993
4.7257419 -6.5434256 -1.729902
5.6912985 -6.157155 -1.7970068
5.8381348 -6.0180531 -1.7969996
6.1215525 -5.7294397 -1.7969857
6.5197654 -5.2717218 -1.7969657
6.6450195 -5.1129084 -1.7969594
6.7663574 -4.9511209 -1.7969531
7.1066208 -4.4488297 -1.7969354
7.2118258 -4.2760987 -1.7969298
7.3128514 -4.1008763 -1.7969244
7.6738672 -3.3771815 -1.7969044
3.1183496 -1.026762 -0.70362979
3.1142774 -0.94278806 -0.69737381
8.2583008 -1.445989 -1.7968675
8.2907715 -1.2463614 -1.7968649
8.35917 -0.64358395 -1.7968582
8.3804588 -0.23967986 -1.7968549
8.3838081 -0.037437133 -1.7968534
8.3483982 0.77048093 -1.7968501
8.3273926 0.97165221 -1.7968497
8.3015232 1.17224 -1.7968496
3.1060839 0.74951476 -0.68481123
3.109287 0.83014649 -0.68973434
3.1167967 0.99547786 -0.70124447
3.1211133 1.0804931 -0.70787644
7.8541403 2.9330242 -1.7968583
7.7035446 3.3084178 -1.7968625
7.6215134 3.4932823 -1.7968649
7.4441695 3.8568256 -1.7968704
6.7136035 3.9000413 -1.6640363
6.4411817 4.1697845 -1.6445117
6.3387499 4.3239603 -1.6445152
6.2326269 4.475616 -1.6445189
6.1228614 4.6246629 -1.6445227
6.009541 4.7710228 -1.6445266
5.6488476 5.1931257 -1.6445396
5.3918552 5.4595551 -1.644549
5.2585936 5.5880461 -1.6445541
5.1222949 5.7132964 -1.6445593
4.8408008 5.9537287 -1.6445699
4.6957421 6.0687175 -1.644557
4.3979001 6.2885895 -1.6446767
3.9551365 5.9564495 -1.532396
3.7537694 5.9603715 -1.5096644
3.5074022 5.8790436 -1.4672056
3.3198438 5.8826957 -1.4477041
2.8237793 5.9761491 -1.4165998
2.3151464 5.9860454 -1.3755466
1.6765624 5.9984651 -1.3348691
1.3698046 6.004427 -1.3199402
1.2188183 6.00736 -1.3137368
1.0691503 6.0102692 -1.3083504
0.92062497 6.013155 -1.3037632
0.62624997 6.0188713 -1.2969354
0.1887207 6.0273638 -1.2924261
-0.10226563 6.0330119 -1.2931883
-0.54106444 6.0415239 -1.3000093
-0.98689449 6.0501652 -1.3138162
-1.1379004 6.0530915 -1.3200299
-1.6009082 6.0620637 -1.3437719
-1.8933593 5.9839311 -1.3451486
-2.4221094 6.0851483 -1.4036938
-2.7722363 6.0919232 -1.4344625
-2.95333 6.0954275 -1.4516438
-3.1389453 6.0990176 -1.470111
-3.3294334 6.1027017 -1.4899297
-4.1537108 6.4546576 -1.6450697
-4.3080664 6.3523526 -1.6450131
-4.4598727 6.2463689 -1.6449542
-4.7560253 6.024107 -1.6449835
-4.8999805 5.9076567 -1.6449903
-5.314404 5.5379353 -1.6450105
-5.446455 5.4081573 -1.645017
-5.5753417 5.2752237 -1.6450235
-5.7010059 5.1392121 -1.6450297
-5.8233399 5.0002136 -1.6450359
-5.942275 4.8583093 -1.6450418
-6.1697068 4.5660977 -1.6450534
-6.2780762 4.4159446 -1.645059
-7.3906541 3.9646673 -1.7975097
-7.5733299 3.6036236 -1.7975198
-7.8141403 3.0465851 -1.7975335
-7.8853612 2.857213 -1.7975378
-8.0140333 2.473593 -1.7975458
-8.1719627 1.8876251 -1.7975562
-8.2871094 1.2917694 -1.7975646
-8.3158884 1.0914911 -1.7975671
-8.3397951 0.89058471 -1.7975694
-8.3588572 0.68915403 -1.7975714
-8.3730564 0.4873248 -1.7975732
-8.3868256 0.082909547 -1.7975763
-8.3708887 -0.52374846 -1.7975793
-8.3358784 -0.92688048 -1.7975802
-8.2814846 -1.3278351 -1.7975804
-8.2470312 -1.5272135 -1.7975801
-8.0615139 -2.3146896 -1.7975769
-8.0033398 -2.5084701 -1.7975755
-7.8730369 -2.8915594 -1.7975723
-7.7243848 -3.2678988 -1.797568
-7.6433005 -3.4532652 -1.7975657
4.3240623 -6.1901245 -1.797066
4.4721189 -6.0839982 -1.7970589
4.6175585 -5.9743271 -1.7970521
4.9002733 -5.7446227 -1.7970386
5.302783 -5.3751855 -1.7970189
5.5558395 -5.1131454 -1.7970064
5.6775389 -4.9776206 -1.7970003
5.7959375 -4.8392029 -1.7969943
5.9109764 -4.697969 -1.7969885
6.0225487 -4.5540061 -1.7969829
6.2351465 -4.2582116 -1.7969718
6.4332223 -3.952513 -1.7969614
6.7021384 -3.4769495 -1.796947
6.8619823 -3.1496429 -1.7969382
7.0058789 -2.8150134 -1.7969298
7.0717087 -2.6451905 -1.7969259
3.1685448 -0.84779477 -0.78062546
3.164834 -0.7654956 -0.77493602
7.3792381 -1.5974737 -1.7969062
7.4156246 -1.4190106 -1.7969036
7.4987988 -0.87906432 -1.7968968
7.5485644 -0.15248504 -1.7968903
7.5500488 0.029649658 -1.7968889
7.5471387 0.21176451 -1.7968881
7.5281348 0.5755139 -1.7968867
7.491611 0.93792784 -1.7968861
7.4376364 1.2981555 -1.7968862
7.4041796 1.4771911 -1.7968866
7.3663964 1.6553656 -1.796887
3.1659863 0.79214782 -0.77671975
3.1698241 0.87487608 -0.78261387
3.1740918 0.95902401 -0.78914857
3.1787889 1.0447613 -0.79635161
7.1137009 2.529737 -1.7968926
7.0506248 2.7005999 -1.7968943
6.9834275 2.8698931 -1.7968962
6.9121776 3.0375128 -1.7968984
6.5873728 3.6893847 -1.7969084
6.2267575 3.893352 -1.7477778
5.9292774 3.9093962 -1.6902626
5.590322 4.0855756 -1.6478225
5.4787793 4.2108636 -1.6445531
5.3756151 4.3418083 -1.6445565
5.2693357 4.4702325 -1.6445603
5.1599998 4.596046 -1.6445643
5.047617 4.7191877 -1.6445684
4.9323435 4.8395867 -1.6445727
4.8141794 4.9571671 -1.6445771
4.5695019 5.1836185 -1.6445863
4.4431543 5.2923541 -1.644591
4.314209 5.3980021 -1.6445959
3.7741113 5.7886248 -1.644617
3.4905565 5.9639592 -1.644628
3.345664 6.0464435 -1.6446339
3.1988573 6.1253948 -1.644636
2.8998535 6.2728653 -1.6447198
2.2579687 5.9870625 -1.5228541
2.0955565 5.9902225 -1.5103574
1.9356933 5.9933319 -1.4989281
1.622666 5.9994192 -1.4791317
1.4690624 6.0024052 -1.4707011
0.5753125 6.0197697 -1.4391981
0.28359374 6.0254326 -1.4356058
0.13811523 6.0282559 -1.4350674
-0.15293945 6.0339041 -1.4364959
-0.44525391 6.0395746 -1.4412849
-0.74021482 6.0452933 -1.4494907
-1.4987891 6.0599918 -1.4857002
-1.6452148 6.0245686 -1.4863151
-1.7918359 5.989058 -1.4877876
-2.2762206 5.9912491 -1.5253239
-2.9154296 6.266541 -1.6449168
-3.0656836 6.1942472 -1.6448781
-3.214287 6.1186371 -1.6449163
-3.6483593 5.8702641 -1.6449367
-3.9272559 5.6875215 -1.6449498
-4.0633302 5.5911517 -1.6449561
-4.3283005 5.3887076 -1.6449689
-4.5832028 5.1737247 -1.6449811
-4.8274317 4.9466901 -1.6449931
-5.06042 4.7081418 -1.6450047
-5.3876758 4.3299308 -1.645021
-5.4905763 4.1987271 -1.6450263
-5.670752 4.1236038 -1.6687149
-6.271152 4.1129694 -1.7848734
-6.413486 3.9884441 -1.7974675
-6.7679977 3.3519957 -1.7974865
-6.9218163 3.0216839 -1.7974952
-6.9927149 2.8538458 -1.7974993
-7.0595407 2.6843395 -1.7975031
-7.18082 2.3407416 -1.7975105
-7.2352047 2.1668537 -1.797514
-7.2853808 1.9917016 -1.7975172
-7.4103708 1.4596795 -1.7975258
-7.4434371 1.2805072 -1.7975284
-7.472158 1.1005853 -1.7975307
-7.4965429 0.92001891 -1.7975328
-7.516572 0.73892272 -1.7975347
-7.543457 0.37553588 -1.7975382
-7.5528121 0.011271362 -1.7975407
-7.54457 -0.3530139 -1.7975426
-7.5187888 -0.71647644 -1.7975438
-7.4992967 -0.89764065 -1.7975439
-7.4472947 -1.2582898 -1.7975439
-7.2914062 -1.9699633 -1.7975415
-7.2417579 -2.1452737 -1.7975404
-7.1298532 -2.4920373 -1.7975377
-7.0676465 -2.6632955 -1.7975361
-7.0013475 -2.8330047 -1.7975343
-6.9309669 -3.0010676 -1.7975323
-6.8565426 -3.1673772 -1.7975301
-6.6957908 -3.4943717 -1.7975252
-6.5194235 -3.8132412 -1.7975194
-6.1216502 -4.423594 -1.7975059
-6.0131736 -4.569973 -1.7975023
-5.7857227 -4.8546438 -1.7974942
-5.6669235 -4.9927845 -1.7974898
-5.4194922 -5.2602677 -1.7974807
-5.1594629 -5.5154939 -1.7974712
-5.0248923 -5.6383348 -1.797466
-4.1589942 -6.3040519 -1.7974327
-3.988867 -6.3756347 -1.7898784
-3.7825975 -6.3833647 -1.7659119
-3.3853319 -6.3977666 -1.7226673
-3.0059083 -6.4108896 -1.6851548
-2.8220215 -6.417016 -1.6683815
-2.6415918 -6.4228721 -1.6528505
-2.4741211 -6.4537702 -1.6449609
-2.3175781 -6.5115428 -1.6449544
-1.8406934 -6.6620045 -1.644935
-1.5172266 -6.7429748 -1.6449214
-0.69478512 -6.8764038 -1.6448867
-0.19574219 -6.9085526 -1.6448654
-0.029042969 -6.9112382 -1.6448582
0.13769531 -6.9098935 -1.6448511
0.3043164 -6.9045334 -1.6448438
0.47079101 -6.8951526 -1.6448365
0.80278319 -6.8643594 -1.644822
1.1329101 -6.8175955 -1.6448076
1.2970312 -6.7882581 -1.6448002
1.4603808 -6.7549634 -1.644793
1.6229101 -6.7177415 -1.6447858
1.7844824 -6.6766057 -1.6447786
2.2625487 -6.5300131 -1.644757
2.4346874 -6.5144053 -1.6551404
2.6157227 -6.5150628 -1.6708584
2.988662 -6.5159397 -1.7061045
3.1811817 -6.5161495 -1.7257552
3.5801952 -6.5160885 -1.7694632
3.787451 -6.5158043 -1.7936795
4.1050682 -6.337534 -1.7970763
4.4059176 -6.1321192 -1.7970622
4.9761424 -5.6790118 -1.7970349
5.11167 -5.5572987 -1.7970282
5.2442384 -5.4323554 -1.7970217
5.3737302 -5.3042626 -1.7970153
5.5000978 -5.1730785 -1.7970091
5.6232715 -5.0388718 -1.797003
5.8596873 -4.7617674 -1.7969911
6.188623 -4.3255534 -1.7969743
6.291152 -4.1749973 -1.7969689
6.4851561 -3.8666949 -1.7969587
6.5765233 -3.70913 -1.7969538
6.6640525 -3.5493963 -1.7969489
6.903203 -3.0582047 -1.7969357
7.0426559 -2.7216921 -1.7969276
3.1794043 -1.0554929 -0.79729176
3.1746483 -0.96954769 -0.79000348
3.170332 -0.88521147 -0.78338706
7.3998141 -1.4993044 -1.7969049
7.4338083 -1.3203704 -1.7969023
7.4888377 -0.96029693 -1.7968976
7.5097947 -0.77936643 -1.7968957
7.5386519 -0.41626799 -1.7968922
7.5464644 -0.23429993 -1.7968909
7.5499315 -0.05219055 -1.7968897
7.5489841 0.12994872 -1.7968886
7.5436425 0.31200683 -1.7968876
3.1643944 0.75539792 -0.77427459
3.1680565 0.83754027 -0.77988768
3.1721289 0.92102903 -0.78613144
3.1766307 1.0060309 -0.79303068
7.014111 2.7940295 -1.7968954
6.9446774 2.9624133 -1.7968974
6.871201 3.129071 -1.7968996
6.7123241 3.4568427 -1.7969044
6.6270313 3.617763 -1.7969069
6.5378122 3.7765691 -1.7969099
6.3670602 3.8857269 -1.7752327
6.0605173 3.9023399 -1.715518
5.6226463 4.0167627 -1.6445479
5.3174901 4.4128413 -1.6445587
4.9845018 4.7858367 -1.6445707
4.6254296 5.1337771 -1.6445842
4.5002537 5.243875 -1.6445889
4.3724704 5.3509207 -1.6445937
3.9741406 5.6531329 -1.644609
3.6968944 5.8382659 -1.6446201
3.4110253 6.0098114 -1.6446313
3.2650683 6.0903668 -1.6446371
2.9676366 6.2409964 -1.6447015
2.8163183 6.3109183 -1.6447417
2.6633203 6.3771687 -1.6447798
2.3318458 5.9856253 -1.5288287
2.1681836 5.9888091 -1.5158372
2.0072167 5.99194 -1.5039341
1.6922754 5.9980655 -1.4832336
1.3851757 6.0040374 -1.4664602
1.2340429 6.0069742 -1.4594818
0.93562496 6.0127716 -1.448226
0.058017578 6.0298123 -1.4351273
-0.087490231 6.0326347 -1.4358828
-0.37939453 6.0382977 -1.4399142
-0.52614254 6.0411429 -1.4432
-0.67366207 6.044003 -1.4473447
-0.82208985 6.0468802 -1.4523622
-1.274873 6.055656 -1.472803
-1.4289551 6.0586395 -1.4814839
-1.5849512 6.0616617 -1.4911406
-1.8771288 5.9835234 -1.4924763
-2.2016797 5.9898052 -1.5187913
-2.6946874 6.3648295 -1.6449689
-2.9983788 6.2271843 -1.6448958
-3.1476562 6.1528888 -1.644856
-3.2952831 6.0754032 -1.6449201
-3.4408984 5.9941788 -1.6449269
-3.8653808 5.7297382 -1.6449468
-4.1372557 5.5366864 -1.6449598
-4.3995214 5.3307486 -1.6449723
-4.6515331 5.1123919 -1.6449846
-4.8927341 4.8821378 -1.6449963
-5.0090919 4.7627082 -1.6450021
-5.122539 4.6405015 -1.6450077
-5.4447069 4.2579856 -1.6450239
-5.8282809 4.1208844 -1.6988035
-6.1291795 4.1155472 -1.7570583
-6.369863 4.0577207 -1.797465
-6.5581837 3.7458019 -1.7974751
-6.7312694 3.4251518 -1.7974845
-6.9613767 2.929477 -1.7974975
-7.0300193 2.7606952 -1.7975014
-7.0945897 2.5903254 -1.7975053
-7.2112985 2.2451513 -1.7975125
-7.2633591 2.0705535 -1.7975156
-7.3112011 1.8947351 -1.7975188
-7.429111 1.3611151 -1.7975271
-7.4861231 1.0012158 -1.7975318
-7.5081153 0.82035035 -1.7975339
-7.525732 0.63900083 -1.7975358
-7.5389547 0.45728391 -1.7975374
-7.5477929 0.27529967 -1.7975389
-7.5522265 0.093135983 -1.7975402
-7.539238 -0.45320341 -1.797543
-7.526113 -0.63493103 -1.7975434
-7.4867282 -0.99718779 -1.797544
-7.4299216 -1.3571081 -1.7975438
-7.3950195 -1.5359335 -1.7975433
-7.3558006 -1.7138805 -1.7975427
-7.3123045 -1.8908175 -1.797542
-7.2645702 -2.0666504 -1.797541
-7.2126169 -2.2412798 -1.7975398
-7.0961032 -2.5865424 -1.7975368
-7.0316405 -2.7569561 -1.7975351
-6.8138671 -3.2581768 -1.7975287
-6.6487498 -3.5830178 -1.7975236
-6.0623631 -4.5045238 -1.7975039
-5.9519043 -4.649437 -1.7975
-5.8380175 -4.7916479 -1.797496
-5.6000876 -5.0676212 -1.7974875
-5.4762011 -5.20122 -1.7974828
-5.3491502 -5.3317838 -1.7974782
-5.0857224 -5.5835438 -1.7974684
-4.9495411 -5.7045841 -1.7974632
-4.668613 -5.9366193 -1.7974524
-4.5240526 -6.0474987 -1.7974468
-4.3768358 -6.1548491 -1.7974412
-4.074863 -6.3587317 -1.7974294
-3.8745995 -6.3799376 -1.7764781
-3.4729102 -6.3946481 -1.7318606
-3.2792089 -6.4015012 -1.7117896
-3.0897558 -6.4080453 -1.6931123
-2.9042089 -6.4142981 -1.6757609
-2.7222459 -6.4202733 -1.6596768
-2.3881054 -6.4860511 -1.6449574
-2.2308202 -6.5417466 -1.644951
-2.0724707 -6.5936289 -1.6449444
-1.5902246 -6.7261496 -1.6449244
-1.0996679 -6.8234477 -1.6449038
-0.93474609 -6.8479552 -1.644897
-0.76928711 -6.8684864 -1.64489
-0.4371289 -6.8975334 -1.6448758
-0.2705957 -6.9060411 -1.6448686
-0.10393555 -6.910531 -1.6448615
0.22946289 -6.9074407 -1.644847
0.56234372 -6.8882732 -1.6448326
0.7283203 -6.8726764 -1.6448255
0.89390624 -6.8530784 -1.6448181
1.2233691 -6.8019285 -1.6448035
1.3871094 -6.770411 -1.6447963
1.8730175 -6.6522989 -1.6447746
2.0329297 -6.6051574 -1.6447674
2.1916406 -6.5541635 -1.6447603
2.354414 -6.5140629 -1.6484724
2.5339551 -6.5147843 -1.6636446
2.9035058 -6.5157948 -1.6977253
3.2891016 -6.5161972 -1.7371888
3.6936328 -6.5159531 -1.7825944
3.8810253 -6.4772 -1.797087
4.3391991 -6.1795306 -1.7970654
4.6321483 -5.963016 -1.7970513
4.7746482 -5.8495121 -1.7970445
4.9143162 -5.7326188 -1.7970377
5.4437304 -5.2323914 -1.797012
5.5683203 -5.0995374 -1.7970058
5.9224219 -4.6835022 -1.7969879
6.0336719 -4.5392547 -1.7969823
6.346035 -4.0910487 -1.7969661
6.5359178 -3.7801898 -1.7969559
6.625205 -3.6214185 -1.7969511
6.7106152 -3.4605463 -1.7969465
7.0781837 -2.6278906 -1.7969257
3.1767285 -1.0079575 -0.7931937
3.1681445 -0.83939147 -0.78001958
7.4190526 -1.4008768 -1.7969034
7.4507031 -1.2214929 -1.7969009
7.5194921 -0.67954159 -1.7968947
7.5499606 0.048112791 -1.7968889
7.5465817 0.23021483 -1.7968879
7.5388279 0.41218382 -1.7968872
7.5267086 0.59392822 -1.7968866
7.5101757 0.77531248 -1.7968862
7.4892869 0.95624572 -1.7968861
3.1628809 0.71889156 -0.77195221
3.170244 0.88333619 -0.78324598
3.1792967 1.0535504 -0.79712075
7.0439844 2.7178326 -1.7968946
6.9763865 2.8869586 -1.7968965
6.9047165 3.0544031 -1.7968985
6.749414 3.3838842 -1.7969031
6.6658301 3.5457079 -1.7969058
6.5783591 3.705476 -1.7969087
5.3649998 4.3549528 -1.644557
4.9204979 4.8516288 -1.6445732
4.802031 4.9689322 -1.6445776
4.6807814 5.083333 -1.644582
4.4302049 5.3031998 -1.6445917
4.3010058 5.4085393 -1.6445966
4.1692967 5.5107317 -1.6446016
4.0351758 5.6097174 -1.6446067
3.4759471 5.9724774 -1.6446288
3.3308787 6.0546088 -1.6446344
3.1838868 6.1332159 -1.6446404
3.0350878 6.2083926 -1.644683
2.8845313 6.2799578 -1.6447238
2.7322459 6.347868 -1.6447629
2.2413867 5.9873857 -1.5215378
1.4535742 6.0027056 -1.4698989
1.0022656 6.0114765 -1.4504458
0.70699215 6.0172138 -1.4419128
0.56047851 6.0200591 -1.4389349
0.1233789 6.028543 -1.4350584
-0.16771483 6.0341897 -1.4366574
-0.31366211 6.0370231 -1.4387146
-0.46013671 6.0398636 -1.4416173
-0.60726559 6.0427165 -1.4453759
-0.75526363 6.0455852 -1.4499986
-0.90429688 6.0484734 -1.4555016
-1.054541 6.0513859 -1.4618996
-1.9653906 5.9852338 -1.4992836
-2.127754 5.9883771 -1.5124929
-2.6255662 6.3937273 -1.6449839
-2.7789745 6.328393 -1.6449496
-2.9307616 6.2593803 -1.644913
-3.0808203 6.1867166 -1.6448741
-3.3757324 6.0311127 -1.6449239
-3.6627147 5.8613248 -1.6449373
-3.9411621 5.6779022 -1.6449505
-4.2104588 5.4812479 -1.6449634
-4.59584 5.1625028 -1.6449819
-4.7190232 5.0501599 -1.6449877
-4.9571676 4.8167114 -1.6449995
-5.1837206 4.5720515 -1.6450108
-5.2925391 4.4456964 -1.6450163
-5.5008202 4.1852841 -1.6450268
-5.6993356 4.1231146 -1.6741537
-6.4232321 3.9727409 -1.7974679
-6.6073923 3.6583495 -1.7974778
-6.6937399 3.4979138 -1.7974824
-6.7761717 3.3354356 -1.797487
-6.8546872 3.1710076 -1.7974914
-7.0660839 2.6670728 -1.7975036
-7.2404981 2.1491473 -1.7975143
-7.2902246 1.9738756 -1.7975175
-7.335742 1.7974529 -1.7975205
-7.3769727 1.6199816 -1.7975233
-7.4139156 1.4415509 -1.797526
-7.4987793 0.90168822 -1.7975329
-7.5528121 -0.0071929931 -1.7975409
-7.5504489 -0.18937744 -1.797542
-7.5170116 -0.73486418 -1.7975438
-7.4970899 -0.91597289 -1.7975439
-7.4441891 -1.2765026 -1.7975439
-7.4112105 -1.4556948 -1.7975436
-7.3739548 -1.6340454 -1.797543
-7.3323922 -1.8114423 -1.7975423
-7.2364941 -2.1629806 -1.7975402
-7.1821876 -2.3369064 -1.797539
-7.1237302 -2.5094683 -1.7975374
-6.8487792 -3.1841404 -1.7975298
-6.7699509 -3.3484118 -1.7975274
-6.6005564 -3.6710186 -1.7975221
-6.510078 -3.8291769 -1.7975192
-6.4158201 -3.9850888 -1.797516
-6.3178124 -4.1386805 -1.7975127
-6.2161427 -4.2898626 -1.7975093
-6.1108298 -4.4385471 -1.7975056
-6.0019727 -4.5846672 -1.7975018
-5.654707 -5.0066261 -1.7974894
-5.5322852 -5.1415544 -1.7974849
-5.4066014 -5.2735062 -1.7974802
-4.7326365 -5.8856854 -1.797455
-4.4433103 -6.1070471 -1.7974439
-4.2946582 -6.2124333 -1.797438
-3.7619727 -6.384129 -1.7635714
-3.1743846 -6.4051418 -1.7013366
-2.6234961 -6.4234509 -1.6513439
-2.301543 -6.5171971 -1.6449538
-1.8243847 -6.666482 -1.6449342
-1.5007226 -6.7466626 -1.6449208
-1.3375293 -6.7808728 -1.6449139
-1.1735644 -6.8111362 -1.644907
-1.0089453 -6.8374352 -1.6449
-0.8437109 -6.8597512 -1.6448932
-0.17884766 -6.909008 -1.6448646
0.32123047 -6.9037685 -1.6448431
0.48765624 -6.8939781 -1.6448358
0.65378904 -6.8801813 -1.6448286
0.98488277 -6.8405743 -1.6448141
1.14958 -6.8148031 -1.6448067
1.3136327 -6.7850585 -1.6447996
1.4769043 -6.7513695 -1.6447923
1.6393359 -6.7137475 -1.6447852
1.8008008 -6.6722217 -1.6447778
1.9612108 -6.6268115 -1.6447706
2.1204784 -6.5775461 -1.6447635
2.2785058 -6.5244579 -1.6447563
2.8191893 -6.5156193 -1.6896194
3.3984766 -6.5161972 -1.7490727
3.6009471 -6.516068 -1.7718434
3.808789 -6.5157657 -1.7962288
3.9667382 -6.4250479 -1.7970829
4.1205664 -6.3274741 -1.7970756
4.420908 -6.1213255 -1.7970614
4.567246 -6.012877 -1.7970545
4.710947 -5.9009366 -1.7970475
4.8518848 -5.7855639 -1.7970408
5.1252537 -5.5447755 -1.7970276
5.3866796 -5.2910986 -1.7970147
5.5127244 -5.1596036 -1.7970085
5.6355762 -5.0250993 -1.7970023
5.9841113 -4.6043987 -1.7969848
6.1991992 -4.3103938 -1.7969737
6.3013377 -4.1595926 -1.7969683
6.4945898 -3.8508215 -1.7969581
6.5855761 -3.693028 -1.7969532
6.7559762 -3.3710833 -1.7969439
6.9819922 -2.8737249 -1.7969313
3.1699219 -0.87674403 -0.78275269
3.1660645 -0.79398072 -0.77684498
7.3655758 -1.6593542 -1.7969073
7.4034667 -1.4812024 -1.7969046
7.5116696 -0.7609973 -1.7968955
7.5396285 -0.3978253 -1.796892
7.5470309 -0.2158435 -1.7968907
7.5500293 -0.0337146 -1.7968894
7.5181441 0.69385678 -1.7968864
7.4992089 0.87502074 -1.7968861
7.4759274 1.055661 -1.796886
7.4482813 1.2356867 -1.7968861
7.3800097 1.5934722 -1.7968869
3.1684473 0.84594053 -0.78049165
3.1725683 0.9295764 -0.78680092
7.1346874 2.4699347 -1.796892
7.0072656 2.8111784 -1.7968955
6.9374313 2.9793897 -1.7968975
6.7038474 3.4732549 -1.7969046
6.5285058 3.7925494 -1.7969102
5.6128221 4.0305028 -1.6445483
5.5139451 4.1647272 -1.6445516
5.0870504 4.6766529 -1.644567
4.8556051 4.9165807 -1.6445756
4.7356052 5.03229 -1.64458
4.3593554 5.3616018 -1.6445942
4.2287889 5.4652104 -1.6445993
4.0957422 5.565639 -1.6446044
3.960283 5.6628437 -1.6446097
3.6825976 5.8472919 -1.6446204
3.3963182 6.0181389 -1.6446317
3.2501464 6.0983415 -1.6446377
2.9523828 6.2482572 -1.6447058
2.6477246 6.3836713 -1.6447836
2.3151171 5.9859514 -1.5274612
2.1517577 5.9891291 -1.5145813
1.9910351 5.9922552 -1.5027864
1.832705 5.9953351 -1.4920335
1.6765429 5.9983735 -1.4822916
1.3697851 6.0043354 -1.4657114
0.48002928 6.0216193 -1.4376569
0.043261718 6.030098 -1.4351659
-0.39424804 6.0385857 -1.440208
-0.54106444 6.0414324 -1.4435813
-0.68866211 6.0442939 -1.447814
-0.98686522 6.0500736 -1.458913
-1.1378808 6.0530009 -1.4658121
-1.2904004 6.0559549 -1.4736401
-1.4446973 6.0589447 -1.4824181
-1.6008886 6.0619693 -1.492175
-1.7368847 5.9879937 -1.483848
-2.5561328 6.4218645 -1.6449986
-2.7102344 6.3582072 -1.6449653
-3.0136034 6.2198138 -1.6448917
-3.1628125 6.1453876 -1.644914
-3.4555469 5.985745 -1.6449276
-3.8793945 5.7202692 -1.6449475
-4.0162597 5.625052 -1.6449541
-4.1507812 5.5265594 -1.6449604
-4.412539 5.3199759 -1.6449729
-4.539619 5.2119989 -1.644979
-4.9046583 4.8701572 -1.6449969
-5.1338673 4.6279597 -1.6450083
-5.2440329 4.5027857 -1.6450138
-5.4549999 4.2446594 -1.6450245
-6.1608396 4.1149778 -1.7632414
-6.5673437 3.729754 -1.7974756
-6.8199024 3.2451227 -1.7974894
-7.0367479 2.7434959 -1.7975018
-7.1609082 2.4009349 -1.7975093
-7.2683983 2.0527673 -1.797516
-7.4324217 1.3429425 -1.7975274
-7.5100975 0.80198425 -1.7975341
-7.5272555 0.62059021 -1.797536
-7.5400486 0.43884215 -1.7975377
-7.5484567 0.2568219 -1.797539
-7.5520606 -0.1075354 -1.7975415
-7.5245214 -0.65335262 -1.7975436
-7.4575782 -1.1957333 -1.7975439
-7.4265723 -1.3752747 -1.7975438
-7.3912301 -1.5540335 -1.7975433
-7.3076658 -1.9086956 -1.7975417
-7.2070994 -2.2589126 -1.7975396
-7.1505075 -2.432116 -1.7975383
-7.089746 -2.6038854 -1.7975367
-7.0248728 -2.7741454 -1.7975349
-6.9558983 -2.9427862 -1.7975329
3.6532421 -5.8076577 -1.7970927
3.9290624 -5.6246643 -1.7970796
4.0635839 -5.5282316 -1.7970734
4.1957517 -5.4285831 -1.7970669
4.6992087 -4.9990082 -1.7970426
4.8183985 -4.8841815 -1.7970369
4.9348145 -4.76652 -1.797031
5.4724121 -4.1380205 -1.7970041
5.5706248 -4.0047998 -1.796999
5.6656055 -3.8692467 -1.7969941
5.8455858 -3.5914764 -1.7969847
6.0119724 -3.3053429 -1.7969756
2.5683985 -1.1788915 -0.74020416
2.6142871 -0.97787654 -0.73107725
2.6275682 -0.91122282 -0.72843343
2.639873 -0.84472716 -0.72598463
3.2264452 -0.7803961 -0.86944908
6.7052145 -1.4515585 -1.7969345
6.7925878 -0.96290314 -1.7969278
6.8138571 -0.79876953 -1.7969258
6.8444238 -0.4692111 -1.7969226
6.8590817 -0.13855805 -1.7969198
6.8511329 0.35778624 -1.7969172
6.8405075 0.52294677 -1.7969166
6.8073339 0.85225767 -1.796916
6.7583008 1.1795807 -1.7969161
6.7278805 1.3422631 -1.7969165
3.2277734 0.80760312 -0.87148994
2.6233497 0.93290466 -0.72927237
2.6097362 0.9996112 -0.73198026
2.5795019 1.133551 -0.73799336
6.0648241 3.2070189 -1.7969339
5.9856935 3.3523893 -1.7969363
5.9030957 3.4958012 -1.796939
5.8170309 3.6371856 -1.7969418
5.3515038 3.9113672 -1.7361624
4.688652 4.1762304 -1.6445872
4.3744335 4.5043635 -1.6445988
4.264502 4.6085844 -1.6446029
3.9201367 4.9049253 -1.644616
3.6790428 5.0883145 -1.6446252
3.1717088 5.4191751 -1.6446452
3.0400782 5.4941239 -1.6446503
2.9066503 5.5658755 -1.6446557
2.6348534 5.6996245 -1.6446666
2.4966114 5.7615423 -1.6446722
2.3569238 5.8201065 -1.6446779
2.2158399 5.8752909 -1.6446836
1.9299219 5.9753594 -1.6446954
1.4927832 6.0993366 -1.6447134
1.3452442 6.1335979 -1.6447196
1.1969043 6.1642852 -1.6447258
0.89822263 6.2149787 -1.6447631
0.74804688 6.2349014 -1.6447799
0.14384766 6.2781377 -1.6448255
-0.0076269531 6.279809 -1.6448313
-0.15911132 6.2778068 -1.644835
-0.61264646 6.2498589 -1.6448327
-0.76321286 6.2332401 -1.6448275
-0.91335934 6.2129803 -1.6448165
-1.0629492 6.1891141 -1.6448106
-1.6543554 6.0580473 -1.6448495
-1.9446191 5.9712553 -1.6448625
-2.3713379 5.8150797 -1.6448818
-2.6490624 5.6939859 -1.6448947
-2.7856543 5.6284475 -1.6449009
-2.9206152 5.5596333 -1.6449072
-3.0539062 5.4875898 -1.6449133
-3.3150389 5.3339481 -1.6449255
-3.5684667 5.1678934 -1.6449374
-3.8135936 4.98981 -1.6449492
-3.9328613 4.8963795 -1.6449548
-4.0498438 4.8001022 -1.6449604
-4.2766504 4.599226 -1.6449714
-4.493535 4.3876362 -1.6449821
-4.5980859 4.2779789 -1.6449873
-4.8675976 4.1090918 -1.6684816
-5.107285 4.104599 -1.7161964
-5.738379 3.7635388 -1.7974397
-5.8274999 3.6240301 -1.7974442
-6.0743551 3.1931725 -1.7974576
-6.2893944 2.7455962 -1.7974696
-6.4145017 2.4390733 -1.7974769
-6.5247068 2.1268694 -1.7974834
-6.5741305 1.9688666 -1.7974867
-6.6197071 1.8097192 -1.7974896
-6.7332907 1.3263122 -1.7974974
-6.76332 1.1635064 -1.7974997
-6.8115821 0.83595699 -1.7975038
-6.8297653 0.67140317 -1.7975055
-6.8604684 0.17578551 -1.7975099
-6.8627048 0.010239257 -1.797511
-6.8454981 -0.48602813 -1.7975132
-6.7924314 -0.97975522 -1.797514
-6.7037988 -1.4683505 -1.7975131
-6.6664257 -1.629634 -1.7975125
-6.6251855 -1.7899667 -1.7975117
-6.5800681 -1.9492593 -1.7975106
-6.4218946 -2.4199479 -1.7975067
-6.3616309 -2.5741522 -1.7975051
-6.2300682 -2.8779743 -1.7975012
-6.1588278 -3.027415 -1.7974991
-6.0839844 -3.175092 -1.7974968
-6.0056152 -3.3209257 -1.7974943
-5.7497168 -3.7464809 -1.7974858
-5.3619823 -4.2829957 -1.7974724
-5.2570996 -4.4110823 -1.7974685
-5.1491504 -4.5366063 -1.7974647
-4.924336 -4.7796488 -1.7974565
-4.8076072 -4.897027 -1.7974522
-4.6880565 -5.0115604 -1.7974477
-4.1833396 -5.4398727 -1.7974286
-4.0509081 -5.5391827 -1.7974234
-3.9160936 -5.6352725 -1.7974181
-3.7790136 -5.7280803 -1.7974129
-3.2094727 -6.0654578 -1.7973902
-3.0622656 -6.1410894 -1.7973845
-2.913203 -6.2131534 -1.7973785
-2.610127 -6.3463788 -1.7973661
-2.4543359 -6.4024091 -1.795939
-2.2807519 -6.4079533 -1.7815388
-1.7746778 -6.4231396 -1.7454089
-1.610127 -6.4277539 -1.7355998
-1.1259081 -6.4403777 -1.7124723
-0.96701169 -6.4442015 -1.7067882
-0.65184569 -6.4513144 -1.6983564
-0.33901367 -6.4577432 -1.693766
-0.18305664 -6.4607129 -1.6928935
-0.027138671 -6.4635234 -1.692966
0.12883788 -6.4661789 -1.6939818
0.28511718 -6.4686809 -1.695946
0.59915036 -6.4732347 -1.7027415
0.75728512 -6.4752898 -1.7075907
1.0766308 -6.4789591 -1.720264
1.2382421 -6.4805756 -1.7281229
1.4013964 -6.4820452 -1.7370251
1.5662793 -6.4833679 -1.7469996
1.9021581 -6.4855685 -1.7702801
2.0736132 -6.4864435 -1.7836547
2.2463086 -6.4832406 -1.7971574
3.1579492 -6.0912867 -1.7971158
3.5901074 -5.8469262 -1.7970957
3.7300682 -5.7586069 -1.7970891
3.8678808 -5.6669316 -1.7970824
4.0034571 -5.5719604 -1.7970761
4.1366796 -5.4737506 -1.7970698
4.2674899 -5.3723555 -1.7970636
4.3958201 -5.2678328 -1.7970573
4.5216112 -5.160244 -1.7970512
4.7651758 -4.9361253 -1.7970395
4.8828516 -4.8197346 -1.7970337
4.9976854 -4.7005343 -1.7970281
5.2185545 -4.4539914 -1.7970169
5.6233201 -3.9304395 -1.7969962
5.8927732 -3.5134976 -1.796982
5.9758005 -3.370322 -1.7969776
6.2038183 -2.9293649 -1.7969651
2.5932519 -1.0747814 -0.73526007
2.6079783 -1.007879 -0.73232925
2.6217186 -0.94115049 -0.72959685
3.228291 -0.81798184 -0.8722862
3.2242968 -0.73467863 -0.86616611
6.7548046 -1.199765 -1.7969308
6.8389258 -0.54336733 -1.7969232
6.8500586 -0.37824616 -1.7969216
6.8571873 -0.21289977 -1.7969204
6.8603125 -0.047423095 -1.7969192
6.8594532 0.11807922 -1.7969183
6.8161621 0.77842039 -1.7969161
6.7420506 1.2692584 -1.7969164
3.2259471 0.77008969 -0.86869282
2.6607909 0.77256531 -0.7257098
2.6018164 1.036419 -0.73355609
5.6769919 3.8522124 -1.7969466
4.7336426 4.1251593 -1.6445857
4.6327734 4.2381544 -1.6445893
4.5291896 4.3486819 -1.6445931
4.314209 4.5620799 -1.6446011
4.2029099 4.6648369 -1.6446052
3.9730859 4.862143 -1.6446139
3.8546288 4.9565768 -1.6446185
3.7339549 5.0481291 -1.6446233
3.4861619 5.2223797 -1.6446328
3.3591893 5.3049674 -1.6446377
3.2302539 5.3844695 -1.6446429
3.099453 5.4608369 -1.6446481
2.8324609 5.6040092 -1.6446586
2.5588965 5.7341328 -1.6446697
2.2793846 5.8509183 -1.6446811
2.1375976 5.9042192 -1.6446868
1.9945605 5.9540801 -1.6446927
1.5588379 6.0827875 -1.6447107
1.114912 6.179666 -1.6447331
0.96551758 6.2048478 -1.6447549
0.81558591 6.2264009 -1.6447728
0.36322266 6.2692251 -1.6448131
0.21188477 6.2761941 -1.644822
-0.54485351 6.2561407 -1.6448343
-0.69561523 6.241159 -1.6448301
-0.84597653 6.2225394 -1.6448237
-0.99581051 6.2002912 -1.6448152
-1.1450781 6.1744242 -1.6448045
-1.5886035 6.0756168 -1.6448464
-2.0237792 5.94491 -1.6448661
-2.1666014 5.8943815 -1.6448725
-2.3081641 5.8404279 -1.644879
-2.4483788 5.7830744 -1.6448854
-2.5871778 5.722353 -1.6448917
-2.8601854 5.5909538 -1.6449043
-3.2570117 5.3695588 -1.6449227
-3.3855956 5.2894502 -1.6449288
-3.6368163 5.1200409 -1.6449407
-3.7592578 5.0308456 -1.6449466
-4.3373923 4.5420136 -1.6449745
-4.4456935 4.4360785 -1.6449798
-4.6545115 4.2165189 -1.6449901
-4.9979587 4.1066694 -1.6943095
-5.5060644 4.0958219 -1.7974277
-5.603281 3.9618151 -1.7974327
-5.7878709 3.6869817 -1.7974423
-5.9589939 3.4035594 -1.7974513
-6.0393748 3.2588212 -1.7974557
-6.11624 3.1122022 -1.7974598
-6.1895604 2.9637694 -1.7974639
-6.2592478 2.8136113 -1.7974679
-6.3877048 2.5084565 -1.7974752
-6.5012693 2.1974699 -1.7974821
-6.5996971 1.8813665 -1.7974882
-6.6827831 1.5608709 -1.7974937
-6.7185059 1.39922 -1.7974963
-6.7503028 1.2367511 -1.7974987
-6.8021188 0.90973568 -1.7975029
-6.8501172 0.41550171 -1.7975079
-6.8621874 0.084628291 -1.7975105
-6.8503613 -0.41179535 -1.7975131
-6.8384376 -0.57691771 -1.7975135
-6.8225293 -0.74171782 -1.7975138
-6.719326 -1.3955957 -1.7975134
-6.6837106 -1.5572823 -1.7975128
-6.6008005 -1.8778167 -1.7975111
-6.4477344 -2.3502083 -1.7975074
-6.3891602 -2.5050519 -1.7975059
-6.3268552 -2.6584368 -1.7975041
-5.6994433 -3.8225372 -1.797484
-5.5084372 -4.0929494 -1.7974775
-5.4081054 -4.2246256 -1.797474
-4.4973044 -5.1833725 -1.7974404
-4.2420702 -5.3942175 -1.7974309
-4.110713 -5.4949584 -1.7974257
-3.9769628 -5.592505 -1.7974206
-3.8408689 -5.68679 -1.7974153
-3.5621679 -5.8653769 -1.7974043
-3.2750585 -6.0303235 -1.797393
-3.1285937 -6.1075511 -1.797387
-2.9803808 -6.1812196 -1.797381
-2.8303614 -6.2512932 -1.7973752
-2.6787696 -6.3177319 -1.7973689
-2.1862793 -6.4108996 -1.7741253
-1.8492383 -6.4209957 -1.7501695
-1.6838379 -6.4257069 -1.7398722
-1.5202539 -6.4302049 -1.7306552
-1.3582715 -6.4344997 -1.7224884
-1.0382617 -6.4425068 -1.709219
-0.87992185 -6.4462304 -1.7040789
-0.5655371 -6.4531503 -1.6967123
-0.40916014 -6.4563565 -1.6944656
-0.097197264 -6.4622803 -1.6928164
0.0587207 -6.4650049 -1.6934079
0.52838868 -6.4722638 -1.700879
0.68613279 -6.4743848 -1.7052913
1.1654395 -6.479867 -1.7244636
1.4919726 -6.4827914 -1.7423838
1.8259375 -6.485127 -1.7646523
2.1691504 -6.4868598 -1.7915376
2.3322754 -6.4528141 -1.7971536
2.7927442 -6.2672029 -1.7971325
2.9431055 -6.1979904 -1.7971257
3.0917382 -6.1251683 -1.7971188
3.5265136 -5.885509 -1.7970986
3.6674609 -5.7987046 -1.797092
3.8062303 -5.708529 -1.7970855
3.9428222 -5.6150403 -1.797079
4.2089939 -5.4183092 -1.7970663
4.3384767 -5.3151746 -1.79706
4.4654102 -5.2089548 -1.7970539
4.5897365 -5.0997128 -1.797048
4.7114062 -4.9874978 -1.797042
4.8303318 -4.8723893 -1.7970363
5.0596681 -4.6337128 -1.7970248
5.169961 -4.5103049 -1.7970194
5.3814454 -4.2556882 -1.7970086
5.4825392 -4.1246171 -1.7970034
5.58041 -3.991163 -1.7969984
5.6750488 -3.8553839 -1.7969935
5.766377 -3.7173581 -1.7969888
5.9389157 -3.4348955 -1.7969797
6.0200391 -3.2906287 -1.7969753
6.0976562 -3.1444499 -1.796971
6.1717091 -2.9964418 -1.796967
2.6014843 -1.037915 -0.7336213
2.6156738 -0.97111326 -0.73080015
2.6288574 -0.90447754 -0.72817641
2.6410742 -0.83799678 -0.72574711
2.9159179 -0.77256531 -0.79010171
3.2260351 -0.7719534 -0.86882931
6.7087498 -1.4351617 -1.7969344
6.741406 -1.2729203 -1.7969319
6.8326464 -0.61747193 -1.796924
6.8455563 -0.45247588 -1.7969224
6.8544822 -0.28720459 -1.796921
6.8593946 -0.12177795 -1.7969198
6.8391991 0.53967953 -1.7969166
6.8241992 0.70449525 -1.7969164
6.8052149 0.86890137 -1.796916
6.7822752 1.0328015 -1.796916
3.2242186 0.73283082 -0.86603671
2.7726953 0.7725659 -0.75390011
2.6464942 0.80668271 -0.72466803
2.6083007 1.0063825 -0.73226571
2.5778711 1.1403576 -0.73831969
6.2052536 2.9259605 -1.7969295
6.1329198 3.0747967 -1.7969317
6.0569334 3.2218394 -1.796934
5.9774704 3.367013 -1.7969366
5.8945312 3.5102258 -1.7969394
5.5838475 3.8983514 -1.7837068
5.0826855 3.9262297 -1.6822115
4.7781935 4.0736041 -1.6445841
4.6784372 4.1876826 -1.6445876
4.5760741 4.299325 -1.6445913
4.3633986 4.5150514 -1.6445993
4.2532225 4.6190033 -1.6446034
4.1405954 4.7202678 -1.6446077
4.0255466 4.8187828 -1.644612
3.7884569 5.0073571 -1.6446211
3.5425682 5.1842756 -1.6446306
3.4164844 5.2682328 -1.6446356
3.2884374 5.3491302 -1.6446404
3.1584277 5.4269171 -1.6446457
3.0266309 5.5015445 -1.6446508
2.8930469 5.572968 -1.6446562
2.6209083 5.706049 -1.6446671
2.4825096 5.7676373 -1.6446729
2.3426659 5.8258576 -1.6446785
2.2014649 5.8806901 -1.6446843
2.0589843 5.9321012 -1.64469
1.7704785 6.0245461 -1.644702
1.6246485 6.0655279 -1.6447079
1.3302538 6.1368694 -1.6447203
1.1818359 6.1671929 -1.6447265
1.0326953 6.193974 -1.6447432
0.88300776 6.2171612 -1.644765
0.73280269 6.2367167 -1.6447816
0.58216798 6.2526336 -1.6447959
0.43115234 6.2649016 -1.6448082
0.27991211 6.2735186 -1.6448182
-0.02298828 6.2797685 -1.6448318
-0.17446288 6.2773981 -1.6448351
-0.47701171 6.2616839 -1.6448355
-1.2269921 6.1586418 -1.6447977
-1.3751757 6.1271954 -1.6447835
-1.5226367 6.092464 -1.6448436
-1.6691699 6.0539875 -1.6448501
-1.8147362 6.0119853 -1.6448567
-2.1026075 5.9175115 -1.6448697
-2.2447166 5.8650956 -1.644876
-2.3855469 5.8092656 -1.6448824
-2.6629882 5.6874881 -1.6448953
-2.9342089 5.5524783 -1.6449078
-3.0673144 5.4801044 -1.6449139
-3.5810938 5.1591558 -1.644938
-3.7044921 5.0712919 -1.644944
-3.8257713 4.9804649 -1.6449498
-4.0615721 4.7901826 -1.644961
-4.3973536 4.4839954 -1.6449773
-4.6085157 4.2667236 -1.6449877
-4.7101364 4.154325 -1.6449929
-4.8912888 4.108654 -1.6731542
-5.1323533 4.1041183 -1.7212396
-5.5600095 4.022315 -1.7974304
-5.6554294 3.8870366 -1.7974353
-6.0036912 3.3240948 -1.7974538
-6.0821385 3.1783154 -1.7974581
-6.1570606 3.0306847 -1.7974621
-6.2283788 2.8812785 -1.797466
-6.3601365 2.5775495 -1.7974737
-6.4770603 2.2678106 -1.7974806
-6.702949 1.4719641 -1.7974952
-6.7365232 1.3098346 -1.7974976
-6.8313961 0.65470761 -1.7975057
-6.8452048 0.48971802 -1.7975073
-6.8550291 0.32445678 -1.7975087
-6.8608594 0.1590039 -1.79751
-6.8627148 -0.0065350342 -1.7975111
-6.8605661 -0.17207398 -1.7975121
-6.8442774 -0.50276917 -1.7975132
-6.8301659 -0.66771913 -1.7975137
-6.8120704 -0.83227932 -1.7975138
-6.7640133 -1.1598679 -1.7975138
-6.7340622 -1.3226876 -1.7975135
-6.3553028 -2.5897 -1.7975049
-6.2909861 -2.7422562 -1.797503
-6.2229981 -2.8932054 -1.7975011
-5.9974804 -3.335598 -1.7974941
-5.7405663 -3.7605333 -1.7974855
-5.6481738 -3.8979025 -1.7974824
-5.5524902 -4.0330048 -1.797479
-5.3514843 -4.2961001 -1.797472
-5.1380372 -4.5491786 -1.7974643
-5.0268064 -4.6717811 -1.7974603
-4.6757812 -5.0230083 -1.7974472
-4.5532517 -5.1343217 -1.7974426
-4.4280663 -5.2426457 -1.7974379
-4.300293 -5.3479261 -1.797433
-4.1700196 -5.4500904 -1.7974279
-4.0373435 -5.5490732 -1.7974229
-3.9022949 -5.6448298 -1.7974178
-3.4838281 -5.9121814 -1.7974012
-3.1946385 -6.0732861 -1.7973897
-3.0472362 -6.1485596 -1.7973838
-2.436621 -6.4029827 -1.794423
-2.2633104 -6.4085002 -1.7801459
-2.0925586 -6.4137731 -1.7670703
-1.9241797 -6.418808 -1.7551551
-1.2696582 -6.4367809 -1.7184318
-0.79308593 -6.4482055 -1.701665
-0.63592774 -6.4516563 -1.6980311
0.1446875 -6.4664397 -1.6941376
0.30097654 -6.4689255 -1.6961987
0.61514646 -6.4734497 -1.7031889
1.0929589 -6.4791293 -1.7210138
1.2547168 -6.4807315 -1.7289773
1.4180175 -6.4821863 -1.7379878
1.5830957 -6.4834943 -1.7480719
1.7501757 -6.4846544 -1.7592577
2.0911329 -6.4865232 -1.7850784
2.2622266 -6.4777308 -1.7971568
2.4178123 -6.421248 -1.7971498
2.8757324 -6.2295365 -1.7971287
3.172832 -6.0835404 -1.7971151
3.6043749 -5.8381286 -1.7970949
3.8817382 -5.6574478 -1.7970818
4.1500583 -5.4636149 -1.7970692
4.2806153 -5.3618994 -1.797063
4.4086814 -5.2570624 -1.7970567
4.894629 -4.8077765 -1.7970331
5.2294235 -4.4412141 -1.7970164
5.3350196 -4.3137674 -1.797011
5.4375 -4.1838117 -1.7970059
5.6329293 -3.9166663 -1.7969958
5.8152442 -3.6404157 -1.7969862
5.9013281 -3.4990716 -1.7969816
6.0632029 -3.2103515 -1.7969729
6.1388865 -3.0631595 -1.7969688
2.6357129 -0.86784542 -0.72681439
2.6473827 -0.8014465 -0.72449166
3.2278612 -0.80947506 -0.87163335
3.2239161 -0.72630185 -0.86558425
6.7577243 -1.1832409 -1.7969307
6.8255563 -0.69148648 -1.7969247
6.8509569 -0.36148772 -1.7969216
6.8591404 0.13485657 -1.7969182
6.8314352 0.63048095 -1.7969165
6.8142381 0.79509705 -1.7969161
6.7679586 1.1228186 -1.7969161
6.7388964 1.2857453 -1.7969165
6.7059178 1.4479229 -1.7969167
3.2263477 0.77853453 -0.86931187
2.8936229 0.77256471 -0.78445798
2.6278417 0.90973145 -0.72837621
2.6145799 0.97638547 -0.73101598
2.6003222 1.0432013 -0.73385274
6.1658692 3.0081322 -1.7969307
5.9322071 3.4461322 -1.7969382
5.6675096 3.8660924 -1.796947
4.956377 3.9349151 -1.6575693
4.7235351 4.1367297 -1.644586
4.6223826 4.2494745 -1.6445897
4.5185547 4.3597474 -1.6445935
4.3030467 4.5726185 -1.6446013
3.9611719 4.8718448 -1.6446143
3.7216113 5.0572472 -1.6446236
3.5985351 5.1455679 -1.6446284
3.4733887 5.2308927 -1.6446333
3.0860839 5.4684024 -1.6446486
2.9532616 5.5412798 -1.6446539
2.6826074 5.6773014 -1.6446648
2.2650781 5.8564801 -1.6446817
2.1231542 5.9094305 -1.6446874
1.9799999 5.9589458 -1.6446933
1.8356836 6.004992 -1.6446992
1.5439355 6.086585 -1.6447113
1.0998046 6.1823883 -1.6447357
0.95035154 6.2071953 -1.6447569
0.64988279 6.2459345 -1.6447897
0.49902344 6.2598453 -1.6448029
0.19654296 6.2767019 -1.6448228
0.045087889 6.2796392 -1.6448295
-0.40911132 6.2664895 -1.6448362
-1.160166 6.171597 -1.6448033
-1.3087012 6.141768 -1.6447901
-1.4565234 6.1085992 -1.6448407
-1.6034472 6.071713 -1.6448473
-1.8944335 5.9873624 -1.6448601
-2.3224511 5.8347721 -1.6448797
-2.4625194 5.777071 -1.6448861
-2.6011717 5.7160125 -1.6448923
-2.7383204 5.6516252 -1.6448987
-2.873867 5.5839434 -1.6449049
-3.1398437 5.43888 -1.6449172
-3.5249608 5.1976533 -1.6449354
-3.6493163 5.1111321 -1.6449413
-4.0093751 4.8339219 -1.6449585
-4.5619922 4.3164239 -1.6449854
-4.7924118 4.115005 -1.6544893
-5.2710547 4.1014304 -1.749325
-6.0473337 3.2440429 -1.7974561
-6.1238279 3.0972345 -1.7974603
-6.1967869 2.9486225 -1.7974644
-6.3318067 2.6463335 -1.797472
-6.4520898 2.3378735 -1.797479
-6.5066209 2.1815667 -1.7974824
-6.6042967 1.8652093 -1.7974886
-6.6473632 1.7053638 -1.7974914
-6.7807908 1.0569677 -1.7975011
-6.8239059 0.72870725 -1.797505
-6.8394918 0.5638904 -1.7975067
-6.8587499 0.23335692 -1.7975094
-6.862031 -0.097709045 -1.7975116
-6.8576756 -0.26320496 -1.7975125
-6.8493261 -0.42854765 -1.7975131
-6.8370018 -0.59365445 -1.7975135
-6.8004198 -0.92271024 -1.797514
-6.7158985 -1.4120409 -1.7975132
-6.6798534 -1.5736258 -1.7975128
-6.5961814 -1.8939587 -1.7975111
-6.548584 -2.0525148 -1.79751
-6.382998 -2.5206711 -1.7975056
-6.3203416 -2.673902 -1.7975039
-6.253994 -2.8255792 -1.7975019
4.0759082 -4.7782078 -1.7970681
4.3016014 -4.5760365 -1.7970572
4.4107323 -4.4709315 -1.7970518
4.6211815 -4.252974 -1.7970414
4.7224317 -4.1402488 -1.7970364
4.8209181 -4.0251222 -1.7970315
4.9165821 -3.9076488 -1.7970266
5.0993066 -3.6659546 -1.7970173
5.1862302 -3.5418756 -1.7970128
5.2701464 -3.4157357 -1.7970083
5.3510056 -3.2876055 -1.7970041
5.4287305 -3.1575637 -1.7969999
5.5746875 -2.8920484 -1.7969919
2.6314256 -0.77256531 -0.78472793
2.8873827 -0.7725656 -0.85524631
6.1379199 -1.3287491 -1.7969583
6.1681738 -1.1803055 -1.7969559
6.1948338 -1.0311706 -1.796954
6.2179003 -0.88143522 -1.796952
6.2531834 -0.58051908 -1.7969487
6.2653613 -0.42951202 -1.7969472
6.2738767 -0.27825317 -1.7969459
6.2787595 -0.12683441 -1.7969449
6.2799902 0.024663085 -1.7969439
6.2775683 0.17614196 -1.7969431
6.2483983 0.62960994 -1.7969415
6.2313867 0.78015256 -1.7969413
6.1865039 1.0797821 -1.7969415
6.1586618 1.2286999 -1.7969418
3.2575195 0.73202759 -0.95533979
3.2575195 0.81504822 -0.96082783
5.5516891 2.9356878 -1.7969575
5.4036522 3.200036 -1.7969624
5.3249021 3.3294549 -1.796965
5.2430468 3.4569397 -1.7969677
4.4191699 3.9361894 -1.6933496
4.22542 3.9505675 -1.6551896
4.0043259 4.1232586 -1.6446171
3.5884569 4.4899273 -1.6446328
3.4791112 4.5751939 -1.644637
3.367744 4.6577954 -1.6446414
3.1391993 4.8148279 -1.6446502
3.0221679 4.8891625 -1.6446548
2.9033399 4.9606566 -1.6446595
2.4119043 5.2173724 -1.6446792
1.8980469 5.4255486 -1.6447002
1.6341602 5.5108123 -1.644711
1.5007812 5.5486469 -1.6447165
1.3664941 5.583251 -1.6447221
1.2314258 5.6146097 -1.6447276
1.0956249 5.6426992 -1.6447334
0.68474609 5.7072148 -1.6447506
0.546875 5.7220893 -1.6447566
0.40868163 5.7336335 -1.6447624
0.2702539 5.7418461 -1.6447684
-0.14563476 5.7464237 -1.6447864
-0.42262694 5.7327509 -1.6447983
-0.69864255 5.7057376 -1.6448104
-0.83606446 5.6872478 -1.6448164
-1.109414 5.6403461 -1.6448284
-1.2451367 5.6119623 -1.6448345
-1.3801465 5.5803156 -1.6448405
-1.5143554 5.5454168 -1.6448466
-1.6476855 5.5072918 -1.6448525
-2.2984471 5.2691069 -1.644882
-2.4248924 5.2121501 -1.6448878
-2.9158397 4.9543304 -1.6449106
-3.2664843 4.730567 -1.6449271
-3.490869 4.5675483 -1.6449378
-3.7070897 4.3938966 -1.6449481
-3.914746 4.2100115 -1.6449583
-4.0151658 4.1143651 -1.6449631
-4.1940818 4.0952525 -1.6772949
-4.6109376 4.0869312 -1.7630223
-5.0804491 3.6943529 -1.7974116
-5.2527442 3.4450378 -1.7974206
-6.0594921 1.656563 -1.7974663
-6.1909471 1.0650378 -1.7974756
-6.2148337 0.91539121 -1.7974775
-6.2517772 0.61458313 -1.7974809
-6.2798533 0.1609076 -1.7974849
-6.2750683 -0.2936148 -1.7974875
-6.2535934 -0.59591645 -1.7974883
-6.237412 -0.74659789 -1.7974887
-6.1941404 -1.0465589 -1.7974886
-6.1364355 -1.3440816 -1.7974879
-6.1022363 -1.4917157 -1.7974873
-5.9301171 -2.0727022 -1.7974834
-5.344326 -3.3014703 -1.7974657
-5.2631249 -3.4294157 -1.7974629
-4.8121872 -4.0377774 -1.7974472
-4.7133689 -4.1526771 -1.7974435
-4.6118259 -4.2651505 -1.7974398
-4.5075879 -4.3751554 -1.797436
-4.4007325 -4.4825988 -1.7974321
-4.2913084 -4.5874376 -1.7974279
-3.8293262 -4.9795122 -1.7974104
-3.5846875 -5.1583781 -1.797401
-3.4591894 -5.2433324 -1.7973961
-2.5287011 -5.7500138 -1.797359
-2.2483008 -5.8652487 -1.7973477
-1.672832 -6.0545077 -1.7973241
-1.5263085 -6.0930791 -1.797318
-1.230664 -6.1595645 -1.7973056
-1.0817285 -6.1874332 -1.7972993
-0.026406249 -6.2810607 -1.7972543
0.27659178 -6.2749791 -1.7972412
0.42786133 -6.266459 -1.7972347
0.72958982 -6.2384872 -1.7972215
0.87986326 -6.2190514 -1.7972147
1.0296191 -6.1959906 -1.7972082
1.1787597 -6.169332 -1.7972016
1.3272558 -6.1390796 -1.7971951
1.6217773 -6.0678763 -1.797182
1.7676758 -6.0269694 -1.7971754
1.9125292 -5.9825554 -1.7971689
2.1988182 -5.883307 -1.7971559
2.6184669 -5.7088542 -1.7971367
2.7554004 -5.6440101 -1.7971303
2.8907421 -5.5758805 -1.7971241
3.1562696 -5.4299326 -1.7971117
3.414453 -5.2713556 -1.7970997
3.5406151 -5.1874366 -1.7970937
3.9064159 -4.9177928 -1.7970763
4.0238867 -4.8221149 -1.7970707
4.1390333 -4.7236295 -1.7970651
4.2517576 -4.6223984 -1.7970595
4.4697266 -4.4119358 -1.7970489
4.5748143 -4.3028226 -1.7970437
4.6772752 -4.1911993 -1.7970387
4.9680567 -3.8419857 -1.797024
5.0592771 -3.7210217 -1.7970194
5.1475391 -3.5978894 -1.7970147
5.3150587 -3.3454149 -1.797006
5.3941989 -3.216224 -1.7970017
5.4701853 -3.0851669 -1.7969978
5.5430079 -2.9523079 -1.7969939
2.7669044 -0.7725659 -0.82199448
6.1550193 -1.2470932 -1.796957
6.183291 -1.0982578 -1.7969549
6.2079883 -0.9487884 -1.796953
6.2290626 -0.79875851 -1.7969511
6.2603321 -0.49739623 -1.796948
6.2705078 -0.34624329 -1.7969465
6.2770214 -0.1948877 -1.7969453
6.2791114 0.10809021 -1.7969434
6.2746778 0.25952148 -1.7969427
6.2204785 0.86286616 -1.7969413
6.1978416 1.0126648 -1.7969413
2.9222851 0.77256531 -0.86489928
5.5831833 2.8753369 -1.7969565
5.3606639 3.2715404 -1.7969638
5.2802048 3.3999016 -1.7969666
4.9280958 3.8928473 -1.7969787
4.7225194 3.9190929 -1.7559829
4.5109177 3.9310589 -1.7120765
4.3093653 3.9422839 -1.6711919
3.9491992 4.1760941 -1.6446191
3.8473144 4.2701526 -1.644623
3.7432127 4.3617291 -1.6446269
3.5284863 4.5372033 -1.6446351
3.4180369 4.6210089 -1.6446394
3.0749707 4.856112 -1.6446527
2.5928028 5.1298504 -1.6446719
2.4683106 5.190917 -1.6446769
2.3423924 5.2489581 -1.6446819
2.2151172 5.3039484 -1.6446872
1.6937988 5.4927678 -1.6447085
1.4269238 5.5681024 -1.6447195
1.2921972 5.6009245 -1.6447252
1.156709 5.6304851 -1.6447308
1.0205761 5.6567655 -1.6447364
0.60885739 5.7158184 -1.6447539
0.47080076 5.7288613 -1.6447598
0.19395508 5.7449431 -1.6447717
0.055312499 5.7479715 -1.6447777
-0.08333984 5.747653 -1.6447836
-0.36046875 5.7369876 -1.6447957
-0.49874023 5.7266421 -1.6448016
-1.0481933 5.6520243 -1.6448258
-1.1842285 5.6251225 -1.6448318
-1.4541601 5.5614934 -1.6448438
-1.5879102 5.5248237 -1.6448498
-1.9832715 5.3955975 -1.6448677
-2.2412012 5.2937016 -1.6448795
-2.4939258 5.1794853 -1.644891
-2.6181641 5.1178327 -1.6448969
-2.740869 5.0532074 -1.6449025
-2.981416 4.9151664 -1.6449138
-3.4411328 4.6051111 -1.6449354
-3.55125 4.5207787 -1.6449406
-4.733242 4.0843582 -1.7888808
-4.8534079 3.9878998 -1.7974001
-5.2980566 3.3749571 -1.797423
-5.3779492 3.2461827 -1.7974272
-5.8470993 2.2961676 -1.7974533
-5.9008102 2.1544616 -1.7974565
-5.9978614 1.8673675 -1.7974625
-6.1172166 1.4287726 -1.7974702
-6.1498923 1.2808014 -1.7974725
-6.2045507 0.98270625 -1.7974766
-6.2264452 0.83274472 -1.7974784
-6.2593846 0.53147763 -1.7974818
-6.2814841 -0.074078366 -1.7974864
-6.2451367 -0.67894471 -1.7974886
-6.0818849 -1.572651 -1.7974868
-5.9989452 -1.8641428 -1.7974851
-5.9522462 -2.0083053 -1.7974839
-5.9020505 -2.1513078 -1.7974827
-5.8484373 -2.2930481 -1.7974812
-5.3798242 -3.2433445 -1.7974669
-4.9504294 -3.8670976 -1.7974521
-4.7581153 -4.1013474 -1.7974452
-4.657793 -4.2149167 -1.7974415
-4.5547557 -4.3260407 -1.7974377
-4.3407812 -4.5406537 -1.7974299
-4.0010643 -4.8426261 -1.7974169
-3.8830762 -4.9377136 -1.7974125
-3.7628124 -5.0299349 -1.797408
-3.6404004 -5.1192245 -1.7974032
-3.51583 -5.2055349 -1.7973983
-3.3892381 -5.2888145 -1.7973933
-3.260664 -5.3690124 -1.7973883
-3.1301951 -5.4460955 -1.7973831
-2.728164 -5.6581311 -1.7973671
-2.590879 -5.7222729 -1.7973616
-2.3118553 -5.8405399 -1.7973503
-2.0274804 -5.9452038 -1.7973385
-1.8834277 -5.992363 -1.7973328
-1.5922852 -6.0761871 -1.7973207
-1.4451953 -6.1128073 -1.7973144
-1.1487402 -6.1753521 -1.797302
-0.99936521 -6.2012458 -1.7972958
-0.69915038 -6.2421861 -1.7972832
-0.54838866 -6.2572117 -1.7972767
-0.094462886 -6.2804184 -1.7972572
0.057060547 -6.2808475 -1.7972506
0.20853515 -6.2776203 -1.7972441
0.81241208 -6.2282305 -1.7972178
1.1118262 -6.181757 -1.7972045
1.2606348 -6.1531119 -1.7971979
1.555918 -6.0851097 -1.7971848
1.7022265 -6.045783 -1.7971783
1.8475585 -6.0029478 -1.7971717
2.556416 -5.7369123 -1.7971395
2.6940625 -5.6735482 -1.7971333
2.830127 -5.6068954 -1.7971269
3.0972362 -5.4638357 -1.7971145
3.2281249 -5.3875189 -1.7971084
3.3571289 -5.3080559 -1.7971025
3.6092088 -5.1399374 -1.7970905
3.7321484 -5.0513673 -1.7970846
3.9714062 -4.8654523 -1.7970731
4.2013965 -4.6682215 -1.797062
4.5279393 -4.3521576 -1.7970461
4.7325196 -4.1286883 -1.7970359
4.8307419 -4.0133195 -1.7970309
5.0186524 -3.7756376 -1.7970214
5.108252 -3.6534746 -1.7970169
5.1948729 -3.529182 -1.7970123
5.3590136 -3.2745125 -1.7970036
5.5107031 -3.0122149 -1.7969955
2.9159179 -0.7725656 -0.8631385
3.2575195 -0.7794888 -0.95840955
6.2391305 -0.71593475 -1.7969502
6.2663865 -0.41419402 -1.7969471
6.2745309 -0.26290464 -1.7969459
6.2790427 -0.11147552 -1.7969447
6.279912 0.040017698 -1.7969438
6.2605858 0.49402037 -1.7969418
6.2294626 0.79538697 -1.7969413
6.208457 0.9454205 -1.7969413
6.1556444 1.2437634 -1.7969418
5.6140232 2.8146489 -1.7969557
5.4717579 3.0821435 -1.7969601
5.3958106 3.213239 -1.7969625
5.23457 3.4697545 -1.796968
5.1493649 3.5950165 -1.796971
5.0611715 3.7181866 -1.7969739
4.9699998 3.8391943 -1.7969772
3.893369 4.2281971 -1.6446213
3.7902734 4.3208928 -1.6446252
3.5774803 4.4986873 -1.6446333
3.3563671 4.6660204 -1.6446416
2.891201 4.9677453 -1.64466
2.2724512 5.2796245 -1.6446847
1.7532519 5.4740763 -1.6447061
1.4871875 5.5523028 -1.6447171
1.3528222 5.5865827 -1.6447226
0.94533199 5.669838 -1.6447396
0.80829102 5.6910114 -1.6447455
0.67079103 5.7088714 -1.6447512
0.53289062 5.7234125 -1.6447572
0.39465821 5.7346234 -1.644763
-0.15968749 5.7460489 -1.644787
-0.57478517 5.7195206 -1.644805
-0.71258789 5.7040143 -1.644811
-1.2588574 5.608902 -1.6448351
-1.3937988 5.5769258 -1.6448411
-1.7934375 5.461597 -1.6448591
-2.0547655 5.3687835 -1.6448709
-2.3113379 5.2634697 -1.6448827
-2.5625293 5.1459036 -1.6448942
-2.6858983 5.0826116 -1.6448998
-2.8077343 5.0163622 -1.6449056
-2.9279394 4.947185 -1.6449112
-3.0464451 4.8751335 -1.6449168
-3.1631639 4.8002458 -1.6449221
-3.2780468 4.722568 -1.6449276
-3.5020213 4.5589967 -1.6449383
-3.6109862 4.473208 -1.6449435
-3.8225391 4.2938738 -1.6449537
-3.9250195 4.2004285 -1.6449587
-4.0297165 4.1089258 -1.6467222
-4.8098731 4.0402703 -1.7973979
-4.9059668 3.9230719 -1.7974027
-4.9991698 3.8036046 -1.7974075
-5.3424411 3.3042767 -1.7974254
-5.928906 2.0758893 -1.7974582
-6.0635157 1.6417407 -1.7974665
-6.101377 1.4949994 -1.7974691
-6.1356735 1.3473889 -1.7974714
-6.1663866 1.1989844 -1.7974737
-6.1935253 1.0498943 -1.7974758
-6.2369528 0.74996215 -1.7974795
-6.2658982 0.44827148 -1.7974826
-6.2748828 0.29700011 -1.7974839
-6.2802243 0.14554748 -1.797485
-6.2819138 -0.0059838868 -1.7974861
-6.2521191 -0.61120939 -1.7974883
-6.2355466 -0.76184326 -1.7974887
-6.2153611 -0.91203457 -1.7974887
-6.1641502 -1.2107491 -1.7974882
-6.1331444 -1.3590841 -1.7974877
-6.0985742 -1.5066321 -1.7974873
-6.0604587 -1.6533008 -1.7974865
-5.9250293 -2.087204 -1.7974833
-5.8729491 -2.2295175 -1.797482
-5.2547169 -3.4422803 -1.7974626
-5.0825682 -3.6916907 -1.7974566
-4.9920216 -3.8132226 -1.7974535
-4.3897462 -4.49335 -1.7974316
-3.8171387 -4.9888587 -1.7974099
-3.6956639 -5.0794706 -1.7974054
-3.5720606 -5.1671219 -1.7974005
-3.3186717 -5.3333664 -1.7973906
-3.0575781 -5.487186 -1.7973802
-2.789336 -5.628231 -1.7973695
-2.6527636 -5.6938677 -1.797364
-2.5146289 -5.7561817 -1.7973585
-2.2340624 -5.8707223 -1.7973471
-1.8037109 -6.0168443 -1.7973294
-1.6580077 -6.0585818 -1.7973232
-1.5113964 -6.0967927 -1.7973173
-1.2155762 -6.1625485 -1.797305
-1.0665332 -6.1900558 -1.7972986
-0.91691405 -6.2139654 -1.7972922
-0.76675779 -6.234251 -1.7972859
-0.31395507 -6.2733088 -1.7972666
-0.16253906 -6.2790365 -1.79726
0.29192382 -6.274281 -1.7972406
0.44318357 -6.2653899 -1.7972341
0.89505857 -6.2168717 -1.7972142
1.7824023 -6.0226278 -1.7971747
2.2132225 -5.8779106 -1.7971553
2.3543358 -5.822794 -1.7971488
3.0378516 -5.4970889 -1.7971172
3.1695311 -5.4221935 -1.7971112
3.2994139 -5.3441448 -1.7971051
3.5532811 -5.1787572 -1.7970932
3.7988865 -5.0013285 -1.7970815
3.9184277 -4.9082203 -1.7970757
4.2630467 -4.6119852 -1.7970592
4.3730469 -4.5077949 -1.7970537
4.5853224 -4.2916193 -1.7970433
4.6875196 -4.1797428 -1.7970381
4.8836131 -3.9487791 -1.7970283
5.2412987 -3.4598491 -1.7970098
5.402041 -3.2030239 -1.7970014
5.4777441 -3.0717773 -1.7969973
5.5502243 -2.9387333 -1.7969934
5.6194825 -2.8039911 -1.7969896
3.2575195 -0.81691372 -0.96095741
3.2575195 -0.73387265 -0.9554565
6.1580467 -1.2320358 -1.7969568
6.2310057 -0.78351194 -1.7969509
6.248086 -0.63298368 -1.7969493
6.2713184 -0.33090299 -1.7969464
6.2799902 -0.028043823 -1.7969443
6.2788281 0.12344787 -1.7969433
6.2740135 0.27486694 -1.7969426
6.2655663 0.42612609 -1.7969421
6.2183495 0.87807918 -1.7969413
6.1953416 1.0278192 -1.7969415
2.8936229 0.7725659 -0.85697377
2.6366992 0.7725659 -0.78617424
5.5048242 3.0226562 -1.796959
5.4303122 3.1545684 -1.7969614
5.3526564 3.2846403 -1.796964
5.2718749 3.4128051 -1.7969668
5.1880174 3.5389965 -1.7969695
5.1011424 3.6631138 -1.7969726
5.0113282 3.7851007 -1.7969756
4.7005858 3.9203417 -1.7513862
4.4900389 3.9322307 -1.7077969
4.2894435 3.9433844 -1.667206
3.7325194 4.3708711 -1.6446273
3.6260059 4.4596438 -1.6446315
3.5173924 4.5458231 -1.6446356
3.4067285 4.6293583 -1.6446398
3.1795018 4.7883067 -1.6446487
2.9448826 4.9361067 -1.6446579
2.4556251 5.1969352 -1.6446774
2.2021289 5.3093548 -1.6446877
2.0734179 5.36095 -1.6446929
1.9435155 5.4094219 -1.6446981
1.8124707 5.4547467 -1.6447036
1.2784863 5.6040702 -1.6447258
0.86993164 5.6819048 -1.6447428
0.73259765 5.7012615 -1.6447487
0.041259766 5.7480927 -1.6447783
-0.097412109 5.7474346 -1.6447842
-0.51274413 5.7254071 -1.6448022
-0.92543942 5.6734061 -1.6448203
-1.1979785 5.622211 -1.6448324
-1.3332617 5.591691 -1.6448386
-1.4677734 5.5579267 -1.6448445
-1.7341211 5.4807096 -1.6448563
-1.9964551 5.3907294 -1.6448683
-2.6306641 5.1114154 -1.6448972
-2.7532032 5.0464859 -1.6449031
-2.8741405 4.9786248 -1.6449087
-3.1109374 4.8342471 -1.6449198
-3.22666 4.7578092 -1.6449252
-3.340498 4.6786051 -1.6449307
-3.4524024 4.5966806 -1.6449358
-3.8792577 4.2427177 -1.6449565
-3.9804883 4.1479168 -1.6449615
-4.1255665 4.0965519 -1.6635823
-4.5354199 4.088491 -1.7472106
-4.7561522 4.0838714 -1.793756
-5.0492673 3.736867 -1.7974101
-5.137949 3.6139801 -1.7974147
-5.2236423 3.4890039 -1.7974191
-5.3063083 3.3619909 -1.7974235
-5.3858595 3.2330198 -1.7974277
-5.8527145 2.2818604 -1.7974535
-5.9559765 1.9969409 -1.7974598
-6.0024118 1.8526917 -1.7974626
-6.0848045 1.5610375 -1.7974679
-6.181777 1.1169702 -1.797475
-6.2069335 0.96751708 -1.7974769
-6.2284765 0.81751156 -1.7974788
-6.2712989 0.36500061 -1.7974833
-6.2773142 -0.240932 -1.7974873
-6.2696776 -0.39228058 -1.7974879
-6.258379 -0.54341429 -1.7974882
-6.2027149 -0.99452847 -1.7974887
-6.1769042 -1.1438574 -1.7974883
-6.1475196 -1.2925357 -1.7974881
-6.0780172 -1.5875211 -1.7974868
-6.0379395 -1.7336688 -1.7974859
-5.9943552 -1.8788077 -1.797485
-5.8967872 -2.1657345 -1.7974826
-5.8428025 -2.3073435 -1.7974811
3.5375488 -4.5769691 -1.7970901
3.7541504 -4.4010019 -1.7970797
3.8592186 -4.3091536 -1.7970747
3.9620214 -4.2147937 -1.7970697
4.0625291 -4.1179838 -1.7970648
4.1606736 -4.0187812 -1.7970599
4.4403415 -3.7073729 -1.7970458
4.5284762 -3.5991757 -1.7970414
4.6967673 -3.3765643 -1.7970328
4.9286032 -3.0280812 -1.7970207
5.0001855 -2.9083045 -1.7970169
5.0688868 -2.7868369 -1.7970132
5.1346092 -2.6637492 -1.7970097
2.6314256 -0.7725656 -0.85199207
2.887373 -0.77256531 -0.92855465
3.2575195 -0.78791469 -1.0411724
5.6812692 -1.0871338 -1.7969764
5.7058496 -0.9497726 -1.7969747
5.7270899 -0.81185728 -1.7969728
5.7707715 -0.39560789 -1.7969683
5.7820411 0.16223754 -1.7969645
5.7764354 0.30166197 -1.7969639
5.7394919 0.71856934 -1.796963
3.2575195 0.73202759 -1.037228
3.0877244 0.77256471 -0.98881239
2.7991502 0.77256531 -0.90210319
5.1134472 2.7039471 -1.796978
4.9771094 2.9474297 -1.7969823
4.6699901 3.4132702 -1.7969928
4.4109669 3.7420421 -1.797002
4.0094528 3.9340441 -1.7450345
3.6584668 3.953665 -1.6734278
3.4040039 4.0545506 -1.6446433
3.3051856 4.135488 -1.6446471
3.2044823 4.2140226 -1.6446512
3.1018846 4.2901049 -1.6446551
2.9975293 4.3636885 -1.644659
2.7835643 4.5032063 -1.6446675
2.67416 4.5690522 -1.6446718
2.5631738 4.6322422 -1.6446762
2.4506836 4.6927342 -1.6446807
2.3367772 4.7504988 -1.6446851
1.8682324 4.9535942 -1.6447042
1.6271582 5.0379686 -1.6447141
1.3822949 5.1106133 -1.6447242
1.2586132 5.1424885 -1.6447294
1.1341991 5.1713667 -1.6447346
0.50369138 5.2703509 -1.6447612
0.24891602 5.2885456 -1.6447721
-0.0064257812 5.2944303 -1.644783
-0.51651365 5.2692533 -1.6448051
-0.89621091 5.2181644 -1.6448219
-1.1468164 5.1688957 -1.6448331
-1.5175977 5.0724907 -1.6448495
-1.7605078 4.9934268 -1.6448605
-2.1169922 4.8530998 -1.6448768
-2.2334375 4.8006377 -1.6448822
-2.4624121 4.6873603 -1.6448927
-2.6856151 4.5631719 -1.6449031
-2.9026074 4.4283605 -1.6449133
-3.1128223 4.2832451 -1.6449232
-3.2152441 4.2069206 -1.6449281
-3.3157909 4.12815 -1.6449329
-3.6158006 4.0816779 -1.6940109
-4.1395116 4.0419664 -1.7973689
-4.2358203 3.9409478 -1.7973738
-4.3296485 3.83763 -1.7973783
-4.4209862 3.7320807 -1.797383
-4.5958691 3.5145342 -1.7973919
-4.6793261 3.402658 -1.7973962
-4.9131541 3.0554078 -1.7974085
-5.4080176 2.0563691 -1.7974358
-5.5426073 1.6599383 -1.797444
-5.6481347 1.254812 -1.797451
-5.6767578 1.1182019 -1.7974532
-5.7020993 0.98094422 -1.797455
-5.7241211 0.84311217 -1.7974567
-5.7787204 0.28768128 -1.7974626
-5.7839942 0.14820312 -1.7974637
-5.7858887 0.0086346436 -1.7974646
-5.7844138 -0.13093261 -1.7974653
-5.7050486 -0.96392334 -1.797467
-5.6801267 -1.1012607 -1.7974668
-5.62041 -1.3739319 -1.7974658
-5.5856247 -1.5091058 -1.7974652
-5.5475974 -1.6434051 -1.7974643
-5.5063376 -1.7767422 -1.7974633
-5.414238 -2.040235 -1.7974609
-4.8475585 -3.1586335 -1.7974434
-4.6064453 -3.500879 -1.7974349
-4.3412304 -3.8247888 -1.7974255
-4.2476854 -3.9283843 -1.7974222
-4.0532618 -4.1286631 -1.797415
-3.7440722 -4.4109216 -1.7974033
-3.5269725 -4.5863447 -1.797395
-3.3016601 -4.7510896 -1.7973863
-3.1860645 -4.8293381 -1.7973819
-2.8285058 -5.0470419 -1.7973677
-2.7059276 -5.1137953 -1.7973628
-2.5817871 -5.1775589 -1.7973579
-2.3290429 -5.2960267 -1.7973477
-2.2006152 -5.3506503 -1.7973425
-1.9399804 -5.4505267 -1.7973318
-1.6748145 -5.5377159 -1.7973208
-1.2699902 -5.6442747 -1.797304
-0.85854489 -5.7212777 -1.7972867
-0.58158201 -5.755991 -1.7972751
-0.44256836 -5.7683239 -1.7972691
-0.30329102 -5.7773023 -1.7972631
-0.16384766 -5.7829185 -1.7972572
0.11526367 -5.7840562 -1.7972451
0.25475585 -5.7795715 -1.7972392
0.39409178 -5.7717261 -1.7972331
1.0857129 -5.6822734 -1.7972027
1.2224609 -5.6544113 -1.7971966
1.49375 -5.5888343 -1.7971846
1.6281152 -5.5511584 -1.7971785
1.7615429 -5.5102506 -1.7971725
2.0252342 -5.4188428 -1.7971606
2.284209 -5.3148246 -1.7971487
2.4117382 -5.2581644 -1.7971429
2.5378809 -5.1984425 -1.7971371
2.6625195 -5.1356888 -1.7971313
2.785625 -5.0699544 -1.7971257
3.0268848 -4.9296732 -1.7971144
3.1449218 -4.8552122 -1.7971089
3.3754003 -4.6978512 -1.7970979
3.4877245 -4.6150513 -1.7970926
3.9161131 -4.2574949 -1.7970719
4.0176463 -4.1617785 -1.7970669
4.1168652 -4.0636482 -1.797062
4.2136817 -3.9631512 -1.7970573
4.3999023 -3.7552843 -1.797048
4.4891992 -3.6480517 -1.7970434
4.819736 -3.1985233 -1.7970265
4.968379 -2.9623351 -1.7970186
5.0383787 -2.8416228 -1.7970148
5.1054492 -2.7192528 -1.7970113
2.7669044 -0.7725656 -0.89245152
3.2575195 -0.74224913 -1.0379283
5.6951952 -1.0115643 -1.7969754
5.7373533 -0.73570466 -1.7969718
5.7661424 -0.4581317 -1.7969689
5.7755175 -0.31891114 -1.7969677
5.7841697 -0.039985351 -1.7969656
5.7834473 0.0995581 -1.7969649
5.7793751 0.23903441 -1.7969642
5.7611032 0.51749206 -1.7969633
5.746943 0.65631407 -1.796963
5.7294531 0.79475462 -1.796963
5.6844625 1.070158 -1.7969632
2.6608007 0.77256531 -0.86074942
5.1424608 2.6483629 -1.796977
5.0770702 2.7716436 -1.7969791
5.0087399 2.8933079 -1.7969813
4.7067089 3.3624475 -1.7969913
4.624248 3.4750097 -1.7969943
4.3608594 3.8003125 -1.7970037
4.2679491 3.904408 -1.7970071
3.7348731 3.9494567 -1.6886855
3.4478416 4.0174108 -1.6446419
3.3496776 4.0994205 -1.6446455
3.2499804 4.1790342 -1.6446493
3.1482129 4.2562251 -1.6446533
2.9392674 4.4031353 -1.6446614
2.8322167 4.4727654 -1.6446655
2.7235155 4.5397911 -1.6446698
2.6132128 4.6041822 -1.6446742
2.2734571 4.7811308 -1.6446878
1.6816698 5.0200281 -1.6447119
1.4376172 5.095324 -1.644722
1.1901855 5.1587615 -1.6447321
1.0654004 5.1859856 -1.6447375
0.81406248 5.2313666 -1.6447481
0.56080079 5.2645783 -1.6447587
0.43364257 5.2765875 -1.6447642
0.30623046 5.2855301 -1.6447695
0.050957032 5.2941852 -1.6447805
-0.83958983 5.2275605 -1.6448193
-0.96542966 5.2058048 -1.644825
-1.0907325 5.1810212 -1.6448305
-1.2154003 5.1532168 -1.6448361
-1.3393555 5.1224165 -1.6448416
-1.4625293 5.0886369 -1.644847
-1.8266894 4.9696078 -1.6448636
-1.9460351 4.9241138 -1.6448689
-2.2970116 4.7705555 -1.6448851
-2.6359961 4.5920105 -1.6449008
-2.7460253 4.5271001 -1.6449059
-2.9611914 4.3894176 -1.6449161
-3.0661914 4.3167253 -1.6449209
-3.7120311 4.079802 -1.7135508
-3.8924901 4.0761447 -1.7509544
-4.0809665 4.072144 -1.7910092
-4.1928415 3.9866259 -1.7973716
-4.2878222 3.884331 -1.7973764
-4.8033204 3.2252758 -1.7974026
-4.879746 3.1084814 -1.7974066
-4.95332 2.9898753 -1.7974105
-5.5242772 1.7199236 -1.7974429
-5.5641599 1.5861682 -1.7974453
-5.6342087 1.3159589 -1.7974501
-5.691123 1.0426947 -1.7974542
-5.7348337 0.76699281 -1.7974577
-5.7516503 0.62843627 -1.7974592
-5.7651267 0.48951292 -1.7974608
-5.7752733 0.35030454 -1.797462
-5.7854881 -0.068227842 -1.797465
-5.7754784 -0.34717956 -1.7974663
-5.7654295 -0.4863922 -1.7974668
-5.7520118 -0.6253354 -1.7974669
-5.6917286 -1.0396224 -1.7974669
-5.665 -1.1766144 -1.7974665
-5.6349707 -1.3129315 -1.797466
-5.6016603 -1.4484735 -1.7974654
-5.5650682 -1.5831726 -1.7974647
-5.5252829 -1.7169485 -1.7974638
-5.4822364 -1.8497308 -1.7974627
-4.9550195 -2.9872539 -1.7974468
-4.8815231 -3.1059031 -1.7974445
-4.8051658 -3.2227564 -1.7974418
-4.7260251 -3.337719 -1.7974391
-4.6441307 -3.450742 -1.7974364
-3.9980567 -4.1821384 -1.7974129
-3.7916796 -4.3700848 -1.797405
-3.5764744 -4.5478511 -1.797397
-3.3529589 -4.7150321 -1.7973883
-3.2382324 -4.7945261 -1.7973838
-2.8830371 -5.016098 -1.7973698
-2.7611914 -5.0841684 -1.7973651
-2.6377442 -5.1492815 -1.7973601
-2.5127733 -5.211391 -1.7973551
-2.2584667 -5.3264928 -1.7973448
-2.1293359 -5.3794041 -1.7973396
-1.9989355 -5.4291873 -1.7973342
-1.7347655 -5.5192418 -1.7973235
-1.6011034 -5.5594687 -1.797318
-1.331084 -5.6301866 -1.7973067
-1.1949023 -5.6606393 -1.7973009
-0.7824316 -5.7321696 -1.7972836
-0.64394528 -5.7493553 -1.7972777
-0.08700195 -5.7845755 -1.7972538
0.052558593 -5.7849717 -1.7972479
0.60966796 -5.7529163 -1.7972236
0.74826169 -5.7365189 -1.7972175
1.7017187 -5.5290313 -1.797175
1.8345898 -5.4863501 -1.7971692
2.3545995 -5.2840052 -1.7971455
2.7305079 -5.0998578 -1.7971281
2.8527343 -5.032495 -1.7971225
3.092119 -4.8890204 -1.7971113
3.2091308 -4.812993 -1.7971058
3.8697362 -4.2997031 -1.7970741
3.9723241 -4.2050905 -1.7970692
4.072578 -4.1080394 -1.7970642
4.1704688 -4.0085897 -1.7970594
4.2659473 -3.9068103 -1.7970548
4.4493942 -3.6965032 -1.7970456
4.6224804 -3.4775853 -1.7970366
4.7049899 -3.3650644 -1.7970325
5.0072851 -2.8960636 -1.7970166
5.1411133 -2.6511834 -1.7970092
2.6554492 -0.77256531 -0.85915458
2.9159179 -0.7725656 -0.93712324
5.6563668 -1.2100353 -1.7969782
5.7717381 -0.38149872 -1.7969682
5.7792478 -0.24215209 -1.7969671
5.7841992 0.036859129 -1.7969651
5.766377 0.45502257 -1.7969635
5.7377148 0.73260194 -1.796963
5.6697364 1.1455835 -1.7969633
2.7726953 0.7725659 -0.89418536
5.1068163 2.716444 -1.7969781
5.0398045 2.8388426 -1.7969803
4.969873 2.9595873 -1.7969825
4.8213573 3.1958568 -1.7969875
4.7428808 3.3112309 -1.7969902
4.5776658 3.5361316 -1.796996
4.4910741 3.6455412 -1.796999
4.4018064 3.7528186 -1.7970022
4.3100095 3.8579113 -1.7970055
3.990957 3.9350958 -1.7411675
3.4910448 3.979799 -1.6446402
3.3941698 4.0628581 -1.6446438
3.2950487 4.1435566 -1.6446476
2.5518165 4.6384978 -1.6446767
2.439209 4.6987138 -1.6446812
2.3251562 4.7562022 -1.6446856
2.2097559 4.810915 -1.6446904
2.0930665 4.8628373 -1.644695
1.856123 4.9581556 -1.6447047
1.7359766 5.0014977 -1.6447096
1.6148437 5.0419297 -1.6447146
1.4927539 5.079433 -1.6447196
1.3697656 5.1139798 -1.6447247
1.1215429 5.1741242 -1.6447351
0.87071288 5.2222319 -1.6447456
0.36351562 5.2818937 -1.6447672
0.10832031 5.2933149 -1.6447781
-0.27469727 5.2873445 -1.6447946
-0.40216795 5.2791934 -1.6448002
-0.52939451 5.2679753 -1.6448057
-0.65633786 5.2536917 -1.6448114
-0.78286129 5.2363467 -1.6448169
-1.1594628 5.1660833 -1.6448334
-1.5300195 5.0687675 -1.6448501
-1.7727051 4.9891095 -1.6448611
-1.8925488 4.9449143 -1.6448665
-2.0112891 4.8978405 -1.644872
-2.1288671 4.8479114 -1.6448773
-2.2451952 4.7951641 -1.6448827
-2.3602049 4.7396226 -1.6448879
-2.805918 4.4902267 -1.6449087
-2.913408 4.4212518 -1.6449138
-3.1232812 4.2756243 -1.6449237
-3.8104589 4.0778317 -1.7338314
-4.1493845 4.0318279 -1.7973695
-4.3390331 3.8270335 -1.7973788
-4.5186033 3.613322 -1.797388
-4.6876268 3.3912041 -1.7973965
-4.7680759 3.2771533 -1.7974008
-4.8457618 3.1611912 -1.7974048
-4.9925976 2.9238031 -1.7974125
-5.4130468 2.0431452 -1.797436
-5.4607716 1.9119799 -1.797439
-5.5052929 1.779693 -1.7974417
-5.5466404 1.6463799 -1.7974442
-5.5847654 1.51211 -1.7974467
-5.6196189 1.3769549 -1.797449
-5.6511912 1.2410016 -1.7974513
-5.6795115 1.1043128 -1.7974533
-5.7045016 0.96699584 -1.7974553
-5.7595019 0.55197632 -1.7974601
-5.7711325 0.41287658 -1.7974614
-5.7843356 0.13405395 -1.7974637
-5.7859082 -0.0055090329 -1.7974646
-5.7840719 -0.14507324 -1.7974653
-5.7584472 -0.56294799 -1.7974669
-5.7245898 -0.84002137 -1.797467
-5.7026854 -0.97787505 -1.797467
-5.6774216 -1.1151474 -1.7974668
-5.6488767 -1.2517724 -1.7974663
-5.6170216 -1.3876691 -1.7974658
-5.5819235 -1.522756 -1.797465
-5.5435448 -1.6569678 -1.7974643
-5.5019627 -1.7902038 -1.7974632
-4.9871092 -2.9333794 -1.7974479
-4.6812696 -3.4001989 -1.7974375
-4.5978708 -3.5121362 -1.7974347
-4.5118065 -3.6220179 -1.7974316
-4.1418161 -4.0398431 -1.7974181
-3.8388183 -4.328732 -1.7974069
-3.5157323 -4.594955 -1.7973945
-3.0566406 -4.9122667 -1.7973766
-2.9372559 -4.9845576 -1.797372
-2.8161523 -5.053946 -1.7973672
-2.4433105 -5.2443085 -1.7973523
-2.0576758 -5.4072065 -1.7973367
-1.7944628 -5.5001249 -1.7973258
-1.6612695 -5.5417967 -1.7973204
-1.3920507 -5.6154332 -1.7973093
-1.2561816 -5.6473618 -1.7973034
-0.42845702 -5.7693896 -1.7972685
-0.14971679 -5.7833014 -1.7972566
0.26887694 -5.7789311 -1.7972386
0.40820312 -5.7707415 -1.7972325
0.68604493 -5.7443023 -1.7972202
0.96229488 -5.7044902 -1.7972082
1.0996192 -5.6795993 -1.7972021
1.236289 -5.6514044 -1.797196
1.5074121 -5.5851612 -1.797184
1.6416992 -5.5471563 -1.7971778
1.7750098 -5.5059233 -1.797172
2.6750977 -5.129159 -1.7971307
3.1567774 -4.8475065 -1.7971083
3.6091015 -4.5207486 -1.7970867
3.7170799 -4.4323621 -1.7970816
3.8229003 -4.3413901 -1.7970763
3.9265234 -4.2479057 -1.7970713
4.027832 -4.1519399 -1.7970665
4.2233591 -3.9528286 -1.7970568
4.3174706 -3.8497851 -1.7970521
4.4980955 -3.6370587 -1.797043
4.668242 -3.4158719 -1.7970343
4.7493067 -3.3022552 -1.7970301
4.902998 -3.0693438 -1.7970221
4.975615 -2.950176 -1.7970183
2.7932618 -0.77256531 -0.90034056
3.0806737 -0.7725656 -0.98668766
5.7200584 -0.85990322 -1.7969733
5.7548728 -0.58301634 -1.7969701
5.7672653 -0.44402921 -1.7969688
5.7842579 -0.025830688 -1.7969656
5.7787695 0.25317016 -1.796964
5.7709765 0.39248902 -1.7969636
5.7274899 0.80876523 -1.796963
5.7063279 0.94668698 -1.796963
5.6540136 1.2207977 -1.7969636
3.2575195 0.78605771 -1.041037
2.8936229 0.7725659 -0.93043005
5.1359668 2.6609361 -1.7969772
4.6984668 3.3739495 -1.7969917
4.530293 3.5966406 -1.7969977
4.4422264 3.7048786 -1.7970009
4.2583594 3.9148357 -1.7970074
3.8918262 3.9406962 -1.7206154
3.5539453 3.9640124 -1.6539369
3.339834 4.1075983 -1.6446459
3.1377928 4.2639122 -1.6446536
2.9285059 4.4103122 -1.6446618
2.8212793 4.4796796 -1.644666
2.6019628 4.6105571 -1.6446747
2.2617676 4.7866788 -1.6446882
2.145664 4.8398542 -1.6446929
2.028291 4.8902164 -1.6446977
1.9097265 4.9377375 -1.6447026
1.7900683 4.9823833 -1.6447074
1.4251367 5.0988235 -1.6447225
1.3017285 5.1317363 -1.6447276
0.92725581 5.2124763 -1.6447433
0.80124021 5.2333441 -1.6447484
0.67476559 5.2511673 -1.6447538
0.2933203 5.2862639 -1.6447701
0.037988279 5.2942948 -1.6447811
-0.089707032 5.2936907 -1.6447866
-0.34492186 5.2832355 -1.6447977
-0.47227538 5.2733989 -1.6448033
-0.59934568 5.260489 -1.6448088
-0.72606444 5.2445145 -1.6448144
-0.852373 5.2254949 -1.6448199
-1.227998 5.1502323 -1.6448365
-1.4749707 5.0850458 -1.6448476
-1.7185059 5.0080266 -1.6448587
-1.8388379 4.965127 -1.6448642
-2.0761817 4.8706956 -1.6448748
-2.3086815 4.764924 -1.6448855
-2.4229686 4.7078581 -1.6448909
-3.3943164 4.0923624 -1.6517456
-3.5560937 4.0828137 -1.6820368
-3.7299707 4.0794468 -1.7172282
-4.2025876 3.9763646 -1.7973721
-4.2973046 3.8738298 -1.7973769
-4.5662012 3.5529857 -1.7973905
-4.6505761 3.441817 -1.7973946
-4.8112011 3.2135222 -1.7974029
-4.8873243 3.0965362 -1.797407
-4.9606152 2.9777527 -1.7974108
-5.6043553 1.4377795 -1.7974479
-5.6671677 1.1658148 -1.7974523
-5.73667 0.75296021 -1.7974578
-5.7663279 0.47541258 -1.7974609
-5.7825489 0.19674011 -1.7974632
-5.7856054 0.057196654 -1.7974643
-5.7745895 -0.36130553 -1.7974663
-5.7642188 -0.50050569 -1.7974668
-5.6891894 -1.0535382 -1.7974669
-5.6621094 -1.1904782 -1.7974665
-5.5611911 -1.5967804 -1.7974646
-5.5210547 -1.7304598 -1.7974637
-5.477705 -1.8631433 -1.7974626
-5.4311619 -1.9947293 -1.7974614
2.8518262 -4.5336208 -1.7971196
3.172168 -4.3155046 -1.7971044
3.2753222 -4.2377167 -1.7970995
3.3766015 -4.1574659 -1.7970946
3.6683397 -3.9023895 -1.7970805
4.0272365 -3.53076 -1.7970626
4.1112208 -3.4325812 -1.7970586
4.3486524 -3.1262949 -1.7970463
4.4227829 -3.0204787 -1.7970425
4.5632911 -2.8036437 -1.7970352
4.62958 -2.6927445 -1.7970316
4.6931834 -2.5802786 -1.7970282
2.6314354 -0.7725659 -0.92020369
3.2575195 -0.7879144 -1.1245296
5.2343845 -1.13315 -1.796996
5.2601852 -1.0065588 -1.7969941
5.3026075 -0.75168514 -1.7969908
5.3326855 -0.49506345 -1.7969879
5.3430662 -0.36628661 -1.7969867
5.3503418 -0.23729247 -1.7969856
5.3482909 0.27930358 -1.7969825
5.3399901 0.40823609 -1.796982
5.296504 0.79330504 -1.7969816
5.25208 1.0478308 -1.7969819
3.2575293 0.73202759 -1.1202698
2.7991502 0.77256531 -0.97432685
4.7344728 2.5035357 -1.7969955
4.6726952 2.6170197 -1.7969975
4.6082225 2.7289727 -1.7969995
4.5410447 2.8393414 -1.7970017
4.47124 2.9480572 -1.7970041
4.398828 3.0550597 -1.7970066
4.3238673 3.1602838 -1.7970092
4.2463865 3.2636657 -1.7970119
4.1664257 3.3651569 -1.7970147
4.084043 3.4646881 -1.7970176
3.8228221 3.7509515 -1.7970272
3.7312596 3.842083 -1.7970306
3.6375194 3.9309759 -1.7970341
3.4736719 3.9405065 -1.7625612
3.0155957 3.9656487 -1.6716275
2.677119 4.1060309 -1.6446745
2.5772753 4.169425 -1.6446784
2.269043 4.3449049 -1.6446906
2.1635742 4.398386 -1.6446948
2.0568652 4.449307 -1.6446992
1.9489355 4.4976382 -1.6447035
1.8398827 4.5433564 -1.6447079
1.7297461 4.5864267 -1.6447124
1.5065429 4.6645398 -1.6447216
1.3935937 4.6995382 -1.6447263
1.0501367 4.7880464 -1.6447406
0.81798828 4.8331518 -1.6447504
0.46636719 4.8796878 -1.6447651
0.23046875 4.8965344 -1.6447752
-0.0059472653 4.9019804 -1.6447854
-0.24237303 4.8960209 -1.6447957
-0.36040038 4.8887615 -1.6448008
-0.47823241 4.8786631 -1.6448059
-0.59577149 4.8657236 -1.644811
-0.71296871 4.8499513 -1.6448163
-0.82975584 4.831356 -1.6448214
-0.94608396 4.8099494 -1.6448264
-1.1769629 4.7587528 -1.6448369
-1.4051074 4.696475 -1.644847
-1.5180078 4.661232 -1.6448522
-1.7410449 4.5826221 -1.6448622
-1.9600781 4.4933476 -1.6448722
-2.0678809 4.4447703 -1.6448771
-2.2798438 4.3398881 -1.6448869
-2.3838768 4.2836418 -1.6448917
-2.5877342 4.1637039 -1.6449013
-2.6874316 4.1000834 -1.6449059
-2.9584179 4.0707874 -1.6884952
-3.1091015 4.0680575 -1.71798
-3.2651269 4.0650511 -1.7494738
-3.5519922 4.0096393 -1.7973439
-3.8326366 3.7423248 -1.7973576
-3.9218066 3.6487944 -1.797362
-4.255156 3.2539868 -1.7973788
-4.3324313 3.1504107 -1.7973828
-4.4793458 2.9378009 -1.7973905
-4.5489063 2.8288994 -1.797394
-4.6158495 2.718349 -1.7973976
-5.0516014 1.7825897 -1.7974219
-5.0931249 1.6602142 -1.7974246
-5.167295 1.4126501 -1.7974293
-5.1998534 1.2875897 -1.7974315
-5.229414 1.1617877 -1.7974334
-5.2559376 1.035304 -1.7974354
-5.2793846 0.90822083 -1.7974372
-5.299746 0.78060913 -1.797439
-5.3312497 0.52409118 -1.7974418
-5.3503222 0.2663562 -1.7974441
-5.355576 -0.12122711 -1.7974467
-5.3510938 -0.25038239 -1.7974473
-5.3328123 -0.50817078 -1.797448
-5.1715331 -1.3972266 -1.7974466
-5.0128317 -1.8889806 -1.7974428
-4.6240134 -2.704612 -1.7974309
-4.416328 -3.0318811 -1.797424
-4.3419142 -3.1375208 -1.7974213
-4.2649512 -3.2413418 -1.7974186
-4.1855273 -3.3432708 -1.7974159
-4.1036425 -3.443258 -1.797413
-3.9327734 -3.637156 -1.7974067
-3.8438964 -3.7309606 -1.7974036
-3.366992 -4.166348 -1.7973856
-3.2654979 -4.2463422 -1.7973818
-3.0568848 -4.3988767 -1.7973737
-2.949873 -4.471324 -1.7973694
-2.7307715 -4.6083746 -1.7973608
-2.5053124 -4.7346964 -1.7973518
-2.2740331 -4.8499918 -1.7973425
-2.1563671 -4.9034228 -1.7973378
-1.9173925 -5.0016918 -1.7973281
-1.7961621 -5.0464735 -1.7973231
-1.6738964 -5.0883179 -1.7973181
-1.3015722 -5.1959944 -1.7973027
-0.92244136 -5.276463 -1.7972867
-0.79489255 -5.297163 -1.7972815
-0.666875 -5.3147812 -1.7972761
-0.28081053 -5.3490429 -1.7972597
-0.15170898 -5.3542418 -1.7972541
-0.022509765 -5.3563256 -1.7972485
0.10672852 -5.3552966 -1.7972429
0.36487305 -5.3438811 -1.7972317
0.62217772 -5.320034 -1.7972205
0.75034177 -5.3034587 -1.7972147
0.87804687 -5.2838025 -1.7972093
1.1318457 -5.2352729 -1.7971979
1.2578027 -5.2064314 -1.7971923
1.5074316 -5.1396751 -1.7971812
1.6309766 -5.1018038 -1.7971755
1.7535352 -5.0609632 -1.79717
1.8751074 -5.0171757 -1.7971646
1.9955859 -4.9704666 -1.7971591
2.3497558 -4.8131127 -1.7971429
2.9118164 -4.4953322 -1.7971166
3.0193944 -4.4237723 -1.7971116
3.125205 -4.349638 -1.7971066
3.529707 -4.0282512 -1.7970872
3.6258397 -3.941925 -1.7970824
3.719873 -3.8533049 -1.7970779
3.8117285 -3.7624478 -1.7970734
3.9013574 -3.6693957 -1.797069
4.2367187 -3.2764056 -1.7970521
4.3144922 -3.1732492 -1.7970481
4.3897853 -3.0682483 -1.7970442
4.6001267 -2.7427704 -1.7970332
4.6649413 -2.6310058 -1.7970297
4.7270408 -2.5177026 -1.7970263
3.0490429 -0.7725659 -1.0553896
5.2489743 -1.0635155 -1.7969949
5.2941403 -0.80912167 -1.7969916
5.3120995 -0.68117583 -1.7969899
5.344121 0.35032898 -1.7969823
5.3047948 0.73585021 -1.7969816
5.2855077 0.86359555 -1.7969816
5.2631345 0.99083984 -1.7969819
3.2575195 0.77762818 -1.1237235
2.6607909 0.77256531 -0.92966253
4.6375194 2.6788647 -1.7969985
4.4316797 3.0071971 -1.7970054
4.2814941 3.2174463 -1.7970107
3.9516308 3.6150181 -1.7970225
3.863291 3.7092938 -1.7970257
3.6799219 3.8913121 -1.7970326
3.5465918 3.9363627 -1.777799
3.385957 3.9454429 -1.7444918
3.0812793 3.9621441 -1.6841308
2.8190527 4.0099273 -1.6446691
2.7214355 4.0767746 -1.6446729
2.4195213 4.2629142 -1.6446847
2.1049609 4.4267468 -1.6446972
1.997578 4.4762425 -1.6447015
1.779375 4.5674014 -1.6447103
1.6686718 4.6090107 -1.644715
1.2168554 4.7483921 -1.6447335
1.1019824 4.7763777 -1.6447384
0.870332 4.8239961 -1.6447481
0.63666016 4.8603826 -1.644758
0.51922852 4.8743439 -1.6447629
0.40149415 4.8854628 -1.6447679
0.28352538 4.8937421 -1.6447729
0.16539063 4.8991709 -1.6447779
-0.071074218 4.9014792 -1.6447881
-0.54300779 4.8718858 -1.6448088
-0.66036129 4.8573856 -1.644814
-0.89387691 4.8199143 -1.6448241
-1.009873 4.7969666 -1.6448294
-1.1253222 4.7712259 -1.6448344
-1.2400683 4.7427039 -1.6448396
-1.3541309 4.7114286 -1.6448447
-1.8017676 4.5590959 -1.6448649
-2.0195899 4.4669194 -1.6448748
-2.1267383 4.4169168 -1.6448798
-2.4405859 4.2516041 -1.6448944
-2.5424511 4.1915064 -1.6448991
-3.1943359 4.0664387 -1.735064
-3.8820312 3.6910894 -1.7973601
-3.9699414 3.5963738 -1.7973644
-4.1387987 3.4007342 -1.7973728
-4.2196484 3.2999194 -1.797377
-4.5860934 2.7682221 -1.7973961
-5.0319629 1.8372387 -1.797421
-5.1147265 1.5924151 -1.797426
-5.2443848 1.0922143 -1.7974344
-5.2909765 0.83801144 -1.7974381
-5.3377342 0.45322204 -1.7974424
-5.3471189 0.32433471 -1.7974436
-5.3565431 0.066058345 -1.7974457
-5.3565817 -0.06317047 -1.7974464
-5.3534961 -0.19236206 -1.7974472
-5.3473043 -0.32144287 -1.7974477
-5.3100681 -0.7072705 -1.7974484
-5.2172165 -1.2155954 -1.7974474
-5.1524997 -1.465801 -1.7974461
-5.1156445 -1.5896612 -1.7974453
-5.0758104 -1.7125976 -1.7974445
-5.0330272 -1.8345449 -1.7974432
-4.6530662 -2.6543295 -1.7974319
-4.5876856 -2.7657928 -1.7974298
-4.4489255 -2.9838359 -1.797425
-4.2998438 -3.1949234 -1.7974199
-4.057529 -3.4974687 -1.7974113
-3.9719822 -3.5943193 -1.7974082
-3.7939939 -3.7816882 -1.7974017
-3.2087889 -4.2893486 -1.7973794
-3.1043944 -4.36549 -1.7973754
-2.8902049 -4.5101142 -1.7973671
-2.5565038 -4.7072635 -1.797354
-2.0910449 -4.9316316 -1.7973351
-1.9714745 -4.9806213 -1.7973303
-1.4824023 -5.1473393 -1.7973104
-1.3578222 -5.1815886 -1.7973051
-1.1063184 -5.2410154 -1.7972946
-0.97958004 -5.26616 -1.7972893
-0.85225582 -5.2882462 -1.7972839
-0.72446287 -5.3072453 -1.7972785
-0.46762693 -5.3359776 -1.7972676
-0.33875975 -5.3456907 -1.7972621
-0.080556639 -5.3557758 -1.797251
0.30693358 -5.3475318 -1.7972343
0.43582031 -5.3385558 -1.7972287
0.56448239 -5.3264709 -1.797223
0.6928125 -5.3112912 -1.7972174
1.2013086 -5.2197676 -1.797195
1.3268456 -5.1892533 -1.7971892
1.4516308 -5.1557221 -1.7971836
1.5755762 -5.1191893 -1.7971781
1.6985937 -5.0796766 -1.7971725
1.8206347 -5.0372109 -1.7971671
2.1800683 -4.8923335 -1.7971507
2.86291 -4.5266314 -1.7971189
2.9712596 -4.4562445 -1.7971139
3.2856932 -4.2296968 -1.797099
3.3867579 -4.1491909 -1.7970941
3.4858496 -4.0662775 -1.7970893
3.6778905 -3.8934071 -1.7970799
3.9497557 -3.6172357 -1.7970666
4.0358591 -3.5209002 -1.7970622
4.2009473 -3.3221431 -1.7970539
4.4301462 -3.0096526 -1.7970423
4.5014648 -2.901911 -1.7970384
4.6994824 -2.5687938 -1.7970278
2.6554492 -0.77256531 -0.92793912
3.2575195 -0.7794885 -1.1238689
5.2371483 -1.1203498 -1.7969958
5.2626462 -0.99369657 -1.796994
5.3044333 -0.73871338 -1.7969906
5.320703 -0.61054623 -1.7969891
5.3338766 -0.48202544 -1.7969878
5.3508983 -0.2242038 -1.7969854
5.3547559 -0.095065303 -1.7969846
5.3389845 0.42129821 -1.796982
5.3272753 0.54996032 -1.7969818
5.3124609 0.67830318 -1.7969816
5.2735643 0.93372983 -1.7969818
5.2495017 1.0606762 -1.796982
3.2575195 0.74040157 -1.1208903
3.0559666 0.77256531 -1.0576441
2.7726953 0.7725659 -0.96577489
4.3913474 3.0658069 -1.7970068
3.9032617 3.6671953 -1.7970243
3.6207421 3.9321125 -1.7934988
3.2999511 3.950227 -1.7270724
3.0009081 3.966428 -1.6688576
2.8658299 3.9838336 -1.6466105
2.5670605 4.1757164 -1.6446787
2.4655859 4.2364373 -1.6446829
2.3626757 4.2946906 -1.6446868
2.2583983 4.3504438 -1.6446911
2.1528027 4.4036665 -1.6446953
1.6073047 4.6307764 -1.6447173
1.4951562 4.6682086 -1.6447221
1.3820996 4.7029338 -1.6447266
1.0384277 4.7906013 -1.6447411
0.80615234 4.8351407 -1.6447508
0.57203126 4.8684201 -1.6447607
0.33658203 4.8903718 -1.6447706
0.21848632 4.8970866 -1.6447759
-0.017939452 4.9019556 -1.6447859
-0.25432616 4.8954163 -1.6447961
-0.37236327 4.8878684 -1.6448013
-0.49015623 4.8774824 -1.6448065
-0.60767579 4.8642535 -1.6448116
-0.84157223 4.8293133 -1.6448219
-1.0735253 4.783134 -1.6448321
-1.1885742 4.7558613 -1.6448373
-1.302959 4.725822 -1.6448425
-1.752246 4.5783505 -1.6448627
-1.8621777 4.5347667 -1.6448677
-1.9710351 4.4885383 -1.6448727
-2.4969139 4.218811 -1.644897
-2.8271875 4.0730166 -1.6636039
-3.5617578 4.0009394 -1.7973443
-3.7506151 3.8245146 -1.7973535
-4.0173826 3.5433214 -1.7973667
-4.1836228 3.3454535 -1.7973752
-4.2630954 3.2435734 -1.7973791
-4.4865036 2.9268365 -1.7973907
-5.0559278 1.7702355 -1.7974223
-5.1354394 1.5243255 -1.7974272
-5.2030077 1.2748736 -1.7974316
-5.2584567 1.0224457 -1.7974355
-5.3016405 0.76764464 -1.7974391
-5.3325 0.51105589 -1.797442
-5.3509569 0.25326842 -1.7974442
-5.3569431 -0.0051019285 -1.7974461
-5.3315525 -0.52121305 -1.797448
-5.3001952 -0.77774411 -1.7974484
-5.2300682 -1.1589704 -1.7974477
-5.1325684 -1.5341281 -1.7974458
-5.0940919 -1.6574866 -1.7974448
-5.0526075 -1.7798806 -1.7974439
-5.008193 -1.9012393 -1.7974426
-4.6173925 -2.7159119 -1.7974306
-4.5505271 -2.8264949 -1.7974284
-4.4810057 -2.9354362 -1.7974261
-4.408906 -3.0426648 -1.7974237
-4.2570114 -3.2517626 -1.7974184
-4.1773243 -3.3535013 -1.7974156
-4.0107126 -3.5510547 -1.7974097
-3.9238865 -3.6467602 -1.7974064
-3.8347557 -3.7403522 -1.7974032
-3.5542383 -4.0078254 -1.7973927
-3.356787 -4.1745677 -1.7973852
-3.2551074 -4.2543182 -1.7973813
-2.9389355 -4.4785228 -1.797369
-2.830039 -4.5481067 -1.7973647
-2.7195117 -4.6150379 -1.7973603
-2.4937499 -4.7408042 -1.7973514
-2.2621875 -4.8555393 -1.7973421
-2.1443748 -4.9086795 -1.7973373
-2.0253417 -4.9589658 -1.7973325
-1.9051269 -5.0063653 -1.7973275
-1.6614453 -5.0923972 -1.7973176
-1.5381151 -5.1309781 -1.7973126
-1.2888671 -5.1991582 -1.7973022
-1.1630566 -5.2287259 -1.7972969
-1.0365918 -5.2552385 -1.7972916
-0.90952146 -5.2787008 -1.7972864
-0.78193361 -5.2990885 -1.797281
-0.39668944 -5.3417115 -1.7972646
-0.26773438 -5.34971 -1.797259
-0.13860351 -5.3545966 -1.7972535
-0.009404297 -5.3563628 -1.7972479
0.24896483 -5.3505535 -1.7972368
0.76330078 -5.3016076 -1.7972143
0.89097655 -5.2816367 -1.7972087
1.0181054 -5.2585931 -1.7972031
1.1446484 -5.2324891 -1.7971973
1.6434375 -5.0977969 -1.797175
1.7659081 -5.0566583 -1.7971694
2.1269238 -4.915679 -1.7971531
2.3615234 -4.8073511 -1.7971423
2.7029395 -4.623961 -1.7971264
2.8136816 -4.5574055 -1.7971213
2.9227831 -4.4881916 -1.7971162
3.0301952 -4.4163685 -1.797111
3.1358299 -4.3419805 -1.7971061
3.3415918 -4.1856647 -1.7970963
3.441582 -4.1038299 -1.7970915
3.539541 -4.0196009 -1.7970867
3.6354687 -3.9330444 -1.7970821
3.7292774 -3.844193 -1.7970774
4.1647067 -3.3674779 -1.7970557
4.3972754 -3.0574932 -1.7970439
4.5396094 -2.8418462 -1.7970364
4.6068163 -2.7315099 -1.7970328
2.7932618 -0.77256531 -0.97242302
3.2575097 -0.73387235 -1.1204054
5.2515526 -1.0506735 -1.7969947
5.2753711 -0.92369014 -1.7969929
5.32833 -0.53980559 -1.7969884
5.3398046 -0.41111878 -1.7969871
5.3504591 0.23440613 -1.7969826
5.3432422 0.36340025 -1.7969823
5.3195114 0.62068725 -1.7969816
5.234961 1.1303144 -1.7969823
3.2575195 0.78605771 -1.1243837
2.8936229 0.7725659 -1.0049214
2.6366992 0.7725659 -0.92189926
4.7553024 2.4637158 -1.7969947
4.6945019 2.5777063 -1.7969967
4.6309571 2.6901958 -1.7969989
4.4958396 2.9104211 -1.7970033
4.4243259 3.0180321 -1.7970058
4.273623 3.2279096 -1.7970109
4.0290427 3.5285063 -1.7970196
3.9427538 3.6246715 -1.7970228
3.5300097 3.9373088 -1.7743193
3.0664062 3.9629424 -1.6812773
2.80916 4.0168157 -1.6446693
2.7114649 4.0834174 -1.6446731
2.5113671 4.2094536 -1.6446811
2.4090917 4.2688193 -1.644685
2.3054199 4.3257041 -1.6446891
2.0941308 4.4318824 -1.6446977
1.8779589 4.5277467 -1.6447064
1.768164 4.5717421 -1.6447108
1.3195019 4.7208848 -1.6447293
1.2052343 4.7513547 -1.644734
0.97466797 4.8039818 -1.6447436
0.85853511 4.8261075 -1.6447484
0.74186522 4.8454275 -1.6447536
0.50730467 4.8755984 -1.6447635
0.38955078 4.8864317 -1.6447684
0.27155274 4.894423 -1.6447735
-0.20125976 4.8978777 -1.6447939
-0.31936523 4.8916149 -1.644799
-0.55490232 4.8705435 -1.6448092
-0.6722461 4.8557587 -1.6448144
-0.78916991 4.8381462 -1.6448196
-0.9056738 4.8177128 -1.6448247
-1.0216016 4.7944827 -1.6448299
-1.2516699 4.7396598 -1.64484
-1.3656445 4.7080994 -1.6448452
-1.8129296 4.5546741 -1.6448654
-2.030498 4.461966 -1.6448754
-2.2433496 4.3588605 -1.6448852
-2.3478515 4.3034973 -1.6448901
-2.4509766 4.2456203 -1.6448948
-2.65291 4.1224933 -1.6449043
-2.7662988 4.0790014 -1.6537037
-3.2102051 4.0661292 -1.738278
-3.7089257 3.8649418 -1.7973515
-4.0641017 3.4896417 -1.797369
-4.1470995 3.3906043 -1.7973733
-4.4545312 2.9752893 -1.797389
-4.5250001 2.8669798 -1.7973927
-4.5928516 2.7569983 -1.7973963
-5.0364552 1.8249267 -1.7974211
-5.0789938 1.7029089 -1.7974237
-5.1186228 1.5799005 -1.7974261
-5.1888866 1.3311895 -1.7974306
-5.2470508 1.079386 -1.7974348
-5.2715721 0.95250607 -1.7974366
-5.3266501 0.56881958 -1.7974414
-5.3538575 0.18215393 -1.7974448
-5.3563962 -0.076270446 -1.7974466
-5.3464942 -0.33451995 -1.7974477
-5.3083105 -0.72025663 -1.7974484
-5.2893944 -0.84809232 -1.7974484
-5.2423434 -1.1022208 -1.7974478
-5.1117578 -1.6021695 -1.7974452
-5.0285254 -1.8468478 -1.7974432
2.6522558 -4.2163348 -1.7971262
2.7531836 -4.1511211 -1.7971214
2.950166 -4.0134873 -1.7971121
3.0461035 -3.9411442 -1.7971075
3.1402831 -3.8665056 -1.7971029
3.2326269 -3.7896242 -1.7970985
3.3231053 -3.7105339 -1.7970942
3.4981933 -3.545927 -1.7970855
3.5826757 -3.4605041 -1.7970815
3.7453809 -3.2836664 -1.7970734
4.1798048 -2.7090564 -1.7970511
4.3647461 -2.3997066 -1.7970413
3.1940722 -0.7725659 -1.1856022
4.9132419 -0.81783783 -1.797008
4.9469528 -0.57991791 -1.7970052
4.9594822 -0.46041837 -1.7970037
4.9691405 -0.34065217 -1.7970027
4.9759374 -0.22068664 -1.7970016
4.9788475 0.13970153 -1.7969993
4.9663086 0.37966734 -1.7969984
4.9422264 0.61875182 -1.7969979
4.925869 0.73778927 -1.7969979
4.906621 0.85639524 -1.7969981
4.8845215 0.97450435 -1.7969983
2.7991405 0.77256531 -1.04765
2.5569725 0.77256531 -0.96370631
4.3456931 2.4338787 -1.7970126
4.2857323 2.5379956 -1.7970146
4.1583495 2.7417498 -1.7970189
4.0212693 2.9391229 -1.7970235
3.949209 3.0352745 -1.7970262
3.8748436 3.1296587 -1.7970288
3.5553222 3.4884539 -1.7970403
3.4701171 3.573205 -1.7970436
3.3829296 3.6558795 -1.7970468
2.7199512 3.9596159 -1.7331452
2.5861914 3.9666197 -1.7084007
2.1102049 4.040833 -1.6446993
1.812539 4.1828775 -1.6447113
1.6087109 4.2654467 -1.6447195
1.5053418 4.3030243 -1.6447238
1.4011035 4.3380914 -1.6447281
1.2960546 4.3706403 -1.6447325
1.1902636 4.400641 -1.6447368
0.97662109 4.4529514 -1.6447457
0.76073241 4.4948969 -1.6447548
0.65208983 4.5119529 -1.6447593
0.54307616 4.5263844 -1.6447641
0.21434569 4.5538392 -1.6447779
0.10443359 4.5576997 -1.6447827
-0.22539061 4.55336 -1.644797
-0.44476563 4.5372124 -1.6448065
-0.66307616 4.5105085 -1.644816
-0.7716797 4.493216 -1.6448209
-1.2010351 4.3980107 -1.64484
-1.3067676 4.3677726 -1.6448448
-1.4117481 4.334991 -1.6448495
-1.6191894 4.2618833 -1.6448588
-1.8228613 4.1788507 -1.6448681
-1.9231347 4.1336741 -1.6448727
-2.1353028 4.0647159 -1.6565313
-2.3886034 4.0585089 -1.6990271
-2.5210838 4.0564456 -1.7231276
-2.6573143 4.0541472 -1.748878
-2.7976563 4.0515966 -1.7763803
-2.9286816 4.0298734 -1.7973169
-3.0250487 3.9580677 -1.7973214
-3.119668 3.8839483 -1.7973258
-3.3033593 3.7289898 -1.7973349
-3.9573338 3.026226 -1.7973672
-4.0291796 2.9298973 -1.797371
-4.1658006 2.732168 -1.7973781
-4.2305079 2.6308887 -1.7973814
-4.2927637 2.5280774 -1.7973847
-4.697998 1.6578162 -1.7974075
-4.7366209 1.5440069 -1.7974099
-4.8055859 1.3137695 -1.7974143
-4.863369 1.0804657 -1.7974181
-4.8880272 0.96283323 -1.79742
-4.9448633 0.60686219 -1.7974246
-4.9758105 0.24771057 -1.7974281
-4.9819822 0.0074328613 -1.7974299
-4.9694629 -0.35283202 -1.7974315
-4.9595213 -0.47260192 -1.7974317
-4.9466696 -0.59210205 -1.7974319
-4.9309669 -0.71125245 -1.7974321
-4.9123631 -0.82999235 -1.7974319
-4.8909178 -0.94824672 -1.7974317
-4.866611 -1.0659481 -1.7974315
-4.7412696 -1.5298758 -1.7974288
-4.7029881 -1.6437961 -1.7974278
-4.3003516 -2.5152965 -1.7974157
-4.1740332 -2.7197638 -1.7974116
-4.0379882 -2.9179068 -1.7974069
-3.8925683 -3.1092565 -1.7974019
-3.7380469 -3.2933702 -1.7973962
-3.6575096 -3.3825707 -1.7973933
-3.5748534 -3.4698131 -1.7973902
-3.4033203 -3.6381731 -1.7973838
-3.3145604 -3.7192051 -1.7973807
-3.2238867 -3.7980697 -1.7973771
-3.1313183 -3.8747277 -1.7973737
-3.0369236 -3.9491231 -1.79737
-2.6422753 -4.2233195 -1.7973547
-2.5396287 -4.2858133 -1.7973505
-2.4355175 -4.3458176 -1.7973465
-2.2230566 -4.4582076 -1.7973379
-2.1148925 -4.5105247 -1.7973336
-1.8948535 -4.607255 -1.7973248
-1.783164 -4.6516109 -1.7973202
-1.5567383 -4.7321758 -1.7973109
-1.4421289 -4.7683382 -1.7973062
-1.3266991 -4.8017235 -1.7973014
-1.2104785 -4.8323164 -1.7972965
-0.85786128 -4.9071579 -1.7972817
-0.62019527 -4.9427948 -1.7972718
-0.38107422 -4.9669275 -1.7972616
-0.2611621 -4.9746609 -1.7972565
-0.14109375 -4.9794974 -1.7972513
0.57863277 -4.9476914 -1.7972201
0.69782227 -4.9322801 -1.7972147
0.93486327 -4.8928566 -1.7972044
1.052627 -4.8688679 -1.7971992
1.5168262 -4.7447453 -1.7971783
1.6308203 -4.7067609 -1.7971733
1.8559277 -4.622602 -1.797163
2.0766993 -4.5276871 -1.797153
2.2926562 -4.4222326 -1.7971429
2.5032616 -4.306489 -1.7971331
2.6064062 -4.244843 -1.7971282
2.7080274 -4.1807275 -1.7971236
2.9064941 -4.0452313 -1.7971143
3.2826855 -3.7463379 -1.797096
3.4595408 -3.5836363 -1.7970876
3.6283202 -3.4126031 -1.7970791
3.7886913 -3.2336144 -1.7970712
4.012578 -2.9511786 -1.7970598
4.1502247 -2.7542043 -1.7970527
4.3384862 -2.4468822 -1.7970426
2.7669044 -0.77256531 -1.0364418
4.9542089 -0.51414639 -1.7970043
4.9732323 -0.2746115 -1.7970021
4.9806933 -0.034430541 -1.7970003
4.9800682 0.085728757 -1.7969996
4.9608297 0.44560668 -1.7969983
4.9486227 0.56514645 -1.7969979
4.9335742 0.68435544 -1.7969979
4.871172 1.0393041 -1.7969984
3.2575195 0.77762818 -1.2082897
2.9222851 0.77256531 -1.0905415
4.1215525 2.7967517 -1.7970201
3.9085643 3.0874712 -1.7970276
3.8329296 3.1808586 -1.7970303
3.5086815 3.5353789 -1.797042
3.4223731 3.6189897 -1.7970452
3.3340526 3.7005029 -1.7970486
3.1517382 3.8570116 -1.7970555
2.7812891 3.9563403 -1.7448071
2.5140624 3.9703228 -1.69546
2.3857422 3.9767828 -1.6731488
2.262959 3.9872789 -1.6541095
2.1540136 4.0177174 -1.6446975
2.0563574 4.0685172 -1.6447015
1.7568164 4.2065916 -1.6447135
1.6548437 4.247757 -1.6447177
1.5518848 4.2864494 -1.644722
1.4480566 4.3226452 -1.6447263
0.80941403 4.4863815 -1.6447527
0.70097655 4.5046124 -1.6447574
0.59209961 4.5202246 -1.6447619
0.48289061 4.5332036 -1.6447664
0.37339842 4.5435472 -1.6447712
0.15381835 4.5562949 -1.6447805
0.043886717 4.5586901 -1.6447853
-0.50499022 4.530911 -1.6448092
-0.61414063 4.5174274 -1.644814
-0.72293943 4.5013118 -1.6448187
-0.83131832 4.482573 -1.6448236
-0.93918943 4.4612293 -1.6448283
-1.1532812 4.4107652 -1.6448379
-1.2593457 4.3816748 -1.6448426
-1.3646777 4.3500361 -1.6448474
-1.5729198 4.2791781 -1.6448568
-2.0824511 4.0706406 -1.6496495
-2.2027342 4.0611014 -1.6668383
-2.4611034 4.0574036 -1.7120997
-2.8767967 4.0500774 -1.7923158
-3.0773437 3.9175365 -1.7973238
-3.3526073 3.6847789 -1.7973372
-3.4405272 3.6028466 -1.7973415
-3.6103027 3.4327381 -1.7973498
-3.8491015 3.1627049 -1.7973617
-3.9971776 2.9733958 -1.7973694
-4.1359472 2.7771575 -1.7973765
-4.2017479 2.6765912 -1.79738
-4.3259568 2.4708338 -1.7973866
-4.7567282 1.4809521 -1.7974112
-4.7910643 1.3657812 -1.7974133
-4.8513865 1.1331152 -1.7974174
-4.9004002 0.89782041 -1.797421
-4.9206152 0.77935243 -1.7974224
-4.9641013 0.42149597 -1.7974266
-4.9730077 -0.29894194 -1.7974313
-4.9528122 -0.5384497 -1.7974319
-4.9383788 -0.65776455 -1.7974321
-4.9210644 -0.7766946 -1.7974321
-4.900908 -0.89517146 -1.7974319
-4.7918553 -1.3632007 -1.7974299
-4.7575583 -1.4783902 -1.7974292
-4.7205272 -1.5927209 -1.7974283
-4.327363 -2.4685357 -1.7974167
-4.2665524 -2.5721984 -1.7974147
-4.2032714 -2.6743627 -1.7974125
-4.1375294 -2.7749798 -1.7974104
-4.069375 -2.873971 -1.797408
-3.998867 -2.9712937 -1.7974055
-3.9260156 -3.0668809 -1.7974029
-3.7735155 -3.2526615 -1.7973976
-3.6122558 -3.4308608 -1.7973917
-3.5284374 -3.5169878 -1.7973886
-3.3546972 -3.6830623 -1.7973821
-3.2648437 -3.762907 -1.7973787
-3.1731348 -3.8405588 -1.7973752
-3.0795605 -3.9159734 -1.7973716
-2.6879101 -4.1944294 -1.7973564
-2.2712696 -4.4338551 -1.7973399
-2.1636426 -4.4873419 -1.7973356
-1.2627832 -4.8189206 -1.7972987
-1.0288965 -4.8741899 -1.7972889
-0.79259765 -4.9181151 -1.797279
-0.67373043 -4.9357905 -1.797274
-0.55447263 -4.9505892 -1.797269
-0.43489257 -4.9625101 -1.7972639
-0.19504882 -4.977684 -1.7972537
0.40534177 -4.9649143 -1.7972276
0.88177735 -4.9027104 -1.7972066
0.99981445 -4.8799958 -1.7972015
1.1172168 -4.8544459 -1.7971963
1.2339941 -4.8260694 -1.7971911
1.4653027 -4.760911 -1.7971808
1.5797364 -4.724165 -1.7971755
1.6932031 -4.6846733 -1.7971704
2.1366699 -4.4996896 -1.7971501
2.2445898 -4.4468298 -1.7971452
2.4564159 -4.3333755 -1.7971352
2.5602441 -4.2728505 -1.7971306
2.6625488 -4.2098341 -1.7971257
2.7633104 -4.1443739 -1.7971209
3.3321581 -3.7023971 -1.7970937
3.4204979 -3.6209331 -1.7970893
3.5068164 -3.5373607 -1.7970853
3.9069531 -3.0896509 -1.7970653
3.9803514 -2.9944966 -1.7970614
4.1201172 -2.7990308 -1.7970543
4.2503028 -2.5970545 -1.7970474
2.6554589 -0.77256501 -0.99777204
4.8943458 -0.92415589 -1.7970093
4.9332128 -0.6870169 -1.7970064
4.9483595 -0.56781918 -1.7970049
4.9699707 -0.3285031 -1.7970026
4.9800291 -0.088413082 -1.7970006
4.9806933 0.031739499 -1.7969999
4.9653711 0.39181578 -1.7969984
4.9544821 0.5114758 -1.7969981
4.9240332 0.74983031 -1.7969979
4.8821483 0.98645079 -1.7969983
3.2575195 0.74040157 -1.2052422
2.7726953 0.77256531 -1.0384548
4.339746 2.4444945 -1.7970129
4.2795019 2.5484674 -1.7970148
4.2167969 2.6509662 -1.7970169
4.0840526 2.851259 -1.7970214
3.8671777 3.1391296 -1.797029
3.7112987 3.3219965 -1.7970346
3.6300879 3.4105589 -1.7970376
3.546787 3.4971349 -1.7970407
3.4613671 3.5816851 -1.7970439
3.2846386 3.7444701 -1.7970505
3.1933398 3.8226202 -1.7970539
3.100244 3.8985436 -1.7970575
2.843457 3.9529905 -1.7568181
2.4430077 3.973922 -1.6829889
2.3164454 3.9801958 -1.6614897
2.1987402 3.996773 -1.6457832
1.9080957 4.1518631 -1.6483952
1.5982617 4.269372 -1.64472
1.3904883 4.3415079 -1.6447285
1.2853808 4.3737979 -1.644733
1.1794921 4.4035392 -1.6447372
1.0729394 4.4307237 -1.6447418
0.64105469 4.5135355 -1.6447598
0.53200191 4.5276976 -1.6447645
0.42262694 4.5392284 -1.6447691
0.20318359 4.5543518 -1.6447786
-0.016689453 4.5588803 -1.644788
-0.34630859 4.5457773 -1.6448022
-0.45584959 4.5361128 -1.6448071
-0.56513673 4.5238113 -1.6448119
-0.67409176 4.5088758 -1.6448165
-0.78266603 4.4913154 -1.6448214
-0.89078122 4.4711413 -1.6448262
-0.99838865 4.4483671 -1.6448309
-1.1054003 4.4230027 -1.6448358
-1.3174413 4.3645639 -1.6448452
-1.7318554 4.2173767 -1.644864
-1.8330859 4.1743803 -1.6448686
-2.1472754 4.0633545 -1.658111
-2.5346973 4.0562253 -1.7256614
-2.9385157 4.0227036 -1.7973173
-3.0347168 3.9506547 -1.7973219
-3.1291308 3.8763096 -1.7973263
-3.2217381 3.7997131 -1.7973309
-3.4012792 3.639926 -1.7973396
-3.8145897 3.204237 -1.7973601
-3.8907812 3.1112909 -1.7973639
-3.9646971 3.0165417 -1.7973677
-4.1055956 2.8218236 -1.797375
-4.2989259 2.5175695 -1.7973851
-4.7020311 1.6463287 -1.7974077
-4.7403903 1.5324188 -1.7974101
-4.8903613 0.95087641 -1.7974201
-4.9118943 0.83263791 -1.7974218
-4.9305372 0.71391112 -1.7974234
-4.9463377 0.5947699 -1.7974248
-4.9764061 0.23553954 -1.7974283
-4.9806442 0.11542846 -1.7974292
-4.9804101 -0.1249179 -1.7974305
-4.9759474 -0.24502625 -1.7974311
-4.9686036 -0.36498472 -1.7974316
-4.9452147 -0.60419279 -1.7974321
-4.9291892 -0.72330624 -1.7974321
-4.9103122 -0.84200621 -1.7974319
-4.8063378 -1.3111798 -1.7974303
-4.7733202 -1.4267428 -1.7974296
-4.7374997 -1.5414679 -1.7974287
-4.698945 -1.6552926 -1.7974278
-4.3538866 -2.4214849 -1.7974175
-4.1673732 -2.7299664 -1.7974113
-4.0308495 -2.9277687 -1.7974067
-3.959033 -3.0241547 -1.7974042
-3.8849316 -3.1187716 -1.7974015
-3.7299805 -3.3024957 -1.7973959
-3.6492186 -3.3915033 -1.797393
-3.5663476 -3.4785407 -1.79739
-3.4813964 -3.5635502 -1.7973869
-3.3944042 -3.6464858 -1.7973835
-3.305459 -3.7272973 -1.7973802
-3.2145801 -3.8059404 -1.7973769
-3.1218262 -3.8823712 -1.7973733
-3.0272655 -3.956537 -1.7973696
-2.9309375 -4.0284009 -1.7973658
-2.8329101 -4.097918 -1.7973622
-2.631953 -4.2297664 -1.7973542
-2.5291502 -4.2920146 -1.7973502
-2.4248729 -4.3517623 -1.797346
-2.212168 -4.4636283 -1.7973377
-2.1038282 -4.515686 -1.7973332
-1.9943066 -4.5651093 -1.7973287
-1.3149512 -4.8049531 -1.7973009
-1.1986523 -4.8352613 -1.797296
-0.96405274 -4.8874211 -1.7972864
-0.84586912 -4.9092393 -1.7972813
-0.48865232 -4.9575109 -1.7972662
-0.12890625 -4.9798269 -1.7972507
0.11143555 -4.9802217 -1.7972404
0.23151366 -4.9760695 -1.7972353
0.7098828 -4.9305549 -1.7972143
1.064541 -4.8662791 -1.7971987
1.1816113 -4.8391695 -1.7971934
1.2979883 -4.8092408 -1.7971883
1.4136132 -4.7765179 -1.797183
1.6423144 -4.7027569 -1.7971727
1.7553027 -4.661756 -1.7971677
2.303457 -4.4166107 -1.7971425
2.4093163 -4.3597484 -1.7971376
2.6167772 -4.2384553 -1.7971278
2.7182422 -4.174089 -1.7971231
2.818125 -4.1072874 -1.7971183
2.9163768 -4.0381093 -1.7971138
3.0129199 -3.9665751 -1.797109
3.2918553 -3.7382927 -1.7970957
3.3810449 -3.6577947 -1.7970914
3.5535252 -3.490459 -1.7970829
3.7177148 -3.3149877 -1.7970747
3.796582 -3.2243364 -1.7970707
3.8732519 -3.1318152 -1.7970669
3.9476464 -3.0374694 -1.7970631
4.0197754 -2.9413562 -1.7970594
4.1569333 -2.7440424 -1.7970523
4.2844238 -2.540354 -1.7970456
4.4019432 -2.3307436 -1.7970392
2.5519824 -0.77256501 -0.96198452
2.793252 -0.77256501 -1.045603
3.2575195 -0.73387265 -1.2047225
4.8840623 -0.97714567 -1.7970102
4.925498 -0.74045259 -1.797007
4.9661036 -0.38234892 -1.797003
4.9738865 -0.26244506 -1.797002
4.9787693 -0.14239106 -1.797001
4.9597168 0.45773923 -1.7969983
4.9136424 0.81518245 -1.7969979
4.8686132 1.0512158 -1.7969985
3.2575195 0.78605771 -1.2089999
4.3659763 2.3973162 -1.797012
4.181211 2.706748 -1.7970181
4.114707 2.8068273 -1.7970204
4.0458007 2.9052684 -1.7970227
3.9009764 3.0970213 -1.7970278
3.7470899 3.2815802 -1.7970333
3.4135156 3.6273503 -1.7970456
3.3249998 3.7086504 -1.7970489
2.6323144 3.9642253 -1.7168238
2.5009179 3.9709954 -1.6931291
2.1441405 4.0229759 -1.644698
2.0464454 4.0735364 -1.6447018
1.9476269 4.1217203 -1.6447059
1.8475976 4.1675115 -1.6447099
1.7465332 4.2108769 -1.644714
1.4374707 4.3261766 -1.6447265
1.332705 4.3596015 -1.6447309
1.0139941 4.444592 -1.6447443
0.47179687 4.5343733 -1.6447669
0.14267577 4.5566568 -1.6447811
-0.18719727 4.5550866 -1.6447953
-0.51609373 4.529665 -1.6448097
-0.62519532 4.5159101 -1.6448144
-0.84227538 4.4805298 -1.644824
-0.9501074 4.4589229 -1.6448288
-1.0573926 4.4347138 -1.6448337
-1.1640723 4.4079332 -1.6448383
-1.2700391 4.3785839 -1.6448431
-1.3753124 4.3466859 -1.6448479
-2.0943358 4.0693212 -1.6511853
-2.2155273 4.0609369 -1.6689887
-2.3433495 4.0591741 -1.691011
-2.6094432 4.054975 -1.739724
-2.8915234 4.0497913 -1.7953112
-2.991709 3.983314 -1.7973198
-3.1803808 3.8344104 -1.7973289
-3.3616209 3.6765728 -1.7973377
-3.5350389 3.5101793 -1.7973461
-3.7002537 3.335609 -1.7973542
-3.7796288 3.2453864 -1.7973582
-3.8568261 3.1532793 -1.7973622
-4.0747557 2.8661542 -1.7973733
-4.2082715 2.666306 -1.7973803
-4.7943945 1.3540509 -1.7974136
-4.8797655 1.0038317 -1.7974194
-4.9225192 0.76730406 -1.7974226
-4.9537988 0.52900207 -1.7974255
-4.9651365 0.40935484 -1.7974267
-4.9735546 0.28946897 -1.7974278
-4.9791112 0.1694043 -1.7974287
-4.9814844 -0.070931397 -1.7974304
-4.9783397 -0.19107513 -1.7974309
-4.9633102 -0.43096313 -1.7974317
-4.9514842 -0.55056363 -1.7974319
-4.936748 -0.66984189 -1.7974321
-4.9191599 -0.78872681 -1.7974319
-4.8202829 -1.2590119 -1.7974305
-4.7539454 -1.4900237 -1.7974292
-4.7166114 -1.6042733 -1.7974283
-4.6765428 -1.7175741 -1.7974272
2.5703516 -3.8754528 -1.7971276
2.6630762 -3.8123126 -1.7971232
3.0179589 -3.5379639 -1.7971063
3.1850684 -3.3882756 -1.7970982
3.3447752 -3.2307057 -1.7970903
3.5696192 -2.9803674 -1.7970791
3.7757518 -2.7144322 -1.7970686
3.8401268 -2.6225603 -1.7970653
4.0749121 -2.2403526 -1.7970527
4.5869823 -0.76353055 -1.7970217
4.6040525 -0.6526596 -1.7970202
4.6184568 -0.54140896 -1.797019
4.6301661 -0.42984527 -1.7970178
4.6391993 -0.31803283 -1.7970167
4.6500292 0.01826294 -1.7970142
4.648242 0.13042541 -1.7970136
4.6437402 0.24250916 -1.7970132
4.6365333 0.35445678 -1.7970128
4.6140528 0.57766539 -1.7970124
4.5987597 0.68879759 -1.7970123
4.5808105 0.79952699 -1.7970124
3.0877244 0.77256531 -1.2300377
2.7991405 0.77256531 -1.1221746
4.0571289 2.2722583 -1.797026
3.9428222 2.4652922 -1.7970299
3.8822069 2.5596862 -1.7970319
3.8193359 2.6525896 -1.7970341
3.7542577 2.7439508 -1.7970363
3.6869726 2.8337152 -1.7970387
3.6175389 2.9218335 -1.7970412
3.545996 3.0082512 -1.7970437
3.3968163 3.1757829 -1.797049
3.239707 3.3359258 -1.7970549
3.1583006 3.4131079 -1.7970579
3.0750487 3.4883091 -1.7970611
2.9032519 3.6325696 -1.7970676
2.6329687 3.8330138 -1.797078
2.4434764 3.952996 -1.7959224
2.1943653 3.9657342 -1.751528
2.0740917 3.9716203 -1.7315201
1.9564062 3.9772046 -1.7128762
1.8410645 3.982506 -1.6955343
1.7279004 3.9875379 -1.6794375
1.6167284 3.9923139 -1.6645346
1.4055274 4.0172687 -1.6447299
1.2099609 4.0803981 -1.644738
1.0117968 4.1340241 -1.6447462
0.81124997 4.1780314 -1.6447546
0.71022457 4.1963968 -1.6447587
0.60878903 4.2123179 -1.6447631
0.20010741 4.251421 -1.6447805
0.097490229 4.2550206 -1.6447848
-0.1078418 4.2547956 -1.6447936
-0.21043944 4.2509685 -1.644798
-0.61905271 4.2109623 -1.644816
-0.72147459 4.2008257 -1.6471777
-0.82141602 4.1762266 -1.644825
-1.1212597 4.1059275 -1.6448383
-1.4275781 4.0491858 -1.6592135
-1.5378613 4.047843 -1.6733826
-1.650332 4.0469894 -1.6890002
-1.8817577 4.0447078 -1.7239609
-2.3589454 4.0081182 -1.7972922
-2.5495214 3.889704 -1.7973013
-2.642627 3.82708 -1.7973057
-2.73417 3.7622306 -1.79731
-3.0839648 3.4813275 -1.7973268
-3.248291 3.3285503 -1.7973349
-3.3276367 3.249234 -1.7973388
-3.4050488 3.168026 -1.7973427
-3.553916 3.0001209 -1.7973499
-3.6252539 2.9135258 -1.7973536
-3.8264549 2.64377 -1.797364
-3.8891308 2.5507054 -1.7973672
-4.0633984 2.2628162 -1.7973765
-4.4220309 1.4414556 -1.797397
-4.4555078 1.3343713 -1.797399
-4.4864063 1.2265099 -1.7974011
-4.5146971 1.1179303 -1.7974029
-4.5403709 1.0087024 -1.7974048
-4.5633693 0.89888424 -1.7974064
-4.5837402 0.78854859 -1.797408
-4.6164255 0.56655455 -1.7974107
-4.6287599 0.45503417 -1.7974119
-4.6383982 0.34324402 -1.797413
-4.6495509 0.11913574 -1.7974148
-4.6510644 0.0069396971 -1.7974156
-4.6460056 -0.21739136 -1.7974167
-4.6394138 -0.32939544 -1.7974172
-4.6181054 -0.55277586 -1.7974175
-4.603447 -0.66401184 -1.7974175
-4.5861034 -0.7748642 -1.7974175
-4.5660644 -0.88526428 -1.7974174
-4.5433688 -0.99515015 -1.7974169
-4.5180368 -1.1044562 -1.7974167
-4.490088 -1.213118 -1.7974161
-4.390615 -1.5346164 -1.7974137
-4.0702052 -2.2507083 -1.7974043
-4.0146971 -2.348237 -1.7974025
-3.834414 -2.6323833 -1.7973963
-3.4145801 -3.1579089 -1.7973815
-3.258291 -3.3189096 -1.7973758
-3.1772852 -3.3965349 -1.7973727
-3.0944238 -3.4721868 -1.7973696
-2.7454686 -3.754144 -1.7973562
-2.6540918 -3.819272 -1.7973527
-2.5612011 -3.8821743 -1.7973491
-2.4667969 -3.9428225 -1.7973454
-2.3709667 -4.0011683 -1.7973416
-2.2737501 -4.0571895 -1.7973378
-2.0754297 -4.1621127 -1.7973298
-1.664746 -4.3426738 -1.7973132
-1.5594823 -4.381557 -1.7973089
-1.3463573 -4.4516525 -1.7973001
-0.80089843 -4.581255 -1.7972773
-0.57901365 -4.6145267 -1.797268
-0.46751952 -4.627141 -1.7972633
-0.24379882 -4.6442809 -1.7972537
0.20478515 -4.6461129 -1.7972343
0.31679687 -4.6398091 -1.7972295
0.54021484 -4.6191068 -1.7972198
0.87278318 -4.5679169 -1.7972052
0.98272461 -4.5455232 -1.7972003
1.09208 -4.5204821 -1.7971954
1.4160937 -4.4296446 -1.7971808
1.7326856 -4.3156157 -1.7971663
1.8362695 -4.2725563 -1.7971617
2.0401757 -4.1789975 -1.7971524
2.2393553 -4.0757141 -1.7971431
2.4333105 -3.9629495 -1.797134
2.6216016 -3.840961 -1.7971252
2.7134862 -3.7765934 -1.7971209
2.8037889 -3.7100341 -1.7971165
3.0646973 -3.4975548 -1.797104
3.1481738 -3.4226031 -1.7970998
3.2298143 -3.3456578 -1.7970959
3.3095605 -3.2667718 -1.7970921
3.3873827 -3.185982 -1.7970881
3.4632518 -3.1033347 -1.7970845
3.6088672 -2.9326787 -1.7970772
3.7461035 -2.7552023 -1.7970701
3.8114746 -2.6640325 -1.7970668
3.8746092 -2.5713096 -1.7970634
3.9355078 -2.4770935 -1.7970603
3.9941113 -2.3814368 -1.7970572
4.0503907 -2.2843966 -1.7970541
2.5296581 -0.77256531 -1.0221615
2.7669139 -0.77256531 -1.1101695
3.2575195 -0.74224973 -1.2911363
4.5784278 -0.81320465 -1.7970223
4.5967188 -0.70252925 -1.797021
4.6123142 -0.59143949 -1.7970196
4.6252341 -0.4800061 -1.7970184
4.6430078 -0.25637603 -1.7970163
4.6478419 -0.14430389 -1.7970153
4.649951 -0.032142945 -1.7970146
4.6493554 0.080037229 -1.7970138
4.6460838 0.19216186 -1.7970134
4.6314158 0.41601622 -1.7970126
4.6200194 0.52761781 -1.7970124
4.6059666 0.63891113 -1.7970123
4.5697947 0.86030942 -1.7970126
3.2575293 0.77762818 -1.2942423
2.9222851 0.77256531 -1.1681176
3.5784082 2.9696362 -1.7970425
3.5057421 3.0550933 -1.7970451
3.4310448 3.1387761 -1.7970479
3.354326 3.2206328 -1.7970506
3.2756834 3.3006108 -1.7970535
3.1951075 3.3786669 -1.7970566
3.1126757 3.4547679 -1.7970595
3.0284374 3.5288568 -1.7970628
2.8547754 3.670821 -1.7970695
2.5818553 3.8676605 -1.79708
2.3736522 3.9566393 -1.7830919
2.1278222 3.9690123 -1.7403378
2.0089746 3.9747307 -1.7210884
1.5569237 3.9966381 -1.6575675
1.4508886 4.0086088 -1.6475258
1.254248 4.0670295 -1.6447362
0.95678711 4.1471057 -1.6447484
0.85645509 4.1689892 -1.6447526
0.75566405 4.1884446 -1.6447569
0.55277342 4.2200413 -1.6447654
0.34861326 4.2418113 -1.6447741
0.2461914 4.2489948 -1.6447784
0.14360352 4.2537098 -1.6447828
-0.26689452 4.2478032 -1.6448007
-0.47145507 4.2300105 -1.6448095
-0.57335937 4.2174182 -1.6448141
-0.67493165 4.2023511 -1.6448095
-0.87681639 4.1649508 -1.6448274
-0.97705078 4.1425977 -1.644832
-1.2740527 4.0611382 -1.6448452
-1.3797168 4.0529838 -1.6545453
-2.0679588 4.0423832 -1.754732
-2.1916113 4.0406098 -1.7764012
-2.4120018 3.9764323 -1.7972949
-2.6009862 3.8554938 -1.7973037
-2.6932323 3.7916386 -1.7973082
-2.7839258 3.7255828 -1.7973124
-2.8729784 3.6573522 -1.7973167
-2.960371 3.5869932 -1.7973208
-3.0460546 3.514544 -1.7973249
-3.2120311 3.3635588 -1.797333
-3.2922266 3.2851074 -1.7973371
-3.3705077 3.2047472 -1.7973409
-3.4468553 3.122509 -1.7973447
-4.5749021 0.83818787 -1.7974072
-4.5937891 0.72758973 -1.7974087
-4.6100097 0.61655945 -1.7974101
-4.6425486 0.28159851 -1.7974136
-4.6507225 0.057352904 -1.7974153
-4.6426854 -0.27908781 -1.7974169
-4.6346192 -0.39099488 -1.7974173
-4.6238379 -0.50268614 -1.7974175
-4.6103806 -0.6140759 -1.7974175
-4.5942187 -0.72510648 -1.7974175
-4.5029883 -1.1643804 -1.7974163
-4.4415817 -1.3801978 -1.797415
-4.4069824 -1.486933 -1.7974142
-4.0399609 -2.304579 -1.7974032
-3.9831738 -2.4013574 -1.7974014
-3.862705 -2.5906715 -1.7973974
-3.5228808 -3.0366278 -1.7973853
-3.4486132 -3.1207149 -1.7973828
-3.2940819 -3.2834008 -1.797377
-3.2139256 -3.3618963 -1.7973741
-3.0480273 -3.5129864 -1.7973678
-2.9623926 -3.5854809 -1.7973646
-2.7860057 -3.7241712 -1.7973578
-2.6953418 -3.7902844 -1.7973542
-2.5094042 -3.9158528 -1.7973471
-2.2196484 -4.0870328 -1.7973356
-2.0199511 -4.1893125 -1.7973275
-1.6069043 -4.3644013 -1.7973109
-1.394541 -4.4368 -1.797302
-1.1789062 -4.4988761 -1.7972932
-0.96055663 -4.5504746 -1.797284
-0.73996091 -4.5914836 -1.7972747
-0.40602538 -4.6329346 -1.7972608
0.04225586 -4.6504536 -1.7972414
0.15441406 -4.648068 -1.7972366
0.26649413 -4.6429772 -1.7972317
0.37841797 -4.6351852 -1.7972268
0.82324219 -4.577116 -1.7972074
1.0430273 -4.5320582 -1.7971976
1.2603711 -4.4764576 -1.7971878
1.4748046 -4.4104333 -1.7971781
1.7898339 -4.2922134 -1.7971638
2.0955274 -4.1515203 -1.7971498
2.2933006 -4.0456018 -1.7971406
2.4857421 -3.9302676 -1.7971317
2.5798047 -3.869153 -1.7971272
2.6723926 -3.805789 -1.7971227
2.763418 -3.7402117 -1.7971185
2.9405761 -3.6025577 -1.79711
3.0266016 -3.5305698 -1.7971058
3.1933398 -3.380476 -1.7970977
3.3526659 -3.2225108 -1.7970899
3.4294043 -3.1406946 -1.7970861
3.5041699 -3.0570505 -1.7970823
3.5768847 -2.9716294 -1.7970786
3.6475096 -2.8844802 -1.7970752
3.782373 -2.7051892 -1.7970682
3.9084082 -2.5196092 -1.7970617
3.9680662 -2.4245965 -1.7970586
4.0253906 -2.3281591 -1.7970555
4.0803709 -2.2303793 -1.7970524
3.2575195 -0.77948821 -1.2944098
4.5472264 -0.97275788 -1.7970246
4.5693455 -0.86278808 -1.7970232
4.6056442 -0.64139676 -1.7970202
4.6197658 -0.53011382 -1.7970189
4.649961 0.029632568 -1.7970141
4.6479001 0.14178894 -1.7970135
4.6356444 0.36579773 -1.7970128
4.612627 0.58894593 -1.7970124
4.5970607 0.70003968 -1.7970123
4.5579686 0.92094541 -1.7970128
3.2575195 0.74040222 -1.2909777
2.7726855 0.7725659 -1.1123253
4.0515428 2.2821691 -1.7970263
3.995332 2.3792369 -1.7970282
3.8759277 2.5691724 -1.7970321
3.8128319 2.6619208 -1.7970343
3.7475293 2.7531195 -1.7970365
3.5386424 3.0169153 -1.7970439
3.4648633 3.1014001 -1.7970467
3.1499317 3.420825 -1.7970582
2.7154295 3.7750328 -1.7970748
2.623584 3.8394427 -1.7970784
2.4305565 3.953676 -1.7935243
2.3048046 3.960175 -1.7707282
2.0620606 3.9721978 -1.7295692
1.7165332 3.9880321 -1.6778731
1.4983886 4.0033326 -1.6519381
1.395664 4.0206909 -1.6447303
1.1012207 4.1111088 -1.6447424
0.90382808 4.1696935 -1.6487986
0.5984863 4.2137942 -1.6447635
0.29223633 4.2460723 -1.6447766
0.087099604 4.2552495 -1.6447853
-0.015585938 4.2561235 -1.6447897
-0.22083007 4.250443 -1.6447988
-0.42558593 4.2348666 -1.6448076
-0.52761716 4.2233806 -1.644812
-0.62932616 4.2094355 -1.6448165
-0.73199219 4.2004633 -1.6477325
-0.8316406 4.1742053 -1.6448255
-0.93208981 4.1529408 -1.6448299
-1.0319824 4.1292601 -1.6448344
-1.1312988 4.1031775 -1.6448388
-1.2299609 4.0747013 -1.6448432
-1.4384863 4.0484543 -1.6603515
-1.5491894 4.0477648 -1.6749111
-1.6618359 4.0468898 -1.6906505
-1.7766211 4.0458288 -1.7076193
-2.1357031 4.0414348 -1.7664807
-2.2609961 4.0395398 -1.7889767
-2.3687596 4.002337 -1.7972927
-2.5590429 3.88346 -1.7973018
-3.1753612 3.3981762 -1.7973313
-3.3355858 3.2410851 -1.7973391
-3.4128125 3.1596892 -1.7973429
-3.9555371 2.4464824 -1.7973707
-4.0134082 2.3503594 -1.7973738
-4.0689354 2.2528703 -1.7973769
-4.4255466 1.4306378 -1.7973971
-4.4893847 1.2155328 -1.7974012
-4.5655761 0.88772154 -1.7974066
-4.5856442 0.77733517 -1.7974081
-4.6298633 0.44371581 -1.797412
-4.6458888 0.21989624 -1.7974141
-4.6498337 0.10776306 -1.797415
-4.6510935 -0.0044293213 -1.7974156
-4.6496286 -0.11661956 -1.7974162
-4.6454587 -0.22875214 -1.7974168
-4.6386032 -0.3407425 -1.7974172
-4.6018162 -0.67526489 -1.7974175
-4.5638866 -0.89643067 -1.7974173
-4.5409374 -1.0062567 -1.7974169
-4.5153317 -1.1154981 -1.7974164
-4.4871092 -1.2240906 -1.7974161
-4.0089645 -2.3580487 -1.7974023
-3.8905761 -2.5486498 -1.7973983
-3.6269042 -2.9116282 -1.7973891
-3.3294628 -3.2475078 -1.7973783
-3.2501659 -3.3268685 -1.7973754
-3.1689649 -3.4042957 -1.7973723
-3.0010839 -3.5531609 -1.797366
-2.8261914 -3.6937568 -1.7973595
-2.6447558 -3.8257473 -1.7973523
-2.2638085 -4.0627375 -1.7973373
-2.1651659 -4.1161542 -1.7973334
-2.0652344 -4.1671729 -1.7973294
-1.758496 -4.3055739 -1.797317
-1.5487792 -4.3853579 -1.7973084
-1.4425293 -4.4214296 -1.797304
-1.2276074 -4.4858375 -1.7972952
-1.0098046 -4.5398021 -1.7972862
-0.34444335 -4.6379123 -1.7972579
-0.23246093 -4.6448607 -1.7972533
-0.12033202 -4.6491055 -1.7972485
0.10402343 -4.6494732 -1.7972387
0.21614258 -4.6455994 -1.7972338
0.43994141 -4.629745 -1.797224
0.5515039 -4.6177735 -1.7972192
0.6627441 -4.6031113 -1.7972143
0.77358395 -4.5857725 -1.7972094
0.88397461 -4.5657687 -1.7972045
0.99385738 -4.5431037 -1.7971997
1.319746 -4.4593096 -1.7971852
1.5332617 -4.3904481 -1.7971755
1.8467187 -4.2680507 -1.7971612
2.2493165 -4.0702243 -1.7971426
2.5377343 -3.8968947 -1.7971292
2.7227051 -3.7699471 -1.7971205
2.8128417 -3.7031622 -1.797116
2.9013476 -3.6342266 -1.797112
3.0732422 -3.4900446 -1.7971035
3.1565332 -3.414892 -1.7970996
3.3175292 -3.2586682 -1.7970916
3.47083 -3.094851 -1.797084
3.616035 -2.9238415 -1.7970767
3.8179686 -2.6546969 -1.7970665
3.880908 -2.5618234 -1.7970631
3.9415624 -2.4674602 -1.7970599
3.999912 -2.3716607 -1.7970568
4.0559669 -2.2744815 -1.7970538
3.0806737 -0.7725656 -1.2273947
3.2575195 -0.73387265 -1.2904208
4.5597262 -0.91225982 -1.7970238
4.58042 -0.80200529 -1.7970222
4.5984178 -0.69128358 -1.7970208
4.61375 -0.58015102 -1.7970195
4.6263962 -0.46869141 -1.7970183
4.6436133 -0.24501739 -1.7970161
4.6481833 -0.13293579 -1.7970152
4.6491699 0.091408081 -1.7970138
4.6393552 0.31552491 -1.7970129
4.6043749 0.65017456 -1.7970123
4.5873632 0.7610504 -1.7970124
4.5676661 0.87148434 -1.7970126
3.2016015 0.77256531 -1.2727745
2.8936229 0.7725659 -1.1574126
2.6366992 0.7725659 -1.0617923
4.076045 2.2381248 -1.7970256
4.0208693 2.3357959 -1.7970272
3.9035547 2.5270073 -1.7970312
3.8414648 2.6204419 -1.7970333
3.6419432 2.8913646 -1.7970402
3.5711327 2.9783783 -1.7970428
3.4233398 3.1471617 -1.7970481
3.3464551 3.2288263 -1.797051
3.2675879 3.3086133 -1.7970538
3.186826 3.3864763 -1.7970568
3.1041992 3.4623754 -1.7970599
2.756201 3.7453716 -1.7970734
2.6650782 3.8107774 -1.7970768
2.5723534 3.8739641 -1.7970804
2.4781933 3.9348943 -1.7970842
1.9970703 3.9752929 -1.7192127
1.7670312 3.9858177 -1.6849006
1.6551952 3.9906793 -1.6695876
1.5461426 3.99789 -1.6565124
1.4404492 4.0097742 -1.6465522
1.2442968 4.0700898 -1.6447364
1.0464453 4.1253839 -1.6447446
0.94664061 4.1494346 -1.6447488
0.74542969 4.1902823 -1.6447574
0.54244137 4.2213817 -1.6447659
0.23579101 4.2495861 -1.6447788
-0.27726561 4.247138 -1.6448011
-0.37963867 4.2392273 -1.6448056
-0.68519533 4.2007093 -1.644819
-0.9871875 4.1401963 -1.6448324
-1.0867578 4.1151891 -1.6448369
-1.1857128 4.0877891 -1.6448413
-1.390498 4.0521412 -1.6555837
-1.8408301 4.0451593 -1.7175081
-1.9592675 4.0437903 -1.7364932
-2.0803809 4.0422125 -1.7568622
-2.6104102 3.8491228 -1.7973042
-2.7930176 3.7187626 -1.7973129
-3.0546386 3.5070825 -1.7973254
-3.1383495 3.4323883 -1.7973295
-3.3002539 3.2770488 -1.7973374
-3.3783593 3.1964934 -1.7973412
-3.9287694 2.4892137 -1.7973694
-3.9876659 2.3937261 -1.7973723
-4.3728123 1.5844629 -1.7973939
-4.4097657 1.4785266 -1.7973962
-4.4759669 1.2641187 -1.7974004
-4.5051661 1.1557842 -1.7974023
-4.5317187 1.0467761 -1.7974042
-4.5955567 0.71634275 -1.7974088
-4.6115232 0.60528135 -1.7974102
-4.6247754 0.49386901 -1.7974114
-4.6353612 0.38216734 -1.7974126
-4.6432033 0.27024171 -1.7974136
-4.6483984 0.15815307 -1.7974145
-4.6508594 0.045976561 -1.7974153
-4.6506152 -0.066219479 -1.7974161
-4.647666 -0.17838378 -1.7974164
-4.6420116 -0.29044068 -1.7974169
-4.6336522 -0.40233979 -1.7974173
-4.6225977 -0.51399595 -1.7974175
-4.5924411 -0.73634124 -1.7974175
-4.5271678 -1.0664968 -1.7974168
-4.5001173 -1.175391 -1.7974162
-4.4381833 -1.391058 -1.797415
-4.4033298 -1.4977194 -1.7974141
2.4076464 -3.6301477 -1.7971331
2.4945312 -3.571007 -1.797129
2.5799119 -3.5097897 -1.7971251
2.6638184 -3.4465272 -1.7971209
2.9834862 -3.1738117 -1.7971056
3.05916 -3.100913 -1.7971019
3.1330566 -3.0262134 -1.7970982
3.2753613 -2.8715706 -1.7970911
3.4100389 -2.7102501 -1.7970843
3.5367577 -2.5426221 -1.7970779
2.6314354 -0.77256531 -1.1314601
4.2336817 -1.0240222 -1.7970386
4.2571583 -0.9215982 -1.7970369
4.2781639 -0.81864011 -1.7970353
4.2966404 -0.71520263 -1.7970339
4.3126464 -0.61135072 -1.7970326
4.3261328 -0.50714082 -1.7970314
4.3455567 -0.29790223 -1.7970293
4.3557029 0.017106934 -1.797027
4.349824 0.22716063 -1.7970259
4.3337989 0.43668944 -1.7970252
4.3076854 0.64520079 -1.7970252
4.2497754 0.95499998 -1.7970259
3.0877244 0.7725659 -1.3131599
3.5775878 2.4846971 -1.7970456
3.5166309 2.5702746 -1.7970475
3.3885741 2.7368982 -1.7970521
3.2526464 2.8971527 -1.797057
3.1091309 3.0506616 -1.7970624
2.9583983 3.1970758 -1.7970679
2.5522168 3.5298584 -1.7970834
2.3790038 3.6488578 -1.7970901
2.2002733 3.7593658 -1.7970971
2.1089551 3.811353 -1.7971008
2.0163965 3.8611259 -1.7971045
1.9226953 3.9086485 -1.7971083
1.6089941 3.9731963 -1.7685107
1.3931249 3.9822803 -1.7405844
1.1833105 3.9904199 -1.7171671
0.97843748 3.997685 -1.6979855
0.77748042 4.0041337 -1.6828198
0.67817384 4.007072 -1.6766882
0.18916991 4.0190339 -1.6599492
0.092148438 4.0213132 -1.6594905
-0.10199218 4.024158 -1.6607618
-0.19927734 4.025537 -1.6628318
-0.39482421 4.0278101 -1.6697004
-1.312373 4.0298405 -1.7485158
-1.4205371 4.0291944 -1.7625948
-1.6423047 4.0273271 -1.7943783
-1.7417675 3.9929521 -1.7972659
-1.8375878 3.9497876 -1.7972702
-1.9323339 3.90432 -1.7972746
-2.2096386 3.7543957 -1.7972875
-2.299541 3.700011 -1.7972916
-2.475332 3.5848169 -1.7972999
-2.645371 3.4612725 -1.797308
-2.7280955 3.3964605 -1.797312
-2.8092284 3.3296728 -1.797316
-3.0426757 3.1178393 -1.7973273
-3.1895115 2.9674742 -1.7973346
-4.1083007 1.4497266 -1.7973834
-4.1420898 1.3502045 -1.7973856
-4.1734571 1.2498993 -1.7973874
-4.2529197 0.94484496 -1.7973927
-4.2744823 0.84197932 -1.7973943
-4.3101268 0.63484436 -1.7973971
-4.3241796 0.53068906 -1.7973983
-4.3512597 0.21661681 -1.7974014
-4.3566403 0.0065014646 -1.7974029
-4.3555174 -0.098589472 -1.7974036
-4.3518748 -0.20362823 -1.7974039
-4.3369923 -0.41328123 -1.7974046
-4.3257713 -0.51778042 -1.7974048
-4.2957716 -0.72581142 -1.7974048
-4.2557421 -0.93214965 -1.7974043
-4.2058301 -1.1363205 -1.7974033
-4.177207 -1.2374454 -1.7974027
-4.1461329 -1.3378445 -1.797402
-4.1126561 -1.4374658 -1.7974011
-3.8125293 -2.1082234 -1.7973922
-3.1261327 -3.0342882 -1.7973683
-3.0520215 -3.1088076 -1.7973655
-2.8985155 -3.2523799 -1.7973597
-2.6557226 -3.4534402 -1.7973505
-2.4860938 -3.5774968 -1.797344
-2.2208788 -3.7478783 -1.7973336
-2.0375195 -3.8506169 -1.7973263
-1.8494238 -3.9443893 -1.7973187
-1.75375 -3.9878414 -1.7973149
-1.5593457 -4.0677695 -1.7973069
-1.4607812 -4.1041913 -1.797303
-1.0585449 -4.2258005 -1.7972864
-0.54235351 -4.3224216 -1.7972647
-0.33325195 -4.3435273 -1.7972559
-0.22837891 -4.3502913 -1.7972512
-0.12336913 -4.3545246 -1.7972468
0.086796872 -4.3553858 -1.7972376
0.40149415 -4.3376756 -1.797224
0.61023438 -4.3132401 -1.797215
0.81754881 -4.2787695 -1.7972058
0.92051756 -4.2577929 -1.7972012
1.022959 -4.2343383 -1.7971966
1.1247948 -4.2084198 -1.7971921
1.3264648 -4.1492538 -1.797183
2.1890819 -3.7660155 -1.7971433
2.5417285 -3.5375478 -1.7971269
2.6263084 -3.4751995 -1.7971227
2.7093651 -3.4108293 -1.7971188
3.0253711 -3.1338916 -1.7971035
3.1729882 -2.984323 -1.7970963
3.2440429 -2.9069085 -1.7970927
3.3132226 -2.8277996 -1.7970892
3.3804686 -2.7470553 -1.7970859
3.4457226 -2.6647072 -1.7970824
3.5090137 -2.5808127 -1.7970793
3.6864159 -2.3203063 -1.79707
3.0490429 -0.77256501 -1.2976826
4.2469139 -0.96768796 -1.7970376
4.2690234 -0.86496335 -1.7970361
4.2886229 -0.76173401 -1.7970346
4.3057618 -0.65806305 -1.7970332
4.3203712 -0.55400509 -1.797032
4.3325 -0.44962433 -1.7970308
4.3420701 -0.34498566 -1.7970297
4.3491306 -0.24014892 -1.7970288
4.3536525 -0.13516998 -1.7970281
4.3556442 -0.030109862 -1.7970272
4.3550978 0.074970089 -1.7970266
4.3520212 0.17999999 -1.7970262
4.3382716 0.38968626 -1.7970254
4.3276172 0.49422362 -1.7970252
4.2805662 0.80585873 -1.7970254
4.2367187 1.0113721 -1.797026
2.6607909 0.7725659 -1.1430904
3.8231835 2.0871203 -1.7970374
3.771709 2.1787372 -1.797039
3.718076 2.2690849 -1.7970407
3.6622558 2.3581109 -1.7970426
3.4180565 2.7000041 -1.7970511
3.2838573 2.8617241 -1.797056
3.2138672 2.9401097 -1.7970583
3.0683496 3.0916986 -1.7970637
2.756201 3.3729668 -1.7970755
2.6740429 3.4384739 -1.7970786
2.5903223 3.5019841 -1.7970818
2.4183886 3.6228545 -1.7970886
2.3303223 3.6801441 -1.7970921
2.2408886 3.7352917 -1.7970957
2.1501269 3.7882664 -1.7970991
2.0581152 3.8390379 -1.7971028
1.9649121 3.8875761 -1.7971066
1.8705761 3.9338512 -1.7971102
1.7698632 3.9659746 -1.7917562
1.6584375 3.9710155 -1.7754389
1.5488964 3.9757965 -1.7603538
1.3348144 3.984611 -1.7336999
1.2299805 3.9886706 -1.7220503
1.1264551 3.9925036 -1.7114741
1.0240821 3.9961236 -1.7019386
0.82232422 4.0027537 -1.6858855
0.72269529 4.0057745 -1.6793251
0.13573241 4.0203905 -1.6596197
0.038730469 4.0222545 -1.6595194
-0.1555371 4.0249381 -1.6617892
-0.2529785 4.026228 -1.6643584
-0.35075194 4.0273576 -1.667838
-0.54775387 4.0291228 -1.6775689
-0.74742186 4.0302382 -1.691089
-0.84851563 4.0305476 -1.6993147
-1.2643067 4.0300717 -1.7425675
-1.3717285 4.0295086 -1.7561238
-1.5918067 4.0278144 -1.7868029
-1.8899024 3.9250329 -1.7972726
-1.9840331 3.8783062 -1.797277
-2.1687889 3.7781231 -1.7972856
-2.2593067 3.7247155 -1.7972898
-2.4363379 3.6114295 -1.7972981
-2.772959 3.359926 -1.7973142
-2.8532128 3.2920599 -1.7973181
-2.9318163 3.2222862 -1.7973219
-3.0086913 3.150631 -1.7973256
-3.0838084 3.0771489 -1.7973292
-3.1571386 3.001873 -1.7973329
-3.228662 2.9248424 -1.7973363
-4.159658 1.2950628 -1.7973866
-4.1896873 1.1943512 -1.7973884
-4.2650976 0.88826478 -1.7973936
-4.2852736 0.78512573 -1.7973951
-4.3181639 0.57752502 -1.7973977
-4.3308592 0.47319517 -1.7973989
-4.3410153 0.36859131 -1.7974
-4.3486328 0.26377136 -1.797401
-4.3537598 0.15879883 -1.7974019
-4.3563085 0.053721923 -1.7974026
-4.3538184 -0.15644164 -1.7974037
-4.3412204 -0.36624113 -1.7974044
-4.3033595 -0.67920381 -1.7974048
-4.2429881 -0.98860621 -1.7974039
-4.190361 -1.1920925 -1.7974031
-4.1603808 -1.2928228 -1.7974023
-4.1279979 -1.3928018 -1.7974015
-3.158828 -3.0002239 -1.7973695
-2.9336035 -3.2207768 -1.7973611
-2.7748535 -3.3585033 -1.7973552
-2.6096191 -3.4884143 -1.7973487
-2.3505273 -3.6679614 -1.7973387
-2.1708887 -3.7770469 -1.7973317
-2.0791407 -3.8283081 -1.797328
-1.7968652 -3.9686022 -1.7973166
-1.7005956 -4.0107875 -1.7973127
-1.6033593 -4.050632 -1.7973088
-1.30625 -4.1559391 -1.7972965
-0.89974606 -4.2624183 -1.7972796
-0.7966699 -4.2828727 -1.7972753
-0.69312501 -4.3008375 -1.7972711
-0.17056641 -4.3529339 -1.7972488
-0.065507814 -4.3557725 -1.7972442
0.039570313 -4.3560753 -1.7972398
0.14463867 -4.3538413 -1.7972353
0.24961914 -4.3490753 -1.7972306
0.35446289 -4.3417768 -1.7972261
0.66748047 -4.3047485 -1.7972124
0.87430662 -4.2675233 -1.7972032
1.0791211 -4.2203684 -1.797194
1.1805956 -4.1931 -1.7971896
1.2813965 -4.1633916 -1.7971851
1.3814551 -4.131259 -1.7971804
1.579082 -4.0598063 -1.7971716
1.7730566 -3.978904 -1.7971625
1.9628906 -3.8887377 -1.7971539
2.0561132 -3.8402481 -1.7971497
2.1481445 -3.7895262 -1.7971454
2.3283985 -3.6814919 -1.7971369
2.4165332 -3.624248 -1.7971327
3.0667381 -3.0934253 -1.7971014
3.2123437 -2.9419 -1.7970942
3.4808202 -2.61869 -1.7970806
3.6030664 -2.4477596 -1.7970744
3.6610448 -2.3601317 -1.7970713
3.7169042 -2.2711322 -1.7970685
2.6554492 -0.77256531 -1.1409717
2.9159179 -0.77256501 -1.2445168
4.2361913 -1.0136672 -1.7970384
4.2594042 -0.91118741 -1.7970366
4.2801366 -0.80817932 -1.7970352
4.3141308 -0.60080075 -1.7970325
4.327363 -0.49656096 -1.7970312
4.3380661 -0.39203492 -1.7970301
4.3462696 -0.28727815 -1.7970293
4.3519435 -0.1823471 -1.7970283
4.3550487 -0.077317201 -1.7970276
4.3492579 0.23779297 -1.7970259
4.332705 0.44728759 -1.7970252
4.3206739 0.5516693 -1.7970252
4.3061032 0.6557312 -1.7970252
4.2890429 0.75941098 -1.7970252
4.2694726 0.86265624 -1.7970256
3.0559666 0.77256531 -1.3004547
3.6875975 2.3182836 -1.7970418
3.5715137 2.4934363 -1.7970457
3.5103221 2.5788684 -1.7970479
3.4471092 2.6627922 -1.79705
3.3146679 2.8259614 -1.7970548
3.1016698 3.0582561 -1.7970625
3.0269725 3.132194 -1.7970653
2.9505565 3.2043035 -1.7970681
2.872412 3.2745502 -1.7970712
2.7925975 3.3428912 -1.7970741
2.5435643 3.5360894 -1.7970837
2.4575684 3.5964208 -1.7970871
2.0995898 3.8165021 -1.7971011
2.0069628 3.8660431 -1.797105
1.708252 3.9687865 -1.7826132
1.5979004 3.9736798 -1.7669811
1.3823828 3.982713 -1.7392921
1.276914 3.9868743 -1.7271512
1.1728125 3.990808 -1.7160951
0.86733395 4.0013347 -1.6891491
0.76737303 4.0044408 -1.6821543
0.56955075 4.010087 -1.6710268
0.47149414 4.0126348 -1.6668636
0.2764746 4.0172033 -1.6612796
0.17932616 4.0192289 -1.6598449
-0.014716797 4.0227799 -1.6596704
-0.11182617 4.0243068 -1.6609303
-0.50329101 4.0287852 -1.6750572
-0.70228511 4.0300455 -1.6877149
-0.80299801 4.0304294 -1.6954968
-0.90462887 4.0306468 -1.7042737
-1.0073535 4.0306921 -1.7140719
-1.6537499 4.0272098 -1.7961226
-1.7515429 3.9886847 -1.7972662
-1.9418848 3.8995812 -1.7972751
-2.0353906 3.851615 -1.7972794
-2.1277149 3.8014057 -1.7972836
-2.3085938 3.6943779 -1.7972921
-2.3970506 3.6376257 -1.7972963
-2.5696874 3.5178003 -1.7973045
-2.6538184 3.4547911 -1.7973084
-2.736377 3.3897808 -1.7973124
-2.8173633 3.322793 -1.7973162
-3.0502734 3.1103864 -1.7973276
-3.1967676 2.9596672 -1.7973349
-3.8113573 2.1102507 -1.7973666
-4.145381 1.3400695 -1.7973857
-4.2051854 1.138584 -1.7973895
-4.2314353 1.0368164 -1.7973912
-4.2552247 0.9344458 -1.7973928
-4.2765231 0.83152097 -1.7973944
-4.295332 0.72812253 -1.7973959
-4.3116603 0.62430114 -1.7973971
-4.3367481 0.4156262 -1.7973995
-4.3455272 0.31088623 -1.7974005
-4.3554688 0.10093994 -1.7974023
-4.3552732 -0.10923553 -1.7974036
-4.3359861 -0.42388579 -1.7974046
-4.3244824 -0.52835387 -1.7974048
-4.3104782 -0.63251555 -1.7974048
-4.2534571 -0.94255584 -1.7974042
-4.2294822 -1.0448804 -1.7974038
-4.17417 -1.247658 -1.7974026
-4.1428418 -1.3479818 -1.7974019
-3.044414 -3.116261 -1.7973652
-2.8905663 -3.2594562 -1.7973595
-2.811084 -3.3282275 -1.7973565
-2.7299805 -3.3950686 -1.7973533
-2.647285 -3.4599242 -1.7973503
-2.5630565 -3.522769 -1.7973469
-2.3901563 -3.6422718 -1.7973402
-2.3016112 -3.6988647 -1.7973367
-2.2116895 -3.7533004 -1.7973332
-2.0280957 -3.8555856 -1.7973258
-1.9345019 -3.9033773 -1.7973222
-1.7439746 -3.9921196 -1.7973144
-1.5493945 -4.071568 -1.7973067
-1.4507226 -4.1077542 -1.7973025
-1.3512402 -4.1415415 -1.7972984
-0.94589841 -4.2524219 -1.7972816
-0.84304684 -4.2739902 -1.7972773
-0.73969728 -4.2930751 -1.7972729
-0.53179687 -4.3237329 -1.7972642
-0.42732421 -4.3352947 -1.7972598
-0.21773437 -4.3508353 -1.7972507
-0.0076367185 -4.3562522 -1.7972418
0.20248047 -4.3515301 -1.7972326
0.30738279 -4.3453674 -1.7972281
0.51659179 -4.3254657 -1.797219
0.62078124 -4.3117337 -1.7972145
0.82799804 -4.2767563 -1.7972053
0.93093747 -4.255527 -1.7972007
1.0333203 -4.2318244 -1.7971961
1.2362109 -4.1770401 -1.797187
1.3366015 -4.1459942 -1.7971826
1.4362011 -4.1125388 -1.797178
1.6328906 -4.0384636 -1.797169
1.729834 -3.99789 -1.7971646
1.8257519 -3.9549901 -1.7971603
1.920625 -3.9097912 -1.7971559
2.0143652 -3.8623118 -1.7971516
2.2883594 -3.7065191 -1.7971388
2.3770995 -3.6502318 -1.7971346
2.5503807 -3.531322 -1.7971264
2.6348145 -3.4687641 -1.7971224
2.7176952 -3.4041929 -1.7971183
2.7990234 -3.3376391 -1.7971145
2.878711 -3.2691374 -1.7971107
2.9567187 -3.1987438 -1.7971069
3.1075585 -3.0524087 -1.7970995
3.2511523 -2.898962 -1.7970924
3.3871582 -2.7387774 -1.7970855
3.5152831 -2.5722215 -1.797079
3.799248 -2.1305187 -1.7970641
2.5519922 -0.7725656 -1.1000499
2.7932618 -0.77256501 -1.1956688
3.0806835 -0.7725656 -1.3103392
4.2904882 -0.75124294 -1.7970344
4.3429103 -0.33436555 -1.7970297
4.3539648 -0.12452209 -1.7970278
4.3556933 -0.019450683 -1.7970271
4.3548923 0.085621946 -1.7970265
4.3457127 0.29555482 -1.7970257
4.3263965 0.50481075 -1.7970252
4.3129587 0.60902405 -1.7970251
4.2970119 0.71288145 -1.7970252
4.278574 0.81632507 -1.7970254
2.8936229 0.7725659 -1.2356284
2.6366992 0.7725659 -1.1335452
3.7125096 2.278172 -1.7970409
3.6564941 2.3670623 -1.7970428
3.5983202 2.4545836 -1.7970448
3.5380762 2.5406682 -1.7970469
3.4757519 2.6252759 -1.797049
3.3451171 2.7898631 -1.7970537
3.20666 2.947962 -1.7970587
2.8286717 3.312423 -1.7970728
2.7479296 3.3796997 -1.7970759
2.6656249 3.4450073 -1.797079
2.4095507 3.6287584 -1.7970889
2.3213477 3.6858318 -1.7970924
2.1408398 3.7935154 -1.7970996
2.0487206 3.8440642 -1.7971033
1.860957 3.938416 -1.7971107
1.7584569 3.9664996 -1.7900442
1.647246 3.9715135 -1.7738545
1.5378808 3.9762676 -1.7588906
1.3241211 3.9850335 -1.7324685
1.2194335 3.9890666 -1.7209301
1.1160253 3.9928796 -1.7104598
1.0137597 3.9964819 -1.7010292
0.91252929 3.9998748 -1.6926085
0.71264648 4.0060711 -1.6787133
0.51548827 4.0115137 -1.6686195
0.41765624 4.0139623 -1.6649618
0.32017577 4.0162382 -1.6622176
0.028867187 4.0224047 -1.659548
-0.65732419 4.0298204 -1.6845376
-0.85882813 4.0305686 -1.7002047
-1.0644238 4.0306463 -1.7199136
-1.1690723 4.0304222 -1.7313529
-1.6031543 4.0277076 -1.7884893
-1.7081835 4.007431 -1.7972642
-2.0863867 3.8242383 -1.7972817
-2.2684081 3.7191808 -1.7972902
-2.4451659 3.6054602 -1.7972986
-2.5314355 3.5454381 -1.7973027
-3.0163965 3.1432641 -1.797326
-3.0913184 3.069597 -1.7973297
-3.2358007 2.9169371 -1.7973368
-4.1306052 1.3849274 -1.7973847
-4.2448339 0.9805066 -1.7973921
-4.2672558 0.87783021 -1.7973938
-4.3046484 0.67099363 -1.7973967
-4.3195801 0.56696349 -1.7973979
-4.3492675 0.25313476 -1.7974011
-4.3541112 0.14813964 -1.7974019
-4.3564258 0.043066405 -1.7974026
-4.3534374 -0.16709106 -1.7974038
-4.3299513 -0.48145628 -1.7974048
-4.3170896 -0.58576292 -1.7974048
-4.2837987 -0.79328948 -1.7974046
-4.2634277 -0.8964026 -1.7974043
-4.1572266 -1.3029956 -1.7974023
-4.1245799 -1.4029037 -1.7974014
2.1788867 -3.4638159 -1.797142
2.2617967 -3.4102411 -1.7971382
2.502461 -3.2377429 -1.7971268
2.579834 -3.1764302 -1.797123
2.6556933 -3.1132677 -1.7971193
2.9432812 -2.8428969 -1.7971052
3.2034471 -2.5460742 -1.7970922
3.4338574 -2.2255685 -1.7970804
3.4865234 -2.1420853 -1.7970777
3.5371776 -2.0573561 -1.7970748
2.6314354 -0.77256531 -1.2044258
3.977246 -0.9619928 -1.7970492
3.9992774 -0.86577207 -1.7970477
4.0190134 -0.76905179 -1.7970463
4.0363865 -0.67187923 -1.797045
4.0513964 -0.57431698 -1.7970437
4.0640917 -0.47642151 -1.7970425
4.0743847 -0.3782492 -1.7970414
4.0878806 -0.18130095 -1.7970397
4.0910645 -0.082640991 -1.797039
4.0863376 0.21340087 -1.7970374
4.0799899 0.31190917 -1.797037
4.0467577 0.60611939 -1.7970366
4.0128126 0.80058652 -1.797037
2.5569725 0.77256531 -1.1730837
3.5701365 1.999508 -1.7970488
3.4695506 2.1693707 -1.7970521
3.4162207 2.2524335 -1.7970538
3.3608789 2.3341863 -1.7970557
3.3036132 2.4145806 -1.7970577
3.2444141 2.4935679 -1.7970598
3.1203711 2.6471539 -1.7970642
3.0556054 2.7216551 -1.7970666
2.9208007 2.8658659 -1.7970715
2.5547462 3.196527 -1.7970853
2.4769042 3.2572277 -1.7970883
2.3976171 3.3160326 -1.7970914
2.3169239 3.3729076 -1.7970946
2.2349024 3.4278228 -1.7970977
2.1515625 3.4807408 -1.7971009
1.9811718 3.5804737 -1.7971077
1.7171289 3.7143786 -1.7971183
1.535957 3.7928913 -1.7971257
1.4440527 3.8288438 -1.7971293
1.0684277 3.9501953 -1.7971449
0.97283202 3.9748247 -1.7971488
0.67504883 3.9886236 -1.7765957
0.38195312 3.9964323 -1.7631128
0.18830077 4.0007138 -1.7589413
-0.0048730467 4.0042844 -1.7585654
-0.39300781 4.0093451 -1.7692257
-0.49103513 4.0101795 -1.7743064
-0.5896191 4.0108414 -1.7803761
-0.68893552 4.0113316 -1.7874514
-0.88641602 3.9951708 -1.7972289
-0.98252928 3.9726336 -1.7972332
-1.0780761 3.9477861 -1.7972375
-1.1729981 3.9206414 -1.7972418
-1.2672266 3.8912158 -1.7972459
-1.3607227 3.8595245 -1.7972502
-1.545293 3.7894237 -1.7972586
-1.63625 3.7510533 -1.7972627
-1.8152636 3.6677868 -1.7972709
-1.9032323 3.6229405 -1.7972751
-2.1602247 3.4758551 -1.797287
-2.2434571 3.4227409 -1.7972909
-2.4059472 3.3105719 -1.7972986
-2.7137206 3.0633867 -1.7973133
-2.85833 2.928947 -1.7973205
-3.8593946 1.3618939 -1.7973732
-3.8911521 1.2684009 -1.7973752
-3.9206152 1.1741711 -1.797377
-3.9952636 0.88760132 -1.7973819
-4.0489841 0.59638184 -1.7973859
-4.0621872 0.49853638 -1.7973872
-4.0730467 0.40040404 -1.7973883
-4.0876169 0.20349243 -1.7973901
-4.0913477 0.10483093 -1.7973908
-4.0926757 0.0061077881 -1.7973914
-4.0916405 -0.092616268 -1.7973921
-4.088203 -0.19129181 -1.7973925
-4.0824122 -0.28985015 -1.7973928
-4.0742283 -0.38824096 -1.7973932
-4.0178809 -0.77898341 -1.797393
-3.8634863 -1.3503745 -1.7973897
-2.8671191 -2.9204583 -1.7973564
-2.415869 -3.3034434 -1.7973393
-2.335459 -3.3607562 -1.7973361
-2.253711 -3.4161053 -1.797333
-1.9140819 -3.6173286 -1.7973197
-1.4648827 -3.8213305 -1.7973014
-1.3722851 -3.8555453 -1.7972976
-1.2788574 -3.8875182 -1.7972938
-1.0898925 -3.9446559 -1.797286
-0.99440426 -3.9697909 -1.7972821
-0.89836913 -3.9926152 -1.7972779
-0.70474607 -4.0312772 -1.7972698
-0.50949216 -4.0605583 -1.7972616
-0.41139647 -4.0716586 -1.7972575
-0.31305665 -4.080389 -1.7972533
-0.21454102 -4.0867438 -1.7972491
-0.0171875 -4.0923138 -1.7972406
0.081533201 -4.0915308 -1.7972363
0.27875975 -4.0828171 -1.7972277
0.76801759 -4.0195603 -1.7972063
0.86475587 -3.9998553 -1.797202
0.96099609 -3.9778214 -1.7971977
1.1517187 -3.9268279 -1.7971891
2.0564649 -3.5378752 -1.7971478
2.3068945 -3.3798926 -1.7971361
2.387754 -3.3232503 -1.7971323
2.545244 -3.2042105 -1.7971246
2.6217773 -3.1418762 -1.7971209
2.7702637 -3.0117579 -1.7971138
2.8421092 -2.9440496 -1.7971102
2.9122949 -2.8746343 -1.7971067
2.9807618 -2.8035424 -1.7971034
3.1756737 -2.5806482 -1.7970936
3.2369823 -2.5032885 -1.7970905
3.3539355 -2.344249 -1.7970845
3.514668 -2.0955772 -1.7970761
3.5641992 -2.0101852 -1.7970735
2.5296581 -0.77256501 -1.1616076
4.0104394 -0.81256866 -1.7970469
4.0288572 -0.71559113 -1.7970456
4.0449414 -0.61820191 -1.7970442
4.0586815 -0.52044648 -1.797043
4.0899415 -0.12698303 -1.7970393
4.091289 0.070428468 -1.7970381
4.088408 0.16909668 -1.7970375
4.0831347 0.26766723 -1.7970371
4.0212498 0.75704467 -1.7970369
4.0018358 0.85382324 -1.7970371
3.4928515 2.1316345 -1.7970513
3.4404199 2.2152703 -1.797053
3.2712305 2.4582562 -1.7970588
3.2109959 2.5364525 -1.797061
3.0191894 2.7620103 -1.7970679
2.9516895 2.8340392 -1.7970704
2.8824804 2.904417 -1.7970729
2.664912 3.1052637 -1.7970811
2.5120506 3.2301848 -1.797087
2.4334276 3.2898443 -1.7970899
2.3533592 3.3475921 -1.797093
2.1891699 3.4572148 -1.7970995
1.9334179 3.606483 -1.7971096
1.7572558 3.6955485 -1.7971166
1.5770019 3.7760119 -1.797124
1.4854296 3.8129637 -1.7971276
0.91846675 3.9809453 -1.794239
0.6209082 3.9901855 -1.773461
0.52301759 3.9928741 -1.7685307
0.4255957 3.9953716 -1.764576
0.13511719 4.0017667 -1.75846
0.038535155 4.0035443 -1.7583205
-0.058085937 4.0051451 -1.7591269
-0.15482421 4.0065742 -1.7608824
-0.34914061 4.0089145 -1.7672607
-0.54523438 4.0105677 -1.777526
-0.84304684 4.0045409 -1.797227
-0.9394238 3.9830444 -1.7972312
-1.411875 3.8411119 -1.7972524
-1.7754004 3.6872478 -1.7972691
-2.0373926 3.5492346 -1.7972813
-2.3698926 3.3364489 -1.7972969
-2.449707 3.278322 -1.7973007
-2.5280762 3.2182813 -1.7973045
-2.6049609 3.1563694 -1.7973082
-2.6803613 3.0926135 -1.7973118
-2.826416 2.9597559 -1.7973188
-3.9076562 1.2166021 -1.7973762
-3.935869 1.1219903 -1.7973779
-3.961787 1.0267169 -1.7973796
-4.0066895 0.83444822 -1.7973828
-4.0256543 0.73755616 -1.7973841
-4.042285 0.64023805 -1.7973856
-4.0565624 0.54253417 -1.7973868
-4.0851755 0.24779174 -1.7973896
-4.0923829 0.050466917 -1.7973912
-4.0924025 -0.048261106 -1.7973918
-4.0853028 -0.24558014 -1.7973927
-4.0687208 -0.44233641 -1.7973932
-4.0568652 -0.54035217 -1.7973933
-4.0426464 -0.63805234 -1.7973933
-3.985908 -0.92870998 -1.7973925
-3.9364941 -1.1198672 -1.7973917
-3.8778906 -1.3084173 -1.7973902
-2.6067383 -3.1550274 -1.7973466
-2.4515233 -3.2770703 -1.7973406
-2.2081151 -3.44574 -1.7973312
-2.0393555 -3.5482211 -1.7973245
-1.8658398 -3.6424358 -1.7973176
-1.7774609 -3.6863756 -1.7973142
-1.5975683 -3.7678008 -1.7973068
-1.4140038 -3.8404467 -1.7972993
-1.2271093 -3.9041595 -1.7972916
-1.0373925 -3.9587829 -1.7972838
-0.65113282 -4.0402813 -1.7972676
-0.55347657 -4.0548015 -1.7972635
-0.45550781 -4.0669622 -1.7972593
-0.3572754 -4.0767593 -1.7972552
-0.1602246 -4.0892291 -1.7972467
-0.061542969 -4.0918932 -1.7972425
0.13587891 -4.0900793 -1.7972341
0.33298826 -4.0787482 -1.7972255
0.62705076 -4.0439644 -1.7972125
0.72440428 -4.0276542 -1.7972082
0.82135743 -4.008997 -1.7972039
0.91781247 -3.9880087 -1.7971997
1.01375 -3.9647 -1.7971954
1.109082 -3.939085 -1.7971911
1.2037792 -3.9111767 -1.7971869
1.2977734 -3.8809893 -1.7971826
1.483418 -3.8138647 -1.7971742
1.5749999 -3.7769647 -1.7971699
1.7553124 -3.6965878 -1.7971617
1.9315429 -3.6076121 -1.7971536
2.0180078 -3.559962 -1.7971497
2.1873436 -3.4584727 -1.7971417
2.2701268 -3.4046972 -1.7971377
2.4316895 -3.2912385 -1.7971301
2.510371 -3.2316167 -1.7971263
2.6633105 -3.1067631 -1.7971189
2.7374511 -3.0416124 -1.7971153
2.8809471 -2.9060338 -1.7971083
2.9502051 -2.8356853 -1.797105
3.0177441 -2.7636898 -1.7971015
3.1475291 -2.6149206 -1.7970949
3.2096777 -2.5382335 -1.797092
4.0013766 -0.85599178 -1.7970475
4.0208592 -0.75922424 -1.7970462
4.0528026 -0.56440794 -1.7970436
4.0753026 -0.36828765 -1.7970414
4.0899806 0.1247699 -1.7970377
4.0858006 0.22338928 -1.7970374
4.0792189 0.32188964 -1.797037
4.0589552 0.51825255 -1.7970366
4.0452733 0.61601013 -1.7970366
4.0108399 0.81040341 -1.797037
3.0559666 0.77256531 -1.3843173
2.5345604 0.7725665 -1.1636714
3.565244 2.0082293 -1.7970489
3.4642284 2.1778514 -1.7970523
3.355166 2.3423979 -1.797056
3.1770215 2.5788891 -1.7970622
3.1138768 2.654779 -1.7970644
2.6984081 3.0761902 -1.7970799
2.6234472 3.1403906 -1.7970827
2.3086815 3.3785639 -1.7970948
1.7972363 3.6762793 -1.797115
1.6178613 3.7586968 -1.7971224
1.4346875 3.8323658 -1.7971298
1.3418164 3.8658659 -1.7971336
1.2481641 3.8971128 -1.7971374
1.0587695 3.9527991 -1.7971452
0.96311522 3.9771941 -1.7971492
0.37209961 3.9966655 -1.7628098
0.08191406 4.0027685 -1.758266
-0.014648438 4.004447 -1.7586474
-0.11132812 4.0059528 -1.759976
-0.20819336 4.007287 -1.7622564
-0.50098634 4.0102558 -1.7748759
-0.59964842 4.010901 -1.7810473
-0.79923826 4.0116673 -1.7964321
-0.99223632 3.9702215 -1.7972336
-1.0877148 3.9451416 -1.7972379
-1.7353418 3.7062652 -1.7972673
-2.0843651 3.5218577 -1.7972834
-2.1687305 3.4705608 -1.7972875
-2.2518065 3.4172466 -1.7972914
-2.3335936 3.3619401 -1.7972952
-2.4140136 3.3046789 -1.797299
-2.6466796 3.1214867 -1.7973101
-2.8654785 2.921947 -1.7973208
-2.9351366 2.8519812 -1.7973242
-3.8627245 1.352456 -1.7973733
-3.8942089 1.25888 -1.7973753
-3.9234667 1.1645801 -1.7973771
-4.0351171 0.68400937 -1.7973849
-4.0633883 0.48860413 -1.7973874
-4.0822558 0.29205078 -1.7973894
-4.0881052 0.19349548 -1.7973901
-4.0915818 0.094825439 -1.7973908
-4.0926757 -0.0038977049 -1.7973917
-4.0816894 -0.29983458 -1.7973928
-4.0732713 -0.39820465 -1.7973932
-4.0624804 -0.49634185 -1.7973933
-3.973242 -0.98157501 -1.7973924
-3.9484081 -1.0771285 -1.7973919
-3.8918555 -1.266311 -1.7973906
-3.8601756 -1.3598202 -1.7973897
-2.7154295 -3.0619836 -1.7973508
-1.9920508 -3.5749929 -1.7973226
-1.9052441 -3.6219976 -1.7973192
-1.8173144 -3.6668952 -1.7973156
-1.1751465 -3.9201131 -1.7972895
-1.0802246 -3.9473088 -1.7972856
-0.88860351 -3.9948015 -1.7972777
-0.49957031 -4.0617914 -1.7972611
-0.30307618 -4.0811415 -1.7972529
-0.0071972655 -4.0923433 -1.7972401
0.091542967 -4.0913167 -1.7972358
0.19020507 -4.0879097 -1.7972316
0.28876951 -4.0821228 -1.7972273
0.87454098 -3.9977279 -1.7972015
0.97072262 -3.9754598 -1.7971972
1.255625 -3.8948336 -1.7971845
1.7151366 -3.7154019 -1.7971635
1.8923438 -3.6283376 -1.7971554
1.9793066 -3.5816286 -1.7971513
2.1497362 -3.4819851 -1.7971433
2.395869 -3.3174005 -1.7971318
2.553076 -3.1979747 -1.7971243
2.7043457 -3.0711017 -1.797117
2.9192967 -2.8675013 -1.7971064
2.9876072 -2.7962434 -1.797103
3.1819921 -2.5728705 -1.7970933
3.2431152 -2.4953656 -1.7970903
3.3596678 -2.3360336 -1.7970842
3.4150488 -2.2543099 -1.7970812
3.5197949 -2.0869761 -1.7970757
3.5690918 -2.001461 -1.7970731
2.5519922 -0.7725656 -1.1709886
3.0806737 -0.77256531 -1.3948394
3.9918749 -0.89930904 -1.7970481
4.0305958 -0.70573574 -1.7970454
4.0464354 -0.60830593 -1.797044
4.0599413 -0.51051331 -1.797043
4.0902343 -0.11697906 -1.7970392
4.0745802 0.37604734 -1.7970369
4.0643358 0.47423217 -1.7970366
4.0516992 0.57213193 -1.7970366
4.0193944 0.76687801 -1.7970369
3.9997265 0.86360836 -1.7970371
3.9777441 0.95984495 -1.7970375
2.636709 0.7725659 -1.2066455
3.5382421 2.0554204 -1.7970499
3.2652245 2.4662488 -1.7970592
3.1424804 2.6208673 -1.7970634
2.6573143 3.1117723 -1.7970815
2.5814843 3.1749694 -1.7970843
2.5041504 3.2363195 -1.7970872
2.1807032 3.4625566 -1.7970998
1.7482226 3.6998382 -1.797117
1.6584765 3.7409363 -1.7971206
1.4761425 3.8165863 -1.7971281
0.90828121 3.9812858 -1.7933874
0.51311523 3.993134 -1.7680857
0.3187207 3.9979084 -1.7613331
0.12533203 4.0019565 -1.7584029
0.028740233 4.0037131 -1.7583588
-0.067880861 4.0052977 -1.7592618
-0.16464843 4.0067081 -1.7611136
-0.26165038 4.0079479 -1.7639194
-0.35904297 4.0090156 -1.7676873
-0.45685545 4.0099101 -1.7724273
-0.55525392 4.0106311 -1.7781509
-1.0448925 3.9566944 -1.797236
-1.1400293 3.9303472 -1.7972403
-1.513418 3.8022563 -1.7972572
-1.7844043 3.6828923 -1.7972696
-1.9599804 3.5925567 -1.7972777
-2.0460644 3.5442412 -1.7972816
-2.1309862 3.4938629 -1.7972856
-2.2146485 3.4414513 -1.7972895
-2.5359473 3.2120886 -1.7973047
-2.6126854 3.1499901 -1.7973084
-2.7615819 3.0203235 -1.7973158
-2.8336327 2.9528344 -1.7973193
-3.8803418 1.3010199 -1.7973744
-3.9106054 1.2070404 -1.7973764
-3.9385741 1.1123505 -1.7973781
-3.9642773 1.0170227 -1.7973799
-3.9876659 0.92110288 -1.7973814
-4.0087204 0.824646 -1.797383
-4.0438476 0.63034058 -1.7973856
-4.0578809 0.53261292 -1.7973868
-4.0857716 0.23779723 -1.7973897
-4.0924802 0.040455323 -1.7973913
-4.0922751 -0.058269959 -1.7973919
-4.0846972 -0.25557068 -1.7973927
-4.0773339 -0.35403624 -1.797393
-4.0555372 -0.55027252 -1.7973933
-4.0242577 -0.74522704 -1.7973932
-3.8746777 -1.3179061 -1.7973901
2.1301856 -3.2117889 -1.7971426
2.2070117 -3.1594629 -1.7971389
2.4297071 -2.9915843 -1.7971282
2.5011425 -2.9320974 -1.7971249
2.5711522 -2.8709085 -1.7971215
2.7066112 -2.7435522 -1.7971148
2.7719922 -2.6774621 -1.7971116
2.9583397 -2.4699945 -1.7971023
3.0739942 -2.3244338 -1.7970965
3.2340233 -2.0960584 -1.7970881
3.2836425 -2.0174358 -1.7970855
2.6314256 -0.7725656 -1.2788486
2.887373 -0.7725656 -1.3937702
3.8014941 -0.63278258 -1.7970549
3.8447752 -0.26357362 -1.7970507
3.852998 -0.077831723 -1.7970492
3.8425877 0.29375914 -1.7970474
3.8343749 0.38636473 -1.7970473
3.8239355 0.47874632 -1.7970471
3.8112695 0.57084715 -1.7970471
3.7963867 0.66261655 -1.7970471
3.7600391 0.84494567 -1.7970475
3.0877244 0.7725659 -1.4842172
3.2174218 2.1213617 -1.7970632
3.1113672 2.2740729 -1.7970669
3.0556152 2.3484674 -1.797069
2.8778026 2.5632813 -1.7970752
2.8151367 2.6319568 -1.7970774
2.7508202 2.6991014 -1.7970799
2.6849315 2.7646728 -1.7970823
2.6174805 2.8286383 -1.7970848
2.5484569 2.8909607 -1.7970873
2.3327637 3.0676854 -1.7970957
2.2580957 3.1230652 -1.7970985
2.1048534 3.2283506 -1.7971045
2.0263574 3.2781878 -1.7971077
1.7840332 3.4161522 -1.7971172
1.5323242 3.5362329 -1.7971274
1.3599902 3.6060307 -1.7971344
1.2726074 3.6377971 -1.7971379
1.1844921 3.6674445 -1.7971416
1.00625 3.7203186 -1.7971488
0.82565427 3.7645366 -1.7971565
0.643125 3.7999933 -1.7971641
0.27402344 3.8443115 -1.7971797
0.18120117 3.8498106 -1.7971838
0.088291012 3.8530719 -1.7971878
-0.0046679685 3.8540869 -1.7971917
-0.097646482 3.8528612 -1.7971957
-0.19056641 3.8493962 -1.7971998
-0.28335938 3.8436852 -1.7972038
-0.46842772 3.8255632 -1.7972119
-0.56055665 3.8131609 -1.7972159
-0.74382812 3.7817016 -1.797224
-0.8348242 3.762666 -1.7972281
-0.92535156 3.7414415 -1.7972322
-1.015332 3.7180407 -1.7972361
-1.1934668 3.6647594 -1.7972442
-1.5410254 3.5327525 -1.7972599
-1.6257812 3.4945581 -1.7972639
-1.7096386 3.4543304 -1.7972677
-1.7924511 3.4120953 -1.7972715
-1.8742383 3.3678699 -1.7972753
-1.9549512 3.3216839 -1.7972791
-2.0345018 3.2735674 -1.7972828
-2.265918 3.1179008 -1.7972938
-2.4854393 2.9459081 -1.7973044
-2.5557811 2.8851018 -1.7973077
-3.6347754 1.2826306 -1.797364
-3.6646678 1.1945789 -1.7973658
-3.7414551 0.92646116 -1.7973707
-3.7627342 0.83594239 -1.7973722
-3.7818065 0.74493343 -1.7973737
-3.8257713 0.46952209 -1.7973771
-3.8359764 0.3770996 -1.7973782
-3.8439648 0.28445494 -1.7973791
-3.8497167 0.19165039 -1.7973799
-3.8532226 0.098731078 -1.7973807
-3.8544824 0.0057525635 -1.7973813
-3.8534961 -0.08722534 -1.7973818
-3.8502734 -0.18015808 -1.7973821
-3.8371093 -0.36564514 -1.7973828
-3.8271582 -0.45810059 -1.797383
-3.81499 -0.55028594 -1.797383
-3.8006248 -0.64215267 -1.7973828
-3.7442479 -0.91529572 -1.797382
-3.7210643 -1.0053478 -1.7973815
-3.6957421 -1.094816 -1.797381
-3.638623 -1.2717828 -1.7973797
-2.700254 -2.7504888 -1.7973481
-2.6331153 -2.8148162 -1.7973456
-2.5644336 -2.8775139 -1.7973431
-2.4942675 -2.9385326 -1.7973405
-2.3496583 -3.0554039 -1.7973349
-1.9649023 -3.3159077 -1.7973199
-1.7199805 -3.4492919 -1.7973101
-1.5516015 -3.5282207 -1.7973034
-1.292412 -3.6311593 -1.7972927
-1.2044531 -3.6612735 -1.7972893
-0.93654293 -3.7387578 -1.797278
-0.75511718 -3.779562 -1.7972704
-0.66373044 -3.7966683 -1.7972666
-0.57196289 -3.8115699 -1.7972628
-0.38747069 -3.8347027 -1.797255
-0.29483399 -3.8429229 -1.7972511
-0.10916016 -3.8526542 -1.7972431
0.35523435 -3.8377545 -1.797223
0.44768554 -3.8280602 -1.7972189
0.5399121 -3.8161387 -1.797215
0.63180661 -3.8019958 -1.7972108
0.72332031 -3.7856419 -1.7972069
0.81443357 -3.7670856 -1.7972027
0.995166 -3.723402 -1.7971946
1.1735742 -3.6710587 -1.7971867
1.2617773 -3.6416738 -1.7971827
1.5218066 -3.5408771 -1.7971709
1.9368066 -3.3319952 -1.7971516
2.0166113 -3.2842991 -1.797148
2.0952442 -3.234695 -1.7971443
2.1726367 -3.1832025 -1.7971406
2.2488086 -3.1298614 -1.7971369
2.3236425 -3.0747004 -1.7971334
2.397119 -3.0177486 -1.79713
2.5398729 -2.8986113 -1.7971231
2.7428124 -2.7073534 -1.7971132
2.8073242 -2.6403987 -1.79711
3.1046093 -2.283392 -1.7970948
3.211123 -2.1309903 -1.7970893
3.3101463 -1.9736334 -1.7970842
3.0490429 -0.77256501 -1.4667233
3.8095703 -0.58222902 -1.7970541
3.8332129 -0.39780852 -1.7970519
3.8416796 -0.30522978 -1.7970511
3.8519433 -0.11959472 -1.7970495
3.8537011 -0.026639404 -1.7970489
3.850498 0.15925659 -1.7970479
3.8455174 0.25209105 -1.7970475
3.8288963 0.43726867 -1.7970471
3.8172264 0.52950501 -1.7970471
3.8033593 0.62142885 -1.7970471
3.7872558 0.7129907 -1.7970473
2.9222949 0.77256531 -1.4095018
3.2402246 2.0863628 -1.7970625
3.0808983 2.3152082 -1.797068
3.0241406 2.3888543 -1.79707
2.9054198 2.5319359 -1.7970742
2.5098436 2.9245636 -1.7970889
2.3658788 3.0422161 -1.7970943
2.2918067 3.098402 -1.7970973
1.9826269 3.3048236 -1.7971094
1.8209472 3.3966093 -1.7971158
1.7384765 3.4395549 -1.7971191
1.6550097 3.4804974 -1.7971225
1.5705664 3.5194116 -1.7971258
1.3990332 3.5910771 -1.7971327
1.3119922 3.623786 -1.7971363
1.2241992 3.6543877 -1.7971399
1.0465137 3.7091899 -1.7971472
0.77557617 3.7751787 -1.7971585
0.59259766 3.8082061 -1.7971662
0.50057614 3.8214002 -1.79717
0.40822265 3.8323729 -1.797174
0.31567383 3.8411119 -1.797178
-0.05586914 3.8536894 -1.7971939
-0.70278317 3.7895384 -1.7972223
-0.88472652 3.7512486 -1.7972304
-0.9749707 3.7288256 -1.7972343
-1.0646484 3.7042315 -1.7972385
-1.2420605 3.6485851 -1.7972463
-1.4166015 3.5844524 -1.7972543
-1.5878222 3.5119739 -1.7972621
-1.6720898 3.4726591 -1.797266
-1.7553711 3.4313159 -1.7972698
-1.998916 3.2954259 -1.7972811
-2.1555371 3.1951983 -1.7972884
-2.3809373 3.0309825 -1.7972993
-2.4533594 2.9726732 -1.7973027
-2.5243847 2.9126306 -1.7973062
-2.6619141 2.7874999 -1.7973129
-3.6802146 1.1457946 -1.7973667
-3.7067871 1.0566894 -1.7973684
-3.8070214 0.60297424 -1.7973756
-3.8316894 0.41865721 -1.7973777
-3.8406541 0.32610717 -1.7973787
-3.8474023 0.23336975 -1.7973796
-3.8541796 0.047529906 -1.7973809
-3.8520019 -0.13841064 -1.797382
-3.8475487 -0.23128662 -1.7973824
-3.8408399 -0.32403046 -1.7973826
-3.8207519 -0.50890321 -1.797383
-3.791748 -0.69258392 -1.7973828
-3.7317479 -0.96495575 -1.7973819
-3.7073729 -1.0546912 -1.7973813
-3.6808691 -1.1438104 -1.7973808
-3.6522069 -1.2322671 -1.79738
-2.6634862 -2.7861125 -1.7973467
-2.5954981 -2.8495507 -1.7973443
-2.525996 -2.9113274 -1.7973416
-2.455039 -2.9714074 -1.797339
-2.3826365 -3.0297563 -1.7973362
-2.3088379 -3.0863461 -1.7973334
-2.2337205 -3.1411388 -1.7973304
-2.0796289 -3.2452013 -1.7973245
-1.8395019 -3.387068 -1.7973149
-1.7572558 -3.4304497 -1.7973117
-1.6740038 -3.4718328 -1.7973083
-1.5897558 -3.5111969 -1.797305
-1.4185644 -3.5837724 -1.797298
-1.3316895 -3.6169422 -1.7972944
-1.2440624 -3.648006 -1.7972908
-1.1557226 -3.6769433 -1.7972872
-0.97701168 -3.7283924 -1.7972798
-0.61322266 -3.8051496 -1.7972646
-0.52125973 -3.818826 -1.7972608
-0.42901367 -3.8302794 -1.7972567
-0.3364746 -3.8395042 -1.7972528
-0.24377929 -3.846494 -1.7972488
0.035009764 -3.8540301 -1.7972369
0.12796874 -3.8520536 -1.797233
0.2208496 -3.8478396 -1.7972288
0.31361327 -3.8413827 -1.7972249
0.49852538 -3.8217704 -1.7972168
0.77355468 -3.7756915 -1.7972045
1.0445312 -3.7098489 -1.7971925
1.2222558 -3.6551366 -1.7971845
1.3100488 -3.6245837 -1.7971804
1.3970996 -3.5919218 -1.7971765
1.5687207 -3.520345 -1.7971687
1.6531738 -3.4814696 -1.7971649
1.9005663 -3.3527977 -1.7971532
2.0600488 -3.2572148 -1.797146
2.1380174 -3.2065685 -1.7971421
2.2901952 -3.0997112 -1.797135
2.3642774 -3.0435593 -1.7971314
2.4370117 -2.985631 -1.797128
2.6464942 -2.8015835 -1.7971178
2.7133007 -2.7369285 -1.7971145
2.7785351 -2.6706727 -1.7971113
2.9040918 -2.533546 -1.7971051
2.9643555 -2.4627528 -1.797102
3.0796678 -2.3169053 -1.7970963
3.1346776 -2.2419436 -1.7970933
3.1878319 -2.1656747 -1.7970905
3.2391405 -2.0881436 -1.797088
2.6554492 -0.77256501 -1.2895999
2.9159179 -0.77256531 -1.4066319
3.85041 -0.16133362 -1.7970499
3.8537109 0.024558716 -1.7970486
3.8480566 0.21039063 -1.7970477
3.8334277 0.39574158 -1.7970473
3.8227735 0.48809448 -1.7970471
3.8098729 0.58016419 -1.7970471
3.7947557 0.67189634 -1.7970471
3.7579393 0.85414124 -1.7970477
3.0559764 0.77256531 -1.4698563
3.3577635 1.891369 -1.7970586
3.0498536 2.3559308 -1.7970691
2.9921386 2.4288225 -1.797071
2.9326756 2.5002947 -1.7970731
2.7442186 2.7058184 -1.79708
2.678164 2.7712336 -1.7970824
2.6105468 2.8350322 -1.797085
2.5413964 2.8971825 -1.7970877
2.250459 3.1285803 -1.7970988
2.0969434 3.2334874 -1.7971047
1.8576465 3.3766718 -1.7971143
1.7756737 3.4205046 -1.7971176
1.6926367 3.4623485 -1.7971209
1.6086328 3.5021758 -1.7971243
1.2637109 3.6408985 -1.7971383
1.1755567 3.6703277 -1.797142
0.9070605 3.7457476 -1.797153
0.81645507 3.7665448 -1.7971568
0.72535157 3.7851524 -1.7971606
0.54194337 3.8157482 -1.7971684
0.44975585 3.8277185 -1.7971722
0.26462889 3.84497 -1.7971802
0.17178711 3.8502429 -1.7971841
-0.014101562 3.8540649 -1.7971922
-0.47776365 3.8244066 -1.7972124
-0.56990236 3.8117785 -1.7972163
-0.66165036 3.796931 -1.7972205
-0.75307614 3.7798729 -1.7972244
-0.84403318 3.760617 -1.7972285
-1.0244238 3.7155492 -1.7972366
-1.1137598 3.6897626 -1.7972406
-1.2904394 3.6317699 -1.7972485
-1.3776464 3.5995941 -1.7972524
-1.4640722 3.5653229 -1.7972565
-1.7180761 3.4501414 -1.797268
-1.8008105 3.4077013 -1.797272
-1.8824804 3.3632793 -1.7972757
-2.197793 3.1662836 -1.7972904
-2.347959 3.0566101 -1.7972976
-2.5628417 2.8788426 -1.797308
-2.6315429 2.8161907 -1.7973113
-3.6675878 1.185614 -1.797366
-3.7204978 1.0073493 -1.7973694
-3.7647557 0.82674134 -1.7973723
-3.7836132 0.73568112 -1.7973738
-3.8002539 0.64420044 -1.797375
-3.8146875 0.55234373 -1.7973762
-3.8501756 0.18223388 -1.79738
-3.8534472 0.089306638 -1.7973807
-3.844121 -0.28238493 -1.7973825
-3.826035 -0.46745574 -1.797383
-3.8136523 -0.55961031 -1.797383
-3.7990429 -0.65144742 -1.7973828
-3.7632129 -0.83391505 -1.7973824
-3.6653514 -1.1926101 -1.7973803
-3.635498 -1.2806772 -1.7973796
-2.6262109 -2.8212512 -1.7973454
-2.4870899 -2.944622 -1.7973402
-2.4153223 -3.003758 -1.7973374
-2.267627 -3.1167409 -1.7973318
-2.1917968 -3.1705279 -1.7973287
-2.1146874 -3.222472 -1.7973258
-2.0363281 -3.2725427 -1.7973226
-1.9567773 -3.3207037 -1.7973197
-1.876123 -3.3669345 -1.7973164
-1.6277245 -3.4937639 -1.7973065
-1.5429883 -3.5320032 -1.797303
-1.2835253 -3.6343091 -1.7972925
-1.1954882 -3.664207 -1.7972888
-1.0173633 -3.7175853 -1.7972815
-0.92740232 -3.741035 -1.7972778
-0.83688474 -3.7623138 -1.797274
-0.74588865 -3.7813964 -1.7972702
-0.4704785 -3.8254082 -1.7972586
-0.19265625 -3.8493915 -1.7972467
0.086220704 -3.8532188 -1.7972347
0.27194336 -3.8445587 -1.7972267
0.45706055 -3.8269546 -1.7972186
0.54923826 -3.8148053 -1.7972145
0.7325781 -3.7838593 -1.7972064
0.82364255 -3.7650793 -1.7972022
0.9142285 -3.7441075 -1.7971983
1.0042871 -3.7209563 -1.7971944
1.4446973 -3.5730376 -1.7971743
1.5304785 -3.5371428 -1.7971704
1.6992577 -3.459197 -1.7971628
1.7822266 -3.4171927 -1.7971587
1.9449512 -3.3272467 -1.7971513
2.2564745 -3.1243527 -1.7971367
2.331162 -3.0690081 -1.797133
2.4045117 -3.0118773 -1.7971295
2.683496 -2.7661731 -1.797116
2.7494335 -2.7006361 -1.7971127
2.9375 -2.4947383 -1.7971034
2.9968164 -2.4231505 -1.7971003
3.0543945 -2.3501556 -1.7970974
3.1101952 -2.2757909 -1.7970947
3.2163184 -2.1231284 -1.7970891
3.3149707 -1.965531 -1.7970839
3.3614061 -1.8849936 -1.7970815
2.5519824 -0.77256531 -1.2433453
3.0806737 -0.7725656 -1.4810282
3.8109863 -0.57290739 -1.7970541
3.8236914 -0.48080596 -1.7970529
3.8484275 -0.2030606 -1.7970501
3.8522265 -0.11017334 -1.7970494
3.8537695 -0.017210083 -1.7970488
3.8530567 0.075754389 -1.7970483
3.8501074 0.16867432 -1.7970479
3.8449023 0.26149657 -1.7970475
3.8374999 0.35416564 -1.7970473
3.8278027 0.44663695 -1.7970471
3.801826 0.63072938 -1.7970471
3.7855077 0.72225219 -1.7970473
3.7669823 0.81335509 -1.7970475
3.7462792 0.9039923 -1.7970479
2.8936229 0.7725659 -1.3965853
2.6366992 0.77256531 -1.2812058
3.0183008 2.3962426 -1.7970701
2.8371191 2.6082349 -1.7970767
2.6411133 2.806566 -1.797084
2.5726366 2.8694682 -1.7970865
2.4312694 2.9902124 -1.797092
2.3584278 3.0479956 -1.7970947
2.2842383 3.1039989 -1.7970976
2.2086816 3.1582067 -1.7971005
2.1318653 3.2105675 -1.7971034
1.8941504 3.3563347 -1.7971128
1.812627 3.4010589 -1.797116
1.7300586 3.4437993 -1.7971194
1.3902246 3.5944903 -1.7971331
1.2152344 3.6573706 -1.7971404
1.1266894 3.6856244 -1.7971439
0.85722655 3.7574713 -1.7971551
0.76633787 3.7770653 -1.797159
0.58329099 3.8096435 -1.7971666
0.39884764 3.833358 -1.7971745
0.30628905 3.8418744 -1.7971783
0.21352538 3.8481493 -1.7971823
0.120625 3.8521924 -1.7971864
-0.065312497 3.8535435 -1.7971944
-0.34378904 3.8387578 -1.7972064
-0.52853513 3.8177257 -1.7972145
-0.80321288 3.7695415 -1.7972267
-0.89391601 3.7490747 -1.7972308
-0.98409176 3.7264299 -1.7972348
-1.1626757 3.6746478 -1.7972426
-1.3385448 3.6143095 -1.7972507
-1.5113086 3.5455589 -1.7972586
-1.6805567 3.4685583 -1.7972664
-1.9270117 3.3379741 -1.7972778
-2.006953 3.290529 -1.7972815
-2.085752 3.2411668 -1.7972853
-2.1633399 3.1899133 -1.7972889
-2.2396581 3.1368096 -1.7972925
-2.3146875 3.0818768 -1.797296
-2.3883495 3.0251508 -1.7972996
-2.4606445 2.9666662 -1.7973031
-2.5314941 2.9064476 -1.7973065
-2.6008594 2.8445427 -1.7973099
-3.6545117 1.2252978 -1.7973652
-3.6830175 1.1367908 -1.7973669
-3.7093749 1.0476123 -1.7973685
-3.7754004 0.77665097 -1.7973732
-3.8084764 0.59365416 -1.7973756
-3.8326855 0.40928465 -1.7973779
-3.8414452 0.31671265 -1.7973788
-3.8542869 0.038102414 -1.7973809
-3.8516502 -0.14783111 -1.797382
-3.8400292 -0.33343169 -1.7973826
-3.8308885 -0.42596251 -1.7973828
-3.7720213 -0.79308134 -1.7973825
-3.7293749 -0.9740808 -1.7973818
