# .PCD v0.7 - Point Cloud Data file format
VERSION 0.7
FIELDS x y z
SIZE 4 4 4
TYPE F F F
COUNT 1 1 1
WIDTH 14184
HEIGHT 1
VIEWPOINT 0 0 0 1 0 0 0
POINTS 14184
DATA ascii
-21.784882 -9.0454426 6.3204284
-21.850155 -9.6967707 6.4053736
-20.696405 -9.7888231 6.1345983
-20.656719 -10.386881 6.1952939
-15.68623 -24.243889 7.7372971
-5.3395896 -10.311699 3.1114693
-4.3545508 -8.9305067 2.6622353
-4.3118162 -9.412549 2.7741208
-3.2500584 -10.182069 2.8638909
-3.1164844 -10.643237 2.9715915
-2.2962499 -10.642888 2.9173737
-2.2070899 -11.577418 3.158026
-3.9549022 -23.860409 6.4806128
-3.3668554 -23.867241 6.4585276
-2.7823827 -23.874027 6.4403234
-2.201035 -23.882429 6.4263973
-0.46726561 -23.902178 6.4057899
0.1093164 -23.908735 6.4063926
0.68662107 -23.925381 6.4134226
1.8424023 -23.902529 6.4236622
2.4262891 -23.929888 6.444869
3.0347264 -24.119013 6.5136251
1.4013085 28.095722 7.5375829
-1.8662109 26.330271 7.0728722
-2.6461132 27.806635 7.4844222
-21.836288 -8.75245 6.303524
-20.655527 -10.068866 6.157197
-5.2665429 -9.8703918 2.997694
-4.3280468 -9.148097 2.7117169
-4.4962111 -10.128433 2.9692984
-4.2821679 -10.309793 2.9913106
-3.7398241 -10.392474 2.9594717
-3.4611132 -10.39849 2.9365549
-2.4996874 -9.8323183 2.7183676
-2.1615624 -10.624086 2.9050384
-1.3394922 -23.892248 6.4119592
0.96873045 -23.925219 6.4159937
1.5461328 -23.905468 6.4188318
2.1270702 -23.915867 6.4335289
2.7215624 -24.019857 6.4772849
4.0623827 -25.003954 6.7876391
1.748125 28.079304 7.5383911
1.0508202 27.598383 7.4003243
0.39128906 28.07048 7.5221958
-0.28457031 27.952291 7.4901829
-0.96828121 28.220139 7.5660129
-1.5888281 27.166941 7.2917943
-2.270957 27.452227 7.3809276
-3.0000196 28.021606 7.5512781
-5.6942382 27.645956 7.5632091
-6.4945312 28.085426 7.7240539
-20.611113 -9.7342615 6.1076818
-5.3422852 -9.7215548 2.9722874
-5.3452539 -10.308406 3.1113839
-4.3541598 -8.9169741 2.6589301
-4.3939452 -10.221051 2.9810686
-3.2607031 -10.195604 2.8682146
-3.123086 -10.643458 2.9721446
-2.3027148 -10.6438 2.9179788
-2.2135742 -11.575955 3.1579666
-3.9687109 -23.86025 6.481174
-2.795996 -23.873869 6.4407043
-2.2145898 -23.882273 6.4266891
-1.0575196 -23.895458 6.4090319
-0.48072264 -23.902023 6.4058228
1.2507226 -23.917685 6.4174829
3.5200391 5.3608685 1.7184173
2.1183398 28.37479 7.6241636
1.4171679 28.094961 7.5375953
0.73939449 28.12833 7.5395689
-1.8476562 26.278898 7.0587878
-2.6293359 27.796457 7.4812851
-22.029863 -9.4382029 6.4218187
-21.554316 -9.8562546 6.350647
-19.960995 -10.319088 6.0209603
-15.308417 -24.252016 7.6846175
-5.4168162 -9.5752859 2.9477823
-5.2700391 -9.8635387 2.9965148
-4.3287888 -9.1363277 2.7089498
-4.2890038 -10.309899 2.9920425
-3.0450194 -9.9225149 2.7811074
-2.9861329 -10.638969 2.960865
-3.6809375 -23.863596 6.4698544
-3.0946679 -23.870401 6.4495859
-2.5116992 -23.877167 6.4331689
-1.3530078 -23.892094 6.4121203
-0.77578121 -23.898666 6.407002
0.37755859 -23.911787 6.4079418
0.95523435 -23.925226 6.4158521
1.5326366 -23.906027 6.4187512
3.3340428 -24.295063 6.5708508
4.0443749 -24.982405 6.7811694
3.6412694 5.1278925 1.6851895
-1.5728515 27.157324 7.2889767
-2.9829102 28.011204 7.5480161
-5.6797462 27.654751 7.5647373
-6.4980273 28.172888 7.747097
-21.799492 -9.6448555 6.3873239
-20.526464 -9.6801538 6.080986
-20.68955 -10.374166 6.2016282
-15.724628 -24.243233 7.7427464
-5.3509178 -10.305107 3.1112993
-4.3537693 -8.9034357 2.6556246
-4.3133202 -9.3878098 2.7682602
-3.9772265 -9.8872032 2.8555794
-3.4325585 -9.8851538 2.8038645
-3.2713671 -10.209163 2.8725455
-3.1296484 -10.643682 2.9727004
-2.892539 -10.792476 2.9938977
-2.3283985 -9.6085911 2.6491277
-2.3091795 -10.644711 2.9185834
-2.2200584 -11.574492 3.1579099
-3.9824803 -23.86009 6.4817395
-3.3942187 -23.866922 6.4594727
-2.8095703 -23.873713 6.4410925
-2.228164 -23.882118 6.426981
-1.0710156 -23.895304 6.4091549
0.65958983 -23.925398 6.4132223
1.8151758 -23.901255 6.4227657
2.3989258 -23.928606 6.443789
4.4681053 -25.67881 6.9839978
3.5685937 5.153007 1.6795166
-21.765682 -9.0374746 5.7493262
-21.655897 -9.6105633 5.77988
-20.914003 -10.516254 5.7107248
-16.18252 -23.73563 7.0080833
-15.36377 -23.745529 6.8995762
-14.556347 -23.733494 6.7920737
-5.4507813 -9.388072 2.6482852
-5.1574411 -9.9599886 2.736196
-4.2725 -9.326725 2.5026505
-4.3157811 -10.054802 2.6693041
-4.1070118 -10.243169 2.6922262
-3.1852539 -10.878032 2.7651532
-2.2000585 -11.540429 2.8660202
-2.7824805 -23.874853 5.8637571
-2.2011132 -23.883171 5.8510556
-1.044082 -23.896355 5.8351417
-0.46726561 -23.90292 5.8322935
1.2642187 -23.917131 5.8427939
1.8424023 -23.902527 5.8483801
3.0347264 -24.118998 5.9302855
3.6947656 -24.565912 6.0603232
3.5235741 5.3729324 1.567463
0.044570312 27.897404 6.8056555
-0.62650388 27.814369 6.7871118
-6.1872263 25.328493 6.3606372
-21.81744 -8.7448788 5.7340503
-21.716366 -9.3183565 5.7648888
-21.065332 -10.268643 5.7170081
-20.28043 -10.498712 5.571095
-19.940781 -11.574792 5.6247387
-11.759316 -9.7998152 3.7342982
-16.61162 -23.730444 7.0665526
-14.973027 -23.750256 6.8492308
-14.177324 -23.738373 6.7452173
-5.3808203 -9.5241146 2.6685991
-5.1994529 -10.33742 2.8228655
-4.2646093 -9.6066856 2.5641177
-3.7756834 -10.492056 2.7202511
-3.3703125 -10.125726 2.6034381
-2.9866211 -10.663771 2.7015581
-2.0649414 -11.570954 2.8673625
-3.6673632 -23.864582 5.8901744
-3.0811131 -23.871386 5.8717957
-2.4981835 -23.878149 5.8569322
-1.9179882 -23.886398 5.8459044
-0.7623437 -23.899563 5.8333249
-0.18570311 -23.906122 5.8321362
0.39101562 -23.91268 5.834342
0.96873045 -23.925222 5.8414035
1.5461328 -23.905474 5.8439889
2.1270506 -23.915863 5.857367
3.3495898 -24.306704 5.9857211
3.6374609 5.1286125 1.5338726
1.0751171 28.236364 6.8933301
0.3886328 27.879484 6.8019357
-2.2592773 27.311167 6.6853881
-2.9696093 27.737524 6.8053136
-4.6277733 25.575314 6.3404822
-5.6193357 27.282288 6.7952976
-6.7340426 26.223091 6.6047583
-21.226231 -10.024772 5.7266541
-20.978497 -10.533866 5.7267075
-19.855078 -10.576858 5.4880857
-5.4541016 -9.3816147 2.6473293
-5.1609764 -9.9530678 2.7350945
-4.9175978 -10.070859 2.7340667
-4.272871 -9.3136663 2.4997921
-4.3206248 -10.050452 2.6687944
-2.6760156 -10.007099 2.5270381
-2.5725195 -10.642188 2.6709647
-2.7960937 -23.874695 5.8641014
-2.214668 -23.883017 5.8513217
0.67310548 -23.925388 5.8389721
1.8288085 -23.90189 5.847971
3.0203514 -24.114443 5.9287438
3.678828 -24.553932 6.0568528
4.4898047 -25.717607 6.3687682
3.51875 5.3589215 1.5639547
0.75679684 28.789864 7.0257907
0.060351562 27.896572 6.80546
-0.61085933 27.817085 6.7876854
-4.3741407 26.001038 6.4321518
-6.171699 25.326845 6.3593516
-21.819805 -8.7315645 5.7333789
-20.305273 -10.497072 5.5762939
-19.522148 -10.696533 5.4305139
-16.631367 -23.730204 7.0692663
-14.195352 -23.738142 6.7474232
-5.3841796 -9.5175695 2.6676123
-5.2050781 -10.334141 2.8227684
-4.2649999 -9.5929823 2.5611017
-4.219121 -10.141848 2.6796842
-3.2125194 -10.468359 2.6713302
-2.9932032 -10.664133 2.7020767
-2.4387109 -10.635519 2.6618962
-2.0714061 -11.569492 2.8672881
-3.6810937 -23.864424 5.8906455
-3.0947657 -23.871227 5.8721871
-2.5117967 -23.877993 5.8572412
-1.3530469 -23.892836 5.8380589
-0.19919921 -23.90597 5.8321276
2.1133983 -23.915226 5.8569202
2.7074022 -24.015348 5.8957214
3.3340235 -24.295013 5.982379
3.6409373 5.127409 1.5341263
3.5139062 5.2102542 1.5331067
0.40433592 27.878674 6.8017893
-0.26804686 27.876692 6.8009105
-1.5574609 26.891474 6.5712399
-2.9526758 27.727346 6.8024073
-4.6163669 25.594509 6.3445983
-6.4974217 25.361105 6.3867221
-21.67289 -9.588851 5.781527
-21.233612 -10.013638 5.7271214
-19.92293 -10.598589 5.505188
-16.221405 -23.735161 7.0133433
-5.4574218 -9.3751574 2.6463768
-4.273242 -9.300621 2.4969378
-4.3254685 -10.046104 2.668287
-3.6402147 -10.483209 2.7072039
-2.2129686 -11.537512 2.8659134
-3.9826171 -23.86092 5.9014597
-1.6488086 -23.889467 5.8417587
-1.0710547 -23.896048 5.8353577
-0.49417967 -23.902613 5.8323507
0.082402341 -23.909172 5.8327394
0.65960938 -23.925394 5.8388844
1.237246 -23.918247 5.8427234
3.0059373 -24.109882 5.927207
3.5682616 5.1525235 1.5289618
3.5139258 5.345026 1.5604757
-21.97455 -9.7519903 5.2943311
-20.962578 -9.914712 5.1066518
-20.99543 -10.55719 5.1751914
-20.484745 -10.927114 5.1128025
-20.154335 -11.383528 5.0973845
-17.027578 -23.724907 6.4310179
-16.182188 -23.735134 6.3261328
-15.363437 -23.745041 6.2281871
-5.1261325 -9.8994503 2.454978
-4.184453 -9.1345062 2.2126083
-4.1640038 -9.7012005 2.3248684
-4.0397263 -10.075337 2.3904784
-3.9817772 -10.668759 2.5077548
-3.4807422 -10.060514 2.3443656
-2.6445704 -9.9119711 2.2591567
-3.9551756 -23.862061 5.326561
-2.782578 -23.875666 5.2934494
-2.201211 -23.883905 5.2819662
-1.6218554 -23.890511 5.2732396
-0.46728516 -23.903654 5.265028
0.68662107 -23.925379 5.2709775
3.6947851 -24.565878 5.4707055
3.5223241 5.3709879 1.4144518
0.73839843 28.706642 6.3238182
-3.9168749 27.181902 6.0477819
-4.491797 26.608839 5.9426622
-4.5329685 23.39959 5.2488074
-6.1747265 22.869873 5.2166929
-8.0716791 23.107422 5.390193
-8.7366018 23.198139 5.4589267
-10.125527 23.39805 5.614459
-14.329042 20.883427 5.577384
-14.151543 19.594465 5.3227587
-14.477949 19.060503 5.2710533
-19.411367 -10.650083 4.875864
-19.916386 -11.560632 5.0712967
-11.758457 -9.7990894 3.3707376
-15.77918 -23.740009 6.2774644
-14.972695 -23.749769 6.1827402
-5.3489647 -9.4677706 2.3947196
-5.2027149 -9.7507868 2.4338493
-5.1476364 -10.234438 2.5228415
-4.3019724 -9.0929632 2.2152345
-4.1454883 -9.9807405 2.379992
-3.7291014 -10.362688 2.4253201
-3.2594531 -9.7926655 2.2728469
-3.2424414 -10.587057 2.4383576
-4.2577734 -23.858547 5.3371005
-3.6675 -23.8654 5.3172998
-3.0812109 -23.872202 5.3007092
-1.3395898 -23.893723 5.2700987
-0.76238281 -23.900295 5.2659631
0.96873045 -23.925219 5.2730908
1.5461328 -23.905474 5.2754235
2.1270506 -23.915861 5.2875037
3.5117579 5.2134061 1.3842605
1.0835742 28.45813 6.2715454
-2.7048047 25.264494 5.5955014
-4.2326756 27.107653 6.0419359
-4.7680469 26.350485 5.8970971
-4.692461 22.782246 5.1223764
-5.2704883 22.792093 5.1516795
-7.0988083 22.980896 5.2967553
-9.0681057 23.244604 5.4946127
-10.478027 23.450903 5.6563597
-14.239804 20.238268 5.4494934
-14.086738 19.028503 5.2137303
-21.95793 -9.7297993 5.2890015
-20.97076 -9.9041195 5.1072845
-21.005468 -10.5474 5.1761975
-20.538321 -10.940826 5.1246371
-17.047617 -23.724665 6.4335532
-16.201601 -23.7349 6.3285046
-15.382246 -23.744814 6.2303953
-5.2781053 -9.604763 2.4134762
-5.1296482 -9.8926039 2.4539974
-4.1645117 -9.6873093 2.3221009
-3.9877539 -10.666426 2.5077367
-3.4917188 -10.073875 2.3479366
-3.4046483 -10.645652 2.4613423
-3.0985546 -10.559836 2.4235158
-2.6537499 -9.9238024 2.262193
-2.5506835 -10.551881 2.390646
-2.1995506 -11.502622 2.5789862
-3.3807421 -23.868727 5.3087988
-2.7962108 -23.875509 5.2937622
-0.48076171 -23.9035 5.2650547
1.2507422 -23.91769 5.2743101
1.8288085 -23.901886 5.2790208
3.0203514 -24.114431 5.3519297
3.5174608 5.3569841 1.411287
0.75539058 28.735758 6.3303285
-1.2076367 26.191441 5.7739673
-2.3548045 24.89426 5.5066466
-4.5193553 23.399841 5.248292
-6.1605663 22.868603 5.2156138
-7.409121 23.020432 5.3256125
-8.7208986 23.195959 5.4572606
-10.108848 23.395571 5.6124997
-14.202089 18.719168 5.174448
-14.943066 18.739567 5.2781944
-21.069843 -8.4314661 4.9976892
-21.699764 -9.2967854 5.1987963
-20.975937 -10.21045 5.1374793
-20.797188 -10.751365 5.1557212
-19.441309 -10.652248 4.8818808
-5.352324 -9.4612904 2.3938401
-5.2061911 -9.7440624 2.4329031
-5.1368942 -10.198727 2.5147521
-4.1503124 -9.9764423 2.3795252
-4.1187696 -10.615627 2.5075514
-3.7408593 -10.376994 2.4291611
-3.2696874 -9.8050184 2.27614
-3.2490819 -10.587417 2.4388607
-2.4676366 -9.6835623 2.2006514
-2.4180663 -10.545571 2.3825984
-2.3405664 -11.470835 2.5781391
-4.2715821 -23.858385 5.3376036
-2.5118554 -23.878805 5.2875705
-0.77582031 -23.900143 5.2660241
-0.19919921 -23.906704 5.2648792
0.37757811 -23.913261 5.2667966
0.95523435 -23.925226 5.2729712
1.5326562 -23.906031 5.2753563
2.1134179 -23.915222 5.287096
-0.88337886 26.176138 5.7677479
-1.4519335 25.068913 5.5298862
-2.0500977 24.953772 5.5137939
-3.7566991 28.687939 6.3715477
-4.6788669 22.781462 5.1216016
-9.0521679 23.24235 5.492877
-9.7456055 23.342018 5.5703673
-10.461035 23.448341 5.654325
-14.788105 19.022129 5.3059754
-21.20455 -8.7764711 5.0538054
-20.978926 -9.8935366 5.1079202
-20.177246 -11.36647 5.0999384
-15.401133 -23.744585 6.2326145
-5.2815232 -9.5981627 2.4125655
-4.2866211 -9.3297262 2.2610641
-3.9937303 -10.664102 2.5077169
-3.5027537 -10.087264 2.3515172
-3.4118946 -10.647702 2.4622591
-3.1056054 -10.561794 2.424366
-2.205996 -11.501169 2.578939
-2.8097656 -23.875351 5.2940793
-1.6488671 -23.890202 5.2735753
-0.49419922 -23.903349 5.2650805
0.082382813 -23.909906 5.2654333
1.237246 -23.918249 5.274281
1.8151953 -23.901249 5.2786522
2.3989453 -23.9286 5.2959323
3.66291 -24.541943 5.4644504
4.4680858 -25.678572 5.7398582
-21.627558 -9.59799 4.6546803
-21.270546 -10.060366 4.6287308
-20.992519 -10.555725 4.6222978
-20.445839 -10.906346 4.558526
-14.557695 -23.735685 5.4774952
-4.9930468 -10.23993 2.2410927
-4.0503321 -10.101805 2.140996
-3.906328 -10.466592 2.1976984
-3.6051953 -10.420212 2.1690655
-3.2997265 -10.337647 2.1346896
-3.0715039 -10.489594 2.1501403
-2.6229687 -9.8310423 2.0015976
-2.5545311 -10.593898 2.1437469
-2.461035 -11.406718 2.2955463
-2.1862891 -11.468306 2.2966568
-3.9553125 -23.862873 4.7583156
-2.7826562 -23.876474 4.7287335
-2.2012498 -23.884634 4.718462
-1.6218945 -23.891235 4.7106638
-0.46730468 -23.904379 4.7033319
0.68662107 -23.925379 4.7085004
1.2642187 -23.917131 4.7115121
1.8424023 -23.902521 4.7160153
2.4262891 -23.92988 4.7315836
3.0347071 -24.118965 4.7820559
3.5210741 5.3690581 1.2630572
0.8870703 3.9918687 0.80441529
0.78683591 3.9932561 0.80063689
0.046523437 29.107632 5.7260141
-3.0008788 25.099312 4.9726615
-4.3762107 25.924086 5.1718969
-4.6082225 23.788034 4.7665296
-4.866035 22.232904 4.4771395
-5.4416599 22.276302 4.5110002
-6.6234374 22.37311 4.5900102
-7.2320118 22.42684 4.6354737
-7.8540626 22.484383 4.6851692
-9.8408003 22.740133 4.874301
-12.804062 23.167578 5.2071996
-13.616679 23.292749 5.3076205
-13.633847 19.870239 4.740489
-13.599668 18.83037 4.5693436
-14.478086 19.060677 4.708611
-15.187773 19.024399 4.7887669
-21.43207 -9.8149786 4.6371717
-20.805742 -10.142095 4.5532651
-19.835918 -10.268622 4.39396
-19.032696 -10.442339 4.2705894
-11.757578 -9.7983675 3.0108173
-16.610937 -23.72945 5.6980858
-14.972402 -23.749292 5.5228577
-4.2099609 -9.4835434 2.0411501
-4.0641208 -9.7848415 2.0842886
-3.6031835 -10.012699 2.0933378
-3.4547265 -10.379385 2.1519501
-3.2148046 -10.496843 2.1595943
-2.4117773 -10.54532 2.1280205
-2.326875 -11.436647 2.2958939
-3.6676171 -23.866211 4.7500386
-2.4983592 -23.87977 4.7232361
-1.3396289 -23.894453 4.707859
0.39103514 -23.914141 4.7049799
1.5461524 -23.905474 4.7124739
2.7215624 -24.01981 4.7553744
3.3495703 -24.306618 4.8267493
4.0623436 -25.003748 4.9831929
3.6367772 5.1276627 1.2366556
3.5114062 5.2128787 1.2364181
0.93874997 3.9911528 0.80654389
0.73820311 3.9939299 0.79897398
-0.85033202 24.783012 4.8781428
-2.6976562 25.197639 4.9851694
-3.288789 25.005434 4.9613905
-4.0412302 25.881754 5.1531076
-4.698164 25.964289 5.1906004
-4.590879 22.289064 4.4767017
-5.7262301 22.298683 4.5288801
-6.316875 22.347025 4.5683174
-6.9190235 22.398884 4.6116943
-8.1659374 22.52162 4.7126422
-9.4895506 22.692818 4.8386869
-10.89543 22.886677 4.9863667
-12.400624 23.106628 5.1587119
-13.196757 23.227686 5.2552843
-14.025898 23.356941 5.35952
-14.843027 19.070627 4.7539253
-15.333984 18.750332 4.7649097
-20.995741 -10.542535 4.6217008
-20.141327 -11.361218 4.5490499
-16.201269 -23.734409 5.6530576
-15.381953 -23.744331 5.5654221
-5.247129 -9.5484114 2.1432803
-4.9986329 -10.236748 2.2410126
-3.3067577 -10.33953 2.1354625
-2.5614061 -10.596248 2.1445138
-2.4674609 -11.405287 2.295537
-2.1927342 -11.466858 2.2966154
-3.9691014 -23.862711 4.7587309
-3.3808594 -23.869537 4.7424459
-2.7963085 -23.876316 4.7290163
-2.2148046 -23.88448 4.718677
-1.0576172 -23.897661 4.7057118
0.095859371 -23.910786 4.7037282
1.2507422 -23.91769 4.7114811
1.8288281 -23.901884 4.715683
2.4125977 -23.929237 4.7311859
3.0203319 -24.114416 4.7808142
4.4897656 -25.717367 5.1355968
3.5162108 5.3550858 1.2602371
0.88943356 3.9918346 0.80450928
0.78916013 3.9932244 0.80072021
0.68978512 3.9946012 0.79742765
-0.53650391 24.429773 4.8069477
-1.7872851 25.419874 5.0129004
-2.3928125 25.295967 4.998395
-4.3608985 25.922157 5.1710253
-4.5943556 23.788252 4.7660575
-4.8537693 22.236809 4.4773746
-6.0133004 22.321857 4.5476551
-6.609375 22.371897 4.5889988
-7.2176757 22.425547 4.6343679
-7.8393359 22.48299 4.6839542
-8.4823627 22.561489 4.7415614
-9.1437302 22.646982 4.8044877
-9.824687 22.737946 4.8726473
-10.527051 22.834747 4.946372
-13.597324 23.289734 5.3051867
-13.969375 22.653959 5.2356043
-15.185253 19.04324 4.7913551
-20.993515 -8.4009113 4.448204
-21.641367 -9.2717667 4.6315184
-20.879961 -10.163731 4.5682502
-19.067461 -10.44741 4.2770643
-11.766367 -9.7944441 3.0116506
-5.1753712 -9.6863642 2.1604133
-4.211328 -9.4722834 2.0392356
-4.0647459 -9.7707624 2.0817773
-3.6143358 -10.025993 2.0965421
-2.836211 -10.104824 2.064621
-2.668164 -10.470365 2.1255383
-4.2717185 -23.859201 4.7681794
-3.0949805 -23.872854 4.7355342
-2.5119531 -23.879614 4.7234797
-0.77585936 -23.900869 4.7042208
-0.19919921 -23.907429 4.703197
0.37757811 -23.913988 4.7049088
1.5326562 -23.906033 4.7124152
2.1133983 -23.915218 4.722898
2.7073827 -24.015314 4.7541804
3.6402538 5.1264582 1.2368591
3.5131836 5.2091961 1.2360134
0.94111323 3.9911187 0.80664515
0.74054688 3.993897 0.79905027
0.41726562 28.771471 5.6604733
-2.6837695 25.202131 4.9857588
-3.2750781 25.009924 4.961916
-4.5775976 22.288366 4.476037
-7.5194921 22.45311 4.6580453
-10.878476 22.88427 4.9845095
-11.616875 22.990587 5.0672364
-12.382402 23.103889 5.156539
-13.567285 19.305523 4.6417713
-15.315957 18.749836 4.7625904
-21.12705 -8.7444038 4.4980044
-21.646387 -9.5771217 4.6563997
-21.311132 -10.050197 4.6350942
-19.914902 -11.218689 4.4964824
-16.220703 -23.734175 5.6551795
-14.605508 -23.753735 5.4854503
-5.2505274 -9.5418606 2.1424737
-5.004199 -10.233563 2.240932
-4.241035 -9.2305279 1.9983044
-4.0777926 -9.4708529 2.0284472
-4.051621 -10.072113 2.1356695
-3.9180663 -10.462033 2.1976666
-3.6197069 -10.424177 2.1707394
-3.3137305 -10.341413 2.1362374
-3.0845506 -10.490232 2.1509826
-2.6410937 -9.8542757 2.0069335
-2.5683007 -10.598596 2.1452813
-2.4738672 -11.403859 2.2955291
-2.1991601 -11.465407 2.2965722
-3.3945508 -23.869379 4.7427931
-1.6489258 -23.890926 4.710968
0.082402341 -23.910631 4.7036867
0.65958983 -23.925392 4.7083511
1.2372656 -23.918249 4.7114553
1.8151758 -23.901247 4.7153573
2.3989258 -23.928596 4.7307935
3.66291 -24.541906 4.8813224
3.5676172 5.1515718 1.2326956
3.5114257 5.3411932 1.2574332
0.99308592 3.9903984 0.80891478
0.89177734 3.9918029 0.80460447
-21.332539 -9.4670792 4.0475636
-21.03791 -9.9503489 4.0360336
-20.616737 -10.366776 4.0020485
-19.675468 -10.495418 3.8673506
-20.079472 -11.341252 3.9993782
-19.15955 -11.439733 3.8699875
-15.362812 -23.74408 4.9046049
-5.0654688 -9.7823219 1.9104636
-4.6936131 -10.245985 1.9544879
-4.1302147 -9.6225166 1.8160238
-3.6085546 -10.429922 1.9140189
-2.6019335 -9.7521162 1.7504308
-2.7216601 -11.287023 2.0135651
-2.4535351 -11.371861 2.0175545
-2.1795702 -11.433068 2.0184994
-2.7827539 -23.877275 4.1689634
-2.2013085 -23.885359 4.1598916
-1.6219336 -23.891958 4.153018
-1.0441797 -23.898533 4.1485777
0.68662107 -23.925379 4.1509886
2.4262695 -23.929874 4.1713367
4.5166602 -25.785542 4.5399656
3.5603514 5.1535015 1.0862961
1.0906836 3.9889867 0.71717435
0.8870703 3.9918077 0.70915741
0.78683591 3.9931962 0.70582688
0.60117185 4.0795779 0.71513289
0.40166014 4.0823417 0.7113902
0.3025586 4.0837173 0.71015102
0.20375 4.0850883 0.70932829
0.10513671 4.0864568 0.70891994
-0.092070311 4.0891938 0.70934004
-0.28999999 4.0919428 0.71141648
-0.38949218 4.0933256 0.71308333
-0.48953125 4.0947146 0.71517497
-0.59021485 4.0961127 0.71769714
-0.89742184 4.1003828 0.72793287
-1.107832 4.1033096 0.73708874
-1.5475976 4.1094279 0.7615338
-1.6624805 4.1110272 0.76903898
-1.779707 4.112658 0.77714902
-10.955351 22.299232 4.3087626
-11.681309 22.39542 4.3805237
-12.433887 22.497742 4.4579105
-13.127675 20.157909 4.171875
-13.02832 18.987743 3.9935837
-13.751504 19.040575 4.073276
-14.478184 19.060844 4.1511221
-21.418495 -9.1905384 4.0420423
-20.297207 -11.136104 4.015059
-19.93125 -11.56926 3.9967172
-17.470449 -23.718542 5.108819
-15.778535 -23.73904 4.9434118
-14.97209 -23.748816 4.8688192
-13.418808 -23.751368 4.7310305
-4.9914842 -9.9239044 1.9264984
-4.8147068 -10.176745 1.9524673
-3.947871 -10.192131 1.8955477
-3.7560351 -10.437473 1.9237655
-3.4691992 -10.422878 1.9050955
-3.1879101 -10.40898 1.8879501
-2.5914648 -11.331048 2.0158348
-2.3197851 -11.401692 2.0178609
-4.2580466 -23.860168 4.2033448
-3.6677344 -23.867016 4.187747
-2.4984374 -23.880571 4.1641135
-1.3396875 -23.89517 4.1505508
-0.18572265 -23.908302 4.1464405
0.96875 -23.925219 4.1526504
1.5461328 -23.905474 4.1544881
2.7215624 -24.019796 4.1923094
3.3495898 -24.306597 4.2552285
4.062324 -25.00367 4.3931413
3.5110545 5.2123566 1.0899103
0.93874997 3.9910917 0.71103299
0.83800781 3.9924872 0.70747524
0.45249999 4.0816388 0.71218628
0.25427735 4.0843878 0.70969772
0.15556641 4.0857573 0.7090773
-0.041601561 4.0884929 0.70907515
-0.23923828 4.0912371 0.71072614
-0.53861326 4.095396 0.71635222
-0.74154294 4.0982146 0.72226608
-0.84437495 4.0996451 0.72589707
-0.94832027 4.1010895 0.72999114
-1.0534766 4.1025529 0.73456085
-1.1600586 4.1040349 0.739622
-1.3779687 4.1070662 0.75128263
-1.6034374 4.1102042 0.7651245
-9.9032421 22.164515 4.2101364
-10.593418 22.252243 4.2740936
-11.306699 22.345469 4.3431287
-13.150605 18.690228 3.9633048
-14.843163 19.070797 4.1910725
-15.587539 19.060371 4.2701774
-21.336483 -9.4544353 4.0472994
-21.028339 -9.9313288 4.0331259
-20.629238 -10.358499 4.0033374
-19.712343 -10.500816 3.8734334
-20.089375 -11.331929 4.0000758
-19.177773 -11.435952 3.8723636
-15.38164 -23.743853 4.9063435
-14.586894 -23.753483 4.8341913
-13.805312 -23.746416 4.7636209
-5.2167969 -9.4932013 1.8785782
-5.068984 -9.7756128 1.90971
-4.1316991 -9.6110058 1.8142898
-3.9642577 -9.8709745 1.8447778
-2.4599218 -11.370432 2.0175478
-2.1859961 -11.431625 2.0184631
-0.48078123 -23.904945 4.146575
1.2507226 -23.917692 4.153616
2.4125977 -23.929234 4.1709867
3.0203319 -24.114399 4.2147379
3.6788476 -24.553829 4.3057947
4.4897461 -25.717241 4.5274935
3.5149803 5.3531766 1.1106223
1.0931054 3.9889538 0.7172789
0.60353512 4.0795441 0.71518707
0.50347656 4.0809331 0.71309292
0.30488279 4.0836859 0.71017545
0.1074414 4.0864253 0.70892376
0.0088671874 4.0877934 0.70891845
-0.28767577 4.0919108 0.71138257
-0.38716796 4.0932927 0.7130391
-0.58787107 4.0960808 0.71763337
-0.79162109 4.0989118 0.72398162
-0.89499998 4.1003494 0.72783673
-1.105332 4.1032734 0.73697048
-1.2126367 4.1047664 0.74227673
-1.3215625 4.1062822 0.74809843
-1.5449414 4.1093903 0.76136625
-1.6597852 4.1109881 0.76885682
-10.237519 22.206692 4.2407527
-12.415977 22.495285 4.4560409
-13.197011 22.604065 4.5393252
-13.267031 21.514944 4.3836102
-13.130644 20.187284 4.1764212
-21.254297 -9.719079 4.0531473
-20.904999 -10.175936 4.0321779
-20.370098 -10.530583 3.9768448
-20.307207 -11.126684 4.0157948
-11.765527 -9.7937279 2.654861
-15.797695 -23.738808 4.9452181
-13.436308 -23.751143 4.7324896
-5.1452146 -9.6299105 1.8935076
-4.9950194 -9.9170876 1.9257187
-4.8202343 -10.173588 1.9523836
-3.9798436 -9.5667295 1.796958
-3.9486523 -10.177097 1.8931637
-3.4758399 -10.423209 1.9055127
-3.1943944 -10.409285 1.8883309
-2.8127344 -10.02117 1.80509
-2.6567578 -10.42563 1.8658578
-2.5976954 -11.328938 2.0157192
-2.3261719 -11.400266 2.017839
-4.2718749 -23.860006 4.2037406
-3.6814647 -23.866856 4.188086
-2.5120311 -23.880415 4.1643338
-1.3531641 -23.895016 4.1506553
-0.77587891 -23.901588 4.1473374
0.95523435 -23.925226 4.1525564
1.5326366 -23.906033 4.1544371
2.1133983 -23.915216 4.1636801
3.3340039 -24.294905 4.2528529
4.0443163 -24.982107 4.3889499
3.6399219 5.1259904 1.0903076
3.5128515 5.2086735 1.0895541
1.0429492 3.9896483 0.71514618
0.84035152 3.9924548 0.70755357
0.74054688 3.9938371 0.7044273
0.55460936 4.0802226 0.71411037
0.45484373 4.0816045 0.7122255
0.15791015 4.0857244 0.70908707
-0.039277341 4.0884614 0.7090649
-0.13798828 4.0898309 0.70967388
-0.23691405 4.0912051 0.71069759
-0.33619139 4.0925822 0.71213835
-0.63728511 4.0967669 0.71901852
-0.73916012 4.0981827 0.72218674
-0.84197265 4.0996122 0.72580624
-1.0510352 4.102519 0.73444855
-1.3753906 4.1070304 0.75113374
-1.4870312 4.1085844 0.75775814
-1.6007421 4.1101665 0.76495022
-1.7166991 4.1117816 0.7727322
-9.8874025 22.162527 4.2086987
-10.57705 22.250135 4.2725453
-13.070488 19.586262 4.0836444
-13.134589 18.689787 3.9616439
-14.085977 19.049904 4.1088037
-15.585215 19.079485 4.2724886
-21.018789 -9.9123297 4.0302205
-20.099297 -11.322568 4.0007782
-16.220371 -23.733686 4.9854689
-15.400527 -23.743622 4.9080973
-14.605214 -23.753262 4.835813
-13.823105 -23.746189 4.7651386
-5.2202148 -9.4867105 1.8778765
-4.9411325 -10.104592 1.9506934
-4.1331639 -9.5995111 1.8125601
-3.9649804 -9.85672 1.8425299
-3.0588672 -10.402968 1.8805194
-2.6198242 -9.7749434 1.7550573
-2.466289 -11.369011 2.0175402
-3.3946679 -23.870182 4.1813607
-2.8099608 -23.876961 4.1694613
-2.2284374 -23.885048 4.1602693
-1.0711328 -23.898228 4.1487317
0.65958983 -23.925394 4.1508565
1.2372656 -23.918249 4.1535902
4.4680076 -25.678286 4.5201874
3.5101562 5.339324 1.108158
0.99306637 3.9903386 0.71312392
0.89177734 3.9917419 0.70932388
-20.972792 -8.7082558 3.41347
-19.868984 -11.22237 3.430068
-17.026503 -23.723425 4.3893461
-15.362499 -23.743603 4.2509165
-14.559023 -23.737841 4.185792
-13.788183 -23.747702 4.1276765
-3.5783985 -10.342786 1.6450896
-3.2971094 -10.32947 1.629847
-2.93625 -10.027615 1.5705853
-2.6933007 -11.169385 1.727041
-4.5481639 -23.857605 3.6507297
-3.3673828 -23.871296 3.6237295
-2.7828515 -23.878071 3.6135123
-2.2013867 -23.886072 3.6056399
-1.0442188 -23.89925 3.5958285
-0.46734375 -23.905813 3.5940742
0.68664062 -23.925379 3.5978084
1.2642382 -23.917135 3.6001101
1.8424023 -23.902514 3.60355
2.4263086 -23.929874 3.6154494
1.0906836 3.9889269 0.62159145
0.98830074 3.9903448 0.61791825
0.78681642 3.9931364 0.61175644
0.6874609 3.9945135 0.60924941
0.60117185 4.0795159 0.61982238
0.30257812 4.0836592 0.61550522
0.20376952 4.0850286 0.61479217
0.10513671 4.0863972 0.61443722
-0.092089839 4.0891337 0.61480147
-0.19089843 4.090507 0.61552089
-0.89740235 4.1003203 0.63091612
-1.0019531 4.1017742 0.63467449
-1.1078125 4.1032462 0.63885146
-1.3241016 4.1062531 0.64851743
-1.4348632 4.1077933 0.6540373
-1.5475781 4.1093621 0.66003919
-1.779668 4.1125922 0.67357296
-2.2766798 4.1195111 0.70748764
-2.545742 4.1232572 0.72838944
-2.6864648 4.1252165 0.73996961
-14.47832 19.061012 3.5979617
-15.233359 19.081545 3.670135
-15.995488 19.073933 3.7417996
-21.038261 -9.6346254 3.4781985
-20.538631 -10.632379 3.4764051
-17.470097 -23.718046 4.427906
-15.778183 -23.738562 4.2845469
-14.971797 -23.748344 4.2198997
-14.179921 -23.742693 4.156909
-13.419414 -23.752419 4.1007404
-5.1121678 -9.5810852 1.6323593
-4.0510349 -9.7532864 1.5874908
-3.8606639 -10.728256 1.7138494
-3.1616991 -10.323438 1.6229076
-2.7498047 -9.8182697 1.5326178
-2.8280663 -11.124077 1.7253006
-2.564414 -11.212821 1.7289664
-2.2995899 -11.302442 1.7337271
-4.258203 -23.86097 3.6433151
-3.6678514 -23.867811 3.6297951
-3.0815234 -23.874609 3.6184707
-2.4985352 -23.881365 3.6093123
-1.339707 -23.895885 3.5975392
0.39107421 -23.915575 3.5953372
0.96873045 -23.925219 3.599252
1.5461328 -23.905476 3.6008456
2.1270506 -23.915854 3.6090889
3.3495898 -24.306557 3.6881557
0.93873042 3.9910307 0.61626965
0.83798826 3.9924278 0.61318558
0.73820311 3.9938104 0.61048549
0.55224609 4.0801959 0.61889416
0.35322264 4.0829558 0.61600858
0.25429687 4.0843277 0.61511153
0.15558593 4.0856962 0.61457413
-0.041601561 4.0884333 0.61457181
-0.14031249 4.0898042 0.61510772
-0.53861326 4.095335 0.62087935
-0.63966793 4.0967402 0.62325042
-0.84435546 4.0995841 0.62915176
-0.94832027 4.1010284 0.6327002
-1.0534766 4.1024895 0.63666165
-1.1600391 4.1039715 0.64104766
-1.2681445 4.105474 0.64587343
-1.6033984 4.1101384 0.66315079
-1.7193944 4.1117535 0.66990876
-2.0830665 4.1168146 0.69351375
-2.4753711 4.1222782 0.72276396
-2.7568359 4.1261992 0.74591798
-2.9046288 4.1282573 0.75873655
-15.613261 19.091848 3.7072291
-16.124746 18.774458 3.7200527
-20.956699 -9.8974838 3.4837434
-20.576523 -10.332019 3.4609675
-19.608358 -10.445427 3.3395369
-19.888105 -11.218402 3.4322762
-19.092323 -11.385002 3.3413637
-4.8745899 -9.9827356 1.6698898
-3.3036327 -10.329762 1.6301861
-2.9453905 -10.037911 1.5724572
-2.4352539 -11.256467 1.7311544
-4.5620313 -23.857443 3.6510959
-2.2149217 -23.885918 3.6058035
-1.6355273 -23.892517 3.5997989
-0.48080078 -23.905661 3.5940938
0.095859371 -23.912218 3.5943801
1.2507226 -23.917694 3.600085
1.8288281 -23.90188 3.6032979
2.4125977 -23.929234 3.6151443
3.0203514 -24.114382 3.6530592
3.5137498 5.3513055 0.96227932
0.99068356 3.9903119 0.61799926
0.88941407 3.9917145 0.6147148
0.68976563 3.9944818 0.60930401
0.50347656 4.0808721 0.61805451
0.20607421 4.0849967 0.6148048
0.1074414 4.0863652 0.61444169
-0.28767577 4.0918498 0.61657238
-0.38716796 4.0932317 0.61800826
-0.48718747 4.0946207 0.61981201
-0.58787107 4.0960197 0.62198973
-0.68927735 4.0974283 0.62454665
-1.321543 4.1062188 0.64839417
-1.4322461 4.1077571 0.65390319
-1.6597461 4.1109233 0.66638488
-1.8966405 4.1142192 0.68096936
-2.0191796 4.1159272 0.68911344
-2.2736328 4.1194682 0.7072612
-2.4060936 4.1213117 0.71733379
-2.8283789 4.1271954 0.75206846
-15.215371 19.081059 3.6683912
-21.479549 -8.5954142 3.4776058
-21.061426 -9.023283 3.4441469
-21.042168 -9.6220684 3.4779451
-20.23086 -11.084841 3.4675503
-11.764668 -9.7930145 2.3008974
-16.629961 -23.728231 4.3554521
-14.197948 -23.74246 4.158268
-5.1156249 -9.5745449 1.6317354
-4.7605858 -10.047668 1.6712579
-4.5265818 -10.181391 1.6748477
-3.8642967 -9.9596987 1.6058211
-3.8701756 -10.735659 1.7153811
-2.8342383 -11.122014 1.7252276
-2.5705664 -11.210743 1.7288684
-2.3057616 -11.300339 1.7336029
-3.6816015 -23.867653 3.6300845
-2.5121093 -23.881205 3.6095028
-1.9317383 -23.889143 3.6026065
-0.7758984 -23.902302 3.5947549
-0.19919921 -23.908865 3.5939713
0.37761718 -23.915424 3.5952847
0.95523435 -23.925226 3.5991733
1.5326562 -23.906034 3.6007998
4.0443358 -24.982056 3.8040566
3.6396093 5.1255255 0.9449231
3.5124805 5.2081561 0.94426143
1.0429296 3.9895873 0.6198346
0.84033203 3.9923949 0.61325359
0.74052733 3.9937787 0.61054409
0.65494138 4.0787702 0.62094116
0.55458981 4.080163 0.618936
0.35554686 4.0829229 0.61603421
0.059296872 4.0870342 0.61439455
-0.13798828 4.0897722 0.61509138
-0.23691405 4.0911455 0.61597806
-0.53626955 4.0953021 0.62082839
-0.94585937 4.1009941 0.63261259
-1.0509961 4.1024551 0.63656449
-1.2656054 4.1054411 0.64575529
-1.3753711 4.106966 0.65102494
-1.8350586 4.1133637 0.67702729
-1.9561132 4.115047 0.68487257
-2.0801172 4.1167741 0.69330978
-2.7534571 4.126153 0.74562895
-3.054004 4.1303401 0.77212858
-14.825723 19.07049 3.6309085
-21.127598 -9.347599 3.4727321
-20.960585 -9.8848839 3.4834628
-20.770058 -10.414514 3.4925301
-17.066719 -23.722939 4.3928156
-15.400214 -23.743147 4.2539377
-14.604921 -23.752792 4.1913047
-13.82375 -23.747246 4.1303058
-13.072598 -23.756855 4.0759377
-5.0430861 -9.7122755 1.6449732
-4.8800387 -9.9796352 1.6698312
-3.8460546 -10.269791 1.6484023
-2.9545703 -10.048214 1.5743332
-2.96875 -11.07692 1.7237841
-2.7056055 -11.165239 1.7268701
-2.4414454 -11.254381 1.7310439
-4.5759568 -23.857283 3.6514633
-3.3947852 -23.870979 3.6242592
-2.2284961 -23.885767 3.6059682
-1.0711719 -23.898943 3.595962
-0.49423826 -23.905508 3.5941098
0.082402341 -23.912066 3.5943489
0.65960938 -23.925392 3.597698
3.0059569 -24.109827 3.6521108
3.6628711 -24.541819 3.7298532
3.5089257 5.3374434 0.9601422
0.99306637 3.990279 0.61808074
0.89175779 3.9916828 0.61478788
0.69208986 3.9944501 0.60935849
-21.424589 -8.8958454 2.9544821
-20.561543 -10.339029 2.9311233
-17.904589 -23.717648 3.7847292
-17.026152 -23.722939 3.7189491
-16.180859 -23.733198 3.6582985
-14.559688 -23.738905 3.546711
-13.038593 -23.758335 3.4515572
-4.991621 -9.6397486 1.3825421
-4.8220506 -9.8892517 1.4012369
-4.5791211 -9.9960661 1.4003112
-3.9691014 -9.899231 1.3583251
-3.7621288 -10.080198 1.3703033
-2.8717186 -9.8072195 1.3014853
-4.5483203 -23.8584 3.093307
-3.3675194 -23.872087 3.0704291
-2.7829492 -23.878859 3.0617712
-1.6220508 -23.893381 3.0500429
0.10933594 -23.913082 3.0455801
0.68662107 -23.925379 3.0483696
3.5173633 5.3634109 0.81686735
0.88703126 3.9916887 0.52077043
0.50115234 4.0808454 0.52362764
0.40166014 4.0822248 0.52240902
0.3025586 4.0836005 0.52150053
0.0065429686 4.0877056 0.52059841
-0.092089839 4.0890751 0.52090424
-0.19089843 4.0904474 0.52151382
-0.38947263 4.093205 0.52365279
-0.59017575 4.0959907 0.52704084
-0.7940039 4.0988235 0.53171861
-0.8973828 4.1002593 0.53455746
-1.001914 4.1017118 0.53774232
-1.107793 4.1031842 0.54128098
-1.2151172 4.1046748 0.54518658
-1.7796484 4.1125259 0.57069868
-1.899453 4.1141925 0.57712048
-2.0220506 4.1158991 0.58403319
-2.2766407 4.1194415 0.59943312
-2.4091992 4.1212873 0.60798156
-2.5456836 4.1231866 0.61714292
-2.6864061 4.1251445 0.62695295
-2.8317773 4.127171 0.63745785
-2.9821875 4.1292644 0.64870405
-3.1380858 4.1314349 0.6607452
-3.4684374 4.1360369 0.68746108
-3.8274803 4.1410394 0.71816754
-4.0195312 4.1437149 0.73523438
-20.81789 -8.9328232 2.885128
-20.777657 -10.128393 2.9438858
-20.922754 -10.831233 3.0005925
-19.388515 -11.254239 2.8551581
-11.755039 -9.7962379 1.9488338
-16.609882 -23.727991 3.6888168
-14.971503 -23.747875 3.5753829
-13.42 -23.753464 3.4746437
-5.0768161 -9.5147676 1.3735003
-4.9093552 -9.7606897 1.3914993
-4.6973634 -9.9287167 1.398891
-4.4660935 -10.06057 1.4018829
-4.2338476 -10.193466 1.4057608
-3.9338672 -10.156003 1.387103
-3.7381444 -10.387832 1.4060388
-3.070996 -10.027315 1.3356206
-3.0592968 -10.9233 1.4447155
-2.7991405 -11.010215 1.4468576
-4.8534765 -23.85486 3.1003778
-3.0816405 -23.875401 3.0659752
-2.4986131 -23.882151 3.0582135
0.39107421 -23.916286 3.0463648
0.96873045 -23.925217 3.0495911
1.5461328 -23.905476 3.0509415
2.1270506 -23.915852 3.0579236
3.3495703 -24.306505 3.1249099
0.93871093 3.9909723 0.52214813
0.83796871 3.9923694 0.51953536
0.65259767 4.0787444 0.52606279
0.55224609 4.0801349 0.5243721
0.15558593 4.0856366 0.52071106
-0.23923828 4.0911188 0.52192259
-0.43824217 4.0938826 0.5243634
-0.53857422 4.0952754 0.52605313
-0.63964844 4.0966792 0.52806258
-0.74150389 4.098094 0.5303964
-0.84435546 4.0995231 0.5330624
-0.94828123 4.100966 0.53606933
-1.0534375 4.1024275 0.53942531
-1.2681054 4.105412 0.54722989
-1.3779492 4.1069388 0.55170363
-1.7193555 4.1116877 0.56759381
-1.8377929 4.1133356 0.57377499
-2.2102344 4.118516 0.59528351
-2.6138282 4.124135 0.62184918
-3.0575976 4.1303144 0.65448117
-3.216367 4.1325259 0.66693252
-3.3813672 4.1348224 0.68027145
-3.9201367 4.1423306 0.72634792
-4.1042967 4.1325626 0.74177992
-4.2265234 4.0551715 0.74597257
-4.672461 4.0690131 0.78909546
-21.425625 -8.8821335 2.9539328
-21.018398 -9.9266272 2.9604146
-19.798359 -11.167782 2.8949955
-17.925371 -23.717402 3.7863014
-15.381035 -23.742903 3.6029403
-14.586328 -23.75255 3.5499887
-4.9955273 -9.6340027 1.3821237
-4.8260546 -9.8833523 1.4007858
-4.3527927 -10.125334 1.4036639
-3.970742 -9.8871908 1.3569784
-3.7631054 -10.065477 1.3685919
-2.8805859 -9.8170271 1.3030016
-2.6717968 -11.052896 1.4482305
-5.160078 -23.851305 3.107954
-3.9695117 -23.865112 3.0811965
-3.3811913 -23.871927 3.0706515
-2.796582 -23.878702 3.061955
-2.2149999 -23.886631 3.0552297
-1.0577344 -23.899805 3.0468352
0.095859371 -23.912931 3.0455542
1.2507422 -23.917694 3.0503008
1.8288085 -23.901876 3.0530181
3.6788085 -24.553741 3.1620479
3.5125194 5.3494501 0.81504208
0.99066406 3.9902525 0.5236131
0.78914058 3.9930463 0.51837754
0.50347656 4.0808125 0.52365953
0.30486327 4.0835662 0.52151734
0.20607421 4.084938 0.52090651
0.0088476557 4.0876737 0.52059525
-0.18857421 4.0904145 0.52149594
-0.28765625 4.0917902 0.52240449
-0.48716795 4.0945611 0.52514923
-0.58783203 4.0959587 0.52699387
-0.68927735 4.0973687 0.52916104
-0.79160154 4.0987883 0.53165662
-0.89496094 4.1002264 0.53448743
-0.99947262 4.1016779 0.537664
-1.5449023 4.1092606 0.55910885
-1.776875 4.1124873 0.57055449
-1.8966211 4.1141534 0.57696486
-2.144707 4.1176043 0.59128112
-2.4060547 4.121243 0.60777479
-2.5424609 4.1231413 0.61692137
-2.6830664 4.1250982 0.62671632
-3.1343944 4.1313834 0.66045517
-3.4644334 4.135982 0.68712676
-3.8231053 4.1409769 0.71778393
-21.458418 -8.5869455 2.9436209
-20.813555 -8.9171047 2.8838353
-20.940683 -10.825557 3.0022867
-20.306503 -11.1263 2.9489889
-11.763828 -9.7923155 1.9493755
-14.198554 -23.743521 3.5233908
-4.2392969 -10.190347 1.4056598
-3.9355857 -10.143494 1.3856955
-3.4186718 -10.25182 1.3763463
-3.0803516 -10.037627 1.3372259
-2.5442188 -11.095757 1.4498193
-4.8674021 -23.8547 3.1007147
-1.3532422 -23.896442 3.0483048
-0.7758984 -23.903011 3.0458705
0.37761718 -23.916134 3.0463169
1.5326562 -23.906034 3.0509028
2.1133983 -23.915213 3.0576901
2.7073827 -24.015272 3.0779388
4.0443163 -24.981981 3.2231102
3.5121288 5.2076397 0.79997891
0.94107419 3.9909406 0.5222131
0.84031248 3.9923363 0.51959211
0.74050778 3.9937201 0.51729673
0.65494138 4.0787115 0.52610654
0.35554686 4.0828619 0.52194917
0.25658202 4.0842376 0.52118105
0.15789062 4.0856061 0.52071851
0.059296872 4.0869746 0.52055937
-0.039296873 4.0883427 0.52070248
-0.23689453 4.0910859 0.52190155
-0.33617187 4.0924625 0.52295989
-0.63726562 4.0966458 0.52801174
-1.0509765 4.1023932 0.53934294
-1.2655663 4.1053767 0.54713029
-1.375332 4.1069036 0.55159497
-1.4869921 4.1084552 0.55645937
-1.6007031 4.1100373 0.56174058
-1.716621 4.1116495 0.56745529
-1.9560937 4.1149812 0.5802725
-2.3378124 4.1202922 0.60333419
-2.4721484 4.1221614 0.61216247
-2.6105468 4.1240897 0.62162077
-3.0539649 4.1302643 0.65420055
-3.5491405 4.1371598 0.69421905
-4.1042185 4.1371613 0.74219251
-4.2216992 4.0551057 0.74552459
-4.4340234 4.0580645 0.7655136
-21.42662 -8.8683996 2.9533849
-21.021582 -9.9136391 2.9600737
-19.542383 -10.396171 2.8191745
-19.817421 -11.163783 2.8968577
-16.219707 -23.732723 3.6610415
-15.399902 -23.742676 3.6042225
-14.604629 -23.752329 3.5511661
-13.824355 -23.748301 3.499697
-4.8300781 -9.8774395 1.4003332
-3.9724023 -9.8751984 1.3556409
-3.7640624 -10.05086 1.3668905
-2.8894725 -9.826848 1.3045202
-2.9383984 -10.963638 1.4455997
-2.6778905 -11.050849 1.4481589
-5.1740818 -23.851143 3.1083133
-3.9832616 -23.864954 3.0814633
-2.8101561 -23.878548 3.0621343
-2.2285547 -23.886477 3.0553722
-1.649043 -23.893074 3.0502398
-1.0712109 -23.899652 3.0468926
-0.49425781 -23.906218 3.0453243
0.65960938 -23.925392 3.0482733
1.237246 -23.918251 3.0502808
2.3989453 -23.928591 3.0628002
3.0059569 -24.10981 3.0943747
4.4679685 -25.678062 3.3194723
3.5666406 5.150176 0.79785305
3.5077147 5.3355999 0.81323272
0.99302733 3.9902196 0.52368253
0.89173824 3.9916229 0.52089202
0.79146481 3.9930131 0.51843166
-21.345156 -8.8628731 2.4160199
-21.287382 -9.4470224 2.4345675
-20.856894 -9.8647327 2.4118462
-20.60586 -10.36131 2.4110227
-19.691093 -11.121901 2.3640566
-17.903828 -23.716616 3.1063302
-16.180546 -23.732719 3.002636
-15.361914 -23.742662 2.9561472
-13.789394 -23.7498 2.8708124
-12.307929 -23.768688 2.7980182
-4.7497654 -9.7410116 1.1328796
-4.2953515 -10.007172 1.1383939
-2.8967967 -10.857288 1.1746682
-2.6388085 -10.94346 1.1767623
-5.1461911 -23.852262 2.5507712
-4.5484767 -23.859192 2.5390372
-2.2015038 -23.887491 2.5076613
-0.46736327 -23.907228 2.4996221
0.10935546 -23.913788 2.4998565
1.2642187 -23.917139 2.5036688
1.8424023 -23.902512 2.5060599
3.0346875 -24.1189 2.5411448
3.5161524 5.3615446 0.67024273
0.88701171 3.9916289 0.4274365
0.78677732 3.9930193 0.42542875
0.68744141 3.9943974 0.42368561
0.50113279 4.0807853 0.42978224
0.3025586 4.0835395 0.42803589
0.20375 4.0849104 0.42753983
0.0065429686 4.087647 0.42729598
-0.092070311 4.0890155 0.42754668
-0.1908789 4.0903873 0.42804655
-0.28998047 4.0917645 0.4287982
-0.38947263 4.0931449 0.42980269
-0.4895117 4.0945344 0.43106398
-0.59017575 4.0959306 0.43258408
-0.79398435 4.0987616 0.43642271
-1.5475194 4.1092339 0.45900512
-1.6624023 4.1108317 0.46352705
-1.7796093 4.1124601 0.46841657
-2.0220313 4.1158319 0.47936034
-2.1476367 4.1175799 0.48545715
-2.2766211 4.1193728 0.49200088
-2.4091601 4.1212163 0.49901718
-2.6863866 4.1250739 0.5145877
-3.2999022 4.1336136 0.5529086
-3.4683788 4.1359587 0.56425017
-3.8274024 4.1409574 0.58945251
-4.1265821 4.0536966 0.60468674
-4.3338084 4.0565825 0.62052733
-4.8836327 4.1480412 0.66980451
-5.6832032 4.1591816 0.73618805
-20.729862 -8.8950367 2.3580673
-20.10951 -11.033127 2.397758
-19.302891 -11.204515 2.3331296
-11.75414 -9.7954807 1.5994607
-17.469395 -23.717068 3.0792284
-16.60957 -23.727509 3.0276852
-15.777577 -23.737614 2.9795368
-14.97121 -23.74741 2.9345789
-14.181171 -23.744802 2.8911486
-13.420605 -23.754503 2.8520801
-12.679824 -23.763947 2.8156641
-4.8362303 -9.6153069 1.1251162
-4.6661329 -9.862669 1.1405579
-4.4126954 -9.9402809 1.1368927
-4.2766209 -10.296409 1.1654845
-3.8875976 -10.036551 1.1251293
-3.8145311 -10.600065 1.1776431
-3.0036328 -9.8073635 1.0722177
-2.7709179 -10.89929 1.1756011
-5.454277 -23.84869 2.5573931
-4.8536329 -23.855656 2.5448451
-2.4986913 -23.882936 2.5102293
-1.9183398 -23.890717 2.5054529
0.39109373 -23.916992 2.5004985
1.5461328 -23.905478 2.5041833
4.0623045 -25.003479 2.6480112
3.6354492 5.1258097 0.65691316
3.51 5.2108135 0.65676498
0.93869138 3.9909136 0.42856765
0.65257812 4.0786834 0.43178055
0.35320312 4.0828352 0.42838669
0.15556641 4.0855789 0.42738798
0.056972656 4.0869465 0.42726332
-0.041582029 4.0883136 0.42738754
-0.33851561 4.0924373 0.42925733
-0.63962889 4.0966182 0.43342194
-0.94828123 4.1009064 0.43999282
-1.16 4.1038494 0.44579786
-1.3779101 4.1068754 0.45282561
-1.6033593 4.1100116 0.46116865
-1.7193359 4.1116228 0.46586853
-1.8377734 4.1132693 0.47094145
-1.9589062 4.114954 0.4764061
-2.2101953 4.1184492 0.48859495
-2.340879 4.1202679 0.49536604
-2.6137891 4.1240644 0.51039857
-3.7325194 4.1396356 0.58266282
-4.2264256 4.0550871 0.61227322
-4.4390235 4.0580473 0.62870586
-4.6723437 4.0689216 0.647668
-5.2614255 4.1533051 0.70071304
-5.5357423 4.1571259 0.72367644
-20.852421 -9.8482332 2.4106865
-19.709961 -11.117902 2.3655663
-17.924608 -23.716366 3.1076233
-16.199942 -23.732483 3.0037563
-14.586035 -23.752087 2.913743
-4.1585546 -10.354815 1.1664709
-2.902832 -10.855282 1.1746298
-3.9696484 -23.8659 2.5291002
-3.3813086 -23.872715 2.5204444
-1.0577539 -23.900509 2.5008841
0.095878907 -23.913635 2.4998312
0.67312497 -23.925383 2.502032
1.2507226 -23.917698 2.5036554
3.678828 -24.553711 2.5953717
4.4896679 -25.716862 2.7289734
0.99064451 3.9901929 0.42977005
0.88937497 3.9915972 0.42748609
0.68976563 3.9943645 0.42372239
0.60349607 4.0793643 0.43107039
0.40396485 4.0821319 0.42880324
0.20605469 4.0848784 0.42754868
-0.089765623 4.0889835 0.42753813
-0.48716795 4.0945024 0.43103072
-0.58783203 4.0958977 0.43254501
-0.89496094 4.1001663 0.43869552
-1.1052929 4.1030879 0.44419998
-1.4321874 4.1076322 0.45473799
-1.5448632 4.1091962 0.45890394
-1.659707 4.1107926 0.46341765
-1.896582 4.1140885 0.47355956
-2.0191209 4.1157913 0.47922331
-2.5424218 4.1230717 0.50635403
-2.6830077 4.1250262 0.51439315
-2.8282616 4.127049 0.52300125
-3.1343164 4.1313081 0.54208541
-3.4643555 4.1359015 0.56397659
-3.6397655 4.1383438 0.57611477
-4.8779688 4.147963 0.66934752
-5.6763282 4.1590848 0.73560423
-20.708086 -8.8719196 2.3550265
-20.755527 -9.4909916 2.3857629
-20.638144 -10.046038 2.3994308
-19.890137 -10.282457 2.34062
-19.321211 -11.20059 2.3345792
-11.76291 -9.7915516 1.5999032
-17.489862 -23.716818 3.0804751
-16.629297 -23.72727 3.0288477
-14.199199 -23.744572 2.8920937
-12.696934 -23.763729 2.8164876
-4.8401561 -9.6096201 1.1247702
-3.3616405 -10.080768 1.1108422
-3.0345311 -10.811415 1.1738458
-5.468379 -23.84853 2.5577042
-4.867578 -23.855495 2.5451186
-4.2723045 -23.862392 2.5341244
-3.6818163 -23.869232 2.5246816
-3.095371 -23.876028 2.5167677
-2.512285 -23.882778 2.5103652
-1.3532813 -23.897148 2.50209
0.37761718 -23.916838 2.5004578
1.5326562 -23.906034 2.5041494
2.1133983 -23.915209 2.5097194
4.0443163 -24.981916 2.6454887
3.6389453 5.1246061 0.65702146
0.94105464 3.9908819 0.42862076
0.84029293 3.9922764 0.42646956
0.65492189 4.0786514 0.43181625
0.55458981 4.0800433 0.43042237
0.25658202 4.084178 0.42777359
0.1578711 4.085546 0.42739424
-0.039277341 4.0882831 0.42738113
-0.13798828 4.0896516 0.42774856
-0.23691405 4.0910273 0.42836532
-0.43591797 4.0937896 0.43035689
-0.53625 4.0951838 0.43173721
-0.63726562 4.0965848 0.43338028
-0.73912108 4.0979996 0.43528944
-1.0509765 4.1023321 0.44268021
-1.4869531 4.1083927 0.45672911
-1.7166015 4.1115837 0.46575454
-1.8349804 4.1132317 0.47081923
-2.0800586 4.1166401 0.48214141
-2.2071679 4.1184077 0.48844251
-2.3377929 4.120225 0.49520278
-2.4720898 4.1220927 0.50244808
-2.6105077 4.1240177 0.51021057
-3.0539062 4.1301875 0.53695142
-3.3773828 4.1346903 0.55808377
-3.5490625 4.1370807 0.56979656
-3.7282422 4.1395755 0.58235914
-3.9155469 4.1421843 0.59583986
-4.4339256 4.0579777 0.62830979
-4.6669335 4.0688457 0.64723539
-4.9980273 4.1496367 0.67906994
-5.2552147 4.1532197 0.70019698
-5.8216991 4.1611099 0.74803829
-21.347851 -8.8357925 2.4151952
-21.290077 -9.419488 2.4336615
-20.847969 -9.8317709 2.4095294
-20.728672 -10.393769 2.424016
-19.728867 -11.113888 2.3670812
-17.066034 -23.721968 3.0548217
-16.219395 -23.732248 3.0048833
-14.604355 -23.751865 2.9147134
-13.824961 -23.749348 2.8726416
-13.07375 -23.758924 2.8348286
-4.7577147 -9.7294655 1.1321588
-4.5854492 -9.9801388 1.1481243
-4.3060741 -10.001055 1.1382489
-3.8521483 -10.286035 1.1481818
-2.9088476 -10.853278 1.1745886
-2.6508985 -10.93942 1.1766477
-5.1742382 -23.851938 2.5513558
-4.5762696 -23.858871 2.5395517
-3.9833984 -23.865742 2.5293193
-1.6491015 -23.893782 2.5036776
-0.49427733 -23.906923 2.4996448
3.6628711 -24.54174 2.5938866
3.5065038 5.3337479 0.66726118
1.0954688 3.9887395 0.43239456
0.99300778 3.9901597 0.42982757
0.79146481 3.9929559 0.42551666
0.69207031 3.9943328 0.42376068
-9.3467579 4.2468963 0.83996975
-22.305546 -9.2616425 1.9760717
-20.148222 -10.131196 1.8451638
-19.53828 -11.035588 1.8359569
-17.903067 -23.71559 2.4311843
-17.025488 -23.72197 2.3890381
-13.039726 -23.760395 2.2175484
-12.308437 -23.769705 2.1900637
-4.5090232 -9.8430185 0.88581663
-4.1199803 -10.275508 0.90578431
-3.8483984 -10.311359 0.90049833
-3.3773632 -10.580976 0.90874815
-5.7493162 -23.843065 2.0067098
-5.1463671 -23.853056 1.9965206
-3.9559569 -23.866846 1.9793875
-2.201582 -23.888195 1.9627731
-1.6221484 -23.894793 1.9595318
-1.0443164 -23.901367 1.9574337
0.68662107 -23.925379 1.9583365
2.4262891 -23.929865 1.967937
3.0347264 -24.118891 1.9889181
4.5164843 -25.784512 2.1417615
3.5590625 5.1516557 0.51230514
1.0906445 3.9887469 0.3383255
0.68744141 3.994339 0.33160841
0.60113281 4.0793376 0.33736327
0.5011133 4.0807257 0.3363806
0.40162107 4.0821052 0.33559769
0.10513671 4.0862188 0.33443207
0.0065624998 4.0875883 0.33443403
-0.28998047 4.0917034 0.33561003
-0.38947263 4.0930839 0.33639663
-0.59017575 4.095871 0.33857268
-0.69162107 4.097281 0.33996978
-0.89736325 4.1001372 0.34340149
-1.0018945 4.1015897 0.34544724
-1.3240429 4.1060648 0.35298094
-1.6623633 4.1107669 0.36279145
-1.8993945 4.1140618 0.3707431
-2.0219727 4.1157646 0.37518355
-2.409121 4.1211481 0.3905673
-2.5455859 4.1230464 0.39645201
-2.8316796 4.1270247 0.40950257
-3.2998631 4.1335368 0.43274704
-3.4683008 4.1358795 0.44162232
-4.8835349 4.1479497 0.52423596
-5.3994532 4.1551285 0.55743742
-5.6830468 4.1590776 0.57619065
-6.3126364 4.167841 0.61890352
-6.6642184 4.1727362 0.64331543
-7.4589453 4.1838017 0.69972163
-8.4088478 4.1970267 0.76893246
-9.3448439 4.3859382 0.84459716
-9.3741989 4.1268659 0.83801758
-21.271231 -9.1273432 1.893829
-19.90871 -10.922944 1.8579556
-17.469004 -23.716581 2.410022
-15.777266 -23.737143 2.332001
-14.970918 -23.746944 2.2968132
-14.181816 -23.74585 2.2629626
-12.680371 -23.764971 2.2038796
-4.596992 -9.7165718 0.87947536
-2.9985156 -10.706214 0.90967005
-2.7434375 -10.791086 0.91099423
-4.2585936 -23.863342 1.9833053
-3.6682227 -23.870178 1.9759426
-3.081836 -23.876966 1.9697794
-1.9183788 -23.89142 1.9610437
-1.3398242 -23.898005 1.9583637
0.39111328 -23.917694 1.9571667
0.9687109 -23.925217 1.9591235
1.5461328 -23.905481 1.9599887
3.3495703 -24.306442 2.0075042
1.0404882 3.9894421 0.33732209
0.93869138 3.9908538 0.33542985
0.83794922 3.9922497 0.33375046
0.73816407 3.9936345 0.33228028
0.65255857 4.0786247 0.33794418
0.45248047 4.0814009 0.33597291
0.35320312 4.0827765 0.33528778
0.15558593 4.0855193 0.33450636
-0.041601561 4.0882564 0.33450514
-0.23921874 4.0909991 0.33528489
-0.74150389 4.0979729 0.34072798
-0.94826168 4.1008453 0.34437194
-1.0534179 4.1023054 0.34652817
-1.268086 4.1052876 0.35154173
-1.3778906 4.1068134 0.35441512
-1.4895703 4.108366 0.35754606
-1.6033202 4.1099467 0.36094481
-1.7192968 4.111557 0.36462325
-1.9588866 4.1148882 0.37287077
-2.0829492 4.1166129 0.377471
-2.2101562 4.1183805 0.38241103
-2.3408399 4.1201982 0.38771009
-2.61375 4.1239934 0.39947599
-2.7566795 4.1259818 0.40599197
-3.2162304 4.1323724 0.42843613
-3.3812499 4.1346684 0.43700376
-3.5531054 4.1370597 0.44618574
-4.1042771 4.1325455 0.4765335
-4.4389257 4.0579605 0.49207672
-4.672246 4.068831 0.50690949
-5.0037694 4.1496234 0.53185838
-6.1428318 4.1654768 0.60724854
-6.4809179 4.1701837 0.63054258
-6.846211 4.1752691 0.656093
-8.1483393 4.1934004 0.74978453
-9.3466988 4.2532148 0.84017789
-20.928652 -9.2737141 1.8729262
-21.03326 -9.9336424 1.9031777
-19.554979 -11.030502 1.8369436
-16.199629 -23.732008 2.3509576
-15.380429 -23.741968 2.3145154
-4.5130663 -9.8372097 0.88552153
-4.3157811 -10.039197 0.89407283
-4.1256056 -10.272732 0.90574431
-3.8539062 -10.308382 0.90042907
-5.7634959 -23.842922 2.0069721
-3.969785 -23.866686 1.9795583
-2.2151172 -23.888041 1.9628637
-1.635664 -23.894638 1.9595928
-0.48083982 -23.907778 1.9564871
0.095878907 -23.914337 1.9566422
1.2507226 -23.917698 1.9595773
1.8288085 -23.901873 1.9613241
3.0203319 -24.114338 1.9884002
4.4896483 -25.716745 2.1359203
3.5625391 5.1504593 0.51238573
1.0930469 3.9887128 0.33837509
0.99064451 3.9901342 0.33637038
0.78912109 3.9929278 0.33300689
0.68974608 3.9943073 0.33163849
0.4039453 4.0820732 0.33561325
-0.18857421 4.0902972 0.33501083
-0.48716795 4.0944414 0.33735746
-0.79158199 4.0986686 0.34153762
-1.3214843 4.1060295 0.3529138
-1.4321874 4.1075687 0.3559117
-1.5448437 4.1091337 0.35917205
-1.8965625 4.1140213 0.37064329
-2.0190821 4.1157246 0.37507629
-2.2735155 4.1192622 0.3849524
-2.6829686 4.1249552 0.40260193
-2.8282225 4.1269755 0.4093399
-2.9784961 4.1290655 0.41655257
-3.4642773 4.1358247 0.44140851
-3.8229492 4.1408134 0.46110138
-4.1217771 4.0535464 0.47299179
-4.3287501 4.0564275 0.48537078
-4.8778515 4.1478705 0.52387804
-5.1275196 4.1513443 0.53978151
-5.9792576 4.1632013 0.59611249
-6.3047266 4.1677313 0.61835843
-6.6556835 4.1726165 0.64271879
-7.0355859 4.1779056 0.66948193
-21.273359 -9.11409 1.893561
-21.058065 -10.886239 1.9395459
-11.761952 -9.7907677 1.2521212
-17.489511 -23.716333 2.4109981
-16.628965 -23.726789 2.3705916
-13.438652 -23.755314 2.2330687
-12.697461 -23.76475 2.2045245
-11.974492 -23.773956 2.1779442
-4.6009765 -9.7108402 0.87919247
-4.2285156 -10.164451 0.90073025
-4.0082421 -10.330759 0.906636
-3.7681053 -10.452497 0.90907836
-3.2590818 -10.61999 0.90890288
-5.468574 -23.849321 2.0019472
-4.8677344 -23.856283 1.9920965
-3.681953 -23.87002 1.9760998
-1.9318945 -23.891266 1.9611191
-0.77595699 -23.904421 1.9568466
-0.19923827 -23.91098 1.9564193
2.1134179 -23.915207 1.964323
2.7073827 -24.015244 1.9773296
4.0442967 -24.981846 2.0705798
3.6386328 5.1241498 0.51419616
3.5114453 5.2066226 0.51382279
0.84029293 3.9922185 0.33378753
0.65490234 4.0785933 0.3379721
0.45480469 4.0813675 0.3359912
0.35552734 4.0827446 0.33530134
0.25658202 4.0841179 0.3348088
0.15789062 4.0854874 0.33451155
0.059296872 4.0868559 0.33440855
-0.13798828 4.0895929 0.3347882
-0.23691405 4.0909672 0.335271
-0.33619139 4.0923457 0.33595106
-0.43589842 4.0937309 0.33682984
-0.53625 4.0951228 0.33791059
-0.63726562 4.0965252 0.33919647
-0.84191406 4.0993671 0.3423979
-0.94582027 4.100811 0.34432465
-1.1574805 4.1037517 0.34885666
-1.4869336 4.1083283 0.35747024
-1.7165625 4.1115203 0.36453369
-2.2071483 4.1183391 0.3822917
-3.2124608 4.1323185 0.4282431
-3.728164 4.1394954 0.45579529
-3.9154882 4.1421003 0.46634749
-4.1041989 4.1371417 0.47679687
-4.6668358 4.0687556 0.50657177
-5.5289841 4.1569319 0.56596178
-5.8215623 4.161005 0.58546537
-6.1352148 4.1653714 0.60672909
-6.8373437 4.1751456 0.6554684
-8.1367378 4.1932392 0.74893403
-9.3466015 4.2595463 0.84038574
-20.911289 -9.2519026 1.8709054
-21.034668 -9.919817 1.9027972
-17.065683 -23.721481 2.3909221
-14.604082 -23.751404 2.2812591
-13.825566 -23.750387 2.2484758
-13.074297 -23.759953 2.2188785
-11.627675 -23.778368 2.1656461
-4.5171094 -9.8313875 0.88522643
-4.1312108 -10.269959 0.90570647
-3.8593946 -10.305413 0.90035981
-3.5648046 -10.266074 0.88915128
-3.3892577 -10.577059 0.90873992
-2.8799803 -10.745621 0.91021729
-5.7776952 -23.842777 2.0072308
-4.576406 -23.859657 1.9877386
-3.9835351 -23.866526 1.9797295
-2.8103516 -23.88011 1.9673116
-2.2286913 -23.887886 1.9629534
-1.6491601 -23.894482 1.9596554
-1.0712891 -23.901058 1.9575049
-0.49429688 -23.907623 1.9564974
0.082421876 -23.914185 1.9566265
0.65960938 -23.925392 1.958277
1.237246 -23.918253 1.959565
1.8151953 -23.901236 1.9611858
3.0059373 -24.109781 1.987893
4.4679294 -25.677822 2.1324768
3.5659959 5.1492605 0.51246703
3.5053124 5.3319221 0.52207762
1.0954688 3.9886796 0.33842438
0.99300778 3.9900999 0.33641493
0.89171875 3.9915056 0.33462217
0.79144531 3.9928949 0.33304152
0.69207031 3.9942741 0.33166778
-8.6827736 4.2007022 0.57086807
-9.7070503 4.1311526 0.62437254
-11.467402 4.2396402 0.72359616
-21.789297 -9.6697788 1.4108881
-21.006817 -9.9356394 1.3753396
-20.828848 -10.473433 1.37983
-15.361289 -23.74173 1.6736279
-12.308984 -23.770716 1.5843002
-10.898769 -23.791672 1.5488217
-3.847168 -10.308066 0.6511876
-3.3443553 -10.477571 0.6509378
-3.0923436 -10.560695 0.6512779
-3.9560935 -23.867628 1.4318752
-2.7832227 -23.881203 1.4229772
-1.6221875 -23.895493 1.41751
-1.044336 -23.902067 1.4159884
0.10935546 -23.915192 1.415433
0.68660152 -23.925375 1.4166067
1.8423828 -23.902504 1.4188616
2.4262695 -23.929863 1.4235492
3.6947265 -24.565605 1.4702673
4.5164061 -25.784182 1.5492728
1.0906249 3.988687 0.24473068
0.98824215 3.9901073 0.24328536
0.68742186 3.9942803 0.23987243
0.60113281 4.0792766 0.24403533
0.50113279 4.080667 0.24332397
0.3025586 4.0834208 0.24233566
0.0065429686 4.0875297 0.24191634
-0.092070311 4.0888982 0.24205963
-0.28998047 4.0916448 0.24276717
-0.38947263 4.0930252 0.24333602
-0.59015626 4.0958109 0.24491058
-1.0018749 4.1015286 0.24988265
-1.1077343 4.1029987 0.2515268
-1.2150586 4.1044903 0.2533412
-1.4347656 4.107542 0.25750548
-1.8993554 4.113997 0.26818129
-2.0219531 4.1156988 0.27139327
-2.1475585 4.1174445 0.27484375
-2.2765429 4.1192365 0.27854857
-2.4090819 4.1210785 0.28252059
-2.9820311 4.1290412 0.30144301
-3.1379297 4.1312089 0.30703843
-3.4682422 4.1357989 0.31945145
-3.6438086 4.1382413 0.32633483
-3.827246 4.1407928 0.33371842
-4.0192966 4.1434627 0.34164992
-5.3993163 4.1550312 0.40322495
-6.3124804 4.1677313 0.44768614
-6.6640429 4.1726203 0.46534255
-7.0446873 4.177917 0.48474577
-7.4587107 4.1836762 0.50614381
-7.9112887 4.1899714 0.52984101
-8.4085741 4.1968875 0.55620557
-11.91377 4.2458501 0.74855375
-20.476171 -9.9814196 1.3482025
-20.374725 -10.54752 1.357875
-19.64039 -10.775741 1.3258783
-11.752265 -9.7938976 0.90542752
-17.468653 -23.716099 1.7433044
-16.608906 -23.726555 1.714126
-14.970625 -23.746485 1.6614145
-14.182441 -23.746895 1.6370382
-12.680918 -23.765985 1.5942907
-11.958379 -23.775173 1.5750936
-4.1821876 -10.069072 0.64529741
-3.6880858 -10.248725 0.64464992
-3.221328 -10.518129 0.65105587
-2.9691601 -10.601506 0.65159482
-4.8539648 -23.857233 1.4409176
-3.081953 -23.877747 1.4249283
-2.498867 -23.884495 1.421322
-1.3398827 -23.898703 1.416662
-0.76251954 -23.905273 1.4155518
0.39111328 -23.918396 1.4157959
0.9687109 -23.925217 1.4171731
2.1270506 -23.915844 1.421044
2.7215428 -24.019722 1.4306985
3.3495507 -24.306398 1.452168
3.5093164 5.2097993 0.37177062
1.0404687 3.9893823 0.24400528
0.25427735 4.0840912 0.24218063
-0.14029297 4.0895658 0.24217895
-0.33851561 4.0923185 0.24302718
-0.43822265 4.0937042 0.24366638
-0.63960934 4.0964971 0.24538513
-0.74148434 4.0979133 0.24646911
-1.0533984 4.1022444 0.25066483
-1.6033007 4.1098819 0.26109329
-1.7192773 4.1114936 0.26375458
-1.9588672 4.1148224 0.26972014
-2.2101171 4.1183124 0.27662063
-2.4752147 4.1219974 0.28456268
-2.6136913 4.1239228 0.28896439
-2.7566407 4.1259089 0.29367799
-3.2161913 4.1322966 0.30991271
-3.3811717 4.1345901 0.31611067
-4.2262497 4.054915 0.34663895
-5.0036521 4.149528 0.38472229
-5.2611718 4.1531086 0.3967067
-6.480742 4.1700711 0.4561038
-7.674531 4.1866779 0.51740706
-8.1480856 4.1932659 0.54235607
-9.2485743 4.2085748 0.60138303
-9.6913471 4.1309357 0.62351376
-11.446796 4.2393546 0.72244686
-16.199297 -23.731537 1.7005841
-14.585488 -23.751169 1.6495855
-13.808359 -23.751652 1.6260357
-13.057578 -23.761198 1.60466
-12.325879 -23.7705 1.5847464
-11.611699 -23.779579 1.5662167
-4.2730861 -9.9398994 0.64035064
-4.0941014 -10.194311 0.65018827
-3.8526757 -10.305089 0.65113616
-3.474375 -10.023813 0.62788558
-3.3502734 -10.47563 0.65093398
-3.0982225 -10.558748 0.65126646
-5.1605859 -23.853682 1.44444
-4.5626559 -23.860607 1.4377774
-3.9699023 -23.867468 1.4320019
-2.7968359 -23.881046 1.4230603
-1.6357226 -23.895336 1.4175546
-1.0578125 -23.901913 1.4160196
-0.48085937 -23.908478 1.4153073
0.095878907 -23.915035 1.4154186
0.67312497 -23.925383 1.4165829
1.8288085 -23.901867 1.418764
2.4125977 -23.929224 1.4234301
3.6787889 -24.553625 1.4694232
1.0930274 3.9886541 0.24476685
0.88935542 3.9914787 0.24202408
0.78910154 3.9928691 0.24088471
0.68972653 3.9942498 0.23989394
0.60349607 4.079246 0.24405394
0.20605469 4.0847602 0.24206039
-0.089785151 4.0888653 0.24205321
-0.18857421 4.0902371 0.24233398
-0.28765625 4.0916133 0.24275589
-0.48714843 4.0943828 0.24403091
-0.58781248 4.0957794 0.24488892
-0.7915625 4.0986075 0.24705474
-1.1052539 4.1029644 0.25148666
-1.4321679 4.1075053 0.2574527
-1.5448437 4.1090703 0.25981125
-1.6596484 4.1106658 0.26236755
-1.7767968 4.1122928 0.26513016
-1.8965429 4.1139569 0.26810896
-2.2734962 4.1191936 0.27845871
-2.6829295 4.1248846 0.29122588
-2.8281834 4.126905 0.29609954
-2.978457 4.1289921 0.30131698
-3.4642382 4.135745 0.31929687
-3.6396093 4.1381831 0.32616851
-3.822871 4.1407318 0.33354002
-4.3286524 4.0563407 0.35109359
-4.8777342 4.1477752 0.37894973
-5.1274219 4.1512494 0.39045334
-5.39291 4.1549406 0.40292129
-5.6760545 4.1588788 0.4164595
-5.9791017 4.163095 0.43119964
-7.0354295 4.1777873 0.48427016
-8.3963671 4.1967192 0.55555558
-8.9447651 4.2043486 0.58495802
-9.3590822 4.1265092 0.60536468
-10.238945 4.2225494 0.6554997
-11.01125 4.233295 0.69820189
-22.050077 -9.446867 1.4197613
-20.793182 -9.5082102 1.353204
-20.392303 -10.542068 1.3586526
-14.98912 -23.746256 1.6619881
-14.200449 -23.746664 1.6375723
-13.439219 -23.756348 1.6154101
-12.698027 -23.765768 1.5947579
-11.975019 -23.774963 1.5755154
-11.270664 -23.787931 1.5579214
-4.0046678 -10.321552 0.65524995
-2.9750586 -10.599553 0.65157729
-6.0752344 -23.840315 1.4560806
-5.4687304 -23.850111 1.4482007
-4.8679099 -23.857069 1.4410712
-4.2725978 -23.863964 1.4348456
-3.6820703 -23.8708 1.4295019
-3.0955858 -23.877588 1.4250211
-1.9319531 -23.891968 1.4186572
-0.77599609 -23.905119 1.41557
-0.19923827 -23.911682 1.4152609
0.3776367 -23.918243 1.4157758
0.95523435 -23.925224 1.4171387
2.1133983 -23.915205 1.4209335
3.3339844 -24.294706 1.4513552
4.0442772 -24.981781 1.4977924
3.5111132 5.2061176 0.3716487
1.0428711 3.9893506 0.24403991
0.94103515 3.9907622 0.24266617
0.65492189 4.0785332 0.24447554
0.55457032 4.0799251 0.24368729
0.45480469 4.0813093 0.24304321
0.35552734 4.0826859 0.24254379
0.25658202 4.0840592 0.2421875
-0.23691405 4.0909085 0.24252166
-0.33619139 4.0922871 0.24301361
-0.84189451 4.0993061 0.24767685
-0.94580078 4.10075 0.2490712
-1.0509375 4.10221 0.25062621
-1.2655078 4.1051898 0.25424513
-1.8349218 4.113101 0.26655653
-1.955996 4.1147833 0.26964554
-2.2071092 4.1182709 0.27653441
-2.4720311 4.1219535 0.28446364
-2.9008985 4.127913 0.29860258
-3.0537889 4.1300397 0.30399626
-3.2124219 4.1322441 0.30977356
-3.3772459 4.1345344 0.315961
-3.91541 4.1420169 0.33733565
-4.1041989 4.1371284 0.34490097
-4.221406 4.0548491 0.34642914
-4.6667185 4.068665 0.36643738
-4.9977927 4.1494451 0.38445356
-5.2549806 4.1530228 0.39641538
-6.4725194 4.1699576 0.45569167
-7.2327342 4.1805315 0.49442855
-7.6639843 4.1865325 0.5168553
-9.2342768 4.2083759 0.60060972
-9.6757221 4.1307173 0.62265819
-10.603887 4.2276263 0.67562699
-11.42625 4.239069 0.72129971
-20.841406 -9.8286715 1.3637829
-17.065332 -23.721003 1.7294894
-15.399004 -23.741272 1.6748153
-14.603788 -23.750946 1.6501424
-3.4843554 -10.034309 0.62866545
-3.1041405 -10.556803 0.65125382
-6.3886719 -23.837132 1.4605874
-5.1745896 -23.853519 1.4446048
-4.5765624 -23.860443 1.4379224
-3.9836719 -23.86731 1.432128
-3.3952343 -23.874119 1.4272064
-1.071328 -23.90176 1.4160448
0.082421876 -23.914885 1.4154092
1.8151758 -23.90123 1.4186673
2.3989258 -23.928583 1.4233111
4.4679103 -25.677696 1.5425683
3.5656836 5.1488042 0.37067091
3.5041015 5.330102 0.3775273
0.69205076 3.9942169 0.23991577
-8.6824608 4.200561 0.35312912
-9.2624998 4.2086225 0.37248245
-10.639609 4.2279582 0.41916487
-14.591113 4.2237248 0.5561409
-18.216835 4.3332915 0.68556458
-21.581152 -9.5773926 0.86444122
-20.693691 -9.7875471 0.83810914
-20.461542 -10.288735 0.83851105
-17.901524 -23.713547 1.0877963
-16.179569 -23.7313 1.0515692
-15.360995 -23.741266 1.0352856
-13.791172 -23.752913 1.0055941
-13.040839 -23.762438 0.99239349
-12.309511 -23.771723 0.98009366
-11.595683 -23.780788 0.96865171
-10.898594 -23.791307 0.95809144
-4.0291991 -10.049088 0.39638838
-3.7852733 -10.940675 0.42385709
-3.0624609 -10.458711 0.3989923
-6.3601561 -23.83798 0.9032864
-5.7495899 -23.844173 0.89799559
-3.9562304 -23.868408 0.8857919
-1.0443945 -23.902763 0.87596405
0.10933594 -23.915888 0.87561429
0.68660152 -23.925375 0.87631589
1.8423828 -23.902504 0.87771207
2.4263086 -23.929861 0.8806076
4.5163865 -25.783966 0.95837158
3.5584373 5.1507478 0.22920577
0.88697267 3.9914556 0.14969741
0.78675777 3.9928448 0.14899413
0.68740231 3.9942229 0.14838485
0.60113281 4.0792203 0.1509587
0.5011133 4.0806084 0.15051879
0.30253905 4.0833621 0.14990768
0.10511719 4.086103 0.14964752
0.0065429686 4.087471 0.14964828
-0.092089839 4.0888395 0.14973617
-0.19085938 4.0902104 0.14991149
-0.28996092 4.0915875 0.15017441
-1.3240039 4.1059418 0.15794693
-1.434746 4.1074796 0.15929154
-1.8993163 4.1139312 0.16589507
-2.0219336 4.115633 0.16788177
-2.1475389 4.1173782 0.17001632
-2.2765038 4.1191692 0.1723085
-2.5455077 4.1229057 0.17739852
-3.1378515 4.1311345 0.18993118
-3.4681835 4.1357231 0.19760956
-3.8271873 4.1407108 0.20643555
-4.126328 4.0534453 0.21177001
-4.3335352 4.0563235 0.21731766
-4.5520115 4.0593586 0.22330154
-5.399199 4.1549311 0.24942993
-6.3123045 4.1676211 0.27693313
-7.0444727 4.1777959 0.2998558
-7.4584765 4.1835489 0.3130928
-9.3734961 4.1265631 0.37496474
-11.030039 4.2333865 0.43255445
-11.913242 4.2456632 0.4630377
-17.211758 4.3193216 0.64969647
-19.285391 4.3481464 0.72379833
-20.852421 -10.164851 0.84932554
-20.097773 -10.404166 0.82857269
-14.183046 -23.747936 1.012717
-13.422324 -23.757597 0.99903226
-12.681445 -23.767004 0.98627532
-11.254179 -23.787729 0.96346736
-4.1206641 -9.9209042 0.39330932
-3.6048632 -10.017421 0.38978225
-7.9290819 -23.82206 0.91921842
-6.6754098 -23.834782 0.90621608
-6.0610938 -23.841013 0.90063107
-5.454824 -23.851065 0.89578122
-4.2588868 -23.864906 0.88754487
-3.0820508 -23.878523 0.88149166
-1.3399218 -23.899405 0.87637693
-0.76253903 -23.905972 0.87568879
0.3911328 -23.919094 0.87584472
0.96873045 -23.925217 0.876665
1.5461328 -23.905483 0.8770529
2.7215428 -24.019709 0.88503414
3.3495507 -24.306372 0.89831203
4.0622654 -25.00326 0.92742217
3.6344922 5.124444 0.23001358
0.93865234 3.9907372 0.15009399
0.83791012 3.9921343 0.14934342
0.73814452 3.9935186 0.1486847
0.65253907 4.0785074 0.15121886
0.55222654 4.0798979 0.15073273
0.45248047 4.0812836 0.15033691
0.35320312 4.0826592 0.1500299
0.25427735 4.0840325 0.1498117
0.056972656 4.086772 0.14963698
-0.041601561 4.08814 0.14968017
-0.33849609 4.0922599 0.15033539
-0.43822265 4.0936456 0.15073043
-0.53855467 4.095037 0.15121597
-0.63960934 4.0964384 0.15179412
-0.74146485 4.0978532 0.1524646
-0.84429687 4.0992804 0.15323059
-0.94822264 4.1007242 0.15409455
-1.0533789 4.1021833 0.15505996
-1.2680273 4.1051631 0.15730271
-1.3778321 4.1066899 0.15858932
-1.6032813 4.1098199 0.16151047
-2.082871 4.1164789 0.16890502
-2.210078 4.1182466 0.17111573
-2.4751563 4.1219282 0.17602845
-2.6136522 4.1238518 0.17875107
-2.756582 4.1258368 0.18166672
-2.9043748 4.1278911 0.1847882
-3.0573828 4.1300163 0.1881308
-3.3811133 4.1345124 0.19554351
-3.5529687 4.1369014 0.19965209
-3.7323046 4.1393938 0.20405823
-4.4387302 4.057785 0.22018355
-5.0035353 4.1494327 0.23798493
-5.5353317 4.1568241 0.25343993
-5.8283591 4.1608953 0.26218385
-6.480566 4.1699591 0.28214064
-7.6742969 4.1865497 0.32006025
-8.6696291 4.2003827 0.35270399
-9.6910152 4.1307807 0.38569397
-11.446308 4.2391715 0.44688705
-13.486934 4.2675357 0.51791304
-16.306562 4.3067374 0.61748701
-18.168613 4.3326216 0.68384153
-14.585195 -23.75071 1.0204235
-13.058125 -23.76222 0.99268889
-12.326386 -23.771511 0.98036927
-10.914726 -23.791147 0.95833218
-10.230586 -23.798035 0.94838989
-3.8514647 -10.301807 0.40266678
-3.7844725 -10.918462 0.42307875
-3.0683007 -10.456779 0.39898422
-5.7637696 -23.84403 0.89811367
-5.1607423 -23.854469 0.89356321
-3.9700389 -23.86825 0.88587034
-1.057832 -23.902613 0.87597901
0.67312497 -23.925383 0.87630093
1.2507226 -23.9177 0.87687165
4.4896092 -25.716501 0.95577055
3.561914 5.149549 0.22924179
0.99060547 3.9900157 0.15051407
0.50345701 4.0805769 0.1505284
0.30484375 4.0833306 0.14991318
0.20605469 4.0847025 0.14973709
0.10742188 4.0860701 0.14964843
0.0088476557 4.0874395 0.14964721
-0.18855469 4.090179 0.14990646
-0.28763673 4.0915546 0.15016739
-0.38712889 4.0929351 0.15051681
-0.48714843 4.0943241 0.15095657
-0.7915625 4.0985489 0.15282623
-0.89490235 4.0999832 0.15364043
-1.2125195 4.104394 0.15668838
-1.3214452 4.1059051 0.15791656
-1.4321289 4.1074433 0.15925811
-1.6596289 4.1106024 0.16229828
-1.7767577 4.1122284 0.16400802
-2.0190234 4.1155925 0.1678337
-2.4058983 4.1209674 0.17470551
-2.6828711 4.1248136 0.1801503
-2.9783788 4.1289177 0.18639159
-3.1341405 4.1310835 0.18984771
-3.2958789 4.1333308 0.19354858
-3.6395507 4.1381035 0.20176499
-3.8227928 4.1406498 0.20632492
-4.0146093 4.1433148 0.21122283
-4.1216016 4.0533795 0.21164718
-4.3285742 4.056253 0.21718735
-4.5467577 4.0592852 0.22315383
-4.8776364 4.1476822 0.23441467
-5.127285 4.1511531 0.24153045
-7.4483981 4.1834102 0.3127687
-7.8999414 4.1896853 0.32739058
-8.3961134 4.1965823 0.34365708
-9.3587303 4.1263566 0.37446961
-11.891152 4.2453556 0.4622725
-12.90543 4.2594547 0.49756345
-15.168612 4.2071123 0.57631695
-17.168379 4.3187175 0.64815092
-20.114981 -10.39869 0.82903898
-15.7958 -23.735973 1.0438614
-14.988848 -23.745798 1.0280627
-14.201074 -23.747707 1.0130471
-13.439824 -23.757376 0.99933928
-12.698554 -23.766787 0.98656553
-10.578867 -23.794529 0.95338225
-4.1247849 -9.9151039 0.39317107
-7.9439254 -23.821909 0.91938323
-6.0753708 -23.840868 0.90075439
-5.4689059 -23.850903 0.89588928
-4.2726951 -23.864746 0.88762724
-2.5125389 -23.885111 0.87931031
-1.9320117 -23.892666 0.8776114
-1.353418 -23.89925 0.87639862
-0.77601558 -23.905817 0.87570006
-0.19925781 -23.91238 0.87550807
0.95523435 -23.925222 0.87664425
2.1133983 -23.915201 0.87899381
4.0442967 -24.981726 0.92653745
1.0428516 3.9892919 0.15096129
0.84025389 3.9921014 0.14935912
0.74046874 3.9934869 0.14869934
0.65490234 4.0784745 0.15123138
0.35550779 4.0826273 0.15003647
0.25658202 4.084002 0.14981537
-0.039296873 4.0881085 0.14967789
-0.13796875 4.0894756 0.14980698
-0.23689453 4.0908513 0.15002227
-0.33617187 4.092227 0.15032744
-0.53623044 4.0950055 0.1512036
-0.73908204 4.0978217 0.15244827
-1.4868945 4.1082034 0.1599559
-1.6006055 4.1097822 0.16147384
-1.8349023 4.1130352 0.16488983
-2.2070704 4.1182051 0.17106216
-2.4719727 4.1218839 0.17596741
-2.7532227 4.1257901 0.18159622
-2.9008594 4.1278424 0.18471329
-3.3771875 4.1344585 0.1954512
-3.5488672 4.1368451 0.199552
-3.7280273 4.1393342 0.20395111
-3.9153318 4.1419353 0.20867248
-4.1041794 4.1371183 0.21336105
-4.6666212 4.0685735 0.22667007
-4.997695 4.1493511 0.23781921
-5.2548633 4.1529241 0.24521682
-5.5287108 4.1567302 0.25324446
-6.134902 4.1651545 0.27148452
-6.8369532 4.1749115 0.29329208
-7.2325191 4.1804094 0.3058458
-8.1362104 4.1929703 0.33511138
-9.2339649 4.2082267 0.37152541
-10.603456 4.227458 0.41792938
-11.425761 4.2388873 0.44617844
-12.367812 4.2519817 0.47882125
-20.65955 -9.7429152 0.83628082
-20.496855 -10.277541 0.83948088
-17.943085 -23.713047 1.0887036
-17.06496 -23.720524 1.0698428
-15.39873 -23.740808 1.0360239
-10.246406 -23.797873 0.94861507
-4.0375977 -10.037292 0.39610168
-3.8569531 -10.298841 0.40263504
-3.0741405 -10.454856 0.39897627
-6.3888083 -23.83769 0.9035455
-5.1747656 -23.854305 0.89366698
-3.983789 -23.86809 0.88594604
-3.3953514 -23.874899 0.88290435
-2.8105273 -23.881664 0.88039088
-1.071328 -23.902458 0.87599361
-0.4943164 -23.909023 0.87554258
0.082421876 -23.915583 0.87559962
1.237246 -23.918259 0.87686521
1.8151758 -23.90123 0.8775897
3.0059373 -24.109749 0.88954067
3.6628711 -24.541639 0.9084689
4.4678907 -25.677591 0.95423031
3.565371 5.1483488 0.22927825
3.5029101 5.3282804 0.23345901
0.89169919 3.9913886 0.1497322
0.69205076 3.9941595 0.14841019
-9.262187 4.2084732 0.14320359
-12.414668 4.2524457 0.18471953
-14.591093 4.2237186 0.21382019
-18.215664 4.3330073 0.26356217
-20.117773 4.2756228 0.2895079
-23.537889 4.412056 0.33709258
-27.542812 4.4780793 0.39279038
-17.900742 -23.712528 0.41819975
-17.024452 -23.720533 0.41099241
-16.179258 -23.730831 0.40428939
-15.360703 -23.740803 0.39803115
-14.56291 -23.744167 0.39208189
-13.791777 -23.753944 0.38663512
-12.309999 -23.772734 0.37683472
-11.596171 -23.781784 0.3724243
-10.898438 -23.790949 0.36835372
-10.214628 -23.797836 0.36453658
-9.5444527 -23.804585 0.36100981
-8.2410345 -23.819466 0.35478392
-7.6050391 -23.825912 0.35204786
-5.7497067 -23.844727 0.3452597
-3.9563475 -23.869188 0.34057206
-1.6223047 -23.896889 0.33714736
-0.46740234 -23.910027 0.33662626
0.10935546 -23.916586 0.33665726
0.68664062 -23.925375 0.33691514
1.8424023 -23.902502 0.33745116
3.0346875 -24.118843 0.34217101
3.5113084 5.3541913 0.090127409
1.0905664 3.9885712 0.058203734
0.98820311 3.9899902 0.057860259
0.88697267 3.9913957 0.057553556
0.78675777 3.9927862 0.057283171
0.68740231 3.9941642 0.057048645
0.60111326 4.0791607 0.058038328
0.50109375 4.0805497 0.057869717
0.30253905 4.0833039 0.057634428
0.10511719 4.0860443 0.057534177
-0.1908789 4.0901518 0.057635345
-0.28996092 4.0915275 0.057736967
-0.48947266 4.094296 0.058041684
-0.59015626 4.0956941 0.058247071
-0.79394531 4.0985222 0.058763273
-0.8973242 4.0999556 0.059076995
-1.215039 4.1043668 0.060251921
-1.3239844 4.1058793 0.060724944
-1.4347265 4.1074176 0.06124191
-1.7795117 4.1122012 0.063071288
-1.8992969 4.1138663 0.063780516
-2.0218749 4.1155667 0.064544521
-2.2764647 4.119101 0.066246644
-2.4090037 4.1209416 0.067191467
-2.5454493 4.1228352 0.068203278
-2.8315234 4.1268072 0.070448451
-3.8270898 4.1406293 0.079367213
-4.0191407 4.1432953 0.081253506
-4.5519137 4.0592694 0.085849911
-4.8831835 4.1476703 0.090184323
-5.3990622 4.1548333 0.095896147
-6.3121481 4.1675115 0.10646942
-7.458281 4.1834259 0.12037216
-7.9108005 4.1897078 0.12600677
-8.4080267 4.1966128 0.13227554
-9.3731642 4.1264114 0.14415771
-14.117363 4.2760892 0.20763412
-15.202754 4.2073612 0.22205138
-17.210684 4.3190532 0.24977127
-19.284061 4.3478446 0.27826124
-18.360214 -23.706989 0.42208099
-15.776328 -23.735737 0.40117782
-14.970038 -23.745562 0.39510193
-12.681992 -23.768017 0.37921128
-10.562754 -23.794331 0.36645126
-9.2218161 -23.807835 0.3593843
-7.2979488 -23.829027 0.35080063
-6.0612302 -23.84157 0.34626859
-4.8542576 -23.858803 0.34272459
-4.2590232 -23.865688 0.34124345
-3.0821483 -23.879299 0.33891922
-2.4990039 -23.886044 0.3380571
-1.3399414 -23.900099 0.33695129
-0.76255858 -23.906668 0.33668548
0.39115232 -23.919792 0.33674225
1.5461328 -23.905483 0.33719802
2.1270506 -23.91584 0.3379744
2.7215624 -24.019693 0.34025741
3.3495312 -24.306326 0.34537292
3.6341796 5.1239934 0.088424683
1.0404297 3.9892657 0.058030698
0.93865234 3.9906785 0.05770462
0.83791012 3.9920757 0.057417296
0.65253907 4.0784478 0.058138426
0.45246091 4.0812259 0.057799224
0.3531836 4.082602 0.057681426
0.2542578 4.0839753 0.057597045
0.15556641 4.0853448 0.057547301
0.056992184 4.0867133 0.057529755
-0.041582029 4.0880814 0.05754669
-0.14029297 4.0894489 0.05759735
-0.23921874 4.0908246 0.057680968
-0.53855467 4.0949783 0.05813751
-0.84429687 4.0992203 0.058911894
-0.94822264 4.1006632 0.059243925
-1.0533789 4.1021223 0.05961502
-1.2680273 4.1051021 0.060477447
-1.3778321 4.1066265 0.060971983
-1.4895117 4.1081767 0.061510619
-1.6032422 4.109755 0.062094726
-1.958789 4.1146917 0.064147033
-2.9042969 4.1278167 0.071045071
-3.0573242 4.1299434 0.072329253
-3.2160547 4.1321454 0.073704988
-3.7322264 4.1393108 0.078452602
-4.438652 4.0576997 0.084652402
-6.1423435 4.165153 0.1044638
-6.4803905 4.1698456 0.10847107
-8.1475582 4.192996 0.12898315
-8.6693354 4.2002411 0.13559982
-9.2479095 4.2082758 0.14302017
-9.6906252 4.1306243 0.14828171
-10.621074 4.2275395 0.16091186
-11.44582 4.2389922 0.17180756
-12.390957 4.2521148 0.18440215
-14.590957 4.232585 0.21385391
-18.16744 4.3323383 0.26289961
-20.058378 4.2747989 0.28868774
-23.45912 4.4109612 0.33600035
-17.044512 -23.720289 0.41115326
-14.584922 -23.750254 0.3923094
-13.80957 -23.753719 0.38675764
-13.058691 -23.763241 0.38167694
-12.326933 -23.772518 0.37693924
-10.91457 -23.790789 0.36844572
-3.8502147 -10.298532 0.15476349
-8.2560549 -23.819313 0.35485014
-7.6198044 -23.825764 0.35211089
-5.763906 -23.844582 0.34530562
-3.9701562 -23.869028 0.34060347
-2.7970312 -23.882597 0.33847335
-2.215332 -23.890139 0.33772367
-1.6358203 -23.896736 0.33716246
-1.0578907 -23.903307 0.3367961
0.095878907 -23.916433 0.33665588
0.67310548 -23.925383 0.33690855
1.8288085 -23.901865 0.33743209
2.4125977 -23.929218 0.3385382
4.4896092 -25.716393 0.36746445
3.5616014 5.149097 0.088127591
3.5065038 5.3402824 0.089926906
0.99060547 3.9899585 0.057866666
0.78908199 3.9927545 0.057289124
0.68972653 3.9941325 0.057053525
0.60345703 4.0791278 0.058042906
0.50343746 4.0805159 0.057872772
0.20603515 4.0846453 0.057568662
0.10742188 4.0860124 0.057534177
0.0088671874 4.0873809 0.057534482
-0.18855469 4.0901203 0.057633664
-0.28763673 4.091496 0.057734221
-0.48714843 4.0942655 0.058037411
-0.58781248 4.0956621 0.058241576
-0.68923825 4.0970697 0.058481138
-0.89490235 4.0999222 0.059069213
-0.99941403 4.1013737 0.05942047
-1.1052344 4.1028423 0.059810486
-1.2125195 4.1043329 0.060240936
-1.4321094 4.1073809 0.061229248
-1.7767577 4.112165 0.063055567
-1.8964648 4.1138263 0.06376373
-2.1445312 4.11727 0.065345153
-2.4058592 4.1208978 0.067168117
-2.8280859 4.1267595 0.070419617
-3.1341014 4.1310077 0.072989807
-3.4641016 4.1355891 0.075936891
-3.639492 4.1380243 0.077571258
-4.0145311 4.1432319 0.08120773
-4.5466795 4.0591984 0.085795134
-4.8775196 4.1475897 0.090123139
-5.3926563 4.1547427 0.095823817
-5.6757812 4.1586747 0.099043116
-7.4481835 4.1832843 0.12024628
-7.8997068 4.1895537 0.12586716
-8.9441404 4.2040582 0.13911346
-9.3583984 4.1262064 0.14397095
-11.010351 4.232945 0.16604233
-11.890605 4.2451677 0.17772232
-12.904824 4.2592521 0.1912889
-17.167305 4.3184514 0.24917664
-21.851738 4.3886409 0.313732
-21.150761 -9.6717348 0.32737198
-20.836952 -10.771918 0.3301802
-15.795488 -23.735504 0.40132704
-14.201718 -23.748747 0.38950393
-13.44041 -23.7584 0.38423416
-12.699121 -23.767799 0.37932068
-11.270312 -23.787205 0.37051162
-9.2371483 -23.80768 0.35945952
-7.9441013 -23.822475 0.35348251
-3.6823242 -23.872358 0.34000441
-3.0958006 -23.879141 0.33894011
-2.5126367 -23.885885 0.33807585
-1.353457 -23.899948 0.33695891
-0.77603513 -23.906515 0.33668852
0.95523435 -23.925224 0.33704376
1.5326562 -23.906042 0.33719558
3.3339648 -24.294638 0.34517929
3.6376367 5.1227908 0.088439479
0.84025389 3.992044 0.057422943
0.74046874 3.9934282 0.057169646
0.65488279 4.0784149 0.058143463
0.55455077 4.0798063 0.057955321
0.45478514 4.081192 0.05780258
0.2565625 4.0839434 0.057598874
0.059296872 4.086679 0.057529908
-0.039277341 4.0880499 0.057545774
-0.4358789 4.0935516 0.057946622
-0.53621095 4.0949445 0.058132779
-0.63722652 4.0963459 0.058353577
-1.2654883 4.1050677 0.060466614
-1.6005664 4.1097183 0.062080991
-1.7165039 4.1113276 0.06271255
-1.8348827 4.1129704 0.063394167
-2.0799217 4.1163712 0.06491974
-2.2070312 4.1181364 0.065767519
-2.3376172 4.1199517 0.066677243
-2.610332 4.1237369 0.06869781
-2.7531641 4.1257181 0.069817655
-2.9008007 4.127769 0.071016081
-3.0536718 4.1298919 0.072298735
-3.2123046 4.132093 0.073672175
-3.3771093 4.1343803 0.07514374
-3.7279491 4.1392522 0.078411102
-3.9152539 4.1418533 0.080227509
-4.1041794 4.1371112 0.082031399
-4.2212305 4.0546808 0.082390442
-4.4335546 4.0576286 0.084596559
-4.6665235 4.0684857 0.087149195
-4.9975781 4.1492572 0.091432191
-5.2547264 4.1528277 0.094276734
-6.1347461 4.1650481 0.10437469
-7.2323046 4.1802874 0.11758621
-7.6635156 4.186275 0.12291763
-8.1359568 4.1928349 0.12883712
-8.6565428 4.2000642 0.13543655
-9.233633 4.2080755 0.14283615
-10.603027 4.2272882 0.16067459
-13.458672 4.2669425 0.19874099
-16.266426 4.3059392 0.23685654
-19.999355 4.2740116 0.28787124
-23.380625 4.4098697 0.33491194
-17.942305 -23.712029 0.418524
-11.62916 -23.781364 0.37262556
-10.24623 -23.79752 0.36470932
-9.5755072 -23.804272 0.36116928
-3.8557031 -10.295569 0.15475249
-7.0075388 -23.831972 0.34966508
-6.3889647 -23.838247 0.34739333
-2.8106248 -23.882441 0.33849305
-1.0713671 -23.903154 0.33680159
-0.49433592 -23.909721 0.33663025
0.082421876 -23.916281 0.3366507
1.237246 -23.918259 0.33712646
1.8151758 -23.901228 0.33740723
2.3989258 -23.928576 0.33850738
3.0059373 -24.109737 0.34199631
3.6628516 -24.541595 0.34927857
4.4678712 -25.67746 0.36686918
3.5650585 5.1478958 0.088141628
3.5017188 5.3264728 0.089727625
1.0954101 3.9885051 0.058220215
0.79140621 3.9927216 0.057294615
-8.6818943 4.2002778 -0.081449278
-9.2618551 4.2083244 -0.085913844
-9.7059374 4.1306853 -0.089083098
-11.465957 4.2390962 -0.10323807
-13.513262 4.2674994 -0.11967742
-14.591074 4.2237067 -0.12828399
-16.343985 4.3067765 -0.1427394
-18.214472 4.3327265 -0.15811844
-20.116308 4.2753096 -0.17368163
-23.535898 4.411685 -0.20222534
-27.540174 4.4776435 -0.23563872
-17.899961 -23.711512 -0.25090653
-15.360391 -23.740339 -0.23880035
-14.563535 -23.745213 -0.23524718
-13.792382 -23.754978 -0.23197845
-13.041972 -23.764477 -0.22893386
-11.59668 -23.782778 -0.22347564
-10.898242 -23.790588 -0.22099608
-9.5443163 -23.804234 -0.21658812
-8.24123 -23.820032 -0.21286911
-7.6052146 -23.826477 -0.21122329
-6.3604493 -23.83909 -0.20837004
-5.7498436 -23.84528 -0.20715636
-5.1470509 -23.856201 -0.20610915
-4.5492187 -23.863115 -0.20515975
-3.9564843 -23.869965 -0.20434035
-3.3681641 -23.87677 -0.20364302
-1.6223437 -23.897585 -0.20228682
-1.0444336 -23.90416 -0.20207244
-0.46742186 -23.910723 -0.20197052
0.10935546 -23.917282 -0.20199294
1.8424023 -23.9025 -0.20246428
3.0346875 -24.118835 -0.20530273
4.5162888 -25.783459 -0.22106215
3.5100975 5.352365 -0.054055784
0.60109371 4.0791035 -0.034820404
0.50109375 4.0804901 -0.034718778
0.40162107 4.081872 -0.034638215
0.0065429686 4.0873542 -0.034517668
-0.092070311 4.0887222 -0.034537811
-0.1908789 4.0900931 -0.034578703
-0.48947266 4.0942378 -0.034822538
-0.59013671 4.095634 -0.034944456
-0.69158202 4.0970416 -0.035089415
-0.79392576 4.0984635 -0.035254974
-0.89730465 4.0998969 -0.035443269
-1.0018164 4.1013484 -0.035654448
-1.1076953 4.1028156 -0.03588913
-1.3239648 4.1058173 -0.03643173
-1.5474218 4.1089168 -0.037078857
-1.7794726 4.1121378 -0.037839811
-1.8992578 4.1138005 -0.038265381
-2.2764258 4.1190324 -0.03974472
-2.6861327 4.1247172 -0.041569062
-3.2996287 4.1332307 -0.044664152
-3.4680469 4.1355658 -0.045579527
-3.6435935 4.1380024 -0.046561737
-4.019043 4.1432123 -0.048747253
-4.126152 4.0532756 -0.048843384
-4.3333397 4.0561504 -0.050122831
-4.5518165 4.0591812 -0.05150314
-6.3119726 4.1674004 -0.063875124
-6.6634765 4.172276 -0.066394955
-7.9105272 4.1895757 -0.07559631
-8.9573631 4.2040997 -0.083564296
-11.02916 4.2330365 -0.099767759
-11.912168 4.245286 -0.10679778
-17.209608 4.3187847 -0.14984466
-11.749413 -9.7915487 -0.12918656
-18.359375 -23.705963 -0.2532222
-17.467577 -23.714651 -0.24874358
-16.60791 -23.725132 -0.24458115
-15.775996 -23.735273 -0.24068923
-14.184297 -23.750013 -0.23362502
-12.682519 -23.76903 -0.2275238
-10.562597 -23.79397 -0.21986008
-9.2216597 -23.807482 -0.21561706
-3.7270896 -10.357096 -0.09295883
-6.6757421 -23.835896 -0.20904861
-6.0614061 -23.842123 -0.20775771
-5.4551954 -23.85264 -0.20664382
-4.854414 -23.859585 -0.20562881
-4.25916 -23.866468 -0.20474488
-3.6687109 -23.873293 -0.20398314
-1.9186132 -23.894213 -0.20244339
-1.3399805 -23.900797 -0.20216446
-0.76259762 -23.907366 -0.20200942
-0.18576172 -23.913927 -0.20196609
0.96873045 -23.925215 -0.20222259
4.0622458 -25.003122 -0.21392822
3.6338475 5.1235404 -0.053047333
3.5083008 5.2082829 -0.053034361
1.0404297 3.9892082 -0.03481552
0.93863279 3.9906201 -0.034620818
0.73812497 3.9934027 -0.034295652
0.65251952 4.0783877 -0.034880217
0.5521875 4.0797806 -0.03476822
0.45246091 4.0811648 -0.034677275
0.056992184 4.0866547 -0.034515228
-0.041601561 4.0880232 -0.03452545
-0.23921874 4.090766 -0.034605864
-0.63960934 4.0963202 -0.035012815
-0.7414453 4.0977335 -0.03516693
-0.94820309 4.1006036 -0.035543669
-1.0533398 4.1020622 -0.035766296
-1.1599219 4.1035404 -0.036012419
-1.2680078 4.105041 -0.036283262
-1.7191992 4.1113029 -0.037633359
-1.8376367 4.1129451 -0.038043059
-2.2100196 4.1181121 -0.039468687
-2.4750977 4.1217899 -0.040602569
-2.7564843 4.1256952 -0.041902617
-2.9042578 4.1277447 -0.042622983
-3.0572655 4.1298676 -0.043393858
-3.2160156 4.1320696 -0.04421936
-3.380996 4.1343584 -0.045103453
-3.7321484 4.1392303 -0.047067869
-4.4385548 4.0576115 -0.05078613
-5.0033007 4.1492448 -0.054892883
-6.1421876 4.1650443 -0.062672883
-6.4802146 4.169733 -0.065076292
-6.8454294 4.1748013 -0.067713469
-7.2417774 4.1802998 -0.070616148
-7.6738281 4.1862922 -0.073822938
-9.2475777 4.2081242 -0.085803986
-10.620664 4.2273698 -0.096537165
-11.445352 4.2388115 -0.10307357
-12.39037 4.2519193 -0.11062927
-13.485585 4.2671137 -0.11945297
-16.304647 4.306231 -0.14241882
-20.056913 4.2744865 -0.17318939
-17.044159 -23.719814 -0.24667449
-14.584628 -23.749796 -0.23537643
-13.059258 -23.764259 -0.22900268
-12.327441 -23.773525 -0.22616164
-10.914394 -23.790426 -0.22105026
-10.230273 -23.797319 -0.21875915
-9.5598431 -23.804077 -0.2166371
-3.8476951 -10.291811 -0.092792965
-8.2562304 -23.81988 -0.21290755
-5.7640233 -23.845137 -0.20718002
-2.2153907 -23.890839 -0.20263122
-1.6358594 -23.89743 -0.2022943
-0.48091796 -23.910568 -0.20197265
0.095878907 -23.917128 -0.20198989
1.2507226 -23.917702 -0.2022676
1.8288085 -23.901863 -0.20245132
2.4125781 -23.929213 -0.20311263
3.0203319 -24.114279 -0.20525146
3.6787694 -24.553514 -0.20967589
3.5612695 5.148643 -0.052870024
3.5053124 5.3384576 -0.053935088
0.99058592 3.9898987 -0.034717713
0.7890625 3.9926958 -0.034370881
0.60345703 4.0790691 -0.034823149
0.50341797 4.0804582 -0.034720916
0.30484375 4.0832133 -0.034579009
0.0088671874 4.0873222 -0.034517974
-0.089765623 4.0886908 -0.034536894
-0.18855469 4.0900617 -0.03457794
-0.28763673 4.0914373 -0.034637298
-0.58781248 4.0956011 -0.034941252
-0.68919921 4.0970073 -0.0350856
-1.3214062 4.1057806 -0.03642517
-1.4320898 4.1073184 -0.03673416
-1.5447656 4.10888 -0.037071075
-1.8964453 4.1137605 -0.038255308
-2.0189648 4.1154618 -0.038712312
-2.2733788 4.1189909 -0.039731748
-2.4058008 4.1208282 -0.040297545
-2.5421875 4.1227202 -0.040903319
-3.4640429 4.1355109 -0.045558777
-3.8226562 4.1404862 -0.047590025
-5.1270704 4.1509614 -0.055710599
-5.392539 4.1546454 -0.057489317
-5.6756444 4.1585722 -0.059420623
-5.978652 4.162775 -0.061522827
-6.3040624 4.1672893 -0.063818507
-7.0348239 4.1774273 -0.069095455
-7.4479685 4.1831584 -0.072140962
-8.3955469 4.1963043 -0.079265438
-11.009883 4.232769 -0.099615015
-11.890078 4.2449799 -0.10662079
-12.904238 4.2590485 -0.11476105
-14.086601 4.2754521 -0.12432281
-15.166933 4.2066398 -0.13291489
-17.16621 4.3181839 -0.1494876
-21.850039 4.3882999 -0.18821594
-25.076385 4.4099188 -0.21502502
-11.758183 -9.7876244 -0.12920319
-18.380527 -23.705708 -0.25332764
-15.795195 -23.735039 -0.24077849
-13.440976 -23.759426 -0.23053756
-12.699648 -23.768812 -0.22758788
-11.976523 -23.777967 -0.22486587
-11.270137 -23.786842 -0.22229293
-9.901269 -23.800634 -0.21770553
-9.237031 -23.807329 -0.21566391
-7.3127537 -23.829437 -0.21050918
-4.8683786 -23.859423 -0.2056517
-3.6824217 -23.873137 -0.2040004
-1.9321289 -23.894062 -0.20245239
-1.3534961 -23.900644 -0.20217071
-0.19925781 -23.913774 -0.20196778
0.37769529 -23.920336 -0.20203872
0.95523435 -23.925222 -0.20221893
1.5326562 -23.906042 -0.20230849
2.7073827 -24.015184 -0.20410766
3.6373241 5.1223383 -0.053057555
1.0428125 3.9891741 -0.034820557
0.94099605 3.990587 -0.034624938
0.84025389 3.9919853 -0.034450989
0.45478514 4.0811334 -0.03467926
0.25658202 4.0838838 -0.034556426
0.1578711 4.0852532 -0.034526061
-0.23689453 4.090734 -0.034604035
-0.33617187 4.0921097 -0.034674529
-0.53621095 4.0948858 -0.034876555
-0.63720703 4.0962873 -0.035009459
-0.73906249 4.097702 -0.035163421
-0.94576168 4.1005692 -0.035538331
-1.0508984 4.1020269 -0.035760496
-1.1573828 4.1035051 -0.036006011
-1.2654687 4.1050053 -0.036276549
-1.3752344 4.1065278 -0.036572572
-1.6005468 4.1096539 -0.037245635
-2.2070117 4.1180706 -0.039456178
-2.4719141 4.1217461 -0.040587921
-2.6102929 4.1236663 -0.041215513
-2.7531054 4.1256461 -0.041887205
-3.0536327 4.1298175 -0.043375853
-3.5487304 4.1366863 -0.046028137
-3.7278709 4.1391716 -0.047043152
-4.1041598 4.1371012 -0.049216155
-4.4334373 4.0575395 -0.050752562
-4.6664062 4.0683951 -0.052283935
-5.2546091 4.15273 -0.056560975
-5.5284567 4.1565299 -0.058412168
-6.1345897 4.1649394 -0.062618867
-6.4720116 4.1696186 -0.06501846
-8.1356831 4.1926994 -0.077294767
-8.65625 4.1999226 -0.081254423
-9.2333002 4.2079268 -0.085693203
-11.424785 4.2385249 -0.10291
-13.458027 4.2667313 -0.11923049
-16.26545 4.3056865 -0.14209732
-23.378672 4.4095063 -0.20091735
-17.941523 -23.711008 -0.25112426
-17.064297 -23.719568 -0.24676986
-16.217773 -23.729887 -0.2427365
-15.398086 -23.739882 -0.23896927
-14.602949 -23.749575 -0.23543654
-12.344356 -23.773312 -0.22622299
-9.5753517 -23.803921 -0.21668579
-3.8531835 -10.288841 -0.092784725
-7.0077147 -23.832531 -0.20979217
-6.3891406 -23.8388 -0.20843047
-3.9840624 -23.869648 -0.20437545
-3.3955662 -23.876451 -0.20367126
-2.2289453 -23.890686 -0.20264129
-1.0714062 -23.903849 -0.20208129
0.082402341 -23.916977 -0.20198806
2.3989453 -23.928574 -0.2030957
3.662832 -24.541555 -0.20955871
4.4678516 -25.677355 -0.22011048
3.5005274 5.3246565 -0.053815152
1.0953906 3.9884441 -0.034930114
0.89167964 3.9912724 -0.034537353
0.69201171 3.9940422 -0.034232635
-8.6815815 4.2001362 -0.29873046
-9.2615042 4.2081733 -0.31510177
-9.7055664 4.1305304 -0.32672408
-10.63832 4.2274504 -0.35458604
-14.591035 4.2236967 -0.47051498
-16.343008 4.3065214 -0.52350938
-18.213242 4.3324409 -0.579898
-20.114824 4.2749958 -0.6369766
-21.011288 -9.9377508 -0.71995687
-17.899199 -23.710493 -0.92020404
-15.360078 -23.739878 -0.87584805
-13.04252 -23.765497 -0.83971167
-10.214316 -23.797121 -0.80215466
-3.8367381 -10.280122 -0.33988342
-8.2414455 -23.820597 -0.78076261
-7.6053905 -23.82704 -0.77473527
-6.9787693 -23.833385 -0.76924706
-5.7499804 -23.845833 -0.75980413
-4.5493555 -23.863895 -0.75250328
-3.9566209 -23.870747 -0.74949294
-3.3683007 -23.877546 -0.74693948
-2.7835937 -23.884304 -0.74483228
-2.2018945 -23.891691 -0.74318784
-1.6223632 -23.898281 -0.74196339
-0.46742186 -23.911417 -0.74080372
0.109375 -23.91798 -0.74087691
1.8424023 -23.902496 -0.74258238
2.4262891 -23.929853 -0.74503714
0.98816407 3.9898741 -0.12731963
0.88693357 3.9912791 -0.12664382
0.78671873 3.9926703 -0.12604965
0.68738282 3.9940495 -0.1255333
0.50109375 4.0804315 -0.12733963
0.30251953 4.0831876 -0.12682159
-0.1908789 4.0900345 -0.12682587
-0.69156247 4.096983 -0.12869766
-1.3239257 4.1057563 -0.1336232
-1.4346679 4.1072931 -0.13476044
-1.5474023 4.1088557 -0.13599685
-1.6622461 4.1104484 -0.13733703
-1.8992187 4.1137357 -0.14034744
-2.0218358 4.1154351 -0.1420282
-2.1474414 4.1171794 -0.14383392
-2.8314257 4.1266618 -0.15501785
-3.4679687 4.135489 -0.16717635
-3.6435351 4.1379228 -0.17077713
-3.8269529 4.1404667 -0.17464279
-4.0189648 4.1431279 -0.1787921
-4.1260743 4.0531926 -0.17915237
-4.3332615 4.0560651 -0.18384841
-4.5517187 4.0590935 -0.18890885
-5.3987889 4.154633 -0.21101242
-5.9858203 4.1627703 -0.22583923
-6.3118162 4.1672893 -0.23427673
-6.663281 4.1721611 -0.243517
-7.0438671 4.1774368 -0.25366974
-7.4578319 4.1831741 -0.26486588
-7.9102731 4.189445 -0.27726457
-9.3724804 4.1261101 -0.31720167
-11.91166 4.2450981 -0.39169523
-12.92914 4.2591996 -0.4216539
-14.115917 4.2756476 -0.45686081
-15.201035 4.2068892 -0.48853773
-21.917089 4.3889103 -0.69236493
-16.607578 -23.724657 -0.89703751
-14.184921 -23.751055 -0.85691547
-12.683085 -23.770044 -0.83453763
-11.960371 -23.779182 -0.82449454
-11.253652 -23.786642 -0.81509781
-10.562422 -23.79361 -0.80637348
-9.2215233 -23.807131 -0.79082131
-7.9296288 -23.823757 -0.77775353
-7.2983007 -23.830151 -0.77198714
-6.6758785 -23.836454 -0.76675385
-6.0615234 -23.842676 -0.76203352
-5.4553709 -23.853428 -0.75794715
-4.2593164 -23.867249 -0.75097632
-3.0823436 -23.880852 -0.7458542
-0.18578124 -23.914623 -0.74078834
0.39115232 -23.921186 -0.74106532
0.96873045 -23.925215 -0.74169648
1.5461328 -23.905485 -0.74202889
2.1270506 -23.915833 -0.74372441
4.0622263 -25.003065 -0.7846362
3.5079491 5.2077813 -0.19449645
0.65251952 4.0783319 -0.12793197
0.5521875 4.0797234 -0.12751998
0.2542578 4.083858 -0.12674148
0.056972656 4.086596 -0.12659362
-0.14029297 4.0893326 -0.12674011
-0.23921874 4.0907073 -0.12692474
-0.33847657 4.0920844 -0.12718414
-0.53853512 4.0948601 -0.12792908
-0.7414453 4.0976763 -0.12898514
-0.84425777 4.0991011 -0.12963378
-1.0533398 4.1020026 -0.13118072
-1.4894726 4.1080523 -0.1353514
-1.7191796 4.1112394 -0.13803025
-1.8375976 4.1128802 -0.13953307
-1.9587305 4.1145611 -0.14115234
-2.0827734 4.1162796 -0.1428926
-2.6135156 4.123642 -0.15122345
-2.9042187 4.1276727 -0.15633041
-3.2159569 4.1319938 -0.16218475
-3.3809373 4.1342826 -0.16542755
-3.5527539 4.1366653 -0.16890365
-4.2258983 4.0545783 -0.18140335
-4.6717186 4.0683794 -0.19188766
-5.0032029 4.1491499 -0.20133102
-5.2607031 4.152719 -0.20760177
-6.4800391 4.169621 -0.2386827
-7.2415624 4.1801763 -0.2589975
-7.6735935 4.1861649 -0.27075806
-8.1470509 4.1927276 -0.2838124
-8.6687689 4.1999564 -0.29837111
-9.2472658 4.2079768 -0.31469649
-9.6899023 4.1303144 -0.32627654
-10.620254 4.2272015 -0.35406432
-11.444843 4.2386284 -0.37803602
-13.484902 4.2669034 -0.43810958
-18.16502 4.3317704 -0.57844311
-23.455156 4.4102263 -0.73926133
-27.430956 4.4757328 -0.86091787
-21.025175 -9.9298162 -0.72023857
-17.92 -23.710241 -0.92058343
-17.043827 -23.719334 -0.90472627
-13.810761 -23.755785 -0.8511585
-13.059824 -23.76528 -0.83996475
-11.613632 -23.783566 -0.81984586
-10.914238 -23.790064 -0.81075394
-9.5596876 -23.803722 -0.7945677
-3.8422265 -10.277127 -0.33985671
-5.7641797 -23.845688 -0.75990653
-5.1612501 -23.856829 -0.75606704
-4.5632615 -23.863735 -0.75258023
-3.3819726 -23.877388 -0.74699187
-2.7972069 -23.884146 -0.74487311
-2.2154491 -23.891537 -0.74322295
-1.6359179 -23.898127 -0.74198514
-1.0579492 -23.904701 -0.74118316
-0.48091796 -23.911266 -0.74080849
0.67312497 -23.925381 -0.74139059
3.0203319 -24.114265 -0.75278836
3.6787694 -24.55348 -0.76904404
1.0929492 3.9884198 -0.12809402
0.88929683 3.9912462 -0.12665863
0.7890625 3.9926372 -0.12606262
0.68968749 3.9940178 -0.12554367
0.20605469 4.084528 -0.12667815
0.10742188 4.0858951 -0.12660308
0.0088476557 4.087265 -0.12660202
-0.089765623 4.0886335 -0.1266745
-0.38710937 4.0927582 -0.12733765
-0.48710936 4.0941472 -0.12770934
-0.68919921 4.0969501 -0.12868439
-0.7915234 4.098371 -0.12929183
-0.99937499 4.101254 -0.13075286
-1.2124609 4.1042094 -0.13255829
-1.3213867 4.1057205 -0.13359787
-1.544746 4.108819 -0.1359674
-1.6595508 4.1104121 -0.13730468
-1.8964062 4.1136966 -0.14030899
-2.2733397 4.1189227 -0.1457254
-2.5421484 4.1226506 -0.15002486
-2.6827343 4.1245999 -0.15240584
-2.8279686 4.1266155 -0.15495621
-2.9782226 4.1286993 -0.157686
-3.2957029 4.1331 -0.16374145
-3.6393554 4.1378655 -0.17069137
-4.0143747 4.1430645 -0.17869155
-4.5464649 4.0590215 -0.18878265
-5.1269531 4.150866 -0.20432983
-5.675488 4.1584697 -0.21793808
-6.303906 4.1671782 -0.23406997
-7.0346289 4.1773076 -0.25342056
-8.9435349 4.2037678 -0.30610383
-9.3577147 4.1259036 -0.31677383
-10.237363 4.2218938 -0.34301132
-11.88957 4.2447929 -0.39104751
-14.085859 4.2752314 -0.4559651
-15.166055 4.2064033 -0.48750517
-17.165155 4.3179154 -0.54825652
-25.076328 4.409914 -0.78866166
-11.757246 -9.7868385 -0.4738307
-17.487715 -23.713919 -0.91267729
-16.627323 -23.724417 -0.89738363
-15.794883 -23.734571 -0.88309932
-14.987948 -23.744419 -0.86975318
-12.700195 -23.769827 -0.83478218
-11.977051 -23.778971 -0.82471937
-10.578398 -23.793451 -0.80657071
-9.2368946 -23.806974 -0.79098904
-7.3129492 -23.830002 -0.77211654
-5.4694529 -23.853264 -0.75803787
-4.8685546 -23.860207 -0.75430846
-4.2731247 -23.86709 -0.75104779
-3.682539 -23.873913 -0.74824798
-1.9321679 -23.894758 -0.74256462
-1.3535156 -23.90134 -0.74153954
0.37769529 -23.921032 -0.74105591
4.0442381 -24.98151 -0.78388882
3.6370115 5.1218853 -0.19458313
3.5097461 5.2041006 -0.19443282
0.65488279 4.0782976 -0.1279428
0.55453122 4.0796905 -0.127529
0.1578711 4.085196 -0.12663193
0.059277341 4.0865641 -0.12659317
-0.039296873 4.0879326 -0.12662826
-0.63720703 4.0962286 -0.1284053
-0.94574219 4.1005096 -0.13034622
-1.0508789 4.1019683 -0.13116059
-1.2654296 4.1049442 -0.1330542
-1.3751953 4.1064668 -0.13414048
-1.4868164 4.1080155 -0.13532348
-1.6005273 4.1095929 -0.13660614
-1.7164453 4.1112003 -0.13799636
-1.8348047 4.1128411 -0.13949707
-2.0798438 4.116241 -0.1428508
-2.206953 4.1180034 -0.14471771
-2.4718554 4.1216779 -0.14886749
-3.3770115 4.1342278 -0.16535003
-3.5486522 4.1366072 -0.16881928
-3.9150975 4.1416874 -0.17653441
-4.2210546 4.0545096 -0.18128875
-4.4333591 4.0574527 -0.18615249
-4.9973631 4.1490693 -0.20119017
-5.2544727 4.1526322 -0.20744888
-5.5283203 4.1564274 -0.21423949
-5.8208203 4.1604838 -0.22162093
-6.1344137 4.1648307 -0.22966796
-6.4718356 4.1695085 -0.23846771
-6.8363867 4.1745625 -0.2481166
-8.1354294 4.1925664 -0.28349045
-8.6559572 4.1997809 -0.29801252
-10.602207 4.2269502 -0.353542
-12.366094 4.2513971 -0.40504652
-14.5908 4.2414703 -0.47066298
-16.264511 4.3054328 -0.5211491
-17.940781 -23.70999 -0.92098361
-16.217461 -23.729416 -0.89028865
-9.5751953 -23.803564 -0.79474378
-3.8476367 -10.274036 -0.33982649
-8.2714062 -23.820295 -0.7810567
-7.634902 -23.82674 -0.77500373
-6.3892579 -23.839357 -0.764494
-5.7783594 -23.845547 -0.76000327
-5.1752734 -23.856665 -0.75615513
-4.577168 -23.863573 -0.75265455
-3.9841795 -23.870426 -0.74962258
0.082421876 -23.917673 -0.7408604
0.65960938 -23.92539 -0.74138016
1.8151953 -23.90122 -0.74248081
3.0059373 -24.109709 -0.75260389
3.6628516 -24.541529 -0.76860332
4.4678516 -25.677237 -0.80730969
3.5644336 5.1469913 -0.19392914
0.79138672 3.9926054 -0.12607604
0.69201171 3.9939861 -0.12555572
-9.7052145 4.130374 -0.56468099
-10.637891 4.227282 -0.61283505
-11.464961 4.2387333 -0.65440023
-12.412949 4.2518582 -0.7024523
-16.342051 4.3062654 -0.90476179
-18.21209 4.3321562 -1.0022193
-23.531992 4.4109464 -1.2817699
-20.973183 -9.9197226 -1.2420937
-17.898418 -23.709475 -1.5903984
-17.023418 -23.719101 -1.5630502
-15.359785 -23.739414 -1.5137626
-14.564804 -23.747309 -1.4914279
-13.043105 -23.766518 -1.4514029
-11.597656 -23.784773 -1.4166789
-10.897949 -23.789867 -1.4009106
-10.214179 -23.796764 -1.386403
-9.5440235 -23.803524 -1.3729823
-3.830996 -10.264746 -0.58656806
-8.241621 -23.821163 -1.3494821
-6.3607225 -23.840204 -1.3209798
-4.5495114 -23.864679 -1.3006496
-3.9567382 -23.871529 -1.2954425
-2.7836719 -23.88508 -1.2873921
-1.6224219 -23.898981 -1.2824219
-1.0444921 -23.905554 -1.2810514
-0.46744141 -23.912119 -1.2804239
0.10935546 -23.918678 -1.2805483
1.2642187 -23.917149 -1.2822354
2.4262891 -23.92985 -1.2877012
3.0347071 -24.118805 -1.3014337
3.6947069 -24.565432 -1.329951
3.5571873 5.1489334 -0.33504516
1.0905273 3.988394 -0.22136031
0.98816407 3.989815 -0.22005203
0.78669918 3.9926128 -0.21785751
0.68738282 3.9939923 -0.21696487
0.30251953 4.0831294 -0.21919326
0.20373046 4.0845013 -0.21893905
0.10509765 4.0858684 -0.21881317
-0.59011716 4.0955157 -0.2215213
-0.69156247 4.0969219 -0.22243561
-0.89728516 4.0997772 -0.22468032
-1.0017968 4.1012273 -0.22601867
-1.1076562 4.1026959 -0.22750579
-1.4346484 4.1072297 -0.2329132
-1.5473633 4.1087918 -0.2350502
-1.7794336 4.1120086 -0.23986878
-2.0217774 4.1153693 -0.24547286
-2.545332 4.1226263 -0.25938675
-2.6860352 4.124577 -0.26350981
-2.9817576 4.1286736 -0.2726509
-3.2994921 4.1330752 -0.28313035
-3.4679101 4.1354108 -0.28893769
-3.826875 4.1403861 -0.30184096
-4.1259766 4.0531082 -0.30963883
-4.5516405 4.0590043 -0.32649338
-4.8828712 4.1473908 -0.34298065
-5.9856834 4.1626639 -0.39032486
-6.663125 4.1720476 -0.42087707
-9.3721285 4.1259589 -0.54821962
-10.253945 4.2219648 -0.59367293
-11.028222 4.232686 -0.63240647
-11.911133 4.2449102 -0.67696774
-12.928515 4.258997 -0.72873986
-14.115195 4.2754264 -0.78958619
-15.200195 4.2066507 -0.84435689
-17.20746 4.3182478 -0.94979322
-19.280039 4.3469439 -1.0581007
-21.915352 4.3885651 -1.1965724
-11.747539 -9.789979 -0.81874532
-17.466856 -23.713686 -1.576779
-16.607225 -23.724184 -1.5503894
-15.775391 -23.734341 -1.5257368
-14.185527 -23.752096 -1.4811343
-13.424648 -23.761702 -1.4611092
-12.683594 -23.771059 -1.4424545
-11.960878 -23.780186 -1.4250885
-11.253496 -23.786282 -1.4087716
-10.562284 -23.793253 -1.3936883
-9.221406 -23.806776 -1.3668187
-3.7164843 -10.327549 -0.58761585
-6.6760349 -23.837011 -1.3252637
-6.0616598 -23.843231 -1.3171014
-5.4555664 -23.854216 -1.3100543
-4.2594333 -23.868029 -1.298012
-3.6689453 -23.874851 -1.2931926
-3.0824218 -23.881628 -1.2891529
-2.4992578 -23.888367 -1.2858883
-1.3400781 -23.902191 -1.2816621
-0.76263672 -23.90876 -1.2806534
-0.18580078 -23.915321 -1.2803905
0.9687109 -23.925215 -1.2819295
2.7215428 -24.019653 -1.2941719
3.3495312 -24.306225 -1.3135763
4.0622458 -25.00301 -1.3561386
3.6332226 5.1226358 -0.3362262
3.507617 5.2072721 -0.33612975
0.73810548 3.9932866 -0.21740508
0.65249997 4.0782719 -0.22111098
0.5521875 4.0796638 -0.22039993
0.35316405 4.0824275 -0.2193727
0.15554687 4.0851703 -0.21886139
0.056972656 4.0865374 -0.21879776
-0.23919921 4.0906477 -0.21937026
-0.43820313 4.0934076 -0.22039641
-0.53853512 4.0948014 -0.22110641
-0.74142575 4.0976167 -0.22293152
-0.84425777 4.099041 -0.22405165
-0.9481836 4.1004825 -0.22531554
-1.3777539 4.1064396 -0.23188628
-1.4894335 4.1079898 -0.23393448
-1.6031641 4.1095657 -0.23615845
-2.4749999 4.1216507 -0.25738403
-2.7563868 4.1255512 -0.26562759
-3.0571485 4.1297174 -0.27507812
-3.2158983 4.1319184 -0.28031129
-3.9195116 4.1416669 -0.30527985
-5.2605662 4.1526203 -0.35880417
-5.5347853 4.1564188 -0.37056229
-6.1418748 4.1648273 -0.39728469
-6.4798632 4.1695085 -0.41252151
-6.8450584 4.1745672 -0.42923507
-7.2413473 4.1800542 -0.44763029
-7.6733594 4.1860356 -0.46795759
-8.1467772 4.1925931 -0.49051666
-8.668457 4.1998148 -0.5156796
-9.2469139 4.2078266 -0.54389364
-9.6895313 4.1301579 -0.56390405
-10.619824 4.2270317 -0.61193144
-14.590878 4.232564 -0.81334805
-16.302715 4.3057208 -0.90271991
-18.163847 4.3314886 -0.99969691
-20.053946 4.2738581 -1.0977345
-23.453182 4.4098577 -1.2776127
-27.42828 4.4752984 -1.4878411
-20.987011 -9.9117994 -1.2425829
-17.919199 -23.709223 -1.5910488
-17.043457 -23.718857 -1.5636662
-16.197695 -23.729183 -1.5381407
-13.811367 -23.756819 -1.47118
-13.06037 -23.7663 -1.451835
-12.328496 -23.775541 -1.4338166
-10.914062 -23.789703 -1.4012606
-3.8364453 -10.261648 -0.58651489
-6.9934764 -23.833801 -1.329785
-6.3750782 -23.840057 -1.3211691
-5.7642965 -23.846243 -1.3134344
-2.7973046 -23.884922 -1.2874633
-2.2155273 -23.892239 -1.2846037
-1.635957 -23.898829 -1.2824641
-1.0579492 -23.905399 -1.2810724
0.67314452 -23.925383 -1.2813989
3.0203319 -24.11425 -1.301097
3.6787694 -24.553442 -1.3291879
0.88927734 3.9911888 -0.21891098
0.68968749 3.9939604 -0.21698394
0.60343748 4.0789518 -0.22074692
0.50341797 4.0803409 -0.22010085
0.40392578 4.0817218 -0.21958557
0.20603515 4.0844693 -0.21894348
-0.18855469 4.0899444 -0.21919173
-0.28761718 4.09132 -0.2195726
-0.58777344 4.0954838 -0.22150145
-0.68919921 4.09689 -0.22241241
-0.89486325 4.0997429 -0.22465087
-0.99937499 4.101193 -0.22598556
-1.2124609 4.1041484 -0.22910751
-1.3213671 4.1056585 -0.23090363
-1.4320507 4.107193 -0.23286529
-1.6595117 4.1103473 -0.23730941
-2.2733006 4.118854 -0.25186369
-2.8279297 4.1265421 -0.26781783
-3.1339257 4.1307831 -0.27758881
-3.4639063 4.1353559 -0.28879729
-3.8225 4.1403251 -0.3016803
-4.014297 4.1429801 -0.30883956
-4.8772068 4.1473103 -0.34274748
-5.1268554 4.1507683 -0.35314971
-5.9783397 4.1625628 -0.38999999
-6.3037305 4.1670685 -0.40455198
-6.6545897 4.1719294 -0.4204866
-7.0344138 4.1771879 -0.43799195
-7.4475193 4.1829095 -0.45729813
-7.8989453 4.1891594 -0.47867385
-8.943222 4.20362 -0.52904266
-9.3573828 4.1257539 -0.54749244
-10.236953 4.2217302 -0.59282744
-14.085136 4.2750115 -0.78804076
-15.165195 4.2061677 -0.84254336
-17.164082 4.317647 -0.947537
-19.226328 4.346199 -1.0552866
-25.076288 4.4099078 -1.3631042
-16.626972 -23.723942 -1.550983
-11.977558 -23.779972 -1.4254812
-11.269824 -23.786116 -1.4091393
-10.578242 -23.793093 -1.3940279
-9.9009571 -23.799923 -1.3800324
-9.2367573 -23.806623 -1.3671136
-7.9446678 -23.824171 -1.3445235
-5.4696484 -23.854055 -1.310212
-4.868711 -23.860992 -1.3037622
-4.2732811 -23.86787 -1.2981294
-3.0960937 -23.881472 -1.2892418
-1.3535742 -23.90204 -1.2816931
0.37769529 -23.92173 -1.2808567
1.5326562 -23.906044 -1.2824861
2.7073631 -24.015156 -1.2938436
4.0442381 -24.981459 -1.3548436
3.6366796 5.1214323 -0.33628097
3.509414 5.203598 -0.33601972
0.84021485 3.9918694 -0.21839035
0.45476562 4.0810161 -0.21983321
0.2565625 4.0837665 -0.21905899
-0.33615234 4.0919914 -0.21980651
-0.43585935 4.0933757 -0.22038177
-0.5361914 4.0947685 -0.22108825
-0.73904294 4.0975823 -0.2229071
-0.94574219 4.1004486 -0.22528441
-1.0508789 4.1019073 -0.22669113
-1.1573633 4.1033831 -0.22824997
-1.2654296 4.1048832 -0.22996444
-1.4867969 4.1079521 -0.23388457
-1.6004882 4.1095281 -0.23610428
-1.7164258 4.111136 -0.23850571
-2.2069335 4.1179361 -0.25012282
-2.3374999 4.1197453 -0.25358474
-2.4718163 4.1216068 -0.25729477
-2.7530077 4.1255045 -0.26552519
-2.9006445 4.1275506 -0.27008238
-3.0535157 4.1296687 -0.27496001
-3.9150195 4.1416059 -0.30511215
-6.4716601 4.169395 -0.41214859
-6.8361912 4.1744452 -0.42882612
-9.2326565 4.2076297 -0.54319298
-9.6738863 4.1299419 -0.56312978
-10.601758 4.2267804 -0.61102837
-11.423808 4.2381644 -0.65232551
-12.365527 4.2512016 -0.70003837
-14.590781 4.2414627 -0.81347698
-18.115723 4.3308234 -0.99718696
-19.999258 4.2739825 -1.0948724
-27.322441 4.4738336 -1.482234
-17.940001 -23.708969 -1.5917625
-17.063612 -23.718613 -1.5642825
-13.077715 -23.766081 -1.4522734
-12.34539 -23.77533 -1.4342211
-11.630605 -23.784353 -1.4174289
-10.245801 -23.796444 -1.387058
-3.8418357 -10.258564 -0.58646107
-8.2716208 -23.820862 -1.3499944
-7.635078 -23.827305 -1.3395287
-7.0080271 -23.833649 -1.3299948
-5.7784958 -23.846098 -1.3136065
-5.1754293 -23.857452 -1.3069617
-3.9843163 -23.871208 -1.29567
-3.3957617 -23.878008 -1.2912157
-1.0714843 -23.905247 -1.2810977
-0.49437499 -23.911812 -1.2804356
0.082421876 -23.918373 -1.2805248
0.65958983 -23.925388 -1.2813799
4.467793 -25.677094 -1.395326
3.4981444 5.3210468 -0.34092072
0.99291015 3.989749 -0.2201097
0.8916406 3.9911559 -0.21893707
0.69201171 3.9939263 -0.21700363
-9.7048244 4.130218 -0.80319846
-10.63748 4.2271113 -0.87168622
-11.464453 4.2385502 -0.93080413
-12.412363 4.2516632 -0.9991492
-13.51123 4.266861 -1.0790039
-21.251112 3.9833598 -1.6465205
-21.341112 3.4697266 -1.646528
-21.97793 2.4927063 -1.6844125
-23.575449 1.5274322 -1.7991035
-23.605448 0.9584375 -1.7991062
-23.624258 -0.18090759 -1.7991087
-23.588026 -1.3198172 -1.7991071
-23.496874 -2.4556634 -1.7991009
-23.350956 -3.5857797 -1.7990905
-23.257656 -4.1478672 -1.7990838
-23.03039 -5.2644458 -1.7990671
-22.749453 -6.3687167 -1.7990463
-20.676054 -8.0060892 -1.6884608
-19.543926 -9.2437258 -1.6463995
-18.823847 -10.632071 -1.6463449
-18.561758 -11.082829 -1.6463249
-19.983301 -12.595082 -1.7988368
-19.673534 -13.073176 -1.7988131
-19.352285 -13.543659 -1.7987885
-19.019688 -14.006201 -1.798763
-18.676151 -14.460595 -1.7987367
-18.321718 -14.906578 -1.7987095
-17.195312 -16.191298 -1.7986232
-16.799511 -16.601006 -1.7985928
-16.394003 -17.001015 -1.7985616
-15.978945 -17.391144 -1.7985296
-15.554628 -17.771111 -1.798497
-14.679062 -18.499758 -1.7984295
-14.228359 -18.848034 -1.7983947
-12.345703 -20.12929 -1.7982495
-11.856386 -20.420759 -1.7982118
-11.360273 -20.700338 -1.7981734
-10.348417 -21.223104 -1.7980952
-9.3126364 -21.696413 -1.7980151
-7.0566211 -22.107815 -1.7672626
-6.4762301 -22.11738 -1.7550247
-5.9034958 -22.126631 -1.7439506
-5.3375583 -22.135586 -1.7340031
-4.223125 -22.152674 -1.7173724
-3.673203 -22.160835 -1.7106369
-3.1271875 -22.168756 -1.7049277
-2.5845506 -22.176447 -1.7002305
-2.0444727 -22.183924 -1.6965299
-1.5065038 -22.191189 -1.6938145
-0.43406248 -22.205133 -1.6913081
0.10158203 -22.21183 -1.6915137
1.1747851 -22.224705 -1.6948379
2.2548242 -22.238518 -1.7022113
5.1870899 -23.018625 -1.7968887
5.7405858 -22.886293 -1.7968456
7.3795309 -22.409765 -1.7967176
9.5029097 -21.592747 -1.7965518
10.532578 -21.108507 -1.7964714
11.038359 -20.847883 -1.7964317
12.515821 -19.994062 -1.796316
13.464785 -19.366489 -1.7962418
14.828731 -18.341316 -1.7961347
15.695273 -17.604296 -1.7960668
16.114941 -17.220362 -1.7960337
16.925938 -16.422697 -1.79597
17.316816 -16.009478 -1.7959391
17.697519 -15.586894 -1.7959093
18.427969 -14.714959 -1.7958516
18.777128 -14.266067 -1.7958241
19.442656 -13.343693 -1.7957715
19.758514 -12.870738 -1.7957464
20.062891 -12.39032 -1.7957224
20.355625 -11.902719 -1.7956991
20.636465 -11.408214 -1.7956768
20.905371 -10.907072 -1.7956555
21.638475 -9.3669424 -1.7955972
21.857832 -8.8422813 -1.7955797
22.06455 -8.3125267 -1.795563
22.439297 -7.2388043 -1.7955329
22.761875 -6.1483111 -1.7955068
22.903378 -5.5975518 -1.7954954
23.03162 -5.0435476 -1.7954849
23.335585 -3.3652868 -1.7954599
23.470585 -2.236145 -1.7954483
23.517675 -1.6694647 -1.7954441
23.570723 -0.53353578 -1.795439
23.576757 0.035059202 -1.7954381
23.512539 1.739403 -1.7954415
23.325468 3.4346697 -1.7954545
23.235897 3.9962018 -1.7954609
23.016405 5.1120024 -1.7954772
22.886562 5.6656218 -1.7954867
22.743378 6.2159524 -1.7954973
22.23498 7.8440228 -1.7955354
21.831308 8.9071722 -1.7955657
21.376797 9.9496698 -1.7956003
20.872616 10.969099 -1.7956386
20.602226 11.469411 -1.7956592
20.319902 11.963201 -1.7956806
19.402676 13.401257 -1.7957507
18.734434 14.32163 -1.7958018
18.383867 14.769514 -1.7958287
18.022636 15.208811 -1.7958562
17.268887 16.060663 -1.7959143
16.876816 16.472729 -1.7959443
16.063437 17.26792 -1.7960069
14.773828 18.385021 -1.7961062
13.870703 19.076742 -1.7961758
3.556875 5.1484795 -0.47653899
12.456055 20.030807 -1.7962849
11.476231 20.608982 -1.7963606
9.956953 21.386112 -1.796478
9.4385157 21.620501 -1.7965182
8.9145699 21.84234 -1.7965586
0.78669918 3.9925542 -0.30988419
0.60107422 4.0789261 -0.31397077
0.50107419 4.0803142 -0.31305587
0.40158203 4.0816975 -0.31232804
0.30249998 4.0830717 -0.31178391
0.20373046 4.0844426 -0.31142318
0.0065624998 4.0871782 -0.31124511
-0.19085938 4.0899177 -0.31179199
-0.2899414 4.0912933 -0.31233963
-0.48945311 4.0940595 -0.31398895
-0.59011716 4.0954571 -0.31509659
-0.69154298 4.0968623 -0.31639662
-0.89728516 4.0997162 -0.31958953
-1.1076562 4.1026349 -0.32360825
-1.3239062 4.1056318 -0.32850355
-1.4346484 4.1071672 -0.33129942
-1.5473437 4.1087284 -0.33433899
-1.779375 4.1119452 -0.34119353
-1.8991797 4.113605 -0.34503204
-2.2763085 4.1188297 -0.35836989
-2.4088476 4.120667 -0.36348021
-2.6859961 4.1245036 -0.37482071
-2.9816992 4.1286006 -0.38782135
-3.1375585 4.1307597 -0.3950192
-3.6433787 4.137763 -0.41984236
-4.5515232 4.0589175 -0.46441054
-4.8827538 4.1472955 -0.48785856
-6.6629295 4.1719317 -0.59865409
-7.0434766 4.1771965 -0.62361133
-7.9097848 4.1891813 -0.68161237
-9.3717966 4.1258073 -0.779782
-11.910605 4.2447224 -0.96290165
-14.114452 4.2752042 -1.1230779
-15.199297 4.2064118 -1.2009714
-17.206387 4.3179789 -1.3509426
-21.200312 4.2453179 -1.6465162
-21.296581 3.7328215 -1.6465243
-21.451973 2.7016077 -1.6465373
-23.504023 2.3857849 -1.7990971
-23.554785 1.8182684 -1.7991015
-23.591797 1.2496808 -1.7991049
-23.615116 0.68036497 -1.7991073
-23.602518 -1.0286145 -1.7991078
-23.466347 -2.7322001 -1.7990987
-23.393476 -3.2973373 -1.7990936
-23.307089 -3.8605278 -1.7990873
-23.207129 -4.4214644 -1.7990801
-23.093672 -4.9798265 -1.7990718
-22.826366 -6.0875111 -1.7990519
-22.505995 -7.1810002 -1.7990282
-20.067968 -8.0437536 -1.6464392
-19.433554 -9.4732056 -1.6463913
-18.953749 -10.399023 -1.6463547
-18.697168 -10.852962 -1.6463351
-19.833477 -12.829485 -1.7988254
-19.518047 -13.30389 -1.7988012
-19.191269 -13.770525 -1.7987761
-17.393925 -15.978 -1.7986385
-17.003262 -16.39259 -1.7986083
-16.192442 -17.192766 -1.7985461
-14.906405 -18.31741 -1.7984471
-14.005273 -19.014128 -1.7983776
-12.107617 -20.273102 -1.7982311
-11.115546 -20.832428 -1.7981546
-10.097656 -21.343275 -1.7980758
-9.0563669 -21.804356 -1.7979952
-3.9438477 -10.18176 -0.83150536
-7.3567967 -22.1028 -1.7739809
-6.1956639 -22.121935 -1.7494732
-5.6263671 -22.131039 -1.7389538
-4.5062695 -22.148403 -1.7212187
-3.9540234 -22.156691 -1.7139533
-2.8617969 -22.172541 -1.7025089
-1.7815429 -22.187494 -1.6950812
-0.70814449 -22.201639 -1.6915766
0.36330077 -22.215036 -1.6919672
1.4376757 -22.227749 -1.6962444
1.9774609 -22.233864 -1.699858
2.5217578 -22.256149 -1.7057173
3.0792773 -22.344713 -1.7176963
4.2730274 -22.810349 -1.7672918
4.9026952 -23.081133 -1.7969108
6.5579882 -22.664686 -1.7967818
7.1025 -22.499411 -1.7967393
7.6428318 -22.321056 -1.796697
8.1787109 -22.129734 -1.7966552
8.7098236 -21.925541 -1.7966137
9.2358589 -21.708652 -1.7965727
11.282988 -20.716164 -1.7964126
13.224902 -19.531385 -1.7962605
14.150683 -18.87019 -1.796188
14.601406 -18.523088 -1.7961526
15.043554 -18.165192 -1.7961178
16.316504 -17.029186 -1.7960179
17.879745 -15.377259 -1.7958949
18.943729 -14.043798 -1.7958108
19.598301 -13.113678 -1.7957591
21.032246 -10.660051 -1.7956454
21.282949 -10.149625 -1.7956256
21.747168 -9.1114035 -1.7955885
22.522928 -6.974021 -1.7955263
22.684414 -6.4287686 -1.7955132
22.832655 -5.8797956 -1.7955012
23.089355 -4.7719436 -1.7954801
23.197598 -4.213695 -1.7954713
23.292362 -3.6530163 -1.7954633
23.373632 -3.0902169 -1.7954566
23.441231 -2.5256212 -1.7954508
23.495293 -1.9595617 -1.7954462
23.535664 -1.3923706 -1.7954425
23.562382 -0.82437438 -1.7954398
23.56035 0.88117367 -1.7954385
23.49041 2.0161963 -1.7954429
23.434999 2.5821228 -1.7954468
23.283457 3.709146 -1.7954576
23.187304 4.2695951 -1.7954644
22.954668 5.3827348 -1.7954816
22.8183 5.9347882 -1.7954917
22.668692 6.4833951 -1.7955029
22.505898 7.0282331 -1.7955151
21.49789 9.6850891 -1.7955911
20.74209 11.214248 -1.7956485
19.877811 12.684868 -1.7957144
18.909628 14.089243 -1.7957884
18.208769 14.985126 -1.7958421
17.465624 15.846184 -1.7958992
17.078672 16.263065 -1.7959287
3.5072851 5.206768 -0.47807738
12.219453 20.176369 -1.7963033
11.232812 20.742964 -1.7963793
10.219999 21.261387 -1.7964576
9.1833792 21.730425 -1.7965379
8.6567965 21.946026 -1.7965786
8.1252346 22.148962 -1.7966199
7.5888867 22.338955 -1.7966614
5.9517579 20.756809 -1.6443901
1.0403906 3.9890313 -0.31393248
0.93859375 3.9904454 -0.31217057
0.83787107 3.9918437 -0.31060821
0.55216795 4.0796037 -0.31350082
0.35316405 4.0823689 -0.31203917
0.15556641 4.0851116 -0.31131226
-0.14027344 4.0892158 -0.31158277
-0.33847657 4.0919657 -0.31267411
-0.43820313 4.093349 -0.31349564
-0.53851563 4.0947418 -0.31450561
-0.74142575 4.0975556 -0.31710219
-1.2679492 4.1048551 -0.32716477
-1.489414 4.1079254 -0.33275267
-1.6031445 4.1095023 -0.33591583
-2.2099023 4.1179094 -0.35588944
-2.6134374 4.1235003 -0.37176925
-3.2158399 4.1318426 -0.39871719
-4.1041989 4.1324735 -0.44352949
-4.2257228 4.0544071 -0.44595641
-4.4382615 4.0573492 -0.45792556
-4.6715236 4.0682001 -0.4717375
-5.8276172 4.1603727 -0.54527253
-6.4797068 4.1693964 -0.58677113
-7.2411327 4.1799312 -0.63670874
-8.1465235 4.1924567 -0.6977101
-11.443867 4.238266 -0.92932576
-12.388652 4.2513347 -0.9974317
-16.301777 4.3054667 -1.2839895
-18.162657 4.3312039 -1.421917
-21.248886 3.9953277 -1.6465204
-21.33918 3.4817352 -1.6465278
-21.869316 2.4928565 -1.6761966
-23.530487 2.1087799 -1.7990994
-23.604921 0.97174805 -1.7991062
-23.624374 -0.16758545 -1.7991087
-23.613457 -0.73726869 -1.7991084
-23.588749 -1.3065203 -1.7991071
-23.55039 -1.8750147 -1.7991046
-23.49826 -2.4424126 -1.7991009
-23.43248 -3.0083923 -1.7990963
-23.353006 -3.5726063 -1.7990907
-22.753027 -6.3559117 -1.7990466
-22.593008 -6.9027257 -1.7990346
-22.192362 -7.9691563 -1.7956704
-20.708672 -8.0052967 -1.6907551
-19.320507 -9.7013636 -1.6463826
-19.080723 -10.164377 -1.6463645
-18.829824 -10.62147 -1.6463451
-19.990391 -12.583823 -1.7988372
-19.027636 -13.995473 -1.7987638
-18.684296 -14.450061 -1.7987373
-18.330116 -14.896247 -1.7987103
-17.965235 -15.333737 -1.7986822
-17.589941 -15.762286 -1.7986534
-16.403574 -16.991814 -1.7985623
-15.564629 -17.762377 -1.7984977
-14.689492 -18.491518 -1.7984303
-13.780253 -19.177565 -1.7983602
-13.313477 -19.503923 -1.7983242
-12.839004 -19.81892 -1.7982876
-10.869297 -20.961706 -1.7981355
-9.8455076 -21.460491 -1.7980562
-3.8306444 -10.246177 -0.83302349
-7.659277 -22.097692 -1.7810235
-7.0703125 -22.10759 -1.7675582
-5.9168162 -22.126415 -1.744198
-3.1399024 -22.168573 -1.70505
-2.5971875 -22.17627 -1.7003299
-2.0570703 -22.183752 -1.6966058
-0.98238277 -22.198093 -1.692104
-0.44658202 -22.204973 -1.6913161
0.62515622 -22.218201 -1.6926495
1.1622461 -22.224558 -1.6947775
1.700996 -22.230757 -1.6978832
3.3588085 -22.417549 -1.7262176
3.9534764 -22.645449 -1.7506018
5.7276754 -22.889526 -1.7968466
6.2778516 -22.744175 -1.7968036
7.9050975 -22.229256 -1.7966766
8.4387112 -22.03163 -1.7966349
10.008652 -21.362522 -1.7965122
10.520664 -21.114426 -1.7964723
12.504551 -20.001116 -1.796317
12.983007 -19.693319 -1.7962794
13.453886 -19.374065 -1.7962426
13.916914 -19.043634 -1.7962064
15.68537 -17.613152 -1.7960675
16.105253 -17.229425 -1.7960345
17.688768 -15.596863 -1.7959099
18.059473 -15.165515 -1.7958807
18.769121 -14.276646 -1.7958246
19.107695 -13.819675 -1.7957979
19.75123 -12.881894 -1.795747
20.055918 -12.40163 -1.795723
20.348906 -11.914204 -1.7956997
20.630039 -11.419841 -1.7956774
21.156191 -10.411557 -1.7956357
21.400839 -9.8982153 -1.7956161
21.852831 -8.85462 -1.7955801
22.253944 -7.7904806 -1.795548
22.435175 -7.2514501 -1.7955333
22.900253 -5.6104908 -1.7954957
23.028749 -5.0565295 -1.7954851
23.143867 -4.4996948 -1.7954757
23.245584 -3.9401996 -1.7954674
23.33371 -3.3784611 -1.79546
23.408398 -2.8147228 -1.7954535
23.469296 -2.249393 -1.7954484
23.550428 -1.1151196 -1.7954412
23.570429 -0.546817 -1.795439
23.569393 0.59035707 -1.7954381
23.548262 1.1585656 -1.7954392
23.403027 2.857945 -1.795449
22.044277 8.3656197 -1.7955498
21.836308 8.8948603 -1.7955655
21.615604 9.4189892 -1.7955821
21.136738 10.450529 -1.7956184
20.878788 10.957327 -1.7956381
20.60869 11.457805 -1.7956586
20.032793 12.4385 -1.7957025
19.727167 12.918152 -1.7957258
18.742479 14.311062 -1.7958012
17.659706 15.629316 -1.7958843
17.277967 16.050907 -1.7959135
16.886034 16.463209 -1.7959436
16.484453 16.86591 -1.7959745
15.222774 18.014473 -1.7960715
14.784238 18.376694 -1.7961053
3.5017188 5.3329902 -0.48584592
12.467324 20.02375 -1.796284
11.981074 20.319027 -1.7963215
10.481484 21.133381 -1.7964375
9.9690228 21.380487 -1.7964772
8.9268751 21.837273 -1.7965578
7.8639255 22.243357 -1.7966399
6.7042184 20.525433 -1.6443318
6.2074218 20.681549 -1.6443702
1.0929297 3.9883008 -0.31491226
0.88927734 3.9911304 -0.31138352
0.78904295 3.9925213 -0.30991682
0.68966794 3.993902 -0.30864242
0.10742188 4.0857782 -0.31124556
-0.089765623 4.0885162 -0.31142151
-0.18855469 4.0898857 -0.31178191
-0.28763673 4.0912614 -0.31232452
-0.58777344 4.0954227 -0.31506851
-0.68919921 4.0968304 -0.31636381
-1.3213476 4.1055951 -0.32844177
-1.6594921 4.1102824 -0.33755279
-2.1443944 4.1170025 -0.3534973
-2.5420702 4.1225104 -0.36882386
-2.6826563 4.1244597 -0.37467864
-2.9781249 4.1285505 -0.38765898
-3.133867 4.1307073 -0.3948465
-3.2955663 4.1329474 -0.40254179
-3.4638476 4.1352777 -0.41078886
-3.8224022 4.1402411 -0.42911285
-4.121172 4.0529585 -0.44017363
-4.5462694 4.0588446 -0.46410522
-4.8770895 4.1472187 -0.48752531
-5.3921289 4.154346 -0.51836026
-5.9781833 4.1624565 -0.55473608
-6.6543941 4.1718144 -0.59809959
-7.4472852 4.1827826 -0.65045816
-8.3947268 4.1958919 -0.71468633
-9.3570309 4.1256022 -0.77874494
-10.236543 4.2215652 -0.84322846
-11.008515 4.232244 -0.89814603
-11.888495 4.2444172 -0.96130973
-14.084414 4.2747893 -1.1208795
-17.163046 4.3173795 -1.3477293
-23.591112 1.2629784 -1.7991049
-23.614746 0.69365966 -1.7991072
-23.620762 -0.44582519 -1.7991087
-23.603085 -1.0153235 -1.7991079
-23.526621 -2.1522396 -1.7991029
-23.467812 -2.7190111 -1.799099
-23.209648 -4.408401 -1.7990804
-23.096426 -4.9668446 -1.7990719
-22.969824 -5.5223484 -1.7990626
-22.510038 -7.1683369 -1.7990284
-22.330429 -7.709033 -1.7990148
-21.445507 -7.98737 -1.7427279
-20.073223 -8.0324306 -1.6464397
-19.87291 -8.5141058 -1.6464245
-19.438887 -9.4622736 -1.6463915
-18.959589 -10.388323 -1.6463552
-18.436192 -11.290193 -1.6463152
-19.840723 -12.818298 -1.7988257
-18.861366 -14.218489 -1.7987509
-18.512676 -14.669025 -1.7987242
-17.402967 -15.968205 -1.7986391
-16.612226 -16.788225 -1.7985783
-15.782812 -17.569092 -1.7985145
-15.354218 -17.944284 -1.7984816
-14.916758 -18.308994 -1.7984478
-14.016035 -19.006207 -1.7983785
-12.604531 -19.968571 -1.7982695
-11.127304 -20.826162 -1.7981554
-10.109726 -21.33758 -1.7980767
-9.5919533 -21.57472 -1.7980366
-9.0686522 -21.799246 -1.7979962
-3.71666 -10.309825 -0.83458138
-5.0765233 -22.139656 -1.729753
-3.9668164 -22.156502 -1.7141119
-3.4188867 -22.164547 -1.7078557
-0.72064453 -22.201479 -1.6915959
-0.18501952 -22.208269 -1.691282
0.35074219 -22.214882 -1.6919411
1.9648632 -22.233725 -1.6997629
4.889668 -23.083897 -1.7969118
5.9967575 -22.820202 -1.7968255
7.6302733 -22.325356 -1.7966981
10.259453 -21.24288 -1.7964927
10.768516 -20.988831 -1.7964529
11.767578 -20.444269 -1.7963747
12.256855 -20.154152 -1.7963363
13.680976 -19.214088 -1.7962248
14.590938 -18.531313 -1.7961534
15.466991 -17.805525 -1.7960845
15.891602 -17.427065 -1.7960513
16.306913 -17.038382 -1.7960186
16.712753 -16.639902 -1.7959868
17.495098 -15.814163 -1.7959251
18.23666 -14.951657 -1.7958666
18.59164 -14.507266 -1.7958387
18.935781 -14.054489 -1.7958115
19.590918 -13.124722 -1.7957597
20.200449 -12.164477 -1.7957115
20.763008 -11.176027 -1.7956669
21.026249 -10.671896 -1.7956458
22.156269 -8.0645351 -1.7955557
22.518984 -6.9867058 -1.7955265
22.680742 -6.441524 -1.7955134
22.829336 -5.8926654 -1.7955014
23.494198 -1.97282 -1.7954463
23.561874 -0.837677 -1.7954401
23.575233 -0.26918885 -1.7954383
23.574883 0.29942077 -1.7954379
23.436483 2.5688884 -1.7954466
23.285547 3.6960008 -1.7954574
23.189648 4.2565179 -1.7954643
23.08037 4.8145342 -1.7954724
22.82168 5.9219046 -1.7954915
22.672363 6.4706192 -1.7955025
22.509823 7.0155277 -1.7955148
22.334276 7.5564213 -1.7955279
22.145702 8.0928631 -1.7955421
21.730116 9.1514559 -1.7955734
21.503281 9.6729536 -1.7955906
21.264004 10.188815 -1.7956088
20.472441 11.699802 -1.795669
20.184589 12.190239 -1.7956909
19.251289 13.618095 -1.7957623
17.851015 15.410097 -1.7958696
17.47455 15.83634 -1.7958984
16.691153 16.661062 -1.7959585
15.443789 17.825119 -1.7960545
14.115605 18.89599 -1.7961569
3.5090818 5.2030902 -0.47792113
12.230781 20.169437 -1.7963023
10.231973 21.255623 -1.7964567
9.1955662 21.72522 -1.7965369
8.1376753 22.144341 -1.7966189
6.46207 20.603123 -1.6443505
1.0427734 3.9889984 -0.31397507
0.94095701 3.9904125 -0.31221008
0.84021485 3.991812 -0.31064314
0.74041015 3.9931962 -0.30927002
0.65484375 4.0781803 -0.31453735
0.45476562 4.0809565 -0.31269455
0.2565625 4.0837092 -0.31159347
0.1578711 4.0850797 -0.31131729
-0.13796875 4.0891838 -0.3115747
-0.23689453 4.0905571 -0.31202438
-0.43585935 4.093317 -0.31347457
-0.63718748 4.0961089 -0.31567687
-0.73904294 4.0975237 -0.31706727
-0.94572264 4.1003876 -0.32044861
-1.0508593 4.1018462 -0.3224501
-1.1573633 4.103322 -0.32466674
-1.3751562 4.1063418 -0.32977402
-1.4867773 4.1078901 -0.33268219
-1.6004688 4.1094661 -0.33583891
-1.7163867 4.1110721 -0.33925506
-1.8347656 4.1127119 -0.34294325
-1.9558203 4.1143904 -0.34691635
-2.0797656 4.1161065 -0.35118911
-2.2068944 4.1178679 -0.35577849
-2.7529688 4.1254315 -0.37768614
-3.0534766 4.1295938 -0.39110795
-3.2120702 4.1317902 -0.3985379
-3.7276561 4.1389298 -0.42417601
-3.9149413 4.1415229 -0.43399444
-4.1041408 4.1370721 -0.44377181
-4.6661134 4.0681243 -0.47142395
-4.997129 4.1488786 -0.49460539
-5.8205271 4.160274 -0.54482853
-6.1341014 4.1646147 -0.56461239
-6.4714842 4.1692815 -0.58624053
-7.2314649 4.1797967 -0.63606542
-8.134902 4.1922965 -0.69691819
-9.2323236 4.20748 -0.77263439
-10.601347 4.2266116 -0.86911643
-12.364961 4.2510066 -0.99571776
-13.456016 4.2660966 -1.0749758
-14.590742 4.2414494 -1.1571188
-18.11455 4.3305402 -1.4183406
-21.24662 4.0073223 -1.64652
-21.337187 3.4937549 -1.6465276
-21.415293 2.9782007 -1.6465341
-23.529297 2.1220703 -1.7990994
-23.573709 1.5539917 -1.7991033
-23.604395 0.98504758 -1.7991061
-23.621269 0.41547972 -1.7991079
-23.624472 -0.15426575 -1.7991087
-23.589512 -1.2932305 -1.7991071
-23.551426 -1.86177 -1.7991046
-23.434139 -2.9952166 -1.7990965
-23.262304 -4.1216636 -1.7990842
-23.036268 -5.2385063 -1.7990675
-22.75666 -6.3431225 -1.7990468
-22.596874 -6.8899975 -1.7990348
-22.424004 -7.4329128 -1.7990218
-20.741425 -8.0045004 -1.6930615
-19.976601 -8.2682486 -1.6464323
-19.325996 -9.6904535 -1.646383
-19.086464 -10.15364 -1.6463648
-18.835859 -10.610833 -1.6463457
-18.574257 -11.061899 -1.6463258
-19.035507 -13.984753 -1.7987643
-18.692461 -14.439533 -1.798738
-18.338514 -14.885918 -1.7987109
-17.973906 -15.323615 -1.7986829
-17.213554 -16.171928 -1.7986245
-16.818262 -16.582092 -1.7985941
-16.413183 -16.982552 -1.798563
-15.574687 -17.753586 -1.7984985
-15.14166 -18.123669 -1.7984653
-3.8360546 -10.243098 -0.83294773
-7.0839062 -22.107363 -1.7678589
-5.930078 -22.126205 -1.7444416
-5.3638282 -22.135176 -1.7344424
-4.8036914 -22.143864 -1.725543
-4.2489061 -22.152287 -1.7177143
-3.1526561 -22.16839 -1.7051735
-0.45908201 -22.204817 -1.6913246
0.076562501 -22.211521 -1.6914845
2.7789061 -22.288263 -1.710458
3.3453515 -22.413876 -1.7257876
5.1611328 -23.0245 -1.7968907
6.265039 -22.747746 -1.7968047
6.8116598 -22.589506 -1.796762
7.8925586 -22.233707 -1.7966777
8.4262695 -22.036388 -1.7966359
8.9550972 -21.82629 -1.7965946
9.9966993 -21.368114 -1.7965132
10.508808 -21.120382 -1.7964731
11.014824 -20.860371 -1.7964336
12.007304 -20.304052 -1.7963558
12.4933 -20.008152 -1.7963178
13.442929 -19.38166 -1.7962434
15.246152 -17.995237 -1.7961019
16.506289 -16.844995 -1.7960029
16.907421 -16.441801 -1.7959714
17.29875 -16.028967 -1.7959405
18.761093 -14.287188 -1.7958254
19.427656 -13.365593 -1.7957727
19.743984 -12.893003 -1.7957476
20.623613 -11.431436 -1.7956779
21.150351 -10.42345 -1.7956361
21.62793 -9.3912973 -1.7955979
21.847832 -8.8669176 -1.7955804
22.055176 -8.3373623 -1.7955638
22.24959 -7.8029919 -1.7955482
22.599588 -6.7209678 -1.7955199
22.897108 -5.623364 -1.7954959
23.025917 -5.0695391 -1.7954854
23.141367 -4.5127058 -1.7954758
23.243359 -3.9533226 -1.7954675
23.331797 -3.3915796 -1.7954602
23.468046 -2.2625906 -1.7954485
23.570116 -0.56012326 -1.7954391
23.569706 0.57705015 -1.7954381
23.548944 1.1453216 -1.7954391
23.514473 1.7128783 -1.7954414
23.466347 2.2794945 -1.7954446
23.329336 3.4083807 -1.7954543
23.022148 5.0860357 -1.7954767
22.89291 5.6398258 -1.7954861
22.425741 7.2801676 -1.795521
21.84129 8.8825722 -1.795565
21.620937 9.4067812 -1.7955818
21.142616 10.438572 -1.7956179
20.615137 11.446174 -1.7956581
20.33334 11.940137 -1.7956796
20.039804 12.427221 -1.795702
19.417753 13.379384 -1.7957494
19.089706 13.843987 -1.7957747
18.400429 14.748742 -1.7958274
18.039707 15.188474 -1.795855
17.286991 16.041185 -1.7959127
16.895311 16.453716 -1.7959429
16.493925 16.85664 -1.7959738
15.66246 17.632956 -1.7960377
15.232949 18.005901 -1.7960708
13.892226 19.061096 -1.7961742
3.5638084 5.1460819 -0.47668839
10.999609 20.867834 -1.7963973
9.9810543 21.374886 -1.7964762
9.4628906 21.60984 -1.7965162
8.4102736 22.041988 -1.7965977
6.7158008 20.521654 -1.6443309
0.79136717 3.9924884 -0.30994812
0.69199216 3.9938688 -0.30867004
-9.2605076 4.2077212 -1.0054291
-9.7044525 4.1300616 -1.0425096
-10.637051 4.2269416 -1.1314043
-11.463964 4.2383685 -1.2081341
-13.510566 4.2666483 -1.4004803
-14.590957 4.2236786 -1.5014741
-16.103575 4.243372 -1.64612
-16.201269 3.853797 -1.6461279
-17.578222 2.4243834 -1.7539996
-18.080702 2.0506847 -1.7986757
-18.124922 1.6140594 -1.7986795
-18.196152 -0.13934021 -1.7986866
-18.098104 -1.8914373 -1.7986805
-18.047148 -2.3273416 -1.798677
-17.913906 -3.1948361 -1.7986674
-17.522539 -4.9054489 -1.7986385
-17.399042 -5.3265648 -1.7986293
-17.265469 -5.7445884 -1.7986192
-16.968124 -6.5703373 -1.7985969
-16.804647 -6.9775834 -1.7985846
-16.44828 -7.7796593 -1.7985575
-16.011074 -8.0509052 -1.7714593
-14.087148 -8.8788538 -1.6459749
-13.868789 -9.2159071 -1.6459582
-13.642363 -9.5475903 -1.6459408
-13.408008 -9.873702 -1.645923
-12.916016 -10.508492 -1.6458852
-12.658652 -10.816783 -1.6458656
-12.12207 -11.414304 -1.6458244
-12.628105 -13.09567 -1.7982652
-12.308456 -13.396242 -1.7982407
-11.647812 -13.97375 -1.7981898
-11.307304 -14.250371 -1.7981635
-10.606718 -14.778588 -1.7981095
-9.8814449 -15.272365 -1.7980535
-9.1332226 -15.730539 -1.7979957
-8.7510548 -15.945994 -1.7979662
-8.3638086 -16.152111 -1.7979363
-7.5749998 -16.536057 -1.7978753
-3.819453 -10.233784 -1.0797303
-5.9465232 -17.187624 -1.7977493
-5.5302148 -17.325739 -1.7977171
-5.1106639 -17.453753 -1.7976844
-4.6882029 -17.571592 -1.7976518
-4.2629881 -17.67922 -1.7976189
-3.4054296 -17.863564 -1.7975523
-2.9735546 -17.940153 -1.7975187
-2.5400391 -18.006296 -1.7974851
-1.668789 -18.107153 -1.7974174
-0.7936914 -18.16588 -1.7973495
-0.35535157 -18.17939 -1.7973154
0.083183594 -18.182323 -1.7972813
0.52160156 -18.174677 -1.7972472
0.95974606 -18.15646 -1.7972131
1.8340429 -18.088415 -1.797145
2.7040234 -17.978239 -1.7970773
3.5676367 -17.82626 -1.7970099
3.9963865 -17.734718 -1.7969766
5.2677145 -17.398438 -1.7968774
6.5114059 -16.971199 -1.7967803
8.1152925 -16.263924 -1.7966549
8.5050392 -16.06321 -1.7966244
9.6435547 -15.40558 -1.7965353
10.012129 -15.168293 -1.7965064
11.081953 -14.404137 -1.7964225
11.425899 -14.132465 -1.7963955
11.763301 -13.852605 -1.7963691
12.417129 -13.268909 -1.7963177
13.042168 -12.654385 -1.7962686
13.343398 -12.33603 -1.796245
13.636836 -12.010481 -1.7962217
14.199765 -11.33869 -1.7961774
14.981777 -10.282145 -1.7961156
15.459824 -9.547575 -1.7960778
15.901875 -8.790843 -1.7960428
17.002558 -6.4054785 -1.7959551
17.291407 -5.5781188 -1.7959318
17.64912 -4.3134198 -1.7959028
17.747969 -3.8865156 -1.7958947
17.836445 -3.4573576 -1.7958876
17.914551 -3.0261846 -1.795881
17.982285 -2.5932705 -1.7958753
18.039532 -2.1588366 -1.7958707
18.122597 -1.2864791 -1.7958633
18.162188 0.46515808 -1.7958587
18.118633 1.3403759 -1.7958614
18.081055 1.7769415 -1.7958637
18.033007 2.2124767 -1.7958671
17.974453 2.6467321 -1.7958714
17.405273 5.2112226 -1.7959133
17.274649 5.6294818 -1.7959231
16.98332 6.4559636 -1.7959449
16.6525 7.2674689 -1.79597
16.472538 7.6670184 -1.7959837
16.282969 8.0621052 -1.7959981
16.083906 8.4525089 -1.7960131
15.65789 9.2184029 -1.7960457
15.43125 9.5934362 -1.7960629
14.948105 10.324546 -1.7957551
14.436015 11.035684 -1.796139
13.887383 11.719216 -1.796181
13.600957 12.050864 -1.796203
12.694629 13.003071 -1.7962728
12.053203 13.600439 -1.796322
11.721836 13.887348 -1.7963475
11.383711 14.166201 -1.7963736
11.038945 14.436831 -1.7964001
3.5565624 5.1480231 -0.61849374
6.2860937 15.402156 -1.6443689
1.0905077 3.9882751 -0.40869108
0.98814452 3.9896965 -0.40627608
0.88691401 3.9911034 -0.40412247
0.78667969 3.992497 -0.40222517
0.60107422 4.0788665 -0.407529
0.50107419 4.0802555 -0.4063417
0.30251953 4.0830121 -0.40469116
0.20373046 4.084383 -0.40422225
0.10511719 4.0857525 -0.40398848
0.0065429686 4.0871196 -0.40399092
-0.19085938 4.089859 -0.40470123
-0.28996092 4.0912347 -0.40541166
-0.48943359 4.0940008 -0.40755308
-0.79388672 4.0982242 -0.41261917
-1.0017577 4.1011066 -0.417292
-1.3238672 4.1055694 -0.42639235
-1.5473242 4.108665 -0.43396652
-1.6621679 4.1102557 -0.43824264
-1.8991406 4.1135392 -0.44784546
-2.1473241 4.1169758 -0.45897216
-2.276289 4.1187615 -0.4651576
-2.5452538 4.1224856 -0.47889709
-2.6859374 4.124433 -0.48650923
-2.8312695 4.1264458 -0.49465957
-3.4677734 4.1352544 -0.53345352
-3.8267186 4.1402192 -0.55727613
-4.0187302 4.1428766 -0.57051796
-4.3329883 4.0558062 -0.58664745
-5.132617 4.1506596 -0.65247005
-5.6819334 4.1582561 -0.6959725
-7.4571481 4.182797 -0.84514809
-7.9095311 4.1890497 -0.88470763
-8.9561129 4.2035151 -0.97793812
-10.253144 4.2216363 -1.0960308
-11.027305 4.2323346 -1.1675348
-12.927285 4.2585893 -1.3453652
-16.245586 3.662735 -1.6461315
-16.468046 2.4787359 -1.6461499
-18.054024 2.27367 -1.7986734
-18.103613 1.8376154 -1.7986777
-18.17119 0.962547 -1.7986838
-18.196484 0.085230708 -1.7986865
-18.179413 -0.79227418 -1.7986859
-18.120077 -1.6679418 -1.7986821
-18.074532 -2.1044481 -1.7986789
-17.689823 -4.2634888 -1.798651
-17.581816 -4.6888309 -1.7986429
-17.463535 -5.1114669 -1.7986342
-17.335077 -5.5311003 -1.7986245
-17.048065 -6.3604584 -1.7986028
-16.543339 -7.5760984 -1.7985647
-14.736562 -8.0852566 -1.6614996
-13.981563 -9.0441036 -1.6459668
-13.759199 -9.3785582 -1.6459498
-13.044805 -10.348367 -1.6458952
-11.986699 -11.556222 -1.6458138
-12.788828 -12.938928 -1.7982775
-10.78834 -14.646677 -1.7981236
-10.431836 -14.902372 -1.7980959
-9.70082 -15.387547 -1.7980397
-8.5625782 -16.047794 -1.7979516
-7.3797069 -16.623993 -1.7978603
-6.9764843 -16.796808 -1.7978292
-3.9378905 -10.166409 -1.0776678
-5.7436328 -17.256294 -1.7977335
-4.0544724 -17.728046 -1.7976027
-3.1947851 -17.902241 -1.797536
-2.7620702 -17.97373 -1.7975024
0.29728514 -18.17993 -1.7972647
2.046953 -18.065395 -1.7971284
3.3473828 -17.869139 -1.7970271
4.2049804 -17.686274 -1.7969602
5.4722657 -17.335068 -1.7968614
6.3015037 -17.050409 -1.7967967
6.7107811 -16.893175 -1.7967649
7.1160936 -16.726143 -1.796733
8.3062105 -16.167097 -1.7966399
9.07584 -15.747243 -1.7965798
9.4527931 -15.523547 -1.7965503
10.18996 -15.049204 -1.7964926
10.549805 -14.798851 -1.7964643
11.250761 -14.272514 -1.7964092
11.925527 -13.712994 -1.7963563
12.252539 -13.421221 -1.7963307
12.572519 -13.121634 -1.7963055
12.885117 -12.814458 -1.796281
13.190234 -12.499829 -1.796257
13.777305 -11.848969 -1.7962108
14.597265 -10.821577 -1.796146
14.853827 -10.466295 -1.7961258
15.101777 -10.104918 -1.7961061
15.340859 -9.7376795 -1.7960871
15.571113 -9.3647852 -1.796069
15.792265 -8.9864626 -1.7960515
16.206913 -8.2143745 -1.7960185
16.400175 -7.8210716 -1.7960031
16.583866 -7.4232101 -1.7959884
17.076777 -6.2047782 -1.7959491
17.221348 -5.79111 -1.7959374
17.792402 -3.6772106 -1.795891
18.011562 -2.381299 -1.7958729
18.105293 -1.5100272 -1.7958648
18.157051 -0.63525695 -1.7958601
18.166563 0.24098937 -1.7958586
18.155449 0.67902833 -1.795859
18.101622 1.5536687 -1.7958624
18.058945 1.9897674 -1.7958653
17.867949 3.2901189 -1.795879
17.783495 3.7200842 -1.7958853
17.688612 4.1478801 -1.7958922
17.468222 4.9960246 -1.7959086
17.06168 6.2458878 -1.7959391
16.565821 7.4631205 -1.7959765
16.381132 7.8605156 -1.7959906
15.317226 9.7745581 -1.7960715
14.761972 10.454924 -1.7880648
13.458125 12.210273 -1.796214
12.540664 13.151768 -1.7962844
11.892265 13.741552 -1.7963344
11.216152 14.299406 -1.7963865
10.868203 14.565945 -1.7964132
3.6325781 5.1217256 -0.62067276
9.7872267 15.314242 -1.7964967
9.0376949 15.768871 -1.7965546
8.6549416 15.982492 -1.7965841
6.4756641 15.323271 -1.6443542
5.7294726 15.618249 -1.6444119
5.3512497 15.752143 -1.6444411
4.969902 15.876899 -1.6444708
0.93857419 3.990387 -0.40519333
0.55216795 4.0795474 -0.40691879
0.35316405 4.0823102 -0.40502211
-0.14029297 4.0891581 -0.40442961
-0.33847657 4.0919085 -0.40584594
-0.43818358 4.0932903 -0.40691268
-0.53849608 4.0946832 -0.40822387
-0.74140626 4.0974956 -0.41159284
-0.84421873 4.0989203 -0.41366196
-0.9481445 4.1003604 -0.41599485
-1.1598437 4.1032963 -0.42148238
-1.3777149 4.1063151 -0.42812574
-1.4893945 4.1078644 -0.43190673
-1.603125 4.1094389 -0.43601257
-1.7191015 4.1110468 -0.44045469
-2.0826757 4.1160808 -0.45597199
-2.2098632 4.1178436 -0.46193832
-2.9040625 4.1274543 -0.49884611
-3.0570507 4.1295695 -0.5078665
-4.1041989 4.1324639 -0.57569671
-5.2603126 4.1524248 -0.66244125
-5.5345116 4.1562176 -0.68414605
-5.8274803 4.1602678 -0.70774901
-8.1462498 4.1923223 -0.90559989
-8.6678705 4.1995306 -0.95204747
-9.2462692 4.2075248 -1.004137
-10.618964 4.2266912 -1.1297351
-11.443359 4.2380838 -1.2062157
-12.388085 4.2511368 -1.2946106
-13.48291 4.2662663 -1.3978623
-14.590839 4.2325492 -1.501707
-16.101152 4.2524333 -1.6461198
-16.199121 3.8629186 -1.6461277
-16.287617 3.4711363 -1.6461349
-16.436211 2.6817603 -1.6461473
-18.124023 1.6242559 -1.7986795
-18.157949 1.1866997 -1.7986826
-18.181288 0.74847591 -1.7986846
-18.194061 0.30978394 -1.798686
-18.19623 -0.12907958 -1.7986866
-18.168827 -1.006325 -1.7986853
-17.915663 -3.184732 -1.7986676
-17.638378 -4.4715266 -1.7986472
-17.525293 -4.895577 -1.7986387
-17.26869 -5.7348595 -1.7986195
-16.808594 -6.968122 -1.7985848
-16.03244 -8.0503263 -1.7733203
-15.156621 -8.0739746 -1.6974957
-14.503672 -8.1812477 -1.6460066
-14.302129 -8.5285683 -1.6459913
-14.092168 -8.8709078 -1.6459754
-13.413535 -9.8661451 -1.6459234
-12.400234 -11.111812 -1.6458458
-12.635468 -13.088573 -1.7982658
-11.655742 -13.967204 -1.7981905
-10.255507 -15.02408 -1.7980824
-8.7600584 -15.941066 -1.7979668
-8.3729095 -16.147415 -1.7979369
-5.1205077 -17.450869 -1.7976851
-4.2729492 -17.676813 -1.7976196
-2.9836915 -17.938475 -1.7975194
-2.5501757 -18.004864 -1.7974859
-2.1151757 -18.060804 -1.7974521
-0.80392575 -18.165459 -1.7973503
-0.36562499 -18.179184 -1.7973161
0.072949216 -18.182367 -1.7972821
0.51138669 -18.174988 -1.7972479
1.8238477 -18.089445 -1.7971458
2.2595313 -18.039848 -1.797112
3.1266406 -17.909245 -1.7970443
3.9864256 -17.736992 -1.7969774
4.41291 -17.635353 -1.7969441
4.8368554 -17.523458 -1.796911
5.2579489 -17.401447 -1.7968782
5.6759958 -17.269234 -1.7968456
6.5018358 -16.974867 -1.7967811
6.9091992 -16.812849 -1.7967492
7.7116013 -16.459545 -1.7966865
8.1061325 -16.268505 -1.7966557
8.8808393 -15.858177 -1.7965951
10.723203 -14.673469 -1.7964507
11.073848 -14.410376 -1.7964232
11.755468 -13.859223 -1.7963698
13.035039 -12.661731 -1.7962692
13.915761 -11.685822 -1.7961998
14.462675 -11.000981 -1.7961565
14.723594 -10.648883 -1.796136
14.975957 -10.290584 -1.7961161
15.454394 -9.5562878 -1.7960782
15.896953 -8.7998066 -1.796043
16.30246 -8.0228939 -1.7960109
16.670097 -7.2273698 -1.7959815
16.839394 -6.8232059 -1.7959682
17.148573 -6.003231 -1.7959433
17.41791 -5.1693101 -1.7959216
17.834454 -3.4674253 -1.7958877
17.912832 -3.036279 -1.7958812
18.038321 -2.1690035 -1.7958707
18.147852 -0.85930604 -1.795861
18.146172 0.89278197 -1.7958595
17.975937 2.6365807 -1.7958713
17.907187 3.0693583 -1.7958761
17.827969 3.5003095 -1.7958819
17.738476 3.9292686 -1.7958884
17.528515 4.7800689 -1.795904
17.408241 5.201407 -1.7959131
17.277851 5.6197538 -1.7959228
16.986952 6.446403 -1.7959448
16.82666 6.8542194 -1.7959569
16.656601 7.2580938 -1.7959696
16.2875 8.0529366 -1.7959977
16.088711 8.4434328 -1.7960129
15.880507 8.8290854 -1.7960287
15.663125 9.2095671 -1.7960452
15.201172 9.9543056 -1.7960805
14.956836 10.318086 -1.7960992
14.63791 10.628108 -1.7880743
14.172226 11.372759 -1.7961591
13.894023 11.711357 -1.7961805
12.701992 12.995898 -1.796272
12.384999 13.298625 -1.7962965
12.06084 13.59362 -1.7963214
11.729688 13.880742 -1.7963469
11.391699 14.159773 -1.7963729
10.695976 14.693027 -1.7964265
3.5005078 5.3311663 -0.63041455
9.6062689 15.428578 -1.7965106
8.4661713 16.083445 -1.7965988
7.6810546 16.473536 -1.7966594
6.2948046 15.398583 -1.6443683
5.5451756 15.684768 -1.6444262
4.7826366 15.934477 -1.6444852
1.0929102 3.9882421 -0.40875152
0.88925779 3.9910717 -0.40417051
0.7890234 3.9924638 -0.40226638
0.50341797 4.080224 -0.40636688
0.40392578 4.0816045 -0.4054158
0.20603515 4.0843511 -0.40423065
0.10742188 4.0857205 -0.40399185
0.0088476557 4.0870881 -0.40398818
-0.28763673 4.0912027 -0.40539229
-0.58775389 4.0953655 -0.40895355
-0.79148436 4.0981903 -0.4125708
-0.89482421 4.0996222 -0.41476807
-1.1051368 4.1025372 -0.41997162
-1.3213086 4.1055341 -0.42631179
-1.4320117 4.1070671 -0.42993301
-1.544668 4.1086283 -0.43387052
-1.6594726 4.110219 -0.43813872
-1.8963085 4.1135001 -0.44772536
-2.2732422 4.1187201 -0.46500823
-2.4056444 4.1205521 -0.47163054
-2.9780664 4.1284771 -0.50317365
-4.0141406 4.1428132 -0.57019782
-4.1210938 4.052875 -0.57133317
-4.3280077 4.0557365 -0.58628517
-4.5461717 4.058754 -0.60240006
-5.9780469 4.1623502 -0.72003073
-6.6542187 4.1716995 -0.77631366
-7.0340037 4.1769476 -0.8086316
-7.4470897 4.1826582 -0.84427112
-7.8984571 4.1888981 -0.8837325
-9.3566799 4.1254511 -1.0107756
-11.008066 4.2320685 -1.1657494
-11.887988 4.2442279 -1.2477272
-16.150156 4.0625443 -1.6461238
-16.327421 3.2790973 -1.6461383
-16.46666 2.4880137 -1.6461498
-18.102577 1.8478228 -1.7986774
-18.170624 0.97278869 -1.7986836
-18.196445 0.095482789 -1.7986865
-18.193476 -0.3433899 -1.7986866
-18.179882 -0.78203732 -1.7986859
-18.155722 -1.2202514 -1.7986845
-18.121016 -1.6577297 -1.7986821
-18.075722 -2.0942824 -1.798679
-18.019922 -2.5295656 -1.7986751
-17.953613 -2.9634116 -1.7986703
-17.876875 -3.3955071 -1.7986647
-17.692226 -4.2535186 -1.7986511
-17.584375 -4.6789584 -1.7986431
-17.051561 -6.3508735 -1.7986032
-16.725273 -7.1655779 -1.7985785
-16.547714 -7.5667782 -1.798565
-16.360039 -7.963604 -1.7985508
-13.98664 -9.0362234 -1.6459672
-13.764511 -9.3707895 -1.6459503
-13.534336 -9.6999111 -1.6459326
-13.296348 -10.023363 -1.6459144
-13.050605 -10.341007 -1.6458956
-11.754414 -9.784482 -1.5117493
-12.536484 -10.958008 -1.6458561
-12.268437 -11.25699 -1.6458355
-11.993242 -11.549462 -1.6458144
-12.796152 -12.931707 -1.7982782
-12.480331 -13.236384 -1.7982539
-11.827246 -13.822379 -1.7982036
-11.490313 -14.103391 -1.7981776
-10.796621 -14.640604 -1.7981242
-10.440195 -14.896499 -1.7980968
-9.3355856 -15.611537 -1.7980114
-8.956172 -15.831877 -1.7979821
-8.57166 -16.042965 -1.7979524
-8.1821089 -16.244793 -1.7979224
-7.7878513 -16.437084 -1.7978919
-6.9859958 -16.792892 -1.7978297
-3.9432812 -10.163341 -1.0775782
-5.7533789 -17.253103 -1.7977344
-5.335547 -17.386513 -1.797702
-4.9145703 -17.5098 -1.7976693
-4.4907618 -17.622929 -1.7976365
-4.064414 -17.725763 -1.7976034
-1.9023242 -18.084288 -1.7974355
-1.0280664 -18.154301 -1.7973677
1.1632812 -18.144428 -1.7971972
3.7672069 -17.785004 -1.7969944
5.0428319 -17.465153 -1.7968949
5.462461 -17.338154 -1.7968621
5.8789454 -17.201063 -1.7968297
6.291914 -17.053986 -1.7967974
7.5079293 -16.553596 -1.7967024
7.9047852 -16.367474 -1.7966714
8.2971096 -16.171774 -1.7966408
10.541484 -14.804811 -1.7964649
10.895215 -14.546057 -1.7964371
11.583574 -14.003336 -1.7963831
11.917812 -13.719718 -1.7963569
13.480781 -12.185535 -1.7962341
13.770566 -11.856724 -1.7962112
14.591191 -10.829819 -1.7961465
15.335429 -9.746316 -1.7960876
15.56582 -9.3735704 -1.7960695
15.787227 -8.995348 -1.7960519
15.999394 -8.6119232 -1.7960349
16.202324 -8.2234926 -1.796019
16.395781 -7.8303056 -1.7960036
17.218065 -5.8007994 -1.7959378
17.477539 -4.9637656 -1.7959167
17.59207 -4.5408225 -1.7959075
17.696327 -4.1152048 -1.795899
18.010235 -2.3914676 -1.795873
18.062597 -1.9564111 -1.7958686
18.104473 -1.520249 -1.7958649
18.135859 -1.08318 -1.7958621
18.166973 -0.20743468 -1.7958589
18.15584 0.66879392 -1.795859
17.943691 2.8481145 -1.7958735
17.690956 4.1379132 -1.795892
17.471054 4.9861774 -1.7959083
17.065195 6.236248 -1.7959388
16.744843 7.0519414 -1.7959629
16.57 7.4537883 -1.7959762
15.988203 8.6323738 -1.7960205
15.775508 9.0155506 -1.7960366
15.553672 9.3934402 -1.7960535
15.08291 10.132682 -1.7960894
14.511797 10.799811 -1.788084
14.037402 11.538958 -1.7961695
13.46498 12.202673 -1.7962135
12.861269 12.838049 -1.7962599
12.548066 13.144699 -1.796284
12.227617 13.443623 -1.7963085
11.9 13.73486 -1.7963338
11.224179 14.2931 -1.7963859
10.876426 14.559819 -1.7964126
3.6360545 5.120523 -0.62077522
9.7958002 15.30874 -1.796496
7.4865818 16.562973 -1.7966745
5.7382617 15.614995 -1.6444113
4.978828 15.874077 -1.64447
1.0427539 3.9889398 -0.4075354
0.74041015 3.993139 -0.40142852
0.45476562 4.0808978 -0.40587202
0.1578711 4.0850215 -0.40408447
-0.039277341 4.0877557 -0.40407211
-0.23689453 4.0904984 -0.40500244
-0.33615234 4.0918756 -0.40582365
-0.53617185 4.0946488 -0.40819031
-0.63716793 4.0960503 -0.40974256
-0.7390039 4.0974612 -0.41154799
-0.84179688 4.098886 -0.41361052
-0.94570309 4.1003275 -0.41593704
-1.0508202 4.1017852 -0.41853455
-1.1573242 4.103261 -0.42141142
-1.3751367 4.1062799 -0.42804092
-1.4867578 4.1078262 -0.43181473
-1.7163671 4.1110086 -0.44034714
-2.2068555 4.1178021 -0.46179458
-2.3374414 4.1196089 -0.4681842
-2.4717188 4.1214676 -0.47503418
-2.9005663 4.1274052 -0.49864271
-3.211992 4.1317143 -0.51729506
-3.3768163 4.133997 -0.52762479
-3.7275779 4.1388493 -0.55057037
-3.9148631 4.1414409 -0.5633139
-4.1041212 4.1370573 -0.57601851
-4.9970117 4.1487861 -0.64198369
-5.5279102 4.156126 -0.68361855
-5.8203907 4.1601691 -0.70717305
-6.133945 4.164505 -0.73285019
-6.8358006 4.1742082 -0.79170835
-7.2312694 4.1796756 -0.82559085
-7.6623435 4.1856341 -0.86302882
-8.6550779 4.1993546 -0.95090312
-9.2319918 4.2073274 -1.0028461
-12.364375 4.2508097 -1.292384
-14.590703 4.241447 -1.50194
-16.434649 2.6910186 -1.6461471
-17.438536 2.4251556 -1.7403299
-18.078339 2.0710497 -1.7986755
-18.157265 1.1969403 -1.7986823
-18.180859 0.75871885 -1.7986846
-18.196308 -0.11881958 -1.7986866
-18.188145 -0.55764037 -1.7986864
-18.169394 -0.99609309 -1.7986853
-18.140097 -1.4339929 -1.7986834
-18.049786 -2.3070099 -1.7986772
-17.917461 -3.1746538 -1.7986677
-17.835625 -3.6058033 -1.7986616
-17.743378 -4.0348911 -1.7986549
-17.405058 -5.306963 -1.7986298
-17.271894 -5.7251439 -1.7986197
-16.812538 -6.958643 -1.7985852
-16.639727 -7.3620067 -1.7985721
-16.457069 -7.7611194 -1.7985581
-16.053925 -8.0497446 -1.7751881
-14.508594 -8.173049 -1.6460071
-14.306952 -8.5205164 -1.6459917
-14.097148 -8.8629475 -1.6459756
-13.653125 -9.5321903 -1.6459417
-13.177324 -10.17922 -1.6459053
-12.670859 -10.802517 -1.6458665
-12.134941 -11.400627 -1.6458253
-12.642851 -13.081438 -1.7982664
-11.997031 -13.675469 -1.7982167
-11.663593 -13.960632 -1.7981911
-10.976503 -14.506354 -1.7981381
-10.263965 -15.018297 -1.7980832
-9.8986721 -15.26123 -1.7980549
-8.769043 -15.93615 -1.7979677
-7.9901366 -16.339872 -1.7979074
-7.1927342 -16.705576 -1.7978457
-3.8302538 -10.227624 -1.0795358
-5.9658985 -17.180922 -1.7977508
-4.7079883 -17.566319 -1.7976533
-3.8553123 -17.772234 -1.7975873
-2.993789 -17.936792 -1.7975203
-2.5603125 -18.003445 -1.7974867
-2.125371 -18.059633 -1.7974529
-1.6891992 -18.105284 -1.7974191
-1.2520117 -18.140429 -1.7973851
-0.81417966 -18.164995 -1.797351
1.3768749 -18.129274 -1.7971807
2.2493553 -18.041122 -1.7971127
2.6837304 -17.981298 -1.7970788
3.1165428 -17.911009 -1.7970451
3.9764061 -17.73926 -1.7969781
4.4029689 -17.637859 -1.7969449
4.8269529 -17.526232 -1.7969117
5.6662302 -17.272478 -1.7968463
6.0810351 -17.130493 -1.796814
6.4922462 -16.978558 -1.7967818
7.3031249 -16.645161 -1.7967184
7.7023239 -16.463913 -1.7966872
8.0969334 -16.273083 -1.7966563
8.4869137 -16.072805 -1.796626
8.8719139 -15.863208 -1.7965957
9.2517767 -15.644367 -1.796566
9.6261721 -15.416448 -1.7965367
9.995019 -15.179567 -1.7965078
10.714961 -14.679515 -1.7964513
11.065702 -14.416648 -1.7964239
11.410019 -14.145351 -1.7963969
11.747656 -13.865876 -1.7963704
12.078457 -13.578327 -1.7963444
12.402187 -13.282903 -1.7963189
12.718769 -12.979736 -1.7962941
13.329473 -12.35105 -1.7962461
13.90918 -11.693654 -1.7962003
14.456523 -11.009113 -1.7961572
14.717636 -10.657164 -1.7961364
15.449042 -9.5649738 -1.7960786
15.891953 -8.8087425 -1.7960435
16.099648 -8.4228687 -1.7960271
16.297968 -8.0320559 -1.7960113
16.835585 -6.8326807 -1.7959684
17.414999 -5.179101 -1.7959219
17.534727 -4.7576017 -1.7959121
17.83252 -3.477452 -1.7958878
17.979374 -2.6135302 -1.7958757
18.163008 -0.43163025 -1.7958595
18.162714 0.44466919 -1.7958587
18.120155 1.3199298 -1.7958611
18.083067 1.7565631 -1.7958636
17.977402 2.6264708 -1.7958711
17.908867 3.0592473 -1.7958761
17.82996 3.4902849 -1.7958817
17.641073 4.345993 -1.7958958
17.53125 4.7701726 -1.7959039
16.990585 6.436811 -1.7959445
16.481171 7.6484551 -1.795983
16.093456 8.4343863 -1.7960124
15.885527 8.8201141 -1.7960283
15.66832 9.2007561 -1.7960448
15.442031 9.5760136 -1.7960621
14.643906 10.619858 -1.7880739
14.448457 11.019392 -1.7961382
13.900605 11.70352 -1.7961801
12.709277 12.988757 -1.7962714
12.392461 13.291645 -1.7962959
12.068516 13.586828 -1.7963208
10.704258 14.687009 -1.7964259
3.5634961 5.145628 -0.61868787
3.4957616 5.3173981 -0.62901855
9.6149807 15.423129 -1.79651
8.8603907 15.86933 -1.7965683
8.475215 16.078684 -1.796598
8.0851755 16.278654 -1.7966282
7.6903124 16.469168 -1.7966588
6.6728125 15.238288 -1.644339
5.1743164 15.811303 -1.644455
4.7915626 15.931765 -1.6444846
0.69197261 3.9938116 -0.40064895
-9.2601948 4.2075715 -1.2372471
-12.800351 4.3844938 -1.6458631
-12.902402 4.0745416 -1.6458713
-12.996992 3.7622192 -1.6458789
-13.083964 3.4476957 -1.6458859
-13.235078 2.8128173 -1.6458981
-14.592813 2.3725586 -1.7984042
-14.690312 1.6661536 -1.7984124
-14.726269 1.3114008 -1.7984155
-14.753613 0.95587462 -1.7984179
-14.782538 0.24335754 -1.7984208
-14.777089 -0.46972167 -1.798421
-14.663086 -1.8909332 -1.7984134
-14.554766 -2.5957582 -1.7984055
-14.412637 -3.2945309 -1.7983952
-14.236875 -3.9856255 -1.7983823
-14.136523 -4.3277845 -1.7983747
-14.028008 -4.6674266 -1.7983665
-13.653691 -5.6692452 -1.7983383
-13.364258 -6.3209391 -1.7983165
-13.207851 -6.641356 -1.7983046
-13.04373 -6.9578977 -1.798292
-12.185996 -8.0976143 -1.7797481
-11.040996 -8.1306477 -1.6679202
-10.697344 -8.2827692 -1.6457107
-10.285332 -8.7887964 -1.6456791
-10.070292 -9.034194 -1.6456627
-9.3905268 -9.7382412 -1.6456105
-9.1528511 -9.9617777 -1.6455922
-8.9098244 -10.1795 -1.6455734
-8.6616602 -10.39129 -1.6455543
-7.8874998 -10.989873 -1.6454947
-7.0720897 -11.53089 -1.6454318
-6.7959766 -13.124387 -1.7978117
-6.4774218 -13.284285 -1.7977872
-6.1550975 -13.43645 -1.7977622
-5.4999022 -13.717216 -1.7977115
-3.8136718 -10.218277 -1.3267152
-4.831953 -13.966064 -1.7976598
-4.4936523 -14.078323 -1.7976335
-4.1527734 -14.18238 -1.7976071
-3.8094921 -14.278208 -1.7975805
-3.4639843 -14.365714 -1.7975537
-3.1164844 -14.44486 -1.7975268
-2.0640235 -14.631695 -1.7974451
0.067578122 -14.775027 -1.7972795
1.1355078 -14.73081 -1.7971963
1.4903711 -14.698909 -1.7971687
1.8444335 -14.658474 -1.7971412
3.247617 -14.411767 -1.7970319
3.5941992 -14.329058 -1.7970048
4.6204295 -14.031086 -1.7969247
5.2914844 -13.791599 -1.7968724
5.9501758 -13.520018 -1.7968208
6.9116993 -13.053935 -1.7967458
7.2244139 -12.883276 -1.7967211
7.5328708 -12.705127 -1.796697
7.8369918 -12.519611 -1.7966733
9.0060549 -11.705911 -1.7965815
9.2856445 -11.485161 -1.7965597
10.348301 -10.536835 -1.7964761
11.082559 -9.7608509 -1.7964184
11.314629 -9.4906397 -1.7964001
11.540097 -9.2149239 -1.7963823
11.758867 -8.9338636 -1.796365
12.175703 -8.3563156 -1.796332
12.373632 -8.0601854 -1.7963165
12.747637 -7.4540496 -1.7962869
13.09207 -6.8305998 -1.7962594
13.25293 -6.5128403 -1.7962468
13.818261 -5.2058434 -1.7962016
13.939707 -4.8710546 -1.7961918
14.053046 -4.5334473 -1.7961826
14.496094 -2.8098724 -1.7961466
14.559589 -2.4594507 -1.7961415
14.72871 -1.0455579 -1.796127
14.765683 0.021958617 -1.7961231
14.760839 0.37804747 -1.7961233
14.725469 1.0893567 -1.7961254
14.414648 3.2015343 -1.7961477
14.333301 3.548239 -1.7961537
14.039492 4.5751948 -1.7961756
13.802656 5.2468815 -1.7961934
13.672187 5.5782561 -1.7962033
13.387461 6.2310953 -1.7962248
13.233398 6.5521841 -1.7962365
12.72537 7.4918852 -1.7962751
12.150742 8.392416 -1.7963191
11.686192 8.9335794 -1.7893151
11.007852 9.7533245 -1.7890025
10.316816 10.567453 -1.7964598
10.059043 10.813303 -1.7964796
9.5261717 11.286025 -1.7965207
8.9711132 11.73251 -1.7965634
3.5041015 5.3431916 -0.77725488
7.4949999 12.727344 -1.7966772
6.2899804 11.965654 -1.6443716
5.7058787 12.255373 -1.6444168
5.1084571 12.516589 -1.6444631
4.8051758 12.636328 -1.6444865
4.1984763 12.878523 -1.6477108
3.8899024 12.986823 -1.6490797
1.0904883 3.9882164 -0.50293213
0.98810548 3.9896381 -0.49996063
0.88689452 3.9910448 -0.49731109
0.78666013 3.9924371 -0.49497589
0.5010547 4.0801969 -0.50004119
0.40158203 4.0815778 -0.49887785
0.30249998 4.082952 -0.49800903
0.20373046 4.0843229 -0.49743238
0.10509765 4.0856929 -0.49714568
-0.092070311 4.0884309 -0.49744001
-0.28992188 4.0911736 -0.49889633
-0.38941404 4.0925555 -0.50006485
-0.69152343 4.0967436 -0.50537598
-0.89724606 4.0995941 -0.51047665
-1.0017577 4.1010442 -0.51351714
-1.2149218 4.1039972 -0.52062452
-1.3238672 4.1055069 -0.52471495
-1.4345899 4.1070404 -0.52918011
-1.5472851 4.1086016 -0.53403562
-1.6621484 4.1101909 -0.53929681
-2.0216796 4.115169 -0.55771482
-2.1473045 4.1169095 -0.5648061
-2.2762303 4.1186934 -0.57241821
-2.4087501 4.1205268 -0.58058053
-2.6858983 4.124362 -0.59869385
-2.8312304 4.1263728 -0.60872209
-3.2993164 4.1328459 -0.6432699
-3.4677148 4.1351738 -0.65646118
-3.6432421 4.1376019 -0.67060375
-3.8266602 4.1401386 -0.68577707
-4.1257224 4.0528545 -0.70348853
-5.3982811 4.1542354 -0.82857907
-5.6817966 4.1581511 -0.85644871
-6.311152 4.1668463 -0.91992193
-7.043047 4.1769547 -0.99605727
-7.4569139 4.1826701 -1.0400158
-7.9092965 4.1889176 -1.0886955
-9.3710938 4.1255021 -1.2454809
-11.026835 4.2321587 -1.4367185
-11.909551 4.2443423 -1.5379399
-13.04039 3.6088903 -1.6458824
-13.123692 3.2933745 -1.645889
-14.619765 2.2005358 -1.7984064
-14.668593 1.8473266 -1.7984104
-14.778418 0.42577451 -1.7984204
-14.781757 -0.28731748 -1.7984213
-14.750742 -0.99973446 -1.7984195
-14.639785 -2.0634875 -1.7984118
-14.523164 -2.7669818 -1.7984033
-14.452168 -3.1164181 -1.7983981
-14.084609 -4.4939671 -1.7983708
-13.972031 -4.832303 -1.7983624
-13.851347 -5.1678276 -1.7983532
-13.585898 -5.8296323 -1.7983333
-13.128691 -6.796433 -1.7982985
-12.960878 -7.1110168 -1.7982858
-12.785507 -7.4214706 -1.7982724
-12.602715 -7.7275891 -1.7982584
-11.892539 -8.106142 -1.7507166
-11.320117 -8.1226568 -1.6948109
-10.79875 -8.1501617 -1.6457185
-10.599004 -8.4081573 -1.6457032
-9.275156 -9.8481045 -1.6456015
-8.2830076 -10.695249 -1.6455252
-8.0225782 -10.891768 -1.6455051
-7.7574606 -11.081928 -1.6454846
-7.2139063 -11.442799 -1.6454427
-7.2700782 -12.868196 -1.7978483
-6.6409178 -13.203435 -1.7977996
-6.320488 -13.359554 -1.7977749
-5.9963865 -13.507895 -1.7977499
-4.6670899 -14.021907 -1.7976469
-3.98541 -14.230203 -1.7975941
-3.6410546 -14.321967 -1.7975674
-3.2945702 -14.405401 -1.7975405
-2.5960155 -14.547063 -1.7974864
-2.2444141 -14.605225 -1.7974591
-1.8915038 -14.654875 -1.7974316
-1.5375 -14.695999 -1.7974042
-1.1826172 -14.728588 -1.7973766
0.59777343 -14.762754 -1.7972381
0.95359373 -14.743814 -1.7972105
1.3088866 -14.716313 -1.7971829
1.6633788 -14.680239 -1.7971553
2.0169141 -14.635634 -1.7971276
2.3692186 -14.582559 -1.7971003
2.7201757 -14.520922 -1.7970729
4.1060352 -14.190519 -1.7969649
4.4469528 -14.087162 -1.7969383
4.7853513 -13.975618 -1.7969118
5.1209178 -13.855948 -1.7968856
5.453496 -13.728219 -1.7968597
5.7829099 -13.59251 -1.7968339
6.431406 -13.29749 -1.7967832
6.7501364 -13.138325 -1.7967582
7.3756051 -12.797213 -1.7967094
7.9839063 -12.426359 -1.7966619
8.2811127 -12.230048 -1.7966385
8.8609762 -11.816236 -1.796593
9.4201946 -11.374934 -1.7965491
9.9574804 -10.907215 -1.7965069
10.2175 -10.663784 -1.7964865
10.471581 -10.414165 -1.7964665
11.196718 -9.6295929 -1.7964094
11.647773 -9.0783215 -1.7963738
12.273261 -8.212306 -1.7963244
12.654746 -7.6108232 -1.7962942
13.006855 -6.991673 -1.7962663
13.171562 -6.6759124 -1.7962532
13.477929 -6.0329523 -1.7962288
13.619452 -5.7061272 -1.7962174
13.996074 -4.7065344 -1.7961873
14.206601 -4.026155 -1.7961704
14.299511 -3.6823585 -1.7961628
14.460312 -2.9885538 -1.7961497
14.528144 -2.6389401 -1.796144
14.638398 -1.9353335 -1.7961349
14.6808 -1.5817429 -1.7961313
14.714687 -1.2272418 -1.7961284
14.739941 -0.8720172 -1.796126
14.756699 -0.51628906 -1.7961243
14.764843 -0.16026367 -1.7961235
14.755351 0.55186462 -1.7961235
14.737793 0.90755063 -1.7961246
14.711659 1.2627094 -1.7961264
14.676933 1.6171343 -1.7961286
14.453027 3.0233972 -1.7961448
14.290527 3.7168071 -1.7961569
14.196796 4.0603728 -1.7961639
13.984609 4.7402396 -1.7961798
13.739941 5.409101 -1.7961981
13.605566 5.7389069 -1.7962083
13.313164 6.3883524 -1.7962304
12.816757 7.3342447 -1.7962682
12.448457 7.9438443 -1.7962964
11.609981 9.093936 -1.7939208
11.355898 9.3454561 -1.7889758
11.127304 9.6166983 -1.7889934
10.694942 10.18421 -1.7964306
10.446386 10.439287 -1.7964499
10.191679 10.688289 -1.7964693
9.9310541 10.931091 -1.7964894
9.6646872 11.167542 -1.79651
9.3926563 11.39751 -1.7965308
9.1151562 11.620839 -1.7965522
3.632246 5.1212687 -0.7637381
3.5066016 5.2057514 -0.76349938
7.9537888 12.445439 -1.7966418
7.6514258 12.633811 -1.7966652
6.7218552 11.728173 -1.6443384
6.1486521 12.038977 -1.6443826
5.561152 12.321795 -1.644428
5.2624803 12.452504 -1.6444511
1.0403515 3.9889128 -0.50144011
0.65248048 4.078094 -0.5023663
0.55216795 4.0794864 -0.50075102
0.25423828 4.0836234 -0.49769118
0.15554687 4.0849943 -0.49725661
0.056972656 4.0863614 -0.49711105
-0.14027344 4.0890985 -0.49768859
-0.23919921 4.0904717 -0.49841261
-0.43818358 4.0932307 -0.50074309
-0.53849608 4.0946221 -0.50235671
-0.63953125 4.0960221 -0.50427431
-0.84421873 4.0988603 -0.50904924
-0.9481445 4.1003008 -0.51191926
-1.0532812 4.1017585 -0.51512372
-1.1598243 4.1032352 -0.51867199
-1.3776953 4.1062517 -0.52684796
-1.719082 4.1109796 -0.54201949
-1.9585937 4.1142974 -0.55427796
-2.3405077 4.1195817 -0.57633322
-2.4748828 4.1214433 -0.58477628
-2.9040039 4.1273799 -0.61387402
-3.0569921 4.1294951 -0.62497491
-3.215703 4.1316886 -0.6368627
-3.3806639 4.1339717 -0.64959705
-3.5525 4.1363468 -0.66324377
-3.7317967 4.1388249 -0.67787838
-3.9192772 4.141418 -0.69358742
-4.1041794 4.1324492 -0.70845717
-4.2255468 4.054235 -0.71231633
-4.4380665 4.0571723 -0.73143256
-5.0027342 4.1487699 -0.79056692
-5.5343943 4.1561151 -0.84189641
-5.8273044 4.1601615 -0.87093979
-6.1413865 4.1645012 -0.90260285
-6.844492 4.174212 -0.9751851
-7.6726561 4.1856499 -1.0631546
-8.6675777 4.1993876 -1.1715595
-9.2459373 4.2073736 -1.2356555
-9.6884174 4.1296878 -1.2811062
-10.618554 4.2265215 -1.3902081
-11.44289 4.2379007 -1.4843189
-12.797226 4.391479 -1.6457806
-12.994843 3.7695372 -1.6458786
-13.082031 3.4550591 -1.6458857
-13.161562 3.1385803 -1.6458921
-13.297734 2.5003064 -1.6459032
-14.578574 2.3786597 -1.796813
-14.689375 1.6744262 -1.7984123
-14.772031 0.60812318 -1.7984196
-14.782402 0.25169617 -1.7984208
-14.777383 -0.46138245 -1.798421
-14.737929 -1.1733921 -1.7984185
-14.705312 -1.5284698 -1.7984164
-14.664141 -1.8826617 -1.7984135
-14.556211 -2.5875478 -1.7984058
-14.414433 -3.2864058 -1.7983954
-14.330937 -3.633065 -1.7983891
-14.23912 -3.9776013 -1.7983824
-14.138965 -4.3198171 -1.7983749
-14.030624 -4.659523 -1.7983667
-13.914141 -4.9965072 -1.798358
-13.656875 -5.6615524 -1.7983385
-13.51627 -5.989223 -1.7983279
-12.876133 -7.2631369 -1.7982793
-11.60832 -8.1143618 -1.7228427
-11.053574 -8.1302891 -1.6691238
-10.701992 -8.2767458 -1.6457111
-10.499219 -8.532361 -1.6456956
-9.8546095 -9.268775 -1.645646
-9.6281252 -9.503644 -1.6456286
-8.6674995 -10.386412 -1.6455548
-8.4143944 -10.592289 -1.6455352
-8.1564455 -10.792011 -1.6455154
-7.8936911 -10.98544 -1.6454951
-7.6263475 -11.172461 -1.6454746
-7.3546286 -11.352988 -1.6454536
-7.4283395 -12.777581 -1.7978605
-7.1179295 -12.952847 -1.7978365
-6.4849024 -13.280637 -1.7977875
-5.5076365 -13.714113 -1.7977121
-4.1607814 -14.180049 -1.7976077
-3.1246483 -14.4431 -1.7975274
-2.0722461 -14.630529 -1.7974457
-1.009082 -14.741378 -1.797363
-0.29707029 -14.772424 -1.7973078
0.41552734 -14.769109 -1.7972523
0.77158201 -14.754573 -1.7972246
1.1271875 -14.731445 -1.7971969
1.4821093 -14.699748 -1.7971693
1.8361523 -14.659515 -1.7971418
2.1890819 -14.610738 -1.7971144
2.890996 -14.487752 -1.7970595
3.5860937 -14.331079 -1.7970054
4.6125193 -14.033701 -1.7969253
4.9495897 -13.918198 -1.7968991
7.525703 -12.70937 -1.7966976
8.12959 -12.331395 -1.7966504
9.5534573 -11.263148 -1.7965387
10.085215 -10.789158 -1.7964969
10.593457 -10.290071 -1.7964568
10.838398 -10.031499 -1.7964376
11.309297 -9.4970198 -1.7964005
11.753828 -8.9404907 -1.7963655
12.171055 -8.3631859 -1.7963325
12.369062 -8.067173 -1.7963167
12.743437 -7.4612427 -1.7962872
13.088202 -6.8379893 -1.7962598
13.249238 -6.5203094 -1.796247
13.685683 -5.5453315 -1.7962121
13.936953 -4.8789325 -1.7961919
14.155859 -4.2011986 -1.7961744
14.494473 -2.8180556 -1.7961469
14.698379 -1.4087487 -1.7961297
14.761758 -0.34246093 -1.7961237
14.765703 0.013624268 -1.7961231
14.761054 0.36972898 -1.7961233
14.74787 0.72558957 -1.796124
14.726054 1.081059 -1.7961253
14.656875 1.7898791 -1.7961301
14.335312 3.5401464 -1.7961535
14.2458 3.8848615 -1.7961602
14.148027 4.2272868 -1.7961674
14.042031 4.5672908 -1.7961754
13.537089 5.8987651 -1.7962135
13.23707 6.544733 -1.7962363
12.545468 7.7895608 -1.7962888
11.900586 8.6406002 -1.7889341
11.688828 8.9251518 -1.7889503
11.49664 9.2256899 -1.7930753
11.013359 9.7471228 -1.7890021
10.574316 10.309516 -1.7964399
10.322773 10.561628 -1.7964593
10.065176 10.807631 -1.7964791
9.8017187 11.047348 -1.7964995
9.5325384 11.280649 -1.79652
9.2578516 11.507378 -1.7965412
3.5597069 5.146369 -0.76117593
3.4992969 5.3293338 -0.77552611
6.5833201 11.806606 -1.6443489
6.2967772 11.962094 -1.6443712
5.7127929 12.252136 -1.6444162
4.8122654 12.633606 -1.644486
4.5081835 12.751565 -1.6452056
4.2056055 12.875708 -1.6476533
3.8972461 12.984575 -1.649073
1.0928906 3.9881823 -0.50300568
0.78900391 3.9924054 -0.49502638
0.68964845 3.9937847 -0.4929907
0.50339842 4.080164 -0.5000717
0.20603515 4.0842915 -0.49744245
0.10740234 4.0856609 -0.49714935
0.0088476557 4.087028 -0.49714506
-0.18853515 4.0897675 -0.49800614
-0.28761718 4.0911417 -0.49887252
-0.38708985 4.0925226 -0.50003415
-0.58775389 4.0953045 -0.50325531
-0.79146481 4.0981293 -0.50770658
-0.99931639 4.1010098 -0.51344222
-1.1051172 4.1024761 -0.51681286
-1.4319726 4.1070037 -0.52907151
-1.659453 4.1101542 -0.53916878
-1.776582 4.1117768 -0.54484588
-1.896289 4.1134343 -0.55096704
-2.144336 4.116868 -0.56463492
-2.2731836 4.1186519 -0.57223481
-2.6825585 4.1243157 -0.59846741
-3.6390624 4.1375456 -0.67026234
-3.8222852 4.1400776 -0.68541038
-4.120996 4.0527897 -0.70307446
-4.3279099 4.0556498 -0.72147238
-4.8768554 4.1470294 -0.77870625
-5.6749411 4.1580572 -0.85576904
-6.3032227 4.1667361 -0.91911232
-6.6540232 4.1715813 -0.95531189
-7.4468551 4.1825323 -1.0389377
-7.8982224 4.188765 -1.0874958
-9.3563471 4.1252985 -1.243827
-12.947285 3.9296148 -1.6458747
-13.121816 3.3007703 -1.6458889
-13.197637 2.9833527 -1.645895
-14.618515 2.208775 -1.7984064
-14.667559 1.8555768 -1.7984104
-14.708066 1.5013293 -1.798414
-14.763398 0.79037595 -1.7984189
-14.778183 0.43409422 -1.7984204
-14.784374 0.077579342 -1.7984211
-14.770879 -0.63538754 -1.7984207
-14.751269 -0.99143857 -1.7984195
-14.723027 -1.3468829 -1.7984176
-14.686269 -1.7015698 -1.7984151
-14.640918 -2.0552394 -1.7984118
-14.524707 -2.7588019 -1.7984034
-14.453925 -3.1082919 -1.7983983
-14.374706 -3.4559405 -1.7983924
-14.087109 -4.4860411 -1.798371
-13.974746 -4.8244276 -1.7983625
-13.854258 -5.1600332 -1.7983534
-13.725722 -5.4926028 -1.7983438
-13.444765 -6.1479764 -1.7983226
-13.132519 -6.7890301 -1.7982987
-12.964883 -7.1036968 -1.7982861
-12.789687 -7.414257 -1.7982726
-12.417129 -8.0222158 -1.7982442
-11.906446 -8.1057396 -1.7520803
-11.333086 -8.1222849 -1.6960659
-10.60375 -8.4021845 -1.6457036
-10.186074 -8.9035435 -1.6456715
-9.9683008 -9.1464996 -1.6456549
-9.7447071 -9.3841543 -1.6456376
-9.5155268 -9.6163149 -1.6456201
-9.2806635 -9.8428869 -1.6456019
-9.0405073 -10.063727 -1.6455835
-8.7950583 -10.278715 -1.6455646
-7.7637496 -11.077558 -1.6454852
-6.9423242 -11.609398 -1.6454217
-5.6764841 -13.645195 -1.7977252
-3.7057617 -10.279597 -1.3291967
-4.3354883 -14.127717 -1.7976213
-3.9934568 -14.227956 -1.7975947
-3.3026562 -14.403547 -1.7975411
-2.9543164 -14.478788 -1.7975142
-2.6041992 -14.545616 -1.797487
-2.2526367 -14.603957 -1.7974597
-1.8997265 -14.653811 -1.7974324
-1.190918 -14.72792 -1.7973772
-0.83539063 -14.752129 -1.7973497
-0.47937497 -14.76775 -1.7973219
-0.12308594 -14.77479 -1.7972943
0.23326172 -14.773242 -1.7972665
1.6550976 -14.681172 -1.7971559
3.4089842 -14.374363 -1.7970191
3.7545898 -14.287759 -1.7969923
4.0980272 -14.192827 -1.7969655
4.4390039 -14.08967 -1.7969389
6.4238868 -13.301121 -1.7967839
6.7427149 -13.142127 -1.7967589
7.3683786 -12.801376 -1.7967099
7.9768748 -12.430867 -1.7966622
8.2741795 -12.234721 -1.796639
8.8542967 -11.821238 -1.7965934
9.4137497 -11.380251 -1.7965497
10.211484 -10.669549 -1.796487
10.465742 -10.420078 -1.7964669
10.713847 -10.164542 -1.7964474
10.955762 -9.9031105 -1.7964283
11.420312 -9.3631344 -1.7963917
11.642675 -9.0848885 -1.7963742
12.066992 -8.5127745 -1.7963407
12.268613 -8.2192221 -1.7963247
12.463202 -7.9208922 -1.7963094
12.650469 -7.6179638 -1.7962946
12.830429 -7.3105903 -1.7962804
13.325039 -6.3637877 -1.7962409
13.47457 -6.040535 -1.796229
13.61625 -5.7138019 -1.7962178
13.74998 -5.3837214 -1.7962071
13.993398 -4.7144079 -1.7961875
14.102929 -4.3755589 -1.7961787
14.204296 -4.0341501 -1.7961705
14.458613 -2.9967043 -1.7961498
14.52664 -2.6471429 -1.7961442
14.679921 -1.5900241 -1.7961313
14.713964 -1.2355438 -1.7961284
14.739491 -0.88032711 -1.796126
14.764492 0.18752441 -1.7961231
14.755703 0.54355043 -1.7961235
14.7383 0.89922911 -1.7961246
14.677852 1.6088476 -1.7961286
14.523242 2.6657732 -1.7961396
14.454726 3.0152369 -1.7961447
14.377851 3.3629777 -1.7961503
14.199101 4.0523758 -1.7961636
13.86918 5.0683098 -1.7961885
13.608809 5.7312284 -1.796208
13.316777 6.3808355 -1.7962301
13.159121 6.7001896 -1.7962422
12.820898 7.3270197 -1.796268
12.640586 7.6341386 -1.7962817
12.452909 7.9368291 -1.796296
12.00623 8.4930534 -1.788926
11.798027 8.7801933 -1.7889419
11.614511 9.0869617 -1.7938328
11.361152 9.3390474 -1.7889754
11.132714 9.6104345 -1.7889929
10.452246 10.433401 -1.7964494
9.3990822 11.392209 -1.7965304
9.1216793 11.61571 -1.7965518
3.6357226 5.1200666 -0.76386338
3.5083983 5.2020721 -0.76324981
7.6585546 12.629482 -1.7966646
5.269453 12.449541 -1.6444505
1.0427344 3.9888799 -0.50150937
0.94091797 3.9902942 -0.49868897
0.84017575 3.9916942 -0.49618635
0.7403906 3.9930792 -0.49399489
0.55451173 4.0794549 -0.50078523
0.4547461 4.0808392 -0.49946335
0.15785156 4.0849628 -0.49726316
0.059277341 4.0863299 -0.4971109
-0.039296873 4.087697 -0.49724868
-0.13794921 4.0890656 -0.497675
-0.43583983 4.0931988 -0.50070953
-0.53617185 4.0945902 -0.50231534
-0.84179688 4.0988274 -0.50898588
-1.0508202 4.1017241 -0.51504499
-1.1573242 4.1032 -0.51858521
-1.3751172 4.1062174 -0.52674359
-1.4867382 4.1077642 -0.5313881
-1.6004101 4.1093364 -0.53643018
-2.0797265 4.115972 -0.56094933
-2.2068164 4.1177335 -0.56827939
-2.3373828 4.1195402 -0.57614285
-3.5483789 4.1362896 -0.66291291
-3.7275195 4.1387663 -0.67752522
-3.9147656 4.1413555 -0.69320637
-4.6658983 4.0679436 -0.75298578
-5.5277929 4.1560245 -0.84124708
-6.1337695 4.1643963 -0.90182966
-6.4711328 4.1690569 -0.93637156
-7.2310352 4.1795511 -1.0159494
-7.6621094 4.1855035 -1.0620193
-8.1343746 4.1920271 -1.1131405
-8.6547852 4.1992121 -1.1701508
-9.6728125 4.1294732 -1.2793528
-11.422343 4.2376165 -1.4819632
-12.992715 3.7768707 -1.6458784
-13.231914 2.8277221 -1.645898
-14.529824 2.379127 -1.7909741
-14.643516 2.0364599 -1.7984085
-14.688417 1.6827025 -1.7984121
-14.7525 0.97249508 -1.7984178
-14.782285 0.2600067 -1.7984208
-14.784238 -0.096539915 -1.7984213
-14.762383 -0.80930907 -1.7984202
-14.706152 -1.5201855 -1.7984164
-14.665195 -1.8744171 -1.7984135
-14.615684 -2.227525 -1.7984099
-14.557695 -2.5793643 -1.7984059
-14.033242 -4.6516299 -1.798367
-13.916933 -4.988658 -1.7983581
-13.660058 -5.6538529 -1.7983388
-13.519649 -5.981586 -1.7983282
-13.371387 -6.3058743 -1.798317
-13.051581 -6.9432015 -1.7982926
-12.880234 -7.2558665 -1.7982795
-12.214512 -8.0967817 -1.7825892
-11.621816 -8.1139727 -1.7241544
-11.066133 -8.1299305 -1.6703295
-10.295234 -8.7771902 -1.64568
-9.6334763 -9.4982176 -1.645629
-9.4015036 -9.7276611 -1.6456113
-9.1640816 -9.951457 -1.6455929
-8.6733789 -10.381522 -1.6455553
-8.1625195 -10.78741 -1.6455159
-7.8999023 -10.980981 -1.6454955
-7.6326756 -11.168169 -1.6454749
-7.0850973 -11.522929 -1.6454327
-6.8108201 -13.116714 -1.7978128
-6.4923825 -13.276982 -1.7977881
-5.5153708 -13.711007 -1.7977127
-3.8244531 -10.212132 -1.3264754
-4.509531 -14.073266 -1.7976347
-2.0804687 -14.62936 -1.7974464
-1.7270117 -14.675066 -1.797419
-1.0173827 -14.740809 -1.7973638
-0.66160154 -14.760825 -1.7973361
0.76328123 -14.755007 -1.7972254
1.8278906 -14.660546 -1.7971425
2.5325975 -14.554862 -1.7970876
3.2313476 -14.415422 -1.7970331
3.5780468 -14.333097 -1.797006
3.9225781 -14.242419 -1.7969792
4.6046095 -14.036318 -1.7969259
4.9417381 -13.920986 -1.7968997
5.275918 -13.797561 -1.7968736
5.6070504 -13.666108 -1.7968477
5.9349217 -13.52672 -1.7968221
6.2592969 -13.379469 -1.7967967
6.5800586 -13.22445 -1.7967716
6.8970118 -13.06173 -1.7967467
8.4176369 -12.136362 -1.7966278
8.7077732 -11.929666 -1.796605
10.079082 -10.794823 -1.7964973
10.336387 -10.548486 -1.7964772
10.587656 -10.296049 -1.7964573
10.832773 -10.037598 -1.7964381
11.303945 -9.5033827 -1.7964009
11.529726 -9.2279329 -1.7963831
11.748789 -8.9470968 -1.7963657
11.961035 -8.6610889 -1.7963492
12.166348 -8.3700266 -1.7963328
12.364531 -8.0741396 -1.7963171
12.915586 -7.1589513 -1.7962735
13.084394 -6.8453546 -1.79626
13.399023 -6.2063947 -1.796235
14.420605 -3.1749272 -1.7961529
14.492929 -2.826205 -1.796147
14.556796 -2.4758759 -1.7961416
14.612246 -2.1240735 -1.7961371
14.727519 -1.0621735 -1.7961271
14.748789 -0.70666867 -1.7961252
14.761542 -0.35079405 -1.796124
14.76125 0.36139587 -1.7961233
14.696601 1.4276043 -1.7961273
14.610683 2.1345994 -1.7961334
14.55498 2.4863257 -1.7961373
14.490859 2.8366344 -1.7961421
14.418242 3.185271 -1.7961475
13.808594 5.2313142 -1.796193
13.54041 5.8911176 -1.7962132
13.240781 6.5372586 -1.7962359
12.910332 7.1681976 -1.7962611
12.733788 7.4775467 -1.7962745
12.549844 7.7825017 -1.7962886
12.358613 8.0829716 -1.7963033
12.160214 8.3787184 -1.7963183
11.90543 8.6338968 -1.7889339
11.693867 8.9185762 -1.78895
11.018808 9.7409134 -1.7890017
10.82543 10.0453 -1.7964207
10.328691 10.555822 -1.7964588
10.071211 10.801958 -1.7964787
9.80791 11.041828 -1.7964988
8.6991205 11.935793 -1.7965842
3.563164 5.1451688 -0.76129568
3.4945507 5.3155718 -0.77381003
7.8137693 12.533901 -1.7966527
6.589941 11.802885 -1.6443484
6.0133591 12.107248 -1.644393
5.1225195 12.51081 -1.644462
4.8193946 12.630888 -1.6444855
4.2127147 12.872883 -1.6475958
1.0952929 3.9881506 -0.50307935
0.99287105 3.989572 -0.50009108
0.89160156 3.9909801 -0.49742752
-8.6801167 4.1994219 -1.393944
-9.7037306 4.1297464 -1.5245318
-10.579297 4.2039509 -1.6456904
-10.677617 3.9476111 -1.6456982
-11.075234 2.6344671 -1.6457304
-11.16164 2.3721521 -1.6495897
-12.226132 2.2917016 -1.7982202
-12.277851 1.9961908 -1.7982244
-12.359921 1.4018451 -1.7982314
-12.390117 1.1033605 -1.7982341
-12.43291 -0.39520812 -1.7982386
-12.419765 -0.69492066 -1.7982379
-12.399414 -0.9942407 -1.7982366
-12.371778 -1.2929815 -1.7982347
-12.336992 -1.5909665 -1.7982322
-12.295039 -1.8880248 -1.7982293
-12.245878 -2.1839833 -1.7982256
-12.18961 -2.4786704 -1.7982216
-12.05586 -3.0635381 -1.7982118
-11.978456 -3.3533766 -1.798206
-11.802734 -3.9270215 -1.7981929
-11.704551 -4.2104993 -1.7981853
-11.487773 -4.7699385 -1.798169
-11.369374 -5.0455728 -1.7981601
-11.244297 -5.3182635 -1.7981505
-10.830175 -6.1171398 -1.7981192
-10.679492 -6.376502 -1.7981077
-10.522519 -6.632154 -1.7980957
-10.190351 -7.1317196 -1.7980703
-10.015332 -7.3753433 -1.798057
-9.8342381 -7.6146703 -1.798043
-9.4555664 -8.0798845 -1.798014
-8.6575975 -8.1520863 -1.719074
-7.7011328 -8.381753 -1.6454779
-7.0748434 -8.9162951 -1.6454296
-6.8576756 -9.0842342 -1.6454129
-6.6365232 -9.2468815 -1.6453958
-6.4115429 -9.4041357 -1.6453784
-6.1827927 -9.5559254 -1.6453608
-5.7147264 -9.8427181 -1.6453247
-4.9880466 -10.229745 -1.6452686
-4.4888477 -10.458127 -1.6452299
-4.2352929 -10.563215 -1.6452103
-3.8078516 -10.202735 -1.5743016
-3.4604688 -10.841354 -1.6451503
-2.6675391 -11.062745 -1.6450888
-1.0442382 -11.330928 -1.6449628
-0.54267579 -12.421057 -1.7973248
0.056835935 -12.43244 -1.797278
2.1449022 -12.245023 -1.7971156
2.4395311 -12.189572 -1.7970927
2.7327538 -12.12707 -1.7970698
3.0243945 -12.057458 -1.7970471
3.3142576 -11.980867 -1.7970245
3.6021678 -11.897319 -1.7970021
4.4526758 -11.605349 -1.7969356
4.7312107 -11.494452 -1.7969139
5.5495896 -11.121955 -1.79685
6.8468943 -10.372968 -1.7967483
7.0949411 -10.204718 -1.796729
7.5786328 -9.8505468 -1.7966909
7.8138866 -9.6648083 -1.7966725
8.0446291 -9.4734535 -1.7966543
8.2706642 -9.2766056 -1.7966366
8.4918556 -9.0743589 -1.7966192
8.7081642 -8.8668404 -1.7966022
9.3261719 -8.2138891 -1.7965536
9.5214453 -7.986516 -1.7965382
9.8953123 -7.5180035 -1.7965088
10.073652 -7.2771182 -1.7964946
10.412656 -6.7828178 -1.7964679
10.875546 -6.0121856 -1.7964311
11.152656 -5.4807205 -1.7964091
11.281504 -5.2101355 -1.7963989
11.519492 -4.660049 -1.7963798
11.730683 -4.0991387 -1.7963629
12.070801 -2.9500856 -1.7963355
12.138417 -2.6581118 -1.79633
12.369902 -1.1785314 -1.7963105
12.412324 -0.58070189 -1.7963067
12.421816 0.31814086 -1.7963052
12.366347 1.2153168 -1.7963088
12.333437 1.5131958 -1.796311
12.293359 1.8101977 -1.7963139
12.246172 2.1061437 -1.7963172
12.061934 2.9859631 -1.7963308
11.904023 3.5641136 -1.7963426
11.814687 3.8501689 -1.7963493
11.615391 4.4154143 -1.7963643
11.505547 4.6942692 -1.7963725
11.389062 4.970397 -1.7963814
11.13627 5.5138373 -1.7964005
11.000097 5.780838 -1.7964109
10.392383 6.8137174 -1.7964572
10.051914 7.306994 -1.7964833
9.8728514 7.5473428 -1.796497
9.4975977 8.0147467 -1.7965257
9.100234 8.4635153 -1.7965562
8.8935547 8.6806021 -1.7965721
8.2429495 9.3010855 -1.7966222
8.016367 9.4972687 -1.7966396
7.7850389 9.6879177 -1.7966573
7.5492187 9.8729448 -1.7966756
3.6624217 5.0370088 -0.90029401
6.0068555 9.659668 -1.6443957
5.7722068 9.8018379 -1.6444138
5.5342188 9.9382973 -1.6444322
4.0506053 10.651982 -1.6474458
3.2713866 10.921804 -1.6481814
0.98808593 3.9895794 -0.59415573
0.68734372 3.993758 -0.58582157
0.40158203 4.0815167 -0.59286976
0.30249998 4.0828934 -0.59183824
0.20371093 4.0842657 -0.59115261
0.10511719 4.0856342 -0.59081185
0.0065624998 4.0870013 -0.59081537
-0.2899414 4.0911136 -0.59289253
-0.38941404 4.0924945 -0.59428114
-0.59009767 4.0952778 -0.59812516
-0.79386717 4.0981021 -0.60343254
-0.89722657 4.0995331 -0.60665387
-1.1075976 4.1024494 -0.61428207
-1.4345703 4.106977 -0.62888044
-1.5472656 4.1085367 -0.63465077
-1.6621094 4.110126 -0.64090371
-1.7793164 4.1117496 -0.64766151
-2.0216601 4.1151032 -0.66279179
-2.4087305 4.1204572 -0.68996465
-2.6858592 4.124289 -0.7114886
-2.8311913 4.1263003 -0.72340751
-3.4676561 4.135097 -0.78013921
-3.6431835 4.1375213 -0.79694587
-3.8265624 4.1400542 -0.81497741
-4.1256442 4.0527701 -0.83602589
-4.3327928 4.0556302 -0.85793042
-4.5512304 4.0586467 -0.88153571
-4.882422 4.1470146 -0.92604482
-5.1323829 4.1504655 -0.95418477
-5.3981442 4.1541338 -0.98468
-6.3109765 4.1667337 -1.0932285
-6.6623826 4.1715827 -1.1363388
-10.628105 4.0790691 -1.6456943
-10.723437 3.8215904 -1.645702
-10.8125 3.5618854 -1.645709
-10.971758 3.0364013 -1.645722
-11.105547 2.5038543 -1.6457329
-11.75955 2.3548217 -1.7337328
-12.252304 2.1475592 -1.7982223
-12.300566 1.8514593 -1.7982265
-12.375586 1.256192 -1.7982327
-12.402285 0.95737183 -1.7982352
-12.421777 0.65799558 -1.7982368
-12.436855 -0.24173705 -1.7982388
-12.427382 -0.54159606 -1.7982383
-12.386836 -1.1401956 -1.7982358
-12.355702 -1.4385918 -1.7982336
-12.317363 -1.7361437 -1.7982309
-12.271914 -2.032686 -1.7982277
-12.15957 -2.6220527 -1.7982194
-12.092773 -2.9145234 -1.7982146
-12.018926 -3.2053008 -1.7982091
-11.850312 -3.7810793 -1.7981963
-11.755664 -4.065752 -1.7981894
-11.545839 -4.6278205 -1.7981734
-11.430781 -4.9048929 -1.7981648
-10.443652 -6.7555976 -1.7980897
-10.277656 -7.0054412 -1.7980771
-9.2940817 -8.1330366 -1.7853584
-8.8676558 -8.1458406 -1.7407042
-8.4616795 -8.1578693 -1.6991566
-7.6018553 -8.4718428 -1.6454703
-7.3952537 -8.6526232 -1.6454542
-7.1843748 -8.8283567 -1.6454381
-6.9692774 -8.9989586 -1.6454214
-6.300293 -9.4789448 -1.6453699
-5.8357811 -9.7714987 -1.645334
-4.3653712 -10.510193 -1.6452203
-3.0690625 -10.958365 -1.6451199
-2.26875 -11.151141 -1.6450578
-1.9991602 -11.202466 -1.6450369
-1.7284179 -11.247284 -1.645016
-1.1840038 -11.317249 -1.6449738
-0.69595701 -12.413497 -1.7973367
0.80242187 -12.406257 -1.7972201
2.2889452 -12.218833 -1.7971045
2.5829101 -12.159913 -1.7970816
3.4551172 -11.940935 -1.7970135
4.0267773 -11.760159 -1.7969688
4.3091407 -11.659486 -1.7969469
4.5890231 -11.552038 -1.7969251
4.8662109 -11.437871 -1.7969034
5.1405663 -11.317045 -1.7968818
5.411953 -11.189654 -1.7968606
5.9450779 -10.915434 -1.796819
6.4643359 -10.615825 -1.7967782
6.9685349 -10.291553 -1.7967387
7.2146482 -10.120397 -1.7967194
7.6940622 -9.7605352 -1.7966819
7.9271483 -9.5720577 -1.7966636
8.1556053 -9.378005 -1.7966456
8.3792963 -9.1785107 -1.7966281
8.5981245 -8.9736671 -1.7966108
8.8119335 -8.7636318 -1.796594
9.0206642 -8.5484962 -1.7965776
9.4222069 -8.1034384 -1.796546
9.6148043 -7.8737884 -1.7965308
9.9831057 -7.4008989 -1.7965018
10.158574 -7.1579485 -1.7964878
10.945566 -5.8836646 -1.7964256
11.08418 -5.6179557 -1.7964146
11.342051 -5.0768962 -1.796394
11.461133 -4.801868 -1.7963846
11.778125 -3.9606962 -1.7963591
11.870175 -3.6754875 -1.7963518
11.955312 -3.3881381 -1.7963449
12.104707 -2.8077121 -1.7963327
12.168867 -2.514967 -1.7963275
12.225957 -2.2207596 -1.7963227
12.275898 -1.9252664 -1.7963187
12.318749 -1.6286529 -1.796315
12.354414 -1.3310971 -1.7963119
12.404219 -0.73383665 -1.7963074
12.418281 -0.43447447 -1.7963061
12.425156 -0.13487305 -1.7963053
12.417207 0.46441343 -1.7963055
12.402402 0.76373535 -1.7963063
12.380371 1.0626153 -1.7963078
12.351152 1.3608758 -1.7963098
12.314765 1.6583471 -1.7963123
12.271211 1.9548534 -1.7963154
12.162734 2.5442896 -1.7963233
12.097871 2.8368762 -1.7963281
11.768516 3.9890618 -1.7963529
11.668945 4.2717304 -1.7963603
11.449492 4.8294644 -1.7963767
10.475664 6.684927 -1.796451
10.311445 6.9356632 -1.7964635
9.5957222 7.8968911 -1.7965182
9.2039642 8.3505335 -1.7965482
8.9999609 8.5701494 -1.796564
8.7907228 8.7847748 -1.79658
8.35707 9.1986065 -1.7966135
8.1328707 9.3975725 -1.7966306
7.6704297 9.7789774 -1.7966663
5.4167771 10.002847 -1.6444414
5.1740427 10.130687 -1.6444601
4.6796484 10.368626 -1.6444982
4.1814451 10.600364 -1.6473181
3.405664 10.879783 -1.6480575
0.83783203 3.9916675 -0.58960509
0.73806638 3.9930546 -0.58700973
0.5521484 4.0794268 -0.59509641
0.25423828 4.0835624 -0.59146017
0.15554687 4.0849333 -0.59094322
0.056992184 4.0863004 -0.59077024
-0.14027344 4.0890384 -0.59145659
-0.23919921 4.0904107 -0.59231734
-0.53849608 4.0945621 -0.59700435
-0.63953125 4.0959625 -0.59928358
-0.74138671 4.0973735 -0.60193169
-0.84421873 4.0987992 -0.60495716
-1.1598047 4.1031718 -0.61639351
-1.6030663 4.1093097 -0.6376428
-1.7190429 4.1109138 -0.64413887
-1.8374609 4.1125541 -0.6511519
-2.0825975 4.1159468 -0.66683173
-2.6133008 4.1232867 -0.70569843
-3.0569336 4.1294193 -0.74272215
-3.9191797 4.1413336 -0.82425869
-4.1041794 4.1324444 -0.84195065
-4.2254686 4.0541496 -0.84651905
-4.6711912 4.0679264 -0.89543915
-5.0026169 4.1486735 -0.93950671
-5.260078 4.1522284 -0.96876526
-7.2405076 4.1795611 -1.2085632
-8.1457224 4.192049 -1.3243419
-9.2456055 4.207222 -1.4684321
-10.576914 4.2099113 -1.6456903
-10.67541 3.9536247 -1.6456981
-10.85373 3.4342999 -1.6457124
-10.933456 3.1715667 -1.6457188
-11.006816 2.9069841 -1.6457248
-11.142207 2.3745818 -1.6469162
-12.276777 2.0030968 -1.7982244
-12.321523 1.7064477 -1.7982281
-12.35912 1.4088043 -1.7982314
-12.389492 1.1103381 -1.7982339
-12.412695 0.81122679 -1.798236
-12.428672 0.51165587 -1.7982376
-12.420176 -0.68791932 -1.7982379
-12.399941 -0.98724484 -1.7982366
-12.372559 -1.2859985 -1.7982348
-12.33791 -1.5840069 -1.7982324
-12.296094 -1.8810897 -1.7982293
-12.247128 -2.1770737 -1.7982259
-12.127831 -2.7650719 -1.7982172
-11.896093 -3.6345644 -1.7981999
-11.804902 -3.9203789 -1.798193
-11.60207 -4.4849939 -1.7981777
-11.490468 -4.7634687 -1.7981693
-11.372207 -5.0391665 -1.7981603
-10.526269 -6.6262226 -1.7980959
-10.194394 -7.1259708 -1.7980707
-10.019472 -7.3696966 -1.7980572
-9.8388281 -7.6091213 -1.7980434
-9.4602337 -8.074564 -1.7980143
-9.0831833 -8.13939 -1.7631451
-8.6670113 -8.1518068 -1.720045
-7.9058204 -8.1892118 -1.6454936
-7.5015235 -8.5607433 -1.6454625
-7.2927928 -8.7390766 -1.6454464
-6.862793 -9.080369 -1.6454132
-6.4168553 -9.4005289 -1.6453788
-6.1882029 -9.5524454 -1.6453613
-5.4812498 -9.9744787 -1.6453067
-5.2390428 -10.103647 -1.6452879
-4.7456446 -10.344284 -1.6452497
-4.4947462 -10.455594 -1.6452304
-4.24125 -10.560826 -1.6452107
-3.8132617 -10.199659 -1.5741595
-3.4666014 -10.8394 -1.6451507
-2.6737695 -11.061239 -1.6450893
-2.4061913 -11.122371 -1.6450685
-2.1373045 -11.177014 -1.6450477
-1.0506445 -11.330338 -1.6449634
-0.5496875 -12.420752 -1.7973254
-0.25 -12.430241 -1.797302
1.2471288 -12.369228 -1.7971854
1.5450195 -12.335398 -1.7971623
1.8420898 -12.294392 -1.7971393
2.1379883 -12.24623 -1.7971162
2.7259374 -12.128592 -1.7970703
3.5954688 -11.899348 -1.7970026
3.8813477 -11.809031 -1.7969803
4.1649804 -11.711853 -1.7969581
5.0005469 -11.379689 -1.7968928
5.5433397 -11.125078 -1.7968504
5.8099217 -10.988026 -1.7968295
6.5888672 -10.538905 -1.7967684
6.8410544 -10.376824 -1.7967488
7.5730467 -9.8548117 -1.7966914
7.8084178 -9.6692114 -1.7966729
8.0392971 -9.4779873 -1.7966548
8.4867573 -9.0791473 -1.7966197
8.9145308 -8.6592035 -1.7965859
9.1206837 -8.4416256 -1.7965698
9.3215237 -8.2191381 -1.796554
9.5169334 -7.9918814 -1.7965385
9.8910542 -7.5235782 -1.796509
10.408848 -6.7886996 -1.7964681
10.569453 -6.5356464 -1.7964554
10.872168 -6.0183148 -1.7964314
11.14959 -5.4870081 -1.7964094
11.278593 -5.2165055 -1.796399
11.401035 -4.942956 -1.7963892
11.516835 -4.6665516 -1.7963802
11.728339 -4.1057673 -1.796363
12.06912 -2.9568987 -1.7963356
12.136914 -2.6649544 -1.7963301
12.369238 -1.1855181 -1.7963107
12.394199 -0.88685238 -1.7963084
12.422559 -0.28819457 -1.7963057
12.425879 0.011468505 -1.7963052
12.410859 0.61060971 -1.7963058
12.366972 1.2083367 -1.7963088
12.294414 1.8032556 -1.7963138
12.247363 2.0992436 -1.7963172
12.193203 2.3939836 -1.796321
11.816816 3.8435185 -1.7963492
11.720722 4.1273808 -1.7963563
11.617851 4.408874 -1.7963641
11.268887 5.2372832 -1.7963905
11.139375 5.5075703 -1.7964003
11.003379 5.7746305 -1.7964107
10.860937 6.0383573 -1.7964215
10.557304 6.5551028 -1.7964447
10.396231 6.807857 -1.7964568
10.229101 7.0566216 -1.7964697
9.8771095 7.5417619 -1.7964967
9.6924019 7.7778239 -1.7965107
9.1050386 8.4583759 -1.7965559
8.8984375 8.67558 -1.7965717
8.4699221 9.0947351 -1.7966048
7.7904882 9.6835232 -1.796657
7.5547848 9.8686934 -1.7966752
3.6669922 5.0373306 -0.90072131
3.5417383 5.1204252 -0.90003949
3.4395506 5.2383318 -0.90591663
5.5398045 9.935174 -1.6444317
5.2986913 10.065999 -1.6444503
5.0543942 10.190978 -1.6444693
4.31041 10.544309 -1.6467488
4.0565624 10.649658 -1.64744
3.79916 10.745996 -1.6476877
3.5393748 10.836105 -1.647933
0.50337887 4.0801044 -0.59428883
0.20601562 4.0842314 -0.59116459
0.10742188 4.0856023 -0.59081626
-0.089746095 4.0883379 -0.59114981
-0.28761718 4.0910821 -0.59286386
-0.58775389 4.0952449 -0.59807134
-0.68916017 4.0966496 -0.60053098
-0.89480466 4.0994987 -0.60657442
-0.99931639 4.1009479 -0.61017781
-1.2123828 4.1038995 -0.6186049
-1.3212891 4.1054082 -0.62345654
-1.4319726 4.1069403 -0.62875146
-1.7765429 4.111712 -0.64749777
-2.0187695 4.1150627 -0.66260159
-2.1442773 4.1167998 -0.67101467
-2.2731445 4.1185822 -0.6800459
-2.4055665 4.1204133 -0.68972945
-2.6825194 4.1242437 -0.71121979
-2.8277147 4.1262517 -0.7231198
-2.9779491 4.1283283 -0.73585945
-3.2953906 4.1327152 -0.76410919
-3.4636524 4.1350422 -0.77976006
-3.8221874 4.1399946 -0.81454211
-4.3278317 4.055562 -0.85739815
-4.5459766 4.0585761 -0.88096625
-4.8767576 4.1469364 -0.92541295
-6.3030663 4.1666241 -1.0922655
-6.6538281 4.1714654 -1.1352843
-7.0336132 4.1767058 -1.1825436
-9.3559961 4.1251445 -1.4781424
-10.524121 4.3401127 -1.645686
-10.6258 4.0850554 -1.6456941
-10.721231 3.8276403 -1.6457018
-10.893417 3.3062565 -1.6457156
-11.727363 2.3552599 -1.7291855
-12.299531 1.8583935 -1.7982262
-12.401718 0.96434385 -1.7982349
-12.439023 0.065272823 -1.7982388
-12.437012 -0.2347406 -1.7982388
-12.427675 -0.53459227 -1.7982383
-12.411211 -0.83416319 -1.7982374
-12.318378 -1.7292058 -1.798231
-12.273046 -2.0257885 -1.7982277
-11.940078 -3.4874816 -1.7982031
-11.852441 -3.7744141 -1.7981966
-11.75791 -4.0591216 -1.7981895
-11.656543 -4.3414989 -1.7981819
-11.548418 -4.6213121 -1.7981737
-11.433535 -4.8984656 -1.798165
-11.312031 -5.1727347 -1.7981558
-10.908203 -5.9768958 -1.7981251
-10.760977 -6.2381711 -1.7981138
-10.447461 -6.749712 -1.79809
-10.281601 -6.9996357 -1.7980772
-9.7484369 -7.7244458 -1.7980365
-8.4709959 -8.1575966 -1.7000947
-7.4001169 -8.6484547 -1.6454546
-6.9743748 -8.9950294 -1.6454219
-5.6039453 -9.9061337 -1.6453161
-4.8729491 -10.284978 -1.6452596
-4.6234765 -10.399396 -1.6452403
-4.3713083 -10.507739 -1.6452208
-3.9313672 -10.132564 -1.5711727
-3.7001171 -10.263931 -1.577243
-3.0752537 -10.956635 -1.6451204
-2.5433006 -11.091893 -1.6450791
-1.734707 -11.246305 -1.6450164
0.49601561 -12.422456 -1.7972441
1.094414 -12.383767 -1.7971973
1.3927343 -12.353607 -1.7971742
1.9866992 -12.271772 -1.797128
2.2820313 -12.220129 -1.797105
2.5760741 -12.161318 -1.7970821
3.159375 -12.022719 -1.7970365
3.4483788 -11.942884 -1.797014
3.7352929 -11.856101 -1.7969916
4.0201368 -11.762426 -1.7969694
6.200449 -10.772253 -1.7967989
6.4583201 -10.619482 -1.7967787
6.9627147 -10.295495 -1.7967391
7.2089453 -10.12447 -1.7967199
7.4508786 -9.9475727 -1.796701
7.9217381 -9.5765343 -1.7966641
8.5931053 -8.9785223 -1.7966113
8.8070116 -8.7686033 -1.7965945
9.0158596 -8.5535727 -1.796578
9.4176369 -8.1087503 -1.7965465
9.6103706 -7.8792205 -1.7965312
10.645664 -6.410687 -1.7964494
10.797071 -6.1520395 -1.7964374
11.081055 -5.6241922 -1.7964147
11.213418 -5.3552971 -1.7964042
11.339238 -5.0832815 -1.7963941
11.458418 -4.8083191 -1.7963847
11.676875 -4.250185 -1.7963673
11.775918 -3.9673207 -1.7963592
11.868086 -3.6821716 -1.7963519
12.103125 -2.8145201 -1.7963328
12.317812 -1.6356066 -1.7963151
12.353691 -1.3380603 -1.7963121
12.382324 -1.0397534 -1.7963095
12.403828 -0.74084228 -1.7963074
12.425058 -0.14187866 -1.7963053
12.424844 0.15780945 -1.7963052
12.417441 0.45741394 -1.7963055
12.402832 0.75673336 -1.7963063
12.380977 1.0556353 -1.7963078
12.315702 1.6514068 -1.7963122
12.272305 1.9479229 -1.7963154
12.164141 2.5374236 -1.7963232
12.099453 2.8300574 -1.7963281
11.770741 3.982429 -1.7963525
11.671367 4.265142 -1.79636
11.565137 4.5453973 -1.7963681
11.332617 5.0978131 -1.7963856
11.07375 5.6383929 -1.7964053
10.934609 5.9038301 -1.7964158
10.789121 6.1658759 -1.796427
10.637363 6.4243083 -1.7964386
10.479433 6.6790228 -1.7964506
10.145292 7.176652 -1.7964761
9.4071283 8.1207829 -1.7965328
9.2086325 8.3453512 -1.796548
8.7956839 8.7798195 -1.7965796
8.3622847 9.1938982 -1.796613
7.9093747 9.5866032 -1.7966478
7.6759176 9.7746572 -1.7966658
7.4380856 9.957037 -1.796684
3.4871678 5.170629 -0.90158117
6.1309376 9.5813046 -1.6443861
5.8982029 9.7264786 -1.6444041
5.4224219 9.999794 -1.6444409
5.1797657 10.127755 -1.6444596
4.4374413 10.483765 -1.6457211
4.1873631 10.597954 -1.6473123
3.4117968 10.87783 -1.6480519
0.7403906 3.9930217 -0.58706623
0.55449218 4.0793939 -0.59513724
0.4547461 4.0807781 -0.59356606
0.35546875 4.0821586 -0.59234661
0.25654295 4.0835309 -0.59147626
0.059296872 4.0862689 -0.59077072
-0.039277341 4.087636 -0.59093344
-0.13796875 4.0890069 -0.5914405
-0.33613279 4.0917559 -0.59349364
-0.53617185 4.0945282 -0.59695542
-0.63716793 4.0959296 -0.59922665
-0.7390039 4.0973392 -0.60186547
-0.84179688 4.0987663 -0.60488212
-1.0508202 4.1016631 -0.61208332
-1.1573046 4.1031375 -0.61629075
-1.2653515 4.1046357 -0.6209197
-1.9557226 4.1141901 -0.65852398
-2.0796678 4.1159053 -0.66663527
-2.3373632 4.1194706 -0.68469113
-2.4716601 4.1213274 -0.69470686
-2.7528319 4.1252165 -0.71692926
-2.900449 4.1272564 -0.72923309
-3.5483203 4.1362114 -0.78780717
-3.7274218 4.1386857 -0.80517167
-4.2206249 4.0540814 -0.8460052
-4.665781 4.0678535 -0.8948431
-4.9967771 4.1485929 -0.93885016
-5.5276365 4.1559219 -0.99973416
-6.1336327 4.1642866 -1.0717274
-7.2308202 4.1794267 -1.2073441
-7.6618552 4.1853743 -1.2620909
-8.1341009 4.1918879 -1.3228401
-8.6544724 4.1990681 -1.390588
-9.231328 4.2070255 -1.4665426
-9.6724215 4.1293144 -1.5203493
-10.574531 4.2158833 -1.64569
-10.673183 3.9596422 -1.645698
-10.765605 3.7011187 -1.6457053
-10.93166 3.1777375 -1.6457187
-11.13291 2.3791559 -1.6457351
-12.275624 2.0100176 -1.7982243
-12.412266 0.81822568 -1.798236
-12.437265 0.21876159 -1.7982385
-12.420567 -0.68092102 -1.798238
-12.338769 -1.5770679 -1.7982324
-12.297129 -1.8741616 -1.7982295
-12.192402 -2.4649243 -1.7982218
-12.059316 -3.0499465 -1.7982119
-11.898125 -3.627857 -1.7982
-11.493144 -4.7569928 -1.7981695
-11.375019 -5.032743 -1.7981606
-10.981269 -5.8418279 -1.7981306
-10.68666 -6.3644605 -1.7981082
-9.8428316 -7.603579 -1.7980436
-9.0930662 -8.1390924 -1.7641896
-7.7106051 -8.3730745 -1.6454785
-7.5063086 -8.5565062 -1.6454629
-6.4221287 -9.3969097 -1.6453793
-6.193574 -9.5489445 -1.6453615
-5.9614062 -9.6954403 -1.6453438
-5.2447267 -10.100691 -1.6452883
-4.9995508 -10.224132 -1.6452694
-4.7515039 -10.341601 -1.6452502
-4.5006442 -10.453061 -1.6452308
-3.8186522 -10.196599 -1.5740173
-3.7330663 -10.75069 -1.6451715
-3.2102537 -10.91791 -1.6451309
-2.6799998 -11.059738 -1.6450896
-2.4124804 -11.121024 -1.6450691
-1.6021289 -11.265882 -1.6450061
-1.3299218 -11.30111 -1.644985
-0.55667967 -12.420441 -1.7973258
-0.25699219 -12.430097 -1.7973025
0.34267578 -12.427697 -1.797256
0.94146484 -12.396411 -1.7972093
1.2401562 -12.369926 -1.7971861
2.7191014 -12.130183 -1.7970709
3.5887694 -11.90138 -1.797003
4.1583591 -11.714196 -1.7969586
5.2671485 -11.25864 -1.7968719
5.5370507 -11.128205 -1.7968508
6.0670309 -10.848019 -1.7968093
7.3276367 -10.03881 -1.7967106
7.5674801 -9.8590851 -1.7966919
8.0339451 -9.482523 -1.7966552
8.2602148 -9.2859182 -1.7966374
8.9096479 -8.6642342 -1.7965864
9.5124416 -7.9972363 -1.7965389
10.065469 -7.2884741 -1.7964953
10.238222 -7.043551 -1.7964816
10.72039 -6.2848473 -1.7964435
11.146503 -5.4932771 -1.7964096
11.398261 -4.9493647 -1.7963896
11.514257 -4.6730371 -1.7963803
11.726054 -4.112361 -1.7963634
11.910625 -3.54214 -1.7963483
12.0675 -2.9636846 -1.7963357
12.250058 -2.0835357 -1.7963208
12.296699 -1.7874801 -1.7963167
12.33623 -1.4904236 -1.7963134
12.39375 -0.89385438 -1.7963085
12.41164 -0.59468138 -1.7963068
12.393046 0.90275025 -1.7963068
12.367715 1.2013794 -1.7963088
12.295449 1.7963396 -1.7963138
12.248554 2.0923278 -1.7963171
12.133457 2.6805139 -1.7963254
11.819004 3.8368461 -1.796349
11.723066 4.1207881 -1.7963562
11.394668 4.9575505 -1.7963809
10.7158 6.292531 -1.7964326
10.400039 6.8019977 -1.7964566
10.233067 7.0508671 -1.7964693
10.060117 7.295661 -1.7964827
9.5066013 8.0040302 -1.7965251
9.3108587 8.2310438 -1.79654
8.9033003 8.670578 -1.7965713
7.7959375 9.679141 -1.7966566
3.6715624 5.0376506 -0.90114754
3.4438868 5.2385054 -0.90628147
5.7832422 9.7953262 -1.644413
5.5454297 9.9320412 -1.6444315
5.304297 10.063018 -1.6444501
4.0625782 10.647331 -1.647434
3.8051758 10.743831 -1.6476818
3.2836523 10.918035 -1.6481701
1.0952929 3.9880896 -0.59786248
0.99287105 3.9895134 -0.59431213
-8.9372263 4.060771 -1.6455629
-9.0325775 3.844074 -1.6455705
-9.122695 3.6251409 -1.6455777
-9.2074995 3.4040947 -1.6455843
-9.286972 3.1810679 -1.6455908
-9.4296284 2.7295854 -1.6456023
-9.8286133 2.3379326 -1.6935632
-10.492031 2.2298431 -1.7980855
-10.542773 1.9761707 -1.7980895
-10.625839 1.4655181 -1.7980964
-10.704023 0.69350892 -1.7981033
-10.717636 0.43516296 -1.7981045
-10.725039 0.17656006 -1.7981052
-10.726171 -0.082136229 -1.7981057
-10.721054 -0.34079161 -1.7981055
-10.668379 -1.1149542 -1.798102
-10.602168 -1.6280676 -1.7980974
-10.559805 -1.8832791 -1.7980943
-10.395918 -2.6417315 -1.7980822
-10.256426 -3.1399128 -1.7980719
-10.093008 -3.6307867 -1.7980597
-9.9061327 -4.1132016 -1.7980455
-9.8040037 -4.3508873 -1.7980379
-9.4636517 -5.0481958 -1.7980119
-9.3391409 -5.2749376 -1.7980025
-9.2091799 -5.4985948 -1.7979925
-8.9331837 -5.9361758 -1.7979715
-8.7874212 -6.1498528 -1.7979603
-8.6364651 -6.3599439 -1.7979487
-8.153945 -6.9675188 -1.7979118
-7.9834762 -7.1620765 -1.7978987
-7.4446287 -7.7203021 -1.7978573
-7.2562695 -7.8975348 -1.7978429
-6.8059373 -8.1649055 -1.7818393
-6.4861913 -8.1743574 -1.749247
-6.1776757 -8.1833153 -1.7187736
-5.1313868 -8.3665762 -1.645278
-4.9280467 -8.4878073 -1.6452622
-4.3014255 -8.8216085 -1.6452138
-4.0873828 -8.9226818 -1.6451973
-3.8709569 -9.0185766 -1.6451806
-3.4315429 -9.1945429 -1.6451466
-3.2087696 -9.2745266 -1.6451293
-2.9841406 -9.349123 -1.6451119
-2.7577734 -9.4182625 -1.6450943
-2.5298243 -9.4819374 -1.6450768
-2.0696094 -9.5926819 -1.645041
-1.8376563 -9.6396999 -1.645023
-1.1359179 -9.7470064 -1.6449685
-0.66458982 -9.7902193 -1.6449319
-0.42832029 -9.8032942 -1.6449136
-0.19177733 -9.810667 -1.6448951
0.049042966 -10.721458 -1.7972772
0.30759764 -10.717026 -1.7972572
0.56595701 -10.706372 -1.797237
2.1038475 -10.51216 -1.7971172
2.3567383 -10.458235 -1.7970976
2.8581641 -10.332223 -1.7970586
3.1064844 -10.260171 -1.7970392
3.3530273 -10.182173 -1.7970197
3.8399804 -10.008437 -1.7969818
4.080215 -9.9128199 -1.796963
4.5533009 -9.7043476 -1.796926
4.785996 -9.5916233 -1.7969079
5.0158982 -9.4733181 -1.7968899
5.2428317 -9.3495045 -1.796872
5.4666991 -9.220252 -1.7968546
5.6874022 -9.0856466 -1.7968373
5.9048243 -8.9457626 -1.7968203
6.1187887 -8.8006811 -1.7968036
7.5101366 -7.6469493 -1.7966943
7.6922655 -7.4635568 -1.79668
8.5340033 -6.4837346 -1.7966136
8.980195 -5.8497043 -1.7965783
9.1186132 -5.6314077 -1.7965673
9.3794136 -5.1851006 -1.7965467
9.5016994 -4.9573698 -1.7965369
9.6184568 -4.7267594 -1.7965276
9.7296095 -4.4934001 -1.7965188
9.9348431 -4.0189929 -1.7965025
10.028848 -3.7782218 -1.796495
10.116972 -3.5352502 -1.7964878
10.410352 -2.5442667 -1.7964642
10.566992 -1.7850039 -1.7964513
10.606934 -1.5296463 -1.796448
10.640703 -1.2733966 -1.7964451
10.668301 -1.0164165 -1.7964429
10.704863 -0.50081909 -1.7964395
10.716581 0.01593628 -1.7964381
10.712988 0.27441955 -1.7964381
10.687383 0.79062068 -1.7964396
10.602324 1.5611864 -1.7964456
10.514746 2.0706036 -1.796452
10.461738 2.3235846 -1.7964559
10.402695 2.5752106 -1.7964603
10.266503 3.0738287 -1.7964703
10.017539 3.8080127 -1.7964891
9.9228125 4.0485039 -1.7964963
9.4868746 4.98559 -1.7965293
9.3639259 5.2129569 -1.7965387
9.101758 5.6584687 -1.7965586
8.8184376 6.0908222 -1.7965803
8.5145702 6.5090361 -1.7966036
8.1909761 6.912127 -1.7966284
7.6699996 7.486352 -1.7966684
7.4873047 7.6691985 -1.7966824
6.3272266 7.4960928 -1.6443727
3.6296289 4.99194 -1.0346267
3.4003124 5.1849284 -1.0393941
4.9780078 8.4532061 -1.6444768
4.5650587 8.6842937 -1.6446455
4.3579688 8.7992058 -1.6460198
3.7119141 9.0948591 -1.6466765
3.4919727 9.1829386 -1.646892
2.8200586 9.4149685 -1.6475259
0.78666013 3.9923186 -0.68209523
0.68732423 3.9936993 -0.67930096
-0.38941404 4.0924335 -0.68910962
-0.69150388 4.0966215 -0.69642782
-1.1075586 4.102387 -0.71230233
-1.2148827 4.1038728 -0.71744049
-1.3238281 4.1053801 -0.723077
-1.5472461 4.1084733 -0.73592031
-1.7792773 4.1116838 -0.75100708
-2.021621 4.1150346 -0.76855034
-2.2761719 4.1185551 -0.7888115
-2.6858008 4.124217 -0.82501888
-3.2991796 4.13269 -0.8864429
-3.8264842 4.1399698 -0.94501668
-4.0184765 4.1426215 -0.96746862
-4.1255469 4.0526848 -0.96942508
-4.332695 4.0555439 -0.99482024
-4.8823242 4.1469193 -1.0738026
-5.3980079 4.1540337 -1.1417928
-5.6815233 4.1579437 -1.1801962
-6.310781 4.1666193 -1.2676566
-6.6621876 4.171464 -1.3176444
-7.4564648 4.182415 -1.4331371
-7.9087887 4.1886506 -1.5002145
-8.4058008 4.1954985 -1.5748386
-8.8864059 4.1707425 -1.6455587
-8.9844532 3.9552405 -1.6455667
-9.3237886 3.0714746 -1.6455939
-9.395195 2.8457348 -1.6455995
-10.330546 2.3291376 -1.7752055
-10.517539 2.1061249 -1.7980875
-10.606953 1.5965356 -1.7980949
-10.642363 1.3402759 -1.7980978
-10.694629 0.82555538 -1.7981024
-10.711445 0.56740171 -1.7981039
-10.726347 0.050242919 -1.7981056
-10.724453 -0.20845336 -1.7981056
-10.716309 -0.46702698 -1.7981052
-10.654472 -1.2405124 -1.7981012
-10.621445 -1.4970995 -1.7980987
-10.582227 -1.7528155 -1.7980959
-10.536875 -2.007509 -1.7980926
-10.485352 -2.2610304 -1.7980889
-10.294394 -3.0131094 -1.7980747
-10.049531 -3.7494006 -1.7980562
-9.8569727 -4.2295766 -1.7980418
-9.6414843 -4.6999068 -1.7980255
-9.5252924 -4.9310398 -1.7980167
-9.403574 -5.1592951 -1.7980074
-9.2763081 -5.3845439 -1.7979977
-8.7143354 -6.2528954 -1.7979547
-8.4025192 -6.6657329 -1.7979308
-7.8985739 -7.2555785 -1.7978922
-7.5394139 -7.6278844 -1.7978647
-6.9679489 -8.1527729 -1.7978206
-6.6482811 -8.1695852 -1.7656493
-5.7371092 -8.1958094 -1.6770444
-5.2343554 -8.3026438 -1.645286
-5.0324607 -8.4263859 -1.6452703
-4.6201954 -8.6590796 -1.6452384
-4.4099998 -8.7678938 -1.6452223
-4.197207 -8.8716049 -1.6452059
-3.7644529 -9.0634918 -1.6451722
-3.5447655 -9.1515408 -1.6451553
-3.0993164 -9.3116293 -1.6451209
-2.8738086 -9.3835592 -1.6451035
-2.6466405 -9.4500341 -1.6450857
-2.4179688 -9.5110178 -1.645068
-2.1878514 -9.5664635 -1.6450502
-1.9565039 -9.6163378 -1.6450322
-1.7239844 -9.6606236 -1.6450142
-1.2561328 -9.7323008 -1.6449778
-0.78537107 -9.7813263 -1.6449412
-0.54925781 -9.7973118 -1.6449229
-0.31281251 -9.8076115 -1.6449046
-0.076210938 -9.8121881 -1.6448861
0.43380859 -10.712611 -1.7972473
0.69201171 -10.698911 -1.7972273
1.2070702 -10.652867 -1.7971872
1.4636133 -10.620546 -1.7971672
1.7192383 -10.582037 -1.7971472
2.2275 -10.486594 -1.7971077
2.479707 -10.429705 -1.797088
2.9796484 -10.297789 -1.7970489
5.1270704 -9.4135408 -1.7968812
5.5749021 -9.1551943 -1.7968462
5.7940235 -9.0179958 -1.796829
6.0097656 -8.8755646 -1.7968121
6.2220116 -8.7279682 -1.7967955
6.8364844 -8.2551022 -1.7967472
7.033535 -8.0877619 -1.7967317
7.2264647 -7.9157248 -1.7967166
8.1259565 -6.9886069 -1.7966458
8.2920704 -6.7905545 -1.7966326
8.609726 -6.3827395 -1.7966076
9.048418 -5.7435198 -1.796573
9.314785 -5.3004751 -1.7965519
9.4398041 -5.0742655 -1.7965418
9.8844919 -4.1413016 -1.7965064
10.237324 -3.1698816 -1.7964783
10.310761 -2.9220595 -1.7964723
10.378183 -2.6725502 -1.7964668
10.43959 -2.4214804 -1.7964617
10.587226 -1.6604266 -1.7964497
10.62418 -1.4046148 -1.7964464
10.654961 -1.1479919 -1.7964439
10.679531 -0.89069581 -1.7964418
10.69791 -0.63288939 -1.7964401
10.715625 0.1421521 -1.7964381
10.709102 0.40053162 -1.7964382
10.696328 0.65867734 -1.7964391
10.677343 0.91643798 -1.7964404
10.620762 1.4302264 -1.7964442
10.583183 1.6859466 -1.7964469
10.37166 2.6975513 -1.7964625
10.229589 3.1945367 -1.796473
10.149629 3.4403162 -1.7964791
10.06373 3.6841028 -1.7964855
9.9720306 3.9257433 -1.7964925
9.6622066 4.6364298 -1.7965159
9.4275188 5.0969892 -1.7965338
9.3018751 5.3228936 -1.7965434
9.1708593 5.5457034 -1.7965533
8.7461519 6.1942878 -1.7965858
8.5942774 6.4034381 -1.7965974
8.2756252 6.8104849 -1.7966218
8.1090231 7.0081387 -1.7966347
7.9377146 7.2017059 -1.7966478
7.7617579 7.3911028 -1.7966614
7.5813475 7.5761929 -1.7966751
6.5961719 7.2603788 -1.6443521
3.5707421 5.0345573 -1.0346713
3.3502147 5.242137 -1.0428793
4.6714845 8.6265335 -1.6445004
4.0401564 8.9517202 -1.6463475
3.8235936 9.0477467 -1.6465657
3.604785 9.1385298 -1.6467819
3.3838086 9.2240047 -1.6469964
3.1607811 9.3041325 -1.6472088
2.709121 9.4481068 -1.6476271
1.0403125 3.9887927 -0.69100338
0.93853515 3.9902067 -0.68712646
0.73804688 3.9929936 -0.68067795
0.55212891 4.0793672 -0.69005543
0.45240232 4.0807514 -0.68824327
0.35316405 4.0821295 -0.68683875
0.25423828 4.0835037 -0.68583828
-0.23919921 4.0903521 -0.68683255
-0.33845702 4.0917277 -0.68823487
-0.53849608 4.094501 -0.69226795
-0.74136716 4.0973125 -0.69798148
-0.84417969 4.0987382 -0.70148945
-0.94810545 4.1001773 -0.70544547
-1.1597852 4.1031108 -0.71475005
-1.2678516 4.1046052 -0.72012913
-1.3776758 4.1061273 -0.72601563
-1.4893359 4.1076713 -0.73242873
-1.6030469 4.1092448 -0.73938948
-1.7190233 4.1108503 -0.74692219
-1.8374218 4.1124883 -0.75505453
-2.2097461 4.1176372 -0.78335309
-2.34041 4.1194439 -0.79420698
-2.4747851 4.1213017 -0.80584013
-2.6132617 4.1232157 -0.81830353
-2.9039061 4.1272306 -0.84593618
-3.2155859 4.131536 -0.87761521
-3.7316406 4.1386614 -0.93413341
-3.919121 4.1412506 -0.95577908
-4.437871 4.056994 -1.0079294
-4.6710935 4.0678363 -1.0383135
-5.0025001 4.1485772 -1.0894141
-5.534121 4.15591 -1.1601433
-5.8270116 4.1599493 -1.2001642
-6.8440819 4.1739726 -1.3438069
-7.240293 4.1794367 -1.4013916
-7.6721678 4.1853876 -1.4650201
-8.1454487 4.1919107 -1.5356365
-8.8342381 4.2800837 -1.6455547
-8.9349213 4.065805 -1.6455626
-9.0304489 3.8491626 -1.6455703
-9.2056246 3.409281 -1.6455843
-9.359355 2.9614544 -1.6455966
-9.8057814 2.3383331 -1.6898522
-10.54166 1.9821056 -1.7980894
-10.683652 0.95745969 -1.7981014
-10.703632 0.69952941 -1.7981031
-10.717382 0.44120726 -1.7981045
-10.724921 0.18260925 -1.7981052
-10.721231 -0.33474302 -1.7981055
-10.710058 -0.59320247 -1.7981048
-10.669003 -1.1089362 -1.798102
-10.63916 -1.3659142 -1.7981001
-10.51248 -2.1314638 -1.7980909
-10.458027 -2.3843606 -1.7980868
-10.258203 -3.1341369 -1.798072
-10.179589 -3.380605 -1.798066
-10.095058 -3.625098 -1.7980598
-10.004667 -3.8674867 -1.7980529
-9.9084377 -4.1076221 -1.7980456
-9.6987696 -4.5805759 -1.7980298
-9.4665232 -5.0428553 -1.7980123
-9.3420897 -5.2696729 -1.7980027
-9.2122459 -5.4934025 -1.7979928
-9.0770311 -5.7139425 -1.7979825
-8.3234177 -6.7642083 -1.7979248
-7.9874997 -7.1575799 -1.797899
-7.8125196 -7.3480692 -1.7978855
-7.6329684 -7.5342908 -1.7978718
-7.4490232 -7.7161126 -1.7978576
-5.5971289 -8.1997051 -1.6642364
-5.3367381 -8.2374649 -1.6452938
-5.1360741 -8.3636875 -1.6452783
-3.876035 -9.0163975 -1.6451809
-3.4367187 -9.1926069 -1.6451468
-2.9893944 -9.3474379 -1.6451123
-1.6100781 -9.6802101 -1.6450053
-1.3761718 -9.7161093 -1.6449871
-1.1414257 -9.7463665 -1.644969
-0.90603513 -9.7709436 -1.6449506
-0.6701172 -9.7898436 -1.6449324
-0.43382812 -9.8030519 -1.6449139
-0.19726562 -9.8105574 -1.6448956
0.043027341 -10.721487 -1.7972778
0.30154297 -10.717208 -1.7972577
0.55990231 -10.706696 -1.7972375
1.3324609 -10.63786 -1.7971774
1.5885546 -10.602512 -1.7971574
2.0979102 -10.513345 -1.7971177
2.6023438 -10.399754 -1.7970784
2.8523827 -10.333812 -1.7970588
3.3472655 -10.184058 -1.7970202
3.8343358 -10.0106 -1.7969823
4.7805858 -9.5943213 -1.7969083
5.0105467 -9.4761419 -1.7968904
5.4615235 -9.22334 -1.796855
5.899785 -8.9490881 -1.7968206
6.7341404 -8.3388872 -1.7967553
7.5058007 -7.6511908 -1.7966946
7.6880856 -7.4678903 -1.7966802
8.0391016 -7.0883818 -1.7966527
8.2076368 -6.8924036 -1.7966393
8.3714056 -6.69242 -1.7966264
8.5303316 -6.4885416 -1.7966139
8.8331251 -6.0695977 -1.79659
8.9768944 -5.8547769 -1.7965786
9.2486525 -5.4150476 -1.7965571
9.3765039 -5.1903949 -1.7965469
9.6157618 -4.7321844 -1.796528
9.9325581 -4.0246024 -1.7965026
10.026699 -3.7838736 -1.7964952
10.114981 -3.5409665 -1.796488
10.273887 -3.0490983 -1.7964752
10.344414 -2.8004243 -1.7964696
10.408906 -2.5501428 -1.7964643
10.467363 -2.2983625 -1.7964597
10.565937 -1.790956 -1.7964513
10.689277 -0.76485902 -1.7964408
10.713672 -0.24854675 -1.7964386
10.716601 0.0098864743 -1.7964381
10.703632 0.52661496 -1.7964387
10.515918 2.0646672 -1.7964518
10.463086 2.3176885 -1.7964559
10.40418 2.5693364 -1.79646
10.339179 2.8195183 -1.7964649
10.268203 3.068037 -1.7964703
10.108418 3.5596068 -1.7964822
9.9250774 4.0429072 -1.796496
9.6069727 4.7499161 -1.7965202
8.8218946 6.0858417 -1.79658
8.0259371 7.1031718 -1.796641
7.8523827 7.2947073 -1.7966543
7.6742382 7.4820294 -1.7966681
6.6852536 7.1783938 -1.6443452
6.5102344 7.3375897 -1.6443586
6.1489649 7.6430912 -1.6443864
3.4029686 5.1825919 -1.0393103
4.7775779 8.568182 -1.6444923
4.3629298 8.7967224 -1.6460147
3.7170703 9.0927362 -1.6466714
3.2751367 9.2638063 -1.6471003
2.8253515 9.4133501 -1.647521
1.0928711 3.9880626 -0.69316053
0.99046874 3.9894867 -0.68905491
0.88921875 3.9908934 -0.68539429
0.78898436 3.9922857 -0.68216592
0.20603515 4.0841727 -0.6854955
0.10740234 4.0855427 -0.68509102
0.0088671874 4.0869083 -0.68508571
-0.18853515 4.0896478 -0.68627179
-0.28761718 4.091022 -0.68746662
-0.38708985 4.0924015 -0.68906742
-0.48708984 4.0937881 -0.69107872
-0.58771485 4.0951838 -0.69350541
-0.79144531 4.0980058 -0.69963944
-0.89478517 4.0994377 -0.70336348
-0.99927729 4.1008854 -0.70754248
-1.2123437 4.1038384 -0.71731454
-1.4319531 4.1068769 -0.72907996
-1.5445898 4.1084366 -0.73575795
-1.659375 4.1100249 -0.74299508
-1.7765234 4.1116462 -0.75081748
-1.8962109 4.1133013 -0.75925142
-2.1442578 4.1167316 -0.7780863
-2.2731249 4.1185136 -0.78855854
-2.5418944 4.1222281 -0.81181967
-2.8276758 4.1261783 -0.83850479
-2.97791 4.1282535 -0.85327721
-3.6389062 4.1373811 -0.92363864
-3.8221288 4.1399112 -0.94451177
-4.0138865 4.1425567 -0.9669258
-4.12082 4.052619 -0.96884787
-4.3277345 4.0554752 -0.99420291
-4.5458593 4.0584846 -1.0215315
-4.8766599 4.1468415 -1.0730708
-5.6746678 4.1578484 -1.1792588
-6.6536522 4.1713471 -1.3164238
-7.0333982 4.1765838 -1.3712207
-7.8976951 4.1884966 -1.498562
-8.3936129 4.1953301 -1.5729982
-8.8840628 4.175756 -1.6455586
-8.9822073 3.9603064 -1.6455663
-9.0751171 3.7425554 -1.6455739
-9.3935738 2.8510394 -1.6455994
-9.4596481 2.6236694 -1.6456048
-10.516386 2.1120512 -1.7980875
-10.69416 0.83156979 -1.7981024
-10.711133 0.57343686 -1.7981039
-10.721855 0.31494629 -1.798105
-10.72457 -0.20241699 -1.7981056
-10.716581 -0.46098754 -1.7981052
-10.702344 -0.71930784 -1.7981044
-10.655214 -1.2345194 -1.7981012
-10.583222 -1.746864 -1.7980959
-10.48664 -2.2551351 -1.7980889
-10.429179 -2.5073614 -1.7980847
-10.365644 -2.7581484 -1.79808
-10.296113 -3.0073063 -1.7980747
-10.220527 -3.2547331 -1.7980691
-10.139023 -3.5002484 -1.798063
-10.05162 -3.7437477 -1.7980565
-9.9583979 -3.9850388 -1.7980494
-9.5280666 -4.9256711 -1.7980168
-9.1469135 -5.6014972 -1.7979878
-9.0091009 -5.8204279 -1.7979772
-8.8660154 -6.0359583 -1.7979662
-8.5647459 -6.4563251 -1.7979432
-8.0752535 -7.0584979 -1.7979057
-7.902617 -7.2511191 -1.7978926
-7.5433006 -7.62363 -1.7978649
-6.9726562 -8.1488438 -1.797821
-6.6557617 -8.169364 -1.7664138
-6.0377536 -8.1873217 -1.7052881
-4.8325391 -8.5425072 -1.645255
-4.6250587 -8.6564751 -1.6452389
-3.9870703 -8.967926 -1.6451895
-3.328203 -9.2324009 -1.6451385
-3.1045506 -9.3098841 -1.6451212
-2.6519725 -9.4485493 -1.6450862
-2.1932616 -9.5652294 -1.6450506
-1.961875 -9.6152401 -1.6450326
-1.495957 -9.6984425 -1.6449964
-0.3183203 -9.807435 -1.6449051
0.16929688 -10.720176 -1.7972679
1.2010547 -10.653543 -1.7971876
1.9679883 -10.538491 -1.7971278
2.2215233 -10.487846 -1.7971082
2.4738281 -10.43112 -1.7970884
3.221328 -10.224655 -1.7970301
3.9519725 -9.9647007 -1.7969731
4.1910548 -9.8663998 -1.7969543
4.4277539 -9.7623529 -1.7969358
4.6617966 -9.6526451 -1.7969176
4.8932419 -9.537303 -1.7968996
5.7889647 -9.0212679 -1.7968293
6.0047264 -8.8789549 -1.7968124
6.2170506 -8.731473 -1.7967957
6.6307421 -8.4213905 -1.7967634
6.8318357 -8.2589684 -1.7967476
7.0289645 -8.0917225 -1.7967322
7.2220116 -7.9198065 -1.7967169
7.41082 -7.7432599 -1.796702
7.5953708 -7.5622349 -1.7966876
7.7754683 -7.3767972 -1.7966734
8.1220112 -6.993187 -1.7966461
8.4496679 -6.593328 -1.7966202
8.6061325 -6.3875995 -1.796608
8.9040232 -5.9651146 -1.7965845
9.1811523 -5.52878 -1.7965624
9.6707811 -4.6185913 -1.7965236
9.8821678 -4.1468711 -1.7965068
10.070566 -3.6655128 -1.7964916
10.309082 -2.9278612 -1.7964724
10.493671 -2.1749225 -1.7964573
10.586328 -1.6663952 -1.7964497
10.623398 -1.4106137 -1.7964467
10.654336 -1.1539972 -1.7964441
10.709805 -0.38075623 -1.7964391
10.715722 0.13609985 -1.7964381
10.696718 0.6526379 -1.7964391
10.677852 0.91041565 -1.7964402
10.652832 1.1676599 -1.796442
10.621582 1.4242395 -1.7964442
10.58416 1.67997 -1.7964469
10.435059 2.4407556 -1.7964578
10.373183 2.6916955 -1.7964624
10.231367 3.1887603 -1.796473
9.9741993 3.9201214 -1.7964922
9.6648436 4.6309724 -1.7965158
9.304863 5.3176508 -1.7965431
9.1740236 5.540524 -1.7965531
9.0377541 5.7601957 -1.7965635
8.749609 6.1893559 -1.7965856
8.4411135 6.6041389 -1.7966092
7.9417772 7.1972318 -1.7966474
7.5856247 7.5719156 -1.7966747
7.4008398 7.7527151 -1.7966889
6.6002536 7.2566595 -1.6443517
6.4233594 7.4137969 -1.6443653
3.4608202 5.1315641 -1.0375631
4.8829298 8.5085173 -1.6444842
4.4695506 8.7390471 -1.6454188
4.0451756 8.9494171 -1.6463424
3.8287108 9.0455713 -1.6465604
3.6099608 9.1364603 -1.6467768
3.3889842 9.222065 -1.6469914
2.714453 9.4465485 -1.6476222
1.0427148 3.9887586 -0.69109929
0.94089842 3.990175 -0.68721282
0.65480465 4.07794 -0.6923371
0.55447263 4.0793352 -0.69010276
0.35546875 4.0820975 -0.6868673
0.25654295 4.0834723 -0.68585747
0.1578711 4.0848417 -0.68524832
0.059277341 4.0862103 -0.68503875
-0.236875 4.0903192 -0.68680465
-0.84175777 4.0987043 -0.70140201
-1.1572655 4.1030741 -0.71463066
-1.3750781 4.1060896 -0.72587192
-1.9556836 4.1141229 -0.76360297
-2.0796485 4.1158381 -0.77300751
-2.6099803 4.1231694 -0.81800258
-2.7527928 4.1251435 -0.83132666
-2.9003906 4.127182 -0.84559262
-3.0532422 4.1292949 -0.86086476
-3.2118163 4.131485 -0.87722027
-3.5482616 4.1361308 -0.91351217
-3.7273631 4.1386027 -0.93364704
-3.9146287 4.1411881 -0.95525503
-4.1041017 4.1370282 -0.97684968
-4.2205272 4.0539961 -0.9809972
-4.4327731 4.0569243 -1.0072905
-4.6656833 4.0677605 -1.0376254
-4.9966798 4.1484966 -1.0886527
-5.2537498 4.1520429 -1.1225152
-5.819922 4.1598516 -1.1991879
-6.1334567 4.1641741 -1.2427268
-6.4707618 4.1688261 -1.2903233
-6.8352146 4.1738505 -1.3425274
-8.8318167 4.2850542 -1.6455544
-8.9326363 4.0708499 -1.6455624
-9.2036715 3.4144678 -1.6455841
-9.3576565 2.9667284 -1.6455966
-9.4265423 2.7402167 -1.6456021
-10.489511 2.2416608 -1.7980851
-10.540566 1.9880559 -1.7980894
-10.703222 0.70556515 -1.7981031
-10.717148 0.4472467 -1.7981045
-10.726211 -0.070043944 -1.7981056
-10.604004 -1.6161129 -1.7980975
-10.561894 -1.8713849 -1.7980944
-10.513691 -2.1255395 -1.7980909
-10.259922 -3.1283548 -1.7980722
-10.181503 -3.374876 -1.7980663
-9.9107418 -4.1020355 -1.7980458
-9.8089256 -4.3398242 -1.7980381
-9.4693556 -5.037528 -1.7980124
-9.3450384 -5.2643981 -1.7980028
-9.2153511 -5.488214 -1.7979929
-8.9398632 -5.9261093 -1.797972
-8.6436329 -6.3502088 -1.7979493
-8.3273048 -6.7595115 -1.7979251
-8.1617966 -6.9583173 -1.7979124
-7.9915428 -7.1530771 -1.7978992
-7.637207 -7.5299926 -1.7978721
-7.2650976 -7.8893609 -1.7978435
-7.0726757 -8.0621929 -1.7978287
-5.6037889 -8.1995211 -1.6648399
-5.3414259 -8.2344484 -1.6452942
-5.1407614 -8.3607912 -1.6452787
-4.7315431 -8.5987854 -1.6452471
-4.5227537 -8.7103024 -1.645231
-4.3113475 -8.8167658 -1.6452147
-4.0974412 -8.9180737 -1.645198
-3.2192383 -9.2709093 -1.6451302
-2.994668 -9.3457556 -1.6451128
-2.3111131 -9.5374813 -1.6450598
-1.8485156 -9.637619 -1.6450238
-1.6155273 -9.6793013 -1.6450057
-0.9115625 -9.770443 -1.6449511
0.29550782 -10.717375 -1.7972581
0.55388671 -10.70701 -1.797238
0.81191403 -10.69042 -1.7972178
1.3264453 -10.638607 -1.7971778
2.0919726 -10.514527 -1.7971182
2.3449023 -10.46095 -1.7970985
2.5964649 -10.40122 -1.7970788
2.8465233 -10.335424 -1.7970593
3.0949023 -10.263676 -1.7970399
3.3415039 -10.185947 -1.7970207
3.5861523 -10.102293 -1.7970016
4.0690427 -9.9174213 -1.7969639
4.306953 -9.8163128 -1.7969453
4.5423827 -9.7094822 -1.796927
4.7751756 -9.5970192 -1.7969087
5.0051756 -9.4789648 -1.7968907
5.2323046 -9.3554173 -1.796873
5.6771874 -9.092063 -1.7968382
5.8947654 -8.9524202 -1.7968211
6.5263281 -8.5026236 -1.7967715
6.9286132 -8.1778994 -1.7967399
7.1237693 -8.0083485 -1.7967247
8.0350971 -7.0929265 -1.7966529
8.2037888 -6.8970237 -1.7966397
8.5266991 -6.4933376 -1.7966142
8.6806831 -6.2857838 -1.796602
8.9735937 -5.8598266 -1.7965789
9.1122656 -5.6416702 -1.7965679
9.6131248 -4.7375884 -1.7965281
9.7244921 -4.504365 -1.7965193
9.8302927 -4.2685061 -1.7965109
10.02461 -3.7895105 -1.7964953
10.112988 -3.5466547 -1.7964882
10.195566 -3.3017354 -1.7964816
10.342813 -2.8062634 -1.7964697
10.40748 -2.5559969 -1.7964644
10.466074 -2.3042703 -1.7964597
10.667168 -1.0284344 -1.7964429
10.688848 -0.77089417 -1.796441
10.703925 0.52059203 -1.7964386
10.688281 0.77856809 -1.7964396
10.666406 1.036117 -1.7964412
10.63834 1.2930396 -1.796443
10.563633 1.8045044 -1.7964483
10.3408 2.8136816 -1.7964648
10.193164 3.3090417 -1.7964758
9.7212305 4.5113506 -1.7965115
9.6096678 4.7444901 -1.7965199
9.2416601 5.4268866 -1.796548
8.9693356 5.8662577 -1.7965688
8.8252926 6.0808806 -1.7965797
8.6761522 6.2919927 -1.7965912
8.5219135 6.499433 -1.7966028
8.1987696 6.9028835 -1.7966278
8.0299215 7.098659 -1.7966408
7.6784372 7.4777117 -1.7966677
7.4959569 7.6607571 -1.7966816
6.6892772 7.1746316 -1.6443449
3.4056053 5.180263 -1.0392269
5.1897459 8.3247585 -1.6444604
4.9875193 8.4475832 -1.6444759
3.939785 8.9970169 -1.6464491
3.7221484 9.0906172 -1.6466664
3.5023046 9.1789446 -1.6468818
3.2803319 9.2619305 -1.6470954
3.0564454 9.3395376 -1.6473068
2.8306639 9.4117279 -1.6475161
1.0952734 3.9880285 -0.69326216
0.99285156 3.9894536 -0.68914551
0.89158201 3.9908605 -0.68547481
0.79130858 3.992254 -0.68223584
0.69195312 3.9936345 -0.67942226
-7.7601366 3.7542968 -1.6454716
-7.8484373 3.5660686 -1.6454786
-7.9322066 3.375772 -1.6454854
-8.0112886 3.1835065 -1.6454916
-8.0858002 2.9893885 -1.6454976
-8.1555853 2.7935295 -1.6455032
-8.2205858 2.5960424 -1.6455084
-8.7932615 2.31708 -1.7357303
-9.1638861 2.1798162 -1.7979821
-9.213789 1.9581878 -1.7979863
-9.2975588 1.511637 -1.7979932
-9.3313084 1.2869732 -1.797996
-9.4183979 0.15505004 -1.7980038
-9.4149218 -0.29927307 -1.7980039
-9.4049807 -0.52623653 -1.7980033
-9.3895702 -0.75289673 -1.7980022
-9.3686323 -0.97912043 -1.7980009
-9.3423042 -1.2047741 -1.797999
-9.3104687 -1.4297256 -1.7979968
-9.0069141 -2.7573876 -1.7979743
-8.9377737 -2.9737902 -1.7979692
-8.783906 -3.4012778 -1.7979575
-8.699297 -3.6121037 -1.7979512
-8.6096287 -3.8208447 -1.7979444
-8.5149412 -4.0273466 -1.7979373
-8.4153128 -4.2315083 -1.7979296
-8.3107815 -4.4332051 -1.7979217
-8.2014065 -4.6323228 -1.7979133
-8.087265 -4.8287458 -1.7979046
-7.9684372 -5.0223484 -1.7978957
-7.8449411 -5.2130289 -1.7978861
-7.5843749 -5.5851793 -1.7978663
-7.4474607 -5.7664247 -1.7978559
-7.3061523 -5.9443145 -1.797845
-6.8571677 -6.4568262 -1.7978104
-6.6993942 -6.6202774 -1.7977984
-6.5376172 -6.7798901 -1.7977859
-6.203125 -7.0871305 -1.7977601
-6.0303712 -7.2346196 -1.7977469
-5.6744919 -7.5168509 -1.7977195
-5.4911327 -7.6514521 -1.7977053
-5.3053122 -7.7815957 -1.797691
-4.7287107 -8.144577 -1.7976464
-4.2462306 -8.2002859 -1.762646
-3.5276172 -8.2185726 -1.7071372
-3.2974999 -8.2241096 -1.6912735
-2.0201757 -8.3781757 -1.645036
-1.6138672 -8.4656887 -1.6450045
-1.4091992 -8.5020657 -1.6449887
-1.2037305 -8.5334902 -1.6449727
-0.79542965 -8.6309395 -1.6544279
-0.39207029 -8.9738455 -1.7145343
0.72363281 -9.3877726 -1.7972236
0.94980466 -9.3674984 -1.7972059
1.1754491 -9.3417768 -1.7971884
1.4003906 -9.3106251 -1.7971709
1.6244922 -9.2740574 -1.7971535
1.8476757 -9.2320919 -1.7971361
2.069746 -9.1847467 -1.7971188
2.5101562 -9.0740995 -1.7970843
2.7282226 -9.0107841 -1.7970674
3.159492 -8.8686495 -1.7970337
3.3724022 -8.7897854 -1.797017
3.5833788 -8.7058268 -1.7970005
3.7923045 -8.6167965 -1.7969842
3.9989452 -8.5227566 -1.7969682
4.4051561 -8.3198757 -1.7969363
4.8011327 -8.0976429 -1.7969053
4.9949999 -7.9794469 -1.7968903
5.3738279 -7.7291894 -1.7968605
5.5585938 -7.5972815 -1.7968459
6.4319921 -6.8731408 -1.7967775
6.5958004 -6.7159691 -1.7967645
6.7557812 -6.554913 -1.796752
7.0639453 -6.2214441 -1.7967277
7.211875 -6.0492454 -1.7967161
7.3555856 -5.8735261 -1.7967046
7.760859 -5.3263159 -1.7966728
7.8869724 -5.1375761 -1.7966627
8.1254683 -4.7512498 -1.7966437
8.2376366 -4.5538898 -1.7966349
8.3450003 -4.3538814 -1.7966264
8.7254486 -3.5297503 -1.7965961
8.8080072 -3.3182888 -1.7965895
3.063457 -1.0704888 -0.61941588
3.0597069 -0.98704892 -0.61366487
3.0531836 -0.82471192 -0.6036709
9.1942968 -2.013396 -1.7965584
9.3157415 -1.3434405 -1.7965482
9.3454103 -1.1183869 -1.7965456
9.369668 -0.89268553 -1.7965437
9.4017963 -0.43985593 -1.7965407
9.4120893 0.013999023 -1.7965395
9.4089842 0.24097839 -1.7965395
9.4004097 0.46781799 -1.79654
9.3420506 1.1461767 -1.796544
9.3116989 1.3711425 -1.7965461
9.2759571 1.5953058 -1.7965487
9.188242 2.0407331 -1.7965552
3.0507226 0.75521725 -0.59989172
3.0535545 0.83456236 -0.60423064
3.0639453 1.0808935 -0.62016171
8.6266403 3.7648206 -1.7965972
8.4351368 4.1764336 -1.7966118
8.3319921 4.3786674 -1.7966197
7.9937692 4.9696259 -1.7966455
7.3380466 5.8953471 -1.7966955
7.193789 6.0706329 -1.7967067
6.4479685 5.7130718 -1.6443648
6.1650586 6.0174212 -1.6443868
6.0181832 6.1643815 -1.644398
5.8678317 6.3077741 -1.6444094
5.396543 6.7156119 -1.6444458
5.2330661 6.8438568 -1.6444584
3.3900781 5.1693363 -1.1799643
4.5502539 7.3173199 -1.6447313
3.8265038 7.7261686 -1.645704
3.6395311 7.8171148 -1.6458976
3.4503319 7.9035416 -1.6460898
3.2591014 7.985374 -1.6462805
3.0659375 8.0625725 -1.6464696
2.8709569 8.1350908 -1.6466569
2.4758983 8.2659121 -1.6470258
0.98806638 3.9894586 -0.7844891
0.88685542 3.9908667 -0.78033102
0.68730468 3.9936395 -0.77348554
0.60103512 4.0786271 -0.78690839
0.5010547 4.0800166 -0.78461605
0.40156248 4.081398 -0.78279144
0.30249998 4.0827742 -0.78142834
0.20371093 4.084146 -0.78052306
-0.092070311 4.0882487 -0.78053612
-0.48941407 4.0937614 -0.78695434
-0.69148433 4.0965605 -0.79298735
-0.79382813 4.0979791 -0.79673696
-0.89718747 4.099411 -0.80099022
-1.1075586 4.1023235 -0.81106174
-1.4345117 4.1068473 -0.83033699
-1.547207 4.1084089 -0.83795416
-1.6620703 4.1099958 -0.84621048
-1.7792578 4.111618 -0.85513258
-2.0215819 4.1149673 -0.87510818
-2.2761133 4.1184855 -0.89817786
-2.6857617 4.1241436 -0.93940324
-2.9814258 4.1282258 -0.971986
-3.4675195 4.1349368 -1.0300418
-3.6430273 4.1373563 -1.0522306
-4.1254687 4.052598 -1.1038274
-4.8821874 4.146822 -1.2226743
-5.1321287 4.1502681 -1.2598274
-5.3978906 4.1539311 -1.3000883
-5.6813669 4.1578374 -1.3438151
-5.984746 4.1620173 -1.3914238
-6.3106251 4.1665068 -1.4433976
-6.6620116 4.1713471 -1.5003147
-7.0424414 4.1765876 -1.5628494
-7.8038278 3.6626439 -1.6454751
-7.8899217 3.473393 -1.6454818
-7.9714255 3.2821252 -1.6454884
-8.0482807 3.0889392 -1.6454945
-8.2506247 2.4990497 -1.6455108
-9.1362495 2.2927411 -1.7979798
-9.1889257 2.0717444 -1.7979841
-9.3147268 1.4020312 -1.7979945
-9.3458395 1.1769916 -1.7979972
-9.3714838 0.95126158 -1.7979994
-9.3917379 0.72498107 -1.7980012
-9.4065228 0.49827453 -1.7980026
-9.4179096 -0.18305847 -1.7980039
-9.4107418 -0.41012695 -1.7980037
-9.3981247 -0.63696229 -1.7980028
-9.1014643 -2.4272509 -1.7979814
-9.0402536 -2.6460347 -1.7979769
-8.9737892 -2.8632739 -1.797972
-8.9020901 -3.0788455 -1.7979665
-8.8252344 -3.2926238 -1.7979608
-8.5640039 -3.9219694 -1.797941
-8.3648825 -4.330317 -1.7979258
-8.257988 -4.5307646 -1.7979177
-7.908711 -5.1158347 -1.797891
-7.5180078 -5.6740937 -1.7978611
-7.3789649 -5.8537192 -1.7978505
-7.2356052 -6.0299315 -1.7978395
-7.0880466 -6.2026372 -1.7978282
-6.936367 -6.3717279 -1.7978166
-6.457324 -6.8563952 -1.7977798
-5.9447656 -7.3050971 -1.7977403
-5.7668161 -7.4462848 -1.7977265
-5.401113 -7.7155676 -1.7976984
-5.2131834 -7.843513 -1.7976838
-5.0225391 -7.966886 -1.7976692
-4.6271286 -8.1900167 -1.7955229
-4.1260939 -8.2034435 -1.7527565
-3.8840625 -8.2096853 -1.7335674
-3.6470702 -8.2156353 -1.7157474
-3.4147069 -8.2213097 -1.6992341
-2.9622655 -8.231884 -1.6699178
-2.7415819 -8.2368069 -1.6570185
-2.3245313 -8.2990828 -1.6450596
-2.1232617 -8.3526573 -1.6450441
-1.9213867 -8.401351 -1.6450284
-0.89669919 -8.5710726 -1.6449488
-0.49714842 -8.8683777 -1.6954266
0.38099608 -9.4080458 -1.7972503
1.7336133 -9.2542305 -1.7971449
1.9562304 -9.2096443 -1.7971276
2.1777539 -9.1598358 -1.7971102
2.8341796 -8.9779816 -1.7970592
3.4757226 -8.7494221 -1.7970091
3.6856835 -8.6629848 -1.7969927
3.8934374 -8.5715036 -1.7969764
4.5028124 -8.2673817 -1.7969286
4.70082 -8.1563177 -1.7969133
5.4644532 -7.6653314 -1.7968534
5.8276172 -7.3928084 -1.7968249
6.0041795 -7.250062 -1.796811
6.1772461 -7.1030998 -1.7967974
6.3466797 -6.9520135 -1.7967842
6.5124607 -6.7968807 -1.796771
6.6744332 -6.6378069 -1.7967584
7.1366992 -6.1377988 -1.7967219
7.561543 -5.6057096 -1.7966886
7.8230076 -5.2345328 -1.7966677
7.9469137 -5.0443182 -1.796658
8.3956833 -4.2552905 -1.7966224
8.5910349 -3.8454826 -1.7966069
8.6812305 -3.6371639 -1.7965997
8.8464651 -3.2143197 -1.7965864
3.0579882 -0.94688416 -0.61104375
3.0547459 -0.86571652 -0.60604215
3.0517969 -0.78589046 -0.60152149
9.1687498 -2.1267073 -1.7965603
9.2173243 -1.9049689 -1.7965564
9.2606249 -1.6821246 -1.7965529
9.3308983 -1.2336316 -1.7965469
9.3579102 -1.0082452 -1.7965446
9.3956642 -0.55584717 -1.7965412
9.4115229 -0.1021582 -1.7965398
9.3942575 0.57849729 -1.7965405
9.3554487 1.0308038 -1.7965431
9.2949219 1.4807196 -1.7965474
9.256484 1.7044451 -1.7965502
9.2127142 1.9271863 -1.7965533
9.1635742 2.1488068 -1.7965569
3.0520701 0.79381222 -0.60195297
3.0583398 0.95507383 -0.61156994
3.0619531 1.0378876 -0.6171205
8.8386717 3.2356207 -1.7965813
8.6724215 3.6580756 -1.7965938
8.4859962 4.0720172 -1.796608
8.3853712 4.2755036 -1.7966156
8.1695509 4.6749077 -1.7966321
8.0544529 4.8705888 -1.7966408
7.9346871 5.0634441 -1.7966499
7.8102927 5.2533479 -1.7966594
7.6813865 5.4402041 -1.7966692
7.5479879 5.6238923 -1.7966795
7.2681637 5.9813786 -1.7967008
6.5179491 5.6330485 -1.6443596
6.2388086 5.9408598 -1.644381
5.9451952 6.2348566 -1.6444037
3.5600586 5.0194817 -1.1746172
3.3373632 5.2220488 -1.1829406
4.4645309 7.371675 -1.6450149
4.1048436 7.5801935 -1.6454091
3.7354882 7.7711344 -1.6457988
3.3572071 7.9440703 -1.6461831
3.1650391 8.023654 -1.6463729
2.3784959 8.2949457 -1.6471149
0.73802733 3.9929352 -0.77505398
0.5521484 4.0793061 -0.78573066
0.45242187 4.0806913 -0.78366697
0.056972656 4.0861821 -0.78001881
-0.041601561 4.0875506 -0.78024495
-0.14027344 4.0889192 -0.7809242
-0.23919921 4.090291 -0.7820617
-0.3384375 4.0916667 -0.7836585
-0.6395117 4.0958405 -0.79125947
-0.74136716 4.0972514 -0.794756
-0.9480859 4.1001153 -0.80325431
-1.0532227 4.1015716 -0.80828255
-1.2678516 4.1045413 -0.81997478
-1.3776367 4.1060615 -0.82667661
-1.8374023 4.112421 -0.85974181
-1.9584961 4.1140962 -0.86971563
-2.2097266 4.1175666 -0.89196211
-2.3403711 4.1193728 -0.90432042
-2.474746 4.1212273 -0.91756737
-2.9038477 4.1271548 -0.96322227
-3.2155273 4.1314569 -0.99929243
-3.3804882 4.1337347 -1.0192719
-3.5522852 4.1361065 -1.0406829
-4.1041598 4.1324248 -1.1116897
-4.2252731 4.0539751 -1.1176784
-5.0023632 4.1484795 -1.2404498
-5.5339646 4.1558051 -1.320984
-5.8268747 4.159842 -1.3665496
-6.8438864 4.173852 -1.5301025
-7.4658594 4.3096209 -1.6454482
-7.9302731 3.3802397 -1.6454852
-8.0841017 2.9939439 -1.6454974
-8.1540041 2.7981262 -1.645503
-8.2190819 2.600672 -1.6455084
-9.1626558 2.1849749 -1.797982
-9.2573824 1.7406292 -1.7979897
-9.2966795 1.5168664 -1.7979932
-9.3996286 0.61430967 -1.7980018
-9.4182806 0.16036254 -1.7980038
-9.3899412 -0.74760312 -1.7980022
-9.3691988 -0.97383666 -1.7980009
-9.3429489 -1.199504 -1.797999
-9.2742577 -1.6486114 -1.7979941
-9.2317772 -1.8717922 -1.797991
-9.130722 -2.3147495 -1.7979835
-9.0722456 -2.5342696 -1.7979792
-9.0084372 -2.752315 -1.7979745
-8.8651953 -3.1834667 -1.7979636
-8.78584 -3.3963253 -1.7979578
-8.7013283 -3.6072075 -1.7979513
-8.6117964 -3.8159935 -1.7979445
-8.3132811 -4.4285197 -1.7979219
-8.2040424 -4.6277032 -1.7979137
-7.8479295 -5.208612 -1.7978865
-7.1640625 -6.1147175 -1.7978339
-6.703125 -6.6165051 -1.7977988
-6.2071095 -7.0836363 -1.7977605
-5.8582616 -7.3745761 -1.7977335
-5.4952927 -7.6483626 -1.7977057
-5.1204882 -7.9043384 -1.7976767
-4.9283981 -8.0254602 -1.7976619
-4.5025001 -8.1934175 -1.7845173
-4.2520118 -8.2001333 -1.763128
-4.0072851 -8.2065296 -1.743211
-3.7677734 -8.2126265 -1.7246965
-3.3028514 -8.2239828 -1.6916294
-3.0765233 -8.2292728 -1.6769633
-2.8540819 -8.2343178 -1.6634775
-2.635 -8.2391291 -1.6511286
-2.4271483 -8.2698078 -1.6450676
-1.8222851 -8.4233589 -1.6450207
-1.6186132 -8.4647808 -1.6450049
-1.0024219 -8.5593967 -1.6449571
-0.60072267 -8.7759809 -1.6790522
-0.39687499 -8.9685049 -1.7135556
0.26484373 -9.4120827 -1.7972593
0.49173826 -9.4028664 -1.7972417
0.71835935 -9.3881807 -1.797224
0.94455075 -9.3680315 -1.7972064
1.1701562 -9.3424349 -1.7971889
1.3951172 -9.3114119 -1.7971712
1.6192383 -9.274972 -1.7971539
2.2854688 -9.1333771 -1.7971019
2.505039 -9.0755129 -1.7970848
3.1545117 -8.8704329 -1.7970341
4.198535 -8.426136 -1.7969525
4.7965817 -8.1003542 -1.7969058
4.9904881 -7.9822569 -1.7968905
5.1814647 -7.8595176 -1.7968756
5.554297 -7.6004162 -1.7968463
5.7359376 -7.4641905 -1.7968321
6.9082618 -6.3939338 -1.7967399
7.208457 -6.0533104 -1.7967162
7.3522654 -5.8776865 -1.796705
7.8840818 -5.1420288 -1.796663
8.0057421 -4.950366 -1.7966534
8.2350588 -4.5585313 -1.7966352
8.4451952 -4.1561103 -1.7966185
8.5429487 -3.9512219 -1.7966107
8.6357031 -3.7440269 -1.7966032
8.8061323 -3.3232536 -1.7965896
3.0635545 -1.072464 -0.61955732
3.0597851 -0.98898071 -0.61379355
3.0563476 -0.90707517 -0.60854042
3.0532618 -0.82657713 -0.6037764
3.0504491 -0.74735594 -0.59948373
9.2391405 -1.796293 -1.7965547
9.2797651 -1.5729425 -1.7965512
9.3447657 -1.1236529 -1.7965459
9.3691597 -0.89797604 -1.7965437
9.4120703 0.0086853029 -1.7965395
9.4091206 0.23567443 -1.7965395
9.3868551 0.68907833 -1.796541
9.3124609 1.3658856 -1.7965461
9.2358007 1.8133379 -1.7965516
9.1893749 2.0355546 -1.796555
8.7999411 3.3395014 -1.7965841
8.7168941 3.5507512 -1.7965903
8.5356054 3.9669683 -1.7966042
8.43748 4.1716862 -1.7966115
8.3344727 4.3739667 -1.7966194
8.2266016 4.57372 -1.7966276
7.7479491 5.3449664 -1.7966642
7.4813085 5.7124052 -1.7966845
7.197207 6.0665717 -1.7967063
6.3116403 5.8633866 -1.6443754
6.0216599 6.1609845 -1.6443977
5.8713474 6.3044682 -1.6444093
5.7176757 6.4442682 -1.6444211
5.4003711 6.712564 -1.6444454
5.2369528 6.8409052 -1.6444582
3.3927147 5.167006 -1.1798693
4.554297 7.3146133 -1.6446986
4.3776755 7.4241705 -1.6451113
4.0155663 7.6284499 -1.6455046
3.4547656 7.9015703 -1.6460853
3.0704687 8.0608187 -1.6464651
2.6788085 8.2013655 -1.6468381
0.99044919 3.9894257 -0.78459179
0.78896481 3.9922264 -0.77674788
0.60339844 4.0785956 -0.78696758
0.50337887 4.0799832 -0.78466451
0.40388671 4.0813651 -0.78282881
0.20601562 4.0841141 -0.78053981
0.10740234 4.0854826 -0.78007901
0.0088476557 4.0868497 -0.78007269
-0.18853515 4.0895877 -0.78142273
-0.48707029 4.0937285 -0.78689581
-0.58771485 4.0951228 -0.78965902
-0.68914062 4.096529 -0.79290569
-0.79142576 4.0979447 -0.79664391
-1.1050781 4.1022892 -0.81093222
-1.3212304 4.1052799 -0.82317412
-1.431914 4.1068134 -0.83016616
-1.5445508 4.1083722 -0.83776927
-1.6593554 4.1099591 -0.84601009
-1.8961914 4.113234 -0.86452031
-2.0186913 4.1149273 -0.8748576
-2.2730663 4.118444 -0.89789033
-2.5418358 4.1221561 -0.92437559
-2.8276367 4.1261039 -0.9547596
-3.1335742 4.1303277 -0.98958892
-3.6388476 4.1372991 -1.0516951
-3.8220313 4.1398273 -1.0754622
-4.0138087 4.1424723 -1.1009834
-4.3276367 4.0553851 -1.1320441
-4.5457616 4.0583916 -1.1631516
-4.8765235 4.1467447 -1.2218404
-5.3914843 4.1538434 -1.2991095
-5.9774218 4.1619158 -1.3902637
-6.3027148 4.1663971 -1.4421285
-6.6534567 4.1712298 -1.4989243
-7.7109962 3.8541081 -1.6454676
-7.8017578 3.6670451 -1.6454748
-7.9695702 3.2866199 -1.6454883
-8.1864061 2.7019036 -1.6455057
-8.2492189 2.5037067 -1.6455107
-9.1349802 2.2978852 -1.7979798
-9.3709564 0.95654172 -1.7979994
-9.3913279 0.73026001 -1.7980011
-9.4180269 -0.17775573 -1.7980039
-9.4109955 -0.40482482 -1.7980037
-9.3984566 -0.63167721 -1.7980028
-9.3805075 -0.85814208 -1.7980016
-9.3570309 -1.0841223 -1.7980001
-9.2090816 -1.9803964 -1.7979894
-9.0417385 -2.6409335 -1.797977
-8.9038277 -3.0738246 -1.7979666
-8.8270893 -3.2876616 -1.7979608
-8.6582222 -3.7094362 -1.7979481
-8.5662107 -3.9171436 -1.7979411
-8.1489649 -4.7239928 -1.7979094
-8.0325975 -4.9191093 -1.7979006
-7.911582 -5.1113811 -1.7978914
-7.7859764 -5.3006535 -1.7978817
-7.5212693 -5.6698489 -1.7978615
-7.2390428 -6.0258493 -1.7978398
-6.939961 -6.3678122 -1.7978169
-6.2941012 -7.006516 -1.7977672
-5.7709961 -7.4430399 -1.7977269
-5.4053321 -7.7125211 -1.7976987
-5.2175975 -7.8405752 -1.7976843
-4.833457 -8.0829096 -1.7976545
-4.6331248 -8.1898527 -1.7960581
-3.8896873 -8.2095423 -1.7340007
-3.6525781 -8.2154999 -1.7161468
-2.7467186 -8.2366953 -1.6573058
-2.1280859 -8.3514557 -1.6450443
-1.9261328 -8.4002743 -1.6450288
-1.5187891 -8.4832125 -1.6449972
-1.3137695 -8.5172882 -1.6449811
-1.1079687 -8.5464172 -1.6449653
-0.90152341 -8.5705671 -1.6449493
-0.70302731 -8.6945324 -1.6650012
-0.50193357 -8.8639231 -1.6946284
-0.29484373 -9.0849285 -1.735016
0.1486914 -9.4146786 -1.7972684
0.37564453 -9.4082623 -1.7972506
1.0548047 -9.3562231 -1.7971978
1.504707 -9.2942915 -1.7971628
1.9510547 -9.2107506 -1.797128
2.3928711 -9.1057425 -1.7970935
2.6117382 -9.0453405 -1.7970766
3.2587109 -8.8326263 -1.797026
3.4707615 -8.7513876 -1.7970093
3.6807811 -8.6650648 -1.796993
3.8886328 -8.5736971 -1.7969767
4.0942187 -8.4773483 -1.7969607
4.4981055 -8.2699251 -1.7969291
4.8916016 -8.0432777 -1.7968984
5.2736716 -7.7979279 -1.7968684
5.8234763 -7.396091 -1.7968252
6.3427539 -6.955595 -1.7967845
6.5086131 -6.80055 -1.7967714
6.6706638 -6.6415744 -1.7967587
6.8288474 -6.4787211 -1.7967461
7.133203 -6.1418176 -1.7967222
7.6914649 -5.4260235 -1.7966783
7.8200583 -5.2389398 -1.7966681
7.9440622 -5.0487833 -1.7966583
8.0634375 -4.8557162 -1.7966489
8.1782227 -4.6598177 -1.7966397
8.2881441 -4.4612207 -1.796631
8.393281 -4.2600126 -1.7966226
8.4935741 -4.0563502 -1.7966146
8.7644339 -3.4316702 -1.796593
3.0616601 -1.0314856 -0.61667752
3.0580859 -0.94879639 -0.6111666
3.0548046 -0.867594 -0.60615379
3.0518553 -0.78774166 -0.60162246
9.2596483 -1.6873537 -1.7965529
9.297617 -1.4635448 -1.7965498
9.3790817 -0.78756893 -1.7965428
9.3953514 -0.56114197 -1.7965415
9.4061127 -0.33440673 -1.7965404
9.4114647 -0.10746154 -1.7965398
9.4057226 0.34647095 -1.7965398
9.3780661 0.79959959 -1.7965415
9.3560352 1.0255188 -1.7965429
9.295722 1.4754699 -1.7965472
9.213789 1.9219848 -1.7965533
9.1648045 2.1436412 -1.7965568
3.0520117 0.79195493 -0.60185146
3.0582616 0.95315367 -0.61144608
8.8404684 3.2306347 -1.796581
8.7600002 3.4429119 -1.7965872
8.3877735 4.2707767 -1.7966154
8.282383 4.4718289 -1.7966233
8.0571871 4.8660407 -1.7966406
7.6844726 5.4358735 -1.796669
7.5511718 5.6196365 -1.7966791
7.2714844 5.9772844 -1.7967007
6.3834958 5.7850361 -1.64437
5.9486718 6.2315116 -1.6444033
5.7967381 6.3731928 -1.6444149
5.641367 6.5111895 -1.6444269
5.4827147 6.64539 -1.6444392
3.5626757 5.0171804 -1.174547
3.3394921 5.2189045 -1.1826539
4.2901759 7.475656 -1.6452078
3.9256444 7.6756487 -1.6456
3.5518162 7.8578677 -1.6459872
3.1695507 8.021842 -1.6463685
2.9755077 8.0968771 -1.6465569
2.7796679 8.167201 -1.6467433
2.5821679 8.2327852 -1.646928
2.3831835 8.2935772 -1.6471106
1.0426953 3.9886999 -0.78691983
0.55447263 4.0792742 -0.78578442
0.25654295 4.0834112 -0.78095144
0.15785156 4.0847807 -0.78025764
-0.33611327 4.0916338 -0.78361553
-0.43582031 4.0930171 -0.78566509
-0.53613281 4.0944085 -0.78818536
-0.63712889 4.0958076 -0.79118317
-0.84175777 4.0986419 -0.79865116
-1.0507617 4.1015363 -0.80815864
-1.2652929 4.104506 -0.81982493
-1.3750585 4.1060257 -0.82651365
-1.4866601 4.1075702 -0.83380097
-1.600332 4.1091437 -0.84171224
-1.7162499 4.110745 -0.85027397
-1.9556445 4.1140556 -0.86947423
-2.2066991 4.1175251 -0.89168334
-2.4715624 4.1211848 -0.91724759
-2.6099412 4.123096 -0.93141592
-3.0531836 4.1292167 -0.98021978
-3.3765624 4.1336799 -1.0187895
-3.5481834 4.1360502 -1.0401646
-4.2204294 4.0539079 -1.1170006
-4.4326758 4.0568342 -1.1469413
-4.6655664 4.067668 -1.1814811
-5.253613 4.1519427 -1.2781377
-5.5273633 4.1557136 -1.3199638
-5.8197851 4.1597452 -1.3654382
-6.1333008 4.1640644 -1.4150136
-6.8350196 4.1737309 -1.528645
-7.2303905 4.1791754 -1.5940592
-7.7558594 3.763031 -1.6454711
-7.8444333 3.5749223 -1.6454784
-7.9284177 3.3847106 -1.645485
-8.0824413 2.9985003 -1.6454972
-8.2781057 2.4063835 -1.6455131
-8.7562494 2.3178735 -1.728932
-9.2115822 1.9685632 -1.7979861
-9.2958202 1.5221081 -1.7979929
-9.3298435 1.2974902 -1.7979959
-9.4114838 0.39275879 -1.7980031
-9.4194727 -0.061509397 -1.7980039
-9.4152346 -0.28866577 -1.7980039
-9.3903904 -0.74232113 -1.7980025
-9.3436518 -1.1942487 -1.797999
-9.275176 -1.6433975 -1.7979941
-9.232832 -1.866589 -1.7979912
-9.1851168 -2.0887117 -1.7979876
-9.0736713 -2.5291665 -1.7979794
-9.0099802 -2.7472391 -1.7979745
-8.866992 -3.1784701 -1.7979639
-8.7877731 -3.3913639 -1.7979579
-8.7033787 -3.6023076 -1.7979515
-8.6139259 -3.8111236 -1.7979448
-8.5194921 -4.0177479 -1.7979376
-8.0927143 -4.8196259 -1.7979051
-7.9741015 -5.0133567 -1.797896
-7.8508201 -5.2041893 -1.7978866
-7.722949 -5.3919697 -1.7978768
-7.0180078 -6.281714 -1.7978228
-6.7068944 -6.6127224 -1.7977989
-6.3798046 -6.9283962 -1.7977738
-6.0385547 -7.2278094 -1.7977475
-5.8624215 -7.3712735 -1.7977339
-5.499824 -7.6452599 -1.797706
-5.1250391 -7.9014463 -1.7976772
-4.9329295 -8.0226831 -1.7976623
-4.7379489 -8.139245 -1.7976472
-4.0128903 -8.2063837 -1.7436594
-3.538496 -8.2183065 -1.7079097
-2.8592186 -8.2342014 -1.6637788
-2.6400781 -8.2390203 -1.6514024
-2.4317186 -8.2684393 -1.645068
-2.0297461 -8.3758965 -1.6450369
-1.8270507 -8.422327 -1.645021
-1.6233984 -8.4638643 -1.6450053
-1.2133398 -8.5321369 -1.6449734
-1.007207 -8.5588312 -1.6449574
-0.8046484 -8.6247158 -1.6534088
-0.60541016 -8.7722435 -1.6784015
-0.19072266 -9.2263317 -1.7614697
0.48640624 -9.403141 -1.797242
0.7130273 -9.3885841 -1.7972244
0.9392578 -9.3685627 -1.7972069
1.3898633 -9.3122015 -1.7971717
1.6140429 -9.2758846 -1.7971542
1.8372461 -9.2341747 -1.7971368
2.280371 -9.1346626 -1.7971023
3.149492 -8.8722105 -1.7970344
3.3625195 -8.7936001 -1.7970178
3.5735545 -8.7098646 -1.7970014
3.7825389 -8.6210747 -1.796985
4.1937499 -8.4285059 -1.796953
4.5952148 -8.2163382 -1.7969215
4.9859762 -7.9850712 -1.7968909
5.1770506 -7.8624377 -1.7968758
5.5500584 -7.6035409 -1.7968467
5.9101367 -7.3269682 -1.7968185
6.0850778 -7.1822577 -1.7968048
6.4242382 -6.8803954 -1.7967781
6.5882421 -6.7234039 -1.7967651
6.9046483 -6.3978205 -1.7967402
7.0569139 -6.2294059 -1.7967284
7.7548242 -5.3350482 -1.7966733
7.8811717 -5.1464624 -1.7966632
8.0029688 -4.9548664 -1.7966535
8.2325191 -4.5631604 -1.7966354
8.4428711 -4.1608582 -1.7966186
8.5407028 -3.9560277 -1.7966108
8.6335936 -3.7488835 -1.7966036
8.8042774 -3.3282037 -1.7965897
3.0598826 -0.99091733 -0.61392254
3.0564454 -0.90896785 -0.608657
3.0533202 -0.82844603 -0.60388249
9.2788477 -1.5781827 -1.7965513
9.3142185 -1.3539382 -1.7965484
9.4120893 0.0033898924 -1.7965395
9.4009371 0.45722288 -1.79654
9.3680077 0.90999144 -1.7965422
9.3433199 1.1356397 -1.7965438
9.2777338 1.5848407 -1.7965486
9.2368555 1.8081409 -1.7965516
9.1905661 2.0303638 -1.796555
3.0534179 0.83082515 -0.60401779
3.0565429 0.911394 -0.60880738
8.7188673 3.5458515 -1.7965902
8.4398432 4.1669183 -1.7966114
8.3369532 4.3692765 -1.7966192
8.2291603 4.5690751 -1.7966275
7.750957 5.3406096 -1.7966639
7.4845114 5.7081976 -1.7966844
7.2006445 6.0625248 -1.7967061
6.3149414 5.8598356 -1.6443751
6.0250974 6.157598 -1.6443974
5.8749022 6.3011565 -1.6444089
5.7212501 6.4410491 -1.6444207
5.2407618 6.8379421 -1.6444578
3.6233788 4.9715567 -1.174247
3.5079687 5.0654449 -1.1760937
4.5583396 7.3118925 -1.644666
4.3818555 7.4216933 -1.6451068
4.2020898 7.5261016 -1.645304
4.0198436 7.6261673 -1.6454999
3.8352149 7.7218022 -1.6456949
3.4592383 7.8996024 -1.6460809
3.0750389 8.059063 -1.6464607
2.8800585 8.1318054 -1.6466482
2.6834373 8.1998072 -1.6468338
2.4851756 8.2630739 -1.6470175
1.0952538 3.9879687 -0.78938282
0.99283201 3.9893939 -0.78469491
0.79130858 3.9921947 -0.77682751
0.69193357 3.993576 -0.77362341
-6.9895701 3.1758337 -1.6454121
-7.0641794 3.0063579 -1.645418
-7.2009568 2.6622558 -1.645429
-7.9440622 2.2995696 -1.7725005
-8.2055073 1.7438959 -1.7979079
-8.2800779 1.3462139 -1.7979143
-8.3354101 0.94539428 -1.7979188
-8.3712893 0.54237181 -1.797922
-8.3819141 0.34032774 -1.797923
-8.3885937 -0.064235225 -1.7979238
-8.3846092 -0.26652038 -1.7979237
-8.375762 -0.46864745 -1.7979232
-8.3619919 -0.6705035 -1.7979224
-8.2916212 -1.2732595 -1.7979175
-8.2585154 -1.4728537 -1.797915
-8.0781641 -2.2614877 -1.7979017
-8.0212498 -2.4556432 -1.7978975
-7.9596872 -2.6483614 -1.7978929
-7.8935156 -2.839541 -1.7978878
-7.6674414 -3.4027262 -1.7978708
-7.5831246 -3.5866351 -1.7978643
-7.4013281 -3.9480827 -1.7978506
-7.3039451 -4.1254101 -1.7978431
-7.2023044 -4.3003449 -1.7978354
-6.9865036 -4.6425786 -1.7978189
-6.5066795 -5.2938604 -1.7977823
-6.37707 -5.4492054 -1.7977722
-5.6750388 -6.1766191 -1.7977183
-5.5244141 -6.3116436 -1.7977067
-5.0535545 -6.6943688 -1.7976704
-4.5563083 -7.0420384 -1.7976321
-3.8566797 -7.4479651 -1.7975781
-3.6758788 -7.5387444 -1.797564
-2.5502148 -7.9896479 -1.7974769
-1.9658593 -8.1528997 -1.7974316
-1.7686914 -8.197876 -1.7974163
-1.5704297 -8.2380743 -1.797401
-1.3713086 -8.2734785 -1.7973856
-0.97078121 -8.3298302 -1.7973543
-0.56796873 -8.3668127 -1.7973231
0.038359374 -8.3857517 -1.797276
0.24058594 -8.3823261 -1.7972603
0.84591794 -8.3427849 -1.7972131
1.0468359 -8.3198786 -1.7971976
1.2471875 -8.2921438 -1.797182
1.6455859 -8.2222233 -1.7971509
1.8433398 -8.1800709 -1.7971355
2.6226366 -7.9641733 -1.7970747
3.0035546 -7.8283606 -1.797045
3.1914258 -7.7535782 -1.7970303
3.3774805 -7.6743088 -1.7970157
3.7435155 -7.5024014 -1.7969871
4.1008787 -7.3130541 -1.7969592
4.4486914 -7.1067033 -1.7969319
4.6187305 -6.9972978 -1.7969186
5.2711134 -6.5196733 -1.7968674
5.4267578 -6.3906255 -1.7968551
5.579277 -6.2578483 -1.7968432
6.0169139 -5.838027 -1.7968087
6.1559763 -5.6911926 -1.7967979
6.2913866 -5.5410428 -1.7967873
6.7957225 -4.9091578 -1.7967474
6.9120898 -4.7438202 -1.7967383
7.1327147 -4.4049692 -1.7967207
7.2368164 -4.2316513 -1.7967124
7.3367577 -4.0558782 -1.7967045
7.5237107 -3.6973619 -1.7966897
7.693203 -3.3302526 -1.7966762
7.8447852 -2.9554107 -1.7966641
3.1216795 -1.0908295 -0.70871443
3.1096873 -0.83997619 -0.69036561
3.1064453 -0.75921446 -0.68537855
8.2297268 -1.5952148 -1.796633
8.3450384 -0.79506588 -1.7966232
8.3806829 -0.18969849 -1.79662
8.3800392 0.21462646 -1.7966197
8.3724604 0.41666138 -1.79662
8.2934179 1.221203 -1.7966255
8.2615623 1.4208539 -1.7966278
8.2248831 1.6196826 -1.7966304
8.1834564 1.8175665 -1.7966334
3.1068358 0.76910645 -0.68596458
3.1137891 0.93228328 -0.69662464
3.1178124 1.0160394 -0.70280486
7.9054685 2.7888677 -1.7966542
7.8359375 2.9787145 -1.7966595
7.7618551 3.1668322 -1.796665
7.6832223 3.3531072 -1.7966709
7.6001949 3.5374334 -1.7966774
7.5126758 3.7197082 -1.7966839
7.4208007 3.8998241 -1.7966909
7.3246288 4.0776677 -1.7966982
7.0107813 4.5965729 -1.7967222
6.8979492 4.7643256 -1.7967308
6.781074 4.929318 -1.7967398
6.0955076 4.6597185 -1.6443933
5.8637891 4.948266 -1.644411
5.6184177 5.225307 -1.6444299
5.4908009 5.3593183 -1.6444397
5.3600192 5.4902115 -1.6444497
5.2260938 5.6179118 -1.6444601
5.0890818 5.7423491 -1.6444707
4.6607423 6.0953469 -1.6445036
3.6045897 4.9574857 -1.3136711
3.4921484 5.0547919 -1.31675
3.3798242 5.1537027 -1.3208932
4.0525584 6.5169415 -1.644755
3.8946483 6.6134868 -1.6449314
3.7344139 6.7062092 -1.6451069
3.4074023 6.879931 -1.645455
2.7299609 7.1791253 -1.6461364
2.204453 7.3597674 -1.6466006
1.0904101 3.9879749 -0.88607025
0.98804682 3.9893987 -0.88083529
0.88683593 3.9908049 -0.87616688
0.78662109 3.9921985 -0.87205303
0.60103512 4.0785651 -0.88355255
0.0065624998 4.0868206 -0.87588263
-0.092050776 4.0881877 -0.87639713
-0.19083984 4.08956 -0.87742269
-0.48939452 4.093698 -0.88360417
-0.69148433 4.0964994 -0.89037716
-1.0016992 4.1007953 -0.90471935
-1.1075391 4.1022611 -0.91067177
-1.323789 4.1052532 -0.92444664
-1.4345117 4.1067839 -0.93231291
-1.5471874 4.1083426 -0.94086647
-1.6620312 4.1099296 -0.95013595
-1.8990039 4.113205 -0.9709565
-2.8310156 4.1260757 -1.0724409
-3.137207 4.130301 -1.1116101
-3.4674413 4.1348553 -1.1565396
-3.6429687 4.1372747 -1.1814537
-3.826328 4.1398029 -1.2081832
-4.8820896 4.1467266 -1.3728253
-5.3977342 4.1538286 -1.4597442
-5.9845896 4.1619072 -1.5622917
-6.6031833 3.9160545 -1.6453815
-6.6957617 3.7556872 -1.6453887
-6.7844529 3.5931323 -1.6453958
-6.8691211 3.4284849 -1.6454024
-6.9498434 3.2618425 -1.6454089
-7.099082 2.9229577 -1.6454209
-7.1675391 2.75091 -1.6454264
-7.2918553 2.4021165 -1.6454364
-7.6190233 2.3077526 -1.7062014
-8.1833591 1.8450274 -1.7979062
-8.2628126 1.4482934 -1.7979127
-8.2953711 1.2486066 -1.7979155
-8.3230858 1.0481879 -1.7979177
-8.363945 0.64564085 -1.7979213
-8.3770895 0.44374815 -1.7979225
-8.3872461 -0.16302429 -1.7979238
-8.3696289 -0.56725526 -1.7979227
-8.3535156 -0.76893735 -1.7979217
-8.2760353 -1.3708248 -1.7979162
-8.2405272 -1.5700144 -1.7979137
-8.2002926 -1.7682828 -1.7979107
-7.9917769 -2.5499365 -1.7978952
-7.927949 -2.7419188 -1.7978904
-7.8594337 -2.9323082 -1.7978853
-7.7864451 -3.1209848 -1.7978797
-7.5403905 -3.6756864 -1.7978611
-7.4495115 -3.8564532 -1.7978543
-7.3543358 -4.0349751 -1.7978469
-7.2548046 -4.2111402 -1.7978395
-7.1511326 -4.3848572 -1.7978315
-6.8153124 -4.8902817 -1.7978059
-6.5715036 -5.2131696 -1.7977872
-6.038672 -5.8218079 -1.7977462
-5.6018748 -6.2430091 -1.7977127
-4.8100195 -6.8713489 -1.7976516
-4.6428709 -6.9852991 -1.7976388
-4.4730077 -7.0951819 -1.7976257
-4.3005857 -7.2009416 -1.7976124
-3.9483006 -7.3998251 -1.7975851
-3.5868554 -7.581481 -1.7975572
-2.8398046 -7.8914742 -1.7974993
-2.6486132 -7.9576058 -1.7974845
-1.8697265 -8.1754522 -1.7974241
-1.4733202 -8.2559566 -1.7973934
-1.0734961 -8.3172588 -1.7973623
-0.67121094 -8.3591986 -1.7973312
-0.46935546 -8.3728828 -1.7973155
-0.26732421 -8.3816977 -1.7972997
-0.065117188 -8.3856316 -1.797284
0.33927733 -8.3788776 -1.7972527
0.94410151 -8.3322058 -1.7972054
1.1447461 -8.3069401 -1.79719
1.3447461 -8.2768459 -1.7971743
1.5439843 -8.2419386 -1.7971587
1.7422656 -8.202239 -1.7971433
1.9395703 -8.1577644 -1.797128
2.3306251 -8.0546169 -1.7970974
2.5241797 -7.9960065 -1.7970823
2.9066992 -7.8648295 -1.7970524
3.0955467 -7.792407 -1.7970377
3.2825193 -7.7154293 -1.7970232
3.4675975 -7.6339669 -1.7970086
3.6506641 -7.5480614 -1.7969943
4.0103321 -7.3631339 -1.7969662
4.1867185 -7.2642221 -1.7969524
4.3606443 -7.1610837 -1.7969388
4.7007618 -6.9423943 -1.7969122
4.8668165 -6.8269577 -1.7968991
5.0299997 -6.7075658 -1.7968862
5.3475194 -6.4571271 -1.7968614
5.5016599 -6.3262424 -1.7968494
5.6525192 -6.1916852 -1.7968374
5.8001757 -6.0535226 -1.7968259
6.2225585 -5.6182737 -1.7967925
6.4860935 -5.3116312 -1.7967718
6.7346482 -4.9926534 -1.7967523
7.0778317 -4.492671 -1.7967252
7.1841016 -4.3206458 -1.7967167
7.2861524 -4.1461191 -1.7967086
7.7318749 -3.239414 -1.7966731
3.1153123 -0.96462768 -0.698955
3.105 -0.7202118 -0.68313789
8.2094135 -1.696654 -1.7966347
8.2816401 -1.2988293 -1.7966287
8.334609 -0.89799011 -1.7966241
8.3538275 -0.69672364 -1.7966224
8.3681831 -0.49506468 -1.7966212
8.3821096 0.1111908 -1.7966195
8.3769531 0.31330749 -1.7966199
8.366992 0.51523495 -1.7966202
8.352129 0.71686459 -1.7966213
8.3078709 1.1187609 -1.7966244
8.2784376 1.3187927 -1.7966266
8.244277 1.5180554 -1.796629
8.2052536 1.7164379 -1.7966319
3.1052928 0.7281726 -0.68358535
3.1083984 0.8084625 -0.68836462
7.8720899 2.8817894 -1.7966567
7.8003321 3.0708013 -1.7966621
7.4683785 3.8079443 -1.7966872
7.3743944 3.9869585 -1.7966944
7.2760935 4.1636615 -1.7967019
6.0401754 4.7311945 -1.6443975
5.8050585 5.0169973 -1.6444155
5.6824803 5.1555619 -1.644425
5.2949414 5.5529718 -1.6444547
5.1595702 5.6790886 -1.6444651
4.7355857 6.037343 -1.6444978
3.6986132 4.9570246 -1.3255444
3.4373827 5.1030231 -1.3186762
3.9757421 6.5645695 -1.6448413
3.8166797 6.659245 -1.6450171
3.6553514 6.7500772 -1.6451923
2.9893944 7.0737395 -1.6458814
2.8182225 7.1445136 -1.6460506
2.645371 7.2111359 -1.6462181
0.73802733 3.9928753 -0.87024188
0.65244138 4.0778508 -0.88507468
0.55212891 4.0792451 -0.88222939
0.45240232 4.0806317 -0.87991303
0.25421876 4.0833831 -0.8768391
0.15552734 4.0847526 -0.87607288
-0.041582029 4.0874896 -0.87607014
-0.23917969 4.09023 -0.87810981
-0.3384375 4.0916057 -0.87990272
-0.43816406 4.0929899 -0.88221574
-0.53847653 4.0943789 -0.88505852
-0.6395117 4.0957794 -0.88843739
-0.9480859 4.1000528 -0.90190566
-1.267832 4.1044779 -0.9206779
-1.3776171 4.105998 -0.92820394
-1.4892774 4.1075406 -0.9364022
-1.6029882 4.1091132 -0.94530147
-1.7189453 4.1107159 -0.95493162
-1.8373828 4.1123538 -0.96532822
-2.0825 4.1157403 -0.98857224
-2.340332 4.1193008 -1.0153829
-2.4747069 4.1211567 -1.0302551
-2.6131639 4.1230693 -1.0461882
-2.903789 4.1270795 -1.0815161
-3.2154882 4.1313787 -1.1220149
-3.3804295 4.1336541 -1.1444471
-3.552207 4.1360235 -1.1684885
-3.7314842 4.1384954 -1.1942699
-3.9189453 4.1410785 -1.2219429
-4.2251759 4.0538859 -1.254936
-4.4376755 4.0568147 -1.2886113
-4.6708789 4.0676484 -1.3274579
-5.0022655 4.1483817 -1.3927827
-5.259707 4.1519256 -1.4361535
-5.5338473 4.1557012 -1.4832051
-5.8267188 4.1597342 -1.5343651
-6.1407228 4.1640558 -1.5901382
-6.4560351 4.1541276 -1.6453699
-6.5543942 3.9972429 -1.6453776
-6.9877734 3.1797724 -1.645412
-7.0624804 3.0103388 -1.645418
-7.1330075 2.8391528 -1.6454235
-7.9287109 2.2999604 -1.7693577
-8.1106052 2.1420825 -1.7979002
-8.1599798 1.9458654 -1.7979044
-8.2045116 1.7485156 -1.7979079
-8.244297 1.5501465 -1.7979112
-8.279336 1.3508728 -1.797914
-8.3094921 1.1508105 -1.7979167
-8.3709955 0.54708129 -1.797922
-8.3847847 -0.26178953 -1.7979237
-8.3760347 -0.46392334 -1.7979232
-8.3438864 -0.86726624 -1.7979211
-8.3205471 -1.0682391 -1.7979194
-8.2923431 -1.2685848 -1.7979175
-8.2215033 -1.6669515 -1.7979122
-8.0794525 -2.2569368 -1.7979017
-8.0226364 -2.4511218 -1.7978976
-7.9611716 -2.6438797 -1.7978929
-7.8950973 -2.8350945 -1.797888
-7.8243551 -3.0246639 -1.7978827
-7.403574 -3.943912 -1.7978507
-7.2047262 -4.2962799 -1.7978357
-6.6353512 -5.1316876 -1.797792
-6.5096874 -5.2901883 -1.7977824
-6.2469139 -5.5978637 -1.7977623
-6.1100583 -5.7468524 -1.7977518
-5.82582 -6.0347161 -1.79773
-5.2173047 -6.5676641 -1.7976831
-5.0573435 -6.691524 -1.7976707
-4.894453 -6.8114958 -1.7976582
-4.7287302 -6.9275031 -1.7976453
-4.2154493 -7.25107 -1.7976058
-3.8608594 -7.445786 -1.7975783
-3.4972851 -7.6231737 -1.7975503
-3.3124218 -7.7052379 -1.797536
-3.1256053 -7.7828116 -1.7975215
-2.9369922 -7.8558631 -1.7975068
-2.74666 -7.9243436 -1.7974921
-2.1665235 -8.1019659 -1.7974472
-1.375957 -8.2727051 -1.7973858
-1.1760547 -8.3034105 -1.7973704
-0.57269531 -8.3664913 -1.7973235
0.033652343 -8.3857918 -1.7972764
0.2358789 -8.3824635 -1.7972608
0.43792969 -8.3742647 -1.7972448
0.84123045 -8.3432589 -1.7972136
1.2424999 -8.2928457 -1.7971823
1.4421289 -8.2604008 -1.7971667
1.8387305 -8.1811094 -1.7971357
2.0354881 -8.1343098 -1.7971205
2.4253125 -8.0265779 -1.7970901
3.1870701 -7.7553825 -1.7970306
3.3731639 -7.6762075 -1.7970159
3.5572655 -7.5925632 -1.7970016
3.7392774 -7.5045128 -1.7969874
3.9191797 -7.4120922 -1.7969733
4.4446483 -7.1092091 -1.7969322
4.6148047 -6.9999027 -1.7969189
5.1086326 -6.6478329 -1.7968801
5.2674022 -6.5226526 -1.7968676
5.7250586 -6.1246686 -1.7968317
6.0136132 -5.8414159 -1.7968091
6.2882614 -5.5445852 -1.7967874
6.4200974 -5.3912916 -1.796777
6.548203 -5.2348771 -1.7967669
6.6725192 -5.0754066 -1.7967572
6.7929688 -4.9129953 -1.7967476
7.1302342 -4.408989 -1.796721
7.4302344 -3.8819416 -1.7966971
7.5216208 -3.7016015 -1.7966899
7.6087108 -3.5191231 -1.796683
7.6912889 -3.3345881 -1.7966763
7.7694921 -3.1481285 -1.7966701
7.8431249 -2.9598303 -1.7966642
3.1174023 -1.0075977 -0.70216018
3.1133983 -0.92400265 -0.6960389
8.187851 -1.7978359 -1.7966363
8.3228903 -1.000777 -1.7966251
8.3445702 -0.79977661 -1.7966233
8.3733978 -0.39648438 -1.7966207
8.3805466 -0.19442077 -1.79662
8.3802147 0.20990235 -1.7966195
8.3603315 0.61373961 -1.7966207
8.2940817 1.2165393 -1.7966254
8.2258396 1.6150384 -1.7966304
3.1067576 0.76722717 -0.68585265
3.1100585 0.8481189 -0.69089407
3.1136913 0.93034238 -0.69648695
7.9070311 2.784409 -1.7966542
7.7636328 3.1624529 -1.7966648
7.6851172 3.3487811 -1.7966708
7.6021676 3.5331476 -1.7966772
7.4230075 3.8956354 -1.7966908
6.9006248 4.7604327 -1.7967306
6.7838473 4.9254961 -1.7967395
5.621367 5.2221317 -1.6444296
5.0923047 5.7394733 -1.6444703
4.0562305 6.5146379 -1.644751
3.8983788 6.6112785 -1.6449274
3.7381639 6.7040873 -1.6451029
3.5758007 6.7929997 -1.6452774
3.4112694 6.8779874 -1.6454508
3.2447655 6.958981 -1.6456233
3.0763085 7.0359488 -1.6457944
2.7340233 7.1775675 -1.6461326
2.56041 7.2421341 -1.6462994
2.2086327 7.3585196 -1.6466007
1.0928124 3.9879405 -0.8862009
0.99042964 3.9893658 -0.88095045
0.88917965 3.9907732 -0.87626958
0.78898436 3.9921653 -0.87214279
0.30480468 4.0826812 -0.87742895
0.20601562 4.0840507 -0.87640113
-0.089746095 4.0881562 -0.87637907
-0.18851562 4.0895267 -0.87739271
-0.3870703 4.0922794 -0.88096678
-0.58771485 4.0950603 -0.88664091
-0.89476562 4.0993133 -0.89924496
-0.9992578 4.1007609 -0.90458739
-1.1050586 4.1022248 -0.91052562
-1.6593164 4.1098919 -0.94991118
-2.1441796 4.1165924 -0.99477392
-2.4054492 4.1202021 -1.0225171
-2.6823828 4.1240239 -1.0543735
-2.8275781 4.1260295 -1.0720149
-3.1335156 4.1302495 -1.1111213
-3.8219531 4.1397419 -1.2075378
-4.1206446 4.0524454 -1.2386539
-4.8764257 4.1466484 -1.3718899
-5.6743555 4.1576362 -1.5076405
-6.4042578 4.2334771 -1.6453657
-6.6010156 3.9197845 -1.6453813
-7.024785 3.09726 -1.6454149
-7.6047068 2.308111 -1.7032902
-8.1353121 2.0464258 -1.7979023
-8.1823044 1.8496288 -1.7979062
-8.2245502 1.6517737 -1.7979095
-8.2619925 1.4529413 -1.7979127
-8.3224611 1.0528668 -1.7979177
-8.3454885 0.85186642 -1.7979198
-8.363574 0.65034544 -1.7979213
-8.388711 0.044021606 -1.7979238
-8.3873434 -0.15830444 -1.7979238
-8.3699408 -0.56254637 -1.7979227
-8.3539839 -0.76423031 -1.7979219
-8.2414455 -1.5653702 -1.7979138
-8.1066599 -2.1570723 -1.7979039
-8.0522852 -2.3519318 -1.7978997
-7.9932032 -2.5454395 -1.7978953
-7.8611131 -2.9278843 -1.7978854
-7.7882419 -3.1165941 -1.7978799
-7.710742 -3.3035109 -1.7978741
-7.5424414 -3.671447 -1.7978613
-7.4516993 -3.8522568 -1.7978544
-7.153574 -4.3808188 -1.7978317
-7.0458202 -4.5520535 -1.7978234
-6.8181052 -4.8864408 -1.797806
-6.3155465 -5.5203695 -1.7977676
-5.8998632 -5.9623742 -1.7977356
-5.7542968 -6.1028919 -1.7977244
-5.1395311 -6.6286211 -1.7976772
-4.8138866 -6.868639 -1.7976519
-4.1297264 -7.300189 -1.7975992
-3.4072657 -7.6638021 -1.7975433
-2.0709178 -8.1268911 -1.7974398
-1.8743359 -8.1744013 -1.7974246
-1.4779491 -8.2551374 -1.7973938
-1.2784375 -8.2883034 -1.7973783
-1.0782031 -8.3166513 -1.7973628
-0.87734371 -8.3401632 -1.7973472
-0.67583984 -8.3588219 -1.7973315
-0.27205077 -8.3815432 -1.7973001
0.13240235 -8.3847694 -1.7972686
0.33457032 -8.3790646 -1.7972529
0.53654295 -8.3684883 -1.7972372
0.73820311 -8.3530426 -1.7972215
1.1400585 -8.3075838 -1.7971902
1.3400977 -8.2776031 -1.7971747
1.7376562 -8.2032232 -1.7971437
1.9349608 -8.1588573 -1.7971282
2.3261132 -8.0559378 -1.7970977
2.5196679 -7.9974313 -1.7970827
2.9022655 -7.8665023 -1.7970529
3.0911133 -7.7941566 -1.7970381
3.2781835 -7.7172785 -1.7970234
3.4633007 -7.6359158 -1.797009
4.0061717 -7.365396 -1.7969666
4.8629684 -6.8297024 -1.7968993
5.3438864 -6.4601493 -1.7968616
5.4980664 -6.3293414 -1.7968496
5.6490426 -6.1948776 -1.7968377
5.7967968 -6.0567961 -1.7968261
5.9411325 -5.9152098 -1.7968147
6.3531442 -5.4701238 -1.7967824
6.6094141 -5.1573639 -1.796762
6.7317967 -4.9964557 -1.7967525
6.8503513 -4.8326268 -1.7967432
6.9648242 -4.6659989 -1.796734
7.1816211 -4.3246946 -1.7967169
7.8774219 -2.867249 -1.7966615
3.1195898 -1.0509967 -0.70552206
3.1116016 -0.88371944 -0.69325817
3.1081445 -0.80227113 -0.68798047
3.1050584 -0.72206849 -0.68324184
8.2084179 -1.7012799 -1.7966347
8.3098822 -1.103418 -1.7966262
8.3774996 -0.2978363 -1.7966202
8.382246 -0.095709838 -1.7966197
8.3821678 0.1064624 -1.7966195
8.3672457 0.51051146 -1.7966202
8.3525 0.71216124 -1.7966213
8.3084564 1.1140802 -1.7966244
8.2062111 1.7118053 -1.7966317
7.8737106 2.8773444 -1.7966566
7.7258592 3.2536747 -1.7966677
7.6451755 3.4390631 -1.7966739
7.4705272 3.8037329 -1.7966871
7.2784762 4.1595612 -1.7967018
7.0694723 4.5057158 -1.7967176
6.9588475 4.6749101 -1.7967262
6.8440819 4.8414021 -1.7967349
6.7253709 5.005064 -1.796744
5.80791 5.0137296 -1.6444154
5.6853318 5.15236 -1.6444247
5.2980661 5.5499921 -1.6444545
5.162734 5.6761785 -1.6444649
5.0243945 5.7990766 -1.6444755
3.5519531 5.0020771 -1.3148487
3.3273242 5.1998954 -1.3230839
3.82041 6.6570745 -1.6450131
3.659121 6.7479987 -1.6451882
3.495703 6.8349905 -1.6453623
3.3301952 6.9180412 -1.6455352
3.1627538 6.997067 -1.645707
2.9933984 7.0720425 -1.6458775
2.8222656 7.1429019 -1.6460465
2.4750586 7.27215 -1.6463803
2.2991796 7.3304605 -1.6465446
2.1217773 7.384007 -1.6465969
1.0426757 3.9886377 -0.88356507
0.94085938 3.9900556 -0.8785947
0.84013671 3.9914551 -0.87418592
0.74035156 3.9928424 -0.87032539
0.65478516 4.0778179 -0.88514775
0.55447263 4.0792131 -0.88228995
0.45472655 4.0805988 -0.87996107
0.25652343 4.0833511 -0.87686336
0.059296872 4.0860896 -0.87581694
-0.23685546 4.090198 -0.87807453
-0.43582031 4.0929561 -0.88215643
-0.53613281 4.0943451 -0.88498688
-0.63712889 4.0957465 -0.88835281
-0.9456445 4.100019 -0.90178066
-1.1572461 4.1029472 -0.91364819
-1.375039 4.1059613 -0.92802066
-1.4866406 4.1075044 -0.9362027
-1.6003125 4.1090775 -0.9450857
-2.2066796 4.1174541 -1.0011934
-2.3372266 4.1192594 -1.0150473
-2.6098828 4.123024 -1.0458043
-2.9002929 4.1270328 -1.0810764
-3.0531249 4.1291413 -1.1005999
-3.3765039 4.1336002 -1.1439059
-3.5481055 4.1359673 -1.1679066
-3.7272069 4.1384368 -1.1936468
-4.2203321 4.0538201 -1.2541779
-4.6654687 4.0675735 -1.3265756
-4.9964256 4.1483011 -1.3918087
-5.2534962 4.1518402 -1.4350991
-6.1331248 4.1639519 -1.5887791
-6.6467381 3.8417773 -1.6453849
-6.8242774 3.5168426 -1.645399
-6.9859958 3.1837163 -1.645412
-7.060781 3.0143182 -1.6454179
-7.1314259 2.8431804 -1.6454235
-8.2434378 1.5547986 -1.7979112
-8.3549414 0.75351989 -1.7979205
-8.3706837 0.55180234 -1.7979219
-8.3815432 0.34977844 -1.797923
-8.3875389 0.1475299 -1.7979236
-8.3627338 -0.66108644 -1.7979224
-8.3211517 -1.0635571 -1.7979196
-8.2224417 -1.6623214 -1.7979124
-8.1799612 -1.8601394 -1.7979093
-8.1327143 -2.0568552 -1.7979057
-8.0240231 -2.4466007 -1.7978976
-7.962656 -2.6393988 -1.797893
-7.8966794 -2.8306422 -1.7978882
-7.7509766 -3.2080998 -1.7978772
-7.5871873 -3.5780849 -1.7978647
-7.3085938 -4.1171689 -1.7978435
-6.9917188 -4.6347008 -1.7978194
-6.5126562 -5.2865186 -1.7977827
-6.1133399 -5.7434044 -1.797752
-5.9729686 -5.8891358 -1.7977412
-5.6820312 -6.1702189 -1.7977189
-4.7326169 -6.9248343 -1.7976457
-4.2195506 -7.2486897 -1.7976061
-3.8650389 -7.4436107 -1.7975787
-3.6843944 -7.5345988 -1.7975646
-3.3167772 -7.7033691 -1.7975363
-2.9413671 -7.8542123 -1.7975073
-2.3658593 -8.0460997 -1.7974626
-1.5797656 -8.2362976 -1.7974017
-1.3806446 -8.2719288 -1.7973863
-0.77900392 -8.349884 -1.7973396
-0.5773828 -8.3661718 -1.7973238
0.83652341 -8.3437328 -1.7972139
1.2378711 -8.2935505 -1.7971826
1.4374804 -8.2612143 -1.7971671
2.0308983 -8.1354647 -1.7971208
2.4208007 -8.0279474 -1.7970904
2.6136522 -7.9671731 -1.7970753
2.9947264 -7.8317404 -1.7970456
3.1826952 -7.7571769 -1.7970309
3.3688281 -7.6781092 -1.7970164
3.5529883 -7.594573 -1.797002
3.7350781 -7.5066233 -1.7969878
4.0925975 -7.3176718 -1.7969598
4.2678709 -7.2167912 -1.796946
4.4406052 -7.1117144 -1.7969325
5.2637501 -6.5256195 -1.796868
5.8676953 -5.9880857 -1.7968205
6.2851367 -5.5481339 -1.7967877
6.4170704 -5.3949046 -1.7967772
6.5452733 -5.2385592 -1.7967672
6.6696677 -5.0791593 -1.7967573
7.0192966 -4.5836401 -1.7967297
7.23207 -4.2398095 -1.7967129
7.3322067 -4.064136 -1.796705
7.5195704 -3.7058294 -1.79669
7.6894727 -3.3389144 -1.7966764
7.9106445 -2.7742734 -1.7966588
3.1174998 -1.0095739 -0.70231086
3.1134765 -0.92593384 -0.69617504
8.2278709 -1.6044846 -1.7966331
8.2641602 -1.4055984 -1.79663
8.3223047 -1.0054742 -1.7966251
8.3441601 -0.80446714 -1.7966233
8.3611326 -0.60301572 -1.7966218
8.3732224 -0.40119079 -1.7966207
8.3804493 -0.19915222 -1.79662
8.3729296 0.40722227 -1.79662
8.3435545 0.81048036 -1.7966219
8.2948046 1.2118542 -1.7966254
8.2631245 1.4115344 -1.7966276
8.2267189 1.6104113 -1.7966303
8.1855078 1.8083344 -1.7966332
3.1099608 0.84621155 -0.69076926
3.1136131 0.9284088 -0.69634992
3.1176171 1.0120867 -0.70250249
7.6869922 3.3444414 -1.7966707
7.6041403 3.5288708 -1.7966771
7.5168357 3.7112334 -1.7966837
7.4252148 3.8914573 -1.7966906
7.3292184 4.069406 -1.7966979
6.7866211 4.9216776 -1.7967393
6.1007419 4.6528411 -1.6443928
5.9867382 4.7986565 -1.6444017
5.8693748 4.9416494 -1.6444106
5.4968162 5.3531389 -1.6444392
5.2323828 5.6120195 -1.6444595
3.6108398 4.9543228 -1.3139108
3.4973826 5.0501761 -1.3165747
4.0598826 6.5123367 -1.6447468
3.7419336 6.7019596 -1.6450987
3.5795898 6.7909756 -1.6452732
3.2486913 6.9571357 -1.6456193
3.0802929 7.0341897 -1.6457903
2.7381053 7.1760025 -1.6461287
0.99281245 3.9893315 -0.8810668
0.79130858 3.9921336 -0.87223268
0.69193357 3.9935162 -0.86863577
-6.4247265 2.5530412 -1.6453688
-6.4844723 2.3973682 -1.6453737
-7.2033591 2.2748089 -1.7978295
-7.2561717 2.1004326 -1.7978338
-7.3490233 1.748117 -1.7978414
-7.389082 1.570379 -1.7978446
-7.4248047 1.391726 -1.7978475
-7.4832616 1.0320947 -1.7978524
-7.5059958 0.85132504 -1.7978544
-7.5243359 0.67006099 -1.797856
-7.5531445 0.12434326 -1.7978587
-7.5539451 -0.057844847 -1.797859
-7.5503516 -0.24000122 -1.7978588
-7.5423436 -0.42201599 -1.7978584
-7.5299215 -0.60378784 -1.7978576
-7.4920702 -0.96617246 -1.7978549
-7.4666014 -1.146572 -1.7978532
-7.402617 -1.5052667 -1.7978485
-7.3641601 -1.6833502 -1.7978456
-7.3214059 -1.8604522 -1.7978425
-7.223125 -2.2113042 -1.7978352
-6.6649218 -3.5552549 -1.7977929
-6.4856834 -3.872472 -1.7977793
-6.1886911 -4.3311472 -1.7977567
-5.9725585 -4.6244798 -1.7977401
-5.8592772 -4.7671494 -1.7977314
-5.4992576 -5.1781821 -1.7977039
-5.1104298 -5.5620966 -1.7976739
-4.6948633 -5.9168901 -1.7976419
-4.5508008 -6.028358 -1.7976308
-4.4040623 -6.1363068 -1.7976195
-4.2548046 -6.240694 -1.797608
-3.7924023 -6.5318274 -1.7975723
-3.6337695 -6.6213436 -1.79756
-3.472949 -6.7070041 -1.7975476
-3.1455078 -6.8665714 -1.7975222
-2.9789648 -6.9403796 -1.7975093
-2.6408203 -7.0758481 -1.7974832
-2.1223242 -7.248086 -1.797443
-1.946875 -7.297102 -1.7974294
-1.7703515 -7.3418789 -1.7974157
-1.4142382 -7.4185886 -1.7973881
-1.2349218 -7.4504795 -1.7973742
-1.0548828 -7.4780321 -1.7973602
-0.87417966 -7.5012431 -1.7973461
-0.14753906 -7.5503335 -1.7972897
0.034531251 -7.5516357 -1.7972755
0.39863279 -7.541069 -1.7972473
0.76179683 -7.512958 -1.7972189
0.94275391 -7.4923515 -1.7972049
1.1231445 -7.467371 -1.7971908
1.8371289 -7.3242397 -1.7971351
2.0132616 -7.2777481 -1.7971214
2.3617969 -7.1721048 -1.7970942
2.5340624 -7.1129723 -1.7970808
2.7048438 -7.0497327 -1.7970674
2.8740234 -6.98244 -1.7970543
3.6930077 -6.5857553 -1.7969902
4.0062108 -6.3999271 -1.7969656
4.1593943 -6.3014112 -1.7969537
4.3101172 -6.1992302 -1.7969418
4.4583201 -6.0934453 -1.7969302
4.6039648 -5.9841199 -1.7969187
5.0244336 -5.6355247 -1.7968858
5.5437694 -5.1252341 -1.796845
6.0115428 -4.5673027 -1.7968081
6.6933007 -3.492142 -1.7967541
6.8538671 -3.1653168 -1.7967412
6.9984961 -2.8311324 -1.7967297
7.0647264 -2.66153 -1.7967246
3.1776953 -1.0251068 -0.7946521
3.1689062 -0.85597163 -0.78121948
3.1651757 -0.77356565 -0.7754699
7.3745704 -1.6149081 -1.7966995
7.4438477 -1.2574322 -1.7966937
7.4720116 -1.077553 -1.7966914
7.5303125 -0.53455687 -1.7966864
7.5410352 -0.35280028 -1.7966853
7.5473437 -0.17083496 -1.7966847
7.5468163 0.19328308 -1.7966844
7.5399218 0.3752307 -1.7966849
7.5286717 0.55695248 -1.7966855
7.46875 1.0997698 -1.7966897
7.4400582 1.2795709 -1.7966917
7.4070702 1.4586273 -1.7966942
7.3697457 1.6368359 -1.7966969
3.1656249 0.78365844 -0.77614516
7.1193552 2.5115454 -1.7967156
6.919199 3.01968 -1.7967308
6.5962887 3.6721826 -1.7967552
6.2120309 4.2905574 -1.7967846
5.5889454 4.0627155 -1.6444333
5.4893165 4.196342 -1.6444409
4.9447851 4.826364 -1.6444827
4.4569726 5.2803397 -1.6445203
4.3283591 5.3863239 -1.6445299
4.0102539 5.2446647 -1.5712878
3.5928514 4.9413567 -1.4540274
3.4815428 5.0394502 -1.457754
3.3695312 5.1380143 -1.4623272
3.2931249 5.295722 -1.4841709
2.6129882 6.4022198 -1.6457152
2.3016405 6.5219522 -1.646017
2.1438282 6.5758572 -1.6460906
1.9845703 6.6256256 -1.6460855
0.88683593 3.9907439 -0.97292936
0.78662109 3.9921386 -0.96836066
0.68728513 3.9935186 -0.96439373
0.5010156 4.0798945 -0.97827327
0.40154296 4.081275 -0.97599739
0.20371093 4.0840225 -0.97316992
0.10509765 4.085391 -0.9726094
0.0065429686 4.0867596 -0.97261465
-0.28992188 4.0908723 -0.97603428
-0.38939452 4.0922513 -0.97831982
-0.89716792 4.0992842 -0.99868709
-1.0016601 4.1007318 -1.0046347
-1.3237695 4.105186 -1.0265409
-1.4344921 4.1067181 -1.0352761
-1.5471679 4.1082759 -1.0447736
-2.0215235 4.1148286 -1.091096
-2.1471093 4.1165643 -1.1049689
-2.408535 4.1201725 -1.1358253
-2.6856639 4.1239958 -1.1712577
-2.981328 4.1280732 -1.2118808
-3.1371679 4.1302228 -1.2343682
-3.6428709 4.1371894 -1.3119259
-4.0182223 4.1423612 -1.3734797
-4.1252928 4.0524225 -1.3762542
-4.3324218 4.055274 -1.4123071
-5.4786911 4.2160602 -1.6452937
-5.5787888 4.0827265 -1.6453016
-5.6756444 3.947016 -1.6453092
-5.7691989 3.8090105 -1.6453167
-6.109375 3.2356243 -1.6453435
-6.2583203 2.937295 -1.6453555
-6.4543748 2.477196 -1.6453712
-6.5122461 2.3208301 -1.6453757
-6.9590626 2.2924774 -1.7437844
-7.2803707 2.0148304 -1.7978358
-7.3268747 1.8386767 -1.7978396
-7.3691211 1.6614459 -1.797843
-7.4070506 1.4832482 -1.7978462
-7.4407029 1.3041894 -1.7978489
-7.4949021 0.94389278 -1.7978535
-7.5155077 0.7628656 -1.7978551
-7.5435934 0.39959472 -1.7978578
-7.5527148 -0.14680359 -1.797859
-7.5469918 -0.32890379 -1.7978587
-7.5368357 -0.510813 -1.7978581
-7.5223436 -0.6924243 -1.797857
-7.4802146 -1.0543365 -1.7978541
-7.4525585 -1.2344275 -1.7978522
-7.4206247 -1.4137942 -1.7978499
-7.3843551 -1.5923392 -1.7978472
-7.3438087 -1.7699566 -1.7978442
-7.2989645 -1.9465479 -1.7978408
-6.9418359 -2.9787176 -1.797814
-6.7901173 -3.3099658 -1.7978024
-6.708281 -3.4727426 -1.7977962
-6.5329685 -3.7921407 -1.7977829
-6.2416797 -4.254456 -1.7977606
-6.1372461 -4.4037232 -1.7977526
-6.0292187 -4.5504303 -1.7977444
-5.8027148 -4.835814 -1.797727
-5.6844139 -4.9743266 -1.797718
-5.5627537 -5.1099348 -1.7977087
-5.3098435 -5.3721642 -1.7976892
-5.0445313 -5.6218891 -1.7976687
-4.7675586 -5.858521 -1.7976475
-4.1809373 -6.2903571 -1.7976022
-4.0280271 -6.3893085 -1.7975905
-3.7151756 -6.576015 -1.7975663
-3.5555077 -6.6636558 -1.797554
-3.3937109 -6.747417 -1.7975415
-3.23 -6.8272576 -1.7975287
-2.8970311 -6.9749613 -1.797503
-2.72791 -7.0427403 -1.7974899
-2.0367968 -7.2725501 -1.7974364
-1.5056835 -7.4006023 -1.7973951
-0.6044336 -7.5276961 -1.7973253
-0.42269531 -7.5400219 -1.7973111
-0.24072266 -7.547966 -1.797297
-0.058652341 -7.5515194 -1.7972828
0.12347656 -7.5506787 -1.7972686
0.30554688 -7.5454464 -1.7972544
1.2110156 -7.453599 -1.797184
1.5689648 -7.3864202 -1.797156
1.9233203 -7.3020673 -1.7971284
2.0988085 -7.2534952 -1.7971147
2.9560547 -6.9480858 -1.7970479
3.1227539 -6.8747253 -1.7970347
3.2876172 -6.7973623 -1.7970219
3.6114843 -6.6308513 -1.7969966
3.9269726 -6.4489026 -1.7969718
4.2333007 -6.251967 -1.796948
4.3827929 -6.1480174 -1.7969362
4.5297852 -6.0404954 -1.7969246
4.8156834 -5.8149796 -1.7969022
4.9545312 -5.6971164 -1.7968913
5.2234178 -5.4515219 -1.7968701
5.4801364 -5.1932683 -1.79685
5.6037498 -5.0595641 -1.7968402
5.7241015 -4.9229288 -1.7968307
5.8411522 -4.7834239 -1.7968216
6.2745895 -4.1984663 -1.7967873
6.3740039 -4.0459104 -1.7967794
6.469707 -3.8909984 -1.7967718
6.6497264 -3.5744803 -1.7967576
6.733984 -3.4130645 -1.7967509
6.8906641 -3.0843735 -1.7967384
7.0313282 -2.7485123 -1.7967271
3.1801953 -1.0694269 -0.79852301
3.1753905 -0.98323059 -0.79112691
3.170996 -0.89866513 -0.78440624
3.1634765 -0.7337817 -0.7728861
7.393086 -1.5279428 -1.796698
7.4277344 -1.3492004 -1.7966951
7.4841404 -0.98947507 -1.7966903
7.5058203 -0.80869627 -1.7966886
7.5360937 -0.44583496 -1.7966859
7.5439649 0.28215149 -1.7966845
7.5349998 0.46400145 -1.7966851
7.5216012 0.64558285 -1.7966861
7.4817576 1.0075134 -1.7966888
7.4244919 1.3671057 -1.796693
7.3893747 1.5457611 -1.7966955
3.1674218 0.82381344 -0.77891219
7.0246677 2.7654486 -1.7967227
6.9559765 2.9340601 -1.7967279
6.7257223 3.4292803 -1.7967454
6.6410546 3.5904956 -1.7967519
6.5525584 3.7496264 -1.7967585
6.3642187 4.061254 -1.7967728
6.2644334 4.2135687 -1.7967805
5.6385937 3.9934392 -1.6444294
5.4395313 4.2607083 -1.6444447
5.117363 4.6428714 -1.6444694
4.8875976 4.884274 -1.6444869
4.6464844 5.1143217 -1.6445056
4.5217967 5.2249212 -1.6445152
4.3944921 5.3324833 -1.6445249
4.2646289 5.4369426 -1.6445351
3.5385938 4.9892073 -1.4557427
3.4269531 5.0875163 -1.4598817
3.3145506 5.1863508 -1.4648722
3.5799804 5.9110894 -1.6447008
2.9950781 6.230823 -1.6453292
2.8442187 6.3018255 -1.6454839
2.6916406 6.369184 -1.6456373
2.5374999 6.4328361 -1.6457895
2.0661914 6.6006436 -1.6460885
1.9064453 6.6485257 -1.6460819
1.0402734 3.9886096 -0.98100752
0.93849605 3.9900262 -0.97550404
0.83777344 3.9914258 -0.9706226
0.73800778 3.9928131 -0.9663496
0.55210936 4.0791841 -0.97966212
0.4523828 4.0805693 -0.97708905
0.056972656 4.0860591 -0.97254109
-0.041582029 4.0874262 -0.9728229
-0.14027344 4.0887971 -0.9736703
-0.53847653 4.094317 -0.98280394
-0.6395117 4.095716 -0.9865557
-0.94804686 4.0999894 -1.0015104
-1.0531836 4.1014423 -1.007779
-1.1597265 4.1029181 -1.0147196
-1.2678125 4.1044135 -1.022356
-1.3775976 4.1059318 -1.0307132
-1.4892578 4.1074762 -1.0398167
-1.7189257 4.1106501 -1.0603918
-1.958457 4.1139593 -1.0843726
-2.3402929 4.1192303 -1.1275173
-2.4746485 4.1210833 -1.1440322
-2.6131248 4.1229949 -1.161725
-2.7560155 4.1249652 -1.1806706
-2.9037304 4.1270037 -1.2009536
-3.21541 4.1312995 -1.2459232
-3.9188671 4.1409931 -1.3568848
-4.1041408 4.1323991 -1.3861084
-4.4375782 4.0567217 -1.4309111
-5.6265039 4.0167484 -1.6453054
-5.7217579 3.8799133 -1.6453129
-5.902246 3.5995324 -1.6453272
-6.1470509 3.1634526 -1.6453466
-6.2925196 2.8633885 -1.6453582
-6.359746 2.710813 -1.6453636
-6.4233007 2.5566583 -1.6453686
-6.4831052 2.4010167 -1.6453735
-6.7020116 2.2998712 -1.6863635
-7.2020898 2.2788646 -1.7978295
-7.3036327 1.9289483 -1.7978376
-7.4239841 1.3959063 -1.7978475
-7.4555273 1.2164587 -1.7978501
-7.5055466 0.85554928 -1.7978544
-7.5239844 0.67429441 -1.797856
-7.5380468 0.49264771 -1.7978572
-7.5477734 0.31071961 -1.7978581
-7.5530467 0.12860595 -1.7978587
-7.5539451 -0.053585205 -1.797859
-7.5504684 -0.2357434 -1.7978588
-7.5425973 -0.41776365 -1.7978584
-7.5303125 -0.59954345 -1.7978576
-7.4672461 -1.142362 -1.7978532
-7.4375196 -1.3221081 -1.7978511
-7.4034371 -1.501091 -1.7978485
-7.2243943 -2.2072349 -1.7978352
-7.1095309 -2.5530052 -1.7978266
-7.0458593 -2.7237093 -1.7978218
-6.978086 -2.8928299 -1.7978168
-6.9063282 -3.0602691 -1.7978113
-6.666914 -3.5514975 -1.797793
-6.4878516 -3.8688147 -1.7977796
-6.3926368 -4.024137 -1.7977722
-6.2936912 -4.1771164 -1.7977647
-5.8619723 -4.7638459 -1.7977316
-5.7453318 -4.9038129 -1.7977226
-5.6253905 -5.040915 -1.7977134
-5.3757224 -5.3062458 -1.7976942
-5.246172 -5.4343138 -1.7976843
-4.6981835 -5.9142475 -1.7976422
-3.9524803 -6.4362907 -1.7975847
-3.6374805 -6.6192989 -1.7975602
-3.3140233 -6.7869024 -1.7975352
-2.8146288 -7.0085731 -1.7974966
-2.6447852 -7.0743561 -1.7974834
-2.3005469 -7.1935554 -1.7974567
-2.1264062 -7.2468877 -1.7974434
-1.7744921 -7.3408813 -1.7974161
-1.5968945 -7.3814816 -1.7974023
-1.4184179 -7.4177914 -1.7973884
-1.2391015 -7.4497824 -1.7973745
-0.69728512 -7.5196972 -1.7973324
-0.51574218 -7.5342689 -1.7973183
-0.15183593 -7.5502524 -1.79729
0.030292967 -7.5516586 -1.7972758
0.21240234 -7.5486755 -1.7972617
0.39441407 -7.5412936 -1.7972475
0.57613277 -7.5295324 -1.7972333
0.93853515 -7.4928799 -1.7972052
1.4777148 -7.4052539 -1.7971632
1.6558594 -7.3674059 -1.7971493
1.8330468 -7.3252745 -1.7971355
2.00916 -7.2788849 -1.7971216
2.3577538 -7.1734347 -1.7970946
2.5300195 -7.1144223 -1.7970811
3.3674219 -6.7581491 -1.7970157
3.8470702 -6.4968929 -1.7969781
4.3066211 -6.2016602 -1.7969421
4.7435937 -5.8739877 -1.7969079
4.8838282 -5.7578387 -1.7968968
5.0212889 -5.63836 -1.7968861
5.1557422 -5.5155897 -1.7968755
5.2872458 -5.3896198 -1.7968652
5.4156251 -5.2605124 -1.796855
5.5408983 -5.128356 -1.7968452
5.6629295 -4.9932084 -1.7968355
5.781621 -4.8551631 -1.7968261
6.1174021 -4.4244328 -1.7967998
6.2223043 -4.2755928 -1.7967916
6.5150585 -3.8145297 -1.7967683
6.6051559 -3.6562834 -1.7967612
6.9264841 -3.0030017 -1.7967355
6.9968944 -2.835083 -1.7967298
7.1253905 -2.4943984 -1.7967197
3.1652734 -0.77548093 -0.77559739
7.373652 -1.6190628 -1.7966995
7.4105859 -1.4407758 -1.7966964
7.4713669 -1.0817693 -1.7966914
7.4952731 -0.90126342 -1.7966894
7.5148239 -0.72025025 -1.7966877
7.5299997 -0.53880125 -1.7966864
7.5408201 -0.35705748 -1.7966855
7.5472264 -0.1750885 -1.7966847
7.5401363 0.37096983 -1.7966849
7.4936132 0.91510862 -1.7966878
7.4693942 1.0955523 -1.7966895
3.1693163 0.86428404 -0.78182918
3.1735351 0.94822019 -0.78827935
3.178164 1.0337274 -0.79539436
7.1207809 2.507534 -1.7967155
7.0582809 2.6785448 -1.7967203
6.991621 2.8479834 -1.7967253
6.9209375 3.0157835 -1.7967306
6.7674999 3.3460155 -1.7967422
6.507988 3.8265386 -1.7967619
6.3159375 4.1359234 -1.7967767
6.2143946 4.2870502 -1.7967843
5.3890233 4.3244867 -1.6444485
5.0623436 4.7028217 -1.6444736
4.8297653 4.9415007 -1.6444914
4.709199 5.0565777 -1.6445007
4.5859375 5.1687002 -1.6445101
3.5954492 4.9390678 -1.4539509
3.4841602 5.0371552 -1.4576585
3.3721678 5.1357012 -1.4622116
3.510293 5.9531269 -1.6447783
3.2197461 6.1166301 -1.6450933
3.0716014 6.1930828 -1.6452496
2.3053319 6.5206428 -1.6460135
2.1474805 6.5746489 -1.6460909
1.9883202 6.624506 -1.6460856
1.0928124 3.9878795 -0.98407012
0.99042964 3.9893029 -0.9782421
0.88917965 3.9907122 -0.97304398
0.68960935 3.9934869 -0.96448034
0.40386719 4.0812421 -0.9760437
0.30480468 4.0826201 -0.97433132
0.20603515 4.0839896 -0.97318977
0.10740234 4.0853596 -0.97261578
0.0088671874 4.0867267 -0.97260755
-0.089746095 4.0880952 -0.97316533
-0.28759766 4.0908403 -0.97598737
-0.3870703 4.0922184 -0.9782598
-0.58771485 4.0949979 -0.98455977
-0.89474607 4.0992498 -0.99855584
-1.1050195 4.1021609 -1.0110836
-1.2122852 4.1036453 -1.018361
-1.6592969 4.1098261 -1.0548171
-1.7764257 4.1114435 -1.0659217
-2.1441405 4.1165228 -1.1046327
-2.2730079 4.1183014 -1.1194993
-2.8275194 4.1259527 -1.1904031
-2.9777539 4.1280241 -1.2113724
-3.1334569 4.1301703 -1.2338269
-3.2951367 4.1323991 -1.2578733
-3.4633594 4.134716 -1.283638
-3.6386914 4.1371317 -1.3112575
-3.8218944 4.1396575 -1.3408896
-4.5455661 4.0582085 -1.4502184
-5.5764647 4.0858722 -1.6453015
-5.673418 3.9502153 -1.6453091
-5.7670703 3.8122661 -1.6453166
-5.8573632 3.6720891 -1.6453236
-6.1075583 3.2390721 -1.6453435
-6.32582 2.7890892 -1.6453609
-6.3912301 2.6357348 -1.6453662
-7.2284374 2.1938946 -1.7978317
-7.2792578 2.0189323 -1.7978358
-7.4943748 0.94810665 -1.7978534
-7.5150781 0.7671051 -1.7978551
-7.5313864 0.58563536 -1.7978566
-7.5433397 0.40384459 -1.7978578
-7.5508785 0.22180054 -1.7978584
-7.5540624 0.039641112 -1.7978588
-7.552793 -0.14255066 -1.797859
-7.5371485 -0.5065735 -1.7978581
-7.5227342 -0.68819088 -1.797857
-7.5039258 -0.86941648 -1.7978559
-7.4808006 -1.050122 -1.7978541
-7.4214063 -1.4096136 -1.7978499
-7.3852344 -1.5881854 -1.7978473
-7.3000584 -1.9424447 -1.7978408
-7.1978707 -2.2921708 -1.7978332
-7.0132809 -2.8064981 -1.7978194
-6.8697653 -3.1413889 -1.7978085
-6.1396875 -4.4002681 -1.7977529
-6.0318165 -4.5470252 -1.7977445
-5.920332 -4.6911507 -1.797736
-5.6871872 -4.9711266 -1.7977182
-5.5656443 -5.1067982 -1.7977089
-5.0477147 -5.6190405 -1.7976691
-4.9107227 -5.7391114 -1.7976584
-4.1845117 -6.2879963 -1.7976025
-3.8764062 -6.4823685 -1.7975787
-3.7189062 -6.5739279 -1.7975665
-3.5592382 -6.6616526 -1.7975543
-3.3975194 -6.7455082 -1.7975417
-3.2338672 -6.8254337 -1.7975291
-3.0682616 -6.901391 -1.7975163
-2.3891602 -7.1646428 -1.7974637
-2.2156639 -7.2201266 -1.7974502
-2.0408983 -7.2714047 -1.7974366
-1.5098437 -7.3997545 -1.7973955
-0.79001951 -7.5105467 -1.7973396
-0.6086328 -7.5273571 -1.7973256
-0.42693359 -7.5397911 -1.7973113
0.11925781 -7.5507469 -1.797269
0.48318359 -7.536099 -1.7972406
0.66478515 -7.5222006 -1.7972265
1.0267187 -7.4812741 -1.7971983
1.3862109 -7.4229546 -1.7971704
1.5648047 -7.3873072 -1.7971563
1.7424999 -7.3473663 -1.7971426
1.9191797 -7.3031573 -1.7971287
2.6135936 -7.0841198 -1.7970746
2.9521484 -6.9497547 -1.7970481
3.6077538 -6.6328888 -1.7969968
3.7666211 -6.5439005 -1.7969843
3.9233203 -6.451118 -1.7969722
4.229785 -6.2543602 -1.7969482
4.3793554 -6.1504869 -1.7969365
4.5263672 -6.0430517 -1.7969248
4.670742 -5.9320951 -1.7969136
4.9512892 -5.6999059 -1.7968916
5.087285 -5.5788188 -1.796881
5.4771872 -5.1963534 -1.7968502
5.6008983 -5.0627317 -1.7968404
5.9521484 -4.6445026 -1.7968127
6.6477146 -3.5782311 -1.7967578
6.7320895 -3.4168537 -1.796751
6.8124804 -3.2535012 -1.7967447
6.8889256 -3.0882494 -1.7967385
3.1803124 -1.0714587 -0.79870367
3.1635742 -0.73567444 -0.77300602
7.483613 -0.99369991 -1.7966903
7.5053711 -0.81292599 -1.7966886
7.5444922 -0.26822081 -1.796685
7.5486522 0.095875852 -1.7966844
7.5219531 0.6413458 -1.7966859
7.4559374 1.1834466 -1.7966906
7.4252734 1.3629217 -1.7966927
3.1637499 0.74000305 -0.77328175
7.0907617 2.5912249 -1.7967178
7.0262499 2.7614875 -1.7967227
6.8849411 3.0970879 -1.7967334
6.8083005 3.2622278 -1.7967391
6.7276363 3.4254913 -1.7967453
6.643086 3.5867455 -1.7967516
6.2668357 4.210031 -1.7967803
5.4419141 4.2576509 -1.6444446
5.1199608 4.6399894 -1.6444691
4.5247459 5.2223783 -1.6445149
4.3975 5.3300042 -1.6445248
4.2676759 5.4345388 -1.6445347
3.5411913 4.9869208 -1.4556574
3.4295702 5.0852103 -1.4597745
3.317168 5.184041 -1.4647454
3.440078 5.9943328 -1.6448555
3.2948046 6.0761309 -1.6450131
3.1476171 6.154407 -1.6451697
2.9985936 6.2291193 -1.6453255
2.6952538 6.3676457 -1.6456337
2.228457 6.547636 -1.6460862
2.0698829 6.5994778 -1.6460885
1.9101367 6.647449 -1.6460822
1.0426562 3.9885767 -0.98114449
0.84011716 3.991394 -0.97072983
0.55445313 4.0791521 -0.97972912
0.35546875 4.0819135 -0.97513646
0.25654295 4.0832891 -0.97370338
0.059277341 4.0860271 -0.97254127
-0.13796875 4.0887651 -0.97364438
-0.33611327 4.0915117 -0.97702473
-0.53613281 4.0942841 -0.98272294
-0.63712889 4.0956841 -0.98646027
-0.84171873 4.098516 -0.99577141
-0.94562501 4.0999556 -1.0013714
-1.0507226 4.101408 -1.0076241
-1.3750196 4.1058955 -1.0305096
-1.486621 4.1074381 -1.0395957
-1.6002929 4.1090107 -1.0494589
-1.9555858 4.1139202 -1.0840713
-2.0795312 4.1156306 -1.0974234
-2.2066209 4.1173844 -1.1117619
-2.4714649 4.1210394 -1.143634
-2.6098437 4.1229496 -1.1612979
-3.2116406 4.131248 -1.2453628
-3.7271483 4.1383514 -1.3254652
-3.9143748 4.1409307 -1.3561399
-4.2202539 4.053731 -1.3926752
-4.9963083 4.148201 -1.5455064
-5.7195506 3.8831346 -1.6453128
-5.8115821 3.7440894 -1.6453201
-5.9002147 3.6028569 -1.6453271
-5.9853711 3.4595342 -1.6453338
-6.2198825 3.0178051 -1.6453525
-6.4817772 2.4046686 -1.6453733
-6.6906443 2.300199 -1.6838341
-7.3872657 1.5786988 -1.7978445
-7.4821091 1.0405322 -1.7978524
-7.5050583 0.8597821 -1.7978543
-7.5235934 0.67854124 -1.797856
-7.5377536 0.49689451 -1.7978572
-7.5529685 0.13285217 -1.7978587
-7.5540037 -0.049324948 -1.797859
-7.5506248 -0.23149413 -1.7978588
-7.514082 -0.77673584 -1.7978566
-7.4931445 -0.9577325 -1.797855
-7.3234763 -1.8521997 -1.7978426
-7.2256446 -2.2031615 -1.7978354
-7.1109567 -2.5489981 -1.7978268
-7.0474024 -2.7197309 -1.7978219
-6.6689258 -3.5477452 -1.7977933
-6.5814061 -3.7075219 -1.7977865
-6.4900193 -3.8651605 -1.7977797
-6.2960544 -4.1735687 -1.7977649
-6.1935544 -4.3241673 -1.7977569
-5.8646679 -4.7605405 -1.7977318
-5.7481251 -4.9005671 -1.7977229
-5.628242 -5.037746 -1.7977136
-5.5050778 -5.1719732 -1.7977041
-5.1166992 -5.5563383 -1.7976744
-4.5575585 -6.0232272 -1.7976314
-4.410996 -6.1313386 -1.7976201
-3.9560935 -6.4340653 -1.7975848
-3.7997656 -6.5275488 -1.7975727
-3.6411912 -6.6172466 -1.7975606
-3.4805079 -6.7030878 -1.7975482
-3.317832 -6.7850327 -1.7975355
-3.1532617 -6.8630242 -1.7975229
-1.7785937 -7.3398795 -1.7974163
-1.6010156 -7.3805881 -1.7974026
-1.4225781 -7.4169908 -1.7973887
-1.0632617 -7.4768429 -1.7973608
-0.88263673 -7.5002575 -1.7973467
-0.70150387 -7.5193038 -1.7973328
-0.33814451 -7.5442605 -1.7973045
0.026035156 -7.5516734 -1.7972763
0.20816405 -7.5487943 -1.7972621
0.57189453 -7.5298553 -1.7972337
0.9343164 -7.4934106 -1.7972054
1.1147461 -7.4686365 -1.7971914
1.2944921 -7.4395227 -1.7971774
2.005039 -7.2800217 -1.797122
2.3537109 -7.1747646 -1.7970948
2.5260351 -7.1158729 -1.7970815
2.8661523 -6.9857144 -1.7970549
3.0337694 -6.9144745 -1.7970418
3.1996484 -6.8392515 -1.7970288
3.3635936 -6.7600546 -1.7970159
3.5256445 -6.6769266 -1.7970033
3.8434179 -6.499063 -1.7969785
3.9989843 -6.4044414 -1.7969662
4.7402735 -5.8766575 -1.796908
4.8805857 -5.7605987 -1.7968971
5.018086 -5.6411839 -1.7968862
5.1526365 -5.5185027 -1.7968757
5.2841797 -5.3925924 -1.7968653
5.5380273 -5.1314745 -1.7968453
5.8943748 -4.7176218 -1.7968173
6.0064259 -4.5740685 -1.7968085
6.3212891 -4.1278338 -1.7967836
6.4189453 -3.9741638 -1.7967759
6.603086 -3.6599956 -1.7967613
6.6893749 -3.4996841 -1.7967544
6.9952927 -2.8390207 -1.79673
7.0617185 -2.6694806 -1.7967247
3.1691015 -0.85986018 -0.78150403
3.1653321 -0.77738649 -0.77572447
7.3727341 -1.6232263 -1.7966996
7.4097266 -1.444941 -1.7966965
7.4947848 -0.90549439 -1.7966894
7.5144138 -0.72447324 -1.7966877
7.5406051 -0.36129698 -1.7966855
7.5469918 0.18477112 -1.7966844
7.5138865 0.72988892 -1.7966865
7.4941015 0.9108783 -1.7966878
7.4699802 1.0913519 -1.7966895
7.3716016 1.6285211 -1.7966968
3.1654491 0.77983212 -0.7758885
3.1734374 0.94624573 -0.78812152
7.1221676 2.5035272 -1.7967154
7.0597849 2.6745574 -1.79672
6.922617 3.0118756 -1.7967305
6.8480077 3.1779637 -1.7967361
6.7693944 3.3421924 -1.7967421
6.6868553 3.5044928 -1.7967483
6.60041 3.6647406 -1.7967548
6.5101562 3.8228753 -1.7967618
6.4160743 3.9787743 -1.7967689
6.3182812 4.13237 -1.7967764
6.216836 4.2835503 -1.7967842
5.5934763 4.0564237 -1.6444328
5.3914452 4.3214555 -1.6444484
5.2856836 4.4502387 -1.6444564
5.1768556 4.5764337 -1.6444649
5.064961 4.6999774 -1.6444734
4.8325391 4.938786 -1.6444912
4.7120504 5.0539265 -1.6445005
4.5888281 5.1661186 -1.64451
4.4629102 5.2753153 -1.6445196
4.3344336 5.3814411 -1.6445296
3.5981445 4.9369364 -1.4539185
3.4867773 5.034853 -1.4575626
3.5136132 5.9511347 -1.6447746
3.2231836 6.1148005 -1.6450896
3.075078 6.1913347 -1.6452459
2.6201758 6.3992448 -1.6457083
0.79128903 3.9920726 -0.96856153
-5.6546288 2.7356713 -1.6453089
-5.7189841 2.5985107 -1.6453139
-6.18291 2.285882 -1.7265935
-6.5451169 2.0669353 -1.7977786
-6.6774607 1.5883697 -1.7977892
-6.7138281 1.4268744 -1.7977923
-6.7748437 1.1014831 -1.7977973
-6.7994332 0.93777955 -1.7977993
-6.8581834 0.27846131 -1.7978045
-6.8628902 0.11298157 -1.797805
-6.8603711 -0.21806884 -1.7978052
-6.8418555 -0.54861325 -1.7978041
-6.8266406 -0.7134558 -1.797803
-6.8074217 -0.87788081 -1.7978016
-6.784277 -1.041795 -1.7977999
-6.4585156 -2.3233469 -1.7977759
-6.3389454 -2.6320517 -1.7977668
-6.2046094 -2.934633 -1.7977567
-6.132031 -3.083405 -1.7977511
-5.806406 -3.6596892 -1.7977263
-5.7164645 -3.7986374 -1.7977194
-5.3238864 -4.3315415 -1.7976893
-4.9967575 -4.7050238 -1.7976643
-4.8817773 -4.8241382 -1.7976555
-4.7640038 -4.9404349 -1.7976463
-4.6434765 -5.0538654 -1.7976371
-4.5201755 -5.1643567 -1.7976276
-4.3943357 -5.2718382 -1.7976179
-4.1349998 -5.4775352 -1.7975979
-4.0016208 -5.5756254 -1.7975878
-3.8659961 -5.6704731 -1.7975771
-3.4458592 -5.935019 -1.7975448
-3.3017383 -6.0163565 -1.7975336
-3.0077538 -6.1684899 -1.797511
-2.0866797 -6.5374975 -1.7974396
-1.6086133 -6.6711063 -1.7974025
-1.447207 -6.7079129 -1.79739
-1.2850586 -6.7408175 -1.7973775
-1.1220703 -6.769804 -1.7973647
-0.95847654 -6.7948418 -1.7973521
-0.79431641 -6.8159389 -1.7973393
-0.46474609 -6.8462119 -1.7973138
-0.2995117 -6.8553791 -1.7973008
0.03140625 -6.8617539 -1.7972752
0.3622461 -6.8521647 -1.7972494
0.85662109 -6.8079014 -1.7972109
1.0205663 -6.7852178 -1.7971982
1.5083789 -6.6935449 -1.7971601
1.6693358 -6.6551738 -1.7971476
1.8293555 -6.6129336 -1.7971351
1.9882812 -6.5668511 -1.7971227
2.1460547 -6.5169463 -1.7971104
2.4577734 -6.4058013 -1.7970861
2.6115234 -6.3446269 -1.7970741
2.7637305 -6.2797618 -1.7970622
2.914336 -6.2112479 -1.7970505
3.2104297 -6.0634117 -1.7970272
3.3557031 -5.9841967 -1.7970158
3.4990039 -5.9014807 -1.7970047
3.7794726 -5.7258635 -1.7969826
4.0511131 -5.5368714 -1.7969613
4.3133006 -5.3350306 -1.7969409
4.4407225 -5.2294312 -1.7969308
4.9237108 -4.7772684 -1.7968928
5.2560935 -4.4087534 -1.7968668
5.560957 -4.0171914 -1.7968426
5.6561913 -3.8819005 -1.7968352
5.7481637 -3.74435 -1.7968278
5.8367968 -3.6046245 -1.7968208
6.0820312 -3.1731982 -1.7968014
2.5667772 -1.1854086 -0.74052906
2.6129296 -0.98438781 -0.73134542
2.6263084 -0.91773373 -0.72868317
2.638711 -0.85123837 -0.72621578
2.6501367 -0.78489012 -0.72394139
2.8601367 -0.77256405 -0.77598661
6.7345114 -1.3053885 -1.7967489
6.7640038 -1.1425952 -1.7967465
6.7895899 -0.97914058 -1.7967443
6.8288865 -0.65061522 -1.796741
6.8425779 -0.48573729 -1.7967398
6.8523045 -0.32057983 -1.7967389
6.8598046 0.010202026 -1.7967381
6.8513083 0.34095946 -1.7967384
6.7866211 0.99932981 -1.7967428
6.7605662 1.1627105 -1.7967447
6.69666 1.4873456 -1.7967494
3.2273436 0.79893738 -0.87083352
2.6372461 0.8594293 -0.72650975
2.6112108 0.99261653 -0.73168725
2.5967188 1.0594604 -0.73457187
6.1476951 3.0438812 -1.7967907
5.9938474 3.3367987 -1.7968023
5.9116406 3.4803905 -1.7968086
5.8260155 3.6219542 -1.7968152
5.7369919 3.7614136 -1.7968221
5.1659765 3.5680957 -1.6444665
5.0784373 3.6916564 -1.6444732
4.9879489 3.8130705 -1.6444802
4.3860936 4.4926419 -1.6445264
4.0498633 4.7980461 -1.6445522
3.9330273 4.8943439 -1.6445613
3.6962891 4.8340411 -1.5938751
3.3351953 5.0856376 -1.5929446
2.9222069 5.5589886 -1.6449445
2.7875195 5.6283293 -1.6450865
2.2331641 5.8726521 -1.6456438
2.0909569 5.9248748 -1.6456667
1.9474218 5.9735746 -1.6456643
1.8028125 6.0187821 -1.6456596
1.0903906 3.9878509 -1.0828344
0.68728513 3.9934576 -1.0613391
0.5010156 4.0798335 -1.0766132
0.40156248 4.0812125 -1.0741094
0.30248046 4.0825911 -1.0722388
0.0065429686 4.0866985 -1.0703853
-0.092070311 4.0880656 -1.071014
-0.19083984 4.0894365 -1.0722678
-0.28992188 4.0908098 -1.0741484
-0.59003907 4.0949674 -1.0836284
-1.2148046 4.1036162 -1.1209255
-1.6619922 4.1097965 -1.1611243
-2.1470897 4.1164923 -1.2160413
-2.6856055 4.123919 -1.2889926
-2.9812694 4.127995 -1.3336978
-3.6428125 4.137105 -1.4437977
-4.0181446 4.1422734 -1.5115376
-4.332324 4.0551825 -1.5542626
-4.7874804 4.0663471 -1.6452402
-4.8841796 3.9497278 -1.6452478
-4.9780664 3.8308098 -1.6452551
-5.2420311 3.4609509 -1.645276
-5.3240232 3.33354 -1.6452825
-5.4785938 3.0729687 -1.6452948
-5.5511327 2.9399579 -1.6453005
-5.6864648 2.6688836 -1.6453112
-5.7491794 2.5309808 -1.6453162
-5.9734764 2.2926347 -1.6758821
-6.3948827 2.2790027 -1.7781674
-6.5191016 2.1475432 -1.7977765
-6.568984 1.9897064 -1.7977805
-6.6573434 1.6706555 -1.7977878
-6.7301755 1.3477063 -1.7977937
-6.7607031 1.1850097 -1.7977961
-6.7873435 1.0216217 -1.7977984
-6.8100195 0.85763854 -1.7978003
-6.8287301 0.69315553 -1.797802
-6.8609567 0.19767334 -1.7978048
-6.86375 0.032147825 -1.7978052
-6.8625388 -0.13338806 -1.7978053
-6.8573241 -0.29884642 -1.797805
-6.8177733 -0.79380065 -1.7978024
-6.7966208 -0.9579919 -1.7978009
-6.7715235 -1.1216204 -1.797799
-6.7425194 -1.2845995 -1.7977968
-6.6319723 -1.7686688 -1.7977889
-6.4307032 -2.3992493 -1.7977737
-6.1696286 -3.0075009 -1.7977538
-6.095293 -3.1554022 -1.7977482
-5.7629099 -3.7278116 -1.7977229
-5.6713281 -3.8656902 -1.797716
-5.5764256 -4.0013199 -1.7977087
-5.4783006 -4.134624 -1.7977012
-5.2724805 -4.3939342 -1.7976854
-4.9409571 -4.7635388 -1.79766
-4.8246288 -4.8812842 -1.7976511
-4.7054882 -4.9961905 -1.7976419
-4.5836134 -5.1081901 -1.7976325
-4.459043 -5.2172217 -1.7976229
-4.3319139 -5.3232102 -1.797613
-4.2022657 -5.4261036 -1.7976031
-3.6599803 -5.8055124 -1.7975613
-3.518867 -5.8920822 -1.7975503
-3.3757422 -5.9751725 -1.7975394
-2.9349022 -6.203465 -1.7975053
-2.3236523 -6.4571519 -1.7974581
-2.1672461 -6.5112677 -1.7974458
-2.0095704 -6.5615916 -1.7974336
-1.6908008 -6.6507702 -1.7974088
-1.368125 -6.7244706 -1.7973838
-1.0422461 -6.7825236 -1.7973586
-0.87839842 -6.8056388 -1.7973459
-0.54921871 -6.8399835 -1.7973204
-0.38408202 -6.8511896 -1.7973074
-0.21873046 -6.8584123 -1.7972946
-0.053281248 -6.8616405 -1.7972817
0.44291013 -6.8473945 -1.7972431
0.60789061 -6.8346786 -1.7972304
1.2633984 -6.7441516 -1.7971792
1.5870702 -6.6752915 -1.7971541
1.7475781 -6.6350293 -1.7971416
2.0654688 -6.5429602 -1.7971166
2.378535 -6.4356689 -1.7970922
2.5330272 -6.3763556 -1.7970802
2.6860156 -6.3134131 -1.7970682
2.8374803 -6.2467575 -1.7970564
2.9872851 -6.1764703 -1.7970446
3.135371 -6.1025834 -1.7970331
3.708535 -5.7720599 -1.7969881
3.8466406 -5.6809125 -1.7969774
3.9825194 -5.5864568 -1.7969668
4.2471876 -5.3878698 -1.796946
4.3758397 -5.2838464 -1.7969358
4.7463083 -4.9535985 -1.7969068
4.9796095 -4.7189341 -1.7968884
5.0919333 -4.597446 -1.7968795
5.2012892 -4.4732904 -1.7968709
5.3076367 -4.3465333 -1.7968626
5.5109763 -4.085515 -1.7968466
5.7015038 -3.8150079 -1.7968315
5.9623632 -3.3928072 -1.7968109
6.0423827 -3.2480173 -1.7968044
2.6056836 -1.0185571 -0.73278409
2.6324804 -0.88524413 -0.72745419
2.6444139 -0.81882203 -0.72508132
2.7260547 -0.77256405 -0.74213707
3.2249022 -0.74802673 -0.86710584
6.7493944 -1.2259808 -1.7967477
6.7769723 -1.0628515 -1.7967454
6.8006835 -0.89910579 -1.7967434
6.8203516 -0.73483884 -1.7967417
6.8360543 -0.57014036 -1.7967404
6.8478513 -0.40511718 -1.7967393
6.859199 0.090991817 -1.7967379
6.8468356 0.42162657 -1.7967387
6.7464256 1.2422491 -1.7967458
6.7145309 1.4045886 -1.796748
3.229414 0.8399322 -0.87399876
2.701211 0.7725665 -0.73588139
2.618242 0.95848262 -0.73028809
2.5892577 1.0921692 -0.73605305
6.184824 2.9677832 -1.7967879
5.9541211 3.4071648 -1.7968054
5.209609 3.5040729 -1.6444632
5.0346484 3.7512207 -1.6444765
4.9427342 3.871563 -1.6444836
4.847949 3.989655 -1.644491
4.7503514 4.1054301 -1.6444983
4.649961 4.2188139 -1.644506
4.5468946 4.3297477 -1.644514
4.332871 4.5439997 -1.6445304
3.9931054 4.8454242 -1.6445565
3.8751366 4.9403372 -1.6445657
3.3976953 5.0440788 -1.5929397
3.2788866 5.1305509 -1.5948054
2.9904492 5.522254 -1.6448716
2.8566601 5.593255 -1.645014
2.7211523 5.6610088 -1.6451554
2.5840819 5.7254629 -1.645296
2.3053906 5.8444023 -1.6455737
1.7318164 6.0395803 -1.6456563
1.0402539 3.9885485 -1.079622
0.93847656 3.989964 -1.0735649
0.83775389 3.9913647 -1.0681934
0.73800778 3.9927533 -1.063491
0.65242183 4.0777278 -1.0816188
0.55210936 4.079123 -1.0781415
0.45240232 4.0805073 -1.0753105
0.15554687 4.0846295 -1.0706177
0.056972656 4.0859981 -1.0703048
-0.63947266 4.0956526 -1.0857273
-0.74132812 4.0970635 -1.0905252
-0.84414059 4.0984869 -1.0960052
-1.159707 4.1028547 -1.1167234
-1.4892187 4.107409 -1.1443421
-1.7189062 4.1105814 -1.1669856
-1.8373046 4.1122174 -1.1796905
-1.9583983 4.1138883 -1.1933757
-2.0824413 4.1156011 -1.208094
-2.2096093 4.1173539 -1.2239001
-3.3802733 4.1334906 -1.3985764
-3.5520701 4.1358576 -1.4279536
-3.7313476 4.1383243 -1.4594595
-4.1041212 4.1323919 -1.5254637
-4.2249999 4.0537076 -1.5335929
-4.7369337 4.125114 -1.6452361
-4.8350782 4.0096927 -1.6452438
-4.9303708 3.8919444 -1.6452514
-5.1989255 3.5253735 -1.6452726
-5.5853906 2.8743792 -1.6453032
-5.6530857 2.7388556 -1.6453086
-5.7175193 2.6017358 -1.6453137
-6.4920702 2.2278266 -1.7977743
-6.5920115 1.912207 -1.7977824
-6.6362305 1.7526776 -1.7977859
-6.7130075 1.4306543 -1.7977922
-6.8196287 0.77736813 -1.7978011
-6.8363867 0.61267513 -1.7978026
-6.8492184 0.44762939 -1.7978038
-6.858027 0.28232726 -1.7978045
-6.8628125 0.11685363 -1.797805
-6.8604488 -0.2141986 -1.7978052
-6.8533006 -0.37958923 -1.7978048
-6.8421483 -0.54475462 -1.7978041
-6.8270311 -0.70960569 -1.797803
-6.7848825 -1.0379694 -1.7977999
-6.7578712 -1.2012893 -1.7977982
-6.69207 -1.5257473 -1.7977933
-6.6532617 -1.6866909 -1.7977903
-6.4598241 -2.3197045 -1.7977759
-6.4019723 -2.4748132 -1.7977716
-6.3404684 -2.6284835 -1.7977668
-6.2751951 -2.780618 -1.7977619
-6.0576758 -3.2269678 -1.7977455
-5.808496 -3.6564167 -1.7977264
-5.4291992 -4.1988468 -1.7976974
-5.3263278 -4.3285403 -1.7976894
-4.0047655 -5.5733705 -1.7975879
-3.869199 -5.668303 -1.7975775
-3.5913477 -5.8482041 -1.7975559
-3.4491992 -5.9330773 -1.797545
-3.3050976 -6.0144982 -1.7975339
-2.7103319 -6.30474 -1.7974879
-2.2474217 -6.4840488 -1.7974521
-2.0903711 -6.5363212 -1.7974398
-1.4510156 -6.7070966 -1.7973902
-1.1258789 -6.7691708 -1.7973651
-0.9623242 -6.7943015 -1.7973524
-0.6335547 -6.8327084 -1.7973269
-0.46861327 -6.8459501 -1.7973142
-0.30333984 -6.855216 -1.7973012
0.027539061 -6.8617711 -1.7972755
0.52351564 -6.84168 -1.7972369
0.68835938 -6.8270206 -1.797224
1.0167383 -6.7857909 -1.7971984
1.1800586 -6.7592511 -1.7971858
1.3427343 -6.7287798 -1.7971731
1.6655859 -6.6561117 -1.797148
1.8256054 -6.613966 -1.7971355
1.9845703 -6.5679698 -1.7971231
2.1423829 -6.5181613 -1.7971107
2.2989256 -6.4645419 -1.7970985
2.4541407 -6.407186 -1.7970862
2.6079102 -6.3460984 -1.7970744
2.7602148 -6.2813187 -1.7970625
3.0598242 -6.1407952 -1.797039
3.495703 -5.9034472 -1.7970049
3.7762499 -5.7279806 -1.796983
5.0348043 -4.6599531 -1.7968841
5.1457224 -4.5371475 -1.7968755
5.253613 -4.4117179 -1.7968669
5.5587106 -4.0203328 -1.7968428
5.7460742 -3.7475946 -1.7968279
5.9200001 -3.466141 -1.7968142
6.0018554 -3.3223462 -1.7968076
6.080195 -3.1766312 -1.7968016
6.1550584 -3.0290616 -1.7967955
2.5663671 -1.1869833 -0.74060792
2.5982032 -1.0527759 -0.73427469
2.612617 -0.98594666 -0.73141015
2.6384375 -0.85279053 -0.72627145
3.2269335 -0.79058897 -0.87020606
6.7890429 -0.98297298 -1.7967443
6.8107224 -0.81895018 -1.7967426
6.8285351 -0.6544714 -1.796741
6.8598046 0.006328735 -1.7967381
6.8414254 0.50223386 -1.796739
6.809238 0.83153135 -1.7967411
6.787168 0.99549866 -1.7967428
6.6974998 1.4835699 -1.7967494
2.8329883 0.7725659 -0.76912588
2.6375 0.85787839 -0.7264536
2.6115429 0.99105895 -0.73162228
2.5815625 1.1249194 -0.73758245
6.2209568 2.8912163 -1.7967851
5.9957032 3.3334227 -1.7968022
5.9135742 3.4770532 -1.7968085
5.8280663 3.6186621 -1.796815
5.1680274 3.5651805 -1.6444664
4.7016406 4.161098 -1.644502
4.5999999 4.2732878 -1.6445098
4.495625 4.3830085 -1.6445179
4.1670508 4.6966071 -1.6445433
3.7020311 4.8358965 -1.5951737
3.5792577 4.9168315 -1.5929258
3.3380663 5.0837555 -1.5929445
3.2235546 5.1773357 -1.5974362
3.1893554 5.4088554 -1.644655
3.0582616 5.4846845 -1.6447985
2.9253321 5.5573235 -1.6449412
2.7906835 5.6267424 -1.6450833
2.5165625 5.7557392 -1.6453642
2.2365038 5.8713799 -1.6456407
2.0942578 5.923697 -1.6456667
1.9508008 5.9724751 -1.6456645
1.092793 3.9878154 -1.082992
0.99041015 3.9892418 -1.076578
0.60335934 4.0784087 -1.0798386
0.50335938 4.0797992 -1.0766793
0.40388671 4.081181 -1.0741603
0.20601562 4.0839286 -1.0710191
0.10740234 4.0852971 -1.0703871
0.0088476557 4.0866656 -1.0703779
-0.089765623 4.0880342 -1.0709926
-0.18853515 4.0894046 -1.0722311
-0.28759766 4.0907779 -1.0740974
-0.38705078 4.0921564 -1.0765982
-0.5876953 4.0949359 -1.0835321
-0.68910158 4.0963407 -1.087986
-0.89472651 4.0991864 -1.0989344
-1.4318359 4.1066155 -1.1391109
-1.8960937 4.113029 -1.1862477
-2.1441209 4.1164532 -1.2156724
-2.405371 4.1200566 -1.2495739
-2.8274803 4.1258759 -1.3100612
-3.1333983 4.1300907 -1.3578504
-3.2950585 4.1323185 -1.3843127
-3.8217969 4.1395698 -1.4756727
-4.0135546 4.14221 -1.5106893
-4.1204882 4.0522685 -1.5136933
-4.3273435 4.0551143 -1.5533012
-4.7852149 4.069047 -1.6452399
-5.1549802 3.5892565 -1.6452692
-5.6849608 2.6720946 -1.6453111
-5.7477145 2.5342193 -1.6453161
-5.8072267 2.3948815 -1.645321
-5.9642577 2.2929332 -1.6736435
-6.3844137 2.2793419 -1.775619
-6.51791 2.1512158 -1.7977765
-6.5679102 1.9934161 -1.7977804
-6.6140819 1.8344373 -1.7977842
-6.6564059 1.6744061 -1.7977875
-6.6948438 1.5133837 -1.7977908
-6.7293944 1.3515003 -1.7977935
-6.8095508 0.86146724 -1.7978003
-6.8283005 0.69700438 -1.7978017
-6.8431835 0.53211975 -1.7978032
-6.8540039 0.36693907 -1.7978041
-6.86375 0.036017455 -1.7978052
-6.8574805 -0.29498228 -1.797805
-6.818203 -0.78996825 -1.7978024
-6.7721677 -1.1178112 -1.797799
-6.710371 -1.4430569 -1.7977946
-6.6735935 -1.6044549 -1.7977918
-6.6329489 -1.7649364 -1.7977889
-6.5400977 -2.0827072 -1.7977819
-6.487988 -2.2398138 -1.797778
-6.3724022 -2.5500374 -1.7977693
-6.0192575 -3.2980752 -1.7977426
-5.8531833 -3.5844524 -1.79773
-5.4806051 -4.1315293 -1.7977014
-5.1675196 -4.5168853 -1.7976774
-5.0570898 -4.6401591 -1.7976689
-4.5864844 -5.1056046 -1.7976327
-4.4619923 -5.2147083 -1.7976232
-3.9388671 -5.6201372 -1.7975829
-3.8021679 -5.7134571 -1.7975723
-3.5222266 -5.8900757 -1.7975507
-3.0871289 -6.1291842 -1.7975171
-2.9383788 -6.2018094 -1.7975055
-2.7879491 -6.270833 -1.7974938
-2.6358788 -6.3362036 -1.7974821
-2.482285 -6.3978858 -1.7974702
-2.327246 -6.4558444 -1.7974582
-2.1708789 -6.5100479 -1.7974461
-1.6945312 -6.6498203 -1.7974092
-1.5336523 -6.6887045 -1.7973967
-0.71787107 -6.8243933 -1.7973334
-0.38792968 -6.8509741 -1.7973077
0.43906248 -6.8476419 -1.7972435
0.93287104 -6.7978435 -1.797205
1.096543 -6.7733231 -1.7971922
1.2595898 -6.7448611 -1.7971796
2.0617774 -6.5441308 -1.797117
2.2189844 -6.492445 -1.7971047
2.5294139 -6.3778067 -1.7970805
2.6824803 -6.3149271 -1.7970685
2.9838085 -6.1781564 -1.797045
3.1319139 -6.1043611 -1.7970333
3.4225781 -5.9461603 -1.7970107
3.5649805 -5.8618641 -1.7969995
3.7052734 -5.7741523 -1.7969885
3.8434179 -5.6831064 -1.7969776
3.9793553 -5.5887022 -1.796967
4.1129103 -5.4910831 -1.7969565
4.2441406 -5.3902631 -1.7969462
4.6226172 -5.0692587 -1.7969165
4.7434959 -4.9562726 -1.7969069
4.8616405 -4.8404212 -1.7968976
5.0893555 -4.6003222 -1.7968799
5.3051562 -4.3495264 -1.7968627
5.5087109 -4.0886283 -1.7968467
5.8768163 -3.5389383 -1.7968175
6.040586 -3.2514229 -1.7968047
2.5745118 -1.1541378 -0.73898613
2.5904295 -1.0870355 -0.73581761
2.6321874 -0.88679504 -0.72751188
2.6441405 -0.82036984 -0.72513443
2.7202148 -0.77256405 -0.74066669
3.2290819 -0.83348328 -0.87349135
3.2249999 -0.7499603 -0.86724281
6.7170701 -1.3921826 -1.7967503
6.7486911 -1.2297909 -1.7967477
6.8001561 -0.90294492 -1.7967434
6.819941 -0.73868406 -1.7967417
6.8357615 -0.57400209 -1.7967404
6.8592577 0.087117918 -1.7967379
6.8470702 0.41776001 -1.7967387
6.7989841 0.91167051 -1.796742
6.747129 1.2384479 -1.7967458
6.7153125 1.4007965 -1.796748
2.6435351 0.82390076 -0.72525603
2.6315429 0.89033872 -0.72764373
2.6046093 1.0236756 -0.73300368
2.5736523 1.1577172 -0.7391603
6.1865039 2.9642823 -1.7967877
6.0363669 3.259165 -1.7967992
5.9560351 3.4038086 -1.7968053
5.8722458 3.5464642 -1.7968116
5.7850389 3.6870685 -1.7968184
5.2115817 3.5011303 -1.6444631
5.1256833 3.6258147 -1.6444696
5.0367384 3.748385 -1.6444764
4.9449024 3.8687804 -1.6444834
4.5493164 4.3271894 -1.6445138
4.3354492 4.5415583 -1.6445303
4.1114454 4.7453752 -1.6445476
3.9958203 4.8431745 -1.6445564
3.6236131 4.8508024 -1.5859026
3.5210936 4.9586601 -1.5929303
3.4005272 5.04216 -1.5929397
3.1255662 5.4462848 -1.6447252
2.9935741 5.5205598 -1.6448684
2.8597851 5.5916252 -1.6450106
2.724375 5.6594524 -1.6451522
2.024375 5.9479446 -1.6456659
1.0426368 3.9885144 -1.0797716
0.65478516 4.0776944 -1.0817071
0.55445313 4.0790887 -1.0782151
0.45470703 4.0804753 -1.0753692
0.15785156 4.0845976 -1.0706326
-0.039277341 4.0873332 -1.0706002
-0.13796875 4.0887027 -1.0715183
-0.23685546 4.0900736 -1.0730644
-0.43580076 4.0928326 -1.0780512
-0.53611326 4.0942216 -1.0815104
-0.73894531 4.0970306 -1.0904056
-0.84171873 4.0984526 -1.0958689
-0.94560546 4.0998917 -1.1020333
-1.0507226 4.1013455 -1.1089141
-1.2652344 4.1043119 -1.1249214
-1.7161719 4.1105452 -1.1666999
-1.9555469 4.1138492 -1.1930447
-2.6098046 4.1228766 -1.2780327
-3.2115819 4.1311674 -1.3705456
-3.3763475 4.1334367 -1.3979138
-3.7270508 4.1382647 -1.4586978
-4.1040626 4.1369829 -1.5263035
-4.7346091 4.1277876 -1.6452359
-4.8328123 4.0124173 -1.6452436
-4.928164 3.8947227 -1.6452513
-5.1103125 3.6525958 -1.6452656
-5.5837302 2.8775303 -1.6453031
-5.7160544 2.6049652 -1.6453137
-6.163281 2.2865174 -1.7218268
-6.4908199 2.2314923 -1.7977742
-6.5427928 2.074306 -1.7977785
-6.6352344 1.7564154 -1.7977859
-6.7122068 1.434436 -1.7977922
-6.7448826 1.2721515 -1.7977949
-6.7735934 1.1091162 -1.7977972
-6.8489256 0.45149046 -1.7978036
-6.8627539 0.12071289 -1.797805
-6.8636718 -0.044819944 -1.7978053
-6.8535352 -0.37572631 -1.7978048
-6.7854295 -1.0341455 -1.7978001
-6.5653319 -2.0018344 -1.7977837
-6.4611325 -2.3160651 -1.797776
-6.3419333 -2.6249056 -1.797767
-6.2767577 -2.7770705 -1.7977622
-6.2079296 -2.927639 -1.7977569
-6.0595117 -3.2235544 -1.7977456
-5.9799805 -3.3687301 -1.7977395
-5.8105273 -3.6531396 -1.7977265
-5.7207227 -3.7921944 -1.7977197
-5.4316015 -4.1957841 -1.7976975
-5.2228708 -4.4527717 -1.7976816
-5.0020704 -4.6993866 -1.7976646
-4.8872461 -4.818634 -1.7976559
-4.5260348 -5.1592541 -1.7976279
-4.4002733 -5.266881 -1.7976184
-4.1411328 -5.4728723 -1.7975984
-4.0079103 -5.5711093 -1.7975881
-3.8723826 -5.666121 -1.7975776
-3.5946288 -5.8461814 -1.7975563
-3.4525976 -5.9311318 -1.7975453
-3.162539 -6.0906363 -1.7975229
-2.8651366 -6.2359643 -1.7974998
-2.7138672 -6.3032107 -1.7974882
-2.5610938 -6.3667831 -1.7974763
-2.2510741 -6.4827824 -1.7974523
-2.0940626 -6.5351458 -1.7974402
-1.9358398 -6.5836964 -1.7974279
-1.7764844 -6.628427 -1.7974156
-1.6160938 -6.6692924 -1.7974031
-1.2926172 -6.7393703 -1.7973781
-1.1296874 -6.7685375 -1.7973654
-0.80199218 -6.8150401 -1.7973399
-0.63742185 -6.8323507 -1.797327
-0.47246093 -6.8456864 -1.7973143
-0.30724609 -6.8550425 -1.7973014
0.023671875 -6.8617868 -1.7972758
0.18912108 -6.8591728 -1.7972628
0.51962888 -6.8419747 -1.7972372
1.0129297 -6.7863641 -1.7971988
1.3389062 -6.7295346 -1.7971734
1.5008203 -6.6952429 -1.7971607
1.6618555 -6.6570549 -1.7971482
2.1386719 -6.5193663 -1.797111
2.2952929 -6.4658337 -1.7970988
2.4505272 -6.4085722 -1.7970866
2.6043553 -6.347568 -1.7970746
3.0563672 -6.1425495 -1.7970393
3.2036133 -6.0670309 -1.7970277
3.4923632 -5.9054208 -1.7970052
3.6337304 -5.8194556 -1.7969941
3.9100585 -5.6374073 -1.7969725
4.434824 -5.2344341 -1.7969313
4.6820116 -5.0144567 -1.7969118
4.9182811 -4.7828169 -1.7968932
5.2511325 -4.4146709 -1.796867
5.4577928 -4.1562996 -1.7968507
5.5564451 -4.0234637 -1.7968429
5.9180665 -3.4694726 -1.7968144
6 -3.3257232 -1.7968078
6.1533203 -3.0325201 -1.7967956
2.5659766 -1.1885529 -0.74068671
2.5978515 -1.0543365 -0.73434377
2.8473632 -0.77256471 -0.77275914
6.733027 -1.3129752 -1.7967491
6.7885156 -0.98679078 -1.7967445
6.8102732 -0.8227948 -1.7967427
6.8519139 -0.32829773 -1.796739
6.8577538 0.16789672 -1.7967381
6.8517184 0.33323607 -1.7967384
6.8416991 0.49836975 -1.796739
6.8096676 0.82768917 -1.7967411
6.7877731 0.99167907 -1.7967427
6.73207 1.3178253 -1.7967467
2.6493163 0.7899664 -0.72410882
2.6253319 0.92283201 -0.72887999
2.6118751 0.98949641 -0.73155713
2.5974023 1.0563343 -0.73443276
2.5819335 1.123349 -0.73750806
6.1511521 3.0369458 -1.7967905
5.9155664 3.473726 -1.7968082
5.8300977 3.6153831 -1.7968148
5.1700196 3.5622723 -1.6444662
4.6024022 4.2706962 -1.6445097
4.498086 4.3804779 -1.6445178
3.7077734 4.8377566 -1.596477
3.4624803 4.999794 -1.5929348
2.928457 5.5556693 -1.644938
2.6576366 5.6913872 -1.6452209
2.5197852 5.7543097 -1.6453608
2.3805077 5.8138995 -1.6454998
2.2398241 5.8701053 -1.6456375
1.9541992 5.9713688 -1.6456645
1.8096288 6.0167451 -1.6456599
0.89152342 3.990617 -1.0709833
0.79126954 3.9920115 -1.0659254
0.69189453 3.9933941 -1.0615286
-5.8929296 2.1786621 -1.7977278
-5.9910936 1.8919879 -1.7977357
-6.0350389 1.746958 -1.7977393
-6.1122656 1.4539294 -1.7977455
-6.201406 1.008255 -1.7977529
-6.2428122 0.70805848 -1.7977563
-6.2580857 0.55729735 -1.7977576
-6.2776756 0.25489256 -1.7977594
-6.281992 0.10341796 -1.7977598
-6.2826757 -0.04810974 -1.7977601
-6.2627735 -0.50217712 -1.7977589
-6.2488084 -0.65306699 -1.797758
-6.2100587 -0.95361632 -1.7977552
-6.1568165 -1.2519485 -1.7977514
-6.1248436 -1.4000598 -1.797749
-6.0501952 -1.6937585 -1.7977434
-6.0075974 -1.8391665 -1.7977403
-5.9614649 -1.9835113 -1.7977368
-5.8588476 -2.2686455 -1.7977291
-5.2326756 -3.4771326 -1.7976816
-5.0588474 -3.725368 -1.7976682
-4.8733201 -3.9649389 -1.7976539
-4.4686327 -4.4158478 -1.7976229
-4.3608203 -4.5223069 -1.7976147
-4.2504687 -4.6261396 -1.7976061
-4.1376367 -4.7272749 -1.7975974
-3.9048436 -4.9212394 -1.7975794
-3.7849998 -5.0139585 -1.7975703
-3.1542578 -5.4327378 -1.7975216
-3.022285 -5.5072021 -1.7975115
-2.8885937 -5.5784531 -1.7975011
-2.4777148 -5.7725816 -1.7974693
-1.6192968 -6.0693212 -1.7974027
-1.4724609 -6.1065745 -1.7973914
-1.324746 -6.1402674 -1.79738
-1.0271289 -6.1969261 -1.7973568
-0.72712886 -6.2391653 -1.7973336
-0.27414063 -6.2752848 -1.7972984
0.78416014 -6.2318492 -1.7972159
0.93419921 -6.2110863 -1.7972044
1.2325976 -6.1587362 -1.797181
1.5280859 -6.092063 -1.7971581
1.9644727 -5.965538 -1.797124
2.2498047 -5.8638086 -1.7971017
2.6677735 -5.6857166 -1.7970691
2.9388084 -5.550396 -1.7970479
3.0717773 -5.4778862 -1.7970375
3.2029881 -5.4021735 -1.7970272
3.332324 -5.3233299 -1.7970172
3.9483984 -4.8836732 -1.7969688
4.4004102 -4.4805427 -1.7969333
4.5071287 -4.3730993 -1.7969248
4.6112499 -4.2631159 -1.7969167
4.7126951 -4.1506457 -1.7969087
4.8114452 -4.035769 -1.7969009
4.9073629 -3.9185452 -1.7968935
5.000371 -3.7990501 -1.796886
5.090488 -3.6773381 -1.7968789
5.1776953 -3.5534952 -1.796872
5.4209766 -3.169852 -1.7968527
5.4958396 -3.0381832 -1.7968469
5.6359177 -2.7696316 -1.7968358
2.6085351 -0.77256471 -0.7784428
3.2575195 -0.79613525 -0.9595288
6.1647849 -1.1949573 -1.7967932
6.2350388 -0.74615657 -1.7967873
6.272656 -0.29345948 -1.796784
6.2778711 -0.14210083 -1.7967834
6.277422 0.16077514 -1.7967831
6.2717576 0.31211546 -1.7967834
6.2493553 0.61416686 -1.7967849
6.1612306 1.2132868 -1.7967912
3.2575195 0.72350526 -0.95480746
3.2575195 0.80640805 -0.96022993
5.5588474 2.9212921 -1.7968365
5.3331251 3.3155432 -1.7968538
4.7289453 3.2662389 -1.6445009
4.6488476 3.3793504 -1.6445069
4.0149999 4.1125555 -1.6445556
3.9147069 4.2082047 -1.6445632
3.6003125 4.480269 -1.6445875
3.2670116 4.7288885 -1.6446131
3.1520507 4.8063288 -1.644622
3.0352538 4.8809724 -1.644631
2.9166601 4.9527802 -1.6446402
2.7964451 5.0218205 -1.6446856
2.6747265 5.0881925 -1.6448164
2.30041 5.2694817 -1.6452034
2.1728125 5.32376 -1.6453053
2.0438085 5.3746161 -1.6453078
1.7822851 5.4669061 -1.6453058
0.88679683 3.9906206 -1.1696923
0.78658199 3.9920142 -1.164201
0.60099608 4.0783796 -1.1795532
0.5010156 4.0797696 -1.1761172
0.30248046 4.0825272 -1.1713389
-0.092050776 4.0880022 -1.1700008
-0.28990233 4.0907464 -1.1734252
-0.389375 4.0921245 -1.1761733
-0.59003907 4.0949039 -1.1837808
-0.79378903 4.0977249 -1.1942834
-1.2147851 4.1035504 -1.2245246
-1.3237109 4.1050544 -1.2341444
-1.4344336 4.1065836 -1.2446452
-1.6619531 4.1097269 -1.2684381
-1.8989062 4.1129985 -1.2962312
-2.0214453 4.1146879 -1.3117518
-2.1470506 4.1164212 -1.3284299
-2.2759569 4.1181989 -1.3463303
-2.408457 4.1200261 -1.3655255
-2.5449023 4.1219058 -1.3860931
-2.6855664 4.1238432 -1.4081211
-2.8308594 4.1258464 -1.4317063
-3.4672265 4.1346064 -1.5439725
-3.6427343 4.1370206 -1.5772308
-3.9025977 4.2222662 -1.6451712
-4.1016798 4.029213 -1.6451869
-4.1977148 3.9291399 -1.6451944
-4.2912302 3.8267767 -1.6452017
-4.3823047 3.7221899 -1.6452088
-4.47084 3.615437 -1.6452159
-4.5567188 3.5065851 -1.6452225
-5.8655663 2.2512145 -1.7977257
-5.9181833 2.1091089 -1.7977297
-5.9673243 1.9657769 -1.7977338
-6.0130272 1.8212969 -1.7977374
-6.0551953 1.6757586 -1.7977409
-6.0938668 1.5292529 -1.7977439
-6.233613 0.78504878 -1.7977556
-6.250742 0.63448608 -1.7977569
-6.2802343 0.18094116 -1.7977597
-6.2816405 -0.122099 -1.7977601
-6.2768946 -0.27355042 -1.7977598
-6.2407031 -0.72661316 -1.7977574
-6.1717968 -1.175867 -1.7977525
-6.0706248 -1.618963 -1.797745
-6.0297852 -1.7648959 -1.797742
-5.9854879 -1.9097952 -1.7977386
-5.8864255 -2.1961746 -1.7977312
-5.3559375 -3.2841005 -1.7976909
-5.2751756 -3.4122975 -1.7976848
-5.191328 -3.5385103 -1.7976784
-5.1044335 -3.662658 -1.7976717
-4.9218554 -3.9045019 -1.7976577
-4.7278318 -4.1372552 -1.7976428
-4.6266794 -4.2500486 -1.797635
-4.5228124 -4.3603745 -1.7976271
-4.4163084 -4.4681587 -1.7976189
-4.3072658 -4.5733433 -1.7976106
-4.1956639 -4.6758685 -1.7976019
-4.0816603 -4.775672 -1.7975932
-3.9653125 -4.8726912 -1.7975842
-3.846621 -4.966876 -1.797575
-3.725703 -5.0581756 -1.7975657
-3.602617 -5.1465259 -1.7975563
-3.3502343 -5.314198 -1.7975367
-3.2210741 -5.393415 -1.7975268
-3.090039 -5.4694963 -1.7975166
-2.9572265 -5.5423942 -1.7975063
-2.8226757 -5.6120672 -1.797496
-2.548789 -5.7415795 -1.7974747
-2.2689648 -5.8577256 -1.7974532
-1.9838085 -5.9602485 -1.7974311
-1.8395116 -6.00632 -1.7974199
-1.5477344 -6.0879545 -1.7973973
-1.4004492 -6.1234665 -1.7973858
-1.1035352 -6.1837983 -1.7973628
-0.95408201 -6.2085743 -1.7973512
-0.80404294 -6.2297373 -1.7973396
-0.50273436 -6.2611804 -1.7973161
-0.35160154 -6.2714405 -1.7973045
0.25414062 -6.2759814 -1.7972573
0.85746092 -6.2221589 -1.7972103
1.0072851 -6.1996336 -1.7971988
1.3049999 -6.1437736 -1.7971755
1.452832 -6.1104755 -1.797164
1.7457422 -6.0332403 -1.7971411
2.0345898 -5.9419713 -1.7971185
2.1773047 -5.8911428 -1.7971073
2.3187108 -5.8368745 -1.7970964
2.4587696 -5.7792392 -1.7970854
2.5974219 -5.7182255 -1.7970746
2.8700976 -5.5862627 -1.7970533
3.0039842 -5.5153947 -1.7970428
3.1360545 -5.4413524 -1.7970325
3.5211914 -5.2002759 -1.7970023
3.6455662 -5.113812 -1.7969927
3.8878319 -4.9320817 -1.7969736
4.2341599 -4.6379957 -1.7969464
4.3447657 -4.5345087 -1.7969377
4.858613 -3.9788127 -1.7968973
5.2191796 -3.4922626 -1.7968687
5.4579296 -3.105783 -1.7968497
5.53125 -2.9732411 -1.796844
3.0000391 -0.77256531 -0.88642883
6.1495895 -1.2709457 -1.7967944
6.2036719 -0.97294003 -1.79679
6.2253513 -0.82304686 -1.7967881
6.2676563 0.38595703 -1.7967837
6.2233591 0.83805233 -1.7967868
6.1757226 1.1371593 -1.7967902
6.1464648 1.2857666 -1.7967924
3.2575195 0.76387084 -0.95737869
2.9703906 0.7725665 -0.87821293
2.701211 0.7725665 -0.8039059
5.5944333 2.8524687 -1.7968339
5.4504294 3.1189251 -1.796845
5.3736525 3.2494738 -1.7968507
5.2937303 3.3781304 -1.7968568
4.4378123 3.6521313 -1.6445231
4.2565818 3.8618999 -1.644537
4.0654688 4.0626874 -1.6445516
3.7611718 4.3460159 -1.6445751
3.5472851 4.5223675 -1.6445917
3.4371874 4.6066241 -1.6446
3.3251171 4.6882 -1.6446087
3.0952344 4.8431292 -1.6446264
2.8580859 4.9867144 -1.6446185
2.7372265 5.0545988 -1.6447495
1.717793 5.4875774 -1.6453234
1.5849999 5.5275006 -1.6453527
1.0402343 3.9884851 -1.179404
0.93843746 3.9899015 -1.1727878
0.83773434 3.991303 -1.1669194
0.65240234 4.0776639 -1.1815847
0.55210936 4.0790582 -1.1777871
0.4523828 4.0804448 -1.1746948
0.35312501 4.0818229 -1.1722978
0.15552734 4.0845671 -1.1695683
0.056972656 4.0859356 -1.1692259
-0.041601561 4.0873041 -1.1695644
-0.43814453 4.092802 -1.1777692
-0.84414059 4.0984235 -1.1973021
-1.159707 4.1027884 -1.2199345
-1.8372852 4.1121464 -1.2887194
-2.9036326 4.1268473 -1.4438214
-3.0566015 4.1289554 -1.469929
-3.2152929 4.1311383 -1.4978842
-4.0516601 4.0795145 -1.645183
-4.1488867 3.9806371 -1.6451906
-4.2436914 3.8794365 -1.645198
-4.3360353 3.7759845 -1.6452054
-4.5130858 3.562542 -1.6452192
-4.7588673 3.2269921 -1.6452386
-4.8353319 3.1112993 -1.6452447
-5.7128515 2.2738848 -1.7593918
-5.9425778 2.0392656 -1.7977318
-6.0340624 1.7503564 -1.797739
-6.0745311 1.6043286 -1.7977424
-6.144824 1.3095605 -1.7977482
-6.1746287 1.1609894 -1.7977507
-6.2008004 1.0117401 -1.7977529
-6.2234178 0.86190671 -1.7977546
-6.2424412 0.71157104 -1.7977563
-6.269453 0.40973938 -1.7977586
-6.2819529 0.1069635 -1.7977598
-6.2827148 -0.044565428 -1.7977601
-6.2630467 -0.49864623 -1.7977589
-6.2316794 -0.80006164 -1.7977568
-6.210566 -0.95011473 -1.7977552
-6.1575193 -1.2484744 -1.7977514
-6.1256442 -1.3966064 -1.7977492
-6.0901561 -1.543926 -1.7977464
-6.0511327 -1.6903476 -1.7977434
-6.0086327 -1.8357824 -1.7977405
-5.9625778 -1.9801525 -1.7977369
-5.2346091 -3.4741845 -1.7976817
-5.0609374 -3.7225158 -1.7976685
-4.6787696 -4.1926374 -1.7976391
-4.5762696 -4.3042364 -1.7976311
-4.4711328 -4.4133315 -1.7976232
-4.0251365 -4.8233995 -1.7975888
-3.9076171 -4.9190412 -1.7975798
-3.7878125 -5.0118246 -1.7975705
-3.6658592 -5.1016855 -1.7975612
-3.4155664 -5.2724748 -1.7975417
-3.2874022 -5.3532681 -1.7975318
-3.1573241 -5.4309602 -1.7975218
-2.8917577 -5.5768237 -1.7975013
-2.7563868 -5.644907 -1.7974908
-2.3410547 -5.8293018 -1.7974588
-2.0572264 -5.9353309 -1.7974368
-1.6227148 -6.0684118 -1.7974031
-1.3282226 -6.1395197 -1.7973802
-0.88085938 -6.2193561 -1.7973455
-0.73062497 -6.2387552 -1.797334
0.63009763 -6.2493429 -1.7972281
0.78062499 -6.2322888 -1.7972163
0.93072265 -6.2116122 -1.7972047
1.2291015 -6.1594291 -1.7971814
1.524668 -6.0929222 -1.7971584
1.9611132 -5.9666486 -1.7971243
2.1044531 -5.9175787 -1.7971132
2.5266602 -5.7498617 -1.7970802
2.8009374 -5.621273 -1.7970587
2.9356639 -5.5520158 -1.7970481
3.1999218 -5.403985 -1.7970273
3.4567578 -5.2433429 -1.7970074
3.5821679 -5.1584287 -1.7969975
3.9456639 -4.885869 -1.7969689
4.176621 -4.6899123 -1.7969509
4.2884765 -4.5878 -1.7969421
4.397871 -4.4830236 -1.7969335
4.6088476 -4.2657127 -1.796917
4.7103515 -4.1532998 -1.7969089
4.905117 -3.9213183 -1.7968936
4.9982615 -3.8018696 -1.7968862
5.3411522 -3.3026886 -1.7968591
5.419199 -3.1729093 -1.7968528
5.4941015 -3.0412819 -1.7968469
5.5658398 -2.9078958 -1.7968413
2.85375 -0.77256405 -0.84595335
3.2575195 -0.79808408 -0.95966077
6.1334176 -1.3467398 -1.7967957
6.1641212 -1.1984386 -1.7967932
6.2147069 -0.89981502 -1.7967891
6.2508593 -0.59910458 -1.7967858
6.2635155 -0.44817749 -1.7967848
6.2724805 -0.29700133 -1.796784
6.2778125 -0.14564086 -1.7967834
6.2719336 0.30857727 -1.7967834
6.2497263 0.61063904 -1.7967849
6.1892576 1.0608618 -1.7967892
6.1618943 1.2098101 -1.7967912
2.8329883 0.7725659 -0.84022456
5.5604687 2.9181578 -1.7968365
5.4884958 3.0514221 -1.796842
5.4133201 3.1829009 -1.7968477
4.8080859 3.1485264 -1.6444948
4.7308006 3.263571 -1.6445007
4.4825196 3.5970781 -1.6445196
4.2108006 3.911762 -1.6445405
4.0173435 4.1102901 -1.6445553
3.8145115 4.299263 -1.6445711
3.3827147 4.64679 -1.6446043
2.7992578 5.0202265 -1.6446825
2.6775975 5.0866752 -1.6448132
1.9166211 5.4211578 -1.645276
1.7853515 5.4658999 -1.6453058
1.6530468 5.5074759 -1.6453379
0.88914061 3.9905877 -1.1698301
0.78892577 3.991981 -1.1643208
0.68957031 3.9933636 -1.1595339
0.60335934 4.0783453 -1.179642
0.40386719 4.0811176 -1.1734378
0.30478516 4.0824957 -1.1713785
0.20601562 4.0838652 -1.1700059
0.10740234 4.0852337 -1.1693158
-0.089746095 4.0879703 -1.1699768
-0.28757811 4.0907145 -1.1733689
-0.38705078 4.092093 -1.1761007
-0.48703125 4.0934782 -1.1795337
-0.79138672 4.0976934 -1.1941437
-0.89472651 4.099123 -1.200502
-1.3211523 4.1050186 -1.2339101
-1.5444726 4.1081047 -1.2557869
-1.7763867 4.1113067 -1.2814877
-1.8960742 4.1129594 -1.2958829
-2.0185547 4.1146479 -1.3113765
-2.5416601 4.1218596 -1.3855973
-2.6822264 4.1237979 -1.407589
-2.8274219 4.1257987 -1.4311373
-2.9776366 4.1278667 -1.4563475
-3.1333399 4.1300116 -1.4833415
-3.2950194 4.1322355 -1.5122498
-3.4632225 4.1345501 -1.5432234
-4.000957 4.1291885 -1.6451789
-4.2891016 3.8291998 -1.6452016
-4.3801951 3.7246594 -1.6452087
-4.8716602 3.0541413 -1.6452476
-5.8642774 2.254519 -1.7977254
-5.9169531 2.1124506 -1.7977297
-6.0119724 1.8246936 -1.7977374
-6.1282225 1.385296 -1.7977469
-6.2123437 0.93865108 -1.7977537
-6.2827539 0.032969359 -1.79776
-6.2817383 -0.11856079 -1.7977601
-6.2567382 -0.57237303 -1.7977586
-6.2411132 -0.72310299 -1.7977575
-6.1424217 -1.3209137 -1.7977504
-6.1087499 -1.4686524 -1.7977477
-6.0715427 -1.6155484 -1.797745
-5.9865623 -1.9064267 -1.7977388
-5.938828 -2.0502343 -1.7977351
-5.3577733 -3.2810745 -1.797691
-5.2770896 -3.4093246 -1.7976849
-5.1932812 -3.5355794 -1.7976785
-5.106504 -3.6597857 -1.7976718
-4.9240818 -3.9017241 -1.7976578
-4.8285351 -4.0193243 -1.7976506
-4.730195 -4.1345887 -1.7976429
-4.6290622 -4.2474365 -1.7976353
-4.5252538 -4.3578281 -1.7976272
-4.418828 -4.4656658 -1.7976191
-4.309824 -4.5709133 -1.7976108
-4.1983204 -4.6734986 -1.7976022
-3.9680274 -4.8704543 -1.7975843
-3.8493946 -4.9647112 -1.7975752
-3.728574 -5.0560713 -1.7975659
-3.6055272 -5.1444931 -1.7975564
-3.4803514 -5.229898 -1.7975469
-3.3532031 -5.3123007 -1.7975371
-3.2241015 -5.3915982 -1.797527
-2.9603515 -5.5407267 -1.7975067
-2.8258398 -5.6104808 -1.7974963
-2.2722266 -5.8564506 -1.7974534
-1.9871875 -5.9591308 -1.7974313
-1.8428906 -6.0052838 -1.7974201
-1.5511523 -6.0870829 -1.7973976
-1.2558203 -6.1547179 -1.7973747
-0.50626951 -6.2608972 -1.7973164
-0.20375 -6.2779455 -1.7972929
0.25060546 -6.2761254 -1.7972577
0.40191406 -6.268218 -1.7972457
0.70367187 -6.2414689 -1.7972224
0.85396481 -6.2226434 -1.7972107
1.0037695 -6.2002001 -1.7971989
1.4493555 -6.1112952 -1.7971643
1.5963086 -6.0745287 -1.7971529
2.3154297 -5.8381867 -1.7970967
2.4555273 -5.7806244 -1.7970856
2.7313476 -5.6554332 -1.7970642
2.8669336 -5.5878797 -1.7970535
3.0008593 -5.5170884 -1.7970431
3.1330078 -5.4431062 -1.7970327
3.2633398 -5.3659153 -1.7970225
3.3918164 -5.2856188 -1.7970124
3.6426756 -5.1158667 -1.7969928
3.7649412 -5.0265336 -1.7969831
3.885078 -4.9342546 -1.7969738
4.2315235 -4.6403861 -1.7969465
4.5558395 -4.3222709 -1.796921
4.6587501 -4.2111292 -1.7969129
4.7589645 -4.0975266 -1.796905
4.8563867 -3.9815547 -1.7968974
4.9509373 -3.8632596 -1.7968899
5.0426755 -3.7427325 -1.7968827
5.1314259 -3.6200118 -1.7968757
5.2999802 -3.3683486 -1.7968622
5.4561911 -3.1088524 -1.79685
5.5295701 -2.9763608 -1.7968441
5.5997458 -2.8421283 -1.7968385
3.2574999 -0.75752258 -0.95696574
6.177793 -1.1257561 -1.7967921
6.2031446 -0.97643673 -1.79679
6.2248826 -0.82655942 -1.7967881
6.2574606 -0.52544373 -1.7967854
6.2752538 0.23115723 -1.7967832
6.2568164 0.53347105 -1.7967845
6.2421288 0.68420225 -1.7967854
6.1763477 1.1336803 -1.7967901
2.9772851 0.7725665 -0.88012338
2.7069726 0.7725659 -0.80549306
5.5960546 2.8493164 -1.7968338
5.5256834 2.9834473 -1.7968391
5.4521875 3.1158545 -1.7968447
5.3754687 3.2464392 -1.7968506
4.6106443 3.4312737 -1.6445098
4.4398828 3.6496332 -1.644523
4.1644726 3.9611015 -1.644544
4.0677538 4.0603995 -1.6445515
3.867285 4.2518497 -1.6445669
3.7636132 4.3439021 -1.6445749
3.6577733 4.4334235 -1.6445831
3.5498242 4.5203738 -1.6445913
3.439785 4.6046858 -1.6445999
3.213789 4.7652411 -1.6446173
3.0979297 4.8413858 -1.6446263
2.9803319 4.9147162 -1.6446353
2.8608789 4.9850969 -1.6446154
2.740078 5.05304 -1.6447465
2.617578 5.1180549 -1.6448768
2.4936132 5.180109 -1.6450064
2.3681641 5.23914 -1.6451348
2.24125 5.2951493 -1.6452626
1.9833984 5.3971992 -1.645308
1.8526562 5.4434052 -1.6452917
1.7208399 5.4866071 -1.6453227
0.74031246 3.9926579 -1.1618944
0.55443358 4.0790253 -1.1778677
0.3554492 4.081789 -1.1723461
0.25652343 4.0831656 -1.1706227
-0.53611326 4.0941582 -1.1814662
-0.73892576 4.0969672 -1.1911845
-1.050703 4.1012788 -1.2114033
-1.1571875 4.1027522 -1.2197298
-1.3749609 4.1057634 -1.2389162
-1.4865625 4.107305 -1.2498386
-1.6002344 4.1088748 -1.2616974
-2.0794725 4.1154876 -1.3193594
-2.4714062 4.120893 -1.3749131
-2.7525194 4.1247663 -1.4188865
-3.2115037 4.1310868 -1.4972098
-3.3762889 4.1333537 -1.5271068
-3.7269726 4.1381793 -1.5935081
-3.949707 4.1782475 -1.6451749
-4.2415037 3.8818278 -1.6451979
-4.5957813 3.4552739 -1.6452258
-4.8335938 3.1140289 -1.6452446
-4.9072852 2.9965606 -1.6452503
-5.7042575 2.2741954 -1.7571386
-5.8904295 2.1853004 -1.7977276
-5.9414258 2.042619 -1.7977318
-5.9889841 1.8987365 -1.7977356
-6.0330663 1.7537597 -1.797739
-6.0736132 1.6077514 -1.7977422
-6.1106052 1.4608172 -1.7977453
-6.1440625 1.3130249 -1.7977481
-6.1739645 1.1644763 -1.7977505
-6.222949 0.86542356 -1.7977546
-6.2420115 0.71509093 -1.7977563
-6.2574801 0.56435239 -1.7977575
-6.2692575 0.41327575 -1.7977586
-6.2773829 0.26197022 -1.7977594
-6.2827148 -0.041024171 -1.7977601
-6.2734179 -0.34392333 -1.7977597
-6.2495508 -0.64601803 -1.797758
-6.2321482 -0.79655516 -1.7977568
-6.1864648 -1.0961365 -1.7977536
-6.1582227 -1.2450027 -1.7977514
-6.0910349 -1.5404941 -1.7977465
-6.0520897 -1.6869454 -1.7977437
-6.0096483 -1.8323987 -1.7977405
-5.9636912 -1.9767963 -1.7977369
-5.318789 -3.3439422 -1.7976881
-5.151289 -3.5964863 -1.7976753
-4.8777733 -3.9594421 -1.7976544
-4.7808595 -4.0759058 -1.7976469
-4.4735937 -4.4108105 -1.7976233
-3.9103906 -4.9168353 -1.7975799
-3.5446484 -5.1865907 -1.7975516
-3.1604102 -5.4291801 -1.7975221
-2.8948631 -5.5751896 -1.7975017
-2.4842186 -5.7697854 -1.7974697
-2.0605469 -5.9341712 -1.7974371
-1.9168164 -5.9821038 -1.797426
-1.6261327 -6.0674982 -1.7974033
-0.58349609 -6.2541909 -1.7973225
0.021679686 -6.2811518 -1.7972753
0.17314453 -6.2787647 -1.7972636
0.32449219 -6.2727213 -1.7972518
0.47566405 -6.2630286 -1.7972401
1.2256445 -6.1601214 -1.7971816
1.3738281 -6.1287384 -1.79717
1.5212305 -6.0937815 -1.7971586
1.6677344 -6.0552874 -1.7971472
1.8133007 -6.0132689 -1.7971358
2.3840039 -5.8104925 -1.7970914
2.7977734 -5.6228533 -1.7970589
2.932539 -5.553731 -1.7970484
3.0655859 -5.4813418 -1.797038
3.196914 -5.4057903 -1.7970277
3.3263085 -5.3270898 -1.7970176
3.453789 -5.2452879 -1.7970076
3.5792773 -5.1604514 -1.7969978
3.7026367 -5.0726056 -1.796988
3.8238671 -4.9818268 -1.7969786
3.94291 -4.888092 -1.7969693
4.059629 -4.7915835 -1.7969601
4.1739841 -4.6922612 -1.7969511
4.3953123 -4.485496 -1.7969337
4.5021873 -4.3781815 -1.7969253
4.6064258 -4.2683053 -1.7969171
4.7080274 -4.1559625 -1.7969091
4.8068943 -4.0411882 -1.7969012
5.2579684 -3.4335115 -1.7968657
5.3392968 -3.3056896 -1.7968593
2.8473828 -0.77256471 -0.8441934
3.2575195 -0.71719784 -0.95441848
6.2141991 -0.90330994 -1.7967891
6.2341795 -0.75319088 -1.7967874
6.272285 -0.30052856 -1.796784
6.2777147 -0.14918213 -1.7967834
6.2336521 0.75767088 -1.796786
6.1898632 1.057367 -1.7967892
6.162539 1.206344 -1.7967912
3.2575195 0.71965027 -0.95456952
3.2575195 0.80251342 -0.95996273
5.5621285 2.9150298 -1.7968364
5.336875 3.3095257 -1.7968534
4.8099022 3.1458216 -1.6444945
4.732656 3.2609081 -1.6445005
4.6526561 3.3741083 -1.6445067
4.5699024 3.4853442 -1.6445129
4.3965821 3.7016747 -1.6445261
4.0196486 4.1080241 -1.6445552
3.9194336 4.2038007 -1.644563
3.8169141 4.2971101 -1.6445707
3.6053123 4.476203 -1.644587
3.1574414 4.8027639 -1.6446217
3.0407422 4.8775406 -1.6446307
2.922246 4.9494877 -1.6446398
2.8020897 5.0186396 -1.6446795
2.6804492 5.0851593 -1.6448103
2.5572655 5.1487298 -1.6449401
2.0498827 5.3723078 -1.6453075
1.9196484 5.4200773 -1.6452752
1.0951757 3.9877203 -1.1832598
0.99275386 3.9891467 -1.1762331
0.79124999 3.9919481 -1.1644406
0.69191402 3.9933307 -1.1596382
-5.4743943 1.8751477 -1.7976956
-5.5584569 1.6090051 -1.7977023
-5.62957 1.3391168 -1.797708
-5.6876168 1.0661083 -1.7977128
-5.7324414 0.79061645 -1.7977165
-5.7498436 0.65214354 -1.797718
-5.7638669 0.51328796 -1.7977192
-5.7746286 0.37413573 -1.7977202
-5.7819138 0.23476318 -1.7977209
-5.7865429 -0.044309691 -1.7977215
-5.7776952 -0.32327697 -1.797721
-5.7553515 -0.60149598 -1.7977195
-5.7196875 -0.8783105 -1.7977171
-5.6706443 -1.1530817 -1.7977134
-5.6083984 -1.4251699 -1.7977089
-5.572402 -1.5600033 -1.7977062
-5.533164 -1.6939367 -1.7977033
-5.4907031 -1.8268768 -1.7977002
-5.3962302 -2.0894983 -1.797693
-4.575254 -3.5425525 -1.7976304
-4.4884567 -3.6518471 -1.7976238
-4.3990817 -3.7590146 -1.797617
-4.3071485 -3.8640001 -1.7976098
-4.1157618 -4.0671563 -1.7975951
-4.0165038 -4.1652136 -1.7975875
-3.810957 -4.3539996 -1.7975717
-3.5965233 -4.5326624 -1.7975552
-3.4861326 -4.6180468 -1.7975466
-3.2593553 -4.7807279 -1.7975292
-2.9051952 -5.0037766 -1.7975018
-2.7836719 -5.072361 -1.7974925
-2.6605077 -5.1379895 -1.797483
-2.5358398 -5.2006269 -1.7974733
-2.2820897 -5.3167982 -1.7974538
-2.0230079 -5.4205914 -1.7974336
-1.8917187 -5.4677715 -1.7974235
-1.6258594 -5.5525632 -1.7974029
-1.4914453 -5.5901256 -1.7973924
-1.2201562 -5.6554723 -1.7973715
-1.0834374 -5.6832223 -1.7973608
-0.94603515 -5.7076621 -1.7973502
-0.80810547 -5.7287827 -1.7973394
-0.66968751 -5.7465768 -1.7973287
-0.53093749 -5.7610168 -1.797318
-0.39181641 -5.7721119 -1.7973071
-0.11304687 -5.7842259 -1.7972854
0.44462889 -5.7680779 -1.797242
0.58361328 -5.7556458 -1.7972312
0.72224605 -5.7398648 -1.7972205
0.86042964 -5.7207456 -1.7972097
1.1352929 -5.672533 -1.7971883
1.4074609 -5.6111283 -1.7971671
1.6763476 -5.5366721 -1.7971461
2.072207 -5.4009128 -1.7971151
2.2018359 -5.3493271 -1.7971051
2.3301952 -5.2946429 -1.7970949
2.7068164 -5.1122556 -1.7970655
3.0692773 -4.903121 -1.7970371
3.1866014 -4.8276215 -1.7970281
3.3020701 -4.7493763 -1.797019
3.4156444 -4.6683335 -1.7970099
3.5272069 -4.5845823 -1.7970014
3.7441602 -4.4091258 -1.7969842
3.849375 -4.3175659 -1.796976
4.0530076 -4.1269169 -1.79696
4.2473044 -3.9266081 -1.7969447
4.3407226 -3.8230205 -1.7969373
4.5199804 -3.6092415 -1.7969232
4.6887107 -3.3870766 -1.7969099
4.7690234 -3.2730074 -1.7969035
4.993125 -2.9196498 -1.7968858
5.1280274 -2.6754749 -1.7968751
2.6085351 -0.77256471 -0.84516859
2.8601367 -0.77256471 -0.92038137
3.2575195 -0.79613465 -1.0417755
5.6781836 -1.1006378 -1.7968309
5.7030859 -0.9633795 -1.7968289
5.724668 -0.82556397 -1.7968271
5.7429099 -0.68726379 -1.7968255
5.7577734 -0.54856747 -1.7968241
5.7693357 -0.40955016 -1.7968233
5.7838864 0.0086022951 -1.7968217
5.781992 0.14808472 -1.7968217
5.7767186 0.28748292 -1.7968221
5.7561326 0.56569153 -1.7968234
5.7408395 0.70434201 -1.7968245
5.7001953 0.98034239 -1.7968273
5.6749215 1.1175244 -1.7968292
3.2575195 0.72350585 -1.0366503
5.0536914 2.8134143 -1.7968761
4.912168 3.0538416 -1.7968867
4.4269528 2.902503 -1.6445247
4.2818751 3.1126056 -1.6445357
4.2055664 3.2149713 -1.6445416
4.1268554 3.315479 -1.6445476
3.4146092 4.0454206 -1.6446023
3.3160937 4.1266117 -1.6446099
3.2156248 4.2054057 -1.6446176
3.1133008 4.2817488 -1.6446255
2.9032617 4.4269266 -1.6446416
2.7956445 4.495677 -1.6446501
2.6864061 4.5618119 -1.6446584
2.5754883 4.6250701 -1.6445864
2.3498437 4.7445707 -1.6448263
2.1184959 4.8527555 -1.6449624
2.0009179 4.9025321 -1.644996
1.8821093 4.9494596 -1.6450284
1.762246 4.9934893 -1.6450567
1.6413476 5.0346332 -1.6450868
1.5194726 5.0728374 -1.6451154
0.98800778 3.9891479 -1.2766993
0.88679683 3.990556 -1.2699341
0.78658199 3.9919505 -1.2639717
0.68726563 3.9933331 -1.2587926
0.60099608 4.0783134 -1.2806398
0.40152344 4.0810881 -1.2739395
0.30246094 4.0824628 -1.2717216
0.10509765 4.0852032 -1.2695167
-0.28990233 4.090683 -1.2739866
-0.389375 4.092061 -1.2769697
-0.69144529 4.0962458 -1.2905309
-1.1074804 4.1019988 -1.3199443
-1.2147851 4.1034846 -1.3294647
-1.5470898 4.1080732 -1.3637054
-1.6619335 4.1096587 -1.3771403
-1.7791015 4.1112747 -1.3916599
-2.1470118 4.1163492 -1.4422722
-2.4084179 4.1199503 -1.4825457
-2.5448632 4.1218305 -1.504876
-2.6855078 4.1237674 -1.5287919
-2.9811523 4.1278348 -1.5818113
-3.2030859 4.2169404 -1.6451168
-3.4027147 4.0576224 -1.6451324
-3.4996092 3.9744017 -1.6451401
-3.594414 3.8888648 -1.6451476
-3.6872265 3.8010662 -1.6451548
-3.9524024 3.524605 -1.6451757
-4.0362501 3.4282751 -1.6451823
-4.1969142 3.2296886 -1.645195
-4.3477736 3.0235846 -1.6452069
-4.5550194 2.7013848 -1.6452234
-5.4507813 1.9425548 -1.7976936
-5.4960938 1.8105426 -1.7976973
-5.6126366 1.4084882 -1.7977067
-5.6449413 1.2727221 -1.7977093
-5.6740427 1.1362182 -1.7977117
-5.6997852 0.99905086 -1.7977139
-5.7222657 0.86130428 -1.7977157
-5.7413278 0.72305661 -1.7977172
-5.7786326 0.3061035 -1.7977206
-5.785625 -0.11245483 -1.7977215
-5.762363 -0.53042054 -1.79772
-5.7478709 -0.66923219 -1.7977191
-5.7300587 -0.80765504 -1.7977178
-5.6843944 -1.0830139 -1.7977145
-5.6566601 -1.2197851 -1.7977126
-5.625586 -1.3558477 -1.7977102
-5.5912695 -1.4911196 -1.7977077
-5.5536132 -1.6255243 -1.7977047
-5.5128317 -1.7589812 -1.7977017
-5.4687891 -1.8914132 -1.7976985
-5.4216013 -2.0227497 -1.7976948
-4.9329882 -3.0247705 -1.7976577
-4.7013669 -3.3734403 -1.7976401
-4.6186328 -3.4858251 -1.7976338
-4.5331836 -3.5961859 -1.7976272
-4.2613478 -3.9144497 -1.7976063
-4.1656251 -4.016068 -1.797599
-4.0675583 -4.1153388 -1.7975916
-3.9671288 -4.2122159 -1.7975837
-3.8643358 -4.3066516 -1.7975758
-3.542871 -4.5746961 -1.797551
-3.4314842 -4.6587415 -1.7975426
-3.3181446 -4.7401624 -1.7975336
-3.2028515 -4.8187737 -1.7975248
-2.8460741 -5.0376301 -1.7974974
-2.7237303 -5.1047769 -1.7974879
-2.5998046 -5.168952 -1.7974783
-2.474375 -5.2301188 -1.7974685
-2.3474998 -5.2882404 -1.7974588
-2.2192774 -5.3432884 -1.7974489
-2.0897655 -5.395225 -1.7974387
-1.9590429 -5.4440222 -1.7974287
-1.8271874 -5.4896531 -1.7974185
-1.6942773 -5.5320916 -1.7974081
-1.4255273 -5.6072869 -1.7973874
-1.2898437 -5.6400013 -1.7973769
-1.1534766 -5.6694365 -1.7973663
-0.74060547 -5.7378874 -1.7973342
-0.60197264 -5.7540464 -1.7973235
-0.46304688 -5.7668548 -1.7973126
-0.32382813 -5.7763124 -1.7973018
-0.044902343 -5.7851353 -1.7972801
0.094628908 -5.7845049 -1.7972692
0.23408203 -5.7805042 -1.7972584
0.37341797 -5.7731462 -1.7972475
0.78982419 -5.7309437 -1.7972152
0.92777342 -5.7101965 -1.7972044
1.0651758 -5.6861277 -1.7971938
1.2020313 -5.6587524 -1.797183
1.338125 -5.628089 -1.7971725
1.4734374 -5.5941491 -1.7971618
1.8739648 -5.4729009 -1.7971307
2.0053906 -5.4260831 -1.7971203
2.1356835 -5.3761082 -1.7971102
2.264668 -5.3230157 -1.7971002
2.5187109 -5.2075701 -1.7970802
3.5809374 -4.5427141 -1.7969971
3.7958007 -4.3647456 -1.7969803
3.8999219 -4.2719126 -1.796972
4.1984959 -3.9787297 -1.7969486
4.3854294 -3.7716241 -1.7969339
4.4750781 -3.6647513 -1.7969267
4.728281 -3.3316188 -1.7969067
4.8833985 -3.0997307 -1.7968946
5.0946484 -2.7385612 -1.7968777
2.7260547 -0.77256471 -0.880234
3.0000391 -0.7725659 -0.96241051
5.6641989 -1.1706283 -1.7968321
5.7339845 -0.75808287 -1.7968262
5.7803125 -0.20223144 -1.7968222
5.7835155 -0.062777095 -1.7968217
5.7626562 0.49461424 -1.7968229
5.7490821 0.63344544 -1.7968239
5.711875 0.90991944 -1.7968265
5.6882615 1.0474042 -1.7968282
5.6613865 1.184281 -1.7968301
3.2575195 0.76387268 -1.0394413
2.701211 0.7725659 -0.87281376
5.1528711 2.6273198 -1.7968684
4.949492 2.9929876 -1.7968839
4.0052538 3.461463 -1.6445569
3.9206054 3.5570605 -1.6445634
3.6532421 3.8312323 -1.6445841
3.4642968 4.0029655 -1.6445985
3.1658592 4.24299 -1.6446215
3.0626757 4.3181229 -1.6446295
2.8508983 4.4608221 -1.6446458
2.5209374 4.6552534 -1.6446453
2.4081249 4.7150359 -1.6447653
1.9430273 4.9257731 -1.6450006
1.7033398 5.013947 -1.6450715
1.581953 5.0536575 -1.6451008
1.4596094 5.0904226 -1.6451287
0.93843746 3.9898376 -1.2732942
0.83773434 3.9912384 -1.2669227
0.65238279 4.0776005 -1.2828451
0.55208981 4.0789933 -1.2787218
0.056972656 4.0858698 -1.2694287
-0.1402539 4.0886078 -1.2709019
-0.23916015 4.0899787 -1.2727513
-0.33841795 4.0913553 -1.2753491
-0.74130857 4.0969343 -1.2934092
-0.8441211 4.0983562 -1.2999098
-1.4891796 4.1072745 -1.3572357
-1.6028906 4.1088419 -1.3701338
-1.9583594 4.1137481 -1.4153906
-2.0823631 4.1154571 -1.4328451
-2.2095118 4.1172099 -1.4515928
-2.3401756 4.1190095 -1.4717026
-2.9035742 4.1267695 -1.5675508
-3.2525194 4.178936 -1.6451206
-3.3523631 4.0992975 -1.6451285
-3.5461719 3.9329185 -1.6451437
-3.6400194 3.8462713 -1.645151
-3.7317188 3.7573869 -1.6451583
-3.9085937 3.5731053 -1.6451722
-3.9936523 3.4778185 -1.6451789
-4.0763669 3.3805034 -1.6451855
-4.2346482 3.1800389 -1.645198
-4.3101368 3.0770049 -1.6452039
-4.3830662 2.9721723 -1.6452097
-4.453496 2.8656139 -1.6452153
-5.5575585 1.6121337 -1.7977022
-5.5948243 1.4776385 -1.7977052
-5.6595702 1.2061486 -1.7977105
-5.6870313 1.0693091 -1.7977128
-5.7111716 0.9318487 -1.7977148
-5.7319922 0.79384643 -1.7977165
-5.7635937 0.5165295 -1.7977192
-5.781836 0.23802368 -1.7977209
-5.7858591 0.098516844 -1.7977214
-5.786582 -0.041046754 -1.7977215
-5.783906 -0.18058288 -1.7977214
-5.7684374 -0.45926818 -1.7977204
-5.755703 -0.5982495 -1.7977195
-5.7395897 -0.73688167 -1.7977185
-5.7201562 -0.87508422 -1.7977171
-5.6973825 -1.0127795 -1.7977154
-5.6712694 -1.1498852 -1.7977136
-5.5732813 -1.556864 -1.7977062
-5.4917383 -1.8237841 -1.7977002
-4.9699411 -2.963665 -1.7976606
-4.8212109 -3.1998413 -1.7976491
-4.7426562 -3.3151696 -1.7976432
-4.6613278 -3.4285662 -1.797637
-4.4905272 -3.6493206 -1.7976239
-4.214922 -3.9643571 -1.7976028
-4.0188084 -4.1629481 -1.7975878
-3.917207 -4.2586441 -1.7975799
-3.8133788 -4.3518586 -1.797572
-3.7072852 -4.4425364 -1.7975638
-3.5990624 -4.530632 -1.7975553
-3.48875 -4.6160712 -1.797547
-3.3764062 -4.6988578 -1.7975383
-3.2620702 -4.778893 -1.7975295
-3.1458788 -4.8561482 -1.7975204
-3.0277929 -4.9305811 -1.7975115
-2.9079883 -5.0021381 -1.797502
-2.6633983 -5.1364889 -1.7974832
-2.5387695 -5.1992044 -1.7974735
-2.4126172 -5.2588849 -1.7974638
-2.285078 -5.3155107 -1.7974539
-1.8947852 -5.4667034 -1.7974237
-1.7624218 -5.5107751 -1.7974135
-1.6289648 -5.5516477 -1.7974031
-1.4946289 -5.589282 -1.7973927
-1.2233398 -5.6547856 -1.7973716
-0.94923824 -5.70713 -1.7973504
-0.81132811 -5.7283287 -1.7973398
-0.67294919 -5.7461982 -1.7973289
-0.39507812 -5.7718897 -1.7973074
-0.25574219 -5.7797074 -1.7972965
-0.11630859 -5.7841601 -1.7972857
0.30214843 -5.7773333 -1.7972531
0.4413867 -5.768332 -1.7972423
0.71902341 -5.7402701 -1.7972207
0.857207 -5.7212286 -1.7972099
0.9949609 -5.6988559 -1.7971992
1.1320703 -5.673173 -1.7971885
1.4043164 -5.6119223 -1.7971673
1.6732616 -5.5376158 -1.7971463
2.0691602 -5.4020777 -1.7971154
2.198828 -5.3505697 -1.7971052
2.3272264 -5.2959533 -1.7970953
2.5798242 -5.1774855 -1.7970755
2.8264453 -5.0470562 -1.7970562
2.947324 -4.9774008 -1.7970468
3.0664842 -4.9048462 -1.7970375
3.1838672 -4.8294349 -1.7970282
3.2994139 -4.7512269 -1.7970191
3.4130077 -4.6702638 -1.7970103
3.5246289 -4.586575 -1.7970015
3.6341991 -4.5002179 -1.7969929
3.7416601 -4.4112353 -1.7969846
3.8469532 -4.3197365 -1.7969761
3.9499609 -4.2256603 -1.796968
4.2450781 -3.9290013 -1.7969449
4.3385935 -3.8254659 -1.7969375
4.5179491 -3.6117969 -1.7969233
4.6037302 -3.5017755 -1.7969166
4.6868162 -3.3897243 -1.79691
4.7671876 -3.2756939 -1.7969036
4.8447461 -3.1597698 -1.7968975
4.9195509 -3.042001 -1.7968916
4.9914842 -2.9224679 -1.796886
5.126543 -2.67837 -1.7968752
5.6492968 -1.24044 -1.7968333
5.677578 -1.1038458 -1.796831
5.702539 -0.96659541 -1.7968289
5.7425194 -0.69050169 -1.7968255
5.7574801 -0.5518176 -1.7968243
5.7823243 -0.13414307 -1.7968218
5.7820506 0.14482726 -1.7968217
5.776875 0.28421754 -1.7968221
5.7683396 0.42346069 -1.7968224
5.7564645 0.5624426 -1.7968234
5.7412305 0.70110959 -1.7968245
3.2575195 0.72158021 -1.0365208
3.1283789 0.7725665 -1.0010684
2.8329883 0.7725665 -0.91224462
5.055254 2.81057 -1.7968758
4.9860153 2.9316692 -1.7968811
4.4285936 2.9000092 -1.6445245
4.2074022 3.2126 -1.6445414
3.9641795 3.5083983 -1.6445601
3.7904296 3.6954925 -1.6445733
3.7002537 3.7858441 -1.6445804
3.5133984 3.9598944 -1.6445947
3.2179883 4.2035894 -1.6446174
3.1156836 4.2799859 -1.6446253
2.9057617 4.4252872 -1.6446415
2.6889844 4.5603023 -1.6446583
2.5781054 4.6236138 -1.6445837
2.4660351 4.6847782 -1.644704
2.3525195 4.7432342 -1.6448236
2.2375977 4.7989287 -1.6449424
2.1212499 4.8515592 -1.6449617
2.0036719 4.9013982 -1.6449952
1.6442187 5.0337052 -1.6450861
1.0927734 3.9876885 -1.2844741
0.78892577 3.9919188 -1.2641023
0.68957031 3.9933014 -1.2589047
0.60333985 4.0782819 -1.2807356
0.50332028 4.0796723 -1.2769873
0.30478516 4.0824299 -1.2717648
0.10740234 4.0851712 -1.2695249
0.0088671874 4.0865397 -1.2695149
-0.089746095 4.0879068 -1.2702426
-0.28757811 4.090651 -1.2739258
-0.38705078 4.0920281 -1.2768914
-0.5876953 4.0948062 -1.2851155
-0.68910158 4.0962114 -1.2903981
-0.79138672 4.0976276 -1.2964809
-0.89470702 4.0990558 -1.3033831
-1.3211523 4.1049519 -1.3396541
-1.4318163 4.1064811 -1.3510308
-1.5444531 4.1080365 -1.3634055
-1.7763281 4.1112361 -1.3913081
-1.8960155 4.1128874 -1.4069357
-2.0185351 4.1145768 -1.4237576
-2.1440234 4.1163092 -1.4418343
-2.2728906 4.1180816 -1.4612384
-2.541621 4.1217837 -1.5043374
-2.682168 4.1237202 -1.528214
-2.8273633 4.1257195 -1.5537802
-2.9775782 4.1277876 -1.5811492
-3.2007031 4.2187419 -1.6451166
-3.3015039 4.140347 -1.6451244
-3.5922461 3.8908849 -1.6451473
-3.6850781 3.8031421 -1.6451547
-3.775703 3.7131848 -1.6451617
-3.8641796 3.6210594 -1.6451688
-4.0343356 3.4305468 -1.6451821
-4.3460937 3.0260358 -1.6452067
-4.4869919 2.8129718 -1.6452179
-5.5372267 1.6805999 -1.7977006
-5.5761328 1.5465679 -1.7977036
-5.611836 1.4116534 -1.7977066
-5.6442575 1.2758991 -1.7977093
-5.6733985 1.1394176 -1.7977116
-5.6992188 1.0022583 -1.7977138
-5.7217383 0.86452758 -1.7977157
-5.7409372 0.72628295 -1.7977172
-5.7692966 0.44861633 -1.7977197
-5.7842188 0.16990784 -1.797721
-5.7856641 -0.10920044 -1.7977215
-5.7813478 -0.24869323 -1.7977213
-5.7736716 -0.3880493 -1.7977208
-5.6850195 -1.0798095 -1.7977145
-5.6573434 -1.2166028 -1.7977126
-5.6263671 -1.3526758 -1.7977102
-5.4698629 -1.8883315 -1.7976985
-5.4227147 -2.0197015 -1.7976949
-4.7832227 -3.256387 -1.7976463
-4.7032614 -3.3707898 -1.7976402
-4.6206055 -3.4832189 -1.7976339
-4.535254 -3.5936296 -1.7976273
-4.3566403 -3.8081098 -1.7976136
-4.2635546 -3.9120452 -1.7976065
-4.1679296 -4.0137186 -1.7975992
-4.0699024 -4.1130443 -1.7975917
-3.7618358 -4.3964562 -1.797568
-3.5454493 -4.5726819 -1.7975513
-3.3208399 -4.7382879 -1.797534
-2.6026952 -5.16749 -1.7974784
-2.3504686 -5.2869201 -1.7974589
-1.5634766 -5.5704293 -1.7973981
-1.4286718 -5.6064844 -1.7973876
-1.2930273 -5.6392789 -1.7973771
-1.0195898 -5.6949997 -1.7973559
-0.60521483 -5.7537107 -1.7973237
-0.46626952 -5.7665935 -1.7973129
-0.3270703 -5.7761283 -1.797302
-0.18767577 -5.7823014 -1.7972913
-0.048164062 -5.7851095 -1.7972804
0.23082031 -5.7806396 -1.7972587
0.3701953 -5.773355 -1.7972479
0.50929683 -5.7627172 -1.797237
0.64808595 -5.7487254 -1.7972262
0.7865625 -5.731391 -1.7972153
0.92451167 -5.7107182 -1.7972047
1.0619922 -5.6867285 -1.797194
1.1988086 -5.659431 -1.7971834
1.7383202 -5.5175138 -1.7971412
2.3894141 -5.2681556 -1.7970904
2.640625 -5.1467724 -1.7970707
3.0057421 -4.9423633 -1.7970423
3.1240625 -4.8683758 -1.7970328
3.3550975 -4.7120385 -1.7970147
3.4677343 -4.6297302 -1.7970059
3.6869531 -4.4570932 -1.7969888
4.0990233 -4.0811548 -1.7969563
4.4730272 -3.6672778 -1.7969269
4.5601954 -3.5583208 -1.7969199
4.6446095 -3.4473059 -1.7969134
4.8054099 -3.2193184 -1.7969006
4.9550195 -2.9838421 -1.7968888
5.1577344 -2.6177969 -1.7968726
2.7202148 -0.77256531 -0.87848943
5.6635547 -1.1738229 -1.7968321
5.6901755 -1.0368994 -1.7968299
5.7502537 -0.62282467 -1.7968249
5.7635937 -0.48397154 -1.7968237
5.7735934 -0.34483153 -1.7968228
5.7834959 -0.066035151 -1.7968217
5.7833982 0.073454589 -1.7968217
5.7325583 0.76867735 -1.7968251
5.7124023 0.90669429 -1.7968265
5.688828 1.0441986 -1.7968282
5.6620312 1.1810858 -1.7968301
3.2575195 0.76193601 -1.039304
2.7069921 0.7725659 -0.87453711
5.154336 2.6244183 -1.7968682
5.0896091 2.747957 -1.7968733
5.0218554 2.8699133 -1.7968783
4.9511719 2.9901941 -1.7968838
4.4878907 2.8603442 -1.6533133
4.3941407 2.9519653 -1.6445271
4.2467189 3.160429 -1.6445384
4.0071678 3.4592125 -1.6445566
3.9225781 3.5548515 -1.6445632
3.835742 3.6484411 -1.64457
3.74666 3.7398901 -1.6445767
3.466543 4.0010138 -1.6445984
3.3690624 4.0834684 -1.6446059
3.2696092 4.1635513 -1.6446135
3.1683006 4.2412004 -1.6446213
2.9601171 4.3890824 -1.6446375
2.7450585 4.5267558 -1.6446539
2.6350975 4.5916595 -1.6446624
2.5235937 4.6538239 -1.6446425
2.4108007 4.7136664 -1.6447625
2.1810155 4.8251004 -1.6449918
1.9458202 4.9246707 -1.6450005
1.8265039 4.9702945 -1.6450427
1.5848047 5.052763 -1.6451002
1.4625195 5.0895929 -1.645128
1.0426172 3.9883873 -1.2806541
0.84007812 3.9912078 -1.2670623
0.74031246 3.9925957 -1.2614677
0.65474606 4.0775666 -1.2829509
0.55443358 4.0789604 -1.2788093
0.059277341 4.0858378 -1.2694287
-0.039277341 4.0872064 -1.2697778
-0.13794921 4.0885758 -1.2708672
-0.23685546 4.0899467 -1.2726997
-0.63708985 4.0954914 -1.2875954
-0.73892576 4.0969024 -1.293267
-0.84167969 4.0983233 -1.2997477
-0.94556636 4.0997601 -1.3070569
-1.0506836 4.1012125 -1.3152189
-1.1571679 4.1026859 -1.3242587
-1.2652148 4.1041803 -1.3342037
-1.3749609 4.1056962 -1.3450887
-1.4865429 4.1072369 -1.3569467
-1.6002148 4.1088057 -1.3698212
-1.8344531 4.1120391 -1.3987951
-2.2065039 4.1171684 -1.4511386
-2.4713476 4.1208186 -1.4927379
-2.752461 4.1246881 -1.5404799
-2.9000585 4.1267204 -1.566913
-3.2501562 4.1807632 -1.6451205
-3.3500781 4.1011858 -1.6451283
-3.4480078 4.0192227 -1.6451361
-3.5439453 3.9349174 -1.6451435
-3.7295897 3.7594879 -1.6451582
-3.8191795 3.6684692 -1.6451652
-3.9065819 3.5753069 -1.6451721
-3.9916797 3.4800694 -1.6451788
-4.1548634 3.283576 -1.6451917
-4.2328515 3.1824274 -1.6451977
-4.3083591 3.0794361 -1.6452038
-4.5198045 2.7599328 -1.6452204
-5.4722462 1.8813177 -1.7976953
-5.6280661 1.3454633 -1.7977079
-5.658906 1.2093371 -1.7977104
-5.7106442 0.93506831 -1.7977147
-5.7315235 0.79708314 -1.7977165
-5.7490625 0.65861934 -1.797718
-5.7633004 0.51978761 -1.7977192
-5.7741795 0.38063964 -1.7977202
-5.7840037 -0.17733276 -1.7977214
-5.7780271 -0.31676513 -1.797721
-5.7560349 -0.59500366 -1.7977197
-5.7399998 -0.7336517 -1.7977185
-5.6719337 -1.14669 -1.7977136
-5.6425977 -1.283147 -1.7977115
-5.5741992 -1.5537305 -1.7977062
-5.5350585 -1.6876992 -1.7977034
-5.4472656 -1.9526201 -1.7976968
-4.971621 -2.9608636 -1.7976608
-4.8987498 -3.0798841 -1.7976551
-4.8230662 -3.1971257 -1.7976494
-4.5792189 -3.5373876 -1.7976308
-4.492578 -3.6467903 -1.7976241
-4.4033594 -3.7540517 -1.7976173
-4.0211716 -4.160676 -1.7975879
-3.9196093 -4.2564354 -1.7975801
-3.8158202 -4.3497028 -1.7975721
-3.7098241 -4.4404469 -1.7975639
-3.6016405 -4.5285978 -1.7975557
-3.3790429 -4.6969523 -1.7975384
-3.1486328 -4.8543715 -1.7975208
-3.0305858 -4.928874 -1.7975116
-2.1592383 -5.367826 -1.7974441
-2.0291212 -5.4183078 -1.7974341
-1.897871 -5.4656348 -1.797424
-1.7655078 -5.5097876 -1.7974137
-1.6321093 -5.5507288 -1.7974033
-0.95244139 -5.7065964 -1.7973505
-0.81455076 -5.7278724 -1.7973399
-0.53740233 -5.7604203 -1.7973183
-0.39830077 -5.7716727 -1.7973075
-0.25904295 -5.7795591 -1.7972968
0.019941406 -5.7852592 -1.7972751
0.15949218 -5.7830648 -1.7972642
0.71576172 -5.7406745 -1.7972208
0.85400391 -5.7217112 -1.7972102
0.99171871 -5.6994195 -1.7971995
1.1288867 -5.6738114 -1.7971889
1.2653711 -5.6449065 -1.7971781
1.4011523 -5.6127114 -1.7971674
1.5360742 -5.5772605 -1.7971569
1.6701367 -5.538558 -1.7971466
1.9352343 -5.4515233 -1.7971258
2.0661132 -5.4032431 -1.7971156
2.3242188 -5.2972651 -1.7970954
2.9445312 -4.9790611 -1.7970469
3.2967381 -4.7530928 -1.7970194
3.8444726 -4.3218822 -1.7969764
3.9475975 -4.22789 -1.7969683
4.0483985 -4.131454 -1.7969604
4.1467967 -4.0325894 -1.7969526
4.2428904 -3.9313903 -1.796945
4.3363867 -3.8279107 -1.7969377
4.4274802 -3.7222028 -1.7969306
4.5158982 -3.6143379 -1.7969235
4.6017184 -3.5043633 -1.7969167
4.6848826 -3.3923619 -1.7969102
4.7653513 -3.2783771 -1.7969038
4.8429685 -3.1624966 -1.7968976
4.9178319 -3.0447659 -1.7968917
2.5977733 -0.77256471 -0.84196579
3.2575195 -0.80002499 -1.0420635
5.6769528 -1.1070367 -1.796831
5.7019725 -0.96981382 -1.7968289
5.7237496 -0.83201474 -1.7968271
5.7571678 -0.55505431 -1.7968243
5.7772655 -0.27680725 -1.7968224
5.7838669 0.0020837402 -1.7968217
5.7821484 0.14156432 -1.7968217
5.7770309 0.28097045 -1.7968221
5.7685938 0.42020446 -1.7968224
5.741621 0.69786805 -1.7968243
5.7231054 0.8361389 -1.7968256
5.7012887 0.9739117 -1.7968272
3.2575195 0.71965027 -1.0363909
5.123086 2.6849413 -1.7968707
5.0568552 2.8077135 -1.7968757
4.4302344 2.8975153 -1.6445243
4.3591013 3.0035155 -1.6445298
4.2092185 3.2102325 -1.6445413
4.1306052 3.3108244 -1.6445472
3.9661913 3.5061705 -1.6445599
3.7925193 3.693361 -1.6445733
3.7023633 3.7837584 -1.6445802
3.5156446 3.9579179 -1.6445946
3.4191797 4.041574 -1.6446021
3.1181054 4.2782307 -1.6446252
3.0140429 4.3522029 -1.6446332
2.9082227 4.4236517 -1.6446414
2.8006835 4.4925189 -1.6446496
2.5808594 4.6223869 -1.6446667
2.3551953 4.7419009 -1.6448208
2.240293 4.7976675 -1.6449397
2.124043 4.8504558 -1.6449946
2.0064256 4.9002676 -1.6449945
1.7678906 4.9915009 -1.6450553
1.6470312 5.0327725 -1.6450855
1.5251757 5.0711188 -1.6451139
0.79124999 3.9918859 -1.2642318
0.69189453 3.9932683 -1.2590184
-5.025156 1.8578423 -1.7976606
-5.1807814 1.3651679 -1.7976731
-5.2405858 1.1137707 -1.797678
-5.2881837 0.8597827 -1.797682
-5.3074217 0.73199952 -1.7976835
-5.3235154 0.60379088 -1.7976849
-5.336504 0.47523192 -1.797686
-5.3575001 -0.041022338 -1.7976881
-5.3549218 -0.1702185 -1.7976881
-5.2955661 -0.81318909 -1.797684
-5.2501755 -1.0675879 -1.7976807
-5.2228904 -1.1938919 -1.7976786
-5.1592579 -1.4443408 -1.7976739
-5.12291 -1.568341 -1.7976713
-4.5999022 -2.7465281 -1.7976316
-4.5323439 -2.8566551 -1.7976265
-4.3892775 -3.0718567 -1.7976156
-4.3139062 -3.1768053 -1.7976098
-4.2360349 -3.2799032 -1.7976038
-3.9878318 -3.5775256 -1.7975848
-3.7186913 -3.8564086 -1.797564
-3.6245701 -3.9449563 -1.7975569
-3.4300976 -4.1151123 -1.797542
-3.3298633 -4.1966166 -1.7975341
-3.2276952 -4.2756743 -1.7975264
-2.8007812 -4.5666232 -1.7974935
-2.689785 -4.6328211 -1.7974849
-2.5773242 -4.6963181 -1.7974762
-2.4632812 -4.7570853 -1.7974674
-2.11291 -4.9226408 -1.7974402
-1.9935546 -4.9721384 -1.797431
-1.8730663 -5.0187454 -1.7974217
-1.5053124 -5.1409397 -1.7973932
-1.3808789 -5.1757226 -1.7973835
-1.2556835 -5.20749 -1.7973738
-1.129707 -5.2362299 -1.797364
-1.003086 -5.2619224 -1.7973542
-0.49154297 -5.3339648 -1.7973144
-0.36279297 -5.3442369 -1.7973045
-0.23380859 -5.3514051 -1.7972944
0.024531249 -5.3563933 -1.7972742
0.1536914 -5.3542151 -1.7972643
0.28277344 -5.3489227 -1.7972543
0.41167969 -5.340517 -1.7972442
0.54035157 -5.3290057 -1.7972342
0.66867185 -5.3143964 -1.7972243
0.92414063 -5.2759161 -1.7972044
1.1774609 -5.2251573 -1.7971846
1.4280468 -5.1622519 -1.797165
1.5521289 -5.1262846 -1.7971554
1.6752734 -5.0873337 -1.7971458
1.7974609 -5.0454254 -1.7971362
2.1574805 -4.9022141 -1.7971082
2.6196289 -4.6714854 -1.7970719
2.731504 -4.6069484 -1.7970632
2.8417773 -4.5397491 -1.7970545
3.0573633 -4.3973675 -1.7970376
3.1624804 -4.3223362 -1.7970294
3.2658007 -4.2447882 -1.7970213
3.3671875 -4.1647768 -1.7970134
3.4666405 -4.0823474 -1.7970055
3.5640624 -3.9975386 -1.7969979
3.7526562 -3.8210075 -1.796983
3.8436718 -3.729424 -1.796976
4.0190039 -3.5396852 -1.7969621
4.1032028 -3.441716 -1.7969556
4.5565624 -2.8139827 -1.7969197
4.7480078 -2.4771919 -1.7969044
2.6085351 -0.77256405 -0.91283405
2.8601367 -0.77256471 -0.99406856
5.2574024 -1.0190723 -1.7968636
5.3004103 -0.76438111 -1.79686
5.3173242 -0.63633114 -1.7968584
5.3310938 -0.50791442 -1.7968574
5.3552341 0.0079669189 -1.796855
5.3534765 0.13710937 -1.796855
5.3486133 0.26617736 -1.7968553
5.3406444 0.39508787 -1.7968557
5.2981248 0.78014219 -1.7968588
5.2777538 0.90768796 -1.7968603
5.2543554 1.0347052 -1.796862
3.2575195 0.72350645 -1.119645
2.580332 0.7725659 -0.90376693
4.7405858 2.4912994 -1.7969006
4.6791406 2.6049097 -1.7969053
4.5481443 2.8275151 -1.7969153
4.0988865 2.6873913 -1.6445503
4.0328903 2.7854631 -1.6445553
3.9645312 2.8819256 -1.6445605
3.8210156 3.0697534 -1.6445715
3.6685545 3.2504535 -1.6445832
3.5891016 3.3379858 -1.6445893
3.5075781 3.4235883 -1.6445956
3.3384569 3.5887632 -1.6446087
3.0703125 3.820766 -1.6446294
2.9773242 3.893712 -1.6446365
2.6880469 4.098814 -1.6446588
2.4873047 4.2237005 -1.6446743
2.384707 4.2824798 -1.6446822
2.2806835 4.3385615 -1.6446121
2.0690038 4.4438505 -1.6447489
1.9612695 4.4925408 -1.6447814
1.8523828 4.53862 -1.6448138
1.5195117 4.6609049 -1.644901
1.4066992 4.696269 -1.6449276
0.98798823 3.9890831 -1.37889
0.88677734 3.9904926 -1.3715843
0.7865625 3.9918871 -1.3651444
0.20369141 4.0837712 -1.3719244
0.10509765 4.0851383 -1.3711334
-0.092050776 4.0878754 -1.3719471
-0.19083984 4.0892448 -1.3735516
-0.48935544 4.0933819 -1.3832275
-0.58999997 4.0947747 -1.388104
-1.0016016 4.1004705 -1.416279
-1.1074414 4.1019316 -1.4255973
-1.2147461 4.103416 -1.4358788
-1.3236718 4.1049199 -1.4471591
-1.4343749 4.1064482 -1.4594722
-1.661914 4.1095881 -1.48737
-1.7790819 4.1112041 -1.5030519
-2.0213866 4.1145453 -1.5381589
-2.1469727 4.1162748 -1.5577142
-2.2758789 4.1180496 -1.5787039
-2.5756836 4.1717386 -1.645068
-2.6755664 4.1084285 -1.6450758
-2.7738867 4.0427313 -1.6450835
-2.8705468 3.9746764 -1.6450912
-2.9656055 3.9043109 -1.6450986
-3.0589256 3.8316705 -1.6451058
-3.150449 3.7568016 -1.645113
-3.3279686 3.6005535 -1.6451271
-3.6593554 3.2632947 -1.6451532
-3.8125 3.0830669 -1.6451652
-3.8857617 2.9902399 -1.645171
-3.9567382 2.8956702 -1.6451766
-4.0254297 2.7994115 -1.645182
-4.0917773 2.7015295 -1.6451871
-4.1557422 2.6020703 -1.6451923
-4.2172852 2.5010991 -1.6451972
-5.1965036 1.3040594 -1.7976744
-5.2264061 1.1783606 -1.7976768
-5.2771873 0.92497921 -1.7976811
-5.2979689 0.79744446 -1.7976828
-5.3156638 0.66944271 -1.7976843
-5.3302536 0.54105711 -1.7976855
-5.3501368 0.28340575 -1.7976873
-5.3575778 0.025094604 -1.7976881
-5.3566403 -0.10411804 -1.7976881
-5.3350973 -0.49109069 -1.7976867
-5.3052344 -0.74777466 -1.7976848
-5.2372265 -1.1293451 -1.7976797
-5.1418748 -1.5050024 -1.7976727
-5.0633006 -1.751182 -1.7976668
-4.567246 -2.8005078 -1.7976292
-4.4983592 -2.9098294 -1.7976239
-4.3528123 -3.1233304 -1.7976127
-4.1155858 -3.4298055 -1.7975945
-4.0316601 -3.5280473 -1.7975881
-3.9453905 -3.6242344 -1.7975816
-3.8568163 -3.7183166 -1.7975748
-3.7660155 -3.8102341 -1.7975677
-3.5778711 -3.9873607 -1.7975532
-3.4806445 -4.0724754 -1.7975458
-2.9653904 -4.4615245 -1.7975061
-2.856914 -4.5317197 -1.7974976
-2.5217967 -4.726336 -1.7974718
-2.4070897 -4.7857513 -1.7974629
-2.173496 -4.8962021 -1.7974448
-1.8138281 -5.0404434 -1.7974172
-1.6917187 -5.0826907 -1.7974076
-1.5686327 -5.1219873 -1.7973981
-0.68568361 -5.3125443 -1.7973295
-0.42869139 -5.3393731 -1.7973095
-0.17078124 -5.3537707 -1.7972895
0.087617189 -5.3557177 -1.7972693
0.21673828 -5.3520212 -1.7972593
0.73123044 -5.3061395 -1.7972194
1.3642383 -5.1794958 -1.79717
1.4887304 -5.1450615 -1.7971603
1.6123437 -5.1076379 -1.7971507
1.7350781 -5.0672407 -1.7971411
1.8567773 -5.0238972 -1.7971317
1.9774023 -4.977634 -1.7971221
2.0968163 -4.9284782 -1.7971128
2.215039 -4.8764529 -1.7971035
2.4475975 -4.763907 -1.7970854
2.674453 -4.640316 -1.7970676
3.1089258 -4.3610382 -1.7970337
3.2131641 -4.28478 -1.7970254
3.3155468 -4.2060237 -1.7970175
3.4159961 -4.1248274 -1.7970096
3.5145116 -4.0412264 -1.7970017
3.6108983 -3.9552724 -1.7969943
3.7052538 -3.8670311 -1.7969868
3.9750586 -3.5890324 -1.7969656
4.0603905 -3.4920938 -1.7969589
4.1434178 -3.393163 -1.7969524
4.2240429 -3.2922246 -1.7969459
4.3022265 -3.1893876 -1.7969398
4.3778515 -3.0847037 -1.7969339
4.4509177 -2.9782171 -1.796928
4.5214844 -2.870003 -1.7969224
4.5893359 -2.7601161 -1.7969171
3.0000391 -0.77256531 -1.0394615
3.2575195 -0.7555908 -1.1220291
5.3244333 -0.57366455 -1.7968578
5.3367186 -0.44509155 -1.7968568
5.3458982 -0.31625977 -1.796856
5.351953 -0.18724608 -1.7968554
5.3547654 0.071034543 -1.796855
5.3356247 0.45795774 -1.7968562
5.3230271 0.58650023 -1.796857
5.3073239 0.71469849 -1.7968582
5.2885938 0.84248716 -1.7968594
4.6481442 2.6598418 -1.7969077
4.582695 2.7711718 -1.7969127
4.2211914 2.6936853 -1.6801512
4.0669532 2.7354877 -1.6445527
3.999824 2.8327739 -1.644558
3.8585937 3.0223589 -1.6445688
3.4670703 3.4646661 -1.6445988
3.3824608 3.5472832 -1.6446052
3.2075391 3.7062852 -1.6446186
2.8356445 3.9980791 -1.6446474
2.5392578 4.1926751 -1.6446702
2.4373827 4.2527127 -1.6446781
2.3341601 4.3102765 -1.6446861
2.1236522 4.4179058 -1.6447209
1.9082226 4.5153704 -1.6447967
1.7988086 4.5601664 -1.6448289
1.6883594 4.6023026 -1.6448587
1.5768945 4.6417618 -1.6448871
1.4645116 4.6785159 -1.6449142
1.351289 4.7125492 -1.64494
0.73796874 3.992564 -1.3623091
0.65238279 4.0775361 -1.3855294
0.55208981 4.0789299 -1.3810759
0.35312501 4.0816951 -1.3746402
0.25421876 4.0830693 -1.3726383
0.15552734 4.0844388 -1.3714387
0.056972656 4.0858064 -1.3710378
-0.041582029 4.0871758 -1.3714346
-0.14027344 4.0885444 -1.37263
-0.23917969 4.0899153 -1.374627
-0.43812498 4.0926728 -1.3810555
-0.53841794 4.0940619 -1.3855041
-0.84410155 4.0982914 -1.4039589
-0.94800776 4.0997295 -1.4118742
-1.053125 4.101181 -1.420711
-1.3774999 4.1056623 -1.4530405
-1.4891406 4.107204 -1.4658726
-1.6028711 4.1087723 -1.4798033
-1.8372265 4.1120048 -1.5111519
-1.9583007 4.1136761 -1.5286812
-2.0823243 4.1153836 -1.5475339
-2.6246679 4.1411262 -1.6450719
-2.7237694 4.0766449 -1.6450796
-2.8213086 4.009788 -1.6450872
-3.1944921 3.7194481 -1.6451166
-3.2832615 3.6413414 -1.6451236
-3.3701563 3.5611174 -1.6451303
-3.5379491 3.3944957 -1.6451435
-3.6188085 3.3081975 -1.6451499
-3.7741797 3.1298754 -1.6451621
-3.8485546 3.0379601 -1.6451681
-3.9207225 2.9442723 -1.6451738
-5.0240817 1.8606726 -1.7976605
-5.1079884 1.6162585 -1.7976671
-5.1454883 1.4926074 -1.7976702
-5.1799998 1.3680841 -1.797673
-5.211504 1.2427624 -1.7976756
-5.2653708 0.99002868 -1.79768
-5.3069921 0.73498595 -1.7976835
-5.3231835 0.60678649 -1.7976849
-5.3362303 0.47823486 -1.797686
-5.3462501 0.34940428 -1.7976869
-5.3531055 0.22037658 -1.7976875
-5.3568554 0.091212153 -1.797688
-5.3550391 -0.16719665 -1.7976881
-5.3289452 -0.553891 -1.7976865
-5.314043 -0.68224549 -1.7976854
-5.2749414 -0.93768799 -1.7976824
-5.2508006 -1.0646288 -1.7976807
-5.1932225 -1.3165731 -1.7976766
-5.160078 -1.4414319 -1.7976741
-5.0845509 -1.6885619 -1.7976685
-5.0423436 -1.8106909 -1.7976652
-4.5339451 -2.8540988 -1.7976266
-4.4637694 -2.9626017 -1.7976213
-4.3910546 -3.06938 -1.7976156
-4.0748825 -3.4780312 -1.7975916
-3.6267967 -3.9429142 -1.797557
-3.1260741 -4.3504939 -1.7975184
-2.3505077 -4.8137608 -1.7974586
-2.2337303 -4.8690233 -1.7974496
-2.1156836 -4.9214497 -1.7974404
-1.8758788 -5.0176878 -1.7974218
-1.7543359 -5.0614433 -1.7974124
-1.6317382 -5.1022525 -1.7974029
-1.5082031 -5.1400928 -1.7973933
-1.383828 -5.1749463 -1.7973837
-1.2585742 -5.2067847 -1.7973741
-1.1326562 -5.2355967 -1.7973644
-1.0060546 -5.2613602 -1.7973543
-0.87890625 -5.2840648 -1.7973444
-0.75117189 -5.3036923 -1.7973346
-0.49455076 -5.3336878 -1.7973148
0.021484375 -5.3564062 -1.7972746
0.1506836 -5.3543029 -1.7972646
0.27976561 -5.3490825 -1.7972544
0.53732419 -5.3293114 -1.7972344
0.66570312 -5.3147755 -1.7972244
1.048164 -5.2526579 -1.7971946
1.1745117 -5.225821 -1.7971848
1.3002148 -5.1959515 -1.7971749
1.4251367 -5.1630573 -1.7971654
1.6724218 -5.0882773 -1.797146
1.9157813 -5.0016675 -1.797127
2.0358789 -4.9539857 -1.7971176
2.1547265 -4.9034185 -1.7971083
2.3886328 -4.7937641 -1.7970899
2.6169727 -4.6729569 -1.7970721
2.7289062 -4.6084847 -1.7970634
3.0548437 -4.399075 -1.797038
3.1600585 -4.324121 -1.7970295
3.2633789 -4.2466331 -1.7970214
3.7505078 -3.823128 -1.7969832
3.8415821 -3.7315569 -1.7969761
3.9304492 -3.6378272 -1.7969691
4.0170116 -3.5419574 -1.7969623
4.1012692 -3.4440148 -1.7969557
4.3394532 -3.1385024 -1.7969368
4.4138865 -3.0329256 -1.7969309
4.485703 -2.9255931 -1.7969253
4.5549412 -2.8165503 -1.7969198
4.6854296 -2.593627 -1.7969095
2.85375 -0.77256471 -0.99199885
3.1533594 -0.77256405 -1.0893537
5.2306638 -1.1485138 -1.7968658
5.3308005 -0.51092529 -1.7968574
5.3415818 -0.38220826 -1.7968565
5.3492384 -0.25328675 -1.7968557
5.3487306 0.26315796 -1.7968553
5.3298435 0.52075988 -1.7968565
5.2985544 0.77715206 -1.7968588
5.2782812 0.90471494 -1.7968602
3.2575195 0.72158021 -1.1195059
3.1283984 0.77256709 -1.0812154
4.7420115 2.488626 -1.7969004
4.6806445 2.6022747 -1.7969052
4.6165233 2.7143974 -1.79691
4.5497069 2.824945 -1.7969151
4.0344529 2.7831903 -1.6445553
3.8956053 2.9745073 -1.6445658
3.6704102 3.2483814 -1.6445831
3.3404882 3.5868762 -1.6446084
3.2529881 3.6664085 -1.6446152
3.1636717 3.7438097 -1.6446222
3.0724609 3.8190308 -1.6446291
2.8847656 3.9627697 -1.6446435
2.690371 4.0972953 -1.6446586
2.2831054 4.337265 -1.6446095
2.1779883 4.3913431 -1.6447141
1.963789 4.4914336 -1.6447806
1.745 4.5810747 -1.6448436
1.634043 4.6219049 -1.6448727
1.5221679 4.6600456 -1.6449004
1.4093164 4.6954765 -1.644927
0.99037105 3.9890501 -1.3790725
0.60333985 4.0782161 -1.383251
0.50333983 4.0796084 -1.3792028
0.20601562 4.0837383 -1.3719523
0.10740234 4.0851068 -1.3711431
0.0088476557 4.0864763 -1.371132
-0.089746095 4.0878434 -1.3719184
-0.28757811 4.0905867 -1.3758966
-0.38705078 4.0919633 -1.3790997
-0.4870117 4.093349 -1.3831241
-0.68906248 4.096148 -1.3936859
-0.79136717 4.0975628 -1.400256
-0.89468747 4.0989909 -1.4077107
-0.99917966 4.1004362 -1.4160726
-1.2122265 4.1033816 -1.4356277
-1.3211132 4.1048846 -1.4468842
-1.6591992 4.1095514 -1.4870187
-1.7763085 4.111165 -1.5026722
-1.8959961 4.1128168 -1.5195512
-2.0184765 4.1145039 -1.5377191
-2.2728319 4.1180081 -1.578198
-2.4719336 4.2340193 -1.6450599
-2.5733397 4.1731892 -1.6450678
-2.6732421 4.109942 -1.6450757
-2.7715819 4.0442939 -1.6450834
-2.8683593 3.9762962 -1.6450909
-3.1483202 3.7585747 -1.6451129
-3.2380469 3.6815698 -1.6451199
-3.4118555 3.5211828 -1.6451336
-3.6575 3.2653575 -1.645153
-3.7352147 3.176209 -1.6451591
-3.8107421 3.0852208 -1.6451651
-4.0902538 2.7038383 -1.645187
-4.1542773 2.6044135 -1.6451923
-4.2159181 2.5034759 -1.6451972
-5.0456443 1.8013806 -1.7976621
-5.1266599 1.5559943 -1.7976687
-5.162715 1.431903 -1.7976717
-5.27666 0.92794734 -1.797681
-5.3152928 0.67243409 -1.7976842
-5.3415036 0.41535461 -1.7976865
-5.3499999 0.28642088 -1.7976872
-5.3553514 0.15731139 -1.7976878
-5.3527145 -0.23025207 -1.797688
-5.305625 -0.74478328 -1.7976848
-5.2861133 -0.87252742 -1.7976834
-5.263535 -0.99974853 -1.7976817
-5.2378516 -1.1264001 -1.7976799
-5.1774607 -1.3776507 -1.7976753
-5.105 -1.6256924 -1.7976699
-5.0206442 -1.8699527 -1.7976636
-4.1175194 -3.4274821 -1.7975947
-4.0336328 -3.5257771 -1.7975883
-3.9474413 -3.6220148 -1.7975818
-3.8588867 -3.7161455 -1.7975749
-3.7681639 -3.8081079 -1.7975678
-3.6752148 -3.8978605 -1.7975607
-3.5801172 -3.9853418 -1.7975534
-3.4829493 -4.0705118 -1.7975459
-3.38375 -4.153285 -1.7975383
-3.2826366 -4.2336779 -1.7975305
-3.0746288 -4.3870025 -1.7975144
-2.8594921 -4.5301137 -1.7974979
-2.6376758 -4.6626844 -1.7974807
-2.17625 -4.894978 -1.7974451
-1.6945703 -5.0817428 -1.7974077
-1.5715039 -5.1211047 -1.7973983
-1.4475585 -5.1574883 -1.7973887
-1.1971874 -5.2212348 -1.7973692
-1.0708984 -5.248558 -1.7973595
-0.68869138 -5.3121586 -1.7973298
-0.560332 -5.3271947 -1.7973198
-0.43169922 -5.3391299 -1.7973099
0.084609374 -5.3557696 -1.7972697
0.34271485 -5.3454008 -1.7972496
0.60007811 -5.3226018 -1.7972295
0.98328125 -5.2652087 -1.7971997
1.235996 -5.2116141 -1.7971799
1.3613281 -5.1802659 -1.7971702
1.4858203 -5.1458979 -1.7971606
1.7322069 -5.0682163 -1.7971412
1.8539257 -5.0249457 -1.7971318
2.0940626 -4.9296527 -1.7971129
2.3292968 -4.8229012 -1.7970947
2.6717968 -4.6418223 -1.7970679
2.7829883 -4.5760169 -1.7970592
2.8925195 -4.5075483 -1.7970506
3.210742 -4.2865891 -1.7970256
3.313164 -4.2078919 -1.7970176
3.4136913 -4.1267529 -1.7970097
3.7030468 -3.869117 -1.7969869
3.9730272 -3.5912704 -1.7969657
4.0584373 -3.4943793 -1.796959
4.1415429 -3.3955095 -1.7969525
4.3761134 -3.0871642 -1.7969339
4.5198631 -2.872546 -1.7969226
4.587832 -2.7627051 -1.7969172
4.6530662 -2.6512499 -1.7969121
4.7156248 -2.5382597 -1.7969069
5.2438083 -1.0868286 -1.7968647
5.268496 -0.96005428 -1.7968626
5.2900977 -0.8327136 -1.7968608
5.3364258 -0.44810179 -1.796857
5.3456836 -0.3192749 -1.796856
5.354785 0.068012692 -1.796855
5.3515821 0.197135 -1.7968551
5.345293 0.32613462 -1.7968556
5.3233595 0.58349484 -1.796857
5.3077345 0.71171021 -1.7968581
5.2890625 0.83950013 -1.7968594
5.2672458 0.96681458 -1.7968611
4.7123828 2.5443034 -1.7969028
4.240293 2.7025261 -1.6871568
4.0685153 2.7331891 -1.6445526
3.9319921 2.926203 -1.6445631
3.8603125 3.0201886 -1.6445686
3.7863476 3.1124175 -1.6445743
3.7101953 3.2028406 -1.64458
3.6318748 3.2913928 -1.6445861
3.2980077 3.6259747 -1.6446118
3.1193359 3.7808197 -1.6446255
3.0272851 3.8549633 -1.6446326
2.9334764 3.9268639 -1.6446398
2.7407227 4.0637751 -1.6446546
2.6419334 4.1287127 -1.6446623
1.9107813 4.5142927 -1.6447959
1.5795312 4.6408687 -1.6448865
1.3539648 4.7117839 -1.6449394
0.84005857 3.9911444 -1.3684833
0.74029297 3.9925323 -1.3624406
0.65474606 4.0775027 -1.3856436
0.35542968 4.0816631 -1.3746964
0.059277341 4.0857744 -1.3710378
-0.039277341 4.0871429 -1.3714161
-0.13794921 4.0885115 -1.3725929
-0.23685546 4.0898833 -1.3745717
-0.33609375 4.091258 -1.3773583
-0.53609371 4.0940299 -1.3853903
-0.6370703 4.0954266 -1.3906598
-0.7389062 4.0968366 -1.3967854
-0.94556636 4.0996952 -1.4116789
-1.0506641 4.1011467 -1.4204932
-1.2651757 4.1041117 -1.4409982
-1.3749218 4.1056266 -1.4527535
-1.7160937 4.1103349 -1.4945123
-1.8344336 4.1119685 -1.5107576
-1.9554492 4.113637 -1.5282568
-2.2064843 4.117094 -1.5672904
-2.6222851 4.1425996 -1.6450716
-2.8190429 4.0113773 -1.6450871
-3.0092187 3.8708141 -1.645102
-3.1923633 3.721247 -1.6451163
-3.3681054 3.5630162 -1.6451303
-3.5360351 3.3964903 -1.6451434
-3.6169531 3.3102374 -1.6451498
-3.6957617 3.2220592 -1.6451559
-3.7723827 3.1320026 -1.645162
-3.8468359 3.0401318 -1.6451679
-4.0566015 2.7541027 -1.6451844
-4.1218553 2.6554847 -1.6451896
-5.0665426 1.7418334 -1.7976638
-5.10707 1.6191375 -1.7976671
-5.1446486 1.4955114 -1.7976702
-5.306582 0.73798215 -1.7976835
-5.3228517 0.60978758 -1.7976849
-5.346035 0.35241821 -1.7976869
-5.3568163 0.094225459 -1.797688
-5.3575392 -0.034982909 -1.7976881
-5.3551559 -0.16418335 -1.7976881
-5.3496094 -0.29327759 -1.7976878
-5.3409958 -0.42221251 -1.7976872
-5.3144336 -0.67925656 -1.7976854
-5.2964845 -0.8072198 -1.7976842
-5.2754688 -0.93472224 -1.7976826
-5.2514257 -1.0616663 -1.7976807
-5.2242384 -1.188009 -1.7976788
-5.1940622 -1.3136466 -1.7976766
-5.1608982 -1.4385318 -1.7976741
-5.0855079 -1.6857009 -1.7976685
-5.0433593 -1.8078457 -1.7976652
-4.5355859 -2.8515387 -1.7976267
-4.4654493 -2.9600854 -1.7976214
-4.159492 -3.376416 -1.7975979
-3.9044921 -3.6682394 -1.7975783
-3.7230468 -3.8522105 -1.7975645
-3.5329492 -4.0272236 -1.7975498
-3.4347656 -4.1112447 -1.7975422
-3.2324998 -4.2720404 -1.7975267
-3.0227344 -4.4228969 -1.7975105
-2.8059375 -4.5634646 -1.7974937
-2.6950195 -4.6297846 -1.7974851
-2.5825782 -4.6934118 -1.7974764
-1.8787304 -5.0166311 -1.7974219
-1.7571679 -5.0604539 -1.7974126
-1.6346093 -5.1013341 -1.7974032
-1.5111133 -5.1392436 -1.7973936
-1.135625 -5.2349591 -1.7973645
-0.36878905 -5.3438315 -1.797305
0.018496092 -5.3564191 -1.7972749
0.14765625 -5.3543863 -1.7972648
0.40566406 -5.3409796 -1.7972447
0.53435546 -5.3296156 -1.7972348
0.66271484 -5.3151488 -1.7972246
1.0452148 -5.2532482 -1.797195
1.171582 -5.2264853 -1.7971851
1.2973046 -5.1966834 -1.7971753
1.4222265 -5.1638608 -1.7971655
1.7917968 -5.0474539 -1.7971367
2.0330663 -4.9551349 -1.7971177
2.151953 -4.9046412 -1.7971085
2.2696092 -4.8512931 -1.7970992
2.3858984 -4.7951159 -1.7970903
2.7263086 -4.6100235 -1.7970636
3.0523827 -4.4007578 -1.7970381
3.1576171 -4.3259001 -1.7970299
3.2609766 -4.248466 -1.7970217
3.3625 -4.1685686 -1.7970136
3.4620116 -4.0862565 -1.7970059
3.5595899 -4.0015588 -1.7969983
3.7483397 -3.8252323 -1.7969835
3.8394725 -3.733717 -1.7969763
4.0149999 -3.5442178 -1.7969624
4.2607226 -3.2446425 -1.7969431
4.3376951 -3.1409435 -1.7969369
4.4840622 -2.9281142 -1.7969253
4.6839843 -2.5962589 -1.7969096
4.7452345 -2.4825423 -1.7969047
2.5977733 -0.77256531 -0.90937477
2.8473632 -0.77256531 -0.98993474
3.1457031 -0.77256471 -1.0868598
3.2575195 -0.71719849 -1.1191889
5.2995505 -0.77035278 -1.79686
5.3305078 -0.51391846 -1.7968574
5.3491211 -0.25629333 -1.7968557
5.3537107 -0.12722534 -1.7968553
5.3552341 0.0019293212 -1.796855
5.3535938 0.13107055 -1.796855
5.3301368 0.51776308 -1.7968565
5.2989841 0.77417111 -1.7968587
5.255527 1.028783 -1.7968619
3.1359766 0.77256709 -1.0836841
2.8392968 0.7725665 -0.98732513
2.5909569 0.77256531 -0.90718049
4.7433982 2.4859557 -1.7969004
4.6180272 2.7117999 -1.7969099
4.0360351 2.780921 -1.6445552
3.7494531 3.1567967 -1.644577
3.6722264 3.2463133 -1.644583
3.5928905 3.3339343 -1.6445891
3.5114453 3.4196343 -1.6445953
3.4279296 3.5033293 -1.6446017
3.3425 3.5849993 -1.6446083
3.2550781 3.664577 -1.6446152
2.9816992 3.8903527 -1.6446362
2.8869922 3.9611442 -1.6446433
2.790664 4.029633 -1.6446508
2.5931249 4.159544 -1.6446661
2.3895507 4.2797832 -1.6446818
2.1804492 4.3901105 -1.6447133
2.0740235 4.4415116 -1.6447474
1.8575 4.5365291 -1.6448125
1.5247852 4.6591825 -1.6448998
1.4119922 4.6946807 -1.6449264
0.69187498 3.993206 -1.3597946
-4.7860742 1.3854241 -1.7976425
-4.8181052 1.269599 -1.7976451
-4.8473434 1.1530402 -1.7976474
-4.8973045 0.91796386 -1.7976515
-4.9508395 0.56152284 -1.7976559
-4.9629884 0.44196349 -1.797657
-4.9818945 0.082015991 -1.7976588
-4.9748435 -0.27835572 -1.7976587
-4.9666796 -0.39824829 -1.7976581
-4.955586 -0.51791257 -1.7976573
-4.9416599 -0.6372723 -1.7976564
-4.7980857 -1.3432361 -1.7976458
-4.7643356 -1.4585516 -1.7976432
-4.7277145 -1.5730215 -1.7976404
-4.6883788 -1.6865796 -1.7976376
-4.2779298 -2.5542681 -1.7976065
-4.2150779 -2.6566837 -1.7976016
-4.1497264 -2.7575548 -1.7975967
-4.0820312 -2.8568208 -1.7975916
-3.9395311 -3.0503094 -1.7975805
-3.7878125 -3.2366991 -1.7975689
-3.6273241 -3.4155588 -1.7975565
-3.3708982 -3.6688123 -1.7975368
-3.1899998 -3.8270569 -1.797523
-3.0968163 -3.9028578 -1.7975159
-3.0017579 -3.9763906 -1.7975085
-2.9049609 -4.0476103 -1.7975011
-2.8065038 -4.1164727 -1.7974935
-2.5015624 -4.3085375 -1.7974699
-2.0748241 -4.5293851 -1.797437
-1.8540039 -4.6241183 -1.7974199
-1.7419531 -4.6674647 -1.7974112
-1.5148633 -4.7459831 -1.7973934
-1.050625 -4.8697362 -1.7973576
-0.8145898 -4.9146862 -1.7973393
-0.69580078 -4.9328752 -1.79733
-0.45716795 -4.9606428 -1.7973115
-0.33738279 -4.9701953 -1.7973022
-0.097324215 -4.9806342 -1.7972834
0.022792969 -4.9815063 -1.7972741
0.14292969 -4.9794812 -1.7972648
0.62191403 -4.9424601 -1.7972276
0.74091798 -4.9260011 -1.7972183
0.85949218 -4.9066739 -1.797209
0.97753906 -4.8844938 -1.7971998
1.0950781 -4.8594756 -1.7971907
1.211953 -4.8316302 -1.7971815
1.4434961 -4.7675242 -1.7971635
1.5580273 -4.7313037 -1.7971545
1.6716601 -4.692328 -1.7971456
2.1158593 -4.5094028 -1.797111
2.6428905 -4.2220087 -1.7970697
2.8434179 -4.0896416 -1.7970539
3.1315429 -3.8733287 -1.7970314
3.2240233 -3.7966657 -1.7970243
3.4033399 -3.636755 -1.7970099
3.737793 -3.2919836 -1.7969837
3.8160546 -3.2008727 -1.7969776
3.8921483 -3.1079047 -1.7969716
3.9659178 -3.0131629 -1.7969657
4.1065822 -2.8183916 -1.7969546
4.1733789 -2.7185137 -1.7969494
4.2376952 -2.6171014 -1.7969443
4.3589063 -2.4096789 -1.7969346
2.6085351 -0.77256531 -0.98152941
4.8652539 -1.0654058 -1.7968941
4.9109178 -0.82956725 -1.7968904
4.9750781 -0.2327539 -1.7968848
4.9788671 0.12751831 -1.7968841
4.9743552 0.2475531 -1.7968844
4.9566407 0.48711729 -1.7968856
4.943418 0.60651302 -1.7968866
3.2575195 0.72350645 -1.2039051
3.1208203 0.7725665 -1.1599311
2.8267381 0.7725665 -1.0572435
3.337949 3.1044018 -1.644609
3.1844139 3.2617645 -1.6446209
3.1048632 3.3376257 -1.6446271
3.0234571 3.4115477 -1.6446333
2.8554492 3.5533934 -1.6446463
2.7689648 3.6212339 -1.6446528
2.5911133 3.750567 -1.6446666
2.4999804 3.8119793 -1.6446736
2.4073045 3.8711748 -1.6446807
2.1211524 4.0351324 -1.6447029
1.7225585 4.220572 -1.6446579
1.3081055 4.3671489 -1.6447635
1.0903125 3.9875934 -1.4914474
0.98796874 3.9890172 -1.4826353
0.88675779 3.9904277 -1.4747796
0.68722653 3.9932048 -1.4618428
0.60097653 4.0781841 -1.4872123
0.50097656 4.0795732 -1.4828807
0.20369141 4.0837054 -1.4751459
0.10509765 4.0850739 -1.474296
-0.092070311 4.0878096 -1.4751687
-0.19082031 4.089179 -1.4768955
-0.58999997 4.0947089 -1.4925431
-0.69142574 4.0961137 -1.4986988
-0.79374999 4.0975275 -1.5057846
-0.89710933 4.098958 -1.5138224
-1.2147266 4.1033463 -1.5439111
-1.3236523 4.1048493 -1.5560397
-1.4343554 4.1063786 -1.5692788
-1.5470312 4.1079316 -1.5836748
-1.9112109 4.1396394 -1.6450164
-2.0105078 4.0923591 -1.6450241
-2.2055273 3.9906902 -1.6450394
-2.3011131 3.9363561 -1.6450469
-2.5796874 3.7597492 -1.6450686
-2.6696484 3.6964624 -1.6450758
-2.7580273 3.6310179 -1.6450827
-2.844785 3.5634625 -1.6450895
-2.9299023 3.4938347 -1.6450963
-3.0133202 3.4221716 -1.6451029
-3.0949805 3.3485193 -1.6451092
-3.252871 3.1954095 -1.6451216
-3.61375 2.7809198 -1.6451499
-3.6797264 2.6929712 -1.6451552
-3.8053515 2.5124187 -1.6451651
-3.9221289 2.3260217 -1.6451744
-4.0449219 2.268822 -1.6732494
-4.6933594 1.6726276 -1.797635
-4.7324023 1.5589569 -1.7976381
-4.7685938 1.444378 -1.7976409
-4.8020506 1.3289599 -1.7976437
-4.8605466 1.0958704 -1.7976484
-4.8855662 0.97833431 -1.7976506
-4.9077735 0.86022705 -1.7976524
-4.9270897 0.74161863 -1.7976539
-4.9435544 0.62257934 -1.7976553
-4.9571095 0.50317872 -1.7976565
-4.9678125 0.38348266 -1.7976575
-4.9756446 0.26356688 -1.7976582
-4.9805079 0.1434961 -1.7976587
-4.9825196 0.023338012 -1.7976589
-4.9711719 -0.33692321 -1.7976583
-4.9615817 -0.45671508 -1.7976577
-4.9491601 -0.57623899 -1.7976568
-4.9338474 -0.6954242 -1.7976557
-4.9156251 -0.81421077 -1.7976545
-4.8945508 -0.93252009 -1.7976528
-4.870625 -1.0502844 -1.7976512
-4.7467966 -1.5145632 -1.797642
-4.3091602 -2.5012786 -1.7976087
-4.1834569 -2.7061369 -1.7975992
-4.116992 -2.8062322 -1.7975941
-3.9768748 -3.0014644 -1.7975835
-3.749414 -3.2810838 -1.7975661
-3.6692381 -3.3705389 -1.7975597
-3.5868359 -3.45804 -1.7975535
-3.4159179 -3.6269438 -1.7975404
-3.3274412 -3.7082946 -1.7975335
-3.2370117 -3.7874048 -1.7975265
-3.144707 -3.8643649 -1.7975194
-2.9547069 -4.0114627 -1.7975049
-2.8571093 -4.081533 -1.7974974
-2.7577929 -4.1492324 -1.7974896
-2.6569335 -4.2145152 -1.7974818
-2.5545115 -4.277349 -1.797474
-2.3452735 -4.3955097 -1.7974578
-2.2385743 -4.4507723 -1.7974496
-2.1305859 -4.5034437 -1.7974412
-2.0213475 -4.553493 -1.7974327
-1.9109179 -4.600894 -1.7974241
-1.799414 -4.6456237 -1.7974156
-1.686875 -4.6876416 -1.7974069
-1.5733007 -4.7269416 -1.7973981
-1.4588281 -4.7634826 -1.7973891
-1.3435352 -4.7972569 -1.7973802
-1.2274804 -4.8282356 -1.7973711
-1.110625 -4.8564124 -1.7973622
-0.9932031 -4.8817625 -1.797353
-0.51833981 -4.9546318 -1.7973162
-0.39869139 -4.9656644 -1.7973069
-0.15880859 -4.9790649 -1.7972883
0.08148437 -4.9808812 -1.7972696
0.44130859 -4.9618812 -1.7972417
0.56087887 -4.9497714 -1.7972323
0.79886717 -4.9169211 -1.7972137
0.91722655 -4.8962011 -1.7972045
1.1522461 -4.8462281 -1.7971863
1.26875 -4.817009 -1.7971771
1.3845508 -4.7849865 -1.7971681
1.8389844 -4.6292801 -1.7971327
2.1688085 -4.4841642 -1.7971069
2.2763281 -4.4305396 -1.7970984
2.3824999 -4.3743315 -1.7970901
2.4872851 -4.315568 -1.7970818
2.5906055 -4.2543192 -1.7970738
2.6924415 -4.1905885 -1.7970659
3.0835156 -3.9117496 -1.7970352
3.1769531 -3.8361735 -1.7970278
3.2685351 -3.7584264 -1.7970207
3.3582225 -3.6784973 -1.7970136
3.6153123 -3.4260576 -1.7969934
3.6968553 -3.337863 -1.7969869
3.776289 -3.2477221 -1.7969807
3.928457 -3.0618432 -1.7969687
4.0715036 -2.86885 -1.7969574
4.1394725 -2.7698145 -1.796952
4.2050781 -2.6691732 -1.7969469
2.7260547 -0.77256471 -1.0222524
3.2575195 -0.7555908 -1.206468
4.9003711 -0.89011228 -1.7968911
4.9203906 -0.77167481 -1.7968894
4.9518747 -0.53352231 -1.7968869
4.971797 -0.29413024 -1.796885
4.9774413 -0.17414245 -1.7968845
4.9505467 0.54546016 -1.796886
4.9359765 0.66469055 -1.796887
4.9184766 0.78353637 -1.7968882
4.8981442 0.90192258 -1.7968898
4.8749804 1.0197887 -1.7968915
3.2575195 0.76387203 -1.2071465
2.701211 0.7725665 -1.0136348
4.3229098 2.4737177 -1.7969331
4.2620115 2.5772576 -1.7969377
4.0946875 2.6129663 -1.7524542
3.6553123 2.7234991 -1.6445848
3.4488866 2.980655 -1.6446006
3.376035 3.0629692 -1.6446061
3.2244139 3.2222173 -1.6446179
3.1458008 3.2990544 -1.6446239
3.0653124 3.3739703 -1.6446301
2.9830468 3.4469268 -1.6446365
2.8991015 3.5178759 -1.6446429
2.8134179 3.586781 -1.6446495
2.5467968 3.7808311 -1.64467
2.4549217 3.8411658 -1.644677
2.3615625 3.8992686 -1.6446844
1.9749805 4.1086836 -1.6447141
1.8753515 4.1551371 -1.644722
1.5700586 4.2797771 -1.6446993
1.4664062 4.3164692 -1.6447259
1.361914 4.3506413 -1.6447511
1.256582 4.382266 -1.6447699
0.73794919 3.9924994 -1.4648072
0.65238279 4.0774689 -1.489774
0.55207032 4.0788627 -1.4849859
0.25419921 4.0830035 -1.4759134
0.15552734 4.084373 -1.4746236
-0.041601561 4.087111 -1.4746194
-0.43812498 4.0926056 -1.4849633
-0.53841794 4.093996 -1.4897476
-0.63943356 4.0953922 -1.4954338
-0.74128902 4.0968022 -1.5020411
-0.94798827 4.0996599 -1.5181015
-1.053125 4.1011124 -1.5276031
-1.1596484 4.1025848 -1.5381241
-1.3774804 4.1055913 -1.5623627
-1.4891211 4.1071329 -1.576161
-1.602832 4.1087003 -1.5911388
-1.759043 4.2065263 -1.6450045
-1.8599805 4.1628971 -1.6450124
-1.9598632 4.1168513 -1.6450202
-2.0585546 4.0684037 -1.6450279
-2.2523437 3.9644482 -1.645043
-2.6237891 3.7291174 -1.6450721
-2.8005664 3.5982904 -1.6450861
-2.8865428 3.529716 -1.6450927
-2.9708788 3.4590905 -1.6450994
-3.0534179 3.386452 -1.6451058
-3.1342382 3.3118408 -1.6451123
-3.4387109 2.9945745 -1.6451362
-3.6462305 2.7381737 -1.6451526
-3.8346679 2.4674346 -1.6451675
-3.8930664 2.3742406 -1.6451721
-3.9549022 2.2829425 -1.64754
-4.7127733 1.6172394 -1.7976365
-4.7504101 1.5031177 -1.7976396
-4.8466992 1.1557672 -1.7976474
-4.8731251 1.0385443 -1.7976495
-4.8967576 0.92072141 -1.7976515
-4.9175391 0.80236202 -1.7976532
-4.9354882 0.68353391 -1.7976546
-4.9720116 0.32494506 -1.7976578
-4.9783592 0.20494689 -1.7976584
-4.9825001 -0.035343017 -1.7976589
-4.9749804 -0.27555054 -1.7976587
-4.9420118 -0.63448548 -1.7976564
-4.9252734 -0.75348753 -1.7976551
-4.905664 -0.87204647 -1.7976538
-4.8832226 -0.99009883 -1.7976521
-4.7651367 -1.45587 -1.7976434
-4.7286134 -1.5703591 -1.7976407
-4.2793751 -2.5518541 -1.7976065
-4.2165818 -2.6543083 -1.7976017
-4.0136328 -2.952162 -1.7975862
-3.9412107 -3.048089 -1.7975807
-3.8665819 -3.1422455 -1.797575
-3.7896287 -3.2345691 -1.797569
-3.7105467 -3.3250074 -1.797563
-3.6292577 -3.4135144 -1.7975568
-3.5458789 -3.5000319 -1.7975503
-3.4604101 -3.5845146 -1.7975438
-3.3729687 -3.6669176 -1.7975371
-3.2835155 -3.747174 -1.7975302
-3.192168 -3.8252745 -1.7975231
-3.0989647 -3.9011142 -1.797516
-3.0039647 -3.9747012 -1.7975087
-2.8088281 -4.1148949 -1.7974936
-2.6071289 -4.2455082 -1.797478
-2.399375 -4.3662448 -1.797462
-2.2933397 -4.4228187 -1.7974538
-1.9675585 -4.5769787 -1.7974286
-1.8566406 -4.6230707 -1.79742
-1.6315429 -4.7071729 -1.7974026
-1.4026366 -4.7803226 -1.7973847
-1.2869726 -4.812736 -1.7973759
-0.93564451 -4.8931084 -1.7973486
-0.81736326 -4.9142246 -1.7973394
-0.69861329 -4.9324832 -1.7973303
-0.57945311 -4.9478726 -1.797321
-0.34021485 -4.970006 -1.7973024
0.26019531 -4.9747128 -1.7972556
0.61914062 -4.9428101 -1.7972277
0.73814452 -4.9264164 -1.7972184
0.97478515 -4.8850465 -1.7972
1.2092187 -4.832314 -1.7971818
1.3254101 -4.8017216 -1.7971727
1.4407812 -4.7683377 -1.7971636
1.6690429 -4.6932731 -1.7971458
1.7817383 -4.6516361 -1.7971371
1.8933984 -4.6072941 -1.7971284
2.3283398 -4.4034085 -1.7970943
2.4338086 -4.3459558 -1.7970861
2.5378907 -4.2859755 -1.7970779
2.6405077 -4.2234898 -1.79707
2.9389257 -4.0215201 -1.7970464
3.129375 -3.8750999 -1.7970315
3.2218945 -3.7984881 -1.7970244
3.312578 -3.7196634 -1.7970172
3.5727735 -3.4704256 -1.7969967
3.8142383 -3.2030258 -1.7969776
4.0358005 -2.9189045 -1.7969602
4.2981443 -2.5165639 -1.7969395
4.3575778 -2.4121366 -1.7969347
2.6031444 -0.77256471 -0.97966266
2.85375 -0.77256405 -1.0666528
3.1533594 -0.77256471 -1.1713332
4.8890038 -0.95052487 -1.7968922
4.9578123 -0.47517151 -1.7968864
4.9749022 -0.23556213 -1.7968849
4.9568944 0.48432004 -1.7968856
4.9278126 0.72277284 -1.7968876
4.9089255 0.84140623 -1.7968889
3.2575195 0.72158021 -1.2037545
3.1283984 0.77256709 -1.1625832
2.5856445 0.7725659 -0.97361404
4.2313476 2.6272662 -1.7969401
3.8496873 2.5209136 -1.6601945
3.7521484 2.5884326 -1.6445773
3.6886327 2.6781793 -1.6445822
3.4853907 2.9378526 -1.6445978
3.4135351 3.0210698 -1.6446033
3.339746 3.1025188 -1.644609
3.2639062 3.1821795 -1.6446148
3.1862695 3.2599695 -1.6446208
3.0253906 3.4098401 -1.6446332
2.942246 3.4818296 -1.6446395
2.8574803 3.5517759 -1.6446462
2.7709961 3.6196735 -1.6446527
2.6829102 3.6854582 -1.6446595
2.5932422 3.7491076 -1.6446664
2.5020897 3.8105669 -1.6446735
2.4094727 3.8698187 -1.6446806
2.3154688 3.9268169 -1.6446879
2.2200584 3.9815342 -1.6446953
2.1234374 4.0339351 -1.6447027
2.0255663 4.083992 -1.6447103
1.9265039 4.1316657 -1.6447179
1.6227148 4.2600422 -1.6446853
1.3105859 4.3664069 -1.6447629
0.99035156 3.9889855 -1.4828311
0.88910156 3.9903948 -1.4749522
0.78888673 3.9917901 -1.4680073
0.68953121 3.9931731 -1.4619724
0.6033203 4.0781512 -1.4873239
0.40384763 4.0809245 -1.4795026
0.30476561 4.0823002 -1.4769059
0.10738281 4.085042 -1.4743057
-0.18849608 4.0891461 -1.4768459
-0.38703123 4.0918975 -1.4828612
-0.79134762 4.0974956 -1.5056081
-0.89468747 4.0989237 -1.5136238
-1.212207 4.1033125 -1.5436407
-1.3210937 4.104815 -1.555745
-1.5443945 4.1078959 -1.5833251
-1.808496 4.1855216 -1.6450083
-2.1063476 4.0438848 -1.6450317
-2.5775781 3.7612016 -1.6450686
-2.6675391 3.6979632 -1.6450757
-2.7559569 3.6325672 -1.6450825
-3.0931053 3.3502588 -1.6451089
-3.327246 3.1179187 -1.6451274
-3.4015038 3.0367858 -1.6451334
-3.4737499 2.9538739 -1.645139
-3.6782031 2.6950469 -1.6451552
-3.7421875 2.6055646 -1.6451602
-3.8039062 2.5145679 -1.6451651
-4.692461 1.6752771 -1.7976348
-4.731504 1.5616248 -1.7976381
-4.8320312 1.2154962 -1.7976462
-4.859961 1.0986066 -1.7976484
-4.9073048 0.86298889 -1.7976522
-4.9266405 0.74439514 -1.7976539
-4.9568357 0.50597471 -1.7976565
-4.981699 -0.094025269 -1.7976589
-4.961875 -0.45392027 -1.7976577
-4.9494529 -0.57345641 -1.7976568
-4.8712111 -1.0475464 -1.7976512
-4.8150392 -1.2812121 -1.797647
-4.7827148 -1.3969531 -1.7976446
-4.7476563 -1.5118915 -1.797642
-4.7097654 -1.6259406 -1.7976391
-4.6692185 -1.7390481 -1.797636
-4.1185546 -2.8039083 -1.7975943
-3.9785545 -2.999218 -1.7975836
-3.8293164 -3.1875551 -1.7975721
-3.6711133 -3.3684692 -1.79756
-3.588789 -3.456017 -1.7975537
-3.5043554 -3.5415437 -1.7975471
-3.3295312 -3.7063718 -1.7975336
-3.2391405 -3.7855906 -1.7975268
-3.0528123 -3.9373338 -1.7975123
-2.8593946 -4.0799236 -1.7974975
-2.6592968 -4.2130203 -1.7974821
-2.5569336 -4.2759085 -1.7974741
-2.4530663 -4.3363123 -1.797466
-2.3477342 -4.3941889 -1.7974581
-2.2410936 -4.449513 -1.7974497
-2.0239258 -4.5523562 -1.797433
-1.9135156 -4.5998197 -1.7974244
-1.346289 -4.7964983 -1.7973804
-1.2301953 -4.827548 -1.7973715
-1.1133984 -4.8557887 -1.7973623
-0.99593747 -4.8812027 -1.7973533
-0.87792969 -4.9037771 -1.7973442
-0.52115232 -4.954339 -1.7973164
-0.40150389 -4.9654431 -1.7973071
0.078691408 -4.9809251 -1.7972698
0.31873047 -4.9712877 -1.7972511
0.43855467 -4.9621344 -1.7972418
0.55806637 -4.9500837 -1.7972325
0.67728513 -4.9351645 -1.7972232
0.79611325 -4.9173737 -1.797214
0.91447264 -4.8967175 -1.7972047
1.0322461 -4.8732152 -1.7971956
1.1494921 -4.8468757 -1.7971864
1.2660742 -4.8177276 -1.7971774
1.6109766 -4.7135239 -1.7971504
1.9475195 -4.5846653 -1.7971241
2.1662891 -4.485383 -1.7971071
2.273828 -4.4318175 -1.7970986
2.3799999 -4.3756595 -1.7970903
2.4848828 -4.3169632 -1.7970822
2.690078 -4.1921082 -1.797066
2.9860547 -3.9866202 -1.7970428
3.0813282 -3.9134316 -1.7970353
3.1748047 -3.8379681 -1.7970281
3.3561132 -3.6803927 -1.7970138
3.4439256 -3.5983653 -1.797007
3.5296874 -3.5142574 -1.7970001
3.6950195 -3.3399527 -1.7969871
3.8517187 -3.1578691 -1.7969748
3.9267578 -3.0640559 -1.7969688
3.9994922 -2.9684789 -1.7969632
4.3274803 -2.4657571 -1.7969372
3.2574999 -0.75752193 -1.2066258
4.8768749 -1.0107776 -1.7968931
4.8998437 -0.89287716 -1.7968913
4.9199219 -0.77444822 -1.7968897
4.9630661 -0.41674682 -1.796886
4.9716601 -0.29693297 -1.7968851
4.9773631 -0.17695251 -1.7968845
4.9712696 0.30331299 -1.7968845
4.9624805 0.42311767 -1.7968851
4.9363279 0.66190976 -1.796887
4.875586 1.0170361 -1.7968915
3.2575195 0.76193482 -1.2069867
2.9773047 0.7725665 -1.1097366
4.382617 2.3662677 -1.7969285
3.7837889 2.5419323 -1.644575
3.7213671 2.6324565 -1.6445798
3.5901561 2.8088493 -1.6445898
3.3029492 3.1416545 -1.6446118
3.2262304 3.2203972 -1.6446177
3.1476367 3.2972815 -1.6446236
3.0672069 3.3722453 -1.64463
2.9850194 3.4452405 -1.6446362
2.8154297 3.5851958 -1.6446493
2.7282031 3.6520629 -1.6446561
2.5489256 3.7793951 -1.6446699
2.4570508 3.8397863 -1.6446769
2.2690625 3.9538219 -1.6446915
2.1730664 4.0074153 -1.6446989
1.9773241 4.1075702 -1.644714
1.7769531 4.1981754 -1.6447296
1.6751758 4.2396526 -1.6446711
1.4688281 4.315639 -1.6447253
1.2590625 4.3815556 -1.6447697
1.0425781 3.9882562 -1.4872296
0.55441403 4.0788312 -1.485088
0.45468748 4.0802188 -1.4811684
0.35542968 4.0815973 -1.4781268
0.25650391 4.0829716 -1.4759537
-0.039277341 4.0870781 -1.4745996
-0.23683593 4.0898175 -1.4779921
-0.6370703 4.0953608 -1.4952905
-0.73888671 4.0967693 -1.501877
-1.0506641 4.1010785 -1.5273688
-1.1571289 4.1025505 -1.5378658
-1.2651563 4.1040435 -1.5494152
-1.3749024 4.105557 -1.5620542
-1.4864843 4.1070976 -1.5758255
-1.7566601 4.2075129 -1.6450043
-1.8576367 4.1639423 -1.6450121
-2.0562694 4.0695624 -1.6450278
-2.1538281 4.0188065 -1.6450354
-2.2501366 3.9657147 -1.6450429
-2.3451366 3.9103131 -1.6450503
-2.43875 3.8526323 -1.6450577
-2.530957 3.7927172 -1.6450649
-2.7109571 3.6663001 -1.645079
-2.8845704 3.5313439 -1.6450926
-2.9689453 3.4607677 -1.6450993
-3.0515039 3.3881676 -1.6451057
-3.1323826 3.313612 -1.6451122
-3.2113671 3.2371142 -1.6451184
-3.2885351 3.1587408 -1.6451243
-3.4370313 2.9965191 -1.6451361
-3.5083203 2.9127612 -1.6451417
-3.577539 2.8273211 -1.6451471
-3.644707 2.7402289 -1.6451524
-3.8917382 2.3764355 -1.6451719
-3.951328 2.2838519 -1.6465865
-4.6714258 1.7330548 -1.7976332
-4.7495508 1.5057909 -1.7976394
-4.8460155 1.1585022 -1.7976472
-4.8725586 1.0412933 -1.7976495
-4.8962498 0.92348629 -1.7976513
-4.9170899 0.80513245 -1.7976532
-4.9350977 0.68632138 -1.7976546
-4.962461 0.44755858 -1.797657
-4.9751368 -0.27274597 -1.7976587
-4.9061522 -0.86928588 -1.7976538
-4.7996287 -1.3378286 -1.7976458
-4.6903124 -1.6812927 -1.7976377
-4.2807813 -2.5494418 -1.7976066
-3.8683202 -3.1400638 -1.797575
-3.7914648 -3.2324288 -1.7975693
-3.285625 -3.7453117 -1.7975303
-2.9095311 -4.0443335 -1.7975013
-2.7111328 -4.1798863 -1.7974861
-2.6094921 -4.244041 -1.7974782
-2.4017968 -4.364893 -1.7974621
-2.0799608 -4.5270429 -1.7974372
-1.9701366 -4.5758696 -1.7974287
-1.7472265 -4.6655002 -1.7974114
-1.6341796 -4.706255 -1.7974027
-1.5201757 -4.744278 -1.7973939
-1.4053124 -4.7795324 -1.7973851
-1.2896484 -4.8120136 -1.797376
-1.1732422 -4.8416867 -1.7973671
-1.0560937 -4.8685536 -1.7973579
-0.58220702 -4.9475446 -1.7973211
-0.34296873 -4.9698157 -1.7973025
0.017167969 -4.9815307 -1.7972746
0.13732421 -4.979641 -1.7972653
0.37728515 -4.9671788 -1.7972465
0.49697265 -4.9566112 -1.7972372
1.2065039 -4.8329945 -1.797182
1.5526953 -4.7330585 -1.7971549
2.0013671 -4.5613999 -1.7971199
2.1108007 -4.5117826 -1.7971113
2.2189844 -4.4595475 -1.7971029
2.3258202 -4.4047194 -1.7970946
2.5355077 -4.2874112 -1.7970783
2.6381445 -4.2249708 -1.7970701
2.838789 -4.0929236 -1.7970544
2.9366601 -4.0231738 -1.7970468
3.0327928 -3.9511676 -1.7970392
3.1271875 -3.8768554 -1.7970319
3.2197657 -3.8003013 -1.7970245
3.3992381 -3.640589 -1.7970104
3.4860351 -3.5575511 -1.7970036
3.5708008 -3.4724436 -1.7969968
3.653496 -3.3852978 -1.7969903
3.734082 -3.2961941 -1.7969841
3.8124413 -3.2051709 -1.7969778
4.1703124 -2.723217 -1.7969496
2.5977929 -0.77256531 -0.97781104
3.1457226 -0.77256471 -1.1686518
4.8884568 -0.95327204 -1.7968922
4.9286914 -0.71644837 -1.7968888
4.9445896 -0.59738278 -1.7968875
4.9675975 -0.35826904 -1.7968855
4.9747849 -0.23835938 -1.7968849
4.9805079 0.0017956543 -1.7968841
4.9790235 0.12189758 -1.7968841
4.9673438 0.36183897 -1.7968849
4.9441404 0.60093629 -1.7968864
4.9282031 0.71999937 -1.7968876
4.9094334 0.83863705 -1.7968889
4.8877344 0.95679444 -1.7968905
3.2575195 0.71965086 -1.2036045
3.135957 0.77256709 -1.1652369
2.8392968 0.77256709 -1.0616261
4.3544531 2.4177208 -1.7969307
4.2949219 2.5220428 -1.7969352
4.232832 2.6248858 -1.79694
3.7536132 2.5863202 -1.6445773
3.6901367 2.6760998 -1.6445822
3.6245313 2.7643182 -1.644587
3.5568359 2.8509393 -1.6445923
3.2657225 3.1803362 -1.6446147
3.1085937 3.3341289 -1.6446267
3.0273046 3.4081366 -1.6446329
2.859453 3.5501697 -1.6446459
2.6849804 3.6839435 -1.6446594
2.5042186 3.80916 -1.6446732
2.4116602 3.8684583 -1.6446805
2.1257226 4.0327387 -1.6447026
2.027832 4.0828471 -1.6447101
1.9288281 4.1305828 -1.6447178
1.8286523 4.1759124 -1.6447256
1.7273437 4.2186222 -1.6446565
1.3130273 4.3656707 -1.6447624
1.0951366 3.987525 -1.4918835
0.99271482 3.9889514 -1.4830261
0.89146483 3.9903619 -1.475126
0.79121095 3.9917572 -1.4681593
0.69185543 3.9931402 -1.4621028
-4.4006052 1.5073376 -1.7976123
-4.4356446 1.4007745 -1.7976152
-4.4980273 1.1852661 -1.7976202
-4.5499802 0.96700257 -1.7976245
-4.5719724 0.85698849 -1.7976263
-4.6080079 0.63553953 -1.7976292
-4.6333203 0.41260618 -1.7976314
-4.6418748 0.30074766 -1.7976321
-4.6477733 0.18871154 -1.7976327
-4.6492577 -0.14778747 -1.7976332
-4.6443748 -0.25986451 -1.7976328
-4.6366992 -0.37179747 -1.7976325
-4.6264257 -0.48351011 -1.7976316
-4.6134181 -0.59494323 -1.7976308
-4.5976954 -0.7060315 -1.7976297
-4.5583005 -0.92690611 -1.7976267
-4.5083203 -1.1456203 -1.7976232
-4.413672 -1.4685376 -1.7976161
-4.3769727 -1.5745486 -1.7976131
-4.050117 -2.2875988 -1.7975885
-3.9350586 -2.4802213 -1.7975798
-3.874121 -2.5743883 -1.797575
-3.8109179 -2.6670654 -1.7975701
-3.6080859 -2.9355631 -1.7975547
-3.5362499 -3.0217147 -1.7975491
-3.4623437 -3.1061087 -1.7975434
-3.3864062 -3.1886935 -1.7975377
-3.308496 -3.2694244 -1.7975317
-3.2286718 -3.348248 -1.7975256
-3.1470118 -3.4251263 -1.7975192
-2.9781444 -3.5728636 -1.7975062
-2.8023827 -3.7122808 -1.7974927
-2.7120702 -3.7787695 -1.7974858
-2.5266407 -3.9051147 -1.7974714
-2.4317186 -3.9648976 -1.7974641
-2.1386914 -4.1302719 -1.7974415
-1.8344727 -4.2740202 -1.797418
-1.7308788 -4.3170013 -1.7974099
-1.626289 -4.3574677 -1.7974019
-0.87091798 -4.5686293 -1.7973433
-0.53833985 -4.6195726 -1.7973175
-0.42677733 -4.6311903 -1.7973088
-0.31498045 -4.6401134 -1.7973001
0.02126953 -4.6506767 -1.797274
0.13345703 -4.6487894 -1.7972653
0.3574414 -4.6369047 -1.7972479
0.80242187 -4.5808282 -1.7972131
0.91265625 -4.560122 -1.7972045
1.0223438 -4.5367646 -1.797196
1.3476367 -4.4509244 -1.7971706
1.6658789 -4.3417983 -1.7971458
1.7700391 -4.3003421 -1.7971377
1.975371 -4.2099533 -1.7971216
2.2745311 -4.0560832 -1.7970982
2.3716407 -4.0000334 -1.7970905
2.4674413 -3.9416707 -1.7970831
2.5617578 -3.8809924 -1.7970757
2.7458985 -3.7529285 -1.7970613
2.9236133 -3.6161315 -1.7970474
3.0099804 -3.5445592 -1.7970405
3.0945506 -3.4709239 -1.7970339
3.3373437 -3.2380948 -1.7970148
3.5626562 -2.9883351 -1.7969971
3.7693357 -2.7229347 -1.7969809
3.8339062 -2.6312344 -1.7969756
3.9563086 -2.443294 -1.7969661
4.014082 -2.3471692 -1.7969614
2.6085351 -0.77256471 -1.0513515
2.8601367 -0.77256405 -1.1449125
4.5422068 -0.99468809 -1.7969192
4.5648632 -0.88479674 -1.7969172
4.5848827 -0.77448547 -1.7969155
4.6168942 -0.55251157 -1.7969129
4.6485934 -0.10527161 -1.79691
4.6483006 0.11905029 -1.7969099
4.6371484 0.34304503 -1.7969105
4.6275196 0.45477295 -1.7969112
4.5825391 0.78810668 -1.7969145
4.5622067 0.89840633 -1.7969159
3.2575195 0.72350526 -1.2895459
3.1208203 0.7725665 -1.2424436
2.8267186 0.77256709 -1.1324514
2.580332 0.7725665 -1.0409081
4.0627732 2.2617669 -1.7969536
4.0070505 2.3590961 -1.7969579
3.9490232 2.4550524 -1.7969623
3.775703 2.4755237 -1.7447736
3.501621 2.4185376 -1.6445969
3.380996 2.5845807 -1.6446062
3.0454881 2.972589 -1.6446319
2.9729686 3.045177 -1.6446376
2.8986719 3.1160004 -1.6446432
2.8227148 3.1850109 -1.6446491
2.7450585 3.2521679 -1.6446551
2.4191015 3.5015166 -1.6446801
2.1596484 3.6672783 -1.6447003
1.8889062 3.8138573 -1.6447212
1.7963672 3.8583171 -1.6447283
1.7028124 3.9005322 -1.6447356
1.6083007 3.9404802 -1.6447428
1.4164063 4.0134807 -1.6447576
1.2212499 4.0771441 -1.6447729
1.122539 4.1054301 -1.6447805
0.68722653 3.9931402 -1.5658053
0.40150389 4.0808902 -1.5846461
0.30246094 4.0822663 -1.5818871
0.10509765 4.0850077 -1.5791451
0.0065624998 4.0863738 -1.5791539
-0.48935544 4.0932488 -1.5930727
-0.91003907 4.1581111 -1.6449385
-1.2082617 4.0814972 -1.6449618
-1.4036914 4.0185237 -1.6449771
-1.5001757 3.9835229 -1.6449846
-1.5958399 3.9462018 -1.644992
-1.7842578 3.864696 -1.6450067
-2.1482618 3.6749108 -1.6450353
-2.6558592 3.3267772 -1.6450751
-2.7352929 3.2617717 -1.6450813
-2.8131835 3.1948712 -1.6450874
-2.9640038 3.0555272 -1.6450993
-3.0368164 2.9831688 -1.6451049
-3.1078906 2.9090729 -1.6451106
-3.1771483 2.8332837 -1.645116
-3.3100781 2.6768036 -1.6451265
-3.4949803 2.4305248 -1.6451411
-3.6284959 2.2719231 -1.6544253
-4.0099411 2.249207 -1.7767819
-4.4518356 1.3484368 -1.7976164
-4.4830661 1.240683 -1.797619
-4.5117188 1.1322131 -1.7976213
-4.5376954 1.023078 -1.7976234
-4.5610352 0.91334713 -1.7976254
-4.5817575 0.80308467 -1.7976271
-4.599824 0.69235897 -1.7976286
-4.6151757 0.58122498 -1.7976298
-4.6278319 0.46975586 -1.7976309
-4.6378322 0.35801268 -1.7976317
-4.6515622 0.02178894 -1.7976332
-4.6507421 -0.090396725 -1.7976332
-4.6471872 -0.20253052 -1.7976331
-4.632031 -0.42637634 -1.7976321
-4.6060939 -0.649234 -1.7976303
-4.5891013 -0.76012754 -1.797629
-4.4945116 -1.198637 -1.7976221
-4.4314842 -1.4139608 -1.7976173
-4.3961134 -1.5204126 -1.7976147
-4.0229101 -2.3351378 -1.7975863
-3.8435352 -2.6198354 -1.7975727
-3.5732422 -2.9778509 -1.797552
-3.3485742 -3.2283528 -1.7975347
-3.1890039 -3.3860366 -1.7975225
-3.1064258 -3.4619489 -1.7975161
-2.6673241 -3.8104424 -1.7974823
-2.3848436 -3.9932537 -1.7974604
-2.2878711 -4.0495877 -1.7974529
-2.1895118 -4.1035695 -1.7974453
-1.7840234 -4.2953205 -1.7974141
-1.4688085 -4.4129949 -1.7973896
-1.1459374 -4.5075712 -1.7973646
-1.036875 -4.5338755 -1.7973562
-0.92724609 -4.5575442 -1.7973477
-0.59531248 -4.6125903 -1.7973219
-0.48388672 -4.6255808 -1.7973132
-0.26033202 -4.6434922 -1.7972958
-0.14824219 -4.6483979 -1.7972871
-0.036132812 -4.6505985 -1.7972784
0.076054685 -4.6500926 -1.7972697
0.52359372 -4.6210556 -1.7972349
0.74582028 -4.5903912 -1.7972175
0.85632813 -4.5710464 -1.797209
1.1845117 -4.4971194 -1.7971834
1.3999609 -4.4347348 -1.7971666
1.9232421 -4.2340183 -1.7971257
2.024785 -4.1863871 -1.7971177
2.1251757 -4.1363263 -1.79711
2.5136719 -3.9123287 -1.7970794
2.6993554 -3.7865343 -1.7970649
2.8787694 -3.6519177 -1.797051
3.1352344 -3.4342368 -1.7970308
3.2171092 -3.3576126 -1.7970244
3.2971485 -3.2790444 -1.7970179
3.4513867 -3.1162157 -1.7970059
3.5255468 -3.0320804 -1.7970001
3.7354882 -2.769248 -1.7969835
3.8011718 -2.6783571 -1.7969782
3.9258592 -2.4919326 -1.7969683
4.0414257 -2.2997298 -1.7969592
2.7260547 -0.77256471 -1.0949705
3.0000391 -0.77256471 -1.1971948
3.2574999 -0.75559139 -1.2922906
4.6097069 -0.60944396 -1.7969136
4.6230664 -0.49810058 -1.7969123
4.6337304 -0.38644531 -1.7969115
4.6416993 -0.27463317 -1.7969108
4.6469727 -0.16262512 -1.7969102
4.6218748 0.50924313 -1.7969116
4.608242 0.62055784 -1.7969126
4.5729685 0.84203917 -1.7969151
2.701211 0.77256709 -1.085741
4.0903711 2.2114568 -1.7969514
4.0358591 2.3094628 -1.7969556
3.9789844 2.4061296 -1.79696
3.6035936 2.423836 -1.6783123
3.4729297 2.4596159 -1.6445993
3.3502929 2.6242273 -1.6446086
3.2860546 2.7042632 -1.6446135
2.7065625 3.2842772 -1.644658
2.6266015 3.3486102 -1.6446643
2.5450585 3.4109881 -1.6446705
2.4620898 3.4713886 -1.6446769
2.3776758 3.5297711 -1.6446834
2.2918553 3.5860987 -1.64469
2.2047265 3.6403394 -1.6446967
2.0266407 3.7424486 -1.6447105
1.9358202 3.7902496 -1.6447176
1.7508203 3.8792131 -1.6447319
1.5617383 3.959157 -1.6447465
1.3690234 4.0298905 -1.6447613
1.2714648 4.0617523 -1.644769
1.1731445 4.0912542 -1.6447766
1.0401758 3.9882231 -1.5927767
0.93839842 3.989641 -1.5838422
0.8376953 3.9910443 -1.575917
0.65236324 4.0774031 -1.595724
0.15554687 4.0843072 -1.5794958
-0.041582029 4.0870428 -1.5794915
-0.33839843 4.0911579 -1.5863998
-0.53841794 4.0939274 -1.5956953
-0.75787109 4.1884904 -1.6449267
-0.85865235 4.169014 -1.6449345
-0.95892578 4.1471124 -1.6449423
-1.157832 4.0960879 -1.6449579
-1.4509569 4.0017252 -1.6449808
-2.0129101 3.7507575 -1.6450247
-2.1027539 3.7011371 -1.6450317
-2.278789 3.5954649 -1.6450454
-2.3648241 3.5394773 -1.6450522
-2.5327928 3.4213591 -1.6450654
-2.8506055 3.1615222 -1.6450903
-2.9260547 3.0918694 -1.6450963
-2.9997656 3.0204108 -1.645102
-3.1419725 2.8722734 -1.6451132
-3.2103124 2.7956719 -1.6451187
-3.5799804 2.30354 -1.6451478
-3.9051757 2.2542284 -1.7425424
-4.0834179 2.2276056 -1.797587
-4.3997068 1.5098169 -1.7976123
-4.4973826 1.1877991 -1.7976202
-4.5247459 1.0789928 -1.7976223
-4.6216798 0.52682495 -1.7976304
-4.6509571 0.079191893 -1.7976331
-4.651504 -0.032996215 -1.7976332
-4.6493554 -0.14516479 -1.7976332
-4.6137695 -0.5923419 -1.7976308
-4.5981054 -0.70343751 -1.7976297
-4.579824 -0.81412351 -1.7976283
-4.508945 -1.1430805 -1.7976232
-4.4800782 -1.2514858 -1.797621
-4.4485936 -1.3591632 -1.7976186
-4.4145117 -1.4660488 -1.7976161
-3.9364648 -2.4780011 -1.7975798
-3.8123827 -2.6649163 -1.7975703
-3.5379295 -3.0197232 -1.7975492
-3.464082 -3.1041574 -1.7975436
-3.2305858 -3.3464291 -1.7975258
-3.1489062 -3.4233539 -1.7975193
-2.9801366 -3.5711882 -1.7975063
-2.8931639 -3.6420026 -1.7974997
-2.5288477 -3.9036913 -1.7974715
-2.4339452 -3.9635289 -1.7974643
-2.3376563 -4.0210557 -1.7974567
-2.1410351 -4.1290646 -1.7974417
-2.0408204 -4.1794815 -1.7974339
-1.8369335 -4.2729878 -1.7974181
-1.7333202 -4.3160243 -1.7974101
-1.6287304 -4.3565502 -1.797402
-1.4167383 -4.429976 -1.7973857
-1.3094727 -4.4628382 -1.7973772
-1.0927539 -4.5207448 -1.7973605
-0.87349606 -4.5681381 -1.7973436
-0.7630859 -4.5878525 -1.7973349
-0.54093748 -4.6192656 -1.7973176
-0.20558593 -4.6462259 -1.7972916
-0.093476564 -4.6498117 -1.7972828
0.1308203 -4.6488647 -1.7972654
0.24289063 -4.6443362 -1.7972567
0.35482422 -4.6371064 -1.797248
0.46656248 -4.6271796 -1.7972393
0.57798827 -4.6145597 -1.7972306
0.79984373 -4.5812798 -1.7972134
1.0197852 -4.5373392 -1.7971961
1.2374023 -4.4828219 -1.7971792
1.3451172 -4.4516821 -1.7971709
1.4520702 -4.4179282 -1.7971624
1.5582227 -4.3816075 -1.7971542
1.6633788 -4.3427367 -1.797146
1.9729687 -4.2110672 -1.7971219
2.2722266 -4.057364 -1.7970984
2.5595508 -3.8824353 -1.7970759
2.8334961 -3.6871986 -1.7970544
3.0079491 -3.5462537 -1.7970407
3.1754687 -3.3970706 -1.7970276
3.2564452 -3.3194885 -1.7970212
3.3355467 -3.239974 -1.7970151
3.4126756 -3.1585836 -1.797009
3.4878514 -3.0753624 -1.797003
3.5609961 -2.9903417 -1.7969972
3.6320703 -2.9035883 -1.7969917
3.7678125 -2.7250707 -1.7969809
3.9549413 -2.4455261 -1.7969661
2.8537304 -0.77256346 -1.1425285
3.1533399 -0.77256405 -1.2546568
4.5844531 -0.77707088 -1.7969157
4.6165819 -0.5551129 -1.7969129
4.628613 -0.44362304 -1.7969118
4.6379685 -0.331875 -1.7969111
4.6485548 -0.1078656 -1.79691
4.6483593 0.11643005 -1.7969099
4.6373048 0.34043092 -1.7969105
4.6155467 0.56364071 -1.7969121
4.5829687 0.78556395 -1.7969143
4.5627537 0.89583248 -1.7969159
3.2575195 0.72157955 -1.2893841
3.9504101 2.4528174 -1.7969621
3.7845507 2.4782469 -1.7481989
3.5029881 2.4165606 -1.6445968
3.3824217 2.5826764 -1.6446061
3.1868749 2.8204687 -1.6446211
3.0471873 2.9708745 -1.6446319
2.9746678 3.043499 -1.6446375
2.5047264 3.4407306 -1.6446736
2.4210546 3.5001514 -1.6446801
2.2494726 3.612849 -1.6446933
2.1617186 3.6660595 -1.6447002
1.8910546 3.8127911 -1.644721
1.7985742 3.857301 -1.6447282
1.7050195 3.8995721 -1.6447353
1.6104883 3.9395733 -1.6447427
1.5150195 3.9772832 -1.64475
1.3214843 4.0457463 -1.6447651
0.99033201 3.9889195 -1.5882857
0.78888673 3.9917228 -1.5724078
0.68955076 3.9931073 -1.5659459
0.60330075 4.078084 -1.5930998
0.50330079 4.0794744 -1.5884373
0.40382811 4.0808587 -1.5847218
0.20601562 4.0836062 -1.5800879
0.0088671874 4.0863419 -1.5791433
-0.089746095 4.0877104 -1.5800481
-0.28757811 4.0904546 -1.5846297
-0.70611328 4.197515 -1.6449226
-1.3040625 4.0519242 -1.6449693
-1.4979492 3.9843657 -1.6449844
-1.6883203 3.9075341 -1.6449994
-1.7820898 3.8657 -1.6450067
-1.9664453 3.775305 -1.645021
-2.4063866 3.5113866 -1.6450555
-2.5729101 3.3912957 -1.6450685
-2.7334571 3.2633104 -1.6450812
-2.8114061 3.1964538 -1.6450872
-2.9623046 3.0571971 -1.6450992
-3.1062305 2.9108226 -1.6451105
-3.175586 2.8350787 -1.645116
-3.3085938 2.6786761 -1.6451263
-3.4936132 2.4324932 -1.645141
-3.6252735 2.2727599 -1.6535472
-4.0050583 2.2494409 -1.7751844
-4.3807616 1.5639989 -1.7976108
-4.4172068 1.4578942 -1.7976136
-4.5371485 1.0256299 -1.7976234
-4.5605469 0.91591853 -1.7976252
-4.6148438 0.58382142 -1.7976298
-4.6376367 0.36061707 -1.7976317
-4.6515622 0.02441101 -1.7976332
-4.6473241 -0.19991271 -1.7976331
-4.6411719 -0.3119342 -1.7976327
-4.6207032 -0.53536314 -1.7976314
-4.6064453 -0.64663815 -1.7976303
-4.5698829 -0.86800599 -1.7976277
-4.547617 -0.9779675 -1.797626
-4.4952149 -1.1961093 -1.7976221
-4.4650583 -1.3041601 -1.7976199
-4.4323044 -1.4114642 -1.7976174
-4.3969336 -1.5179379 -1.7976147
-3.9667773 -2.4292324 -1.797582
-3.9070311 -2.5241876 -1.7975776
-3.845 -2.6176665 -1.7975727
-3.5749218 -2.9758327 -1.7975521
-3.5021093 -3.0611775 -1.7975465
-3.4272656 -3.1447308 -1.7975409
-3.35041 -3.2264633 -1.7975349
-3.2716014 -3.3063095 -1.7975287
-3.1909375 -3.3842392 -1.7975227
-3.0239649 -3.5341501 -1.7975097
-2.937871 -3.6060274 -1.7975031
-2.850039 -3.6758194 -1.7974964
-2.5768554 -3.8721895 -1.7974753
-2.4826758 -3.9331982 -1.7974681
-2.3870897 -3.9919095 -1.7974608
-2.0922461 -4.1539874 -1.7974379
-1.9914843 -4.2032166 -1.79743
-1.8894922 -4.2500033 -1.7974222
-1.6823633 -4.3361297 -1.7974061
-1.4713281 -4.4121671 -1.7973897
-1.2568164 -4.4779391 -1.7973732
-1.1484765 -4.5069284 -1.7973647
-0.92978513 -4.5570216 -1.7973478
-0.81962889 -4.5780997 -1.7973393
-0.48652342 -4.6253057 -1.7973135
-0.3748242 -4.6356769 -1.7973047
-0.26291016 -4.6433482 -1.797296
-0.15087891 -4.6483126 -1.7972875
-0.038730469 -4.6505804 -1.7972788
0.073457032 -4.6501331 -1.7972698
0.18558593 -4.6469908 -1.7972611
0.85374999 -4.5715289 -1.7972091
1.073164 -4.5250053 -1.7971921
1.290078 -4.4679561 -1.797175
1.6096874 -4.3629446 -1.7971503
1.7144336 -4.3228335 -1.797142
2.122793 -4.1375251 -1.7971101
2.2219727 -4.0851073 -1.7971023
2.3198633 -4.0303178 -1.7970947
2.605078 -3.8520181 -1.7970724
2.7877734 -3.721895 -1.7970581
2.8767188 -3.653579 -1.7970511
3.0494921 -3.5105748 -1.7970375
3.2152343 -3.3594308 -1.7970245
3.3734765 -3.2004585 -1.797012
3.4496288 -3.1181707 -1.797006
3.5238476 -3.0340548 -1.7970001
3.5959766 -2.948189 -1.7969944
3.7996483 -2.6804957 -1.7969785
3.8631639 -2.5880828 -1.7969733
3.9244726 -2.4941411 -1.7969685
3.9834373 -2.3987787 -1.7969639
4.0944724 -2.2039056 -1.7969551
2.9930663 -0.77256531 -1.1945808
3.2575195 -0.75752318 -1.2924598
4.5530663 -0.94368225 -1.7969183
4.6335154 -0.38910949 -1.7969115
4.6415625 -0.27726439 -1.7969108
4.6468945 -0.16525207 -1.7969102
4.6494532 0.059053343 -1.7969099
4.6466599 0.17116821 -1.7969099
4.6411719 0.28317198 -1.7969104
4.6330075 0.3950232 -1.7969108
4.5923438 0.72892028 -1.7969137
4.5734177 0.83946103 -1.7969151
4.5518556 0.94950742 -1.7969166
3.2575195 0.76193541 -1.2928469
2.9772851 0.7725665 -1.1886784
2.7069726 0.77256709 -1.0878839
4.0916405 2.2091479 -1.7969513
4.037168 2.3071876 -1.7969556
3.9803905 2.4038818 -1.7969598
3.4742968 2.4576604 -1.6445991
3.3517578 2.6223395 -1.6446084
3.1534569 2.8578081 -1.6446236
3.0836132 2.9330401 -1.644629
2.7867968 3.216471 -1.6446519
2.7084179 3.2827587 -1.6446579
2.6284766 3.3471324 -1.6446642
2.5469921 3.4095538 -1.6446704
2.2067578 3.6390984 -1.6446966
2.1183789 3.6912725 -1.6447035
1.8460156 3.8348064 -1.6447245
1.5639844 3.9582739 -1.6447463
1.4681054 3.994859 -1.6447537
1.1754687 4.09059 -1.6447765
0.94076169 3.9896092 -1.5840391
0.74027342 3.9923999 -1.5691319
0.55439454 4.078764 -1.5907044
0.35541016 4.0815301 -1.5832486
0.059277341 4.0856428 -1.5790346
-0.13794921 4.0883784 -1.5808252
-0.43578124 4.0925055 -1.5904629
-0.53609371 4.0938959 -1.595565
-0.65423828 4.2058978 -1.6449187
-0.95660156 4.1476545 -1.6449422
-1.0563672 4.123394 -1.6449499
-1.1555078 4.0967374 -1.6449577
-1.3517382 4.0362945 -1.6449729
-1.4486718 4.0025406 -1.6449805
-1.64 3.9280632 -1.6449956
-1.7342772 3.8873894 -1.6450028
-2.1893554 3.6505961 -1.6450384
-2.2767773 3.5967486 -1.6450453
-2.5308592 3.4227867 -1.6450653
-2.6930077 3.2967937 -1.6450779
-2.8488281 3.1631279 -1.6450901
-2.9980664 3.0221019 -1.6451019
-3.0700977 2.9489331 -1.6451075
-3.1403124 2.8740447 -1.6451132
-3.2087305 2.7974842 -1.6451185
-3.5220506 2.3911846 -1.6451433
-3.706953 2.263587 -1.6785225
-4.4666796 1.298435 -1.7976176
-4.5241208 1.081549 -1.7976223
-4.621367 0.52943176 -1.7976304
-4.6328125 0.41782898 -1.7976314
-4.6475978 0.19395386 -1.7976327
-4.650918 0.081809692 -1.7976331
-4.6515622 -0.030374145 -1.7976332
-4.644629 -0.25463012 -1.7976328
-4.6371679 -0.3665753 -1.7976325
-4.5802732 -0.81154722 -1.7976284
-4.5358005 -1.0314581 -1.7976251
-4.5096092 -1.140538 -1.7976233
-4.4808202 -1.248966 -1.797621
-4.4493556 -1.3566574 -1.7976186
-4.4153318 -1.4635656 -1.7976161
-4.3787694 -1.5696139 -1.7976134
-4.0526953 -2.2830291 -1.7975886
-3.937871 -2.4757788 -1.7975799
-3.6113865 -2.9314947 -1.7975549
-3.3899803 -3.1848729 -1.7975379
-3.312207 -3.2656927 -1.797532
-3.0673633 -3.4965582 -1.7975131
-2.982168 -3.5695066 -1.7975066
-2.8065624 -3.7091229 -1.7974931
-2.716289 -3.7757103 -1.7974861
-2.6244531 -3.840107 -1.797479
-2.5310352 -3.9022627 -1.7974718
-2.4361718 -3.962157 -1.7974644
-2.2423046 -4.074985 -1.7974495
-2.1433594 -4.1278553 -1.7974418
-2.0432031 -4.1783299 -1.7974341
-1.9417968 -4.2263684 -1.7974262
-1.7357421 -4.3150482 -1.7974102
-1.5256445 -4.3936863 -1.797394
-1.4192187 -4.4291806 -1.7973858
-1.3119922 -4.4620991 -1.7973775
-1.2039844 -4.4924231 -1.7973692
-1.0953125 -4.5201287 -1.7973607
-0.6548242 -4.6045294 -1.7973264
-0.54355466 -4.6189647 -1.797318
-0.32021484 -4.6397586 -1.7973006
-0.20822266 -4.6461072 -1.7972919
-0.096113279 -4.6497569 -1.7972832
0.12822266 -4.6489372 -1.7972655
0.24027343 -4.6444712 -1.7972569
0.7972461 -4.5817294 -1.7972136
1.0172461 -4.5379157 -1.7971965
1.4495898 -4.4187498 -1.7971628
1.555703 -4.3824849 -1.7971543
1.660957 -4.3436756 -1.7971463
1.7652148 -4.3023338 -1.797138
1.868457 -4.2584934 -1.79713
1.9705859 -4.2121797 -1.797122
2.0716209 -4.1634111 -1.797114
2.2699218 -4.0586491 -1.7970986
2.4629686 -3.9444401 -1.7970834
2.5573633 -3.8838775 -1.7970761
2.6502733 -3.821075 -1.7970687
2.8314257 -3.6887977 -1.7970545
2.9195507 -3.6194255 -1.7970477
3.0059764 -3.5479529 -1.7970408
3.0906444 -3.4744818 -1.7970343
3.2545702 -3.3213179 -1.7970213
3.3337109 -3.2418618 -1.7970152
3.410918 -3.1604991 -1.7970091
3.4861326 -3.0773289 -1.7970031
3.6304491 -2.9056346 -1.7969917
3.6994531 -2.8172235 -1.7969863
3.8309374 -2.6355548 -1.796976
3.8933592 -2.5424044 -1.796971
3.9535351 -2.4477341 -1.7969662
4.0114255 -2.3516932 -1.7969617
4.0669727 -2.2542574 -1.7969573
2.5977733 -0.77256405 -1.0473677
2.8473632 -0.77256405 -1.1401517
3.1457226 -0.77256531 -1.2517847
4.5840039 -0.77965879 -1.7969157
4.6283593 -0.44624022 -1.7969118
4.6484962 -0.11052612 -1.79691
4.6498046 0.0016784668 -1.7969099
4.6484375 0.11380615 -1.7969099
4.6375389 0.33781248 -1.7969105
4.61584 0.56103456 -1.7969121
4.5834374 0.78293151 -1.7969143
3.2575195 0.71964961 -1.2892233
2.8393164 0.7725659 -1.1371462
4.0097265 2.3545799 -1.7969575
3.5043359 2.4145904 -1.6445968
3.4450977 2.4984069 -1.6446012
3.2554882 2.7409515 -1.6446159
2.9764061 3.0418248 -1.6446372
2.9021873 3.112735 -1.6446431
2.74875 3.2490783 -1.6446548
1.9845507 3.7649419 -1.6447138
1.800703 3.856292 -1.6447281
1.7072265 3.8986065 -1.6447352
1.6126952 3.9386663 -1.6447425
1.2258399 4.0757632 -1.6447724
1.1271679 4.1041617 -1.64478
0.99271482 3.9888854 -1.5884955
0.89146483 3.9902966 -1.5800347
0.69185543 3.9930754 -1.5660856
-4.1852732 1.2115119 -1.7975957
-4.2132812 1.110227 -1.7975981
-4.2618942 0.90577632 -1.7976021
-4.2825193 0.80273068 -1.7976037
-4.3006248 0.69921875 -1.7976053
-4.3162694 0.5953021 -1.7976066
-4.3293552 0.49103513 -1.7976077
-4.3399415 0.38648072 -1.7976086
-4.3480077 0.28170714 -1.7976093
-4.3535547 0.17676513 -1.7976098
-4.3565431 0.071720578 -1.7976102
-4.3570118 -0.033362426 -1.7976103
-4.3549609 -0.13843079 -1.7976103
-4.3431835 -0.34825745 -1.7976096
-4.3066406 -0.66132873 -1.7976069
-4.2697458 -0.868222 -1.7976043
-4.247539 -0.97093689 -1.7976027
-4.2228904 -1.0730914 -1.7976009
-4.1662107 -1.2754608 -1.7975966
-2.947793 -3.2082891 -1.7975036
-2.8695116 -3.2784364 -1.7974975
-2.5403321 -3.539551 -1.7974722
-2.4542186 -3.5997689 -1.7974654
-2.3666601 -3.6578953 -1.7974588
-2.2777929 -3.7138934 -1.7974519
-2.1875587 -3.7677288 -1.7974451
-2.096035 -3.8193729 -1.7974379
-2.0033007 -3.8687994 -1.7974306
-1.9094141 -3.9159727 -1.7974235
-1.8144336 -3.960865 -1.7974161
-1.2242187 -4.1810136 -1.7973704
-1.1230273 -4.2093058 -1.7973627
-1.0212109 -4.2351432 -1.7973547
-0.91878903 -4.258523 -1.7973467
-0.60851562 -4.3137455 -1.7973226
-0.39976561 -4.3380308 -1.7973065
0.019960936 -4.3562937 -1.7972739
0.12498046 -4.3545218 -1.7972655
0.3348242 -4.3433924 -1.7972493
0.43943357 -4.334034 -1.7972412
0.54386717 -4.3221583 -1.7972331
0.95761716 -4.249599 -1.7972007
1.3625 -4.1375217 -1.7971692
1.461875 -4.1034446 -1.7971616
1.6580468 -4.0281477 -1.7971461
2.2215233 -3.7468555 -1.797102
2.3112304 -3.6921761 -1.7970949
2.6561131 -3.4523315 -1.797068
2.7385936 -3.3872576 -1.7970616
2.819453 -3.3202167 -1.7970551
2.9762695 -3.1803885 -1.7970428
3.1261523 -3.0331542 -1.797031
3.2687304 -2.8788638 -1.79702
3.3372068 -2.7991974 -1.7970145
3.4037304 -2.7178867 -1.7970092
3.5307813 -2.5506039 -1.7969992
3.5912695 -2.4646988 -1.7969944
3.6496484 -2.3773742 -1.7969899
3.811914 -2.1072943 -1.7969769
2.6085351 -0.77256405 -1.1223992
3.1610742 -0.77256471 -1.3425372
4.254746 -0.93171203 -1.7969415
4.2759962 -0.82883298 -1.7969396
4.2947068 -0.72546995 -1.7969382
4.3359179 -0.41309875 -1.7969346
4.3446093 -0.30841064 -1.7969339
4.350781 -0.20354675 -1.7969333
4.354414 -0.09856201 -1.7969329
4.3541212 0.11151428 -1.7969328
4.3436718 0.32133543 -1.7969334
4.3231444 0.53040773 -1.7969347
4.2925 0.73824525 -1.7969371
4.2734766 0.84155029 -1.7969384
2.8267186 0.7725659 -1.2089798
2.580332 0.77256709 -1.1112502
3.8056445 2.1186211 -1.7969737
3.4127147 2.3571198 -1.7111484
3.1669726 2.421001 -1.644623
3.046582 2.5709064 -1.6446322
2.9837108 2.6436424 -1.6446371
2.9191015 2.7148321 -1.644642
2.7152147 2.9187829 -1.6446577
2.644043 2.9834278 -1.6446632
2.4214454 3.1667974 -1.6446803
2.3443944 3.2242827 -1.6446862
2.1052344 3.385365 -1.6447047
2.0229492 3.4351642 -1.6447111
1.9395312 3.4829602 -1.6447176
1.8549805 3.5287359 -1.6447241
1.7693554 3.5724614 -1.6447307
1.6826757 3.6141052 -1.6447374
1.5950195 3.6536491 -1.6447443
1.5064648 3.6910644 -1.644751
1.4170117 3.7263384 -1.644758
1.2356836 3.7903612 -1.6447721
1.1439258 3.819077 -1.644779
0.95845699 3.8698254 -1.6447935
0.67617184 3.9290416 -1.6448153
0.19861327 3.9819415 -1.6448524
0.10253906 3.9855914 -1.6448599
0.0064062499 3.9869213 -1.6448674
-0.28183594 3.9770062 -1.6448898
-0.66361326 3.9314325 -1.6449195
-1.0392578 3.8492901 -1.6449488
-1.4052343 3.7313495 -1.6449773
-1.4948242 3.696389 -1.6449844
-1.6713281 3.6200421 -1.6449981
-1.7581445 3.5786982 -1.645005
-1.9286718 3.4897845 -1.6450182
-2.012285 3.442271 -1.6450248
-2.1759374 3.3412585 -1.6450377
-2.3345313 3.2324774 -1.6450502
-2.4118359 3.1752453 -1.6450561
-2.4876952 3.1161706 -1.6450621
-2.5621679 3.0552776 -1.645068
-2.7763476 2.8620872 -1.6450849
-2.8445313 2.7943096 -1.6450901
-4.1383204 1.3632623 -1.7975922
-4.2260938 1.0605316 -1.7975992
-4.2504101 0.95830506 -1.7976011
-4.2916794 0.75224179 -1.7976044
-4.3086133 0.64852291 -1.797606
-4.3348632 0.44001526 -1.7976081
-4.3441796 0.33534423 -1.7976091
-4.3510351 0.23048034 -1.7976097
-4.3278708 -0.503905 -1.7976085
-4.3144922 -0.60812986 -1.7976075
-4.2985544 -0.71200258 -1.7976063
-4.2591991 -0.918446 -1.7976036
-4.2099609 -1.1227484 -1.7975999
-4.1816797 -1.2239499 -1.7975978
-4.1509376 -1.3244381 -1.7975955
-3.8198631 -2.0957923 -1.7975705
-3.2086132 -2.9474499 -1.7975236
-3.1365819 -3.0239704 -1.7975181
-3.0627539 -3.0987206 -1.7975125
-2.9871287 -3.1716735 -1.7975067
-2.9097655 -3.2427795 -1.7975006
-2.75 -3.3792913 -1.7974883
-2.6676757 -3.4446166 -1.797482
-2.5838475 -3.5079272 -1.7974756
-2.4116406 -3.6284163 -1.7974622
-2.3234179 -3.6855068 -1.7974554
-2.2338867 -3.7404559 -1.7974485
-2.1430273 -3.7932212 -1.7974415
-1.9576172 -3.8921192 -1.7974272
-1.6710937 -4.0234065 -1.797405
-1.3758398 -4.133636 -1.7973821
-1.1749414 -4.1951327 -1.7973666
-0.8685742 -4.2690401 -1.7973428
-0.76533204 -4.2887254 -1.7973349
-0.66169918 -4.3059149 -1.7973268
-0.3486914 -4.3424273 -1.7973025
-0.24382812 -4.3495555 -1.7972943
-0.13886718 -4.3541532 -1.7972862
-0.033828124 -4.356216 -1.7972779
0.071230464 -4.3557434 -1.7972698
0.28119141 -4.3472013 -1.7972535
0.38593748 -4.339139 -1.7972453
0.69863278 -4.2998276 -1.7972211
0.80208981 -4.2817087 -1.797213
0.90511715 -4.2611027 -1.7972049
1.0076171 -4.238018 -1.7971969
1.3113476 -4.1540337 -1.7971733
1.4111524 -4.121181 -1.7971655
1.6081835 -4.0483112 -1.7971501
1.7053515 -4.0083342 -1.7971425
1.9906445 -3.8745141 -1.7971202
2.0834765 -3.8253679 -1.7971128
2.3545702 -3.6646981 -1.7970916
2.4422264 -3.6068337 -1.7970848
2.8583984 -3.2867746 -1.7970521
3.013535 -3.1451061 -1.7970399
3.1616211 -2.9961252 -1.7970283
3.2329686 -2.9189923 -1.7970227
3.3023827 -2.840169 -1.7970172
3.3699412 -2.7596729 -1.7970119
3.499043 -2.5939806 -1.7970017
3.7856641 -2.1541812 -1.7969791
4.2429295 -0.98414791 -1.7969424
4.2854295 -0.77841735 -1.7969389
4.3029685 -0.67484188 -1.7969375
4.3179493 -0.57087159 -1.7969362
4.3304882 -0.46657529 -1.7969351
4.340488 -0.36200255 -1.7969344
4.347949 -0.25722229 -1.7969335
4.3528318 -0.15229248 -1.7969331
4.3551559 0.057773437 -1.7969328
4.3524804 0.16278686 -1.7969328
4.3396091 0.37247315 -1.7969337
4.3293357 0.47700316 -1.7969344
4.3012891 0.68521422 -1.7969363
4.2632422 0.89182067 -1.7969393
3.7804492 2.1633 -1.7969755
3.7271874 2.2538445 -1.7969797
3.554961 2.3911431 -1.7675616
3.2953711 2.3338671 -1.6659759
3.0160937 2.6066179 -1.6446347
2.9523437 2.6786017 -1.6446395
2.886914 2.7490294 -1.6446444
2.8197656 2.8178582 -1.6446496
2.6806445 2.9505663 -1.6446604
2.4603906 3.1366687 -1.6446774
2.3840039 3.1950994 -1.6446832
2.306289 3.2516758 -1.6446893
2.2272069 3.3063579 -1.6446954
2.0651758 3.4099309 -1.6447078
1.9823632 3.4587536 -1.6447141
1.8983593 3.5055695 -1.6447207
1.551914 3.6721892 -1.6447474
1.4628711 3.7085588 -1.6447544
1.2823827 3.7748163 -1.6447684
1.1909765 3.8046587 -1.6447755
1.0061523 3.8576934 -1.6447897
0.81896484 3.9017541 -1.6448044
0.53474611 3.9508026 -1.6448263
0.43931639 3.9625664 -1.6448338
0.34363282 3.9720275 -1.6448413
0.24777344 3.9791777 -1.6448486
0.055624999 3.9865313 -1.6448636
-0.040546875 3.9867284 -1.644871
-0.13667968 3.9846087 -1.6448785
-0.32869139 3.973418 -1.6448934
-0.51986325 3.9529839 -1.6449084
-0.6150586 3.939312 -1.6449157
-0.7098828 3.9233525 -1.6449232
-0.80429685 3.9051044 -1.6449305
-0.99167967 3.8618145 -1.644945
-1.0845116 3.8367908 -1.6449523
-1.1767187 3.8095391 -1.6449596
-1.2682617 3.7800689 -1.6449667
-1.3590624 3.7483983 -1.6449738
-1.449082 3.7145469 -1.6449809
-1.5382227 3.6785376 -1.6449877
-1.8001562 3.5577502 -1.6450082
-2.0526757 3.4183373 -1.645028
-2.1345508 3.3678546 -1.6450344
-2.2150977 3.3154078 -1.6450408
-2.4490428 3.1466289 -1.645059
-2.5242381 3.0866578 -1.6450649
-2.5979493 3.0248961 -1.6450708
-2.6701758 2.9613726 -1.6450764
-2.7408202 2.8961272 -1.645082
-2.8098438 2.8291967 -1.6450874
-2.8773046 2.7606177 -1.6450927
-2.9430273 2.6904314 -1.645098
-3.8249023 2.0865729 -1.7975671
-4.2614255 0.90817809 -1.7976021
-4.2820897 0.80514282 -1.7976037
-4.3158984 0.5977295 -1.7976066
-4.356504 0.074179076 -1.7976102
-4.3570313 -0.03090515 -1.7976103
-4.3550196 -0.13597229 -1.7976103
-4.343379 -0.34580687 -1.7976096
-4.3337693 -0.45045471 -1.7976089
-4.32166 -0.55484009 -1.797608
-4.2898631 -0.76257813 -1.7976058
-4.248086 -0.9685449 -1.7976027
-4.1350193 -1.3732321 -1.7975943
-3.0260351 -3.1345744 -1.7975096
-2.9495702 -3.2066278 -1.7975038
-2.8713281 -3.2768209 -1.7974976
-2.7914648 -3.3451028 -1.7974916
-2.6269336 -3.4757943 -1.7974789
-2.3687303 -3.6565621 -1.7974589
-2.1896484 -3.7664969 -1.7974452
-2.0981836 -3.818203 -1.797438
-1.8166602 -3.9598417 -1.7974163
-1.7206249 -4.0024881 -1.7974088
-1.5256054 -4.0807633 -1.7973938
-1.4267578 -4.1163507 -1.7973862
-1.3270702 -4.1495428 -1.7973783
-1.2266015 -4.180325 -1.7973706
-0.92115229 -4.2580042 -1.7973469
-0.81822264 -4.2789645 -1.797339
-0.71476561 -4.2974329 -1.7973309
-0.61091793 -4.3134036 -1.7973228
-0.40224609 -4.3378053 -1.7973067
-0.29746094 -4.3462224 -1.7972986
-0.19259766 -4.3521161 -1.7972903
-0.087578125 -4.3554759 -1.7972822
0.0175 -4.3563032 -1.797274
0.22751953 -4.3503532 -1.7972577
0.54140621 -4.3224635 -1.7972332
0.85248047 -4.2719555 -1.797209
0.95523435 -4.2501359 -1.797201
1.159043 -4.1990976 -1.7971851
1.2599804 -4.1699128 -1.7971772
1.4595703 -4.1042676 -1.7971617
1.7524414 -3.9879642 -1.7971388
1.9426757 -3.8987944 -1.7971238
2.2194531 -3.7481115 -1.7971022
2.30916 -3.6934783 -1.7970952
2.73666 -3.3888011 -1.7970617
2.9744921 -3.1820629 -1.797043
3.1966991 -2.9586782 -1.7970256
3.2671289 -2.8807104 -1.79702
3.5898829 -2.4667349 -1.7969944
3.8107617 -2.109446 -1.796977
2.6031249 -0.77256471 -1.1202639
2.8537304 -0.77256405 -1.2197387
3.1533594 -0.77256471 -1.3394433
4.2942772 -0.72789061 -1.7969382
4.3243942 -0.51997864 -1.7969357
4.3356638 -0.41554442 -1.7969346
4.3543553 -0.10101623 -1.7969329
4.3555665 0.0040203854 -1.7969328
4.3541794 0.10906311 -1.7969328
4.3502927 0.21402954 -1.7969329
4.3349218 0.42354187 -1.796934
3.1283984 0.77256531 -1.3294373
3.8068554 2.1164777 -1.7969736
3.7546873 2.2076721 -1.7969775
3.6439061 2.3861585 -1.7969861
3.1683397 2.4192119 -1.6446229
3.1091015 2.4949303 -1.6446275
2.920625 2.7131848 -1.644642
2.8543553 2.7828412 -1.644647
2.7864258 2.850872 -1.6446522
2.7168748 2.9172521 -1.6446576
2.498867 3.1060638 -1.6446743
2.346211 3.2229602 -1.6446861
2.1880858 3.3323638 -1.6446983
2.1070898 3.3841791 -1.6447046
1.856953 3.5276892 -1.6447239
1.7713281 3.5714641 -1.6447304
1.6847265 3.613153 -1.6447372
1.5970898 3.6527514 -1.6447439
1.419121 3.7255394 -1.6447577
1.3288672 3.7586932 -1.6447648
1.1461133 3.8184295 -1.6447788
0.96062499 3.8692846 -1.6447934
0.86707032 3.8913414 -1.6448005
0.77298826 3.9111371 -1.6448078
0.58349609 3.9438946 -1.6448225
0.29683593 3.9758067 -1.6448448
0.2008789 3.981828 -1.6448523
0.10480469 3.9855328 -1.6448598
-0.087480463 3.9859819 -1.6448747
-0.18357421 3.9827313 -1.6448822
-0.2796289 3.9771624 -1.6448896
-0.47107419 3.9590881 -1.6449046
-0.56640625 3.9465942 -1.6449119
-0.66144532 3.9318035 -1.6449194
-0.7560156 3.914727 -1.6449267
-1.1296289 3.8237638 -1.6449559
-1.2215234 3.7954216 -1.644963
-1.3127148 3.7648766 -1.6449702
-1.4031445 3.7321379 -1.6449772
-1.4927148 3.697232 -1.6449842
-1.5814453 3.6601677 -1.6449912
-1.6692578 3.6209838 -1.644998
-1.841953 3.5363073 -1.6450115
-2.0928125 3.3939269 -1.6450311
-2.254082 3.2890954 -1.6450437
-2.4100194 3.1766021 -1.645056
-2.5604296 3.0567169 -1.6450678
-2.6334178 2.9940929 -1.6450735
-2.7048633 2.9297235 -1.6450791
-2.8429687 2.7959161 -1.64509
-2.9095702 2.7265422 -1.6450953
-4.1375389 1.3655957 -1.7975919
-4.1692772 1.2654181 -1.7975945
-4.3082032 0.65095091 -1.7976059
-4.3226757 0.5468567 -1.7976071
-4.3552732 0.12793152 -1.7976099
-4.3570895 0.022864379 -1.7976103
-4.3473434 -0.29218444 -1.7976098
-4.3389845 -0.39693785 -1.7976092
-4.2989259 -0.7095837 -1.7976065
-4.2363868 -1.0185083 -1.7976019
-4.1516404 -1.3221039 -1.7975955
-3.8210742 -2.0936339 -1.7975705
-3.2102733 -2.9456406 -1.7975237
-3.1383202 -3.0222027 -1.7975183
-3.0644727 -3.0969939 -1.7975125
-2.8325779 -3.3104043 -1.7974948
-2.5857811 -3.5064812 -1.7974757
-2.3255079 -3.6842012 -1.7974555
-2.235996 -3.7391956 -1.7974486
-2.0530469 -3.8426373 -1.7974344
-1.9597851 -3.8910186 -1.7974273
-1.8653711 -3.9371307 -1.79742
-1.6733594 -4.0224638 -1.7974052
-1.5758398 -4.0616345 -1.7973977
-1.3781836 -4.1328611 -1.7973824
-0.66408199 -4.3055425 -1.7973269
-0.45572266 -4.3325205 -1.7973107
-0.35109374 -4.3422308 -1.7973027
-0.24628906 -4.3494201 -1.7972946
-0.14130859 -4.3540759 -1.7972864
0.068769529 -4.3557835 -1.7972701
0.27873045 -4.3473611 -1.7972537
0.38349608 -4.3393555 -1.7972456
0.69621092 -4.3002219 -1.7972212
0.7996875 -4.2821641 -1.7972131
0.90273434 -4.2616148 -1.797205
1.0052344 -4.2385864 -1.7971971
1.107168 -4.2130914 -1.7971891
1.4088281 -4.1219778 -1.7971656
1.5078125 -4.0867887 -1.7971579
1.6059375 -4.0492182 -1.7971503
1.7031054 -4.0092978 -1.7971426
1.7992773 -3.9670398 -1.7971351
1.9884374 -3.8756359 -1.7971203
2.0813282 -3.8265409 -1.7971129
2.2633789 -3.7217042 -1.7970988
2.4401953 -3.6081975 -1.7970849
2.5265234 -3.5482924 -1.7970783
2.6113281 -3.4863265 -1.7970715
2.6946678 -3.4223197 -1.7970649
2.7763867 -3.3563318 -1.7970586
2.8565233 -3.2883863 -1.7970523
3.0117383 -3.1468019 -1.7970401
3.0867188 -3.0732479 -1.7970341
3.2313085 -2.9208126 -1.7970228
3.3008204 -2.8420284 -1.7970173
3.4340038 -2.6795394 -1.7970068
3.6186719 -2.4242778 -1.7969923
3.6760547 -2.3362911 -1.7969878
3.7844532 -2.1563146 -1.7969792
4.2649021 -0.88394469 -1.7969406
4.2849803 -0.78083497 -1.7969389
4.3025584 -0.67726558 -1.7969375
4.3176365 -0.57331055 -1.7969363
4.3302341 -0.46901488 -1.7969351
4.3402343 -0.36445129 -1.7969344
4.3527732 -0.15474731 -1.7969331
4.3552537 -0.04972595 -1.7969328
4.355195 0.05531555 -1.7969328
4.3525977 0.16033508 -1.7969328
4.3474607 0.26525086 -1.7969331
4.3397851 0.37001282 -1.7969337
4.3169141 0.57885373 -1.7969352
4.3016992 0.68278623 -1.7969363
4.2839842 0.78633362 -1.7969377
2.9773047 0.77256531 -1.2690064
3.7816796 2.1611681 -1.7969755
3.7284179 2.2517431 -1.7969794
3.6730859 2.3410094 -1.7969837
3.5617187 2.3927515 -1.7702355
3.1979492 2.3799298 -1.6446207
2.7526171 2.8835051 -1.6446548
2.5369921 3.0749841 -1.6446714
2.4621093 3.1352794 -1.6446773
2.3858008 3.1937578 -1.644683
2.308125 3.2503765 -1.644689
2.2290235 3.3051031 -1.644695
2.1486914 3.357913 -1.6447014
1.9842968 3.4576366 -1.644714
1.9003711 3.5045002 -1.6447206
1.5539649 3.6713128 -1.6447473
1.4649609 3.7077332 -1.6447543
1.3751367 3.7420013 -1.6447612
1.2845117 3.7740898 -1.6447682
1.1010742 3.8316698 -1.6447824
1.0083008 3.8571258 -1.6447897
0.82117188 3.9012921 -1.6448042
0.72687501 3.9199786 -1.6448114
0.34589842 3.9718323 -1.644841
-0.038281251 3.9867504 -1.6448709
-0.1344336 3.9846849 -1.6448784
-0.23048827 3.9803009 -1.6448858
-0.32644531 3.9736023 -1.6448933
-0.51765627 3.9532776 -1.6449081
-0.61283201 3.9396582 -1.6449156
-0.98949218 3.8623748 -1.644945
-1.0823632 3.8374023 -1.6449522
-1.2661523 3.7807806 -1.6449666
-1.3569726 3.7491632 -1.6449735
-1.5361524 3.6794031 -1.6449876
-1.6244531 3.6412981 -1.6449945
-1.7117969 3.6010802 -1.6450013
-1.7981836 3.5587633 -1.6450081
-2.0507617 3.4194939 -1.6450279
-2.2926366 3.2623241 -1.6450468
-2.6684766 2.9628754 -1.6450764
-2.8082616 2.8307793 -1.6450872
-2.8757226 2.7622411 -1.6450926
-2.9415624 2.6920917 -1.6450977
-4.1203513 1.4165527 -1.7975906
-4.1838865 1.2162292 -1.7975957
-4.2376757 1.0130731 -1.7976
-4.2608981 0.91057736 -1.7976021
-4.3155665 0.60016537 -1.7976065
-4.3477345 0.28660643 -1.7976093
-4.3533592 0.18167359 -1.7976098
-4.3505664 -0.23850952 -1.7976099
-4.3340235 -0.44801268 -1.7976089
-4.2707028 -0.8634088 -1.7976043
-4.2486329 -0.9661566 -1.7976028
-4.1676755 -1.2707626 -1.7975967
-4.1358204 -1.3709052 -1.7975943
-3.0277734 -3.1328633 -1.7975097
-2.873203 -3.2751987 -1.7974979
-2.7933984 -3.3435276 -1.7974917
-2.6288867 -3.474313 -1.797479
-2.2819922 -3.7113256 -1.7974522
-2.1917968 -3.7652678 -1.7974453
-2.1003125 -3.8170195 -1.7974381
-1.9138281 -3.9138184 -1.7974238
-1.6258594 -4.0418844 -1.7974015
-1.5279101 -4.0799055 -1.7973939
-1.4290625 -4.1155472 -1.7973863
-1.329414 -4.148797 -1.7973785
-1.1277734 -4.2080426 -1.7973629
-1.025957 -4.2339931 -1.7973551
-0.92357421 -4.2574859 -1.7973471
-0.71718746 -4.2970319 -1.7973311
-0.61333984 -4.3130574 -1.797323
-0.50916016 -4.3265762 -1.7973149
0.12007812 -4.3546605 -1.797266
0.22505859 -4.350481 -1.7972578
0.32990235 -4.3437686 -1.7972497
0.43458983 -4.3345299 -1.7972414
0.53898436 -4.3227696 -1.7972333
0.64306641 -4.3084946 -1.7972254
0.95283198 -4.2506776 -1.7972012
1.0550976 -4.2264433 -1.7971933
1.1566796 -4.1997514 -1.7971853
1.2576171 -4.1706161 -1.7971774
1.357832 -4.139061 -1.7971696
1.5558202 -4.0687385 -1.7971542
1.9404687 -3.8998897 -1.797124
2.2173047 -3.7493532 -1.7971025
2.3070898 -3.6947868 -1.7970953
2.4825194 -3.5792093 -1.7970816
2.6522069 -3.4553258 -1.7970682
2.9726954 -3.1837413 -1.7970431
3.1950195 -2.9604781 -1.7970257
3.4006641 -2.7217247 -1.7970093
3.4652929 -2.638917 -1.7970043
3.588496 -2.4687488 -1.7969946
3.7575195 -2.2028558 -1.7969813
4.2536716 -0.93651062 -1.7969415
4.2750583 -0.83365172 -1.7969398
4.3240819 -0.52242249 -1.7969357
4.3505468 -0.20844848 -1.7969334
4.3542771 -0.10347595 -1.7969329
4.354238 0.10660156 -1.7969328
4.3351364 0.42110595 -1.796934
4.3237305 0.5255304 -1.7969347
4.2530079 0.93956786 -1.79694
3.1359766 0.7725665 -1.3324729
2.5909569 0.7725665 -1.1154476
3.8080273 2.1143303 -1.7969733
3.7559569 2.2055597 -1.7969774
3.701699 2.2954974 -1.7969816
3.6452539 2.38411 -1.7969859
3.4253709 2.3601403 -1.7161415
3.2270703 2.3402832 -1.6446185
3.049453 2.5674744 -1.6446321
2.9866796 2.6402783 -1.6446368
2.7880077 2.8493059 -1.644652
2.7184961 2.9157238 -1.6446576
2.6474023 2.9804461 -1.6446629
2.5747657 3.0434387 -1.6446686
2.1899805 3.3311322 -1.6446981
2.1090038 3.3829882 -1.6447043
1.8589453 3.5266447 -1.6447238
1.7733788 3.570462 -1.6447303
1.5991796 3.6518474 -1.6447439
1.5106446 3.6893659 -1.6447506
1.4212109 3.7247374 -1.6447576
1.0558593 3.8443792 -1.6447859
0.96283203 3.868742 -1.644793
0.86923826 3.8908556 -1.6448004
0.77515626 3.9107029 -1.6448077
0.68064451 3.928272 -1.644815
-3.9030859 1.2325915 -1.7975738
-3.9579883 1.0429578 -1.7975783
-4.0400586 0.65685362 -1.7975851
-4.0547266 0.55923033 -1.7975863
-4.0670314 0.46128294 -1.7975874
-4.076992 0.36306518 -1.7975881
-4.0910935 -0.13003968 -1.7975897
-4.080039 -0.32715636 -1.7975891
-4.0457029 -0.6212579 -1.7975867
-4.0294919 -0.71864563 -1.7975854
-3.9901953 -0.91210628 -1.7975825
-3.9670312 -1.0080719 -1.7975808
-3.9415624 -1.1034436 -1.7975791
-3.8837304 -1.2922143 -1.7975745
-2.8410351 -2.9462523 -1.7974951
-2.6956444 -3.0798023 -1.7974838
-2.5439844 -3.2061822 -1.7974722
-2.3055272 -3.3816702 -1.7974538
-2.2233007 -3.4362762 -1.7974474
-2.1397655 -3.4888813 -1.797441
-2.0549805 -3.5394614 -1.7974344
-1.9690624 -3.5879779 -1.7974278
-1.7044727 -3.720896 -1.7974074
-1.523086 -3.798728 -1.7973933
-1.2444531 -3.8988507 -1.7973717
-1.1500586 -3.9277153 -1.7973645
-0.95933592 -3.9785643 -1.7973497
-0.7663672 -4.020165 -1.7973347
-0.66916013 -4.0374637 -1.797327
-0.57160157 -4.0524106 -1.7973197
-0.17863281 -4.0885582 -1.7972891
0.11742187 -4.090723 -1.797266
0.21605468 -4.0866857 -1.7972583
0.41285154 -4.0714808 -1.797243
0.51093751 -4.0603266 -1.7972354
0.60865235 -4.0468049 -1.7972277
0.70609373 -4.0309329 -1.7972201
0.89960933 -3.9921634 -1.7972052
0.99566406 -3.9692931 -1.7971976
1.0910938 -3.9441135 -1.7971902
1.28 -3.8868835 -1.7971754
1.4658788 -3.8206148 -1.7971609
1.6483984 -3.7454588 -1.7971466
1.7382421 -3.7046044 -1.7971395
1.9148241 -3.616451 -1.7971258
2.0014844 -3.5692074 -1.7971189
2.0869727 -3.5198879 -1.7971123
2.171211 -3.4685216 -1.7971057
2.2542381 -3.4151382 -1.7970992
2.3359571 -3.3597717 -1.7970929
2.4162891 -3.3024511 -1.7970865
2.4951952 -3.2431927 -1.7970804
2.5726757 -3.1821651 -1.7970742
2.8672459 -2.9194307 -1.7970511
3.1350586 -2.6296432 -1.79703
3.1975391 -2.5532653 -1.7970251
3.2581639 -2.4754062 -1.7970204
3.3169141 -2.3961051 -1.7970157
3.3737109 -2.3154147 -1.7970113
3.4285741 -2.2333663 -1.7970068
3.5322461 -2.0654447 -1.7969987
3.5810351 -1.9796481 -1.7969947
2.6085351 -0.77256405 -1.1947801
3.1610742 -0.77256471 -1.429114
4.0345898 -0.68152952 -1.7969583
4.0627537 -0.48619506 -1.7969559
4.0733008 -0.38807678 -1.7969551
4.0872655 -0.19121826 -1.7969538
4.0906835 -0.092589721 -1.7969534
4.0903516 0.10476196 -1.7969532
4.0866599 0.2033789 -1.7969536
4.0806055 0.30187011 -1.7969538
4.0721288 0.40019104 -1.7969545
4.0612497 0.49828124 -1.7969552
4.0480857 0.5960809 -1.7969562
4.0324998 0.69352967 -1.7969573
4.0146484 0.7905786 -1.7969586
3.1208203 0.7725659 -1.4119418
2.580332 0.7725659 -1.1829116
3.5751367 1.9902954 -1.7969917
3.5261328 2.0759406 -1.7969954
3.421953 2.2435558 -1.7970033
3.1491992 2.2892437 -1.7098414
2.9799023 2.2779968 -1.6472709
2.7422655 2.5503905 -1.6446558
2.6161132 2.6796649 -1.6446656
2.5507421 2.7419853 -1.6446707
2.4839063 2.8027086 -1.6446759
2.3458593 2.9192357 -1.6446863
2.128711 3.0812159 -1.6447031
2.0537889 3.1316674 -1.644709
1.9776562 3.1802995 -1.6447148
1.6621679 3.3560588 -1.6447392
1.5807617 3.3951781 -1.6447455
1.4151758 3.467478 -1.6447582
1.3311914 3.5006096 -1.6447648
1.2463866 3.5317066 -1.6447713
1.1608398 3.5607531 -1.6447781
0.90039062 3.6354003 -1.6447983
0.54605466 3.7052863 -1.6448257
0.45654297 3.7173944 -1.6448326
0.36675781 3.7273369 -1.6448396
0.18660156 3.7407146 -1.6448536
0.096308589 3.744143 -1.6448606
-0.084316403 3.7444654 -1.6448747
-0.26476562 3.736073 -1.6448888
-0.44460937 3.7189903 -1.6449027
-0.80080074 3.6589305 -1.6449304
-0.88880855 3.6385686 -1.6449374
-0.97628903 3.6160889 -1.6449441
-1.0632226 3.5915074 -1.6449509
-1.2351367 3.5360882 -1.6449645
-1.4042382 3.4724462 -1.6449776
-1.487578 3.4375842 -1.6449841
-1.8118163 3.2783544 -1.6450094
-1.8903515 3.233717 -1.6450155
-1.9678124 3.1871979 -1.6450217
-2.265703 2.9828675 -1.6450449
-2.336992 2.9273713 -1.6450506
-2.5425196 2.7507892 -1.6450667
-2.6081445 2.6886797 -1.6450719
-3.9173436 1.1865368 -1.797575
-3.9448047 1.0917194 -1.7975774
-3.9700389 0.99627376 -1.7975793
-4.0134568 0.8036871 -1.7975829
-4.0316796 0.70666438 -1.7975843
-4.072207 0.41335326 -1.7975878
-4.0809569 0.31502563 -1.7975886
-4.0873828 0.21651427 -1.7975891
-4.0914259 0.11787964 -1.7975895
-4.0923438 -0.0795459 -1.7975898
-4.0892382 -0.17821349 -1.7975897
-4.0758786 -0.37518248 -1.7975888
-4.0656247 -0.47337341 -1.797588
-4.020781 -0.7660504 -1.7975848
-3.899375 -1.2441891 -1.7975758
-3.868242 -1.3378662 -1.7975736
-2.8061132 -2.9795079 -1.7974924
-2.7334571 -3.0463073 -1.7974868
-2.4272656 -3.2954006 -1.7974632
-2.3470702 -3.3529673 -1.797457
-2.2655468 -3.4085829 -1.7974507
-2.0985351 -3.5138342 -1.7974379
-2.0131445 -3.5634108 -1.7974311
-1.9266406 -3.6109128 -1.7974246
-1.8390234 -3.6563139 -1.7974178
-1.7502929 -3.6995852 -1.7974108
-1.5698632 -3.7796495 -1.797397
-1.3857422 -3.8509221 -1.7973826
-1.2924609 -3.883204 -1.7973754
-0.71896482 -4.0289044 -1.7973311
-0.62158203 -4.0450525 -1.7973235
-0.52384764 -4.0588512 -1.7973158
-0.42582029 -4.0702872 -1.7973082
-0.13044922 -4.0903721 -1.7972853
-0.031777345 -4.0923123 -1.7972777
0.16562499 -4.0890508 -1.7972622
0.36255857 -4.0762749 -1.7972469
0.4607617 -4.066328 -1.7972393
1.2318945 -3.9023938 -1.7971792
1.3256249 -3.8715303 -1.797172
1.6923828 -3.7257781 -1.7971432
1.8700585 -3.6398122 -1.7971293
1.9572852 -3.593641 -1.7971225
2.2119532 -3.4427071 -1.7971025
2.2943163 -3.3883474 -1.797096
2.4550195 -3.2737532 -1.7970835
2.6099999 -3.1515534 -1.7970713
2.7589257 -3.0220196 -1.7970595
2.9014063 -2.8854566 -1.7970484
2.9701171 -2.8146393 -1.797043
3.0371289 -2.742182 -1.7970377
3.1023631 -2.6681323 -1.7970326
3.4007616 -2.2755442 -1.7970091
3.4546483 -2.1928284 -1.7970048
3.5065429 -2.1088793 -1.7970006
3.5563672 -2.0236983 -1.7969967
2.7260547 -0.77256405 -1.2443501
3.9859374 -0.92453974 -1.7969624
4.0423241 -0.63396424 -1.7969576
4.0775781 -0.34007445 -1.7969546
4.08459 -0.24164367 -1.796954
4.0914841 -0.044409789 -1.7969534
4.0913672 0.054274902 -1.7969532
4.0888867 0.15292603 -1.7969534
4.0839844 0.25149047 -1.7969537
4.0767579 0.34991026 -1.7969542
4.0550976 0.54607725 -1.7969557
4.0241013 0.74097228 -1.7969579
4.0050583 0.83780396 -1.7969594
3.9836524 0.9341473 -1.7969608
2.9704101 0.7725665 -1.3479091
2.701211 0.7725665 -1.2338605
3.5014062 2.1173272 -1.7969973
3.3952734 2.2837067 -1.7970054
3.2589648 2.3080809 -1.7538152
2.8333788 2.4487274 -1.644649
2.7735155 2.5163469 -1.6446536
2.7120311 2.582514 -1.6446582
2.5182812 2.7718401 -1.6446731
2.4507227 2.8317735 -1.6446784
2.3816991 2.8900604 -1.6446836
2.3113282 2.9466686 -1.6446891
1.8623047 3.249243 -1.6447238
1.7034374 3.3352818 -1.6447359
1.622539 3.3754034 -1.6447423
1.4579102 3.4497418 -1.644755
1.2898632 3.5160491 -1.644768
1.204707 3.5461493 -1.6447746
1.0323242 3.6001408 -1.644788
0.94519532 3.6240051 -1.6447947
0.85751951 3.6457591 -1.6448015
0.32285157 3.7314055 -1.6448431
0.052246094 3.7450225 -1.644864
-0.1284375 3.7432158 -1.6448781
-0.30875 3.7327037 -1.6448921
-0.39867187 3.7241876 -1.6448991
-0.57781249 3.7006621 -1.6449132
-0.666875 3.6856639 -1.64492
-0.93160152 3.6278508 -1.6449406
-1.1054688 3.5787444 -1.6449542
-1.1914062 3.5510564 -1.6449609
-1.2767187 3.5213068 -1.6449676
-1.5279688 3.4198291 -1.6449871
-1.61 3.3819988 -1.6449935
-1.8503125 3.2567937 -1.6450125
-1.9283007 3.2112334 -1.6450186
-2.0052147 3.1638062 -1.6450245
-2.4405468 2.8416252 -1.6450588
-2.5747461 2.7206566 -1.6450692
-3.9023826 1.2347876 -1.7975738
-3.9310155 1.1403173 -1.7975761
-4.0031638 0.85314876 -1.797582
-4.0767775 0.36535949 -1.7975881
-4.0896482 0.16836242 -1.7975894
-4.0925193 0.069683835 -1.7975897
-4.0911131 -0.12773377 -1.7975897
-4.0868359 -0.22636169 -1.7975895
-4.080215 -0.32485655 -1.7975891
-4.0711718 -0.42315978 -1.7975885
-4.0597849 -0.52122009 -1.7975878
-4.0460353 -0.61897826 -1.7975867
-4.0299411 -0.71637207 -1.7975856
-3.9675975 -1.0058331 -1.797581
-3.942168 -1.1012256 -1.7975791
-3.9144726 -1.1959726 -1.797577
-2.7708397 -3.0123453 -1.7974896
-2.6223438 -3.1424356 -1.7974782
-2.5457811 -3.2047496 -1.7974724
-2.467793 -3.2652013 -1.7974663
-2.3883007 -3.3237524 -1.7974601
-1.8840039 -3.633348 -1.7974212
-1.7065625 -3.7199371 -1.7974075
-1.6163671 -3.7599971 -1.7974005
-1.5252343 -3.797869 -1.7973934
-1.433164 -3.8335295 -1.7973863
-1.2466601 -3.8981493 -1.797372
-0.96156245 -3.9780297 -1.7973498
-0.6714648 -4.0370841 -1.7973273
-0.37783203 -4.0750132 -1.7973045
-0.27947265 -4.0829215 -1.7972969
-0.082304686 -4.0916162 -1.7972815
0.11513671 -4.0907907 -1.7972662
0.50861329 -4.0606127 -1.7972355
0.70380861 -4.0313311 -1.7972205
0.80082029 -4.0131683 -1.7972128
1.0888476 -3.9447265 -1.7971903
1.1836523 -3.9173033 -1.7971829
1.3711523 -3.8556433 -1.7971683
1.4637696 -3.8214405 -1.7971611
1.5554687 -3.7850146 -1.7971539
1.7361327 -3.7055812 -1.7971399
1.9128125 -3.6175299 -1.7971259
2.3340623 -3.3610849 -1.797093
2.4144139 -3.3038151 -1.7970866
2.5708787 -3.1838064 -1.7970744
2.8655858 -2.9210479 -1.7970512
2.9351757 -2.8510907 -1.7970457
3.0030663 -2.7794619 -1.7970403
3.1961327 -2.5550683 -1.7970252
3.4273241 -2.235302 -1.797007
3.4802344 -2.1519973 -1.7970028
3.5310936 -2.0674376 -1.7969987
3.5799413 -1.9816766 -1.7969949
3.9965234 -0.87752986 -1.7969614
4.0165429 -0.7808978 -1.7969598
4.0341992 -0.68380249 -1.7969584
4.0624804 -0.48848447 -1.7969559
4.0730467 -0.39037535 -1.7969551
4.0812693 -0.29203063 -1.7969543
4.0906248 -0.094897456 -1.7969534
4.0917382 0.0037762451 -1.7969532
4.0867968 0.20107116 -1.7969536
4.0807614 0.29957029 -1.7969538
4.061543 0.49598816 -1.7969552
4.0329099 0.69125915 -1.7969573
4.0150781 0.78831178 -1.7969586
2.8329883 0.7725659 -1.2896034
3.5762498 1.988283 -1.7969916
3.4762695 2.1584117 -1.7969992
3.1541209 2.290086 -1.7117969
2.9828711 2.2775965 -1.6481979
2.9208007 2.3438067 -1.6446424
2.7437303 2.5488384 -1.6446558
2.6176367 2.6781883 -1.6446655
2.5523047 2.7405462 -1.6446705
2.4854686 2.8013079 -1.6446757
2.4171875 2.8604479 -1.6446809
2.3475194 2.9179144 -1.6446862
2.2764647 2.9736876 -1.6446917
2.2041211 3.0277312 -1.6446974
1.8238866 3.2709532 -1.6447266
1.5826757 3.3942833 -1.6447453
1.5003906 3.4314795 -1.6447517
1.4171875 3.4666736 -1.6447581
1.1628711 3.560097 -1.6447778
1.0766797 3.587121 -1.6447845
0.90246093 3.6348901 -1.644798
0.7261523 3.6742077 -1.6448116
0.54812497 3.7049773 -1.6448256
0.36886719 3.7271264 -1.6448394
0.098437496 3.7440879 -1.6448605
0.0081640622 3.7453876 -1.6448675
-0.082207032 3.7445123 -1.6448746
-0.1725 3.7414544 -1.6448816
-0.35269532 3.7288146 -1.6448956
-0.44251952 3.7192411 -1.6449026
-0.71023434 3.6775634 -1.6449233
-0.79873043 3.6593785 -1.6449304
-1.3181446 3.5060301 -1.6449708
-1.4023242 3.4732361 -1.6449773
-1.4856445 3.4384215 -1.6449839
-1.730371 3.3220606 -1.645003
-1.8885547 3.2347808 -1.6450154
-1.9660156 3.1883068 -1.6450214
-2.2640233 2.9841423 -1.6450448
-2.4053321 2.871521 -1.645056
-2.4738476 2.8126891 -1.6450613
-2.5409374 2.7522173 -1.6450666
-3.8547657 1.3762158 -1.79757
-3.8868554 1.2828516 -1.7975726
-3.9441795 1.0939429 -1.7975771
-3.969414 0.99851012 -1.7975793
-3.9923437 0.90248597 -1.7975812
-4.03125 0.70892823 -1.7975843
-4.0607224 0.5137201 -1.7975868
-4.0719528 0.41564634 -1.7975878
-4.0913281 0.12017944 -1.7975895
-4.0930858 0.021480102 -1.7975897
-4.0893359 -0.1759088 -1.7975897
-4.0761132 -0.37288755 -1.7975888
-4.065918 -0.47108519 -1.797588
-4.0533595 -0.56900084 -1.7975873
-3.9554687 -1.0524951 -1.7975801
-3.9289453 -1.147575 -1.7975781
-3.8690038 -1.3356838 -1.7975736
-2.8788476 -2.9093502 -1.797498
-2.8078125 -2.9779241 -1.7974925
-2.4291406 -3.2940292 -1.7974633
-2.3489647 -3.3516448 -1.7974571
-2.2674804 -3.407304 -1.7974508
-2.1846483 -3.4609888 -1.7974445
-2.1004882 -3.5126529 -1.797438
-1.9286914 -3.6098254 -1.7974248
-1.7523437 -3.6985986 -1.797411
-1.6626366 -3.7397723 -1.7974042
-1.3879297 -3.8501394 -1.7973828
-1.1059375 -3.9403551 -1.7973609
-1.0105859 -3.9658689 -1.7973536
-0.91464841 -3.9890685 -1.7973461
-0.52615231 -4.058557 -1.7973161
-0.23138671 -4.0859227 -1.7972931
-0.13273437 -4.0902991 -1.7972854
0.064628907 -4.0919061 -1.7972702
0.26185545 -4.0839982 -1.7972548
0.55642575 -4.0543318 -1.7972319
0.75126952 -4.0227551 -1.7972167
0.84802735 -4.0034523 -1.7972091
1.040078 -3.9578717 -1.7971941
1.1352344 -3.9316223 -1.7971867
1.3234766 -3.8722796 -1.7971721
1.4164648 -3.8392229 -1.7971647
1.5999414 -3.7664282 -1.7971504
1.779668 -3.6848729 -1.7971363
1.8680273 -3.6408691 -1.7971295
1.9552343 -3.5947478 -1.7971226
2.0413671 -3.5465317 -1.7971159
2.2924023 -3.3896441 -1.7970963
2.5314257 -3.2150195 -1.7970774
2.6082225 -3.1530254 -1.7970715
2.683496 -3.0891674 -1.7970655
2.8293164 -2.9561894 -1.7970541
2.899785 -2.8870947 -1.7970486
3.1008399 -2.6698792 -1.7970327
3.285742 -2.4387167 -1.7970181
3.343574 -2.3587604 -1.7970135
3.4534178 -2.1947842 -1.7970048
3.505332 -2.1108561 -1.7970009
3.5551953 -2.0256948 -1.7969968
2.4900584 -0.77256405 -1.1449894
2.9930468 -0.77256405 -1.357548
4.0066013 -0.83040279 -1.7969607
4.0254493 -0.73353881 -1.796959
4.0561328 -0.53858274 -1.7969565
4.0679297 -0.44060606 -1.7969556
4.0844531 -0.2439453 -1.796954
4.0891404 -0.14537658 -1.7969536
4.0914645 -0.046715088 -1.7969534
4.0914063 0.05196533 -1.7969532
4.0889454 0.15062499 -1.7969534
4.0841403 0.24918456 -1.7969537
4.0769334 0.34761107 -1.7969542
4.0411525 0.64142758 -1.7969565
4.0245118 0.73870784 -1.7969579
4.005527 0.83554137 -1.7969592
2.478828 0.7725665 -1.1402781
3.5525975 2.0302637 -1.7969934
3.3965623 2.2817895 -1.7970053
3.264082 2.3089616 -1.7558823
2.4522851 2.8303974 -1.6446784
2.3129883 2.9453673 -1.644689
2.0185547 3.1545105 -1.6447116
1.9418945 3.2022791 -1.6447177
1.7852148 3.2922168 -1.6447297
1.5425977 3.4126935 -1.6447484
1.4598242 3.4489191 -1.6447549
1.37625 3.4831336 -1.6447613
1.2067187 3.5454674 -1.6447744
1.034336 3.5995574 -1.6447879
0.85958982 3.6452727 -1.6448013
0.77140623 3.6649609 -1.6448082
0.68279296 3.6825116 -1.644815
0.59382808 3.6979218 -1.644822
0.50447267 3.711184 -1.6448289
0.41482422 3.7222831 -1.6448359
0.23486328 3.7379875 -1.6448498
0.1446289 3.7425799 -1.6448568
0.054355469 3.7449925 -1.6448638
-0.035957031 3.7452312 -1.6448709
-0.21656249 3.7391698 -1.6448849
-0.39656249 3.7244098 -1.6448989
-0.48628905 3.7137799 -1.6449059
-0.66478515 3.6860399 -1.6449199
-0.7535156 3.6689525 -1.6449267
-0.92955077 3.6283789 -1.6449405
-1.0167773 3.6049206 -1.6449473
-1.1034374 3.5793638 -1.6449541
-1.5260546 3.4206891 -1.6449871
-1.769375 3.3014555 -1.6450061
-1.9265039 3.2123199 -1.6450185
-2.1537108 3.0646715 -1.6450362
-2.2269921 3.0118542 -1.6450419
-2.2990038 2.9572747 -1.6450475
-2.369668 2.9009831 -1.645053
-2.4389453 2.8430023 -1.6450585
-2.5731835 2.7221105 -1.6450691
-3.9809179 0.95169127 -1.7975802
-4.0027146 0.85540402 -1.7975819
-4.0221872 0.75862855 -1.7975836
-4.0393357 0.66140318 -1.797585
-4.0540624 0.56380248 -1.7975862
-4.066504 0.46586365 -1.7975873
-4.076582 0.36766356 -1.7975881
-4.0842381 0.26923826 -1.7975888
-4.0924997 0.071985476 -1.7975897
-4.0930467 -0.026726075 -1.7975898
-4.0911913 -0.12543152 -1.7975897
-4.0714259 -0.42086729 -1.7975885
-4.0600977 -0.51893556 -1.7975878
-4.0119529 -0.81109005 -1.7975842
-3.9681444 -1.0035986 -1.797581
-3.8851953 -1.2878406 -1.7975748
-2.8443553 -2.9430487 -1.7974952
-2.699121 -3.0767593 -1.797484
-2.5475781 -3.2033148 -1.7974725
-2.4696288 -3.2638102 -1.7974664
-2.3093555 -3.3790698 -1.797454
-2.2271483 -3.433768 -1.7974478
-2.1437109 -3.4864721 -1.7974414
-2.0589843 -3.5371399 -1.7974348
-1.8860351 -3.6322827 -1.7974213
-1.2488476 -3.8974452 -1.7973721
-1.1544726 -3.926419 -1.7973647
-0.9638086 -3.9774864 -1.7973499
-0.77087891 -4.0193005 -1.797335
-0.67371094 -4.036705 -1.7973275
-0.57621092 -4.0517626 -1.7973199
-0.3801367 -4.074801 -1.7973046
-0.084589839 -4.0915685 -1.7972817
0.40826172 -4.0719447 -1.7972434
0.70156246 -4.0317264 -1.7972206
0.79857421 -4.0136213 -1.797213
0.89509761 -3.9931798 -1.7972054
0.99117184 -3.9704123 -1.7971979
1.086621 -3.9453409 -1.7971905
1.1814648 -3.9179704 -1.797183
1.4616015 -3.8222656 -1.7971612
1.5533398 -3.7858908 -1.7971541
1.6441406 -3.7473156 -1.797147
1.9107617 -3.6186075 -1.7971262
1.9974608 -3.5714641 -1.7971194
2.1673632 -3.4709671 -1.797106
2.2503905 -3.4176803 -1.7970996
2.4125781 -3.3051767 -1.7970867
2.5691016 -3.1849575 -1.7970746
2.7196679 -3.0573723 -1.7970626
2.7925975 -2.9908915 -1.797057
3.0015039 -2.7811525 -1.7970405
3.3142188 -2.3998394 -1.7970159
3.3711522 -2.3192053 -1.7970114
3.4260547 -2.2372441 -1.7970071
2.5977733 -0.77256405 -1.1902528
2.8473828 -0.77256471 -1.2956946
3.1457226 -0.77256405 -1.4225568
3.9960351 -0.87978697 -1.7969614
4.0161133 -0.7831561 -1.7969598
4.0811329 -0.29433411 -1.7969543
4.0917578 0.001473999 -1.7969532
4.0869141 0.19877075 -1.7969536
4.0487499 0.59151363 -1.7969562
4.0333204 0.68897951 -1.7969573
3.9953907 0.88265806 -1.79696
3.135957 0.77256709 -1.4184004
2.5909569 0.7725665 -1.1873796
3.5773828 1.9862622 -1.7969916
3.424453 2.2397015 -1.7970031
2.9220898 2.3421624 -1.6446421
2.8057811 2.4803526 -1.6446509
2.7451563 2.547296 -1.6446557
2.6829295 2.6127715 -1.6446605
2.6191602 2.6767151 -1.6446654
2.2781639 2.9724016 -1.6446917
2.2058203 3.0264904 -1.6446972
2.1321678 3.0788109 -1.6447029
1.9812304 3.1780639 -1.6447146
1.904043 3.2249346 -1.6447204
1.8257421 3.2699249 -1.6447265
1.6659374 3.3541796 -1.6447389
1.4191406 3.4658775 -1.644758
1.3351367 3.4991052 -1.6447645
1.2503711 3.530302 -1.6447711
1.1648828 3.5594401 -1.6447777
1.0787109 3.5865111 -1.6447843
0.90451169 3.6343799 -1.6447979
0.81660151 3.6551526 -1.6448046
-3.6468554 1.2491596 -1.797554
-3.6758983 1.1608484 -1.7975563
-3.7028515 1.0718628 -1.7975584
-3.7502148 0.89207029 -1.7975624
-3.7706249 0.80136597 -1.797564
-3.788867 0.71020204 -1.7975655
-3.8049023 0.61862183 -1.7975668
-3.8187108 0.52668089 -1.797568
-3.8302929 0.43443298 -1.7975689
-3.8468163 0.24923401 -1.7975705
-3.8543749 0.063452758 -1.7975712
-3.8425391 -0.30811399 -1.7975706
-3.8232226 -0.4930377 -1.7975693
-3.8102148 -0.58509886 -1.7975683
-3.7949998 -0.67681581 -1.7975672
-3.7360938 -0.94939572 -1.7975628
-3.7121484 -1.0392194 -1.7975612
-2.675703 -2.7747738 -1.797482
-2.6079881 -2.8384893 -1.7974768
-2.3224218 -3.0764682 -1.7974548
-2.247539 -3.1315713 -1.797449
-1.7724023 -3.4228845 -1.7974124
-1.6893164 -3.4646199 -1.797406
-1.6052929 -3.5043421 -1.7973994
-1.4344336 -3.577646 -1.7973863
-1.3477343 -3.6111832 -1.7973796
-1.2602539 -3.6426246 -1.7973727
-0.90349609 -3.7470238 -1.797345
-0.8128711 -3.7677069 -1.797338
-0.63025391 -3.8024931 -1.7973238
-0.53837889 -3.8165715 -1.7973167
-0.44613281 -3.8284302 -1.7973095
-0.35371092 -3.8380587 -1.7973024
-0.16820312 -3.8506236 -1.7972881
-0.075332031 -3.8535419 -1.7972808
0.20343749 -3.8488617 -1.797259
0.29624999 -3.8428185 -1.7972518
0.57328123 -3.811306 -1.7972304
0.75636715 -3.7791998 -1.7972159
0.8472656 -3.7598469 -1.797209
0.93773437 -3.738307 -1.797202
1.0275977 -3.7145915 -1.797195
1.1168555 -3.6887164 -1.7971879
1.2054882 -3.6606951 -1.797181
1.3805859 -3.5982842 -1.7971673
1.4669921 -3.5639327 -1.7971606
1.5524805 -3.5275044 -1.7971539
1.6370507 -3.4890263 -1.7971473
2.2000196 -3.1642656 -1.7971033
2.4229491 -2.9969172 -1.7970856
2.4945703 -2.9375863 -1.79708
2.700371 -2.7495868 -1.7970638
2.8297851 -2.6161342 -1.7970538
2.9526367 -2.476639 -1.797044
3.0114844 -2.4046967 -1.7970395
3.0685742 -2.331368 -1.7970349
3.1239257 -2.2566843 -1.7970306
3.1774218 -2.180687 -1.7970263
3.2290819 -2.1034169 -1.7970222
3.278867 -2.0249279 -1.7970183
3.3267381 -1.9452603 -1.7970146
2.6085351 -0.77256405 -1.2686064
3.7998242 -0.64187562 -1.7969766
3.8141992 -0.55005002 -1.7969754
3.8263476 -0.45790586 -1.7969743
3.8439648 -0.27287352 -1.7969728
3.8494334 -0.18009216 -1.7969723
3.8431444 0.28430358 -1.7969723
3.8249609 0.46928161 -1.7969736
3.8125389 0.56139708 -1.7969744
3.7619727 0.83554196 -1.7969781
2.8267186 0.7725665 -1.3664654
2.580332 0.7725659 -1.2560052
3.3671288 1.8744867 -1.797008
3.3209569 1.9551476 -1.7970115
3.272871 2.0346692 -1.7970152
3.2228124 2.1130102 -1.797019
3.1709569 2.1901195 -1.7970229
3.1150196 2.2643659 -1.7957639
2.7791796 2.2327733 -1.6623734
2.6955273 2.2746472 -1.6446599
2.5827148 2.4019866 -1.6446686
2.5240233 2.4635777 -1.644673
2.4638867 2.5237439 -1.6446776
2.2750194 2.6952801 -1.6446922
2.2093749 2.7493694 -1.6446972
2.0742579 2.8527195 -1.6447076
2.0048242 2.901922 -1.6447129
1.7898437 3.039295 -1.6447296
1.7160156 3.0815821 -1.6447352
1.6411914 3.1220818 -1.6447411
1.5654297 3.1607635 -1.644747
1.4888085 3.197608 -1.6447527
1.3328906 3.2656987 -1.6447648
1.2537109 3.2969005 -1.6447711
1.1738477 3.3261914 -1.6447772
1.0933203 3.3535454 -1.6447835
1.0121288 3.3789477 -1.6447897
0.59830076 3.4762316 -1.6448219
0.51427734 3.4896605 -1.6448283
0.34541014 3.5104234 -1.6448414
0.26066405 3.5177476 -1.644848
-0.079414062 3.5265539 -1.6448746
-0.16443358 3.5236249 -1.6448811
-0.249375 3.5186467 -1.6448877
-0.33416015 3.5116277 -1.6448944
-0.50304687 3.4914551 -1.6449075
-0.58712888 3.4783189 -1.644914
-0.75419921 3.445991 -1.644927
-0.91947263 3.4056425 -1.6449399
-1.1632617 3.330296 -1.644959
-1.4009961 3.2375164 -1.6449776
-1.4787109 3.2028015 -1.6449836
-1.6314453 3.1277966 -1.6449956
-1.7063476 3.0875537 -1.6450015
-1.780332 3.0455132 -1.6450071
-2.0654688 2.8598962 -1.6450295
-2.1338282 2.809262 -1.6450349
-2.3945704 2.5906878 -1.6450553
-3.6311133 1.2940649 -1.7975527
-3.7389257 0.93828487 -1.7975614
-3.7969725 0.66552979 -1.7975662
-3.8246679 0.48167297 -1.7975684
-3.8351758 0.38929382 -1.7975694
-3.8434179 0.29668945 -1.7975701
-3.8494725 0.2039154 -1.7975706
-3.8532617 0.11101684 -1.7975711
-3.8541405 -0.074914552 -1.7975712
-3.8512304 -0.16783996 -1.7975711
-3.8460546 -0.26066771 -1.7975707
-3.8386328 -0.35334533 -1.7975703
-3.8290038 -0.44581726 -1.7975698
-3.7682421 -0.81257689 -1.7975652
-3.7475586 -0.90321654 -1.7975638
-3.6996484 -1.0828662 -1.7975601
-3.6724412 -1.1717703 -1.7975581
-2.6427929 -2.8060939 -1.7974795
-2.5743749 -2.8690035 -1.7974741
-2.4330468 -2.9897838 -1.7974633
-2.3601952 -3.0475764 -1.7974577
-2.285996 -3.1036022 -1.7974521
-2.2104883 -3.1578164 -1.7974463
-2.1336718 -3.2101991 -1.7974403
-1.9764062 -3.3093255 -1.7974281
-1.8959961 -3.3560185 -1.7974219
-1.8145312 -3.4007556 -1.7974156
-1.5639257 -3.5229964 -1.7973962
-1.478457 -3.5596764 -1.7973896
-1.1287109 -3.6854827 -1.7973624
-0.85927731 -3.7573979 -1.7973417
-0.7683984 -3.7770128 -1.7973346
-0.67710936 -3.7944324 -1.7973275
-0.58541012 -3.8096435 -1.7973204
-0.49339843 -3.822639 -1.7973132
-0.21574219 -3.8482602 -1.7972916
-0.029921874 -3.8541577 -1.7972772
0.063027345 -3.8537414 -1.7972701
0.24878906 -3.8461907 -1.7972555
0.34146485 -3.8390574 -1.7972484
0.52619141 -3.8180974 -1.7972341
0.70964843 -3.788254 -1.7972196
0.80082029 -3.7700241 -1.7972126
1.1602148 -3.6753006 -1.7971846
1.2485156 -3.6462376 -1.7971777
1.508828 -3.5464025 -1.7971573
1.76125 -3.428009 -1.7971376
2.66625 -2.78267 -1.7970666
2.7325976 -2.717556 -1.7970614
2.7973046 -2.6508596 -1.7970564
2.86041 -2.5826197 -1.7970513
2.9218163 -2.5128798 -1.7970464
3.0396483 -2.3690615 -1.7970371
3.2029102 -2.1431069 -1.7970244
3.2536328 -2.0652382 -1.7970204
3.3025 -1.9861636 -1.7970164
3.3493946 -1.9059442 -1.7970128
2.495039 -0.77256531 -1.2179501
2.7260547 -0.77256471 -1.3212405
3.0000391 -0.77256471 -1.4445877
3.7739062 -0.77996093 -1.7969787
3.8071289 -0.5970813 -1.796976
3.8469141 -0.22758178 -1.7969725
3.8513086 -0.13474548 -1.7969722
3.8533008 0.051119994 -1.7969717
3.8509569 0.14402893 -1.7969718
3.8463476 0.23685424 -1.7969722
3.8395116 0.32954529 -1.7969726
3.8304882 0.42204651 -1.7969732
3.7899413 0.69786006 -1.7969761
3.7720115 0.78905392 -1.7969775
3.3448045 1.9140124 -1.7970097
3.1449022 2.2273176 -1.797025
3.0263085 2.2548339 -1.7598159
2.8554296 2.2366028 -1.691335
2.7243359 2.2420006 -1.6452394
2.6216407 2.3785694 -1.6506628
2.5542579 2.4322424 -1.6446707
2.3717382 2.6105511 -1.6446847
2.308125 2.6669953 -1.6446896
2.0404882 2.8769548 -1.6447102
1.9705468 2.9253345 -1.6447155
1.827207 3.0169666 -1.6447266
1.7539258 3.0601678 -1.6447324
1.6796093 3.1015875 -1.6447381
1.6043359 3.141201 -1.6447439
1.5281249 3.1789873 -1.6447498
1.4510351 3.2149272 -1.6447557
1.3730859 3.2489953 -1.6447618
1.2943164 3.2811742 -1.6447679
1.2148242 3.3114445 -1.644774
1.1345898 3.3397894 -1.6447803
1.0537109 3.3661919 -1.6447865
0.9722656 3.3906403 -1.6447928
0.8902148 3.4131122 -1.6447991
0.80763668 3.4336004 -1.6448056
0.64113277 3.4685783 -1.6448185
0.55730468 3.4830401 -1.6448251
0.47316405 3.4954834 -1.6448315
0.21921875 3.5205798 -1.6448513
0.13423827 3.5248559 -1.6448579
-0.29080078 3.5154717 -1.6448909
-0.37548828 3.5074534 -1.6448976
-0.45996094 3.4973924 -1.6449041
-0.62808591 3.4711719 -1.6449172
-0.71158201 3.4550261 -1.6449237
-0.87736326 3.4167204 -1.6449367
-1.0411133 3.3704674 -1.6449494
-1.2024413 3.3163702 -1.644962
-1.2820507 3.2864196 -1.6449683
-1.5163085 3.1851714 -1.6449865
-1.5926758 3.147686 -1.6449925
-1.6681445 3.1083703 -1.6449984
-1.7426171 3.0672472 -1.6450043
-1.8160937 3.0243402 -1.64501
-1.8885156 2.9796727 -1.6450157
-2.0990233 2.8353784 -1.6450322
-2.1667774 2.7839422 -1.6450375
-2.2333007 2.7308824 -1.6450427
-2.2984765 2.676239 -1.6450479
-2.3623633 2.6200378 -1.6450528
-3.6461327 1.2512127 -1.7975538
-3.6752343 1.1629187 -1.7975563
-3.8045506 0.62076169 -1.7975668
-3.8184178 0.52883053 -1.7975678
-3.8394725 0.3440924 -1.7975698
-3.8516209 0.15856262 -1.7975709
-3.8547657 -0.027342528 -1.7975712
-3.8489842 -0.21318603 -1.7975709
-3.8342187 -0.39852965 -1.79757
-3.8234961 -0.49088317 -1.7975693
-3.7953711 -0.67467773 -1.7975672
-3.7779686 -0.76601195 -1.7975659
-3.6866014 -1.1263617 -1.7975591
-3.6583984 -1.2149402 -1.797557
-2.5403905 -2.8991213 -1.7974715
-2.4697266 -2.9595351 -1.7974663
-2.3976367 -3.0182261 -1.7974606
-2.3241601 -3.0751574 -1.797455
-2.1731446 -3.1836319 -1.7974434
-2.0170898 -3.284692 -1.7974313
-1.6913085 -3.4636662 -1.7974061
-1.4364452 -3.5768352 -1.7973864
-1.2623047 -3.6419113 -1.7973728
-1.174082 -3.6712811 -1.797366
-1.0852149 -3.6985164 -1.7973591
-0.81498045 -3.7672505 -1.7973382
-0.35583985 -3.8378606 -1.7973025
-0.26320311 -3.8453114 -1.7972953
-0.17037109 -3.8505266 -1.7972882
-0.077460937 -3.8535016 -1.797281
0.20130859 -3.8489764 -1.7972593
0.38666016 -3.8347631 -1.7972448
0.93560547 -3.7388349 -1.7972021
1.1147656 -3.6893463 -1.797188
1.3785547 -3.5990622 -1.7971674
1.4649609 -3.5647595 -1.7971607
1.5504882 -3.5283787 -1.7971541
1.8014843 -3.407023 -1.7971344
2.1212695 -3.2176101 -1.7971094
2.3483007 -3.0558105 -1.7970916
2.4929101 -2.9390013 -1.7970802
2.6316795 -2.8153679 -1.7970693
2.7643945 -2.6851819 -1.7970588
2.8906641 -2.5487514 -1.7970489
3.0101366 -2.4063995 -1.7970396
3.1226561 -2.2584462 -1.7970306
3.2777343 -2.0267737 -1.7970184
3.3256445 -1.9471374 -1.7970146
2.85375 -0.77256471 -1.3786262
3.7429881 -0.91701353 -1.7969812
3.7640038 -0.82647216 -1.7969794
3.7828319 -0.73545897 -1.796978
3.8260937 -0.46006346 -1.7969743
3.8438084 -0.27504149 -1.7969728
3.8493359 -0.18226562 -1.7969723
3.8525975 -0.08938171 -1.796972
3.8536522 0.0035614013 -1.7969718
3.8489842 0.18937255 -1.796972
3.8433201 0.28213501 -1.7969723
3.7982616 0.65103638 -1.7969755
3.7814648 0.74244201 -1.7969767
2.8329883 0.7725665 -1.3692886
2.5856249 0.7725665 -1.2583765
3.3681641 1.8725921 -1.7970079
3.2739842 2.0328209 -1.7970151
3.2240038 2.1111925 -1.7970189
3.1721873 2.1883295 -1.7970228
3.1184764 2.2642009 -1.797027
2.941211 2.2457781 -1.7255946
2.7825389 2.2329028 -1.6636385
2.6968164 2.2731273 -1.6446596
2.6411719 2.3375103 -1.6446639
2.5840819 2.400526 -1.6446683
2.5253906 2.4621594 -1.6446729
2.2765429 2.6940002 -1.6446921
2.2109375 2.748122 -1.6446971
2.1440039 2.8006511 -1.6447023
2.0758789 2.8515472 -1.6447074
2.0065038 2.900789 -1.6447128
1.935957 2.9483423 -1.6447183
1.8642772 2.9941864 -1.6447238
1.7177539 3.0806158 -1.6447351
1.2555468 3.2961962 -1.644771
1.1757226 3.3255298 -1.6447771
1.014043 3.3783746 -1.6447896
0.93228513 3.401861 -1.6447959
0.76714844 3.4428821 -1.6448088
0.68390626 3.460393 -1.6448152
0.60025388 3.475894 -1.6448218
0.51625001 3.4893694 -1.6448282
0.34738281 3.5102313 -1.6448413
0.26263672 3.517602 -1.6448479
0.092714839 3.5261993 -1.6448611
0.0076757809 3.5274224 -1.6448677
-0.077421874 3.5265961 -1.6448743
-0.2473828 3.5187879 -1.6448874
-0.75226563 3.446414 -1.6449269
-0.91755855 3.4061565 -1.6449399
-0.99941403 3.3830516 -1.6449461
-1.0807421 3.3579767 -1.6449525
-1.3206836 3.2710974 -1.6449713
-1.4768945 3.2036321 -1.6449835
-1.6296484 3.1287165 -1.6449953
-1.8515819 3.0027447 -1.6450127
-1.9942187 2.9099896 -1.6450239
-2.0638671 2.8610613 -1.6450294
-2.1993945 2.7582335 -1.6450399
-2.3930664 2.5920343 -1.6450552
-3.6303906 1.296115 -1.7975526
-3.7793748 0.75903869 -1.7975646
-3.7966211 0.66766721 -1.7975662
-3.8116014 0.57591432 -1.7975674
-3.8243945 0.48382017 -1.7975684
-3.8349414 0.39145386 -1.7975694
-3.8432813 0.29885191 -1.7975701
-3.8532031 0.11318542 -1.7975711
-3.8548632 0.02022827 -1.7975712
-3.8292382 -0.44366392 -1.7975698
-3.8033984 -0.62778991 -1.7975678
-3.7251952 -0.99123716 -1.7975621
-3.7002537 -1.0807794 -1.7975602
-3.6731055 -1.1697046 -1.7975581
-2.5759959 -2.8675508 -1.7974744
-2.5060742 -2.9288363 -1.797469
-2.4346874 -2.9884105 -1.7974635
-2.3619139 -3.0462477 -1.7974578
-2.2877734 -3.1023114 -1.7974522
-2.2122459 -3.156575 -1.7974464
-2.0574803 -3.2595565 -1.7974343
-1.9782617 -3.3082168 -1.7974283
-1.897871 -3.3549511 -1.7974219
-1.8164257 -3.3997328 -1.7974157
-1.7338867 -3.4425399 -1.7974093
-1.5658984 -3.5221179 -1.7973963
-1.4804688 -3.5588429 -1.7973897
-1.3071485 -3.626065 -1.7973764
-1.0415624 -3.7110317 -1.7973558
-0.86138672 -3.7569134 -1.7973418
-0.7705664 -3.776581 -1.7973347
-0.58755857 -3.8093143 -1.7973205
-0.31062499 -3.841779 -1.797299
-0.21787108 -3.8481395 -1.7972919
0.060898434 -3.8537774 -1.7972702
0.15380859 -3.8511748 -1.797263
0.24664062 -3.8463304 -1.7972556
0.33927733 -3.8392522 -1.7972485
0.52406251 -3.8183947 -1.7972342
0.70755857 -3.7886565 -1.7972198
0.97957027 -3.72755 -1.7971987
1.1581445 -3.6759558 -1.7971847
1.5068164 -3.5472524 -1.7971574
1.591953 -3.5098696 -1.7971509
1.6760937 -3.4704461 -1.7971443
1.8414843 -3.385566 -1.7971313
1.9226172 -3.340158 -1.7971249
2.002578 -3.2928119 -1.7971187
2.0814061 -3.2435467 -1.7971126
2.159004 -3.1924016 -1.7971064
2.2353516 -3.1393933 -1.7971005
2.3841209 -3.0279372 -1.7970887
2.4564452 -2.969552 -1.7970831
2.6646678 -2.7841709 -1.7970668
2.7310545 -2.7190979 -1.7970616
2.7958007 -2.6524343 -1.7970564
2.8589451 -2.5842364 -1.7970515
2.9204493 -2.5145266 -1.7970467
2.9802539 -2.4433632 -1.7970419
3.0382812 -2.3707736 -1.7970374
3.1490624 -2.221504 -1.7970287
2.4900584 -0.77256531 -1.2157398
2.7202148 -0.77256471 -1.3186221
3.753535 -0.87286133 -1.7969804
3.7734375 -0.7820825 -1.7969787
3.7912304 -0.69085813 -1.7969772
3.8067772 -0.59922791 -1.796976
3.8312109 -0.41497192 -1.7969738
3.8533201 0.048939817 -1.7969717
3.8510351 0.14186035 -1.7969718
3.8060155 0.60410583 -1.7969749
3.7903514 0.69572628 -1.7969761
3.7724414 0.78692871 -1.7969774
3.7524023 0.87767822 -1.7969788
2.9772851 0.7725665 -1.434311
3.3458984 1.9121288 -1.7970096
3.2988086 1.992265 -1.7970132
3.2498045 2.071245 -1.7970169
2.6134961 2.3684564 -1.6446661
2.555625 2.4308031 -1.6446705
2.3095899 2.6656969 -1.6446894
2.1108789 2.8257141 -1.6447048
2.0421484 2.8758056 -1.6447101
1.972168 2.9242237 -1.6447155
1.9010546 2.9709466 -1.644721
1.8288866 3.0159388 -1.6447265
1.755664 3.0591748 -1.6447321
1.6813672 3.1006365 -1.644738
1.6060938 3.1402936 -1.6447438
0.89212888 3.4126091 -1.644799
0.80955076 3.4331431 -1.6448054
0.64306641 3.4682128 -1.6448184
0.55925781 3.4827271 -1.6448247
0.39070311 3.5056696 -1.6448379
0.051191404 3.5270543 -1.6448643
-0.033906247 3.5272765 -1.6448709
-0.11894531 3.5254462 -1.6448776
-0.20392577 3.5215685 -1.6448841
-0.28878906 3.5156364 -1.6448907
-0.37349609 3.5076647 -1.6448975
-0.45796874 3.4976494 -1.644904
-0.54222655 3.4856 -1.6449106
-0.79279298 3.4373198 -1.6449301
-0.87542969 3.4172156 -1.6449364
-0.95759761 3.3951213 -1.6449429
-1.1202148 3.3450224 -1.6449555
-1.2005469 3.3170476 -1.6449618
-1.2802148 3.287138 -1.644968
-1.5145313 3.1860259 -1.6449864
-1.5909179 3.1485803 -1.6449924
-1.6664062 3.1093102 -1.6449983
-1.7408984 3.068228 -1.645004
-1.8868164 2.9807329 -1.6450155
-1.9581835 2.9343762 -1.6450212
-2.0283983 2.886306 -1.6450267
-2.2317579 2.7321422 -1.6450425
-3.6454492 1.2532715 -1.7975538
-3.7265038 0.98645139 -1.7975603
-3.7491992 0.89629698 -1.7975622
-3.7697461 0.80561644 -1.7975639
-3.7880468 0.7144745 -1.7975655
-3.8042188 0.62290829 -1.7975668
-3.8515038 0.16073364 -1.7975707
-3.8542774 0.0677948 -1.7975711
-3.8428905 -0.30378538 -1.7975706
-3.8344531 -0.39637205 -1.79757
-3.8108983 -0.58080262 -1.7975683
-3.7784178 -0.76388305 -1.7975661
-3.7589061 -0.85478514 -1.7975645
-3.7133203 -1.0350385 -1.7975612
-3.6872656 -1.1242834 -1.7975591
-3.6590624 -1.2128826 -1.797557
-2.6787889 -2.7717552 -1.7974823
-2.6111717 -2.8355505 -1.7974771
-2.4714258 -2.9581413 -1.7974663
-2.3993554 -3.0168695 -1.7974608
-2.3258789 -3.0738499 -1.7974551
-2.097578 -3.2339144 -1.7974375
-2.0189648 -3.2835569 -1.7974315
-1.8582617 -3.3770678 -1.797419
-1.77625 -3.420882 -1.7974126
-1.6932226 -3.462714 -1.7974063
-0.99779296 -3.7230377 -1.7973524
-0.90773433 -3.7460039 -1.7973454
-0.54265624 -3.8159626 -1.7973171
-0.4504492 -3.8279259 -1.79731
-0.35800782 -3.8376617 -1.7973028
-0.26537108 -3.8451629 -1.7972955
-0.079667971 -3.8534582 -1.7972811
0.10625 -3.8527861 -1.7972666
0.29189453 -3.8431528 -1.7972522
0.47689453 -3.824578 -1.7972379
0.93349606 -3.739362 -1.7972022
1.1126758 -3.6899726 -1.7971883
1.2013476 -3.6620529 -1.7971814
1.289336 -3.6320064 -1.7971745
1.4629492 -3.5655837 -1.7971609
1.7168359 -3.4504597 -1.7971411
1.7995508 -3.4080365 -1.7971345
1.8812305 -3.363637 -1.7971282
1.9617773 -3.3172777 -1.7971219
2.0411913 -3.26899 -1.7971156
2.1194532 -3.2188056 -1.7971095
2.1964452 -3.166744 -1.7971035
2.3466015 -3.0571399 -1.7970918
2.4196093 -2.9996428 -1.797086
2.4912696 -2.9404125 -1.7970804
2.5614257 -2.8794622 -1.7970748
2.6300976 -2.8168519 -1.7970695
2.8268554 -2.6193197 -1.7970539
3.0087891 -2.408092 -1.7970396
3.1749609 -2.1842611 -1.7970265
3.2267187 -2.107058 -1.7970223
3.2765625 -2.0286148 -1.7970185
3.3245115 -1.9490045 -1.7970147
3.7824023 -0.73759216 -1.796978
3.8135741 -0.55434567 -1.7969754
3.8258398 -0.46222654 -1.7969744
3.8358593 -0.36981872 -1.7969736
3.8436522 -0.27721009 -1.7969728
3.8492382 -0.18442993 -1.7969723
3.8525391 -0.091550291 -1.796972
3.8536522 0.0013885498 -1.7969718
3.8525 0.094325557 -1.7969718
3.1359766 0.77256709 -1.5060449
2.8393164 0.7725665 -1.3721302
2.5909569 0.7725665 -1.2607493
3.3692381 1.8706867 -1.7970079
3.3231444 1.9514031 -1.7970114
3.2751367 2.0309777 -1.7970151
3.2252147 2.1093793 -1.7970189
2.7859569 2.2330327 -1.6649032
2.6424999 2.3360236 -1.6446639
2.5854297 2.399076 -1.6446682
2.5268164 2.4607427 -1.6446729
2.4667382 2.5209618 -1.6446774
2.2124803 2.7468774 -1.644697
2.1455665 2.7994401 -1.6447021
1.8659766 2.9931324 -1.6447237
1.7194531 3.0796447 -1.6447351
1.6447265 3.1202312 -1.6447407
1.5690038 3.1589966 -1.6447467
1.4148632 3.230999 -1.6447586
1.336543 3.2641943 -1.6447647
1.2574414 3.2954845 -1.6447707
1.1776172 3.3248656 -1.6447768
1.0970898 3.3523064 -1.6447831
1.0159179 3.377805 -1.6447893
0.85185546 3.4228864 -1.6448022
0.68583983 3.4600055 -1.644815
0.60222656 3.4755535 -1.6448214
