# .PCD v0.7 - Point Cloud Data file format
VERSION 0.7
FIELDS x y z
SIZE 4 4 4
TYPE F F F
COUNT 1 1 1
WIDTH 16007
HEIGHT 1
VIEWPOINT 0 0 0 1 0 0 0
POINTS 16007
DATA ascii
-4.6523438 5.2383375 1.8772579
-4.8184376 5.1686535 1.8934027
-20.242657 -9.3843956 5.9785275
-20.269199 -10.613098 6.1305809
-12.957421 -8.9215603 4.2153182
-12.53582 -9.0846882 4.148263
-11.981035 -10.081032 4.1955385
-11.890781 -10.505329 4.2514682
-11.816133 -10.958105 4.3180628
-10.403261 -10.626081 3.9846241
-12.550195 -23.798527 7.209166
-11.831347 -23.810404 7.1242042
-11.128828 -23.822006 7.0452733
-10.442012 -23.835018 6.9725733
-8.4570704 -23.867348 6.7848458
-7.8210154 -23.887674 6.7350121
-7.1849804 -23.878271 6.6815343
-5.9630857 -23.94895 6.6130309
-5.3949609 -24.136488 6.6269383
-4.8662109 -24.537489 6.7028465
-4.3629684 -25.167559 6.8442078
-3.893086 -26.197529 7.0966883
-7.9845896 27.607304 7.7005258
-8.7031832 27.580715 7.7494345
-4.6445117 5.3405004 1.8964345
-4.7224998 5.1727133 1.8767718
-20.227734 -9.7166681 6.0129089
-20.283848 -12.278172 6.3532114
-12.952188 -8.7205429 4.1838422
-12.423066 -8.8071384 4.080379
-12.862266 -9.5930004 4.2994204
-12.745254 -9.9931507 4.3396573
-12.887558 -10.616562 4.4740286
-12.289003 -10.631387 4.3540354
-11.95748 -10.859813 4.3281598
-10.658848 -10.66271 4.0397654
-12.865898 -23.79331 7.2477794
-10.737051 -23.83021 7.0034962
-10.057402 -23.841288 6.9334068
-9.3908396 -23.852148 6.8686695
-8.7362108 -23.862806 6.8090491
-8.0924606 -23.873283 6.754353
-6.8255663 -23.865131 6.6510401
-6.2147851 -23.895699 6.6158395
-5.6399021 -24.052992 6.6197801
-4.5801368 -24.878153 6.77811
-4.0877342 -25.666142 6.9638963
-6.3856835 28.175673 7.7411108
-4.8661914 5.1854758 1.9054364
-20.216444 -9.4534426 5.9799681
-12.959141 -8.9858971 4.225491
-12.572246 -9.1745272 4.1703186
-12.800077 -9.8226242 4.3232532
-12.59957 -10.160956 4.3370848
-11.85168 -10.039179 4.1618185
-11.771543 -10.989253 4.3150024
-13.184999 -23.788034 7.2876034
-11.734316 -23.812008 7.1130576
-10.349062 -23.836533 6.9629869
-8.3690424 -23.868782 6.7773643
-5.8853707 -23.973967 6.6145411
-4.7973046 -24.615343 6.7197547
-4.2975974 -25.285957 6.8725133
-7.3856053 27.683847 7.6773047
-8.6727142 27.17145 7.6424413
-20.213964 -12.327188 6.3440223
-12.953847 -8.7839222 4.1937175
-12.458418 -8.8941259 4.1016116
-12.693477 -10.020365 4.3332596
-12.802813 -10.617893 4.4567595
-12.24336 -10.662721 4.3502979
-10.57707 -10.650985 4.0220723
-12.765508 -23.79497 7.235415
-11.334394 -23.818613 7.0679379
-9.9654684 -23.842787 6.924243
-9.3006048 -23.853617 6.8602123
-8.6475391 -23.86425 6.8012781
-6.1317773 -23.899984 6.6113892
-4.5105467 -24.962387 6.7969675
-4.0249219 -25.820086 7.0020227
-4.6756835 5.1951733 1.8728063
-20.433046 -12.170712 6.3726573
-12.894394 -9.474947 4.2875166
-12.56455 -10.201309 4.3365932
-11.661894 -10.440937 4.1941743
-13.083496 -23.789711 7.2748499
-12.351855 -23.801805 7.1853061
-11.637617 -23.813606 7.1020226
-10.940078 -23.826899 7.0252132
-10.256348 -23.838047 6.9535031
-8.9280462 -23.859682 6.826107
-7.011621 -23.871933 6.6666684
-4.231699 -25.405342 6.9011254
-6.1714454 28.158178 7.72405
-8.8219919 27.327427 7.694459
-12.955488 -8.8476019 4.2036853
-12.49416 -8.9820423 4.1231155
-12.832382 -9.7031784 4.3107452
-12.675117 -10.073912 4.3383131
-12.197812 -10.694009 4.3466287
-11.212187 -10.829825 4.1768961
-10.496094 -10.639379 4.0045967
-11.238848 -23.82019 7.057363
-9.8738079 -23.844278 6.9151745
-7.9219141 -23.887251 6.7433667
-7.2855663 -23.88195 6.6902943
-6.6576953 -23.87282 6.6407981
-6.0529099 -23.920038 6.6113768
-4.9506445 -24.473452 6.690465
-3.9642186 -25.993845 7.0455589
-4.8175001 5.1676402 1.7234988
-12.926758 -8.9004393 3.8287234
-12.472109 -9.0385075 3.7575624
-12.668301 -9.6552343 3.8857374
-12.545781 -10.04943 3.921401
-10.971426 -10.678457 3.7349551
-10.814785 -11.593149 3.8677132
-16.44668 -23.73727 7.0449166
-14.820352 -23.761763 6.8318233
-14.043398 -23.77479 6.7361741
-13.287402 -23.787279 6.6469369
-11.129257 -23.822905 6.4145651
-10.442383 -23.835825 6.3483496
-9.7684956 -23.846796 6.2866635
-7.8210154 -23.887678 6.1318531
-7.1849804 -23.878273 6.0831604
-5.3949609 -24.136482 6.0334506
-3.8930664 -26.197561 6.4611449
-10.060586 27.229589 7.0816269
-4.7220507 5.1722217 1.7085336
-20.226387 -9.7160196 5.4740515
-12.903535 -8.6877832 3.7948427
-12.36084 -8.7630405 3.6963508
-12.60582 -9.8838148 3.9077878
-11.91248 -10.305621 3.8426352
-10.62539 -10.629255 3.6664381
-10.568769 -11.645525 3.8364737
-15.974238 -23.744385 6.9813561
-14.375586 -23.768454 6.7764282
-13.61123 -23.781929 6.6846838
-12.866386 -23.794233 6.598949
-12.139999 -23.806227 6.5191345
-11.430566 -23.817934 6.4449277
-10.737422 -23.831018 6.3765039
-10.057714 -23.842087 6.3126917
-8.0927343 -23.874062 6.1496568
-6.8255858 -23.865137 6.0554004
-6.2148046 -23.895699 6.0233483
-5.0959177 -24.363276 6.0721078
-4.5801563 -24.878143 6.1710849
-4.0877342 -25.666134 6.3402319
-3.8049219 -28.264774 6.9574609
-9.6466017 26.96979 6.9875546
-4.6606054 5.2128882 1.7058423
-4.8652344 5.1844516 1.73445
-12.928359 -8.96457 3.837939
-12.367441 -10.476057 3.953995
-11.892285 -10.57674 3.8825564
-10.886875 -10.666365 3.7181404
-16.332226 -23.738993 7.029397
-14.712675 -23.763378 6.8182945
-13.938769 -23.776518 6.7235947
-11.035117 -23.826166 6.4056053
-9.0176754 -23.859018 6.2223277
-8.3693161 -23.869564 6.1706114
-7.7339644 -23.888046 6.1253624
-5.8853707 -23.973965 6.0221667
-5.3233399 -24.1908 6.0426059
-4.2975974 -25.285961 6.2570362
-8.1461716 27.821815 7.0721617
-4.6329298 5.2917967 1.7157857
-4.7438669 5.1617661 1.7102419
-20.231405 -9.8007364 5.4841342
-12.395683 -8.849349 3.715488
-12.590703 -9.9392481 3.913254
-11.798203 -10.275048 3.8166995
-11.708925 -10.704783 3.8702517
-11.149082 -10.698025 3.7694387
-10.944062 -11.565674 3.884418
-10.510117 -11.658022 3.8291378
-14.269649 -23.770048 6.7634215
-12.765996 -23.795891 6.5876927
-9.9658203 -23.843584 6.3043442
-9.3008986 -23.854408 6.246047
-8.6478119 -23.865034 6.1923852
-8.0093164 -23.886885 6.1461143
-7.3727145 -23.885136 6.0981164
-6.741406 -23.868496 6.0505762
-6.1317773 -23.899988 6.0192957
-5.5620117 -24.078066 6.0285873
-4.5105467 -24.962397 6.1882567
-7.0617771 27.621721 6.9551282
-7.8898826 28.025234 7.1026001
-9.7765427 27.051315 7.0169992
-12.54457 -9.2179003 3.7976437
-12.638281 -9.7648811 3.8962131
-11.311874 -11.707739 3.9714835
-15.399609 -23.753038 6.9058642
-14.60541 -23.764994 6.8048902
-13.83457 -23.778238 6.711134
-12.352324 -23.802721 6.5420675
-11.638027 -23.81451 6.4662375
-10.940449 -23.827709 6.396277
-8.92834 -23.860468 6.2149911
-8.2814646 -23.870993 6.1638827
-7.6470895 -23.888412 6.1189537
-7.0116014 -23.871935 6.0696263
-6.3941598 -23.886433 6.0323267
-5.8076563 -23.998989 6.0236044
-5.251543 -24.245256 6.051847
-12.924883 -8.8266869 3.818171
-12.685566 -9.5921717 3.8797963
-12.575585 -9.9947834 3.9187672
-12.42205 -10.37143 3.9477658
-11.988144 -10.510185 3.8893368
-11.070234 -10.692712 3.7546828
-15.749863 -23.747766 6.9516416
-14.945352 -23.759878 6.8476219
-13.405527 -23.78533 6.6606236
-11.944297 -23.809458 6.4982896
-8.5593939 -23.866474 6.1854005
-7.9218946 -23.887253 6.1394567
-6.6576953 -23.872822 6.0460715
-6.0529294 -23.920034 6.0192857
-5.4841404 -24.103136 6.0303016
-9.283164 26.226271 6.1266427
-9.7843361 25.656929 6.0470371
-14.13041 25.316147 6.3847218
-4.6513672 5.237257 1.5425375
-12.361269 -8.9582052 3.3618491
-12.526093 -9.5468683 3.4683218
-12.415723 -9.94526 3.50319
-12.663574 -10.655344 3.6446102
-11.951738 -10.559171 3.5120504
-11.379726 -10.553391 3.4177976
-10.937031 -10.64498 3.3610086
-11.216171 -11.456409 3.5307224
-16.447168 -23.737951 6.3596983
-14.820781 -23.762421 6.1673226
-14.043945 -23.775723 6.0810471
-13.28789 -23.7882 6.0004869
-12.551171 -23.800356 5.9254293
-9.7688084 -23.847586 5.6752172
-9.107461 -23.858341 5.6238413
-7.1849804 -23.878273 5.4913268
-5.9630857 -23.948954 5.4350266
-5.3949413 -24.136494 5.4464598
-4.3629684 -25.167561 5.6250253
-9.6978512 26.247892 6.1621838
-4.6413279 5.336853 1.5575519
-4.7216015 5.1717334 1.5421655
-20.225058 -9.7153835 4.9411483
-12.853652 -9.1124363 3.4697707
-12.352304 -10.17566 3.5243416
-10.592539 -10.596373 3.299489
-10.963964 -11.510361 3.5006862
-16.811815 -23.732466 6.4047861
-15.974688 -23.745064 6.302319
-14.375977 -23.769112 6.1173129
-12.866894 -23.795145 5.9571667
-10.058066 -23.84288 5.6987143
-9.3914642 -23.853724 5.6455016
-8.7367964 -23.86437 5.5964952
-7.4601364 -23.888334 5.5112071
-6.8255663 -23.865137 5.4662671
-6.2147851 -23.895699 5.4373341
-5.6399021 -24.052996 5.4405723
-5.0959177 -24.363285 5.4813499
-4.5801368 -24.878159 5.5707016
-4.0877342 -25.666151 5.7233973
-3.8049414 -28.264965 6.2806101
-9.3825388 26.231449 6.1350498
-12.865703 -8.9211264 3.4477522
-12.14502 -8.8627615 3.3109708
-12.511093 -9.6008577 3.4729166
-12.400508 -10.00044 3.508193
-11.867715 -10.554893 3.4975789
-10.852793 -10.632961 3.3458889
-13.186015 -23.789883 5.9899035
-12.451817 -23.801994 5.915575
-11.035488 -23.826969 5.7825952
-10.349746 -23.838131 5.7230296
-9.0179682 -23.859798 5.6171408
-7.7339454 -23.888046 5.5294223
-7.0982032 -23.875101 5.4851818
-6.4775 -23.882128 5.4493003
-5.3233399 -24.190804 5.4547205
-4.7973046 -24.61536 5.5227404
-4.297617 -25.285971 5.6482935
-3.830703 -26.376152 5.8694592
-6.7947264 28.182095 6.3840528
-12.719667 26.083548 6.3906665
-4.7434177 5.1612806 1.5437078
-12.499355 -9.3866987 3.442344
-12.201328 -10.626136 3.5630953
-10.511542 -10.58501 3.2851286
-10.903906 -11.523226 3.4936311
-10.47209 -11.615845 3.444092
-16.695723 -23.734211 6.3903589
-15.862305 -23.746752 6.2888465
-15.054414 -23.758907 6.1940536
-13.50875 -23.784555 6.0236473
-12.766464 -23.796804 5.9470043
-12.04246 -23.808744 5.8756552
-11.335234 -23.820404 5.8093395
-9.9661322 -23.844374 5.6911817
-7.3727145 -23.885141 5.5048265
-6.741406 -23.868498 5.4619126
-5.5620117 -24.078066 5.4420614
-4.5105467 -24.962397 5.5862012
-4.0249219 -25.820072 5.7547264
-9.4821091 26.236645 6.1435494
-10.302011 24.706661 5.894907
-4.6748047 5.1941943 1.5389068
-12.861895 -8.981473 3.4546585
-12.385273 -10.055769 3.5132473
-12.446836 -10.61404 3.6023116
-11.78877 -10.554535 3.4845529
-10.769472 -10.621213 3.3309927
-10.656934 -11.576161 3.4650478
-17.063887 -23.728672 6.4363513
-16.218691 -23.74139 6.3318043
-13.084512 -23.791557 5.9794188
-12.352773 -23.803627 5.9058151
-10.94082 -23.82851 5.7741785
-9.5866985 -23.850546 5.6607447
-8.2817574 -23.871767 5.5643787
-7.0116014 -23.871939 5.4791088
-6.3941598 -23.886435 5.4454393
-4.7289062 -24.698132 5.5377841
-4.231699 -25.405338 5.6718063
-3.7890038 -26.708073 5.9405026
-6.9228516 28.303339 6.4166527
-9.1686916 26.220304 6.1170359
-4.6412306 5.2661595 1.5458245
-4.7652149 5.1508155 1.5452701
-12.331269 -8.8649569 3.3444765
-12.433281 -9.8816957 3.4974802
-12.772206 -10.663801 3.6641438
-11.467343 -10.553559 3.4319954
-11.035352 -10.659016 3.378705
-10.844121 -11.536029 3.4866536
-16.580137 -23.735952 6.3760595
-13.406054 -23.786249 6.0128393
-11.239687 -23.821981 5.8006506
-10.550488 -23.834866 5.7401195
-9.2112494 -23.856655 5.6316867
-8.5596876 -23.867249 5.5838022
-6.6576953 -23.872822 5.4578466
-6.0529099 -23.920038 5.4336667
-5.4841208 -24.10314 5.4436131
-4.9506445 -24.473461 5.4986682
-4.4405856 -25.04707 5.6018405
-3.9642186 -25.993843 5.7905102
-9.6246481 25.238155 5.3135743
-10.295019 25.155874 5.3469958
-10.943496 25.002167 5.3688965
-13.539804 25.69561 5.7136145
-15.239238 23.185991 5.4580832
-16.162889 23.34424 5.5855198
-4.8156247 5.1656418 1.3892566
-12.819238 -9.2900839 3.1143572
-12.353145 -9.4150496 3.0554309
-12.350039 -10.391538 3.1750817
-11.487226 -10.653103 3.0819261
-10.903164 -10.61204 2.9930587
-11.175234 -11.414585 3.1424403
-10.736425 -11.50914 3.0962453
-17.305586 -23.732773 5.778059
-16.447636 -23.738626 5.6812024
-15.621914 -23.751041 5.5923276
-14.821191 -23.763075 5.5093517
-14.044492 -23.776646 5.4323387
-13.288379 -23.78911 5.3603687
-11.832676 -23.813101 5.2309217
-10.443067 -23.837406 5.1195164
-8.4579096 -23.869675 4.9816689
-7.8210154 -23.88768 4.944602
-6.5609961 -23.877817 4.8713026
-5.3949609 -24.136488 4.8652554
-4.3629684 -25.167549 5.0247602
-3.8930664 -26.197575 5.2101364
-8.9234371 26.069885 5.4205332
-10.663066 25.068905 5.3590927
-13.195703 25.68771 5.6809936
-12.7975 23.499844 5.263916
-13.184804 22.879065 5.1945848
-13.995762 22.98608 5.2940245
-14.854062 23.120983 5.4060717
-15.758652 23.274582 5.5292869
-4.7211719 5.1712523 1.3774686
-12.831504 -9.0967188 3.0941594
-12.270098 -9.1513472 3.0111542
-12.599746 -10.379481 3.211314
-11.750097 -10.671467 3.1224632
-10.924179 -11.468603 3.1157765
-16.812304 -23.733145 5.7214818
-12.867363 -23.796055 5.3216662
-11.431425 -23.819712 5.1974487
-10.738144 -23.832607 5.1422229
-10.058398 -23.843662 5.0907564
-8.7370701 -23.865139 4.9994407
-6.8255663 -23.865137 4.8829494
-6.2148046 -23.8957 4.8571076
-5.6399021 -24.052992 4.8599997
-3.804961 -28.265102 5.6104198
-9.1141405 25.481188 5.3236179
-9.738554 25.285984 5.3303795
-11.090156 25.111288 5.4001575
-12.865624 22.872511 5.1623936
-13.641738 22.939005 5.2501793
-14.476562 23.057863 5.3557749
-12.879199 -9.3985224 3.1364453
-12.379941 -9.5002356 3.0698001
-12.498437 -10.079403 3.1585705
-12.38121 -10.487746 3.1919777
-11.703554 -10.408889 3.0811288
-10.819355 -10.600204 2.979636
-11.114375 -11.42759 3.1359091
-17.187187 -23.734526 5.7646666
-14.713496 -23.764696 5.4984398
-13.186523 -23.790791 5.3509107
-11.735663 -23.814701 5.2227378
-9.0182419 -23.860571 5.0178852
-8.3698435 -23.871105 4.9761796
-7.7339644 -23.888046 4.9393682
-7.0982032 -23.875101 4.8998489
-6.4775 -23.882128 4.8677969
-5.8853903 -23.973969 4.856153
-4.297617 -25.28598 5.045547
-10.104629 25.200571 5.341085
-10.751836 25.047825 5.3621411
-13.308456 25.698204 5.6929979
-13.293808 22.89328 5.2077417
-14.109277 23.001284 5.3082199
-4.742949 5.1607995 1.3788468
-11.951074 -10.408183 3.1175864
-11.665898 -10.665488 3.1094356
-11.307343 -11.386372 3.1567354
-10.864414 -11.481506 3.1095214
-16.696211 -23.73489 5.708591
-15.862734 -23.747421 5.6179113
-13.509257 -23.785469 5.381062
-12.04293 -23.809639 5.2488475
-10.644375 -23.834131 5.1349463
-9.966465 -23.845156 5.0840259
-8.6483784 -23.866581 4.9937363
-6.1317773 -23.899988 4.8538389
-5.0233788 -24.418304 4.9041224
-4.0249219 -25.820086 5.1406298
-9.4816408 26.235308 5.4876781
-10.471952 25.114153 5.3527026
-12.95418 25.665077 5.6554651
-13.546601 25.302271 5.6459079
-12.971562 22.883837 5.1745887
-13.753222 22.953773 5.263916
-14.595351 23.077663 5.3715329
-15.487441 23.228193 5.4919577
-16.423613 23.38949 5.6221566
-12.84 -8.9661665 3.0807464
-12.039296 -8.8466196 2.9389954
-12.407031 -9.5862026 3.0843337
-12.485742 -10.137329 3.1637969
-11.933613 -10.684223 3.1509569
-11.324336 -10.6419 3.0569963
-17.064413 -23.729349 5.7496848
-16.219141 -23.742065 5.6562829
-14.606211 -23.766308 5.4876294
-13.835644 -23.780087 5.4121447
-13.08498 -23.792465 5.3415451
-12.353242 -23.804523 5.2757897
-10.941211 -23.829302 5.1581712
-10.257363 -23.840424 5.1055131
-9.5870314 -23.851328 5.0568423
-8.282012 -23.872534 4.9707508
-7.6470895 -23.888414 4.9342008
-6.3941598 -23.886435 4.864347
-5.8076563 -23.998993 4.8573151
-5.251543 -24.245258 4.8800879
-4.231699 -25.405344 5.0665574
-9.530488 25.280476 5.3147874
-10.840703 25.02668 5.3652439
-13.403418 22.907631 5.2210436
-16.013769 23.318478 5.5646996
-4.7647657 5.1503358 1.3802414
-12.864882 -8.7857122 3.0646019
-12.82373 -9.2189865 3.1068914
-12.525683 -9.9551353 3.1474767
-11.871953 -10.408332 3.1058893
-11.001016 -10.625859 3.00877
-11.245917 -11.399482 3.1500704
-10.804941 -11.494346 3.1033318
-16.580626 -23.736628 5.6958179
-14.946211 -23.761196 5.5220909
-12.666875 -23.799355 5.3035951
-9.8747845 -23.846647 5.0773678
-7.2855663 -23.881952 4.9117684
-4.9506445 -24.473457 4.9118915
-3.9642186 -25.993853 5.1725912
-9.1583595 25.873625 4.7599626
-11.05791 25.26354 4.7826667
-11.734433 25.140009 4.8114853
-13.962734 22.403294 4.578126
-15.657363 22.614109 4.7701492
-4.6504297 5.2361913 1.214529
-4.8147264 5.1646581 1.2245284
-22.353807 18.821545 5.0678949
-12.837109 -8.8387108 2.7029619
-12.797207 -9.2741308 2.7408843
-13.029668 -9.930666 2.8411684
-11.82459 -10.446848 2.7363784
-11.439433 -10.608762 2.7056978
-11.134999 -11.373493 2.7603829
-10.698222 -11.46816 2.7199128
-17.305273 -23.732357 5.0938139
-16.448124 -23.739296 5.0086598
-15.622343 -23.751701 4.9303021
-14.821601 -23.763727 4.8571415
-13.288925 -23.790014 4.7258472
-11.833125 -23.813984 4.6117234
-11.130507 -23.825546 4.5606122
-10.443438 -23.838186 4.5134845
-9.1080465 -23.859882 4.4291563
-8.4581642 -23.870434 4.3919511
-7.8210154 -23.88768 4.3591304
-6.5609765 -23.877821 4.2945108
-5.3949413 -24.136499 4.2891793
-4.8662305 -24.537495 4.3383102
-4.3629684 -25.167553 4.4298019
-3.8930664 -26.197561 4.5932422
-10.182461 25.639244 4.7843323
-13.010742 23.891457 4.7179289
-12.878672 22.347868 4.4732046
-13.615391 22.361359 4.5403376
-15.279023 22.566179 4.7262173
-16.173534 22.688412 4.8321548
-4.6382227 5.333281 1.2257782
-4.7207422 5.1707764 1.2142578
-13.953984 -9.39503 2.917371
-12.349062 -10.17296 2.7747464
-12.094902 -10.463469 2.7735715
-11.106074 -10.586596 2.660948
-11.327851 -11.331983 2.7787883
-10.885019 -11.427512 2.7370076
-15.975605 -23.746395 4.9634647
-15.164257 -23.758583 4.888103
-14.376797 -23.770405 4.8177543
-13.612812 -23.784678 4.7526889
-12.867851 -23.796947 4.6917281
-12.141367 -23.80891 4.634974
-10.05875 -23.844439 4.4881301
-7.4601364 -23.888334 4.3401752
-6.8255663 -23.865137 4.3047805
-6.2148242 -23.8957 4.2819963
-5.0959177 -24.363291 4.3166599
-4.0877342 -25.666155 4.5072737
-9.2473049 25.853462 4.7618399
-10.555937 25.552544 4.7947159
-11.099394 25.132236 4.7647171
-11.820723 25.108418 4.8128772
-14.90789 22.519638 4.6837063
-16.710077 22.773811 4.8986869
-4.6591601 5.2112989 1.2123132
-12.374961 -9.9798193 2.7570679
-11.074433 -11.386538 2.7546661
-10.639511 -11.480942 2.714602
-17.186874 -23.73411 5.0820017
-16.333612 -23.74102 4.997623
-15.511406 -23.753368 4.9199958
-14.713886 -23.765345 4.8475242
-13.94041 -23.779282 4.7803583
-12.452754 -23.803783 4.6589694
-11.736073 -23.81558 4.604506
-7.7339454 -23.888046 4.3545179
-7.0981836 -23.875101 4.3196778
-6.4775195 -23.882132 4.29142
-4.7973046 -24.61537 4.349257
-10.272187 25.618471 4.7867537
-10.900781 25.394827 4.7927194
-12.179844 24.976549 4.8191681
-13.427753 25.928503 5.0638924
-13.101542 23.870279 4.7222829
-14.543672 22.474422 4.6425529
-17.26252 22.862667 4.9682574
-4.6315036 5.2901721 1.2193774
-12.805898 -9.1422091 2.7287488
-13.028496 -9.7840643 2.8256695
-12.289199 -9.7012119 2.7153053
-11.984316 -10.43714 2.756093
-11.266464 -11.345195 2.7728946
-10.825566 -11.440449 2.7315331
-17.562422 -23.728554 5.1196852
-16.69668 -23.735563 5.0328016
-14.27084 -23.771997 4.8085122
-13.509785 -23.786377 4.7440939
-12.767441 -23.798601 4.6837215
-12.043379 -23.810522 4.6275277
-11.336074 -23.822163 4.5752945
-9.9667969 -23.845932 4.4821944
-9.301816 -23.856733 4.4407434
-8.0093164 -23.886885 4.3692713
-7.3727145 -23.885141 4.3351502
-6.7413864 -23.8685 4.3013511
-6.1317968 -23.89999 4.2791152
-5.5619922 -24.078072 4.2857184
-5.0233788 -24.418301 4.3234458
-4.5105467 -24.96241 4.399231
-4.0249219 -25.820086 4.5319514
-8.9253321 26.693764 4.8813114
-10.645957 25.531542 4.7973366
-11.90705 25.076775 4.8143172
-13.165078 23.225204 4.6299362
-13.381484 22.333385 4.5152121
-14.186074 22.430494 4.6027169
-15.901133 22.645412 4.7987819
-16.841465 22.794863 4.9151416
-17.831778 22.955168 5.0410242
-4.673965 5.1932325 1.2116925
-14.010899 -9.2891731 2.9153752
-12.376621 -10.048729 2.7648091
-12.035742 -10.26349 2.7431891
-11.014101 -11.399538 2.7490027
-10.581016 -11.493679 2.7093425
-16.219608 -23.742729 4.9866886
-15.400898 -23.75503 4.9097867
-10.257695 -23.841206 4.5011377
-8.9292383 -23.862787 4.418663
-8.2822657 -23.873291 4.3823175
-7.6470895 -23.888414 4.3499646
-7.0116014 -23.871939 4.3148971
-6.3941598 -23.886435 4.2883778
-5.251543 -24.24526 4.3022547
-4.7289062 -24.698133 4.3610992
-4.2317185 -25.405344 4.4666471
-3.7889843 -26.708107 4.6782565
-9.560605 25.360315 4.7002897
-11.634727 25.176456 4.8099384
-12.266367 24.944675 4.8208036
-15.51791 22.596386 4.7538853
-17.397852 22.884573 4.9854593
-18.418926 23.051527 5.1171718
-4.6402736 5.2650867 1.2171164
-4.7643356 5.149857 1.216701
-22.355917 18.969519 5.0847707
-13.901133 -9.4933996 2.9193609
-12.316113 -9.7885752 2.7283731
-12.495742 -10.432971 2.8231163
-11.922734 -10.452863 2.7498455
-11.793925 -10.854147 2.7797365
-10.949707 -10.576286 2.6401389
-11.205351 -11.358344 2.7670608
-17.442793 -23.730324 5.1076179
-16.581093 -23.737299 5.021544
-14.946601 -23.76185 4.8683748
-14.165273 -23.773584 4.7993231
-13.407089 -23.788065 4.7355819
-11.945663 -23.812134 4.6201534
-11.240527 -23.823734 4.5684524
-9.8751173 -23.847422 4.4763284
-8.5602341 -23.868778 4.3976212
-6.6576953 -23.872824 4.298151
-6.0529294 -23.920038 4.2791061
-5.4841208 -24.103144 4.286943
-9.1908197 25.965326 4.1402535
-9.8077736 25.718422 4.1374149
-10.397129 25.40538 4.1262155
-11.06709 25.28454 4.1487565
-12.893926 21.84532 3.8129714
-14.392519 21.897726 3.9388478
-17.97793 22.324436 4.3085098
-4.6499805 5.2356663 1.0525705
-4.8138084 5.1636829 1.0611426
-21.661718 19.1506 4.3460841
-13.803711 -9.5042515 2.5191598
-12.146914 -9.7299252 2.3393991
-11.917714 -10.529118 2.3903954
-11.301758 -10.481093 2.3169055
-10.660546 -11.427788 2.3491483
-17.30496 -23.731947 4.4149184
-16.448555 -23.73996 4.34131
-14.821992 -23.764372 4.2099762
-14.045567 -23.778467 4.1512203
-12.552578 -23.803032 4.0449715
-11.130898 -23.826412 3.9530094
-10.443769 -23.838959 3.9121311
-9.1083393 -23.860643 3.8390357
-7.1849804 -23.878275 3.7482173
-5.9630857 -23.948959 3.709789
-3.8930664 -26.197573 3.9811177
24.646093 -16.302694 4.4418058
-8.9700775 26.206076 4.1635208
-10.332969 26.018269 4.2080536
-13.257852 21.774178 3.8319356
-21.685644 19.577824 4.3915377
-13.886855 -9.3498383 2.5164261
-12.72041 -9.0179577 2.3438065
-12.28834 -10.630808 2.4423983
-11.557656 -10.496687 2.3468294
-11.287285 -11.291379 2.3998466
-10.846523 -11.387054 2.3638668
-17.682264 -23.726362 4.4478941
-16.813261 -23.734488 4.3720889
-12.86834 -23.797836 4.0666389
-11.432265 -23.821457 3.9717085
-10.738848 -23.834169 3.9294832
-9.3923626 -23.85603 3.8538241
-8.7376165 -23.866659 3.8203688
-8.0937691 -23.877106 3.7896779
-6.8255663 -23.865137 3.7311091
-5.6398826 -24.053003 3.7135768
-5.0959177 -24.363291 3.741406
-3.8049414 -28.264948 4.2869554
-8.7407227 26.431252 4.1846094
-9.9324999 25.789597 4.1541138
-12.934062 24.350964 4.1445923
-13.700566 21.82188 3.8730323
-19.16123 22.501657 4.4424844
-4.6586914 5.2107763 1.050651
-4.8615036 5.1804576 1.0678803
-21.701035 19.058201 4.3413038
-12.667129 -9.7206163 2.4000759
-12.173008 -9.8169661 2.3506548
-11.800351 -10.494978 2.3737912
-11.222031 -10.47627 2.3076382
-11.481796 -11.249217 2.4161687
-11.035097 -11.346096 2.3790908
-10.602109 -11.440604 2.3445787
-13.940937 -23.780188 4.1434665
-12.453222 -23.804667 4.0382423
-11.736504 -23.816454 3.9910378
-11.036582 -23.829332 3.9474165
-9.6785936 -23.851387 3.8691413
-9.0188284 -23.862095 3.8344643
-8.3703909 -23.87262 3.8025906
-6.4775195 -23.882132 3.7195289
-5.8853707 -23.973974 3.7106349
-5.3233399 -24.1908 3.7232273
-4.7972851 -24.615377 3.7696621
-4.297617 -25.285986 3.8553548
-3.830703 -26.376171 4.0063295
24.718691 -16.233721 4.4452138
-9.0685549 26.211208 4.1690669
-10.408086 25.957397 4.2037425
-11.734531 25.614061 4.2349744
-12.376484 25.379831 4.24439
-13.141855 23.943703 4.1055546
-13.363476 21.7855 3.8416684
-14.153438 21.871347 3.9158926
-15.836093 22.060678 4.0819545
-16.735918 22.165213 4.1748061
-17.682987 22.280766 4.2756987
-4.6310349 5.2896409 1.0567719
-21.678379 19.44186 4.3770566
-13.860527 -9.3987341 2.5172603
-12.091309 -9.0802546 2.2729316
-12.615313 -9.9586468 2.4159029
-12.284452 -10.187994 2.3989282
-12.176465 -10.604477 2.4271042
-11.226192 -11.304632 2.3947754
-17.56209 -23.72814 4.4373417
-15.055644 -23.760866 4.2282248
-14.27123 -23.772636 4.1678061
-12.043808 -23.811401 4.0109892
-11.336465 -23.823032 3.9657161
-9.3021288 -23.857496 3.8490787
-8.0093164 -23.886885 3.7870102
-7.3727341 -23.885141 3.7574317
-6.1317968 -23.89999 3.7088668
-5.5620117 -24.078072 3.7145894
-4.5105467 -24.962402 3.8129733
-4.0249219 -25.820099 3.9280081
-8.7586126 26.195065 4.1517696
-10.058242 25.861362 4.1709971
-10.387129 24.910713 4.0569205
-12.09914 25.481256 4.2400503
-13.021914 24.322348 4.1469936
-13.165078 23.225212 4.0129347
-13.808555 21.83362 3.8831794
-14.616953 21.922653 3.9605966
-15.460351 22.017677 4.0439844
-4.6735349 5.1927609 1.0501212
-21.747637 18.972328 4.3380876
-12.797363 -8.9363899 2.3462102
-12.69664 -9.3296556 2.3683321
-11.998828 -10.23201 2.3703263
-11.684628 -10.461308 2.3574436
-11.142988 -10.471493 2.2984772
-10.975078 -11.359129 2.3742163
-17.065371 -23.730703 4.3936386
-15.401308 -23.755678 4.2556057
-14.607012 -23.767597 4.1933789
-11.639766 -23.818045 3.9848459
-9.5876369 -23.852863 3.8642287
-7.0116014 -23.871939 3.7398775
-6.3941598 -23.886438 3.716893
-4.7289062 -24.698145 3.7799275
-9.167304 26.216349 4.1746736
-9.6649017 25.636932 4.1183457
-10.402988 25.698835 4.1674042
-11.018769 25.437746 4.1669703
-13.031504 26.50069 4.4390011
-13.469707 21.796921 3.8514998
-14.263984 21.883522 3.9264822
-15.95666 22.074554 4.0942369
-16.862265 22.180063 4.188055
-17.81918 22.300903 4.2908163
-18.846972 22.454277 4.4065475
-4.6398239 5.2645578 1.0548133
-4.7638865 5.1493859 1.054462
-21.67119 19.306765 4.36272
-12.317324 -9.3137188 2.3211839
-12.311973 -10.279526 2.4109066
-12.055469 -10.569227 2.4099228
-11.394727 -10.486731 2.3277423
-11.165371 -11.317822 2.3897579
-15.75162 -23.750423 4.2838216
-14.947011 -23.762495 4.2197142
-13.407598 -23.788965 4.1046543
-12.667831 -23.801138 4.0528297
-11.240937 -23.824604 3.959789
-10.551523 -23.837212 3.9184182
-8.5604877 -23.869535 3.8117044
-6.6576953 -23.872828 3.7253628
-6.0529294 -23.920044 3.7088602
-4.9506445 -24.473471 3.7532296
-4.4405856 -25.047079 3.8236501
-8.5631056 26.18362 3.5085256
-9.2813082 26.22101 3.5425174
-10.014023 26.259157 3.5792751
-10.763046 26.299526 3.6191237
-11.07623 25.305424 3.5180826
-13.154023 23.566898 3.4373379
-14.523749 20.976826 3.2494411
-16.536346 21.579994 3.4625406
-17.456036 21.676365 3.5445552
-4.8129101 5.162715 0.89892089
-21.046309 19.531105 3.6568
-21.249081 18.785837 3.6122208
-17.304668 -23.731543 3.7406166
-16.449022 -23.74062 3.6784267
-13.289902 -23.791801 3.4707906
-12.553066 -23.803911 3.4273691
-11.833984 -23.815727 3.3869693
-11.131289 -23.827274 3.3494332
-9.108633 -23.861397 3.2528572
-8.4587107 -23.871939 3.2255292
-7.8210154 -23.887686 3.2012227
-7.1849608 -23.878279 3.1758032
-6.5609961 -23.877821 3.1537709
-5.9631052 -23.948954 3.1432467
-5.3949413 -24.136499 3.1498568
-4.8662109 -24.5375 3.1859376
-10.437402 26.281208 3.6014535
-10.943242 25.727579 3.5607357
-12.64168 26.142197 3.6982985
-12.773808 24.866404 3.5603793
-13.136093 24.121618 3.4981031
-13.176719 22.865042 3.3610067
-13.454335 20.942257 3.1701794
-14.195742 20.966223 3.2247241
-15.292636 21.452671 3.3553262
-16.152773 21.540346 3.4290035
-17.999393 21.734133 3.5940285
-22.272499 19.152939 3.7411873
-20.219824 -9.7128611 2.856879
-12.741777 -9.033102 1.9892066
-12.516328 -9.8136559 2.0256369
-12.027949 -10.40554 2.0255554
-11.419414 -10.371145 1.9646496
-14.377559 -23.771681 3.5382156
-12.142265 -23.810663 3.404048
-11.432675 -23.822321 3.3652921
-10.73918 -23.83494 3.3294954
-8.0940037 -23.877853 3.2110171
-7.4601364 -23.88834 3.1872995
-5.6398826 -24.053003 3.1464531
-4.5801563 -24.878164 3.2217104
-4.0877342 -25.666164 3.3100176
-10.11541 26.264439 3.5845242
-10.806952 26.160196 3.6048384
-11.117715 25.173735 3.5048549
-12.206855 25.928558 3.6498928
-13.117519 24.696335 3.5614455
-13.198418 22.19356 3.2886007
-13.872617 20.95578 3.2007234
-16.65955 21.5928 3.473398
-17.585409 21.690063 3.5562656
-4.6582422 5.2102585 0.89011073
-21.082422 20.398062 3.736094
-21.790976 19.137197 3.693583
-12.706855 -9.2727633 2.0034204
-12.531934 -9.6168709 2.0118454
-12.495488 -10.077027 2.0444353
-12.363066 -10.472361 2.0635149
-11.677129 -10.385386 1.9902737
-11.182656 -10.439516 1.948367
-17.18627 -23.733295 3.7319252
-16.334511 -23.742338 3.6703193
-13.941464 -23.781086 3.5108297
-10.351113 -23.841238 3.3102386
-9.6788864 -23.852148 3.2783699
-8.3706446 -23.873369 3.221967
-6.4775195 -23.882133 3.1515
-5.8853707 -23.973978 3.1439641
-4.297617 -25.285961 3.2665808
-8.9867573 25.974777 3.5005221
-9.6493158 25.85375 3.5145693
-13.141855 23.943661 3.4785671
-13.182031 22.700758 3.3432338
-17.180214 21.64728 3.5197287
-4.6305661 5.2891126 0.89529634
-4.7416601 5.1593823 0.89244568
-21.057831 19.822496 3.683218
-21.120897 18.941938 3.6132557
-22.427597 19.15801 3.7566061
-12.733418 -9.0904579 1.9925753
-12.511348 -9.8765907 2.030092
-12.521602 -10.384687 2.0718188
-11.942363 -10.400613 2.0169144
-11.33914 -10.366734 1.9567147
-11.589434 -11.120571 2.0456183
-11.171152 -11.24925 2.0191154
-10.749629 -11.360195 1.991889
-17.561815 -23.72773 3.7596266
-16.697617 -23.736895 3.696161
-15.864062 -23.749393 3.6374397
-15.056074 -23.761509 3.5826058
-14.271621 -23.773268 3.5314193
-12.768398 -23.800371 3.4398501
-12.044277 -23.812269 3.3985775
-10.645391 -23.836462 3.3247843
-9.9674416 -23.847466 3.2918141
-6.741406 -23.8685 3.1587937
-6.1317968 -23.89999 3.1424658
-5.0233788 -24.418308 3.1750216
-4.5105467 -24.962402 3.230674
-8.7581635 26.193773 3.5175545
-10.21707 26.269732 3.589828
-10.802011 25.905722 3.5746639
-11.158887 25.043049 3.4917672
-12.296113 25.896139 3.6510201
-13.165078 23.225206 3.4000974
-13.203496 22.036299 3.2717345
-13.308378 21.042755 3.1709802
-13.974492 20.959072 3.2082524
-14.734238 20.983629 3.2654872
-15.895078 21.513893 3.4067049
-16.783516 21.605721 3.4843662
-17.715605 21.703884 3.5680971
-4.6731052 5.1922889 0.88967007
-21.034941 19.263735 3.6326582
-21.942265 19.142145 3.7084963
-12.698418 -9.3309383 2.0069275
-12.527031 -9.6789179 2.0161679
-12.516758 -10.162511 2.0533893
-12.201074 -10.404468 2.0421937
-11.594727 -10.380805 1.9820557
-11.066406 -10.399529 1.9340783
-10.936563 -11.319277 2.0045774
-17.06584 -23.731371 3.7227681
-15.401738 -23.756327 3.6058066
-13.837226 -23.782803 3.5043209
-13.086484 -23.795143 3.458602
-11.640195 -23.818911 3.3764217
-8.9297848 -23.864298 3.2451499
-6.3941407 -23.88644 3.149266
-5.2515235 -24.245274 3.1594601
-4.7289062 -24.698145 3.2026742
-4.2317185 -25.405346 3.2801814
-3.7890038 -26.708153 3.4355843
-8.9524603 25.601898 3.4542348
-9.8212891 26.051796 3.5458784
-10.69291 26.415018 3.6293795
-11.923985 25.802362 3.6201022
-12.938808 24.783796 3.5606947
-13.147539 23.767744 3.4592946
-13.187284 22.5382 3.3256874
-13.654668 20.948734 3.1847336
-14.402988 20.972921 3.2403002
-15.524043 21.476088 3.3749373
-17.307598 21.66069 3.5311677
-21.097128 20.704868 3.7647007
-21.052441 19.686764 3.6708846
-21.166992 18.85758 3.6104672
-22.584101 19.163124 3.7722042
-13.768398 -9.402751 2.1234252
-12.725039 -9.148015 1.9959756
-11.993945 -9.0691977 1.915072
-12.506328 -9.939764 2.0345879
-11.857578 -10.395737 2.0083752
-11.259589 -10.362366 1.9488714
-11.531582 -11.138334 2.0418794
-11.114863 -11.266614 2.0156419
-17.442207 -23.729504 3.7507668
-16.581991 -23.738626 3.6878884
-14.947421 -23.76314 3.5753958
-14.166035 -23.774853 3.5246565
-11.241347 -23.825464 3.3551912
-9.875742 -23.848951 3.2875023
-8.5607615 -23.870283 3.2296944
-7.9218946 -23.887259 3.2051935
-7.2855859 -23.881954 3.1799648
-6.6576953 -23.872828 3.1564431
-5.4841208 -24.103146 3.1482136
-4.4406052 -25.04707 3.2397192
-3.9642186 -25.99387 3.3488338
24.660234 -16.447681 3.7751889
-13.108457 26.402475 3.0814302
-13.096797 24.854933 2.9368281
-13.154023 23.566898 2.8213329
-13.366035 21.445896 2.6415966
-13.995351 21.293459 2.6636496
-14.760117 21.318178 2.7105091
-15.552734 21.343796 2.760679
-16.375742 21.370398 2.8144121
-18.124414 21.426918 2.9337006
-4.6490431 5.2346287 0.73185682
-4.8120117 5.1617517 0.73768675
-20.662832 21.119453 3.0886171
-20.820917 19.321953 2.9693248
-21.641348 19.132612 3.0196021
-22.766836 19.169294 3.1111901
-27.611347 -11.216087 3.1154022
-13.673418 -9.414525 1.7353921
-12.56914 -9.5796728 1.6520288
-12.514082 -10.529554 1.7096301
-11.619668 -10.265817 1.6208115
-11.754667 -10.901108 1.6758429
-15.623652 -23.753653 2.9720566
-14.04662 -23.780264 2.8871529
-12.553515 -23.804785 2.8132513
-11.131699 -23.828129 2.749285
-10.444414 -23.840492 2.7208343
-8.4589643 -23.872684 2.6475635
-7.8210349 -23.887686 2.6275356
-7.1849608 -23.878279 2.6066697
-6.5609765 -23.877821 2.5885811
-5.3949413 -24.136499 2.5853691
-4.8662109 -24.537502 2.6149814
-3.8930664 -26.197565 2.7686379
-11.006387 27.713905 3.1171758
-11.661894 27.417141 3.1145444
-12.273594 27.025852 3.1028347
-13.673281 21.283051 2.6443884
-14.426758 21.307404 2.6898904
-16.016621 21.358789 2.7907674
-16.858124 21.38599 2.8466449
-4.7194529 5.1693678 0.73171139
-20.680721 20.565861 3.0488482
-20.218534 -9.7122421 2.3447495
-12.596484 -9.3947697 1.6426727
-12.334551 -9.6711006 1.6384702
-11.94584 -10.84924 1.6869012
-11.514453 -10.97584 1.6628988
-15.976894 -23.74836 2.9920504
-11.433066 -23.823183 2.7622967
-8.7381439 -23.868158 2.657012
-7.4601364 -23.88834 2.6161065
-5.0959177 -24.363291 2.6019313
-4.5801563 -24.878168 2.6443441
-3.8049998 -28.265314 2.9813662
-12.606582 26.777617 3.093894
-13.117519 24.696352 2.9231999
-13.198418 22.193554 2.6992514
-13.428027 21.387781 2.6398921
-14.098398 21.296791 2.6698718
-15.663457 21.347376 2.7678137
-20.667187 20.984907 3.0788982
-20.698164 20.026262 3.0106528
-20.889473 19.257685 2.9700263
-21.791229 19.137417 3.0316908
-13.647245 -9.4630327 1.7360238
-13.455351 -9.8189697 1.7412493
-12.36207 -9.9694357 1.6601355
-12.151269 -10.292953 1.6646944
-11.603633 -10.320022 1.6233145
-11.696485 -10.919169 1.6726757
-17.185976 -23.732889 3.0630934
-15.512675 -23.755314 2.9658446
-13.941992 -23.781982 2.8817606
-11.737363 -23.818186 2.7757397
-10.351425 -23.842001 2.7170916
-8.3709173 -23.874113 2.6446385
-5.8853903 -23.973974 2.5805335
-5.3233399 -24.190807 2.5892906
24.713379 -16.23024 3.0907254
-11.751465 27.376591 3.114327
-12.353906 26.966013 3.1006291
-13.141855 23.943718 2.85518
-13.182031 22.700748 2.7440937
-13.232148 21.571394 2.6453998
-13.774863 21.286335 2.6504331
-14.531836 21.310801 2.6963594
-15.315996 21.336145 2.7455285
-16.975899 21.389797 2.8545938
-4.7412305 5.158916 0.73244369
-20.545467 21.300463 3.0936458
-20.715176 19.499931 2.9739537
-27.631893 -10.23107 3.0801439
-13.538301 -9.66506 1.7388629
-12.378633 -9.7718153 1.6486026
-11.797773 -10.274655 1.6354132
-11.880839 -10.861974 1.6827761
-11.045351 -11.122559 1.6386046
-17.561504 -23.727324 3.0858104
-16.698067 -23.737553 3.033854
-15.864491 -23.750044 2.9856534
-14.271992 -23.773901 2.8986285
-13.511309 -23.789057 2.8598969
-12.768847 -23.801249 2.8234971
-12.044687 -23.813139 2.7896187
-11.337304 -23.824753 2.7581198
-10.645742 -23.837231 2.7290356
-9.3026953 -23.859009 2.67698
-8.0092964 -23.886889 2.6336443
-7.3727341 -23.885145 2.6130786
-6.1317968 -23.89999 2.5793025
-5.5620117 -24.078074 2.5832827
-5.0233593 -24.418312 2.6060224
-4.5105467 -24.96241 2.6517007
-4.0249219 -25.820114 2.7317019
-10.85959 26.043831 2.9496865
-13.123476 24.511993 2.9064877
-13.203496 22.036291 2.6854076
-14.201894 21.300137 2.6761513
-16.606524 21.377855 2.8297648
-17.472343 21.405842 2.8884413
-18.375332 21.435028 2.9513516
-4.6726756 5.1918201 0.73016691
-20.702305 19.898401 3.0016851
-20.958105 19.193369 2.9707503
-13.621055 -9.5115824 1.7366766
-13.429043 -9.8678198 1.7420468
-12.011367 -9.2805071 1.5867318
-12.356796 -10.032645 1.6638632
-13.837734 -23.783693 2.8764179
-10.258691 -23.843508 2.713393
-9.5882416 -23.85438 2.6875191
-8.9300585 -23.865047 2.663667
-8.2830467 -23.875536 2.641742
-7.0115819 -23.871941 2.6008697
-6.3941407 -23.88644 2.584888
-5.251543 -24.245274 2.5932524
-11.841035 27.336052 3.1141396
-12.43414 26.906242 3.0984585
-13.016894 26.47101 3.0836136
-14.637402 21.314211 2.702884
-15.425448 21.339685 2.7525156
-16.243477 21.366123 2.8056698
-17.094238 21.393623 2.8626115
-4.7630272 5.1484509 0.73318386
-20.616699 21.233704 3.0938048
-20.689178 20.304508 3.0302773
-21.46953 19.12711 3.0057878
-28.246035 -9.0373888 3.1001465
-13.512012 -9.7137938 1.7395978
-12.57918 -9.5117207 1.6485693
-12.539531 -10.469536 1.7076406
-11.822206 -10.880158 1.6795425
-11.400273 -11.011498 1.6568692
-11.946973 -23.814745 2.7851737
-9.8760738 -23.84971 2.6984341
-7.9218946 -23.887259 2.6307945
-7.2855663 -23.881958 2.6100869
-6.6577148 -23.872828 2.5907755
-5.4841208 -24.103146 2.584018
24.656582 -16.445238 3.0981781
-13.193281 22.352499 2.1236424
-13.366035 21.445896 2.0675323
-13.739551 20.904272 2.0466998
-15.704121 20.493925 2.1124585
-18.036816 21.323303 2.2850647
-20.820917 19.321955 2.3240459
-7.2756834 4.2721992 0.69031674
-7.6929684 4.0314255 0.7106111
-8.3613863 4.1277418 0.76293498
-28.305389 -9.1755123 2.4345322
-13.370488 -9.6895905 1.3510116
-13.02 -9.9233027 1.3394015
-12.187383 -9.7623482 1.2776096
-12.171523 -10.241321 1.3014755
-12.046894 -10.643259 1.3152294
-18.186874 -23.717636 2.4453747
-17.304081 -23.730732 2.4029257
-16.449921 -23.74193 2.3632271
-14.047148 -23.781157 2.2598248
-13.290898 -23.793564 2.2298772
-11.13209 -23.828979 2.1518979
-8.459219 -23.873426 2.0722573
-7.1849804 -23.878281 2.0402052
-5.9631052 -23.948959 2.0192881
-4.8662109 -24.537504 2.0467138
-4.362988 -25.167582 2.0898776
-3.8930664 -26.197561 2.1669881
24.639589 -16.298405 2.417098
-13.136093 24.121618 2.2472565
-13.620312 20.116333 1.9876535
-14.254628 19.996572 2.0092278
-16.355625 20.748537 2.1616225
-4.6321678 5.3262949 0.57753539
-7.2737694 4.3735743 0.69442165
-7.2781444 4.1404877 0.68509823
-20.217245 -9.7116375 1.8350887
-13.184433 -9.8332996 1.3457116
-12.352402 -9.6851053 1.284266
-12.383886 -10.201662 1.3127533
-11.384941 -10.852396 1.2868903
-15.165917 -23.761152 2.3063419
-12.143145 -23.812397 2.1869912
-11.433496 -23.824038 2.1620831
-10.739882 -23.836473 2.1390753
-10.060019 -23.84749 2.1176641
-9.3932619 -23.858295 2.0978844
-8.7384567 -23.868906 2.0796695
-8.0945311 -23.879335 2.062959
-7.4601364 -23.88834 2.0475888
-6.2148046 -23.895704 2.0201452
-3.8049998 -28.265373 2.333483
-11.364003 27.508617 2.435194
-13.117519 24.696344 2.2879491
-13.428027 21.387781 2.0662003
-13.871679 19.894447 1.9843435
-14.775371 20.137035 2.0435076
-15.858027 20.553894 2.1240268
-18.199785 21.372637 2.2967727
-20.698183 20.026264 2.3563974
-20.889473 19.25769 2.3245971
-7.2762499 4.2403183 0.68904173
-7.3049412 4.0241642 0.68236357
-7.9246874 4.1195688 0.73075622
-8.4341602 4.1291046 0.7683267
-13.338593 -9.7337532 1.3510251
-12.042226 -10.200598 1.2912433
-11.564062 -10.795564 1.2943609
-11.152206 -10.926322 1.277402
-16.33543 -23.743645 2.3580186
-15.513105 -23.755957 2.3213916
-13.942519 -23.782871 2.2556033
-12.45457 -23.807287 2.1983144
-11.737793 -23.819048 2.172612
-11.037656 -23.831644 2.1488397
-10.351758 -23.842764 2.1267018
-9.0196676 -23.864349 2.0873427
-8.371172 -23.874853 2.0699844
-7.0981836 -23.875107 2.0379183
-5.8853707 -23.973978 2.0197487
-4.7972851 -24.615391 2.0518787
-4.297617 -25.285975 2.0985205
-11.735879 27.340284 2.4343085
-13.141855 23.943716 2.2347112
-13.705684 21.179438 2.0640445
-13.624687 19.980486 1.9786669
-14.378222 20.029745 2.0173178
-15.378573 20.367523 2.0881035
-16.517363 20.812065 2.173908
-17.647148 21.166191 2.2547214
-4.6296482 5.2880673 0.57504421
-4.7408009 5.1584496 0.57322294
-20.68498 20.434738 2.3789878
-20.715176 19.499947 2.3276746
-21.321953 19.122217 2.3433304
-22.386366 19.122776 2.4088857
-7.2699218 4.5800581 0.70301098
-7.5568552 4.0288787 0.70066571
-13.439297 -9.5944042 1.3510345
-13.132168 -9.8619089 1.3436898
-11.745507 -10.738255 1.3020847
-17.561211 -23.726919 2.4151809
-15.056874 -23.762787 2.3016667
-13.511777 -23.789942 2.2384887
-11.337695 -23.825605 2.1588168
-10.646093 -23.837992 2.1360483
-9.9680853 -23.848978 2.1148648
-8.6497259 -23.87034 2.0772991
-8.0093164 -23.886889 2.0613184
-7.3727341 -23.885145 2.0452185
-6.7413864 -23.868504 2.0292754
-5.5620117 -24.078077 2.021898
-4.5105662 -24.962414 2.075453
-11.453476 27.468105 2.4349356
-11.755234 26.381378 2.3630633
-13.165078 23.22521 2.1842947
-13.489922 21.329765 2.0649023
-13.74873 20.620459 2.0277507
-13.991875 19.926388 1.9921228
-14.916152 20.188946 2.0537577
-16.013653 20.614632 2.1357496
-4.6722655 5.1913538 0.5714404
-20.307636 21.497482 2.41958
-20.671503 20.85124 2.402287
-20.958105 19.193371 2.3251626
-21.90209 19.107124 2.3780599
-7.2724609 4.4435239 0.69729841
-7.3643746 4.0252757 0.68667525
-7.991406 4.1208177 0.73565274
-8.5079298 4.1304846 0.77380097
-12.916601 -9.9799347 1.3355111
-11.50709 -10.813635 1.2919693
-17.066797 -23.732695 2.3917174
-16.221386 -23.745352 2.3528588
-14.608164 -23.769501 2.2826993
-12.355527 -23.80891 2.1946869
-11.641015 -23.820631 2.1692417
-9.5885544 -23.855131 2.1035514
-8.9303322 -23.865795 2.0848813
-6.3941598 -23.88644 2.0231543
-5.8076367 -23.999001 2.0202272
-4.7289062 -24.698154 2.0574658
-4.2317185 -25.405344 2.1072567
-3.7890038 -26.708132 2.207092
-13.147539 23.767775 2.2223282
-13.294316 21.513117 2.0691206
-13.734179 21.07069 2.057853
-13.629043 19.845942 1.9697841
-14.502753 20.063271 2.0254979
-15.528476 20.42568 2.0993056
-16.680937 20.876438 2.1863668
-17.793808 21.199575 2.2645133
-20.616699 21.233704 2.4214911
-20.689178 20.304514 2.371758
-20.741718 19.3962 2.323447
-22.54248 19.127821 2.4188836
-7.274961 4.3091855 0.69180858
-7.2792969 4.0778089 0.68266034
-13.080019 -9.890439 1.3416873
-12.014648 -9.5489721 1.2556735
-12.365546 -10.324251 1.3179996
-11.272519 -10.888096 1.2822757
-17.44162 -23.728691 2.4094794
-16.58293 -23.739939 2.3693078
-14.948222 -23.764412 2.297034
-12.669218 -23.803764 2.2062552
-11.947402 -23.815605 2.1799963
-11.242167 -23.827173 2.1556082
-10.552539 -23.839508 2.1330516
-9.8763666 -23.850468 2.1120944
-8.5612888 -23.871773 2.0749545
-7.9218946 -23.88726 2.0590851
-5.4841208 -24.103149 2.0224776
-4.9506445 -24.473478 2.0429342
24.652929 -16.442814 2.4245453
-13.154042 23.566895 1.597362
-13.98 19.185471 1.4049667
-14.41459 17.89959 1.360188
-4.8102341 5.1598377 0.4175041
-17.4583 17.844107 1.4774976
-19.092773 18.595371 1.5773885
-20.33041 18.866753 1.6415454
-22.72455 19.133709 1.7582006
-7.2712498 4.5089507 0.50637496
-8.9179878 4.1380167 0.58186173
-11.029453 4.1775074 0.6980322
-11.935859 4.1944599 0.74877453
-12.686113 4.1170621 0.78936768
-13.200566 -9.5664291 0.96486235
-12.940702 -9.8628502 0.96298426
-11.491543 -10.657084 0.92757934
-18.186562 -23.717226 1.7688849
-16.45039 -23.742582 1.7095358
-14.047695 -23.782043 1.63475
-13.291387 -23.794443 1.6130874
-12.554433 -23.806522 1.592904
-11.835273 -23.81831 1.574128
-9.7709961 -23.85293 1.5255871
-8.4595118 -23.874165 1.4990792
-7.8210349 -23.887686 1.4876394
-6.5609961 -23.877821 1.4655834
-5.3949609 -24.136499 1.4637647
-3.8930664 -26.197584 1.5675272
24.63748 -16.296989 1.7483063
-13.136113 24.121609 1.6255987
-13.176719 22.865034 1.5618881
-13.214296 21.702633 1.5038391
-13.934882 20.580963 1.471023
-13.966836 19.592829 1.4240725
-14.101913 17.889484 1.3481863
-14.835039 17.913181 1.3765527
-4.7186131 5.1684399 0.41420135
-17.960096 17.860327 1.4990906
-19.783457 18.746325 1.6130548
-22.231621 19.117775 1.7353708
-7.2781444 4.1404858 0.49558181
-8.6703711 4.1333847 0.56848311
-9.2624607 4.1444592 0.60057282
-9.9257812 4.1568651 0.63689286
-10.675 4.1708775 0.67831099
-11.528945 4.1868501 0.72594285
-12.521445 4.2082334 0.78181362
-13.069707 -9.7477179 0.96497864
-12.808926 -10.043059 0.96333766
-12.195703 -10.046635 0.93517756
-11.6708 -10.599453 0.93308991
-11.258769 -10.732134 0.92058468
-15.977773 -23.749651 1.6941116
-15.166327 -23.761789 1.6683853
-13.615352 -23.789131 1.6222488
-12.143613 -23.813257 1.5820663
-8.7387104 -23.869642 1.5044223
-8.0947657 -23.88007 1.4923401
-7.4601364 -23.888342 1.4811685
-6.8255858 -23.865141 1.4690893
-6.2148046 -23.895704 1.4613149
-5.6399021 -24.053003 1.4621862
-5.0959177 -24.363293 1.4731445
-4.5801563 -24.878166 1.4971591
-3.804961 -28.265051 1.6879531
-13.198418 22.193567 1.5282431
-13.428027 21.387785 1.4946328
-13.9533 20.011492 1.443862
-13.811621 17.901545 1.3381835
-15.26578 17.927101 1.3935794
-4.6568751 5.2087216 0.41352156
-4.8578515 5.1765757 0.4201535
-17.577734 17.847969 1.4826083
-22.865097 19.123451 1.7642691
-7.2718554 4.4761724 0.50538576
-7.2762499 4.2403154 0.49843305
-7.9244332 4.1194348 0.52859193
-8.4338675 4.1289625 0.55576646
-12.908984 -9.9062023 0.96305174
-12.330762 -9.9441738 0.93754268
-11.852344 -10.541235 0.93877834
-11.435195 -10.675244 0.92586941
-18.063984 -23.719048 1.7645659
-17.18539 -23.73209 1.734183
-16.335897 -23.744297 1.7057691
-13.943027 -23.78376 1.6316959
-13.189472 -23.796112 1.6102417
-12.455019 -23.808153 1.5902536
-10.35209 -23.843519 1.5384436
-9.6798048 -23.854408 1.52363
-9.0199604 -23.865091 1.5099738
-8.3714056 -23.875589 1.4973992
-7.7339644 -23.888052 1.486065
-7.0981836 -23.875107 1.4741735
-6.4775195 -23.882135 1.4645312
-5.3233399 -24.190805 1.4659851
-4.7972851 -24.615387 1.4842718
-4.297617 -25.285971 1.5180105
-3.8306835 -26.376177 1.577457
24.708124 -16.226789 1.7495153
-13.141855 23.943701 1.616524
-13.182031 22.700773 1.5536315
-13.232167 21.571386 1.49773
-14.937734 17.916502 1.3805883
-4.629199 5.2875438 0.41592985
-17.203711 17.835878 1.4666464
-18.083027 17.8643 1.5044247
-19.954571 18.78392 1.6219457
-21.321953 19.122217 1.6951003
-7.2699218 4.5800538 0.50853819
-7.5566211 4.0287509 0.50683224
-8.7475977 4.13483 0.57264924
-9.348691 4.1460724 0.60527372
-10.022832 4.1586804 0.64223558
-11.655195 4.1892099 0.73301816
-13.038222 -9.7913609 0.96503478
-12.351542 -10.243635 0.94971645
-12.036191 -10.482336 0.94464415
-17.560917 -23.726513 1.747041
-16.699003 -23.738861 1.7177789
-15.057265 -23.76342 1.6650037
-14.272754 -23.775154 1.6411932
-12.045547 -23.814863 1.5795233
-8.0093355 -23.886889 1.4910971
-6.7413864 -23.868505 1.4679184
-5.0233788 -24.41832 1.4754614
-13.123476 24.512018 1.6455752
-13.165078 23.225214 1.5800546
-13.925058 20.884956 1.4856317
-13.957617 19.8776 1.4375159
-13.871543 17.857063 1.3382723
-14.615684 17.906092 1.3679827
-15.371055 17.930506 1.3977795
-4.6718554 5.1908922 0.41332734
-20.687792 18.945822 1.6602664
-7.2768555 4.208559 0.4975183
-7.3641405 4.0251508 0.49670073
-7.9911523 4.1206837 0.53213346
-8.5076361 4.1303425 0.55972683
-9.0810347 4.1410651 0.59070373
-9.7219915 4.1530542 0.62569624
-10.44416 4.1665606 0.66550905
-12.207227 4.1995358 0.76404387
-13.020898 4.1309476 0.80849457
-12.877285 -9.9495497 0.96313018
-12.321582 -10.004059 0.9393518
-11.794609 -10.559753 0.93695801
-17.067286 -23.733355 1.7301464
-16.221855 -23.746 1.7020358
-14.608574 -23.770132 1.6512796
-13.838769 -23.785469 1.6286706
-13.08793 -23.797777 1.6074225
-12.355976 -23.809774 1.5876336
-10.259356 -23.845024 1.536347
-9.5888472 -23.855881 1.5216961
-8.2835741 -23.87701 1.4957831
-7.6470895 -23.88842 1.484509
-7.0116014 -23.871943 1.4725412
-6.3941598 -23.886442 1.4634936
-5.8076563 -23.998999 1.4613742
-4.7289062 -24.698154 1.4883133
-3.7890038 -26.708109 1.5965447
-13.294316 21.513115 1.4967483
-13.876875 21.289631 1.5040557
-13.827343 18.188042 1.3522122
-14.299414 17.895866 1.3557498
-15.040977 17.919836 1.3846604
-4.7621679 5.1475244 0.41503477
-7.2705469 4.546998 0.50752914
-7.2792969 4.0778046 0.49381804
-10.121504 4.1605258 0.64767545
-13.006738 -9.8350153 0.9651013
-12.745527 -10.129863 0.96357542
-12.387148 -10.342302 0.95507139
-11.977735 -10.501065 0.94276702
-17.441328 -23.728291 1.7429186
-14.948613 -23.765043 1.6616503
-13.40959 -23.792505 1.616408
-11.947851 -23.816463 1.5770065
-10.552871 -23.840267 1.5430396
-9.8766794 -23.851221 1.5278753
-6.6577148 -23.872829 1.4668258
-4.4406052 -25.047077 1.5055282
-3.9642382 -25.99387 1.5562322
24.649296 -16.440378 1.7535849
-13.154042 23.566885 0.98813045
-13.193281 22.352505 0.95028317
-13.366035 21.445889 0.9251855
-18.115801 21.416723 1.0269983
-4.6476755 5.2330894 0.25624648
-20.115116 20.559616 1.0530728
-20.145468 19.620625 1.0295792
-20.820936 19.321955 1.039945
-21.64168 19.13291 1.0575799
-22.76705 19.169481 1.0896618
-7.2712498 4.5089521 0.3132425
-7.2756834 4.2722011 0.30890349
-7.2799802 4.0417857 0.30485609
-7.6924605 4.0311656 0.31796598
-8.917676 4.1378694 0.35992903
-10.237246 4.1625309 0.40460449
-11.028965 4.1773286 0.43178666
-11.935292 4.1942682 0.46317214
-12.685508 4.116859 0.48827696
-12.580371 -10.077139 0.59013927
-18.186249 -23.716822 1.0942156
-17.303495 -23.729929 1.0752429
-15.624902 -23.755575 1.0410058
-14.823945 -23.767546 1.0255557
-12.554863 -23.807386 0.9854089
-9.1097651 -23.864384 0.93521851
-7.8210154 -23.887686 0.92025661
-7.1849608 -23.878281 0.91294765
-5.9630857 -23.948967 0.90358734
-4.362988 -25.167576 0.93517727
-3.8931053 -26.197557 0.96968138
24.635332 -16.295576 1.0814139
-13.176719 22.865061 0.96619046
-13.673262 21.283049 0.92615598
-14.426738 21.3074 0.94209498
-16.016621 21.358786 0.9774313
-4.718164 5.1679783 0.2562027
-20.132538 20.020716 1.0395148
-20.167538 18.2073 0.99476624
-7.2781444 4.140492 0.30656585
-7.4945507 4.0274682 0.31149933
-8.1377926 4.1232953 0.33400223
-8.6700783 4.1332426 0.35165343
-9.2621088 4.1443071 0.37150282
-10.674551 4.1707044 0.41958845
-11.528418 4.1866627 0.44905135
-18.210897 4.2201304 0.68440288
-12.678594 -9.9408722 0.58985931
-11.541426 -10.481944 0.57081193
-14.379082 -23.774195 1.0172164
-13.615859 -23.790012 1.0035626
-12.870684 -23.802216 0.9906857
-12.144023 -23.814116 0.97870451
-8.0950003 -23.880806 0.92318296
-6.8255467 -23.865141 0.90878052
-5.6399021 -24.053003 0.90451324
-5.0959373 -24.363298 0.91128963
-4.5801563 -24.878181 0.92614621
-13.198418 22.193573 0.94537383
-13.428027 21.387791 0.92458034
-14.866817 21.321623 0.95165157
-15.663457 21.347372 0.96939087
-13.99041 18.13327 0.83851957
-17.351797 21.401943 1.0087402
-4.6564059 5.2082176 0.25577956
-4.8569531 5.1756124 0.25985929
-20.119354 20.428667 1.0497601
-20.159393 19.504934 1.0269916
-20.889473 19.257687 1.0402081
-7.304492 4.0239153 0.30532408
-8.4335737 4.1288218 0.34378645
-8.9985743 4.1393814 0.36264127
-9.6295309 4.1511731 0.38392073
-10.33959 4.1644444 0.40810379
-11.145625 4.1795087 0.43581098
-12.838437 4.1197171 0.49364042
-15.870175 4.2601867 0.6016075
-17.690918 4.2942176 0.66650432
-19.954374 4.3367186 0.7476213
-12.776757 -9.8047361 0.58964413
-18.063671 -23.718641 1.0915475
-16.336308 -23.744942 1.0552231
-15.513926 -23.757236 1.0388287
-13.943574 -23.784643 1.0094061
-13.189981 -23.796988 0.9961319
-12.455488 -23.809013 0.98377258
-11.738652 -23.820753 0.97226924
-10.352422 -23.844276 0.9517169
-9.6800976 -23.855156 0.94255519
-9.0202341 -23.865835 0.93410337
-7.7339644 -23.888054 0.9192825
-6.4775 -23.882137 0.90596157
-5.3233399 -24.190823 0.90686309
-3.830703 -26.376169 0.97580928
24.705507 -16.225075 1.0821389
-13.182031 22.700764 0.96108091
-13.232167 21.571388 0.92650449
-14.531816 21.310799 0.94436002
-15.315996 21.336142 0.96158504
-16.129765 21.362444 0.98002559
-16.975878 21.389795 0.99978238
-4.7399607 5.1575294 0.25645888
-20.13666 19.893074 1.0363327
-20.715195 19.499943 1.0415875
-20.249512 18.160431 0.99584377
-7.274375 4.3413286 0.31015274
-7.5563669 4.0286231 0.31351349
-8.7473049 4.134686 0.3542302
-9.3483591 4.1459184 0.37441084
-11.654687 4.1890225 0.45342636
-12.522285 4.1625762 0.483132
-15.189316 4.2474604 0.57744247
-12.64748 -9.9840412 0.58994079
-11.901113 -10.364685 0.57780057
-11.485273 -10.500324 0.56974638
-17.560606 -23.72611 1.0807168
-15.865762 -23.751974 1.0457681
-15.057675 -23.764051 1.0300006
-13.512774 -23.791698 1.0017462
-12.770273 -23.803862 0.98899472
-11.338515 -23.827307 0.96610165
-10.646738 -23.839514 0.95589691
-9.3035736 -23.86125 0.9376657
-8.0093355 -23.886889 0.92239743
-5.0233788 -24.41832 0.91272277
-13.123496 24.512041 1.0179586
-13.489922 21.329765 0.9240033
-13.994219 18.015026 0.83518219
-17.472324 21.40584 1.0116372
-18.256718 21.296709 1.0269989
-4.6714258 5.1904283 0.25566131
-20.123554 20.298519 1.0464795
-20.958105 19.193373 1.0404892
-21.943085 19.142859 1.0661197
-7.2724609 4.4435225 0.31202546
-7.2768555 4.2085567 0.30776581
-7.9908981 4.1205497 0.32916731
-9.0807028 4.1409173 0.36539808
-9.7216406 4.152895 0.38704422
-10.44371 4.1663904 0.41166976
-12.206679 4.1993389 0.47261673
-13.020253 4.1307397 0.5001114
-14.560898 4.2357163 0.55519867
-17.765097 4.2502103 0.66877025
-20.307323 4.3433151 0.76030409
-12.745664 -9.8478565 0.58970517
-11.663261 -10.44219 0.57315153
-17.94166 -23.720453 1.0889004
-15.403399 -23.758886 1.0366724
-14.608926 -23.770761 1.0215112
-13.839277 -23.786352 1.0075347
-13.088398 -23.798649 0.99438685
-12.356406 -23.810638 0.982149
-10.259667 -23.845778 0.95041931
-9.58916 -23.856628 0.94135803
-8.9308786 -23.867279 0.93300229
-8.2838087 -23.877748 0.92532653
-7.0116014 -23.871943 0.91091609
-4.7289062 -24.698149 0.92067379
-3.7890038 -26.708202 0.9876318
-13.294316 21.513119 0.92590606
-15.42541 21.33968 0.96403229
-17.094238 21.39362 1.0025891
-17.980761 21.422272 1.0239682
-4.6375389 5.2619605 0.25679213
-20.741718 19.396208 1.0396897
-21.46957 19.12715 1.0527276
-7.2749801 4.3091865 0.30956787
-7.2792969 4.0778046 0.30547926
-7.6190429 4.0297937 0.31555969
-8.8256636 4.1361504 0.35684919
-9.4359369 4.1475568 0.37736893
-10.896816 4.1748595 0.42723295
-12.523145 4.1170135 0.48263687
-15.39912 4.2513828 0.5848816
-17.11455 4.2834454 0.64592361
-19.232069 4.3232179 0.72169328
-18.328672 -23.714706 1.0973395
-16.583828 -23.741241 1.0602746
-14.949003 -23.765678 1.0279273
-13.410078 -23.793381 0.99994779
-8.5618353 -23.873251 0.9285394
-6.6576953 -23.872831 0.90738308
-4.9506445 -24.473476 0.9141714
24.645683 -16.437971 1.0846145
-13.111504 24.882839 0.3958647
-13.154042 23.566902 0.37990981
-13.193281 22.352522 0.36535493
-13.893281 21.138184 0.35605833
-14.760077 21.318172 0.36498213
-18.124393 21.426914 0.39503813
-20.662851 21.119459 0.41589844
-20.694023 20.154873 0.40661696
-7.2799802 4.0417814 0.11720764
-7.6922264 4.0310364 0.12224975
-9.5385542 4.149323 0.1464186
-10.236856 4.162365 0.1555516
-19.611542 4.3300214 0.2827017
-18.185938 -23.716413 0.42068237
-16.451269 -23.743879 0.40660566
-14.04873 -23.783815 0.3888298
-13.292363 -23.79619 0.38367569
-12.555351 -23.808252 0.37887359
-10.445742 -23.843527 0.36642042
-9.7716017 -23.854427 0.36285749
-9.1100388 -23.865126 0.35957044
-7.8210154 -23.887688 0.35380828
-7.1849804 -23.878283 0.35100037
-6.5609961 -23.877827 0.34856337
-5.9630857 -23.948969 0.34740278
-4.8662109 -24.537504 0.35211974
-13.136113 24.12163 0.3866249
-13.214296 21.702644 0.35766372
-16.063808 21.421736 0.37689513
-14.160332 17.963617 0.32197401
-17.73455 21.414314 0.39138213
-4.6276755 5.3211412 0.099263608
-4.7177539 5.1675172 0.098492585
-20.680742 20.565866 0.41054121
-20.711132 19.625393 0.40162903
-20.167538 18.207273 0.38245726
-8.6697655 4.1330976 0.135195
-9.2617769 4.1441541 0.14282486
-9.9250002 4.1565418 0.15146241
-10.674101 4.1705317 0.16131057
-12.511328 4.204843 0.18579178
-13.631445 4.2181396 0.2008557
-14.983926 4.2433982 0.21921249
-18.209629 4.2198386 0.26311401
-21.10914 4.3579907 0.30340025
-28.250702 4.4240375 0.40250397
-20.21291 -9.7095528 0.31564483
-12.521914 -9.818018 0.22397903
-15.167109 -23.763056 0.3968161
-13.616367 -23.790894 0.385856
-12.871172 -23.803085 0.38090438
-12.144453 -23.814976 0.37629759
-11.434707 -23.826586 0.37201554
-10.740918 -23.838755 0.3680464
-9.3941603 -23.860531 0.36095625
-8.0952539 -23.881538 0.35494673
-7.4601364 -23.888344 0.35226882
-6.8255858 -23.865141 0.34939727
-5.6399021 -24.053007 0.34775773
-4.5801563 -24.878178 0.35607392
-4.0877342 -25.666172 0.36583295
-3.8049998 -28.265337 0.40145522
-13.198418 22.193577 0.36346725
-13.428046 21.387791 0.35545316
-18.249472 21.430956 0.39622101
-4.6559567 5.2077074 0.098329768
-20.667187 20.984941 0.41458708
-22.92664 19.174913 0.4207173
-7.3042579 4.0237918 0.11738693
-7.9239058 4.1191678 0.12570877
-8.9982615 4.1392341 0.13941909
-9.6291599 4.1510158 0.14759888
-10.339179 4.1642766 0.15689681
-12.837773 4.1195116 0.18977325
-14.371016 4.2319517 0.21087891
-22.843729 4.3903875 0.32743484
-26.672461 4.4619031 0.38066253
-16.336777 -23.745588 0.40571013
-15.514336 -23.75787 0.39940611
-14.71666 -23.769783 0.39352766
-11.739042 -23.821606 0.37382215
-11.038711 -23.833937 0.36972702
-10.352754 -23.845028 0.36591551
-9.6804295 -23.855904 0.3623921
-9.0205078 -23.866573 0.35914168
-8.371953 -23.877062 0.35614821
-6.4775 -23.882137 0.34831238
-5.8853707 -23.973982 0.34747863
-5.3233595 -24.190817 0.34866211
-4.297617 -25.285978 0.3610324
24.702909 -16.22336 0.41600356
-13.141855 23.943727 0.38446686
-13.232167 21.571388 0.3562161
-13.774863 21.286329 0.35688978
-14.531836 21.310799 0.36307433
-15.361133 21.399025 0.37078643
-16.142616 21.379448 0.37725312
-16.975878 21.389791 0.38438645
-17.857304 21.418282 0.3925299
-4.739531 5.1570663 0.098591156
-20.68498 20.434755 0.40928465
-20.249512 18.160429 0.38287461
-22.428535 19.158817 0.41521195
-7.2699413 4.5800581 0.12094741
-7.274375 4.3413219 0.11924133
-7.2787304 4.1090946 0.11765655
-9.3480072 4.1457648 0.14394256
-10.022051 4.1583538 0.152733
-13.802968 4.2213426 0.20317672
-15.188477 4.2472186 0.22199675
-16.857969 4.278399 0.2448172
-21.50293 4.3653455 0.30885085
-24.877285 4.4283752 0.35568038
-28.838026 4.4185438 0.41066709
-16.699942 -23.740166 0.40856689
-14.273496 -23.776402 0.39032668
-12.770722 -23.804726 0.38025391
-12.046426 -23.816576 0.37569258
-11.338925 -23.828154 0.37145737
-9.9690228 -23.851234 0.36387879
-9.3038864 -23.861992 0.36051145
-8.650527 -23.872559 0.35741547
-6.741406 -23.868505 0.34911925
-5.5620117 -24.078075 0.34785628
-4.0249219 -25.820124 0.36783493
-13.165078 23.225199 0.37579116
-13.203515 22.036301 0.36160338
-15.821191 21.413893 0.37476471
-4.6710157 5.1899657 0.098285519
-21.943417 19.143141 0.40990081
-7.2724609 4.4435205 0.11996368
-7.3636718 4.0249004 0.11812241
-7.9906249 4.1204147 0.1265509
-8.5070705 4.1300592 0.13311218
-9.7212496 4.1527357 0.1487999
-10.443281 4.1662202 0.15826751
-13.019589 4.1305304 0.19226882
-16.096992 4.2641869 0.23440017
-23.007832 4.3432641 0.3295787
-17.067011 -23.73304 0.41145551
-16.222734 -23.74729 0.40482175
-14.609316 -23.771387 0.39273575
-10.944023 -23.835468 0.36918807
-9.5894527 -23.857374 0.36193222
-7.6470895 -23.888422 0.35306364
-6.3941598 -23.886444 0.34806564
-3.7890038 -26.708138 0.37971205
-13.147539 23.767788 0.38233688
-13.187284 22.538185 0.36756516
-14.637383 21.314209 0.36395508
-15.470879 21.402573 0.3717308
-16.216953 21.331255 0.37717423
-17.094219 21.393618 0.38546646
-4.6370702 5.2614465 0.098719172
-4.7613087 5.1466026 0.098690949
-20.689178 20.304508 0.40804061
-20.741718 19.396208 0.39973158
-21.469589 19.127153 0.40474746
-10.120703 4.1601954 0.15402679
-13.978456 4.2246199 0.20555359
-17.113457 4.2831712 0.24832076
-21.911093 4.3729687 0.31450501
-25.420214 4.4385161 0.36323166
-12.29332 -10.263957 0.22542633
-18.328379 -23.714296 0.42188185
-16.584276 -23.741894 0.40765244
-14.949413 -23.766308 0.39521775
-14.16791 -23.777979 0.38961118
-13.410585 -23.794258 0.38446623
-11.948691 -23.818176 0.37509322
-11.24334 -23.829716 0.37089416
-9.2138863 -23.863447 0.36007231
-8.562109 -23.873989 0.35700074
-7.9219337 -23.88726 0.35424727
-7.2855468 -23.881958 0.35145798
-6.0529294 -23.920048 0.34731567
-5.4841208 -24.103149 0.34794676
-4.9506445 -24.473486 0.35147047
-4.4406052 -25.047079 0.35806319
-3.9642382 -25.993855 0.37012726
24.64209 -16.435556 0.4169383
-13.154042 23.566908 -0.2279364
-13.893281 21.138184 -0.21362381
-15.598535 21.406696 -0.22368942
-16.375702 21.37039 -0.22736938
-17.176739 21.329538 -0.23127869
-4.6467772 5.2320714 -0.05909805
-20.662851 21.119446 -0.2495262
-20.694023 20.154875 -0.24395645
-20.820936 19.32196 -0.23987579
-21.642168 19.133343 -0.24395995
-7.2712498 4.5089536 -0.072254792
-7.2756834 4.2722011 -0.07125549
-7.2799802 4.0417852 -0.070320278
-8.9170313 4.1375756 -0.083018795
-9.5381832 4.149168 -0.08784347
-10.236425 4.1621985 -0.093322448
-11.028028 4.1769724 -0.099590607
-11.934218 4.1938848 -0.10682999
-14.185625 4.2282767 -0.12501174
-15.646523 4.2555399 -0.13694061
-17.416758 4.2885785 -0.15148346
-19.610117 4.3297062 -0.16960311
-22.399824 4.3817687 -0.19275878
-26.074335 4.4503522 -0.22338943
-12.227031 -10.288046 -0.13495179
-18.185625 -23.716005 -0.25239426
-16.451719 -23.744526 -0.24395965
-15.625742 -23.756849 -0.24014373
-14.824746 -23.768803 -0.23657958
-13.292871 -23.797066 -0.23020355
-12.5558 -23.809116 -0.22732085
-11.836543 -23.820871 -0.22464111
-11.133672 -23.832363 -0.22214645
-9.7718945 -23.855177 -0.21770965
-9.1103315 -23.86587 -0.21573913
-8.4602728 -23.876373 -0.21393402
-7.8210154 -23.88769 -0.21227752
-7.1849804 -23.878283 -0.21059325
-3.8931053 -26.197592 -0.22366485
24.631073 -16.292759 -0.2494078
-13.176719 22.865038 -0.22287261
-14.426738 21.3074 -0.21731216
-15.251855 21.395493 -0.22189666
-14.160332 17.963615 -0.19317351
-17.73455 21.414314 -0.23481917
-4.6261911 5.3194337 -0.05953674
-4.7173438 5.1670566 -0.059088591
-20.474218 21.367266 -0.249924
-20.680742 20.56587 -0.2463118
-20.711132 19.625385 -0.24096482
-20.167538 18.207285 -0.22945938
-22.273848 19.154095 -0.24809478
-7.4940624 4.0272136 -0.071844332
-8.1372461 4.123023 -0.077039793
-9.9246283 4.1563797 -0.090868525
-10.673672 4.1703582 -0.096777953
-14.983105 4.2431583 -0.13151428
-16.608574 4.2734947 -0.14483307
-18.208359 4.2195458 -0.15785171
-24.354317 4.4182529 -0.20903625
-28.250702 4.4240375 -0.241492
-12.38375 -10.201556 -0.13550125
-17.680136 -23.72352 -0.24987732
-16.816504 -23.739082 -0.24569
-15.979062 -23.751579 -0.24175903
-13.616836 -23.791769 -0.23151107
-12.87166 -23.803949 -0.22853835
-12.144882 -23.815832 -0.22577423
-11.435117 -23.827436 -0.22319137
-9.394433 -23.861279 -0.21656998
-8.7395115 -23.871861 -0.21469055
-8.0955076 -23.882271 -0.21299164
-7.4601169 -23.888344 -0.21135513
-6.8255858 -23.865147 -0.20963332
-6.2148242 -23.895708 -0.2085228
-5.0959177 -24.363306 -0.21020675
-13.117538 24.696346 -0.23616073
-13.15959 23.395094 -0.22669204
-13.198418 22.19356 -0.21807326
-13.428027 21.387793 -0.21327163
-18.249472 21.430954 -0.23772232
-4.8551364 5.173696 -0.05991989
-20.889492 19.257683 -0.23992294
-7.2718554 4.4761753 -0.072114408
-7.2762694 4.2403197 -0.071121216
-7.3040233 4.0236688 -0.070427246
-7.9236717 4.1190367 -0.075419612
-8.4329882 4.1285424 -0.079296261
-8.9979296 4.1390848 -0.0836441
-9.6287889 4.1508579 -0.088551179
-11.144649 4.1791487 -0.10051879
-19.951426 4.3360753 -0.17243026
-22.841816 4.390017 -0.19643737
-17.18453 -23.730888 -0.24745956
-16.337227 -23.746235 -0.24342269
-14.717031 -23.770411 -0.23611267
-13.944609 -23.786411 -0.23286194
-11.039062 -23.834696 -0.2218309
-10.353066 -23.845785 -0.21954605
-9.6807222 -23.856649 -0.21743011
-9.0208197 -23.867313 -0.21548232
-8.3721876 -23.877798 -0.21370208
-7.7339644 -23.888056 -0.21205306
-7.0981836 -23.875113 -0.21035796
-6.4775 -23.882137 -0.2089801
-4.7973046 -24.615376 -0.21179473
-4.297617 -25.285986 -0.21660797
-13.141855 23.943722 -0.23066695
-13.182031 22.700764 -0.22169387
-13.232167 21.571394 -0.21372619
-13.774843 21.286329 -0.21412703
-15.361113 21.399023 -0.22245911
-17.857325 21.418282 -0.2355075
-4.6278319 5.285996 -0.05933319
-4.7391014 5.1566076 -0.059147488
-20.715195 19.499943 -0.24026169
-22.428905 19.159105 -0.24911956
-7.2699413 4.5800581 -0.072566375
-7.274375 4.3413234 -0.071542203
-7.2787304 4.1090961 -0.070589595
-9.3476753 4.1456122 -0.086358182
-10.02166 4.1581907 -0.091630556
-11.653632 4.1886468 -0.10458175
-12.522285 4.1625829 -0.11144363
-13.802226 4.2211213 -0.12189133
-18.911055 4.3166595 -0.16381881
-21.501211 4.3649979 -0.18528961
-12.334277 -10.2293 -0.13532867
-15.86666 -23.753256 -0.24124268
-14.273867 -23.777021 -0.23424804
-13.513769 -23.793451 -0.23109221
-12.771211 -23.805593 -0.22814864
-10.647422 -23.841028 -0.22051086
-9.3041601 -23.862734 -0.21630356
-8.6508007 -23.873295 -0.21445113
-4.5105467 -24.962427 -0.21422942
-13.165078 23.225222 -0.22546554
-13.203515 22.03632 -0.21695511
-13.489922 21.329775 -0.2131369
-14.003828 21.00308 -0.21322113
-14.94959 21.290287 -0.21970473
-15.821191 21.413893 -0.22484954
-13.994219 18.015024 -0.19265106
-17.472324 21.405836 -0.23335494
-4.6705856 5.1895056 -0.058964536
-20.069355 21.245235 -0.2468196
-20.702305 19.898422 -0.24250351
-8.5067768 4.1299195 -0.079860993
-9.0800581 4.1406183 -0.084280089
-9.7208786 4.1525769 -0.089271389
-10.442851 4.1660514 -0.094951779
-12.205527 4.198947 -0.10900787
-14.559297 4.23525 -0.12805587
-16.096054 4.2639298 -0.14062546
-17.765118 4.2502098 -0.15426712
-17.941053 -23.719643 -0.25116745
-17.066719 -23.732641 -0.24689071
-16.223164 -23.747938 -0.24289016
-15.404219 -23.760157 -0.23914443
-14.609726 -23.772011 -0.23564513
-13.089375 -23.80039 -0.22939529
-12.357324 -23.812357 -0.22656845
-11.642675 -23.824043 -0.22393875
-6.3941598 -23.886444 -0.20883223
-4.2317185 -25.405365 -0.21750991
-13.147539 23.767786 -0.22939193
-13.187284 22.538208 -0.22052993
-14.637402 21.314205 -0.21836135
-17.094219 21.393616 -0.23126724
-4.636621 5.2609363 -0.059223175
-4.7608981 5.1461473 -0.059207305
-20.741718 19.396208 -0.23981963
-21.469707 19.127279 -0.24283691
-7.2705469 4.5470004 -0.072420195
-7.6185546 4.0295367 -0.072783045
-8.2774611 4.125639 -0.078107759
-9.4352341 4.1472473 -0.087040402
-12.523145 4.117013 -0.11132888
-13.977715 4.2243967 -0.12331924
-17.112364 4.2828975 -0.14897628
-12.284472 -10.256582 -0.13515274
-18.328066 -23.713888 -0.25311387
-17.440468 -23.727085 -0.24870239
-16.584726 -23.74254 -0.24458785
-14.949804 -23.766935 -0.23712768
-14.168281 -23.778599 -0.23377013
-13.411074 -23.795134 -0.23067717
-12.671074 -23.80723 -0.22776169
-11.24375 -23.830561 -0.22252578
-9.8776169 -23.853466 -0.21803619
-7.2855663 -23.881962 -0.21086928
-6.6576953 -23.872831 -0.2093074
-5.4841208 -24.103149 -0.20875975
-4.9506445 -24.473478 -0.21087128
-4.4405856 -25.047094 -0.21483016
-3.9642382 -25.993874 -0.22205353
24.638456 -16.433159 -0.25011566
-13.154042 23.566896 -0.83600205
-13.193281 22.352512 -0.80398709
-17.176718 21.329538 -0.84825206
-4.6463084 5.2315564 -0.21673386
-20.820936 19.321955 -0.87985843
-21.64246 19.133623 -0.89480335
-22.768066 19.170345 -0.92194462
-7.2712498 4.5089531 -0.26501954
-7.2756834 4.2722015 -0.26134536
-7.6917381 4.0307779 -0.26898238
-8.3599997 4.1270456 -0.28878859
-9.5378323 4.1490107 -0.32217956
-11.027558 4.176795 -0.3652629
-11.933672 4.1936917 -0.39180985
-12.683633 4.1162486 -0.4130429
-14.184863 4.2280512 -0.4584825
-15.645605 4.25529 -0.50223064
-17.415625 4.2882996 -0.55556691
-22.397949 4.3814063 -0.70693326
-26.071815 4.4499259 -0.81926358
-12.208554 -10.27248 -0.49422118
-18.185312 -23.715601 -0.92571121
-16.452187 -23.745174 -0.89481008
-15.626171 -23.75749 -0.88080817
-14.825136 -23.769434 -0.86773276
-14.049766 -23.785585 -0.85569823
-13.29332 -23.797939 -0.84435815
-12.55625 -23.809977 -0.83379298
-11.134062 -23.833208 -0.81482077
-10.446406 -23.845036 -0.80638069
-9.7722263 -23.855925 -0.79854
-9.1106052 -23.866611 -0.79130948
-7.1849804 -23.878283 -0.77239788
-5.9630857 -23.948965 -0.76447439
-5.3949609 -24.136503 -0.76608449
-4.8662305 -24.537514 -0.77486187
-4.3629684 -25.167593 -0.79120201
24.61371 -16.281275 -0.91412044
-13.176719 22.865055 -0.81744039
-13.214296 21.702623 -0.78706455
-13.673281 21.283047 -0.78357655
-14.426738 21.307398 -0.79705769
-15.251855 21.395491 -0.81388217
-16.063808 21.421734 -0.82938355
-14.160332 17.963615 -0.70851976
-17.73455 21.41431 -0.86125207
-4.6247067 5.3177218 -0.2182965
-4.7169142 5.1665964 -0.21670151
-20.474218 21.36726 -0.91665459
-22.27416 19.154379 -0.90997291
-7.4938474 4.0270872 -0.26351988
-9.2610931 4.1438508 -0.31427291
-21.10582 4.3573103 -0.66754711
-24.352129 4.4178576 -0.76662582
-20.210018 -9.7081671 -0.69449425
-17.679863 -23.723118 -0.91646278
-16.816973 -23.739737 -0.90115547
-15.979492 -23.752222 -0.88673466
-13.617363 -23.792646 -0.84915489
-12.872109 -23.804819 -0.83826047
-12.145351 -23.816689 -0.82811809
-10.061602 -23.851252 -0.80184978
-9.3947458 -23.86202 -0.79435772
-8.7397852 -23.872599 -0.7874611
-8.0957613 -23.883003 -0.78112537
-7.4601364 -23.888344 -0.77519369
-6.2148242 -23.895708 -0.76479942
-5.6399021 -24.053007 -0.7652632
-4.5801563 -24.878178 -0.7835629
-4.0877342 -25.666191 -0.80503851
-3.8050389 -28.265808 -0.88344282
-13.198418 22.193579 -0.79983222
-13.428027 21.387793 -0.78223133
-13.909512 21.011499 -0.78047639
-14.866817 21.321623 -0.80513906
-15.70959 21.410286 -0.82256162
-17.351797 21.401941 -0.85343903
-4.8542576 5.1727405 -0.21973053
-20.667206 20.984934 -0.91232789
-20.698183 20.026281 -0.89210182
-22.927324 19.175495 -0.925825
-7.2762694 4.2403178 -0.26086152
-7.3037887 4.0235429 -0.25829527
-7.9233985 4.1189027 -0.27660981
-8.4326954 4.1284013 -0.29082885
-8.9976168 4.1389365 -0.30677688
-11.144179 4.1789684 -0.36866727
-12.836504 4.119101 -0.41759536
-15.867343 4.2594256 -0.5088957
-17.687422 4.2933674 -0.5637818
-22.839882 4.389648 -0.72042036
-12.456855 -23.811602 -0.83240598
-11.739882 -23.823311 -0.8226707
-9.0210743 -23.868055 -0.79036665
-7.0981836 -23.875113 -0.77153355
-6.4775 -23.882137 -0.76648194
-4.7973242 -24.615381 -0.77681637
-3.830703 -26.37619 -0.82557422
24.683084 -16.210329 -0.91470534
-14.531836 21.310795 -0.7989729
-16.142656 21.37949 -0.82975447
-16.975878 21.389791 -0.84585595
-4.6273828 5.2854686 -0.21759857
-4.7386913 5.156146 -0.21691802
-20.545467 21.300463 -0.91669601
-20.68498 20.434744 -0.90065497
-20.249493 18.160427 -0.84252101
-7.274375 4.3413215 -0.26240355
-7.2787304 4.1090956 -0.2589058
-7.5556641 4.0282402 -0.26522383
-15.186738 4.2467332 -0.48845762
-28.831757 4.4175892 -0.90348983
-12.315292 -10.213557 -0.49558806
-17.559706 -23.724905 -0.91429067
-16.70084 -23.741465 -0.8991248
-15.86707 -23.753897 -0.88483876
-15.058887 -23.765947 -0.87149543
-14.274258 -23.777645 -0.85907161
-12.047285 -23.818291 -0.82678753
-11.339726 -23.829847 -0.81745273
-10.647773 -23.841787 -0.80881155
-9.3044529 -23.863482 -0.79338008
-8.6510744 -23.874033 -0.78657073
-7.3727341 -23.885151 -0.7742964
-6.741406 -23.868507 -0.76825821
-5.0233788 -24.41832 -0.77220577
-4.5105467 -24.962421 -0.78574324
-13.123496 24.512016 -0.86123741
-13.165078 23.225216 -0.82694459
-13.203515 22.036318 -0.79573005
-13.489922 21.329781 -0.7817353
-15.821191 21.413891 -0.82470274
-20.671522 20.851242 -0.90947545
-20.702324 19.898407 -0.88944751
-20.958124 19.193367 -0.88025528
-7.3632226 4.0246506 -0.25992477
-9.0797262 4.1404676 -0.30910981
-9.7205076 4.1524177 -0.32741791
-10.442441 4.1658816 -0.34824827
-11.262968 4.1811838 -0.37213913
-12.992773 4.1220155 -0.4222284
-14.558496 4.2350187 -0.46964598
-16.095078 4.2636728 -0.51574445
-27.289589 4.4726343 -0.85658145
-17.066425 -23.732243 -0.90546125
-16.223614 -23.748583 -0.89088446
-14.610117 -23.772638 -0.86432481
-13.840839 -23.788996 -0.85251641
-11.643106 -23.824892 -0.82139069
-10.944707 -23.836988 -0.81247008
-8.2845697 -23.879953 -0.78294587
-5.251543 -24.245277 -0.76842088
-4.2317185 -25.405363 -0.79778188
-13.147539 23.767782 -0.84134388
-13.294316 21.513115 -0.78334481
-13.876875 21.289625 -0.78717399
-16.216913 21.331251 -0.82996774
-17.980761 21.42227 -0.86632437
-4.6361914 5.260416 -0.21719512
-4.7604489 5.1456871 -0.21713729
-20.616699 21.233707 -0.91675466
-20.689199 20.304514 -0.89791733
-20.741718 19.396208 -0.8796199
-22.585644 19.164448 -0.91751117
-7.2749801 4.3091841 -0.26190963
-7.6183004 4.0294085 -0.26695251
-10.89543 4.1743293 -0.36141172
-12.523145 4.1170111 -0.40833342
-21.907539 4.3722606 -0.69197601
-25.41543 4.437685 -0.79916245
-17.440155 -23.726685 -0.91211772
-16.585196 -23.743191 -0.89711261
-15.755058 -23.755568 -0.88295925
-14.168652 -23.779221 -0.85743803
-13.411562 -23.796005 -0.8460983
-12.671543 -23.808092 -0.83541322
-11.949551 -23.819887 -0.82546943
-11.244141 -23.831408 -0.81622028
-6.6576953 -23.872831 -0.76768672
-5.4841208 -24.103151 -0.76568681
-4.9506445 -24.473486 -0.77342975
-4.4405856 -25.047092 -0.7879411
-3.9642382 -25.993876 -0.81446975
24.607265 -16.41235 -0.91620064
-13.111504 24.882875 -1.5057706
-13.366035 21.445898 -1.3528957
-13.893281 21.138187 -1.3542117
-14.760077 21.318171 -1.3881674
-17.231915 21.398066 -1.4708661
-20.662851 21.119455 -1.5818179
-20.694023 20.154875 -1.5465205
-20.820936 19.321957 -1.5207075
-7.2712498 4.5089531 -0.45805052
-7.2756834 4.2722015 -0.45170212
-7.691484 4.0306487 -0.46489486
-8.3597069 4.1269054 -0.49911743
-11.933145 4.1935 -0.67716277
-12.683007 4.116046 -0.71386081
-15.644668 4.2550397 -0.86799139
-19.607265 4.3290763 -1.0749921
-22.396093 4.381043 -1.2217424
-12.190098 -10.256941 -0.85290623
-17.302324 -23.728327 -1.5721927
-14.050293 -23.786472 -1.4790208
-13.293828 -23.798813 -1.4594157
-12.55668 -23.810844 -1.4411529
-11.134473 -23.834053 -1.4083822
-10.446738 -23.845795 -1.393766
-5.9630857 -23.948969 -1.3212978
-5.3949609 -24.136511 -1.324077
-3.8931053 -26.197584 -1.4179331
-13.176719 22.865044 -1.4128405
-13.673262 21.283045 -1.3543092
-14.426738 21.307398 -1.3776083
-15.251875 21.395491 -1.4066856
-4.6232224 5.3160071 -0.37717453
-4.7164841 5.1661353 -0.37450728
-22.274492 19.154663 -1.5727916
-7.2737694 4.3735771 -0.45438871
-7.2781444 4.1404943 -0.44828796
-7.4935937 4.0269604 -0.4554396
-8.1367188 4.1227508 -0.48833969
-9.9238472 4.1560559 -0.57600302
-11.526386 4.1859202 -0.65651953
-12.509511 4.2042408 -0.70653176
-13.629316 4.2174845 -0.76380491
-14.981406 4.242681 -0.83359611
-21.104179 4.3569689 -1.1536778
-20.208612 -9.707469 -1.2002552
-17.679512 -23.722713 -1.5839545
-15.979921 -23.752863 -1.5326525
-14.380586 -23.77669 -1.487661
-13.617832 -23.793526 -1.4677099
-12.145761 -23.817549 -1.4313436
-10.741934 -23.84103 -1.3999493
-10.061913 -23.852007 -1.3859342
-9.3950195 -23.862768 -1.3729885
-6.8255858 -23.865147 -1.3288952
-6.2148242 -23.895712 -1.3218597
-4.0877342 -25.666193 -1.3914077
24.543495 -16.604832 -1.5864488
25.028711 -16.066816 -1.592288
-13.117538 24.696337 -1.4970968
-13.15959 23.395136 -1.4370505
-13.198437 22.193569 -1.3824027
-13.428027 21.387793 -1.3519889
-15.709609 21.410282 -1.4216942
-13.99041 18.133276 -1.2261573
-20.667206 20.984945 -1.5768417
-20.698183 20.026266 -1.5418841
-20.889492 19.257685 -1.5210693
-21.793144 19.139095 -1.5527941
-7.2718554 4.4761734 -0.45715529
-7.2762694 4.2403202 -0.45086655
-7.3035936 4.0234203 -0.44641739
-7.9231443 4.1187706 -0.47806975
-8.4324408 4.128262 -0.50264341
-8.9972849 4.1387882 -0.53020543
-9.6280661 4.1505432 -0.56131226
-11.143691 4.1787882 -0.63716584
-12.835859 4.1188951 -0.72171098
-14.368691 4.2312627 -0.80191213
-15.866366 4.259171 -0.87950885
-22.837969 4.3892765 -1.2450521
-15.515605 -23.759779 -1.5192202
-14.717793 -23.771667 -1.4968439
-13.945624 -23.788177 -1.4762579
-13.191895 -23.800478 -1.45684
-11.740313 -23.824165 -1.421945
-11.039765 -23.836226 -1.4063406
-10.35373 -23.847294 -1.3918489
-9.6813087 -23.858147 -1.3784475
-9.0213671 -23.868799 -1.3660895
-8.372715 -23.879269 -1.3547462
-7.7339644 -23.888056 -1.3442502
-5.8853707 -23.973984 -1.3216037
-4.7973046 -24.615385 -1.3426244
-3.830703 -26.376188 -1.4269087
24.539454 -16.116005 -1.571753
-13.182031 22.700798 -1.4053717
-13.232167 21.571392 -1.3548385
-13.774843 21.286327 -1.3574003
-16.142675 21.379534 -1.4343457
-20.68498 20.43475 -1.556668
-22.42955 19.159679 -1.5792688
-7.5554295 4.0281129 -0.45838439
-8.2063084 4.1240478 -0.49169889
-9.3469725 4.1453052 -0.54741126
-10.020879 4.1578636 -0.58083296
-10.782871 4.1720643 -0.61898667
-11.652577 4.1882706 -0.66291606
-12.522285 4.1625805 -0.70646942
-15.185859 4.2464905 -0.84419084
-16.854805 4.2775908 -0.93095845
-18.90836 4.3160515 -1.0383326
-21.497793 4.3643045 -1.1744014
-24.87043 4.4271588 -1.3524156
-20.213554 -9.7920942 -1.2024632
-12.295761 -10.197368 -0.85520345
-15.86748 -23.754541 -1.5293719
-13.514766 -23.79521 -1.4650521
-10.648106 -23.842543 -1.3979675
-9.3047657 -23.864223 -1.3712982
-8.6513472 -23.874769 -1.3595153
-8.0093164 -23.886894 -1.3488042
-7.3727145 -23.885151 -1.3382715
-6.7413864 -23.868509 -1.3278368
-6.1317968 -23.9 -1.3209715
-5.5620117 -24.078081 -1.3230103
-5.0233788 -24.41832 -1.3346558
-4.5105662 -24.96242 -1.3580524
-4.0249414 -25.820112 -1.3990251
-13.203515 22.036306 -1.3753124
-13.489922 21.329781 -1.3511457
-15.821191 21.413891 -1.4253917
-13.994238 18.015032 -1.2212734
-4.6697655 5.1885815 -0.37371734
-20.958124 19.193363 -1.5214392
-21.944374 19.14399 -1.5590582
-7.2724609 4.4435248 -0.4562709
-7.2768555 4.2085576 -0.45003876
-7.362988 4.0245261 -0.44923171
-8.5061712 4.1296349 -0.50622463
-9.0793943 4.1403184 -0.53423584
-9.7201557 4.1522593 -0.56587815
-16.09412 4.2634153 -0.89134628
-20.30121 4.3420081 -1.1114439
-23.007832 4.3432646 -1.2535243
-27.286875 4.4721861 -1.4803445
-17.94043 -23.718832 -1.5921677
-17.066153 -23.731842 -1.5649484
-16.224043 -23.749228 -1.5398254
-15.405058 -23.761427 -1.5160667
-14.610488 -23.773266 -1.4939117
-13.841328 -23.789881 -1.4735211
-10.260957 -23.848791 -1.3899522
-9.5903511 -23.859613 -1.3766966
-8.9319916 -23.870241 -1.364478
-8.2848434 -23.880688 -1.3532559
-7.6470895 -23.888422 -1.3428439
-6.3941598 -23.886444 -1.3238329
-5.8076563 -23.999006 -1.321916
-5.251543 -24.245277 -1.3281146
-4.231699 -25.40538 -1.3788654
24.634804 -16.062517 -1.574457
-13.147539 23.767796 -1.4541572
-13.876855 21.289623 -1.360526
-17.980742 21.422268 -1.4973303
-4.6357422 5.2599034 -0.37535629
-4.7600193 5.145227 -0.37526029
-20.741718 19.396206 -1.5203348
-21.47035 19.127842 -1.5394505
-7.2749801 4.3091888 -0.45267546
-7.2792969 4.0778069 -0.44669309
-8.2768946 4.1253629 -0.49510986
-10.119512 4.1597018 -0.58575141
-10.89496 4.1741538 -0.62462693
-11.78125 4.19067 -0.66944569
-12.523145 4.1170192 -0.70574731
-13.976231 4.2239494 -0.78166586
-15.395547 4.2503986 -0.85506225
-19.226601 4.3219824 -1.0550182
-25.413046 4.4372706 -1.3811203
-16.585644 -23.743843 -1.5505913
-15.755468 -23.756208 -1.5261232
-14.950605 -23.768198 -1.5032773
-14.168984 -23.779842 -1.4819658
-13.41207 -23.796885 -1.4624223
-12.671992 -23.80896 -1.4439535
-11.949961 -23.820742 -1.4267652
-11.244551 -23.832254 -1.4107873
-9.2147455 -23.865675 -1.369628
-7.9219141 -23.887264 -1.3473458
-6.0529099 -23.920053 -1.3209757
-4.9506445 -24.473486 -1.3367714
-3.9642382 -25.993866 -1.4077144
-6.2556052 20.814787 -1.6551477
-7.2500391 20.482365 -1.6546246
-7.7407618 20.298204 -1.6543536
-8.7077932 19.894489 -1.6537939
-9.6538477 19.444458 -1.6532114
-10.1183 19.202417 -1.6529121
-11.028652 18.685087 -1.6522981
-11.474785 18.411362 -1.6520953
-12.772305 17.528086 -1.6515979
-13.19002 17.213011 -1.6514213
-14.001797 16.553082 -1.651053
-4.6454101 5.2305384 -0.53273427
-15.156757 15.49167 -1.6504637
-16.231133 14.349568 -1.6498332
-16.899981 13.546449 -1.6494032
-17.219551 13.133089 -1.6491836
-17.528965 12.712145 -1.6489601
-17.828085 12.283876 -1.6487329
-18.116699 11.84856 -1.6485021
-7.2712498 4.5089526 -0.65154797
-7.2799802 4.0417838 -0.63410175
-7.6912498 4.03052 -0.66125923
-8.9160738 4.1371326 -0.74851829
-9.5371094 4.1486988 -0.79201847
-10.235195 4.1616983 -0.84140873
-11.026621 4.1764369 -0.89792168
-11.932597 4.1933079 -0.96317607
-12.682363 4.1158423 -1.0153828
-14.183339 4.2275963 -1.1270615
-15.643769 4.2547908 -1.234594
-21.195644 4.146162 -1.6447059
-23.488319 2.2777143 -1.7970967
-23.536446 1.7104266 -1.7970958
-23.57082 1.1421362 -1.7970947
-23.591484 0.57316953 -1.7970937
-23.598436 0.0038983154 -1.7970929
-23.59164 -0.56538147 -1.797092
-23.488964 -2.2699289 -1.7970895
-23.160917 -4.5226331 -1.7970867
-23.045057 -5.0800548 -1.7970861
-22.9158 -5.6345005 -1.7970856
-22.448399 -7.2769022 -1.7970843
-22.266386 -7.8163147 -1.797084
-21.141718 -7.999486 -1.7214003
-19.133026 -10.018232 -1.644689
-19.753828 -12.909956 -1.7970827
-19.43664 -13.382721 -1.7970828
-18.768536 -14.304633 -1.7970831
-17.68498 -15.624465 -1.797084
-16.910761 -16.459291 -1.7970848
-15.67623 -17.639105 -1.7970862
-14.807187 -18.374695 -1.7970876
-13.439746 -19.397392 -1.7970897
-12.967852 -19.715969 -1.7970904
-12.488496 -20.023094 -1.7970911
-12.001836 -20.318537 -1.7970921
-11.508183 -20.602148 -1.797093
-11.007812 -20.873808 -1.7970939
-10.501094 -21.13332 -1.7970949
-9.4695702 -21.615229 -1.797097
-7.8531442 -22.163027 -1.7906021
-7.2605076 -22.17585 -1.7769673
-5.0170116 -22.445713 -1.7514857
-4.4955664 -22.668816 -1.7599162
-1.2034765 -23.568085 -1.7971165
1.0729883 -23.574455 -1.7971227
2.208828 -23.495337 -1.7971259
2.7749803 -23.435215 -1.7971276
3.3395312 -23.361488 -1.7971293
3.9021289 -23.27413 -1.7971311
4.4624805 -23.173262 -1.7971327
5.5749998 -22.931049 -1.7971362
6.6745701 -22.635569 -1.7971395
7.2187109 -22.467968 -1.7971414
7.7585936 -22.287321 -1.7971432
8.2940035 -22.093672 -1.7971449
9.3500385 -21.667944 -1.7971486
9.870039 -21.43611 -1.7971503
10.8925 -20.935165 -1.7971539
11.394375 -20.666304 -1.7971557
11.88955 -20.385414 -1.7971575
13.332695 -19.472317 -1.7971629
14.705996 -18.457264 -1.7971684
15.146953 -18.097122 -1.79717
15.579121 -17.726469 -1.797172
16.002226 -17.345518 -1.7971736
16.416075 -16.954454 -1.7971754
18.337128 -14.855848 -1.797184
18.690155 -14.409164 -1.7971857
19.683262 -13.019909 -1.7971907
19.991659 -12.541313 -1.7971922
20.573359 -11.562458 -1.7971954
21.107109 -10.556692 -1.7971984
21.355703 -10.044466 -1.7972
21.633924 -8.3229361 -1.7651979
21.655565 -6.5776696 -1.7235268
21.662226 -6.0128927 -1.7120109
21.680605 -4.3583393 -1.6840692
21.686289 -3.817646 -1.6768659
21.701933 -2.2185891 -1.6612813
21.714628 -1.1655139 -1.6560109
21.724628 -0.11679596 -1.6544138
21.728241 0.40760008 -1.6549597
21.732891 1.4585266 -1.658741
21.74209 3.0502892 -1.6719371
21.753613 5.2287693 -1.7037817
21.760664 6.9289637 -1.7391177
21.219727 10.329507 -1.7972322
20.964355 10.838401 -1.7972323
19.507753 13.282441 -1.7972322
19.18166 13.749171 -1.797232
18.844374 14.207904 -1.7972319
18.496153 14.658361 -1.7972316
17.767559 15.533418 -1.797231
16.997656 16.372322 -1.7972302
16.597773 16.777485 -1.7972298
15.769218 17.558628 -1.7972288
14.458125 18.652983 -1.797227
13.541621 19.32864 -1.7972255
13.071386 19.649687 -1.7972246
12.593554 19.959301 -1.7972239
11.117167 20.817678 -1.7972212
10.611757 21.079809 -1.7972202
9.5825977 21.567045 -1.7972183
9.0595703 21.791941 -1.7972172
7.99791 22.203539 -1.797215
6.917695 22.563433 -1.7972125
5.8212891 22.870796 -1.7972101
4.7113671 23.124949 -1.7972074
2.4612498 23.471237 -1.7972018
1.8943359 23.523745 -1.7972003
-0.38107422 23.59675 -1.7971941
-0.9502148 23.580648 -1.7971925
-1.9095702 21.513885 -1.6447866
-2.4279883 21.461573 -1.6447852
-3.4603319 21.319408 -1.6447821
-5.5333009 21.019169 -1.6552081
-6.0389647 20.880213 -1.6552572
-6.5398827 20.725237 -1.6550016
-7.0368357 20.55821 -1.6547396
-8.0176172 20.188257 -1.6541969
-8.9789648 19.771271 -1.6536306
-9.9185743 19.308275 -1.653042
-10.37959 19.059887 -1.6527395
-10.834316 18.800426 -1.6524322
-12.589628 17.660915 -1.6516724
-13.010625 17.350212 -1.6514981
-13.829355 16.698799 -1.6511341
-16.425175 14.124595 -1.6497108
-16.758965 13.72249 -1.6494969
-17.082851 13.312444 -1.6492789
-17.396679 12.894732 -1.6490569
-18.276014 11.598098 -1.6483694
-7.2737694 4.3735752 -0.64633948
-9.2604294 4.1435456 -0.77258235
-10.672324 4.169838 -0.87256122
-11.525879 4.1857343 -0.9338153
-12.508906 4.2040386 -1.0049487
-14.980566 4.2424402 -1.1856766
-21.151348 4.3666444 -1.6447065
-21.250526 3.8551276 -1.6447053
-21.337324 3.341361 -1.6447042
-23.222147 2.496237 -1.778623
-23.557674 1.3875171 -1.7970952
-23.584297 0.81883603 -1.7970941
-23.511347 -2.0252099 -1.7970898
-23.455624 -2.5918012 -1.7970891
-23.386288 -3.1568828 -1.7970883
-23.30332 -3.7201414 -1.7970877
-22.973242 -5.3955846 -1.7970859
-22.522949 -7.0427561 -1.7970845
-22.346464 -7.5840459 -1.7970842
-20.354549 -8.0223799 -1.6661066
-19.895977 -8.4016504 -1.6446894
-18.993847 -10.279648 -1.644689
-18.570644 -14.560686 -1.7970833
-17.846699 -15.43948 -1.7970839
-17.469063 -15.865498 -1.7970843
-16.276054 -17.087223 -1.7970855
-15.859081 -17.474895 -1.7970861
-15.43291 -17.852398 -1.7970866
-14.553886 -18.576031 -1.7970878
-14.101523 -18.921715 -1.7970886
-12.696308 -19.891968 -1.7970909
-12.212734 -20.192455 -1.7970918
-9.172226 -21.743046 -1.7970976
-8.6450777 -21.957983 -1.7970986
-7.5151954 -22.170361 -1.7827013
-4.7192383 -22.562599 -1.7553931
-3.6940234 -23.194445 -1.7885854
-2.5832226 -23.4569 -1.7971128
-2.0166211 -23.51243 -1.7971144
-1.4488086 -23.554281 -1.7971159
-0.88019532 -23.582401 -1.7971175
0.82748044 -23.584352 -1.797122
2.5308204 -23.462837 -1.7971269
4.2209177 -23.218473 -1.7971319
4.7798243 -23.109892 -1.7971336
6.4385352 -22.70381 -1.7971388
6.9843554 -22.541924 -1.7971406
7.526113 -22.366869 -1.7971425
9.1238861 -21.764095 -1.7971478
10.163047 -21.298784 -1.7971513
10.673906 -21.047453 -1.7971531
12.168066 -20.220484 -1.7971585
12.652305 -19.921082 -1.7971603
13.129238 -19.610094 -1.7971622
14.512968 -18.609406 -1.7971674
14.957714 -18.25388 -1.7971693
15.39371 -17.887726 -1.7971711
15.820762 -17.511202 -1.7971728
16.646992 -16.727753 -1.7971764
19.221914 -13.691843 -1.7971884
19.54664 -13.224184 -1.79719
20.161757 -12.266 -1.7971931
20.996054 -10.77591 -1.7971978
21.491425 -9.7506752 -1.7972009
21.622578 -9.1878223 -1.7891052
21.630527 -8.581275 -1.7721195
21.638222 -7.9857225 -1.7564496
21.645565 -7.4001975 -1.7420425
21.665897 -5.6950979 -1.7059648
21.67211 -5.1411719 -1.696196
21.689413 -3.5122805 -1.6732252
21.694727 -2.9779956 -1.6676066
21.699804 -2.4469757 -1.6629771
21.712011 -1.3922808 -1.6568282
21.717852 -0.86723751 -1.6551934
21.722773 -0.34275696 -1.6544544
21.729921 0.70582396 -1.6556659
21.732168 1.2315332 -1.6576201
21.743887 3.3551946 -1.6754565
21.746914 3.8949327 -1.6824423
21.749765 4.4394732 -1.6904604
21.755058 5.5457325 -1.7096909
21.761854 7.2594638 -1.7470036
21.763828 7.848474 -1.7618523
21.765585 8.4478512 -1.7779809
21.767265 9.0585995 -1.7954504
21.076094 10.619514 -1.7972322
20.813768 11.124856 -1.7972323
19.954765 12.600884 -1.7972323
19.64496 13.078596 -1.7972322
17.167265 16.194414 -1.7972305
14.651582 18.501425 -1.7972273
13.742148 19.186581 -1.7972257
13.275292 19.512516 -1.797225
11.333398 20.700809 -1.7972217
9.2859955 21.696413 -1.7972177
8.228672 22.119055 -1.7972153
7.6927342 22.311125 -1.7972142
7.152246 22.490208 -1.7972131
4.3938084 23.187351 -1.7972065
3.8331444 23.28656 -1.7972052
3.270293 23.372253 -1.7972038
2.7055273 23.444336 -1.7972025
1.003086 23.578539 -1.7971978
0.43398437 23.595873 -1.7971963
-0.13539062 23.59943 -1.7971948
-1.2735156 23.565351 -1.7971916
-1.6854297 21.532585 -1.6447873
-2.2043946 21.485683 -1.6447858
-2.7220702 21.426226 -1.6447842
-3.2381444 21.354286 -1.6447827
-4.2760544 21.231136 -1.64928
-4.7991209 21.175354 -1.6534595
-5.313828 21.074389 -1.6551048
-5.8215036 20.94302 -1.6553411
-6.324121 20.793606 -1.6551127
-7.3173828 20.45788 -1.6545879
-7.8074803 20.272097 -1.6543161
-8.7732029 19.865192 -1.6537547
-9.2482815 19.644348 -1.6534655
-10.181328 19.168449 -1.6528708
-10.638847 18.913778 -1.6525656
-11.089766 18.64781 -1.6522293
-11.535313 18.373152 -1.6520737
-12.405663 17.791862 -1.651746
-14.056093 16.506542 -1.6510271
-4.6541405 5.2056751 -0.53176367
-15.20752 15.44133 -1.6504359
-16.616093 13.897029 -1.6495897
-16.944296 13.490375 -1.6493734
-17.262499 13.075955 -1.6491532
-18.155371 11.788492 -1.6484703
-7.2762694 4.2403212 -0.64133322
-7.303359 4.0232944 -0.63497871
-7.9228711 4.1186352 -0.68000221
-8.432148 4.1281204 -0.71495366
-12.835254 4.1186881 -1.0265373
-15.865449 4.2589173 -1.2509735
-21.301386 3.5633569 -1.6447047
-23.567286 -1.2121015 -1.7970909
-23.53121 -1.780284 -1.7970901
-23.417871 -2.9132028 -1.7970886
-23.34078 -3.4772878 -1.797088
-23.250057 -4.03933 -1.7970872
-23.145039 -4.599134 -1.7970866
-22.595039 -6.8078489 -1.7970846
-22.240391 -7.8897567 -1.7970839
-20.947519 -8.0051384 -1.7077355
-19.563868 -9.1483154 -1.6446893
-19.337519 -9.6176109 -1.6446891
-19.099863 -10.081306 -1.644689
-19.711172 -12.975054 -1.7970827
-19.062382 -13.910686 -1.7970829
-18.369238 -14.81397 -1.7970834
-12.122382 -10.268495 -1.2098329
-17.63332 -15.682744 -1.797084
-16.856386 -16.514992 -1.7970849
-16.040195 -17.308815 -1.7970859
-15.186641 -18.062351 -1.7970871
-14.746484 -18.423485 -1.7970877
-13.840761 -19.113306 -1.7970891
-12.422324 -20.064192 -1.7970914
-10.938867 -20.910025 -1.7970941
-9.3981447 -21.646357 -1.7970971
-8.3431835 -22.074497 -1.7970992
-7.7715816 -22.164804 -1.7886647
-7.1801562 -22.177572 -1.775195
-6.5971289 -22.189978 -1.7629327
-5.4768553 -22.309889 -1.7494092
-4.4249024 -22.70475 -1.7615623
-3.9134374 -23.025805 -1.7786262
-3.3917186 -23.353699 -1.7971109
-2.2613475 -23.490156 -1.7971138
-1.6940234 -23.537876 -1.7971153
-1.1257031 -23.571924 -1.7971166
0.58181638 -23.591652 -1.7971214
1.1507617 -23.570827 -1.797123
2.2863672 -23.487923 -1.7971263
2.8523242 -23.425932 -1.7971278
3.4166014 -23.350344 -1.7971295
3.9789257 -23.261129 -1.7971312
5.0962696 -23.042177 -1.7971346
5.6506639 -22.912563 -1.7971363
8.8967381 -21.857914 -1.797147
9.9407024 -21.403419 -1.7971505
11.4625 -20.628584 -1.7971559
12.44416 -20.051739 -1.7971596
13.396855 -19.42823 -1.7971632
14.766796 -18.408657 -1.7971685
15.206582 -18.047066 -1.7971704
15.63748 -17.674978 -1.7971721
16.059374 -17.292627 -1.7971739
16.874804 -16.497927 -1.7971774
18.023769 -15.23448 -1.7971826
18.386034 -14.795266 -1.7971842
19.07832 -13.891281 -1.7971876
19.407871 -13.42699 -1.7971892
20.032909 -12.475273 -1.7971925
20.328106 -11.988388 -1.797194
20.882694 -10.993955 -1.7971972
21.141836 -10.48699 -1.7971988
21.642441 -7.6517434 -1.748108
21.656485 -6.5000086 -1.7218853
21.663105 -5.9362531 -1.7105244
21.681406 -4.2841206 -1.6830237
21.68705 -3.7440546 -1.6759599
21.692421 -3.2081778 -1.6699094
21.709219 -1.6192737 -1.6578113
21.715429 -1.0938727 -1.6557881
21.731327 1.0044 -1.6566656
21.735878 2.0586743 -1.6626562
21.756426 5.8649583 -1.7159601
21.766542 8.7935457 -1.7877462
21.662479 9.3655195 -1.7972319
21.430233 9.8853769 -1.797232
21.185507 10.399475 -1.7972322
20.928495 10.907525 -1.7972323
20.659237 11.409225 -1.7972323
20.084902 12.392378 -1.7972323
19.780136 12.873297 -1.7972323
19.463827 13.346702 -1.7972322
19.13619 13.812366 -1.797232
18.087227 15.160023 -1.7972312
17.33498 16.014669 -1.7972306
16.943573 16.428303 -1.7972302
16.542324 16.832228 -1.7972298
16.131445 17.226345 -1.7972293
13.941172 19.04244 -1.7972261
13.477773 19.373213 -1.7972255
13.006504 19.692707 -1.7972245
12.527637 20.00074 -1.7972238
11.048437 20.854248 -1.7972211
10.542129 21.114712 -1.7972201
10.029668 21.362846 -1.797219
9.5114059 21.598547 -1.7972181
8.4585743 22.032177 -1.7972158
7.386035 22.414509 -1.7972136
6.843164 22.58613 -1.7972124
5.7457809 22.889883 -1.7972097
5.1919141 23.02183 -1.7972085
3.5134764 23.336916 -1.7972044
1.8166796 23.529867 -1.7972001
1.2484765 23.566816 -1.7971987
0.67960936 23.590065 -1.7971971
0.11041015 23.599567 -1.7971956
-0.45892578 23.595366 -1.7971939
-3.0156054 21.38685 -1.6447833
-4.5733204 21.201015 -1.6516556
-5.6027145 21.001215 -1.6552404
-6.1076951 20.859743 -1.6552228
-7.1044531 20.534393 -1.6547034
-8.5665426 19.956966 -1.6538779
-9.0439253 19.741066 -1.6535909
-9.5158005 19.513653 -1.6532986
-10.896074 18.764103 -1.65239
-11.343867 18.493023 -1.6521416
-11.785507 18.212257 -1.6519828
-4.6264844 5.2844381 -0.53485924
-15.046777 15.599666 -1.6505235
-16.471367 14.070103 -1.6496818
-16.803846 13.666893 -1.6494672
-17.126387 13.255781 -1.6492487
-18.032696 11.977646 -1.6485705
-7.2743945 4.3413267 -0.64511597
-7.2787304 4.1090937 -0.63652235
-7.5551758 4.0279846 -0.65200591
-8.2060547 4.12391 -0.69938672
-10.020469 4.1577001 -0.82616675
-12.522285 4.162581 -1.0049121
-15.18498 4.2462468 -1.2007406
-16.853729 4.2773199 -1.3241484
-21.165625 4.2968192 -1.6447064
-21.348242 3.2709234 -1.6447042
-21.420918 2.7549658 -1.6447031
-23.471504 2.4447143 -1.797097
-23.586855 0.74096131 -1.7970939
-23.597813 0.17174193 -1.797093
-23.578613 -0.9666574 -1.7970914
-23.50453 -2.1027677 -1.7970897
-23.446953 -2.6691766 -1.7970889
-22.955332 -5.4713354 -1.7970859
-22.664707 -6.5721879 -1.7970848
-22.499609 -7.1170263 -1.7970845
-22.32123 -7.6577325 -1.797084
-21.570957 -7.9869785 -1.7516866
-20.172539 -8.027667 -1.6533691
-19.868164 -8.4672766 -1.6446894
-19.203808 -9.881876 -1.644689
-18.704803 -10.796649 -1.644689
-18.438925 -11.244738 -1.644689
-19.845156 -12.769111 -1.7970827
-19.531385 -13.244125 -1.7970828
-19.20619 -13.711443 -1.7970829
-18.522499 -14.621866 -1.7970834
-17.795645 -15.498291 -1.7970839
-16.62834 -16.744593 -1.797085
-16.219551 -17.140856 -1.7970856
-15.801328 -17.527157 -1.7970861
-15.373886 -17.90325 -1.7970867
-14.039023 -18.968134 -1.7970887
-13.577363 -19.301287 -1.7970893
-13.107793 -19.623207 -1.7970903
-11.156054 -20.79497 -1.7970936
-10.651191 -21.058086 -1.7970947
-9.6230469 -21.547319 -1.7970967
-9.1004686 -21.77319 -1.7970977
-7.4343162 -22.17211 -1.7808595
-6.2697458 -22.198757 -1.7566346
-5.1725779 -22.39245 -1.750156
-4.6481833 -22.594677 -1.756683
-3.6247265 -23.25301 -1.792169
-3.0711131 -23.398012 -1.7971116
-2.5058007 -23.465332 -1.7971132
-1.9390234 -23.518961 -1.7971145
-0.80234373 -23.585182 -1.7971176
-0.233125 -23.597675 -1.7971191
0.33617187 -23.596432 -1.7971206
1.4739062 -23.552826 -1.7971238
3.1732616 -23.384663 -1.7971289
4.2974806 -23.204424 -1.7971323
4.8560352 -23.093996 -1.7971339
5.4117188 -22.970131 -1.7971356
5.9642968 -22.832968 -1.7971374
8.6686325 -21.949377 -1.7971461
10.743281 -21.012123 -1.7971535
11.744277 -20.469477 -1.7971569
12.717949 -19.879213 -1.7971606
13.66207 -19.242743 -1.7971643
14.122304 -18.907566 -1.797166
14.574297 -18.561407 -1.7971678
16.295019 -17.070761 -1.7971749
16.702108 -16.672726 -1.7971766
17.486876 -15.847771 -1.7971802
17.86414 -15.421312 -1.7971818
18.230957 -14.985894 -1.7971835
18.932598 -14.089137 -1.7971869
19.267012 -13.628366 -1.7971885
19.590157 -13.159618 -1.7971902
20.490585 -11.708532 -1.797195
21.031485 -10.706578 -1.7971979
21.283691 -10.196123 -1.7971995
21.631639 -8.4992056 -1.7698998
21.672968 -5.065886 -1.6949438
21.678905 -4.5186663 -1.6863924
21.706268 -1.846506 -1.6589625
21.712872 -1.3204 -1.6565518
21.718554 -0.7955206 -1.6550391
21.734356 1.830418 -1.6609924
21.747324 3.9691217 -1.6834772
21.750135 4.5143218 -1.691637
21.75539 5.6223216 -1.7111661
21.760038 6.7586422 -1.7351804
21.762129 7.3394284 -1.7489605
21.7658 8.5306807 -1.7802904
21.040937 10.688987 -1.7972323
20.500898 11.69143 -1.7972323
19.913105 12.666649 -1.7972323
19.601738 13.143334 -1.7972322
19.278925 13.612368 -1.7972322
18.945 14.073503 -1.7972319
18.59996 14.526424 -1.7972317
18.244062 14.970879 -1.7972314
17.877617 15.406638 -1.7972311
16.30994 17.057489 -1.7972294
15.033671 18.192308 -1.7972277
14.59041 18.549681 -1.7972271
14.138691 18.896252 -1.7972264
13.67875 19.231838 -1.7972257
11.76207 20.460297 -1.7972224
11.265019 20.738094 -1.7972215
9.2143354 21.726929 -1.7972175
7.0780077 22.513639 -1.7972128
4.3173242 23.201715 -1.7972064
3.1931641 23.382912 -1.7972037
2.6281445 23.453215 -1.7972021
1.4938867 23.552568 -1.7971992
0.35611328 23.597178 -1.7971961
-0.78248048 23.586809 -1.7971929
-1.3512499 23.561035 -1.7971914
-3.3085938 21.343487 -1.6447825
-3.8245702 21.26893 -1.6456716
-4.347578 21.224272 -1.6498517
-4.8706446 21.166723 -1.6540313
-5.3834763 21.057158 -1.6551378
-6.3925586 20.772181 -1.6550776
-6.8906837 20.608711 -1.6548176
-7.3846874 20.433178 -1.654551
-7.8741403 20.245775 -1.6542785
-8.3588476 20.046574 -1.6539999
-9.3128319 19.613214 -1.6534256
-9.7814846 19.379377 -1.6531301
-10.244297 19.134274 -1.6528293
-12.033496 18.047941 -1.65189
-12.887285 17.44289 -1.6515501
-13.30291 17.125055 -1.6513722
-13.710683 16.797306 -1.6511891
-15.623027 15.016367 -1.650201
-15.978652 14.633201 -1.6499895
-16.324921 14.241616 -1.6497731
-17.305235 13.018675 -1.6491228
-17.908106 12.165501 -1.6486702
-7.2768555 4.2085581 -0.64015752
-7.3627539 4.0244007 -0.63898218
-9.0790424 4.1401677 -0.75989014
-11.261992 4.18082 -0.91482282
-12.991426 4.1215973 -1.0379256
-14.556894 4.2345514 -1.1545005
-17.765118 4.2502069 -1.3910391
-20.299686 4.3416791 -1.5808408
-21.313046 3.4930553 -1.6447046
-21.391073 2.9778893 -1.6447036
-23.502811 2.1226568 -1.7970964
-23.547207 1.5550512 -1.7970954
-23.57789 0.98656368 -1.7970943
-23.587421 -0.72106475 -1.7970916
-23.563164 -1.2898712 -1.7970909
-23.32914 -3.5542858 -1.7970878
-23.130547 -4.6754007 -1.7970866
-22.878143 -5.785624 -1.7970855
-22.731894 -6.3358469 -1.797085
-22.399862 -7.4249101 -1.7970842
-20.756483 -8.0106964 -1.6943035
-19.750214 -8.7389154 -1.6446893
-19.305645 -9.6813564 -1.6446891
-19.066504 -10.14427 -1.644689
-18.816269 -10.601266 -1.644689
-19.347929 -13.510692 -1.7970828
-19.016367 -13.973499 -1.7970831
-18.673769 -14.42821 -1.7970833
-12.430098 -10.092155 -1.2192984
-16.801777 -16.57053 -1.7970849
-16.397148 -16.971029 -1.7970854
-15.982988 -17.361654 -1.797086
-15.126914 -18.112375 -1.7970871
-14.685644 -18.472046 -1.7970877
-13.311406 -19.485674 -1.7970898
-12.8375 -19.801147 -1.7970908
-12.356074 -20.105078 -1.7970915
-11.371972 -20.677691 -1.7970933
-10.361367 -21.202175 -1.7970952
-9.3266401 -21.677259 -1.7970973
-8.801074 -21.895931 -1.7970984
-7.6901755 -22.166573 -1.7867503
-7.0999608 -22.179291 -1.7734509
-5.9495506 -22.22579 -1.7521539
-5.4032421 -22.328028 -1.7494245
-4.3547654 -22.744303 -1.7635051
-2.7500587 -23.437929 -1.7971126
-1.6163477 -23.543337 -1.7971154
-1.0479492 -23.575546 -1.797117
-0.47886717 -23.593967 -1.7971185
0.65968746 -23.589603 -1.7971215
1.2285937 -23.566896 -1.7971232
1.7967383 -23.530405 -1.7971247
2.363867 -23.480249 -1.7971264
2.9296093 -23.416389 -1.7971281
3.4936523 -23.338947 -1.7971298
4.0556836 -23.247908 -1.7971314
4.6153517 -23.143305 -1.7971331
5.1722851 -23.025232 -1.7971349
5.7262301 -22.893789 -1.7971367
6.8238277 -22.591024 -1.7971401
7.9055271 -22.235632 -1.7971437
8.4396286 -22.038452 -1.7971454
8.9688282 -21.828438 -1.7971472
10.523887 -21.122868 -1.7971525
11.03041 -20.862835 -1.7971543
11.530469 -20.590668 -1.7971562
12.510273 -20.010576 -1.7971598
12.989336 -19.702997 -1.7971617
13.460878 -19.383913 -1.7971634
13.924628 -19.053606 -1.7971652
14.82748 -18.359821 -1.7971689
15.266074 -17.996788 -1.7971705
16.116386 -17.239527 -1.7971742
17.320936 -16.029016 -1.7971793
17.702578 -15.606499 -1.797181
18.784863 -14.285532 -1.7971861
19.124043 -13.828252 -1.7971878
19.452089 -13.362864 -1.7971895
19.768789 -12.889728 -1.7971911
20.073984 -12.409088 -1.7971927
20.367558 -11.921236 -1.7971944
20.649218 -11.426424 -1.7971959
21.421503 -9.9032917 -1.7972004
21.635996 -8.1602087 -1.7609351
21.650566 -6.9929013 -1.7326179
21.65744 -6.4224496 -1.7202636
21.670273 -5.3038793 -1.6989639
21.676348 -4.7542133 -1.6899539
21.682186 -4.2099924 -1.6819966
21.693163 -3.1351781 -1.6691601
21.698299 -2.6032224 -1.6642402
21.70326 -2.0741022 -1.6603003
21.71619 -1.021885 -1.655581
21.721405 -0.49750486 -1.6545808
21.725683 0.026951903 -1.6544746
21.736366 2.1311193 -1.6632216
21.742968 3.1968627 -1.6735901
21.746035 3.7353141 -1.6802751
21.754335 5.3810534 -1.7065817
21.759102 6.5107322 -1.7296047
21.761211 7.0876684 -1.7428648
21.766777 8.8773012 -1.7901579
21.631426 9.4369602 -1.7972319
21.39748 9.9560461 -1.797232
21.151054 10.469337 -1.7972322
20.892382 10.976538 -1.7972323
20.338652 11.971433 -1.7972323
20.043926 12.458593 -1.7972323
19.090508 13.875442 -1.797232
18.750214 14.331941 -1.7972319
16.889257 16.484112 -1.7972302
16.486679 16.886732 -1.7972298
16.074511 17.279551 -1.7972292
15.652949 17.662336 -1.7972287
15.222304 18.034771 -1.7972281
14.782832 18.396732 -1.7972274
14.334706 18.747993 -1.7972267
13.878281 19.088339 -1.7972261
12.941464 19.735518 -1.7972245
11.974453 20.336725 -1.7972229
11.480331 20.619677 -1.7972219
7.8512301 22.255836 -1.7972146
7.3120313 22.438768 -1.7972134
6.7685742 22.608591 -1.7972121
6.221211 22.765305 -1.7972109
5.6702538 22.90871 -1.7972096
4.5586915 23.155497 -1.797207
3.9987304 23.258692 -1.7972056
2.8722265 23.424494 -1.7972027
2.3063281 23.486935 -1.7972014
1.1707813 23.570801 -1.7971983
0.60179687 23.59219 -1.7971967
0.032519531 23.5998 -1.7971952
-0.53681642 23.593714 -1.7971938
-1.5442773 21.713703 -1.6577396
-2.5695508 21.445038 -1.6447847
-3.0861719 21.376778 -1.6447831
-4.6448631 21.193146 -1.6522274
-7.663496 20.328106 -1.6543969
-8.6321678 19.928127 -1.6538389
-10.045312 19.241442 -1.6529597
-11.845429 18.173019 -1.6519607
-12.27914 17.880205 -1.6517956
-13.124453 17.263493 -1.6514496
-13.535625 16.939993 -1.6512687
-13.938769 16.606676 -1.6510829
-4.6352735 5.2593908 -0.53386855
-4.7596092 5.1447654 -0.53373587
-15.097871 15.549702 -1.6504959
-15.826327 14.799652 -1.6500813
-16.17662 14.41167 -1.6498675
-16.848515 13.611095 -1.6494377
-17.781523 12.352063 -1.648769
-7.2749801 4.3091908 -0.6439063
-7.2792969 4.0778065 -0.63539356
-8.2766018 4.1252241 -0.70423806
-10.119102 4.1595359 -0.83316392
-10.894511 4.1739759 -0.88845456
-11.780742 4.1904788 -0.9522016
-12.523145 4.1170173 -1.0038849
-15.394649 4.2501512 -1.2162035
-17.109081 4.2820749 -1.3430936
-19.225233 4.3216715 -1.5005894
-21.179707 4.2269421 -1.6447062
-21.275469 3.7147753 -1.6447051
-21.358925 3.2004938 -1.6447041
-21.429863 2.6842992 -1.644703
-23.479492 2.3672986 -1.7970968
-23.566309 1.2320483 -1.7970948
-23.593632 -0.47538817 -1.7970921
-23.543203 -1.6128384 -1.7970904
-23.49744 -2.180325 -1.7970895
-23.437988 -2.7465367 -1.7970889
-23.364922 -3.3111565 -1.7970881
-23.178007 -4.4342694 -1.797087
-23.064257 -4.9921236 -1.7970862
-22.937128 -5.5470653 -1.7970856
-22.475996 -7.1912389 -1.7970843
-22.295977 -7.7313476 -1.797084
-20.040234 -8.0517015 -1.6446896
-19.840097 -8.5327864 -1.6446894
-18.925606 -10.404792 -1.644689
-19.80291 -12.834536 -1.7970827
-19.487558 -13.308514 -1.7970828
-19.16082 -13.774754 -1.7970829
-18.822929 -14.232973 -1.7970831
-18.47418 -14.682893 -1.7970834
-17.364042 -15.980416 -1.7970843
-16.973457 -16.394661 -1.7970848
-15.743437 -17.579176 -1.7970862
-15.314707 -17.953854 -1.7970867
-14.877168 -18.318081 -1.7970873
-14.430976 -18.671669 -1.7970881
-13.976328 -19.014364 -1.7970887
-13.513633 -19.345989 -1.7970895
-13.042988 -19.666357 -1.7970903
-12.564746 -19.975311 -1.7970911
-12.079238 -20.272615 -1.797092
-11.586621 -20.558115 -1.7970929
-11.087382 -20.831713 -1.7970937
-10.069668 -21.342255 -1.7970958
-9.5518751 -21.57896 -1.7970968
-9.0285549 -21.80311 -1.7970979
-8.5 -22.014545 -1.797099
-7.353652 -22.173847 -1.779042
-6.7682614 -22.186357 -1.7664263
-6.1922264 -22.203814 -1.75541
-5.6369333 -22.276201 -1.7498673
-4.5774803 -22.629019 -1.7581694
-2.9939647 -23.408016 -1.797112
-0.72457027 -23.587704 -1.7971178
-0.15533203 -23.598314 -1.7971194
2.1192381 -23.503593 -1.7971257
2.6855664 -23.445629 -1.7971274
3.2504101 -23.374062 -1.797129
4.9322267 -23.077845 -1.797134
6.5882225 -22.66082 -1.7971394
7.6735544 -22.316742 -1.7971429
8.2096682 -22.125143 -1.7971445
8.7410345 -21.920654 -1.7971464
9.2673044 -21.703442 -1.7971482
9.7881832 -21.473598 -1.7971501
10.812578 -20.976557 -1.7971536
11.315469 -20.709597 -1.7971554
11.811796 -20.430607 -1.7971573
12.30123 -20.139748 -1.7971591
12.783515 -19.837141 -1.7971609
13.725488 -19.19755 -1.7971644
14.184589 -18.860855 -1.7971662
14.635508 -18.513205 -1.7971681
15.077831 -18.154753 -1.7971698
16.351231 -17.016993 -1.797175
16.756971 -16.617588 -1.797177
17.153008 -16.208563 -1.7971786
18.280254 -14.9257 -1.7971838
18.978926 -14.026687 -1.7971872
19.311815 -13.56475 -1.7971889
19.633436 -13.094928 -1.7971903
21.066679 -10.637163 -1.7971983
21.317186 -10.125878 -1.7971998
21.624784 -9.0208197 -1.7843274
21.632675 -8.417367 -1.7677062
21.647539 -7.241724 -1.7383175
21.66119 -6.1017199 -1.7137562
21.679688 -4.4442782 -1.6853027
21.696093 -2.8324676 -1.666243
21.701172 -2.3021855 -1.6618816
21.713692 -1.2485937 -1.6562924
21.719257 -0.72383511 -1.6549028
21.723946 -0.19956695 -1.6544096
21.734844 1.9026715 -1.6614996
21.7383 2.4326751 -1.6657664
21.741602 2.9656944 -1.6710165
21.747715 4.0433536 -1.6845307
21.753202 5.1409874 -1.7022023
21.760311 6.8375549 -1.7369932
21.762363 7.4196019 -1.7509409
21.766073 8.6137447 -1.782625
21.728554 9.2111778 -1.7972317
21.5 9.7326727 -1.797232
21.258984 10.248505 -1.7972322
21.005527 10.758371 -1.7972323
20.462187 11.759025 -1.7972323
20.17252 12.249228 -1.7972323
19.558262 13.207965 -1.7972322
19.233925 13.675917 -1.797232
18.898438 14.135917 -1.7972319
18.551914 14.587728 -1.7972317
17.82666 15.465559 -1.7972311
17.448399 15.891091 -1.7972306
17.059961 16.307358 -1.7972304
15.836035 17.498381 -1.7972288
15.409238 17.875292 -1.7972283
14.973535 18.241823 -1.7972277
14.52914 18.597727 -1.797227
14.076289 18.942818 -1.7972264
13.615214 19.276875 -1.7972256
12.669551 19.911142 -1.797224
12.185547 20.210983 -1.7972232
11.694394 20.499027 -1.7972223
11.196485 20.775181 -1.7972213
10.181367 21.290985 -1.7972194
9.1425781 21.75724 -1.7972174
8.0824995 22.17289 -1.7972151
7.5453711 22.361385 -1.7972139
4.2407422 23.215832 -1.7972063
3.679492 23.311335 -1.7972049
3.116035 23.393318 -1.7972035
2.5507617 23.461718 -1.797202
1.4161913 23.557369 -1.797199
0.84748048 23.584641 -1.7971976
-0.29107422 23.598036 -1.7971944
-1.4289649 23.556448 -1.7971913
-1.8274804 21.521015 -1.6447868
-2.3461132 21.470669 -1.6447854
-5.5759177 15.752788 -1.6517808
-5.954824 15.615134 -1.6519313
-6.6993942 15.305906 -1.6515176
-7.7855272 14.775296 -1.6508402
-8.1385155 14.581081 -1.650606
-8.4867182 14.378447 -1.6503682
-9.1676559 13.948266 -1.6498816
-10.14916 13.244738 -1.6493746
-10.464844 12.994931 -1.649235
-10.774355 12.737583 -1.6490916
-11.947128 11.635839 -1.6484805
-12.223125 11.343143 -1.6483189
-12.491992 11.043877 -1.6481539
-13.492441 9.7848186 -1.6474789
-13.723125 9.4554701 -1.6473041
-13.945703 9.1206884 -1.6471266
-7.2712498 4.5089536 -0.8457092
-7.6909957 4.0303893 -0.85829097
-8.3591213 4.126626 -0.92147237
-9.5367384 4.148541 -1.0280052
-11.026152 4.1762576 -1.1654547
-11.932031 4.1931148 -1.2501484
-12.681758 4.1156373 -1.317899
-14.182558 4.2273679 -1.4628464
-16.05584 4.3668065 -1.6447204
-16.247753 3.5872846 -1.6447186
-16.401855 2.7994232 -1.6447169
-16.522011 2.4113097 -1.6504487
-18.048281 2.1908233 -1.7971115
-18.132929 1.3177459 -1.79711
-18.159433 0.87992311 -1.797109
-18.175371 0.44157958 -1.7971084
-18.180723 0.003001709 -1.7971077
-18.175507 -0.43558228 -1.7971069
-18.159727 -0.87391078 -1.7971063
-18.133339 -1.3117406 -1.7971057
-18.096405 -1.748804 -1.7971051
-18.048964 -2.1848516 -1.7971045
-17.990957 -2.619627 -1.797104
-17.843691 -3.4843395 -1.7971029
-17.754395 -3.9137828 -1.7971026
-17.654823 -4.34094 -1.7971022
-17.42494 -5.1874342 -1.7971014
-17.294668 -5.6062756 -1.7971011
-17.003672 -6.4340258 -1.7971007
-16.674004 -7.246604 -1.7971002
-16.305079 -8.0424147 -1.7970998
-15.464706 -8.0974426 -1.7255056
-14.643398 -8.1234217 -1.6552601
-14.351093 -8.4202662 -1.6447047
-13.928223 -9.1026716 -1.6447047
-13.472949 -9.7638731 -1.6447048
-12.152577 -10.225376 -1.5698997
-12.469453 -11.01663 -1.6447057
-12.718691 -12.991189 -1.7971019
-12.40164 -13.294233 -1.7971022
-11.407832 -14.156272 -1.7971035
-11.063007 -14.427346 -1.7971041
-10.711719 -14.690052 -1.7971046
-10.354258 -14.944184 -1.7971052
-9.9907026 -15.189619 -1.7971058
-9.6213865 -15.426207 -1.7971064
-9.2464447 -15.653827 -1.7971071
-8.8661518 -15.872336 -1.7971078
-8.4806252 -16.081615 -1.7971085
-7.6951561 -16.471966 -1.7971101
-7.2955074 -16.652826 -1.7971109
-6.8916798 -16.82398 -1.7971117
-6.4838085 -16.985363 -1.7971126
-6.0721679 -17.136806 -1.7971134
-5.6570311 -17.278301 -1.7971144
-5.238574 -17.409784 -1.7971153
-4.8170309 -17.53109 -1.7971162
-4.3927341 -17.642197 -1.7971172
-3.1054492 -17.91371 -1.7971203
-2.6723633 -17.983412 -1.7971214
-1.3649414 -18.12961 -1.7971247
-0.9271875 -18.157257 -1.7971259
-0.48888671 -18.174387 -1.797127
-0.050292969 -18.180918 -1.7971282
0.38830078 -18.176838 -1.7971295
0.8266992 -18.162182 -1.7971307
1.2645898 -18.136976 -1.7971319
1.7017382 -18.101194 -1.7971333
2.5728126 -17.998066 -1.7971357
3.4379687 -17.853092 -1.7971383
3.8676758 -17.764957 -1.7971396
5.9773631 -17.170479 -1.7971464
6.7985935 -16.86223 -1.7971492
7.2034178 -16.69331 -1.7971505
8.0002146 -16.326479 -1.7971532
8.391758 -16.128754 -1.7971547
8.7783785 -15.921619 -1.7971562
9.9068165 -15.245167 -1.7971603
10.271719 -15.001761 -1.7971617
10.630586 -14.749608 -1.797163
10.9833 -14.488889 -1.7971644
12.002382 -13.656699 -1.7971685
13.558672 -12.113178 -1.7971753
14.127148 -11.445117 -1.797178
15.164238 -10.030701 -1.797183
15.401796 -9.6619635 -1.7971842
16.261152 -8.1329842 -1.7971891
16.452637 -7.7383561 -1.7971902
16.63455 -7.3392029 -1.7971914
17.264355 -5.7022738 -1.7971957
17.396894 -5.2841339 -1.7971967
17.733496 -4.012259 -1.7971997
17.825136 -3.583288 -1.7972006
18.08744 -1.8490853 -1.7972041
18.126856 -1.4122119 -1.7972049
18.155643 -0.97454435 -1.7972058
18.181522 -0.097679444 -1.7972071
18.178574 0.3409619 -1.797208
18.165098 0.77939755 -1.7972085
18.106386 1.6546612 -1.7972097
18.061211 2.0909722 -1.7972103
17.939316 2.9596984 -1.7972114
17.452812 5.0969605 -1.7972136
17.324766 5.5165 -1.7972139
16.535078 7.5612426 -1.797215
16.34787 7.9579358 -1.7972151
16.151114 8.3499928 -1.7972151
15.72957 9.1192999 -1.7972152
15.028926 10.232906 -1.7972151
14.517871 10.94588 -1.7972147
14.24959 11.292922 -1.7972146
13.395605 12.293779 -1.7972139
13.095098 12.613361 -1.7972136
12.471503 13.230294 -1.7972128
12.148671 13.527306 -1.7972124
10.432558 14.890931 -1.7972099
10.070273 15.138265 -1.7972093
9.3283987 15.606352 -1.7972081
8.564785 16.038115 -1.7972065
7.3825583 16.615461 -1.7972043
6.9795704 16.788721 -1.7972035
6.5725193 16.952185 -1.7972026
5.7472458 17.249462 -1.7972007
5.329453 17.383068 -1.7971998
4.908535 17.506575 -1.7971989
4.4848046 17.619894 -1.7971979
4.0584373 17.722939 -1.7971969
3.629668 17.815725 -1.7971959
2.331836 18.031467 -1.7971927
1.8961718 18.082451 -1.7971916
1.0217968 18.152866 -1.7971892
0.58357424 18.172207 -1.797188
0.14501953 18.180973 -1.797187
-0.29357421 18.179163 -1.7971858
-1.8705859 16.534216 -1.6447787
-2.6658788 16.424728 -1.6447765
-3.0613282 16.355608 -1.6447752
-3.4549999 16.277002 -1.644774
-3.848418 16.196363 -1.6455297
-4.2461915 16.129883 -1.6487068
-4.6416016 16.048769 -1.6513815
-5.4113474 15.809355 -1.6517134
-6.5400195 15.375705 -1.6516119
-8.6823435 14.259548 -1.6502312
-9.02248 14.043885 -1.6499877
-9.3572264 13.820069 -1.6497407
-9.6868744 13.588902 -1.6495677
-10.011074 13.350176 -1.6494337
-4.6202149 5.3125768 -0.69593871
-11.539746 12.043103 -1.6487058
-12.376836 11.173834 -1.6482255
-12.641503 10.870903 -1.6480588
-12.898769 10.561712 -1.6478915
-13.148477 10.246435 -1.6477239
-13.624512 9.5982981 -1.6473799
-13.850644 9.2658434 -1.6472037
-7.2781444 4.1404924 -0.82768548
-7.493125 4.0267062 -0.84083998
-8.1361713 4.1224766 -0.90157616
-9.9230661 4.1557298 -1.063406
-10.671894 4.1696653 -1.1325405
-13.62791 4.2170458 -1.4100903
-14.979707 4.2421994 -1.5389227
-16.11418 4.1462321 -1.64472
-16.209551 3.7562871 -1.644719
-16.295391 3.3641491 -1.6447182
-18.02453 2.378643 -1.797112
-18.07662 1.943128 -1.797111
-18.118242 1.5064893 -1.7971102
-18.149317 1.0689709 -1.7971095
-18.169785 0.6308459 -1.7971088
-18.179062 -0.24628632 -1.7971072
-18.113632 -1.5602667 -1.7971053
-18.070742 -1.9967812 -1.7971047
-17.79418 -3.7286882 -1.7971028
-17.216171 -5.8429031 -1.7971009
-17.070215 -6.2565274 -1.7971007
-16.914316 -6.666481 -1.7971005
-16.387909 -7.8721905 -1.7971001
-15.841035 -8.0854845 -1.7580154
-14.98959 -8.1124916 -1.6847497
-14.234258 -8.6162615 -1.6447047
-14.022265 -8.9571333 -1.6447047
-13.80207 -9.292799 -1.6447048
-13.337792 -9.9477034 -1.6447051
-13.093965 -10.266567 -1.6447052
-12.305254 -10.136898 -1.5759033
-12.583515 -10.886191 -1.6447057
-12.85332 -12.858034 -1.7971017
-11.889805 -13.753872 -1.7971029
-11.212636 -14.311367 -1.7971039
-10.509316 -14.835546 -1.797105
-9.7814846 -15.325188 -1.7971061
-8.6476364 -15.992433 -1.7971083
-7.86625 -16.390944 -1.7971098
-7.0665035 -16.751299 -1.7971113
-6.6603708 -16.916887 -1.7971122
-6.2503123 -17.072643 -1.7971129
-5.8366208 -17.218456 -1.7971139
-4.9993358 -17.47998 -1.7971159
-4.1503906 -17.700792 -1.7971178
-3.7222264 -17.795767 -1.7971188
-3.2918162 -17.880404 -1.7971199
-2.8595116 -17.954607 -1.7971209
-1.9901757 -18.071634 -1.7971232
-1.5536327 -18.11441 -1.7971243
1.9498047 -18.076176 -1.7971339
3.6824608 -17.804266 -1.797139
4.5369139 -17.605928 -1.7971418
4.9603124 -17.491377 -1.7971432
5.798203 -17.231785 -1.7971458
6.2122459 -17.08692 -1.7971472
7.8297653 -16.408899 -1.7971526
8.9958792 -15.799746 -1.7971569
9.7475386 -15.347506 -1.7971597
10.114942 -15.107905 -1.7971611
10.476484 -14.859502 -1.7971624
11.180957 -14.336925 -1.7971652
12.188516 -13.490842 -1.7971693
12.510488 -13.192906 -1.7971706
12.825058 -12.887287 -1.7971721
13.132265 -12.574162 -1.7971734
14.007226 -11.591587 -1.7971774
14.550019 -10.90251 -1.7971799
14.808788 -10.548355 -1.7971812
15.058965 -10.188072 -1.7971824
15.300351 -9.8218288 -1.7971838
15.532851 -9.4498663 -1.7971851
15.970586 -8.6896591 -1.7971874
16.175606 -8.3018703 -1.7971885
16.371172 -7.9092503 -1.7971897
16.557207 -7.5120163 -1.7971908
16.900234 -6.7046776 -1.7971931
17.05711 -6.2950397 -1.7971941
17.340899 -5.4649925 -1.7971963
17.584354 -4.6221766 -1.7971983
17.690722 -4.1966825 -1.7971992
17.872578 -3.3385329 -1.7972012
18.012793 -2.4725893 -1.7972028
18.067265 -2.0373383 -1.7972038
18.144512 -1.1635162 -1.7972053
18.167305 -0.72547179 -1.797206
18.179531 -0.28698364 -1.7972069
18.172226 0.59020138 -1.7972082
18.152676 1.0284271 -1.7972088
18.122597 1.4660406 -1.7972096
17.897051 3.20541 -1.7972118
17.721621 4.0649018 -1.7972126
17.504921 4.9149442 -1.7972134
16.949942 6.5787635 -1.7972145
16.786327 6.9857407 -1.7972146
16.612909 7.3886595 -1.7972147
16.429823 7.7872753 -1.797215
15.134648 10.075857 -1.7972151
14.887187 10.438027 -1.797215
14.366426 11.143923 -1.7972146
14.093418 11.487258 -1.7972145
13.812148 11.823894 -1.7972143
13.22578 12.476314 -1.7972137
12.288886 13.400065 -1.7972126
11.96205 13.692601 -1.7972121
11.628262 13.977195 -1.7972118
11.287695 14.253645 -1.7972113
9.8617964 15.274936 -1.797209
9.4904099 15.508371 -1.7972082
7.9519138 16.350632 -1.7972054
7.5551953 16.537703 -1.7972045
6.3394918 17.040712 -1.7972021
5.9265623 17.188684 -1.7972012
4.6680079 17.572247 -1.7971983
4.2427344 17.679712 -1.7971973
3.3850391 17.863754 -1.7971952
2.9531054 17.940214 -1.7971941
2.519453 18.006218 -1.7971931
2.0843554 18.061749 -1.7971921
1.6480664 18.106749 -1.797191
-1.4187695 18.126091 -1.7971826
-1.6983007 16.552816 -1.6447793
-2.0971289 16.507004 -1.6447781
-2.4946876 16.451591 -1.6447768
-3.2853124 16.312094 -1.6447746
-3.677871 16.22809 -1.6447734
-4.4718552 16.087717 -1.6505089
-5.2462111 15.864172 -1.6516443
-6.006289 15.59529 -1.6519189
-6.7497263 15.283448 -1.6514876
-7.1155272 15.114127 -1.6512654
-7.4770117 14.936036 -1.6510388
-7.8340621 14.749247 -1.6508082
-9.8718548 13.454165 -1.649492
-10.816172 12.701818 -1.6490716
-4.8515429 5.1698585 -0.70080084
-12.260332 11.302595 -1.6482965
-12.788652 10.69591 -1.6479626
-13.04164 10.38324 -1.6477968
-13.524433 9.7400961 -1.6474551
-13.975527 9.0744762 -1.6471021
-7.3031249 4.02317 -0.82417822
-8.9966402 4.1384892 -0.97886413
-11.142754 4.1784277 -1.1763145
-16.070137 4.3138056 -1.6447203
-16.25955 3.5336614 -1.6447186
-16.340019 3.1403778 -1.6447177
-16.856426 2.4033337 -1.6830589
-18.101601 1.695067 -1.7971106
-18.162266 0.82001096 -1.797109
-18.176739 0.38162047 -1.7971083
-18.180624 -0.056981198 -1.7971075
-18.174004 -0.49554351 -1.7971069
-18.156738 -0.93382597 -1.7971063
-18.128925 -1.371568 -1.7971056
-18.090527 -1.8085085 -1.7971051
-18.041639 -2.2443979 -1.7971045
-17.741367 -3.9723406 -1.7971025
-17.52914 -4.8234544 -1.7971017
-17.407675 -5.244915 -1.7971014
-17.276093 -5.6633286 -1.7971011
-17.134375 -6.0784354 -1.7971008
-16.650019 -7.3015838 -1.7971002
-16.468885 -7.7011204 -1.7971001
-16.231855 -8.0730343 -1.7919629
-14.53623 -8.1268005 -1.6461663
-14.114746 -8.8106384 -1.6447047
-13.673359 -9.481184 -1.6447048
-13.440663 -9.808279 -1.6447051
-13.200117 -10.129664 -1.6447052
-12.104004 -10.252938 -1.5679899
-12.433027 -11.057719 -1.6447058
-12.162656 -11.354431 -1.6447059
-12.6758 -13.033078 -1.7971019
-12.032402 -13.629316 -1.7971028
-11.700136 -13.915617 -1.7971033
-11.015332 -14.463776 -1.7971041
-10.304902 -14.978265 -1.7971053
-9.940547 -15.2225 -1.797106
-9.5704098 -15.457874 -1.7971066
-9.194746 -15.684255 -1.7971072
-8.4275389 -16.10952 -1.7971085
-8.0364647 -16.308151 -1.7971094
-7.6407223 -16.497274 -1.7971101
-7.2405272 -16.676819 -1.797111
-6.8361325 -16.846622 -1.7971117
-6.4277539 -17.006639 -1.7971127
-6.0156054 -17.156746 -1.7971137
-5.1810937 -17.426981 -1.7971154
-3.907285 -17.756042 -1.7971183
-3.4778125 -17.845135 -1.7971194
-3.0463281 -17.923859 -1.7971205
-2.6130273 -17.992134 -1.7971215
-2.1782422 -18.049934 -1.7971226
-1.7421484 -18.097254 -1.7971238
-1.3051367 -18.134016 -1.7971249
-0.86726558 -18.160246 -1.7971262
-0.42888671 -18.175905 -1.7971272
0.0097070308 -18.180986 -1.7971284
0.44824219 -18.175461 -1.7971296
0.88660157 -18.159357 -1.7971308
3.0654101 -17.920773 -1.7971373
3.92625 -17.752098 -1.7971399
4.3533592 -17.652216 -1.7971412
5.1997266 -17.421715 -1.7971439
5.6184568 -17.291229 -1.7971452
6.0339451 -17.150663 -1.7971466
6.4459567 -17.000128 -1.797148
6.8542771 -16.839682 -1.7971493
7.2585545 -16.669436 -1.7971507
8.0540228 -16.300009 -1.7971536
8.4449215 -16.100979 -1.7971549
9.9570704 -15.212395 -1.7971605
10.321172 -14.967797 -1.7971618
11.376504 -14.182271 -1.797166
11.715351 -13.903696 -1.7971673
12.047363 -13.617033 -1.7971687
13.303437 -12.39292 -1.7971742
13.598535 -12.068377 -1.7971755
13.885703 -11.736818 -1.7971768
14.164784 -11.39845 -1.7971781
14.95205 -10.344317 -1.797182
15.433613 -9.6110888 -1.7971845
15.879238 -8.8554926 -1.7971869
16.088242 -8.4698458 -1.797188
16.478065 -7.684021 -1.7971903
16.658672 -7.284265 -1.7971916
16.829571 -6.8802867 -1.7971927
17.141836 -6.060545 -1.7971948
17.283106 -5.6452684 -1.7971959
17.414238 -5.226727 -1.7971969
17.535234 -4.8051105 -1.7971978
17.836874 -3.5244784 -1.7972007
18.045057 -2.2253706 -1.7972033
18.131426 -1.3524096 -1.797205
18.181757 -0.037697755 -1.7972074
18.177382 0.4009265 -1.797208
18.100821 1.7143878 -1.7972099
18.05418 2.1505506 -1.7972103
17.99707 2.5854578 -1.7972109
17.929472 3.0188549 -1.7972114
17.851387 3.4505029 -1.7972119
17.762968 3.8801501 -1.7972124
17.435898 5.1545177 -1.7972136
17.306484 5.5736327 -1.7972139
17.167011 5.9895139 -1.7972142
16.858164 6.8105712 -1.7972146
16.510019 7.6157737 -1.797215
16.321524 8.0118427 -1.7972151
16.123476 8.4032459 -1.7972151
15.473594 9.5471859 -1.7972152
15.238789 9.9176912 -1.7972151
14.995097 10.282412 -1.7972151
14.742695 10.641154 -1.797215
13.934511 11.679409 -1.7972143
12.744316 12.967692 -1.7972131
12.427773 13.271364 -1.7972128
11.435527 14.135324 -1.7972114
11.091171 14.407069 -1.7972109
10.74043 14.670442 -1.7972103
10.020331 15.171405 -1.7972091
9.6514063 15.408701 -1.7972085
8.1217384 16.266945 -1.7972058
6.105195 17.126041 -1.7972016
4.426621 17.634581 -1.7971978
3.5708787 17.827602 -1.7971957
3.1397655 17.908491 -1.7971946
2.7068164 17.979021 -1.7971935
0.52359372 18.174015 -1.7971879
-0.35359374 18.178091 -1.7971857
-0.79199219 18.164272 -1.7971845
-1.2299414 18.139879 -1.797183
-1.5725781 17.077053 -1.6951497
-2.3232422 16.476677 -1.6447775
-2.7200584 16.41584 -1.6447762
-4.3005271 16.120039 -1.6491406
-4.6945701 16.033596 -1.6514051
-5.0805078 15.917302 -1.651574
-5.8434372 15.656679 -1.6518878
-6.219121 15.510329 -1.651798
-6.5906053 15.353777 -1.6515821
-6.9581833 15.188299 -1.6513618
-8.0349798 14.639236 -1.6506754
-9.7315426 13.556694 -1.6495495
-10.68373 12.814229 -1.6491343
-4.7374024 5.1547618 -0.69202942
-12.14248 11.430143 -1.6483669
-12.413457 11.132792 -1.6482029
-12.677129 10.828989 -1.6480337
-12.933398 10.518964 -1.6478689
-13.182012 10.202843 -1.6477008
-13.655879 9.5531597 -1.6473559
-13.880918 9.2199669 -1.6471792
-7.2699413 4.5800581 -0.84932494
-7.2743945 4.3413267 -0.83736128
-7.2787304 4.1090946 -0.82620728
-8.7454491 4.1338153 -0.95616573
-10.020078 4.157536 -1.0723242
-13.799316 4.2202363 -1.426376
-16.127811 4.0930266 -1.6447198
-16.381523 2.9160199 -1.6447172
-18.032246 2.3191509 -1.7971117
-18.082949 1.8834583 -1.7971109
-18.152714 1.0090674 -1.7971094
-18.171797 0.57085019 -1.7971085
-18.178125 -0.30629882 -1.7971072
-18.165468 -0.74473143 -1.7971064
-18.108398 -1.6200186 -1.7971052
-18.064024 -2.0563943 -1.7971046
-18.00914 -2.4915612 -1.7971041
-17.781816 -3.7873735 -1.7971026
-17.578417 -4.6406441 -1.7971019
-17.461407 -5.0633521 -1.7971015
-17.33416 -5.4831119 -1.7971013
-17.196836 -5.8996811 -1.7971009
-16.548203 -7.529211 -1.7971001
-16.361776 -7.926228 -1.7971001
-15.720273 -8.089325 -1.7475618
-14.205761 -8.6631899 -1.6447047
-13.992617 -9.0033674 -1.6447047
-13.771347 -9.3382959 -1.6447048
-13.542089 -9.6677923 -1.6447048
-13.059999 -10.309723 -1.6447052
-12.256738 -10.165013 -1.5739774
-12.547539 -10.927661 -1.6447057
-12.005839 -11.520165 -1.6447061
-12.81082 -12.900394 -1.7971017
-12.495898 -13.205684 -1.7971022
-11.508203 -14.07476 -1.7971034
-11.165351 -14.348278 -1.797104
-10.098516 -15.118154 -1.7971057
-9.7308788 -15.35737 -1.7971063
-8.5948238 -16.020876 -1.7971083
-7.812109 -16.416809 -1.7971098
-7.4137888 -16.600489 -1.7971106
-7.0111718 -16.77453 -1.7971115
-6.1939454 -17.093174 -1.7971132
-5.7797656 -17.237629 -1.797114
-5.3622656 -17.372034 -1.797115
-4.5181251 -17.610504 -1.797117
-3.6634374 -17.807957 -1.7971189
-3.2327733 -17.891169 -1.79712
-1.9305078 -18.078106 -1.7971234
-0.61812496 -18.170452 -1.7971268
-0.17964843 -18.180073 -1.797128
0.25900391 -18.17914 -1.7971292
1.5729492 -18.112841 -1.7971328
2.0094531 -18.069643 -1.797134
2.444746 -18.015917 -1.7971355
2.8786132 -17.951721 -1.7971367
3.3108788 -17.877075 -1.797138
5.4381442 -17.348806 -1.7971448
5.8550391 -17.212568 -1.797146
6.6784177 -16.910179 -1.7971487
7.0844727 -16.744162 -1.7971501
7.4863477 -16.56838 -1.7971516
8.2767773 -16.188025 -1.7971543
9.4257612 -15.547119 -1.7971585
11.569981 -14.024924 -1.7971668
11.904922 -13.741728 -1.7971683
12.233007 -13.450562 -1.7971694
13.173652 -12.530755 -1.7971736
13.472129 -12.209307 -1.7971749
13.762753 -11.880756 -1.7971761
15.332656 -9.7712936 -1.797184
15.563926 -9.3985643 -1.7971852
15.786133 -9.0203781 -1.7971864
16.581894 -7.4573517 -1.797191
16.756992 -7.0551767 -1.7971922
16.922304 -6.6488867 -1.7971933
17.077831 -6.2387314 -1.7971944
17.223301 -5.8249364 -1.7971954
17.358868 -5.4077597 -1.7971965
17.599453 -4.5641489 -1.7971984
17.799179 -3.7099943 -1.7972004
17.883535 -3.2795329 -1.7972014
18.170156 0.650177 -1.7972083
18.149199 1.0883203 -1.797209
17.959942 2.8320165 -1.7972113
17.886347 3.264456 -1.7972118
17.603497 4.5493298 -1.797213
17.488613 4.9726658 -1.7972134
17.363573 5.3931065 -1.7972137
17.083261 6.2243371 -1.7972143
16.928183 6.6346445 -1.7972145
16.404043 7.8414364 -1.797215
16.006718 8.623539 -1.7972151
15.794063 9.0071735 -1.7972152
15.572167 9.3855677 -1.7972152
15.341191 9.7584896 -1.7972151
14.32957 11.191272 -1.7972146
13.773086 11.869398 -1.7972142
13.482734 12.198182 -1.797214
13.184472 12.519894 -1.7972137
12.878652 12.834303 -1.7972132
12.565312 13.141246 -1.797213
11.58205 14.015491 -1.7972115
11.240605 14.290815 -1.7972112
10.892578 14.557818 -1.7972107
10.538203 14.816347 -1.7972101
9.0615816 15.762775 -1.7972075
8.2907228 16.181484 -1.797206
7.8979688 16.376772 -1.7972053
7.5005856 16.562519 -1.7972045
7.0988474 16.738646 -1.7972037
6.2832422 17.061535 -1.797202
5.4529295 17.34473 -1.7972001
5.0329685 17.47122 -1.7971992
4.6100388 17.587545 -1.7971983
4.1844139 17.693613 -1.7971972
3.7563281 17.789423 -1.7971961
3.3260937 17.874826 -1.7971951
2.8939257 17.949863 -1.7971941
2.4600389 18.014429 -1.7971929
2.0247655 18.068506 -1.7971919
1.5882813 18.112095 -1.7971908
-0.60283202 18.171535 -1.7971848
-1.4785742 18.121305 -1.7971824
-2.151582 16.499977 -1.6447779
-3.33916 16.301161 -1.6447744
-4.1290622 16.150526 -1.647771
-6.4307227 15.422465 -1.6516758
-6.7999997 15.260818 -1.6514574
-8.9227343 14.108326 -1.6500599
-9.2591009 13.886898 -1.649814
-10.236133 13.177155 -1.6493368
-10.85791 12.665895 -1.6490517
-11.454082 12.125224 -1.6487514
-12.02332 11.556432 -1.6484365
-12.297421 11.261921 -1.6482741
-12.823691 10.65351 -1.6479405
-13.075644 10.339998 -1.6477737
-13.319882 10.02052 -1.647604
-13.556309 9.69526 -1.6474313
-14.005156 9.0281734 -1.6470776
-7.3625193 4.0242763 -0.82937843
-9.7193947 4.1519408 -1.0447167
-10.441153 4.1653709 -1.1111716
-11.261484 4.1806364 -1.1873912
-16.084316 4.2607617 -1.6447201
-16.271055 3.4799957 -1.6447184
-16.350273 3.0864551 -1.6447176
-16.419981 2.6911187 -1.6447167
-17.261679 2.4030297 -1.7227154
-18.062344 2.0716765 -1.7971113
-18.14123 1.1980419 -1.7971096
-18.17787 0.32163268 -1.7971082
-18.172245 -0.5555203 -1.7971067
-18.084454 -1.8681964 -1.797105
-18.034161 -2.3039207 -1.7971044
-17.97332 -2.7383025 -1.7971039
-17.820272 -3.6020281 -1.7971029
-17.625801 -4.4573698 -1.797102
-17.513124 -4.8812728 -1.7971017
-17.390293 -5.3023343 -1.7971014
-17.257284 -5.7203026 -1.7971011
-17.114277 -6.1349478 -1.7971008
-16.961329 -6.5459876 -1.7971005
-16.625858 -7.3564706 -1.7971002
-16.443378 -7.7554073 -1.7971001
-16.106464 -8.077033 -1.7810459
-14.085625 -8.8571634 -1.6447047
-13.867812 -9.1943798 -1.6447047
-13.408222 -9.8525667 -1.6447051
-13.16664 -10.173158 -1.6447052
-12.410254 -10.076054 -1.5801301
-12.396484 -11.098677 -1.6447058
-12.125156 -11.394502 -1.6447061
-12.944433 -12.766293 -1.7971015
-12.632753 -13.074842 -1.797102
-12.313652 -13.37579 -1.7971023
-11.987363 -13.668954 -1.7971028
-11.65414 -13.954155 -1.7971033
-11.314121 -14.231256 -1.7971036
-10.967539 -14.500053 -1.7971044
-10.61459 -14.760426 -1.7971047
-9.5193548 -15.489375 -1.7971066
-9.1429291 -15.714511 -1.7971073
-8.7612305 -15.930507 -1.7971079
-7.9825974 -16.334585 -1.7971095
-7.5862498 -16.522398 -1.7971102
-6.7805076 -16.869083 -1.797112
-5.9589844 -17.176498 -1.7971138
-4.7012696 -17.562494 -1.7971165
-4.2762303 -17.67082 -1.7971176
-3.8487108 -17.768837 -1.7971185
-2.9871874 -17.933809 -1.7971206
-2.5536523 -18.000658 -1.7971216
-1.6824805 -18.102903 -1.797124
-1.2452929 -18.138222 -1.7971251
-0.36896482 -18.177216 -1.7971275
1.8212109 -18.089567 -1.7971336
3.9848046 -17.739042 -1.79714
4.4116015 -17.637756 -1.7971414
5.6755271 -17.272593 -1.7971455
6.0905662 -17.130653 -1.7971469
6.9097266 -16.817003 -1.7971497
7.7128515 -16.464176 -1.7971524
8.8832417 -15.863351 -1.7971565
9.2633591 -15.644431 -1.7971579
10.007226 -15.17948 -1.7971606
10.727715 -14.679155 -1.7971635
11.078671 -14.416118 -1.7971649
11.423281 -14.14465 -1.7971662
11.761191 -13.864961 -1.7971677
12.092207 -13.577207 -1.797169
14.202343 -11.351639 -1.7971783
14.733339 -10.653418 -1.7971809
14.986133 -10.294919 -1.7971821
15.465234 -9.5600996 -1.7971846
15.691347 -9.1842365 -1.7971858
16.116133 -8.4167089 -1.7971883
16.50334 -7.6295958 -1.7971905
17.011913 -6.4161973 -1.7971939
17.161757 -6.003942 -1.797195
17.301601 -5.5882325 -1.797196
17.431366 -5.1692286 -1.7971971
17.551016 -4.74722 -1.7971979
17.660448 -4.322444 -1.797199
17.759609 -3.8951559 -1.7972
17.848379 -3.4655919 -1.7972009
17.926836 -3.0340161 -1.7972018
17.994764 -2.6006699 -1.7972027
18.099297 -1.7296906 -1.7972044
18.177011 -0.41630951 -1.7972066
18.181776 0.022311401 -1.7972074
18.095058 1.774115 -1.7972099
17.988438 2.6448364 -1.7972109
17.839922 3.509403 -1.797212
17.750097 3.9387486 -1.7972125
17.539433 4.7903118 -1.7972132
17.41877 5.2120323 -1.7972136
17.147129 6.0461349 -1.7972142
16.996269 6.4580297 -1.7972145
16.484804 7.670217 -1.797215
16.29496 8.0656624 -1.7972151
16.095663 8.4564171 -1.7972151
15.886992 8.8422079 -1.7972152
15.669063 9.2228889 -1.7972152
15.442012 9.5981979 -1.7972152
14.445312 11.041439 -1.7972147
14.174766 11.386706 -1.7972145
13.608984 12.057117 -1.797214
13.314179 12.381907 -1.7972137
13.011621 12.699494 -1.7972134
12.383925 13.312304 -1.7972126
12.059199 13.607167 -1.7972124
11.727383 13.894124 -1.7972119
11.043593 14.44359 -1.7972108
10.691934 14.705804 -1.7972103
10.334043 14.959456 -1.7972097
9.6004686 15.440471 -1.7972085
9.2251759 15.667575 -1.7972077
8.4587498 16.094284 -1.7972064
8.0680275 16.293653 -1.7972056
7.672617 16.483551 -1.7972049
6.8686132 16.834419 -1.7972032
4.792871 17.538584 -1.7971987
3.9413867 17.749323 -1.7971966
3.5120702 17.839268 -1.7971956
3.0806835 17.918753 -1.7971946
2.6475389 17.987829 -1.7971934
1.7768164 18.094572 -1.7971913
1.3398046 18.132168 -1.7971901
0.90201169 18.159189 -1.797189
0.025058594 18.18154 -1.7971865
-1.2898242 18.135719 -1.7971829
-1.5889257 16.652756 -1.6535438
-2.3775976 16.468924 -1.6447772
-2.7742381 16.406767 -1.6447761
-3.1691992 16.335052 -1.6447749
-3.5623436 16.253845 -1.6447737
-3.957324 16.179169 -1.6463995
-4.7474999 16.018248 -1.6514288
-6.2701755 15.48945 -1.6517688
-6.6411328 15.331667 -1.6515522
-7.3708787 14.989442 -1.6511061
-7.7293162 14.805206 -1.6508768
-8.4320116 14.411031 -1.650406
-9.447793 13.757379 -1.6496623
-10.415332 13.034938 -1.6492574
-10.725821 12.778767 -1.6491145
-4.6348243 5.258872 -0.69289517
-11.902851 11.681508 -1.6485057
-12.17998 11.389864 -1.6483446
-12.449961 11.091614 -1.6481802
-12.712598 10.786935 -1.6480114
-13.21541 10.159141 -1.6476775
-13.455235 9.8363647 -1.6475062
-13.687148 9.5078945 -1.647332
-7.2705469 4.5470018 -0.8476395
-7.2792969 4.0778065 -0.82473928
-8.2763472 4.1250849 -0.91407365
-11.780195 4.19029 -1.2359033
-16.141249 4.039782 -1.6447196
-16.317265 3.2565184 -1.6447179
-16.391073 2.8619385 -1.6447171
-16.455332 2.4657238 -1.6447163
-18.039804 2.2596631 -1.7971116
-18.089062 1.8238165 -1.7971109
-18.127792 1.3869079 -1.79711
-18.173553 0.51091796 -1.7971084
-18.162889 -0.80464321 -1.7971064
-18.138203 -1.2425659 -1.7971058
-18.000801 -2.5509861 -1.797104
-17.934063 -2.9844904 -1.7971035
-17.769199 -3.8460376 -1.7971026
-17.671249 -4.2735739 -1.7971022
-17.563026 -4.6986308 -1.7971019
-17.444571 -5.1209545 -1.7971014
-17.315937 -5.540288 -1.7971011
-17.028105 -6.369122 -1.7971007
-16.869942 -6.7779746 -1.7971003
-16.701485 -7.1829658 -1.7971002
-14.383046 -8.3654852 -1.6447047
-14.177051 -8.7100306 -1.6447047
-13.962831 -9.0494947 -1.6447047
-12.208379 -10.193042 -1.5720741
-12.511387 -10.968986 -1.6447057
-12.243164 -11.267619 -1.6447059
-11.967773 -11.559701 -1.6447062
-12.768203 -12.942573 -1.7971019
-11.798847 -13.832035 -1.797103
-11.117929 -14.38505 -1.797104
-10.767675 -14.649087 -1.7971046
-10.048594 -15.151396 -1.7971057
-7.7578516 -16.442505 -1.79711
-6.5485935 -16.960472 -1.7971123
-5.3049412 -17.389627 -1.7971151
-4.8839254 -17.512585 -1.797116
-4.033535 -17.727793 -1.7971181
-2.3066211 -18.033978 -1.7971224
-1.8708788 -18.084372 -1.7971236
-0.99642575 -18.153591 -1.7971258
1.1953906 -18.141644 -1.7971318
1.6327147 -18.107553 -1.797133
3.3698437 -17.866072 -1.7971382
3.7998631 -17.779579 -1.7971395
4.6530271 -17.575594 -1.7971421
5.075664 -17.458263 -1.7971435
5.4953513 -17.330765 -1.7971449
6.7342577 -16.888031 -1.7971491
7.1396875 -16.72069 -1.7971504
7.5409765 -16.543587 -1.7971518
7.9379296 -16.356865 -1.7971531
8.3301754 -16.160637 -1.7971545
9.4770308 -15.51593 -1.7971586
9.8485737 -15.282832 -1.79716
10.214395 -15.040816 -1.7971616
10.574316 -14.790031 -1.7971629
11.616211 -13.98666 -1.7971671
11.950214 -13.702366 -1.7971684
12.909785 -12.802412 -1.7971723
13.214883 -12.48727 -1.7971737
13.512343 -12.164839 -1.797175
13.801836 -11.835331 -1.7971765
14.083379 -11.498954 -1.7971777
14.35664 -11.155869 -1.7971791
14.621601 -10.806306 -1.7971803
15.364804 -9.720665 -1.7971841
15.81582 -8.9682627 -1.7971865
16.22998 -8.1949787 -1.7971889
16.422987 -7.8010778 -1.7971901
16.606386 -7.402626 -1.7971911
16.780176 -6.999877 -1.7971923
16.94416 -6.5930347 -1.7971934
17.24246 -5.7681022 -1.7971956
17.614452 -4.506124 -1.7971987
17.811327 -3.6512771 -1.7972004
18.02879 -2.353683 -1.7972032
18.080292 -1.9180762 -1.7972039
18.171659 -0.60558319 -1.7972064
18.181015 -0.16703095 -1.797207
18.16795 0.71008968 -1.7972083
17.694433 4.1817608 -1.7972126
17.588417 4.6073823 -1.7972131
17.345684 5.4503784 -1.7972137
17.209179 5.8672338 -1.797214
16.906153 6.6904759 -1.7972145
16.739843 7.0963659 -1.7972147
16.563808 7.4981298 -1.797215
15.978203 8.6763191 -1.7972152
15.764238 9.059248 -1.7972152
15.541074 9.436904 -1.7972152
13.733828 11.914795 -1.7972142
13.143106 12.563338 -1.7972136
12.836249 12.876735 -1.7972132
12.200175 13.480886 -1.7972125
11.871406 13.771255 -1.797212
11.535742 14.053639 -1.7972115
11.193398 14.327837 -1.7972112
10.844492 14.593686 -1.7972105
10.489258 14.85105 -1.7972101
9.7607422 15.339694 -1.7972088
9.0095119 15.792617 -1.7972075
8.6258984 16.005362 -1.7972066
8.2372265 16.208775 -1.7972059
6.6370897 16.927006 -1.7972027
5.8130274 17.227404 -1.7972009
5.3957419 17.362608 -1.7972
4.9752927 17.487719 -1.797199
4.5519919 17.602648 -1.7971982
4.1260157 17.707317 -1.7971971
3.2671094 17.88571 -1.7971951
2.8346875 17.959311 -1.797194
2.4006445 18.022444 -1.7971928
1.9651366 18.075083 -1.7971917
1.5285547 18.117231 -1.7971907
0.21441406 18.18029 -1.7971872
-1.1008788 18.148167 -1.7971835
-1.5383399 18.116327 -1.7971823
-1.8074609 16.541225 -1.644779
-3.8938866 12.95643 -1.6456808
-4.523828 12.780522 -1.649163
-4.8311524 12.668607 -1.6492848
-5.1357422 12.549262 -1.6494
-6.0309176 12.14726 -1.6497048
-6.3215818 11.997022 -1.6495397
-6.8912692 11.675432 -1.6491569
-7.714746 11.142495 -1.6485604
-7.9802928 10.951783 -1.6483561
-8.2411127 10.754728 -1.6481493
-8.7487698 10.342908 -1.6478605
-4.786582 5.134481 -0.85387081
-9.7017384 9.4489527 -1.6473647
-10.14455 8.9685669 -1.6470997
-10.957812 7.9466953 -1.6465487
-11.326386 7.4076319 -1.6462628
-7.2712498 4.5089531 -1.0407374
-7.2756834 4.2722001 -1.0263176
-7.690742 4.0302577 -1.056187
-8.3588667 4.1264849 -1.1339328
-8.9154291 4.1368361 -1.1955485
-12.860762 4.1736774 -1.6447288
-13.047129 3.5485039 -1.6447275
-13.750097 2.3468237 -1.6967697
-14.66623 1.780285 -1.7971202
-14.773828 0.0024401855 -1.797117
-14.769589 -0.35395661 -1.7971164
-14.756719 -0.71014982 -1.7971159
-14.735292 -1.0659338 -1.7971154
-14.705312 -1.4210892 -1.7971148
-14.564043 -2.4807894 -1.7971137
-14.499941 -2.831408 -1.7971132
-14.427422 -3.1803799 -1.7971128
-14.346464 -3.5274944 -1.7971126
-14.257207 -3.8725526 -1.7971122
-14.053847 -4.5557208 -1.7971116
-13.939843 -4.893404 -1.7971115
-13.817715 -5.2282701 -1.7971113
-13.687558 -5.5600839 -1.797111
-13.549473 -5.8886609 -1.7971109
-13.088163 -6.8530736 -1.7971107
-12.918984 -7.1668234 -1.7971106
-12.742363 -7.476397 -1.7971106
-12.367031 -8.0822992 -1.7971107
-11.845996 -8.1563196 -1.749501
-10.749648 -8.1929388 -1.6440961
-10.552813 -8.4530563 -1.6447151
-10.34584 -8.7051935 -1.6447152
-10.132852 -8.9522219 -1.6447154
-9.9139061 -9.1940489 -1.6447155
-9.4589453 -9.6615534 -1.6447161
-8.7354689 -10.320286 -1.6447171
-8.7044725 -11.937273 -1.7971145
-8.4139452 -12.143784 -1.797115
-7.2047262 -12.89801 -1.7971171
-6.2531052 -13.385243 -1.7971189
-5.6002536 -13.67131 -1.7971203
-4.9343162 -13.925533 -1.7971216
-4.5969334 -14.040524 -1.7971225
-4.2568946 -14.147336 -1.7971232
-3.5695899 -14.336196 -1.7971247
-3.2226954 -14.41815 -1.7971257
-2.5235155 -14.556824 -1.7971274
-2.171582 -14.613466 -1.7971281
-1.818457 -14.661613 -1.797129
-0.75341797 -14.754762 -1.7971318
-0.040878907 -14.773943 -1.7971338
1.3828515 -14.709159 -1.7971377
1.7373047 -14.67155 -1.7971388
2.090703 -14.625368 -1.7971399
2.4429297 -14.570693 -1.797141
3.1428905 -14.435918 -1.7971431
3.8355272 -14.267539 -1.7971452
4.1785936 -14.170861 -1.7971463
5.52457 -13.702346 -1.7971507
7.1333594 -12.93799 -1.7971563
7.7491207 -12.578892 -1.7971586
8.050312 -12.388293 -1.7971597
8.3468552 -12.190499 -1.7971609
8.6384954 -11.985613 -1.7971619
9.2065821 -11.555003 -1.7971643
9.4826174 -11.329542 -1.7971654
10.018085 -10.859009 -1.7971677
11.25205 -9.5745564 -1.797173
11.915 -8.7358341 -1.7971761
12.515527 -7.8513365 -1.7971792
12.701289 -7.5471263 -1.7971803
12.879667 -7.2385325 -1.7971812
13.050586 -6.9257274 -1.7971823
13.213867 -6.6088829 -1.7971832
13.657227 -5.6360388 -1.7971859
13.789199 -5.3049192 -1.7971869
13.913183 -4.9707532 -1.7971876
14.136738 -4.2938957 -1.7971895
14.410254 -3.2603674 -1.7971917
14.550722 -2.5615118 -1.7971933
14.657382 -1.856701 -1.7971946
14.697929 -1.5025707 -1.7971954
14.753301 -0.79188657 -1.7971966
14.768106 -0.43575835 -1.7971972
14.713223 1.3445728 -1.7972
14.631269 2.0526836 -1.7972009
14.515254 2.7560096 -1.7972016
14.365429 3.4529216 -1.7972025
14.277968 3.7984619 -1.7972027
14.182187 4.1417937 -1.7972031
13.845566 5.1565342 -1.7972037
13.717148 5.4890356 -1.7972039
13.580684 5.818346 -1.7972039
13.284258 6.4666162 -1.7972043
13.124394 6.7851987 -1.7972043
12.956894 7.0998411 -1.7972044
12.599355 7.7165318 -1.7972044
12.409531 8.0182285 -1.7972043
12.008359 8.6074448 -1.7972041
11.797187 8.8946199 -1.7972041
11.354472 9.4532909 -1.7972038
10.641113 10.249635 -1.7972031
9.3303518 11.455649 -1.7972014
8.7669525 11.892346 -1.7972006
8.4774609 12.100374 -1.7972001
7.8840036 12.495189 -1.797199
7.5802732 12.681749 -1.7971987
7.2721481 12.860903 -1.7971979
6.6433201 13.196684 -1.7971967
6.3230271 13.353108 -1.7971961
5.6716013 13.642524 -1.7971948
5.0069919 13.900197 -1.7971934
4.6702342 14.016935 -1.7971927
3.9886718 14.225867 -1.7971911
3.6443553 14.317934 -1.7971903
3.2978907 14.401686 -1.7971896
2.9494922 14.477046 -1.7971886
2.5993946 14.543974 -1.7971879
1.8948632 14.652403 -1.7971861
0.83033204 14.75104 -1.7971834
0.47421873 14.766778 -1.7971824
-0.23859374 14.772433 -1.7971804
-0.5948633 14.762377 -1.7971793
-1.5915819 14.068387 -1.7222188
-3.75666 12.989062 -1.6447679
-4.3903904 12.826516 -1.6491084
-4.6988282 12.717824 -1.6492331
-5.6073632 12.347243 -1.6495671
-5.9039645 12.209099 -1.6496649
-6.1966209 12.062798 -1.6496207
-7.0502539 11.579062 -1.6490458
-7.5986915 11.222816 -1.6486478
-8.1291208 10.840558 -1.6482388
-8.387207 10.639915 -1.6480262
-8.6408205 10.433767 -1.6479112
-9.8299408 9.3146048 -1.6472905
-10.678164 8.3213673 -1.6467477
-10.874922 8.0606728 -1.6466092
-7.2737694 4.3735747 -1.0324193
-7.4929099 4.0265784 -1.034716
-8.1359177 4.1223388 -1.1094526
-9.2597265 4.1432395 -1.2339813
-9.9226751 4.1555667 -1.3085862
-12.916758 3.9969389 -1.6447285
-13.009414 3.6841717 -1.6447277
-13.171992 3.0523925 -1.6447263
-13.303886 2.4135039 -1.6447248
-14.596015 2.2856903 -1.797121
-14.748281 0.86865479 -1.7971185
-14.764941 0.51263303 -1.7971178
-14.772461 -0.20013672 -1.7971166
-14.745605 -0.91242915 -1.7971156
-14.719316 -1.2678882 -1.7971151
-14.641015 -1.9763747 -1.7971143
-14.589043 -2.3290012 -1.7971138
-14.528652 -2.6802635 -1.7971133
-14.459745 -3.0299706 -1.7971129
-14.382461 -3.3779168 -1.7971127
-14.296758 -3.7238917 -1.7971123
-14.100527 -4.409133 -1.7971117
-13.990039 -4.7480054 -1.7971115
-13.871406 -5.084116 -1.7971113
-13.610058 -5.747241 -1.797111
-13.317012 -6.3970203 -1.7971107
-12.992949 -7.0319171 -1.7971106
-12.819511 -7.3432813 -1.7971106
-12.638652 -7.6504197 -1.7971106
-12.101367 -8.1477003 -1.7745868
-10.640156 -8.3427162 -1.644715
-10.009101 -9.0903292 -1.6447155
-9.7869329 -9.3291531 -1.6447157
-9.5590038 -9.5625429 -1.644716
-9.3255463 -9.7903442 -1.6447163
-9.0866795 -10.012447 -1.6447166
-8.8424606 -10.228764 -1.6447169
-8.5931635 -10.439094 -1.6447172
-9.1114845 -11.629551 -1.7971139
-8.2466402 -12.258018 -1.7971153
-7.6458006 -12.641511 -1.7971164
-7.338613 -12.822293 -1.7971168
-5.7422853 -13.612244 -1.79712
-5.4122458 -13.746821 -1.7971206
-4.4039841 -14.102239 -1.797123
-4.0625 -14.20438 -1.7971237
-3.0247264 -14.460983 -1.7971262
-2.6749413 -14.529746 -1.7971269
-2.3236718 -14.590059 -1.7971278
-1.970996 -14.64187 -1.7971287
-1.6172071 -14.685187 -1.7971296
-0.19470702 -14.772702 -1.7971333
0.16173828 -14.77312 -1.7971344
1.5844336 -14.688814 -1.7971383
1.9383398 -14.646349 -1.7971394
2.2910743 -14.595329 -1.7971405
2.6424804 -14.535823 -1.7971416
2.9924023 -14.467862 -1.7971426
3.3405273 -14.391464 -1.7971437
5.0481052 -13.884946 -1.7971492
5.7119532 -13.625298 -1.7971513
6.0389647 -13.483555 -1.7971525
6.3625193 -13.333962 -1.7971536
6.6823044 -13.176592 -1.7971548
6.9982419 -13.011564 -1.7971559
7.3101363 -12.838967 -1.7971569
7.9208789 -12.471453 -1.7971592
8.2194529 -12.276755 -1.7971605
8.5131836 -12.074897 -1.7971616
8.8020315 -11.866029 -1.7971625
9.085742 -11.650251 -1.7971638
9.9044533 -10.962734 -1.7971672
10.914726 -9.9574041 -1.7971715
11.60623 -9.1420736 -1.7971747
12.236953 -8.2788525 -1.7971778
13.144316 -6.746119 -1.7971827
13.303242 -6.4270687 -1.7971836
13.597793 -5.7779455 -1.7971854
13.860683 -5.1153607 -1.7971873
14.091289 -4.4408631 -1.797189
14.194297 -4.0996375 -1.79719
14.289082 -3.7560296 -1.7971907
14.5233 -2.7128978 -1.7971929
14.584531 -2.3617494 -1.7971938
14.717129 -1.3008924 -1.7971957
14.774023 0.12323608 -1.7971982
14.750898 0.8356927 -1.7971992
14.726484 1.1912946 -1.7971998
14.651835 1.9002191 -1.7972007
14.476093 2.9547997 -1.797202
14.124043 4.3358722 -1.7972032
13.640547 5.6766148 -1.7972039
13.194297 6.6481714 -1.7972043
12.8583 7.2768445 -1.7972044
12.679023 7.5849218 -1.7972044
12.298418 8.1876402 -1.7972043
12.097343 8.4819374 -1.7972043
11.889199 8.7713003 -1.7972041
11.67414 9.0555439 -1.7972039
11.223769 9.6080999 -1.7972037
10.747266 10.138268 -1.7972032
10.499609 10.394572 -1.7972028
10.245781 10.64484 -1.7972026
9.9859762 10.888907 -1.7972022
9.7203712 11.126633 -1.797202
9.4491596 11.357875 -1.7972015
9.1724024 11.582516 -1.7972012
8.8903122 11.800421 -1.7972007
8.6030664 12.011445 -1.7972003
8.0136719 12.412423 -1.7971994
7.7119336 12.602127 -1.7971988
7.4056444 12.784494 -1.7971982
6.4617381 13.286535 -1.7971965
6.1393356 13.438557 -1.7971959
5.8133984 13.582734 -1.7971951
5.1515036 13.847318 -1.7971938
4.4775977 14.079677 -1.7971922
4.1366014 14.183565 -1.7971914
3.4476562 14.366562 -1.79719
3.1000977 14.445552 -1.7971891
2.7507226 14.516115 -1.7971883
1.693789 14.677012 -1.7971857
1.3391992 14.713607 -1.7971847
0.62796873 14.761044 -1.7971827
0.27167967 14.771878 -1.7971818
-0.79722655 14.752834 -1.7971789
-1.1528906 14.72931 -1.7971778
-1.7041211 13.413652 -1.6447743
-2.3491211 13.31582 -1.6447723
-3.3058984 13.111062 -1.6447694
-3.6212108 13.027489 -1.6447684
-4.255156 12.867289 -1.6485645
-4.5660157 12.765673 -1.6491799
-4.8730078 12.65272 -1.6493009
-5.1771679 12.532362 -1.6494153
-5.7763672 12.269614 -1.6496235
-6.0709567 12.127259 -1.649701
-6.647285 11.817605 -1.6493237
-7.2078319 11.480516 -1.6489339
-7.4817772 11.30192 -1.6487347
-7.7513475 11.116782 -1.6485326
-8.0162306 10.925199 -1.6483279
-4.6474414 5.1981735 -0.84818029
-4.8219137 5.1382813 -0.857144
-9.5034761 9.6495886 -1.6474757
-10.591328 8.4324121 -1.6468067
-10.790742 8.1737671 -1.6466693
-10.983887 7.9103951 -1.6465296
-11.170527 7.642467 -1.6463873
-11.350664 7.3701267 -1.646243
-7.2718749 4.476171 -1.0387076
-8.4315624 4.1278386 -1.1419415
-10.33666 4.1632657 -1.3555224
-11.142246 4.1782446 -1.4475206
-12.97039 3.8194396 -1.6447281
-14.671992 1.7318755 -1.79712
-14.770586 0.31011048 -1.7971175
-14.773749 -0.046302795 -1.797117
-14.754277 -0.75883907 -1.7971158
-14.6608 -1.823815 -1.7971144
-14.555781 -2.5288327 -1.7971137
-14.490546 -2.8792381 -1.7971132
-14.334745 -3.5747857 -1.7971126
-14.244355 -3.9195905 -1.7971122
-14.145664 -4.2620678 -1.797112
-13.923633 -4.9393759 -1.7971115
-13.80041 -5.2738342 -1.7971112
-13.38291 -6.2580066 -1.7971109
-13.228046 -6.5790329 -1.7971107
-13.065469 -6.8962278 -1.7971107
-12.532598 -7.822998 -1.7971106
-12.340273 -8.123064 -1.7971107
-11.766582 -8.1589937 -1.741737
-11.206308 -8.1777649 -1.6875256
-10.317051 -8.7392931 -1.6447152
-9.6580467 -9.4624767 -1.6447158
-9.4269924 -9.6926928 -1.6447161
-9.1904488 -9.9173031 -1.6447165
-8.9484959 -10.136168 -1.6447167
-9.2320509 -11.534047 -1.7971138
-8.373847 -12.171479 -1.7971151
-7.7770309 -12.56121 -1.797116
-7.4716992 -12.745188 -1.7971166
-6.8483005 -13.090742 -1.7971177
-6.2089062 -13.405845 -1.7971191
-5.8836913 -13.551738 -1.7971197
-4.8883591 -13.941735 -1.7971219
-4.5505662 -14.055617 -1.7971226
-4.2101951 -14.161305 -1.7971234
-3.1750977 -14.428706 -1.7971257
-2.8260741 -14.501103 -1.7971265
-2.4754295 -14.565073 -1.7971275
-1.4156835 -14.705983 -1.7971301
-0.34851563 -14.769873 -1.797133
0.36427733 -14.769506 -1.7971349
0.72046876 -14.75644 -1.7971358
1.07625 -14.734765 -1.7971369
1.4314063 -14.704517 -1.7971379
1.7857031 -14.665739 -1.7971389
2.1389649 -14.618391 -1.79714
2.4909766 -14.562553 -1.7971411
2.8416016 -14.498225 -1.7971421
3.8825781 -14.254805 -1.7971454
4.9032421 -13.936757 -1.7971487
5.2380466 -13.814419 -1.7971498
6.2233396 -13.399475 -1.7971531
6.862402 -13.083723 -1.7971554
7.1760349 -12.914382 -1.7971565
7.790586 -12.553253 -1.7971587
8.0911522 -12.361665 -1.7971598
8.9639063 -11.744226 -1.7971634
9.2446089 -11.524576 -1.7971644
9.7897263 -11.065273 -1.7971667
10.564336 -10.328392 -1.7971699
11.050215 -9.8068123 -1.7971721
11.283574 -9.5373802 -1.7971731
11.730508 -8.9820681 -1.7971753
12.150098 -8.4058199 -1.7971774
12.349297 -8.1102676 -1.7971785
13.073359 -6.8826256 -1.7971823
13.235624 -6.5652471 -1.7971834
13.675761 -5.59094 -1.7971861
13.806641 -5.2594023 -1.797187
14.15084 -4.2472467 -1.7971895
14.339199 -3.5597637 -1.7971911
14.494277 -2.8639953 -1.7971927
14.702792 -1.4540787 -1.7971956
14.75582 -0.74322236 -1.7971967
14.770976 0.32579774 -1.7971984
14.758789 0.68203306 -1.797199
14.738066 1.0378735 -1.7971995
14.67082 1.747533 -1.7972004
14.624413 2.1009429 -1.7972009
14.569453 2.4531274 -1.7972014
14.506113 2.8038847 -1.7972018
14.434199 3.153012 -1.7972021
14.063281 4.5291395 -1.7972033
13.698945 5.5342689 -1.7972039
13.416055 6.1885743 -1.7972041
13.101933 6.8284788 -1.7972043
12.757363 7.452456 -1.7972044
12.573828 7.7580442 -1.7972044
12.383066 8.0591116 -1.7972043
11.979921 8.6469965 -1.7972041
10.852304 10.025789 -1.7972033
10.607285 10.284675 -1.7972031
9.835722 11.024812 -1.7972021
9.5669136 11.258869 -1.7972016
8.7276754 11.921206 -1.7972004
8.4375191 12.128276 -1.7972
7.2296677 12.884845 -1.7971978
6.9166989 13.055476 -1.7971973
6.278945 13.373894 -1.797196
5.9544725 13.521465 -1.7971954
5.6265817 13.66117 -1.7971948
5.2953711 13.792925 -1.797194
4.6239257 14.032263 -1.7971927
3.9417186 14.238957 -1.797191
2.9016795 14.486704 -1.7971885
1.8464843 14.658578 -1.7971859
1.4923437 14.698861 -1.7971851
1.1373047 14.730584 -1.7971841
0.069121093 14.774218 -1.7971812
-0.28732422 14.771565 -1.7971803
-0.64357418 14.760334 -1.7971793
-1.3547461 14.712115 -1.7971772
-1.6012695 13.747947 -1.6836292
-2.2102928 13.339564 -1.6447728
-2.5314844 13.282341 -1.6447717
-4.1182227 12.90235 -1.6474714
-5.0462499 12.585216 -1.6493667
-5.9442773 12.189643 -1.6496778
-7.3641014 11.379809 -1.6488209
-7.6355467 11.197492 -1.6486201
-8.4221487 10.612021 -1.648002
-8.6751366 10.40509 -1.6478952
-4.7270508 5.1435046 -0.84975791
-9.4027929 9.7483311 -1.6475303
-9.6344728 9.5179405 -1.6474029
-10.080703 9.0407286 -1.6471394
-10.705449 8.2859974 -1.646729
-10.901328 8.0246601 -1.6465901
-11.090722 7.7586741 -1.646449
-11.27371 7.4882116 -1.6463056
-7.2699413 4.580061 -1.0451901
-7.2743945 4.3413272 -1.0304677
-8.2054882 4.1236334 -1.1170807
-8.7451363 4.1336699 -1.1766248
-9.3459177 4.1448412 -1.2436371
-10.781523 4.1715369 -1.4062269
-12.929941 3.9542906 -1.6447283
-13.105605 3.3260283 -1.6447269
-13.181992 3.008903 -1.6447263
-14.603456 2.2375085 -1.797121
-14.727012 1.1755884 -1.7971189
-14.771718 -0.24890105 -1.7971166
-14.742519 -0.96107453 -1.7971156
-14.715038 -1.3164425 -1.797115
-14.678965 -1.671047 -1.7971145
-14.634472 -2.0246682 -1.797114
-14.37123 -3.4253454 -1.7971126
-14.284433 -3.7710402 -1.7971122
-14.189277 -4.1145301 -1.797112
-14.085917 -4.4556251 -1.7971117
-13.854531 -5.1298442 -1.7971113
-13.726777 -5.4625845 -1.7971112
-13.2958 -6.440928 -1.7971107
-13.136581 -6.7598057 -1.7971107
-12.019609 -8.1504622 -1.7665386
-10.902949 -8.1878586 -1.6585977
-10.407461 -8.6313696 -1.6447152
-10.19623 -8.8799324 -1.6447154
-9.9790621 -9.1233253 -1.6447155
-9.2931643 -9.8210659 -1.6447163
-9.0535736 -10.0424 -1.6447166
-9.0730658 -11.659548 -1.7971139
-8.5001564 -12.083608 -1.7971148
-8.206152 -12.285143 -1.7971153
-7.9073825 -12.479538 -1.7971159
-7.604043 -12.666667 -1.7971164
-7.2962694 -12.846439 -1.797117
-6.3481836 -13.340421 -1.7971188
-6.0244923 -13.489702 -1.7971194
-5.6973243 -13.631131 -1.79712
-5.3668356 -13.764625 -1.7971208
-4.6966991 -14.007473 -1.7971221
-4.3574414 -14.116696 -1.797123
-4.0156054 -14.21771 -1.7971237
-3.3251562 -14.394863 -1.7971253
-2.9769726 -14.47089 -1.7971263
-2.6269727 -14.538494 -1.797127
-2.2754881 -14.59765 -1.797128
-1.9226757 -14.648296 -1.7971289
-1.2138867 -14.724014 -1.7971307
-0.85835934 -14.749015 -1.7971317
0.5667578 -14.763127 -1.7971355
1.2782031 -14.718621 -1.7971374
1.6328906 -14.683505 -1.7971385
1.9866015 -14.639873 -1.7971395
3.0400782 -14.457911 -1.7971427
3.3880076 -14.380366 -1.7971438
4.0776758 -14.20023 -1.797146
4.4190626 -14.097743 -1.797147
4.7578516 -13.987053 -1.7971482
5.0938864 -13.868217 -1.7971493
5.4269724 -13.741294 -1.7971504
6.0834374 -13.463557 -1.7971526
6.4064841 -13.312883 -1.7971537
7.041152 -12.988407 -1.797156
8.259902 -12.249561 -1.7971606
8.5530081 -12.046741 -1.7971617
9.4017963 -11.396708 -1.797165
9.6740236 -11.166597 -1.7971661
9.9405861 -10.929993 -1.7971673
10.45623 -10.437807 -1.7971694
10.705 -10.18254 -1.7971705
11.183652 -9.6543446 -1.7971727
11.413301 -9.3817511 -1.7971737
11.852578 -8.8203535 -1.7971759
12.061913 -8.5318947 -1.797177
12.264218 -8.2384348 -1.797178
12.459355 -7.9401755 -1.7971789
12.647285 -7.6372976 -1.7971799
12.82787 -7.3299799 -1.7971809
13.000977 -7.0183916 -1.797182
13.166523 -6.7027164 -1.7971829
13.474511 -6.0598655 -1.7971847
13.751094 -5.4028964 -1.7971865
13.87746 -5.0696058 -1.7971874
14.105859 -4.3943553 -1.7971891
14.207753 -4.0527844 -1.79719
14.301406 -3.7088659 -1.7971908
14.386719 -3.3627841 -1.7971916
14.532187 -2.6649547 -1.7971931
14.592226 -2.3136108 -1.7971939
14.643808 -1.960917 -1.7971945
14.747304 -0.8968097 -1.7971965
14.764628 -0.54079008 -1.7971971
14.773398 -0.18445404 -1.7971977
14.722461 1.2398895 -1.7971998
14.594218 2.3012969 -1.7972012
14.534472 2.6527002 -1.7972015
14.304609 3.6967914 -1.7972026
14.211288 4.0407934 -1.7972028
14.109668 4.3824468 -1.7972032
13.75582 5.3913107 -1.7972038
13.621738 5.7215843 -1.7972039
13.479765 6.0485263 -1.7972041
13.329922 6.3719516 -1.7972043
12.834257 7.3192282 -1.7972044
12.653945 7.6267076 -1.7972044
12.466269 7.9297471 -1.7972044
11.421445 9.3722878 -1.7972038
10.210586 10.678594 -1.7972026
9.9499998 10.921809 -1.7972022
9.1340818 11.612724 -1.797201
8.8512888 11.829692 -1.7972006
8.5633783 12.039773 -1.7972001
8.2704296 12.242847 -1.7971997
7.9726562 12.4388 -1.7971992
7.6703124 12.627491 -1.7971988
7.3634763 12.808853 -1.7971982
7.0523047 12.982751 -1.7971976
6.7370505 13.149088 -1.7971969
6.4178905 13.307783 -1.7971963
5.4387498 13.73703 -1.7971944
4.769824 13.983359 -1.7971929
4.0897851 14.197139 -1.7971914
2.7027929 14.525112 -1.797188
2.3516016 14.586087 -1.7971873
1.2906641 14.717939 -1.7971846
0.22294921 14.772698 -1.7971816
-0.48986328 14.766237 -1.7971797
-0.84591794 14.750127 -1.7971787
-1.2015234 14.725423 -1.7971777
-2.0713086 13.361845 -1.6447732
-2.7133789 13.246382 -1.6447712
-3.3491602 13.100089 -1.6447692
-3.6642187 13.015469 -1.6447682
-4.6081638 12.750651 -1.6491969
-4.9147458 12.636705 -1.649317
-5.2185349 12.51533 -1.6494304
-6.1108203 12.106973 -1.6496756
-6.6861324 11.795421 -1.6492975
-7.2455664 11.456482 -1.6489068
-7.7878318 11.090958 -1.6485047
-8.0521288 10.898513 -1.6482998
-8.3114643 10.699529 -1.6480596
-8.5666018 10.495183 -1.6479455
-8.8166599 10.284741 -1.6478282
-4.6631055 5.1811829 -0.84791398
-4.8782616 5.1640768 -0.86412793
-9.7636719 9.3845234 -1.6473291
-9.9863863 9.1455097 -1.6471972
-10.817578 8.1380196 -1.6466503
-11.009766 7.8740125 -1.6465101
-11.195546 7.6054711 -1.6463678
-7.2724805 4.443521 -1.0366936
-7.2768555 4.2085552 -1.0225449
-7.3623242 4.0241504 -1.0206045
-10.440722 4.1652002 -1.3673624
-12.202676 4.1979632 -1.5697362
-12.98291 3.7766254 -1.6447279
-13.149981 3.1460161 -1.6447265
-13.222031 2.8278797 -1.6447258
-14.30291 2.3441553 -1.7630453
-14.632773 2.0370562 -1.7971206
-14.677597 1.6834619 -1.7971199
-14.713945 1.3288879 -1.7971193
-14.741699 0.97354305 -1.7971187
-14.760918 0.61763853 -1.7971181
-14.771503 0.26136109 -1.7971175
-14.773535 -0.095057979 -1.7971168
-14.727949 -1.1631616 -1.7971153
-14.695585 -1.5181137 -1.7971148
-14.480957 -2.9270473 -1.7971132
-14.231308 -3.9665709 -1.7971121
-14.131523 -4.3087287 -1.7971117
-14.023438 -4.648375 -1.7971116
-13.650566 -5.6502795 -1.797111
-13.510332 -5.9779429 -1.7971109
-13.206269 -6.6226358 -1.7971107
-12.692754 -7.560318 -1.7971106
-12.506601 -7.8643146 -1.7971106
-11.687832 -8.1616402 -1.7340616
-10.698906 -8.2668247 -1.644715
-10.073554 -9.0188999 -1.6447154
-9.6267967 -9.4943018 -1.6447158
-9.3949413 -9.7237911 -1.6447161
-9.1576557 -9.9475842 -1.6447165
-8.915 -10.165594 -1.6447167
-8.912344 -11.782889 -1.7971143
-8.6255074 -11.994458 -1.7971147
-8.3336325 -12.199048 -1.7971151
-5.1776366 -13.836911 -1.7971213
-4.8423243 -13.957803 -1.7971219
-4.5041795 -14.070555 -1.7971226
-4.1634374 -14.175119 -1.7971234
-3.8202734 -14.271432 -1.7971241
-3.1274805 -14.439101 -1.7971258
-2.4274023 -14.573162 -1.7971275
-1.7216601 -14.673298 -1.7971293
-0.29980469 -14.770945 -1.797133
0.056621093 -14.773893 -1.797134
1.1248437 -14.731133 -1.7971369
1.4798828 -14.699712 -1.797138
1.8340429 -14.659764 -1.797139
2.1871874 -14.611252 -1.7971401
2.5390429 -14.554253 -1.7971412
2.8893945 -14.488781 -1.7971423
3.2380857 -14.414863 -1.7971433
3.5849023 -14.332551 -1.7971444
4.2720313 -14.142975 -1.7971466
4.9492579 -13.920503 -1.7971488
5.2835937 -13.797058 -1.7971499
5.614902 -13.665581 -1.797151
7.5274801 -12.71276 -1.7971579
7.8319921 -12.527483 -1.797159
8.1318941 -12.334902 -1.79716
8.4271088 -12.135156 -1.7971612
8.7173634 -11.928345 -1.7971623
9.0026169 -11.71458 -1.7971635
9.826211 -11.032903 -1.7971668
10.089492 -10.792655 -1.7971679
10.346933 -10.546118 -1.797169
10.59834 -10.293467 -1.79717
10.843574 -10.034799 -1.7971711
11.0825 -9.7702856 -1.7971722
11.315 -9.5001011 -1.7971733
11.760038 -8.943305 -1.7971754
12.376035 -8.0694675 -1.7971785
12.927187 -7.1533713 -1.7971815
13.556309 -5.8745098 -1.7971853
13.945663 -4.8788137 -1.7971879
14.503613 -2.8161442 -1.7971928
14.567344 -2.4654441 -1.7971934
14.622598 -2.1133099 -1.7971941
14.669335 -1.7599384 -1.797195
14.707539 -1.4055499 -1.7971956
14.737148 -1.0503372 -1.7971961
14.73459 1.0865039 -1.7971997
14.496718 2.8517444 -1.7972018
14.154531 4.235301 -1.7972031
14.048262 4.5755272 -1.7972033
13.933788 4.9130955 -1.7972035
13.811211 5.247798 -1.7972038
13.542011 5.9078503 -1.7972041
13.395586 6.2328148 -1.7972043
13.079316 6.8716807 -1.7972044
12.909785 7.1851783 -1.7972044
12.732715 7.4945178 -1.7972044
12.157363 8.3956575 -1.7972043
11.951308 8.6864891 -1.7972041
11.291836 9.5280132 -1.7972037
10.819101 10.061552 -1.7972032
10.573261 10.319628 -1.7972031
9.529707 11.29038 -1.7972016
8.688262 11.949948 -1.7972004
8.3974409 12.156059 -1.7972
7.4964061 12.731496 -1.7971984
6.5560937 13.24024 -1.7971966
5.5814452 13.679664 -1.7971946
4.9151368 13.932936 -1.7971933
4.2373633 14.153812 -1.7971917
3.894707 14.251885 -1.797191
2.8539257 14.496197 -1.7971885
2.5033789 14.560809 -1.7971876
1.0887109 14.734258 -1.797184
0.73292965 14.7562 -1.797183
-0.33605468 14.770536 -1.7971802
-0.69228512 14.758136 -1.7971792
-1.0481055 14.737136 -1.7971781
-2.5752733 13.273915 -1.6447717
-2.8947461 13.207931 -1.6447706
-3.2125585 13.134258 -1.6447697
-3.5284374 13.052915 -1.6447686
-3.8434961 12.968016 -1.6452786
-4.4749999 12.79753 -1.6491432
-5.0878124 12.568625 -1.6493822
-5.389863 12.443042 -1.6494917
-5.9844918 12.17005 -1.6496904
-6.2758985 12.021255 -1.6495695
-6.5632811 11.864999 -1.6493802
-6.8468356 11.701841 -1.6491876
-7.6723242 11.172055 -1.6485925
-7.9386325 10.982359 -1.6483886
-8.2002535 10.7863 -1.6481822
-8.7093353 10.376322 -1.6478791
-4.62041 5.2425218 -0.85003251
-4.7520118 5.1365476 -0.85119385
-9.4347849 9.7171612 -1.647513
-9.6657228 9.4860096 -1.6473852
-9.890996 9.2493343 -1.6472545
-10.323867 8.7600584 -1.6469849
-10.531328 8.5077438 -1.6468463
-10.732636 8.2505293 -1.64671
-7.2749801 4.3091865 -1.0285302
-7.6173239 4.028892 -1.0482066
-8.2760544 4.1249461 -1.1248273
-9.4334764 4.1464701 -1.2534615
-10.1183 4.159204 -1.3307343
-10.893574 4.1736217 -1.4190403
-11.779648 4.1900969 -1.5208458
-12.844727 4.2226896 -1.644729
-13.191835 2.9653838 -1.644726
-13.259531 2.6462817 -1.6447253
-14.610781 2.1893268 -1.7971209
-14.659316 1.8362212 -1.7971202
-14.730781 1.1270123 -1.7971189
-14.767988 0.41517821 -1.7971177
-14.77371 0.058792721 -1.7971171
-14.710605 -1.3649987 -1.797115
-14.510625 -2.7760828 -1.7971133
-14.175644 -4.1613321 -1.797112
-13.571816 -5.8369479 -1.797111
-13.42707 -6.1626587 -1.7971109
-13.274511 -6.4847808 -1.7971107
-13.114199 -6.8031235 -1.7971107
-12.94625 -7.1175089 -1.7971106
-12.770801 -7.427752 -1.7971106
-11.938652 -8.1531954 -1.7585816
-11.367851 -8.172369 -1.7030544
-10.166894 -8.9135141 -1.6447154
-9.9488869 -9.1561956 -1.6447155
-9.7251368 -9.3935328 -1.6447158
-9.4957027 -9.6253929 -1.644716
-8.774785 -10.2869 -1.6447169
-9.0345306 -11.689425 -1.797114
-8.4601955 -12.111596 -1.797115
-8.1655464 -12.31218 -1.7971154
-7.8662109 -12.505567 -1.7971159
-7.5622067 -12.691694 -1.7971165
-7.2537889 -12.870445 -1.797117
-5.6523242 -13.649859 -1.7971202
-5.321445 -13.782244 -1.7971209
-4.9874024 -13.906603 -1.7971215
-3.9686913 -14.230872 -1.7971238
-3.6242383 -14.322475 -1.7971246
-3.2776561 -14.405751 -1.7971255
-2.9291992 -14.48063 -1.7971263
-1.8743554 -14.654572 -1.7971289
-1.1653125 -14.727939 -1.7971307
-0.80970699 -14.751765 -1.7971318
-0.09722656 -14.773682 -1.7971336
0.25917968 -14.771726 -1.7971346
0.97134763 -14.742048 -1.7971367
1.3267382 -14.714328 -1.7971376
2.0349023 -14.633237 -1.7971396
2.3873436 -14.579905 -1.7971407
3.7810936 -14.282063 -1.797145
4.1245117 -14.186696 -1.7971461
4.8040037 -13.971285 -1.7971483
5.1396484 -13.851333 -1.7971494
6.4503903 -13.291684 -1.7971539
7.0840039 -12.965097 -1.7971562
8.003027 -12.418901 -1.7971596
8.3002729 -12.222236 -1.7971607
9.7108202 -11.134611 -1.7971662
9.9765425 -10.897168 -1.7971674
10.236563 -10.65332 -1.7971685
10.490527 -10.403286 -1.7971696
11.21541 -9.6174316 -1.7971728
11.666269 -9.0652962 -1.7971749
11.881581 -8.7812452 -1.797176
12.089961 -8.4920712 -1.7971771
12.485508 -7.8990412 -1.7971791
12.672421 -7.5955405 -1.7971802
12.851992 -7.2876315 -1.797181
13.188555 -6.6592612 -1.797183
13.635586 -5.6881127 -1.7971858
13.894121 -5.0238056 -1.7971876
14.120234 -4.3478065 -1.7971892
14.221035 -4.0059075 -1.7971901
14.397734 -3.315321 -1.7971917
14.69205 -1.5586309 -1.7971952
14.72541 -1.2037506 -1.797196
14.772929 0.22071105 -1.7971983
14.763262 0.57702512 -1.7971989
14.745097 0.93300414 -1.7971994
14.68291 1.6431237 -1.7972004
14.639023 1.9968505 -1.7972007
14.586581 2.3494189 -1.7972012
14.525663 2.7006187 -1.7972016
14.456288 3.0502484 -1.797202
14.378496 3.3981061 -1.7972022
14.292324 3.7439795 -1.7972027
14.197851 4.0876727 -1.7972028
13.459726 6.0929794 -1.7972041
13.308847 6.4159045 -1.7972043
13.150175 6.7351012 -1.7972043
12.983867 7.0503745 -1.7972044
12.041094 8.5615883 -1.7972043
11.831094 8.8495703 -1.7972041
11.390449 9.4099302 -1.7972038
11.160097 9.6819715 -1.7972035
10.92332 9.948369 -1.7972033
7.0094137 13.005966 -1.7971976
6.3738866 13.328897 -1.7971963
6.050488 13.478777 -1.7971956
5.7235937 13.620811 -1.797195
5.3933396 13.754919 -1.7971941
4.7236524 13.999012 -1.7971928
4.384531 14.108936 -1.7971921
4.0429492 14.210546 -1.7971913
3.6989844 14.303898 -1.7971905
3.3528318 14.388991 -1.7971896
3.0047264 14.465688 -1.7971889
2.6548827 14.53395 -1.7971879
2.3034766 14.593765 -1.7971872
1.9507617 14.645072 -1.7971863
0.53058594 14.764864 -1.7971826
-1.5798047 14.45763 -1.7691188
-3.5366015 10.813963 -1.6447651
-3.7963672 10.725427 -1.6447549
-4.0592189 10.644284 -1.6468514
-4.570117 10.441206 -1.647658
-6.7121873 9.2114553 -1.6476519
-6.9316797 9.0458994 -1.647478
-7.1471286 8.8750868 -1.647302
-4.5946093 5.1733298 -1.0002358
-4.7066407 5.0487285 -0.99781269
-7.9660935 8.1421862 -1.6467063
-8.1597261 7.9471335 -1.6465985
-8.3484764 7.7474561 -1.6464882
-8.7112694 7.3347349 -1.646261
-8.8850002 7.1219459 -1.6461424
-9.5271873 6.2309093 -1.6456695
-7.6904883 4.030127 -1.2551575
-8.3585739 4.1263433 -1.3475488
-8.9151173 4.1366868 -1.4207672
-9.5360346 4.1482248 -1.5033269
-10.733887 3.7720001 -1.6447341
-10.821738 3.5119555 -1.6447334
-10.903281 3.2498767 -1.6447328
-11.785585 2.3054187 -1.7360389
-12.254316 2.091532 -1.7971272
-12.301171 1.7953014 -1.7971265
-12.340918 1.498023 -1.7971259
-12.373437 1.1998816 -1.7971255
-12.416914 0.60166502 -1.7971244
-12.431484 0.0020513916 -1.7971234
-12.399062 -0.89693666 -1.797122
-12.373828 -1.1957822 -1.7971216
-12.341387 -1.4939419 -1.7971213
-12.301738 -1.7912289 -1.7971209
-12.254922 -2.087471 -1.7971205
-12.201015 -2.3824975 -1.7971202
-12.13998 -2.6761415 -1.7971199
-11.996778 -3.2585754 -1.7971194
-11.825644 -3.8334637 -1.7971189
-11.517461 -4.6785593 -1.7971185
-11.40125 -4.95504 -1.7971183
-11.148984 -5.4991941 -1.7971182
-11.013085 -5.7665524 -1.7971181
-10.722129 -6.2910428 -1.7971181
-10.567226 -6.5478716 -1.7971181
-10.406211 -6.8008885 -1.7971181
-10.23912 -7.0499406 -1.7971182
-9.8871679 -7.5356021 -1.7971183
-9.7024803 -7.7719259 -1.7971185
-9.5121679 -8.0037289 -1.7971187
-9.115078 -8.4532213 -1.7971189
-8.6967182 -8.8830366 -1.7971194
-8.4799023 -9.0902452 -1.7971197
-8.2581244 -9.2921724 -1.79712
-7.8003321 -9.679678 -1.7971206
-7.3243747 -10.044644 -1.7971214
-7.0799217 -10.218421 -1.7971216
-6.8313475 -10.386252 -1.7971221
-5.2617188 -11.263083 -1.7971251
-4.9884567 -11.386736 -1.7971257
-4.712285 -11.503766 -1.7971262
-4.4334373 -11.614097 -1.7971268
-3.5819335 -11.904302 -1.7971287
-3.2937305 -11.987259 -1.7971293
-3.0036328 -12.063247 -1.79713
-2.7117188 -12.132195 -1.7971307
-2.1234179 -12.248873 -1.797132
-1.8273242 -12.296545 -1.7971328
-0.93328124 -12.396506 -1.7971351
-0.63398439 -12.415424 -1.7971358
-0.33427733 -12.427104 -1.7971367
-0.03441406 -12.431562 -1.7971376
0.86466795 -12.401525 -1.79714
1.1636132 -12.377063 -1.797141
1.4618359 -12.345393 -1.7971418
1.7592382 -12.306545 -1.7971426
2.3508008 -12.207369 -1.7971444
3.2274022 -12.005445 -1.7971472
4.0871286 -11.740635 -1.7971499
5.470293 -11.16352 -1.7971547
6.2632813 -10.738726 -1.7971575
6.5205078 -10.584507 -1.7971585
6.7739453 -10.424138 -1.7971594
7.0234766 -10.257692 -1.7971603
7.268867 -10.085287 -1.7971613
8.2068167 -9.3379965 -1.797165
8.4296875 -9.1373043 -1.797166
8.8606253 -8.7200842 -1.7971678
9.2709179 -8.282568 -1.7971696
9.4680271 -8.0565138 -1.7971705
10.200293 -7.1067576 -1.797174
10.36875 -6.8586254 -1.7971749
10.531191 -6.6064954 -1.7971759
10.981386 -5.8276401 -1.7971783
11.249726 -5.2911987 -1.7971798
11.374063 -5.0182753 -1.7971807
11.491836 -4.7424316 -1.7971814
11.707227 -4.1826334 -1.7971829
11.979023 -3.325083 -1.7971851
12.125507 -2.7434337 -1.7971864
12.333418 -1.5623153 -1.7971889
12.367538 -1.2643347 -1.7971895
12.394433 -0.96561641 -1.79719
12.414141 -0.66633695 -1.7971905
12.431836 -0.066794127 -1.7971914
12.429805 0.23313537 -1.7971919
12.420606 0.53291988 -1.7971923
12.40414 0.83239746 -1.7971928
12.34955 1.4297333 -1.7971935
12.311445 1.727232 -1.797194
12.213828 2.3190422 -1.7971946
12.154316 2.613009 -1.797195
12.087773 2.9054484 -1.7971952
12.014121 3.1962042 -1.7971956
11.427422 4.8958306 -1.7971966
11.177988 5.4413099 -1.7971967
11.043476 5.7093859 -1.7971969
10.902558 5.9741344 -1.7971969
10.755234 6.2354102 -1.7971969
10.60168 6.4930491 -1.7971969
10.441973 6.7469091 -1.7971969
10.276172 6.9968419 -1.7971967
10.104394 7.2427025 -1.7971967
9.5541992 7.9544396 -1.7971965
9.3594923 8.182601 -1.7971961
9.1594143 8.4060011 -1.797196
8.7432814 8.8380079 -1.7971956
8.0812502 9.447134 -1.7971948
7.8510351 9.6393366 -1.7971945
7.6162109 9.8259239 -1.797194
7.3769336 10.006785 -1.7971938
7.133379 10.181828 -1.7971933
6.8856835 10.350952 -1.7971929
6.3497849 10.623215 -1.7891426
5.5900192 11.104309 -1.7971905
5.3205271 11.235932 -1.7971901
5.0479102 11.361012 -1.7971895
4.7723827 11.479499 -1.797189
4.2131443 11.696245 -1.7971878
3.9297459 11.794525 -1.7971872
3.6440818 11.885887 -1.7971864
2.7749803 12.118271 -1.7971845
1.8913866 12.287197 -1.7971823
1.2965624 12.364109 -1.7971808
0.69867188 12.412247 -1.7971792
0.39902344 12.42549 -1.7971785
0.099160157 12.431492 -1.7971777
-1.3975195 12.353047 -1.7971734
-1.8228124 11.230643 -1.6447705
-3.6845312 10.764449 -1.6447645
-3.9459765 10.68011 -1.6459483
-5.2085938 10.139441 -1.6478655
-5.4518943 10.011268 -1.6479361
-5.69207 9.8772259 -1.6480007
-5.9288864 9.7373781 -1.6480594
-6.1620703 9.5915508 -1.6480656
-6.6161718 9.2812719 -1.6477264
-4.5460544 5.2272925 -1.0014617
-8.0767574 8.0318899 -1.6466453
-8.2676363 7.8341956 -1.6465361
-9.1470509 6.7799802 -1.6459608
-9.4620504 6.329978 -1.645722
-8.135644 4.1222014 -1.3184558
-10.597187 4.14042 -1.6447351
-10.78459 3.6244597 -1.6447337
-10.868906 3.3632402 -1.6447331
-10.946856 3.1000586 -1.6447325
-12.231855 2.2190223 -1.7971275
-12.281816 1.923297 -1.7971269
-12.324629 1.6264496 -1.7971263
-12.360332 1.3286536 -1.7971257
-12.409961 0.73092896 -1.7971246
-12.423985 0.43135375 -1.7971241
-12.430351 -0.1684082 -1.7971231
-12.422656 -0.4682208 -1.7971226
-12.407773 -0.76776975 -1.7971224
-12.276054 -1.9597418 -1.7971206
-12.167207 -2.5495794 -1.79712
-12.102129 -2.842361 -1.7971197
-12.030058 -3.1334832 -1.7971196
-11.771973 -3.9952645 -1.7971188
-11.672187 -4.2780442 -1.7971187
-11.565566 -4.5583653 -1.7971185
-11.452227 -4.8360419 -1.7971183
-11.332227 -5.1109095 -1.7971182
-11.205645 -5.3827991 -1.7971182
-11.072519 -5.6515574 -1.7971181
-10.932968 -5.9170275 -1.7971181
-10.476445 -6.6921573 -1.7971181
-10.141464 -7.189683 -1.7971182
-9.4015036 -8.1334152 -1.7971187
-9.2025976 -8.3578453 -1.7971189
-8.7887497 -8.7919922 -1.7971194
-8.5741205 -9.0014486 -1.7971196
-8.3544922 -9.2056684 -1.7971199
-7.4285936 -9.967823 -1.7971213
-7.185957 -10.14414 -1.7971215
-6.9391403 -10.314553 -1.797122
-6.4335742 -10.637307 -1.797123
-6.1750975 -10.789403 -1.7971234
-5.1067772 -11.334182 -1.7971253
-4.2737694 -11.673795 -1.797127
-1.9552343 -12.276851 -1.7971325
-1.3608007 -12.356882 -1.797134
-1.0623046 -12.386114 -1.7971349
-0.76320308 -12.408149 -1.7971356
-0.16382812 -12.430532 -1.7971371
0.13609375 -12.430865 -1.797138
0.43591797 -12.423974 -1.7971388
1.0346875 -12.388501 -1.7971405
1.6309961 -12.324184 -1.7971423
1.927832 -12.281269 -1.7971432
2.8109179 -12.109724 -1.7971458
3.1022069 -12.038391 -1.7971467
3.6792772 -11.87477 -1.7971486
3.9646678 -11.782557 -1.7971494
4.2477536 -11.683496 -1.7971505
4.8063278 -11.465025 -1.7971524
5.0815234 -11.345754 -1.7971532
5.3537498 -11.219875 -1.7971542
5.6228709 -11.087459 -1.7971551
5.888711 -10.948586 -1.7971562
6.4099607 -10.651823 -1.797158
6.9162302 -10.330268 -1.79716
7.1634374 -10.160421 -1.7971609
7.6451559 -9.8030958 -1.7971628
8.5541992 -9.0208473 -1.7971666
8.9793749 -8.5977592 -1.7971684
9.3836126 -8.1546583 -1.7971702
9.5776167 -7.9259229 -1.7971711
9.9487886 -7.4547439 -1.7971728
10.125684 -7.2125802 -1.7971737
10.461836 -6.7158041 -1.7971754
10.773594 -6.2033782 -1.7971771
10.920136 -5.9416733 -1.797178
11.441816 -4.8618388 -1.797181
11.55582 -4.5844121 -1.7971818
11.663008 -4.3043089 -1.7971826
11.763476 -4.0216985 -1.7971834
11.857031 -3.7367516 -1.797184
12.161972 -2.5768943 -1.7971867
12.220605 -2.2827621 -1.7971873
12.316524 -1.6906656 -1.7971885
12.353711 -1.3930541 -1.7971891
12.383672 -1.0946323 -1.7971897
12.406504 -0.79556698 -1.7971902
12.422109 -0.49604583 -1.7971908
12.430449 -0.1962326 -1.7971913
12.425449 0.40355834 -1.7971922
12.412089 0.70319211 -1.7971927
12.32877 1.5989221 -1.7971939
12.286621 1.8958844 -1.7971941
12.237305 2.1917346 -1.7971945
12.180898 2.4863055 -1.7971948
12.117344 2.7794178 -1.7971951
12.046777 3.0709252 -1.7971954
11.969179 3.360642 -1.7971957
11.884648 3.6484058 -1.7971959
11.793183 3.9340904 -1.7971961
11.694843 4.2173905 -1.7971963
11.589687 4.4982886 -1.7971965
11.477812 4.7765656 -1.7971966
11.234062 5.3246217 -1.7971967
10.668711 6.3823047 -1.7971969
10.348495 6.8894629 -1.7971969
10.004141 7.3805676 -1.7971967
9.6365232 7.8545141 -1.7971965
9.4441986 8.0846949 -1.7971963
9.2464256 8.3101654 -1.7971961
9.0432224 8.5308075 -1.7971959
8.1791792 9.3624744 -1.797195
7.9509568 9.5570612 -1.7971945
7.7180858 9.7460852 -1.7971941
7.4807615 9.9294386 -1.7971939
6.4600778 10.556534 -1.7891427
5.9701562 10.904664 -1.7971913
5.4372263 11.179911 -1.7971902
5.1659374 11.307826 -1.7971897
4.8916407 11.429156 -1.7971891
4.0523243 11.752966 -1.7971873
3.767617 11.847302 -1.7971867
3.4807227 11.934731 -1.7971861
3.1918163 12.015228 -1.7971854
2.9010351 12.088718 -1.7971847
2.3145897 12.214564 -1.7971834
1.7227343 12.311979 -1.7971818
1.4252343 12.349937 -1.797181
0.82785153 12.404303 -1.7971796
0.22861327 12.429785 -1.797178
-0.071328126 12.431684 -1.7971771
-0.37119141 12.426332 -1.7971764
-1.5667773 12.332713 -1.797173
-2.2464063 11.153647 -1.6447691
-2.7817383 11.032285 -1.6447674
-3.0470703 10.96197 -1.6447667
-3.310586 10.885267 -1.6447657
-3.5722461 10.802231 -1.644765
-3.8324413 10.71472 -1.6450424
-4.6045704 10.426148 -1.6476699
-4.8550196 10.312565 -1.6477547
-5.1026173 10.192923 -1.6478333
-5.3472657 10.067306 -1.6479064
-5.588789 9.935791 -1.6479735
-6.7424021 9.1891222 -1.6476283
-6.9614258 9.0228319 -1.647454
-4.5008593 5.2854795 -1.0035757
-4.7236133 5.0335503 -0.99788707
-7.9928708 8.1157885 -1.6466917
-8.1858006 7.9200964 -1.6465836
-8.3739061 7.7197948 -1.6464729
-8.7353516 7.3058834 -1.6462451
-8.9083786 7.0925169 -1.6461269
-9.0762691 6.8750753 -1.6460114
-9.547617 6.1993723 -1.6456528
-7.2718749 4.4761734 -1.2344236
-7.2762694 4.2403216 -1.2174488
-7.3026562 4.0229187 -1.2052742
-7.9221091 4.1182318 -1.2907304
-8.9959764 4.1381898 -1.4314712
-10.553515 4.2505431 -1.6447353
-10.653028 3.9947162 -1.6447346
-10.913984 3.213877 -1.6447326
-10.988339 2.9496582 -1.644732
-11.117793 2.4162128 -1.6447308
-12.261113 2.0510759 -1.7971272
-12.345781 1.4572924 -1.7971259
-12.401718 0.8601135 -1.7971249
-12.418808 0.56069887 -1.7971243
-12.431406 -0.038964536 -1.7971234
-12.426855 -0.33884338 -1.797123
-12.415078 -0.6385287 -1.7971225
-12.396054 -0.93783993 -1.797122
-12.369824 -1.2366085 -1.7971215
-12.336387 -1.5346543 -1.7971213
-12.248008 -2.1278961 -1.7971205
-12.193067 -2.4227438 -1.7971202
-12.062051 -3.0080457 -1.7971196
-11.902929 -3.5863292 -1.7971191
-11.716093 -4.1562757 -1.7971187
-11.261074 -5.2658253 -1.7971182
-11.130761 -5.5359564 -1.7971182
-10.994003 -5.8028607 -1.7971181
-10.850801 -6.0663934 -1.7971181
-10.545586 -6.5827036 -1.7971181
-10.38373 -6.8351865 -1.7971181
-10.2158 -7.0836878 -1.7971182
-9.6767578 -7.8039036 -1.7971185
-9.4857025 -8.03508 -1.7971187
-9.2891207 -8.2615681 -1.7971188
-9.0871096 -8.4832506 -1.7971189
-8.8798237 -8.6999979 -1.7971193
-8.6674023 -8.9116783 -1.7971194
-8.4498434 -9.1181774 -1.7971197
-8.0002346 -9.5151367 -1.7971203
-7.7683592 -9.7053642 -1.7971206
-7.5319529 -9.8899298 -1.797121
-7.2911911 -10.068756 -1.7971214
-7.0461717 -10.241727 -1.7971219
-6.5439844 -10.56968 -1.7971226
-5.7624998 -11.015251 -1.7971241
-5.2244921 -11.280388 -1.7971252
-4.9508591 -11.403134 -1.7971257
-3.5426953 -11.916055 -1.7971287
-3.2541602 -11.998062 -1.7971293
-2.9638085 -12.073092 -1.7971301
-2.6716797 -12.141079 -1.7971307
-2.3780272 -12.201997 -1.7971314
-2.0829687 -12.255816 -1.7971323
-0.59302735 -12.417446 -1.7971361
-0.29326171 -12.428138 -1.7971368
0.0066210935 -12.431608 -1.7971376
0.60623044 -12.416828 -1.7971393
0.90562499 -12.398604 -1.7971401
1.2044531 -12.373158 -1.7971411
1.5025781 -12.3405 -1.7971418
1.7998047 -12.300676 -1.7971427
2.0960741 -12.253677 -1.7971437
3.2670312 -11.994729 -1.7971473
3.5554492 -11.912436 -1.7971482
3.8417578 -11.8232 -1.7971492
4.4075389 -11.62415 -1.797151
5.2366209 -11.275012 -1.7971539
5.5070701 -11.145412 -1.7971548
6.038281 -10.866818 -1.7971567
6.2986913 -10.717999 -1.7971575
6.8083005 -10.401729 -1.7971596
7.0572848 -10.23447 -1.7971605
7.3020701 -10.061257 -1.7971613
7.7788863 -9.6973457 -1.7971634
8.0105658 -9.5068731 -1.7971643
8.4598045 -9.1094427 -1.7971661
8.8893747 -8.6908026 -1.7971679
9.096406 -8.4738445 -1.7971689
9.2982225 -8.2519379 -1.7971698
9.4945698 -8.0252333 -1.7971706
9.6854296 -7.7938581 -1.7971716
10.050077 -7.3176293 -1.7971733
10.391309 -6.8243737 -1.797175
10.857636 -6.0550623 -1.7971776
11.000566 -5.7913737 -1.7971785
11.13707 -5.5243168 -1.7971792
11.507402 -4.7044797 -1.7971815
11.617578 -4.4255171 -1.7971823
11.817539 -3.8600161 -1.7971836
11.907187 -3.5738368 -1.7971845
11.989922 -3.2855504 -1.7971852
12.250761 -2.1149879 -1.7971878
12.338535 -1.5216233 -1.7971889
12.37164 -1.2235284 -1.7971895
12.416249 -0.62538052 -1.7971905
12.431992 -0.025777588 -1.7971916
12.401328 0.8733142 -1.7971929
12.344727 1.4704766 -1.7971938
12.259473 2.064184 -1.7971944
12.206113 2.3593225 -1.7971948
12.145625 2.653095 -1.7971951
12.078086 2.9453185 -1.7971952
11.921992 3.5244555 -1.7971959
11.833496 3.8110321 -1.797196
11.635899 4.3773651 -1.7971963
11.41123 4.9335084 -1.7971966
11.288886 5.207356 -1.7971967
11.02457 5.7458005 -1.7971969
10.882773 6.0100803 -1.7971969
10.73461 6.2708445 -1.7971969
10.580235 6.5279746 -1.7971969
10.253047 7.0306945 -1.7971967
10.080449 7.275991 -1.7971967
9.9019918 7.5170484 -1.7971966
9.7177734 7.7537374 -1.7971965
9.3324804 8.2134266 -1.7971961
9.1315823 8.4361696 -1.797196
8.0500784 9.4737463 -1.7971946
7.5837498 9.850997 -1.797194
7.3438864 10.031065 -1.7971938
7.0997458 10.205309 -1.7971933
6.8514843 10.37361 -1.7971928
6.3147264 10.644114 -1.7891424
5.8200388 10.985496 -1.797191
5.0103903 11.377604 -1.7971895
4.7344728 11.495167 -1.7971889
4.4557614 11.60603 -1.7971883
4.1744919 11.710158 -1.7971876
3.8908007 11.807426 -1.797187
2.7349999 12.127352 -1.7971845
2.1468554 12.245149 -1.7971829
1.8508203 12.293371 -1.7971823
1.2557422 12.368327 -1.7971808
0.95699215 12.39502 -1.7971799
0.35800782 12.426723 -1.7971783
0.058125 12.431746 -1.7971776
-0.24173827 12.429532 -1.7971766
-0.54154295 12.420061 -1.7971759
-0.84101558 12.403381 -1.7971749
-1.4382812 12.348373 -1.7971733
-2.1300976 11.176432 -1.6447695
-2.3991015 11.121785 -1.6447686
-3.1970704 10.919156 -1.6447662
-3.4595702 10.838846 -1.6447653
-3.7200389 10.752224 -1.6447645
-4.4956446 10.473298 -1.6476318
-4.7472653 10.362327 -1.6477188
-4.9961133 10.245296 -1.6478001
-5.2420506 10.122263 -1.6478757
-5.4849415 9.9932709 -1.6479452
-5.724668 9.8584251 -1.6480092
-5.9610353 9.7178049 -1.648067
-6.8673825 9.0952444 -1.6475296
-4.5614648 5.2101707 -1.0010613
-4.6736913 5.0854058 -0.99846625
-7.9081836 8.1987925 -1.6467376
-8.1031246 8.0051222 -1.6466305
-8.2933397 7.8068051 -1.646521
-8.478672 7.6039414 -1.6464092
-8.8343353 7.1851354 -1.6461787
-9.3287697 6.526073 -1.6458259
-7.2699413 4.5800581 -1.2421265
-8.7448435 4.133522 -1.3982795
-10.706797 3.8482556 -1.6447343
-10.796465 3.5888481 -1.6447335
-10.956992 3.0639148 -1.6447324
-11.374082 2.3090527 -1.6778088
-12.288105 1.8827533 -1.7971268
-12.364609 1.2878588 -1.7971257
-12.431171 0.090470582 -1.7971236
-12.429746 -0.20943634 -1.7971231
-12.351699 -1.4061066 -1.7971214
-12.31414 -1.7036639 -1.7971209
-12.217656 -2.2956417 -1.7971203
-12.158731 -2.5897081 -1.79712
-12.092695 -2.8822656 -1.7971197
-12.019649 -3.1731517 -1.7971194
-11.93961 -3.4621916 -1.7971193
-11.852636 -3.7492208 -1.7971189
-11.758711 -4.0340433 -1.7971188
-11.550468 -4.5965104 -1.7971185
-11.187832 -5.4197497 -1.7971182
-11.053808 -5.6880689 -1.7971181
-10.766602 -6.2146149 -1.7971181
-10.613535 -6.4725375 -1.7971181
-10.454316 -6.7266936 -1.7971181
-10.289003 -6.9769316 -1.7971182
-10.117695 -7.2231054 -1.7971182
-9.7575197 -7.7027183 -1.7971185
-9.5688477 -7.9358759 -1.7971185
-9.3746481 -8.1643982 -1.7971188
-9.1749411 -8.3881683 -1.7971189
-8.9699221 -8.6070595 -1.7971191
-8.7596874 -8.8209543 -1.7971194
-8.5443354 -9.0297022 -1.7971196
-7.8690038 -9.6239386 -1.7971205
-7.3956637 -9.9922895 -1.7971213
-7.1524801 -10.167794 -1.7971216
-6.905117 -10.337382 -1.797122
-6.3984375 -10.658414 -1.797123
-5.8768945 -10.954639 -1.7971238
-5.6109376 -11.093246 -1.7971244
-5.0693359 -11.350962 -1.7971255
-4.5159764 -11.582263 -1.7971265
-3.9520507 -11.786614 -1.7971278
-3.6665428 -11.87852 -1.7971284
-3.089375 -12.041578 -1.7971298
-2.7979686 -12.112602 -1.7971303
-2.5049608 -12.176572 -1.7971312
-2.2104688 -12.23346 -1.7971319
-1.9147069 -12.283237 -1.7971327
-1.6178515 -12.325853 -1.7971333
-1.320039 -12.361306 -1.797134
0.1771289 -12.430348 -1.7971382
0.47691405 -12.422468 -1.7971389
0.77648437 -12.407361 -1.7971399
1.6716406 -12.31874 -1.7971425
2.8508594 -12.100386 -1.797146
3.4311719 -11.948811 -1.7971478
3.7184374 -11.862566 -1.7971487
4.2862697 -11.669421 -1.7971505
4.5665236 -11.562622 -1.7971516
5.1189256 -11.328925 -1.7971535
5.3907423 -11.202148 -1.7971543
5.9247851 -10.929106 -1.7971563
6.186738 -10.782999 -1.7971573
6.4450779 -10.630622 -1.7971581
6.6996093 -10.472059 -1.7971591
6.9503317 -10.307392 -1.79716
7.1969528 -10.136736 -1.7971611
7.4393749 -9.9601793 -1.7971619
7.6775193 -9.777813 -1.7971629
7.9111328 -9.5897617 -1.7971638
8.1402149 -9.3961172 -1.7971647
8.3644924 -9.1970339 -1.7971658
8.5839252 -8.992569 -1.7971667
9.0076952 -8.568078 -1.7971685
9.6037302 -7.8942704 -1.7971711
9.7913666 -7.6602988 -1.7971721
9.97332 -7.4218698 -1.797173
10.319707 -6.932219 -1.7971747
10.483926 -6.6812487 -1.7971755
10.642051 -6.4263973 -1.7971764
10.939668 -5.9056187 -1.797178
11.078945 -5.6399941 -1.7971789
11.338105 -5.0990615 -1.7971804
11.457812 -4.8240628 -1.7971812
11.57084 -4.5462599 -1.797182
11.677168 -4.2658067 -1.7971827
12.105664 -2.8296094 -1.7971861
12.17041 -2.5367546 -1.7971869
12.228106 -2.2424202 -1.7971874
12.321992 -1.6500106 -1.7971886
12.358222 -1.3522769 -1.7971891
12.387246 -1.0537595 -1.7971897
12.423691 -0.45504728 -1.7971908
12.431015 -0.15520935 -1.7971913
12.431152 0.14471802 -1.7971917
12.409746 0.74414974 -1.7971927
12.388144 1.0433093 -1.7971931
12.359375 1.3418573 -1.7971935
12.280313 1.9364282 -1.7971941
12.23002 2.2321093 -1.7971946
12.108086 2.819381 -1.7971952
11.958047 3.4001129 -1.7971957
11.68086 4.2559528 -1.7971963
11.342539 5.0895104 -1.7971967
11.216426 5.3616538 -1.7971967
11.083828 5.6306772 -1.7971969
10.799316 6.1587377 -1.7971969
10.489726 6.6724582 -1.7971969
10.325684 6.9235644 -1.7971969
10.155684 7.1706381 -1.7971967
9.4174995 8.115818 -1.7971963
9.2189455 8.3406343 -1.7971961
9.0150976 8.560605 -1.7971959
8.8059568 8.7755842 -1.7971957
8.5916595 8.985466 -1.7971954
8.148242 9.3894148 -1.7971948
7.6858788 9.7715034 -1.7971941
7.2056446 10.130837 -1.7971934
6.9591208 10.301709 -1.7971929
6.4252343 10.577776 -1.7891427
6.1681638 10.729692 -1.7891423
5.9341407 10.924299 -1.7971913
5.6688867 11.064263 -1.7971907
5.4003124 11.197795 -1.7971902
5.1285934 11.324808 -1.7971896
4.8539257 11.445238 -1.7971891
4.0135741 11.766271 -1.7971873
3.7285352 11.859665 -1.7971867
2.8611522 12.098228 -1.7971847
2.5684373 12.163718 -1.797184
2.2742577 12.222137 -1.7971832
1.97875 12.273429 -1.7971826
0.7869336 12.406962 -1.7971796
-0.11232422 12.431375 -1.7971771
-0.41220701 12.425037 -1.7971761
-0.71183592 12.411466 -1.7971754
-1.0109766 12.390686 -1.7971745
-1.3096093 12.362676 -1.7971736
-1.7429101 11.243321 -1.6447706
-2.283164 11.146161 -1.644769
-2.5513866 11.087836 -1.6447682
-2.818125 11.023053 -1.6447674
-3.0832031 10.951853 -1.6447664
-3.6078515 10.790394 -1.6447648
-3.868418 10.703885 -1.6453297
-4.1307616 10.620947 -1.6474224
-4.3862696 10.519292 -1.6475924
-4.6389842 10.410981 -1.6476818
-4.8890038 10.296558 -1.6477656
-5.6215625 9.9173546 -1.6479822
-5.8594141 9.779212 -1.6480427
-6.0938087 9.6353245 -1.6480972
-6.5501757 9.3283844 -1.647777
-6.9910154 8.9996853 -1.6474301
-4.742949 5.0208282 -0.99846351
-8.0195503 8.0892954 -1.646677
-8.7593164 7.2769456 -1.6462293
-9.5678711 6.1677694 -1.6456361
-7.2724805 4.4435225 -1.2320328
-7.2768555 4.2085614 -1.2152185
-7.3620701 4.0240221 -1.2128741
-8.5050001 4.129065 -1.3667343
-9.0780659 4.1397147 -1.4423504
-10.56748 4.2156963 -1.6447352
-10.758515 3.7010832 -1.6447339
-10.924512 3.1778595 -1.6447326
-10.997988 2.9133856 -1.644732
-11.125684 2.3795221 -1.6447308
-12.267812 2.010617 -1.797127
-12.312773 1.7140808 -1.7971264
-12.350547 1.416557 -1.7971258
-12.381132 1.1181976 -1.7971253
-12.404472 0.81918883 -1.7971247
-12.42955 0.21992248 -1.7971238
-12.33125 -1.5753601 -1.797121
-12.185039 -2.4629745 -1.7971202
-12.122089 -2.7562048 -1.7971199
-11.800077 -3.9114361 -1.7971189
-11.702305 -4.194931 -1.7971187
-11.597734 -4.4759731 -1.7971185
-11.486367 -4.7544513 -1.7971183
-11.243652 -5.302947 -1.7971182
-11.11248 -5.572648 -1.7971182
-10.830723 -6.1021552 -1.7971181
-10.680371 -6.3616629 -1.7971181
-10.192363 -7.1173544 -1.7971182
-10.017715 -7.3611608 -1.7971182
-9.8372068 -7.6006827 -1.7971183
-9.4591408 -8.0663233 -1.7971187
-9.059062 -8.5131941 -1.7971191
-8.8510542 -8.7292557 -1.7971193
-8.4197454 -9.1460152 -1.7971197
-7.9687696 -9.5414886 -1.7971203
-7.736289 -9.7309437 -1.7971208
-7.4992967 -9.9147377 -1.797121
-7.012363 -10.264932 -1.7971219
-6.7626758 -10.43111 -1.7971224
-6.5090818 -10.591217 -1.7971227
-6.251699 -10.745166 -1.7971232
-5.990664 -10.892859 -1.7971237
-5.7260938 -11.034211 -1.7971241
-5.4583006 -11.169135 -1.7971246
-4.6362891 -11.534611 -1.7971263
-4.0745506 -11.744822 -1.7971275
-2.9239647 -12.082804 -1.7971301
-2.6316211 -12.149829 -1.7971308
-1.1503906 -12.378243 -1.7971345
-0.25226563 -12.429049 -1.7971369
0.047656249 -12.431519 -1.7971377
0.34753907 -12.42676 -1.7971387
0.64720702 -12.414773 -1.7971394
0.94652343 -12.395547 -1.7971404
2.4313085 -12.191589 -1.7971448
3.306582 -11.983882 -1.7971473
3.594707 -11.900637 -1.7971483
4.1645508 -11.713403 -1.7971503
5.2737889 -11.257683 -1.7971539
5.8106446 -10.990205 -1.7971559
6.3339844 -10.697158 -1.7971578
6.8425779 -10.37921 -1.7971597
7.3352733 -10.037101 -1.7971616
7.8108592 -9.671629 -1.7971635
8.041894 -9.4803858 -1.7971644
8.4898043 -9.0814714 -1.7971662
8.7064447 -8.8740273 -1.7971672
8.9179878 -8.6614199 -1.7971681
9.1243353 -8.443778 -1.797169
10.246972 -7.0392809 -1.7971743
10.413789 -6.7900419 -1.7971753
10.729199 -6.2798533 -1.797177
11.632109 -4.3871527 -1.7971824
12.000742 -3.2459719 -1.7971852
12.143359 -2.6633599 -1.7971865
12.204042 -2.3696411 -1.7971872
12.30416 -1.7782403 -1.7971884
12.343495 -1.4808981 -1.797189
12.400527 -0.88380522 -1.7971901
12.418262 -0.58440214 -1.7971907
12.416797 0.61487484 -1.7971925
12.252578 2.1046276 -1.7971945
12.198261 2.3995891 -1.7971948
12.136836 2.6931615 -1.7971951
12.068281 2.9851604 -1.7971954
11.820859 3.8500633 -1.797196
11.724531 4.1341267 -1.7971963
11.621406 4.4157419 -1.7971965
11.394882 4.9711399 -1.7971966
11.005567 5.7821507 -1.7971969
10.713867 6.3062339 -1.7971969
10.558633 6.56286 -1.7971969
10.397226 6.8156605 -1.7971969
9.8771095 7.549685 -1.7971966
9.6921291 7.7857628 -1.7971965
9.5014448 8.0173168 -1.7971963
8.2456055 9.3040524 -1.797195
8.0187302 9.5002584 -1.7971946
7.7872458 9.6909351 -1.7971944
7.5511718 9.8759689 -1.797194
7.3107615 10.055247 -1.7971935
6.0475583 10.861921 -1.7971914
5.7837696 11.004641 -1.797191
5.2462497 11.270802 -1.79719
4.6965427 11.510727 -1.7971886
4.4174609 11.620671 -1.7971883
3.8517969 11.820204 -1.797187
1.8102539 12.299406 -1.7971821
1.5130664 12.33949 -1.7971814
0.61673826 12.416585 -1.7971791
-0.28279296 12.428657 -1.7971766
-0.88189453 12.400538 -1.7971749
-1.1808202 12.375648 -1.797174
-1.4790235 12.343558 -1.7971731
-2.4358008 11.113807 -1.6447685
-3.4953125 10.827371 -1.6447651
-3.7554686 10.739896 -1.6447644
-4.2764063 10.564128 -1.647552
-4.5302343 10.458476 -1.647644
-4.7814646 10.346684 -1.6477302
-5.0299411 10.228822 -1.6478108
-5.2754493 10.10498 -1.6478856
-5.7571678 9.8395443 -1.6480174
-5.9930859 9.6981239 -1.6480745
-6.2250586 9.5504055 -1.6480198
-6.4529881 9.3965073 -1.6478506
-6.6770701 9.2371473 -1.6476792
-7.325254 8.7273073 -1.6471525
-4.5768161 5.1930823 -1.0006727
-4.6889453 5.0683947 -0.99815732
-7.9350977 8.172595 -1.6467232
-8.1294336 7.9782786 -1.6466157
-8.68332 7.3679905 -1.6462792
-8.8578711 7.155858 -1.6461606
-9.0273046 6.9396043 -1.6460454
-9.3501949 6.4951892 -1.6458097
-9.5034761 6.2672706 -1.6456888
-7.2705469 4.5470004 -1.2396626
-7.6170897 4.0287609 -1.2456735
-8.823144 4.1349773 -1.4086156
-10.719434 3.8129022 -1.6447341
-10.808262 3.5531976 -1.6447335
-11.100293 2.4952257 -1.644731
-12.294218 1.8422137 -1.7971268
-12.335117 1.5450952 -1.7971262
-12.368789 1.2470721 -1.7971255
-12.395253 0.9483276 -1.7971251
-12.428945 -0.25043365 -1.7971231
-12.402402 -0.8496365 -1.7971221
-12.378301 -1.1485819 -1.7971216
-12.346972 -1.44686 -1.7971214
-12.308476 -1.7442935 -1.7971209
-12.262813 -2.0407114 -1.7971206
-12.210039 -2.3359487 -1.7971203
-12.150136 -2.6298199 -1.79712
-11.928105 -3.5015686 -1.7971193
-11.840176 -3.7882922 -1.7971189
-11.745351 -4.072865 -1.7971188
-11.643691 -4.3549814 -1.7971187
-11.535234 -4.6346049 -1.7971185
-11.420039 -4.9115257 -1.7971183
-11.298262 -5.1855969 -1.7971182
-11.035 -5.7245178 -1.7971181
-10.746016 -6.2501159 -1.7971181
-10.432051 -6.7611594 -1.7971181
-10.265918 -7.0108495 -1.7971182
-10.093828 -7.2564597 -1.7971182
-9.9158201 -7.4978499 -1.7971183
-9.73209 -7.7348557 -1.7971185
-9.1472464 -8.4183884 -1.7971189
-8.9415426 -8.6366053 -1.7971191
-8.5145502 -9.0578318 -1.7971197
-7.6021481 -9.8361053 -1.7971209
-7.1188865 -10.191339 -1.7971216
-6.8709373 -10.36012 -1.7971221
-6.3632226 -10.679472 -1.797123
-6.1037498 -10.829885 -1.7971234
-5.8407226 -10.973999 -1.797124
-5.574297 -11.111699 -1.7971244
-5.3045897 -11.242935 -1.7971249
-5.0318556 -11.367627 -1.7971255
-4.1966405 -11.70174 -1.7971274
-3.9131639 -11.799582 -1.797128
-3.6273632 -11.890549 -1.7971286
-3.339453 -11.974606 -1.7971292
-3.0496287 -12.051701 -1.79713
-2.7580469 -12.12176 -1.7971306
-2.4648046 -12.184771 -1.7971313
-1.8741796 -12.289487 -1.7971327
-1.2792382 -12.36559 -1.7971342
-0.98056638 -12.392854 -1.797135
-0.68130857 -12.412915 -1.7971357
-0.38167968 -12.425737 -1.7971367
-0.08179687 -12.43134 -1.7971374
0.21808593 -12.429696 -1.7971382
0.51791012 -12.420827 -1.797139
0.8174023 -12.404734 -1.7971399
1.1164062 -12.381406 -1.7971407
1.414746 -12.350876 -1.7971417
1.7122852 -12.313168 -1.7971425
3.1816211 -12.017666 -1.797147
3.4705858 -11.937423 -1.797148
4.3247461 -11.655212 -1.7971507
4.6046481 -11.547487 -1.7971516
5.1562891 -11.311982 -1.7971536
5.4276953 -11.184299 -1.7971545
5.6958985 -11.050107 -1.7971554
6.2223043 -10.762531 -1.7971574
6.7341404 -10.449892 -1.7971592
6.9842772 -10.284399 -1.7971601
7.2303514 -10.11293 -1.7971612
7.4722071 -9.9355736 -1.7971622
8.1711912 -9.3692122 -1.7971649
8.3947849 -9.1694183 -1.7971658
8.6135349 -8.9642286 -1.7971667
9.6297064 -7.862577 -1.7971712
9.8165627 -7.6279907 -1.7971722
9.9977541 -7.3889661 -1.7971731
10.173066 -7.1456351 -1.797174
10.342539 -6.8981433 -1.7971748
10.505918 -6.6466374 -1.7971758
10.663222 -6.3912625 -1.7971765
10.814316 -6.1321721 -1.7971774
10.959043 -5.8695035 -1.7971781
11.09748 -5.6034274 -1.7971789
11.229433 -5.3340845 -1.7971797
11.473633 -4.7862501 -1.7971814
11.585781 -4.5080738 -1.7971821
11.691172 -4.2272696 -1.7971827
11.789746 -3.9440081 -1.7971835
11.881445 -3.6584499 -1.7971842
12.23541 -2.2020757 -1.7971874
12.362617 -1.3115097 -1.7971892
12.390664 -1.0128933 -1.79719
12.411504 -0.71369386 -1.7971903
12.425117 -0.41407439 -1.7971908
12.431464 -0.11421508 -1.7971914
12.430625 0.18571778 -1.7971919
12.317949 1.6802557 -1.7971939
12.222578 2.2724309 -1.7971946
12.098769 2.8593249 -1.7971952
12.02625 3.1503563 -1.7971956
11.946738 3.439558 -1.7971957
11.666758 4.2944794 -1.7971963
11.559727 4.5746751 -1.7971965
11.065176 5.667223 -1.7971969
10.467617 6.7070408 -1.7971969
9.7726755 7.6844311 -1.7971966
8.5619526 9.0137691 -1.7971954
7.8876953 9.609333 -1.7971945
7.6535935 9.7968149 -1.7971941
7.4150391 9.9785862 -1.7971938
7.1721287 10.154554 -1.7971934
6.3902535 10.598939 -1.7891426
6.1327147 10.750002 -1.7891421
5.898047 10.943834 -1.7971911
5.0911717 11.341687 -1.7971896
4.8160739 11.461202 -1.797189
3.6894336 11.871898 -1.7971865
3.4019334 11.957435 -1.7971859
2.8212304 12.107593 -1.7971846
2.5283203 12.172121 -1.7971838
1.9383007 12.279889 -1.7971824
0.74601561 12.40949 -1.7971793
0.44642577 12.423878 -1.7971786
-0.45314452 12.423608 -1.797176
-0.75271481 12.409054 -1.7971753
-1.0518554 12.387273 -1.7971743
-2.8239844 9.3965607 -1.6447647
-3.0498438 9.3257008 -1.6447641
-3.2738867 9.2494135 -1.6447634
-3.4961133 9.1677389 -1.6447625
-3.7162695 9.0807238 -1.6447618
-3.936621 8.9939032 -1.6457629
-4.3676953 8.797245 -1.6464511
-4.992949 8.4592466 -1.6466266
-5.195703 8.3365889 -1.6466749
-5.5920506 8.0766706 -1.6467563
-5.7853513 7.9395871 -1.6467891
-5.9753122 7.7978392 -1.6468168
-6.1617575 7.6515088 -1.6468365
-7.1971679 6.6790185 -1.6459441
-7.355742 6.5030637 -1.6458473
-7.9461913 5.7626343 -1.6454436
-7.2756834 4.2722044 -1.4143492
-8.900156 4.1296763 -1.6447396
-9.0889645 3.6955791 -1.6447384
-9.1754885 3.4752502 -1.6447378
-9.2566595 3.2528918 -1.6447374
-9.3324604 3.0286365 -1.6447368
-9.4027729 2.8026221 -1.6447362
-9.4676561 2.5749731 -1.6447357
-9.5269918 2.3458283 -1.6447351
-10.298047 2.2736778 -1.7678651
-10.567851 1.8036908 -1.7971314
-10.608281 1.5482311 -1.7971308
-10.670625 1.0347509 -1.79713
-10.7175 0.26039001 -1.7971286
-10.717558 -0.25685331 -1.7971276
-10.692715 -0.77349824 -1.7971269
-10.670938 -1.0312189 -1.7971265
-10.608749 -1.544721 -1.7971259
-10.410566 -2.5597332 -1.7971249
-10.345781 -2.8101273 -1.7971246
-10.274981 -3.0588892 -1.7971244
-10.026855 -3.7939153 -1.797124
-9.6146479 -4.7423916 -1.7971236
-9.3747072 -5.2006269 -1.7971236
-9.2465229 -5.4252677 -1.7971236
-8.974062 -5.8649468 -1.7971236
-8.8299999 -6.0797248 -1.7971236
-8.6807613 -6.2909636 -1.7971237
-8.3672266 -6.7023473 -1.7971238
-7.6824999 -7.4773898 -1.7971244
-7.4998631 -7.6605487 -1.7971247
-6.7268162 -8.3475666 -1.7971257
-6.3164258 -8.6623363 -1.7971263
-5.891211 -8.9568882 -1.797127
-5.4523435 -9.2305975 -1.7971278
-5.0007615 -9.4828701 -1.7971286
-4.770586 -9.6007547 -1.797129
-4.3019333 -9.8196888 -1.79713
-4.063828 -9.9206114 -1.7971306
-3.8233006 -10.015759 -1.7971311
-3.5806055 -10.105076 -1.7971314
-3.0890038 -10.266026 -1.7971327
-2.8404491 -10.337564 -1.7971331
-2.5902538 -10.403078 -1.7971338
-2.3385351 -10.462546 -1.7971344
-1.8311523 -10.563172 -1.7971356
-1.3195312 -10.639204 -1.7971368
-0.54673827 -10.706796 -1.7971389
0.48748046 -10.70967 -1.7971417
0.7457031 -10.694798 -1.7971425
1.2606446 -10.646393 -1.7971439
1.5171288 -10.612893 -1.7971448
1.7727149 -10.573207 -1.7971455
2.2806249 -10.475409 -1.797147
2.5326757 -10.417343 -1.7971478
2.7832422 -10.353223 -1.7971486
3.2793748 -10.206937 -1.7971503
4.0089259 -9.9430923 -1.7971525
4.4838672 -9.7381601 -1.7971542
4.7174802 -9.627162 -1.7971549
4.9483204 -9.5105543 -1.7971559
5.1763086 -9.3884211 -1.7971567
5.4013281 -9.2608261 -1.7971575
5.6231446 -9.1278305 -1.7971584
6.2685156 -8.6973152 -1.7971607
6.4765038 -8.5435715 -1.7971616
6.6807032 -8.3848419 -1.7971624
6.8810349 -8.2212486 -1.7971632
7.077363 -8.052865 -1.797164
7.4575586 -7.7021289 -1.7971656
7.6412106 -7.519999 -1.7971663
8.3302536 -6.7487488 -1.7971696
8.6460743 -6.3391137 -1.7971711
8.7964649 -6.1286936 -1.7971717
9.0818748 -5.6972899 -1.7971733
9.2166405 -5.4765387 -1.797174
9.4700775 -5.0256147 -1.7971754
9.8087301 -4.3276396 -1.7971774
9.9102926 -4.0897598 -1.7971781
10.006074 -3.8495016 -1.7971787
10.258242 -3.1158395 -1.7971807
10.510761 -2.1129196 -1.7971829
10.600469 -1.6034927 -1.797184
10.636035 -1.347302 -1.7971846
10.665468 -1.0903295 -1.7971851
10.688633 -0.83272183 -1.7971854
10.716387 -0.31620911 -1.7971864
10.720899 -0.057598874 -1.7971869
10.71916 0.2010498 -1.7971872
10.71121 0.4595764 -1.7971876
10.42416 2.5055852 -1.7971901
10.134238 3.4983397 -1.7971908
9.523613 4.923625 -1.7971914
9.40207 5.1519408 -1.7971914
9.2750587 5.3772569 -1.7971916
8.8619137 6.0338988 -1.7971914
8.5605659 6.4543052 -1.7971913
7.8988085 7.2491236 -1.7971907
7.54 7.6216698 -1.7971903
6.7705274 8.3127136 -1.7971892
6.568027 8.4736214 -1.797189
6.1240625 8.7412195 -1.7891389
5.9380274 8.9263916 -1.797188
5.7209568 9.067049 -1.7971876
5.500586 9.2024097 -1.7971873
5.050293 9.4570045 -1.7971864
4.8206835 9.5760813 -1.7971859
4.5882812 9.6895771 -1.7971854
4.1155858 9.8996143 -1.7971846
3.3749413 10.129392 -1.7897787
3.1425586 10.250084 -1.7971824
2.8943553 10.322908 -1.797182
2.6444726 10.38973 -1.7971814
2.3930664 10.450496 -1.7971808
2.1402929 10.505181 -1.7971802
1.8862305 10.553746 -1.7971796
1.6310937 10.59618 -1.7971789
0.86056638 10.686373 -1.797177
-0.43166015 10.712255 -1.7971734
-0.6899609 10.698709 -1.7971727
-1.2051758 10.652969 -1.7971711
-1.4618359 10.620792 -1.7971704
-1.6274804 10.027054 -1.7028526
-1.8051171 9.6442909 -1.6447679
-2.037246 9.5979366 -1.6447673
-2.2682226 9.5459871 -1.6447664
-2.9525976 9.3569546 -1.6447644
-3.1774414 9.2830048 -1.6447636
-3.400449 9.2036486 -1.6447629
-3.6215234 9.1189356 -1.644762
-3.8409765 9.0302229 -1.6450005
-4.9045701 8.510664 -1.6466041
-5.1085739 8.3901329 -1.6466546
-5.8937693 7.859592 -1.6468054
-6.2657614 7.5658908 -1.6467495
-4.6444726 5.0872421 -1.1547296
-6.9629688 6.9243236 -1.6461239
-7.2878513 6.5794764 -1.6458894
-7.4440036 6.4013596 -1.6457913
-7.5958004 6.2195482 -1.6456914
-7.743125 6.034122 -1.6455877
-8.0241795 5.6529298 -1.6453854
-8.1576757 5.4573669 -1.6452817
-8.2864447 5.258646 -1.6451764
-8.1353712 4.1220622 -1.5288107
-8.8566799 4.2221293 -1.64474
-8.9559565 4.0072455 -1.6447394
-9.0500193 3.790031 -1.6447387
-9.2223043 3.349107 -1.6447375
-9.3004103 3.1256554 -1.6447369
-9.4403124 2.6734259 -1.6447358
-10.499238 2.1675506 -1.7971323
-10.548476 1.9136376 -1.7971317
-10.591601 1.6586096 -1.7971312
-10.628515 1.4026171 -1.7971306
-10.719667 -0.14523132 -1.7971278
-10.713027 -0.40378538 -1.7971275
-10.700195 -0.66210967 -1.797127
-10.681093 -0.92004299 -1.7971268
-10.655781 -1.1774466 -1.7971264
-10.542753 -1.9449399 -1.7971255
-10.436641 -2.4511943 -1.7971249
-10.374453 -2.7022479 -1.7971247
-10.151934 -3.4453979 -1.7971241
-9.8761721 -4.1705027 -1.7971237
-9.7726955 -4.4075422 -1.7971237
-9.6635151 -4.6420155 -1.7971236
-9.42834 -5.1027265 -1.7971236
-9.3025198 -5.3286877 -1.7971236
-9.1712694 -5.5515442 -1.7971236
-8.745801 -6.2002344 -1.7971236
-8.4365234 -6.6148605 -1.7971238
-8.1076756 -7.0140967 -1.797124
-7.9360938 -7.2076354 -1.7971241
-7.7599216 -7.3969922 -1.7971244
-7.5792575 -7.5820279 -1.7971246
-7.2046871 -7.938786 -1.7971251
-7.0110936 -8.1102819 -1.7971253
-6.6117578 -8.4390182 -1.7971258
-6.4062696 -8.5960741 -1.7971262
-5.9841795 -8.8950548 -1.7971269
-5.7678905 -9.0368719 -1.7971272
-5.3252931 -9.3045311 -1.797128
-5.0992575 -9.4302826 -1.7971284
-4.8702731 -9.5505533 -1.7971289
-4.6384373 -9.6652699 -1.7971293
-3.6856053 -10.067241 -1.7971313
-3.441699 -10.15323 -1.7971318
-3.1957421 -10.233304 -1.7971324
-2.9479296 -10.307425 -1.797133
-2.698457 -10.37554 -1.7971334
-2.1948633 -10.493637 -1.7971346
-1.6861719 -10.587291 -1.7971358
-1.4302539 -10.624885 -1.7971367
-1.1735351 -10.656306 -1.7971373
-0.65820312 -10.700524 -1.7971387
-0.14126953 -10.719825 -1.79714
0.11736328 -10.720115 -1.7971406
0.37591797 -10.714164 -1.7971414
0.63427734 -10.701982 -1.7971421
0.89226562 -10.683568 -1.7971429
1.1497265 -10.658942 -1.7971437
1.4065429 -10.628105 -1.7971444
1.9175195 -10.547908 -1.797146
2.1714063 -10.498581 -1.7971467
2.4240429 -10.443154 -1.7971475
2.6752734 -10.381638 -1.7971482
2.9249413 -10.314094 -1.7971491
3.1729491 -10.240533 -1.7971498
3.9051757 -9.9842892 -1.7971522
4.1448827 -9.8871832 -1.797153
4.3822069 -9.784317 -1.7971539
4.8490233 -9.5615683 -1.7971556
5.0782809 -9.4418116 -1.7971563
5.5277734 -9.1858835 -1.797158
6.3871679 -8.6105471 -1.7971612
6.5930467 -8.4539595 -1.7971619
6.7950583 -8.2924538 -1.7971629
6.9931445 -8.1261244 -1.7971636
7.1871285 -7.9550633 -1.7971644
7.5624804 -7.5991492 -1.7971661
7.7436132 -7.4145079 -1.7971668
8.0922461 -7.0323863 -1.7971684
8.4220114 -6.6338892 -1.7971699
8.5795698 -6.428792 -1.7971706
8.7322073 -6.219954 -1.7971715
8.8797064 -6.0075059 -1.7971722
9.1591206 -5.5722208 -1.7971737
9.2908983 -5.3496432 -1.7971743
9.4172268 -5.1239519 -1.797175
9.6534176 -4.6637721 -1.7971765
9.7631636 -4.4295416 -1.7971772
9.9654102 -3.9534798 -1.7971785
10.057929 -3.7119315 -1.7971791
10.3 -2.9748766 -1.7971809
10.488203 -2.2222469 -1.7971827
10.621465 -1.4579892 -1.7971842
10.679414 -0.94398403 -1.7971853
10.703906 0.60641539 -1.7971878
10.686152 0.86445552 -1.7971883
10.662188 1.1219952 -1.7971885
10.632011 1.3788806 -1.7971889
10.553144 1.8900951 -1.7971895
10.504473 2.1441259 -1.7971897
10.449687 2.3968995 -1.79719
10.388828 2.6482866 -1.7971902
10.170136 3.3926172 -1.7971908
9.994668 3.8792071 -1.7971911
9.8981838 4.1191831 -1.7971913
9.7958784 4.3567677 -1.7971913
9.4551954 5.0537558 -1.7971914
9.2004299 5.5039344 -1.7971914
9.0649996 5.7242785 -1.7971914
8.6273241 6.3648119 -1.7971913
8.4712696 6.5710826 -1.7971913
8.144453 6.9720373 -1.797191
7.7986913 7.3567553 -1.7971907
7.2462106 7.9014511 -1.79719
6.856699 8.2417622 -1.7971895
6.0307031 8.8640795 -1.7971883
5.8150973 9.0069847 -1.7971878
5.373867 9.2769728 -1.797187
4.6889453 9.6412764 -1.7971858
4.4550195 9.7515411 -1.7971853
4.2184567 9.8562193 -1.7971848
3.9794531 9.9551144 -1.7971842
3.4802148 10.093715 -1.7897791
3.249121 10.216809 -1.7971827
2.7525585 10.361629 -1.7971816
2.5017772 10.425016 -1.797181
2.2495704 10.482327 -1.7971804
1.9960546 10.53354 -1.7971798
1.2291015 10.650294 -1.7971778
0.97179687 10.676837 -1.7971772
-0.061464842 10.720774 -1.7971745
-0.32009766 10.716169 -1.7971737
-0.57851559 10.705318 -1.797173
-1.3511719 10.635443 -1.7971709
-1.7046094 9.6625652 -1.6447682
-1.9372461 9.6186314 -1.6447675
-2.6277537 9.4533443 -1.6447654
-2.855 9.3871956 -1.6447647
-3.0806248 9.315589 -1.6447639
-3.3044531 9.2385607 -1.6447631
-3.5263476 9.1561604 -1.6447624
-3.7462108 9.0684109 -1.6447616
-4.607461 8.674531 -1.646523
-5.0208397 8.4427633 -1.6466336
-5.2232227 8.3194361 -1.6466812
-5.4224997 8.1912079 -1.6467236
-5.618711 8.0582018 -1.6467609
-5.8115625 7.9204745 -1.6467931
-4.4843554 5.2660999 -1.1594647
-4.5962305 5.1408834 -1.1559783
-4.707871 5.0167603 -1.1532769
-6.8908005 6.996748 -1.6461924
-7.0568552 6.8277941 -1.6460264
-7.219121 6.6551781 -1.645931
-7.5308204 6.2984738 -1.6457347
-7.6800976 6.1145897 -1.6456337
-7.824863 5.9271688 -1.6455309
-8.1006641 5.5421667 -1.6453265
-8.2314644 5.3447971 -1.6452219
-7.2718749 4.4761744 -1.4314224
-7.2762694 4.2403221 -1.4117364
-8.4309759 4.1275511 -1.5735786
-9.0100775 3.8840606 -1.644739
-9.1011324 3.6655748 -1.6447384
-9.1869135 3.4449549 -1.6447378
-9.4119921 2.771579 -1.6447362
-9.4761133 2.5437212 -1.6447356
-10.452793 2.2716882 -1.7931275
-10.57373 1.7688073 -1.7971313
-10.61332 1.513211 -1.7971308
-10.673985 0.99953002 -1.7971298
-10.720605 -0.033601072 -1.7971281
-10.706484 -0.55065399 -1.7971272
-10.690078 -0.80877531 -1.7971269
-10.638672 -1.3234552 -1.7971263
-10.603652 -1.5797168 -1.7971258
-10.515038 -2.0893273 -1.7971253
-10.402051 -2.5940783 -1.7971247
-10.336445 -2.8442602 -1.7971246
-10.187226 -3.3395059 -1.7971243
-10.10373 -3.5842845 -1.797124
-10.014297 -3.8269708 -1.797124
-9.9190626 -4.0674396 -1.7971238
-9.8180275 -4.3055463 -1.7971237
-9.7113085 -4.541141 -1.7971236
-9.5989447 -4.7740927 -1.7971236
-9.4809761 -5.0042763 -1.7971236
-9.2285938 -5.4557567 -1.7971236
-9.0942965 -5.6767826 -1.7971236
-8.8098631 -6.1088319 -1.7971236
-8.6599417 -6.3195777 -1.7971237
-8.504961 -6.5266495 -1.7971237
-8.0107222 -7.1246061 -1.7971241
-7.8365426 -7.3157797 -1.7971243
-7.6578121 -7.5026965 -1.7971244
-7.4745703 -7.6852465 -1.7971247
-6.4954491 -8.5288906 -1.7971262
-6.2877927 -8.6831856 -1.7971264
-6.0764647 -8.832262 -1.7971268
-5.6433983 -9.1151695 -1.7971275
-5.421875 -9.2485542 -1.7971278
-5.1971679 -9.3766794 -1.7971282
-4.9694529 -9.4993238 -1.7971287
-4.7388673 -9.6164484 -1.7971292
-4.2695117 -9.8338327 -1.7971301
-4.031074 -9.9339647 -1.7971306
-3.3021288 -10.19947 -1.797132
-3.055078 -10.276162 -1.7971327
-2.8063476 -10.346878 -1.7971333
-2.555918 -10.411567 -1.7971339
-2.0507617 -10.522749 -1.797135
-1.5408007 -10.609418 -1.7971363
-1.0273046 -10.671395 -1.7971376
-0.76958984 -10.693073 -1.7971383
-0.51138669 -10.708544 -1.7971389
-0.25289062 -10.717771 -1.7971396
0.0057226559 -10.720753 -1.7971404
0.26431641 -10.717497 -1.7971411
0.52279294 -10.708009 -1.7971418
0.78097653 -10.69228 -1.7971426
1.0386719 -10.670337 -1.7971432
2.0620117 -10.520626 -1.7971463
2.3151758 -10.46783 -1.7971472
2.5670507 -10.408931 -1.797148
2.8174024 -10.343982 -1.7971487
3.5580468 -10.11317 -1.7971511
3.800957 -10.024403 -1.7971519
4.0417185 -9.9298077 -1.7971526
4.2800779 -9.8294172 -1.7971536
4.5159569 -9.7233095 -1.7971543
4.9797068 -9.4941769 -1.797156
5.2072654 -9.3712912 -1.7971568
5.8713474 -8.9702072 -1.7971592
6.0860157 -8.8259716 -1.79716
6.9081249 -8.1985083 -1.7971634
7.1039062 -8.0294762 -1.7971641
7.295527 -7.8557663 -1.7971649
7.4829493 -7.6774807 -1.7971658
7.8445506 -7.3076401 -1.7971673
8.0185547 -7.1162705 -1.7971681
8.3524408 -6.7212305 -1.7971696
8.8166599 -6.0996404 -1.797172
9.1005859 -5.6672883 -1.7971734
9.2346869 -5.4460974 -1.797174
9.3633986 -5.2217374 -1.7971748
10.107871 -3.5736613 -1.7971796
10.191153 -3.3287854 -1.7971802
10.517675 -2.0782387 -1.797183
10.668964 -1.0551398 -1.7971851
10.691347 -0.79745907 -1.7971854
10.70746 -0.53931212 -1.7971859
10.718457 0.23641174 -1.7971873
10.709648 0.49491331 -1.7971876
10.694571 0.75312501 -1.797188
10.673301 1.0108997 -1.7971884
10.645781 1.2680846 -1.7971886
10.52625 2.0346167 -1.7971896
10.474043 2.2879589 -1.79719
10.415859 2.539964 -1.7971901
10.351562 2.7904942 -1.7971903
10.034512 3.7749255 -1.797191
9.8407221 4.25453 -1.7971913
9.5073242 4.9550276 -1.7971914
9.2572651 5.407815 -1.7971916
8.8419724 6.063087 -1.7971914
8.6931248 6.2746239 -1.7971913
8.380332 6.6866183 -1.7971911
8.2166204 6.8868442 -1.797191
8.0480661 7.0830555 -1.7971908
7.8748827 7.2751355 -1.7971907
7.6970897 7.4629955 -1.7971905
7.137207 8.0000658 -1.79719
6.9421678 8.1699152 -1.7971896
6.7430272 8.3350086 -1.7971892
6.3047462 8.6117992 -1.7891393
6.0951757 8.761384 -1.7891389
5.9085741 8.9459333 -1.7971879
5.6910348 9.0858736 -1.7971876
5.019043 9.473609 -1.7971864
4.7891016 9.5919333 -1.7971859
4.5563083 9.7046986 -1.7971854
4.3208399 9.811759 -1.7971851
4.0829101 9.9131374 -1.7971846
3.8425586 10.008743 -1.797184
3.5851367 10.056916 -1.7897792
3.3553514 10.182426 -1.7971829
3.1087303 10.260398 -1.7971824
2.6101756 10.398405 -1.7971812
1.8514062 10.559916 -1.7971793
1.0829102 10.666147 -1.7971776
0.82529294 10.689157 -1.7971768
0.56720704 10.705955 -1.7971761
-0.20847656 10.718925 -1.797174
-0.98306638 10.675766 -1.797172
-1.2403516 10.648935 -1.7971711
-1.6338671 9.8606482 -1.6754981
-2.0689452 9.591156 -1.6447672
-2.2996874 9.5384531 -1.6447663
-2.7571094 9.4164248 -1.644765
-2.9834375 9.3471603 -1.6447642
-3.4308202 9.192378 -1.6447629
-4.0905466 8.9288807 -1.6463614
-4.5168161 8.7219019 -1.6464964
-4.9326172 8.4944782 -1.6466113
-5.1362305 8.3732595 -1.6466612
-5.3368945 8.2471409 -1.6467059
-5.9196677 7.8401022 -1.6468092
-6.1071677 7.6951318 -1.6468332
-4.547832 5.1946216 -1.1573519
-4.9192185 5.0999608 -1.1878016
-7.14957 6.7301636 -1.6459724
-7.4649997 6.3767223 -1.6457777
-7.7629294 6.0084972 -1.6455741
-7.905117 5.8191223 -1.6454736
-7.2699413 4.5800581 -1.4403512
-7.2743945 4.3413286 -1.4200674
-7.5541992 4.0274677 -1.4350561
-8.8705463 4.1928873 -1.6447397
-8.969121 3.9776702 -1.6447392
-9.150547 3.5404308 -1.6447381
-9.2332811 3.3186529 -1.6447375
-9.3106441 3.094945 -1.6447369
-9.9788866 2.2777734 -1.7158157
-10.506348 2.1328912 -1.797132
-10.554746 1.8788147 -1.7971317
-10.633124 1.3675342 -1.7971306
-10.68668 0.85306942 -1.7971295
-10.715371 0.33661193 -1.7971287
-10.720351 0.07801941 -1.7971282
-10.719121 -0.18061431 -1.7971278
-10.711621 -0.43915161 -1.7971274
-10.678007 -0.95527554 -1.7971268
-10.580996 -1.7249612 -1.7971257
-10.296465 -2.9857159 -1.7971244
-10.140469 -3.4788733 -1.7971241
-10.053594 -3.7224884 -1.797124
-9.9608784 -3.9639349 -1.7971238
-9.2848825 -5.3593588 -1.7971236
-9.1528902 -5.5817862 -1.7971236
-8.8730268 -6.0167618 -1.7971236
-8.5724802 -6.4377341 -1.7971237
-8.0844917 -7.040812 -1.7971241
-7.9122849 -7.2337823 -1.7971243
-7.5541601 -7.6070042 -1.7971246
-7.1784763 -7.9625254 -1.7971251
-6.3778515 -8.6171522 -1.7971263
-6.1681247 -8.7684984 -1.7971265
-5.737988 -9.0558033 -1.7971274
-5.29457 -9.3220444 -1.7971281
-4.8387694 -9.566576 -1.7971289
-4.1342969 -9.8914509 -1.7971303
-3.8944335 -9.988307 -1.7971308
-3.161953 -10.243793 -1.7971324
-2.9139452 -10.317095 -1.797133
-2.6641796 -10.38439 -1.7971336
-2.41291 -10.445644 -1.7971342
-1.6512109 -10.592797 -1.7971361
-1.3952148 -10.629551 -1.7971367
-1.1383593 -10.660122 -1.7971373
-0.622832 -10.702639 -1.7971387
-0.36445311 -10.714549 -1.7971394
-0.10591797 -10.720232 -1.79714
0.15273437 -10.71967 -1.7971407
0.66960937 -10.699834 -1.7971423
0.9275195 -10.680564 -1.7971429
1.1849219 -10.655088 -1.7971437
1.4415624 -10.623418 -1.7971444
2.2060351 -10.491361 -1.7971467
2.4584961 -10.4351 -1.7971475
4.1774998 -9.873456 -1.7971531
4.8805661 -9.5455189 -1.7971556
5.777617 -9.030859 -1.797159
5.9937692 -8.8888569 -1.7971597
6.2064648 -8.7416811 -1.7971606
6.4155664 -8.5894203 -1.7971613
6.6208982 -8.4321547 -1.7971622
7.0199022 -8.1030016 -1.7971638
7.2133594 -7.9313011 -1.7971646
7.4025779 -7.7549767 -1.7971654
7.5874996 -7.5741525 -1.7971662
7.7680078 -7.3889136 -1.7971671
8.2820501 -6.8078284 -1.7971693
8.4438477 -6.6060572 -1.79717
8.6007614 -6.400444 -1.7971709
8.8994532 -5.9781747 -1.7971723
9.3084764 -5.3189635 -1.7971745
9.434082 -5.0928607 -1.7971753
10.070097 -3.6787286 -1.7971792
10.309785 -2.9408791 -1.797181
10.439629 -2.4401844 -1.7971823
10.588769 -1.6788571 -1.7971838
10.720312 0.12480346 -1.797187
10.701836 0.64173645 -1.7971879
10.627421 1.4139612 -1.7971889
10.497363 2.1787591 -1.7971897
10.441718 2.431361 -1.7971901
10.312324 2.9321704 -1.7971905
10.238574 3.1800885 -1.7971907
10.073281 3.6702244 -1.797191
9.3130665 5.311141 -1.7971916
8.9046087 5.9706993 -1.7971914
8.6062498 6.3932495 -1.7971913
8.4495115 6.5990014 -1.7971911
8.2878513 6.8009205 -1.7971911
8.1214056 6.9988742 -1.797191
7.7743554 7.3824558 -1.7971907
7.5940037 7.5678463 -1.7971903
7.2201366 7.9253173 -1.79719
6.4228907 8.5841379 -1.7971889
6.1860743 8.697464 -1.789139
6.0014062 8.8839331 -1.797188
5.565918 9.1630468 -1.7971874
5.1174803 9.4208412 -1.7971865
4.1858983 9.8700838 -1.7971847
3.9466014 9.9681873 -1.7971842
3.7049608 10.060492 -1.7971836
3.4468944 10.105128 -1.7897788
3.2153711 10.227478 -1.7971826
2.9677343 10.30206 -1.7971821
2.7183397 10.370654 -1.7971815
2.2149608 10.48969 -1.7971803
1.4506054 10.622389 -1.7971785
0.93654293 10.67998 -1.7971771
0.42033201 10.712718 -1.7971758
-0.3554492 10.715055 -1.7971736
-1.1293945 10.66127 -1.7971715
-1.7365038 9.6568918 -1.6447682
-3.3349218 9.2276096 -1.6447631
-4.4256639 8.7683153 -1.6464689
-4.8438282 8.5452547 -1.6465882
-5.0487108 8.4261818 -1.6466403
-5.2506638 8.3021727 -1.6466873
-5.4495506 8.1732979 -1.6467291
-5.6452537 8.0396433 -1.6467657
-6.02666 7.7582726 -1.6468234
-6.2119923 7.6104846 -1.6467947
-4.6115232 5.1238708 -1.1555687
-4.7266212 5.0035434 -1.1538188
-6.9137106 6.9738817 -1.6461707
-7.079277 6.8044028 -1.6460114
-7.2409763 6.6312609 -1.6459179
-7.844316 5.9012694 -1.6455166
-8.2489643 5.3175559 -1.6452075
-7.9885349 4.1193347 -1.5066866
-8.5046873 4.1289201 -1.5847888
-8.927207 4.0708556 -1.6447395
-9.4844332 2.5124419 -1.6447356
-9.5749025 2.2907164 -1.650358
-10.534609 1.9886309 -1.7971318
-10.579531 1.7339129 -1.7971313
-10.677207 0.96431029 -1.7971298
-10.697383 0.70645261 -1.7971293
-10.718946 0.18965636 -1.7971284
-10.634199 -1.3585559 -1.7971262
-10.59832 -1.6147025 -1.7971258
-10.556328 -1.8699063 -1.7971255
-10.453809 -2.3768976 -1.7971251
-10.327011 -2.8783526 -1.7971246
-10.176113 -3.3731084 -1.7971241
-10.091816 -3.6176052 -1.797124
-9.6962891 -4.5731492 -1.7971236
-9.4644337 -5.0355248 -1.7971236
-9.2105274 -5.4861631 -1.7971236
-9.0754881 -5.7067614 -1.7971236
-8.9351759 -5.9240341 -1.7971236
-8.6390429 -6.348114 -1.7971237
-8.322773 -6.7574229 -1.7971238
-8.157383 -6.9562387 -1.797124
-7.4491796 -7.7098765 -1.7971247
-7.2610154 -7.8873386 -1.7971249
-6.4672461 -8.5502825 -1.7971262
-6.0472851 -8.8522863 -1.7971268
-5.8319921 -8.995574 -1.7971272
-5.3913279 -9.2664137 -1.797128
-4.938086 -9.5156689 -1.7971287
-4.4733591 -9.7427845 -1.7971296
-3.7571287 -10.040769 -1.7971312
-3.2684569 -10.210309 -1.7971323
-2.772207 -10.356079 -1.7971333
-2.269453 -10.477755 -1.7971345
-2.0160351 -10.529455 -1.7971351
-1.7614257 -10.575029 -1.7971357
-0.73427731 -10.695561 -1.7971383
-0.47605467 -10.710173 -1.797139
0.041074216 -10.720676 -1.7971405
0.55814451 -10.706223 -1.7971418
0.81624997 -10.689645 -1.7971426
1.0738672 -10.666852 -1.7971433
1.330918 -10.637854 -1.7971442
1.5871289 -10.602645 -1.7971449
2.0967188 -10.513762 -1.7971464
2.6014061 -10.400405 -1.797148
2.8515429 -10.334627 -1.7971488
3.0999999 -10.262839 -1.7971497
3.5914061 -10.101373 -1.7971511
3.8340428 -10.011804 -1.797152
4.0744529 -9.9164162 -1.7971529
4.3124609 -9.815239 -1.7971536
5.2381835 -9.354064 -1.7971569
5.462285 -9.2249823 -1.7971578
5.6832223 -9.0905323 -1.7971585
6.3257618 -8.6557608 -1.7971611
6.5327344 -8.5006456 -1.7971618
6.735918 -8.3405867 -1.7971625
6.9351559 -8.1756678 -1.7971635
7.5082421 -7.6527457 -1.7971658
7.6906443 -7.4694061 -1.7971667
7.8686132 -7.2817106 -1.7971674
8.374609 -6.6936302 -1.7971698
8.5336523 -6.4896665 -1.7971705
8.9806051 -5.8555679 -1.7971728
9.119297 -5.6372252 -1.7971734
9.3805466 -5.1908073 -1.7971749
9.503047 -4.963007 -1.7971755
9.620039 -4.732317 -1.7971764
9.9370508 -4.0242591 -1.7971783
10.031269 -3.7833745 -1.7971789
10.119629 -3.5402844 -1.7971796
10.278613 -3.0480864 -1.7971808
10.349121 -2.7992411 -1.7971814
10.413632 -2.5487685 -1.797182
10.472109 -2.2968123 -1.7971826
10.610801 -1.5335122 -1.7971841
10.644727 -1.2770877 -1.7971846
10.721054 0.013153686 -1.7971869
10.641562 1.3032117 -1.7971886
10.607031 1.5595477 -1.797189
10.566308 1.8149755 -1.7971892
10.407383 2.5743268 -1.7971902
10.194043 3.3201971 -1.7971907
10.110937 3.5651469 -1.797191
10.021992 3.8080211 -1.7971911
9.9272261 4.0486779 -1.7971911
9.8266401 4.286984 -1.7971913
9.6084375 4.7559671 -1.7971914
9.3678713 5.2138648 -1.7971914
9.2393551 5.4383383 -1.7971916
9.1054878 5.6596422 -1.7971914
8.6724024 6.3032761 -1.7971913
8.3582611 6.7142406 -1.7971911
8.1938477 6.9139218 -1.797191
8.0246677 7.1095738 -1.7971908
7.8508396 7.301085 -1.7971907
7.6724219 7.4883566 -1.7971905
7.1108007 8.0235748 -1.7971897
6.7155075 8.3572102 -1.7971892
6.2763085 8.6325617 -1.7891393
6.0662498 8.7814541 -1.7891388
5.8789845 8.9653893 -1.7971879
5.6610546 9.1046009 -1.7971876
5.4397264 9.238512 -1.7971872
5.2152929 9.3670435 -1.7971867
4.9877734 9.4901276 -1.7971864
4.5242381 9.7197247 -1.7971854
3.5519531 10.0687 -1.7897792
3.3216991 10.193446 -1.7971829
2.0709374 10.519075 -1.7971799
1.8165624 10.565966 -1.7971793
1.5611523 10.606715 -1.7971787
1.3048047 10.641278 -1.797178
0.79001951 10.691822 -1.7971768
0.53189451 10.707768 -1.797176
0.27341795 10.71746 -1.7971754
0.014785156 10.720939 -1.7971747
-0.50232422 10.709167 -1.7971733
-0.76054686 10.693926 -1.7971725
-1.2754492 10.644785 -1.797171
-1.6444335 9.7252417 -1.6534038
-2.3311718 9.5308142 -1.6447663
-3.2386327 9.2618313 -1.6447635
-3.6816211 9.0948353 -1.6447619
-4.5456052 8.706996 -1.6465049
-5.1638865 8.3562975 -1.6466676
-5.3640819 8.2295113 -1.6467117
-6.1325388 7.6749682 -1.646836
-4.4692383 5.3246436 -1.165325
-4.5631833 5.1775842 -1.1569026
-7.4859176 6.3519993 -1.6457641
-7.6365428 6.169188 -1.6456637
-7.7826366 5.9827905 -1.6455604
-8.0611525 5.5997567 -1.6453571
-7.2792969 4.0778089 -1.3986615
-7.6168356 4.0286307 -1.444419
-8.9822073 3.9480481 -1.6447392
-9.0748243 3.7302153 -1.6447386
-9.2441797 3.2881622 -1.6447374
-9.5179882 2.3821368 -1.6447352
-10.51332 2.098208 -1.797132
-10.560879 1.8439709 -1.7971314
-10.637558 1.332456 -1.7971303
-10.706016 0.55970949 -1.797129
-10.716406 0.30127198 -1.7971286
-10.718457 -0.21596892 -1.7971278
-10.710156 -0.47447601 -1.7971274
-10.674805 -0.99051052 -1.7971265
-10.61459 -1.5042447 -1.7971259
-10.575214 -1.7598705 -1.7971257
-10.529687 -2.0144711 -1.7971253
-10.478007 -2.2679043 -1.7971252
-10.420234 -2.5200119 -1.7971249
-10.356425 -2.7706561 -1.7971246
-9.7433987 -4.4719505 -1.7971237
-9.5163479 -4.9367051 -1.7971236
-9.3944921 -5.1648431 -1.7971236
-9.267148 -5.3899732 -1.7971236
-8.8530855 -6.0460124 -1.7971236
-8.7046871 -6.2578225 -1.7971237
-8.3927145 -6.6703806 -1.7971238
-7.8883591 -7.259841 -1.7971243
-7.7109375 -7.4480371 -1.7971244
-7.5290623 -7.6318774 -1.7971246
-7.3427539 -7.8112879 -1.7971249
-6.3493943 -8.6381598 -1.7971263
-6.1391602 -8.7888088 -1.7971265
-5.2637501 -9.3394747 -1.7971281
-4.8071876 -9.582489 -1.797129
-4.5745897 -9.6956711 -1.7971295
-4.3393359 -9.8032131 -1.79713
-4.1016212 -9.9050407 -1.7971303
-3.619082 -10.09134 -1.7971314
-2.8798828 -10.326651 -1.7971331
-2.6299415 -10.393115 -1.7971336
-2.1255469 -10.507895 -1.7971349
-1.6162695 -10.598187 -1.7971362
-1.1031836 -10.663818 -1.7971374
-0.58755857 -10.704634 -1.7971388
-0.070546873 -10.720522 -1.7971401
0.44662109 -10.711456 -1.7971416
0.70490235 -10.697566 -1.7971423
0.96275389 -10.677446 -1.7971431
1.220039 -10.651124 -1.7971438
1.7323828 -10.57989 -1.7971454
1.9870898 -10.535026 -1.7971461
2.7437499 -10.363762 -1.7971483
3.2404296 -10.219371 -1.7971501
3.7295506 -10.051188 -1.7971516
3.9709375 -9.9582996 -1.7971525
4.2100391 -9.8596153 -1.7971532
4.9120507 -9.5293579 -1.7971557
5.1404881 -9.4080944 -1.7971565
6.6486912 -8.4102573 -1.7971623
7.0466013 -8.0797911 -1.797164
7.2394333 -7.907485 -1.7971647
7.4281054 -7.7305369 -1.7971655
7.7923241 -7.3632736 -1.7971671
8.1384182 -6.9788537 -1.7971687
8.3044138 -6.7804956 -1.7971694
8.4655857 -6.5781913 -1.7971702
8.6217775 -6.3720622 -1.797171
8.7730274 -6.1622229 -1.7971717
8.9191408 -5.9487882 -1.7971725
9.0600195 -5.7318997 -1.7971731
9.1957026 -5.5116739 -1.7971739
9.3259573 -5.2882323 -1.7971747
9.6840038 -4.5999866 -1.7971766
9.7921486 -4.365036 -1.7971774
9.8946095 -4.1275477 -1.797178
10.167207 -3.4012158 -1.7971799
10.246289 -3.1549597 -1.7971807
10.319414 -2.9068635 -1.7971812
10.502637 -2.1530089 -1.7971829
10.594277 -1.6439221 -1.797184
10.630839 -1.387872 -1.7971845
10.715097 -0.35708678 -1.7971863
10.720586 -0.098496705 -1.7971867
10.719863 0.16015808 -1.7971872
10.712871 0.41871399 -1.7971874
10.699668 0.67702758 -1.7971879
10.680234 0.93494445 -1.7971883
10.65457 1.1923218 -1.7971885
10.584648 1.7048413 -1.7971892
10.490078 2.2133911 -1.7971897
10.302558 2.9661877 -1.7971905
10.061113 3.7034471 -1.797191
9.9688473 3.9450793 -1.7971911
9.7669334 4.4213176 -1.7971913
9.542304 4.8872714 -1.7971914
9.2954884 5.3418407 -1.7971916
9.0270309 5.7839756 -1.7971914
8.8848829 6.0000596 -1.7971914
8.4277143 6.6268554 -1.7971911
8.2653713 6.8282337 -1.7971911
7.5690036 7.5928659 -1.7971903
7.3836522 7.7732458 -1.7971902
7.0000973 8.1203365 -1.7971896
6.8021874 8.2868452 -1.7971895
6.1573434 8.7178173 -1.7891389
5.9720311 8.9036932 -1.797188
5.535625 9.1813831 -1.7971873
5.3125196 9.3122311 -1.797187
5.086328 9.4376812 -1.7971865
4.6251755 9.672019 -1.7971857
4.1533008 9.8838472 -1.7971847
3.9136326 9.981164 -1.7971841
3.4135742 10.116439 -1.7897788
2.4329491 10.441286 -1.7971809
1.1587695 10.658174 -1.7971777
0.64335936 10.701649 -1.7971764
-0.39078125 10.713825 -1.7971736
-1.1645508 10.657489 -1.7971712
-2.4801171 8.2522488 -1.6447639
-3.0703709 8.0512953 -1.6447619
-3.2636914 7.9748716 -1.6447613
-3.6445508 7.8081613 -1.6447599
-3.8318357 7.7179708 -1.6447593
-5.4078126 6.71526 -1.6457461
-4.5671678 5.1424398 -1.3128065
-6.0298438 6.1630821 -1.6457791
-6.1767383 6.0158153 -1.6457759
-6.3195701 5.864614 -1.6456546
-6.5939059 5.5519676 -1.6453575
-6.7255664 5.3909936 -1.6452689
-7.0966406 4.8897138 -1.6449977
-7.2121286 4.7168326 -1.6449059
-7.4303904 4.3629761 -1.6447186
-7.7265625 3.8142729 -1.6447424
-7.816328 3.6267743 -1.6447418
-7.9015231 3.4371576 -1.6447413
-7.9821677 3.2455413 -1.6447407
-8.1293945 2.8567607 -1.6447397
-8.1959963 2.6598163 -1.6447392
-8.3435154 2.2692394 -1.6504425
-9.2399998 1.8074707 -1.797135
-9.3903322 0.68240964 -1.7971328
-9.412324 0.22868042 -1.797132
-9.4150972 0.001552124 -1.7971317
-9.3905859 -0.67930055 -1.7971307
-9.3468752 -1.1314557 -1.7971301
-9.3168354 -1.3566079 -1.7971298
-9.2814064 -1.5809689 -1.7971295
-9.2405663 -1.8044143 -1.7971293
-9.1943359 -2.0268066 -1.797129
-9.0858784 -2.4679167 -1.7971286
-8.9562693 -2.9032893 -1.7971282
-8.6348829 -3.7527544 -1.7971278
-8.5418358 -3.95997 -1.7971278
-8.4438276 -4.1648769 -1.7971276
-8.3408785 -4.3673668 -1.7971276
-8.2330856 -4.5673089 -1.7971276
-8.1205072 -4.7645941 -1.7971276
-8.0031834 -4.9591055 -1.7971276
-7.6236324 -5.5248704 -1.7971278
-7.05582 -6.2337427 -1.7971281
-6.7469335 -6.5668149 -1.7971286
-6.5865426 -6.7276711 -1.7971287
-6.2543945 -7.0375714 -1.797129
-6.0827928 -7.1863608 -1.7971293
-5.3620505 -7.7390294 -1.7971303
-5.1738086 -7.8661485 -1.7971307
-4.9825583 -7.9886675 -1.7971311
-4.5914259 -8.219697 -1.7971318
-4.1896286 -8.4315939 -1.7971325
-3.9849999 -8.5302143 -1.797133
-3.7780468 -8.6238661 -1.7971333
-3.3577342 -8.7960634 -1.7971342
-2.9295115 -8.9477806 -1.7971351
-2.05375 -9.1884432 -1.7971371
-1.6081835 -9.2768116 -1.7971382
-1.3839062 -9.3129091 -1.7971388
-1.1588477 -9.3435812 -1.7971394
-0.48013672 -9.4029341 -1.7971411
-0.026035156 -9.4151583 -1.7971423
0.42812499 -9.4054623 -1.7971437
0.65490234 -9.3924055 -1.7971443
0.88128906 -9.3738747 -1.7971449
1.1071289 -9.3498926 -1.7971456
1.3323828 -9.3204651 -1.7971463
1.7804102 -9.2453585 -1.7971476
2.0028906 -9.1997232 -1.7971482
2.2242382 -9.1487293 -1.7971491
2.4442968 -9.0924215 -1.7971497
2.880039 -8.9639502 -1.797151
3.3090429 -8.8146143 -1.7971525
3.5207226 -8.7322216 -1.7971531
3.7303514 -8.6447554 -1.7971539
3.9378123 -8.5522518 -1.7971547
4.1429687 -8.4547749 -1.7971553
4.7435546 -8.1330519 -1.7971575
5.6877732 -7.5031357 -1.7971611
5.8671484 -7.3637466 -1.7971618
6.215488 -7.0721912 -1.7971632
6.3842969 -6.9201951 -1.797164
6.7106442 -6.6042094 -1.7971654
6.8680272 -6.4404078 -1.7971661
7.4566207 -5.7486863 -1.7971687
7.5931444 -5.5671344 -1.7971694
7.7252536 -5.3823466 -1.79717
7.8528709 -5.1944184 -1.7971706
7.9758592 -5.003469 -1.7971712
8.0942383 -4.8096018 -1.7971721
8.2079296 -4.6129432 -1.7971727
8.6142187 -3.8006163 -1.797175
8.7033987 -3.5917065 -1.7971755
3.0607617 -1.0109463 -0.61527151
3.0511913 -0.76816219 -0.600573
9.3095112 -1.4082174 -1.7971808
9.3408003 -1.1832269 -1.7971812
9.3869724 -0.73131317 -1.7971821
9.4113474 -0.27770111 -1.7971829
9.4153118 -0.050585326 -1.7971832
9.4067965 0.40360779 -1.797184
9.3943157 0.63041747 -1.7971842
9.3763666 0.85686094 -1.7971846
9.3529682 1.0828027 -1.7971848
9.3241014 1.3081195 -1.7971852
9.2501755 1.7563311 -1.7971857
9.2051563 1.9789691 -1.7971859
3.0499804 0.73310786 -0.5987553
3.0527344 0.81214231 -0.60296547
3.0557811 0.89242184 -0.60764396
3.0591404 0.97408932 -0.61280918
8.7415619 3.498009 -1.797187
8.465703 4.1209931 -1.7971873
8.1455269 4.722404 -1.7971873
8.0292578 4.9175305 -1.7971873
7.9082618 5.1097922 -1.7971873
7.7827148 5.2990785 -1.7971873
7.2358789 6.0243235 -1.797187
6.9368749 6.3663168 -1.7971867
6.7812891 6.5318112 -1.7971865
6.621738 6.6934924 -1.7971864
6.2912107 7.0050888 -1.7971859
6.1203709 7.1548181 -1.7971857
5.5869532 7.5786667 -1.7971848
5.4024997 7.7112389 -1.7971846
5.0242772 7.9628477 -1.797184
4.8306837 8.0817327 -1.7971836
4.634336 8.1958847 -1.7971834
4.4352732 8.3053246 -1.7971829
4.2336326 8.4099007 -1.7971826
4.0294919 8.5095787 -1.7971821
3.5994725 8.6582069 -1.789777
2.9762108 8.9326324 -1.7971799
2.541914 9.0657806 -1.7971789
2.3224609 9.1244555 -1.7971785
2.10166 9.177825 -1.7971778
0.75576168 9.384985 -1.7971745
0.52916014 9.4004745 -1.7971739
0.30222654 9.4104977 -1.7971734
0.075078122 9.4150448 -1.7971727
-0.15205078 9.4141188 -1.7971721
-0.37910154 9.407712 -1.7971715
-0.60593748 9.3958235 -1.7971709
-0.83244139 9.3784666 -1.7971702
-1.2838086 9.3273964 -1.7971689
-1.5084765 9.2937059 -1.7971683
-1.7891601 8.4290924 -1.6447661
-1.9919726 8.3834763 -1.6447654
-2.394043 8.2776356 -1.6447642
-2.5930078 8.2174654 -1.6447635
-2.9863281 8.0828342 -1.6447623
-3.1804688 8.0084314 -1.6447616
-3.3727343 7.9293661 -1.6447608
-3.75125 7.757452 -1.6447597
-3.9389257 7.6678648 -1.6454381
-4.12291 7.5708518 -1.6454911
-4.4835157 7.3635983 -1.6455843
-4.6599607 7.2534714 -1.6456242
-4.8337107 7.1391087 -1.6456594
-5.0045896 7.0205469 -1.6456903
-5.3375583 6.7711802 -1.6457381
-4.518867 5.1960425 -1.3144068
-4.6305661 5.0720191 -1.3109167
-4.7589254 4.9665027 -1.3129441
-6.2583985 5.9303207 -1.6457155
-6.3991013 5.7771225 -1.6455741
-6.7986717 5.2981043 -1.645218
-7.0454884 4.9634705 -1.6450367
-7.1627731 4.7917948 -1.6449457
-7.2758789 4.6173429 -1.6448534
-7.3847265 4.4402246 -1.6447595
-7.5902538 4.0788193 -1.6447432
-7.6864061 3.8945243 -1.6447427
-7.9479294 3.3284881 -1.6447411
-8.1677923 2.7450218 -1.6447395
-8.2316599 2.5471833 -1.644739
-8.2906837 2.3478601 -1.6447384
-8.7622852 2.2545629 -1.7269998
-9.334199 1.2318072 -1.7971339
-9.3611908 1.0062689 -1.7971334
-9.3827534 0.78015316 -1.797133
-9.414609 0.099602051 -1.7971318
-9.414258 -0.12754455 -1.7971314
-9.4084177 -0.35461363 -1.7971312
-9.3804102 -0.80800503 -1.7971306
-9.3304682 -1.2595105 -1.79713
-9.0512104 -2.5922787 -1.7971286
-8.9860153 -2.8098714 -1.7971284
-8.8400583 -3.2400293 -1.7971281
-8.7592964 -3.4523299 -1.797128
-8.6734762 -3.6626298 -1.7971278
-8.5825977 -3.8708019 -1.7971278
-8.3858986 -4.2802734 -1.7971276
-8.2802143 -4.4813294 -1.7971276
-8.1696682 -4.6797767 -1.7971276
-7.934453 -5.0683756 -1.7971276
-7.6807227 -5.4451895 -1.7971278
-7.4091601 -5.8093247 -1.797128
-7.2668943 -5.9863701 -1.797128
-7.1203513 -6.1599321 -1.7971281
-6.6562304 -6.65871 -1.7971286
-5.9836717 -7.2690058 -1.7971295
-5.8065624 -7.4112787 -1.7971298
-5.2554297 -7.8118382 -1.7971306
-4.8725195 -8.0562372 -1.7971313
-4.478281 -8.2818832 -1.7971319
-4.0735936 -8.4882574 -1.7971327
-3.8676758 -8.5840578 -1.7971331
-3.6594532 -8.674861 -1.7971336
-3.2367773 -8.8412771 -1.7971345
-3.0225585 -8.9167871 -1.797135
-2.3698437 -9.1120291 -1.7971365
-1.9275781 -9.2157383 -1.7971374
-1.7046875 -9.2595625 -1.797138
-1.4808203 -9.2979927 -1.7971387
-0.57800782 -9.3974218 -1.797141
-0.35117188 -9.408637 -1.7971416
0.10306641 -9.4146299 -1.7971427
0.78363281 -9.3825426 -1.7971445
1.0097461 -9.3609152 -1.7971454
1.2352734 -9.3338327 -1.797146
1.460039 -9.3013258 -1.7971466
1.6840234 -9.2633972 -1.7971473
1.9069922 -9.2200813 -1.797148
2.1288671 -9.1713972 -1.7971487
2.3494921 -9.1173811 -1.7971493
3.0026758 -8.9236135 -1.7971514
3.2170703 -8.8485889 -1.7971522
3.6401172 -8.6831274 -1.7971536
4.0547266 -8.4974508 -1.7971549
4.2585349 -8.3971701 -1.7971557
4.4598241 -8.2919922 -1.7971565
4.8546286 -8.067234 -1.7971579
5.425293 -7.6950669 -1.79716
5.6093359 -7.5619555 -1.7971607
5.9675584 -7.2826047 -1.7971623
6.6415038 -6.6737247 -1.797165
6.8005857 -6.5115671 -1.7971658
6.9557223 -6.3456206 -1.7971663
7.2537107 -6.0027456 -1.7971678
7.3963671 -5.8260126 -1.7971684
7.5347848 -5.6458969 -1.7971692
7.9233203 -5.0862522 -1.7971711
8.0436916 -4.8936319 -1.7971717
8.2704096 -4.4999576 -1.797173
8.4778709 -4.0958176 -1.7971742
8.5741987 -3.8901079 -1.7971748
8.6655464 -3.6821389 -1.7971754
3.0623631 -1.0469702 -0.61775512
3.0553906 -0.88247037 -0.60704267
9.2943554 -1.5050839 -1.7971807
9.3561134 -1.0550342 -1.7971815
9.3788671 -0.82902372 -1.7971818
9.4142771 -0.14861938 -1.797183
9.4151173 0.0785321 -1.7971835
9.410449 0.30563721 -1.7971838
9.4003906 0.53256166 -1.7971841
9.3847656 0.75918031 -1.7971845
9.3372459 1.2109576 -1.7971851
9.2679682 1.6599164 -1.7971854
9.225234 1.8830121 -1.7971858
3.0515039 0.77788574 -0.60109168
8.8571291 3.1940582 -1.7971869
8.6029491 3.8261955 -1.7971872
8.4083786 4.2366943 -1.7971873
8.1942768 4.6373296 -1.7971873
7.7093163 5.405304 -1.7971873
7.4396091 5.7708521 -1.7971872
7.298203 5.9486475 -1.797187
6.6910739 6.6241846 -1.7971864
6.3637891 6.9391966 -1.7971861
6.1945505 7.0906968 -1.7971858
6.021699 7.23807 -1.7971857
5.8453317 7.3812232 -1.7971853
5.6655469 7.5200839 -1.7971851
5.2962303 7.784596 -1.7971845
5.1068945 7.9100986 -1.7971841
4.9146094 8.0309925 -1.7971838
4.7194724 8.1471224 -1.7971835
4.3209958 8.3653584 -1.7971827
3.9124804 8.5640297 -1.797182
3.7047069 8.655921 -1.7971815
3.069082 8.9011555 -1.7971802
2.6361718 9.0388203 -1.7971792
2.4173241 9.0997763 -1.7971786
1.7529492 9.2507515 -1.7971771
1.5292578 9.2903442 -1.7971765
1.079414 9.3532925 -1.7971754
0.62699217 9.3944654 -1.7971742
0.40021482 9.4068432 -1.7971736
-0.053984374 9.4151888 -1.7971723
-0.28109375 9.4111481 -1.7971717
-0.73472655 9.3866282 -1.7971705
-0.96091795 9.3661709 -1.7971698
-1.1866015 9.3402557 -1.7971692
-1.411582 9.3089142 -1.7971685
-1.6199609 9.1827278 -1.7798365
-1.7012695 8.4472742 -1.6447663
-1.9046093 8.4037666 -1.6447656
-2.1067188 8.3553677 -1.644765
-2.3077147 8.3021154 -1.6447644
-2.7054687 8.1811371 -1.6447631
-2.9020116 8.1134939 -1.6447625
-3.6702733 7.7960958 -1.6447599
-4.0437889 7.6132822 -1.6454688
-4.2263865 7.5137377 -1.6455195
-4.7590818 7.1889782 -1.6456448
-4.9311719 7.0722251 -1.6456776
-5.2667189 6.8263645 -1.6457295
-5.4299607 6.6973972 -1.6457486
-4.470449 5.2497668 -1.3161504
-4.5824413 5.1254807 -1.3123299
-6.050117 6.1431527 -1.6457789
-6.3388085 5.8436608 -1.6456354
-6.4774022 5.6885571 -1.6454934
-6.6121287 5.530138 -1.6453454
-6.8704491 5.2042065 -1.6451646
-6.9935937 5.0366778 -1.6450747
-7.1126561 4.8662353 -1.6449852
-7.4446874 4.3383985 -1.6447057
-7.6454296 3.9743512 -1.6447428
-7.9128513 3.4110644 -1.6447412
-7.9928317 3.2191894 -1.6447407
-8.1387691 2.8299205 -1.6447396
-8.2046871 2.6327586 -1.6447392
-8.2658005 2.4340613 -1.6447387
-9.1494331 2.2208667 -1.7971358
-9.2459373 1.7769713 -1.797135
-9.320879 1.3289367 -1.797134
-9.3123236 -1.3873419 -1.7971298
-9.2345505 -1.8348956 -1.7971292
-8.9466791 -2.932831 -1.7971282
-8.8732815 -3.1478026 -1.7971281
-8.7948046 -3.3609331 -1.797128
-8.6224022 -3.7812278 -1.7971278
-8.3264256 -4.3948588 -1.7971276
-8.1047459 -4.7913632 -1.7971276
-7.9867773 -4.9854803 -1.7971276
-7.8641992 -5.1767054 -1.7971276
-7.737031 -5.3649116 -1.7971276
-7.605371 -5.5499992 -1.7971278
-7.4692578 -5.7318592 -1.7971278
-7.184082 -6.0854583 -1.7971281
-6.8822265 -6.4248862 -1.7971284
-6.725234 -6.5890374 -1.7971286
-6.5643163 -6.7493601 -1.7971287
-6.39957 -6.9057384 -1.7971289
-6.2311325 -7.0581641 -1.7971292
-6.0590429 -7.2063951 -1.7971293
-5.7044139 -7.4902587 -1.79713
-5.52209 -7.6257367 -1.7971301
-5.3364844 -7.7566891 -1.7971303
-4.7615819 -8.1222973 -1.7971314
-4.3642969 -8.3425179 -1.7971323
-3.9568357 -8.5433187 -1.797133
-3.7495701 -8.6362877 -1.7971334
-3.1152344 -8.8848295 -1.7971349
-2.8999999 -8.9573946 -1.7971352
-2.6830859 -9.0247498 -1.7971357
-2.4645898 -9.086853 -1.7971362
-1.8009961 -9.2413101 -1.7971377
-1.5775585 -9.2820673 -1.7971383
-0.67583984 -9.3908949 -1.7971406
-0.22210938 -9.4125729 -1.7971418
0.91218746 -9.3709145 -1.797145
1.1380273 -9.3461905 -1.7971456
1.8108984 -9.2394342 -1.7971476
2.2544336 -9.1413469 -1.7971491
2.4742773 -9.0843048 -1.7971498
3.1247265 -8.8815985 -1.7971519
3.3381054 -8.8036432 -1.7971525
3.9660156 -8.5392084 -1.7971547
4.3732419 -8.337986 -1.7971562
4.573164 -8.2300653 -1.7971569
5.5302734 -7.6199546 -1.7971605
5.8913865 -7.3443551 -1.7971618
6.0668554 -7.200098 -1.7971625
6.2387891 -7.0516491 -1.7971634
6.4071093 -6.8990955 -1.797164
6.5716796 -6.7425265 -1.7971647
7.1907811 -6.0779552 -1.7971674
7.3353124 -5.9027219 -1.7971683
7.6114645 -5.5420489 -1.7971694
7.7429686 -5.3568258 -1.7971702
7.8699412 -5.1684775 -1.7971709
7.9923434 -4.9771247 -1.7971715
8.4347067 -4.1838727 -1.7971739
8.6267185 -3.7721701 -1.797175
8.7151756 -3.5629632 -1.7971758
8.7986135 -3.3516867 -1.7971764
3.0536327 -0.83678067 -0.60435903
9.2368355 -1.8251504 -1.7971798
9.3697071 -0.92664367 -1.7971816
9.3893557 -0.70034546 -1.7971821
9.41539 -0.019519653 -1.7971834
9.4131641 0.20762146 -1.7971836
9.3922071 0.66140807 -1.7971842
9.3493557 1.1136559 -1.7971848
9.2443552 1.786839 -1.7971857
3.0531249 0.82304627 -0.60357761
3.0562108 0.90350586 -0.60832119
8.7299604 3.5268352 -1.797187
8.6423435 3.7364073 -1.7971872
8.3495111 4.3515973 -1.7971873
8.012969 4.9439859 -1.7971873
7.3598242 5.8723192 -1.797187
7.2159958 6.0481577 -1.797187
7.0680075 6.2204723 -1.7971869
6.9158592 6.3891664 -1.7971867
6.7597265 6.5541468 -1.7971865
6.2680664 7.0258055 -1.7971859
5.9218554 7.3199573 -1.7971854
5.561914 7.5970616 -1.7971848
4.607285 8.2110872 -1.7971832
4.4078708 8.3199158 -1.7971829
4.0014062 8.5228281 -1.7971821
3.7946484 8.6168776 -1.7971816
3.5708787 8.670043 -1.7897769
3.360703 8.7536545 -1.7897766
3.161582 8.8687181 -1.7971803
2.7301366 9.0108852 -1.7971793
2.2923241 9.1320686 -1.7971783
1.4017187 9.3104477 -1.7971761
1.1767187 9.3415489 -1.7971758
0.95103514 9.3672199 -1.797175
0.7247656 9.3874302 -1.7971745
-0.1830664 9.4135656 -1.7971721
-0.63695312 9.3937788 -1.7971706
-1.3145703 9.3231068 -1.7971689
-2.2211328 8.3256931 -1.6447647
-2.4213281 8.2696896 -1.6447641
-2.6201367 8.208869 -1.6447635
-2.8174219 8.1432705 -1.6447629
-3.0130076 8.072938 -1.644762
-3.2068553 7.9978952 -1.6447614
-3.5888867 7.8338904 -1.6447601
-3.7768359 7.7450328 -1.6447595
-3.9642186 7.6548643 -1.6454455
-4.147871 7.55724 -1.6454982
-4.3291407 7.4551964 -1.6455464
-4.8572264 7.1231298 -1.645664
-5.1953712 6.8807931 -1.6457199
-5.3599024 6.7535434 -1.645741
-4.4427147 5.3286228 -1.3242494
-4.5341797 5.179038 -1.3138839
-4.6458006 5.0550947 -1.310498
-4.7983789 4.9746971 -1.3192902
-6.1337695 6.0595922 -1.6457772
-6.2778711 5.9095774 -1.6456962
-6.4180274 5.7559128 -1.6455548
-6.554316 5.5988269 -1.6453832
-6.6871676 5.4387927 -1.6452953
-6.8160348 5.2756019 -1.6452056
-6.940918 5.1093578 -1.6451143
-7.0617771 4.9401593 -1.6450244
-7.1784959 4.7680988 -1.6449331
-7.2909961 4.5932789 -1.6448407
-7.3992772 4.4157972 -1.6447443
-7.6036716 4.0537548 -1.6447432
-7.6992188 3.8691449 -1.6447425
-7.7903318 3.6822827 -1.6447419
-7.8768749 3.4932818 -1.6447415
-7.9588475 3.3022406 -1.6447408
-8.036191 3.1092808 -1.6447405
-8.1088867 2.9145129 -1.64474
-8.2400389 2.52 -1.6447389
-8.8761721 2.2526581 -1.7479713
-9.2269335 1.8731524 -1.7971351
-9.2693939 1.650014 -1.7971346
-9.3065424 1.4259247 -1.7971342
-9.3382025 1.2009966 -1.7971338
-9.385293 0.74918395 -1.797133
-9.4006052 0.52255672 -1.7971325
-9.4148436 0.068516843 -1.7971318
-9.4138088 -0.15861969 -1.7971314
-9.4071875 -0.3856729 -1.7971311
-9.377676 -0.83894408 -1.7971303
-9.3262691 -1.2902896 -1.7971298
-9.2924213 -1.5148996 -1.7971296
-9.2085543 -1.9613454 -1.7971292
-9.1032419 -2.4032204 -1.7971287
-9.0425978 -2.622124 -1.7971286
-8.9055853 -3.0552294 -1.7971282
-8.569746 -3.8991077 -1.7971278
-8.3717384 -4.3079185 -1.7971276
-7.917695 -5.0945392 -1.7971276
-7.5285544 -5.6537647 -1.7971278
-7.3899608 -5.8337455 -1.797128
-7.0999804 -6.1834016 -1.7971281
-6.94875 -6.3528728 -1.7971282
-6.793457 -6.5186591 -1.7971284
-6.4711523 -6.8387485 -1.7971289
-6.3042774 -6.992888 -1.797129
-5.4169922 -7.7006893 -1.7971303
-4.4509373 -8.2966166 -1.797132
-4.2494726 -8.401577 -1.7971324
-4.0455856 -8.5016499 -1.7971328
-3.8393359 -8.5967712 -1.7971333
-3.6308007 -8.6868944 -1.7971336
-3.4201758 -8.7719545 -1.797134
-3.2075779 -8.8519096 -1.7971345
-2.9930859 -8.9267149 -1.797135
-2.339746 -9.1198006 -1.7971365
-1.8971288 -9.2220497 -1.7971376
-1.674121 -9.2651386 -1.797138
-1.4501367 -9.3028278 -1.7971387
-0.54703122 -9.399271 -1.797141
-0.32009766 -9.4097424 -1.7971416
-0.093027338 -9.4147348 -1.7971421
0.13414063 -9.4142408 -1.7971427
0.36117187 -9.4082689 -1.7971435
0.58804685 -9.3968191 -1.7971442
0.81457031 -9.3799047 -1.7971448
1.2660156 -9.3297052 -1.7971461
1.4907227 -9.2964563 -1.7971467
1.7145898 -9.2577906 -1.7971473
1.9373828 -9.2137318 -1.7971481
2.159121 -9.1643219 -1.7971487
3.0320897 -8.9136591 -1.7971516
3.2462499 -8.8379269 -1.7971522
3.8768554 -8.5800428 -1.7971543
4.0827146 -8.484026 -1.7971551
4.4871678 -8.2772341 -1.7971565
4.8812304 -8.051177 -1.797158
5.2638669 -7.8063745 -1.7971594
5.450664 -7.6771202 -1.7971601
5.8146091 -7.4052863 -1.7971616
5.9915624 -7.2628698 -1.7971623
6.1650391 -7.1162205 -1.797163
6.663496 -6.6517711 -1.7971652
6.8220506 -6.4890881 -1.7971658
6.9766016 -6.3226299 -1.7971666
7.2734375 -5.9787707 -1.7971679
7.4155469 -5.8015766 -1.7971685
7.553359 -5.6209984 -1.7971692
7.9400582 -5.0600843 -1.7971711
8.174902 -4.6712198 -1.7971725
8.2851954 -4.4726505 -1.7971731
8.3906832 -4.2714758 -1.7971737
8.5869532 -3.8617985 -1.7971748
3.0618358 -1.0355252 -0.61695808
3.054961 -0.87143677 -0.60638267
9.2609568 -1.6983066 -1.7971802
9.2992573 -1.4744042 -1.7971807
9.3321095 -1.2496417 -1.797181
9.3595505 -1.0241525 -1.7971815
9.4147263 -0.11754974 -1.797183
9.3985348 0.56358397 -1.7971841
9.382226 0.79014587 -1.7971845
9.3604097 1.0162524 -1.7971847
9.3331833 1.2417638 -1.7971851
9.3005276 1.4665576 -1.7971853
9.2189846 1.9134258 -1.7971858
3.0518749 0.78871399 -0.60167533
3.0548632 0.8686108 -0.6062144
3.058125 0.94985408 -0.6112352
8.6807814 3.6462071 -1.7971872
8.5902929 3.854558 -1.7971872
8.2890816 4.4656963 -1.7971873
8.064023 4.8602881 -1.7971873
7.9444332 5.0534058 -1.7971873
7.6914454 5.4307079 -1.7971873
7.5581641 5.6146741 -1.7971872
6.8276172 6.483408 -1.7971865
6.5069528 6.8051672 -1.7971863
6.1710935 7.1111035 -1.7971858
5.9977927 7.2579041 -1.7971854
5.6407032 7.5387402 -1.7971851
5.2705274 7.802031 -1.7971845
5.0807614 7.9269104 -1.7971841
4.4942384 8.2735558 -1.797183
4.2933593 8.3795691 -1.7971826
4.0899415 8.4806976 -1.7971823
3.2537889 8.83531 -1.7971807
3.0397069 8.9112339 -1.7971799
2.8238084 8.9819603 -1.7971796
2.606328 9.0474691 -1.7971791
2.3873045 9.1077051 -1.7971786
1.7224219 9.256484 -1.797177
1.0485351 9.3568039 -1.7971753
0.82248044 9.3793726 -1.7971748
-0.99185544 9.3629494 -1.7971698
-1.2174219 9.3362885 -1.797169
-1.6259766 9.04212 -1.7536136
-1.7291601 8.4416065 -1.6447662
-3.5071287 7.8708444 -1.6447604
-3.6959765 7.7839475 -1.6447598
-3.883867 7.69484 -1.6452557
-4.0689063 7.5999312 -1.645476
-4.2512107 7.4997864 -1.6455261
-4.4309764 7.3952537 -1.6455717
-4.608242 7.2863855 -1.645613
-4.9544725 7.0559349 -1.6456817
-5.1233592 6.9344726 -1.6457094
-4.7102733 4.986248 -1.3092711
-6.0703321 6.1231503 -1.6457787
-6.3579688 5.8226428 -1.6456159
-6.4960155 5.6670785 -1.6454741
-6.8875194 5.1814671 -1.6451526
-7.2429686 4.6690588 -1.6448807
-7.353086 4.4927115 -1.6447873
-7.4588866 4.3137732 -1.6446927
-7.5610547 4.1327076 -1.6447433
-8.0033789 3.192802 -1.6447406
-8.1480856 2.8030541 -1.6447396
-8.2738476 2.4067829 -1.6447386
-9.2911911 1.5227624 -1.7971345
-9.3769722 0.84687865 -1.7971331
-9.4068747 0.39360777 -1.7971324
-9.4136324 0.16656005 -1.7971319
-9.4149218 -0.060581055 -1.7971317
-9.4106836 -0.28768525 -1.7971312
-9.4010353 -0.51462674 -1.7971308
-9.3858595 -0.74126494 -1.7971306
-9.3391991 -1.1931168 -1.79713
-9.2708006 -1.6421914 -1.7971295
-9.0694141 -2.5278344 -1.7971286
-9.0058002 -2.745887 -1.7971284
-8.7836523 -3.3899333 -1.797128
-8.3118553 -4.4223118 -1.7971276
-8.2027931 -4.6215382 -1.7971276
-7.4503121 -5.7564635 -1.7971278
-7.0145116 -6.2801666 -1.7971282
-6.7034373 -6.6111965 -1.7971286
-6.2078123 -7.0786972 -1.7971292
-5.6796679 -7.5090551 -1.79713
-5.4968748 -7.643887 -1.7971302
-5.3108788 -7.7742591 -1.7971306
-5.1217966 -7.9001217 -1.7971308
-4.7348046 -8.137969 -1.7971314
-4.1338673 -8.4590702 -1.7971327
-3.7210546 -8.6486139 -1.7971334
-3.5113866 -8.7358608 -1.7971339
-3.2996092 -8.8180275 -1.7971344
-2.8704102 -8.9669161 -1.7971352
-2.2144725 -9.1510267 -1.7971368
-1.9930663 -9.2017946 -1.7971373
-1.546914 -9.2872229 -1.7971383
-1.097168 -9.3510275 -1.7971395
-0.64486325 -9.3930731 -1.7971407
-0.19105469 -9.4132557 -1.797142
0.036093749 -9.4151258 -1.7971426
0.26322266 -9.41152 -1.7971432
0.49015623 -9.4024343 -1.7971438
1.1688281 -9.3423834 -1.7971458
1.3938671 -9.3114672 -1.7971464
1.8413476 -9.233407 -1.7971478
2.7224803 -9.0130434 -1.7971505
2.939121 -8.9447432 -1.7971513
3.5782616 -8.7087994 -1.7971535
3.7873437 -8.6199455 -1.7971541
3.9941406 -8.5260859 -1.7971548
4.4007421 -8.3235149 -1.7971562
4.7971287 -8.1015711 -1.7971578
5.5554099 -7.6016674 -1.7971606
5.9156251 -7.324873 -1.7971619
6.0905857 -7.1800375 -1.7971628
6.2620506 -7.0310216 -1.7971634
6.4298043 -6.8779111 -1.7971641
6.5938668 -6.7208018 -1.7971649
6.9103904 -6.3949413 -1.7971662
7.0626559 -6.2263799 -1.7971668
7.2107811 -6.0541902 -1.7971677
7.6297264 -5.5168991 -1.7971696
7.8869724 -5.1424804 -1.7971709
8.0086908 -4.9507174 -1.7971716
8.238203 -4.5586762 -1.7971728
8.3457422 -4.3586087 -1.7971734
3.0563476 -0.90635252 -0.60849679
3.0532422 -0.82584685 -0.60373592
3.0504296 -0.74660736 -0.59944588
9.2428122 -1.7946578 -1.7971799
9.2833986 -1.5711648 -1.7971804
9.3186331 -1.3467599 -1.7971809
9.372695 -0.89571869 -1.7971818
9.3916206 -0.66935456 -1.7971821
9.4050388 -0.44259796 -1.7971826
9.4129877 -0.21558715 -1.7971829
9.4124212 0.23868591 -1.7971836
9.4039059 0.46567687 -1.797184
9.345644 1.1445031 -1.7971848
9.2383986 1.8173382 -1.7971858
3.0639062 1.0803516 -0.62012315
8.629961 3.764909 -1.7971872
8.5366211 3.9720001 -1.7971873
8.4383202 4.1767802 -1.7971873
8.3351173 4.3791289 -1.7971873
8.2270117 4.5789127 -1.7971873
7.8743749 5.1618605 -1.7971873
7.7475586 5.3503175 -1.7971873
7.6162305 5.5356565 -1.7971872
7.4804688 5.7177782 -1.7971872
7.3403516 5.8965745 -1.797187
7.0473828 6.243762 -1.7971869
6.8947263 6.4119554 -1.7971867
6.0730271 7.1950512 -1.7971857
5.8976755 7.3394604 -1.7971853
5.5368357 7.6153722 -1.7971848
5.3514843 7.746727 -1.7971846
5.1630468 7.8735704 -1.7971842
4.7772851 8.1134462 -1.7971835
3.9732225 8.5359859 -1.797182
3.7662108 8.6293488 -1.7971816
3.5422461 8.681777 -1.7897769
3.1323047 8.8790998 -1.7971803
2.917207 8.952076 -1.7971798
2.700371 9.0198431 -1.7971793
2.4820116 9.0823603 -1.7971787
2.262207 9.1395788 -1.7971783
2.0410547 9.1914911 -1.7971777
1.595371 9.279233 -1.7971766
1.3710546 9.3150177 -1.7971761
0.92015624 9.3702936 -1.7971749
0.69380856 9.3897657 -1.7971743
-0.21417968 9.4129124 -1.797172
-0.66792965 9.3916245 -1.7971706
-1.1201367 9.348465 -1.7971693
-1.8447655 8.4171028 -1.6447659
-2.0472655 8.3701487 -1.6447653
-2.2486131 8.3183193 -1.6447647
-2.6471875 8.2001743 -1.6447634
-3.8024023 7.7325253 -1.6447595
-4.3537107 7.440908 -1.6455526
-4.5320702 7.3338985 -1.6455957
-5.2180076 6.8636255 -1.6457229
-4.5494919 5.1620617 -1.3133764
-4.6610155 5.0381927 -1.3100946
-6.1537499 6.0393271 -1.6457766
-6.297246 5.8887534 -1.645677
-7.3060741 4.5691581 -1.6448278
-7.8883591 3.4672644 -1.6447415
-7.969707 3.2759552 -1.6447408
-8.0463867 3.0827472 -1.6447405
-8.1184759 2.887738 -1.6447397
-8.2482424 2.4927967 -1.6447389
-9.1858978 2.0648906 -1.7971356
-9.2748241 1.6194153 -1.7971346
-9.3421087 1.1701928 -1.7971338
-9.3676367 0.94448668 -1.7971333
-9.4022655 0.49155089 -1.7971325
-9.415019 0.037470702 -1.7971318
-9.405879 -0.41669554 -1.7971311
-9.3511133 -1.0957943 -1.7971301
-9.3219728 -1.3210623 -1.7971298
-9.2020311 -1.9917233 -1.797129
-9.0338869 -2.651953 -1.7971284
-8.9672852 -2.8691101 -1.7971282
-8.8954487 -3.0845995 -1.7971281
-8.7363472 -3.5100689 -1.797128
-8.35748 -4.3355193 -1.7971276
-8.2504492 -4.5358839 -1.7971276
-8.0220699 -4.9285555 -1.7971276
-7.7750192 -5.3097458 -1.7971276
-7.6446285 -5.4957628 -1.7971278
-7.3706446 -5.8580847 -1.797128
-7.2272067 -6.0341911 -1.797128
-7.0795312 -6.2067804 -1.7971281
-6.7719531 -6.5410295 -1.7971284
-6.6121874 -6.702487 -1.7971287
-6.4485545 -6.8600507 -1.7971289
-6.2812109 -7.0136638 -1.797129
-6.1101561 -7.1631098 -1.7971293
-5.3915429 -7.7185421 -1.7971303
-4.8192382 -8.0882196 -1.7971313
-4.2217383 -8.4155531 -1.7971325
-3.3912303 -8.7831879 -1.7971342
-2.52916 -9.0690823 -1.7971361
-2.088789 -9.1805305 -1.7971371
-1.8667186 -9.2282619 -1.7971376
-1.6435547 -9.2706079 -1.7971382
-1.4194336 -9.30756 -1.7971388
-0.96882808 -9.365202 -1.7971399
-0.74261719 -9.3858471 -1.7971405
-0.51597655 -9.4010372 -1.7971411
0.16517578 -9.4137449 -1.7971429
0.39222655 -9.4070253 -1.7971435
0.61906248 -9.3948288 -1.7971442
1.0714648 -9.354043 -1.7971455
1.5214062 -9.2914867 -1.7971469
1.7451367 -9.2520819 -1.7971475
1.9677929 -9.2072945 -1.7971481
2.1893554 -9.1571484 -1.7971488
2.4096093 -9.1016779 -1.7971497
2.6284959 -9.0409021 -1.7971503
2.8458006 -8.9748678 -1.797151
3.2753906 -8.8271666 -1.7971524
3.6973436 -8.6589146 -1.7971537
3.9051561 -8.5672073 -1.7971545
4.3138671 -8.3688831 -1.7971559
4.5144725 -8.2623835 -1.7971567
4.7125001 -8.1510801 -1.7971574
4.9077344 -8.0350256 -1.7971581
5.1001759 -7.9143004 -1.7971587
5.6591601 -7.5247693 -1.7971609
5.8390036 -7.3860669 -1.7971617
6.1884766 -7.0958371 -1.797163
6.3578124 -6.9445128 -1.7971638
6.5234962 -6.789115 -1.7971646
6.6854296 -6.6297741 -1.7971652
6.9974022 -6.2996001 -1.7971666
7.2930856 -5.9547677 -1.7971679
7.571836 -5.5960736 -1.7971693
7.7046871 -5.4117899 -1.7971699
7.8329492 -5.2243481 -1.7971706
7.9566793 -5.0338674 -1.7971712
8.5996675 -3.8334601 -1.7971749
3.0577734 -0.94153321 -0.61070275
3.051621 -0.78066498 -0.60124093
9.175312 -2.1127715 -1.7971792
9.2236128 -1.890813 -1.7971797
9.3040819 -1.4437237 -1.7971808
9.3361912 -1.2188535 -1.7971812
9.3628902 -0.99327695 -1.7971815
9.38414 -0.76712006 -1.797182
9.4102144 -0.31359985 -1.7971827
9.415019 -0.086502075 -1.7971832
9.4143944 0.14065246 -1.7971835
9.4082613 0.36772034 -1.7971838
9.3966408 0.59457642 -1.7971842
9.3795509 0.82108581 -1.7971846
9.3290234 1.272539 -1.7971851
9.2956448 1.4972216 -1.7971853
9.2567968 1.7210326 -1.7971857
3.0522656 0.79956907 -0.60226887
3.0552733 0.87964231 -0.60687256
3.0585938 0.96107906 -0.61195934
3.0622461 1.0440338 -0.6175496
8.7548237 3.4646442 -1.797187
8.5775194 3.8828869 -1.7971872
8.163476 4.6913066 -1.7971873
8.0479298 4.8868756 -1.7971873
7.9276953 5.079597 -1.7971873
7.8028512 5.2693639 -1.7971873
7.5396094 5.6395874 -1.7971872
6.9611325 6.3398194 -1.7971867
6.6472459 6.6681933 -1.7971864
6.317832 6.981051 -1.7971859
6.1476169 7.1314292 -1.7971858
5.9737692 7.2776599 -1.7971854
5.7965035 7.4196458 -1.7971852
5.6158204 7.5573144 -1.7971851
5.2447462 7.8193831 -1.7971845
5.0545506 7.943634 -1.7971841
4.4669142 8.2883558 -1.797183
4.2656641 8.3936977 -1.7971826
4.0619335 8.4941578 -1.7971821
3.8558202 8.589673 -1.7971818
3.6474998 8.6801863 -1.7971814
3.2246094 8.8460073 -1.7971804
2.3572655 9.1155281 -1.7971785
1.4679492 9.3002291 -1.7971764
1.2431836 9.3329401 -1.7971759
1.0176562 9.3602133 -1.7971753
0.79158199 9.3820343 -1.7971747
0.33810547 9.4092798 -1.7971734
-0.11611328 9.4146271 -1.7971722
-0.34320313 9.4090862 -1.7971716
-1.0227149 9.3596277 -1.7971696
-2.560703 7.2344127 -1.644762
-2.9066796 7.1024656 -1.6447608
-3.2458203 6.9540014 -1.6447597
-3.4126561 6.8736706 -1.6447592
-3.5774412 6.7893395 -1.6447586
-4.2150974 6.4131675 -1.6447904
-4.3686523 6.3097301 -1.6448202
-4.5196872 6.202601 -1.6448458
-4.8136911 5.9775195 -1.6448849
-4.5534177 5.1269445 -1.4696172
-5.0061913 5.1168079 -1.5342208
-5.4981251 5.3548961 -1.6449113
-5.6257029 5.220675 -1.6449043
-5.7499609 5.0834179 -1.6448932
-5.8708396 4.9431815 -1.644878
-5.9883204 4.8000479 -1.6448587
-6.2126756 4.5054893 -1.6448073
-6.5220118 4.0442691 -1.6447461
-6.7094727 3.7249811 -1.644745
-6.8813281 3.3970196 -1.644744
-7.0371485 3.0611565 -1.644743
-7.1089649 2.8905022 -1.6447425
-7.240078 2.5442493 -1.6447418
-8.0912695 2.2006335 -1.7971388
-8.1880074 1.8077997 -1.7971379
-8.2292185 1.6097485 -1.7971376
-8.375351 0.40583006 -1.7971351
-8.3826952 0.2036621 -1.7971349
-8.3754683 -0.40306121 -1.7971339
-8.3633003 -0.60499024 -1.7971336
-8.3462887 -0.80656797 -1.7971333
-8.3243752 -1.0076776 -1.797133
-8.2660742 -1.4080228 -1.7971325
-8.2297068 -1.6070236 -1.7971324
-8.1426172 -2.0020983 -1.7971319
-8.0919533 -2.1979473 -1.7971318
-8.036582 -2.392513 -1.7971317
-7.9765429 -2.585691 -1.7971314
-7.9118357 -2.7773607 -1.7971313
-7.768652 -3.1557419 -1.7971312
-7.6902537 -3.3422344 -1.7971311
-7.6074219 -3.5267808 -1.7971311
-7.3324609 -4.0676804 -1.7971308
-7.2321677 -4.2433853 -1.7971308
-6.9064059 -4.7552695 -1.7971311
-6.7896676 -4.9204936 -1.7971311
-6.669004 -5.0828485 -1.7971311
-6.5444336 -5.2422557 -1.7971312
-6.4160547 -5.3986101 -1.7971313
-6.148242 -5.7018228 -1.7971314
-5.8659959 -5.9917064 -1.7971318
-5.7197657 -6.131474 -1.797132
-5.5702147 -6.2678037 -1.7971323
-5.2614255 -6.5290504 -1.7971327
-5.1023631 -6.6540771 -1.7971328
-4.6078124 -7.0056419 -1.7971336
-4.4374804 -7.114759 -1.7971339
-4.2645311 -7.219749 -1.7971342
-4.0891795 -7.3205247 -1.7971345
-3.7313085 -7.5092416 -1.7971352
-3.3647656 -7.6804748 -1.7971361
-2.9904101 -7.8338342 -1.7971368
-2.8005273 -7.9036951 -1.7971371
-2.2216797 -8.0855341 -1.7971385
-2.025996 -8.136775 -1.7971389
-1.6311718 -8.2250233 -1.7971399
-1.4322461 -8.2619915 -1.7971404
-1.2325195 -8.2941399 -1.797141
-1.0320703 -8.3214607 -1.7971414
-0.62949216 -8.3615656 -1.7971425
-0.42761719 -8.3743172 -1.7971429
-0.22546874 -8.3822021 -1.7971435
0.58322263 -8.3649397 -1.7971456
0.98607421 -8.3270798 -1.7971469
1.3865429 -8.2698317 -1.7971481
1.9809375 -8.1479187 -1.7971499
2.176914 -8.0977602 -1.7971505
2.3716407 -8.0428944 -1.7971511
2.5649805 -7.9833488 -1.7971518
2.7567968 -7.9191551 -1.7971524
2.9470313 -7.8503494 -1.797153
3.1355662 -7.7769723 -1.7971536
3.5070312 -7.6166863 -1.7971549
3.8703516 -7.4386692 -1.7971562
4.0486717 -7.3431411 -1.7971568
4.3981247 -7.1393185 -1.7971581
4.5690818 -7.0311465 -1.7971587
4.9029102 -6.8025937 -1.79716
5.2253122 -6.5581894 -1.7971613
5.382031 -6.4302316 -1.7971619
5.5355663 -6.2985358 -1.7971625
5.9765625 -5.8817468 -1.7971644
6.1166992 -5.7358603 -1.797165
6.2533007 -5.5866356 -1.7971656
6.3862109 -5.4341559 -1.7971662
6.5154881 -5.2785172 -1.7971668
6.9937496 -4.6261749 -1.7971693
7.1033397 -4.4561133 -1.7971699
7.3099999 -4.1083078 -1.797171
7.4070115 -3.9307702 -1.7971715
7.4996481 -3.7509413 -1.7971721
7.5879683 -3.5689371 -1.7971727
7.826211 -3.0108714 -1.7971742
3.1185155 -1.0300238 -0.70388275
3.114414 -0.9459787 -0.69760364
3.110703 -0.86345947 -0.69190335
3.1073437 -0.78230619 -0.68675858
8.1786718 -1.8504514 -1.797177
8.3853121 -0.045051269 -1.7971804
8.366601 0.56145382 -1.7971814
8.3506641 0.76312375 -1.7971816
8.3298044 0.96435118 -1.7971818
8.3040819 1.1650164 -1.7971821
8.2735939 1.3650012 -1.7971824
3.1059766 0.74656433 -0.68464088
3.1127343 0.90905029 -0.69499463
3.1209569 1.0773572 -0.70762432
7.8581638 2.9266264 -1.7971836
7.5395899 3.6701727 -1.797184
7.4488473 3.8509893 -1.7971841
7.2544141 4.2057948 -1.7971841
7.1508789 4.3795733 -1.7971841
6.8154101 4.8852172 -1.797184
6.4443164 5.3652878 -1.7971838
6.3130078 5.5191832 -1.7971836
6.1780467 5.669868 -1.7971835
6.039453 5.8172555 -1.7971834
5.7518358 6.1017857 -1.797183
5.4508009 6.372108 -1.7971826
5.1371288 6.6276035 -1.7971821
4.975781 6.7496009 -1.797182
4.6444139 6.9817395 -1.7971814
4.4746485 7.0917501 -1.797181
4.3022656 7.1976266 -1.7971808
3.7704883 7.4898934 -1.7971798
2.0683985 8.1262817 -1.7971761
1.8717188 8.1738186 -1.7971758
1.6740234 8.2165852 -1.7971753
0.67308593 8.3583126 -1.7971727
0.47125 8.3721075 -1.7971722
0.26914063 8.3810425 -1.7971716
0.066894531 8.3850899 -1.7971711
-0.13542968 8.3842621 -1.7971705
-0.33763671 8.3785496 -1.7971699
-0.74136716 8.3525095 -1.7971689
-0.94261718 8.3321924 -1.7971683
-1.1433593 8.307025 -1.7971677
-1.5426953 8.2421999 -1.7971663
-1.646289 7.7559533 -1.6993095
-1.7740819 7.466372 -1.6447645
-2.4852147 7.2606821 -1.6447623
-2.8325195 7.1323485 -1.6447612
-3.0037694 7.0619407 -1.6447606
-3.1732616 6.9874229 -1.6447599
-3.3408787 6.908833 -1.6447593
-3.5066016 6.8262253 -1.6447587
-3.6702147 6.7396421 -1.6447582
-3.8317578 6.6491394 -1.6447576
-3.9910154 6.5546985 -1.6447408
-4.1480861 6.4566541 -1.6447765
-4.4548044 6.2492905 -1.6448351
-4.6043162 6.1400928 -1.6448585
-4.7511911 6.0272999 -1.6448779
-4.438828 5.3598413 -1.4915231
-4.7542186 4.9615636 -1.4727485
-5.8190818 5.0040622 -1.6448851
-5.9380469 4.8621764 -1.6448675
-6.053535 4.7174635 -1.644846
-6.2736716 4.4197302 -1.6447536
-6.8455858 3.4684887 -1.6447443
-7.0049024 3.1342711 -1.6447433
-7.0784569 2.9643738 -1.6447428
-7.2132225 2.6195073 -1.6447419
-7.2742968 2.444732 -1.6447415
-7.3311324 2.268537 -1.6447411
-8.1686916 1.8929669 -1.7971382
-8.2120113 1.6953534 -1.7971377
-8.2505074 1.4967523 -1.7971373
-8.3131056 1.0970575 -1.7971365
-8.3563471 0.69481075 -1.7971357
-8.3706446 0.49302 -1.7971352
-8.3801174 0.29095396 -1.797135
-8.3691206 -0.51786953 -1.7971338
-8.3542185 -0.71961457 -1.7971334
-8.3098049 -1.1217291 -1.7971328
-8.2803125 -1.3218691 -1.7971327
-8.2068939 -1.7197207 -1.7971323
-8.0030079 -2.5024898 -1.7971317
-7.9403124 -2.6948264 -1.7971314
-7.724668 -3.2619672 -1.7971312
-7.55832 -3.6307628 -1.7971311
-7.1733203 -4.342155 -1.7971308
-7.0664845 -4.5139341 -1.7971308
-6.9555273 -4.6830955 -1.7971311
-5.7833395 -6.071579 -1.7971319
-5.4837303 -6.343472 -1.7971324
-5.329082 -6.4738998 -1.7971325
-5.1713867 -6.6005759 -1.7971327
-4.6805468 -6.9572754 -1.7971336
-4.3394923 -7.1749411 -1.797134
-3.9884179 -7.3759093 -1.7971349
-3.8092968 -7.4699802 -1.7971351
-3.6279492 -7.5596995 -1.7971355
-3.0718164 -7.802268 -1.7971367
-2.4995508 -8.0039883 -1.7971379
-2.3057227 -8.0619574 -1.7971383
-1.7166991 -8.207593 -1.7971396
-1.5181836 -8.2466297 -1.7971401
-1.1186719 -8.3102636 -1.7971411
-0.91789061 -8.3348341 -1.7971417
-0.71654296 -8.3545561 -1.7971421
-0.51476562 -8.3694124 -1.7971427
0.29402342 -8.3800802 -1.7971449
0.89929688 -8.3368893 -1.7971466
1.1001366 -8.3127756 -1.7971472
1.6984179 -8.2114658 -1.7971491
1.8959765 -8.1681061 -1.7971497
2.0924609 -8.1199903 -1.7971503
2.4816992 -8.0096245 -1.7971514
2.6742187 -7.9474311 -1.797152
3.054414 -7.8091989 -1.7971535
3.241914 -7.7332444 -1.7971541
4.1489649 -7.2869377 -1.7971573
4.495625 -7.0783453 -1.7971585
4.6650782 -6.9678388 -1.7971591
4.8317575 -6.8532739 -1.7971598
4.9957228 -6.7347221 -1.7971605
5.1567383 -6.6122484 -1.7971611
5.3147264 -6.4859214 -1.7971617
5.6214256 -6.2220397 -1.7971629
5.7698436 -6.0846148 -1.7971636
6.0566211 -5.7992377 -1.7971649
6.3293357 -5.50036 -1.7971661
6.4601755 -5.3460741 -1.7971667
6.5872264 -5.1886783 -1.7971673
6.7105274 -5.0282636 -1.7971678
7.1637888 -4.358295 -1.7971702
7.3656836 -4.0076828 -1.7971712
7.4602146 -3.8288329 -1.7971717
7.6361914 -3.4645483 -1.7971728
7.7175779 -3.2793276 -1.7971734
7.7944531 -3.0922034 -1.7971739
7.8667579 -2.9032733 -1.7971743
3.1204102 -1.0668087 -0.70677799
3.1122656 -0.89889586 -0.6942938
3.1056249 -0.73672944 -0.68407428
8.2428322 -1.5397326 -1.7971777
8.3074999 -1.1403588 -1.7971785
8.3326168 -0.93961787 -1.7971787
8.3528509 -0.7383337 -1.7971792
8.3787689 -0.33458465 -1.7971799
8.3843946 -0.13236053 -1.7971803
8.3581448 0.67612851 -1.7971815
8.3393745 0.87756348 -1.7971818
8.287344 1.2787775 -1.7971823
8.2541018 1.4783276 -1.7971824
8.2160349 1.677019 -1.7971827
3.1077538 0.79221982 -0.68736166
3.1111522 0.87353331 -0.69257432
3.1149218 0.9562335 -0.69834471
3.1190429 1.0404755 -0.70469618
7.8882031 2.8446417 -1.7971836
7.6618161 3.4076257 -1.797184
7.3953514 3.9527714 -1.7971841
7.196074 4.3048792 -1.7971841
7.0901561 4.4772186 -1.7971841
6.8659372 4.8139892 -1.797184
6.7478123 4.9782104 -1.797184
6.6258006 5.1395435 -1.7971838
6.4998436 5.2978883 -1.7971838
6.3701367 5.4531479 -1.7971836
6.2367578 5.6052294 -1.7971835
6.0996876 5.7540526 -1.7971834
5.9591012 5.899519 -1.7971832
5.8150392 6.0415611 -1.797183
5.6676364 6.1800804 -1.7971829
5.5168748 6.3150072 -1.7971827
5.3629489 6.4462547 -1.7971824
4.8827538 6.8171945 -1.7971818
4.716836 6.9330015 -1.7971815
4.2031837 7.25594 -1.7971807
4.0269141 7.3552246 -1.7971803
3.6674414 7.5408945 -1.7971796
2.7333202 7.927412 -1.7971777
2.5412891 7.9910336 -1.7971772
2.1529295 8.1043062 -1.7971764
1.9567578 8.1538868 -1.7971759
1.3619921 8.2740269 -1.7971745
1.1620117 8.3044806 -1.7971739
0.96132809 8.3300867 -1.7971734
0.55839843 8.3667564 -1.7971723
0.35642576 8.3777838 -1.797172
0.15421875 8.3839426 -1.7971712
-0.048085935 8.3852196 -1.7971706
-0.65435547 8.3597775 -1.797169
-1.0567969 8.3184805 -1.7971679
-1.2571679 8.2905626 -1.7971673
-1.6962304 7.4844408 -1.6447648
-1.8762695 7.4413352 -1.6447642
-2.2330272 7.342175 -1.6447631
-2.4094727 7.2861691 -1.6447625
-2.5845897 7.2259264 -1.6447619
-2.9300585 7.0928378 -1.6447608
-3.5998828 6.7774973 -1.6447585
-3.9224999 6.5958362 -1.6447244
-4.0805273 6.4994345 -1.6447616
-4.2362499 6.3992395 -1.6447947
-4.5401173 6.1876683 -1.6448489
-4.6881251 6.0764108 -1.6448699
-4.5686326 5.1100388 -1.4690851
-5.7666993 5.0644026 -1.6448913
-5.8871288 4.9237781 -1.6448756
-6.2274609 4.4849353 -1.6447966
-6.6304297 3.8638933 -1.6447455
-6.9718943 3.2070415 -1.6447434
-7.0472069 3.0379181 -1.644743
-7.1183982 2.867033 -1.6447425
-7.6054688 2.2396088 -1.6992294
-8.0985155 2.1739233 -1.7971388
-8.1485739 1.9779199 -1.7971383
-8.1939058 1.7807745 -1.7971379
-8.2344723 1.5825824 -1.7971374
-8.2702732 1.3834741 -1.7971369
-8.327363 0.98295772 -1.7971362
-8.3486519 0.78178281 -1.7971358
-8.3766403 0.37819639 -1.7971351
-8.383359 0.17600769 -1.7971349
-8.361269 -0.63258332 -1.7971336
-8.3435736 -0.83410615 -1.7971333
-8.182539 -1.8320968 -1.797132
-8.1359568 -2.0289609 -1.7971319
-8.0846481 -2.2246401 -1.7971318
-8.0286522 -2.419024 -1.7971317
-7.9679489 -2.6119995 -1.7971314
-7.832695 -2.9932742 -1.7971312
-7.758203 -3.1813562 -1.7971312
-7.6792188 -3.3675902 -1.7971311
-7.5957227 -3.5518608 -1.7971311
-7.5078321 -3.7340691 -1.7971311
-7.4155469 -3.914099 -1.7971308
-7.318984 -4.0918531 -1.7971308
-7.0039062 -4.610414 -1.7971308
-6.8906446 -4.7780313 -1.7971311
-6.6521873 -5.1048279 -1.7971312
-5.9895115 -5.8682489 -1.7971317
-5.3962498 -6.4180622 -1.7971324
-5.2398243 -6.5463719 -1.7971327
-5.0803905 -6.6708751 -1.7971328
-4.5847068 -7.0208054 -1.7971338
-4.0650001 -7.3339787 -1.7971346
-3.3393946 -7.6915393 -1.7971361
-2.9645116 -7.8436584 -1.7971368
-2.774492 -7.9128904 -1.7971373
-2.1949608 -8.0928192 -1.7971385
-1.4049413 -8.2666731 -1.7971405
-1.0045898 -8.3248243 -1.7971414
-0.39996094 -8.3756847 -1.7971431
0.40890625 -8.3752623 -1.7971452
0.61083984 -8.3629713 -1.7971458
1.4138086 -8.2652082 -1.7971481
1.6128125 -8.2287006 -1.7971487
1.8108398 -8.1874056 -1.7971493
2.2036328 -8.0905323 -1.7971505
2.5913086 -7.9748468 -1.7971519
2.9729493 -7.8405809 -1.7971531
3.1612108 -7.766582 -1.7971537
3.3476367 -7.6880674 -1.7971543
4.0728517 -7.3297405 -1.7971569
4.7601562 -6.9032187 -1.7971596
4.9253321 -6.7863817 -1.7971601
5.0876169 -6.6655912 -1.7971607
5.4031835 -6.4124427 -1.7971619
5.9959373 -5.8619981 -1.7971646
7.0090036 -4.6030717 -1.7971693
7.2229099 -4.2596478 -1.7971705
7.5120115 -3.7261748 -1.7971722
7.9058204 -2.7951248 -1.7971747
3.1179492 -1.0184301 -0.70298827
8.1847458 -1.8234689 -1.7971771
8.2263861 -1.6254992 -1.7971774
8.2631836 -1.4265637 -1.7971778
8.2952337 -1.2268118 -1.7971783
8.3223829 -1.026341 -1.7971786
8.3447266 -0.82527435 -1.7971791
8.3622265 -0.62373048 -1.7971793
8.3748436 -0.42182249 -1.7971798
8.3825588 -0.21966797 -1.7971802
8.3647261 0.58905274 -1.7971814
8.326582 0.99182433 -1.797182
8.3002338 1.1924065 -1.7971821
8.269062 1.3922925 -1.7971824
8.2330666 1.5913671 -1.7971826
8.1922455 1.7895166 -1.7971827
3.1132421 0.92036009 -0.69578421
3.1172266 1.0039172 -0.70188177
7.7749023 3.1410151 -1.7971838
7.527441 3.6950352 -1.797184
7.4361324 3.8755493 -1.7971841
7.2405076 4.2296953 -1.7971841
7.0280662 4.574007 -1.7971841
6.9157224 4.7422185 -1.797184
6.7993164 4.9076681 -1.797184
6.4265623 5.3865137 -1.7971836
6.1593161 5.6902099 -1.7971835
5.877656 5.9806724 -1.7971832
5.7316794 6.1207252 -1.797183
5.582324 6.2572117 -1.7971827
5.2740431 6.5191846 -1.7971824
5.1152539 6.644515 -1.7971821
4.9534569 6.7659779 -1.7971818
4.7888083 6.8834996 -1.7971816
4.4512305 7.1064734 -1.797181
3.9256639 7.4097533 -1.7971802
3.5637109 7.5904708 -1.7971793
3.1934373 7.7535181 -1.7971786
2.815742 7.8985167 -1.7971778
2.6243553 7.9641404 -1.7971774
1.2483984 8.2919273 -1.7971742
1.0480078 8.3196335 -1.7971736
0.84701169 8.3424807 -1.7971731
0.24148437 8.3818817 -1.7971716
-0.76888669 8.3500185 -1.7971687
-0.97009766 8.3290405 -1.7971681
-1.1707422 8.3032045 -1.7971674
-1.5699023 8.2370625 -1.7971663
-1.9781445 7.4149132 -1.6447639
-2.1564648 7.3650317 -1.6447634
-2.5091796 7.2524414 -1.6447623
-2.6833985 7.1897945 -1.6447616
-3.3636913 6.8977718 -1.6447593
-4.3236327 6.3406138 -1.6448119
-4.6245899 6.1248765 -1.6448615
-4.7842579 4.9600439 -1.4769778
-5.4599218 5.3938732 -1.6449125
-5.9540625 4.8425627 -1.6448648
-6.0690622 4.6974506 -1.6448427
-6.2882223 4.3990006 -1.6447505
-6.4930468 4.0905633 -1.6447462
-6.6827927 3.7726147 -1.6447451
-7.0152149 3.1111419 -1.6447432
-7.1570702 2.7691486 -1.6447423
-7.2218161 2.5956829 -1.6447418
-7.3642578 2.252177 -1.6504937
-8.1749411 1.8659973 -1.797138
-8.2175589 1.668244 -1.7971376
-8.2553902 1.4695178 -1.7971373
-8.31668 1.0696179 -1.7971363
-8.3585939 0.667229 -1.7971356
-8.3722658 0.46539366 -1.7971352
-8.3849411 0.061025999 -1.7971346
-8.3839846 -0.14126709 -1.7971342
-8.3781052 -0.34348267 -1.7971339
-8.3060541 -1.1491396 -1.7971328
-8.1566792 -1.944121 -1.797132
-8.1073627 -2.1403289 -1.7971318
-8.0533791 -2.3352845 -1.7971317
-7.9947066 -2.5288837 -1.7971314
-7.9313865 -2.7210066 -1.7971314
-7.8634176 -2.9115541 -1.7971313
-7.7138476 -3.2874429 -1.7971312
-7.0515232 -4.5372343 -1.7971308
-6.9400582 -4.7060218 -1.7971311
-6.824492 -4.8720694 -1.7971311
-6.7049804 -5.0352888 -1.7971311
-6.4542966 -5.3528376 -1.7971313
-6.1885934 -5.6579509 -1.7971314
-5.6146288 -6.2278996 -1.797132
-5.3077149 -6.4914608 -1.7971325
-4.8244138 -6.8582873 -1.7971333
-4.3158398 -7.18922 -1.7971342
-4.1411328 -7.2912512 -1.7971345
-3.9640038 -7.3890295 -1.7971349
-3.7846289 -7.4825068 -1.7971351
-3.6030273 -7.5716281 -1.7971356
-3.4192967 -7.6563439 -1.7971358
-3.2335742 -7.7366247 -1.7971362
-3.0460742 -7.8123603 -1.7971367
-2.8566992 -7.8835702 -1.7971371
-2.6656835 -7.9501987 -1.7971374
-2.0837696 -8.122159 -1.7971388
-1.6895899 -8.2132187 -1.7971396
-1.4909766 -8.2515936 -1.7971401
-1.2914844 -8.2851629 -1.7971407
-1.0912499 -8.3139124 -1.7971412
-0.89035153 -8.337821 -1.7971417
-0.48718747 -8.3710642 -1.7971427
-0.28509766 -8.3803806 -1.7971433
0.32167968 -8.3790655 -1.797145
0.52375001 -8.3688717 -1.7971455
0.9267773 -8.3338757 -1.7971467
1.3276563 -8.2794857 -1.797148
1.7254882 -8.2058172 -1.7971492
2.1192577 -8.1130428 -1.7971504
3.2674022 -7.722506 -1.7971541
3.4527538 -7.6414413 -1.7971548
3.6360741 -7.5559268 -1.7971554
3.8173242 -7.4660134 -1.797156
3.9963477 -7.3717546 -1.7971567
4.3472462 -7.1704259 -1.797158
4.5189257 -7.0634699 -1.7971586
4.6880274 -6.9524045 -1.7971592
5.0179296 -6.7181997 -1.7971605
5.1785154 -6.5951915 -1.7971612
5.4906445 -6.3377495 -1.7971624
5.9345703 -5.9241018 -1.7971643
6.2133789 -5.6309695 -1.7971655
6.4777927 -5.3247252 -1.7971667
6.9606833 -4.6758122 -1.7971692
7.0714645 -4.506537 -1.7971696
7.2806249 -4.1602106 -1.7971709
7.4728122 -3.8041985 -1.797172
7.8045702 -3.066469 -1.797174
3.1155858 -0.97059476 -0.69939399
3.1117578 -0.88764006 -0.69352514
3.1083007 -0.80609924 -0.68821853
3.1052148 -0.72582 -0.68345428
8.3112106 -1.112936 -1.7971785
8.3356447 -0.91211361 -1.7971789
8.3699408 -0.50899321 -1.7971797
8.3798237 -0.30693054 -1.7971799
8.3800974 0.29985899 -1.7971809
8.3703909 0.50192869 -1.7971812
8.3558397 0.70370847 -1.7971815
8.3364449 0.90507686 -1.7971818
8.3121872 1.1059216 -1.797182
8.2830858 1.3061218 -1.7971823
8.2491798 1.5055615 -1.7971826
8.2104292 1.7041045 -1.7971827
3.1051171 0.7230249 -0.68329674
3.1081836 0.80326229 -0.68804258
3.1154687 0.9676587 -0.69917846
3.1196485 1.0521246 -0.70561153
7.8787694 2.8706474 -1.7971836
7.8072262 3.0598779 -1.7971838
7.7311325 3.2473242 -1.7971838
7.4760742 3.797904 -1.7971841
7.3822851 3.9771466 -1.7971841
7.1818552 4.3285913 -1.7971841
7.0753121 4.500587 -1.7971841
6.9647069 4.6699576 -1.7971841
6.731328 5.0004516 -1.797184
6.6087694 5.1613817 -1.7971838
6.4823241 5.3193088 -1.7971838
6.3521094 5.4741406 -1.7971836
6.0806832 5.7741528 -1.7971834
5.6472068 6.1987524 -1.7971829
5.3416405 6.4639196 -1.7971824
5.1841602 6.5908971 -1.7971823
5.0236325 6.7140355 -1.797182
4.8602343 6.8332715 -1.7971816
4.3533592 7.1668382 -1.7971809
4.1791797 7.2697701 -1.7971807
4.0026169 7.3684702 -1.7971803
3.642539 7.552949 -1.7971796
3.4592772 7.6386194 -1.7971792
3.2740037 7.7198496 -1.7971787
2.7071679 7.9363842 -1.7971776
2.5149219 7.9993749 -1.7971771
2.3212109 8.0577145 -1.7971768
1.7324414 8.2044735 -1.7971754
1.5340039 8.2438726 -1.7971748
0.93382812 8.3332138 -1.7971734
0.53082031 8.3685493 -1.7971723
0.32876953 8.3789158 -1.7971717
-0.48009765 8.3715963 -1.7971696
-0.68193358 8.3575697 -1.797169
-1.0842383 8.3149452 -1.7971678
-1.2845117 8.2863655 -1.7971672
-1.4840235 8.2529669 -1.7971666
-1.6356444 7.9849997 -1.7469006
-2.0796485 7.3870883 -1.6447636
-2.9534764 7.0831332 -1.6447607
-3.1234765 7.0098205 -1.6447601
-3.291621 6.9324317 -1.6447595
-3.9442382 6.5828805 -1.6447297
-4.1019921 6.4859629 -1.6447663
-4.5605273 6.1726685 -1.6448522
-4.8530273 5.9456458 -1.644889
-4.4722462 5.2169261 -1.4727151
-5.6599998 5.1834311 -1.6449018
-5.9033399 4.9043083 -1.6448731
-6.0198436 4.7604113 -1.6448528
-6.1328321 4.6137395 -1.6448283
-6.9036131 3.3515379 -1.6447439
-6.9824023 3.1840234 -1.6447434
-7.0572071 3.0146551 -1.6447428
-7.194375 2.6707525 -1.6447421
-7.3148241 2.320631 -1.6447412
-7.6929102 2.2378149 -1.7171154
-8.1550388 1.9510291 -1.7971382
-8.2396479 1.5554101 -1.7971374
-8.274785 1.3561834 -1.7971369
-8.3305664 0.95547974 -1.7971362
-8.3778515 0.35055053 -1.7971351
-8.3849802 -0.053954773 -1.7971344
-8.3812304 -0.25621611 -1.797134
-8.3175392 -1.0625994 -1.797133
-8.1292181 -2.0557961 -1.7971319
-7.9593163 -2.6382816 -1.7971314
-7.822793 -3.0190997 -1.7971312
-7.7476754 -3.206933 -1.7971312
-7.6680465 -3.3929055 -1.7971311
-7.4025974 -3.9385457 -1.7971308
-7.305449 -4.1159754 -1.7971308
-7.2040234 -4.2910314 -1.7971308
-7.0984178 -4.4635572 -1.7971308
-6.9886913 -4.6334949 -1.7971308
-6.635293 -5.12675 -1.7971312
-6.3802929 -5.4408336 -1.7971313
-6.2471871 -5.5931597 -1.7971314
-5.9701562 -5.8879795 -1.7971318
-5.6791992 -6.1690898 -1.797132
-5.2182031 -6.5636311 -1.7971327
-5.0583591 -6.687603 -1.797133
-4.5614648 -7.0358987 -1.7971338
-4.390449 -7.1438913 -1.797134
-3.498867 -7.6203289 -1.7971357
-3.1272266 -7.7802181 -1.7971365
-2.7483399 -7.9220018 -1.7971373
-2.5564258 -7.9859996 -1.7971377
-2.1682618 -8.1000166 -1.7971387
-1.9722461 -8.1499653 -1.797139
-1.7750585 -8.1951723 -1.7971395
-1.5768359 -8.2356129 -1.79714
-1.3776758 -8.2712631 -1.7971405
-0.97714841 -8.3280926 -1.7971416
-0.7759375 -8.3492479 -1.797142
-0.57431638 -8.3655367 -1.7971426
0.23443359 -8.3819599 -1.7971448
0.638457 -8.3609104 -1.7971458
0.83996093 -8.3430758 -1.7971464
1.4410937 -8.2605009 -1.7971482
1.6399413 -8.2233334 -1.7971488
1.8378515 -8.181385 -1.7971494
2.0346875 -8.1346674 -1.7971501
2.4246483 -8.027071 -1.7971513
2.6175976 -7.9662499 -1.7971519
2.8090038 -7.9007859 -1.7971525
3.5572069 -7.5933838 -1.7971551
3.7393358 -7.5053601 -1.7971557
3.9192967 -7.4129715 -1.7971563
4.2723436 -7.2153049 -1.7971578
4.4451561 -7.1101446 -1.7971584
4.9476757 -6.7700915 -1.7971603
5.4242969 -6.3945761 -1.7971622
6.2900195 -5.5452447 -1.7971658
6.4219723 -5.3918948 -1.7971663
6.6745701 -5.075871 -1.7971677
6.7950778 -4.9133821 -1.7971683
7.132617 -4.4091334 -1.79717
7.2368946 -4.2357883 -1.7971705
7.5242577 -3.7013626 -1.7971722
7.6940622 -3.3341358 -1.7971733
7.7722654 -3.1475623 -1.7971737
7.8459177 -2.959151 -1.7971743
3.1217382 -1.0921252 -0.70882118
3.109746 -0.84113282 -0.69044101
8.1907415 -1.7964464 -1.7971771
8.2678518 -1.3992856 -1.7971778
8.3474216 -0.79773194 -1.7971791
8.3761911 -0.39418241 -1.7971798
8.3827343 0.21257384 -1.7971808
8.3751755 0.4147357 -1.797181
8.3627148 0.61665589 -1.7971814
8.3454494 0.81821471 -1.7971816
8.2277536 1.6185272 -1.7971826
8.1863089 1.8165417 -1.7971829
3.1068163 0.76848876 -0.68592912
3.1177928 1.0154705 -0.70276183
7.8386717 2.9784241 -1.7971838
7.6858788 3.3530431 -1.797184
7.4232616 3.9000726 -1.7971841
7.2265429 4.2535691 -1.7971841
7.1218357 4.4266615 -1.7971841
6.9000387 4.7650127 -1.797184
6.662168 5.0922775 -1.797184
6.5373631 5.2515135 -1.7971838
6.1405077 5.7105126 -1.7971835
5.7114649 6.139607 -1.7971829
5.2525001 6.5365515 -1.7971823
4.9311328 6.7822886 -1.7971818
4.5982423 7.0122399 -1.7971814
4.4277539 7.1211243 -1.797181
4.2546678 7.2258615 -1.7971808
3.7209766 7.5146179 -1.7971797
3.5386133 7.602191 -1.7971793
2.7896287 7.9077649 -1.7971777
2.2104883 8.088789 -1.7971765
2.014746 8.1397524 -1.797176
1.6197851 8.2274485 -1.797175
1.4208202 8.2641296 -1.7971747
0.81945312 8.3452339 -1.7971731
0.61794919 8.3625727 -1.7971725
0.41599607 8.3750362 -1.7971721
0.21386719 8.3826294 -1.7971715
0.011601563 8.3853493 -1.797171
-0.3928906 8.3761415 -1.7971698
-0.79644531 8.347435 -1.7971687
-1.3980273 8.267972 -1.7971668
-1.5970898 8.2318392 -1.7971662
-1.6566796 7.5588646 -1.6584882
-2.1807227 7.357872 -1.6447634
-2.3576171 7.3031235 -1.6447626
-2.5330858 7.2441235 -1.644762
-2.8795311 7.1134973 -1.644761
-3.0503125 7.0419626 -1.6447604
-3.2192967 6.9663267 -1.6447598
-3.5515819 6.8029356 -1.6447586
-3.7146482 6.7152734 -1.644758
-3.8754687 6.6235251 -1.6447127
-4.0342188 6.5282578 -1.6447511
-4.1906052 6.4291735 -1.6447854
-4.3445702 6.3263278 -1.6448157
-4.6447654 6.1095982 -1.6448643
-4.7908592 5.9958324 -1.6448824
-4.4370508 5.2862878 -1.4791696
-4.5357618 5.1464939 -1.470253
-4.6469922 5.0230417 -1.4665909
-5.6057224 5.2420993 -1.6449057
-5.7305079 5.1053147 -1.6448953
-6.0845118 4.6773925 -1.6448394
-6.1954684 4.5291767 -1.6448126
-6.406445 4.224896 -1.6447467
-6.5065231 4.0691142 -1.6447462
-6.6027927 3.9109654 -1.6447456
-6.86832 3.4232402 -1.644744
-6.9488864 3.2565508 -1.6447436
-7.0254493 3.0879712 -1.6447432
-7.1662107 2.7455156 -1.6447423
-8.1342964 2.0358288 -1.7971385
-8.1810541 1.8390063 -1.797138
-8.2230072 1.6411133 -1.7971376
-8.2925978 1.2425915 -1.7971368
-8.3428516 0.84116578 -1.7971358
-8.3737106 0.4377777 -1.7971352
-8.381855 0.23563904 -1.7971349
-8.3851166 0.033370972 -1.7971345
-8.3834572 -0.16891846 -1.7971342
-8.3655272 -0.57309079 -1.7971336
-8.3281641 -0.97592038 -1.7971331
-8.302187 -1.1765466 -1.7971328
-8.2357616 -1.575622 -1.7971324
-8.1953907 -1.7738431 -1.7971323
-8.1501951 -1.9710293 -1.7971319
-8.1002932 -2.1670709 -1.7971318
-8.0456448 -2.3618491 -1.7971317
-7.9863477 -2.5552499 -1.7971314
-7.8537889 -2.9374857 -1.7971313
-7.5342188 -3.6805706 -1.7971311
-7.0365429 -4.5604801 -1.7971308
-6.8083787 -4.8945651 -1.7971311
-6.6883397 -5.0573869 -1.7971311
-6.5643749 -5.2172513 -1.7971312
-6.3050976 -5.5278106 -1.7971313
-6.0311327 -5.8254924 -1.7971317
-5.8888278 -5.9692435 -1.7971318
-5.743125 -6.10957 -1.7971319
-5.5940819 -6.2463818 -1.7971323
-5.4417186 -6.3795285 -1.7971324
-5.2862887 -6.5089612 -1.7971325
-4.1170311 -7.3048773 -1.7971345
-3.5780272 -7.5834765 -1.7971356
-3.3940234 -7.6675863 -1.7971358
-3.0202734 -7.8223662 -1.7971367
-2.8306835 -7.8929501 -1.7971371
-2.6394532 -7.9589458 -1.7971376
-2.4466796 -8.0203085 -1.797138
-1.8602929 -8.1762428 -1.7971393
-1.6625195 -8.2187452 -1.7971399
-1.2641406 -8.2893763 -1.7971407
-1.0638086 -8.3174648 -1.7971412
-0.86287105 -8.3407125 -1.7971418
-0.66138673 -8.3591042 -1.7971423
-0.45955077 -8.3726254 -1.7971429
-0.055175781 -8.3850508 -1.7971439
0.14712891 -8.3839426 -1.7971444
0.95425779 -8.3307734 -1.7971467
1.1549609 -8.305335 -1.7971473
1.5542188 -8.2399645 -1.7971486
1.752539 -8.200079 -1.7971492
1.9498438 -8.1554165 -1.7971498
2.1460352 -8.1060047 -1.7971504
2.3409374 -8.0518789 -1.797151
3.2928905 -7.7116842 -1.7971542
3.4779687 -7.6300039 -1.7971548
3.8419335 -7.4533777 -1.7971562
4.1969919 -7.2593975 -1.7971574
4.3708787 -7.1560383 -1.797158
4.8769531 -6.8212371 -1.79716
5.0400391 -6.701602 -1.7971606
5.3574414 -6.450706 -1.7971618
5.5115037 -6.3195963 -1.7971624
5.6623435 -6.1848273 -1.7971632
5.954082 -5.904511 -1.7971644
6.0947461 -5.7591615 -1.797165
6.3654685 -5.4584928 -1.7971662
6.4952536 -5.3033447 -1.7971668
6.6213279 -5.1451178 -1.7971674
6.7435546 -4.9838943 -1.7971681
7.1923633 -4.3109369 -1.7971704
7.2943163 -4.1361737 -1.7971709
7.5742965 -3.5978639 -1.7971725
7.658906 -3.4140978 -1.797173
7.7390428 -3.2283478 -1.7971736
3.119199 -1.043467 -0.70493096
3.1150391 -0.95916533 -0.69855779
3.1078515 -0.79505402 -0.68753576
8.2146091 -1.6839581 -1.7971774
8.2862692 -1.2857854 -1.7971781
8.3148632 -1.0855175 -1.7971786
8.371582 -0.48138854 -1.7971797
8.3790426 0.32749572 -1.797181
8.3686914 0.52953243 -1.7971812
8.3084764 1.1333313 -1.7971821
8.2441797 1.5327563 -1.7971826
8.2047653 1.7312047 -1.7971827
3.1055079 0.7339325 -0.68391424
3.1121483 0.8960101 -0.69409639
3.1160157 0.9791162 -0.70002311
7.8692575 2.8966343 -1.7971836
7.7203708 3.2728221 -1.797184
7.4635153 3.8225524 -1.7971841
7.3691015 4.0014906 -1.7971841
7.2704492 4.1780963 -1.7971841
7.1675196 4.3522716 -1.7971841
7.0604296 4.5239139 -1.7971841
6.8340235 4.8591919 -1.797184
6.5917187 5.1831617 -1.7971838
6.3340039 5.4950743 -1.7971836
6.1996093 5.6462708 -1.7971835
5.4750781 6.3512855 -1.7971826
5.1623631 6.6079688 -1.7971823
5.0014453 6.7305808 -1.797182
4.8376365 6.8492737 -1.7971816
4.1551757 7.2835302 -1.7971804
3.9782813 7.381649 -1.7971802
3.6175389 7.5649362 -1.7971796
3.248457 7.730619 -1.7971787
3.0610352 7.8067245 -1.7971783
2.8717968 7.8782935 -1.797178
2.6809571 7.9452672 -1.7971776
2.4885352 8.0076246 -1.7971771
2.2946484 8.0653248 -1.7971766
1.5068164 8.2488813 -1.7971748
1.3074024 8.2828302 -1.7971743
0.90632808 8.3362446 -1.7971733
0.70498043 8.3556862 -1.7971728
0.5031836 8.3702497 -1.7971722
0.30109376 8.3799562 -1.7971717
0.098886713 8.3847752 -1.7971711
-0.30562499 8.379775 -1.79717
-0.9108398 8.3357286 -1.7971683
-2.1481445 6.5685449 -1.644762
-2.3059959 6.5148082 -1.6447616
-2.4624803 6.4572802 -1.644761
-2.9229882 6.2622933 -1.6447595
-3.0732031 6.1899571 -1.6447588
-3.3682032 6.034513 -1.644758
-3.6553123 5.8650255 -1.6447569
-3.7957616 5.7751317 -1.6447563
-4.3148437 5.3580236 -1.6372705
-4.3917189 5.191937 -1.6184303
-4.6130271 4.9483323 -1.6100562
-4.9507422 4.8217869 -1.6447515
-5.0656247 4.7009459 -1.6447511
-5.1775584 4.5773749 -1.6447506
-5.3923435 4.3223124 -1.6447495
-5.6907616 3.9210484 -1.6447482
-5.783711 3.7826221 -1.6447477
-5.9593945 3.4992497 -1.6447467
-6.042109 3.354459 -1.6447462
-6.1212497 3.2077312 -1.6447457
-6.2688475 2.9087427 -1.644745
-6.4018359 2.6029902 -1.644744
-6.5199413 2.2911792 -1.6447433
-6.8520899 2.22369 -1.7144946
-7.2365232 2.1569409 -1.7971411
-7.3321285 1.8053875 -1.7971404
-7.4434958 1.2704358 -1.797139
-7.4719529 1.0904993 -1.7971388
-7.4960938 0.90992981 -1.7971383
-7.5158591 0.72882748 -1.797138
-7.5423827 -0.36296967 -1.7971362
-7.4438672 -1.2679718 -1.7971351
-7.4111133 -1.4471774 -1.7971349
-7.3327146 -1.8029562 -1.7971345
-7.2870703 -1.9793212 -1.7971344
-7.2372069 -2.154536 -1.7971342
-7.1831055 -2.3284965 -1.797134
-7.0624609 -2.6722541 -1.7971339
-6.9959178 -2.8418493 -1.7971338
-6.9253321 -3.0097916 -1.7971338
-6.772109 -3.3403203 -1.7971336
-6.6895504 -3.5027184 -1.7971336
-6.4187303 -3.9773049 -1.7971336
-6.3209372 -4.1310058 -1.7971336
-6.2194333 -4.28227 -1.7971336
-5.8934765 -4.7208219 -1.7971338
-5.5366406 -5.1346498 -1.797134
-5.4111719 -5.2667246 -1.7971342
-5.0161524 -5.6442499 -1.7971346
-4.7380662 -5.8796258 -1.7971351
-4.5948634 -5.9922147 -1.7971352
-4.4489255 -6.1013169 -1.7971356
-4.3004684 -6.2068639 -1.7971357
-3.3601367 -6.7623138 -1.7971374
-3.1960156 -6.8414078 -1.7971377
-3.0300975 -6.9165182 -1.7971382
-2.8623631 -6.9876018 -1.7971385
-2.5219922 -7.1175327 -1.7971393
-2.3495116 -7.1763024 -1.7971395
-2.1757421 -7.2308941 -1.79714
-2.000664 -7.2812819 -1.7971404
-1.8244531 -7.3274255 -1.7971407
-1.4688867 -7.4069071 -1.7971417
-1.2897851 -7.440187 -1.797142
-1.1099218 -7.4691367 -1.7971425
-0.20302734 -7.5484409 -1.7971449
0.52527344 -7.5328941 -1.7971469
0.70679688 -7.5180306 -1.7971475
1.0686133 -7.4751964 -1.7971483
1.2485937 -7.4472408 -1.7971491
1.4279296 -7.414959 -1.7971497
1.6063671 -7.3783569 -1.7971501
1.7838867 -7.3374581 -1.7971507
1.960371 -7.2922921 -1.7971511
2.4825976 -7.1314468 -1.7971529
2.8236718 -7.003408 -1.7971541
2.9918163 -6.9332557 -1.7971547
3.4853711 -6.6987524 -1.7971563
3.960664 -6.4291825 -1.797158
4.1146288 -6.3317723 -1.7971586
4.2661524 -6.2306695 -1.7971592
4.7055664 -5.9058576 -1.7971609
4.8466797 -5.7906241 -1.7971616
4.9849415 -5.6720243 -1.7971622
5.1203318 -5.5501218 -1.7971625
5.2527342 -5.4249883 -1.7971632
5.3820701 -5.2966948 -1.7971638
5.6313086 -5.0309367 -1.7971649
5.7510157 -4.8936276 -1.7971655
6.1958008 -4.3167338 -1.7971677
6.6702147 -3.5397778 -1.79717
6.7536912 -3.3778381 -1.7971706
6.9802732 -2.880609 -1.7971721
7.0477343 -2.7113826 -1.7971725
7.111074 -2.5405779 -1.797173
3.1743748 -0.96418762 -0.78956848
3.1662109 -0.79712373 -0.77706021
7.3651562 -1.6663889 -1.7971749
7.4663863 -1.1294141 -1.7971761
7.4914646 -0.94896668 -1.7971765
7.5512304 -0.040572509 -1.7971781
7.5499997 0.14160766 -1.7971785
7.5443945 0.32370055 -1.7971786
7.5200195 0.68721616 -1.7971792
7.5012302 0.8684271 -1.7971793
7.4506249 1.2292254 -1.7971798
7.4187889 1.4086053 -1.7971802
3.1683006 0.84289062 -0.78027302
3.1724024 0.92648005 -0.78655857
7.1380076 2.4640381 -1.797181
7.0764842 2.6355157 -1.797181
7.010859 2.8054595 -1.7971812
6.941113 2.9737732 -1.7971812
6.622324 3.6287456 -1.7971815
6.3425584 4.0981388 -1.7971814
6.2418356 4.2499466 -1.7971814
6.1375194 4.3992853 -1.7971814
6.0296288 4.5460596 -1.7971812
5.8033009 4.8316031 -1.797181
5.5634961 5.105886 -1.7971809
5.4387302 5.2386122 -1.7971808
5.1797071 5.4948401 -1.7971804
5.0456638 5.6181931 -1.7971803
4.1824412 6.2872682 -1.7971791
4.0295701 6.3863306 -1.7971787
3.7168357 6.5732579 -1.7971781
3.2317381 6.8248215 -1.7971772
3.0661523 6.9007907 -1.797177
2.898828 6.9727502 -1.7971766
2.7297461 7.0406518 -1.7971761
2.5591016 7.1044507 -1.7971759
2.3870118 7.1641173 -1.7971754
2.0386522 7.2709007 -1.7971747
1.5074804 7.3992867 -1.7971734
1.1488671 7.4633837 -1.7971725
0.78755856 7.5101061 -1.7971716
0.424375 7.5393443 -1.7971706
0.24240234 7.5473838 -1.7971702
0.060253903 7.551034 -1.7971698
-0.48595703 7.535614 -1.7971683
-1.0296289 7.4807296 -1.7971666
-1.2098242 7.4537182 -1.7971661
-1.3892578 7.4223571 -1.7971655
-1.5678906 7.3866782 -1.797165
-1.7593359 6.683197 -1.6447634
-1.9200586 6.6388121 -1.6447629
-2.7049804 6.3594995 -1.6447603
-2.8575976 6.2923923 -1.6447597
-3.1577733 6.1472287 -1.6447586
-3.4506249 5.9877563 -1.6447576
-3.5940428 5.902771 -1.644757
-3.7354295 5.814343 -1.6447566
-3.8745701 5.7225404 -1.644756
-4.0114841 5.6274047 -1.6447555
-4.1460938 5.5289927 -1.6447549
-4.2782421 5.4273634 -1.6447544
-4.4548826 5.1224484 -1.6156621
-4.565371 5.000597 -1.611505
-4.9003124 4.8730707 -1.6447519
-5.0164061 4.753438 -1.6447512
-5.5519724 4.1152301 -1.6447488
-5.6496091 3.9800944 -1.6447483
-5.7439647 3.842644 -1.6447479
-6.0068164 3.4171965 -1.6447465
-6.0875192 3.271297 -1.6447461
-6.2382226 2.9738688 -1.6447451
-6.3081641 2.8225121 -1.6447446
-6.3743749 2.6695135 -1.6447443
-6.4957027 2.3589482 -1.6447434
-7.1618748 2.2161565 -1.7842376
-7.3129296 1.8816406 -1.7971405
-7.3561912 1.7046765 -1.79714
-7.4298434 1.3478734 -1.7971393
-7.5380273 0.44398192 -1.7971376
-7.5506639 0.079880372 -1.7971369
-7.5504098 -0.10229309 -1.7971367
-7.5232224 -0.64803737 -1.7971358
-7.5054297 -0.82933712 -1.7971356
-7.4832029 -1.0101544 -1.7971352
-7.3510938 -1.7265078 -1.7971345
-7.3072848 -1.9033377 -1.7971344
-7.2592578 -2.0790634 -1.7971342
-7.2069921 -2.2535737 -1.797134
-7.1505075 -2.4267795 -1.797134
-7.0251365 -2.7688434 -1.7971338
-6.8834176 -3.1044672 -1.7971336
-6.8065233 -3.2696178 -1.7971336
-6.7256446 -3.432869 -1.7971336
-6.5522461 -3.7532763 -1.7971336
-6.3635545 -4.0649505 -1.7971336
-5.9423242 -4.6591959 -1.7971338
-5.5898242 -5.0767198 -1.797134
-5.0746679 -5.5916948 -1.7971346
-4.7990623 -5.8299661 -1.797135
-4.6570115 -5.9440408 -1.7971352
-4.5122657 -6.0546556 -1.7971355
-4.364902 -6.1617441 -1.7971357
-4.2149611 -6.2652555 -1.7971358
-4.0625978 -6.3651185 -1.7971362
-3.7508397 -6.5536642 -1.7971368
-3.430371 -6.7269573 -1.7971373
-3.101953 -6.8845882 -1.797138
-2.595957 -7.0908833 -1.797139
-2.4241405 -7.1514425 -1.7971394
-2.2509179 -7.2078443 -1.7971399
-1.9006445 -7.3080306 -1.7971406
-1.1876757 -7.4571738 -1.7971423
-1.0074023 -7.4836583 -1.7971427
-0.2816211 -7.5459166 -1.7971445
0.44677734 -7.5379543 -1.7971467
0.62849605 -7.5249834 -1.7971472
0.99070311 -7.4859166 -1.7971482
1.529453 -7.3946786 -1.7971499
1.7073828 -7.3556366 -1.7971504
2.2348242 -7.2129211 -1.797152
2.4082227 -7.156909 -1.7971526
2.5801561 -7.0967369 -1.7971532
2.7506053 -7.0324292 -1.7971537
3.086621 -6.8915796 -1.7971549
3.2519531 -6.8151159 -1.7971556
3.4154296 -6.7346811 -1.797156
3.8935547 -6.4700723 -1.7971579
4.0484376 -6.3742685 -1.7971585
4.4988279 -6.0648284 -1.7971601
4.6438279 -5.9545374 -1.7971607
4.7860937 -5.8407774 -1.7971612
4.9256053 -5.7236199 -1.7971618
5.0622458 -5.6031384 -1.7971624
5.5785742 -5.0893002 -1.7971646
6.043047 -4.5281076 -1.7971668
6.1505075 -4.3810105 -1.7971673
6.2543945 -4.2313719 -1.7971679
6.451211 -3.9247789 -1.7971689
6.7993555 -3.2849131 -1.7971709
6.8766403 -3.1199324 -1.7971712
6.9499021 -2.9531353 -1.7971717
7.0191212 -2.7846239 -1.7971723
3.1812694 -1.0876181 -0.80015397
3.1763279 -1.0010306 -0.79261076
3.1641991 -0.75062805 -0.77396595
7.4811716 -1.0269281 -1.7971764
7.5219922 -0.66489106 -1.7971771
7.5510545 0.062984005 -1.7971783
7.539238 0.4271234 -1.7971787
7.4885936 0.97120667 -1.7971796
7.463027 1.1515777 -1.7971798
3.1631444 0.72555172 -0.77236909
3.1666601 0.80723995 -0.77775627
3.1749218 0.97465819 -0.7904228
7.1035547 2.5616846 -1.797181
6.9717188 2.90133 -1.7971812
6.8997459 3.0686705 -1.7971814
6.8236914 3.2342241 -1.7971814
6.7436719 3.3978972 -1.7971814
6.6597462 3.5595915 -1.7971814
6.5719528 3.7192125 -1.7971815
6.2857809 4.1847253 -1.7971814
5.2366405 5.4406042 -1.7971807
5.1038866 5.5653477 -1.7971804
4.9681249 5.6868553 -1.7971802
4.8295116 5.8050513 -1.7971799
4.6880469 5.9198656 -1.7971798
4.3970704 6.1390929 -1.7971793
4.2475781 6.2433567 -1.7971791
4.0958204 6.3440309 -1.7971789
3.9416015 6.4409876 -1.7971786
3.7850976 6.534194 -1.7971783
3.6263475 6.6235995 -1.797178
3.4654686 6.7091541 -1.7971777
3.3026366 6.7907996 -1.7971774
3.137871 6.8684912 -1.7971771
2.8028905 7.0118432 -1.7971764
2.4614453 7.1388721 -1.7971758
2.2885351 7.1961703 -1.7971753
2.1142383 7.2492847 -1.7971748
1.2265234 7.4510193 -1.7971728
0.86570311 7.5015011 -1.797172
0.5028711 7.5345178 -1.7971709
-0.043320313 7.5511484 -1.7971694
-0.58925778 7.5282397 -1.7971679
-0.95167965 7.4910522 -1.7971668
-1.1320899 7.4659081 -1.7971662
-1.311875 7.4364171 -1.7971658
-1.4908788 7.4026098 -1.7971652
-1.6896484 6.7011557 -1.6447636
-1.8508008 6.6584435 -1.644763
-2.0108788 6.6118565 -1.6447625
-2.327461 6.507163 -1.6447614
-2.6386328 6.3873253 -1.6447604
-3.0936327 6.1797791 -1.6447588
-3.2417967 6.1033497 -1.6447582
-3.3880663 6.0233617 -1.6447577
-3.6746678 5.8529334 -1.6447568
-3.814785 5.7625766 -1.6447563
-4.0883007 5.5718627 -1.6447552
-4.3059568 5.3110218 -1.6272409
-4.4069529 5.1752024 -1.6177373
-4.5177732 5.053133 -1.6131878
-4.7602539 4.833405 -1.6145433
-4.9666405 4.8054223 -1.6447515
-5.5088282 4.1728163 -1.6447492
-5.6079102 4.0387073 -1.6447484
-5.7961717 3.7635181 -1.6447476
-5.9709373 3.4795647 -1.6447467
-6.1317968 3.1875079 -1.6447457
-6.2068944 3.0386658 -1.6447453
-6.4708004 2.4264593 -1.6447436
-6.9244137 2.2219396 -1.7307472
-7.2435937 2.1330504 -1.7971411
-7.3788867 1.6036438 -1.7971399
-7.4476366 1.2458643 -1.797139
-7.4755273 1.0658349 -1.7971387
-7.4990625 0.88518798 -1.7971383
-7.5182223 0.70402157 -1.797138
-7.5434179 0.34057677 -1.7971374
-7.551074 -0.023665771 -1.7971368
-7.5411325 -0.38785246 -1.7971362
-7.5136914 -0.75113922 -1.7971357
-7.4933395 -0.93218166 -1.7971355
-7.4686718 -1.1126801 -1.7971352
-7.4396677 -1.292528 -1.797135
-7.4062891 -1.4716247 -1.7971349
-7.3686523 -1.6498648 -1.7971346
-7.3267188 -1.8271471 -1.7971345
-7.280488 -2.0033612 -1.7971344
-7.2300587 -2.1784122 -1.7971342
-6.9153514 -3.0326257 -1.7971338
-6.761035 -3.3626473 -1.7971336
-6.6779685 -3.5247729 -1.7971336
-6.5909958 -3.684845 -1.7971336
-5.9904881 -4.5970974 -1.7971338
-5.877871 -4.7402468 -1.7971338
-5.7617774 -4.8806677 -1.7971339
-4.9974999 -5.6607656 -1.7971346
-4.7186327 -5.8952222 -1.7971351
-4.575078 -6.0073438 -1.7971352
-4.4288087 -6.1159616 -1.7971356
-3.9749217 -6.420228 -1.7971363
-3.6605859 -6.6044674 -1.7971369
-3.5002344 -6.6908712 -1.7971373
-3.3378124 -6.7733669 -1.7971376
-3.0072851 -6.9264798 -1.7971382
-2.8392773 -6.9970098 -1.7971385
-2.4984765 -7.1258154 -1.7971393
-2.1518946 -7.2380333 -1.79714
-1.9766601 -7.2878442 -1.7971405
-1.0852734 -7.4727621 -1.7971426
-0.72357422 -7.5164123 -1.7971435
0.55007809 -7.5311198 -1.797147
1.0932422 -7.4716277 -1.7971486
1.4523828 -7.4102044 -1.7971497
1.6307226 -7.3730168 -1.7971503
2.3335547 -7.1815982 -1.7971524
2.6772265 -7.0606894 -1.7971536
2.8467577 -6.9940534 -1.7971541
3.0146875 -6.9233456 -1.7971547
3.3450975 -6.7698851 -1.7971559
3.825918 -6.5102673 -1.7971575
4.135488 -6.3181591 -1.7971587
4.2866993 -6.2165647 -1.7971592
4.5815234 -6.0025721 -1.7971605
5.0036325 -5.6555505 -1.7971622
5.2706056 -5.4076266 -1.7971634
5.3995118 -5.2789111 -1.7971638
5.5252733 -5.1471195 -1.7971644
5.7671289 -4.8746266 -1.7971655
5.8830271 -4.7340846 -1.7971661
5.9955468 -4.5907893 -1.7971666
6.21 -4.2962642 -1.7971677
6.3118358 -4.1452098 -1.7971683
6.4099998 -3.9917417 -1.7971687
6.5044532 -3.8359447 -1.7971692
6.6818748 -3.5177495 -1.7971702
6.9187694 -3.0253403 -1.7971716
6.9897461 -2.857558 -1.7971721
7.119453 -2.5170956 -1.797173
3.1784179 -1.0381875 -0.79578155
3.1737499 -0.95257777 -0.78863007
3.1657031 -0.78590328 -0.77629805
7.370625 -1.6420858 -1.797175
7.4080858 -1.4638003 -1.7971754
7.5326757 0.53045839 -1.7971789
7.4983397 0.89316952 -1.7971796
7.4746094 1.073797 -1.7971797
7.4464841 1.2538018 -1.7971798
7.4141212 1.433075 -1.7971802
7.3773828 1.6115124 -1.7971803
3.165117 0.77183408 -0.77535641
3.177578 1.02336 -0.79450458
7.1298828 2.4875762 -1.797181
6.7786717 3.3274913 -1.7971814
6.696445 3.4900501 -1.7971814
6.5202928 3.8089721 -1.7971815
6.4265428 3.9651556 -1.7971815
6.3290234 4.1190343 -1.7971814
6.2278123 4.2705097 -1.7971814
6.0145507 4.5659242 -1.7971812
5.7873435 4.8507175 -1.797181
5.5466208 5.1242099 -1.7971809
5.1615429 5.5118942 -1.7971804
4.6064258 5.9835877 -1.7971797
4.4607615 6.0929699 -1.7971796
4.0084763 6.399591 -1.7971787
3.6950781 6.5854855 -1.7971781
3.3731639 6.7560425 -1.7971776
3.2091992 6.8354492 -1.7971772
3.0433788 6.9108715 -1.797177
2.8757617 6.9822779 -1.7971765
2.3633204 7.1719532 -1.7971754
2.1896484 7.2268748 -1.797175
1.8384961 7.3240747 -1.7971742
1.6612695 7.3662915 -1.7971739
1.3040429 7.4378452 -1.797173
0.94376951 7.4920797 -1.7971721
0.7627539 7.5126586 -1.7971716
0.39951172 7.5407019 -1.7971706
0.035371091 7.5511913 -1.7971696
-0.69242185 7.5194516 -1.7971677
-1.0542969 7.4772925 -1.7971666
-1.4137499 7.4177332 -1.7971655
-1.5922656 7.3814635 -1.7971649
-1.9419335 6.6324401 -1.6447626
-2.1013672 6.5836582 -1.6447623
-2.2596092 6.5310507 -1.6447618
-2.4164844 6.4746323 -1.6447612
-2.5719726 6.4144516 -1.6447607
-2.7259569 6.3505383 -1.6447601
-2.8783593 6.2829285 -1.6447597
-3.470371 5.9763365 -1.6447575
-3.6135156 5.8908787 -1.644757
-3.7545898 5.8019886 -1.6447564
-4.0300193 5.6141305 -1.6447554
-4.1642966 5.5152807 -1.6447549
-4.3588672 5.2280602 -1.6199847
-4.690918 4.8632879 -1.6081225
-5.1448436 4.6140962 -1.6447508
-5.2546678 4.4886317 -1.6447501
-5.4650779 4.2299566 -1.6447493
-5.5655079 4.0968909 -1.6447488
-6.0180664 3.3973644 -1.6447463
-6.1749215 3.1031315 -1.6447455
-6.2479687 2.9532654 -1.6447451
-6.3174415 2.8016808 -1.6447446
-6.3831835 2.6484613 -1.6447443
-6.4452343 2.4937115 -1.6447438
-7.2721677 2.0335193 -1.7971407
-7.3617969 1.6803894 -1.79714
-7.4001951 1.5023041 -1.7971395
-7.510488 0.78227168 -1.7971382
-7.5473828 0.2370929 -1.7971371
-7.5210738 -0.67285186 -1.7971357
-7.4798436 -1.0348413 -1.7971352
-7.452734 -1.2149792 -1.7971351
-7.4212499 -1.3944192 -1.797135
-7.3854685 -1.5730417 -1.7971346
-7.3453512 -1.750744 -1.7971345
-7.3009763 -1.9274341 -1.7971344
-7.2523632 -2.1029983 -1.7971342
-7.1424608 -2.4503555 -1.797134
-7.0812497 -2.6219471 -1.7971339
-6.8731055 -3.1271677 -1.7971336
-6.7957029 -3.2920642 -1.7971336
-6.7142968 -3.4550464 -1.7971336
-6.6290035 -3.6160176 -1.7971336
-6.539824 -3.7748809 -1.7971334
-6.4468555 -3.9315464 -1.7971336
-6.0380468 -4.5344176 -1.7971338
-5.6942968 -4.9592175 -1.7971339
-5.4485154 -5.2281003 -1.7971342
-5.0561719 -5.6084232 -1.7971346
-4.919414 -5.7287626 -1.7971349
-4.7797852 -5.8457632 -1.797135
-4.6373439 -5.9593749 -1.7971352
-4.4922462 -6.06951 -1.7971355
-4.3445506 -6.1761146 -1.7971357
-4.0415626 -6.3784819 -1.7971362
-3.8865623 -6.4741297 -1.7971365
-3.7292187 -6.5660019 -1.7971368
-3.5697265 -6.6540599 -1.7971371
-3.0791991 -6.8947849 -1.797138
-2.5725391 -7.0994101 -1.797139
-2.0524023 -7.2668676 -1.7971404
-1.6995312 -7.3574123 -1.7971411
-1.3426367 -7.4308257 -1.797142
-0.8018164 -7.5084701 -1.7971433
-0.62041014 -7.5256333 -1.7971438
-0.25673828 -7.5468035 -1.7971448
0.10759766 -7.550405 -1.7971456
0.47164062 -7.5364389 -1.7971467
0.83460933 -7.5049219 -1.7971478
1.0154102 -7.4826093 -1.7971482
1.1956249 -7.4559369 -1.7971488
1.7316992 -7.3499637 -1.7971505
1.9084765 -7.3060522 -1.797151
2.0841601 -7.257894 -1.7971516
2.2586522 -7.2055097 -1.7971522
3.1093359 -6.8813562 -1.7971549
3.2744532 -6.8043504 -1.7971556
3.5988085 -6.6384997 -1.7971568
4.0694728 -6.3608751 -1.7971585
4.3715234 -6.157197 -1.7971597
4.5187888 -6.0499482 -1.7971601
4.8053513 -5.8249497 -1.7971613
5.2140231 -5.4622116 -1.797163
5.3442578 -5.3348408 -1.7971636
5.5953708 -5.0708618 -1.7971647
5.716074 -4.9344068 -1.7971654
5.8334179 -4.7950768 -1.7971658
5.9474216 -4.6529641 -1.7971663
6.0579295 -4.5081401 -1.7971668
6.1649022 -4.3607011 -1.7971674
6.2683396 -4.2107148 -1.7971679
6.6449022 -3.5871446 -1.7971699
6.7294726 -3.425797 -1.7971705
6.8869138 -3.0972278 -1.7971715
6.9596286 -2.9301927 -1.797172
7.0282812 -2.7614508 -1.7971723
3.175703 -0.98932523 -0.79163295
3.1637304 -0.73950166 -0.77325135
7.4581442 -1.182493 -1.797176
7.5241404 -0.64006221 -1.7971771
7.5373826 -0.45836332 -1.7971774
7.550859 0.087900385 -1.7971783
7.546484 0.27003294 -1.7971786
7.5377927 0.45200193 -1.7971789
7.5247068 0.63371277 -1.7971791
7.4853907 0.99591672 -1.7971796
7.4591794 1.1762017 -1.7971798
7.3937693 1.5345984 -1.7971802
3.1635938 0.73665279 -0.77306968
3.1671875 0.81850886 -0.77854145
3.1711328 0.90167969 -0.78463799
3.1755469 0.98632687 -0.79138499
7.095078 2.5851018 -1.797181
6.9621482 2.9243126 -1.7971812
6.8129883 3.2567174 -1.7971814
6.7324219 3.4201238 -1.7971814
6.559629 3.7408745 -1.7971815
6.4674606 3.8980284 -1.7971815
6.3715625 4.0529118 -1.7971814
6.1686521 4.3555131 -1.7971814
5.9513865 4.6479783 -1.7971812
5.7202735 4.9296265 -1.797181
5.5996876 5.0661798 -1.7971809
5.3488278 5.3303747 -1.7971807
4.3767967 6.1535678 -1.7971793
4.0749021 6.357511 -1.7971787
3.6044922 6.6355271 -1.797178
3.2802148 6.8016577 -1.7971774
3.1151953 6.8788047 -1.7971771
2.9483202 6.9519482 -1.7971766
2.6095703 7.0860653 -1.797176
2.2647655 7.2036829 -1.7971753
2.0903125 7.2562218 -1.7971748
1.914668 7.3045297 -1.7971743
1.7378906 7.3485875 -1.797174
1.5600976 7.3883724 -1.7971736
1.2019336 7.4550257 -1.7971727
1.0217187 7.4818454 -1.7971722
0.65966797 7.5224109 -1.7971712
0.47802734 7.5361338 -1.7971709
0.29611328 7.5454688 -1.7971704
-0.61408204 7.5262537 -1.7971678
-1.1567383 7.462131 -1.7971662
-1.3364062 7.4320507 -1.7971656
-1.515332 7.397644 -1.7971652
-1.6429882 7.140089 -1.7437186
-1.7117578 6.6955404 -1.6447635
-2.0326953 6.6051855 -1.6447625
-2.1914454 6.5542259 -1.6447619
-2.3489258 6.4994507 -1.6447614
-2.9642186 6.2428684 -1.6447593
-3.2618945 6.0926194 -1.6447582
-3.4079492 6.0121546 -1.6447577
-3.5519922 5.9281898 -1.6447572
-3.9713671 5.655797 -1.6447557
-4.239531 5.4576573 -1.6447546
-4.3148046 5.2861609 -1.6239763
-4.4221287 5.158473 -1.6170616
-4.6433005 4.9153404 -1.6092578
-4.8029099 4.8446555 -1.6235865
-5.2076755 4.5431037 -1.6447505
-5.4207029 4.2866287 -1.6447494
-5.5225973 4.1546135 -1.6447489
-5.621172 4.0201788 -1.6447484
-5.8085351 3.7443683 -1.6447476
-5.9823632 3.4598405 -1.6447467
-6.2878904 2.8673162 -1.6447449
-6.355195 2.7147913 -1.6447444
-6.9981055 2.2201483 -1.7473278
-7.2505469 2.1091418 -1.797141
-7.4200778 1.4006933 -1.7971394
-7.501914 0.86044127 -1.7971383
-7.5347071 0.49759093 -1.7971376
-7.5445113 0.31568053 -1.7971373
-7.5499215 0.13358581 -1.7971369
-7.5509372 -0.048585813 -1.7971367
-7.5475779 -0.2307315 -1.7971365
-7.5398045 -0.41273925 -1.7971362
-7.4902539 -0.95690519 -1.7971355
-7.464941 -1.1373144 -1.7971351
-7.4353514 -1.3170696 -1.797135
-7.273828 -2.0273769 -1.7971344
-7.2228122 -2.202261 -1.7971342
-7.1082029 -2.5480762 -1.7971339
-7.0446482 -2.7187994 -1.7971338
-6.9053321 -3.055423 -1.7971336
-6.8296094 -3.2211134 -1.7971336
-6.6662693 -3.5467858 -1.7971336
-6.5787497 -3.7065694 -1.7971336
-6.4874411 -3.8641973 -1.7971336
-6.2934961 -4.1726122 -1.7971336
-6.0849609 -4.4713364 -1.7971336
-5.9752927 -4.6168089 -1.7971338
-5.8622069 -4.7597337 -1.7971338
-5.7456837 -4.8996458 -1.7971339
-5.5026364 -5.1710205 -1.7971342
-5.2468162 -5.43049 -1.7971344
-5.1142969 -5.5554624 -1.7971345
-4.9788084 -5.6772289 -1.7971349
-4.2594528 -6.2351165 -1.7971358
-3.7973633 -6.5268173 -1.7971367
-3.6387694 -6.6165218 -1.7971369
-3.478164 -6.7023892 -1.7971373
-2.984375 -6.9363685 -1.7971382
-2.8161719 -7.0063381 -1.7971387
-2.3021483 -7.1916494 -1.7971396
-2.1279688 -7.2450933 -1.79714
-1.4199609 -7.4164405 -1.7971417
-1.0606054 -7.4762993 -1.7971426
-0.8799414 -7.4997149 -1.7971431
-0.69876951 -7.5187578 -1.7971435
-0.51720703 -7.5334311 -1.7971439
-0.33527344 -7.5437212 -1.7971445
-0.15322265 -7.5496149 -1.797145
0.393125 -7.5409408 -1.7971466
1.1179297 -7.4679809 -1.7971486
1.2977539 -7.4388418 -1.7971492
1.6550195 -7.3675942 -1.7971503
1.8323046 -7.3255286 -1.7971509
2.183496 -7.2286301 -1.7971519
2.3572655 -7.1738586 -1.7971525
2.5295899 -7.1149087 -1.797153
3.0374999 -6.9133582 -1.7971548
3.2033789 -6.8380785 -1.7971553
3.689492 -6.5885296 -1.797157
4.0030079 -6.4029064 -1.7971581
4.307168 -6.2023821 -1.7971594
4.6013279 -5.9874206 -1.7971606
4.7444139 -5.8746772 -1.7971611
5.1568556 -5.516211 -1.7971628
5.2883983 -5.3902063 -1.7971634
5.6643944 -4.9936662 -1.797165
5.7832031 -4.8555675 -1.7971656
6.010664 -4.5709796 -1.7971667
6.2241602 -4.2757468 -1.7971678
6.5170703 -3.8144574 -1.7971693
6.8542576 -3.1687653 -1.7971712
6.9286914 -3.002491 -1.7971717
7.1277342 -2.4935875 -1.7971731
3.1777539 -1.0263833 -0.79476315
3.1731446 -0.94099212 -0.78770459
3.1689844 -0.8571527 -0.78130728
7.4128904 -1.4393466 -1.7971755
7.4454293 -1.2600994 -1.7971759
7.4736719 -1.0801212 -1.7971764
7.532207 -0.53683376 -1.7971772
7.5493555 -0.17290649 -1.7971778
7.5489254 0.1914276 -1.7971785
7.5153122 0.73682797 -1.7971792
7.4423242 1.2783691 -1.7971799
7.3720312 1.6358496 -1.7971803
3.1782618 1.0351623 -0.79551923
7.121582 2.5110924 -1.797181
6.9921875 2.8516686 -1.7971812
6.9213672 3.0195165 -1.7971814
6.8465233 3.1856041 -1.7971814
6.7676563 3.3498437 -1.7971814
6.3153906 4.1398969 -1.7971814
6.2136717 4.2910385 -1.7971814
6.1083398 4.4396863 -1.7971814
5.6521482 5.0075946 -1.797181
4.8706837 5.7705445 -1.7971799
4.7300587 5.8863635 -1.7971798
4.5866795 5.9987574 -1.7971797
4.4406247 6.1076584 -1.7971793
3.9873242 6.4127865 -1.7971786
3.8314648 6.5071082 -1.7971785
3.6733787 6.59764 -1.7971781
3.186621 6.8460021 -1.7971771
2.8527148 6.9917307 -1.7971765
2.6832225 7.0585108 -1.7971761
2.5121875 7.1211815 -1.7971758
2.1657813 7.2340598 -1.7971749
1.6369727 7.371726 -1.7971737
1.4586718 7.409071 -1.7971733
0.9190625 7.4951525 -1.7971721
0.73798829 7.5151343 -1.7971716
0.55648434 7.5307455 -1.797171
0.37464842 7.5419784 -1.7971705
0.19259766 7.5488181 -1.79717
-0.1717578 7.5493164 -1.7971692
-0.3538281 7.5429721 -1.7971685
-0.53566402 7.5322423 -1.7971681
-0.71720701 7.5171227 -1.7971674
-0.89837891 7.4976315 -1.7971671
-1.2589648 7.44557 -1.797166
-1.4382031 7.4130259 -1.7971654
-1.616582 7.3761683 -1.7971649
-1.6606641 6.7894568 -1.6634939
-1.8033984 6.6714416 -1.6447631
-1.9638085 6.6259947 -1.6447626
-3.3451366 6.0473132 -1.644758
-3.4900975 5.9648557 -1.6447575
-3.912246 5.6968517 -1.6447558
-4.0485544 5.6008091 -1.6447554
-4.3139648 5.3990149 -1.6447543
-4.709043 4.8499579 -1.6088423
-4.9323435 4.8406291 -1.6447517
-5.4789844 4.2118988 -1.6447492
-5.6757421 3.9427252 -1.6447482
-5.7691989 3.8046575 -1.6447477
-5.8593163 3.6643689 -1.6447473
-5.9460154 3.5219481 -1.6447468
-6.1089845 3.2310474 -1.6447459
-6.1851563 3.0827374 -1.6447455
-6.2576952 2.9326293 -1.644745
-6.4533591 2.4724231 -1.6447438
-6.5111718 2.3160229 -1.6447433
-7.2282615 2.1845207 -1.7971412
-7.2788477 2.0095098 -1.7971407
-7.3251953 1.8333312 -1.7971404
-7.3673043 1.6560833 -1.79714
-7.4385738 1.2988043 -1.797139
-7.4677734 1.1189978 -1.7971388
-7.492578 0.93851745 -1.7971385
-7.5291209 0.57603395 -1.7971377
-7.5408006 0.394234 -1.7971374
-7.5481248 0.21220154 -1.7971371
-7.5510349 0.030052489 -1.7971368
-7.5495701 -0.15211639 -1.7971365
-7.5437107 -0.334198 -1.7971362
-7.5334568 -0.51608521 -1.7971361
-7.4763865 -1.0595196 -1.7971352
-7.4486718 -1.2395697 -1.7971351
-7.4165816 -1.4189004 -1.7971349
-7.3395309 -1.7749759 -1.7971345
-7.1919532 -2.3010907 -1.797134
-6.862793 -3.1498342 -1.7971336
-6.6170311 -3.6378746 -1.7971336
-6.4338279 -3.9528019 -1.7971336
-6.3366208 -4.1068711 -1.7971336
-5.911406 -4.6983051 -1.7971338
-5.6779294 -4.977993 -1.7971339
-5.431211 -5.2460389 -1.7971342
-5.171875 -5.5019507 -1.7971345
-5.0376172 -5.6250706 -1.7971346
-4.6176562 -5.9746451 -1.7971352
-4.1735349 -6.292933 -1.7971361
-3.8651366 -6.4869175 -1.7971365
-3.5477343 -6.6658039 -1.7971371
-3.3859375 -6.7494488 -1.7971374
-3.2221289 -6.8291674 -1.7971377
-3.0564258 -6.9049125 -1.797138
-2.8889649 -6.9766378 -1.7971385
-2.3769336 -7.1672854 -1.7971395
-2.2033203 -7.2225389 -1.7971399
-1.8524023 -7.3204136 -1.7971407
-1.1384375 -7.464848 -1.7971425
-0.41384766 -7.5398135 -1.7971443
-0.2318164 -7.5476098 -1.7971448
-0.049687497 -7.5510068 -1.7971454
0.13249999 -7.5500121 -1.7971458
0.31458983 -7.5446224 -1.7971463
0.67812496 -7.5206723 -1.7971473
1.040078 -7.4792161 -1.7971483
1.2201953 -7.4519529 -1.7971488
1.3996289 -7.4203482 -1.7971494
1.9325781 -7.2997227 -1.7971511
2.4553905 -7.1408625 -1.7971529
2.6269336 -7.079556 -1.7971535
2.9653516 -6.9446125 -1.7971545
3.1320117 -6.871057 -1.7971551
3.4598045 -6.7119961 -1.7971562
3.6206834 -6.6265879 -1.7971568
4.0903907 -6.347415 -1.7971586
4.3918161 -6.1427341 -1.7971597
4.6830077 -5.9237561 -1.7971609
4.8245311 -5.8090611 -1.7971613
5.4885154 -5.186306 -1.7971643
5.6120114 -5.0523901 -1.7971647
5.9627538 -4.6333365 -1.7971663
6.3814259 -4.03725 -1.7971685
6.5687304 -3.724751 -1.7971696
6.6566796 -3.5652094 -1.79717
6.8209176 -3.2399881 -1.797171
6.8970699 -3.0745006 -1.7971715
6.9692383 -2.9072278 -1.797172
7.0373631 -2.7382543 -1.7971723
3.1798828 -1.0637659 -0.79802185
3.1750782 -0.97765285 -0.79066855
3.1707225 -0.89316314 -0.78398865
7.3974609 -1.5164633 -1.7971754
7.4319139 -1.3375659 -1.7971758
7.4877734 -0.977543 -1.7971765
7.5091991 -0.79662627 -1.7971768
7.5471287 -0.25151396 -1.7971778
7.5510154 -0.069377132 -1.797178
7.5504684 0.11280395 -1.7971783
7.5225973 0.65852535 -1.7971792
7.4552536 1.2007959 -1.7971798
7.42416 1.3802936 -1.7971799
3.1640821 0.7477771 -0.77378201
3.1761913 0.99802792 -0.79235929
7.0864844 2.6085052 -1.797181
7.0215235 2.778698 -1.7971812
6.7210741 3.4423254 -1.7971814
6.5472655 3.7625029 -1.7971815
6.4545898 3.9193523 -1.7971815
6.3581834 4.0739179 -1.7971814
6.2580271 4.2261119 -1.7971814
6.1542578 4.3758488 -1.7971814
5.9360547 4.6675949 -1.7971812
5.8217187 4.8094373 -1.7971812
5.5829492 5.0846324 -1.7971809
5.331172 5.3479967 -1.7971807
5.2006445 5.4750485 -1.7971804
5.0670505 5.5989137 -1.7971803
4.9304881 5.7195225 -1.7971802
4.7910743 5.8367991 -1.7971799
4.3564258 6.1679783 -1.7971792
3.7418554 6.5590353 -1.7971781
3.5825195 6.6473961 -1.797178
3.0924609 6.8890524 -1.797177
2.9253514 6.9616489 -1.7971766
2.4142969 7.1549535 -1.7971755
2.2410157 7.2111144 -1.797175
2.0663671 7.2630711 -1.7971748
1.8905663 7.3108044 -1.7971743
1.3569336 7.4283762 -1.7971731
1.1773242 7.4589515 -1.7971727
0.99705076 7.485177 -1.7971722
0.81619138 7.5070457 -1.7971717
0.63484371 7.5245447 -1.7971712
0.45316404 7.5376706 -1.7971709
0.089023434 7.5507507 -1.7971698
-0.27523437 7.5462484 -1.7971689
-0.82019532 7.5065808 -1.7971672
-1.8073828 6.013823 -1.644762
-1.9518945 5.9684677 -1.6447616
-2.0953124 5.919642 -1.6447612
-2.2375195 5.8673739 -1.6447607
-2.655957 5.6901999 -1.6447593
-3.0604882 5.4832296 -1.6447577
-3.191875 5.4077964 -1.6447574
-3.5745506 5.1628146 -1.644756
-4.0553904 4.7943573 -1.6447539
-4.3914647 4.4885297 -1.6447526
-4.4984961 4.3812919 -1.6447521
-4.6028514 4.2714906 -1.6447517
-4.7045703 4.1592083 -1.6447512
-4.8035154 4.0444999 -1.6447508
-4.8997068 3.9274445 -1.6447504
-4.9930272 3.8081012 -1.6447499
-5.1708984 3.5628393 -1.6447489
-5.255332 3.4370635 -1.6447484
-5.336699 3.309284 -1.6447482
-5.5620508 2.9146898 -1.6447468
-5.6307421 2.779655 -1.6447465
-5.6961327 2.6430132 -1.6447461
-5.7582617 2.504837 -1.6447457
-5.8170114 2.3651958 -1.6447453
-6.5262499 2.1179473 -1.7971429
-6.5754294 1.9598944 -1.7971426
-6.662324 1.6404589 -1.7971418
-6.8592772 0.16665038 -1.7971389
-6.8612695 0.0011328125 -1.7971387
-6.8533201 -0.32980958 -1.7971382
-6.7896872 -0.9886325 -1.7971373
-6.7340622 -1.3149731 -1.7971369
-6.7003708 -1.4770401 -1.7971368
-6.6213865 -1.7985028 -1.7971365
-6.5269141 -2.1157804 -1.7971362
-6.3567967 -2.582233 -1.7971358
-6.2926559 -2.7348344 -1.7971358
-5.9999022 -3.3284905 -1.7971357
-5.8323631 -3.6139605 -1.7971357
-5.7435155 -3.7536123 -1.7971357
-5.6512499 -3.8910713 -1.7971357
-5.5557423 -4.0262661 -1.7971358
-5.4570117 -4.1591191 -1.7971358
-5.2500196 -4.4176211 -1.7971361
-4.9168358 -4.7855859 -1.7971363
-4.6803126 -5.0171423 -1.7971367
-4.5578904 -5.1286197 -1.7971368
-4.3051953 -5.3424969 -1.7971371
-4.0425587 -5.5439353 -1.7971376
-3.9076171 -5.6398411 -1.7971377
-3.2005272 -6.0690994 -1.7971389
-3.0531836 -6.1445446 -1.7971393
-2.6008594 -6.3492494 -1.7971401
-2.4469531 -6.4101496 -1.7971405
-2.1349022 -6.5207138 -1.7971412
-1.9769726 -6.5703216 -1.7971416
-1.8179101 -6.6161032 -1.797142
-1.4966601 -6.6960907 -1.7971427
-1.1719726 -6.7604895 -1.7971435
-1.0085351 -6.7867961 -1.7971438
-0.68003905 -6.8275437 -1.7971448
-0.34988281 -6.8524051 -1.7971455
0.1465625 -6.8597727 -1.7971469
0.31199217 -6.8542414 -1.7971473
0.80685544 -6.8137412 -1.7971488
0.97095698 -6.7922978 -1.7971493
1.2975 -6.7375646 -1.7971503
1.4596094 -6.7043066 -1.7971509
1.6209375 -6.6671429 -1.7971513
1.7813085 -6.6261053 -1.7971518
2.2557812 -6.479948 -1.7971532
2.5657227 -6.3636112 -1.7971543
3.3128319 -6.0086179 -1.7971569
3.5988281 -5.8418374 -1.797158
3.8764453 -5.6614647 -1.7971591
4.0118747 -5.5663066 -1.7971596
4.1449804 -5.4679089 -1.7971601
4.2756834 -5.3663239 -1.7971606
4.6525583 -5.0430832 -1.7971622
4.7728515 -4.9293799 -1.7971628
5.1168356 -4.5713315 -1.7971643
5.2256446 -4.4465666 -1.7971647
5.331367 -4.3192105 -1.7971652
5.4340234 -4.1893468 -1.7971656
5.5334959 -4.0570412 -1.7971661
5.6297655 -3.9223745 -1.7971667
5.7227345 -3.7854211 -1.7971672
5.8986521 -3.504988 -1.7971681
6.0608397 -3.2163992 -1.797169
6.1366992 -3.0692537 -1.7971694
6.2089844 -2.9203253 -1.7971699
2.622539 -0.93696105 -0.72943205
2.6469531 -0.80398983 -0.72457749
2.7832615 -0.7725665 -0.75656569
3.2240624 -0.72945619 -0.86580318
6.7575779 -1.1895971 -1.7971742
6.7842579 -1.0262326 -1.7971745
6.8070703 -0.86227351 -1.7971748
6.8259177 -0.69781035 -1.797175
6.8584766 -0.20237334 -1.797176
6.8602929 0.12866943 -1.7971765
6.8159766 0.78909236 -1.7971774
6.7949219 0.95328796 -1.7971777
6.7082028 1.4421673 -1.7971781
3.2262108 0.77546203 -0.86908728
2.6283398 0.90729856 -0.72828382
2.615078 0.9739477 -0.73091644
2.5693946 1.1749426 -0.74000847
6.1693749 3.0031602 -1.7971792
6.0951171 3.1511109 -1.7971792
5.9360547 3.4414349 -1.7971792
5.7631445 3.723742 -1.7971792
5.4787498 4.1307478 -1.7971791
5.3775001 4.2617126 -1.7971791
5.2731442 4.3901997 -1.7971789
5.1656637 4.5161309 -1.7971789
5.0552735 4.6394262 -1.7971787
4.2035351 5.42311 -1.7971777
4.0714645 5.522933 -1.7971776
3.520371 5.8895359 -1.7971765
3.3772655 5.9727416 -1.7971764
3.2321289 6.0524607 -1.797176
3.085254 6.128685 -1.7971758
2.6339843 6.3357458 -1.7971748
1.8524219 6.6066599 -1.7971731
1.6925195 6.649426 -1.7971728
1.3698046 6.7233167 -1.7971721
0.88001949 6.8047605 -1.7971709
0.71558595 6.8240099 -1.7971704
0.385625 6.8505783 -1.7971694
0.054746091 6.8612037 -1.7971685
-0.27626953 6.8558493 -1.7971677
-0.4415625 6.8471837 -1.7971672
-0.60662109 6.8345423 -1.7971667
-0.93560547 6.7973228 -1.7971658
-1.0992578 6.7727747 -1.7971654
-1.2623242 6.7442799 -1.7971647
-1.5861719 6.6755371 -1.7971638
-2.3177538 5.836134 -1.6447604
-2.457871 5.7785254 -1.6447599
-2.5965819 5.7175465 -1.6447595
-3.003242 5.514801 -1.6447581
-3.3941405 5.2831712 -1.6447566
-3.6450391 5.1133103 -1.6447557
-3.8874023 4.9315453 -1.6447548
-4.0052733 4.836328 -1.6447543
-4.4525976 4.4278946 -1.6447523
-4.5581055 4.3191867 -1.6447519
-4.8585739 3.9782543 -1.6447505
-4.9530859 3.8598907 -1.64475
-5.2192383 3.4915991 -1.6447488
-5.3019333 3.3646703 -1.6447483
-5.5313673 2.9724414 -1.6447471
-5.7318749 2.5646636 -1.6447459
-5.8488865 2.2852099 -1.6447451
-6.1116209 2.2194586 -1.703069
-6.6016989 1.8695471 -1.7971423
-6.6448827 1.7097448 -1.797142
-6.7511129 1.2247381 -1.797141
-6.7786717 1.0615197 -1.7971406
-6.8022656 0.89768434 -1.7971404
-6.8219724 0.73332393 -1.79714
-6.8376951 0.56853819 -1.7971396
-6.849453 0.40342161 -1.7971394
-6.8571482 0.23807678 -1.797139
-6.8608985 0.072582394 -1.7971388
-6.8564062 -0.2584253 -1.7971383
-6.8481445 -0.42375427 -1.797138
-6.7754879 -1.0816416 -1.7971371
-6.7474022 -1.2447772 -1.7971369
-6.7154102 -1.40719 -1.7971368
-6.6795115 -1.5687817 -1.7971367
-6.5486131 -2.0477064 -1.7971362
-6.4422069 -2.3611767 -1.7971361
-6.1846871 -2.9709141 -1.7971357
-5.9536328 -3.4104047 -1.7971357
-5.6914454 -3.8320165 -1.7971357
-5.295742 -4.362587 -1.7971361
-4.611074 -5.0809131 -1.7971367
-4.4871678 -5.1906371 -1.7971369
-3.2635546 -6.0354419 -1.7971389
-2.6668162 -6.3218274 -1.79714
-2.3588085 -6.4431005 -1.7971407
-2.0453124 -6.549376 -1.7971414
-1.7269921 -6.6404104 -1.7971421
-1.4047265 -6.7159839 -1.7971429
-1.2423047 -6.7479167 -1.7971433
-1.0791405 -6.7759247 -1.7971437
-0.91535157 -6.7999883 -1.7971442
-0.75107419 -6.8200936 -1.7971445
-0.58632809 -6.8362322 -1.7971449
-0.42123047 -6.8483872 -1.7971454
0.40593749 -6.8493214 -1.7971476
0.57107419 -6.8375335 -1.7971481
0.73587888 -6.8217731 -1.7971486
1.0640234 -6.7783475 -1.7971497
1.227246 -6.7507091 -1.7971501
1.3897265 -6.719141 -1.7971505
1.5513867 -6.68366 -1.797151
2.3444531 -6.4484091 -1.7971536
2.4993553 -6.3899789 -1.7971542
2.8046288 -6.2619977 -1.7971551
2.9548438 -6.1925159 -1.7971557
3.1033983 -6.1194315 -1.7971562
3.2501171 -6.0427866 -1.7971568
3.9536912 -5.6077795 -1.7971594
4.2196288 -5.4105554 -1.7971605
4.7212892 -4.9788098 -1.7971624
4.8400192 -4.8634691 -1.797163
5.0689454 -4.624362 -1.797164
5.1790624 -4.5007362 -1.7971644
5.2861328 -4.3744917 -1.797165
5.3900976 -4.2456985 -1.7971655
5.588613 -3.9807818 -1.7971663
5.6830273 -3.8448095 -1.7971668
5.7741013 -3.7065966 -1.7971673
6.0270309 -3.2793372 -1.7971687
6.1782227 -2.9848168 -1.7971696
2.6026757 -1.0325333 -0.73338723
2.6167579 -0.96573848 -0.73058182
2.6298828 -0.89910859 -0.72797346
2.6420116 -0.83263457 -0.72555983
2.6748633 -0.7725659 -0.72924972
6.773242 -1.0968255 -1.7971743
6.7977343 -0.93311065 -1.7971747
6.8182616 -0.76885402 -1.7971749
6.8474021 -0.43908873 -1.7971755
6.8606443 -0.10830627 -1.7971761
6.8578515 0.22273193 -1.7971766
6.8504882 0.38810545 -1.797177
6.7812109 1.0463758 -1.7971777
6.7540035 1.2096601 -1.797178
6.7228708 1.3722394 -1.7971781
2.63375 0.87858093 -0.72720808
2.6209178 0.94516051 -0.72975618
2.5765038 1.1459204 -0.73858804
6.2002735 2.9387548 -1.7971792
6.1276169 3.0874748 -1.7971792
6.0512891 3.2343988 -1.7971792
5.8882813 3.5225115 -1.7971792
5.3185544 4.335052 -1.7971791
5.1033006 4.5865374 -1.7971787
4.9911327 4.7083135 -1.7971787
4.8760939 4.8273458 -1.7971786
4.3882813 5.2747192 -1.797178
4.2597656 5.3790455 -1.7971777
4.1287498 5.4802418 -1.7971776
3.9953711 5.5782418 -1.7971774
3.8596289 5.6729989 -1.7971771
3.7216601 5.7644601 -1.797177
3.0009179 6.1704111 -1.7971755
2.8512108 6.2410107 -1.7971753
2.699785 6.3079758 -1.7971749
2.5468946 6.3712692 -1.7971747
2.3924413 6.4308496 -1.7971743
2.0794334 6.5387583 -1.7971736
1.9211133 6.5870152 -1.7971733
1.7616601 6.6314416 -1.797173
1.6011523 6.6720042 -1.7971725
1.439707 6.7086887 -1.7971722
1.2774609 6.741467 -1.7971717
0.45693359 6.8461924 -1.7971696
0.12621093 6.8602648 -1.7971689
-0.039335936 6.8613048 -1.7971684
-0.37027344 6.8514132 -1.7971674
-0.53542966 6.840488 -1.7971671
-0.70027339 6.8255796 -1.7971663
-0.86474609 6.8066978 -1.797166
-1.0286719 6.7838526 -1.7971655
-1.1920313 6.7570581 -1.797165
-1.516582 6.6916966 -1.797164
-1.9715819 5.9619946 -1.6447616
-2.1148047 5.9126954 -1.6447612
-2.256875 5.8599596 -1.6447607
-2.5368359 5.7442784 -1.6447597
-2.674746 5.6814013 -1.6447592
-2.8109961 5.615222 -1.6447587
-2.9456055 5.5457716 -1.6447582
-3.0785546 5.4730968 -1.6447577
-3.2096875 5.397234 -1.6447574
-3.466289 5.2361341 -1.6447563
-3.8358593 4.9717588 -1.6447549
-4.1853514 4.6813469 -1.6447536
-4.29707 4.5790186 -1.6447531
-4.4062696 4.4740219 -1.6447525
-4.6169333 4.256279 -1.6447515
-4.7182422 4.1436591 -1.6447511
-4.8168359 4.0286341 -1.6447506
-4.9126172 3.9112566 -1.6447504
-5.1826172 3.5457573 -1.6447489
-5.347578 3.2916448 -1.6447481
-5.5001559 3.029881 -1.6447473
-5.5716014 2.896317 -1.6447468
-5.7664647 2.4858208 -1.6447456
-5.9480858 2.2304535 -1.6638908
-6.3458395 2.2065141 -1.7597522
-6.5331836 2.096405 -1.7971429
-6.5818553 1.9381866 -1.7971426
-6.6676755 1.618463 -1.7971418
-6.7048044 1.4571424 -1.7971414
-6.7379684 1.2949725 -1.7971411
-6.7672458 1.1320477 -1.7971407
-6.7926168 0.96846801 -1.7971405
-6.8139648 0.80432189 -1.7971401
-6.8597655 0.14402099 -1.7971389
-6.8417578 -0.51762176 -1.7971379
-6.8088083 -0.84701961 -1.7971374
-6.7599802 -1.1744497 -1.7971371
-6.7297263 -1.3371847 -1.7971369
-6.6954684 -1.4991424 -1.7971368
-6.6573629 -1.6602279 -1.7971367
-6.5695505 -1.9794018 -1.7971363
-6.5198631 -2.137311 -1.7971362
-6.466445 -2.2939703 -1.7971361
-6.4091992 -2.4492912 -1.7971361
-6.3482614 -2.6031945 -1.7971358
-6.215332 -2.9063668 -1.7971357
-6.1433787 -3.0554657 -1.7971357
-6.0678906 -3.2027745 -1.7971357
-5.9888673 -3.3482549 -1.7971357
-5.8204103 -3.6331871 -1.7971357
-5.7310548 -3.772541 -1.7971357
-5.5424414 -4.0445805 -1.7971358
-5.126914 -4.5598025 -1.7971362
-4.9010153 -4.8017817 -1.7971363
-4.7837305 -4.9186049 -1.7971365
-4.6637301 -5.0325565 -1.7971367
-4.5409179 -5.1436343 -1.7971368
-4.287539 -5.3566751 -1.7971371
-4.1571288 -5.4585452 -1.7971374
-4.024199 -5.5572457 -1.7971376
-3.6117969 -5.8337107 -1.7971383
-3.4700193 -5.9191442 -1.7971385
-2.7325194 -6.2937131 -1.79714
-2.5799022 -6.3577991 -1.7971404
-2.4258008 -6.4181876 -1.7971406
-1.6358007 -6.663465 -1.7971423
-1.4745898 -6.7009916 -1.7971427
-0.82203126 -6.8119016 -1.7971443
-0.65748048 -6.829751 -1.7971448
-0.49253905 -6.8436289 -1.7971452
-0.32726562 -6.8535252 -1.7971456
-0.16185546 -6.8594236 -1.7971461
0.16917968 -6.8592505 -1.797147
0.33458984 -6.8531766 -1.7971475
0.6647656 -6.8290668 -1.7971483
0.82931638 -6.8110409 -1.7971488
0.99339843 -6.7890615 -1.7971493
1.1568555 -6.7631207 -1.7971499
1.319707 -6.7332449 -1.7971504
1.6429297 -6.661757 -1.7971513
1.8031445 -6.6201901 -1.7971519
1.9623241 -6.57477 -1.7971524
2.1203711 -6.5255198 -1.7971529
2.2771873 -6.4724693 -1.7971535
2.4326563 -6.415658 -1.7971539
2.5867188 -6.3551097 -1.7971543
2.7392774 -6.2908597 -1.7971549
2.8902342 -6.222949 -1.7971554
3.1870508 -6.0763049 -1.7971565
3.4763865 -5.9155154 -1.7971575
3.6180468 -5.8299317 -1.7971581
3.7576952 -5.7409601 -1.7971586
3.8950779 -5.6486449 -1.7971591
4.1629882 -5.4542065 -1.7971601
4.2933593 -5.3521872 -1.7971607
4.4212694 -5.2470584 -1.7971612
4.7891016 -4.9136066 -1.7971628
5.0205274 -4.6769004 -1.7971638
5.3456249 -4.3015995 -1.7971654
5.6426563 -3.9037764 -1.7971667
5.8243942 -3.6270671 -1.7971677
5.9102149 -3.4855092 -1.7971681
2.6108203 -0.99454558 -0.73176831
2.6243358 -0.92784697 -0.72907543
2.636914 -0.86130798 -0.72657776
2.6484962 -0.79492122 -0.72427398
2.8192968 -0.7725665 -0.76566786
3.2274413 -0.80122954 -0.8710075
6.761445 -1.1673003 -1.7971742
6.7876563 -1.0038503 -1.7971745
6.8099022 -0.83981228 -1.7971748
6.8281641 -0.67528838 -1.797175
6.8598242 0.15130371 -1.7971765
6.8541598 0.31674254 -1.7971768
6.8309178 0.64697385 -1.7971772
6.8133202 0.81157529 -1.7971774
6.7662497 1.1392584 -1.7971778
2.8658788 0.77256405 -0.77743757
2.6503711 0.78352475 -0.72389692
2.6389453 0.84989196 -0.72616833
2.6265819 0.91640443 -0.72863263
2.583457 1.116936 -0.73720604
2.5670702 1.1841486 -0.74046654
6.1593943 3.023504 -1.7971792
6.0846872 3.1712103 -1.7971792
6.0064063 3.3170738 -1.7971792
5.8394337 3.6029081 -1.7971792
5.5636129 4.0157514 -1.7971792
5.3634372 4.2794299 -1.7971791
5.2586131 4.4075718 -1.7971789
5.1507812 4.5331445 -1.7971789
5.0399218 4.6560798 -1.7971787
4.9261327 4.7763071 -1.7971786
4.4429884 5.2287364 -1.797178
4.315547 5.3343945 -1.7971778
3.9184766 5.6325011 -1.7971772
3.7814844 5.7253895 -1.797177
3.2122068 6.0631051 -1.797176
2.9160547 6.2109861 -1.7971754
2.7653711 6.2795215 -1.797175
2.6130469 6.3444066 -1.7971748
2.4592578 6.4055929 -1.7971745
2.304004 6.4630527 -1.7971742
1.8306054 6.6127391 -1.7971731
1.6705273 6.6549754 -1.7971727
1.5095313 6.6933346 -1.7971723
1.3475976 6.7277989 -1.797172
1.1849219 6.7583485 -1.7971716
1.0215234 6.7849622 -1.7971711
0.69308591 6.8263354 -1.7971702
0.36294922 6.8518162 -1.7971694
0.19759765 6.8585753 -1.797169
0.032128904 6.8613453 -1.7971685
-0.29888672 6.8549023 -1.7971677
-0.62912107 6.8325047 -1.7971667
-1.1216016 6.7691064 -1.7971652
-1.2845508 6.740078 -1.7971647
-1.4467969 6.7071228 -1.7971643
-1.7645117 6.026526 -1.6447623
-1.9094141 5.9822006 -1.6447618
-2.195703 5.8831406 -1.6447608
-2.336992 5.8284583 -1.6447604
-2.6154296 5.7089462 -1.6447595
-2.7523437 5.6441903 -1.6447588
-2.8877344 5.5761437 -1.6447585
-3.0213866 5.5048585 -1.644758
-3.2833788 5.3527136 -1.644757
-3.4115624 5.2719398 -1.6447566
-3.5377343 5.1881113 -1.6447561
-3.6618946 5.1012573 -1.6447555
-3.7838476 5.0114355 -1.644755
-3.9036326 4.9186888 -1.6447546
-4.1363478 4.7246671 -1.6447537
-4.2491603 4.6235108 -1.6447532
-4.3594337 4.5196538 -1.6447527
-4.6748438 4.1925726 -1.6447514
-5.0570898 3.7226152 -1.6447495
-5.3130274 3.3471594 -1.6447482
-5.4683008 3.0869946 -1.6447474
-5.5411716 2.9541795 -1.644747
-5.6108398 2.8196466 -1.6447467
-6.1650391 2.2158544 -1.7159091
-6.5110154 2.16432 -1.7971431
-6.5613279 2.0066168 -1.7971427
-6.6078124 1.8477459 -1.7971423
-6.6892381 1.5268774 -1.7971416
-6.8243551 0.7108075 -1.7971399
-6.8395309 0.54596859 -1.7971395
-6.8506832 0.38081482 -1.7971393
-6.8578906 0.21543212 -1.797139
-6.8611131 0.049934693 -1.7971388
-6.8555274 -0.28105742 -1.7971382
-6.8467383 -0.44634369 -1.797138
-6.7965231 -0.94030178 -1.7971374
-6.5898242 -1.9108801 -1.7971363
-6.5417967 -2.0692961 -1.7971362
-6.4899411 -2.2265058 -1.7971362
-6.3750391 -2.5369494 -1.7971358
-6.3119726 -2.6899951 -1.7971358
-6.2452536 -2.8414891 -1.7971358
-6.0234375 -3.2856631 -1.7971357
-5.4864454 -4.1202011 -1.7971358
-5.3854489 -4.2513537 -1.7971358
-4.9507422 -4.7504869 -1.7971363
-4.8347263 -4.8685379 -1.7971365
-4.4699998 -5.2054224 -1.7971369
-4.2137108 -5.4149613 -1.7971373
-4.0818748 -5.5150352 -1.7971374
-3.6723437 -5.7957811 -1.7971382
-3.3885155 -5.9661694 -1.7971387
-3.2436132 -6.0461783 -1.7971389
-2.9482031 -6.1955957 -1.7971395
-2.79791 -6.2649131 -1.7971399
-2.492461 -6.3925786 -1.7971405
-2.337539 -6.4508495 -1.7971407
-2.0236719 -6.5560904 -1.7971416
-1.8649414 -6.6030045 -1.7971418
-1.5442773 -6.6852689 -1.7971426
-1.22 -6.7519798 -1.7971433
-1.0567578 -6.7794499 -1.7971438
-0.72853512 -6.8225365 -1.7971445
-0.56374997 -6.8381286 -1.797145
-0.39861327 -6.84974 -1.7971455
-0.067753904 -6.8610034 -1.7971463
0.097753905 -6.8606405 -1.7971467
1.0863476 -6.7748027 -1.7971497
1.4118944 -6.714519 -1.7971507
1.5734375 -6.6785059 -1.7971511
1.7341406 -6.6386094 -1.7971516
1.8937695 -6.5948462 -1.7971522
2.3657031 -6.4406443 -1.7971537
2.9752929 -6.182734 -1.7971557
3.1235743 -6.109159 -1.7971563
3.2700586 -6.0320334 -1.7971568
4.6165624 -5.0760489 -1.7971619
4.7376757 -4.9632025 -1.7971625
5.300488 -4.3570194 -1.797165
5.601738 -3.9623275 -1.7971666
5.8735938 -3.5468669 -1.7971679
6.0378513 -3.2594371 -1.7971689
6.1147265 -3.1128323 -1.7971693
2.5736914 -1.1574695 -0.73914891
2.5896678 -1.090335 -0.73596936
2.6186132 -0.95661741 -0.73021394
2.6435938 -0.82355744 -0.72524458
2.7083592 -0.7725656 -0.73768014
6.7767773 -1.0744653 -1.7971743
6.8007617 -0.91067231 -1.7971747
6.8207421 -0.74634552 -1.7971749
6.8367772 -0.58158994 -1.7971753
6.8488278 -0.41648954 -1.7971755
6.8568945 -0.25114989 -1.7971759
6.8609958 0.079874873 -1.7971765
6.85707 0.24536376 -1.7971766
6.7777147 1.0687475 -1.7971778
6.7499804 1.2319428 -1.797178
3.225039 0.75095642 -0.86731499
2.6439843 0.82122737 -0.72516471
2.6320508 0.88767636 -0.72754502
2.6191015 0.95427674 -0.73011982
2.5742774 1.1551117 -0.73903418
6.1905274 2.9591961 -1.7971792
6.0406251 3.2543449 -1.7971792
5.8766208 3.5419183 -1.7971792
5.7894921 3.6826537 -1.7971792
5.6051168 3.9576085 -1.7971792
5.5080271 4.09167 -1.7971791
5.3042188 4.3525786 -1.7971789
5.1977148 4.4792724 -1.7971789
4.8601952 4.8434124 -1.7971786
4.7419333 4.9592447 -1.7971785
4.4971681 5.1821923 -1.7971781
4.3708591 5.2891722 -1.7971778
3.4196875 5.9485631 -1.7971764
3.2751758 6.0293236 -1.7971761
3.1287694 6.1065817 -1.7971759
2.9805272 6.1802793 -1.7971755
2.5258007 6.3796363 -1.7971747
2.0578711 6.5455799 -1.7971736
1.8993554 6.5933151 -1.7971733
1.7397265 6.637218 -1.7971728
1.5791211 6.6772532 -1.7971725
1.4175977 6.7134018 -1.7971721
0.92837888 6.7983289 -1.7971709
0.76412106 6.8187485 -1.7971705
0.5993945 6.8351927 -1.79717
0.26904297 6.8561487 -1.7971692
-0.061992187 6.8611398 -1.7971683
-0.39283201 6.8501534 -1.7971673
-0.55798829 6.8386827 -1.7971668
-1.3768749 6.721827 -1.7971644
-1.5386132 6.6866541 -1.797164
-1.7152929 6.0928063 -1.6578873
-1.9912499 5.9554577 -1.6447614
-2.134336 5.9056897 -1.644761
-2.2761719 5.8524814 -1.6447606
-2.5558007 5.7358751 -1.6447597
-3.0966015 5.4629111 -1.6447576
-3.2274609 5.3866138 -1.6447572
-3.4835351 5.224669 -1.6447563
-3.6085742 5.1391087 -1.6447558
-3.7315037 5.0505629 -1.6447554
-3.852246 4.959074 -1.6447548
-4.4209962 4.4594536 -1.6447525
-4.5272851 4.3515081 -1.644752
-4.6309767 4.2410202 -1.6447515
-4.8301172 4.0127134 -1.6447506
-4.9255075 3.8950238 -1.6447501
-5.0180273 3.7750659 -1.6447498
-5.1942773 3.5286345 -1.6447488
-5.2778907 3.4022992 -1.6447484
-5.5811524 2.8779082 -1.6447468
-5.6489453 2.7424462 -1.6447463
-5.7134767 2.6053729 -1.6447461
-5.9991016 2.2270288 -1.67609
-6.4088864 2.2047498 -1.7751979
-6.5882421 1.9164636 -1.7971425
-6.6325192 1.7569714 -1.7971421
-6.6729684 1.5964593 -1.7971417
-6.7095313 1.4350158 -1.7971414
-6.7422266 1.2727325 -1.7971411
-6.8165817 0.78183717 -1.79714
-6.8334765 0.61716431 -1.7971396
-6.8602147 0.12138 -1.7971389
-6.8510156 -0.37503263 -1.7971382
-6.8399801 -0.54019928 -1.7971379
-6.8249803 -0.7050494 -1.7971377
-6.7830272 -1.0334189 -1.7971373
-6.609375 -1.8421661 -1.7971363
-6.5629883 -2.0010726 -1.7971363
-6.5127926 -2.1588135 -1.7971362
-6.401113 -2.4704223 -1.7971361
-6.3396482 -2.6241217 -1.7971358
-6.2057028 -2.9268529 -1.7971357
-6.1332812 -3.0757024 -1.7971357
-6.0573044 -3.2227731 -1.7971357
-5.9777927 -3.3679378 -1.7971357
-5.5290427 -4.0628409 -1.7971358
-5.4294333 -4.195045 -1.7971358
-5.3266602 -4.3247995 -1.7971361
-5.2207422 -4.4520555 -1.7971361
-5.1118555 -4.5767059 -1.7971362
-4.8851757 -4.8179293 -1.7971363
-4.7674999 -4.9343719 -1.7971365
-4.6470704 -5.0479527 -1.7971367
-4.5239453 -5.1585908 -1.7971368
-4.3981638 -5.2662253 -1.7971369
-4.1390429 -5.4722352 -1.7971374
-4.0058203 -5.5704947 -1.7971376
-3.8702734 -5.6655107 -1.7971379
-3.4504881 -5.9305639 -1.7971385
-3.3064063 -6.0120773 -1.7971388
-3.1604102 -6.0900927 -1.797139
-2.8629687 -6.2354436 -1.7971396
-2.7117381 -6.3026972 -1.79714
-2.248867 -6.4822955 -1.797141
-2.0918164 -6.5346603 -1.7971414
-1.2902734 -6.7389073 -1.7971432
-0.79957032 -6.8145776 -1.7971444
-0.46994141 -6.8452158 -1.7971452
-0.30466795 -6.8545666 -1.7971456
0.026308592 -6.8612857 -1.7971466
0.19183594 -6.8586545 -1.797147
0.85179687 -6.8082709 -1.7971491
1.0157813 -6.7857447 -1.7971494
1.3419141 -6.7288532 -1.7971504
1.6649023 -6.6563005 -1.7971514
1.8249999 -6.6142054 -1.7971519
2.2985351 -6.4649243 -1.7971535
2.7599804 -6.281786 -1.7971549
2.9107225 -6.2133822 -1.7971556
3.0597851 -6.141356 -1.797156
3.4958982 -5.9040141 -1.7971578
3.6373241 -5.8179646 -1.7971581
3.776582 -5.7285299 -1.7971586
3.9136913 -5.6357598 -1.7971592
4.0485153 -5.5397062 -1.7971597
4.310957 -5.3379908 -1.7971607
4.4385352 -5.2324424 -1.7971613
4.5634766 -5.1238437 -1.7971618
4.6857224 -5.0122685 -1.7971623
4.8053122 -4.8977757 -1.7971629
5.0359373 -4.660305 -1.7971638
5.146914 -4.5374632 -1.7971644
5.4615235 -4.1533923 -1.7971658
5.6555271 -3.8851335 -1.7971667
5.7475781 -3.7475696 -1.7971673
6.0819726 -3.1763284 -1.7971692
6.1568551 -3.0286865 -1.7971694
2.5829101 -1.119284 -0.73731649
2.5983202 -1.0522574 -0.73425215
2.6127148 -0.9854126 -0.73138851
2.6261132 -0.91873562 -0.72872239
2.6385546 -0.85222256 -0.7262513
2.6499999 -0.78584987 -0.72397339
2.85625 -0.7725659 -0.77500612
6.7356639 -1.30785 -1.7971739
6.7909179 -0.98144466 -1.7971745
6.8126168 -0.81733489 -1.7971748
6.8303514 -0.6527527 -1.797175
6.8539062 -0.32254273 -1.7971758
6.8592772 0.17394225 -1.7971766
6.8530469 0.33936217 -1.7971768
6.7884765 0.99810791 -1.7971777
2.8286912 0.77256471 -0.76803929
2.6488671 0.79259396 -0.72419637
2.6373045 0.85898131 -0.72649395
2.6248047 0.92551571 -0.72898453
2.611289 0.99220884 -0.73167092
2.5967968 1.0590723 -0.73455495
6.2210546 2.8945801 -1.7971792
6.0741992 3.1912737 -1.7971792
5.9132028 3.4805279 -1.7971792
5.827539 3.6221623 -1.7971792
5.7384176 3.761687 -1.7971792
5.6459961 3.8990245 -1.7971792
5.451406 4.16681 -1.7971791
5.349277 4.2971063 -1.7971791
5.2440429 4.4249015 -1.7971789
4.9103317 4.7925348 -1.7971786
4.7932811 4.9095945 -1.7971785
4.5508595 5.1350803 -1.7971781
4.2979298 5.3486071 -1.7971778
3.6230469 5.826931 -1.7971768
2.8954883 6.2205758 -1.7971754
2.5920899 6.352993 -1.7971748
2.2826757 6.4706211 -1.797174
1.9679296 6.5731845 -1.7971734
1.6485937 6.6604466 -1.7971727
1.3254101 6.7322068 -1.797172
1.1626366 6.762218 -1.7971715
0.83509761 6.8104196 -1.7971706
0.67056638 6.8285804 -1.7971702
0.50562501 6.8427711 -1.7971698
0.175 6.8591881 -1.797169
0.0094726561 6.8614144 -1.7971685
-0.65171874 6.8303905 -1.7971666
-0.81630856 6.8126817 -1.7971661
-1.1439258 6.7653723 -1.7971652
-1.4689648 6.7023129 -1.7971641
-1.6301953 6.6649227 -1.7971636
-1.6871874 6.2415805 -1.6934975
-2.0727148 5.9275913 -1.6447613
-2.4959569 5.7621751 -1.6447598
-2.7709961 5.6350741 -1.6447588
-2.9061131 5.5665841 -1.6447585
-3.5548437 5.1764174 -1.644756
-3.6786914 5.089149 -1.6447555
-4.1519337 4.710999 -1.6447537
-4.2643943 4.6094699 -1.6447531
-4.3743358 4.5052519 -1.6447526
-4.4817185 4.3984165 -1.6447521
-4.7880664 4.0627909 -1.6447508
-4.8846874 3.9461071 -1.6447504
-5.0693164 3.7059038 -1.6447495
-5.1572461 3.5825372 -1.6447492
-5.2421679 3.4570751 -1.6447487
-5.478457 3.068933 -1.6447473
-5.550879 2.9358764 -1.644747
-5.6200976 2.8011143 -1.6447465
-6.2192383 2.2121961 -1.7289592
-6.5679102 1.9849542 -1.7971426
-6.6138864 1.8259307 -1.7971423
-6.6559763 1.6658502 -1.7971418
-6.6942577 1.504793 -1.7971416
-6.7285743 1.3428668 -1.7971412
-6.7590427 1.1801496 -1.7971407
-6.841289 0.52341187 -1.7971395
-6.851953 0.358219 -1.7971393
-6.8612304 0.027305909 -1.7971388
-6.8545508 -0.30366883 -1.7971382
-6.8452344 -0.46893981 -1.797138
-6.8319335 -0.63393342 -1.7971377
-6.8146482 -0.79856288 -1.7971376
-6.7933788 -0.96272731 -1.7971373
-6.6281834 -1.7732376 -1.7971365
-6.5834765 -1.932618 -1.7971363
-6.4825778 -2.2479112 -1.7971362
-6.426445 -2.4036429 -1.7971361
-6.0905075 -3.1595261 -1.7971357
-6.0124998 -3.3055601 -1.7971357
-5.5710545 -4.005055 -1.7971357
-5.3713865 -4.2690907 -1.7971358
-5.2668161 -4.3974299 -1.7971361
-5.1592383 -4.5232215 -1.7971361
-5.0486131 -4.6463594 -1.7971362
-4.935039 -4.766799 -1.7971363
-4.6994138 -4.9992757 -1.7971367
-4.452754 -5.2201395 -1.7971369
-4.3255663 -5.3260369 -1.7971371
-4.1958008 -5.4288378 -1.7971373
-4.0636325 -5.5284762 -1.7971376
-3.7922657 -5.7180457 -1.797138
-3.5120506 -5.894309 -1.7971385
-3.3688281 -5.9773216 -1.7971387
-3.2236719 -6.056849 -1.7971389
-3.076582 -6.1328564 -1.7971393
-2.9277344 -6.2052903 -1.7971395
-2.4713671 -6.400764 -1.7971405
-2.0020311 -6.5627313 -1.7971416
-1.8431445 -6.6091175 -1.7971418
-1.683164 -6.6516581 -1.7971423
-1.5222266 -6.6903281 -1.7971426
-1.3603711 -6.7251067 -1.7971431
-1.1977539 -6.7559705 -1.7971433
-1.0344336 -6.7828965 -1.7971438
-0.87046874 -6.8058786 -1.7971443
-0.54117185 -6.839951 -1.797145
-0.37605467 -6.8510156 -1.7971455
-0.045156248 -6.8611856 -1.7971464
0.12037109 -6.8602805 -1.7971469
0.45115232 -6.8464952 -1.7971478
0.61617184 -6.8336167 -1.7971482
1.1087695 -6.7711811 -1.7971498
1.2717578 -6.7424612 -1.7971503
1.4340234 -6.7098222 -1.7971507
1.7559961 -6.6328506 -1.7971518
1.9155078 -6.5885606 -1.7971522
2.2310545 -6.4885044 -1.7971532
2.5414453 -6.3733506 -1.7971542
2.694453 -6.3101878 -1.7971548
2.8459179 -6.2433534 -1.7971553
3.1437304 -6.0988183 -1.7971563
3.7167578 -5.7675424 -1.7971585
3.9906054 -5.5815616 -1.7971596
4.1240625 -5.483675 -1.79716
4.2551951 -5.3825889 -1.7971606
4.5098829 -5.1710796 -1.7971616
4.6332812 -5.0608048 -1.7971622
4.754004 -4.9475617 -1.7971625
4.8719726 -4.831439 -1.797163
4.9871483 -4.7125082 -1.7971636
5.2085938 -4.466476 -1.7971646
5.3148437 -4.3395262 -1.7971652
5.6147852 -3.9438331 -1.7971666
5.7984376 -3.6684196 -1.7971674
5.9686131 -3.384474 -1.7971684
6.0485544 -3.239507 -1.7971689
6.1249413 -3.0926487 -1.7971693
6.197793 -2.9439948 -1.7971698
2.5759375 -1.1482818 -0.7387023
2.606621 -1.0142496 -0.73260051
2.6204491 -0.94750243 -0.7298491
2.6333008 -0.88091671 -0.72729427
2.6451561 -0.81448299 -0.72493321
2.7426171 -0.7725668 -0.74631226
3.2246485 -0.74253571 -0.86671871
6.7216601 -1.3779236 -1.7971737
6.7529883 -1.2153692 -1.797174
6.7803321 -1.0521088 -1.7971743
6.80375 -0.8882373 -1.7971747
6.8231835 -0.72384703 -1.797175
6.8501368 -0.39389923 -1.7971758
6.8576756 -0.22853515 -1.7971759
6.7458787 1.2541986 -1.797178
6.7136521 1.4165679 -1.7971781
3.2255859 0.76230955 -0.86813009
3.2297266 0.84604979 -0.8744849
2.6833594 0.77256405 -0.73138976
2.6424217 0.8303076 -0.72547883
2.6303124 0.89677733 -0.72788566
2.5720117 1.164309 -0.73948395
6.0298438 3.274262 -1.7971792
5.8649216 3.5612938 -1.7971792
5.7772851 3.7017393 -1.7971792
5.6863084 3.8400273 -1.7971792
5.5920115 3.9760857 -1.7971792
5.0729098 4.6201205 -1.7971787
4.8441601 4.8594232 -1.7971785
4.7255273 4.9748664 -1.7971785
4.4800587 5.1970067 -1.797178
4.0925193 5.5073667 -1.7971776
3.8221288 5.6983519 -1.7971771
3.1085742 6.1168799 -1.7971758
2.9601171 6.1900916 -1.7971755
2.5047264 6.3879457 -1.7971745
1.8775976 6.599546 -1.7971731
1.7178515 6.6429186 -1.7971728
0.74164063 6.8212304 -1.7971704
0.4117578 6.8490577 -1.7971696
-0.084609374 6.8608985 -1.7971683
-0.58054686 6.8368053 -1.7971668
-0.74529296 6.8208103 -1.7971663
-1.8240429 5.5775452 -1.6791159
-1.9180077 5.4187279 -1.6447608
-2.048203 5.3708811 -1.6447604
-2.3048437 5.2658396 -1.6447597
-2.9217772 4.9501996 -1.6447574
-3.0403125 4.878273 -1.6447569
-3.1571288 4.803504 -1.6447564
-3.3851562 4.6456361 -1.6447557
-3.4962499 4.5626216 -1.6447552
-3.9196093 4.2045031 -1.6447536
-4.0198631 4.1087232 -1.6447531
-4.1178126 4.0105534 -1.6447526
-4.2133594 3.9100475 -1.6447521
-4.3970509 3.7022636 -1.6447514
-4.5705075 3.4858649 -1.6447505
-4.8106446 3.146225 -1.6447493
-4.8851171 3.0292554 -1.6447489
-5.8497849 2.2156169 -1.7898679
-5.9255075 2.0822845 -1.7971445
-6.0190039 1.7940515 -1.7971438
-6.0605664 1.6483319 -1.7971435
-6.163867 1.2057421 -1.7971425
-6.1911716 1.0566962 -1.7971421
-6.234961 0.75684571 -1.7971416
-6.2641797 0.4552252 -1.7971411
-6.2733202 0.30397522 -1.7971407
-6.2515626 -0.60414487 -1.7971394
-6.2351756 -0.75477844 -1.7971393
-6.1914845 -1.0546494 -1.7971388
-6.164238 -1.2037011 -1.7971387
-6.0990233 -1.4996264 -1.7971383
-6.0610547 -1.6463271 -1.7971382
-5.8742576 -2.2226684 -1.7971379
-5.2574606 -3.435991 -1.7971376
-4.9952345 -3.8071845 -1.7971377
-4.9019337 -3.9265893 -1.7971377
-4.7068553 -4.1584516 -1.7971379
-4.6051559 -4.2707691 -1.797138
-4.3937693 -4.4879432 -1.7971383
-4.057754 -4.7939324 -1.7971387
-3.9409568 -4.8904276 -1.7971389
-3.8217969 -4.9840775 -1.797139
-3.7004492 -5.0748224 -1.7971393
-3.5769529 -5.1626163 -1.7971394
-3.3238084 -5.3291388 -1.7971399
-3.1942577 -5.4077702 -1.7971401
-3.0629101 -5.4832525 -1.7971404
-2.9297266 -5.5555472 -1.7971406
-2.6583397 -5.6903982 -1.7971411
-1.8096875 -6.0143566 -1.7971429
-1.6640821 -6.0562644 -1.7971432
-1.2217773 -6.1607518 -1.7971443
-1.0727929 -6.1884336 -1.7971445
-0.77304685 -6.2329783 -1.7971454
-0.32029295 -6.2725677 -1.7971466
-0.01734375 -6.2807231 -1.7971473
0.58789062 -6.2531781 -1.7971492
0.88880855 -6.2175474 -1.7971499
1.1876757 -6.1674433 -1.7971509
1.3361132 -6.137002 -1.7971513
1.4837891 -6.1029849 -1.7971518
1.9212304 -5.9797144 -1.7971531
2.3485937 -5.8251343 -1.7971547
2.7636914 -5.640048 -1.797156
2.8990037 -5.5717359 -1.7971565
3.1643748 -5.4254284 -1.7971575
3.5483983 -5.1824002 -1.797159
3.6724217 -5.095294 -1.7971594
3.7942381 -5.005219 -1.7971598
3.913867 -4.9122343 -1.7971603
4.03125 -4.8163853 -1.7971609
4.2588868 -4.6163516 -1.7971618
4.8802342 -3.9537244 -1.7971646
5.1533594 -3.5904698 -1.797166
5.2384958 -3.4651048 -1.7971662
5.3995314 -3.2084014 -1.7971672
5.4753513 -3.0772121 -1.7971677
5.6174216 -2.8095372 -1.7971684
2.7832615 -0.7725665 -0.82650298
3.0686717 -0.7725668 -0.9054572
6.1576953 -1.2378403 -1.7971723
6.1857615 -1.0889353 -1.7971727
6.2310548 -0.78930879 -1.7971733
6.2618747 -0.48784605 -1.7971739
6.2751169 0.26923826 -1.797175
6.266777 0.42053953 -1.7971754
6.2391796 0.7223193 -1.7971758
6.1971092 1.0224158 -1.7971761
6.1405859 1.3201312 -1.7971765
3.2575195 0.78299069 -0.95864362
5.3561521 3.2803881 -1.7971774
5.2754493 3.408643 -1.7971774
5.1916795 3.5349145 -1.7971774
4.9224806 3.901093 -1.7971772
4.7285743 4.1339827 -1.7971771
4.6274805 4.2468443 -1.797177
4.5236521 4.3572454 -1.7971768
4.0827732 4.7728429 -1.7971764
3.6039257 5.1440244 -1.7971755
3.0914843 5.4673386 -1.7971747
2.8241992 5.6100831 -1.7971742
2.553828 5.7403235 -1.7971737
2.4111328 5.7996202 -1.7971734
2.128535 5.9091663 -1.7971728
1.695664 6.0476108 -1.7971717
1.4019922 6.1223621 -1.7971711
1.2538671 6.154397 -1.7971709
1.105039 6.1828513 -1.7971704
0.95556641 6.2077088 -1.79717
0.35300779 6.2708912 -1.7971685
-0.10140625 6.2799973 -1.7971672
-0.25289062 6.2757201 -1.7971668
-0.40419921 6.2677903 -1.7971663
-0.55527341 6.2562122 -1.797166
-0.70605469 6.2409911 -1.7971655
-0.85642576 6.2221437 -1.797165
-1.0062695 6.1996727 -1.7971646
-1.304121 6.1439185 -1.7971636
-1.4519531 6.1106615 -1.7971632
-1.7191992 5.944375 -1.7706095
-1.79125 5.6765833 -1.7032233
-1.8696679 5.462379 -1.6520092
-1.9921484 5.3919201 -1.6447607
-2.5024219 5.1748776 -1.6447588
-2.6265039 5.1129956 -1.6447585
-3.448535 4.5987797 -1.6447554
-3.5584764 4.5142436 -1.6447549
-3.666328 4.4270873 -1.6447544
-3.8755858 4.2450871 -1.6447537
-3.9768553 4.1503601 -1.6447532
-4.5339646 3.5332739 -1.6447506
-4.6178904 3.4228656 -1.6447504
-4.8533006 3.0799603 -1.6447492
-5.7205663 2.2350805 -1.7573718
-6.0000391 1.8566351 -1.7971439
-6.1509571 1.2698621 -1.7971426
-6.1798239 1.1211053 -1.7971423
-6.2050781 0.97169614 -1.797142
-6.2267184 0.82172364 -1.7971417
-6.2447267 0.67126465 -1.7971414
-6.2591014 0.52043152 -1.7971412
-6.2769141 0.21792786 -1.7971406
-6.2762108 -0.23656036 -1.7971399
-6.2686911 -0.38789886 -1.7971396
-6.2426953 -0.68981445 -1.7971393
-6.2021484 -0.99011749 -1.7971389
-6.1764646 -1.1394454 -1.7971388
-6.1471872 -1.288121 -1.7971387
-6.0379491 -1.7292776 -1.7971382
-5.9944334 -1.8744345 -1.797138
-5.9474802 -2.0184782 -1.797138
-5.8970704 -2.1613843 -1.7971379
-5.8432226 -2.3030252 -1.7971377
-5.2929688 -3.381062 -1.7971376
-5.2098827 -3.5077569 -1.7971376
-4.8476367 -3.9934278 -1.7971379
-4.7498827 -4.1092186 -1.7971379
-4.649375 -4.222611 -1.797138
-4.5461521 -4.33354 -1.797138
-3.9916406 -4.8491249 -1.7971388
-3.8735352 -4.9440055 -1.7971389
-3.753125 -5.0360093 -1.797139
-3.6305273 -5.1250901 -1.7971394
-3.3791015 -5.2942381 -1.7971396
-3.1198046 -5.4510651 -1.7971401
-2.9873827 -5.5247421 -1.7971405
-2.8532422 -5.5952001 -1.7971407
-2.5800781 -5.7263165 -1.7971412
-2.1592188 -5.897902 -1.7971421
-1.872207 -5.9951854 -1.7971427
-1.4337305 -6.1148796 -1.7971438
-1.2858398 -6.147696 -1.7971442
-1.1371679 -6.1769247 -1.7971444
-0.98781246 -6.2025666 -1.7971449
-0.83791012 -6.2245932 -1.7971452
-0.6875 -6.2429981 -1.7971456
-0.53667969 -6.2577624 -1.797146
0.068769529 -6.2803683 -1.7971476
1.123418 -6.1794791 -1.7971507
1.2721288 -6.1505809 -1.7971511
1.4201171 -6.118104 -1.7971516
1.5673046 -6.0820642 -1.797152
1.8588672 -5.9993949 -1.797153
2.1460741 -5.9027581 -1.7971539
2.7048047 -5.6685205 -1.7971559
3.1076953 -5.4580822 -1.7971573
3.238457 -5.3815217 -1.7971578
3.4942186 -5.2190628 -1.7971587
3.741914 -5.0444579 -1.7971597
3.9808788 -4.8581042 -1.7971606
4.0969138 -4.7606573 -1.7971611
4.7408204 -4.1198926 -1.797164
4.8388281 -4.0043283 -1.7971644
4.9340234 -3.8864343 -1.7971649
5.2855272 -3.392951 -1.7971666
5.3658204 -3.2644556 -1.7971671
5.5170703 -3.0018425 -1.7971678
3.2575195 -0.77276826 -0.95796341
6.144453 -1.3018878 -1.7971722
6.200078 -1.0040139 -1.7971728
6.2413087 -0.70379335 -1.7971734
6.2758398 -0.25061005 -1.7971743
6.2800779 -0.099140622 -1.7971745
6.2806444 0.052387696 -1.7971748
6.2775583 0.20388488 -1.7971749
6.2604294 0.50643677 -1.7971754
6.1824999 1.1072992 -1.7971761
6.1539841 1.2561212 -1.7971764
3.030664 0.77256531 -0.89491034
2.7515428 0.77256471 -0.81776077
5.6091013 2.8262181 -1.7971774
5.4662695 3.0934722 -1.7971774
5.3900194 3.2244396 -1.7971774
5.2282224 3.4806628 -1.7971774
5.1427145 3.6057751 -1.7971774
5.0542579 3.7287774 -1.7971772
4.9628515 3.8496227 -1.7971772
4.6714258 4.1984277 -1.797177
4.1322851 4.7300687 -1.7971764
3.8993163 4.9238782 -1.797176
3.7794139 5.0165086 -1.7971759
3.5330467 5.1929603 -1.7971754
3.4067383 5.2766757 -1.7971753
3.2784569 5.3573227 -1.797175
3.0162108 5.5092149 -1.7971745
2.8824413 5.5803699 -1.7971743
2.7469921 5.6482797 -1.797174
2.4713476 5.7741952 -1.7971734
1.6125586 6.0702977 -1.7971716
1.4656249 6.1074305 -1.7971712
1.1693749 6.1710119 -1.7971705
1.0201758 6.197423 -1.7971702
0.8703711 6.2202258 -1.7971698
0.56931639 6.2549658 -1.797169
0.41824219 6.2668762 -1.7971687
0.26699218 6.2751389 -1.7971683
0.11550781 6.2797556 -1.7971678
-0.33890623 6.2716622 -1.7971666
-0.6409961 6.2480125 -1.7971656
-0.79154295 6.2307215 -1.7971654
-1.0911523 6.1852865 -1.7971644
-1.3882617 6.1254578 -1.7971635
-1.6820703 6.051362 -1.7971625
-1.8343164 5.5468578 -1.6716897
-1.9358593 5.4123731 -1.6447608
-2.0658789 5.3640928 -1.6447604
-2.4483788 5.2006531 -1.6447591
-2.696367 5.0765014 -1.6447582
-2.8180468 5.0099711 -1.6447577
-2.9380858 4.9405279 -1.6447574
-3.0564063 4.8682127 -1.6447569
-3.1729686 4.7930651 -1.6447564
-3.2876561 4.7151189 -1.644756
-3.4004297 4.6344376 -1.6447555
-3.7266991 4.3763947 -1.6447543
-4.0334177 4.0954432 -1.644753
-4.2262692 3.8961198 -1.6447521
-4.4969335 3.5802941 -1.644751
-4.6643748 3.3592248 -1.64475
-4.8209763 3.1303344 -1.6447493
-6.1034961 1.4815106 -1.7971431
-6.2374215 0.7362628 -1.7971416
-6.2743163 0.28327635 -1.7971407
-6.2792969 0.13183044 -1.7971405
-6.278379 -0.17119415 -1.79714
-6.232656 -0.77535248 -1.797139
-6.1880078 -1.0750717 -1.7971388
-6.0940232 -1.5197498 -1.7971383
-6.0136719 -1.8119028 -1.7971382
-5.9192576 -2.0998425 -1.7971379
-5.2461133 -3.4533277 -1.7971376
-5.1612692 -3.5790668 -1.7971376
-5.0734568 -3.7023473 -1.7971377
-4.7924414 -4.0595336 -1.7971379
-4.6930661 -4.1739607 -1.797138
-4.3789649 -4.5024133 -1.7971383
-4.1567187 -4.7083917 -1.7971387
-3.9247656 -4.9034057 -1.7971389
-3.8053319 -4.9966578 -1.797139
-3.5599217 -5.1743927 -1.7971394
-3.0447655 -5.4933324 -1.7971404
-2.6395311 -5.6991415 -1.7971411
-2.5012696 -5.7611575 -1.7971414
-2.3616016 -5.819819 -1.7971417
-2.2205274 -5.8751001 -1.797142
-2.078125 -5.9269567 -1.7971423
-1.9345312 -5.9753642 -1.7971426
-1.6441015 -6.0617204 -1.7971433
-1.4973437 -6.0996203 -1.7971437
-1.3497851 -6.1339655 -1.7971439
-1.2014258 -6.1647496 -1.7971443
-1.0523633 -6.1919403 -1.7971448
-0.7524609 -6.2354951 -1.7971455
-0.60183591 -6.251833 -1.7971458
0.0033789063 -6.2807422 -1.7971475
0.1548828 -6.2788367 -1.797148
0.3063086 -6.2732787 -1.7971482
0.45757812 -6.2640648 -1.7971487
0.75912106 -6.2347083 -1.7971497
0.90933591 -6.214582 -1.7971501
1.2080468 -6.1634898 -1.797151
1.5039062 -6.0980539 -1.7971519
1.940957 -5.9733415 -1.7971532
2.5074804 -5.7585387 -1.7971551
2.7823241 -5.630897 -1.7971562
2.9173241 -5.5621414 -1.7971567
3.0506835 -5.4901471 -1.797157
3.439707 -5.255167 -1.7971585
3.5654492 -5.1706662 -1.797159
3.8107226 -4.992681 -1.79716
4.0471091 -4.8030643 -1.7971609
4.2740817 -4.6022739 -1.7971618
4.3838477 -4.4978294 -1.7971623
4.6976366 -4.1690378 -1.7971636
4.8932614 -3.9376049 -1.7971646
4.9868555 -3.8184171 -1.797165
5.0775194 -3.6970055 -1.7971655
5.1652145 -3.5734465 -1.797166
5.3315821 -3.3201532 -1.7971668
5.4100976 -3.1905701 -1.7971672
5.5576758 -2.9259093 -1.7971681
5.6266403 -2.7909863 -1.7971684
3.2575195 -0.80869508 -0.96038932
6.1617575 -1.217526 -1.7971725
6.1893163 -1.0685253 -1.7971728
6.2132812 -0.91890591 -1.7971731
6.2336326 -0.76874965 -1.7971734
6.250371 -0.6181491 -1.7971736
6.2729101 -0.31595367 -1.7971742
6.2808399 -0.01302185 -1.7971747
6.2793555 0.13850036 -1.7971749
6.2741795 0.28994262 -1.797175
6.2367773 0.74289978 -1.7971758
6.1361914 1.3403827 -1.7971765
3.257539 0.79436952 -0.95941001
5.6382227 2.7676561 -1.7971774
5.4232812 3.1681273 -1.7971774
5.3453126 3.2980371 -1.7971774
5.0928125 3.6759441 -1.7971774
5.0026755 3.7977312 -1.7971772
4.9095702 3.9173088 -1.7971772
4.813652 4.0346098 -1.7971771
4.7149024 4.1495547 -1.7971771
4.1812892 4.6867795 -1.7971765
3.8314257 4.9768748 -1.797176
3.7102733 5.0678535 -1.7971758
3.5869532 5.1558838 -1.7971755
3.3340819 5.3228903 -1.797175
3.0734375 5.4775071 -1.7971747
2.6692772 5.6854162 -1.7971739
2.5313475 5.7481527 -1.7971736
2.1090429 5.9161572 -1.7971727
1.9657421 5.9653134 -1.7971723
1.675703 6.0531759 -1.7971717
1.5291406 6.0918393 -1.7971715
1.3817773 6.1269517 -1.7971711
1.2335742 6.1585007 -1.7971706
1.0846484 6.1864648 -1.7971704
0.93507808 6.2108274 -1.7971699
0.78501952 6.2315736 -1.7971696
0.63445312 6.2486963 -1.7971692
0.33228514 6.2720237 -1.7971684
0.18089843 6.2782116 -1.7971681
0.029414061 6.2807484 -1.7971677
-0.42484373 6.2664218 -1.7971663
-0.72664058 6.2386279 -1.7971655
-1.0266796 6.196312 -1.7971646
-1.6189452 6.0685496 -1.7971628
-1.7285742 5.9037619 -1.7602018
-1.8016406 5.6446447 -1.6954149
-2.1392381 5.3352623 -1.6447601
-2.3940821 5.2258639 -1.6447593
-2.6433787 5.1043005 -1.6447585
-2.8864648 4.9708581 -1.6447575
-3.0055468 4.8997793 -1.644757
-3.1228709 4.8258405 -1.6447566
-3.2383788 4.7490959 -1.6447561
-3.5733397 4.5024781 -1.6447549
-3.680918 4.4149585 -1.6447544
-3.9905663 4.1372123 -1.6447532
-4.1854491 3.9399242 -1.6447523
-4.2792773 3.8378034 -1.6447519
-4.370625 3.7334552 -1.6447514
-4.459414 3.626931 -1.6447511
-4.5455856 3.5182946 -1.6447506
-4.8634176 3.0639331 -1.6447492
-5.9105272 2.1243842 -1.7971448
-5.9600587 1.9811785 -1.7971443
-6.0061131 1.8368249 -1.7971439
-6.0486913 1.6914008 -1.7971437
-6.0877147 1.5449835 -1.7971432
-6.229414 0.80116761 -1.7971417
-6.2469139 0.65065736 -1.7971414
-6.2798047 -0.10581116 -1.7971401
-6.255703 -0.55965269 -1.7971394
-6.1726756 -1.1598166 -1.7971387
-6.14291 -1.3083917 -1.7971385
-6.1095114 -1.4561956 -1.7971385
-6.0321875 -1.7491958 -1.7971382
-5.9408007 -2.0381103 -1.7971379
-5.889863 -2.1808169 -1.7971379
-5.835566 -2.3222852 -1.7971377
-5.3622069 -3.2700994 -1.7971376
-5.2818165 -3.3985088 -1.7971376
-5.0221872 -3.771565 -1.7971377
-4.9297462 -3.8916192 -1.7971377
-4.834414 -4.009409 -1.7971379
-4.7363086 -4.1248713 -1.7971379
-4.531836 -4.3485179 -1.7971382
-4.3168359 -4.5620432 -1.7971383
-4.2055078 -4.6648569 -1.7971385
-4.0917382 -4.7649512 -1.7971387
-2.9691405 -5.5345674 -1.7971405
-2.69875 -5.6713452 -1.7971411
-2.5611327 -5.734798 -1.7971412
-2.4220703 -5.7949119 -1.7971416
-1.7070898 -6.0442729 -1.7971432
-1.5607812 -6.0837021 -1.7971435
-1.2655468 -6.151906 -1.7971442
-1.1167773 -6.1806474 -1.7971445
-0.81734371 -6.2273231 -1.7971454
-0.51603514 -6.2595019 -1.7971461
-0.3648828 -6.2701311 -1.7971464
-0.21353514 -6.2771091 -1.7971469
0.24095702 -6.276123 -1.7971481
0.54341793 -6.2572007 -1.7971491
0.99443358 -6.2015271 -1.7971503
1.1437695 -6.1757374 -1.7971507
1.2924023 -6.146349 -1.7971511
1.4403125 -6.1133862 -1.7971516
1.5873632 -6.0768633 -1.797152
2.0226562 -5.946166 -1.7971536
2.1655273 -5.8956461 -1.7971541
2.4473827 -5.7843385 -1.7971549
2.7235546 -5.6595602 -1.7971559
2.8592381 -5.5922217 -1.7971563
2.9933398 -5.5216117 -1.7971569
3.2562108 -5.3708105 -1.7971579
3.5114648 -5.2075067 -1.7971587
3.6360936 -5.1212831 -1.7971592
3.7585351 -5.0320807 -1.7971597
4.2259374 -4.6465259 -1.7971617
4.4451561 -4.4372878 -1.7971625
4.6540036 -4.2177234 -1.7971635
4.754375 -4.1042237 -1.797164
5.0387301 -3.7496707 -1.7971654
5.296699 -3.375494 -1.7971666
5.3765821 -3.2467358 -1.7971671
5.4533591 -3.1160879 -1.7971674
5.5269337 -2.9836266 -1.7971679
5.5973043 -2.8494277 -1.7971683
2.7083592 -0.7725656 -0.80587196
3.2575195 -0.76142424 -0.95721954
6.1487107 -1.2816122 -1.7971723
6.1778321 -1.1329074 -1.7971727
6.2033982 -0.98354548 -1.797173
6.2436132 -0.68319362 -1.7971736
6.2692771 -0.38124725 -1.797174
6.27666 -0.22989623 -1.7971743
6.2804489 0.07311523 -1.7971748
6.2696095 0.37595519 -1.7971753
6.225996 0.82835877 -1.7971759
6.2041993 0.97831237 -1.797176
3.2575195 0.75851744 -0.95703131
2.9893944 0.77256405 -0.88348186
2.7170703 0.77256471 -0.80826819
5.5997458 2.8447058 -1.7971774
5.5294528 2.9789648 -1.7971774
5.455996 3.1114893 -1.7971774
5.3793359 3.2422032 -1.7971774
5.1307812 3.6227214 -1.7971774
4.7578712 4.1002426 -1.7971771
4.657578 4.2138209 -1.797177
4.5545506 4.3249559 -1.797177
4.4489059 4.4335651 -1.7971768
4.2298827 4.6429896 -1.7971765
4.1166406 4.7436819 -1.7971764
4.0009961 4.8416076 -1.7971761
3.8830664 4.9367175 -1.797176
3.7628124 5.0289493 -1.7971759
3.5158789 5.2045898 -1.7971754
3.3893163 5.2878881 -1.7971753
3.2607617 5.3681078 -1.7971749
3.1302929 5.4452062 -1.7971748
2.9980469 5.5191298 -1.7971745
2.7283008 5.6573143 -1.797174
2.5910742 5.7214818 -1.7971737
2.3121092 5.8397999 -1.7971731
2.1705272 5.8938718 -1.7971728
1.5925585 6.0755844 -1.7971716
1.2976367 6.1453223 -1.7971709
0.99970698 6.2007532 -1.79717
0.84984374 6.2230639 -1.7971698
0.54867184 6.2568064 -1.797169
0.39759764 6.2682214 -1.7971685
-0.05673828 6.2805591 -1.7971673
-0.20822266 6.2773595 -1.7971671
-0.8120898 6.228076 -1.7971652
-0.96212888 6.2066698 -1.7971647
-1.1115625 6.181654 -1.7971643
-1.2603515 6.1530356 -1.7971638
-1.6985742 6.0335569 -1.7935293
-1.7700585 5.7517381 -1.7219505
-2.3395507 5.250515 -1.6447595
-2.4655273 5.1925464 -1.6447591
-2.9543555 4.9308109 -1.6447572
-3.0724609 4.8581028 -1.6447569
-3.3032227 4.7042518 -1.644756
-3.4157617 4.6231947 -1.6447555
-3.5262499 4.5394464 -1.644755
-3.7410936 4.3640709 -1.6447542
-4.3314843 3.7787523 -1.6447517
-4.5087109 3.5654345 -1.6447508
-4.5934176 3.4556298 -1.6447505
-4.754746 3.2300439 -1.6447495
-4.8312693 3.1144049 -1.6447493
-4.9049802 2.9969475 -1.6447488
-5.6349607 2.2479632 -1.7359382
-5.8880663 2.1858177 -1.7971449
-5.9390626 2.0431383 -1.7971444
-5.98666 1.8992699 -1.7971442
-6.0307422 1.7542926 -1.7971438
-6.0712695 1.6083056 -1.7971433
-6.1083202 1.4613739 -1.7971431
-6.1417966 1.3135864 -1.7971427
-6.171699 1.1650463 -1.7971425
-6.197988 1.0158136 -1.7971421
-6.2397852 0.71568173 -1.7971416
-6.2752147 0.26256591 -1.7971407
-6.2805662 -0.040413819 -1.7971401
-6.2777343 -0.19191131 -1.79714
-6.2713084 -0.34329864 -1.7971396
-6.2300391 -0.79591304 -1.797139
-6.1561913 -1.2443594 -1.7971387
-6.0500779 -1.6862897 -1.7971382
-6.0076365 -1.8317435 -1.797138
-5.961699 -1.9761202 -1.797138
-5.9122849 -2.1193748 -1.7971379
-5.8594532 -2.2613711 -1.7971379
-5.3169336 -3.3433282 -1.7971376
-5.0611911 -3.7190635 -1.7971377
-4.9699998 -3.8400719 -1.7971377
-4.6793165 -4.1894193 -1.797138
-4.5768552 -4.3010788 -1.797138
-4.4717774 -4.410274 -1.7971382
-4.3640819 -4.5168419 -1.7971383
-4.1411133 -4.7220836 -1.7971387
-4.0260348 -4.8206091 -1.7971388
-3.7888281 -5.0091901 -1.797139
-3.6668944 -5.0991344 -1.7971393
-3.4166601 -5.2700701 -1.7971396
-3.1585155 -5.4287353 -1.7971401
-3.0266211 -5.5033522 -1.7971405
-2.8929491 -5.5747647 -1.7971406
-2.7576365 -5.6429343 -1.797141
-2.620703 -5.7078209 -1.7971412
-2.4823046 -5.7693806 -1.7971416
-2.3423438 -5.827579 -1.7971417
-1.4772656 -6.104528 -1.7971437
-1.1810741 -6.1686807 -1.7971444
-0.88212889 -6.2184691 -1.7971452
-0.73189449 -6.2379441 -1.7971455
-0.58123046 -6.2537847 -1.797146
-0.12742187 -6.2794504 -1.797147
0.024082031 -6.2806983 -1.7971475
0.32699218 -6.2722325 -1.7971483
0.92982417 -6.2115455 -1.7971501
1.2283398 -6.1594744 -1.797151
1.524043 -6.0930591 -1.7971519
1.6705663 -6.0545244 -1.7971524
1.8161328 -6.0124626 -1.7971529
1.960664 -5.9669037 -1.7971532
2.3870118 -5.8095059 -1.7971548
2.5264452 -5.7502389 -1.7971553
2.6643944 -5.6876245 -1.7971557
2.8008592 -5.6216912 -1.7971562
2.9356639 -5.5524888 -1.7971567
3.0687304 -5.4800549 -1.797157
3.2000976 -5.404428 -1.7971575
3.3295312 -5.3256583 -1.7971581
3.4570508 -5.2437897 -1.7971586
3.8272069 -4.9800801 -1.79716
3.9462109 -4.886302 -1.7971605
4.0629296 -4.7896843 -1.7971609
4.1773243 -4.6902795 -1.7971613
4.505527 -4.3759227 -1.7971629
4.6098046 -4.2659559 -1.7971634
4.90625 -3.9214354 -1.7971647
5.26125 -3.4304554 -1.7971663
5.4206247 -3.1726959 -1.7971673
5.4955468 -3.0410094 -1.7971677
2.85625 -0.7725659 -0.84664768
6.1350389 -1.3455746 -1.7971722
6.1657224 -1.1971819 -1.7971725
6.2162695 -0.89839476 -1.7971731
6.2361522 -0.74817318 -1.7971734
6.2523828 -0.59751523 -1.7971737
6.2791796 -0.14381377 -1.7971745
6.2788477 0.1592218 -1.7971749
6.2638669 0.4618884 -1.7971754
6.2508984 0.61286068 -1.7971755
6.1902342 1.0632898 -1.7971761
3.2575195 0.72284669 -0.95476866
3.257539 0.80576777 -0.96018797
2.8286912 0.77256471 -0.83903718
5.5602145 2.9212334 -1.7971774
5.4881053 3.0545056 -1.7971774
5.4128122 3.1860094 -1.7971774
5.3343749 3.315659 -1.7971774
5.2528319 3.4433789 -1.7971774
5.1682811 3.5690918 -1.7971774
4.701211 4.1650944 -1.7971771
4.5993748 4.2772913 -1.797177
4.2780271 4.5986896 -1.7971766
3.9342382 4.8960133 -1.7971761
3.44416 5.2523108 -1.7971753
3.1868553 5.4123192 -1.7971748
3.0553319 5.4876232 -1.7971747
2.9220703 5.5597277 -1.7971743
2.6505077 5.6941953 -1.7971739
2.5123436 5.7564759 -1.7971736
2.3727539 5.8154016 -1.7971733
2.2317967 5.8709531 -1.797173
1.8013867 6.016974 -1.7971721
1.361582 6.1314745 -1.797171
1.0642383 6.1900086 -1.7971702
0.46283203 6.2637424 -1.7971687
-0.29427734 6.2739134 -1.7971667
-0.44554687 6.2649827 -1.7971662
-0.596582 6.2524071 -1.7971658
-1.3446094 6.1351733 -1.7971636
-1.4922656 6.1009498 -1.7971632
-1.6389648 6.0631776 -1.7971628
-1.7381835 5.8647299 -1.750265
-2.0276756 5.3786559 -1.6447606
-2.4113281 5.2179346 -1.6447592
-2.9028904 4.961307 -1.6447575
-3.0217383 4.8898315 -1.644757
-3.2540233 4.7383943 -1.6447561
-3.3674023 4.6585145 -1.6447557
-3.4787891 4.575922 -1.6447552
-3.8005857 4.3123636 -1.6447539
-3.903496 4.2194242 -1.6447536
-4.0041795 4.1240258 -1.6447531
-4.4713473 3.6121936 -1.644751
-4.557168 3.5032794 -1.6447506
-5.8018942 2.2228301 -1.7778103
-5.9174805 2.104862 -1.7971445
-5.9665427 1.9614972 -1.7971443
-6.092793 1.5248871 -1.7971432
-6.1277928 1.3774639 -1.7971429
-6.2624021 0.47911924 -1.7971411
-6.2721677 0.32791016 -1.7971407
-6.2806249 0.024995727 -1.7971404
-6.2185545 -0.88126767 -1.797139
-6.1046872 -1.4763546 -1.7971383
-6.0673046 -1.623197 -1.7971383
-6.0263867 -1.7690756 -1.7971382
-5.9819727 -1.9139398 -1.797138
-5.3514256 -3.2877643 -1.7971376
-5.1865821 -3.5420687 -1.7971376
-5.0096874 -3.7881274 -1.7971377
-4.9168944 -3.9078572 -1.7971377
-4.8212109 -4.0253358 -1.7971379
-4.4108982 -4.471149 -1.7971382
-3.8407812 -4.9694629 -1.7971389
-3.7198045 -5.0606713 -1.7971393
-3.5966601 -5.1489325 -1.7971394
-3.4713867 -5.2342029 -1.7971395
-3.3441014 -5.3164225 -1.7971399
-2.6800194 -5.6802173 -1.7971411
-2.1202343 -5.9120212 -1.7971423
-1.8325976 -6.0074072 -1.7971429
-1.6871679 -6.0498686 -1.7971432
-1.5407226 -6.0888147 -1.7971435
-1.2452539 -6.156045 -1.7971443
-0.94685543 -6.2089415 -1.797145
-0.34419921 -6.2712998 -1.7971466
-0.041289061 -6.280611 -1.7971473
0.11021484 -6.2797799 -1.7971478
0.2616992 -6.2752995 -1.7971482
0.41298828 -6.2671599 -1.7971486
0.56406248 -6.2553759 -1.7971491
0.71478516 -6.2399492 -1.7971494
1.3127148 -6.1420488 -1.7971513
1.4604882 -6.1085997 -1.7971518
1.6074023 -6.0715909 -1.7971522
1.7534375 -6.0310507 -1.7971526
1.8983984 -5.9869981 -1.7971531
2.0422657 -5.9394627 -1.7971536
2.1849804 -5.8884678 -1.7971541
2.3263671 -5.8340483 -1.7971545
2.7421875 -5.6505485 -1.797156
3.0115623 -5.5117044 -1.7971569
3.4022655 -5.2794986 -1.7971584
3.5286522 -5.1958885 -1.797159
3.6529295 -5.1092572 -1.7971594
3.8950975 -4.9271235 -1.7971603
4.2412305 -4.632576 -1.7971617
4.5650973 -4.3137422 -1.797163
4.6678514 -4.2023578 -1.7971635
4.7678514 -4.0885286 -1.797164
4.8651171 -3.9723244 -1.7971644
4.9595313 -3.8538046 -1.7971649
5.2252536 -3.4850714 -1.7971662
5.3872266 -3.2289844 -1.7971672
5.5367384 -2.9653821 -1.7971679
5.6066599 -2.8309524 -1.7971684
3.0199609 -0.7725662 -0.89194733
3.2575195 -0.75010377 -0.95648837
6.24582 -0.66259611 -1.7971736
6.2683396 0.39663085 -1.7971753
6.2569337 0.54773194 -1.7971755
6.2419333 0.69851255 -1.7971758
6.2232423 0.84888977 -1.7971759
6.2009373 0.99876952 -1.797176
6.1750193 1.1480682 -1.7971764
2.6833594 0.77256405 -0.79899883
5.2884178 3.3885002 -1.7971774
5.2051368 3.5150902 -1.7971774
5.1188278 3.6396313 -1.7971774
5.029531 3.7620592 -1.7971772
4.8422265 4.0002723 -1.7971771
4.7442966 4.115922 -1.7971771
4.6436524 4.2291703 -1.797177
4.325664 4.5539017 -1.7971766
4.2145505 4.6569247 -1.7971765
4.1009765 4.7572403 -1.7971764
3.9850194 4.8547869 -1.7971761
3.7461717 5.0413427 -1.7971759
3.6235156 5.1302476 -1.7971755
3.3718359 5.2990451 -1.7971753
3.2430077 5.3788476 -1.7971749
2.9798045 5.5290051 -1.7971745
2.8455663 5.5992746 -1.7971742
2.7096484 5.6662903 -1.797174
2.5721483 5.7300057 -1.7971737
2.2927735 5.8473973 -1.7971731
2.0081251 5.9511719 -1.7971725
1.5724804 6.0808029 -1.7971715
1.4253125 6.1169677 -1.7971711
0.97929686 6.2040186 -1.79717
0.37691405 6.2694983 -1.7971685
0.22558594 6.2767649 -1.7971681
0.074062496 6.2803783 -1.7971678
-0.22892578 6.276638 -1.7971668
-0.53140622 6.258286 -1.7971661
-1.9641016 5.1503429 -1.7124152
-2.0412304 4.9878244 -1.6742703
-2.1238866 4.8524284 -1.6455466
-2.2392774 4.7974839 -1.6447591
-2.3543162 4.7420616 -1.6447586
-2.580332 4.6229811 -1.6447577
-2.8003125 4.4931378 -1.644757
-3.6101367 3.8725665 -1.6447537
-3.8807225 3.6013513 -1.6447526
-3.9664843 3.5066833 -1.6447521
-4.0499024 3.4099731 -1.6447519
-4.1309767 3.3112829 -1.6447514
-4.2096872 3.2106633 -1.6447511
-4.3596482 3.0038812 -1.6447504
-4.43082 2.8978326 -1.6447499
-4.5654492 2.6807435 -1.6447493
-5.4098434 2.0489972 -1.797146
-5.4576755 1.91789 -1.7971456
-5.5438085 1.6524169 -1.7971449
-5.5820704 1.518194 -1.7971445
-5.6170702 1.3830938 -1.7971443
-5.648828 1.2471838 -1.7971439
-5.7024021 0.97326964 -1.7971433
-5.7426953 0.69708741 -1.7971429
-5.7578516 0.55834532 -1.7971426
-5.7780662 0.27997741 -1.7971421
-5.783164 -0.13860473 -1.7971414
-5.7697458 -0.41737792 -1.797141
-5.7580271 -0.55643767 -1.7971407
-5.7429295 -0.69520599 -1.7971406
-5.6492186 -1.2453128 -1.79714
-5.5825586 -1.5163471 -1.7971396
-5.5029297 -1.7838479 -1.7971395
-5.4582615 -1.9159173 -1.7971394
-5.4104881 -2.0471947 -1.7971394
-4.9894333 -2.9274774 -1.797139
-4.9173241 -3.0469878 -1.797139
-4.8424025 -3.1647298 -1.797139
-4.7646484 -3.2806201 -1.7971393
-4.6841211 -3.3946066 -1.7971393
-4.6008592 -3.5066259 -1.7971393
-4.5149021 -3.6165988 -1.7971394
-4.3352342 -3.8301525 -1.7971395
-4.2415819 -3.9336174 -1.7971395
-4.1454687 -4.0347972 -1.7971396
-3.7374218 -4.415462 -1.7971401
-3.6298046 -4.5043402 -1.7971404
-3.5200586 -4.5905929 -1.7971405
-3.1788867 -4.8331294 -1.7971411
-2.9420702 -4.9808397 -1.7971416
-2.5741796 -5.1805592 -1.7971421
-2.4484766 -5.2411528 -1.7971425
-2.0630274 -5.404489 -1.7971432
-1.7999609 -5.4977102 -1.7971438
-1.6668164 -5.5395341 -1.7971442
-1.2618749 -5.6455731 -1.797145
-0.98804682 -5.6998711 -1.7971456
-0.85031247 -5.7220526 -1.797146
-0.15558593 -5.7827988 -1.7971478
-0.015957031 -5.7848711 -1.7971482
0.12359375 -5.7835679 -1.7971486
0.26304686 -5.7789073 -1.7971491
0.40236327 -5.7708774 -1.7971493
0.54148436 -5.7594976 -1.7971498
0.68027341 -5.7447639 -1.7971503
0.81865233 -5.7266803 -1.7971505
0.95656246 -5.7052646 -1.797151
1.6361914 -5.5487061 -1.7971531
1.7695312 -5.5076284 -1.7971536
1.9019336 -5.463336 -1.7971541
2.1632226 -5.3652463 -1.7971548
2.2919726 -5.3115015 -1.7971553
2.5455272 -5.1947737 -1.7971562
2.6701171 -5.1318545 -1.7971567
2.7931054 -5.0659504 -1.797157
2.9145312 -4.997097 -1.7971575
3.1521485 -4.8507071 -1.7971584
3.2682421 -4.7732549 -1.7971587
3.3824608 -4.693028 -1.7971592
3.4946873 -4.6100674 -1.7971597
3.7129881 -4.4361386 -1.7971606
3.8189061 -4.3452802 -1.7971611
3.9226172 -4.251893 -1.7971616
4.0240817 -4.1560245 -1.7971618
4.3141017 -3.8541515 -1.7971632
4.4949608 -3.6415832 -1.797164
4.5814843 -3.5320904 -1.7971644
4.6653709 -3.4205453 -1.7971649
4.8249412 -3.1915398 -1.7971656
5.0431051 -2.83427 -1.7971667
5.1099997 -2.7117867 -1.7971672
2.7832615 -0.77256709 -0.89734763
3.2575195 -0.73702818 -1.0375701
5.7199216 -0.86522794 -1.7971717
5.739121 -0.72699308 -1.7971721
5.7549996 -0.58833313 -1.7971723
5.7824998 -0.17062439 -1.7971731
5.7849021 -0.03107788 -1.7971733
5.7719922 0.38734129 -1.7971739
5.7609959 0.52646852 -1.7971742
5.7466211 0.66529173 -1.7971743
5.707871 0.94169676 -1.7971747
5.6557813 1.2159094 -1.7971749
3.2575195 0.78299069 -1.040815
5.0732617 2.7799408 -1.7971759
5.0047264 2.9015167 -1.7971759
4.7018747 3.3702409 -1.7971758
4.6191993 3.4826825 -1.7971758
4.5338283 3.5931048 -1.7971758
4.4458594 3.7014313 -1.7971755
3.8654101 4.3040342 -1.7971749
3.6533008 4.4854655 -1.7971747
3.5440233 4.572288 -1.7971745
3.4327147 4.6564517 -1.7971743
2.9680665 4.9655414 -1.7971736
2.7251172 5.1029172 -1.7971731
2.6012108 5.1671715 -1.7971728
2.2207031 5.3417454 -1.7971721
2.0912499 5.3937635 -1.797172
1.8286523 5.4883471 -1.7971712
1.5617774 5.5701547 -1.7971706
1.2912695 5.638999 -1.79717
1.1549023 5.6685095 -1.7971698
0.60333985 5.7534056 -1.7971684
0.32511717 5.7758079 -1.7971677
0.18570311 5.78197 -1.7971672
0.046171874 5.7847605 -1.7971668
-0.093398437 5.7841954 -1.7971663
-0.23291016 5.7802539 -1.7971661
-0.37230468 5.772954 -1.7971656
-0.92679685 5.7102137 -1.7971641
-1.0642968 5.6861901 -1.7971636
-1.2011328 5.6588583 -1.7971632
-1.6072069 5.5571728 -1.7971619
-1.8538476 5.416141 -1.7784317
-1.930625 5.2254014 -1.7305937
-2.0075195 5.054935 -1.6896887
-2.0863476 4.9050469 -1.655933
-3.1762695 4.2357159 -1.6447555
-3.2774999 4.1578526 -1.6447552
-3.3768554 4.0775719 -1.6447548
-3.5696094 3.909945 -1.6447539
-3.6629295 3.8226945 -1.6447536
-3.8430078 3.6415656 -1.6447527
-3.9297459 3.547796 -1.6447523
-4.0963087 3.354121 -1.6447515
-4.1760154 3.2543285 -1.6447512
-4.2533007 3.1526341 -1.6447508
-4.4004102 2.9438159 -1.6447501
-5.388164 2.105216 -1.7971461
-5.4834571 1.8428754 -1.7971454
-5.6023631 1.4415082 -1.7971444
-5.6919923 1.0325983 -1.7971435
-5.7748437 0.34012574 -1.7971421
-5.7813478 0.20072326 -1.797142
-5.7845311 0.061193235 -1.7971417
-5.7807422 -0.21787719 -1.7971412
-5.749824 -0.63535732 -1.7971407
-5.6888671 -1.0494909 -1.7971401
-5.6316013 -1.3226624 -1.7971399
-5.5212302 -1.7264495 -1.7971395
-4.8750978 -3.1141253 -1.797139
-4.7985349 -3.2308257 -1.797139
-4.7192187 -3.3456438 -1.7971393
-4.5523438 -3.5693541 -1.7971393
-4.2823439 -3.8892388 -1.7971395
-3.9898827 -4.1887312 -1.7971399
-3.7831836 -4.3763041 -1.7971401
-3.6765039 -4.4662962 -1.7971404
-3.3439062 -4.720469 -1.7971407
-3.1123047 -4.8762684 -1.7971412
-2.8734765 -5.0207105 -1.7971416
-2.3763671 -5.2742314 -1.7971426
-1.8571093 -5.4786687 -1.7971437
-1.4560937 -5.5986276 -1.7971445
-0.77173829 -5.7331715 -1.7971463
-0.63322264 -5.7501221 -1.7971466
-0.49433592 -5.7637262 -1.7971469
-0.076230466 -5.7843857 -1.7971481
0.20285156 -5.781333 -1.7971488
0.62044919 -5.7515359 -1.7971499
0.75900388 -5.7348957 -1.7971504
1.0347461 -5.6916132 -1.7971513
1.3080273 -5.6350894 -1.797152
1.7120898 -5.5257492 -1.7971532
1.8449023 -5.4828444 -1.7971537
1.9766601 -5.4367442 -1.7971542
2.1072266 -5.3874793 -1.7971547
2.236582 -5.3350782 -1.7971551
2.3646288 -5.2795749 -1.7971556
2.7402539 -5.094759 -1.7971568
3.2183983 -4.8070307 -1.7971586
3.3334374 -4.7279954 -1.7971591
3.7734571 -4.3848095 -1.7971607
3.9805663 -4.1977048 -1.7971617
4.0806837 -4.1004558 -1.7971622
4.2737107 -3.8988621 -1.797163
4.3665233 -3.7946291 -1.7971634
4.5444727 -3.579602 -1.7971643
4.7118554 -3.3562493 -1.797165
4.7914453 -3.2416105 -1.7971655
4.9422069 -3.0067303 -1.7971662
5.01332 -2.8866293 -1.7971666
2.6748633 -0.7725659 -0.86494833
2.9390624 -0.7725659 -0.94407654
3.2575195 -0.77276826 -1.040077
5.6866212 -1.0622427 -1.7971715
5.7105856 -0.92474574 -1.7971716
5.7485352 -0.64822876 -1.7971722
5.7624998 -0.50936401 -1.7971725
5.7731442 -0.37020019 -1.7971727
5.7842774 -0.091314085 -1.7971733
5.7848043 0.048250731 -1.7971734
5.6943946 1.0198785 -1.7971748
5.6681638 1.15695 -1.7971749
3.257539 0.74719602 -1.0382726
3.030664 0.77256531 -0.97161895
2.7515428 0.77256531 -0.88785678
5.1662693 2.6030889 -1.7971759
5.0346484 2.8492479 -1.7971759
4.6552148 3.4343939 -1.7971758
4.4841795 3.6549351 -1.7971755
4.3026562 3.8669641 -1.7971754
4.0117383 4.1679816 -1.797175
3.9099998 4.2635465 -1.7971749
3.2541015 4.7829762 -1.797174
3.0196288 4.9343643 -1.7971736
2.8996875 5.0057688 -1.7971734
2.4038672 5.2618713 -1.7971725
2.2762499 5.3183312 -1.7971722
1.8857031 5.4690113 -1.7971715
1.4852539 5.5910497 -1.7971705
1.3499805 5.6252513 -1.7971702
0.93966794 5.7081456 -1.7971692
0.52437496 5.7611375 -1.7971681
0.38525391 5.7721119 -1.7971678
0.24589843 5.7797241 -1.7971673
0.10638671 5.7839732 -1.7971671
-0.033183593 5.7848544 -1.7971667
-0.17267577 5.7823658 -1.7971662
-0.31214842 5.7765145 -1.7971658
-0.59042966 5.7547364 -1.797165
-0.72904295 5.7388172 -1.7971647
-1.0050195 5.6969628 -1.7971638
-1.2786132 5.6418576 -1.797163
-1.5492773 5.5736146 -1.7971622
-1.6832422 5.5346141 -1.7971617
-1.8162891 5.4923987 -1.7971612
-1.8974023 5.30478 -1.7502439
-1.9745312 5.1268759 -1.7067704
-2.3699608 4.7342682 -1.6447586
-2.483496 4.6757178 -1.6447581
-2.9224608 4.41466 -1.6447566
-3.3342383 4.1125169 -1.6447549
-3.5287108 3.9469073 -1.6447542
-3.62291 3.860631 -1.6447537
-3.8049023 3.6813922 -1.644753
-3.8925977 3.5885303 -1.6447525
-3.9780469 3.4935772 -1.6447521
-4.1418943 3.2976367 -1.6447514
-4.4403906 2.8831952 -1.6447499
-4.5086131 2.7752342 -1.6447495
-5.4639649 1.8998705 -1.7971455
-5.508203 1.7675067 -1.7971452
-5.5492382 1.6341113 -1.7971449
-5.6216016 1.3645465 -1.7971443
-5.6528711 1.2285376 -1.7971439
-5.6808786 1.0918067 -1.7971437
-5.7055664 0.95444459 -1.7971433
-5.7269139 0.81652462 -1.7971431
-5.7827344 -0.15767242 -1.7971414
-5.777246 -0.29712677 -1.7971412
-5.7683396 -0.43642455 -1.797141
-5.7216992 -0.85243374 -1.7971405
-5.6994529 -0.99019438 -1.7971404
-5.577539 -1.5347611 -1.7971396
-5.538867 -1.6688628 -1.7971396
-5.4970117 -1.8019965 -1.7971395
-5.4519334 -1.9340817 -1.7971394
-4.9072461 -3.0631955 -1.797139
-4.753828 -3.2963247 -1.7971393
-4.6728907 -3.4100473 -1.7971393
-4.5029883 -3.6314635 -1.7971394
-4.4140625 -3.7390425 -1.7971394
-4.2285743 -3.9475942 -1.7971395
-4.1321287 -4.0484533 -1.7971396
-3.8285546 -4.3366752 -1.79714
-3.7228124 -4.4277711 -1.7971401
-3.5048828 -4.6021838 -1.7971405
-3.3928516 -4.6853962 -1.7971407
-3.1629686 -4.8435907 -1.7971411
-3.0451562 -4.9184847 -1.7971412
-2.9256248 -4.9905195 -1.7971416
-2.8043749 -5.0596461 -1.7971417
-2.6815233 -5.1258287 -1.797142
-2.5570703 -5.1890268 -1.7971421
-2.4311328 -5.2492023 -1.7971425
-2.303828 -5.306325 -1.7971427
-2.1751366 -5.3603539 -1.7971429
-2.0452149 -5.4112659 -1.7971432
-1.9140429 -5.4590335 -1.7971435
-1.3791602 -5.6180687 -1.7971448
-1.2432421 -5.649703 -1.797145
-0.96925777 -5.7030993 -1.7971456
-0.41525391 -5.7699637 -1.7971472
-0.27591798 -5.7783036 -1.7971475
0.0030859374 -5.7848868 -1.7971482
0.42144531 -5.7695203 -1.7971494
0.56044918 -5.7576785 -1.7971498
0.97537106 -5.7020798 -1.797151
1.5202734 -5.581574 -1.7971526
1.6544921 -5.5432763 -1.7971531
1.7877538 -5.5017533 -1.7971536
1.9199219 -5.4570355 -1.7971541
2.1808789 -5.3580785 -1.7971549
2.3095117 -5.3039074 -1.7971553
2.4367969 -5.2466526 -1.7971557
2.6870117 -5.1230183 -1.7971567
3.0504687 -4.9152985 -1.797158
3.2839842 -4.7624497 -1.797159
3.6198046 -4.5125065 -1.7971601
3.8332422 -4.3326616 -1.7971611
4.0377536 -4.1427264 -1.7971619
4.1365232 -4.0441208 -1.7971624
4.2328906 -3.9431591 -1.7971628
4.4181442 -3.7344022 -1.7971636
4.757422 -3.2913246 -1.7971654
4.9829884 -2.9386749 -1.7971663
5.1189451 -2.6949115 -1.7971672
2.8192968 -0.77256709 -0.90814358
3.1119921 -0.7725665 -0.99612725
3.257539 -0.72574031 -1.0368021
5.6752734 -1.1214029 -1.7971712
5.7227731 -0.8463617 -1.797172
5.7414842 -0.70805633 -1.7971721
5.7568946 -0.56934357 -1.7971723
5.7776952 -0.29100892 -1.7971728
5.7830272 -0.15154572 -1.7971731
5.7849998 -0.011994018 -1.7971733
5.7788477 0.2670514 -1.7971737
5.7592382 0.54547304 -1.7971742
5.7443943 0.68424618 -1.7971743
3.257539 0.79436952 -1.0416466
2.6133008 0.77256471 -0.84658992
5.1300583 2.6736889 -1.7971759
5.0640626 2.7966673 -1.7971759
4.9232812 3.0376599 -1.7971759
4.7710547 3.2715881 -1.7971759
4.6907225 3.3857298 -1.7971758
4.3426561 3.8219512 -1.7971755
4.2492185 3.925597 -1.7971754
4.1532812 4.0269623 -1.7971753
4.0549412 4.1259809 -1.7971753
3.9542186 4.2226 -1.797175
3.8511913 4.3167605 -1.7971749
3.7459373 4.4084105 -1.7971748
3.5289452 4.5839558 -1.7971745
3.4173436 4.6677527 -1.7971743
3.3037109 4.7488294 -1.7971742
3.0708203 4.9026494 -1.7971737
2.9516993 4.9753032 -1.7971736
2.8308008 5.0450602 -1.7971733
2.7082813 5.1118808 -1.7971731
2.5841405 5.1757274 -1.7971728
2.203125 5.3490467 -1.7971721
1.942539 5.4490795 -1.7971716
1.8105469 5.4943528 -1.7971712
1.6774414 5.536427 -1.797171
1.4084375 5.6108847 -1.7971704
1.2726758 5.6432323 -1.79717
0.58435547 5.7553697 -1.7971683
0.3060742 5.7768517 -1.7971677
0.16662109 5.7825537 -1.7971672
0.027089844 5.7848878 -1.7971668
-0.11248047 5.7838511 -1.7971663
-0.25197265 5.7794542 -1.7971661
-0.39130858 5.7716928 -1.7971656
-0.66925782 5.7460961 -1.7971649
-0.80767578 5.7282763 -1.7971644
-0.94566405 5.7071238 -1.797164
-1.3558594 5.6237903 -1.7971628
-1.4911327 5.5894446 -1.7971623
-1.7590039 5.511013 -1.7971616
-1.9413085 5.2014513 -1.7247739
-2.0182617 5.0335398 -1.6847541
-2.0980859 4.8877716 -1.6524284
-2.2050781 4.8132896 -1.6447592
-2.3205469 4.7586908 -1.6447587
-2.6585937 4.5784154 -1.6447575
-2.7682617 4.5129437 -1.644757
-2.876328 4.4448471 -1.6447568
-2.9827149 4.3741679 -1.6447563
-3.2912109 4.1470108 -1.644755
-3.3903515 4.0664072 -1.6447548
-3.8550193 3.6288714 -1.6447527
-3.9414258 3.5348167 -1.6447523
-4.2636719 3.1385882 -1.6447508
-4.3381639 3.0348139 -1.6447505
-5.4895115 1.8247668 -1.7971454
-5.5319333 1.6918182 -1.797145
-5.5711718 1.5578594 -1.7971448
-5.6071091 1.4230139 -1.7971444
-5.6397848 1.2873334 -1.7971442
-5.669199 1.150902 -1.7971438
-5.7375975 0.73791683 -1.7971429
-5.7664843 0.46031433 -1.7971425
-5.7759376 0.32106262 -1.7971421
-5.781992 0.18163513 -1.797142
-5.784668 0.042103272 -1.7971417
-5.7799802 -0.23696899 -1.7971412
-5.7725778 -0.37631896 -1.7971411
-5.7477341 -0.65435606 -1.7971406
-5.6853514 -1.0682538 -1.7971401
-5.6272068 -1.341235 -1.7971399
-5.5559568 -1.6110922 -1.7971396
-5.5154686 -1.7446548 -1.7971395
-5.4249411 -2.0086539 -1.7971394
-4.9389062 -3.0119259 -1.797139
-4.8647852 -3.1302004 -1.797139
-4.6256833 -3.4738071 -1.7971393
-4.5405469 -3.584389 -1.7971393
-4.452754 -3.6928754 -1.7971394
-4.3623633 -3.7992227 -1.7971394
-4.1740427 -4.0052142 -1.7971396
-4.076211 -4.1047401 -1.7971396
-3.7686913 -4.3887706 -1.7971401
-2.9774413 -4.9597788 -1.7971414
-2.1014647 -5.389677 -1.7971431
-1.9708203 -5.4388041 -1.7971433
-1.8390234 -5.4847684 -1.7971437
-1.5723633 -5.5670891 -1.7971443
-1.4375585 -5.6034045 -1.7971445
-1.3020117 -5.6364517 -1.7971449
-1.1656445 -5.666223 -1.7971452
-1.0286328 -5.6926928 -1.7971455
-0.7528711 -5.7356882 -1.7971463
-0.33609375 -5.775116 -1.7971473
-0.19667968 -5.7815442 -1.7971476
-0.057109375 -5.7846074 -1.7971481
0.22191405 -5.7806315 -1.7971488
0.36130857 -5.7735977 -1.7971493
0.63939452 -5.749454 -1.7971501
0.77789062 -5.7323613 -1.7971504
1.0534961 -5.6881714 -1.7971513
1.3266211 -5.6307406 -1.797152
1.5966797 -5.5602045 -1.797153
1.8629882 -5.4767294 -1.7971539
2.5085156 -5.212749 -1.797156
2.7569921 -5.0856891 -1.7971569
2.999121 -4.9467945 -1.7971579
3.2342381 -4.7963824 -1.7971586
3.3490038 -4.7169657 -1.7971591
3.5726171 -4.5499473 -1.79716
3.8922851 -4.2796836 -1.7971613
3.9944141 -4.1845431 -1.7971617
4.0941796 -4.0869689 -1.7971622
4.1916013 -3.9870138 -1.7971625
4.379004 -3.7801983 -1.7971635
4.4689646 -3.6734624 -1.7971638
4.5562305 -3.5645857 -1.7971643
4.7228904 -3.3406899 -1.797165
4.8785353 -3.1090021 -1.797166
5.0228124 -2.8700774 -1.7971667
3.2575195 -0.76142424 -1.0392696
5.733789 -0.76780057 -1.7971721
5.7506833 -0.62925476 -1.7971722
5.7743359 -0.35114592 -1.7971728
5.7845702 -0.07222534 -1.7971733
5.7344532 0.76296139 -1.7971745
5.6909766 1.0386658 -1.7971748
5.6642771 1.175639 -1.7971749
3.2575195 0.75851864 -1.0390643
5.0929098 2.7437775 -1.7971759
4.9546485 2.9862366 -1.7971759
4.804863 3.2217364 -1.7971759
4.7257223 3.3367083 -1.7971758
4.643867 3.4497387 -1.7971758
4.4720702 3.6697154 -1.7971755
4.3822265 3.7765288 -1.7971755
4.2898631 3.8811438 -1.7971754
3.9979491 4.1811986 -1.797175
3.8959374 4.2764263 -1.7971749
3.7916601 4.3691688 -1.7971748
3.6851366 4.4593644 -1.7971747
3.5765038 4.5469666 -1.7971745
3.4657421 4.6319184 -1.7971743
3.3530273 4.7141767 -1.7971742
3.2383204 4.7936888 -1.797174
3.0033202 4.9442973 -1.7971736
2.7613671 5.0834002 -1.7971731
2.6378906 5.1485338 -1.797173
2.2586913 5.3258119 -1.7971722
1.9991796 5.428556 -1.7971716
1.8676171 5.4752011 -1.7971712
1.6013671 5.5589051 -1.7971709
1.4667969 5.5959144 -1.7971704
1.1951953 5.6601539 -1.7971698
0.78275388 5.7317591 -1.7971689
0.50539058 5.7628355 -1.7971681
0.36617187 5.7733507 -1.7971678
-0.052246094 5.7847118 -1.7971666
-0.19177733 5.7817636 -1.7971662
-0.33123046 5.775454 -1.7971658
-0.60941404 5.7527552 -1.797165
-0.74802732 5.7363758 -1.7971646
-0.88615233 5.71666 -1.7971641
-1.0238086 5.6936154 -1.7971638
-1.2972265 5.6376047 -1.7971629
-1.701543 5.5290308 -1.7971617
-2.0622852 4.9459014 -1.6647302
-2.3855858 4.7264214 -1.6447586
-2.4988866 4.6674981 -1.6447581
-2.6107812 4.6058507 -1.6447576
-2.9370313 4.4049926 -1.6447564
-3.0424414 4.33286 -1.6447561
-3.1460741 4.2582006 -1.6447557
-3.2478709 4.1810608 -1.6447552
-3.3477733 4.1014924 -1.6447549
-3.4457617 4.0195355 -1.6447544
-3.5417383 3.9352429 -1.6447539
-3.7274022 3.759829 -1.6447532
-3.9043944 3.5756621 -1.6447525
-3.9895117 3.4804296 -1.6447521
-4.1527734 3.2839482 -1.6447514
-4.2307615 3.1828148 -1.644751
-4.5177732 2.7603369 -1.6447495
-5.4702148 1.8818359 -1.7971455
-5.5140233 1.7493261 -1.7971452
-5.5546288 1.6157976 -1.7971449
-5.5919528 1.4813275 -1.7971445
-5.6260548 1.3459948 -1.7971443
-5.6569138 1.2098804 -1.7971439
-5.7087107 0.93561035 -1.7971433
-5.7295899 0.79762572 -1.7971431
-5.772285 0.38119629 -1.7971423
-5.7821875 -0.17676544 -1.7971414
-5.7762108 -0.31619233 -1.7971411
-5.7668748 -0.45545197 -1.797141
-5.7542186 -0.59442747 -1.7971407
-5.738203 -0.73308533 -1.7971406
-5.7188668 -0.8713119 -1.7971405
-5.6961913 -1.0089999 -1.7971404
-5.670156 -1.1460589 -1.7971401
-5.6408591 -1.2825726 -1.79714
-5.6082616 -1.4182769 -1.7971399
-5.5724607 -1.5531589 -1.7971396
-5.5333395 -1.6871365 -1.7971395
-5.4455271 -1.952062 -1.7971394
-5.3968749 -2.0828497 -1.7971394
-4.7428904 -3.3119888 -1.7971393
-4.6616015 -3.4254405 -1.7971393
-4.5776172 -3.5368969 -1.7971393
-4.3098826 -3.8586774 -1.7971395
-3.9180076 -4.2560039 -1.79714
-3.8141992 -4.3492856 -1.79714
-3.7081835 -4.4400339 -1.7971401
-3.6000195 -4.5281968 -1.7971404
-3.4897265 -4.6137238 -1.7971406
-3.3774023 -4.6965661 -1.7971407
-2.9091406 -5.0001431 -1.7971416
-2.7876756 -5.0688734 -1.7971417
-2.6645508 -5.1346507 -1.797142
-2.5399413 -5.1974368 -1.7971421
-2.2862694 -5.3138995 -1.7971427
-2.0273046 -5.4179873 -1.7971432
-1.7636523 -5.5094681 -1.7971438
-1.6302148 -5.5504131 -1.7971442
-1.3606055 -5.6225891 -1.7971448
-0.95042968 -5.7062607 -1.7971458
-0.53531247 -5.7600641 -1.7971469
-0.39621094 -5.7713022 -1.7971472
-0.11738281 -5.7836962 -1.797148
0.16175781 -5.7826262 -1.7971487
0.44046873 -5.7681041 -1.7971494
0.57947266 -5.7558026 -1.7971499
0.99421871 -5.6988306 -1.7971511
1.1313672 -5.6731925 -1.7971514
1.2679101 -5.6442485 -1.7971519
1.6727734 -5.537787 -1.7971532
2.1985741 -5.350853 -1.7971549
2.3270311 -5.2962561 -1.7971554
2.454082 -5.2385907 -1.7971559
2.9474413 -4.9777555 -1.7971575
3.4133594 -4.6706042 -1.7971594
3.8474998 -4.3199854 -1.7971611
3.9506054 -4.2259121 -1.7971616
4.0513868 -4.1293788 -1.7971619
4.1498437 -4.0304489 -1.7971624
4.3394337 -3.8255966 -1.7971632
4.430449 -3.719799 -1.7971636
4.518867 -3.6118407 -1.7971641
4.6047068 -3.5017793 -1.7971646
4.6878319 -3.3896804 -1.7971649
4.8458982 -3.1596248 -1.7971658
5.0616989 -2.8009222 -1.7971668
5.1278124 -2.678004 -1.7971673
5.703867 -0.96534878 -1.7971716
5.7703514 -0.41125914 -1.7971727
5.7786131 -0.27193817 -1.797173
5.7834959 -0.13246001 -1.7971731
5.7849998 0.0071002194 -1.7971734
5.783164 0.14665161 -1.7971736
5.7779298 0.28611937 -1.7971737
5.7693357 0.42542174 -1.797174
5.7573829 0.56447387 -1.7971742
5.723496 0.84151793 -1.7971745
5.7015233 0.97934324 -1.7971747
5.6761913 1.1166009 -1.7971748
3.2575195 0.72284669 -1.0366071
2.8286912 0.77256405 -0.91095614
5.1212301 2.6906047 -1.7971759
4.9132614 3.0538929 -1.7971759
4.8381443 3.1715283 -1.7971759
4.6795506 3.4011908 -1.7971758
4.5960937 3.5130882 -1.7971758
4.4213281 3.7306902 -1.7971755
4.1399803 4.0406475 -1.7971753
3.9402733 4.2356248 -1.797175
3.8369336 4.3294439 -1.7971749
3.1722655 4.8376403 -1.7971739
3.0546484 4.9127593 -1.7971737
2.6913867 5.1207886 -1.7971731
2.4412498 5.2446408 -1.7971725
2.3140428 5.3020053 -1.7971723
1.7923827 5.5002952 -1.7971711
1.6591406 5.5419312 -1.7971709
1.5249804 5.5803428 -1.7971705
1.3899609 5.6155014 -1.7971702
1.254082 5.6473961 -1.7971699
1.1174414 5.6760082 -1.7971696
0.84242183 5.7232981 -1.797169
0.42628905 5.7692261 -1.7971679
0.14751953 5.783071 -1.7971672
-0.27105469 5.7785888 -1.797166
-0.54943359 5.75879 -1.7971652
-0.82660156 5.7255797 -1.7971644
-1.1017773 5.6790414 -1.7971635
-1.238457 5.6508079 -1.797163
-1.5095702 5.5844932 -1.7971623
-1.6438867 5.5464501 -1.7971618
-1.7771679 5.505177 -1.7971613
-1.8749804 5.362113 -1.7647157
-1.9518945 5.17765 -1.7190074
-2.0289257 5.0122643 -1.6798642
-2.1100585 4.871273 -1.6491967
-2.3408983 4.7605004 -1.6480457
-2.5626562 4.6327887 -1.6447577
-2.9971483 4.3643103 -1.6447563
-3.20416 4.2146616 -1.6447554
-3.5953124 3.8863068 -1.6447538
-3.9530663 3.5217884 -1.6447523
-4.0368748 3.4253955 -1.6447519
-4.1183591 3.3270171 -1.6447515
-4.1974025 3.2266991 -1.6447511
-4.5551758 2.6981366 -1.6447493
-5.4019728 2.0696063 -1.797146
-5.4503126 1.9386865 -1.7971456
-5.5374999 1.6735437 -1.797145
-5.5762696 1.5394677 -1.7971445
-5.7209568 0.85725093 -1.7971432
-5.7399802 0.71898437 -1.7971429
-5.7556834 0.58031064 -1.7971426
-5.7679491 0.44128907 -1.7971425
-5.7769723 0.30201292 -1.7971421
-5.7713084 -0.39538145 -1.7971411
-5.760078 -0.53448427 -1.7971407
-5.706367 -0.9496246 -1.7971404
-5.6817966 -1.0870086 -1.7971401
-5.6539254 -1.2237598 -1.79714
-5.4655857 -1.8951443 -1.7971394
-4.9289451 -3.0282202 -1.797139
-4.7771091 -3.2624333 -1.7971393
-4.6142187 -3.4890497 -1.7971393
-4.3498044 -3.81359 -1.7971394
-4.2565622 -3.9174099 -1.7971395
-4.0626559 -4.1181607 -1.7971396
-3.8593163 -4.3093271 -1.79714
-3.7542186 -4.4011793 -1.7971401
-3.6469531 -4.4904623 -1.7971404
-3.4260936 -4.6611414 -1.7971406
-3.1972852 -4.8209696 -1.7971411
-3.0800781 -4.8966961 -1.7971412
-2.961035 -4.9695783 -1.7971414
-2.7179101 -5.1066251 -1.7971418
-1.6879883 -5.5331335 -1.7971439
-1.419121 -5.6081147 -1.7971445
-1.2833984 -5.6407156 -1.7971449
-1.1469336 -5.6700377 -1.7971454
-1.0098437 -5.6960549 -1.7971456
-0.73392576 -5.7381415 -1.7971463
-0.45626953 -5.7668633 -1.797147
-0.31701171 -5.776195 -1.7971473
0.10148437 -5.7840018 -1.7971486
0.38037109 -5.7723718 -1.7971493
1.0722461 -5.6846642 -1.7971513
1.2090429 -5.657146 -1.7971518
1.615 -5.5549073 -1.797153
1.7485547 -5.5143323 -1.7971535
2.1427343 -5.3734565 -1.7971548
2.2717578 -5.3202024 -1.7971553
2.6505272 -5.1420026 -1.7971565
2.7737889 -5.0765648 -1.7971569
2.8954492 -5.0081739 -1.7971574
3.2500391 -4.7856827 -1.7971587
3.3645701 -4.7058916 -1.7971592
3.4770899 -4.6233582 -1.7971597
3.9063671 -4.2668333 -1.7971613
4.1076365 -4.073451 -1.7971623
4.2046876 -3.9731789 -1.7971625
4.3914647 -3.7657444 -1.7971635
4.5679884 -3.5495512 -1.7971643
4.8127341 -3.2099285 -1.7971655
4.8887305 -3.0928917 -1.797166
2.7426171 -0.7725662 -0.88518614
3.2575195 -0.75010252 -1.0384737
5.6935153 -1.0246933 -1.7971715
5.7165818 -0.8870483 -1.7971717
5.7363281 -0.74888396 -1.7971721
5.7527146 -0.61028469 -1.7971723
5.7817969 -0.19267944 -1.797173
5.7806053 0.22593567 -1.7971737
5.7734375 0.36531919 -1.7971739
5.7629881 0.50448793 -1.797174
5.7491212 0.64336485 -1.7971743
5.731914 0.78186768 -1.7971745
5.7113867 0.91991699 -1.7971747
5.6875 1.0574298 -1.7971748
5.6603708 1.1943274 -1.7971749
2.9491992 0.77256405 -0.94712037
5.1489844 2.6371253 -1.7971759
5.0838475 2.7605712 -1.7971759
5.0157809 2.8824108 -1.7971759
4.4599218 3.6844537 -1.7971755
4.2770505 3.8952782 -1.7971754
3.7771678 4.3816595 -1.7971748
3.5614648 4.558742 -1.7971745
3.4504881 4.6433277 -1.7971743
3.1056445 4.8806906 -1.7971737
2.9870117 4.9541874 -1.7971736
2.7445312 5.092494 -1.7971731
2.6208789 5.1572204 -1.797173
2.369082 5.2776256 -1.7971723
1.9812499 5.4351282 -1.7971716
1.8495507 5.4813342 -1.7971712
1.7167773 5.5243516 -1.797171
1.5830468 5.5641565 -1.7971706
1.0394921 5.6907921 -1.7971694
0.9019531 5.7142148 -1.7971692
0.62529296 5.7510657 -1.7971684
0.48636717 5.7644715 -1.7971681
0.34716797 5.7745275 -1.7971677
-0.071328126 5.7845101 -1.7971666
-0.21083984 5.7810984 -1.7971661
-0.35025391 5.7743297 -1.7971658
-0.62835938 5.7507153 -1.7971649
-1.9084765 5.0045538 -1.7971603
-2.0286522 4.9570575 -1.7971598
-2.3383789 4.4377427 -1.6830856
-2.4151757 4.3270683 -1.6627314
-2.4979491 4.2321353 -1.6489345
-2.7903709 4.03018 -1.6447563
-2.8867579 3.9616911 -1.6447558
-3.0744922 3.8178375 -1.6447552
-3.1656835 3.742553 -1.6447548
-3.2550781 3.6650958 -1.6447544
-3.5930858 3.3343976 -1.644753
-3.6724412 3.2467456 -1.6447526
-3.7497265 3.1572075 -1.6447521
-3.8976367 2.9726696 -1.6447515
-3.9682031 2.8777802 -1.6447512
-4.0626559 2.7992687 -1.655429
-4.1752734 2.7306883 -1.6739662
-4.2941403 2.6627965 -1.6953765
-5.0088086 1.8971106 -1.7971467
-5.0944724 1.6533062 -1.7971461
-5.1683006 1.4056567 -1.7971455
-5.2007031 1.2805688 -1.7971454
-5.2300782 1.1547357 -1.797145
-5.2796679 0.90112549 -1.7971444
-5.2998829 0.77349728 -1.7971442
-5.3310547 0.51696163 -1.7971437
-5.3419528 0.388208 -1.7971435
-5.3497653 0.25922364 -1.7971432
-5.3560352 0.00088378903 -1.7971427
-5.3545117 -0.12829071 -1.7971426
-5.3498435 -0.25745574 -1.7971425
-5.3420897 -0.3864395 -1.7971423
-5.3172264 -0.64365846 -1.7971418
-5.2567577 -1.0264895 -1.7971414
-5.2304688 -1.1530048 -1.7971412
-5.2011132 -1.2788473 -1.7971412
-5.1687303 -1.403953 -1.7971411
-5.0950389 -1.6516192 -1.797141
-5.0536718 -1.7740426 -1.7971407
-5.0094333 -1.895462 -1.7971407
-4.4834962 -2.9301214 -1.7971405
-4.4114842 -3.0374439 -1.7971405
-4.2598047 -3.2466857 -1.7971406
-4.0982423 -3.4483776 -1.7971407
-4.0138865 -3.5462368 -1.7971407
-3.9271679 -3.6420348 -1.797141
-3.8381445 -3.7357159 -1.797141
-3.4603515 -4.0881624 -1.7971416
-3.3607225 -4.1704516 -1.7971416
-3.2591209 -4.2503109 -1.7971417
-3.155664 -4.3276978 -1.797142
-2.9432225 -4.4748697 -1.7971423
-2.8344336 -4.5445714 -1.7971425
-2.7239842 -4.6116261 -1.7971426
-2.6119726 -4.6759958 -1.7971429
-2.4983788 -4.737649 -1.7971431
-2.1492383 -4.9059205 -1.7971438
-1.7888281 -5.0485034 -1.7971445
-1.6665429 -5.0901856 -1.7971448
-1.4190429 -5.16465 -1.7971454
-1.041914 -5.2537541 -1.7971463
-0.78724605 -5.297895 -1.7971469
-0.27312499 -5.3491087 -1.7971482
-0.14402343 -5.3541398 -1.7971486
-0.014824218 -5.3560572 -1.7971488
0.62984371 -5.3189259 -1.7971507
0.75798827 -5.3021836 -1.7971511
0.88566405 -5.2823601 -1.7971514
1.012871 -5.2594604 -1.7971519
1.1394141 -5.2334952 -1.7971522
1.265332 -5.2044859 -1.7971526
1.5149024 -5.137403 -1.7971535
1.8824414 -5.0144086 -1.7971547
2.1220899 -4.9177804 -1.7971554
2.2401171 -4.8651562 -1.7971559
2.3568358 -4.8097024 -1.7971563
2.6984766 -4.6266775 -1.7971575
2.8092968 -4.5602355 -1.7971579
2.9184961 -4.4911418 -1.7971584
3.0260155 -4.4194326 -1.7971587
3.2356443 -4.2683396 -1.7971596
3.3376758 -4.1890388 -1.79716
3.5358398 -4.023181 -1.7971607
3.6318748 -3.9367163 -1.7971612
3.7257617 -3.8479533 -1.7971616
3.9070702 -3.6637714 -1.7971623
3.9942968 -3.5684552 -1.7971628
4.0791993 -3.4710588 -1.797163
4.1617384 -3.3716433 -1.7971635
4.4672461 -2.9549603 -1.797165
4.5372462 -2.8463323 -1.7971654
4.6046095 -2.7360504 -1.7971658
4.6692772 -2.6241736 -1.7971661
4.7312498 -2.510772 -1.7971663
2.7832615 -0.77256709 -0.96919018
5.2511129 -1.0555993 -1.7971702
5.2750387 -0.92862183 -1.7971705
5.295918 -0.8010928 -1.7971706
5.3137302 -0.67310393 -1.797171
5.3284178 -0.54472256 -1.7971712
5.3538475 -0.15797547 -1.797172
5.356113 -0.028776854 -1.7971721
5.3552341 0.10044372 -1.7971723
5.3441601 0.35862792 -1.7971727
5.3339453 0.48744383 -1.7971728
5.3206444 0.61597532 -1.7971731
3.2575195 0.78299195 -1.1241442
2.645371 0.77256471 -0.92469478
4.6971874 2.5738683 -1.7971745
4.63375 2.6864331 -1.7971745
4.5676169 2.7974353 -1.7971745
4.4987693 2.906806 -1.7971745
4.0324411 3.525357 -1.7971742
3.9462109 3.6216044 -1.797174
3.7669139 3.8077283 -1.7971739
3.6740038 3.8974895 -1.7971737
3.3825195 4.1529689 -1.7971734
3.2813475 4.2333598 -1.7971733
2.9666209 4.4595604 -1.7971728
2.748086 4.5974565 -1.7971723
2.6363475 4.6624107 -1.7971722
2.5231249 4.7246518 -1.797172
2.2922852 4.8408484 -1.7971715
2.1748438 4.8947382 -1.7971712
2.0560937 4.9457812 -1.797171
1.9361913 4.993938 -1.7971709
1.6930664 5.0815134 -1.7971702
1.195586 5.2210007 -1.7971692
1.0692577 5.2483201 -1.7971689
0.55861324 5.3269248 -1.7971674
0.30105469 5.3476658 -1.7971668
0.17193359 5.3533702 -1.7971666
0.042773437 5.3559618 -1.7971661
-0.086464845 5.3554273 -1.7971658
-0.73029298 5.3060985 -1.797164
-0.98537105 5.2646909 -1.7971632
-1.2381836 5.21103 -1.7971624
-1.3635352 5.1796422 -1.7971619
-1.8562499 5.0241575 -1.7971605
-2.2278125 4.6070671 -1.7170844
-2.3046484 4.4864702 -1.6923726
-2.6495507 4.1241345 -1.6447568
-3.0345507 3.8496435 -1.6447554
-3.1265428 3.7753131 -1.6447549
-3.3050194 3.620116 -1.6447542
-3.7926562 3.1054912 -1.644752
-3.8664649 3.0130999 -1.6447517
-3.9380271 2.9189441 -1.6447514
-4.02 2.8320336 -1.6499596
-4.2424803 2.6923218 -1.6859556
-5.0769725 1.7062695 -1.7971463
-5.1166992 1.5832971 -1.797146
-5.153379 1.4594012 -1.7971456
-5.1870899 1.3346581 -1.7971454
-5.27 0.95605099 -1.7971445
-5.3376169 0.4438104 -1.7971435
-5.346797 0.31491941 -1.7971433
-5.3527927 0.1858435 -1.7971431
-5.3555274 -0.072558589 -1.7971427
-5.3522067 -0.20166625 -1.7971425
-5.3458009 -0.3307907 -1.7971423
-5.3362694 -0.45965698 -1.7971421
-5.3236523 -0.58825529 -1.797142
-5.2890429 -0.84435087 -1.7971417
-5.2671485 -0.97169554 -1.7971416
-5.21416 -1.224617 -1.7971412
-4.5819726 -2.7735729 -1.7971405
-4.5137305 -2.8832898 -1.7971405
-4.442832 -2.9913139 -1.7971405
-4.3694139 -3.0976458 -1.7971406
-4.2933984 -3.2021465 -1.7971406
-4.2149024 -3.3047936 -1.7971406
-4.1339259 -3.405515 -1.7971407
-3.9648633 -3.6009467 -1.797141
-3.786582 -3.7879925 -1.7971411
-3.6941016 -3.8782363 -1.7971412
-3.5994725 -3.9662249 -1.7971412
-3.5027537 -4.0519071 -1.7971414
-3.3032227 -4.2161393 -1.7971417
-2.9896874 -4.4439802 -1.7971421
-2.8816211 -4.5148087 -1.7971423
-2.7718358 -4.5830121 -1.7971426
-2.5475585 -4.7113757 -1.7971429
-2.4331834 -4.7714629 -1.7971432
-2.0817773 -4.9349308 -1.7971438
-1.841289 -5.0296006 -1.7971444
-1.4727734 -5.1495886 -1.7971452
-1.348125 -5.1836228 -1.7971455
-0.96974605 -5.2675467 -1.7971464
-0.71455079 -5.3081927 -1.797147
-0.45769531 -5.336483 -1.7971476
-0.32880858 -5.3459759 -1.7971481
-0.070585936 -5.3556123 -1.7971487
0.058652341 -5.3557587 -1.7971492
0.18781249 -5.352788 -1.7971494
0.31691405 -5.3467002 -1.7971498
0.57443357 -5.3251958 -1.7971505
0.70269531 -5.3097882 -1.797151
0.83056641 -5.2912927 -1.7971513
1.0848633 -5.2450747 -1.797152
1.4613281 -5.1528983 -1.7971532
1.5851758 -5.1161456 -1.7971536
1.708125 -5.0764174 -1.7971541
1.9510351 -4.9881248 -1.7971548
2.0708008 -4.9396095 -1.7971553
2.3066211 -4.8339829 -1.797156
2.4225781 -4.7769332 -1.7971565
2.7616601 -4.5892363 -1.7971578
2.8716211 -4.5212893 -1.7971581
3.0863085 -4.3775239 -1.797159
3.191035 -4.3017993 -1.7971594
3.5906835 -3.9743185 -1.7971609
3.8687108 -3.7042546 -1.7971622
4.1264453 -3.4147971 -1.7971634
4.2076173 -3.3142614 -1.7971636
4.2863474 -3.2117958 -1.7971641
4.3625584 -3.1074603 -1.7971644
4.4362497 -3.0013199 -1.7971649
4.5073633 -2.8934276 -1.7971652
3.2575195 -0.77276826 -1.1233472
5.2651367 -0.98349971 -1.7971704
5.306406 -0.72839779 -1.7971709
5.3451953 -0.34275877 -1.7971716
5.3519139 -0.2137149 -1.7971717
5.3559961 0.044675291 -1.7971722
5.3117185 0.68887818 -1.7971731
5.2934961 0.81681639 -1.7971733
5.2722654 0.94427913 -1.7971734
5.2479687 1.0711901 -1.7971736
3.257539 0.74719602 -1.1213977
2.7515428 0.77256531 -0.95893955
4.6614842 2.638037 -1.7971745
4.5288281 2.8598027 -1.7971745
4.3101759 3.1798089 -1.7971743
4.0689063 3.483175 -1.7971742
3.8961327 3.6753783 -1.797174
3.8063867 3.7682958 -1.7971739
3.7143555 3.8590229 -1.7971739
3.5238867 4.0336881 -1.7971736
3.3252344 4.1989622 -1.7971733
3.2229686 4.277957 -1.7971731
3.1188281 4.3544612 -1.797173
2.9051757 4.4998217 -1.7971727
2.6847265 4.634707 -1.7971722
2.4581053 4.7588048 -1.797172
1.6232421 5.104249 -1.79717
1.3751562 5.1766038 -1.7971694
1.1239063 5.2369041 -1.797169
0.86994141 5.2850132 -1.7971684
0.61404294 5.3208189 -1.7971677
0.48552734 5.3340831 -1.7971673
0.35667968 5.344243 -1.7971671
0.2276953 5.3512902 -1.7971667
0.098554686 5.3552246 -1.7971662
-0.15992187 5.3537378 -1.7971656
-0.6750195 5.3134155 -1.7971641
-0.93052733 5.2746677 -1.7971634
-1.1838672 5.2236438 -1.7971625
-1.3095117 5.1935596 -1.7971622
-1.5584961 5.1243544 -1.7971613
-1.8038477 5.0432148 -1.7971606
-1.9249804 4.9982328 -1.7971601
-2.0398827 4.9379687 -1.7926701
-2.1172462 4.7941289 -1.7584875
-2.5092578 4.21943 -1.6472012
-2.8036523 4.0209498 -1.6447563
-2.8998437 3.9521422 -1.6447558
-2.9943359 3.8810344 -1.6447555
-3.2671094 3.6543341 -1.6447543
-3.4395897 3.4924955 -1.6447537
-3.5228319 3.4085057 -1.6447532
-3.7601366 3.1448174 -1.6447521
-3.8348827 3.0531933 -1.6447519
-3.9074023 2.9597919 -1.6447515
-4.0767384 2.7891369 -1.6573826
-4.3113475 2.6538074 -1.698704
-5.015039 1.8805743 -1.7971467
-5.0999217 1.6364893 -1.7971461
-5.1378903 1.5129864 -1.7971458
-5.2049217 1.2634002 -1.7971452
-5.2338672 1.1374725 -1.7971449
-5.2598047 1.0108789 -1.7971448
-5.2826366 0.88369751 -1.7971444
-5.3024216 0.75600034 -1.7971442
-5.3191013 0.6278668 -1.7971439
-5.332695 0.49936399 -1.7971437
-5.3432031 0.37057617 -1.7971433
-5.3506055 0.2415747 -1.7971432
-5.3560157 -0.016787719 -1.7971427
-5.3489451 -0.2751056 -1.7971425
-5.329453 -0.53278899 -1.797142
-5.2533202 -1.0438317 -1.7971414
-5.2266212 -1.1702566 -1.7971412
-5.1968751 -1.2960058 -1.7971412
-5.1641212 -1.4209906 -1.7971411
-5.1282811 -1.5451605 -1.797141
-5.0895114 -1.6684232 -1.797141
-5.0478516 -1.7907134 -1.7971407
-4.2490821 -3.2607243 -1.7971406
-4.169199 -3.3622813 -1.7971406
-4.0868554 -3.4618845 -1.7971407
-4.0021482 -3.5594661 -1.7971407
-3.9151366 -3.6549742 -1.797141
-3.8258202 -3.7483592 -1.7971411
-3.7342968 -3.8395607 -1.7971411
-3.5447459 -4.0152144 -1.7971414
-3.3469532 -4.1815166 -1.7971417
-3.0358007 -4.4126062 -1.7971421
-2.5964844 -4.6845927 -1.7971429
-2.2509375 -4.8601012 -1.7971435
-2.1330469 -4.9129872 -1.7971438
-2.0138867 -4.9630136 -1.7971439
-1.8936132 -5.0101514 -1.7971443
-1.7721875 -5.054378 -1.7971445
-1.6497265 -5.0956588 -1.7971449
-1.5263281 -5.133975 -1.797145
-1.0245508 -5.2571616 -1.7971463
-0.76978517 -5.3004642 -1.7971469
-0.51320308 -5.3314276 -1.7971475
-0.2555078 -5.3499808 -1.7971482
-0.12634765 -5.3545871 -1.7971486
0.51896483 -5.3308873 -1.7971504
0.64736325 -5.3168163 -1.7971507
0.9030664 -5.279407 -1.7971514
1.0301952 -5.2560873 -1.7971519
1.1566796 -5.2297068 -1.7971524
1.4075781 -5.1678324 -1.7971531
1.5318555 -5.1323771 -1.7971535
1.6551952 -5.0939302 -1.7971539
1.8989843 -5.0081687 -1.7971547
2.0192187 -4.9609032 -1.7971551
2.2561913 -4.8577375 -1.7971559
2.3727148 -4.8019018 -1.7971563
2.4878321 -4.7432647 -1.7971568
2.7137694 -4.6177506 -1.7971575
2.8243358 -4.5509424 -1.797158
2.9333007 -4.4814873 -1.7971584
3.0405469 -4.4094272 -1.7971587
3.1460352 -4.334795 -1.7971592
3.4512694 -4.0959415 -1.7971605
3.6448047 -3.924711 -1.7971612
3.7384179 -3.8356395 -1.7971617
3.9191015 -3.6508641 -1.7971624
4.0906444 -3.457583 -1.7971632
4.4047461 -3.0473473 -1.7971647
4.4769921 -2.9402044 -1.797165
4.5466208 -2.8313451 -1.7971655
4.6136327 -2.7208416 -1.7971658
4.6779099 -2.608753 -1.7971661
5.2780662 -0.91121155 -1.7971705
5.315918 -0.65556854 -1.797171
5.3413477 -0.39840513 -1.7971715
5.3493943 -0.26943511 -1.7971717
5.3543358 -0.14031249 -1.797172
5.3504686 0.24725342 -1.7971725
5.3429685 0.37625489 -1.7971727
5.3323045 0.50503904 -1.797173
5.3185935 0.63352662 -1.7971731
5.281836 0.88932371 -1.7971734
5.2588673 1.0164789 -1.7971736
5.2327929 1.1430469 -1.7971737
3.1681054 0.77256531 -1.0941612
4.5583591 2.8124828 -1.7971745
4.4891796 2.9216301 -1.7971745
4.4174023 3.0290711 -1.7971745
4.2661524 3.2386107 -1.7971743
4.1867771 3.3405828 -1.7971743
4.0208006 3.5386381 -1.7971742
3.9342382 3.6346014 -1.797174
3.8454101 3.7284515 -1.797174
3.7543554 3.8201306 -1.7971739
3.2673633 4.2441587 -1.7971733
3.1640429 4.3217435 -1.7971731
2.951875 4.4693236 -1.7971727
2.8432226 4.5392284 -1.7971725
2.7328906 4.6064982 -1.7971723
2.5074999 4.7329535 -1.797172
2.3925586 4.7920628 -1.7971717
1.7985351 5.0451517 -1.7971705
1.6763281 5.08707 -1.7971702
1.553125 5.1260266 -1.7971699
1.1783398 5.2249169 -1.797169
1.0519726 5.251821 -1.7971687
0.66943359 5.314137 -1.7971678
0.54101562 5.3287377 -1.7971674
0.28335938 5.3486314 -1.7971668
-0.10412109 5.3551121 -1.7971658
-0.23328124 5.3510413 -1.7971654
-0.36232421 5.3438549 -1.797165
-0.74781251 5.3036585 -1.797164
-1.0027734 5.2614112 -1.7971632
-1.5050585 5.1403036 -1.7971616
-1.8728319 5.018002 -1.7971603
-1.9933202 4.9713612 -1.79716
-2.160918 4.7168298 -1.7408395
-2.4734375 4.2595744 -1.652728
-2.5630858 4.1784153 -1.6447572
-2.663125 4.1153679 -1.6447568
-2.761621 4.0499253 -1.6447564
-2.8585155 3.9821239 -1.644756
-3.0472655 3.8396087 -1.6447552
-3.2289257 3.6881566 -1.6447544
-3.3169141 3.6091876 -1.6447542
-3.4030273 3.5281177 -1.6447538
-3.4871874 3.4450023 -1.6447533
-3.5692773 3.3598759 -1.6447531
-3.7271874 3.1838048 -1.6447523
-4.1407228 2.7503655 -1.6679285
-4.2588086 2.6830053 -1.68891
-4.3853126 2.6171184 -1.7135506
-5.1218748 1.5664014 -1.797146
-5.1914454 1.3175305 -1.7971454
-5.2731638 0.93865597 -1.7971445
-5.2942772 0.81117493 -1.7971443
-5.3390427 0.42619139 -1.7971435
-5.3477736 0.29727051 -1.7971433
-5.3534179 0.16817078 -1.7971431
-5.3558788 0.038979493 -1.7971429
-5.3552537 -0.090235591 -1.7971426
-5.3515429 -0.21936706 -1.7971425
-5.344707 -0.3484256 -1.7971423
-5.3347459 -0.47725889 -1.7971421
-5.3216209 -0.60581571 -1.797142
-5.3054881 -0.73401791 -1.7971418
-5.263906 -0.98906827 -1.7971416
-5.2385154 -1.1157665 -1.7971414
-5.1786327 -1.3672409 -1.7971411
-5.1066403 -1.6153311 -1.797141
-5.0227537 -1.8597546 -1.7971407
-4.5041599 -2.8981726 -1.7971405
-4.3591599 -3.1120477 -1.7971406
-4.282793 -3.2162797 -1.7971406
-4.2039647 -3.318687 -1.7971406
-4.0390038 -3.5176013 -1.7971407
-3.4893358 -4.0634489 -1.7971414
-3.3903124 -4.1464372 -1.7971416
-3.2892773 -4.227016 -1.7971417
-3.0816014 -4.3807511 -1.797142
-2.8666992 -4.5242901 -1.7971425
-2.7567382 -4.5921292 -1.7971426
-2.5320117 -4.7197556 -1.7971431
-2.4174023 -4.7794681 -1.7971432
-2.1841211 -4.8905077 -1.7971437
-1.9456445 -4.9901657 -1.7971442
-1.824707 -5.0356493 -1.7971444
-1.4557812 -5.1544223 -1.7971452
-1.2054688 -5.2186441 -1.7971458
-1.0792187 -5.2462091 -1.7971461
-0.95240229 -5.2707191 -1.7971464
-0.69701171 -5.310523 -1.797147
-0.18210937 -5.3529806 -1.7971483
0.20548828 -5.3521385 -1.7971494
0.46339843 -5.3360009 -1.7971503
0.72021484 -5.3074412 -1.797151
1.2283008 -5.213357 -1.7971525
1.4783007 -5.1480494 -1.7971532
1.8466991 -5.0276732 -1.7971545
1.9674413 -4.9816608 -1.7971549
2.0870702 -4.9327497 -1.7971553
2.2054491 -4.8809695 -1.7971557
2.5526757 -4.7087049 -1.7971569
2.8865039 -4.5117874 -1.7971581
3.1007421 -4.3673162 -1.7971591
3.3077734 -4.2126732 -1.7971598
3.5071287 -4.0482264 -1.7971606
3.6037695 -3.9624481 -1.7971611
3.6983202 -3.8743584 -1.7971613
3.7907031 -3.7840123 -1.7971618
4.2969337 -3.197633 -1.7971641
4.3727927 -3.0930545 -1.7971646
4.5168748 -2.87854 -1.7971654
4.585 -2.768738 -1.7971656
4.6504884 -2.6573246 -1.797166
2.7083592 -0.7725662 -0.94499701
2.9790039 -0.77256531 -1.0326265
3.2575195 -0.76142424 -1.1224743
5.2434568 -1.0929272 -1.79717
5.2683201 -0.96611756 -1.7971704
5.2900782 -0.83874661 -1.7971706
5.3243942 -0.58260924 -1.7971711
5.3368945 -0.45399871 -1.7971715
5.3558006 0.062350463 -1.7971722
5.3527536 0.1915338 -1.7971725
5.3465819 0.3206073 -1.7971727
5.2691407 0.96167052 -1.7971734
5.2444334 1.0884912 -1.7971736
2.9893944 0.77256531 -1.0360057
2.7170703 0.77256405 -0.94780773
4.7153907 2.5403893 -1.7971745
4.6527538 2.6534014 -1.7971745
4.5873828 2.7648711 -1.7971745
4.4486718 2.9829168 -1.7971745
4.3754492 3.0893633 -1.7971745
4.2996287 3.1940179 -1.7971743
4.2213283 3.2968113 -1.7971743
4.0574021 3.496582 -1.7971742
3.971875 3.5934448 -1.7971742
3.6071289 3.9594305 -1.7971737
3.4119921 4.1288028 -1.7971734
3.1044922 4.3647265 -1.797173
2.7807031 4.5777898 -1.7971723
2.5566602 4.706583 -1.7971721
2.0912695 4.9310236 -1.7971711
1.9717187 4.9800382 -1.7971709
1.850996 5.0261488 -1.7971705
0.97988278 5.265748 -1.7971685
0.72472656 5.3068786 -1.7971679
0.33904296 5.3453903 -1.7971671
0.20998046 5.3520126 -1.7971666
-0.048359375 5.3559093 -1.797166
-0.17759766 5.3531809 -1.7971655
-0.69257814 5.3111558 -1.7971641
-0.82048827 5.2929001 -1.7971636
-1.2010547 5.219708 -1.7971625
-1.3266406 5.1892138 -1.7971622
-1.8204687 5.0372367 -1.7971606
-1.9414257 4.9918528 -1.7971601
-2.1278319 4.7753973 -1.7541814
-2.3594921 4.4071221 -1.677341
-2.6201367 4.1428757 -1.6447569
-2.8169141 4.0116777 -1.6447561
-3.0070899 3.8711302 -1.6447554
-3.1903124 3.7215784 -1.6447548
-3.2791796 3.6435368 -1.6447543
-3.3661132 3.5633686 -1.6447539
-3.693789 3.22244 -1.6447525
-3.9171484 2.9468815 -1.6447514
-3.9908984 2.8542449 -1.6463193
-4.0906248 2.7788947 -1.659309
-4.2075195 2.712296 -1.679678
-4.3290429 2.6450396 -1.7022262
-4.4605861 2.5797362 -1.7289691
-5.0647264 1.7423437 -1.7971464
-5.1428514 1.4960247 -1.7971458
-5.1774607 1.3715228 -1.7971455
-5.209043 1.2462237 -1.7971452
-5.2855077 0.86634642 -1.7971444
-5.3048825 0.73850584 -1.7971442
-5.3211327 0.61031431 -1.7971438
-5.3552146 0.094750978 -1.7971429
-5.3559179 -0.034465026 -1.7971427
-5.3535547 -0.16357452 -1.7971426
-5.3480077 -0.29275635 -1.7971423
-5.3276758 -0.5503726 -1.797142
-5.312871 -0.67873716 -1.7971418
-5.2949414 -0.806705 -1.7971417
-5.2739258 -0.93421018 -1.7971416
-5.1925778 -1.3131638 -1.7971411
-5.0840235 -1.685212 -1.797141
-5.0418749 -1.8073688 -1.7971407
-4.6015429 -2.7408943 -1.7971405
-4.4640231 -2.9596562 -1.7971405
-4.3160739 -3.1715386 -1.7971406
-4.1580858 -3.376018 -1.7971406
-3.9903905 -3.5726509 -1.7971407
-3.8134375 -3.7609639 -1.7971411
-3.7216015 -3.8518627 -1.7971411
-3.627578 -3.9405217 -1.7971412
-2.8043945 -4.5631795 -1.7971425
-2.5810156 -4.6931357 -1.7971429
-2.4670508 -4.7540345 -1.7971431
-2.2349024 -4.8675022 -1.7971435
-2.1168163 -4.920001 -1.7971438
-1.9975195 -4.9696336 -1.7971442
-1.8770703 -5.0163736 -1.7971443
-1.7554687 -5.0601978 -1.7971445
-1.3849609 -5.1739011 -1.7971454
-1.2597461 -5.2058067 -1.7971456
-0.36683592 -5.3435011 -1.797148
-0.10867187 -5.3549762 -1.7971487
0.27884766 -5.3488188 -1.7971498
0.53650391 -5.3291464 -1.7971504
0.66492188 -5.314652 -1.7971509
1.4246093 -5.1631603 -1.7971531
1.5487499 -5.1272922 -1.7971536
2.0355859 -4.9542136 -1.7971551
2.1545117 -4.9036684 -1.7971556
2.5034766 -4.735034 -1.7971568
2.6169531 -4.6732607 -1.7971573
2.7289453 -4.6087718 -1.7971575
2.8393359 -4.5416021 -1.797158
3.0551171 -4.3993692 -1.7971587
3.263711 -4.2468934 -1.7971597
3.3652539 -4.166923 -1.79716
3.4647851 -4.0845304 -1.7971605
3.562324 -3.9997618 -1.7971609
4.1020312 -3.4440641 -1.7971632
4.3403516 -3.1384149 -1.7971644
4.414824 -3.0327959 -1.7971647
4.6865039 -2.5932994 -1.7971662
2.6052148 -0.77256709 -0.91176063
5.2317772 -1.1474676 -1.79717
5.257988 -1.0209302 -1.7971702
5.3010936 -0.76613313 -1.7971709
5.3425975 -0.38077512 -1.7971716
5.3561716 0.0065734861 -1.7971722
5.3496289 0.26490965 -1.7971725
5.3164845 0.65107483 -1.7971731
3.2575195 0.72284669 -1.1195991
3.1232812 0.77256471 -1.0795567
2.8286912 0.77256531 -0.98388863
2.5819335 0.77256405 -0.90427893
4.6801367 2.6048045 -1.7971745
4.6159177 2.7169483 -1.7971745
4.4073243 3.0436335 -1.7971745
4.3326755 3.1490698 -1.7971743
4.1757226 3.3543835 -1.7971743
4.0935936 3.4541423 -1.7971742
4.0090623 3.5518866 -1.7971742
3.7417381 3.8324974 -1.7971739
3.648164 3.9216473 -1.7971737
3.5525389 4.0085168 -1.7971736
3.454746 4.093051 -1.7971734
3.3550389 4.1751995 -1.7971734
3.2533202 4.25492 -1.7971733
3.1497655 4.3321629 -1.7971731
2.6055467 4.6797099 -1.7971721
2.3767772 4.7999334 -1.7971717
2.1424804 4.9089861 -1.7971711
2.0234571 4.9592395 -1.797171
1.9032226 5.0066094 -1.7971706
1.5361913 5.1311255 -1.7971699
1.4119726 5.166688 -1.7971696
1.286914 5.1992445 -1.7971693
1.0346289 5.25526 -1.7971687
0.90755856 5.2786899 -1.7971684
0.77996093 5.2990427 -1.7971681
0.13660155 5.3543859 -1.7971663
0.0074023437 5.3561206 -1.7971661
-0.3799414 5.3426294 -1.797165
-0.50876951 5.3319068 -1.7971646
-0.63718748 5.3180799 -1.7971643
-0.76529294 5.3011618 -1.7971638
-0.89298826 5.2811546 -1.7971635
-1.3976953 5.1705308 -1.7971619
-1.5220116 5.1353073 -1.7971616
-1.6454883 5.0970993 -1.7971611
-1.7679101 5.0559177 -1.7971607
-1.8894141 5.0117984 -1.7971603
-2.0942578 4.8348222 -1.7679051
-2.4848437 4.2468328 -1.6509579
-2.7749803 4.0407963 -1.6447563
-2.8716404 3.9726732 -1.644756
-2.9666405 3.9022405 -1.6447555
-3.0599217 3.8295343 -1.6447552
-3.1513867 3.7546031 -1.6447549
-3.2410936 3.677484 -1.6447544
-3.3288085 3.5982294 -1.6447542
-3.4985352 3.4334807 -1.6447533
-3.6600389 3.2607329 -1.6447526
-3.7376561 3.1714873 -1.6447523
-3.8862693 2.9875152 -1.6447515
-3.9572265 2.8928955 -1.6447512
-4.275156 2.673651 -1.6918935
-4.4033203 2.6081879 -1.717208
-5.0881443 1.6727209 -1.7971463
-5.225625 1.174668 -1.797145
-5.2968946 0.79370725 -1.7971443
-5.3144922 0.66569579 -1.7971439
-5.3290234 0.53729671 -1.7971437
-5.3404684 0.40858093 -1.7971435
-5.3539062 0.15051392 -1.7971431
-5.3030272 -0.75152314 -1.7971417
-5.2348242 -1.1330463 -1.7971414
-5.1740623 -1.3842248 -1.7971411
-5.1391602 -1.5086328 -1.797141
-5.06041 -1.7547622 -1.7971407
-4.5635548 -2.8037536 -1.7971405
-4.4945898 -2.9130218 -1.7971405
-4.4229884 -3.0205975 -1.7971405
-4.3488474 -3.1264179 -1.7971406
-4.1113868 -3.4327185 -1.7971407
-3.8524022 -3.7210488 -1.797141
-3.6684179 -3.9025302 -1.7971412
-3.4759178 -4.0749359 -1.7971414
-2.9603124 -4.4636121 -1.7971423
-2.8517578 -4.5337281 -1.7971425
-2.6297851 -4.6660023 -1.7971427
-2.5164256 -4.7280879 -1.7971431
-2.4016407 -4.787415 -1.7971432
-1.9292186 -4.9965544 -1.7971443
-1.685918 -5.0837936 -1.7971448
-0.8075 -5.2948518 -1.7971469
-0.55115235 -5.3276401 -1.7971475
-0.29351562 -5.3480287 -1.7971481
-0.035234373 -5.3559623 -1.7971488
0.48101562 -5.3344412 -1.7971503
0.86546874 -5.2856998 -1.7971514
0.99277341 -5.2632828 -1.7971518
1.2454687 -5.2092733 -1.7971525
1.4952734 -5.1431417 -1.7971535
1.7416015 -5.0650392 -1.7971542
1.8632812 -5.0215507 -1.7971545
1.9839061 -4.9751425 -1.7971549
2.2215428 -4.8736644 -1.7971557
2.5681834 -4.7002544 -1.7971569
2.6808398 -4.6369333 -1.7971574
2.9013672 -4.5022383 -1.7971584
3.0091405 -4.4309363 -1.7971586
3.2193553 -4.2806439 -1.7971596
3.4220703 -4.1203842 -1.7971603
3.5204883 -4.036633 -1.7971607
3.8031445 -3.7714989 -1.7971618
3.9806445 -3.5836737 -1.7971628
4.1488671 -3.3875046 -1.7971635
4.5263672 -2.8636267 -1.7971654
4.594121 -2.7536006 -1.7971656
4.7216015 -2.5288057 -1.7971663
3.0199609 -0.7725662 -1.045933
3.2574999 -0.75010252 -1.1216155
5.2714844 -0.94874018 -1.7971704
5.2928319 -0.82129484 -1.7971706
5.3111329 -0.69337338 -1.797171
5.3532028 -0.17839752 -1.797172
5.355957 -0.049208984 -1.7971721
5.355547 0.080014035 -1.7971723
5.3454881 0.33823851 -1.7971727
5.3229489 0.59567565 -1.797173
5.3070507 0.72391111 -1.7971731
5.2880273 0.85172486 -1.7971733
5.2659178 0.9790448 -1.7971734
3.2575195 0.7698608 -1.1231223
2.9491992 0.77256405 -1.022948
4.7069921 2.5559375 -1.7971745
4.4388084 2.9975798 -1.7971745
4.3651953 3.1037903 -1.7971743
4.1293163 3.411334 -1.7971742
4.0458398 3.5099535 -1.7971742
3.9599609 3.6065314 -1.797174
3.5940623 3.9713123 -1.7971737
3.3983397 4.1400447 -1.7971734
3.1946874 4.2991333 -1.7971731
3.090039 4.3749485 -1.797173
2.9835937 4.4482183 -1.7971728
2.6540821 4.6523271 -1.7971722
2.5410936 4.7150025 -1.7971721
2.0749609 4.9379044 -1.7971711
1.9552343 4.9865217 -1.7971709
1.7124804 5.0750146 -1.7971702
1.5895312 5.1148448 -1.79717
1.4656836 5.1517029 -1.7971698
1.0893359 5.2442017 -1.7971689
0.96246094 5.26895 -1.7971685
0.83507812 5.2906384 -1.7971683
0.70720702 5.3092408 -1.7971679
0.57892579 5.3247557 -1.7971677
0.45029294 5.3371701 -1.7971673
0.32142577 5.3464818 -1.7971668
0.063144527 5.3557529 -1.7971662
-0.066035151 5.3557162 -1.7971658
-0.45318359 5.3369126 -1.7971647
-0.58179688 5.3244286 -1.7971644
-1.4336718 4.7704601 -1.7971612
-2.1068163 4.5137477 -1.797159
-2.2151172 4.4616094 -1.7971585
-2.3220899 4.4068751 -1.7971581
-2.4035547 4.3062787 -1.7792712
-2.4813867 4.2041173 -1.7612861
-2.637285 4.0125761 -1.7323778
-2.716543 3.9235797 -1.7217557
-2.8770311 3.7545221 -1.7065446
-3.1217773 3.5150194 -1.6961144
-3.2866602 3.3593054 -1.6955844
-3.3701952 3.2824016 -1.6973222
-3.4568164 3.2079761 -1.7014766
-3.5458007 3.1347973 -1.7075475
-3.6368358 3.0621636 -1.7152874
-3.7326562 2.9919775 -1.7259276
-4.0402536 2.7838018 -1.7701728
-4.1545897 2.7171612 -1.7910261
-4.7379293 1.5375928 -1.797147
-4.7736325 1.4228582 -1.7971467
-4.8640232 1.0739257 -1.7971458
-4.8885155 0.95626765 -1.7971456
-4.9101954 0.83806026 -1.7971454
-4.9289842 0.7193597 -1.7971452
-4.9680662 0.3610321 -1.7971444
-4.9753318 0.24108154 -1.7971443
-4.9797068 0.12098327 -1.7971439
-4.9797263 -0.11934723 -1.7971437
-4.968164 -0.35939848 -1.7971433
-4.9450388 -0.59861511 -1.7971429
-4.9104686 -0.83644074 -1.7971427
-4.8069921 -1.3056796 -1.7971421
-4.7740622 -1.4212692 -1.7971421
-4.7384372 -1.5360239 -1.797142
-4.6999803 -1.6498871 -1.797142
-4.102695 -2.8248568 -1.7971417
-3.8114452 -3.2070336 -1.7971418
-3.4847069 -3.5593591 -1.7971423
-3.3977928 -3.6423895 -1.7971423
-3.3089452 -3.7232993 -1.7971425
-2.9348047 -4.0248103 -1.7971431
-2.8368554 -4.0944362 -1.7971432
-2.5333593 -4.288868 -1.7971437
-2.429121 -4.3487339 -1.7971438
-2.1082811 -4.5130177 -1.7971444
-1.8881445 -4.6094575 -1.7971449
-1.7764062 -4.6536655 -1.7971452
-1.6636523 -4.6951656 -1.7971454
-1.5499023 -4.7339325 -1.7971456
-1.319746 -4.8031864 -1.7971463
-1.2035351 -4.8336258 -1.7971464
-1.0865625 -4.8612561 -1.7971467
-0.73216796 -4.927103 -1.7971476
-0.61308593 -4.9433322 -1.797148
-0.37396485 -4.9671545 -1.7971486
-0.13394532 -4.9794154 -1.7971492
0.10640625 -4.980083 -1.7971498
0.22652343 -4.9760666 -1.7971503
0.46626952 -4.9593539 -1.7971509
0.58576173 -4.9466629 -1.7971511
0.70492184 -4.9310932 -1.7971516
0.82365233 -4.9126563 -1.7971519
1.0596875 -4.8672132 -1.7971526
1.1767774 -4.8402328 -1.797153
1.6376758 -4.7043333 -1.7971545
1.8626952 -4.6198692 -1.7971553
1.9735546 -4.5735912 -1.7971556
2.29916 -4.4189 -1.7971568
2.5096288 -4.3028674 -1.7971575
2.6126757 -4.2410731 -1.7971579
2.7142382 -4.1768122 -1.7971584
2.8141797 -4.1101203 -1.7971586
3.1971679 -3.8198388 -1.7971601
3.2883787 -3.7416046 -1.7971605
3.4650586 -3.5786407 -1.7971612
3.5503514 -3.4940159 -1.7971617
3.7937109 -3.2281244 -1.7971628
4.0172071 -2.9453349 -1.7971638
4.0871286 -2.8475718 -1.7971641
4.1546092 -2.7481456 -1.7971644
2.7832615 -0.7725659 -1.0421268
3.0686717 -0.7725656 -1.14168
3.2575195 -0.73702699 -1.2049735
4.883574 -0.98171997 -1.7971693
4.9554882 -0.50659668 -1.7971702
4.9741602 -0.26699004 -1.7971706
4.9791403 -0.14692077 -1.7971709
4.9804296 0.093414307 -1.7971712
4.9766989 0.21353333 -1.7971715
4.9701171 0.33352599 -1.7971716
4.9606442 0.4533264 -1.7971717
4.9482226 0.57286561 -1.797172
4.893867 0.92919922 -1.7971723
4.870039 1.0469848 -1.7971725
2.9039648 0.77256531 -1.0841531
2.645371 0.77256471 -0.99428314
4.3684959 2.3937242 -1.7971733
4.3094335 2.4984143 -1.7971733
4.2479296 2.6016467 -1.7971733
4.1839452 2.7033637 -1.7971733
4.1174803 2.8035088 -1.7971733
3.9774609 2.9988391 -1.7971731
3.828203 3.1871984 -1.7971731
3.5876758 3.4556878 -1.7971728
3.4168358 3.6247082 -1.7971727
3.3284178 3.7060809 -1.7971725
3.2380469 3.7852948 -1.7971723
2.858242 4.0796771 -1.797172
2.6581445 4.2127914 -1.7971715
2.2398047 4.4493041 -1.7971706
2.0226367 4.5521607 -1.7971704
1.5745898 4.7258625 -1.7971693
1.4601367 4.7624693 -1.7971692
1.3448242 4.7963071 -1.7971689
0.8763867 4.9035625 -1.7971678
-0.20054688 4.9772167 -1.7971649
-0.44039062 4.9617491 -1.7971643
-0.67916012 4.9347262 -1.7971635
-0.79804689 4.9169073 -1.7971632
-0.91642576 4.8962231 -1.7971628
-1.0342578 4.8726859 -1.7971624
-1.2681054 4.8171277 -1.7971617
-1.613125 4.71281 -1.7971606
-1.7263476 4.6725225 -1.7971601
-2.1685157 4.4844313 -1.7971587
-2.2760742 4.4308128 -1.7971584
-2.4479883 4.2479753 -1.768886
-2.6821485 3.9613483 -1.7259791
-2.8418944 3.7898095 -1.7090417
-3.1680467 3.4701128 -1.6952493
-3.334121 3.3156281 -1.6964581
-3.5966406 3.0929015 -1.7114342
-3.7875977 2.9516344 -1.7324537
-3.8887694 2.882426 -1.7464012
-4.2057614 2.6690314 -1.7971503
-4.2689452 2.5667944 -1.7971499
-4.6819921 1.7002966 -1.7971473
-4.7216601 1.586864 -1.797147
-4.7585545 1.4724823 -1.7971467
-4.8525586 1.124516 -1.797146
-4.8783007 1.007127 -1.7971456
-4.9011717 0.88913941 -1.7971455
-4.9212108 0.77064025 -1.7971452
-4.9526563 0.53237486 -1.7971448
-4.9725389 0.29286927 -1.7971443
-4.9809179 0.05268921 -1.7971439
-4.9627929 -0.42748991 -1.7971432
-4.9364061 -0.66636777 -1.7971429
-4.8984962 -0.9036966 -1.7971426
-4.8203321 -1.255564 -1.7971423
-4.7541599 -1.4866015 -1.7971421
-4.7168946 -1.6008565 -1.797142
-4.6769137 -1.7141773 -1.797142
-4.3223047 -2.4759011 -1.7971417
-4.2612696 -2.5794482 -1.7971417
-4.1978126 -2.6814957 -1.7971417
-4.1318946 -2.7819817 -1.7971417
-4.0636325 -2.8808477 -1.7971417
-3.9199219 -3.0734985 -1.7971418
-3.6055467 -3.4369037 -1.7971421
-3.5215623 -3.5228796 -1.7971421
-3.3475585 -3.6886382 -1.7971425
-3.1657226 -3.8458123 -1.7971426
-2.9765429 -3.9940305 -1.7971429
-2.8793359 -4.0646729 -1.7971431
-2.2628906 -4.4375162 -1.7971442
-2.0462303 -4.5415006 -1.7971445
-1.4848242 -4.7547431 -1.7971458
-1.2538086 -4.8208323 -1.7971464
-1.1371094 -4.8496771 -1.7971466
-1.0197852 -4.8756986 -1.7971469
-0.78341794 -4.9192114 -1.7971475
-0.42568359 -4.9629874 -1.7971483
-0.30580077 -4.9718199 -1.7971487
0.054550782 -4.9809213 -1.7971497
0.53425783 -4.9524951 -1.797151
0.77244139 -4.9209633 -1.7971518
0.890957 -4.9008965 -1.797152
1.1263086 -4.8522253 -1.7971529
1.2430664 -4.8236451 -1.7971531
1.3590624 -4.7922564 -1.7971536
1.5886133 -4.7211289 -1.7971543
1.9258593 -4.5938935 -1.7971554
2.0361133 -4.5460978 -1.7971559
2.4647069 -4.3287654 -1.7971573
2.5683985 -4.2680459 -1.7971578
2.6705859 -4.2048497 -1.797158
3.2492187 -3.7756402 -1.7971603
3.4275584 -3.6145284 -1.7971611
3.5979297 -3.4450006 -1.7971618
3.9863477 -2.987005 -1.7971636
4.1258006 -2.7912612 -1.7971643
4.1918945 -2.6909215 -1.7971647
4.2556052 -2.5890136 -1.797165
4.3168359 -2.4855969 -1.7971654
4.3755274 -2.3807356 -1.7971656
2.9390624 -0.7725659 -1.0963951
3.2575195 -0.77276826 -1.2078854
4.8731055 -1.0325125 -1.7971692
4.8966017 -0.91466457 -1.7971694
4.9172459 -0.79627472 -1.7971698
4.9350195 -0.67742097 -1.7971699
4.9499216 -0.55817384 -1.7971702
4.9773436 -0.19875519 -1.7971709
4.9811325 0.041549072 -1.7971711
4.9539647 0.52130675 -1.797172
4.9399219 0.64066529 -1.7971721
4.923027 0.75964844 -1.7971722
4.9032617 0.87818909 -1.7971723
3.257539 0.74719602 -1.205789
3.0306444 0.77256531 -1.1283814
2.7515428 0.77256531 -1.0311047
4.3931446 2.3481102 -1.7971733
4.1464453 2.7604821 -1.7971733
3.9360156 3.0530968 -1.7971731
3.8611717 3.1471605 -1.7971731
3.7048826 3.3297327 -1.797173
3.3667967 3.6712193 -1.7971725
3.2772851 3.7513745 -1.7971725
3.1858203 3.8293402 -1.7971723
3.0925391 3.9050775 -1.7971722
2.9005859 4.0496941 -1.797172
2.8020313 4.1184855 -1.7971717
2.3921485 4.3693051 -1.797171
1.960039 4.5794644 -1.7971702
1.8489648 4.6254148 -1.7971699
1.7368749 4.6686692 -1.7971698
1.6237304 4.709209 -1.7971694
1.394707 4.7820439 -1.797169
0.92742187 4.8941727 -1.7971678
0.80908203 4.9151201 -1.7971677
0.33175781 4.9702039 -1.7971663
-0.38871092 4.9660645 -1.7971644
-0.50837892 4.9552422 -1.797164
-0.62775391 4.9415359 -1.7971636
-0.74679685 4.9249468 -1.7971634
-0.8653906 4.905498 -1.7971629
-1.2178515 4.8300695 -1.7971618
-1.6775976 4.6902461 -1.7971605
-1.7902343 4.6484137 -1.79716
-1.9018555 4.6038666 -1.7971597
-2.0123632 4.5566449 -1.7971592
-2.2297852 4.4542747 -1.7971585
-2.5699413 4.0933819 -1.7437766
-2.6478906 3.9998558 -1.7306502
-2.8066797 3.8251805 -1.7117195
-2.8881054 3.74335 -1.7057915
-3.0513086 3.5832562 -1.6980032
-3.2145507 3.4254949 -1.6948293
-3.3816404 3.2718632 -1.6976315
-3.5580468 3.1247375 -1.7084538
-3.9484375 2.8436151 -1.7555293
-4.0548434 2.7742021 -1.7725689
-4.170547 2.7080054 -1.7940524
-4.2419724 2.6111059 -1.7971501
-4.7049022 1.6359417 -1.7971472
-4.8108592 1.2914124 -1.7971464
-4.8916798 0.94013608 -1.7971455
-4.946836 0.58391905 -1.7971449
-4.9760938 0.22466002 -1.7971442
-4.9800782 0.10455139 -1.7971439
-4.9793162 -0.13577545 -1.7971437
-4.9745507 -0.25585327 -1.7971433
-4.9564648 -0.49550018 -1.7971431
-4.9430661 -0.6149255 -1.7971429
-4.9267774 -0.73399383 -1.7971427
-4.8608203 -1.0883396 -1.7971425
-4.8026562 -1.3215344 -1.7971421
-4.6945505 -1.6653832 -1.797142
-4.2255077 -2.6376085 -1.7971417
-4.1606445 -2.7388053 -1.7971417
-4.0933399 -2.8383789 -1.7971417
-4.0237107 -2.9363022 -1.7971417
-3.9517186 -3.0325134 -1.7971418
-3.8774023 -3.1269631 -1.7971418
-3.8008397 -3.2195957 -1.797142
-3.7220702 -3.3103454 -1.797142
-3.5580859 -3.4860165 -1.7971421
-3.3857617 -3.6535809 -1.7971423
-3.0180078 -3.9628203 -1.7971429
-2.8233202 -4.1037774 -1.7971432
-2.6221094 -4.2351818 -1.7971435
-2.5191991 -4.2972045 -1.7971437
-2.3089647 -4.4137139 -1.7971442
-2.2018554 -4.4681315 -1.7971443
-1.7610742 -4.6595001 -1.7971452
-1.6481249 -4.7006297 -1.7971455
-1.5342773 -4.7390237 -1.7971456
-1.4194921 -4.7746582 -1.797146
-1.3039062 -4.8075123 -1.7971463
-1.187539 -4.8375721 -1.7971466
-0.95281249 -4.8892245 -1.797147
-0.35753906 -4.9683623 -1.7971486
-0.11748046 -4.9798307 -1.7971492
0.0026757813 -4.9812164 -1.7971494
0.24291015 -4.9752908 -1.7971503
0.83988279 -4.9099097 -1.7971519
0.95804685 -4.8882236 -1.7971524
1.0757031 -4.8636894 -1.7971526
1.3090625 -4.8061471 -1.7971535
1.6532031 -4.6989055 -1.7971545
1.7660546 -4.6576557 -1.7971548
1.8779101 -4.6136961 -1.7971553
1.9886718 -4.5670543 -1.7971556
2.0982616 -4.5177522 -1.797156
2.7280273 -4.1678343 -1.7971584
2.8277342 -4.1008143 -1.7971586
2.9258592 -4.0314078 -1.7971591
3.0222461 -3.9596529 -1.7971594
3.1169336 -3.885596 -1.7971598
3.6447852 -3.3953447 -1.7971619
3.8808203 -3.1228833 -1.7971632
3.9549999 -3.0283544 -1.7971635
4.0269141 -2.9320662 -1.7971638
4.163672 -2.734422 -1.7971646
4.2906833 -2.5304112 -1.7971652
4.3504882 -2.4261696 -1.7971655
2.5740039 -0.7725659 -0.96959049
2.8192968 -0.7725656 -1.0546651
3.1119921 -0.7725665 -1.1568443
3.257539 -0.72574031 -1.2040818
4.8868165 -0.96560729 -1.7971693
4.9086914 -0.84743434 -1.7971696
4.9276953 -0.72878081 -1.7971698
4.9438477 -0.60968781 -1.79717
4.957129 -0.49024656 -1.7971702
4.9750195 -0.25058013 -1.7971706
4.9812694 -0.010328369 -1.7971711
4.9800782 0.10984313 -1.7971712
4.975996 0.22994995 -1.7971715
4.9690232 0.34992003 -1.7971716
4.9463673 0.58918703 -1.7971721
4.9307032 0.70833677 -1.7971722
4.8907809 0.94533688 -1.7971723
4.8665624 1.063045 -1.7971725
2.8658788 0.77256471 -1.0708768
2.6133008 0.77256531 -0.98317993
4.3605466 2.4081304 -1.7971733
4.1749802 2.7171466 -1.7971733
4.0391016 2.9153545 -1.7971733
3.9675586 3.0119426 -1.7971731
3.89375 3.1067803 -1.7971731
3.8176563 3.1998107 -1.7971731
3.7393553 3.2909727 -1.797173
3.6588867 3.380219 -1.797173
3.5762889 3.4675031 -1.7971728
3.4916015 3.5527642 -1.7971727
3.4048436 3.6359642 -1.7971727
3.2255077 3.7959569 -1.7971723
3.1330273 3.8726635 -1.7971722
3.0387108 3.947113 -1.7971721
2.9425781 4.0192699 -1.7971721
2.844785 4.0890856 -1.7971717
2.7452734 4.1565199 -1.7971716
2.5416014 4.2840977 -1.7971712
2.3320117 4.4016972 -1.797171
1.7853711 4.650332 -1.7971698
1.6726757 4.6920476 -1.7971696
1.5590234 4.7310319 -1.7971693
1.4443945 4.7672629 -1.797169
1.3289844 4.8007178 -1.7971689
0.86023438 4.9064307 -1.7971677
0.38345703 4.9664807 -1.7971663
0.14345703 4.9791961 -1.7971658
-0.21699218 4.9765296 -1.7971649
-0.3369531 4.9698443 -1.7971646
-0.57626951 4.9478073 -1.7971638
-0.69546872 4.9324584 -1.7971635
-0.93257809 4.8931713 -1.7971628
-1.050332 4.8692503 -1.7971624
-1.1675195 4.8424921 -1.7971619
-1.2839843 4.8129196 -1.7971617
-1.3996874 4.7805424 -1.7971612
-1.5146093 4.7453794 -1.7971609
-1.9648242 4.5773535 -1.7971594
-2.2907031 4.4232788 -1.7971584
-2.6144335 4.0400672 -1.7361749
-3.4306641 3.229439 -1.6998717
-3.5195312 3.1564445 -1.7056556
-3.6088672 3.0827887 -1.712417
-3.7042773 3.0127764 -1.7226789
-3.8008788 2.9418766 -1.7340775
-4.3377147 2.4487646 -1.7971494
-4.6875978 1.6848407 -1.7971473
-4.7634177 1.4567816 -1.7971467
-4.7971482 1.3414325 -1.7971464
-4.828125 1.2253217 -1.7971463
-4.9237108 0.75439817 -1.7971452
-4.9404883 0.6354022 -1.7971449
-4.9810548 0.036246948 -1.7971438
-4.9769921 -0.20404479 -1.7971435
-4.9706249 -0.32404298 -1.7971433
-4.961328 -0.44385773 -1.7971432
-4.9491992 -0.56341976 -1.7971431
-4.9341993 -0.68265045 -1.7971429
-4.9162693 -0.80147797 -1.7971427
-4.8718748 -1.0376712 -1.7971425
-4.7492185 -1.5022759 -1.797142
-4.3140821 -2.490154 -1.7971417
-4.1226759 -2.7956023 -1.7971417
-4.0541015 -2.8942423 -1.7971417
-3.9830663 -2.9912012 -1.7971418
-3.9097459 -3.0864184 -1.7971418
-3.8341405 -3.1798415 -1.7971418
-3.7563281 -3.271409 -1.797142
-3.4236326 -3.6181316 -1.7971423
-3.2451172 -3.7790563 -1.7971426
-2.9633398 -4.00383 -1.7971429
-2.7667968 -4.1421037 -1.7971432
-2.6660547 -4.2076449 -1.7971435
-2.2482421 -4.4449601 -1.7971443
-2.1403515 -4.4979029 -1.7971444
-1.9209374 -4.5959067 -1.7971449
-1.8094921 -4.6409125 -1.797145
-1.5835351 -4.7227879 -1.7971456
-1.0037109 -4.879035 -1.7971469
-0.76722652 -4.921771 -1.7971475
-0.52890623 -4.9530516 -1.7971481
-0.4092578 -4.9643693 -1.7971483
-0.16933593 -4.9783363 -1.7971491
0.070976563 -4.9807143 -1.7971498
0.19113281 -4.9775529 -1.7971501
0.31115234 -4.9714947 -1.7971504
0.43097654 -4.9625449 -1.7971507
0.78871089 -4.9183888 -1.7971518
0.90714842 -4.8979368 -1.7971522
1.0250195 -4.8746285 -1.7971525
1.1423242 -4.8484836 -1.7971529
1.2589258 -4.8195167 -1.7971532
1.6041796 -4.7158628 -1.7971543
1.8297656 -4.6330018 -1.7971551
2.0510938 -4.5393553 -1.7971559
2.1600389 -4.4885588 -1.7971562
2.3740039 -4.3791509 -1.7971569
2.4789257 -4.3206091 -1.7971574
2.88375 -4.061655 -1.797159
3.3515234 -3.6851201 -1.7971607
3.4394922 -3.6031961 -1.7971612
3.5253906 -3.5191772 -1.7971616
3.6092772 -3.4331071 -1.7971618
3.6910546 -3.3450396 -1.7971623
3.7706835 -3.2550244 -1.7971625
3.8481054 -3.1631169 -1.797163
3.9232812 -3.0693676 -1.7971634
3.9961913 -2.9738336 -1.7971636
4.2641406 -2.5749578 -1.797165
4.3833399 -2.3662872 -1.7971658
2.9790039 -0.77256531 -1.1103379
3.2575195 -0.76142424 -1.2069465
4.8995895 -0.89849883 -1.7971694
4.9517384 -0.54183471 -1.7971702
4.9633594 -0.42222014 -1.7971704
4.9720898 -0.30236083 -1.7971706
4.9779687 -0.18233033 -1.7971709
4.9809375 0.057988279 -1.7971712
4.9723825 0.29816711 -1.7971716
4.9637108 0.41803405 -1.7971717
4.9204884 0.77588987 -1.7971722
4.3853712 2.3625896 -1.7971733
4.3271289 2.4676948 -1.7971733
4.1373243 2.7741449 -1.7971733
3.9987109 2.9704704 -1.7971731
3.7734179 3.2518609 -1.797173
3.6122069 3.4300804 -1.7971728
3.5283787 3.5162201 -1.7971728
3.1731834 3.8398352 -1.7971723
2.9842772 3.9884148 -1.7971721
2.887207 4.0592451 -1.797172
2.6880469 4.1937757 -1.7971716
2.3777149 4.377172 -1.797171
2.2714062 4.4332581 -1.7971709
2.1638281 4.486763 -1.7971705
2.0549414 4.5376525 -1.7971704
1.9448828 4.5859075 -1.7971702
1.6081835 4.7145414 -1.7971694
1.3789062 4.7866197 -1.7971689
1.1464257 4.8475542 -1.7971684
1.0291406 4.8737979 -1.7971681
0.91128904 4.8972058 -1.7971678
0.55474609 4.9502788 -1.7971668
0.43517578 4.9622192 -1.7971666
0.31533203 4.9712701 -1.7971662
-0.16511719 4.9785204 -1.797165
-0.28517577 4.9730854 -1.7971646
-0.40509763 4.9647546 -1.7971643
-0.52472657 4.9535389 -1.797164
-0.64410156 4.9394336 -1.7971636
-0.76304686 4.9224567 -1.7971632
-0.88158202 4.902616 -1.7971629
-0.99960935 4.8799205 -1.7971625
-1.1170312 4.8543882 -1.7971622
-1.2338085 4.826026 -1.7971618
-1.3498633 4.7948585 -1.7971613
-1.4651562 4.7608976 -1.7971611
-1.5795703 4.7241678 -1.7971607
-1.8055859 4.6424785 -1.79716
-1.9170507 4.5975718 -1.7971596
-2.0273829 4.5499816 -1.7971592
-2.1365623 4.4997473 -1.7971587
-2.2444921 4.4468937 -1.7971585
-2.3477929 4.385272 -1.7946279
-2.5024219 4.1764927 -1.756595
-2.6584766 3.9872437 -1.728978
-2.9805467 3.6515698 -1.7005873
-3.0624804 3.572439 -1.6976583
-3.1440625 3.4934056 -1.6956609
-3.4811523 3.18802 -1.7030411
-3.5702734 3.1146605 -1.7093781
-3.6629295 3.0430577 -1.7180917
-3.8580272 2.9023852 -1.7418234
-4.0705271 2.7652471 -1.7754203
-4.250586 2.5970933 -1.7971499
-4.3120313 2.4937968 -1.7971497
-4.7102537 1.6203918 -1.7971472
-4.8444724 1.1590124 -1.7971461
-4.8710155 1.041787 -1.7971458
-4.8947263 0.92398983 -1.7971455
-4.9609962 0.44804627 -1.7971445
-4.9703512 0.3282373 -1.7971444
-4.9768162 0.20823669 -1.7971442
-4.9803905 0.088114619 -1.7971439
-4.9788475 -0.15220305 -1.7971435
-4.973711 -0.27227417 -1.7971433
-4.965703 -0.39218351 -1.7971432
-4.9548044 -0.51185608 -1.7971431
-4.9409962 -0.6312384 -1.7971429
-4.924336 -0.75025022 -1.7971427
-4.9048438 -0.86882508 -1.7971426
-4.8824415 -0.98688781 -1.7971425
-4.8571873 -1.1043848 -1.7971425
-4.7983007 -1.337377 -1.7971421
-4.7646289 -1.4527465 -1.7971421
-4.7281637 -1.5672643 -1.797142
-4.6890039 -1.6808722 -1.797142
-4.3397655 -2.4450569 -1.7971417
-4.2167773 -2.6515388 -1.7971417
-4.0839648 -2.8518693 -1.7971417
-3.7111132 -3.322608 -1.797142
-3.5465429 -3.4977405 -1.7971421
-3.2842968 -3.7450562 -1.7971425
-3.1929882 -3.823199 -1.7971426
-3.0998242 -3.8991117 -1.7971427
-2.8097656 -4.1130724 -1.7971432
-2.7097657 -4.1796579 -1.7971433
-2.6080859 -4.2438126 -1.7971435
-2.5049999 -4.3054948 -1.7971437
-2.4003906 -4.3646736 -1.7971439
-2.2943945 -4.4213114 -1.7971442
-2.0784764 -4.526834 -1.7971445
-1.9686718 -4.5756598 -1.7971448
-1.8576952 -4.6218157 -1.797145
-1.7456836 -4.6652846 -1.7971452
-1.4037499 -4.779315 -1.797146
-1.1716015 -4.8414636 -1.7971466
-0.69964844 -4.931828 -1.7971476
-0.58046871 -4.9472723 -1.797148
-0.10107422 -4.9801903 -1.7971493
0.01908203 -4.9811788 -1.7971497
0.13927734 -4.9792728 -1.7971499
0.25935546 -4.9744639 -1.7971503
0.37929687 -4.9667635 -1.7971505
0.61839843 -4.9426904 -1.7971513
0.73744136 -4.9263334 -1.7971516
1.0917578 -4.8601141 -1.7971526
1.2087109 -4.8323622 -1.7971531
1.5549804 -4.7323098 -1.7971542
1.7814453 -4.6518016 -1.7971549
1.8931249 -4.6074739 -1.7971553
2.1131639 -4.510808 -1.797156
2.2213476 -4.458519 -1.7971565
2.3282616 -4.4036345 -1.7971568
2.4338086 -4.3461876 -1.7971573
2.5379882 -4.2862158 -1.7971575
2.640625 -4.2237401 -1.797158
2.7417383 -4.1588106 -1.7971584
2.8412695 -4.0914631 -1.7971587
2.9391406 -4.0217314 -1.7971591
3.1297069 -3.8752882 -1.7971598
3.2223046 -3.798661 -1.7971603
3.4017773 -3.6388202 -1.7971611
3.4885547 -3.5556972 -1.7971613
3.8911133 -3.1100576 -1.7971632
4.1726365 -2.7206664 -1.7971646
4.2990427 -2.5162399 -1.7971652
2.85625 -0.7725665 -1.0675274
3.1565039 -0.7725659 -1.1724362
4.8899608 -0.94947356 -1.7971693
4.9114451 -0.83123136 -1.7971696
4.9458399 -0.59336698 -1.79717
4.9586911 -0.47388488 -1.7971704
4.9812694 0.006112671 -1.7971711
4.9796872 0.12627685 -1.7971712
4.9751954 0.24636963 -1.7971716
4.9678321 0.36631957 -1.7971717
4.9094138 0.84328675 -1.7971723
3.2575195 0.72284788 -1.2038558
2.8286912 0.77256531 -1.0579309
2.5819335 0.77256405 -0.97233063
4.2306638 2.6296179 -1.7971733
4.165957 2.7309117 -1.7971733
3.8834765 3.1196125 -1.7971731
3.8070898 3.2123907 -1.7971731
3.6477344 3.3922741 -1.797173
3.5648046 3.4792857 -1.7971728
3.4798436 3.5642669 -1.7971727
3.3928516 3.6471789 -1.7971727
3.2129881 3.8065825 -1.7971723
2.6302538 4.2302408 -1.7971715
2.5274217 4.2924633 -1.7971712
2.4231446 4.3521791 -1.7971711
2.3174415 4.409368 -1.7971709
2.1020899 4.5160117 -1.7971705
1.992539 4.5654063 -1.7971702
1.6571679 4.6975427 -1.7971696
1.5433594 4.7361541 -1.7971693
1.4286914 4.7720051 -1.797169
1.3131055 4.8050823 -1.7971687
1.0798242 4.8628149 -1.7971683
0.72537106 4.9281721 -1.7971673
0.60624999 4.9442339 -1.7971671
0.48681641 4.9574189 -1.7971667
-0.11328125 4.9799671 -1.7971652
-0.35335937 4.9687042 -1.7971644
-0.59259766 4.945879 -1.7971638
-0.71173829 4.9301376 -1.7971634
-0.83044922 4.9115324 -1.797163
-0.94871092 4.8900657 -1.7971628
-1.2998828 4.8086553 -1.7971617
-1.6441991 4.7020621 -1.7971605
-1.8690624 4.61728 -1.7971597
-2.0895703 4.5217485 -1.797159
-2.1980858 4.4700212 -1.7971586
-2.3052733 4.4156947 -1.7971581
-2.625 4.0273008 -1.7344011
-2.7832031 3.8503466 -1.714075
-2.8641601 3.7674401 -1.7074383
-3.2734571 3.3714354 -1.695395
-3.5317383 3.1464086 -1.7065229
-3.6217577 3.0731676 -1.7137042
-3.7174413 3.0031395 -1.7241743
-3.9174023 2.8638055 -1.7507435
-4.1361718 2.7277038 -1.7875624
-4.7320509 1.5556561 -1.797147
-4.7681642 1.4410571 -1.7971467
-4.8599219 1.0924603 -1.797146
-4.8848634 0.97490293 -1.7971456
-4.9560351 0.49968749 -1.7971448
-4.96666 0.37997437 -1.7971444
-4.9743943 0.2600531 -1.7971443
-4.9792185 0.13997436 -1.7971442
-4.9762888 -0.22046386 -1.7971435
-4.9598436 -0.46022919 -1.7971432
-4.9319139 -0.69892669 -1.7971429
-4.8684568 -1.0537444 -1.7971425
-4.7794724 -1.4030517 -1.7971421
-4.7442384 -1.5179403 -1.797142
-4.7062693 -1.6319479 -1.797142
-4.3058395 -2.5043774 -1.7971417
-4.2441602 -2.6075158 -1.7971417
-4.0444727 -2.9076071 -1.7971417
-3.9731445 -3.0043304 -1.7971418
-3.8995116 -3.0992978 -1.7971418
-3.8236523 -3.1924694 -1.7971418
-3.6652343 -3.3731792 -1.797142
-3.4982421 -3.5460401 -1.7971423
-3.3231053 -3.7106493 -1.7971425
-3.0460937 -3.9412503 -1.7971429
-2.9501562 -4.013586 -1.7971431
-2.7531054 -4.1512113 -1.7971433
-2.6521873 -4.2164183 -1.7971435
-2.4456835 -4.3394408 -1.7971438
-2.0161912 -4.5549088 -1.7971448
-1.9057422 -4.602221 -1.7971449
-0.98759764 -4.8823209 -1.797147
-0.86951172 -4.9047251 -1.7971473
-0.75093746 -4.9242735 -1.7971475
-0.63195312 -4.940958 -1.7971478
-0.27296874 -4.9737306 -1.7971488
0.32753906 -4.9704423 -1.7971504
0.44734374 -4.9610953 -1.7971509
0.56689453 -4.9488611 -1.7971511
0.80490232 -4.9157581 -1.7971519
0.92328125 -4.8949146 -1.7971522
1.0410937 -4.8712196 -1.7971525
1.1583008 -4.8446865 -1.797153
1.2748437 -4.8153372 -1.7971532
1.390625 -4.7831812 -1.7971536
1.5055859 -4.7482424 -1.7971541
1.6197461 -4.7105451 -1.7971543
1.7329102 -4.6701007 -1.7971548
1.9561523 -4.5810847 -1.7971556
2.5965037 -4.2510047 -1.7971579
2.6982813 -4.1871324 -1.7971581
2.7985156 -4.1208205 -1.7971586
3.1825781 -3.8320024 -1.7971601
3.3636718 -3.6740551 -1.7971609
3.5369921 -3.5075395 -1.7971616
3.7020507 -3.3328581 -1.7971623
3.7813475 -3.2425787 -1.7971628
3.8585155 -3.150418 -1.797163
4.0059571 -2.9606459 -1.7971638
4.0762305 -2.8631494 -1.7971641
4.3331447 -2.4570634 -1.7971655
4.3911328 -2.3518174 -1.7971658
2.7426171 -0.7725662 -1.0280037
3.0199609 -0.77256501 -1.1246446
4.8798046 -1.0003455 -1.7971693
4.9025192 -0.88233489 -1.7971694
4.9223828 -0.7638095 -1.7971698
4.9393945 -0.64484102 -1.79717
4.9730663 -0.28596556 -1.7971706
4.9785156 -0.16591248 -1.7971709
4.9713864 0.3145642 -1.7971716
4.9623437 0.43440124 -1.7971717
4.9504099 0.553985 -1.797172
4.935586 0.67324525 -1.7971721
4.8973436 0.91052306 -1.7971723
4.8740039 1.0283984 -1.7971725
2.6833594 0.77256471 -1.0074478
4.3775783 2.3770478 -1.7971733
4.318965 2.4819598 -1.7971733
4.1941795 2.6873882 -1.7971733
4.1281443 2.787782 -1.7971733
4.0597072 2.8865569 -1.7971733
3.9889061 2.9836497 -1.7971731
3.9157422 3.07901 -1.7971731
3.6008399 3.4419818 -1.7971728
3.5167773 3.5278461 -1.7971728
3.1604493 3.8502843 -1.7971723
3.0666797 3.9254045 -1.7971722
2.6741796 4.2026248 -1.7971716
2.4683397 4.3267169 -1.7971711
2.0399804 4.544415 -1.7971704
1.8184179 4.6375189 -1.7971699
1.7060156 4.6800323 -1.7971696
1.2471484 4.8226295 -1.7971685
1.0130664 4.8771658 -1.7971681
0.77666014 4.9203501 -1.7971674
0.65775388 4.9376535 -1.7971672
0.41878906 4.9636273 -1.7971666
0.29890624 4.9722853 -1.7971662
0.17892578 4.9780459 -1.797166
0.05875 4.9809122 -1.7971656
-0.1815625 4.9779487 -1.7971649
-0.42144531 4.9633904 -1.7971643
-1.338457 4.4536462 -1.7971609
-1.5517383 4.383903 -1.7971603
-1.6570116 4.3451905 -1.7971598
-1.7613672 4.303956 -1.7971596
-2.0680077 4.1653099 -1.7971585
-2.2665234 4.060708 -1.7971578
-2.3638086 4.0048509 -1.7971574
-2.4597266 3.9466608 -1.797157
-2.5541992 3.8861699 -1.7971567
-2.7386718 3.7584527 -1.797156
-2.9167578 3.6219761 -1.7971553
-3.0880663 3.4770727 -1.7971545
-3.1710351 3.4015636 -1.7971542
-3.2521679 3.3240776 -1.7971539
-3.3314257 3.2446513 -1.7971536
-3.408711 3.1633379 -1.7971531
-3.829375 2.6385357 -1.7971511
-4.4566016 1.328352 -1.7971473
-4.4873829 1.2204602 -1.7971472
-4.5638866 0.89276242 -1.7971464
-4.6016016 0.67159176 -1.797146
-4.6286521 0.44885132 -1.7971455
-4.6381249 0.33706665 -1.7971454
-4.6449218 0.22508423 -1.797145
-4.649004 0.11295959 -1.7971449
-4.6503711 0.00077087403 -1.7971448
-4.6490235 -0.11141266 -1.7971445
-4.645 -0.22352935 -1.7971444
-4.6382422 -0.33552 -1.7971443
-4.6287889 -0.44731992 -1.7971442
-4.6166406 -0.55885559 -1.7971439
-4.5158591 -1.1103567 -1.7971433
-4.3878512 -1.5403067 -1.7971431
-4.0665431 -2.2559214 -1.7971427
-4.0109177 -2.3533666 -1.7971427
-3.5582812 -2.9940491 -1.7971429
-3.4097459 -3.1621935 -1.7971431
-3.3325 -3.2435319 -1.7971432
-3.2532616 -3.3229816 -1.7971432
-3.1721485 -3.400492 -1.7971433
-2.6484571 -3.8225238 -1.7971442
-2.5554688 -3.8853033 -1.7971443
-2.365078 -4.0040421 -1.7971445
-2.1691992 -4.1134601 -1.7971449
-1.658457 -4.3446097 -1.797146
-1.4469531 -4.4195476 -1.7971464
-1.2321093 -4.4842014 -1.7971469
-1.1235937 -4.51262 -1.7971472
-0.68355465 -4.5998907 -1.7971482
-0.012871093 -4.6503901 -1.7971501
0.43529296 -4.6299968 -1.7971513
0.65810543 -4.6036167 -1.7971519
0.76900387 -4.5864015 -1.7971522
0.98933589 -4.5439758 -1.797153
1.4224805 -4.4275155 -1.7971543
1.5289062 -4.3919139 -1.7971547
1.7389648 -4.3130579 -1.7971554
1.8425 -4.2698541 -1.7971557
2.1464648 -4.1254373 -1.7971568
2.3429687 -4.017107 -1.7971575
2.5339844 -3.8994241 -1.7971581
2.6273437 -3.837163 -1.7971586
2.8093359 -3.7059753 -1.7971592
2.8979492 -3.6371257 -1.7971597
2.9848242 -3.5661583 -1.79716
3.2349024 -3.3409784 -1.7971611
3.4680469 -3.0983031 -1.7971619
3.5417578 -3.0137389 -1.7971624
3.9979296 -2.3755682 -1.7971647
4.0541015 -2.278435 -1.797165
2.5434961 -0.77256531 -1.0272794
3.0686717 -0.7725656 -1.2228943
4.5592771 -0.91651154 -1.7971685
4.6136327 -0.58442074 -1.7971692
4.6364255 -0.36120939 -1.7971696
4.6484571 -0.13716155 -1.79717
4.6504297 -0.024984742 -1.7971702
4.6196289 0.53481871 -1.797171
4.5884571 0.7570166 -1.7971712
3.2575195 0.78299129 -1.294727
2.9039648 0.77256531 -1.1612753
2.645371 0.77256471 -1.065012
4.0783591 2.2347534 -1.7971722
3.9657812 2.4288666 -1.7971722
3.8440428 2.617321 -1.7971722
3.7797852 2.7092888 -1.7971722
3.7133007 2.7996807 -1.7971722
3.644707 2.8884454 -1.7971721
3.5011132 3.0608814 -1.7971721
3.4262695 3.1444495 -1.797172
3.1899219 3.3839843 -1.7971716
3.1073632 3.4599524 -1.7971716
3.0229883 3.5339067 -1.7971715
2.9368553 3.6058025 -1.7971712
2.6683788 3.8087347 -1.7971709
2.5757811 3.8719969 -1.7971706
2.481621 3.9330096 -1.7971705
2.3859961 3.9917309 -1.7971704
2.2890038 4.0481272 -1.7971702
2.0910938 4.1538191 -1.7971699
1.2554883 4.4777741 -1.7971681
1.0380468 4.5331187 -1.7971677
0.81822264 4.5779109 -1.7971671
0.59644532 4.612042 -1.7971666
0.48501953 4.6250882 -1.7971662
0.26136717 4.6430964 -1.7971656
-0.18722656 4.6466727 -1.7971644
-0.29925781 4.6408005 -1.7971641
-0.41115233 4.6322289 -1.7971638
-0.52277344 4.6209641 -1.7971635
-0.63408202 4.6070037 -1.797163
-0.7450195 4.5903668 -1.7971628
-0.9655664 4.5490861 -1.7971622
-1.0750195 4.5244641 -1.7971618
-1.2920312 4.4673467 -1.7971611
-1.7164453 4.322063 -1.7971597
-1.9229101 4.2342396 -1.797159
-2.024492 4.1866193 -1.7971586
-2.2241015 4.084094 -1.7971579
-2.6072655 3.8507824 -1.7971565
-2.9661717 3.5816381 -1.7971551
-3.1354492 3.4344018 -1.7971543
-3.2174022 3.3577592 -1.7971541
-3.2974608 3.2791662 -1.7971537
-3.8652344 2.5857768 -1.797151
-3.9854295 2.3963311 -1.7971504
-4.0421095 2.2994885 -1.7971501
-4.3710742 1.5873748 -1.7971481
-4.4743943 1.2671112 -1.7971472
-4.5036912 1.1588172 -1.797147
-4.5303125 1.0498297 -1.7971467
-4.5756836 0.83009213 -1.7971463
-4.5943942 0.7194702 -1.7971461
-4.6237497 0.49702513 -1.7971456
-4.6343946 0.38533995 -1.7971454
-4.6423631 0.27342346 -1.7971452
-4.6475782 0.16136231 -1.797145
-4.6501169 0.0492041 -1.7971449
-4.6470704 -0.17515625 -1.7971444
-4.6414843 -0.28720304 -1.7971443
-4.6331835 -0.39909422 -1.7971442
-4.5515037 -0.95374691 -1.7971435
-4.5271678 -1.0632735 -1.7971433
-4.500195 -1.1721771 -1.7971432
-3.9783008 -2.4081445 -1.7971427
-3.9190233 -2.5034146 -1.7971427
-3.8574803 -2.5972271 -1.7971427
-3.4424803 -3.1265185 -1.7971431
-3.2876756 -3.2889211 -1.7971432
-3.1251953 -3.4436746 -1.7971433
-2.8680077 -3.6606598 -1.7971438
-2.7788866 -3.7287838 -1.7971439
-2.5019336 -3.9199803 -1.7971444
-2.0120313 -4.1925783 -1.7971452
-1.8074609 -4.2847495 -1.7971456
-1.7035937 -4.3271036 -1.797146
-1.5987304 -4.3669419 -1.7971461
-1.4928906 -4.4042401 -1.7971464
-1.3862109 -4.4389787 -1.7971466
-1.1705078 -4.5006742 -1.797147
-0.84197265 -4.5735412 -1.797148
-0.73138672 -4.5925236 -1.7971481
-0.62042969 -4.6088305 -1.7971483
-0.50902343 -4.622458 -1.7971487
-0.39736328 -4.6333928 -1.7971491
0.1630664 -4.6475477 -1.7971505
0.27513671 -4.6422644 -1.7971509
0.3870703 -4.6342769 -1.7971511
0.49875 -4.6235919 -1.7971514
0.61015624 -4.6102166 -1.7971518
0.94193357 -4.5540314 -1.7971529
1.0515234 -4.5299845 -1.7971531
1.1604687 -4.5032988 -1.7971535
1.5889844 -4.3705344 -1.7971548
1.9008983 -4.2441845 -1.7971559
2.2028711 -4.0956154 -1.7971569
2.493242 -3.9256005 -1.797158
2.8599217 -3.6671057 -1.7971596
3.033457 -3.5248942 -1.7971601
3.1999218 -3.3744807 -1.7971609
3.435586 -3.1342456 -1.7971618
3.5101953 -3.0504546 -1.7971623
3.6532421 -2.8775976 -1.7971629
3.721621 -2.7886336 -1.7971632
3.7878125 -2.698045 -1.7971635
3.8517578 -2.6058874 -1.7971638
4.030117 -2.3205237 -1.7971649
2.6748633 -0.7725665 -1.0759563
2.9390624 -0.7725659 -1.1743879
3.2575195 -0.7727676 -1.2938081
4.5494723 -0.96393919 -1.7971684
4.5713673 -0.85389495 -1.7971687
4.621172 -0.52110195 -1.7971693
4.6409764 -0.29760313 -1.7971698
4.6499023 -0.073406979 -1.79717
4.6480079 0.15096068 -1.7971705
4.6249609 0.48668578 -1.797171
4.611836 0.59811765 -1.7971711
4.5960741 0.709198 -1.7971712
3.0306444 0.77256531 -1.2086498
2.7515428 0.77256531 -1.104453
3.9908788 2.3874395 -1.7971722
3.9321485 2.4830163 -1.7971722
3.8710938 2.577152 -1.7971722
3.8077929 2.6697869 -1.7971722
3.6047461 2.9381495 -1.7971721
3.458828 3.1085992 -1.797172
3.3828321 3.1911364 -1.797172
3.2250195 3.350584 -1.7971717
3.143203 3.4274077 -1.7971716
3.0596094 3.5022388 -1.7971715
2.9742773 3.5750268 -1.7971712
2.7079296 3.7807438 -1.797171
2.5224609 3.9069536 -1.7971706
2.4274023 3.9666698 -1.7971705
1.9324414 4.2299476 -1.7971696
1.8298438 4.2753339 -1.7971693
1.726211 4.3182316 -1.7971692
1.6215038 4.3586154 -1.7971689
1.5158594 4.3964648 -1.7971687
0.97583979 4.546927 -1.7971674
0.86583984 4.5691428 -1.7971672
0.75535154 4.5887003 -1.7971668
0.085527346 4.6496601 -1.7971652
-0.026660156 4.6503673 -1.7971649
-0.13884765 4.6483717 -1.7971646
-0.25095701 4.6436663 -1.7971643
-0.47460938 4.6261578 -1.7971635
-0.58609372 4.6133599 -1.7971632
-0.69716793 4.597877 -1.7971629
-0.91816401 4.5588946 -1.7971623
-1.0278516 4.5354161 -1.7971619
-1.2454296 4.4805565 -1.7971612
-1.3531641 4.4492068 -1.7971609
-1.7755663 4.2981176 -1.7971596
-1.87875 4.2540345 -1.7971591
-1.9807812 4.2074723 -1.7971587
-2.3769922 3.99703 -1.7971574
-2.6598241 3.8146679 -1.7971563
-2.7510545 3.7493885 -1.7971559
-2.840703 3.681931 -1.7971556
-2.9287305 3.6123314 -1.7971553
-3.0995116 3.4668634 -1.7971545
-3.1822655 3.391084 -1.7971542
-3.3421092 3.2336454 -1.7971535
-3.4191406 3.1520739 -1.7971531
-3.5671873 2.9834857 -1.7971525
-3.900332 2.5325298 -1.7971509
-3.9602537 2.4376996 -1.7971505
-4.0179296 2.3414533 -1.7971503
-4.0732422 2.2438433 -1.7971499
-4.491406 1.205647 -1.797147
-4.5191603 1.0969464 -1.7971469
-4.5443163 0.98760742 -1.7971466
-4.61832 0.54514587 -1.7971456
-4.650332 -0.014569092 -1.7971448
-4.6486325 -0.126752 -1.7971445
-4.627285 -0.46259275 -1.7971442
-4.6147852 -0.57408327 -1.7971439
-4.5996094 -0.68524384 -1.7971438
-4.5380273 -1.0160775 -1.7971433
-4.5121484 -1.1252526 -1.7971433
-4.4837108 -1.2337805 -1.7971432
-4.4526563 -1.3415927 -1.7971431
-4.4189844 -1.4486071 -1.7971431
-4.059082 -2.2693276 -1.7971427
-4.0031443 -2.3665886 -1.7971427
-3.8843553 -2.5569186 -1.7971427
-3.8214843 -2.6498809 -1.7971427
-3.6199024 -2.9192979 -1.7971429
-3.5484374 -3.0057769 -1.7971429
-3.3992968 -3.1734307 -1.7971431
-3.242285 -3.3336966 -1.7971432
-3.1608789 -3.4109433 -1.7971433
-2.9927537 -3.5594397 -1.7971435
-2.7274609 -3.7665417 -1.7971439
-2.5426171 -3.8937128 -1.7971443
-2.4479687 -3.9539185 -1.7971444
-2.155664 -4.120595 -1.797145
-1.8519921 -4.2656956 -1.7971456
-1.7485741 -4.3091297 -1.7971458
-1.5386914 -4.3884563 -1.7971463
-1.3252343 -4.4575682 -1.7971467
-0.77919918 -4.5846567 -1.7971481
-0.66833985 -4.6021228 -1.7971482
-0.44564453 -4.629003 -1.7971488
-0.22181641 -4.6451135 -1.7971494
-0.10966796 -4.6491146 -1.7971498
0.0025195312 -4.6504097 -1.7971501
0.11468749 -4.6489964 -1.7971504
0.22679687 -4.6448779 -1.7971507
0.33876953 -4.6380563 -1.797151
0.784082 -4.583837 -1.7971524
1.2221289 -4.4869647 -1.7971537
1.5433984 -4.3868437 -1.7971547
1.648789 -4.3483348 -1.7971551
1.7532226 -4.3072944 -1.7971554
1.856621 -4.2637501 -1.7971557
1.9589257 -4.2177262 -1.7971562
2.1600976 -4.1183324 -1.7971568
2.2587695 -4.0650263 -1.7971573
2.4522264 -3.9513495 -1.7971579
2.8215625 -3.6966887 -1.7971594
2.9965625 -3.5562918 -1.79716
3.4027538 -3.1698542 -1.7971617
3.4782226 -3.0868433 -1.7971622
3.5516796 -3.0020375 -1.7971624
3.6230664 -2.9154866 -1.7971628
3.6923633 -2.8272388 -1.797163
3.7594922 -2.7373421 -1.7971634
3.8244531 -2.6458528 -1.7971638
3.8871484 -2.5528255 -1.7971641
4.0057421 -2.3623629 -1.7971647
4.0616016 -2.265043 -1.797165
3.1119921 -0.7725665 -1.2391362
4.5622458 -0.90147001 -1.7971685
4.5826755 -0.79115874 -1.7971689
4.6004491 -0.68037629 -1.797169
4.6488867 -0.12182587 -1.79717
4.6504884 -0.0096417237 -1.7971702
4.6493359 0.10254943 -1.7971704
4.6390038 0.32668394 -1.7971706
4.6178513 0.55005616 -1.797171
4.5859571 0.77215028 -1.7971712
4.5659766 0.88255614 -1.7971715
4.5433788 0.9924469 -1.7971716
2.8658788 0.77256471 -1.1470546
4.0709376 2.2482007 -1.7971722
3.9578123 2.4419317 -1.7971722
3.8977344 2.5366967 -1.7971722
3.7708397 2.7217412 -1.7971722
3.564121 2.987304 -1.7971721
3.491035 3.0724127 -1.797172
3.338789 3.2372174 -1.7971717
3.0959375 3.470186 -1.7971716
3.0113475 3.5438573 -1.7971715
2.9249413 3.615473 -1.7971712
2.7471874 3.7523417 -1.797171
2.5629883 3.8804772 -1.7971706
2.1771288 4.1093755 -1.79717
1.7710546 4.3000226 -1.7971692
1.6667968 4.341496 -1.797169
1.561582 4.3804417 -1.7971687
1.2407227 4.4818964 -1.7971681
0.91337889 4.5598803 -1.7971673
0.80310547 4.580585 -1.7971671
0.4697656 4.6266627 -1.7971661
-0.31455079 4.6397867 -1.797164
-0.42642578 4.6308494 -1.7971636
-0.5380078 4.6192107 -1.7971634
-0.76019531 4.587883 -1.7971628
-0.87064451 4.5682092 -1.7971624
-0.98058593 4.5458732 -1.7971622
-1.0899414 4.5208955 -1.7971617
-1.3067383 4.4630585 -1.7971611
-1.6260937 4.3568687 -1.79716
-1.8343359 4.2733655 -1.7971592
-1.9368554 4.2278709 -1.797159
-2.0383399 4.179914 -1.7971586
-2.2375586 4.0767303 -1.7971579
-2.3352344 4.0215673 -1.7971575
-2.431582 3.964057 -1.797157
-2.6199608 3.8421581 -1.7971565
-2.8022265 3.711314 -1.7971557
-2.8909373 3.6426342 -1.7971554
-3.0632422 3.4989488 -1.7971547
-3.228457 3.3471215 -1.7971541
-3.3082616 3.2682691 -1.7971536
-3.3861327 3.1875091 -1.7971532
-3.6077733 2.9342937 -1.7971522
-3.8105273 2.6657121 -1.7971513
-3.8737109 2.5730083 -1.797151
-3.9346678 2.4788127 -1.7971507
-4.0496678 2.2861407 -1.7971501
-4.4129491 1.4669104 -1.7971478
-4.4785743 1.2523499 -1.7971472
-4.5337696 1.0348718 -1.7971467
-4.6123829 0.59320372 -1.7971458
-4.6432223 0.25811338 -1.7971452
-4.6480861 0.1460205 -1.797145
-4.6464648 -0.19048461 -1.7971444
-4.6405077 -0.30251983 -1.7971443
-4.6318946 -0.4143756 -1.7971442
-4.5897655 -0.74825191 -1.7971437
-4.5236521 -1.0782009 -1.7971433
-4.3987303 -1.5090692 -1.7971431
-4.0824609 -2.2269378 -1.7971427
-3.910742 -2.5163357 -1.7971427
-3.8489063 -2.6099427 -1.7971427
-3.5795116 -2.9686651 -1.7971429
-3.19625 -3.3778479 -1.7971433
-2.8559179 -3.6701033 -1.7971438
-2.7665625 -3.737932 -1.7971439
-2.5830469 -3.8670232 -1.7971443
-2.1984179 -4.0979242 -1.7971449
-1.9982226 -4.1991949 -1.7971454
-1.6892968 -4.3327036 -1.797146
-1.371582 -4.4435263 -1.7971466
-1.0466796 -4.5310822 -1.7971473
-0.93705076 -4.555017 -1.7971476
-0.82691407 -4.5762949 -1.797148
-0.71625 -4.5949121 -1.7971482
-0.60521483 -4.6108522 -1.7971483
-0.49378905 -4.6241117 -1.7971487
-0.15808593 -4.6477203 -1.7971497
-0.045917969 -4.6501827 -1.7971499
0.066269532 -4.6499381 -1.7971503
0.40234375 -4.6329746 -1.7971511
0.51398438 -4.6219225 -1.7971514
0.625332 -4.6081791 -1.7971519
0.84687495 -4.5726557 -1.7971525
1.1753515 -4.4994488 -1.7971536
1.3910156 -4.4375248 -1.7971542
1.6034179 -4.3652682 -1.7971549
1.7082422 -4.3253188 -1.7971553
1.9148632 -4.2378907 -1.797156
2.016582 -4.1904678 -1.7971563
2.1170702 -4.1406016 -1.7971567
2.3143358 -4.0336704 -1.7971574
2.4109375 -3.9766674 -1.7971578
2.5061717 -3.9173508 -1.7971581
2.5999608 -3.8557522 -1.7971585
2.8719726 -3.6576478 -1.7971596
3.3695703 -3.2051091 -1.7971617
3.5202539 -3.0388556 -1.7971623
3.6627538 -2.865526 -1.7971629
4.0377536 -2.3072162 -1.7971649
4.0922461 -2.2091382 -1.7971652
2.7083592 -0.7725662 -1.0883954
3.2575195 -0.76142484 -1.2928035
4.5931249 -0.72823942 -1.7971689
4.6093163 -0.61722225 -1.7971692
4.6228709 -0.5058499 -1.7971693
4.6337304 -0.39418212 -1.7971696
4.650156 0.054134522 -1.7971704
4.6098828 0.61333311 -1.7971711
4.5937109 0.72436154 -1.7971712
4.5534372 0.94507933 -1.7971715
2.9893944 0.77256531 -1.1932139
2.7170703 0.77256531 -1.0916325
4.0941405 2.2056854 -1.7971722
4.0397458 2.3038092 -1.7971722
3.9829881 2.4005938 -1.7971722
3.9239061 2.4959784 -1.7971722
3.7989647 2.6823316 -1.7971722
3.6651561 2.8624463 -1.7971721
3.5228319 3.0358996 -1.7971721
3.3722851 3.2022827 -1.797172
3.2940624 3.2827008 -1.7971717
3.1319139 3.437763 -1.7971716
2.7860742 3.7235358 -1.7971711
2.6032617 3.8535802 -1.7971709
2.5095117 3.915257 -1.7971706
1.7119141 4.323905 -1.7971692
1.6071289 4.3639417 -1.7971689
1.5014062 4.4014401 -1.7971687
1.3947461 4.4363785 -1.7971684
1.2873242 4.4687343 -1.7971681
1.0702929 4.5256219 -1.7971677
0.96080077 4.5501227 -1.7971673
0.6292578 4.6076841 -1.7971666
0.51789063 4.6215243 -1.7971662
0.40626952 4.6326714 -1.797166
0.294375 4.6411204 -1.7971656
0.18232422 4.646873 -1.7971654
0.070156246 4.6499176 -1.797165
-0.15416016 4.6478877 -1.7971644
-0.71240234 4.5955501 -1.7971629
-0.93318355 4.5558362 -1.7971622
-1.2601953 4.4764228 -1.7971612
-1.3678319 4.4447169 -1.7971609
-1.4746875 4.4104247 -1.7971605
-1.5806054 4.37357 -1.7971601
-1.6856641 4.3341656 -1.7971598
-1.8927538 4.2478113 -1.7971591
-1.9946874 4.2009172 -1.7971587
-2.2932227 4.0456629 -1.7971578
-2.4856834 3.9303424 -1.7971569
-2.5797851 3.8692284 -1.7971567
-2.8528514 3.6725402 -1.7971556
-2.9405859 3.6026487 -1.7971551
-3.0266407 3.5306592 -1.7971548
-3.1934569 3.3805614 -1.7971542
-3.2740624 3.3025389 -1.7971537
-3.3527734 3.2225957 -1.7971535
-3.4295506 3.140775 -1.7971531
-3.5770116 2.9716961 -1.7971524
-3.9086523 2.5196435 -1.7971509
-3.9683006 2.4246173 -1.7971505
-4.0806251 2.2303886 -1.7971499
-4.4326563 1.4062616 -1.7971476
-4.4652734 1.2989178 -1.7971473
-4.5891404 0.75213557 -1.7971461
-4.6200976 0.52990294 -1.7971456
-4.640254 0.30645019 -1.7971452
-4.6434178 -0.25418669 -1.7971443
-4.625742 -0.47786072 -1.7971439
-4.5582032 -0.92134732 -1.7971435
-4.4796095 -1.248569 -1.7971432
-4.4141798 -1.4631917 -1.7971431
-4.0515623 -2.2827048 -1.7971427
-3.9367383 -2.4754746 -1.7971427
-3.8758788 -2.5697186 -1.7971427
-3.8127539 -2.6624725 -1.7971427
-3.5384765 -3.0174668 -1.7971429
-3.4646873 -3.1019499 -1.7971431
-3.3109961 -3.2654541 -1.7971432
-3.0661914 -3.4963434 -1.7971435
-2.9809375 -3.5692949 -1.7971437
-2.8939843 -3.6401696 -1.7971437
-2.7150195 -3.7755218 -1.7971439
-2.6231639 -3.83992 -1.7971442
-2.5297852 -3.9020836 -1.7971443
-2.3386328 -4.0195622 -1.7971445
-2.0418358 -4.1781602 -1.7971452
-1.6297656 -4.3554587 -1.7971461
-1.5241797 -4.3935094 -1.7971463
-1.4177734 -4.4289994 -1.7971466
-1.2025195 -4.4922342 -1.797147
-1.0937696 -4.5199389 -1.7971473
-0.98441404 -4.5450106 -1.7971475
-0.87447262 -4.5674367 -1.7971478
-0.65316403 -4.6043029 -1.7971483
-0.54191405 -4.6187186 -1.7971486
-0.43029296 -4.6304526 -1.7971488
-0.094355464 -4.6494517 -1.7971498
0.017871093 -4.6503739 -1.7971501
0.24214843 -4.6441059 -1.7971507
0.35410157 -4.6369147 -1.797151
0.46583983 -4.6270237 -1.7971513
0.57736325 -4.6144404 -1.7971518
0.68847656 -4.5991731 -1.797152
0.90953124 -4.5606136 -1.7971526
1.0192578 -4.5373464 -1.797153
1.344707 -4.4517655 -1.7971541
1.972832 -4.2112412 -1.7971562
2.073828 -4.162425 -1.7971565
2.2721679 -4.0575514 -1.7971573
2.4652343 -3.9432366 -1.797158
2.6526172 -3.8197429 -1.7971586
3.0083008 -3.5463841 -1.79716
3.0930078 -3.4727829 -1.7971605
3.4131835 -3.1586077 -1.7971618
3.4883983 -3.0753484 -1.7971622
3.6327147 -2.9035149 -1.7971628
3.7016602 -2.8150368 -1.7971632
3.8955467 -2.5399816 -1.7971641
3.9556835 -2.4452682 -1.7971644
2.85625 -0.77256531 -1.1434666
3.1565039 -0.7725665 -1.255838
4.5852733 -0.7760312 -1.7971689
4.6026564 -0.66519135 -1.797169
4.617363 -0.5539636 -1.7971693
4.629375 -0.44241026 -1.7971694
4.6492968 -0.10648773 -1.79717
4.6447849 0.23000793 -1.7971705
4.6159763 0.56529295 -1.797171
4.5630469 0.89761841 -1.7971715
3.2575195 0.72284728 -1.2894925
2.8286912 0.77256531 -1.1331875
2.5819335 0.77256405 -1.0414982
4.0635352 2.2616136 -1.7971722
4.0077734 2.3589854 -1.7971722
3.949707 2.4549811 -1.7971722
3.694746 2.8241246 -1.7971722
3.6256053 2.9124315 -1.7971721
3.5542772 2.9990485 -1.7971721
3.4054883 3.1669903 -1.797172
2.9996092 3.5537798 -1.7971715
2.824707 3.6943195 -1.7971711
2.6432421 3.8262646 -1.7971709
2.5501366 3.8889129 -1.7971706
2.4555664 3.9493005 -1.7971705
2.2622657 4.0631433 -1.7971702
2.0636523 4.1675286 -1.7971698
1.7568359 4.3058448 -1.7971692
1.6524609 4.3469725 -1.797169
1.5471289 4.385572 -1.7971687
1.4408593 4.4216156 -1.7971685
1.0081054 4.5398707 -1.7971674
0.89832032 4.5628672 -1.7971672
0.6771875 4.6008825 -1.7971667
0.56599611 4.6158795 -1.7971663
0.4545117 4.6281891 -1.7971661
0.11861328 4.6489329 -1.7971652
0.0063867187 4.6504436 -1.7971649
-0.10576171 4.64924 -1.7971646
-0.44171873 4.6294169 -1.7971636
-0.66445309 4.6027198 -1.797163
-0.88570309 4.5653105 -1.7971623
-0.99554688 4.542613 -1.7971619
-1.1048633 4.5172734 -1.7971617
-1.3214648 4.4587207 -1.7971609
-1.4286523 4.4255447 -1.7971606
-1.5349804 4.3897886 -1.7971603
-1.6404296 4.3514814 -1.79716
-1.8484179 4.2672901 -1.7971592
-2.0520897 4.1731663 -1.7971585
-2.152168 4.1224437 -1.7971581
-2.7243359 3.7688677 -1.797156
-2.8144336 3.7020495 -1.7971557
-3.2394922 3.3364568 -1.7971539
-3.3190038 3.2573345 -1.7971536
-3.3966014 3.1763189 -1.7971532
-3.6174414 2.922368 -1.7971522
-3.9428124 2.4658105 -1.7971507
-4.4515233 1.3453424 -1.7971475
-4.5112305 1.1290637 -1.7971469
-4.5810351 0.79987305 -1.7971463
-4.5990038 0.68913633 -1.797146
-4.614336 0.57799256 -1.7971458
-4.6368165 0.35475707 -1.7971454
-4.6494532 -0.093675837 -1.7971445
-4.6458006 -0.20582397 -1.7971444
-4.6394725 -0.31782988 -1.7971443
-4.5451365 -0.98376399 -1.7971435
-4.5200391 -1.0931262 -1.7971433
-4.492363 -1.201853 -1.7971432
-4.0198631 -2.3380554 -1.7971427
-3.9623046 -2.4343505 -1.7971427
-3.9024217 -2.5292275 -1.7971427
-3.4967577 -3.0657022 -1.7971431
-3.2659178 -3.3105447 -1.7971432
-3.185117 -3.3883703 -1.7971433
-3.1024218 -3.4642224 -1.7971435
-2.9317381 -3.6098356 -1.7971437
-2.8438084 -3.679508 -1.7971438
-2.7542186 -3.74704 -1.7971439
-2.5702734 -3.8755267 -1.7971443
-2.4760351 -3.9364052 -1.7971444
-2.3803515 -3.9949932 -1.7971445
-2.1848829 -4.1051579 -1.7971449
-1.6750195 -4.3382521 -1.797146
-1.5699023 -4.3773952 -1.7971461
-1.4638085 -4.4139953 -1.7971464
-1.2492187 -4.4794669 -1.7971469
-1.1408007 -4.5082994 -1.7971472
-1.0316992 -4.5345087 -1.7971475
-0.36679688 -4.6359153 -1.7971491
-0.25484374 -4.6434174 -1.7971493
-0.1427539 -4.6482143 -1.7971497
-0.030605469 -4.6503062 -1.7971499
0.08160156 -4.649693 -1.7971503
0.30578125 -4.640348 -1.7971509
0.86195308 -4.5698361 -1.7971525
1.0813671 -4.5229449 -1.7971532
1.4056054 -4.4329085 -1.7971542
1.5121484 -4.3977122 -1.7971547
1.6178125 -4.3599548 -1.7971549
1.7225391 -4.3196573 -1.7971553
1.82625 -4.2768488 -1.7971557
2.030371 -4.1837907 -1.7971563
2.1307421 -4.1335926 -1.7971568
2.2298048 -4.0809879 -1.797157
2.3276172 -4.0260105 -1.7971574
2.4240625 -3.9686894 -1.7971579
2.5190821 -3.9090593 -1.7971581
2.6126561 -3.8471515 -1.7971585
2.7047069 -3.7830083 -1.797159
2.7951953 -3.7166595 -1.7971592
2.9712305 -3.5775135 -1.7971598
3.0566602 -3.5047967 -1.7971603
3.1402733 -3.4300542 -1.7971606
3.2221484 -3.3533025 -1.7971609
3.3020897 -3.2745976 -1.7971613
3.4561718 -3.1115167 -1.7971619
3.6721873 -2.8534386 -1.797163
3.8688672 -2.5804195 -1.797164
2.7426171 -0.7725662 -1.1011313
3.0199609 -0.77256501 -1.2046471
4.5557227 -0.93389827 -1.7971685
4.5769334 -0.82372463 -1.7971687
4.5954881 -0.7130844 -1.797169
4.6113477 -0.60201722 -1.7971692
4.6245313 -0.49059781 -1.7971694
4.6502929 -0.042724609 -1.7971702
4.6500001 0.06946899 -1.7971704
4.641211 0.29367369 -1.7971706
4.6327734 0.40555358 -1.7971709
4.6078124 0.6285333 -1.7971711
4.5721483 0.85005367 -1.7971715
4.550293 0.9601019 -1.7971715
2.9491992 0.77256531 -1.1781754
4.0868359 2.219182 -1.7971722
4.0320897 2.3171294 -1.7971722
3.975039 2.4137256 -1.7971722
3.915664 2.5089135 -1.7971722
3.8539844 2.6026416 -1.7971722
3.7900975 2.6948559 -1.7971722
3.6556835 2.8745286 -1.7971721
3.5852928 2.9618785 -1.7971721
3.202832 3.3717968 -1.7971716
3.1205273 3.448081 -1.7971716
2.7737694 3.7327092 -1.797171
2.6829491 3.7985356 -1.797171
2.5904882 3.8621509 -1.7971709
2.4966016 3.9235187 -1.7971705
2.2063086 4.0937853 -1.79717
2.006289 4.1954365 -1.7971698
1.9045117 4.2426133 -1.7971694
1.801582 4.2873192 -1.7971693
1.6976562 4.3295336 -1.797169
1.5927148 4.3692241 -1.7971689
1.486836 4.4063683 -1.7971685
1.3800976 4.4409547 -1.7971684
1.2725977 4.4729524 -1.7971681
1.055371 4.5291257 -1.7971677
0.94580078 4.5532637 -1.7971673
0.83568358 4.5747552 -1.7971671
0.72507811 4.5935822 -1.7971668
0.50267577 4.6232047 -1.7971662
0.39097655 4.6339831 -1.797166
-0.057363279 4.650094 -1.7971647
-0.39345703 4.6337662 -1.7971638
-1.2537304 4.1717291 -1.7971607
-1.3540429 4.1402721 -1.7971605
-1.5521289 4.0701413 -1.7971597
-1.8424219 3.9472394 -1.7971587
-2.2141602 3.7513444 -1.7971574
-2.5653319 3.5205443 -1.797156
-2.6494727 3.4576306 -1.7971557
-2.7321484 3.3927062 -1.7971554
-2.8131835 3.3258085 -1.7971551
-2.8925977 3.2569745 -1.7971548
-3.0463085 3.1136608 -1.7971541
-3.1205664 3.0392675 -1.7971537
-3.1929491 2.9631011 -1.7971535
-4.1096678 1.4441791 -1.7971486
-4.1744919 1.2442737 -1.7971481
-4.20332 1.1432049 -1.7971478
-4.2939258 0.73287231 -1.7971469
-4.3242383 0.52491087 -1.7971464
-4.3445311 0.31572631 -1.7971461
-4.3546872 0.10579956 -1.7971456
-4.3547654 -0.10436188 -1.7971454
-4.3446288 -0.31428862 -1.797145
-4.3244138 -0.52348816 -1.7971448
-4.3105273 -0.62765104 -1.7971448
-4.2538476 -0.93772459 -1.7971443
-4.2300196 -1.0400729 -1.7971443
-4.2036915 -1.1418127 -1.7971442
-4.1749024 -1.2428646 -1.7971442
-4.1437106 -1.3432254 -1.7971439
-4.110117 -1.4428128 -1.7971439
-3.1939452 -2.9620287 -1.7971439
-3.1215429 -3.0382183 -1.7971442
-3.0473242 -3.1126378 -1.7971442
-2.9713476 -3.1852453 -1.7971443
-2.7332811 -3.3917828 -1.7971445
-2.5664454 -3.5196702 -1.7971449
-2.4808006 -3.5805581 -1.7971449
-2.3937304 -3.6393635 -1.797145
-2.3052149 -3.6960518 -1.7971452
-1.9383398 -3.9009793 -1.797146
-1.8436718 -3.9466033 -1.7971461
-1.7479491 -3.9899321 -1.7971463
-1.2551172 -4.1712856 -1.7971473
-1.154121 -4.2003531 -1.7971476
-1.0524414 -4.2269731 -1.7971478
-0.84734374 -4.2728209 -1.7971483
-0.74404293 -4.2920179 -1.7971486
-0.64027345 -4.3087201 -1.7971488
0.093066402 -4.3550458 -1.7971509
0.19808593 -4.3515358 -1.7971511
0.51224607 -4.3258233 -1.7971519
0.72031248 -4.296083 -1.7971525
0.82369137 -4.2774591 -1.797153
0.92667967 -4.2563429 -1.7971532
1.1308984 -4.2066917 -1.7971539
1.2320312 -4.1781902 -1.7971542
1.3324804 -4.1472535 -1.7971545
1.9167968 -3.911674 -1.7971565
2.1032226 -3.814671 -1.797157
2.1946485 -3.7628241 -1.7971575
2.3735938 -3.6525922 -1.7971581
2.5470312 -3.5338581 -1.7971587
2.6315038 -3.4713886 -1.7971591
2.795918 -3.3404202 -1.7971598
2.8756444 -3.2720025 -1.7971601
3.0301561 -3.1294947 -1.7971607
3.1775584 -2.9797008 -1.7971613
3.4499023 -2.6596692 -1.7971628
3.633203 -2.4032314 -1.7971636
3.6901171 -2.3148856 -1.797164
3.7448828 -2.2251952 -1.7971643
2.5434961 -0.77256531 -1.0967005
3.0686717 -0.7725662 -1.305534
4.2487106 -0.96128356 -1.7971677
4.2901368 -0.75523072 -1.7971681
4.3429294 -0.33834288 -1.7971689
4.354238 -0.12848052 -1.7971692
4.3560352 -0.02340393 -1.7971694
4.3553514 0.081687622 -1.7971696
4.3520899 0.18673217 -1.7971698
4.3380466 0.39642945 -1.79717
4.313828 0.6052075 -1.7971702
4.298027 0.70909852 -1.7971704
4.2587891 0.91558105 -1.7971706
4.2354884 1.01805 -1.7971706
2.9039648 0.77256471 -1.2397507
2.645371 0.7725659 -1.1369832
3.8201756 2.0932934 -1.7971712
3.7685351 2.1848419 -1.7971712
3.7147655 2.2751164 -1.7971712
3.6007226 2.4516418 -1.7971712
3.5405273 2.5377905 -1.7971712
3.4782617 2.6224589 -1.7971712
3.3477342 2.7871776 -1.7971711
3.2795312 2.8671257 -1.797171
3.2093945 2.9454029 -1.797171
3.1374218 3.02197 -1.797171
3.0635936 3.0967748 -1.7971709
2.9106641 3.2409379 -1.7971706
2.8316209 3.3102093 -1.7971705
2.7509375 3.3775537 -1.7971704
2.6686718 3.4429314 -1.7971704
2.4995117 3.5676451 -1.79717
2.3244922 3.6840503 -1.7971698
2.2349803 3.7390525 -1.7971696
1.76875 3.9808276 -1.7971687
1.574746 4.0615025 -1.7971683
1.4762499 4.0983076 -1.7971681
1.276875 4.1647406 -1.7971677
1.1760547 4.1943297 -1.7971674
0.8696484 4.2683916 -1.7971667
0.76642579 4.2881284 -1.7971663
0.66273439 4.3053694 -1.7971662
0.45431641 4.3323221 -1.7971656
0.34968749 4.3420172 -1.7971654
0.24482422 4.349185 -1.797165
-0.17539062 4.3525376 -1.797164
-0.48964843 4.328455 -1.797163
-1.0070117 4.2380657 -1.7971616
-1.1089453 4.2125406 -1.7971612
-1.4106641 4.1213145 -1.7971601
-1.5096874 4.0860839 -1.7971598
-1.607793 4.0484738 -1.7971596
-1.8011913 3.9662116 -1.797159
-2.1750195 3.7741954 -1.7971575
-2.2653906 3.7206273 -1.7971573
-2.4422069 3.607028 -1.7971565
-2.5285351 3.5470648 -1.7971562
-2.69666 3.4209709 -1.7971556
-2.9370117 3.2170031 -1.7971545
-3.0137303 3.1452129 -1.7971542
-3.0887303 3.0715978 -1.7971539
-3.1619334 2.9961908 -1.7971536
-3.2332811 2.9190357 -1.7971532
-4.1911521 1.1869165 -1.797148
-4.2185936 1.0854608 -1.7971476
-4.2435546 0.9833746 -1.7971475
-4.3035545 0.67392576 -1.7971467
-4.3310351 0.46555969 -1.7971464
-4.3484569 0.25611877 -1.797146
-4.35291 -0.1640683 -1.7971454
-4.329668 -0.47842741 -1.7971449
-4.3168554 -0.58272278 -1.7971448
-4.3015428 -0.68670928 -1.7971445
-4.2633982 -0.89338195 -1.7971444
-4.215332 -1.09798 -1.7971442
-4.1876173 -1.1993368 -1.7971442
-4.1574802 -1.3000115 -1.7971439
-4.1249218 -1.3999368 -1.7971439
-3.2246094 -2.9286127 -1.7971439
-2.8487694 -3.2953734 -1.7971444
-2.7683983 -3.3631384 -1.7971445
-2.6865039 -3.4289422 -1.7971445
-2.4314647 -3.6142395 -1.797145
-2.3435743 -3.6718488 -1.7971452
-2.1637304 -3.7806146 -1.7971455
-1.9788476 -3.8805809 -1.7971458
-1.8846874 -3.9271908 -1.7971461
-1.5957617 -4.0532036 -1.7971466
-1.4974999 -4.0905213 -1.7971469
-1.298496 -4.1579905 -1.7971473
-1.0964258 -4.2157841 -1.7971478
-0.7886914 -4.2840381 -1.7971486
-0.68509763 -4.3018179 -1.7971487
-0.37222657 -4.3400998 -1.7971494
0.047695313 -4.3557787 -1.7971507
0.1527539 -4.3533597 -1.797151
0.25773436 -4.3484125 -1.7971513
0.46716794 -4.3309207 -1.7971519
0.57152343 -4.3183918 -1.7971522
0.77914059 -4.2858033 -1.7971529
0.88230467 -4.2657609 -1.7971531
0.98496091 -4.243238 -1.7971535
1.0870117 -4.2182403 -1.7971537
1.1884961 -4.1907926 -1.7971541
1.2892382 -4.160903 -1.7971543
1.3892187 -4.1285925 -1.7971547
2.0633984 -3.8363616 -1.7971569
2.155371 -3.7854717 -1.7971574
2.3354297 -3.67711 -1.797158
2.5951953 -3.4985991 -1.7971591
2.7609375 -3.3693531 -1.7971597
2.8414257 -3.3017681 -1.79716
2.9202538 -3.232265 -1.7971603
3.0727344 -3.0876496 -1.7971609
3.1463475 -3.0126269 -1.7971613
3.2181444 -2.935847 -1.7971617
3.2880273 -2.857362 -1.7971619
3.4860351 -2.6121123 -1.7971629
3.5480077 -2.527257 -1.7971632
3.7215037 -2.264071 -1.7971641
2.6748633 -0.7725662 -1.1486671
2.9390624 -0.7725665 -1.2537501
4.2614841 -0.90291685 -1.7971678
4.3000388 -0.69630492 -1.7971683
4.3156247 -0.59239686 -1.7971684
4.3286719 -0.48811737 -1.7971685
4.3391795 -0.38355285 -1.7971687
4.3526564 -0.17381348 -1.7971692
4.3491211 0.24639221 -1.7971698
4.3418946 0.351239 -1.7971699
4.319922 0.56025755 -1.7971702
4.2681251 0.87118345 -1.7971705
2.7515428 0.77256531 -1.1790892
2.5166211 0.77256471 -1.0860906
3.7382617 2.2363105 -1.7971712
3.6832421 2.3258417 -1.7971712
3.6260545 2.4140179 -1.7971712
3.5667381 2.5007885 -1.7971712
3.5053906 2.5860991 -1.7971712
3.441992 2.6699083 -1.7971711
3.3765428 2.7521648 -1.7971711
3.1686718 2.9891374 -1.797171
3.0208592 3.1384919 -1.7971709
2.865957 3.280545 -1.7971705
2.7043946 3.4149573 -1.7971704
2.5365038 3.5414226 -1.79717
2.4503319 3.6015821 -1.7971699
2.3627539 3.6596458 -1.7971698
2.2737501 3.7155786 -1.7971696
2.1834764 3.7693439 -1.7971694
2.0918944 3.8209217 -1.7971693
1.9991211 3.8702765 -1.7971692
1.9051757 3.917376 -1.797169
1.8101367 3.9621892 -1.7971689
1.616914 4.0448852 -1.7971684
1.5188476 4.0827146 -1.7971683
1.4199219 4.1181664 -1.7971679
1.2196484 4.181859 -1.7971674
1.0165429 4.235816 -1.7971671
0.70757812 4.298233 -1.7971662
0.60367185 4.3140483 -1.7971661
0.3948828 4.3381419 -1.7971655
0.29009765 4.3464046 -1.7971652
-0.024960937 4.355999 -1.7971644
-0.13005859 4.3541269 -1.7971641
-0.33990234 4.3427854 -1.7971635
-0.44458982 4.3333206 -1.7971632
-0.54894531 4.3213315 -1.7971629
-0.75677735 4.289825 -1.7971623
-0.86003906 4.2703185 -1.7971619
-1.2674805 4.1675744 -1.7971606
-1.4670508 4.1015821 -1.79716
-1.5655664 4.0649981 -1.7971597
-1.7597852 3.9847553 -1.7971591
-1.9499414 3.8952301 -1.7971584
-2.4045508 3.6322644 -1.7971567
-2.7433398 3.3836706 -1.7971554
-2.8241601 3.3165076 -1.7971551
-2.9808397 3.1764276 -1.7971543
-3.2027147 2.9525487 -1.7971535
-3.8153906 2.1018066 -1.7971504
-4.1144137 1.4306091 -1.7971486
-4.1477146 1.3309387 -1.7971482
-4.2070899 1.1293298 -1.7971478
-4.2566404 0.92509151 -1.7971473
-4.2963085 0.71870118 -1.7971469
-4.3124022 0.61484742 -1.7971466
-4.3259764 0.51063538 -1.7971464
-4.3455663 0.30138305 -1.7971461
-4.3515625 0.19646728 -1.7971458
-4.3559766 -0.013652954 -1.7971455
-4.3543944 -0.11873138 -1.7971454
-4.3343749 -0.43331113 -1.7971449
-4.3226757 -0.53776002 -1.7971448
-4.291738 -0.7456277 -1.7971445
-4.1999021 -1.1556796 -1.7971442
-4.1708398 -1.2566808 -1.7971439
-3.1114843 -3.048501 -1.7971442
-3.0370703 -3.1226742 -1.7971442
-2.88291 -3.2655313 -1.7971444
-2.8032811 -3.3341272 -1.7971444
-2.7220507 -3.4007833 -1.7971445
-2.6391797 -3.4654605 -1.7971448
-2.3816991 -3.647243 -1.7971452
-2.2030077 -3.7578793 -1.7971455
-2.1116991 -3.8099301 -1.7971456
-2.0191796 -3.8597641 -1.7971458
-1.8306445 -3.9526675 -1.7971461
-1.7347655 -3.9956806 -1.7971464
-1.637871 -4.036365 -1.7971466
-1.4412695 -4.110672 -1.797147
-1.3417187 -4.1442442 -1.7971472
-1.2413281 -4.1754045 -1.7971475
-1.038496 -4.2304225 -1.797148
-0.83322263 -4.2755933 -1.7971483
-0.62603515 -4.3108082 -1.7971488
-0.52187496 -4.324657 -1.7971492
-0.41738281 -4.3359895 -1.7971494
-0.20777343 -4.3510814 -1.7971499
-0.10275391 -4.3548265 -1.7971503
0.0023046874 -4.3560381 -1.7971505
0.10742188 -4.3547149 -1.7971509
0.42205077 -4.3355494 -1.7971518
0.73449218 -4.2936821 -1.7971526
0.83785152 -4.2747173 -1.797153
0.94072264 -4.2532611 -1.7971532
1.1447656 -4.2029395 -1.7971539
1.2458007 -4.1741014 -1.7971542
1.3461719 -4.1428351 -1.7971545
1.8349023 -3.9507408 -1.7971562
1.9296875 -3.9053314 -1.7971565
2.0233593 -3.8576427 -1.7971569
2.1157813 -3.8077099 -1.7971573
2.2070704 -3.7555621 -1.7971575
2.2970116 -3.701226 -1.7971579
2.4728711 -3.5861342 -1.7971585
2.5586717 -3.5254381 -1.797159
2.7257226 -3.3979242 -1.7971596
2.8864257 -3.2624996 -1.7971601
2.9642968 -3.1919196 -1.7971605
3.1148241 -3.0452292 -1.7971612
3.258086 -2.8914464 -1.7971618
3.3268945 -2.812011 -1.7971622
3.4586132 -2.6482744 -1.7971628
3.5215235 -2.5640666 -1.797163
3.5823436 -2.4783716 -1.7971634
3.7521875 -2.2128255 -1.7971643
2.5740039 -0.7725659 -1.1087463
3.1119921 -0.77256709 -1.3228744
4.2518554 -0.94726133 -1.7971677
4.2734571 -0.84441435 -1.7971678
4.3349609 -0.42871857 -1.7971687
4.3440623 -0.32401976 -1.7971689
4.3506055 -0.21913208 -1.797169
4.356113 -0.0090350341 -1.7971694
4.3453321 0.3060022 -1.7971699
4.3255272 0.51523924 -1.7971702
4.2557616 0.92962277 -1.7971706
3.1681054 0.77256471 -1.3453543
2.8658788 0.77256471 -1.2245691
2.6133008 0.77256531 -1.1242863
3.7613671 2.1972582 -1.7971712
3.6509764 2.376121 -1.7971712
3.5321484 2.5494537 -1.7971712
3.4696093 2.6339202 -1.7971711
3.2700391 2.877929 -1.797171
3.1996679 2.9559722 -1.797171
3.1274414 3.0323029 -1.7971709
3.0533397 3.1068628 -1.7971709
2.8207226 3.3195348 -1.7971705
2.7397852 3.3866112 -1.7971704
2.6573045 3.4517174 -1.7971702
2.3123436 3.6916974 -1.7971698
2.1316016 3.7989323 -1.7971694
1.9458984 3.8973241 -1.797169
1.8513086 3.9431293 -1.7971689
1.6589453 4.0278316 -1.7971685
1.4627539 4.1031556 -1.7971681
1.2631445 4.168932 -1.7971677
1.0605664 4.2250037 -1.7971672
0.64853513 4.3075318 -1.7971661
-0.18976562 4.3519359 -1.797164
-0.29466796 4.3460894 -1.7971636
-0.71207029 4.2974701 -1.7971624
-0.91853511 4.2581186 -1.7971618
-1.020957 4.2347212 -1.7971616
-1.122793 4.2088599 -1.7971611
-1.4242578 4.1166382 -1.7971601
-1.6211523 4.0431495 -1.7971596
-1.7181835 4.0028644 -1.7971592
-1.8142773 3.9602439 -1.7971587
-2.0958984 3.8186712 -1.7971579
-2.1874022 3.7669988 -1.7971575
-2.2776563 3.7131321 -1.797157
-2.3665819 3.6571038 -1.7971568
-2.4541016 3.5989478 -1.7971565
-2.5402343 3.5386992 -1.7971562
-2.6248436 3.4763896 -1.7971559
-2.7079492 3.4120538 -1.7971556
-2.9475975 3.207293 -1.7971545
-3.0240819 3.1352472 -1.7971542
-3.0988281 3.0613849 -1.7971539
-3.1717772 2.9857397 -1.7971536
-4.1336327 1.3740551 -1.7971483
-4.2221484 1.071532 -1.7971476
-4.2467771 0.96936643 -1.7971473
-4.2885938 0.76339781 -1.7971469
-4.3325586 0.45127013 -1.7971463
-4.3492966 0.24176452 -1.797146
-4.3538475 0.13677123 -1.7971458
-4.3558984 0.031701051 -1.7971456
-4.3523436 -0.17843658 -1.7971452
-4.3467579 -0.28337097 -1.797145
-4.3149023 -0.59696865 -1.7971448
-4.2604098 -0.90744197 -1.7971443
-4.2373047 -1.0099542 -1.7971443
-4.2117186 -1.1118808 -1.7971442
-4.183672 -1.2131594 -1.7971442
-3.2149022 -2.9392376 -1.7971439
-2.9167383 -3.2353373 -1.7971443
-2.837832 -3.30476 -1.7971444
-2.7573242 -3.3722522 -1.7971445
-2.6751366 -3.437788 -1.7971445
-2.4195311 -3.6222427 -1.797145
-2.2420118 -3.7347343 -1.7971454
-2.1512694 -3.7877333 -1.7971455
-1.8717188 -3.933388 -1.7971461
-1.7763085 -3.9773967 -1.7971463
-1.6797851 -4.0190921 -1.7971464
-1.3847852 -4.1300492 -1.797147
-1.2847852 -4.1622519 -1.7971473
-1.1839648 -4.1920347 -1.7971475
-0.56687498 -4.3189878 -1.7971491
-0.46249998 -4.3314085 -1.7971493
-0.1480664 -4.3535199 -1.7971501
-0.043007813 -4.3558264 -1.7971504
0.16712891 -4.3528333 -1.797151
0.58576173 -4.3164845 -1.7971522
0.68970704 -4.3010974 -1.7971525
0.79326171 -4.2832093 -1.7971529
0.99896485 -4.2399626 -1.7971535
1.100957 -4.2146335 -1.7971537
1.2022852 -4.1868486 -1.7971541
1.3029296 -4.1566281 -1.7971543
1.4028125 -4.1239867 -1.7971548
1.5019336 -4.0889482 -1.7971551
1.6000977 -4.0515256 -1.7971554
2.0760546 -3.8295357 -1.797157
2.2583399 -3.7249451 -1.7971578
2.4353905 -3.611685 -1.7971584
2.5217967 -3.5518847 -1.7971587
2.6067383 -3.4900177 -1.7971591
2.7720506 -3.3602221 -1.7971597
2.930918 -3.2226093 -1.7971603
3.0077929 -3.1509686 -1.7971607
3.0829492 -3.0774927 -1.7971611
3.1562696 -3.002228 -1.7971613
3.2277734 -2.9252105 -1.7971617
3.2974217 -2.8464932 -1.7971619
3.4308593 -2.6841381 -1.7971625
3.4946485 -2.6005945 -1.7971629
3.5563281 -2.5155411 -1.7971632
3.6159961 -2.4290185 -1.7971635
3.6735351 -2.3410814 -1.7971638
3.7289648 -2.2517807 -1.7971641
4.2417579 -0.99147886 -1.7971674
4.2644529 -0.88886231 -1.7971678
4.3175387 -0.57815182 -1.7971684
4.3302536 -0.47383025 -1.7971685
4.3480663 -0.26441041 -1.797169
4.3557615 -0.054385375 -1.7971693
4.3533201 0.15577148 -1.7971696
4.3407812 0.36556455 -1.7971699
4.3306642 0.47017333 -1.79717
4.3180466 0.57451051 -1.7971702
4.302949 0.67851013 -1.7971704
4.2652345 0.88525695 -1.7971705
2.7170703 0.77256531 -1.1654018
3.6180859 2.4259648 -1.7971712
3.558496 2.5125403 -1.7971712
3.2302732 2.9224999 -1.797171
3.0855467 3.0749023 -1.7971709
3.0104687 3.1484435 -1.7971709
2.9336522 3.2201531 -1.7971706
2.8551366 3.2899859 -1.7971705
2.7749219 3.357904 -1.7971705
2.6096873 3.4878345 -1.7971702
2.350703 3.6674218 -1.7971698
2.1710155 3.7765296 -1.7971694
2.0792773 3.8278046 -1.7971693
1.9863476 3.876848 -1.7971692
1.8922656 3.9236388 -1.797169
1.7008203 4.0103393 -1.7971685
1.1045117 4.2137322 -1.7971673
0.89999998 4.2620983 -1.7971667
0.79691404 4.2825694 -1.7971666
0.69337887 4.3005438 -1.7971662
0.58943355 4.3160167 -1.797166
0.38054687 4.3394198 -1.7971655
0.17078124 4.3527217 -1.7971649
-0.24939452 4.3489213 -1.7971638
-0.35421875 4.3416381 -1.7971635
-0.45888671 4.3318286 -1.7971632
-0.56322265 4.3194957 -1.7971629
-0.6672461 4.3046489 -1.7971625
-1.2812304 4.1633668 -1.7971606
-1.4805664 4.0967221 -1.79716
-1.5789453 4.0598125 -1.7971597
-1.6764257 4.0205379 -1.7971594
-1.9627929 3.8887768 -1.7971584
-2.1480858 3.7895751 -1.7971578
-2.238867 3.736649 -1.7971573
-2.3283789 3.6815538 -1.7971569
-2.7544336 3.3746006 -1.7971553
-2.8350585 3.3071692 -1.7971549
-3.2124608 2.9419646 -1.7971535
-3.8223045 2.0892029 -1.7971504
-4.119082 1.4170288 -1.7971483
-4.1520896 1.3172485 -1.7971482
-4.1826367 1.2167022 -1.797148
-4.2364841 1.0135388 -1.7971475
-4.2804103 0.80801636 -1.797147
-4.3276367 0.49636534 -1.7971464
-4.3383594 0.39181578 -1.7971463
-4.3465428 0.28704649 -1.797146
-4.3521681 0.18210876 -1.7971458
-4.3553319 0.077059932 -1.7971456
-4.3559179 -0.028027954 -1.7971455
-4.3539844 -0.13310181 -1.7971454
-4.3424997 -0.34295532 -1.797145
-4.3329296 -0.44761229 -1.7971449
-4.3208594 -0.55201417 -1.7971448
-4.3062892 -0.65609467 -1.7971445
-4.269629 -0.8630386 -1.7971444
-4.196074 -1.169534 -1.7971442
-3.1742969 -2.9830444 -1.7971439
-3.1014452 -3.0587535 -1.7971442
-2.8721094 -3.2750273 -1.7971444
-2.7107811 -3.4097497 -1.7971445
-2.3696485 -3.6550822 -1.7971452
-2.2807813 -3.7111864 -1.7971454
-2.1906054 -3.7651269 -1.7971455
-2.0991211 -3.8168786 -1.7971456
-2.0064256 -3.8664067 -1.7971458
-1.9125586 -3.9136875 -1.797146
-1.7215819 -4.0013843 -1.7971464
-1.6245703 -4.0417461 -1.7971466
-1.526582 -4.0797629 -1.7971467
-1.4277148 -4.1154041 -1.797147
-1.1263672 -4.2078757 -1.7971476
-1.0245117 -4.2338276 -1.797148
-0.50761718 -4.3263559 -1.7971492
-0.29835936 -4.3458076 -1.7971498
-0.19341797 -4.3517408 -1.7971499
-0.088378906 -4.3551426 -1.7971503
0.016699219 -4.3560071 -1.7971505
0.22677734 -4.3501344 -1.7971511
0.33166015 -4.3433986 -1.7971514
0.43634763 -4.3341346 -1.7971518
0.95474607 -4.250134 -1.7971532
1.0569922 -4.2258658 -1.7971536
1.2595898 -4.1699686 -1.7971543
1.3598242 -4.1383696 -1.7971547
1.4592577 -4.1043611 -1.7971549
1.5578516 -4.067966 -1.7971553
1.752246 -3.9880943 -1.7971559
1.8479491 -3.9446709 -1.7971562
2.1283593 -3.80071 -1.7971573
2.3091795 -3.6936278 -1.7971579
2.3976171 -3.6368492 -1.7971584
2.4846873 -3.5779533 -1.7971586
2.5702538 -3.5169733 -1.797159
2.6543555 -3.4539461 -1.7971592
2.7369139 -3.3889093 -1.7971596
2.897207 -3.2529564 -1.7971603
3.1971483 -2.958667 -1.7971616
3.2675781 -2.8806787 -1.7971618
3.3361328 -2.8010161 -1.7971622
3.5299804 -2.5524316 -1.797163
3.5905273 -2.4665351 -1.7971634
3.6489453 -2.3791995 -1.7971636
3.7053125 -2.2904816 -1.797164
2.85625 -0.77256531 -1.2207397
4.2549806 -0.93322444 -1.7971677
4.2950587 -0.7269156 -1.7971681
4.3112888 -0.62308443 -1.7971683
4.3251171 -0.51889771 -1.7971685
4.3512888 -0.20476897 -1.7971692
4.3549609 -0.099743038 -1.7971693
4.3547068 0.11042968 -1.7971696
4.3442969 0.32034302 -1.7971699
4.3238087 0.5295105 -1.7971702
4.3098044 0.63366151 -1.7971704
4.293242 0.7374469 -1.7971704
4.2526951 0.9436633 -1.7971706
3.1232812 0.77256405 -1.3273977
3.806289 2.118454 -1.7971712
3.5844727 2.4753466 -1.7971712
3.5236914 2.5610962 -1.7971712
3.4608984 2.6453533 -1.7971711
3.3960741 2.7280755 -1.7971711
3.3292577 2.8092084 -1.7971711
3.2605467 2.8887029 -1.797171
3.1174219 3.0426068 -1.7971709
2.9670312 3.1894274 -1.7971706
2.8892186 3.2600751 -1.7971706
2.8097069 3.3288238 -1.7971705
2.475879 3.584058 -1.79717
2.388711 3.642746 -1.7971699
2.3001757 3.6993084 -1.7971698
2.210254 3.7537193 -1.7971696
2.1190429 3.8059454 -1.7971693
1.9329883 3.9037261 -1.797169
1.8382422 3.9492192 -1.7971689
1.645625 4.0332828 -1.7971684
1.4491796 4.1079607 -1.7971681
1.2493554 4.1730766 -1.7971677
1.1483399 4.202002 -1.7971673
0.94435543 4.2524934 -1.7971668
0.63433594 4.3096461 -1.7971661
0.5301953 4.3236918 -1.7971658
0.42572266 4.3352232 -1.7971656
0.32101563 4.3442307 -1.7971654
-0.099062495 4.3549423 -1.7971641
-0.20408203 4.3512831 -1.7971638
-0.41373047 4.3363733 -1.7971634
-0.62242186 4.3113675 -1.7971628
-0.72624999 4.2950969 -1.7971623
-0.82962888 4.2763243 -1.7971619
-0.9325586 4.2550645 -1.7971617
-1.3382226 4.1454082 -1.7971605
-1.4378124 4.1119156 -1.7971601
-1.5366211 4.0760326 -1.7971598
-1.7314062 3.9971709 -1.7971591
-1.922207 3.9090025 -1.7971585
-2.108496 3.811734 -1.7971579
-2.1998241 3.7597601 -1.7971574
-2.6362891 3.4677129 -1.7971557
-3.0344141 3.1252568 -1.7971542
-3.1089451 3.0511475 -1.7971539
-3.1816406 2.9752569 -1.7971536
-4.1381249 1.3604065 -1.7971482
-4.1697264 1.2601837 -1.7971481
-4.2256641 1.0575927 -1.7971476
-4.2499609 0.95534545 -1.7971473
-4.2717576 0.8525421 -1.7971472
-4.2910743 0.74924195 -1.7971469
-4.3222265 0.54140073 -1.7971466
-4.3433204 0.33229432 -1.7971461
-4.3500195 0.22742125 -1.797146
-4.3542576 0.12241272 -1.7971458
-4.3559766 0.017335204 -1.7971455
-4.3517575 -0.1927893 -1.7971452
-4.3373632 -0.4024649 -1.7971449
-4.3263865 -0.50699556 -1.7971448
-4.2968946 -0.71507478 -1.7971445
-4.278379 -0.81852567 -1.7971444
-4.2574024 -0.92149532 -1.7971443
-4.2080078 -1.1257735 -1.7971442
-4.1488085 -1.3274536 -1.7971439
-4.1155858 -1.4271303 -1.7971439
-3.2051952 -2.9498246 -1.7971439
-3.1331055 -3.0262897 -1.7971442
-3.0591795 -3.1009886 -1.7971442
-2.983496 -3.1738884 -1.7971443
-2.9060547 -3.2449386 -1.7971443
-2.5798633 -3.5098546 -1.7971448
-2.3192773 -3.6872337 -1.7971452
-2.2296875 -3.7421136 -1.7971454
-2.1387498 -3.794812 -1.7971455
-2.0466211 -3.8453021 -1.7971456
-1.9531835 -3.8935573 -1.797146
-1.8587304 -3.9395435 -1.7971461
-1.4704882 -4.1003122 -1.7971469
-1.2710546 -4.1664667 -1.7971473
-1.1701367 -4.1959167 -1.7971476
-1.0685742 -4.2229257 -1.7971478
-0.86365235 -4.2695556 -1.7971482
-0.55263668 -4.3208342 -1.7971491
-0.34357423 -4.3424635 -1.7971497
-0.028652344 -4.3559437 -1.7971504
0.18148437 -4.3522611 -1.797151
0.28642577 -4.3466153 -1.7971513
0.39119139 -4.3384433 -1.7971516
0.49572265 -4.3277431 -1.7971519
0.70390624 -4.2987971 -1.7971525
0.80742186 -4.2805686 -1.7971529
0.91042966 -4.2598462 -1.7971531
1.0129297 -4.2366443 -1.7971535
1.4164453 -4.1193361 -1.7971548
1.7106249 -4.0061245 -1.7971557
1.8067578 -3.9636965 -1.797156
1.9018749 -3.9189556 -1.7971565
2.0887108 -3.8226652 -1.797157
2.2706053 -3.7174718 -1.7971578
2.3596485 -3.6616168 -1.7971581
2.4473047 -3.6036291 -1.7971585
2.5334961 -3.5435426 -1.7971587
2.6182811 -3.4813957 -1.7971591
2.7831054 -3.3510547 -1.7971597
3.1661522 -2.9918075 -1.7971613
3.2374218 -2.9145558 -1.7971617
3.3067577 -2.8356116 -1.7971619
3.439707 -2.6728168 -1.7971625
3.5031836 -2.5890617 -1.7971629
3.5646288 -2.503799 -1.7971632
3.6239452 -2.4170773 -1.7971635
3.6812499 -2.3289523 -1.7971638
3.7363477 -2.2394693 -1.7971641
2.5090234 -0.7725659 -1.0831023
4.2449999 -0.97748351 -1.7971677
4.2674608 -0.87484282 -1.7971678
4.2872267 -0.77159297 -1.7971679
4.3194532 -0.5639084 -1.7971684
4.3317966 -0.45954406 -1.7971687
4.3559179 -0.040023193 -1.7971693
4.3556247 0.06507507 -1.7971694
4.3527927 0.17012939 -1.7971698
4.3473825 0.27508545 -1.7971699
4.3395114 0.37988219 -1.7971699
4.3291016 0.48445615 -1.79717
4.2826953 0.79624265 -1.7971705
4.239336 1.0018853 -1.7971706
2.9491992 0.77256471 -1.2577931
3.7768943 2.1704535 -1.7971712
3.7234373 2.2609339 -1.7971712
3.6100194 2.4378929 -1.7971712
3.5501561 2.5242705 -1.7971712
3.4242578 2.692569 -1.7971711
3.2904296 2.8546014 -1.7971711
3.1489062 3.0099852 -1.797171
3.0753906 3.085072 -1.7971709
3.0000584 3.1583629 -1.7971709
2.8442578 3.2993901 -1.7971705
2.7637889 3.3670421 -1.7971704
2.6817772 3.4327338 -1.7971704
2.5981836 3.4964299 -1.7971702
2.4265234 3.6176763 -1.7971699
2.0666211 3.8346484 -1.7971693
1.9735546 3.8833869 -1.7971692
1.8792773 3.9298644 -1.7971689
1.6875585 4.0159326 -1.7971685
1.1920117 4.1898127 -1.7971674
0.88589841 4.2650447 -1.7971667
0.36623046 4.3406529 -1.7971655
0.051406249 4.3557673 -1.7971646
-0.053710938 4.3557391 -1.7971643
-0.15876953 4.3531723 -1.797164
-0.26374999 4.3480759 -1.7971636
-0.36853516 4.3404455 -1.7971634
-1.1777734 3.9190025 -1.7971605
-1.2720116 3.8894513 -1.7971601
-1.3654492 3.8576317 -1.7971598
-1.458125 3.8235686 -1.7971596
-1.6408398 3.7487864 -1.797159
-1.819746 3.6652782 -1.7971584
-1.9076366 3.6203113 -1.797158
-2.0800195 3.5240855 -1.7971574
-2.164453 3.4728808 -1.797157
-2.3294141 3.3644371 -1.7971565
-2.4099023 3.3072631 -1.7971562
-2.6427538 3.1243279 -1.7971553
-2.7173631 3.0596623 -1.7971549
-2.7903709 2.993222 -1.7971547
-2.8617578 2.9250336 -1.7971543
-3.8922656 1.2631598 -1.7971488
-3.9216015 1.1688946 -1.7971486
-3.9486718 1.0739502 -1.7971483
-3.9958789 0.88224119 -1.797148
-4.0160351 0.78558898 -1.7971478
-4.0491991 0.59096801 -1.7971473
-4.0623045 0.49311218 -1.7971472
-4.081367 0.2965979 -1.7971467
-4.0873241 0.19805481 -1.7971466
-4.0909181 0.099392697 -1.7971464
-4.0814452 -0.29524902 -1.7971458
-4.0731444 -0.39362243 -1.7971456
-4.0624609 -0.49178192 -1.7971455
-4.0493946 -0.58963287 -1.7971455
-4.0162501 -0.78425843 -1.7971452
-3.9961522 -0.88091975 -1.7971452
-2.9324219 -2.8541636 -1.7971449
-2.8627148 -2.9240746 -1.7971449
-2.791328 -2.9922836 -1.797145
-2.7183592 -3.0587511 -1.7971452
-2.6437891 -3.1234384 -1.7971452
-2.5676563 -3.1863091 -1.7971454
-2.4900391 -3.2473242 -1.7971455
-2.4109764 -3.3064466 -1.7971456
-2.3305273 -3.3636479 -1.7971456
-2.2487109 -3.4188914 -1.7971458
-2.165586 -3.4721422 -1.797146
-2.0811913 -3.5233757 -1.7971461
-1.9088086 -3.6196599 -1.7971464
-1.6420703 -3.7482207 -1.797147
-1.3667382 -3.8571551 -1.7971476
-1.2732617 -3.8890038 -1.7971478
-1.1790625 -3.9185891 -1.797148
-1.0841796 -3.9458947 -1.7971482
-0.98871094 -3.9709008 -1.7971483
-0.79601562 -4.0139704 -1.7971488
-0.50365233 -4.0610294 -1.7971497
0.087421872 -4.0912175 -1.7971511
0.28464842 -4.0822411 -1.7971518
0.38302734 -4.0741878 -1.797152
0.48123047 -4.0637646 -1.7971524
0.57910156 -4.050972 -1.7971526
0.77382809 -4.0183268 -1.7971531
0.87054688 -3.998491 -1.7971535
0.96675777 -3.9763272 -1.7971537
1.1574218 -3.925071 -1.7971543
1.3453906 -3.8646812 -1.7971549
1.7114843 -3.7170706 -1.7971562
1.8006641 -3.6747003 -1.7971565
1.8888086 -3.6301959 -1.7971568
1.9758203 -3.5835748 -1.7971573
2.1463475 -3.4841046 -1.7971579
2.311914 -3.3765275 -1.7971585
2.3927147 -3.3197746 -1.7971587
2.5500586 -3.2005029 -1.7971594
2.7014258 -3.0737829 -1.79716
2.7748046 -3.0077209 -1.7971603
2.9166405 -2.8703842 -1.7971609
2.9850194 -2.7991877 -1.7971612
3.1166015 -2.6519537 -1.7971618
3.2408593 -2.4985442 -1.7971624
3.3575976 -2.3393178 -1.7971629
3.466543 -2.17465 -1.7971635
3.5180273 -2.0903909 -1.7971638
2.5434961 -0.77256531 -1.167424
3.991328 -0.9030478 -1.7971671
4.0302734 -0.70949095 -1.7971674
4.0462108 -0.6120581 -1.7971677
4.0597458 -0.51426119 -1.7971678
4.0921679 -0.021986693 -1.7971687
4.0884571 0.17541565 -1.797169
4.075254 0.37241271 -1.7971693
4.0525193 0.56854308 -1.7971694
4.0375977 0.66614074 -1.7971696
3.9788671 0.95637447 -1.7971699
3.5402343 2.0524797 -1.7971705
3.4897461 2.1372845 -1.7971705
3.3825586 2.3031201 -1.7971704
3.3260155 2.3840508 -1.7971704
3.2071874 2.5416961 -1.7971704
3.1449413 2.6183245 -1.7971702
3.0808399 2.6934307 -1.7971702
3.0149999 2.7669666 -1.7971702
2.9473631 2.8388951 -1.79717
2.7343554 3.044596 -1.7971699
2.5070117 3.2343571 -1.7971694
2.3480663 3.3515112 -1.7971693
2.2665625 3.4071789 -1.7971692
2.0995703 3.5125372 -1.7971689
2.0142188 3.5621617 -1.7971687
1.8400781 3.6551659 -1.7971684
1.7513671 3.698493 -1.7971683
1.6616406 3.7396643 -1.7971681
1.5708984 3.7786589 -1.7971678
1.3868555 3.8500292 -1.7971674
1.1047851 3.9402349 -1.7971668
0.91343749 3.9889355 -1.7971663
0.81695312 4.00981 -1.7971661
0.62261719 4.0445423 -1.7971656
0.4268164 4.0698643 -1.7971652
0.22998047 4.0857096 -1.7971646
0.03267578 4.0920477 -1.7971641
-0.16476563 4.0888572 -1.7971635
-0.26333985 4.0836887 -1.7971634
-0.55796874 4.0539532 -1.7971624
-0.84968746 4.0029869 -1.7971616
-1.2314258 3.902487 -1.7971603
-1.4182031 3.8385479 -1.7971597
-1.6920702 3.7259314 -1.7971587
-2.0432227 3.5455523 -1.7971575
-2.1281641 3.4952307 -1.7971573
-2.6100585 3.1516771 -1.7971554
-2.6853516 3.0877964 -1.7971551
-2.8311522 2.9546759 -1.7971545
-3.9092381 1.2096722 -1.7971487
-3.9630272 1.019704 -1.7971482
-4.0075974 0.8273645 -1.7971478
-4.0896678 0.1419934 -1.7971466
-4.0917578 -0.055434875 -1.7971461
-4.0843163 -0.25272918 -1.797146
-4.0673633 -0.44943693 -1.7971456
-4.0051365 -0.83926022 -1.7971452
-3.9837108 -0.93563324 -1.797145
-3.9056249 -1.2212679 -1.7971449
-2.6761522 -3.0957394 -1.7971452
-2.6006835 -3.1593976 -1.7971454
-2.4452929 -3.2811596 -1.7971455
-2.3654492 -3.3391948 -1.7971456
-2.2841601 -3.395288 -1.7971458
-1.8589648 -3.6454954 -1.7971466
-1.7705274 -3.6892822 -1.7971467
-1.4067968 -3.8427136 -1.7971475
-1.3136718 -3.8755331 -1.7971476
-1.2198046 -3.9061003 -1.797148
-1.1252344 -3.9343894 -1.7971481
-1.0299804 -3.9603899 -1.7971483
-0.74091798 -4.024508 -1.7971491
-0.44791016 -4.067555 -1.7971498
-0.34966797 -4.0771766 -1.7971501
-0.15261719 -4.0892978 -1.7971505
0.044785157 -4.0919046 -1.797151
0.24212889 -4.0849833 -1.7971516
0.73195308 -4.0261674 -1.7971531
0.8288672 -4.007339 -1.7971532
1.0211718 -3.9627011 -1.7971539
1.1164649 -3.9369116 -1.7971542
1.2110937 -3.9088335 -1.7971545
1.3982421 -3.8458722 -1.7971551
1.5821289 -3.7739537 -1.7971557
1.6727344 -3.7346902 -1.797156
1.9384179 -3.6039553 -1.797157
2.0247655 -3.5561469 -1.7971574
2.1099803 -3.5062659 -1.7971578
2.1939256 -3.4543471 -1.797158
2.2766211 -3.4004161 -1.7971584
2.5165429 -3.2268834 -1.7971592
2.5936522 -3.1652346 -1.7971596
2.6692967 -3.1017456 -1.7971598
2.7433398 -3.0364537 -1.7971601
2.8157616 -2.969389 -1.7971605
2.8866405 -2.9005992 -1.7971607
2.9557617 -2.8301196 -1.7971611
3.023164 -2.7579927 -1.7971613
3.1526756 -2.6089656 -1.7971619
3.2146873 -2.5321546 -1.7971623
3.3893945 -2.2930591 -1.797163
3.4436913 -2.2106299 -1.7971634
3.4960351 -2.1269109 -1.7971636
3.5463476 -2.041955 -1.797164
2.9390624 -0.7725665 -1.3346013
4.039629 -0.65416229 -1.7971674
4.0542188 -0.55651212 -1.7971678
4.0664258 -0.45854643 -1.7971679
4.0763474 -0.36031708 -1.7971681
4.0838475 -0.26187378 -1.7971683
4.0916991 -0.064594723 -1.7971685
4.0920701 0.034132689 -1.7971687
4.0582032 0.52631468 -1.7971694
4.0095506 0.8184076 -1.7971698
3.0306444 0.77256471 -1.3735371
3.5614648 2.0155053 -1.7971705
3.5118163 2.1008332 -1.7971705
3.4600976 2.184942 -1.7971705
3.4063671 2.2677741 -1.7971704
3.3506639 2.3492866 -1.7971704
3.2930467 2.4294281 -1.7971704
3.1720312 2.5854332 -1.7971704
3.1087108 2.661206 -1.7971702
3.0436132 2.7354212 -1.7971702
2.8378711 2.9483576 -1.7971699
2.7658985 3.0159588 -1.7971699
2.6923437 3.0818059 -1.7971698
2.6172266 3.1458561 -1.7971698
2.4624219 3.2684307 -1.7971694
2.1360352 3.4904845 -1.7971689
2.0511913 3.5409966 -1.7971687
1.7897851 3.6800542 -1.7971683
1.7004687 3.7221599 -1.7971681
1.6101953 3.7620952 -1.7971679
1.4268554 3.8353813 -1.7971674
1.3339257 3.8686829 -1.7971673
1.2402148 3.8997362 -1.7971672
1.0506641 3.9550109 -1.7971667
0.56705076 4.0527005 -1.7971655
0.075273439 4.091485 -1.7971643
-0.02345703 4.0921073 -1.797164
-0.12214843 4.0903521 -1.7971636
-0.22080077 4.0862103 -1.7971634
-0.31933594 4.0796947 -1.7971632
-0.41765624 4.0708032 -1.7971629
-0.7108984 4.0299401 -1.7971619
-0.80792969 4.0116162 -1.7971617
-1.0005078 3.9679773 -1.7971611
-1.0959179 3.9426849 -1.7971607
-1.3781641 3.8531079 -1.7971598
-1.7430078 3.7023797 -1.7971586
-2.258867 3.4122205 -1.7971568
-2.4208202 3.299293 -1.7971562
-2.5771093 3.1786828 -1.7971556
-2.8714061 2.9155767 -1.7971542
-2.9408984 2.8454602 -1.7971539
-3.8651171 1.3439435 -1.7971491
-3.8964257 1.2503107 -1.7971488
-3.9987695 0.86905152 -1.797148
-4.0360155 0.67516232 -1.7971475
-4.0511522 0.57760006 -1.7971473
-4.086699 -0.21018706 -1.797146
-4.071836 -0.40706024 -1.7971456
-4.0608201 -0.50518495 -1.7971455
-4.047461 -0.60297364 -1.7971454
-4.0317187 -0.70045227 -1.7971454
-3.9932225 -0.89410001 -1.797145
-3.9454491 -1.0856707 -1.7971449
-3.9181445 -1.1805322 -1.7971449
-3.888535 -1.2747095 -1.7971448
-2.8530469 -2.9335022 -1.797145
-2.7814648 -3.0014763 -1.797145
-2.6334569 -3.1321456 -1.7971452
-2.5571289 -3.1947644 -1.7971454
-2.3194139 -3.3713183 -1.7971458
-2.1540821 -3.4792712 -1.797146
-1.8088477 -3.6706433 -1.7971467
-1.7197461 -3.7132134 -1.7971469
-1.629707 -3.7536192 -1.797147
-1.5386523 -3.7918408 -1.7971472
-1.1661328 -3.9224586 -1.7971481
-0.87941402 -3.9965215 -1.7971487
-0.78277344 -4.0165744 -1.7971488
-0.4902539 -4.0626693 -1.7971497
-0.29374999 -4.0815878 -1.7971503
-0.19515625 -4.0874896 -1.7971504
0.0022265625 -4.0921502 -1.797151
0.19955078 -4.0872831 -1.7971514
0.29814452 -4.0812798 -1.7971518
0.39648438 -4.0729017 -1.797152
0.59248048 -4.0490394 -1.7971526
0.78710938 -4.0157533 -1.7971532
0.88371092 -3.9955959 -1.7971536
0.97986329 -3.9731162 -1.7971539
1.0754297 -3.9483242 -1.7971542
1.1703515 -3.9212329 -1.7971545
1.3581445 -3.8602223 -1.7971551
1.5427344 -3.7902243 -1.7971557
1.9876367 -3.5770373 -1.7971573
2.0733593 -3.5280461 -1.7971575
2.157871 -3.4770062 -1.7971579
2.2411132 -3.4239392 -1.7971581
2.3230469 -3.3688817 -1.7971585
2.4036522 -3.3118634 -1.7971587
2.5606055 -3.1920757 -1.7971594
2.6368554 -3.1293752 -1.7971597
2.7115819 -3.0648549 -1.79716
2.8562305 -2.9304996 -1.7971606
2.9261131 -2.8607464 -1.7971609
2.9942577 -2.7893262 -1.7971612
3.060703 -2.7162805 -1.7971616
3.1253123 -2.6416564 -1.7971618
3.1881444 -2.5654941 -1.7971622
3.2490819 -2.4878383 -1.7971624
3.4205272 -2.2463667 -1.7971632
3.5740039 -1.9931332 -1.7971641
4.0325389 -0.6961807 -1.7971674
4.048203 -0.59871459 -1.7971677
4.0614452 -0.50086671 -1.7971678
4.0808787 -0.30438873 -1.7971683
4.0870314 -0.20585449 -1.7971684
4.0912304 0.090235591 -1.7971689
4.0740232 0.38585693 -1.7971693
4.0506053 0.58190918 -1.7971694
3.9979296 0.87330627 -1.7971699
3.1681054 0.77256471 -1.4321136
2.8658788 0.77256405 -1.303539
2.6133008 0.77256531 -1.1967893
3.5822461 1.9783105 -1.7971705
3.5334766 2.0641479 -1.7971705
3.4298046 2.2321739 -1.7971705
3.3749413 2.3142626 -1.7971704
3.1362889 2.6286871 -1.7971702
3.0058203 2.7768993 -1.7971702
2.9379492 2.8486004 -1.79717
2.7971289 2.986994 -1.7971699
2.6498241 3.1184325 -1.7971698
2.5737891 3.1814454 -1.7971696
2.4963281 3.2426109 -1.7971694
2.2553124 3.4146385 -1.7971692
1.9157813 3.6160557 -1.7971685
1.6492773 3.7451282 -1.7971679
1.5584766 3.7838202 -1.7971678
1.4667187 3.8203142 -1.7971677
1.3741406 3.8545849 -1.7971674
1.2807617 3.8866093 -1.7971672
1.1866211 3.9163764 -1.7971671
0.99632812 3.9690478 -1.7971666
0.90031248 3.991925 -1.7971663
0.60925782 4.0465746 -1.7971656
0.51146483 4.0600944 -1.7971654
0.21648437 4.0864477 -1.7971646
0.019140625 4.0921335 -1.7971641
-0.079531245 4.0913978 -1.7971638
-0.37519529 4.0749326 -1.7971629
-0.47343749 4.064693 -1.7971628
-0.57134765 4.0520878 -1.7971624
-0.66892576 4.0371222 -1.7971622
-0.86287105 4.0001621 -1.7971616
-0.9591406 3.9781804 -1.7971612
-1.2442968 3.8984039 -1.7971603
-1.3379687 3.8672473 -1.79716
-1.4308398 3.8338459 -1.7971597
-1.5229101 3.7982109 -1.7971594
-1.6141211 3.7603662 -1.7971591
-1.8818164 3.6337919 -1.7971581
-2.0548632 3.5387926 -1.7971575
-2.1396875 3.4881878 -1.7971573
-2.2232032 3.4355547 -1.7971569
-2.4658203 3.2657866 -1.7971559
-2.5438867 3.2053528 -1.7971556
-2.8409178 2.9453137 -1.7971543
-3.9131835 1.1967621 -1.7971487
-3.9409375 1.1020093 -1.7971483
-4.010293 0.81413269 -1.7971478
-4.0287695 0.71715206 -1.7971476
-4.058672 0.52199459 -1.7971472
-4.0791211 0.32561889 -1.7971469
-4.0858006 0.22712035 -1.7971467
-4.0915036 -0.068942867 -1.7971461
-4.0758395 -0.36463317 -1.7971456
-4.0658593 -0.462843 -1.7971456
-4.0534959 -0.56080568 -1.7971455
-4.0217381 -0.75566769 -1.7971452
-4.0023241 -0.85246766 -1.7971452
-3.956543 -1.0445099 -1.797145
-3.9302146 -1.1396645 -1.7971449
-3.9015625 -1.2341464 -1.7971449
-2.8125584 -2.9723542 -1.797145
-2.5902734 -3.1679602 -1.7971454
-2.434453 -3.2892101 -1.7971455
-2.2729492 -3.4028044 -1.7971458
-1.9344921 -3.6059899 -1.7971464
-1.7583398 -3.6951015 -1.7971467
-1.6686914 -3.7364452 -1.7971469
-1.4865038 -3.8125844 -1.7971473
-1.3941211 -3.8473353 -1.7971475
-1.3008984 -3.8798492 -1.7971478
-1.2069141 -3.9101031 -1.797148
-1.112246 -3.9380805 -1.7971481
-1.0168945 -3.963768 -1.7971483
-0.72759765 -4.0269318 -1.7971491
-0.6302734 -4.043313 -1.7971493
-0.53253907 -4.0573444 -1.7971494
-0.43451172 -4.0690088 -1.7971498
-0.23771484 -4.0852351 -1.7971503
-0.040390626 -4.0919514 -1.7971509
0.058300778 -4.0917354 -1.7971511
0.45228514 -4.0670805 -1.7971522
0.64794922 -4.0405359 -1.7971529
0.84205079 -4.0045824 -1.7971535
0.93843746 -3.9831054 -1.7971537
1.4109179 -3.8412383 -1.7971553
1.7744921 -3.6874194 -1.7971565
1.8629297 -3.6435378 -1.7971568
1.9502734 -3.5975389 -1.797157
2.1215429 -3.4992864 -1.7971578
2.2878516 -3.3928847 -1.7971584
2.3690233 -3.3367083 -1.7971586
2.5272069 -3.2185595 -1.7971592
2.6795115 -3.0929198 -1.7971598
2.7533593 -3.0273833 -1.7971601
2.8255858 -2.9600804 -1.7971605
3.0322657 -2.7480004 -1.7971613
3.0976562 -2.6740515 -1.7971617
3.3408787 -2.3631492 -1.7971629
3.3969336 -2.2818661 -1.7971632
3.4509764 -2.199254 -1.7971635
3.5030272 -2.1153655 -1.7971636
3.5530467 -2.0302441 -1.797164
2.7083592 -0.77256501 -1.2368774
3.9848242 -0.93141174 -1.7971668
4.0061131 -0.83501524 -1.7971672
4.041738 -0.64081544 -1.7971674
4.0559959 -0.54312742 -1.7971678
4.0679297 -0.44512388 -1.7971679
4.0846872 -0.24839446 -1.7971683
4.0894728 -0.14978698 -1.7971684
4.0918946 -0.051089782 -1.7971687
4.0919337 0.047635496 -1.7971689
4.0896287 0.14633179 -1.797169
4.0564451 0.53970641 -1.7971694
4.0422654 0.6374054 -1.7971696
2.9893944 0.77256471 -1.3559957
2.4873047 0.77256531 -1.1438435
3.554785 2.0272455 -1.7971705
3.5048242 2.1124108 -1.7971705
3.4528711 2.1963422 -1.7971705
3.3429101 2.3603246 -1.7971704
3.2850194 2.4402831 -1.7971704
3.2251756 2.5188184 -1.7971704
3.163496 2.5958905 -1.7971704
2.8986132 2.8886235 -1.79717
2.755918 3.0250719 -1.7971699
2.6821485 3.090672 -1.7971698
1.9533203 3.5959113 -1.7971685
1.8660156 3.6419842 -1.7971684
1.7776366 3.6859398 -1.7971683
1.5064257 3.8048332 -1.7971677
1.3211523 3.8730614 -1.7971673
1.0375977 3.9584575 -1.7971667
0.94181639 3.9823346 -1.7971663
0.65136719 4.0400109 -1.7971658
0.55373043 4.0545502 -1.7971655
0.45572266 4.0667243 -1.7971652
0.2590625 4.0839725 -1.7971647
0.16046874 4.0890307 -1.7971644
0.061777342 4.091712 -1.7971641
-0.036953125 4.0920105 -1.797164
-0.13564453 4.0899229 -1.7971636
-0.2342578 4.0854597 -1.7971634
-0.5291211 4.0578189 -1.7971625
-0.82115233 4.0089283 -1.7971617
-0.91763669 3.987951 -1.7971613
-1.1089063 3.9390435 -1.7971607
-1.2035937 3.9111497 -1.7971605
-1.3908789 3.8485401 -1.7971598
-1.5748827 3.7769706 -1.7971592
-1.6655469 3.7378795 -1.797159
-1.7552148 3.6966107 -1.7971586
-1.8438672 3.6531901 -1.7971584
-1.9314843 3.6076458 -1.797158
-2.3515625 3.348994 -1.7971563
-2.6633203 3.1068187 -1.7971551
-2.7375 3.0416651 -1.7971548
-3.8695507 1.331184 -1.7971491
-3.9292772 1.1429956 -1.7971486
-3.9556639 1.0478698 -1.7971482
-4.0016403 0.85585445 -1.797148
-4.0530272 0.56423336 -1.7971473
-4.0654688 0.46629393 -1.797147
-4.0832419 0.26965576 -1.7971467
-4.0920506 -0.026329955 -1.7971463
-4.0901952 -0.12503967 -1.7971461
-4.0793943 -0.32217711 -1.7971458
-4.0109568 -0.81075162 -1.7971452
-3.9902732 -0.90727264 -1.797145
-3.9672265 -1.0032703 -1.797145
-3.9141796 -1.1934576 -1.7971449
-2.9135351 -2.8734534 -1.7971449
-2.771543 -3.0106404 -1.797145
-2.6980858 -3.0766258 -1.7971452
-2.5466015 -3.2031834 -1.7971454
-2.3891015 -3.3222876 -1.7971456
-2.2260742 -3.4336565 -1.797146
-2.1425977 -3.4863598 -1.7971461
-2.0579102 -3.5370347 -1.7971463
-1.7966796 -3.6765947 -1.7971467
-1.7075 -3.7188661 -1.7971469
-1.434082 -3.8326099 -1.7971475
-1.058125 -3.9529629 -1.7971482
-0.96246094 -3.9773412 -1.7971486
-0.37865233 -4.0745859 -1.7971499
-0.28025389 -4.0825367 -1.7971503
0.015683593 -4.0921206 -1.797151
0.2130664 -4.0866022 -1.7971516
0.31160155 -4.0802741 -1.7971518
0.40994141 -4.0715709 -1.797152
0.50802732 -4.0604978 -1.7971524
0.60583985 -4.0470624 -1.7971526
0.70330077 -4.0312715 -1.797153
0.89693356 -3.9926596 -1.7971536
0.99296874 -3.9698606 -1.7971539
1.1832812 -3.9173491 -1.7971545
1.2774609 -3.8876648 -1.7971548
1.3708789 -3.8557165 -1.7971551
1.4634961 -3.821528 -1.7971554
1.5552343 -3.7851133 -1.7971557
1.6460937 -3.7464938 -1.797156
1.9127344 -3.617655 -1.7971569
2.1692967 -3.469866 -1.7971579
2.2523632 -3.4165251 -1.7971581
2.7946093 -2.9893429 -1.7971603
3.0696678 -2.7061663 -1.7971616
3.1966014 -2.5549583 -1.7971622
3.3161132 -2.3978043 -1.7971628
3.3729882 -2.3171086 -1.797163
3.4279101 -2.2350638 -1.7971634
3.4808006 -2.1517227 -1.7971636
3.1565039 -0.7725665 -1.4271634
4.0171876 -0.780007 -1.7971673
4.0348239 -0.68286741 -1.7971674
4.0736327 -0.38930419 -1.7971681
4.0818553 -0.29092041 -1.7971683
4.0877147 -0.19236541 -1.7971684
4.092207 0.0050201416 -1.7971687
4.0908985 0.10373657 -1.7971689
4.0811329 0.30093506 -1.7971692
4.0618749 0.49743164 -1.7971694
4.0487108 0.59527528 -1.7971696
4.033164 0.69276977 -1.7971696
4.0152926 0.78986263 -1.7971698
3.9949999 0.88649839 -1.7971699
3.1232812 0.77256405 -1.4129987
2.8286912 0.77256471 -1.287781
2.5819335 0.77256531 -1.1835821
3.5266407 2.0757978 -1.7971705
3.1903515 2.5628045 -1.7971704
3.0630078 2.7137029 -1.7971702
2.9285545 2.8582788 -1.79717
2.7141602 3.0625751 -1.7971698
2.6395116 3.1271594 -1.7971698
2.5633202 3.1899219 -1.7971696
2.4856055 3.2508283 -1.7971694
2.4064648 3.309845 -1.7971693
2.3259375 3.3669317 -1.7971693
2.2440233 3.4220624 -1.7971692
2.1608202 3.4752002 -1.797169
1.9906836 3.5753801 -1.7971687
1.8158984 3.6672325 -1.7971684
1.726914 3.7099681 -1.7971681
1.5459374 3.788944 -1.7971678
1.4541016 3.8251348 -1.7971677
1.1736914 3.9202678 -1.7971671
1.078789 3.9474394 -1.7971667
0.88712889 3.9948766 -1.7971662
0.59589845 4.0485625 -1.7971656
0.20302734 4.0871382 -1.7971646
-0.093085937 4.0911136 -1.7971638
-0.19169922 4.087678 -1.7971635
-0.29029295 4.0818634 -1.7971632
-0.3886328 4.0736699 -1.7971629
-0.48683593 4.0631089 -1.7971625
-0.58472657 4.0501838 -1.7971623
-0.68224609 4.0348969 -1.7971622
-0.77939451 4.0172625 -1.7971618
-1.067832 3.9503796 -1.7971609
-1.2571094 3.894273 -1.7971603
-1.3507227 3.8628149 -1.79716
-1.7166406 3.7146831 -1.7971587
-1.9807616 3.5808172 -1.7971578
-2.0666015 3.5319891 -1.7971574
-2.1511719 3.4811096 -1.797157
-2.2345116 3.4282007 -1.7971568
-2.3972461 3.316433 -1.7971562
-2.6308203 3.1343884 -1.7971553
-2.7056835 3.070009 -1.7971549
-2.7789452 3.0038452 -1.7971547
-3.8874609 1.2779919 -1.7971488
-3.9171484 1.1838422 -1.7971487
-3.9445703 1.0889971 -1.7971483
-3.9924803 0.89747071 -1.797148
-4.0311327 0.70385128 -1.7971475
-4.0469141 0.60640866 -1.7971473
-4.0603709 0.50860351 -1.7971472
-4.0801759 0.31216308 -1.7971467
-4.0920897 0.016286621 -1.7971463
-4.091289 -0.082436219 -1.7971461
-4.0745897 -0.3780838 -1.7971456
-4.036582 -0.67175871 -1.7971454
-3.9994922 -0.8656714 -1.7971452
-3.9530859 -1.0575738 -1.7971449
-3.9264452 -1.1526297 -1.7971449
-3.8662694 -1.3406742 -1.7971448
-2.9433203 -2.842957 -1.7971449
-2.8027735 -2.9816127 -1.797145
-2.7300196 -3.0483601 -1.7971452
-2.6556835 -3.1133342 -1.7971452
-2.5024219 -3.237802 -1.7971455
-2.4235742 -3.2972264 -1.7971455
-2.0945702 -3.515413 -1.7971461
-1.9226366 -3.6123533 -1.7971464
-1.7461133 -3.7008855 -1.7971467
-1.5655664 -3.7807999 -1.7971472
-1.4739257 -3.8174675 -1.7971473
-1.2881055 -3.8841178 -1.7971478
-1.1940038 -3.914063 -1.797148
-1.0992187 -3.9417284 -1.7971482
-1.0038086 -3.9671001 -1.7971483
-0.90783203 -3.9901617 -1.7971486
-0.81132811 -4.0109053 -1.7971488
-0.71431637 -4.0293097 -1.7971492
-0.51916015 -4.0590787 -1.7971497
-0.22425781 -4.0859966 -1.7971504
-0.125625 -4.0902176 -1.7971505
-0.026953124 -4.0920606 -1.7971509
0.071816407 -4.0915203 -1.7971511
0.26910156 -4.0832982 -1.7971518
0.36748046 -4.0756168 -1.7971519
0.46568358 -4.0655675 -1.7971522
0.75847656 -4.0212479 -1.7971531
1.1424218 -3.9294577 -1.7971543
1.4236132 -3.8365591 -1.7971553
1.6973242 -3.723572 -1.7971562
1.7866601 -3.6815436 -1.7971565
1.8749413 -3.6373718 -1.7971568
2.048203 -3.5427063 -1.7971574
2.2166991 -3.4397938 -1.797158
2.2990429 -3.3853185 -1.7971584
2.380039 -3.3288708 -1.7971586
2.6145508 -3.1480479 -1.7971597
2.689707 -3.084059 -1.79716
3.0413086 -2.7379925 -1.7971616
3.231328 -2.5108957 -1.7971623
3.3486912 -2.3521183 -1.7971629
3.404453 -2.2706509 -1.7971632
3.51 -2.1037993 -1.7971638
2.5090234 -0.7725659 -1.1529491
2.7426171 -0.7725668 -1.2513516
4.0088282 -0.82179898 -1.7971672
4.0577731 -0.52974761 -1.7971678
4.0785937 -0.33341065 -1.7971681
4.0899806 -0.13629852 -1.7971685
4.084043 0.25841856 -1.7971692
4.0766406 0.35686645 -1.7971693
4.0668359 0.45510557 -1.7971693
4.0232811 0.74800599 -1.7971698
3.9824998 0.94119197 -1.7971699
2.6833789 0.77256405 -1.2263296
3.5480859 2.0389655 -1.7971705
3.445586 2.2077246 -1.7971705
3.3913476 2.2902026 -1.7971704
3.3350976 2.3713477 -1.7971704
3.2769139 2.4511108 -1.7971704
3.216836 2.5294487 -1.7971704
3.1549022 2.6063139 -1.7971704
3.0910938 2.6816645 -1.7971702
3.0255272 2.755451 -1.7971702
2.889082 2.8981726 -1.79717
2.5963867 3.1630645 -1.7971696
2.519336 3.2247746 -1.7971696
2.4408007 3.2846098 -1.7971694
2.3608594 3.3425322 -1.7971693
2.1968749 3.4525139 -1.797169
1.9414452 3.6023424 -1.7971685
1.7654492 3.6917882 -1.7971683
1.585332 3.7726429 -1.7971679
1.3083984 3.8774004 -1.7971673
0.92867184 3.9854186 -1.7971663
0.73535156 4.0255723 -1.797166
0.63806641 4.0421381 -1.7971656
0.34404296 4.0776896 -1.7971649
0.14697266 4.0895395 -1.7971644
-0.2477539 4.0846648 -1.7971634
-1.1979687 3.6631012 -1.79716
-1.3732617 3.6010563 -1.7971596
-1.459707 3.5668786 -1.7971592
-1.6300781 3.4923174 -1.7971586
-1.7138476 3.4519775 -1.7971584
-1.796582 3.409627 -1.797158
-1.9589844 3.3190007 -1.7971574
-2.038496 3.2707739 -1.797157
-2.1168163 3.2206469 -1.7971568
-2.1938868 3.1686437 -1.7971565
-2.2696483 3.1147954 -1.7971562
-2.3441405 3.0591369 -1.7971559
-2.6279688 2.8190289 -1.7971548
-2.6952343 2.7548096 -1.7971545
-3.6360157 1.2777368 -1.7971497
-3.6657617 1.1896484 -1.7971493
-3.6934178 1.100871 -1.7971492
-3.7990234 0.64841002 -1.7971481
-3.8258593 0.46441466 -1.7971478
-3.843828 0.27933776 -1.7971473
-3.8528514 0.093606569 -1.797147
-3.8528514 -0.092335507 -1.7971467
-3.8495116 -0.18525603 -1.7971466
-3.8439257 -0.27806669 -1.7971466
-3.8360937 -0.37071684 -1.7971464
-3.826035 -0.4631491 -1.7971463
-3.7825193 -0.73861969 -1.797146
-3.7636132 -0.82965207 -1.7971458
-3.7191992 -1.0102191 -1.7971456
-3.693789 -1.0996454 -1.7971456
-3.6661718 -1.1884351 -1.7971455
-2.6289258 -2.8181474 -1.7971458
-2.5601561 -2.8807464 -1.7971458
-2.4899218 -2.9416692 -1.797146
-2.4182422 -3.000879 -1.7971461
-1.8794531 -3.3646493 -1.797147
-1.7977148 -3.4090142 -1.7971472
-1.5465235 -3.5300927 -1.7971476
-1.3744335 -3.6005805 -1.797148
-1.2871679 -3.6326885 -1.7971481
-1.1991992 -3.6626823 -1.7971483
-1.1104492 -3.6905463 -1.7971486
-1.0210937 -3.7162621 -1.7971487
-0.93117183 -3.7398131 -1.7971491
-0.74966794 -3.7803793 -1.7971493
-0.65828121 -3.7973623 -1.7971497
-0.47435546 -3.8246953 -1.7971501
-0.28929687 -3.8431265 -1.7971505
-0.10359374 -3.8526113 -1.797151
-0.010625 -3.8539891 -1.7971513
0.08234375 -3.8531249 -1.7971516
0.17523438 -3.850018 -1.7971518
0.26808593 -3.8446727 -1.797152
0.45320311 -3.8272688 -1.7971526
0.63728511 -3.8009582 -1.7971531
0.72876954 -3.7844775 -1.7971535
0.81986326 -3.7657964 -1.7971537
0.91046876 -3.7449248 -1.7971541
1.0900781 -3.6966541 -1.7971545
1.5269727 -3.5386212 -1.797156
1.6118945 -3.5007548 -1.7971563
1.7788867 -3.4189336 -1.7971569
2.0214648 -3.2813466 -1.7971579
2.1774023 -3.1800289 -1.7971584
2.4736915 -2.9554348 -1.7971596
2.5442383 -2.8949018 -1.7971598
2.6808984 -2.7688196 -1.7971605
2.7468944 -2.7033412 -1.7971607
2.8113475 -2.6362891 -1.7971609
3.0522852 -2.3531399 -1.7971622
3.162246 -2.203182 -1.7971625
3.2144725 -2.1262577 -1.7971629
2.7832615 -0.7725662 -1.3469282
3.759043 -0.85049194 -1.7971663
3.7957029 -0.66819578 -1.7971668
3.8107226 -0.57643586 -1.7971671
3.8235157 -0.484328 -1.7971672
3.8340428 -0.39195678 -1.7971673
3.8485155 -0.20657043 -1.7971678
3.8523827 -0.1136734 -1.7971679
3.8533983 0.072272949 -1.7971683
3.8505077 0.16521057 -1.7971683
3.8453906 0.25805297 -1.7971684
3.8380468 0.35074341 -1.7971685
3.828496 0.44322813 -1.7971687
3.8026366 0.62737423 -1.7971689
3.7864256 0.71892577 -1.797169
3.7473438 0.90071654 -1.7971692
2.645371 0.77256531 -1.28509
3.2866015 2.0129066 -1.7971698
3.2371092 2.0916071 -1.7971698
3.0774024 2.3202178 -1.7971696
2.9015625 2.5366838 -1.7971694
2.8395507 2.6059387 -1.7971694
2.7758203 2.6736846 -1.7971693
2.6436133 2.8044555 -1.7971692
2.5751953 2.8674114 -1.7971692
2.5052929 2.9287035 -1.797169
2.2114258 3.1564667 -1.7971685
2.0566015 3.2594562 -1.7971684
1.9773828 3.3081207 -1.7971683
1.8969921 3.3548589 -1.7971681
1.8155469 3.3996458 -1.7971679
1.3932031 3.5934124 -1.7971671
1.2182813 3.6564262 -1.7971667
1.0405078 3.7109282 -1.7971662
0.95066404 3.7349494 -1.7971661
0.86027342 3.7567973 -1.7971658
0.58638668 3.8091662 -1.7971652
0.49429688 3.8222051 -1.7971649
0.40197265 3.8330157 -1.7971647
0.30937499 3.8415954 -1.7971644
0.12371094 3.8520422 -1.797164
-0.06222656 3.8535271 -1.7971635
-0.15517578 3.8509064 -1.7971632
-0.2480078 3.8460381 -1.7971629
-0.70904297 3.7882366 -1.7971616
-0.80019528 3.7700293 -1.7971613
-0.89093751 3.7496257 -1.7971611
-0.9810937 3.7270422 -1.7971607
-1.1597656 3.6753771 -1.7971601
-1.2480664 3.6463292 -1.7971598
-1.3356836 3.6151605 -1.7971596
-1.4224805 3.5818865 -1.7971592
-1.508496 3.5465269 -1.7971591
-1.5935937 3.5091021 -1.7971587
-1.7609961 3.4281507 -1.7971581
-2.0831249 3.2425139 -1.7971569
-2.160742 3.1913159 -1.7971567
-2.3121483 3.0833783 -1.797156
-2.5290821 2.9081018 -1.7971553
-2.6664062 2.7827289 -1.7971547
-3.6531835 1.22776 -1.7971494
-3.6817381 1.139273 -1.7971492
-3.7324023 0.96036071 -1.7971488
-3.7743945 0.77921873 -1.7971483
-3.7920702 0.68793517 -1.7971482
-3.8075781 0.59625548 -1.797148
-3.8407421 0.3193469 -1.7971475
-3.8057811 -0.60755765 -1.7971461
-3.79 -0.69919068 -1.797146
-3.7049999 -1.0611291 -1.7971456
-3.6783593 -1.1501962 -1.7971455
-3.649492 -1.2385958 -1.7971455
-2.6581249 -2.7906163 -1.7971458
-2.5900195 -2.8539314 -1.7971458
-2.5204101 -2.9155829 -1.797146
-2.4493554 -2.9755356 -1.797146
-2.3768554 -3.0337572 -1.7971461
-2.2277539 -3.1448705 -1.7971464
-2.1512499 -3.1976988 -1.7971464
-2.0734961 -3.2486651 -1.7971466
-1.9143749 -3.3448977 -1.7971469
-1.7508007 -3.4333432 -1.7971472
-1.4979492 -3.5509686 -1.7971476
-1.4118359 -3.5860705 -1.797148
-1.237246 -3.6499977 -1.7971482
-1.1488086 -3.6787829 -1.7971483
-0.97003907 -3.7299135 -1.7971488
-0.87978512 -3.7522314 -1.7971491
-0.78900391 -3.7723651 -1.7971493
-0.69779295 -3.7903018 -1.7971494
-0.51414061 -3.8195491 -1.7971499
-0.421875 -3.8308418 -1.7971503
0.04222656 -3.8537734 -1.7971514
0.32080078 -3.8406355 -1.7971522
0.41333982 -3.8317816 -1.7971525
0.50566405 -3.8206964 -1.7971529
0.8714453 -3.7542019 -1.7971539
0.96171874 -3.7320867 -1.7971542
1.0515234 -3.7078032 -1.7971545
1.4038867 -3.5892389 -1.7971556
1.4900585 -3.5543282 -1.7971559
1.6597656 -3.4783239 -1.7971565
1.7431836 -3.4372721 -1.7971568
1.9069531 -3.3491936 -1.7971574
1.9871875 -3.302218 -1.7971578
2.0662498 -3.2533209 -1.797158
2.14416 -3.2025292 -1.7971584
2.3701367 -3.039093 -1.7971591
2.4427342 -2.9810314 -1.7971594
2.5837109 -2.8597429 -1.79716
2.9090624 -2.528048 -1.7971613
2.9691992 -2.4571362 -1.7971617
3.0276172 -2.3847933 -1.7971619
3.0842774 -2.3110645 -1.7971623
3.1391015 -2.2359881 -1.7971625
3.1921484 -2.1596146 -1.7971628
3.3399608 -1.92312 -1.7971635
2.6748633 -0.7725656 -1.2982965
3.7499804 -0.88958585 -1.7971663
3.7703514 -0.79886442 -1.7971666
3.8045115 -0.61608124 -1.7971668
3.8509765 -0.15378052 -1.7971678
3.8536131 -0.060835876 -1.7971679
3.8520312 0.12510559 -1.7971683
3.841543 0.31075621 -1.7971685
3.8220313 0.49568602 -1.7971687
3.7762303 0.77078122 -1.797169
3.0306444 0.77256471 -1.4584101
2.7515428 0.77256471 -1.3326819
3.3541992 1.8982122 -1.7971698
3.3074412 1.9785748 -1.7971698
3.2587304 2.0577862 -1.7971698
3.1013672 2.2880487 -1.7971696
2.9874218 2.4349761 -1.7971696
2.8035157 2.6446342 -1.7971694
2.6726952 2.7767766 -1.7971693
2.6049414 2.8404412 -1.7971692
2.5356641 2.9024572 -1.797169
2.4648829 2.9627819 -1.797169
2.3927147 3.0213819 -1.7971689
2.3191407 3.0782201 -1.7971687
2.2441797 3.1332707 -1.7971687
2.0904491 3.2378643 -1.7971684
2.0117383 3.2873523 -1.7971683
1.685625 3.4658892 -1.7971677
1.5165039 3.543159 -1.7971673
1.4305664 3.5787108 -1.7971672
0.98951167 3.7248485 -1.7971661
0.80871093 3.768239 -1.7971658
0.71753907 3.7866497 -1.7971655
0.62597656 3.8028564 -1.7971654
0.5340625 3.8168504 -1.797165
0.2566992 3.8454766 -1.7971643
0.070917964 3.8533776 -1.7971638
-0.022089843 3.8539653 -1.7971636
-0.48570311 3.8232963 -1.7971623
-0.57777345 3.8104644 -1.7971619
-0.76093751 3.7781584 -1.7971613
-0.94222653 3.7370536 -1.7971609
-1.0321289 3.7132385 -1.7971606
-1.1214257 3.6872602 -1.7971603
-1.2100195 3.6591289 -1.79716
-1.2979687 3.6288738 -1.7971597
-1.5569726 3.5255084 -1.7971587
-1.7252148 3.4463031 -1.7971584
-1.8894335 3.3590727 -1.7971578
-2.2042773 3.1613841 -1.7971565
-2.2799218 3.1072888 -1.7971562
-2.4271092 2.9936998 -1.7971556
-2.5687108 2.8731482 -1.7971549
-3.6401951 1.2657324 -1.7971494
-3.6696484 1.1775476 -1.7971493
-3.6970117 1.0886804 -1.7971492
-3.7660742 0.81847531 -1.7971483
-3.7847068 0.72738647 -1.7971482
-3.8011718 0.63586849 -1.7971481
-3.8273828 0.45178527 -1.7971476
-3.844707 0.26664978 -1.7971473
-3.8539648 -0.012078857 -1.7971469
-3.8488672 -0.1979544 -1.7971466
-3.8429687 -0.29074982 -1.7971464
-3.8348632 -0.38337067 -1.7971464
-3.8244922 -0.47577208 -1.7971463
-3.7970898 -0.65968716 -1.797146
-3.7800586 -0.75109589 -1.797146
-3.7394335 -0.93254942 -1.7971458
-3.6901171 -1.1118298 -1.7971456
-3.6622264 -1.2005285 -1.7971455
-3.6322069 -1.2885232 -1.7971455
-2.5506248 -2.8891792 -1.7971458
-2.4083006 -3.0088439 -1.7971461
-2.1843946 -3.1751263 -1.7971464
-2.0287499 -3.2767928 -1.7971467
-1.949121 -3.3247807 -1.7971469
-1.8683202 -3.3708358 -1.797147
-1.7864648 -3.4149261 -1.7971472
-1.619707 -3.4971206 -1.7971475
-1.4491016 -3.5711756 -1.7971478
-1.2751758 -3.6369143 -1.7971482
-1.1870507 -3.6666207 -1.7971483
-0.91882813 -3.742866 -1.7971491
-0.82826167 -3.7639427 -1.7971492
-0.73722655 -3.7828295 -1.7971494
-0.64574218 -3.7995148 -1.7971497
-0.46171874 -3.8262408 -1.7971501
-0.36929688 -3.8362651 -1.7971504
-0.27666014 -3.8440588 -1.7971505
-0.18380859 -3.8496177 -1.7971509
-0.090898432 -3.852932 -1.7971511
0.0020703124 -3.854002 -1.7971513
0.095039062 -3.8528326 -1.7971516
0.18796875 -3.8494208 -1.7971519
0.46583983 -3.8257537 -1.7971526
0.74126953 -3.7820532 -1.7971535
1.012832 -3.718549 -1.7971543
1.1909961 -3.6653709 -1.7971549
1.2791015 -3.6355755 -1.7971551
1.4529492 -3.5696516 -1.7971557
1.623457 -3.4954147 -1.7971563
1.7073046 -3.4552398 -1.7971567
1.7901367 -3.4130466 -1.7971569
1.9527148 -3.3227324 -1.7971575
2.1106641 -3.2246809 -1.7971581
2.187871 -3.1728282 -1.7971585
2.5537696 -2.8864946 -1.7971598
2.6226952 -2.8240483 -1.7971601
2.6900389 -2.7599576 -1.7971605
2.8199999 -2.6269994 -1.7971611
2.9434764 -2.4879241 -1.7971616
3.0026367 -2.4161932 -1.7971618
3.1156836 -2.2685585 -1.7971624
3.1119921 -0.7725659 -1.4951969
3.7618358 -0.83808869 -1.7971663
3.780957 -0.74709535 -1.7971667
3.8251367 -0.47173676 -1.7971672
3.8353319 -0.37930724 -1.7971673
3.8491991 -0.19387664 -1.7971678
3.8531249 0.084987178 -1.7971683
3.8499804 0.17790954 -1.7971684
3.8445311 0.27073362 -1.7971684
3.8369141 0.36340269 -1.7971685
3.8005469 0.63991576 -1.797169
3.7652733 0.82248473 -1.7971692
2.6133008 0.77256471 -1.2707394
3.3278515 1.944021 -1.7971698
3.2302148 2.1022711 -1.7971698
3.1250584 2.2556262 -1.7971696
2.9537303 2.4757085 -1.7971696
2.7669725 2.6828246 -1.7971693
2.7014453 2.748795 -1.7971693
2.6343553 2.8131616 -1.7971692
2.4956055 2.9369524 -1.797169
2.4240234 2.9963012 -1.7971689
2.3510547 3.0539031 -1.7971689
2.2766798 3.1097302 -1.7971687
2.124043 3.215924 -1.7971684
2.0458398 3.2662213 -1.7971684
1.8859179 3.3611009 -1.7971681
1.8042773 3.4056177 -1.7971679
1.721621 3.4481494 -1.7971678
1.6379101 3.4886796 -1.7971677
1.5533007 3.5271733 -1.7971673
1.117539 3.6884582 -1.7971663
1.0282617 3.7143426 -1.7971662
0.93835938 3.7380645 -1.7971661
0.75693357 3.7789726 -1.7971656
0.66556638 3.7961328 -1.7971654
0.38931641 3.8343213 -1.7971647
0.11099609 3.8524315 -1.797164
-0.074921876 3.8532994 -1.7971635
-0.26072264 3.8452008 -1.7971629
-0.35337889 3.8377893 -1.7971625
-0.63 3.8021839 -1.7971618
-1.2600781 3.6421928 -1.7971598
-1.5201563 3.5415289 -1.797159
-1.6051757 3.5038245 -1.7971586
-1.8543555 3.3785686 -1.7971579
-1.9353319 3.3328485 -1.7971575
-2.171289 3.1841705 -1.7971567
-2.3958201 3.0188122 -1.7971557
-2.5386717 2.8997376 -1.7971551
-3.657207 1.2156951 -1.7971494
-3.7116015 1.0378815 -1.7971491
-3.7355468 0.94803768 -1.7971487
-3.7573438 0.85764527 -1.7971486
-3.7769334 0.76675534 -1.7971483
-3.8095117 0.58368528 -1.797148
-3.8224609 0.49161375 -1.7971478
-3.8417578 0.30666929 -1.7971475
-3.8534374 -0.064928584 -1.7971469
-3.8507226 -0.1578723 -1.7971467
-3.8458202 -0.2507138 -1.7971466
-3.8386328 -0.34341338 -1.7971464
-3.8292577 -0.43591857 -1.7971463
-3.8175976 -0.52816957 -1.7971461
-3.7876756 -0.71168941 -1.797146
-3.7694335 -0.80285889 -1.7971458
-3.726289 -0.98373687 -1.7971456
-3.7014842 -1.0733408 -1.7971456
-3.6454296 -1.2506301 -1.7971455
-2.6489062 -2.799377 -1.7971458
-2.5805664 -2.8624654 -1.7971458
-2.1406837 -3.2047789 -1.7971466
-1.9836328 -3.3043041 -1.7971467
-1.5715624 -3.519002 -1.7971475
-1.4862109 -3.5558929 -1.7971478
-1.4000195 -3.5907106 -1.797148
-1.2251953 -3.6540599 -1.7971482
-1.1366796 -3.682554 -1.7971486
-1.0475 -3.7089043 -1.7971487
-0.86742187 -3.7551134 -1.7971492
-0.77654296 -3.7749493 -1.7971493
-0.68529296 -3.7925842 -1.7971497
-0.59355468 -3.8080108 -1.7971498
-0.50152344 -3.8212252 -1.7971501
-0.40921873 -3.8322122 -1.7971503
-0.31662109 -3.8409722 -1.7971505
-0.13103515 -3.8517764 -1.797151
-0.038046874 -3.8538158 -1.7971511
0.14785156 -3.8511686 -1.7971518
0.3334375 -3.8395567 -1.7971522
0.42595702 -3.8303978 -1.7971525
0.79308593 -3.7715356 -1.7971536
0.9740625 -3.7288964 -1.7971542
1.06375 -3.7043135 -1.7971545
1.2411718 -3.6486969 -1.7971551
1.3288476 -3.6176958 -1.7971554
1.5017773 -3.5493939 -1.7971559
1.586953 -3.5121319 -1.7971562
1.8367773 -3.3881798 -1.797157
1.9179882 -3.3428831 -1.7971574
1.9980663 -3.2956438 -1.7971578
2.076992 -3.2464855 -1.797158
2.2311914 -3.1425273 -1.7971586
2.3801367 -3.0312555 -1.7971592
2.5931249 -2.8512011 -1.79716
2.7276366 -2.722811 -1.7971606
2.7925389 -2.6562195 -1.7971609
2.8558006 -2.5880792 -1.7971612
2.9173827 -2.5184317 -1.7971616
2.9773047 -2.4473233 -1.7971617
3.0354881 -2.3747909 -1.7971619
3.1992383 -2.1490705 -1.7971629
3.3462889 -1.9120938 -1.7971636
2.4799218 -0.7725656 -1.2112234
3.8065233 -0.60352629 -1.7971671
3.8199804 -0.51152009 -1.7971672
3.8401756 -0.32667601 -1.7971674
3.8514843 -0.14106934 -1.7971678
3.847168 0.23069213 -1.7971684
3.8404491 0.32343566 -1.7971685
3.82041 0.50829649 -1.7971689
3.8070507 0.60031068 -1.7971689
3.7914257 0.69197387 -1.797169
3.7536719 0.87403321 -1.7971692
2.989414 0.77256405 -1.4397851
2.4873242 0.77256471 -1.2145228
3.3008788 1.9894744 -1.7971698
3.251914 2.0685253 -1.7971698
3.1483788 2.2229669 -1.7971696
3.0938084 2.2982678 -1.7971696
2.9793944 2.4448199 -1.7971696
2.9195116 2.5159831 -1.7971694
2.7299414 2.7205188 -1.7971693
2.6635156 2.7855823 -1.7971693
2.5955467 2.8490245 -1.7971692
2.2338476 3.1406603 -1.7971687
2.1574218 3.1936321 -1.7971685
2.0797656 3.244746 -1.7971684
2.0008984 3.2939684 -1.7971683
1.5899609 3.5108087 -1.7971674
1.5047656 3.5481427 -1.7971673
1.4187695 3.5834074 -1.7971672
1.2442774 3.6476672 -1.7971667
1.1558985 3.6766198 -1.7971666
1.0668945 3.7034326 -1.7971662
0.88703126 3.7505786 -1.797166
0.70507812 3.7889977 -1.7971655
0.52148438 3.8185911 -1.797165
0.42923826 3.830061 -1.7971647
0.33667967 3.8392999 -1.7971646
0.24398437 3.8463042 -1.7971643
0.15113281 3.851068 -1.7971641
0.058183592 3.8535912 -1.7971638
-0.034804687 3.8538713 -1.7971635
-0.22064453 3.8477063 -1.797163
-0.3133789 3.8412597 -1.7971628
-0.49832031 3.8216705 -1.7971623
-0.68205076 3.7931836 -1.7971617
-0.77335936 3.7756255 -1.7971613
-0.86421871 3.7558677 -1.7971611
-0.95460933 3.7339275 -1.7971607
-1.1335742 3.6835356 -1.7971603
-1.3099219 3.624572 -1.7971597
-1.3969336 3.5919163 -1.7971594
-1.4832422 3.5571692 -1.7971591
-1.5685937 3.5203509 -1.7971587
-1.6530859 3.4814856 -1.7971585
-1.9005274 3.3528259 -1.7971578
-2.060039 3.2572527 -1.797157
-2.1380079 3.2066076 -1.7971568
-2.2901366 3.0997498 -1.7971562
-2.3643165 3.0436015 -1.7971559
-3.6443357 1.2537171 -1.7971494
-3.6735156 1.1654346 -1.7971493
-3.7005858 1.0764765 -1.7971491
-3.7254686 0.986889 -1.7971488
-3.76875 0.80604672 -1.7971483
-3.8288476 0.43915588 -1.7971476
-3.8506248 0.16111939 -1.7971472
-3.8229101 -0.48838988 -1.7971463
-3.8100195 -0.58046967 -1.7971461
-3.7363281 -0.94488615 -1.7971458
-3.6864061 -1.1240029 -1.7971456
-2.6779101 -2.7716405 -1.7971456
-2.5410936 -2.8975813 -1.797146
-2.3983593 -3.0167758 -1.7971461
-1.857168 -3.3769825 -1.797147
-1.7751757 -3.420804 -1.7971472
-1.6921484 -3.4626348 -1.7971473
-1.6080859 -3.5024486 -1.7971475
-1.5231445 -3.5402246 -1.7971476
-1.4373437 -3.5759363 -1.7971478
-1.2631836 -3.6411028 -1.7971482
-1.1749609 -3.6705148 -1.7971483
-1.0861132 -3.6977935 -1.7971486
-0.90642577 -3.7458782 -1.7971491
-0.63316405 -3.801625 -1.7971497
-0.35664061 -3.8374648 -1.7971504
-0.17111328 -3.8502038 -1.7971509
-0.078203127 -3.8532109 -1.7971511
0.10777344 -3.8525014 -1.7971516
0.29341796 -3.8428197 -1.7971522
0.38607422 -3.8346255 -1.7971524
0.84470701 -3.7603056 -1.7971537
1.4647266 -3.5648363 -1.7971559
1.550293 -3.5284655 -1.797156
1.9636328 -3.3162701 -1.7971575
2.0430858 -3.2679379 -1.7971579
2.1213281 -3.2177007 -1.7971581
2.1983397 -3.1655915 -1.7971585
2.2740624 -3.1116414 -1.7971587
2.3484569 -3.0558789 -1.7971591
2.493125 -2.9390483 -1.7971597
2.5633006 -2.8780518 -1.7971598
2.6319726 -2.8153775 -1.7971601
2.8286717 -2.6176782 -1.7971611
3.0677538 -2.3329461 -1.7971622
3.1231444 -2.2582619 -1.7971624
3.2283983 -2.1049938 -1.797163
3.3262303 -1.946828 -1.7971635
3.7645898 -0.82566738 -1.7971666
3.7833984 -0.734613 -1.7971667
3.8000195 -0.64313078 -1.7971668
3.8144336 -0.55127168 -1.7971671
3.8366015 -0.36664885 -1.7971674
3.8530662 -0.088246457 -1.7971679
3.8540235 0.0047302246 -1.7971681
3.8436131 0.28342408 -1.7971685
3.835664 0.37606323 -1.7971685
3.8254881 0.46848449 -1.7971687
3.7984178 0.6524542 -1.797169
2.8286912 0.77256471 -1.367355
2.5819335 0.77256471 -1.2567182
3.2733006 2.034549 -1.7971698
3.1713281 2.1900585 -1.7971696
3.1175976 2.2659252 -1.7971696
3.0620117 2.3404737 -1.7971696
3.004668 2.4136627 -1.7971696
2.8847265 2.5557768 -1.7971694
2.7581444 2.6919396 -1.7971693
2.6924024 2.7576935 -1.7971693
2.4141405 3.0042839 -1.7971689
2.1905468 3.1709924 -1.7971685
2.035078 3.2729583 -1.7971683
1.9555273 3.3210979 -1.7971681
1.8748437 3.3673046 -1.7971679
1.6263866 3.494066 -1.7971674
1.4559765 3.5684443 -1.7971672
1.2821484 3.6345177 -1.7971668
1.1941211 3.6643872 -1.7971666
0.92601562 3.7411401 -1.797166
0.83550781 3.7623894 -1.7971658
0.74449217 3.7814507 -1.7971656
0.65304685 3.7983055 -1.7971654
0.46908203 3.8253839 -1.7971649
0.098320313 3.8527758 -1.797164
0.0053125001 3.8540263 -1.7971636
-0.27337891 3.8443182 -1.7971629
-0.3660742 3.836602 -1.7971625
-0.45849609 3.8266551 -1.7971623
-0.7340039 3.7834771 -1.7971616
-0.82507813 3.7646654 -1.7971612
-0.91566402 3.7436669 -1.7971609
-1.0951757 3.6951427 -1.7971605
-1.1840038 3.667644 -1.7971601
-1.2721094 3.6380119 -1.7971598
-1.4460741 3.5724206 -1.7971592
-1.531875 3.536494 -1.797159
-1.8654883 3.3724322 -1.7971578
-1.946328 3.3264477 -1.7971574
-2.025996 3.2785215 -1.797157
-2.1817577 3.1769891 -1.7971567
-2.3324218 3.0680578 -1.797156
-2.548203 2.8913476 -1.7971551
-2.6172071 2.8290339 -1.7971548
-3.6612108 1.2036188 -1.7971493
-3.6891992 1.1149499 -1.7971492
-3.7150195 1.0256256 -1.7971491
-3.8240623 0.47900513 -1.7971478
-3.8345115 0.38661498 -1.7971476
-3.8427343 0.29399779 -1.7971475
-3.8487108 0.20120727 -1.7971472
-3.8524218 0.10830322 -1.797147
-3.8539257 0.015335083 -1.7971469
-3.8532031 -0.077638246 -1.7971467
-3.8501952 -0.17056884 -1.7971467
-3.8374608 -0.35608277 -1.7971464
-3.8277733 -0.44855407 -1.7971463
-3.785332 -0.72418606 -1.797146
-3.7667382 -0.81529236 -1.7971458
-3.7459764 -0.90592372 -1.7971458
-3.6979296 -1.0855505 -1.7971456
-3.6706836 -1.1744434 -1.7971455
-3.6412303 -1.2626529 -1.7971455
-2.5011132 -2.9321532 -1.797146
-2.1300976 -3.2118268 -1.7971466
-2.0519922 -3.2622783 -1.7971467
-1.9727148 -3.3108325 -1.7971467
-1.8922656 -3.3574603 -1.7971469
-1.810703 -3.4021335 -1.797147
-1.7281054 -3.4448259 -1.7971472
-1.6444921 -3.4855108 -1.7971473
-1.4744922 -3.5607786 -1.7971478
-1.2131641 -3.6580822 -1.7971482
-1.035293 -3.7123375 -1.7971487
-0.94542968 -3.7362335 -1.7971488
-0.85499996 -3.7579534 -1.7971492
-0.67277342 -3.7948222 -1.7971497
-0.58103514 -3.8099499 -1.7971498
-0.48892578 -3.8228576 -1.7971501
-0.39658204 -3.8335423 -1.7971503
-0.21121094 -3.8482111 -1.7971507
0.1605664 -3.8506613 -1.7971518
0.34613281 -3.8384349 -1.7971524
0.43861327 -3.8289709 -1.7971525
0.53083986 -3.817276 -1.7971529
0.71435547 -3.7872303 -1.7971535
1.0759571 -3.700783 -1.7971545
1.3407227 -3.6132903 -1.7971554
1.9290234 -3.3365369 -1.7971574
2.0876758 -3.2396123 -1.797158
2.241504 -3.1351473 -1.7971586
2.3901367 -3.023385 -1.7971592
2.5332031 -2.9045825 -1.7971598
2.670332 -2.7790325 -1.7971603
2.7365625 -2.713805 -1.7971606
2.8012695 -2.6470001 -1.7971609
2.8642969 -2.5786519 -1.7971612
2.9256639 -2.5088043 -1.7971616
2.985332 -2.4374971 -1.7971618
3.0432811 -2.3647723 -1.7971619
3.153789 -2.2152355 -1.7971625
3.2063086 -2.1385076 -1.7971629
3.305742 -1.9813684 -1.7971634
3.3525586 -1.9010448 -1.7971636
2.7426171 -0.7725668 -1.3286738
3.0199609 -0.7725656 -1.4535807
3.8216796 -0.49893981 -1.7971672
3.8325584 -0.40658295 -1.7971673
3.8519139 -0.12836792 -1.7971678
3.8539257 -0.03540802 -1.7971679
3.8511131 0.15052184 -1.7971683
3.8463867 0.24338195 -1.7971684
3.8187304 0.52089351 -1.7971689
3.7507422 0.88641721 -1.7971692
2.4586523 0.77256531 -1.2017611
3.2943163 2.0003564 -1.7971698
3.1940038 2.1569214 -1.7971698
3.1410155 2.2333429 -1.7971696
3.0862305 2.3084667 -1.7971696
2.9712694 2.4546399 -1.7971696
2.9112108 2.5256047 -1.7971694
2.8494334 2.5950952 -1.7971694
2.785996 2.6630805 -1.7971693
2.654336 2.7943561 -1.7971692
2.5861132 2.8575749 -1.7971692
2.4452929 2.9789855 -1.797169
2.3727148 3.0371082 -1.7971689
2.2987304 3.0934613 -1.7971687
2.2234375 3.1480134 -1.7971685
2.0690625 3.2515929 -1.7971684
1.8284765 3.3926995 -1.7971679
1.6626953 3.4769428 -1.7971677
1.5783203 3.5160406 -1.7971674
1.4930469 3.553092 -1.7971673
1.4069335 3.5880737 -1.7971671
1.2322265 3.6517487 -1.7971667
0.78380859 3.7734904 -1.7971656
0.60091794 3.8069036 -1.7971652
0.50888669 3.8202934 -1.797165
0.32402343 3.8403888 -1.7971646
0.13843749 3.851546 -1.797164
-0.14044921 3.8514678 -1.7971632
-0.23333983 3.8469567 -1.797163
-0.32605469 3.8402045 -1.7971628
-0.41859373 3.8312199 -1.7971624
