# .PCD v0.7 - Point Cloud Data file format
VERSION 0.7
FIELDS x y z
SIZE 4 4 4
TYPE F F F
COUNT 1 1 1
WIDTH 16603
HEIGHT 1
VIEWPOINT 0 0 0 1 0 0 0
POINTS 16603
DATA ascii
-20.722979 12.37402 6.4672875
-20.936768 11.825807 6.443037
-21.37711 10.748564 6.4112797
-20.236141 9.5702343 5.9980555
-24.645927 10.93597 7.2247872
-17.935722 -7.6457591 5.2242994
-17.370625 -8.4173317 5.1721091
-16.940577 -8.7198801 5.1052527
-16.26334 -8.8741379 4.9642663
-16.410351 -10.010983 5.150753
-13.410732 -22.355703 6.9853325
-12.67126 -22.327324 6.8788829
-11.971913 -22.334024 6.7899346
-11.332842 -22.425253 6.7325377
-9.648242 -23.108183 6.709846
-9.1452541 -23.481867 6.7522869
-8.268652 -24.693291 6.9776378
-1.7585547 -8.5675478 2.3435259
-1.4812988 -8.2191467 2.2377934
-0.73323238 -8.9467077 2.4052992
-0.3064453 -9.1437445 2.451436
0.12833984 -8.6908455 2.3289595
0.96013671 -8.5903645 2.3161142
1.46375 -9.0947456 2.4682915
12.707831 -23.402346 7.1354942
15.692333 -10.521366 5.0623846
16.720284 -10.076501 5.2308688
16.79706 -9.57796 5.1810517
16.85915 -8.5630503 5.0666966
17.335791 -8.2850924 5.1483421
17.712666 -7.9459701 5.2017841
27.672079 7.1862879 7.6606607
27.071669 7.7323289 7.5439191
24.314989 8.8927679 6.9372482
24.904951 9.7962179 7.1709428
23.369501 10.521074 6.8671732
24.150126 11.581347 7.1766167
21.848583 11.133926 6.570631
21.88327 11.825336 6.6649661
23.827471 15.199954 7.5729966
22.725029 16.090275 7.4609461
21.538759 16.867775 7.330452
20.767412 17.08807 7.2062259
20.727627 17.911469 7.3403172
-20.255234 12.999307 6.4489245
-20.237177 12.308529 6.3467398
-23.635477 13.605126 7.3073788
-21.888954 11.905965 6.6766028
-21.405712 10.982188 6.4464622
-22.17959 10.711147 6.5997276
-23.526367 10.669255 6.9218163
-23.161493 9.8370075 6.742641
-17.449423 -7.271174 5.0652447
-17.999687 -8.0155897 5.2796063
-17.470585 -8.2908249 5.1816039
-17.283974 -9.2492456 5.2526464
-16.547001 -9.9104109 5.1681471
-8.4539547 -8.7939882 3.2685809
-15.403964 -22.673988 7.3448906
-12.91665 -22.334208 6.9131756
-9.8282423 -23.010546 6.7045135
-9.3151855 -23.354094 6.7371273
-8.8278418 -23.784914 6.7979503
-1.5315331 -8.1186581 2.2137549
-1.3794043 -8.4234343 2.2871165
-1.0323535 -9.0126028 2.4307098
-0.8142578 -9.0315962 2.4298241
-0.52634764 -7.9901681 2.1455986
-0.16030273 -9.1552048 2.453505
0.26238281 -8.5267744 2.2858243
0.50114256 -9.1199951 2.447382
1.0796192 -8.4350224 2.2785957
1.2528906 -8.2101011 2.225358
11.572588 -24.514643 7.2638073
15.033427 -22.654989 7.2853241
8.4823828 -9.017911 3.3173144
16.527548 -10.144675 5.1962409
16.532139 -9.0796518 5.0538931
16.874092 -8.7441807 5.0924149
27.868486 6.995626 7.6990108
27.143759 7.5144601 7.5467062
26.332079 7.978724 7.3724461
25.693857 8.4674988 7.2488685
24.651846 8.7890921 7.0127048
24.540966 9.4230909 7.0438242
23.566141 11.768524 7.0581174
21.871416 11.589872 6.6324005
23.424267 15.475316 7.5225549
21.60124 16.634762 7.3053818
21.024834 17.014698 7.2472363
20.982979 17.835829 7.3790808
-21.573643 14.849684 7.0176859
-20.139853 13.157977 6.4460864
-20.481874 12.686926 6.4556527
-20.611845 12.089103 6.4027801
-22.131151 10.910846 6.6115294
-18.000614 -7.8410354 5.2609787
-17.510498 -8.1357746 5.1736217
-15.753457 -9.2617102 4.8965821
-12.441679 -22.329523 6.8492484
-11.75917 -22.35704 6.7686481
-9.4843264 -23.226908 6.7224927
-8.6716404 -22.793427 6.5345397
-1.5807129 -8.0203314 2.1903818
-1.304336 -8.8503218 2.3970509
-1.1024414 -8.9775562 2.4235978
-0.88780272 -9.0251455 2.4299531
-0.40598631 -8.1480923 2.1859837
-0.013417969 -8.8649111 2.3753488
0.19478515 -8.609458 2.307488
0.39161131 -8.3698463 2.2451463
0.64655274 -9.1053724 2.445919
0.86818355 -9.1089907 2.4518082
1.0192969 -8.5134468 2.2974629
1.1953418 -8.2847443 2.242878
12.885547 -23.29162 7.1323662
13.445019 -22.975805 7.1329651
14.05458 -22.740152 7.1630497
14.761982 -22.643946 7.2428789
15.635049 -9.2558899 4.8684711
16.897079 -9.4599304 5.1888218
16.889931 -8.9275684 5.1189623
17.31671 -8.6250849 5.1836963
16.620909 -7.7837219 4.9177308
27.484873 7.3685203 7.6246171
24.995928 8.6830444 7.0902386
24.498016 9.8589354 7.0758414
23.518095 10.130712 6.8614502
23.861063 11.674073 7.1177402
23.095381 12.715663 7.0643339
23.714403 15.391131 7.5752401
22.772959 15.573824 7.3924422
22.667215 16.318033 7.4837976
21.763388 16.47912 7.3146014
21.285048 16.940374 7.2891541
20.521786 17.157942 7.1675205
20.483759 17.983564 7.3037338
-21.259638 14.890084 6.9547477
-20.366493 12.846065 6.4520397
-20.727119 12.384623 6.469696
-20.935253 11.832932 6.4436197
-21.245342 11.340627 6.4529343
-21.378086 10.756762 6.4124994
-24.648516 10.9456 7.2264647
-18.191631 -8.2728424 5.354794
-17.37417 -8.4128418 5.1724381
-16.099735 -9.2897425 4.9805417
-16.415165 -10.007438 5.1513615
-11.340361 -22.424047 6.7331572
-10.746064 -22.586411 6.7020707
-9.6546583 -23.104702 6.70965
-1.4830956 -8.2155457 2.2369301
-1.3277344 -8.5271883 2.3123851
-1.1710449 -8.9342232 2.4143946
-0.96136719 -9.0187397 2.4302535
-0.52437496 -9.04247 2.4269915
-0.30904296 -9.1425333 2.4511337
0.1258789 -8.693861 2.3297575
0.32639647 -8.4488306 2.2655463
0.57287109 -9.1176748 2.44789
1.1368945 -8.3606148 2.2608378
12.188125 -23.81436 7.1681967
12.701279 -23.406425 7.1356182
13.247099 -23.066383 7.1273651
13.836826 -22.800882 7.1464539
15.686533 -10.524017 5.0614896
16.793388 -9.582283 5.180769
27.08663 7.7281394 7.5474615
26.223856 8.1712866 7.359879
24.326845 8.889123 6.9398932
23.84206 10.041008 6.9318914
23.378525 10.517057 6.868937
24.160791 11.57792 7.1787987
23.830107 15.191947 7.5724359
22.796534 15.319076 7.3593717
22.725887 16.081036 7.4597058
21.819208 16.243614 7.2886748
20.776533 17.085478 7.2076707
21.440849 19.439852 7.7548871
-20.251133 13.004937 6.4488182
-20.231533 12.31309 6.3460793
-21.887197 11.913195 6.6771116
-22.17787 10.718236 6.6001382
-23.532314 10.680189 6.9244843
-17.446669 -7.2641149 5.063838
-17.47414 -8.2863312 5.1819487
-16.924053 -9.5825958 5.211246
-16.551884 -9.906826 5.1687775
-16.149364 -10.203154 5.1184983
-15.413437 -22.673897 7.3462887
-12.925488 -22.334595 6.9144526
-12.214111 -22.331703 6.8202891
-11.552988 -22.390032 6.7509632
-10.938115 -22.515743 6.7072997
-10.36957 -22.724941 6.6931047
-9.3211908 -23.349579 6.7366018
-8.4001169 -24.400723 6.9147339
-1.2391211 -8.8913183 2.4054461
-1.0349609 -9.0123777 2.4307294
-0.81687498 -9.0313673 2.4298258
-0.52776366 -7.9765258 2.1419761
-0.38215819 -9.108407 2.4427376
0.055634763 -8.7800589 2.3526566
0.71907222 -9.113121 2.4494421
0.94022459 -9.1070766 2.4532044
1.2508692 -8.2127228 2.2259693
11.614531 -26.245302 7.6902471
12.016494 -23.957912 7.1817279
12.523505 -23.533825 7.1431403
14.276679 -22.698988 7.1851764
15.023721 -22.654594 7.2837906
8.4808102 -9.0214605 3.3176885
16.011923 -10.374923 5.1122937
16.522411 -10.148124 5.1955533
16.812725 -9.7755842 5.2111087
16.51417 -9.0759716 5.0492005
16.874659 -8.7506495 5.0933485
27.875479 6.9888282 7.700387
27.158936 7.5102305 7.5503283
26.336063 7.9716282 7.3729143
25.706728 8.4635153 7.2518148
24.663935 8.7853737 7.015419
24.552979 9.4195433 7.0464897
24.172705 9.9493027 7.004241
23.211473 10.215476 6.7951865
22.88327 10.737485 6.7730079
23.576513 11.765213 7.0601983
21.870985 11.581602 6.6312618
23.654989 13.266908 7.2671523
24.873857 14.750641 7.7487273
23.434462 15.472354 7.5244021
22.596064 15.714693 7.3748541
21.874912 16.009981 7.2635064
21.610556 16.632002 7.3069091
20.992119 17.833117 7.3804755
-19.696913 13.090427 5.7695084
-20.892647 12.475318 5.9363079
-21.646357 11.546646 5.9849987
-20.417715 9.6561127 5.5098944
-21.808945 9.6771326 5.8205919
-22.692743 9.4205942 5.9940324
-22.81753 8.8330774 5.9689298
-17.235468 -6.8606076 4.5254955
-17.461386 -7.4435592 4.6306443
-17.993925 -8.1892147 4.8228869
-17.292685 -8.9011154 4.7446513
-17.407909 -22.383375 6.91747
-15.745273 -22.397299 6.6789207
-14.957881 -22.407684 6.5724411
-13.410742 -22.3557 6.359755
-10.181045 -22.819218 6.0957437
-9.6482515 -23.108208 6.1089463
-9.1452732 -23.481899 6.1475849
-8.2686815 -24.693373 6.3527684
-8.1098928 -26.311771 6.7168069
-1.7621679 -8.5851393 2.1380317
-1.3144727 -8.4580927 2.0881424
-0.73563474 -8.9761801 2.197104
-0.46680662 -8.0902586 1.9769214
0.1258789 -8.52388 2.0796502
0.56017578 -8.8746738 2.1693099
0.7895996 -9.0349865 2.2125106
1.1337109 -8.3192043 2.0482504
1.6151659 -10.035474 2.4796846
11.368955 -25.116102 6.7256241
12.19418 -23.809229 6.5258012
12.707822 -23.402313 6.4964561
14.51663 -22.654497 6.5639095
17.03956 -22.777657 6.9394498
15.647588 -10.491368 4.5958738
16.139755 -10.265595 4.6662841
16.700771 -10.064755 4.7568607
17.128525 -9.22649 4.7462101
16.927841 -8.5979509 4.6317401
17.349854 -8.2918177 4.6910782
17.71163 -7.945509 4.7356586
17.828407 -7.4864573 4.7171855
25.444696 8.6156616 6.5534878
25.183622 11.337812 6.7375193
24.412001 11.706929 6.6047564
22.780966 16.129887 6.809495
21.095284 17.357843 6.6644397
21.441298 19.451494 7.0623803
9.2822456 23.549707 6.1751757
7.202529 23.03434 5.8875885
6.5578513 22.898676 5.8107586
5.9327245 22.779184 5.7424212
5.3247266 22.674952 5.682086
4.7316308 22.58523 5.6293411
4.1513963 22.50934 5.5838189
3.021826 22.397074 5.5133324
1.9219824 22.334877 5.4687881
1.3791406 22.321924 5.4558764
0.83900386 22.320879 5.4490819
-0.78017575 22.389076 5.4651871
-2.4293749 22.567167 5.537128
-2.993125 22.65229 5.5741148
-19.789082 13.385216 5.8282328
-20.241503 12.990511 5.8674145
-22.332811 12.855279 6.2862792
-21.813408 11.86487 6.0576892
-24.861074 12.754972 6.8165522
-19.946064 9.6325169 5.4035954
-21.672373 9.828476 5.805305
-22.785917 9.0348263 5.9797049
-17.384092 -7.2439466 4.5943503
-17.920147 -8.5041771 4.8389544
-17.380478 -8.7680616 4.7489982
-16.851688 -9.0179176 4.6626377
-17.700283 -22.380928 6.9610157
-16.843975 -22.388096 6.8347955
-16.017675 -22.39502 6.7169108
-15.221846 -22.405893 6.6080461
-14.44748 -22.411152 6.5048413
-13.664795 -22.364405 6.3936691
-12.916631 -22.334204 6.2940531
-10.931298 -22.51827 6.106452
-9.3151855 -23.354134 6.1337852
-8.8278513 -23.784966 6.1891637
-8.3956537 -24.410774 6.2974429
-8.1384277 -25.660336 6.5672097
-7.0737009 -26.713791 6.7415037
-1.2186913 -8.7632198 2.1583836
-1.0181152 -8.8883619 2.1825178
-0.50808591 -7.7129931 1.8856825
-0.33460936 -8.0301971 1.9606876
-0.15781249 -9.0124435 2.198946
0.48848632 -8.889534 2.1718955
1.0745801 -8.3956518 2.0648494
1.2471777 -8.1726627 2.0168242
11.329736 -25.581888 6.8254232
11.572568 -24.514589 6.6132736
12.022568 -23.952778 6.5381031
12.529521 -23.528742 6.5030246
13.644267 -22.88682 6.5001926
14.284843 -22.69746 6.5424418
15.033427 -22.654993 6.6328754
15.896669 -22.744741 6.7695289
16.750263 -22.775141 6.8969121
17.618565 -22.78269 7.0259399
8.4817381 -9.0172348 3.0201085
15.578203 -10.629683 4.6007557
15.972138 -10.342575 4.6420169
15.850459 -9.2099953 4.472137
16.91493 -9.2898846 4.7078223
16.917978 -8.7669125 4.6484118
16.206512 -7.4293737 4.3492498
27.461123 7.602324 6.95119
25.612373 8.4406443 6.5787539
24.109932 9.2575779 6.3003616
24.722216 11.609107 6.6628966
22.606571 16.555504 6.8356519
21.802959 16.790113 6.7132502
21.152275 17.117828 6.6381912
21.207197 19.866621 7.0890326
8.0999317 23.24288 6.0046062
7.4248633 23.083931 5.9155188
6.7729783 22.942583 5.8356986
6.1415429 22.817749 5.7645588
4.9301562 22.613911 5.6463056
4.3457909 22.533417 5.5983829
3.7729881 22.466425 5.5574942
3.209873 22.412426 5.5233588
2.6547656 22.371025 5.4957614
2.1059473 22.341944 5.4745321
1.5618848 22.324961 5.4595456
1.0209961 22.319906 5.4506946
-0.59739256 22.376034 5.4606371
-1.1404589 22.418749 5.476182
-1.687832 22.473783 5.4979758
-20.56292 12.737126 5.900773
-20.78623 11.526424 5.798305
-23.907099 12.512409 6.5826988
-22.584082 8.539402 5.8901377
-17.30792 -7.0473962 4.558908
-17.886024 -7.7911191 4.7593317
-17.883877 -8.3092699 4.8107362
-16.454393 -8.6337404 4.5331097
-15.690732 -9.2248354 4.4403148
-13.918935 -22.368977 6.4271579
-13.166884 -22.345093 6.3271265
-12.441679 -22.329521 6.2358561
-11.75916 -22.35705 6.1624775
-9.484355 -23.226936 6.1204553
-8.5204487 -24.133026 6.2434735
-8.0984669 -27.026846 6.8829017
-1.6993457 -8.6222382 2.1438811
-1.419873 -8.2488766 2.0419285
-1.0862597 -8.8457499 2.1741536
-0.44852537 -9.0019503 2.1987736
-0.23035155 -8.9789667 2.1911635
-0.013154296 -8.6912737 2.1202614
0.19108398 -8.4455938 2.0608521
0.41663086 -8.9045715 2.17467
1.1898534 -8.2466717 2.0326302
10.063477 -26.694756 6.9596367
11.465312 -24.808613 6.6671872
11.870507 -24.138037 6.5620708
12.359101 -23.671278 6.5143914
13.445009 -22.975777 6.4941611
14.761963 -22.643946 6.5942349
15.597939 -22.70895 6.7208533
16.464384 -22.772654 6.8553295
17.32206 -22.780111 6.9814258
15.806123 -10.418669 4.6182661
15.448242 -9.145299 4.3795066
17.381298 -9.7310305 4.8595157
16.90913 -8.9377089 4.6658192
17.206415 -8.5701389 4.6893988
17.845732 -7.8379302 4.7549057
25.499794 -7.0307446 6.4528666
25.435713 -6.356699 6.3959494
27.046455 7.9553418 6.8775597
25.781651 8.264348 6.6047406
24.280596 9.0969448 6.3253884
24.32913 9.7909756 6.3977509
25.037764 11.509458 6.7224655
24.117645 11.799615 6.5499845
22.070986 16.712015 6.7536488
21.634268 17.218296 6.7452402
21.040146 17.591305 6.6904478
20.664364 18.142101 6.7082562
21.357685 19.683523 7.0855212
9.0444241 23.485233 6.1394591
8.3334274 23.300694 6.03687
6.990459 22.988354 5.8616204
6.3524413 22.85807 5.7876172
5.1302247 22.644199 5.6641107
4.5415039 22.559042 5.613749
3.3988476 22.429224 5.5341382
2.8412108 22.383602 5.5043516
2.2904589 22.350395 5.4809928
1.7449609 22.32934 5.4639082
1.2031933 22.320278 5.4529986
-0.4149121 22.364359 5.4567828
-0.95685548 22.402979 5.4702497
-1.5025879 22.453823 5.4899192
-2.0537012 22.517187 5.5159307
-2.6118164 22.593388 5.5484209
-3.1786132 22.682909 5.5876231
-20.399004 12.866572 5.883604
-20.886757 12.480004 5.9356613
-20.796757 11.754652 5.8277469
-21.002686 10.567872 5.7356982
-22.82622 8.8440199 5.9718766
-17.997988 -8.1847858 4.8233414
-17.752382 -8.595974 4.8117285
-17.296835 -8.8969307 4.7450871
-17.251093 -9.4066324 4.7934299
-16.395048 -9.9951744 4.6842747
-17.418182 -22.383291 6.918992
-16.571934 -22.390375 6.7955484
-14.967187 -22.407621 6.5736871
-13.419756 -22.356092 6.3609691
-11.980165 -22.333944 6.1827874
-10.187441 -22.815756 6.0956049
-9.1512794 -23.477383 6.1470895
-8.6761131 -23.951029 6.214457
-1.7644628 -8.5837812 2.1378193
-1.3163769 -8.4542971 2.0872986
-1.153916 -8.8035469 2.1660182
-0.95189452 -8.9298592 2.1908035
-0.73823243 -8.9759483 2.1970999
-0.46833983 -8.0762281 1.9735267
-0.31236327 -9.2408619 2.2556212
-0.08475586 -8.7776423 2.1414292
0.1234668 -8.5267811 2.0803502
0.78697264 -9.0350599 2.2124732
0.95338863 -8.5524397 2.0993135
1.6120703 -10.034756 2.479393
11.365371 -25.127531 6.7278051
12.188106 -23.81431 6.5262265
12.70126 -23.406397 6.4965701
17.908213 -22.78521 7.0698743
15.641807 -10.494016 4.5950656
15.609599 -9.4132748 4.4468307
17.179913 -9.8028193 4.8253574
16.92749 -8.6039124 4.6323175
27.12044 7.7377906 6.8801203
25.952606 8.0867624 6.6314459
24.617723 8.9954128 6.3939309
24.486885 9.6235828 6.4184141
24.955517 10.509936 6.6058316
23.164989 16.391737 6.9228635
21.097315 17.349274 6.6634955
21.450752 19.448814 7.0636444
9.2910547 23.552118 6.1765113
8.5700293 23.360712 6.0702972
7.8775682 23.18915 5.9745593
6.5654392 22.9002 5.8116245
5.9401073 22.780512 5.7431879
4.7386813 22.586216 5.6299291
3.5887792 22.447451 5.5456576
-0.23270507 22.354057 5.4536271
-2.4226563 22.566225 5.5367236
-2.9863086 22.651196 5.5736375
-22.339258 12.867574 6.2891355
-21.667528 9.833847 5.8047705
-22.64292 9.6244345 6.0020819
-17.381367 -7.2369218 4.5930805
-17.956669 -7.9902258 4.7946796
-17.90749 -8.4918432 4.8348799
-16.855879 -9.0138922 4.6630712
-16.853701 -9.5427504 4.7248192
-16.129677 -10.190718 4.6544266
-16.853985 -22.388012 6.8362479
-15.231211 -22.40583 6.609314
-14.456572 -22.411089 6.506032
-12.214101 -22.331703 6.2094922
-11.552998 -22.390034 6.1463733
-10.36958 -22.724955 6.0936956
-9.3212109 -23.349609 6.1333051
-8.8334274 -23.778847 6.1882424
-8.4001369 -24.400805 6.2955003
-7.0805664 -26.708569 6.7406979
-1.3696094 -8.3485365 2.0638726
-1.0205371 -8.8868427 2.1822159
-0.81126952 -8.9694662 2.1970572
-0.33543944 -7.9946728 1.9520375
0.054550782 -8.6096945 2.1004
0.71307617 -9.0371695 2.2114961
0.89126951 -8.6328621 2.1172035
11.329804 -25.601925 6.8299007
11.567158 -24.521441 6.6142187
12.220644 -22.964691 6.3461542
13.637197 -22.889975 6.4999714
14.27666 -22.698978 6.5416923
16.740028 -22.775051 6.8954129
17.60792 -22.782597 7.0243359
15.572412 -10.63235 4.5999579
15.966201 -10.345295 4.64116
15.835966 -9.2076721 4.4687977
16.907255 -9.2920055 4.7064328
17.466904 -8.5293579 4.7419968
16.216455 -7.4395962 4.3524981
17.837315 -7.6676998 4.736474
26.125263 7.9078231 6.6588988
25.618349 8.4344177 6.5796661
24.12167 9.2540712 6.302731
24.178173 9.9515533 6.378408
25.103817 11.048294 6.6910057
24.733349 11.605593 6.6649876
23.827959 11.8907 6.4964743
21.154287 17.109364 6.637279
21.179131 17.992001 6.7793722
21.719286 19.372431 7.0998998
21.216534 19.86381 7.0902276
9.541338 23.621439 6.2148538
8.1081638 23.244892 6.0057306
7.4327731 23.085722 5.9165277
6.780654 22.94417 5.8365998
6.148994 22.819145 5.7653599
4.9372559 22.61495 5.6469216
4.3527341 22.534306 5.5989151
3.7798047 22.467154 5.5579438
3.2166014 22.412992 5.5237298
2.6613867 22.371439 5.4960527
2.1124511 22.342241 5.4747596
1.0274512 22.319893 5.4507627
0.48827147 22.326567 5.447927
-0.050693359 22.345118 5.4511662
-2.2344434 22.540552 5.5257788
-20.332012 13.512512 5.3761234
-20.679638 13.035228 5.3832679
-22.31579 12.60473 5.6440949
-21.693573 11.571821 5.4145002
-22.737997 9.4393854 5.4216571
-22.035976 8.5305281 5.2036548
-26.59827 -7.7143521 6.0988164
-17.396444 -7.4158773 4.1645775
-17.722919 -8.065876 4.2880964
-17.530468 -8.4947853 4.2898974
-15.729541 -9.0822077 3.9998877
-16.370487 -9.9866705 4.2229486
-18.285341 -22.375683 6.363605
-17.407656 -22.383036 6.2443705
-16.561768 -22.390127 6.1330333
-14.95748 -22.40708 5.9328427
-13.410732 -22.355698 5.7410088
-12.67124 -22.327324 5.6535239
-8.6705561 -23.957188 5.6107101
-8.2686911 -24.693459 5.734725
-8.1099415 -26.311935 6.0633659
-1.4571874 -8.0853491 1.8092281
-0.93575191 -8.8025742 1.9494098
-0.73067379 -8.9155769 1.9699562
-0.51555663 -8.9348888 1.970901
-0.08419922 -8.9886055 1.9795432
0.13265625 -8.9823208 1.9782887
0.34929687 -8.9746876 1.9778883
0.56602538 -8.9675026 1.9787391
0.78315431 -8.9610844 1.9809192
11.313838 -26.690884 6.3840795
11.724794 -24.322128 5.9460473
12.19415 -23.809195 5.890893
12.707783 -23.40229 5.8644104
13.843925 -22.797659 5.873631
14.51663 -22.654484 5.9252992
15.311962 -22.671938 6.0247865
16.191669 -22.769829 6.1528668
17.039228 -22.777189 6.2641788
16.081123 -10.228315 4.1970048
15.537354 -9.3636189 3.9949272
17.168798 -9.2481918 4.2945256
17.191338 -8.7317781 4.2461967
17.791533 -7.9813523 4.2942057
25.537313 -9.3012514 5.9851966
25.105595 11.302673 6.0631766
21.708876 17.862749 6.1910486
21.626865 19.619833 6.4304504
8.4338865 21.397324 5.0649085
7.7913084 21.256996 4.9857187
7.1716013 21.131044 4.9141436
6.572207 21.01852 4.8496666
5.9907908 20.918617 4.7918539
5.4252539 20.830635 4.7403173
4.8736229 20.753975 4.6947327
3.8052733 20.632637 4.6203165
3.2852831 20.587128 4.5910254
1.266582 20.49999 4.5230827
-0.2196582 20.530483 4.5214477
-2.7439647 20.76667 4.6129518
-21.930811 12.623889 5.5725365
-21.702518 11.804557 5.4405408
-20.712822 10.626704 5.1266336
-20.896122 9.4764385 5.052803
-22.265926 8.8286543 5.2747593
-17.770634 -7.9135876 4.2839103
-17.642929 -8.3726168 4.3005962
-17.460918 -8.8086405 4.306807
-16.392294 -8.7720833 4.0942664
-16.265272 -9.2157831 4.1169024
-16.374327 -9.8070068 4.2032056
-16.174921 -10.225863 4.2141495
-17.70002 -22.380585 6.2836823
-16.8437 -22.387764 6.1697388
-16.01745 -22.394688 6.063334
-14.447089 -22.410549 5.8718271
-13.664795 -22.364405 5.7716269
-12.916631 -22.334202 5.6817045
-10.931309 -22.518288 5.5123553
-10.362793 -22.72747 5.5007238
-9.8282518 -23.010599 5.5102253
-8.8278608 -23.785009 5.5870309
-8.1044331 -27.869986 6.3917131
-1.2013476 -8.6385288 1.9206706
-1.0034961 -8.7606573 1.9418724
-0.58813477 -8.9283352 1.9704444
-0.37284178 -8.9478798 1.9721974
0.27624023 -8.9772177 1.9778841
0.49289063 -8.9698477 1.9783058
0.70984375 -8.9632063 1.980044
0.88927734 -8.5893526 1.9016438
1.0696484 -8.3570709 1.8553957
1.5232031 -9.9814787 2.223552
11.572549 -24.51454 5.969851
12.529492 -23.528706 5.8703318
13.069609 -23.17687 5.8595562
14.284834 -22.697445 5.9059234
15.033418 -22.654989 5.9875641
16.74995 -22.774677 6.2257824
8.4811134 -9.0165701 2.7259831
15.926767 -10.313199 4.1784925
15.135176 -9.2900257 3.9108331
16.709579 -9.7091932 4.2558551
16.958055 -9.3135729 4.2606363
17.12085 -8.8720474 4.2464881
17.310009 -8.4465551 4.2415943
17.800283 -8.1599913 4.3122096
17.774893 -7.6347904 4.2601686
25.552763 -8.8466444 5.954896
27.157724 10.42785 6.4063554
24.992626 11.736086 6.0804448
21.890556 18.607269 6.3269238
21.760946 19.420879 6.4230938
9.3339357 21.609316 5.1837225
8.0053511 21.302666 5.0115476
5.6143456 20.859018 4.7570219
3.9825878 20.650209 4.6313548
3.459785 20.601397 4.6003399
2.9449217 20.562347 4.5744133
1.9335253 20.512661 4.5372882
0.93772459 20.499725 4.5191355
0.44254881 20.50684 4.5170355
-0.052480467 20.522978 4.5195508
-1.0470507 20.582676 4.5385456
-1.5490918 20.626474 4.5551209
-2.5692284 20.743076 4.6029139
-3.0900586 20.81646 4.6343989
-21.712782 12.73482 5.5432982
-21.68626 11.350084 5.3902636
-21.646172 10.029837 5.2537394
-20.531513 8.9179945 4.9295154
-26.596035 -7.9406462 6.1124115
-26.630196 -9.3724289 6.2170658
-17.676914 -8.2130976 4.2924376
-17.424267 -8.612937 4.280333
-17.137949 -8.9924088 4.2620788
-15.349755 -9.0243711 3.9212096
-17.996094 -22.378105 6.3239036
-17.129063 -22.38537 6.2073078
-16.292938 -22.392378 6.0984125
-15.485175 -22.399149 5.9967089
-14.705576 -22.408791 5.9025426
-13.166884 -22.345087 5.7115574
-12.441679 -22.329521 5.6291656
-11.759179 -22.357056 5.5629277
-10.554296 -22.657011 5.5042877
-10.007958 -22.913132 5.5062137
-8.9839058 -23.614227 5.5639133
-8.097744 -27.024433 6.2127094
-1.0707129 -8.7190981 1.9345292
-0.86992186 -8.8433924 1.9568776
-0.66070312 -8.9218225 1.9701289
-0.407666 -8.1818495 1.804029
-0.013603515 -8.9876976 1.9792582
0.41980469 -8.97229 1.9780253
0.63663083 -8.965373 1.9793119
1.0097852 -8.4341307 1.870615
1.1844629 -8.2093582 1.8265727
11.465273 -24.808529 6.0185156
11.870488 -24.137993 5.923636
13.44499 -22.975754 5.8623328
14.761972 -22.643946 5.9526811
16.464071 -22.772194 6.1882496
16.580439 -9.8155556 4.2431707
16.338545 -9.1472359 4.1235576
17.016787 -8.9946156 4.238698
17.249365 -8.5915432 4.2437391
16.369951 -7.6662002 3.980695
17.78331 -7.8105211 4.2772913
27.059326 8.6738977 6.2576237
27.070557 9.4037237 6.3108811
26.626865 11.469852 6.3846164
25.180244 11.574965 6.1029763
24.376904 11.926466 5.9763007
21.392275 18.781193 6.2689304
8.2221384 21.350019 5.038271
6.9744725 21.093008 4.8924093
6.3811717 20.984657 4.8301415
5.8051462 20.88872 4.7744174
5.2443552 20.804478 4.7248497
4.161006 20.668945 4.6430016
2.6074219 20.541748 4.5599689
1.1050292 20.499359 4.5208893
-0.38103515 20.538691 4.5237775
-0.87855464 20.570015 4.5340266
-2.9134276 20.790552 4.6232004
-22.871151 13.665695 5.8672466
-21.693867 11.58004 5.4154086
-20.715136 9.1989107 4.9914188
-22.746748 9.450696 5.4243932
-22.044014 8.5409555 5.2061357
-26.604696 -7.7079172 6.0997806
-26.650448 -9.8613596 6.2578225
-17.848076 -7.0984898 4.2299223
-17.724609 -8.060461 4.2879424
-17.535292 -8.4908638 4.290482
-17.185791 -8.8398113 4.2559319
-16.84001 -9.1824884 4.2239695
-15.743837 -9.0843849 4.0028539
-15.754628 -22.396889 6.0302396
-14.966767 -22.407017 5.9339671
-12.679727 -22.32724 5.654429
-11.340371 -22.424067 5.5337591
-10.187451 -22.815781 5.5025706
-9.6546679 -23.104755 5.5144477
-9.151289 -23.477417 5.5490451
-8.1115236 -26.290165 6.058887
-1.4589648 -8.0818596 1.8085417
-1.3053613 -8.3835335 1.8684547
-0.93816406 -8.8010798 1.9491398
-0.086796872 -8.9893703 1.9797175
0.13006836 -8.9824133 1.9783006
0.34671873 -8.9747763 1.9778864
0.56343746 -8.9675817 1.9787214
0.78053707 -8.9611588 1.9808854
11.311367 -26.706503 6.3870301
11.365332 -25.127451 6.0732369
12.188086 -23.814281 5.8912816
13.836816 -22.800829 5.873425
14.508359 -22.656015 5.924603
15.301464 -22.67058 6.0232444
16.181572 -22.769609 6.1515427
17.028915 -22.7771 6.2628074
15.522841 -9.360961 3.9918895
15.916396 -9.0818653 4.0355372
17.189209 -8.7369423 4.2462931
16.665087 -7.9704618 4.0681019
25.536083 -9.3091726 5.985538
27.749891 9.3872595 6.4512234
27.196142 10.688334 6.4350109
25.10288 11.29277 6.0617356
24.687704 11.830423 6.0286894
21.705673 17.849554 6.1886535
9.1103029 21.555029 5.1533756
6.5792575 21.019785 4.8503966
4.3406053 20.688843 4.6552563
3.2914453 20.587631 4.5913539
1.7707226 20.508081 4.533062
0.77653319 20.501055 4.5179467
0.28153321 20.511099 4.5173454
-2.7377441 20.76581 4.6125827
-3.2613671 20.842592 4.645772
-21.853497 12.587786 5.5538135
-20.104502 9.7162104 4.9173117
-22.274179 8.8393402 5.2773113
-16.392059 -9.8111582 4.207027
-16.181181 -10.223249 4.2150092
-8.4541502 -8.7891226 2.6855943
-17.710468 -22.380497 6.2850952
-16.853741 -22.387678 6.1710529
-16.027128 -22.394604 6.0645585
-15.230801 -22.40522 5.9661317
-14.456182 -22.410488 5.8729014
-13.67372 -22.364563 5.7726798
-12.214111 -22.331703 5.6053662
-11.552988 -22.390045 5.5483923
-10.938115 -22.515781 5.5125146
-10.36959 -22.724976 5.5008454
-9.3212204 -23.34964 5.536602
-8.400156 -24.400873 5.6830235
-1.6249511 -8.600214 1.9274338
-1.3583008 -8.2795191 1.8476756
-0.80359375 -8.8845987 1.9645377
-0.59072262 -8.9281025 1.9704301
-0.37541991 -8.9476442 1.9721696
-0.16040039 -9.0111103 1.984727
0.27365234 -8.9773073 1.9778858
0.49031249 -8.9699335 1.9782933
0.8870703 -8.5921888 1.902216
1.0675391 -8.3597803 1.8559266
11.329736 -25.601784 6.1653857
11.567119 -24.521393 5.9707079
12.016455 -23.957836 5.9023981
12.523466 -23.533754 5.8706851
14.27666 -22.698965 5.9052458
8.4795408 -9.0201197 2.7263598
17.117157 -8.8763962 4.2462058
17.307861 -8.4516897 4.2416654
17.800596 -8.1663485 4.3128538
26.945673 8.871418 6.2472687
27.165205 9.6763391 6.3504639
25.003975 11.732572 6.0823808
24.082001 12.017474 5.9269519
9.3421679 21.611338 5.1848526
8.6641989 21.449892 5.0944543
7.3856149 21.173466 4.938313
6.1919336 20.952118 4.8113117
5.6210837 20.860043 4.7576237
4.5213475 20.709927 4.6681285
3.9889355 20.650854 4.6317596
2.9510643 20.562763 4.5746961
2.4426758 20.533144 4.5536594
1.9395019 20.512852 4.5374546
-1.0410644 20.582201 4.5383739
-1.5430566 20.625889 4.554893
-2.0499315 20.67915 4.5762482
-21.277422 14.140826 5.0257268
-21.541748 13.578645 5.0092783
-20.807255 12.42434 4.7673526
-19.870586 11.22358 4.4893556
-20.525166 10.948565 4.576201
-21.781885 10.30127 4.7399216
-22.189745 9.8461018 4.7755618
-24.975389 9.6684351 5.2684159
-17.332304 -7.3885393 3.7064514
-17.539717 -7.9824905 3.7909076
-17.399443 -8.4312963 3.8034747
-16.818729 -8.6571589 3.7211266
-16.587851 -9.0512085 3.7173033
-15.525801 -9.9932985 3.6321905
-17.407383 -22.3827 5.5779395
-16.561514 -22.389795 5.4784808
-14.95707 -22.406477 5.2995934
-14.166601 -22.373425 5.2093725
-13.410712 -22.35569 5.1283731
-12.67124 -22.327322 5.0502243
-10.181074 -22.819262 4.9154902
-9.6482716 -23.108255 4.9261389
-9.1453028 -23.481962 4.9573016
-8.2687206 -24.693521 5.1227746
-1.2927636 -8.3183765 1.6560206
-1.1192383 -8.5581989 1.6978908
-0.92255855 -8.6784115 1.7168217
-0.30070311 -8.9724245 1.7660322
-0.087666012 -9.3576307 1.8408991
0.56149411 -8.8955383 1.7533995
1.1234765 -8.2440748 1.6367503
11.429365 -26.963417 5.7610483
11.724766 -24.322079 5.3115187
12.194131 -23.809164 5.2622623
12.707773 -23.402258 5.2385998
13.253574 -23.062225 5.2325745
13.843906 -22.797636 5.2468486
14.51663 -22.654472 5.2929978
15.311962 -22.671944 5.3818712
15.654042 -10.495698 3.70755
15.452432 -9.3124352 3.5491161
16.635752 -9.4859743 3.7672064
16.528915 -7.8994713 3.6037962
27.762665 8.6595726 5.7209406
8.9591694 19.862858 4.2864771
8.3348627 19.736214 4.2144957
7.7339745 19.621643 4.1489563
6.5927539 19.425446 4.0354242
5.0016208 19.204123 3.903831
4.0014062 19.099636 3.8388207
3.5150878 19.059238 3.8125334
2.0961034 18.982653 3.7569335
1.632539 18.971424 3.745822
0.71305662 18.969837 3.7343543
0.25502929 18.979393 3.733933
-0.20323242 18.995882 3.7370532
-1.1246191 19.049891 3.7539885
-2.5350292 19.18539 3.8069236
-13.228916 23.237734 5.2601337
-14.001143 23.269541 5.3422904
-15.690312 23.437328 5.5483527
-16.589218 23.531097 5.6637058
-20.954969 14.923305 5.0607333
-20.30164 11.04257 4.546258
-21.646532 10.45372 4.7288313
-21.3687 9.0755835 4.5670366
-24.544453 9.7320995 5.1940527
-17.315107 -8.7350845 3.8150945
-16.058613 -9.0986948 3.630852
-16.376425 -9.8082504 3.7551525
-15.739306 -9.9504538 3.6630676
-8.4521675 -8.7921238 2.399164
-16.843466 -22.387428 5.5112762
-16.017187 -22.39436 5.4162169
-15.221005 -22.404676 5.3283048
-13.664784 -22.364399 5.1557212
-12.916631 -22.334196 5.0753961
-12.205771 -22.331779 5.0064311
-10.362803 -22.727489 4.913733
-9.8282709 -23.01062 4.922226
-9.3152151 -23.354195 4.9461756
-0.1556543 -8.889535 1.7490038
0.7041406 -8.8912306 1.7545457
0.88217771 -8.5208149 1.6851622
11.329609 -25.581587 5.503818
13.069599 -23.176836 5.2342658
13.644238 -22.886776 5.241611
15.033427 -22.654995 5.3486161
15.896669 -22.744751 5.4588146
16.749599 -22.774218 5.5613031
16.176006 -9.3991613 3.6803062
16.42417 -9.0203562 3.6861498
17.410381 -8.4955359 3.8109374
17.422178 -7.9866686 3.770225
17.713799 -7.6085525 3.7924774
9.1755075 19.908436 4.3122892
8.5427246 19.777548 4.2380352
7.3474412 19.551941 4.1088409
6.2300782 19.369402 4.0025687
5.174531 19.224997 3.9165068
4.6656642 19.165884 3.880388
2.7224121 19.008726 3.7775226
1.7885253 18.974422 3.7491632
1.3270117 18.967823 3.7404406
0.86767578 18.968163 3.7352905
-0.50754881 19.010647 3.7410772
-1.4325 19.074091 3.762794
-1.9006054 19.116673 3.7791417
-2.3739843 19.166773 3.7992699
-13.540058 24.241196 5.4621449
-14.545977 23.322397 5.4071488
-16.281582 23.498671 5.6238022
-21.840185 14.268868 5.1320286
-21.293905 13.189908 4.9274082
-19.458797 11.412826 4.437716
-21.913506 10.153705 4.7510633
-21.57077 9.3694038 4.6263695
-25.195351 9.5267687 5.2988691
-17.784433 -7.2414255 3.7774217
-17.406748 -7.582355 3.7349932
-17.494081 -8.1281557 3.7947259
-16.273125 -9.0460339 3.6625836
-18.898466 -22.372393 5.7611151
-17.99581 -22.377766 5.6489816
-17.128809 -22.385035 5.5448284
-16.292694 -22.39205 5.4475603
-15.48497 -22.398825 5.3567114
-13.918916 -22.368969 5.1827221
-11.128819 -22.45792 4.9305682
-10.554296 -22.657028 4.9169159
-8.5205078 -24.133171 5.0346441
-8.1872358 -25.103188 5.1942644
-8.0970306 -27.022108 5.549263
-1.3969433 -8.1156702 1.6199794
-1.0557128 -8.5969582 1.7038816
-0.65487301 -8.8429947 1.744343
-0.013496093 -8.9153967 1.7538255
0.41642576 -8.900157 1.7527397
0.63151366 -8.893404 1.7539018
11.465224 -24.808462 5.3762512
12.359062 -23.671206 5.253057
12.885508 -23.291531 5.2363038
13.444981 -22.975733 5.2367477
15.597968 -22.708963 5.4195604
18.211573 -22.786903 5.7383275
15.812236 -10.422684 3.725512
16.154366 -10.09758 3.7476025
15.783193 -9.343586 3.6081171
16.698095 -9.3485355 3.7645867
16.704638 -8.3202143 3.6711607
16.24917 -7.6096377 3.529669
17.721943 -7.7835703 3.8076653
9.3949118 19.955545 4.3389134
8.7533007 19.820269 4.2623191
8.1369238 19.697657 4.1924891
7.5431151 19.586824 4.128943
6.9694724 19.486971 4.0712442
6.4138083 19.397404 4.0190129
5.8742185 19.317535 3.9719281
5.3488574 19.246847 3.9296989
4.3343358 19.131268 3.8588512
3.3585155 19.047752 3.8048456
2.4109862 18.994213 3.7664917
1.4823828 18.96928 3.7429857
0.56399411 18.972179 3.7338245
-0.81273437 19.028515 3.7466741
-1.2755663 19.061371 3.7581084
-2.691123 19.20421 3.8147357
-3.1758204 19.267311 3.8413806
-13.484043 23.259165 5.2888017
-14.266904 23.29516 5.373723
-15.105214 23.377914 5.4753318
-21.551035 13.593202 5.0123491
-21.7771 10.306663 4.7395201
-21.178066 8.7989626 4.5113873
-24.967363 9.6736031 5.2673078
-17.32959 -7.3814683 3.7054155
-17.541395 -7.9771414 3.7907727
-17.401133 -8.4258947 3.8033099
-17.417656 -22.382612 5.5791669
-14.966357 -22.406412 5.3005986
-13.419756 -22.356083 5.1293554
-10.187461 -22.815805 4.915381
-9.1513081 -23.477451 4.9568992
-8.273242 -24.683466 5.1211834
-8.1115723 -26.290327 5.412364
-1.4473633 -8.0176229 1.6027074
-1.1215625 -8.5567837 1.6976744
-0.92494136 -8.6769533 1.7165865
-0.72380859 -8.800518 1.7370701
-0.51469725 -8.8752966 1.7488676
0.12901367 -8.9101906 1.7529823
0.9422949 -8.4528351 1.6731287
1.1213964 -8.2467213 1.6372117
12.701221 -23.406338 5.2386894
13.247041 -23.066294 5.2326288
13.836797 -22.800806 5.2466393
15.301484 -22.670589 5.3804955
16.181356 -22.769291 5.4950223
17.028603 -22.77664 5.5943789
15.648291 -10.498357 3.7068999
16.003994 -10.18572 3.7318335
15.438095 -9.309844 3.5464349
16.539423 -7.9103646 3.6065855
17.730263 -7.9600153 3.8232489
27.746357 8.6456909 5.717063
8.9667482 19.864441 4.2873759
8.3421774 19.737669 4.2153239
7.7410254 19.622942 4.1497035
7.1608496 19.519461 4.0900736
6.0545602 19.343424 3.9872539
5.0077343 19.204842 3.9042699
4.5024509 19.148443 3.8695805
4.0072947 19.100164 3.8391595
2.5692089 19.001211 3.7719042
2.1016309 18.982826 3.7570856
1.1773633 18.967171 3.7383716
0.26050779 18.979237 3.733916
-0.19774413 18.99564 3.7369945
-0.6572656 19.019033 3.7436278
-2.0539746 19.132139 3.7852714
-3.0114062 19.245115 3.8319378
-13.226865 23.249691 5.2619724
-16.578251 23.529936 5.6622748
-17.517754 23.630932 5.7866449
-21.054785 12.814137 4.8486443
-20.29377 11.045882 4.5452075
-20.392372 10.469737 4.5093784
-21.641727 10.459141 4.7284427
-21.375751 9.0858297 4.5691023
-24.555595 9.744688 5.1970024
-17.253681 -7.1837645 3.6765587
-17.588711 -7.8264928 3.7871063
-16.687265 -8.9237223 3.7225921
-15.746963 -9.9489164 3.6641808
-17.710205 -22.380161 5.6143126
-12.925488 -22.334579 5.076335
-9.3212299 -23.349674 4.9457841
-8.8334665 -23.778948 4.9900923
-8.4001856 -24.400951 5.0765905
-1.3472656 -8.2122984 1.6371062
-1.1869531 -8.516963 1.6916341
-0.5867871 -8.868803 1.7484721
-0.34735352 -8.278595 1.6299839
-0.15745117 -8.8457565 1.740399
0.056474607 -8.9128218 1.753351
0.70158201 -8.8913069 1.7545213
1.0621485 -8.3175106 1.649495
11.5671 -24.521339 5.3335509
12.523447 -23.53371 5.2442069
13.637157 -22.889931 5.2414351
15.88622 -22.743837 5.4574909
15.854951 -10.273211 3.7164605
16.12874 -9.9063168 3.7234972
16.161943 -9.3971987 3.6777179
16.975264 -8.8028135 3.7616386
17.45669 -8.0085726 3.7781901
26.387665 12.381845 5.7339935
9.1832027 19.910074 4.3132148
8.5501165 19.779032 4.2388806
7.9413571 19.660339 4.1711431
6.786777 19.456717 4.0536604
5.1806931 19.22575 3.9169645
3.2027245 19.037039 3.797564
1.7940332 18.974548 3.7492907
1.3325 18.967859 3.7405224
0.87315428 18.968113 3.7353308
0.41498047 18.975267 3.7336774
-0.043076172 18.989342 3.7355652
-0.50206053 19.010355 3.7409899
-1.4269335 19.073624 3.7626195
-2.3682616 19.166124 3.7990043
-2.8479493 19.223846 3.8229578
-13.532549 24.244232 5.4619641
-13.719433 23.242701 5.3093805
-14.536035 23.321421 5.405952
-20.71413 14.499112 4.3849649
-20.043407 11.32121 3.9922137
-21.214775 10.666948 4.1180859
-21.326307 10.085803 4.0912876
-22.123554 9.1843042 4.1542754
-23.830301 9.2251501 4.4316564
-24.324579 8.7475729 4.4830027
-16.976826 -7.2369957 3.2005687
-17.354921 -7.8983951 3.3068316
-17.222206 -8.3454161 3.3189635
-15.572988 -8.9918175 3.1186297
-16.097393 -9.8200617 3.2701635
-15.457939 -9.949625 3.1881256
-19.198906 -22.36937 5.112349
-17.407129 -22.382364 4.9174042
-15.74457 -22.396322 4.7478404
-14.95667 -22.40588 4.6719689
-14.166621 -22.373423 4.5925522
-13.410712 -22.355686 4.5211382
-11.971904 -22.334019 4.3946781
-11.332861 -22.425283 4.3575354
-10.181074 -22.819292 4.3334761
-8.6705856 -23.95727 4.4185472
-8.2687502 -24.693604 4.516222
-8.1100388 -26.312277 4.7750664
-1.2792187 -8.2312403 1.4446458
-0.71129882 -8.6791487 1.5102351
-0.28188476 -8.4106455 1.4594417
-0.085136719 -9.0880232 1.5761675
0.13053711 -8.8396492 1.5331901
0.34375 -8.8321667 1.5328852
0.7466504 -8.5434084 1.4872966
1.334287 -9.7910471 1.7137147
11.429287 -26.963236 5.0788746
11.724746 -24.322025 4.6825962
12.707753 -23.402231 4.6183143
13.843896 -22.797611 4.6255927
15.311962 -22.671953 4.7446289
17.038525 -22.776272 4.9329515
17.917784 -22.783894 5.0268164
16.100224 -10.240457 3.3091376
17.233818 -9.2832155 3.3948205
17.472334 -8.8745031 3.3986139
17.669365 -7.9265432 3.3585405
9.5529003 18.713524 3.6438169
8.9947071 18.722551 3.6022465
8.3616991 19.799782 3.7274432
6.7320504 19.835924 3.6327848
5.6873827 19.859213 3.5825529
5.1752439 19.870718 3.5610564
4.1677637 19.893732 3.5249872
3.1782324 19.916332 3.4977074
2.688623 19.927515 3.4872589
1.7167284 19.949713 3.4725816
1.2332617 19.960752 3.4683123
-0.69709957 20.004839 3.4714622
-1.1816504 20.015909 3.4773173
-2.649209 20.049429 3.5073106
-13.287939 24.70994 4.8656774
-13.644492 22.676811 4.5897617
-15.275654 22.817915 4.7621217
-16.141893 22.89662 4.8584576
-17.046513 22.981367 4.9623098
-21.681454 15.440682 4.6161938
-22.25498 14.282713 4.5860548
-19.82498 11.411718 3.967083
-21.195391 10.235855 4.0820236
-21.586357 9.7894659 4.1106119
-21.986416 9.3379259 4.1426573
-23.464872 8.6547852 4.3373985
-17.299736 -7.7038946 3.2842577
-17.269247 -8.1952791 3.3150616
-16.597334 -8.881794 3.2646332
-15.669931 -9.906601 3.2151055
-8.4515724 -8.791522 2.1149428
-18.589746 -22.373926 5.0447879
-17.699492 -22.379911 4.9483604
-16.843212 -22.387098 4.8586359
-16.016972 -22.394035 4.7748389
-15.220605 -22.404081 4.6972795
-14.446328 -22.409365 4.6239238
-13.664775 -22.364393 4.5452538
-12.916631 -22.334194 4.4744377
-12.205762 -22.331781 4.4136419
-11.545449 -22.391266 4.3690453
-10.362803 -22.727507 4.3319187
-9.3152342 -23.354223 4.3605237
-8.1386032 -25.660873 4.6687274
-0.77876949 -8.638134 1.5041509
-0.57710934 -8.7608786 1.5226555
-0.16012695 -9.1448574 1.5861967
0.27183592 -8.8346567 1.5328825
1.2492383 -9.7601728 1.706475
11.329551 -25.581434 4.852107
11.572499 -24.514433 4.701344
17.617491 -22.78129 4.9944339
16.101669 -9.8832779 3.2765253
16.311768 -9.4780312 3.2717626
16.528486 -8.5650854 3.2284765
17.677588 -8.1037378 3.3725305
8.5505171 19.795607 3.7396393
7.9942966 19.807913 3.7044275
6.3826466 19.843702 3.6150475
5.3472853 19.866817 3.5680401
4.8391209 19.878397 3.548106
4.3362694 19.889881 3.5304461
2.8534667 19.923748 3.490551
2.3656542 19.934889 3.4814813
1.3962207 19.957029 3.4695275
0.91342771 19.968058 3.466599
-0.53399414 20.001116 3.469945
-1.0180371 20.012171 3.4751134
-1.5037891 20.023268 3.4823315
-1.9918456 20.034412 3.4916143
-2.482832 20.045626 3.5029936
-13.42331 22.725996 4.5774498
-14.171064 22.721298 4.6440506
-15.845595 22.869419 4.8251472
-16.736864 22.952074 4.9263983
-21.582821 15.636842 4.6221442
-20.584492 13.448471 4.2642365
-19.477304 10.800589 3.8624425
-21.453505 9.9405699 4.1005888
-21.850399 9.49086 4.1314526
-24.30661 8.5261583 4.4672098
-16.485458 -9.1640625 3.2710392
-15.885586 -9.8628597 3.2427709
-18.897802 -22.37162 5.0787921
-17.995556 -22.377426 4.9800377
-15.484746 -22.398506 4.7223868
-14.704784 -22.407602 4.648108
-12.441669 -22.329519 4.4330659
-11.75919 -22.357067 4.3809061
-11.128808 -22.457926 4.3467622
-10.554317 -22.657045 4.3347259
-10.007978 -22.913183 4.3362494
-9.4843941 -23.227034 4.351047
-8.5205269 -24.133251 4.4385285
-8.1872749 -25.103323 4.5792594
-8.0963278 -27.019726 4.8917656
-1.3858984 -8.0515585 1.4168822
-1.04125 -8.479229 1.4815642
-0.84574217 -8.5975075 1.4982258
-0.64568359 -8.719079 1.5162538
-0.23102538 -9.0047255 1.5621656
-0.013671875 -9.0341177 1.5667512
1.4170214 -9.8211317 1.7208756
11.370664 -26.249384 4.9610739
11.870449 -24.137886 4.6649432
12.359043 -23.671171 4.6310554
12.885478 -23.2915 4.6162901
13.44497 -22.975708 4.6166821
14.761972 -22.643948 4.6878409
16.463408 -22.771288 4.8731589
17.320986 -22.778721 4.962791
15.768622 -10.39394 3.2753301
15.952587 -9.9714489 3.2625945
15.765986 -9.3334055 3.1774266
16.378935 -9.1698427 3.2553997
16.809345 -8.884964 3.2973566
16.820419 -7.8771567 3.2211316
9.369853 18.716465 3.6299493
8.8158197 18.725487 3.5893829
8.7405567 19.791409 3.7521636
7.6313281 19.815952 3.6826324
7.0914254 19.827936 3.6519854
6.0365624 19.851419 3.5984051
5.0099216 19.874495 3.5545726
4.505322 19.886019 3.5361509
2.529912 19.931139 3.4843085
1.5592968 19.953308 3.4709697
1.0761914 19.964342 3.4673572
0.59381837 19.975357 3.4657733
0.11161133 19.98637 3.4662085
-0.85457027 20.008438 3.4731457
-1.3396875 20.01952 3.4796679
-2.316875 20.041836 3.498919
-13.242344 22.842251 4.5790024
-15.553525 22.84289 4.7926798
-17.349726 23.010326 4.9978209
-20.269735 13.479567 4.2216339
-22.505253 13.447061 4.5466399
-20.035604 11.324443 3.9913127
-20.659903 11.028119 4.0614643
-21.213154 10.673777 4.1183677
-22.118671 9.1897545 4.1538568
-23.837049 9.2356625 4.433403
-24.325243 8.7557249 4.4835868
-16.967489 -7.227232 3.1984186
-16.81502 -9.1688576 3.3215117
-15.587041 -8.9939079 3.1209216
-16.105225 -9.8184872 3.2711828
-15.465371 -9.9481173 3.189065
-19.210096 -22.369287 5.1136036
-18.295439 -22.374908 5.0124545
-17.417383 -22.38228 4.9184852
-16.571171 -22.389383 4.8307376
-14.965966 -22.405817 4.6728559
-12.679727 -22.327236 4.4529605
-11.340371 -22.42408 4.3579373
-10.746103 -22.586473 4.3378191
-9.6546974 -23.104799 4.3427324
-9.1513281 -23.477482 4.3699818
-8.2732716 -24.68354 4.5148187
-0.084482417 -8.7490444 1.5173817
0.74437499 -8.5459442 1.4877
0.92960936 -8.3391085 1.4551759
1.33125 -9.7899456 1.713455
11.365253 -25.127295 4.7827516
12.188046 -23.814209 4.6394725
12.701211 -23.406305 4.6183906
13.247031 -23.066263 4.6130509
13.836777 -22.800785 4.6254234
14.50834 -22.655993 4.6657238
15.301464 -22.670593 4.7434168
18.81995 -22.790951 5.1259551
16.094286 -10.243193 3.3085246
17.226669 -9.285759 3.3939385
17.763428 -8.4957733 3.4148467
17.669659 -7.9328055 3.3590319
9.5596285 18.713413 3.644331
8.3683596 19.799635 3.7278693
7.2725291 19.823914 3.6620276
6.738369 19.835785 3.6331151
6.2123241 19.8475 3.6067431
5.6935449 19.859076 3.582824
5.1813278 19.870579 3.5612988
3.6770215 19.90494 3.5104375
3.1840918 19.916197 3.4978466
0.75648433 19.971643 3.4660826
-0.208125 19.993675 3.4676073
-1.1758398 20.015778 3.4772363
-2.1512401 20.038055 3.4950855
-2.6432714 20.049294 3.5071533
-13.635127 22.676029 4.5888085
-14.434511 22.743944 4.6717052
-15.265527 22.817011 4.7610145
-17.981806 23.071552 5.0729456
-21.677979 15.447642 4.6163993
-22.251612 14.28961 4.5862083
-20.132118 10.957913 3.9751129
-21.167294 10.867602 4.1265116
-24.109688 9.5677509 4.498446
-17.745283 -7.3884397 3.3335795
-17.270918 -8.1899681 3.3149273
-15.992246 -9.0549946 3.1871867
-16.853231 -22.387016 4.8596673
-14.455429 -22.409302 4.6247678
-13.67372 -22.364555 4.5460868
-12.925488 -22.334579 4.4752641
-11.553007 -22.390059 4.3694606
-9.8346481 -23.007193 4.3392882
-9.3212404 -23.349707 4.3601823
-8.4002047 -24.401035 4.4755054
-1.1709863 -8.4024267 1.4712803
-0.9781152 -8.5173645 1.4868388
0.057099607 -9.0104675 1.5626801
0.68000972 -8.6179409 1.4992192
0.8680371 -8.4077997 1.4658803
11.329609 -25.601477 4.8552918
11.56708 -24.521288 4.7020187
14.27665 -22.69894 4.6504803
15.886201 -22.743839 4.8112922
17.606884 -22.7812 4.9932952
18.507978 -22.788601 5.0913591
8.4783106 -9.0188046 2.1467671
15.927646 -10.320317 3.2914348
16.096338 -9.8864307 3.2760222
16.307314 -9.4817286 3.2714207
9.1882515 18.719402 3.6164165
8.6381836 18.728422 3.5768285
8.0008888 19.807766 3.7048314
7.4546676 19.819872 3.6723692
6.9176269 19.8318 3.6425762
3.3499999 19.912409 3.5018573
2.8593359 19.923615 3.4906731
1.8858691 19.945848 3.4745543
0.43694335 19.978939 3.4656932
-1.0122266 20.012039 3.475039
-1.4979687 20.023136 3.4822326
-1.985996 20.034279 3.4914911
-13.415673 22.728071 4.5770783
-14.161484 22.720478 4.6430488
-19.578016 13.011423 3.5334942
-21.152832 12.630673 3.7032776
-19.663643 11.106695 3.3946369
-22.201982 10.499935 3.6916716
-21.948233 9.7389345 3.6093359
-23.23831 9.6470833 3.7820897
-23.662245 9.1600885 3.8139873
-23.58868 8.4829321 3.7680261
-17.144003 -7.8024015 2.831322
-17.306581 -8.386302 2.8907597
-18.284512 -22.374662 4.3434062
-17.406864 -22.382036 4.2620282
-15.744365 -22.396004 4.1150665
-14.956288 -22.405287 4.0492573
-14.166601 -22.373417 3.980531
-13.410723 -22.355682 3.9186358
-12.671249 -22.327318 3.858927
-11.971913 -22.334019 3.8090253
-10.739277 -22.589003 3.7596514
-9.6482906 -23.108305 3.7641187
-8.6706057 -23.957319 3.8297093
-8.2687788 -24.693668 3.9143884
-0.89753902 -8.4430914 1.2762703
-0.29511717 -8.805687 1.3243654
-0.087011717 -9.2881002 1.3961983
0.13032226 -8.8246279 1.3266145
1.0717578 -9.5890903 1.4503547
11.429209 -26.963043 4.4020133
11.368798 -25.11578 4.1440253
11.724716 -24.321981 4.058568
12.194101 -23.809082 4.0209284
12.707753 -23.402191 4.0028539
13.843877 -22.79759 4.0091581
15.311973 -22.671957 4.1123385
17.917412 -22.783432 4.3568339
16.042881 -10.203985 2.8579352
16.497587 -9.407196 2.8546538
16.530224 -8.395978 2.7868645
17.498993 -8.3630848 2.9153111
17.534286 -7.8659387 2.8887134
8.9241018 19.785099 3.2625151
7.8084373 19.810579 3.2007842
6.7317967 19.835169 3.1485448
6.2059374 19.847179 3.1257586
5.687324 19.859026 3.1051013
5.1752439 19.870722 3.0864966
4.6689258 19.882286 3.0698895
3.6710839 19.905073 3.0424817
2.688623 19.927513 3.0225346
1.7167187 19.949713 3.0098107
0.75071287 19.971779 3.0041673
-13.490488 25.086617 4.2815495
-13.565576 23.829126 4.1216106
-13.366992 22.215611 3.8972063
-14.081884 22.174229 3.9484308
-14.885322 22.234854 4.0220366
-15.723594 22.303232 4.1018682
-16.602295 22.38246 4.1889277
-17.521278 22.467299 4.2827129
-18.484785 22.558296 4.3838377
-20.412138 11.749695 3.5402508
-20.50206 10.518576 3.4636858
-22.012705 9.9828033 3.6331835
-23.851318 9.4572687 3.8567436
-23.302881 8.5950327 3.733429
-17.090712 -7.6108098 2.8121929
-17.250996 -8.1866159 2.8702483
-17.240595 -8.6974964 2.9026031
-16.655762 -8.9130621 2.8395391
-15.897968 -9.0076752 2.7466161
-15.601708 -9.8634682 2.7745171
-18.58913 -22.373169 4.3723526
-16.842958 -22.386772 4.2110929
-13.664775 -22.364393 3.9395361
-12.205762 -22.331778 3.8254657
-11.545449 -22.391273 3.7868102
-10.931337 -22.518335 3.7625761
-8.3957424 -24.411083 3.8802948
-8.1386623 -25.661058 4.0465837
-1.1451855 -8.2346554 1.2496995
-0.97370118 -8.500596 1.2861167
-0.76818359 -8.5205917 1.2859627
-0.15476562 -8.8386488 1.3287801
0.058623046 -8.8461437 1.3297325
0.47880858 -8.7133093 1.3117131
0.85868162 -8.2938499 1.2533491
1.2347753 -9.6472578 1.4619539
12.02249 -23.952627 4.0285068
12.529433 -23.528601 4.0068955
13.644209 -22.88673 4.0051584
15.033437 -22.654995 4.0869317
15.89665 -22.744759 4.1711326
16.748936 -22.773315 4.2492766
18.518291 -22.7878 4.413753
8.4792671 -9.0146055 1.8602912
15.889853 -10.289282 2.8455021
16.337002 -10.027711 2.8813848
17.482979 -8.530962 2.9241161
17.522333 -8.0325727 2.8974237
9.116621 19.780701 3.2739203
7.9936619 19.806349 3.2105083
6.9109373 19.831079 3.1567235
6.3824706 19.843151 3.1332073
5.8614841 19.855047 3.111836
5.3472753 19.866791 3.0925469
3.3440819 19.912544 3.0350592
1.8801074 19.945982 3.0114586
1.3962207 19.957031 3.0071635
0.91342771 19.96806 3.0046258
0.43117186 19.979076 3.0038445
-0.051113281 19.990091 3.0048077
-0.53399414 20.001116 3.0075293
-0.28256837 5.554143 0.83594465
-0.54014647 5.4327564 0.82064164
-0.80682617 5.435216 0.82593703
-13.266747 25.159433 4.2754102
-13.555517 24.268871 4.1784501
-13.817705 22.154741 3.9247966
-14.61082 22.213915 3.9966021
-15.435625 22.2777 4.0739255
-17.206512 22.438023 4.2502861
-18.154531 22.52688 4.3488665
-19.150028 22.622261 4.4552245
-19.864502 12.97809 3.5666978
-20.781864 12.872746 3.6745458
-21.10751 12.379823 3.6782134
-19.52829 10.220651 3.3131146
-21.500526 10.599938 3.6032586
-23.601152 8.2787075 3.7595172
-17.742334 -7.2242875 2.8795323
-17.049824 -7.426878 2.7954228
-17.279209 -8.5412321 2.8973033
-16.89661 -8.865777 2.8682013
-16.260313 -9.0388994 2.7964118
-16.53249 -9.7197142 2.8827288
-15.815849 -9.8195467 2.7982886
-17.128309 -22.384375 4.2367344
-16.292227 -22.391401 4.1624112
-14.704404 -22.407011 4.0285783
-13.918916 -22.368965 3.9601696
-13.166875 -22.345072 3.8985326
-12.441679 -22.329519 3.8423028
-11.75919 -22.357075 3.7970941
-10.554317 -22.657061 3.757066
-10.007978 -22.913208 3.7583892
-8.9839544 -23.614359 3.7977819
-8.5205564 -24.133314 3.8470464
-8.0956249 -27.017406 4.2395053
-1.0326464 -8.4090986 1.2735045
-0.83426756 -8.4809742 1.280966
-0.43456054 -8.7213917 1.3125782
-0.21853516 -8.5182619 1.2808387
-0.013427734 -8.8678331 1.3329647
0.19917968 -8.8040304 1.3237132
0.60853517 -8.5697584 1.2914025
0.79698241 -8.3618259 1.2625999
1.1514648 -9.6175089 1.4559748
12.359023 -23.671133 4.0139008
12.885468 -23.29147 4.0010996
13.444951 -22.975683 4.0014429
14.054561 -22.740091 4.0183244
14.761972 -22.643948 4.0631208
15.597959 -22.708979 4.1411414
16.463076 -22.77084 4.2236576
17.320654 -22.778263 4.3013415
16.186649 -10.117764 2.869303
17.08288 -9.0295601 2.9044487
8.7396193 19.789312 3.251792
8.1800489 19.802094 3.2205091
7.6308398 19.814636 3.1916614
6.0364451 19.851053 3.1188104
5.5200486 19.862848 3.0988269
4.005703 19.897434 3.0508788
1.5592773 19.953312 3.0084147
1.0761914 19.964342 3.0052862
0.59380859 19.975359 3.0039117
-0.85458004 20.00844 3.0103002
-0.49546874 5.4323449 0.81994337
-0.6281445 5.4335666 0.82217723
-0.76160157 5.4347997 0.82490402
-13.545176 24.720957 4.2371545
-13.571259 22.159292 3.9059014
-15.153584 22.255537 4.0471768
-22.432236 15.711368 4.1166716
-19.567596 13.012641 3.5322943
-21.154501 12.639979 3.704212
-20.001337 10.67658 3.4080102
-21.270088 10.702419 3.5791149
-23.668867 9.1704969 3.8154771
-23.587831 8.4903049 3.7682836
-17.705879 -7.541749 2.8928254
-17.14209 -7.7955542 2.8306334
-17.3046 -8.3791542 2.8900225
-16.034101 -9.7751265 2.8227313
-16.570957 -22.389057 4.186914
-14.965566 -22.405224 4.0500245
-14.175742 -22.373583 3.9812877
-12.679716 -22.327236 3.8595428
-11.340381 -22.424086 3.7771685
-10.746113 -22.586491 3.7597528
-10.18747 -22.815851 3.7558982
-9.1513376 -23.477509 3.7876256
-8.2733002 -24.683607 3.9131706
-1.090459 -8.3194399 1.2612288
-0.89986324 -8.4417048 1.2760993
-0.70395505 -8.5591488 1.290908
-0.50335938 -8.6798763 1.3069032
0.12779297 -8.8253841 1.3267213
0.33853516 -8.7625465 1.3181212
0.54299802 -8.6421947 1.3016096
0.73434567 -8.4308748 1.2720802
11.365224 -25.127197 4.1453671
14.50834 -22.655981 4.0439487
18.819208 -22.79006 4.4426794
16.037645 -10.207131 2.8575244
16.588017 -8.9414997 2.8325903
16.538681 -8.4062872 2.7887011
17.533857 -7.8718376 2.8890185
8.9308786 19.784945 3.2629132
4.6749706 19.882149 3.0700786
4.1737595 19.893595 3.0554004
3.6770313 19.904942 3.0426233
2.694453 19.927382 3.0226324
2.2074413 19.938503 3.0153589
1.7225 19.949579 3.0098674
1.2390332 19.960623 3.0061431
0.75648433 19.971645 3.0041797
0.27427733 19.982656 3.0039654
-0.69131833 20.004713 3.0087922
-0.3190625 5.430809 0.81772965
-0.45088866 5.4319334 0.81930006
-0.58330077 5.4331541 0.82136822
-13.482832 25.089682 4.2814112
-13.359521 22.21767 3.8968933
-14.875537 22.234106 4.0211244
-15.71332 22.302324 4.1008682
-16.591534 22.381474 4.1878452
-17.510029 22.466249 4.2815466
-18.472969 22.557167 4.3825812
-20.156719 12.944311 3.6008039
-21.093096 12.837455 3.7116351
-20.401045 11.751155 3.5389159
-20.465986 10.507529 3.4580982
-21.530458 10.405356 3.5944726
-22.014999 9.9915466 3.6340415
-23.858076 9.4679003 3.8582819
-23.309208 8.6049776 3.7348375
-17.249043 -8.1795921 2.8695307
-17.241962 -8.6919422 2.9024119
-15.609258 -9.8619175 2.7753527
-8.4524021 -8.7872972 1.8327268
-17.709677 -22.379492 4.289824
-16.026415 -22.393633 4.1393046
-15.22956 -22.403419 4.0719776
-14.455039 -22.408716 4.0083489
-9.3212595 -23.349735 3.7791326
-8.1391897 -25.637077 4.0431681
-8.1020212 -27.831787 4.3571782
-0.97581053 -8.4973173 1.2856632
-0.36762694 -8.7618294 1.3181877
-0.15730469 -8.8372917 1.3285835
0.85651368 -8.2962284 1.2536716
1.2318164 -9.6461992 1.4617383
11.329551 -25.601322 4.2082334
12.016397 -23.957724 4.02878
13.063046 -23.180843 3.9995947
15.88622 -22.743847 4.1701212
16.738701 -22.773228 4.2483525
18.507256 -22.787714 4.4126987
8.4776955 -9.0181551 1.8604738
15.883974 -10.292014 2.8449841
16.795069 -9.2303476 2.8806865
17.479364 -8.5354414 2.923924
9.123457 19.780548 3.2743285
6.3887401 19.843006 3.1334753
5.8676758 19.854906 3.1120789
4.8451657 19.87826 3.0754681
4.3422852 19.889744 3.0601361
3.3499999 19.912411 3.0351884
2.8593261 19.923616 3.0254912
0.43694335 19.978943 3.0038426
-0.045351561 19.98996 3.0047846
-0.5282129 20.000984 3.0074859
-0.28231445 5.5810008 0.83997053
-0.53856444 5.4327426 0.82061565
-0.6714648 5.4339671 0.82300919
-0.80521482 5.4352012 0.82589918
-13.257617 25.159819 4.2748089
-13.584218 23.013638 4.0169673
-13.808447 22.154062 3.9239764
-19.33746 12.851541 2.9570892
-19.776171 12.465739 2.9772918
-20.749374 11.71996 3.0350347
-21.608046 11.526195 3.1190276
-22.873447 10.817492 3.2224951
-22.599159 9.3817539 3.1163707
-17.636904 -7.5183811 2.4417951
-17.587959 -8.0044508 2.4610546
-17.095615 -8.2840748 2.41944
-16.831425 -8.663702 2.4109437
-16.316992 -8.9034224 2.3673542
-19.197607 -22.367838 3.7541082
-18.284239 -22.374325 3.6800463
-16.560801 -22.388819 3.5467169
-14.955889 -22.404701 3.4307806
-13.410723 -22.355679 3.3201995
-12.67124 -22.327316 3.2696068
-11.971904 -22.334019 3.2273283
-10.739286 -22.58902 3.1854956
-9.6482811 -23.10833 3.1892803
-1.0666504 -8.1560402 1.0475907
-0.89478517 -8.4172287 1.0780506
-0.69217771 -8.4459705 1.0792769
-0.085439451 -9.1204929 1.1616286
0.53796875 -8.522994 1.0876411
0.72688472 -8.3172007 1.0633092
11.429131 -26.9629 3.7297368
11.36877 -25.115705 3.5111554
12.194081 -23.809046 3.4068658
12.707734 -23.40217 3.3915527
13.843857 -22.797571 3.3969109
15.311982 -22.671967 3.4843237
16.190399 -22.768042 3.5581152
16.289169 -9.8167038 2.4221866
16.098642 -9.1797094 2.360214
16.879873 -9.0925512 2.4418557
17.211416 -8.7419662 2.4585731
16.632393 -7.9489269 2.3477724
3.3183105 5.4810143 0.81601697
3.1410449 5.4826388 0.80473524
2.9685156 5.4842224 0.7942183
2.636162 5.4872718 0.77531356
2.4756639 5.4887424 0.76685375
1.7183887 5.4956956 0.73333997
1.2914453 5.499619 0.71947354
1.1524218 5.5008969 0.71579236
1.0147363 5.5021629 0.71256256
0.87820309 5.503418 0.70977324
0.6079492 5.5059042 0.70548338
0.20708007 5.5095944 0.70218718
0.074023433 5.5108175 0.70191115
-0.1921289 5.5132704 0.70258588
-0.45245117 5.4318676 0.69418758
-0.58489257 5.4330883 0.69594634
-0.85215819 5.4355531 0.70071715
-1.0026073 5.5208311 0.71462262
-1.1411328 5.5221105 0.71814454
-1.5662206 5.5260339 0.73150617
-2.1628125 5.5315442 0.7564224
-2.3188281 5.5329857 0.76405209
-2.9786816 5.5390854 0.80097973
-13.903632 21.893524 3.3030963
-15.443769 21.906319 3.4135993
-16.848633 21.60479 3.4893718
-17.719746 21.624697 3.5606341
-20.71793 11.92572 3.0445366
-20.579159 9.9382668 2.9105737
-22.540995 10.222404 3.1522186
-22.670235 9.6283607 3.1368725
-23.290215 9.2347851 3.1908863
-23.136826 8.5337782 3.1407361
-17.134882 -7.6304765 2.3888838
-17.041962 -8.0874195 2.4024491
-16.708857 -8.9414778 2.4135652
-16.178476 -9.1666079 2.3682277
-16.176865 -9.6887379 2.4015281
-15.534521 -9.8209972 2.3406808
-8.4503412 -8.7902431 1.5529305
-18.588505 -22.372414 3.7044737
-16.842724 -22.386448 3.56794
-16.016514 -22.393396 3.5064123
-15.219794 -22.402895 3.4493659
-13.664784 -22.364391 3.3379076
-12.916631 -22.334185 3.2859044
-12.205762 -22.331778 3.2412524
-11.545459 -22.391279 3.2085075
-10.931348 -22.518354 3.1879754
-8.8279295 -23.785181 3.2311735
-8.395771 -24.411154 3.2877221
-8.138711 -25.661245 3.4286296
-8.1015425 -27.860039 3.6952069
-0.95386714 -8.3274012 1.0675056
-0.56147462 -8.5236216 1.0879127
-0.37132812 -8.9117489 1.135977
0.060527343 -9.13375 1.1632926
0.47228515 -8.5946465 1.0962574
0.66409177 -8.3855476 1.0713197
11.329413 -25.581144 3.5632141
12.529414 -23.528564 3.3949718
13.644199 -22.886703 3.3935022
14.284814 -22.697399 3.4155693
17.616768 -22.780375 3.6676233
18.517569 -22.786921 3.739558
16.140106 -9.9068584 2.411931
15.719999 -9.1341867 2.3155272
17.011005 -8.8151245 2.4401164
17.235342 -8.41012 2.442462
18.371983 -8.422081 2.5739844
3.2002928 5.4820957 0.8084529
2.6911035 5.4867663 0.77831221
2.3711913 5.4897032 0.76159149
2.2161231 5.4911256 0.75414687
2.0640039 5.4925232 0.74727875
1.3386718 5.4991856 0.72081894
1.1991503 5.5004673 0.71698332
0.92415035 5.5029955 0.7106657
0.65331054 5.505487 0.70608747
0.3853125 5.5079527 0.7031976
0.11889648 5.5104051 0.701958
-0.40794921 5.43155 0.69369996
-0.67304689 5.4339013 0.6973393
-0.8068164 5.4351354 0.69979292
-1.0942383 5.5216784 0.71690613
-1.2337304 5.522965 0.72072953
-1.5176073 5.5255847 0.72978729
-1.662412 5.5269227 0.7350499
-1.8094043 5.5282798 0.74082333
-1.9588183 5.5296593 0.74712765
-2.2658496 5.532495 0.76141155
-2.4239941 5.5339575 0.76944119
-2.5856054 5.5354514 0.77810043
-2.7510157 5.5369811 0.78742111
-3.0944824 5.5401573 0.80818951
-13.747695 22.04249 3.3085723
-15.983272 21.918648 3.4549189
-16.615898 21.667788 3.4775848
-17.421972 21.617895 3.5360441
-18.317148 21.638353 3.6106639
-19.197578 12.54236 2.9205487
-19.936787 12.349297 2.9867833
-20.876612 12.244403 3.0824022
-22.516336 11.100753 3.1972253
-22.531181 9.1467772 3.0969939
-23.187822 8.7676935 3.1572392
-17.571972 -8.1643467 2.4677112
-15.973417 -8.8794241 2.3275526
-15.747265 -9.7769785 2.3606672
-18.896532 -22.370102 3.7294683
-17.995029 -22.376757 3.6570885
-17.128046 -22.384047 3.589663
-16.291992 -22.391079 3.5266979
-15.484316 -22.397871 3.467921
-14.704013 -22.406427 3.4132597
-13.166884 -22.34507 3.3031695
-12.441669 -22.329515 3.2555194
-11.75919 -22.357082 3.2172179
-11.128819 -22.457939 3.1921265
-10.554317 -22.657078 3.1833081
-10.007988 -22.913227 3.1844244
-9.4844036 -23.227098 3.1952977
-8.5205755 -24.133389 3.2595513
-8.1873627 -25.103579 3.3629119
-8.0949411 -27.015078 3.5917554
-1.0117968 -8.2393398 1.057238
-0.83669919 -8.5055904 1.0884923
-0.62827146 -8.4839191 1.0834633
-0.44224608 -8.8757343 1.1318073
0.40185547 -8.5885534 1.0950264
0.60038084 -8.4549656 1.079528
11.87039 -24.137793 3.4257953
12.885459 -23.291435 3.3900616
14.054541 -22.740082 3.4046648
15.597979 -22.708984 3.508723
19.134619 -22.791548 3.7900591
15.992294 -9.996273 2.4019217
16.434229 -9.7290001 2.4323158
16.440088 -9.2040844 2.3996012
16.639677 -8.7952919 2.3970487
17.223095 -8.5784502 2.4505448
2.9133203 5.4847288 0.79095352
2.583545 5.4877539 0.77249098
2.4241893 5.4892149 0.76423675
2.1150196 5.492053 0.74953258
1.6712793 5.496129 0.73162365
1.5277538 5.4974475 0.72667831
1.2460449 5.5000367 0.71822572
0.83400387 5.5038242 0.70895857
0.69874996 5.5050693 0.70674086
0.5642578 5.5063062 0.70494568
0.16377929 5.5099926 0.702052
-0.10228515 5.5124435 0.70217514
-0.23549804 5.5136704 0.70285016
-0.3634668 5.4311399 0.69324642
-0.49546874 5.4322653 0.69471449
-0.62813473 5.4334874 0.69660646
-1.1865137 5.5225291 0.71938795
-1.9081347 5.5291905 0.74494046
-2.3702734 5.5334606 0.76666272
-2.5307031 5.5349436 0.77510804
-2.8628514 5.5380139 0.79397899
-3.0352635 5.5396094 0.80447739
-3.2124317 5.5412474 0.81573987
-16.438799 21.802256 3.4775677
-17.128222 21.611181 3.5120189
-19.329414 12.85424 2.9564257
-19.765694 12.467119 2.9762566
-20.74826 11.727248 3.0353668
-21.610956 11.535789 3.1199303
-22.269081 11.205087 3.174964
-22.873194 10.825418 3.2228961
-22.499237 9.991169 3.1353068
-23.239559 9.0041714 3.1741607
-17.093691 -8.2770338 2.418828
-15.964082 -9.7324343 2.3812134
-17.416895 -22.38162 3.6118939
-16.570723 -22.388733 3.5474596
-14.965176 -22.404638 3.4314318
-11.34039 -22.424091 3.2003522
-10.18748 -22.815878 3.1823218
-9.6547165 -23.104849 3.189187
-8.1117182 -26.290819 3.5041277
-1.0686425 -8.1530075 1.0472413
0.3325879 -8.6087084 1.0972154
11.430771 -26.988426 3.7328105
11.365186 -25.127113 3.5122912
11.719316 -24.328735 3.4392352
12.187998 -23.814135 3.4070897
12.701181 -23.406244 3.3916094
14.508329 -22.655972 3.4263744
15.301484 -22.670607 3.4834337
17.027569 -22.77528 3.6216877
18.818485 -22.789179 3.7640655
16.283895 -9.8198986 2.4218199
16.888876 -9.1036787 2.4435389
2.6380956 5.4872522 0.7754181
2.4775586 5.4887242 0.76695096
2.3204002 5.4901686 0.75910473
2.0151074 5.4929709 0.74516433
1.8664355 5.4943357 0.7390222
1.7201269 5.4956808 0.73340422
1.5759473 5.4970045 0.72829133
1.1540821 5.5008826 0.7158339
1.0163867 5.5021482 0.71259838
0.87982422 5.5034032 0.70980406
0.7442773 5.5046496 0.70744139
0.20867187 5.5095787 0.70219254
0.075624995 5.5108042 0.70191205
-0.057402343 5.5120301 0.70203948
-0.19054687 5.5132556 0.70257717
-0.31905273 5.4307299 0.6928395
-0.71646482 5.4343028 0.69809139
-0.85054684 5.4355383 0.70068359
-1.1394726 5.5220957 0.71810013
-1.2794336 5.523386 0.72207379
-1.5645019 5.5260181 0.73144394
-1.8577441 5.5287256 0.74281538
-2.1609666 5.531527 0.75633496
-13.898115 21.898788 3.3032842
-16.253008 21.924814 3.4758983
-16.838427 21.604555 3.4885478
-18.986855 22.075615 3.7083874
-20.236385 12.316053 3.0170848
-20.716816 11.933044 3.0448785
-21.279726 11.582552 3.0856187
-22.044659 11.318054 3.156004
-20.543056 9.9281588 2.905869
-22.544697 10.231948 3.1531482
-22.672743 9.6371222 3.137605
-23.138613 8.5420094 3.1413128
-17.653925 -7.3503947 2.4354846
-17.201532 -8.6715622 2.4534028
-16.184795 -9.6871099 2.4022877
-8.4517384 -8.786623 1.5527216
-19.525331 -22.365381 3.7811894
-18.599375 -22.372332 3.7053764
-17.709423 -22.37916 3.6346459
-16.852743 -22.386362 3.5686986
-16.026201 -22.393314 3.5071208
-15.22917 -22.402832 3.4500322
-13.673711 -22.36455 3.3385198
-12.925468 -22.334568 3.2865117
-11.553018 -22.39007 3.2088127
-10.369609 -22.725039 3.1813183
-9.321269 -23.349775 3.2020068
-0.9559375 -8.3242455 1.0671366
0.26304686 -8.629056 1.0994999
0.66186523 -8.3879795 1.0716059
11.56704 -24.521183 3.4530139
12.016376 -23.957685 3.4135187
13.637129 -22.889862 3.3933775
14.27663 -22.698921 3.4151788
15.88622 -22.743847 3.5332782
17.606161 -22.780283 3.6667869
18.506552 -22.78684 3.7386639
16.945791 -9.3131809 2.4626646
17.007471 -8.8195276 2.4399772
18.368193 -8.4267426 2.5737903
3.2024121 5.4820762 0.80858684
2.6930664 5.4867492 0.77841991
2.3730567 5.489686 0.76168364
2.2179785 5.4911084 0.75423265
2.0658104 5.492506 0.74735761
1.9163085 5.4938779 0.74103409
1.7692382 5.4952283 0.73524106
1.6243554 5.4965601 0.72996044
1.4814649 5.4978724 0.72517473
1.0626855 5.5017209 0.71364057
0.92578125 5.5029807 0.71069825
0.78990233 5.5042295 0.70819062
0.65492189 5.5054722 0.70611024
0.52063477 5.5067077 0.70445186
0.25358397 5.5091648 0.70238036
-0.40636718 5.4315343 0.69368315
-0.53854489 5.432662 0.6952855
-0.67145509 5.4338865 0.69731259
-0.9545117 5.5203891 0.71349865
-1.6606641 5.5269055 0.73498398
-2.1090429 5.5310473 0.75389647
-2.2639747 5.5324779 0.76131928
-2.4220898 5.5339403 0.76934141
-2.5836523 5.5354333 0.77799267
-2.7489941 5.5369616 0.78730482
-2.918457 5.5385289 0.79731303
-3.2711425 5.5417905 0.81957412
-13.742177 22.047758 3.3087687
-5.3602438 5.5610218 0.80740368
-5.5463181 5.4828868 0.81525832
-5.8193164 5.4814734 0.83569407
-19.481211 12.279811 2.4072833
-19.978359 11.929392 2.4324231
-20.881933 11.794834 2.5070362
-21.165117 10.641978 2.4764292
-21.483545 10.16017 2.4842687
-21.803057 9.6745081 2.4934819
-23.500429 9.7558947 2.6598902
-17.62372 -7.5127611 2.0027046
-17.222588 -7.8381629 1.9780427
-17.373241 -8.4186001 2.0180988
-16.323965 -8.9072132 1.9439311
-15.858505 -9.6743345 1.9418898
-19.196943 -22.367083 3.0812304
-17.406366 -22.381378 2.9639075
-15.743916 -22.39537 2.861712
-12.671249 -22.327314 2.6836584
-11.971913 -22.334019 2.6489575
-11.33287 -22.425303 2.6265674
-10.739306 -22.589033 2.6146228
-10.181123 -22.819361 2.6120727
-9.6483002 -23.108351 2.6177356
-8.6706343 -23.957407 2.6633649
-8.2688179 -24.693823 2.7222474
-8.1101952 -26.312761 2.8782921
-0.87683594 -8.2482595 0.86708969
-0.69785154 -8.5150738 0.89310741
0.13058594 -8.8419485 0.92439437
0.53084958 -8.4101419 0.88090378
11.724677 -24.321878 2.8224852
12.194053 -23.809013 2.7963176
12.707715 -23.402143 2.7837451
13.253506 -23.062109 2.7805474
13.843857 -22.797543 2.7881396
15.311973 -22.671972 2.8598962
16.190067 -22.767603 2.9204075
17.03751 -22.774921 2.973233
17.916708 -22.782516 3.0298076
18.828838 -22.788383 3.0901341
16.095068 -9.699729 1.9644135
16.537392 -9.4298849 1.9900349
18.103174 -8.6518345 2.0974295
5.4655466 5.4617929 0.80772078
5.2101464 5.4641318 0.7892372
4.8900194 5.3827109 0.76020461
4.439199 5.3874011 0.72972882
3.8827929 5.4757419 0.70170516
3.6886914 5.4775243 0.69032192
3.5006835 5.479248 0.67969072
3.1409862 5.4825487 0.6605069
2.968457 5.4841332 0.65187562
2.800293 5.4856763 0.64383602
2.6361229 5.4871836 0.63635892
2.475625 5.488656 0.62941635
2.318496 5.4900999 0.62298048
2.1644726 5.4915137 0.61703366
2.0132713 5.4929037 0.61155057
1.8646581 5.4942675 0.60651398
1.574209 5.4969373 0.5977177
1.2914159 5.4995384 0.59052747
1.1524121 5.5008154 0.58750683
1.0147167 5.5020823 0.5848552
0.87820309 5.5033374 0.5825668
0.60793942 5.5058241 0.57904583
0.47387695 5.5070581 0.57780361
0.20708007 5.5095139 0.57633984
-0.1921289 5.5131907 0.57666683
-0.32062501 5.4306664 0.56867856
-0.45245117 5.4317894 0.56977433
-0.71804684 5.4342394 0.57300198
-0.85214841 5.4354734 0.57513291
-1.1411133 5.5220289 0.58943635
-1.2810937 5.5233202 0.59270322
-1.4227246 5.5246277 0.59635556
-1.5662011 5.5259509 0.60040402
-1.7117187 5.5272946 0.60486311
-1.8594922 5.528657 0.60974729
-2.1627831 5.5314574 0.62085402
-2.4780664 5.5343699 0.63387722
-2.6409278 5.5358739 0.64116484
-2.8076661 5.5374146 0.64900404
-3.1541893 5.5406175 0.66646087
-3.5207422 5.5440049 0.6865263
-3.7126563 5.5457788 0.69764006
-3.9110057 5.5476136 0.70954084
-4.1163669 5.5495129 0.72228193
-4.3293552 5.5514817 0.73592633
-4.550674 5.5535302 0.75054151
-5.5262985 5.5527539 0.8189317
-5.7242966 5.4805942 0.82842606
-6.0109763 5.4832482 0.85051405
-21.300673 13.670266 2.6457806
-21.373886 11.625791 2.5434473
-17.390196 -8.2526684 2.0121973
-16.388359 -8.769969 1.9430308
-16.709776 -9.4676313 2.0076485
-16.056211 -9.6164589 1.9564478
-17.698711 -22.378918 2.9825664
-16.84248 -22.386122 2.928488
-16.016289 -22.393078 2.8779814
-14.445214 -22.407619 2.7869213
-13.664765 -22.364389 2.7397192
-12.205771 -22.331778 2.6603887
-11.545459 -22.391287 2.6335101
-10.931357 -22.518368 2.6166589
-9.3152733 -23.354321 2.628382
-8.3958006 -24.411207 2.69854
-8.1387787 -25.661411 2.8142004
-0.56822264 -8.6259432 0.90366715
-0.36808592 -8.8337116 0.92423356
0.059882812 -9.0368099 0.94468516
0.73393553 -9.2674046 0.97180188
11.419072 -27.56148 3.118634
11.329346 -25.581015 2.9246314
12.529404 -23.528521 2.7865539
13.06953 -23.176723 2.7814434
13.644189 -22.886684 2.7853632
14.284814 -22.697388 2.8034606
15.896669 -22.744764 2.9007792
16.748272 -22.772421 2.9550121
16.386845 -9.5216608 1.9811835
16.953779 -8.7854652 1.9960853
18.312958 -8.39501 2.1059089
5.5544434 5.460979 0.81426072
4.7363672 5.38412 0.74960691
3.9497266 5.4751306 0.70572478
3.5634472 5.4786716 0.68319607
3.2002439 5.4820042 0.66355866
2.6910644 5.4866781 0.63882005
2.5293748 5.4881625 0.6316995
2.2161036 5.4910398 0.61898708
2.0639746 5.4924378 0.61334914
1.9145019 5.4938097 0.60816514
1.4797461 5.4978051 0.59516221
1.338662 5.4991026 0.59163189
1.1991308 5.5003858 0.58848435
1.0610254 5.5016565 0.58570904
0.92413086 5.5029163 0.58329785
0.65330076 5.5054064 0.57954115
0.51903319 5.5066428 0.57818371
0.2519922 5.5091014 0.57649136
0.11888672 5.5103259 0.57615155
-0.2805078 5.5140061 0.57714748
-0.40793943 5.4314694 0.56937361
-0.54013669 5.4325976 0.57069212
-0.67304689 5.4338245 0.57236129
-1.2337109 5.5228834 0.59155852
-1.6623925 5.5268383 0.60331208
-1.9587792 5.5295739 0.61322492
-2.1108398 5.5309777 0.61885023
-2.423955 5.5338697 0.63153899
-2.5855663 5.5353622 0.63864696
-2.9204686 5.5384569 0.65451783
-3.2732615 5.5417161 0.67280483
-3.4573729 5.5434189 0.68294567
-3.6472363 5.5451746 0.69380659
-4.475039 5.5528307 0.74549878
-4.7023144 5.554934 0.76079834
-5.186748 5.5594163 0.79480118
-5.4458985 5.5618153 0.81370223
-21.130732 13.80535 2.6385448
-20.267237 11.886987 2.4561555
-21.121601 11.7124 2.524694
-21.268612 10.485614 2.4788291
-23.661415 10.27749 2.696696
-16.941053 -8.3740826 1.9754744
-16.981709 -9.4399157 2.0310225
-16.256992 -9.5577431 1.9713676
-15.670615 -9.729394 1.9281794
-18.895899 -22.369349 3.0610077
-17.994736 -22.376429 3.0016601
-15.484101 -22.397556 2.846369
-14.703632 -22.405844 2.8014984
-13.918916 -22.368959 2.7540686
-13.166884 -22.345066 2.711206
-12.441679 -22.329515 2.6720965
-11.759199 -22.35709 2.6406598
-11.128828 -22.457947 2.6200633
-10.008008 -22.913246 2.6137445
-8.5206051 -24.133451 2.6754088
-8.0942574 -27.012787 2.9478271
-0.81974608 -8.3333035 0.87532699
11.37041 -26.248764 2.9902935
11.465088 -24.808125 2.8568835
11.870361 -24.137749 2.8118482
12.358984 -23.671064 2.7914257
12.885439 -23.29141 2.7825251
13.444931 -22.975639 2.7827678
14.761982 -22.64395 2.8256683
15.597979 -22.708992 2.8799231
16.46245 -22.769955 2.9371996
17.319971 -22.777361 2.9912212
18.210108 -22.785053 3.049077
19.133877 -22.790663 3.1107237
16.237705 -9.6126537 1.9725474
16.214443 -9.0777521 1.9425324
16.940966 -8.9545422 2.0030949
16.978994 -8.4568672 1.9828755
4.2229786 5.4726243 0.72259963
4.0174513 5.4745092 0.70983684
3.8189354 5.4763293 0.69791579
3.6268749 5.4780908 0.68678325
3.440742 5.4797983 0.67638749
2.7464452 5.4861708 0.64134276
2.2680664 5.4905624 0.62099379
2.1149902 5.4919691 0.61519945
1.9646484 5.4933505 0.6098637
1.8168163 5.4947081 0.60496992
1.5277344 5.4973645 0.59644026
1.3860546 5.4986682 0.5927797
1.1074609 5.5012293 0.58660412
0.83398438 5.5037436 0.58189744
0.69874024 5.5049901 0.58007646
-0.2355078 5.5135899 0.57688445
-0.3634668 5.4310608 0.56900191
-0.62812501 5.4334083 0.57175869
-0.76158202 5.4346399 0.57365692
-1.9081054 5.5291061 0.61142987
-2.0592382 5.5305014 0.6169017
-2.2131836 5.5319223 0.62283748
-2.5306542 5.5348544 0.63619018
-3.2123828 5.5411549 0.66953886
-3.3946581 5.5428405 0.679447
-3.5825195 5.5445752 0.69005978
-3.9770215 5.548224 0.71359086
-4.4004102 5.5521398 0.74057049
-4.6245995 5.5542135 0.75551724
-4.8581738 5.5563755 0.77153915
-5.1020117 5.5586314 0.78872478
-6.1076074 5.4841418 0.85806686
-19.473173 12.282608 2.406728
-20.873173 11.79785 2.5063939
-21.161327 10.647692 2.4763434
-21.479755 10.165937 2.4841673
-23.503252 9.765008 2.6605268
-17.624638 -7.5071397 2.0025623
-17.212881 -7.8277369 1.9766685
-17.373848 -8.4126816 2.0178859
-17.183838 -8.8388033 2.0200069
-16.354433 -8.9177065 1.9472507
-19.208124 -22.366997 3.0819855
-17.41663 -22.381294 2.9645605
-15.753496 -22.395288 2.8622746
-14.175742 -22.373579 2.7687554
-11.340381 -22.424101 2.6268103
-10.746122 -22.586525 2.6146898
-8.6762304 -23.951288 2.6629627
-8.2733498 -24.683754 2.7213976
-0.87891603 -8.2451649 0.86679149
-0.29976562 -8.8681612 0.92756301
11.430693 -26.988237 3.0638292
11.365156 -25.127031 2.8828442
11.719296 -24.328682 2.8228819
12.187998 -23.814089 2.7964983
12.701161 -23.406218 2.7837939
13.246983 -23.066172 2.7805755
16.180088 -22.767513 2.9197943
17.906025 -22.782423 3.0291111
18.817762 -22.7883 3.0893896
16.089872 -9.7029037 1.9641191
16.532042 -9.4331455 1.9897181
16.928154 -9.1248522 2.0102971
16.966084 -8.623539 1.989503
5.2131248 5.4641066 0.78945053
4.6624513 5.3847961 0.74457866
4.4417968 5.3873768 0.72989959
4.0859571 5.4738803 0.71404511
3.5029004 5.4792285 0.67981398
3.3204198 5.4809031 0.66988248
2.8022656 5.4856567 0.64392853
2.4775195 5.4886389 0.62949598
2.3203614 5.4900827 0.6230554
2.0150683 5.492887 0.61161327
1.866416 5.4942517 0.60657227
1.7201074 5.4955969 0.60196179
1.575918 5.4969225 0.59776551
1.0163672 5.5020666 0.58488494
0.74425781 5.5045714 0.58065259
0.4754785 5.5070434 0.57781643
0.34190428 5.5082726 0.57691067
-0.057392579 5.5119495 0.57621843
-0.19054687 5.513176 0.57665956
-0.71645504 5.4342246 0.5729785
-1.0009375 5.5207357 0.58651412
-1.2794238 5.523303 0.59266233
-1.5644823 5.5259337 0.60035306
-1.7099609 5.5272779 0.60480726
-2.0079589 5.5300279 0.61500502
-2.3169141 5.5328808 0.62703854
-2.6389453 5.5358558 0.64107406
-2.8056347 5.537396 0.64890623
-2.9765527 5.5389743 0.65732145
-3.1520703 5.540597 0.66634917
-4.3267479 5.5514588 0.73575759
-4.7782907 5.5556359 0.7660104
-5.0185547 5.5578589 0.78279251
-5.5262594 5.5559483 0.81916487
-21.294647 13.675071 2.6455207
-19.923954 12.125905 2.4381561
-20.628496 11.882174 2.488553
-21.372206 10.328875 2.4813759
-21.691309 9.8446302 2.490104
-23.58334 10.024176 2.6787486
-18.680389 -7.7777863 2.1152549
-16.728994 -9.4721403 2.0096292
-16.063292 -9.6143856 1.9569706
-18.59874 -22.371584 3.0412211
-17.70916 -22.37883 2.9832373
-16.852509 -22.38604 2.9291112
-15.228769 -22.402241 2.8316748
-14.454307 -22.407558 2.7874329
-12.925478 -22.334564 2.6975336
-12.214121 -22.331696 2.6608002
-10.369629 -22.725054 2.6111951
-8.8335257 -23.779114 2.6517253
-8.4002829 -24.401236 2.6977062
-8.1392965 -25.637424 2.8118279
-8.1005955 -27.826874 3.0296299
-0.76157224 -8.420023 0.88378066
-0.37058592 -8.832449 0.92411298
0.26510742 -8.6965895 0.90952039
0.46367186 -8.4824419 0.88803601
0.73118162 -9.2664537 0.97167981
0.9650293 -9.3472347 0.98230726
11.329413 -25.601023 2.9265485
12.016357 -23.957651 2.8017762
13.637109 -22.889839 2.7852514
15.02373 -22.654598 2.8416264
16.738056 -22.772333 2.9543676
18.505829 -22.785967 3.0685418
16.95331 -8.7914362 1.9963304
17.993311 -8.7864065 2.0932055
5.2980075 5.4633274 0.79554272
5.0500584 5.4656005 0.77789533
4.7390819 5.3840952 0.74979335
4.3250489 5.4201145 0.72486937
4.155293 5.4732447 0.71835065
3.7557714 5.4769092 0.69420987
3.5656934 5.478651 0.68332165
2.3730175 5.4895997 0.62517273
2.2179394 5.4910231 0.61905712
1.9162792 5.493794 0.60822415
1.7691991 5.4951463 0.60346878
1.4814453 5.4977903 0.59520662
1.0626757 5.5016403 0.58574051
0.78989255 5.504149 0.58126694
0.65492189 5.505393 0.57955974
0.3869043 5.5078602 0.57717896
0.25358397 5.5090866 0.5764975
0.12048828 5.5103111 0.57615399
-0.012519531 5.5115366 0.57614559
-0.14560546 5.5127625 0.57647324
-0.67144531 5.4338083 0.5723387
-0.80519527 5.43504 0.57434845
-0.95449215 5.5203075 0.58562315
-1.3730762 5.5241685 0.59503508
-1.6606445 5.5268226 0.60325879
-1.8076074 5.5281787 0.60799223
-1.9569824 5.5295582 0.61316037
-2.1090038 5.5309606 0.61878127
-2.2639356 5.5323911 0.62487334
-2.4220507 5.5338526 0.63145751
-2.5836132 5.5353441 0.6385588
-2.9183984 5.5384374 0.65441525
-3.0923243 5.5400462 0.66323364
-5.1048923 5.5585499 0.61747938
-5.3601365 5.5609093 0.6319316
-5.5462012 5.4827733 0.63808119
-5.8191895 5.4813571 0.65407288
-6.1110449 5.484055 0.67180222
-6.5231347 5.575604 0.70210266
-7.2075291 5.5819345 0.74587387
-7.5832129 5.5854111 0.77057356
-7.9848533 5.5891256 0.79744643
-8.4158106 5.5931139 0.82676041
-22.043398 13.894873 2.1319563
-22.573221 13.478827 2.1510987
-20.311327 11.472536 1.9086088
-22.773037 12.147632 2.1117604
-20.781874 9.82833 1.8809004
-22.240702 9.8687153 1.9907893
-17.441757 -7.9379125 1.5678896
-17.211329 -8.3401518 1.5648226
-16.842304 -9.1900578 1.5698009
-16.231758 -9.3721924 1.5335337
-17.406113 -22.381054 2.3197784
-16.560322 -22.388176 2.2784195
-14.955117 -22.403538 2.2038932
-14.166601 -22.373409 2.1666558
-13.410693 -22.355669 2.1329677
-12.67124 -22.327314 2.1004655
-11.971894 -22.334013 2.0733054
-10.181123 -22.819382 2.0444367
-9.6483107 -23.108377 2.048866
-9.1453514 -23.482128 2.0618308
-8.6706543 -23.957445 2.084583
-8.10709 -28.75 2.4440053
-0.6837793 -8.3433456 0.68492627
-0.4971582 -8.6161156 0.70612854
-0.083066404 -8.8674574 0.7255522
0.33105469 -8.5057211 0.69644988
11.428974 -26.962519 2.3960276
12.194043 -23.808971 2.1886363
12.707705 -23.402103 2.1787992
13.253486 -23.062082 2.1762941
17.037197 -22.774477 2.3270683
17.916338 -22.782063 2.3713419
18.828135 -22.78751 2.4185126
16.341005 -9.3179083 1.5390779
17.094208 -9.2080059 1.5886222
17.355616 -8.8152113 1.5926747
18.024248 -8.6141157 1.6344733
7.3091793 5.4447751 0.74571228
6.9565625 5.4480076 0.72294372
6.3113475 5.4539232 0.68247467
5.7332711 5.4592261 0.64772594
5.4654393 5.4616833 0.63217956
4.8899217 5.3826075 0.59499019
4.083447 5.473805 0.55874497
3.8827245 5.4756455 0.5492062
3.5006151 5.4791565 0.53197569
3.3182127 5.4808302 0.52420956
2.8002441 5.4855895 0.5039137
2.6360838 5.4870958 0.49806181
2.4755859 5.4885716 0.49262801
2.164453 5.4914308 0.48293653
2.013252 5.4928198 0.47864532
1.5741894 5.4968553 0.46781859
1.4319433 5.4981642 0.46485227
1.2914063 5.4994569 0.46219161
1.1523925 5.5007348 0.4598271
1.014707 5.5020018 0.4577516
0.74265623 5.5045056 0.45444611
0.60792965 5.5057459 0.45320478
0.47386718 5.5069785 0.45223281
0.34029296 5.5082078 0.45152754
0.074033201 5.5106602 0.45090955
-0.058984373 5.5118847 0.45099485
-0.32062501 5.4305882 0.4450914
-0.45244139 5.4317112 0.44594848
-0.58487302 5.4329309 0.44707763
-0.71804684 5.4341588 0.44847426
-1.4227148 5.5245447 0.46675214
-1.5661817 5.5258665 0.46992186
-1.7116895 5.5272107 0.47341093
-2.0097363 5.5299606 0.48140076
-2.162744 5.5313721 0.48592681
-2.807627 5.537324 0.50795931
-3.5206835 5.54391 0.53732574
-3.7125976 5.5456824 0.54602402
-4.1162987 5.5494127 0.56531113
-4.7810059 5.5555553 0.59968734
-5.0213866 5.5577769 0.61283219
-5.5263085 5.552772 0.64096844
-6.0108495 5.48313 0.66567212
-6.4154687 5.5746078 0.69537687
-6.7408395 5.5776181 0.71584165
-7.4537106 5.5842123 0.76201034
-7.8462791 5.5878439 0.78812361
-22.393583 13.620089 2.1444793
-20.781582 11.303625 1.9355592
-20.82374 10.056375 1.8920317
-22.110762 10.027289 1.9864014
-25.193623 10.700082 2.2395024
-18.352997 -8.1729355 1.6437715
-17.228544 -8.175971 1.5602815
-17.170761 -9.1886625 1.5933888
-16.434317 -9.3115673 1.5454588
-15.842891 -9.4887028 1.5109416
-8.4490423 -8.7888861 0.99747968
-19.512714 -22.363939 2.4283488
-17.698437 -22.378592 2.3343797
-16.842245 -22.385803 2.2920585
-16.016073 -22.392761 2.2525284
-14.444834 -22.407045 2.1812329
-13.664765 -22.364384 2.1443398
-12.205762 -22.331778 2.082252
-10.362842 -22.727568 2.0437031
-9.3152924 -23.354349 2.0572038
-8.8279686 -23.785261 2.0757823
-8.3958197 -24.411303 2.1121154
-8.1388378 -25.661615 2.2026541
-8.1001272 -27.855181 2.373466
-0.74424803 -8.2550497 0.67815197
-0.5613867 -8.5221872 0.69878036
11.329287 -25.580849 2.2890592
13.64416 -22.886662 2.180059
15.896689 -22.74477 2.2704065
16.747938 -22.77198 2.3128023
17.616083 -22.779472 2.3560643
8.4777241 -9.0129623 1.0124053
16.620399 -9.6573696 1.5727454
16.346006 -8.9774265 1.5258296
7.8173923 5.4401159 0.77923661
7.4332128 5.4436388 0.75381958
6.7344532 5.4500437 0.70883042
6.4150681 5.4529734 0.68886763
6.1130271 5.4557433 0.67038101
5.2948828 5.4632468 0.62247878
4.5122361 5.3860717 0.57488292
4.1527438 5.4731688 0.56211275
3.9496679 5.4750328 0.55235153
3.5633886 5.478579 0.53471923
3.0261035 5.4835129 0.5124321
2.6910253 5.4865918 0.49998856
2.3711035 5.4895301 0.48924667
1.6225878 5.4964099 0.46888945
1.4797266 5.4977255 0.46581802
1.1991211 5.5003052 0.46059263
1.0610058 5.5015759 0.45842069
0.78826171 5.5040855 0.45492598
0.65329099 5.5053272 0.45359343
0.51903319 5.5065637 0.45253021
0.38532224 5.5077953 0.45173508
0.25198242 5.5090208 0.45120636
0.11889648 5.5102477 0.45094025
-0.14719726 5.5126963 0.45119613
-0.2805078 5.5139256 0.45171934
-0.40793943 5.4313917 0.44563505
-0.5401172 5.4325194 0.44666716
-0.67302734 5.433744 0.44797224
-0.95613277 5.5202427 0.45837769
-1.094209 5.5215158 0.46054214
-1.2336913 5.5228 0.46299848
-1.3747363 5.5241027 0.46575439
-1.5175586 5.5254188 0.46881652
-1.6623633 5.5267553 0.47219756
-1.8093554 5.5281115 0.4759056
-2.1108203 5.5308924 0.48435926
-2.2657714 5.5323229 0.48913193
-2.4239159 5.533783 0.49429029
-2.7509179 5.5368018 0.50583982
-3.4573145 5.543324 0.53452331
-3.6471679 5.5450768 0.54302335
-4.2565331 5.5507078 0.57230467
-4.4749608 5.5527267 0.58348191
-4.9391403 5.5570178 0.60829496
-5.9124608 5.4822202 0.65969604
-6.3098631 5.5736313 0.68882412
-6.6289649 5.5765829 0.70875913
-6.9673047 5.5797129 0.73031902
-7.3270798 5.5830407 0.75368607
-7.7108688 5.5865917 0.77906597
-8.1216888 5.5903931 0.80670422
-21.690458 14.171036 2.1198556
-22.747431 13.341656 2.1576493
-20.540497 11.390162 1.9216789
-21.367538 11.183267 1.9732219
-21.674023 10.685486 1.9771278
-25.429131 10.323233 2.2454708
-17.033134 -7.9139919 1.5366971
-17.194668 -8.4994392 1.5693226
-16.509325 -8.6625633 1.5254158
-16.64035 -9.2501612 1.557696
-16.039366 -9.4298105 1.5223067
-18.895264 -22.368599 2.3957295
-16.291542 -22.390442 2.2655602
-13.918925 -22.368954 2.1555741
-11.128828 -22.457954 2.0506911
-10.554336 -22.657108 2.0450253
-10.008027 -22.913269 2.0457468
-8.984004 -23.614481 2.0671942
-8.5206347 -24.13353 2.0940166
-8.093564 -27.010508 2.3070328
0.19569336 -8.6498623 0.70789796
0.39480469 -8.4379482 0.69113404
11.370322 -26.248549 2.3404429
11.465058 -24.808037 2.2360475
12.358974 -23.671022 2.1848073
13.444921 -22.975615 2.1780334
16.462118 -22.769514 2.2988627
17.319639 -22.776913 2.3411429
19.133154 -22.789782 2.4346275
16.363272 -9.6870031 1.5558271
18.14286 -8.4964743 1.6391313
8.3740721 5.4350133 0.81680799
7.9529395 5.4388733 0.78830731
7.5599899 5.4424753 0.76215678
7.1920505 5.4458485 0.73810238
6.8464355 5.449017 0.71592283
6.5208006 5.452003 0.69543087
5.3810449 5.4624572 0.62735963
5.1294141 5.4647655 0.61322445
4.369072 5.3879442 0.56755108
3.2599902 5.4813647 0.52179521
3.0843163 5.4829783 0.51471162
2.9132323 5.4845505 0.50810868
2.7464061 5.4860826 0.50196332
2.5834668 5.4875793 0.4962486
2.4241114 5.4890442 0.4909468
2.2680273 5.4904771 0.48603666
2.1149511 5.4918847 0.48150131
1.964619 5.4932666 0.47732559
1.6712207 5.4959631 0.46999663
1.3860449 5.4985862 0.463954
1.2460058 5.4998741 0.46139023
1.1074512 5.5011487 0.45912078
0.97015625 5.5024118 0.45713773
0.69874024 5.5049095 0.45401213
0.56423825 5.506146 0.45285872
0.43036133 5.5073791 0.45197418
0.29692382 5.5086083 0.45135513
0.16376953 5.5098338 0.45100006
-0.23549804 5.5135107 0.45151246
-0.36345702 5.4309826 0.44534302
-0.76156247 5.4345603 0.44898695
-1.0475 5.5210853 0.4597801
-1.7595117 5.5276513 0.47461852
-1.9080762 5.5290222 0.47855026
-2.0592089 5.530416 0.48283324
-2.2131543 5.531837 0.48747861
-2.3701952 5.5332861 0.49250579
-2.6946971 5.536283 0.50377148
-3.0351758 5.5394263 0.51679689
-3.2123241 5.5410619 0.52403134
-4.1847072 5.550045 0.56870407
-4.400322 5.5520387 0.57962525
-4.8580856 5.5562682 0.60386199
-5.1019044 5.5585227 0.61731213
-5.5429883 5.4827442 0.63788646
-6.1074705 5.4840231 0.67158246
-6.5192871 5.5755687 0.70186168
-6.8509083 5.5786362 0.72285521
-7.2031837 5.5818944 0.74559051
-7.5785642 5.5853672 0.77026546
-7.9798727 5.5890808 0.79711014
-22.566826 13.483863 2.1508613
-20.302938 11.475551 1.908134
-21.564238 10.850427 1.9751066
-17.211952 -8.3342953 1.564658
-16.849804 -9.1878262 1.5702528
-16.570244 -22.388092 2.2788935
-15.753281 -22.394976 2.2402358
-14.964404 -22.403471 2.2043114
-13.419736 -22.356062 2.1333749
-11.34039 -22.424107 2.055958
-10.746122 -22.586542 2.0464888
-10.18751 -22.81592 2.0443916
-8.6762304 -23.951342 2.0842588
-8.2733688 -24.683832 2.130008
-0.68594724 -8.3401814 0.68468338
-0.49946287 -8.6127443 0.70586407
-0.085605465 -8.8661013 0.72544235
0.12632813 -8.7238216 0.71384263
0.57274413 -9.115696 0.74730164
0.80075192 -9.1932058 0.75501829
11.430625 -26.98805 2.3980033
11.365117 -25.126944 2.256356
11.719267 -24.328634 2.20943
12.187968 -23.814062 2.1887817
14.50832 -22.655947 2.2011707
15.301494 -22.67062 2.2378342
17.905674 -22.781969 2.3707967
18.817041 -22.787426 2.4179313
17.094893 -9.2147312 1.5889314
17.355381 -8.8214064 1.5928876
8.09167 5.4376025 0.7976442
7.6895995 5.4412889 0.77073181
6.9606638 5.4479699 0.72320634
6.6285348 5.4510155 0.70216566
6.3150096 5.4538903 0.68269944
5.4685545 5.4616537 0.63235825
5.213027 5.4639978 0.6178807
4.8927441 5.3825803 0.59514463
3.5028417 5.4791346 0.53207213
3.3203709 5.4808106 0.52429962
3.1430371 5.482439 0.51704621
2.8022168 5.48557 0.50398588
2.3203223 5.4899974 0.48765028
2.1662598 5.4914136 0.48298994
2.015039 5.4928041 0.47869459
1.8663769 5.4941688 0.47474945
1.7200781 5.4955149 0.47113982
1.5758984 5.4968405 0.46785599
1.4336327 5.498148 0.46488675
1.1540527 5.5007191 0.45985335
0.74424803 5.5044909 0.45446259
0.47546872 5.5069642 0.45224288
0.34189454 5.508193 0.45153517
0.20867187 5.5094199 0.45109099
-0.057392579 5.5118713 0.45099166
-1.1394336 5.5219321 0.46130919
-1.5644531 5.5258517 0.46988174
-1.7099414 5.5271935 0.47336745
-2.6389062 5.5357666 0.50175279
-2.9765136 5.5388827 0.51446855
-3.3325195 5.5421705 0.5291087
-3.9085252 5.5474925 0.5552237
-4.1137891 5.5493894 0.56518751
-4.5478907 5.5534019 0.58728635
-4.7781935 5.555531 0.59953523
-5.0184569 5.5577502 0.61266953
-5.269629 5.5600729 0.62676543
-5.526279 5.5559607 0.64115185
-6.4116993 5.5745726 0.69514221
-7.0818944 5.5807724 0.73771542
-7.4491892 5.5841699 0.76171249
-7.8414254 5.5877991 0.78779769
-8.2617283 5.5916882 0.81622541
-21.860233 14.038292 2.1256096
-20.89703 10.72883 1.9219325
-22.106836 10.03322 1.9863087
-25.189404 10.706836 2.2394025
-18.355839 -8.1678457 1.6438138
-17.22916 -8.170167 1.5601221
-16.441553 -9.3094034 1.5458882
-18.598114 -22.37084 2.3802824
-17.708887 -22.378506 2.3349059
-16.852245 -22.385717 2.2925467
-16.025751 -22.392679 2.2529838
-15.228378 -22.401659 2.2162561
-14.453925 -22.406982 2.1816328
-13.673701 -22.364546 2.1447332
-12.925468 -22.33456 2.1113226
-12.214111 -22.331694 2.0825717
-10.938173 -22.515877 2.0480843
-9.8346872 -23.007284 2.0471821
-8.8335447 -23.77915 2.0754721
-8.4003029 -24.401327 2.1114631
-8.0998831 -27.824438 2.3710463
-0.56364256 -8.5188942 0.698524
-0.36934569 -8.8031197 0.72088897
0.72332031 -9.166832 0.75234526
11.418105 -27.581562 2.4424024
11.329355 -25.600908 2.2905629
11.566992 -24.521084 2.2182796
12.523359 -23.533527 2.1811273
13.637099 -22.889816 2.1800032
15.88622 -22.743856 2.2698572
18.505146 -22.785097 2.4016156
8.4761524 -9.0165186 1.0125377
16.3321 -8.9759102 1.5247731
17.05665 -8.8450184 1.5720253
8.2337399 5.4362998 0.80725843
7.0772557 5.4469018 0.73068798
6.7383885 5.4500084 0.70907849
6.1165528 5.4557114 0.67059463
4.514863 5.3860474 0.57501829
4.3250294 5.420095 0.56733918
3.3813086 5.4802504 0.52686173
3.0281639 5.4834948 0.51251233
2.8585155 5.4850512 0.50606018
2.6929882 5.4865732 0.50005811
2.5312402 5.488059 0.49447891
1.9162598 5.4937096 0.4760417
1.7691797 5.4950633 0.47232041
1.3403125 5.4990063 0.46308699
0.65490234 5.5053124 0.45360777
0.52061522 5.5065479 0.4525421
0.3869043 5.5077796 0.45174375
0.12048828 5.5102329 0.45094237
-0.1455957 5.5126829 0.4511914
-0.278916 5.5139112 0.45171127
-0.40635741 5.4313769 0.44562423
-0.80518556 5.4349623 0.44952896
-0.95448238 5.5202284 0.45835325
-1.2320117 5.5227857 0.46296692
-1.3730469 5.524087 0.46571991
-1.5158496 5.5254025 0.46877837
-1.8075781 5.5280943 0.47585982
-2.1089842 5.5308762 0.48430419
-2.2638965 5.5323057 0.48907241
-2.4220018 5.5337644 0.49422607
-2.5835741 5.5352564 0.49978271
-3.0922656 5.5399523 0.5190956
-3.2710254 5.541604 0.52649534
-5.5460935 5.4826612 0.46155608
-5.8190722 5.4812427 0.4731265
-6.110918 5.4839377 0.48595458
-6.5229783 5.5754795 0.50786912
-7.2073536 5.5818028 0.53953093
-7.5830173 5.5852733 0.5573985
-7.9846582 5.588984 0.57683468
-8.8796778 5.5972557 0.62123579
-9.3815432 5.601892 0.6466974
-9.9266205 5.6069298 0.67474622
-10.994531 5.5281701 0.72833049
-11.883711 5.6201844 0.77802658
-25.488535 10.581238 1.6333607
-17.037197 -8.2557602 1.1204927
-16.613535 -9.0652218 1.1201234
-16.016582 -9.2479467 1.0946089
-19.195663 -22.365576 1.7443922
-18.283438 -22.373331 1.7100749
-14.954717 -22.402958 1.5941899
-14.166601 -22.373407 1.5672951
-12.671249 -22.327314 1.5194154
-11.33287 -22.425318 1.4870826
-10.739316 -22.589067 1.4803319
-10.181132 -22.819407 1.4788896
-8.2688866 -24.693962 1.5412706
-0.29226562 -8.7203445 0.5164026
0.12706055 -8.604104 0.50928968
0.56938475 -9.0206404 0.53494966
11.724628 -24.321789 1.5980122
12.707685 -23.402082 1.576081
14.516591 -22.654402 1.5924531
15.311982 -22.671984 1.6191978
16.189482 -22.766727 1.653393
17.036865 -22.774033 1.6833009
17.915985 -22.78161 1.7153249
18.827412 -22.786634 1.7494154
17.397881 -8.8366861 1.1549001
17.843681 -8.5278234 1.1704884
11.97704 5.3921957 0.7773872
11.257753 5.3987951 0.73894542
10.605898 5.4047766 0.70451707
9.4838667 5.424685 0.64663708
8.9817867 5.4292917 0.62116104
8.517539 5.4335532 0.59794939
8.086484 5.4375095 0.57673538
7.3090134 5.4446445 0.53941423
6.9563961 5.4478831 0.5229457
6.6245117 5.4509287 0.50773984
6.3112106 5.4538059 0.49367186
6.0146289 5.4565296 0.48063552
5.7331543 5.4591126 0.46853697
5.465332 5.4615736 0.45729139
4.8898239 5.3825049 0.43038785
4.439043 5.3872023 0.41313764
4.2913184 5.471797 0.41156113
4.0833693 5.4737072 0.40417343
3.8826659 5.475553 0.3972728
3.6885643 5.477335 0.3908284
3.5005565 5.4790626 0.38480988
3.3181446 5.4807386 0.37919173
3.1408887 5.4823694 0.37394944
2.968369 5.483954 0.36906296
2.6360352 5.487009 0.36027756
2.4755468 5.4884849 0.35634795
2.0132129 5.4927354 0.34623274
1.5741601 5.4967737 0.3384015
1.0146874 5.5019212 0.33111998
0.34029296 5.5081286 0.32661635
0.074023433 5.510582 0.32617003
-0.058984373 5.5118055 0.32623169
-0.19211914 5.513032 0.32648376
-0.32061523 5.43051 0.32196119
-0.45244139 5.431633 0.32258162
-0.71802735 5.4340806 0.32440796
-0.85211915 5.4353161 0.32561582
-1.0025586 5.5205908 0.33207718
-1.2810644 5.5231581 0.33556229
-2.1627147 5.5312853 0.35150009
-2.6408398 5.535697 0.36299834
-2.9785352 5.5388122 0.37220472
-3.1540821 5.540432 0.37731948
-3.3346386 5.542098 0.38280395
-3.5206249 5.5438147 0.38867903
-4.1162109 5.5493126 0.40892318
-4.3291893 5.5512791 0.41664672
-4.550498 5.5533228 0.42492124
-4.7809176 5.5554504 0.43378797
-5.2726073 5.5599899 0.45350128
-5.5263281 5.552794 0.46365768
-5.7240524 5.4803638 0.46901366
-6.0107226 5.4830112 0.48151731
-6.4153318 5.5744858 0.50300503
-7.4535351 5.5840769 0.55120283
-9.2077045 5.600287 0.6378392
-9.7375288 5.6051831 0.66497403
-10.771006 5.5261035 0.71648848
-11.632832 5.6178651 0.7645691
-12.403349 5.6249866 0.80605328
-25.367723 10.774028 1.6311888
-17.114092 -8.1216583 1.1211665
-16.214794 -9.1871815 1.1030073
-16.841991 -22.385483 1.6579851
-15.218613 -22.401142 1.6028273
-13.664765 -22.364382 1.5511562
-11.545488 -22.391298 1.4910063
-10.362851 -22.727583 1.4783579
-9.82833 -23.010761 1.4809153
-8.8279877 -23.785307 1.5015614
-8.3958492 -24.411362 1.5278496
-8.1388865 -25.661757 1.5933475
0.057499997 -8.6772957 0.51357603
0.49430662 -8.9955349 0.53320312
0.7183398 -9.0705872 0.53852326
11.417451 -27.557577 1.7654377
11.572392 -24.514194 1.6044074
12.022412 -23.952484 1.5861778
12.529346 -23.528461 1.5776685
13.64415 -22.886637 1.5769969
15.033418 -22.654995 1.6091895
15.896689 -22.744772 1.6423472
16.747627 -22.77154 1.6729847
17.615732 -22.779022 1.7042766
18.51544 -22.784315 1.7376112
17.113895 -9.9441137 1.1714576
16.933994 -9.3003531 1.1434453
17.723173 -8.6481647 1.1671613
11.492294 5.3966441 0.75143188
10.818876 5.402822 0.71571773
10.068623 5.3355236 0.67440838
9.1466799 5.4277806 0.62948406
8.6702147 5.4321518 0.6055432
7.0729198 5.4468141 0.52835327
6.4149313 5.4528537 0.4982968
6.1129003 5.4556274 0.48492399
5.2947755 5.4631381 0.45027387
5.0469627 5.465415 0.44029221
4.5121484 5.385973 0.41584578
3.9495897 5.4749365 0.3995488
3.7533202 5.4767408 0.39295286
3.5633202 5.4784861 0.38679442
2.8564551 5.484983 0.36601043
2.6909766 5.4865026 0.36167145
2.3710742 5.4894457 0.35390213
2.0639062 5.492269 0.34725142
1.7674023 5.4949975 0.34162751
1.4796972 5.4976425 0.33695465
1.1990918 5.5002232 0.33317381
1.0609961 5.5014963 0.33160338
0.65328121 5.5052476 0.32811111
0.51902342 5.506484 0.32734299
0.38530272 5.5077162 0.32676804
0.25198242 5.5089426 0.32638487
-0.2805078 5.5138474 0.3267566
-0.40792969 5.4313135 0.32235503
-0.5401172 5.4324412 0.32310075
-0.67302734 5.4336658 0.32404587
-0.95612305 5.5201621 0.33157256
-1.2336719 5.5227208 0.33491546
-1.3747265 5.5240197 0.3369081
-1.517539 5.5253367 0.33912444
-1.8093262 5.5280261 0.34425169
-1.9587207 5.5294056 0.34718078
-2.1107812 5.5308065 0.35036543
-2.2657421 5.5322375 0.35381866
-2.4238868 5.5336947 0.35754973
-2.9203808 5.5382752 0.37055817
-3.094326 5.5398817 0.3755548
-3.2731543 5.5415306 0.38091108
-3.8432128 5.546792 0.39938506
-4.7021289 5.5547228 0.43072784
-5.912334 5.4821019 0.47719419
-6.628818 5.5764575 0.51268446
-6.9671383 5.5795822 0.52828139
-7.3269138 5.5829062 0.54518157
-8.5627346 5.594326 0.60535508
-9.5538473 5.6034861 0.65552247
-10.114355 5.6086645 0.6844905
-10.72707 5.6143274 0.7165767
-11.217207 5.5302281 0.74018586
-12.134257 5.6224999 0.79151231
-17.033047 -8.9373579 1.1384453
-16.416103 -9.1254988 1.1116093
-19.832832 -22.360762 1.7689701
-18.894638 -22.367851 1.7329426
-17.994219 -22.375771 1.6994069
-17.127314 -22.383076 1.6680802
-16.291307 -22.390123 1.6388193
-15.483662 -22.396933 1.6114949
-14.702881 -22.404692 1.5860503
-13.918916 -22.368954 1.5592766
-13.166875 -22.345058 1.5350096
-10.554345 -22.657129 1.4793156
-10.008027 -22.913296 1.4798323
-9.4844532 -23.227192 1.4848902
-8.0928802 -27.008183 1.6686974
-0.42502928 -8.5301113 0.50548017
0.1930957 -8.5346546 0.50525159
11.370234 -26.248381 1.693
11.465019 -24.807959 1.6174632
12.88541 -23.291355 1.5753886
13.444902 -22.975595 1.5755211
15.597988 -22.709003 1.6305379
17.075439 -9.0256081 1.1430998
17.603369 -8.7678547 1.163936
12.506376 5.3873386 0.80594498
11.734912 5.3944163 0.76439881
9.6797752 5.3294787 0.65399152
8.8268356 5.4307141 0.61337459
7.9527535 5.4387364 0.57022476
7.5597949 5.4423447 0.55130982
6.2129688 5.4547081 0.48932341
5.9214845 5.4573841 0.47660154
5.1293163 5.4646583 0.4435803
4.3689942 5.3878455 0.4105435
4.2228222 5.4724264 0.40910232
4.0173044 5.4743152 0.40187591
3.8188183 5.4761386 0.39512709
3.4406152 5.4796143 0.38293913
3.2599316 5.4812732 0.37744597
2.424082 5.4889574 0.35513183
1.5276953 5.4972019 0.33767822
1.3860157 5.4985056 0.33560562
1.2459961 5.4997935 0.33375153
1.1074317 5.5010691 0.33210966
0.56423825 5.5060668 0.32757995
0.43036133 5.5072999 0.32694
-0.23549804 5.5134325 0.32660675
-0.36345702 5.4309044 0.32214463
-0.49543944 5.4320288 0.32282683
-0.62810546 5.4332533 0.32370573
-0.76156247 5.4344821 0.32478011
-1.0474805 5.5210032 0.33258682
-1.1864648 5.522284 0.33429107
-2.0591698 5.5303307 0.34926298
-2.8627148 5.5377426 0.36895186
-3.2122655 5.5409689 0.37906265
-3.394541 5.5426526 0.38467178
-3.5824022 5.5443845 0.3906807
-3.7763379 5.5461755 0.39711303
-3.9768748 5.548027 0.40400222
-4.1846385 5.5499439 0.41137847
-4.8579884 5.5561609 0.43680862
-5.8156834 5.4812107 0.47298002
-6.1073437 5.4839048 0.48579374
-6.8507419 5.5785084 0.52288055
-7.2030077 5.5817628 0.53932601
-8.4102345 5.5929174 0.59777391
-9.3752737 5.6018348 0.64637786
-9.919795 5.6068673 0.6743933
-10.986504 5.5280957 0.72790742
-17.029676 -8.2460327 1.1198417
-17.37915 -8.939271 1.1566774
-16.620869 -9.0629873 1.1204423
-19.206856 -22.365492 1.7448188
-17.416132 -22.380644 1.6784071
-15.753047 -22.394663 1.6205076
-14.175732 -22.373573 1.5675926
-8.111865 -26.2913 1.6284302
-0.48933592 -8.4380102 0.50024182
-0.29465818 -8.7169123 0.51620436
-0.085234374 -8.8275318 0.52248138
11.365068 -25.126879 1.6321809
12.18794 -23.814028 1.5832982
13.246933 -23.066122 1.5742817
14.508301 -22.655937 1.5922657
15.301494 -22.670628 1.6187816
16.179462 -22.766642 1.6530461
17.026571 -22.773945 1.6829325
17.067627 -9.200036 1.1475551
17.389404 -8.8386946 1.1545057
17.839384 -8.5321064 1.1703684
11.986073 5.3921118 0.77787334
10.61331 5.4047079 0.70490581
9.4901171 5.4246278 0.64695692
8.9875679 5.4292393 0.62145174
8.5228901 5.4335046 0.59821457
8.091465 5.4374647 0.57697827
6.6283884 5.4508934 0.50791502
6.3148727 5.4537721 0.49383512
5.4684472 5.461544 0.45742035
4.8926368 5.3824792 0.43049848
4.6622849 5.3845935 0.4215492
4.4416308 5.3871789 0.41323408
4.2938476 5.4717736 0.41165236
4.0858107 5.4736853 0.40425873
3.6908495 5.4773145 0.390903
3.3203027 5.4807191 0.37925687
3.1429882 5.4823484 0.37401
2.9704003 5.4839344 0.36911881
2.8021777 5.4854822 0.36456299
2.4774413 5.4884667 0.35639313
2.1662304 5.4913292 0.34937561
2.0150096 5.4927182 0.34626845
1.8663573 5.4940867 0.34341475
1.7200488 5.4954319 0.34080443
1.5758691 5.4967575 0.33842924
1.4336133 5.4980674 0.33628067
1.1540332 5.5006394 0.33264008
0.8797949 5.5031629 0.32983825
0.74424803 5.5044117 0.32874039
0.47545898 5.5068846 0.32713529
0.34189454 5.5081139 0.32662275
-0.31904295 5.4304953 0.32195434
-0.58327144 5.4328394 0.32338774
-1.0009081 5.520575 0.33205855
-1.1394141 5.5218515 0.33369276
-1.2793847 5.5231409 0.33553955
-1.4209863 5.524447 0.33760375
-1.5644336 5.5257702 0.33989304
-1.7099121 5.5271106 0.34241652
-1.8576562 5.5284729 0.34517729
-2.1608691 5.5312681 0.3514595
-2.3168359 5.5327072 0.35500044
-2.4760644 5.5341773 0.35882583
-2.6388671 5.5356784 0.36294693
-2.8055468 5.5372152 0.36738265
-2.9764647 5.538794 0.37214538
-3.1519628 5.5404124 0.37725678
-3.3324609 5.542079 0.38273588
-4.3265915 5.5512547 0.41655135
-4.5478024 5.553297 0.42481872
-4.7781053 5.5554233 0.43367842
-5.2695312 5.5599618 0.45337507
-5.5262985 5.5559812 0.46379393
-6.0072165 5.4829798 0.48136261
-6.4115624 5.5744505 0.50283569
-6.7366991 5.5774546 0.51762402
-7.0817285 5.5806432 0.53363097
-9.2016306 5.6002307 0.63752973
-10.307588 5.6104517 0.69456631
-10.770351 5.529696 0.71654725
-11.624063 5.6177845 0.7640999
-18.158262 -8.0799217 1.176288
-16.829023 -8.9995289 1.129495
-17.708632 -22.378178 1.6889818
-16.025517 -22.392365 1.62972
-13.673711 -22.364542 1.5514396
-12.925468 -22.334555 1.5272688
-12.214101 -22.331694 1.5064747
-10.938173 -22.515894 1.4815248
-10.369638 -22.72509 1.4783915
-9.8346968 -23.007307 1.4808769
-8.8335638 -23.7792 1.5013392
-8.0991793 -27.822016 1.7149965
-0.36171874 -8.62082 0.51067215
0.055 -8.6799269 0.51373094
0.49166992 -8.9946518 0.53314239
0.71564454 -9.0696821 0.53845763
11.417295 -27.579628 1.766642
11.329287 -25.600756 1.6569139
11.566953 -24.521044 1.6046348
12.52333 -23.533495 1.577765
14.276601 -22.698887 1.5870613
15.023691 -22.654598 1.6088526
15.88622 -22.743856 1.6419489
16.737392 -22.77145 1.6726218
16.92462 -9.3015394 1.1429933
16.607998 -8.6123695 1.1072459
12.246327 5.3897252 0.79188919
9.5681934 5.3663855 0.64927948
9.152607 5.4277258 0.62978423
8.2335253 5.4361606 0.58393341
6.7382321 5.4498854 0.51291502
6.1164255 5.4555945 0.48507828
5.8298631 5.4582262 0.47266266
5.5574121 5.4607272 0.46112761
5.2978024 5.4631114 0.45039824
4.3250294 5.4200778 0.41039717
4.1551366 5.4730482 0.40669692
3.9519823 5.4749146 0.39962998
3.5655663 5.4784656 0.38686538
3.3812499 5.4801598 0.3811093
3.0281153 5.4834032 0.37072983
2.6929393 5.4864855 0.36172241
2.5312011 5.4879723 0.35768598
2.0657129 5.4922519 0.34728819
1.9162207 5.493628 0.34434965
1.6242871 5.4963136 0.33920348
1.4813964 5.4976282 0.33697981
1.3402929 5.4989257 0.33497894
1.0626465 5.5014806 0.33162048
0.789873 5.5039916 0.32908875
0.65490234 5.5052328 0.32812133
0.52060544 5.5064683 0.32735106
0.25357422 5.5089283 0.32638824
0.12048828 5.5101538 0.32619369
-0.012519531 5.5113783 0.3261891
-0.14560546 5.5126038 0.32637465
-0.67142576 5.433651 0.3240332
-0.80516601 5.4348826 0.32517073
-0.95447266 5.5201478 0.33155531
-1.0925293 5.5214195 0.33311844
-1.6605957 5.5266552 0.3415387
-1.8075585 5.5280104 0.34421906
-1.9569238 5.5293884 0.3471446
-2.1089454 5.5307908 0.35032654
-2.5835352 5.5351682 0.36152297
-2.7488573 5.5366931 0.36585006
-6.1107812 5.4838181 0.30059952
-6.5228319 5.5753565 0.31416273
-6.8546677 5.5784178 0.32356507
-7.5828319 5.5851364 0.34479904
-7.9844432 5.5888429 0.35682297
-8.4153614 5.5928197 0.36993819
-8.8794336 5.5971017 0.38428801
-9.3812695 5.6017332 0.40003812
-9.9263277 5.6067648 0.41738662
-10.521172 5.6122546 0.43657562
-10.99418 5.5279918 0.45053831
-11.88332 5.6199927 0.48127258
-17.034716 5.6656504 0.65726483
-17.824423 -8.1120758 0.71699184
-17.240341 -8.8741798 0.70991176
-17.405605 -22.380405 1.0380211
-15.743242 -22.394428 1.0022355
-13.410703 -22.355659 0.95445389
-11.971904 -22.334013 0.92775953
-11.332881 -22.425322 0.91992199
-10.181152 -22.819426 0.91484696
-9.145381 -23.482195 0.92262983
-8.1056442 -28.744852 1.0934459
-0.28628907 -8.5419331 0.31291229
11.428828 -26.962154 1.072158
11.724599 -24.321747 0.98853195
12.194014 -23.808901 0.97936475
12.707665 -23.402052 0.97496593
14.516572 -22.654388 0.98509383
15.311992 -22.671991 1.0016387
16.18915 -22.766293 1.0227745
17.036512 -22.773588 1.0412724
17.915634 -22.781158 1.0610826
16.853252 -9.6100025 0.71029496
20.166708 5.2372422 0.76283324
17.161299 5.3529038 0.65816528
13.668447 5.3764672 0.53775173
12.775312 5.3846741 0.50757796
11.97663 5.3920116 0.48087615
9.8589544 5.3276758 0.41028929
9.4835939 5.424531 0.4000009
8.5173244 5.4334106 0.36988416
7.3088379 5.444519 0.33367613
6.6243649 5.450809 0.31408218
6.3110743 5.4536862 0.3053807
6.0145116 5.4564133 0.29731765
5.733037 5.4590001 0.28983229
4.659492 5.3845177 0.26069716
4.4389548 5.3871031 0.25556031
4.2912402 5.4717002 0.25458816
4.0833006 5.4736109 0.250018
3.3180957 5.480648 0.23456496
3.14083 5.4822788 0.23132202
2.8001659 5.4854112 0.225484
2.6359961 5.4869223 0.22286575
2.4755077 5.4883986 0.2204338
2.3183985 5.4898438 0.21818054
1.7182813 5.4953661 0.21080154
1.0146778 5.5018406 0.20482849
0.74263668 5.5043454 0.20334929
0.4738574 5.5068212 0.2023593
0.34028319 5.5080504 0.20204391
0.20707031 5.5092773 0.20184676
0.074023433 5.5105014 0.20176651
-0.85210937 5.4352369 0.20142394
-1.1410644 5.5217848 0.20643386
-1.422666 5.5243797 0.20885651
-1.859414 5.5284071 0.21354629
-2.6407909 5.5356092 0.22454834
-2.8075292 5.5371447 0.2272937
-2.9784765 5.538722 0.23024291
-3.5205662 5.5437193 0.24043426
-3.7124608 5.5454907 0.24432601
-4.1161423 5.5492139 0.25295654
-4.7808204 5.5553441 0.26833603
-5.7239256 5.4802489 0.2901274
-6.0105858 5.4828939 0.29786178
-6.4151855 5.5743628 0.31115219
-9.2074509 5.6001291 0.39455658
-10.314502 5.6103477 0.42988035
-10.770664 5.5259275 0.44321105
-11.632451 5.6176767 0.47294936
-13.262295 5.6327219 0.52753663
-16.318037 5.5752401 0.63134384
-17.634024 -8.3683872 0.71462494
-17.035185 -8.5938787 0.69855863
-16.59494 -8.8805208 0.6890974
-18.586025 -22.369438 1.0648149
-17.697939 -22.377939 1.044557
-15.218223 -22.40056 0.99148631
-10.931376 -22.518417 0.91644973
-10.362851 -22.727602 0.9145149
-8.8279982 -23.785351 0.9288649
-8.1389456 -25.661938 0.98565441
-8.0987206 -27.850376 1.0618947
-0.3520703 -8.4496059 0.30962479
11.41665 -27.555634 1.0920298
11.572363 -24.514139 0.99248916
12.022392 -23.952446 0.98121381
13.64414 -22.886616 0.9755168
14.284785 -22.697353 0.98187363
15.896689 -22.744776 1.0159626
16.747314 -22.771097 1.0348911
17.615381 -22.778574 1.0542512
18.514755 -22.783451 1.0748457
19.452177 -22.790409 1.0970082
16.866377 -9.8002882 0.71418667
16.99622 -9.3345385 0.70993698
19.265732 5.333569 0.73188764
17.651083 5.348403 0.67525768
12.236474 5.3896251 0.48953322
11.491914 5.3964634 0.46482345
9.1464252 5.4276295 0.38939011
8.2282124 5.4360681 0.3610585
7.0727539 5.4466867 0.32683304
6.4147949 5.4527345 0.30824172
6.1127734 5.4555101 0.29996917
5.554111 5.4606457 0.28516647
4.7360935 5.383812 0.26252076
3.5632715 5.4783936 0.23926711
3.3790331 5.4800878 0.23571075
3.200078 5.4817343 0.23239058
2.6909375 5.4864159 0.22372726
2.0638769 5.4921861 0.21480805
1.9144238 5.4935617 0.21299194
1.7673827 5.4949145 0.21132858
1.3385937 5.4988599 0.20720169
1.199082 5.500144 0.20609985
0.78824216 5.5039258 0.20356369
0.6532715 5.5051684 0.20296782
0.51901364 5.5064063 0.20249221
0.38530272 5.5076365 0.20213638
0.25197265 5.508862 0.20189941
-0.1471875 5.5125403 0.2018953
-0.40792969 5.4312353 0.19940704
-0.95611328 5.5200815 0.20510864
-1.0941796 5.5213537 0.20607741
-1.2336621 5.5226393 0.20717666
-1.6623144 5.5265894 0.21129303
-1.8092968 5.5279417 0.21295181
-1.9587011 5.5293212 0.21476409
-2.1107519 5.5307212 0.21673401
-2.2657127 5.5321507 0.21886963
-2.4238477 5.5336084 0.22117767
-2.5854394 5.5350986 0.22366668
-2.7508299 5.5366235 0.22634551
-3.0942774 5.5397902 0.23231536
-3.2730956 5.5414391 0.23562987
-4.0460544 5.5485668 0.251416
-5.6346383 5.4833665 0.28785536
-6.3095798 5.5733886 0.30822128
-6.6286716 5.5763316 0.31714141
-6.9669824 5.5794544 0.32678849
-7.3267379 5.5827732 0.33724335
-7.7104883 5.5863156 0.34859863
-8.1212692 5.590106 0.36096495
-8.5625095 5.5941782 0.37446472
-10.726738 5.6141515 0.44326293
-13.889189 5.6385069 0.54881454
-14.937597 5.6481848 0.58468246
-16.01334 5.6171212 0.62130642
-21.015556 5.7023988 0.79724014
-17.730772 -8.2381296 0.71580732
-16.801699 -8.8159752 0.69467986
-19.832157 -22.359999 1.0942513
-18.894012 -22.367104 1.0719649
-16.291075 -22.389809 1.013759
-14.702499 -22.404116 0.98110759
-11.759209 -22.357109 0.92485487
-10.554345 -22.657143 0.91510785
-9.4844627 -23.227224 0.91855729
-8.9840326 -23.614571 0.92502975
-8.5206738 -24.133678 0.93703532
-8.1875191 -25.104101 0.96675825
-8.0921974 -27.005922 1.0321733
0.6355859 -8.9507542 0.32852888
12.88539 -23.291323 0.97453964
14.761972 -22.64395 0.98965222
18.208994 -22.783686 1.0678127
16.840771 -9.4284067 0.70662689
19.873426 5.3279881 0.75330061
16.711748 5.3570337 0.64251691
15.195488 5.2786427 0.58895034
14.333789 5.3703537 0.56041276
12.505938 5.3871484 0.49854156
10.406318 5.4064403 0.42934677
7.952539 5.438601 0.35273299
7.5596189 5.4422116 0.34103242
7.1917186 5.4455943 0.3302696
6.8461227 5.4487705 0.32034636
5.3808203 5.4622397 0.28071946
5.129209 5.4645519 0.27439436
4.8137598 5.3830991 0.26438889
4.368916 5.3877463 0.25395614
4.0172362 5.4742174 0.24859725
3.6266992 5.4778099 0.24052444
3.0842187 5.4827991 0.2303157
2.5833886 5.4874058 0.2220549
2.4240332 5.4888721 0.21968184
2.2679589 5.4903073 0.21748458
2.1148925 5.4917164 0.21545516
1.8167285 5.4944601 0.2118724
1.6711718 5.4957995 0.2103073
1.527666 5.4971204 0.20888564
1.3859961 5.4984241 0.2076039
0.83395505 5.5035057 0.20379333
0.69872069 5.5047498 0.20315552
-0.10228515 5.512125 0.20184295
-0.36344725 5.4308252 0.19927703
-0.49543944 5.4319506 0.19969848
-0.89595699 5.4356408 0.20169342
-1.1864355 5.5222034 0.20679076
-1.4691211 5.5248084 0.20930129
-1.6132324 5.5261374 0.21076614
-1.9080175 5.5288534 0.21413437
-3.0350683 5.5392432 0.23124801
-3.7762694 5.5460792 0.24565125
-3.9768066 5.5479283 0.24991226
-4.1845508 5.5498447 0.25447509
-5.3568068 5.560658 0.2826854
-6.5189843 5.5753207 0.3140547
-7.5781932 5.5850925 0.34466124
-7.9794726 5.5887961 0.35667267
-8.8736525 5.5970492 0.38410828
-9.3750095 5.601676 0.39984009
-9.9195013 5.6067014 0.41716841
-10.513721 5.612186 0.43633452
-10.986133 5.527916 0.4502745
-14.568954 5.6447825 0.57203263
-18.541679 5.6795602 0.70997924
-20.33581 5.6961231 0.77318847
-17.541016 -8.493639 0.71353728
-17.240185 -8.8677893 0.70979905
-19.206181 -22.36474 1.079312
-17.41585 -22.38032 1.0382506
-16.569765 -22.387455 1.0197279
-15.752831 -22.39435 1.0024296
-14.963633 -22.402313 0.98633039
-14.175732 -22.373569 0.96971846
-13.419726 -22.356052 0.95463669
-12.679727 -22.32723 0.94006455
-11.3404 -22.42412 0.91999924
-10.746142 -22.586573 0.91576093
-10.187519 -22.815969 0.91482711
-9.6547556 -23.10494 0.91680008
-9.1513968 -23.477671 0.92255598
-8.67626 -23.951427 0.93267167
-0.085546874 -8.859828 0.32439011
0.12298828 -8.492938 0.31097609
11.719218 -24.328539 0.98866773
12.18794 -23.813984 0.97942942
12.701113 -23.406132 0.97498059
13.246923 -23.066093 0.97385299
16.179169 -22.766205 1.0225606
17.312744 -8.7997427 0.7110312
20.189833 5.23703 0.7636531
17.178232 5.3527479 0.65875566
14.687959 5.3671007 0.57253307
13.679824 5.3763633 0.53813738
12.785371 5.3845801 0.50791734
11.985654 5.3919287 0.48117888
11.265547 5.3985448 0.45736754
10.612988 5.404541 0.43604246
9.8656445 5.3276134 0.41050306
8.9873343 5.4290915 0.38441986
8.5226755 5.4333615 0.3700479
8.09126 5.4373255 0.3569116
7.6892185 5.4410205 0.34486878
7.3131933 5.4444776 0.33380264
6.9603415 5.447721 0.32360518
6.3147364 5.4536533 0.30548126
6.0179391 5.4563818 0.2974098
5.4683399 5.4614344 0.28295624
5.2128124 5.4637842 0.27647734
4.8925486 5.3823752 0.26630232
4.6621971 5.3844919 0.26076233
4.085742 5.4735875 0.25007156
3.8849511 5.4754357 0.24579956
3.5027246 5.4789491 0.2380835
3.3202636 5.4806275 0.2346051
2.6379297 5.4869032 0.2228955
2.3202538 5.4898267 0.21820648
2.1662011 5.4912438 0.21612167
2.0149803 5.4926353 0.21419968
1.8663281 5.4940038 0.21243408
1.7200195 5.4953489 0.21081986
1.2930468 5.4992785 0.20682815
1.0163281 5.5018263 0.20483947
0.74422848 5.5043311 0.20335647
0.47545898 5.5068064 0.20236358
0.34188476 5.5080357 0.2020465
0.075615235 5.5104871 0.20176741
-0.057392579 5.5117111 0.20180404
-0.19053711 5.512938 0.20195815
-0.31904295 5.4304175 0.19915938
-0.45084959 5.4315391 0.19954178
-0.58326173 5.4327612 0.20004562
-0.71642578 5.4339881 0.20066878
-1.1394043 5.52177 0.20642073
-1.5644042 5.5256872 0.21025619
-1.8576367 5.5283899 0.21352477
-2.0078614 5.5297742 0.21538711
-2.16083 5.5311842 0.21741012
-2.3167968 5.5326209 0.21960129
-2.4760156 5.5340891 0.22196777
-2.6388183 5.5355906 0.2245166
-2.8055077 5.5371275 0.2272592
-3.1519043 5.5403199 0.23336807
-3.5183203 5.5436988 0.24038939
-3.9083886 5.547296 0.24844207
-4.3265138 5.5511546 0.25767562
-4.7780175 5.5553184 0.26826996
-5.0182614 5.5575342 0.27414581
-5.5263085 5.5559998 0.28690308
-5.7205858 5.4802184 0.29003754
-6.0070801 5.482861 0.29776642
-6.4114256 5.5743275 0.3110472
-6.7365332 5.5773277 0.32019684
-7.0815625 5.5805116 0.33009627
-7.4488277 5.5839014 0.3408345
-8.2612982 5.5913987 0.36522537
-9.2013769 5.6000733 0.39436537
-10.307285 5.6102805 0.42964628
-13.251474 5.6326218 0.52717024
-15.309004 5.6516137 0.59746671
-16.302294 5.5750952 0.63080776
-18.000751 5.6745677 0.69101375
-21.375292 5.6201901 0.80918837
-17.027617 -8.58389 0.69814771
-16.602217 -8.8782482 0.68929166
-18.596914 -22.369354 1.0650434
-16.025282 -22.39205 1.0081331
-14.453183 -22.405836 0.97618115
-13.673701 -22.36454 0.95972365
-12.925459 -22.334551 0.94477367
-11.553027 -22.390097 0.9224351
-10.938173 -22.515909 0.91647691
-10.369638 -22.725105 0.91453534
-9.8347168 -23.007332 0.916071
-9.3213282 -23.349892 0.92048538
-8.8335743 -23.77924 0.92870682
-8.4003515 -24.401457 0.94484204
-0.35439453 -8.4463568 0.30950865
-0.15702148 -8.8216209 0.32302794
11.416493 -27.577637 1.0927693
11.329228 -25.600613 1.0249666
11.566943 -24.520987 0.99263227
13.062959 -23.180702 0.97417128
14.276611 -22.698872 0.98176128
15.023721 -22.654604 0.99523848
16.737061 -22.771009 1.0346648
18.503721 -22.783369 1.0745888
19.440731 -22.790323 1.0967344
8.4751463 -9.0154428 0.45303345
16.866846 -9.8070469 0.71432585
16.996298 -9.3409357 0.71005219
21.185791 5.3116746 0.79965895
13.075684 5.3819127 0.51769269
12.245898 5.3895373 0.48984724
11.500401 5.3963866 0.46510315
10.826191 5.4025817 0.44298187
10.075205 5.3353 0.41739729
9.5681639 5.3663697 0.40164337
9.1523438 5.4275756 0.38957596
8.6754684 5.4319577 0.37475052
8.2333002 5.4360218 0.36121428
7.8217578 5.4398031 0.34881607
7.4373045 5.443336 0.33743331
7.0769334 5.4466476 0.32695311
6.4185157 5.4527001 0.30834457
5.8297362 5.4581127 0.29238418
5.5572948 5.4606175 0.28524888
5.2976952 5.4630017 0.27861145
4.5146875 5.3858495 0.25729844
4.3249998 5.4200573 0.25387007
3.9519141 5.4748192 0.24720733
3.7555761 5.4766235 0.24312499
2.8584278 5.4848766 0.22644469
2.6929102 5.4863977 0.22375824
2.531162 5.4878869 0.22126174
1.9161913 5.4935446 0.21301299
1.6242578 5.4962301 0.20982926
1.2007519 5.5001292 0.20611206
1.062627 5.5014 0.20513839
0.789873 5.5039124 0.20357208
0.65488279 5.5051537 0.20297424
0.52060544 5.5063901 0.20249695
0.25357422 5.5088477 0.20190232
-0.1455957 5.5125256 0.2018933
-0.67141598 5.4335728 0.20044464
-0.80515623 5.4348035 0.20114867
-0.95446289 5.5200658 0.20509735
-1.0925097 5.521338 0.20606476
-1.2319726 5.5226245 0.20716247
-1.5158007 5.525239 0.20976302
-1.6605663 5.5265722 0.21127395
-1.8075292 5.5279269 0.21293151
-1.9568945 5.5293055 0.21474136
-2.4219337 5.5335898 0.22114944
-2.5834961 5.5350819 0.22363541
-2.7488184 5.5366039 0.22631256
-3.2709179 5.5414186 0.23558852
-3.4549608 5.5431151 0.23913574
-5.3598142 5.560576 0.10871231
-5.5458593 5.4824352 0.10977157
-6.1106639 5.4837012 0.11557388
-6.8545117 5.5782895 0.12439819
-7.5826464 5.585 0.13256225
-7.9842577 5.5887036 0.1371849
-8.8791895 5.5969505 0.14774276
-9.3810053 5.6015759 0.15379882
-10.520849 5.6120811 0.16784438
-10.993818 5.5278111 0.1732132
-12.681611 5.6271629 0.19529358
-15.725488 5.6552196 0.23523055
-17.033926 5.6653857 0.25268629
-25.123896 5.7382236 0.36275527
-17.317333 -8.3915148 0.27087143
-17.094219 -9.327508 0.27411148
-19.194374 -22.364077 0.41484633
-18.28289 -22.372675 0.40670121
-17.405361 -22.380083 0.39907867
-16.559618 -22.387224 0.39197007
-15.743037 -22.394115 0.38532668
-14.953964 -22.401806 0.37913558
-11.33287 -22.425327 0.35366866
-10.739326 -22.589102 0.3520706
-9.6483393 -23.108442 0.35248977
-8.1103907 -26.3134 0.38760269
-8.1049213 -28.742294 0.4203566
-0.082978517 -8.8580532 0.12469253
11.368574 -25.115295 0.38805756
12.193994 -23.808867 0.3765358
13.253437 -23.061996 0.37441146
13.843799 -22.797461 0.37542465
16.188856 -22.76586 0.39321777
17.915264 -22.780708 0.40794891
17.148895 -8.7102175 0.27074173
25.261454 5.2738633 0.36325377
22.632509 5.2980518 0.32719085
20.165615 5.2369542 0.29326415
18.690693 5.3385754 0.27361494
15.843642 5.364769 0.23545395
14.674521 5.3670006 0.21994308
12.774854 5.38448 0.19514114
11.97622 5.3918271 0.18487686
11.257021 5.3984447 0.17573471
10.605234 5.4044418 0.16754852
8.981308 5.4289975 0.14772476
7.3086619 5.4443893 0.12828507
6.9560838 5.4476328 0.12436828
6.3109274 5.4535704 0.11740676
5.2097363 5.4637046 0.10626633
4.2911525 5.4716001 0.09787979
3.5004394 5.478878 0.091517329
3.318037 5.4805565 0.090182185
3.1407812 5.4821873 0.088934936
2.9682715 5.4837766 0.087772675
2.8001072 5.4853234 0.086690061
2.635957 5.486836 0.085683748
2.3183594 5.489758 0.083882906
1.5741113 5.4966125 0.080480956
1.4318848 5.49792 0.079971157
1.1523438 5.5004945 0.079105832
0.8781445 5.5030189 0.078440852
0.74262697 5.5042663 0.078180842
0.60790038 5.5055065 0.07796707
0.47384766 5.506742 0.077799678
0.34028319 5.5079713 0.077678375
-0.058984373 5.5116477 0.077586666
-0.45243162 5.431478 0.076718904
-0.7180078 5.4339232 0.077153012
-0.8520996 5.4351587 0.077439725
-1.0025293 5.5204296 0.078977048
-1.1410449 5.5217052 0.079366453
-1.5661132 5.52562 0.080842741
-1.8593848 5.5283227 0.082100369
-2.0096483 5.529707 0.082817689
-2.47791 5.5340195 0.085349575
-2.6407518 5.5355201 0.08633133
-2.8074803 5.5370569 0.087386318
-3.1539745 5.5402479 0.089736938
-3.3345213 5.5419126 0.091040343
-4.3290329 5.5510764 0.099089809
-4.7807422 5.5552378 0.10316619
-5.7238083 5.480134 0.11154312
-6.7403708 5.5772386 0.12314651
-8.2662983 5.591301 0.14047515
-8.7186813 5.5954709 0.14582549
-9.2071877 5.5999732 0.15169007
-10.314179 5.610177 0.165271
-10.770449 5.5258164 0.17039977
-12.402471 5.6245899 0.19169296
-16.317295 5.5749865 0.24272156
-19.716963 5.6901169 0.28886521
-21.400068 5.6201038 0.31143951
-24.177216 5.7294955 0.34974778
-17.18458 -8.669241 0.27093062
-8.4471188 -8.7868719 0.17156968
-18.585409 -22.368698 0.4093852
-16.841513 -22.384844 0.39431426
-15.217813 -22.399981 0.38118774
-14.44374 -22.405327 0.37523299
-13.664775 -22.364376 0.36891463
-12.205762 -22.331772 0.35823515
-11.545478 -22.391314 0.35462067
-10.362871 -22.727617 0.35160384
-9.8283491 -23.010807 0.35221359
-8.8280172 -23.785391 0.35712433
-8.3958979 -24.411503 0.36337677
-8.0980272 -27.847935 0.40822998
-0.15443359 -8.8198748 0.12416946
11.41585 -27.553686 0.4198094
11.329102 -25.580454 0.39380583
11.572333 -24.514101 0.38158265
13.069463 -23.176611 0.37453154
13.644121 -22.886597 0.37506866
15.033427 -22.654999 0.38271773
16.746983 -22.770658 0.39787459
17.615028 -22.778124 0.40531799
18.514051 -22.782589 0.41323301
8.4762106 -9.0113611 0.17412978
25.88419 5.1843405 0.37159148
23.458916 5.2904491 0.33850479
21.15958 5.3116026 0.30708647
19.264717 5.3332944 0.28137559
12.236054 5.3894358 0.18820435
10.818193 5.402483 0.17021164
10.068017 5.3352036 0.16038802
9.5681734 5.3699937 0.15444489
9.146162 5.4274802 0.14970383
8.6697559 5.4318652 0.14401108
8.2280073 5.4359288 0.13881195
7.8168063 5.4397116 0.13405167
7.072588 5.4465613 0.12565383
6.4146581 5.4526148 0.11850586
6.1126366 5.4553943 0.11532654
5.8262696 5.4580297 0.11237717
5.0467672 5.4652023 0.10471176
4.7359958 5.3837109 0.10093018
4.3250194 5.4232874 0.097637631
4.1525192 5.4728761 0.096701965
3.9494531 5.4747458 0.095022887
3.3789744 5.4799962 0.090621948
2.8563671 5.4848056 0.087046504
2.6908984 5.4863291 0.08601471
2.5292187 5.4878173 0.085056305
2.0638475 5.4921021 0.082585298
1.9143847 5.4934788 0.081887357
1.7673535 5.4948316 0.08124847
1.6225195 5.4961658 0.080664977
1.060957 5.5013351 0.07886444
0.92407227 5.5025964 0.078538969
0.78822261 5.5038462 0.078263089
0.51900387 5.5063267 0.077851258
0.11888672 5.5100107 0.077577055
-0.14719726 5.5124607 0.07762222
-0.28049803 5.513689 0.077710725
-0.40791991 5.4311585 0.076664582
-0.67300779 5.4335093 0.077067107
-0.80675781 5.434741 0.077339016
-0.95609373 5.5200024 0.078857116
-1.2336328 5.5225587 0.079651333
-1.6622949 5.5265064 0.081234589
-1.8092773 5.5278611 0.08187256
-2.2656739 5.532064 0.084147029
-2.5854003 5.5350108 0.085991822
-3.0942383 5.5396986 0.089316711
-3.2730467 5.5413465 0.09059082
-3.843076 5.546598 0.094984129
-4.4747071 5.5524168 0.10037887
-4.9388571 5.5566964 0.10464645
-5.4454589 5.5613647 0.1095607
-5.6345215 5.483253 0.11067016
-5.9120798 5.4818702 0.11348892
-6.309453 5.5732665 0.11849945
-7.3265624 5.5826402 0.12965652
-8.1210546 5.5899634 0.13877654
-9.5533104 5.6031637 0.15589614
-10.11374 5.6083298 0.16278487
-12.961016 5.6297388 0.19890822
-16.013378 5.617136 0.23887557
-19.112158 5.6845422 0.28067398
-26.106367 5.7472787 0.37627837
-18.893379 -22.366362 0.41212356
-17.993681 -22.375116 0.40416321
-17.126806 -22.382437 0.39670897
-15.483232 -22.396311 0.38326856
-14.702128 -22.403542 0.3771939
-13.166865 -22.345049 0.36507627
-11.128847 -22.457973 0.35279983
-10.554365 -22.657158 0.3518289
-10.008047 -22.91334 0.35195479
-9.4844723 -23.227253 0.35315552
-8.9840622 -23.614603 0.35564375
-8.1875782 -25.104218 0.37168944
11.370058 -26.247953 0.40264374
11.464941 -24.807812 0.3846904
11.870274 -24.137552 0.37862641
14.761982 -22.643951 0.38048965
15.597988 -22.709019 0.38779616
16.461182 -22.768202 0.39547729
17.318584 -22.775576 0.40274826
18.208622 -22.783232 0.41052628
19.130928 -22.787157 0.41880843
27.435732 5.2631288 0.39323133
24.344736 5.2822986 0.35065231
21.886024 5.3049192 0.31699079
19.872372 5.3277025 0.28960752
15.194834 5.2784204 0.22641174
14.333232 5.3701401 0.21545242
11.734131 5.3940563 0.18178757
9.6792183 5.3291688 0.15553252
8.8263674 5.4304223 0.14587371
7.9523435 5.4384656 0.13561188
7.1915426 5.445466 0.12697631
6.8459668 5.4486461 0.1231607
5.9212303 5.4571557 0.11334839
5.1291113 5.4644456 0.10549407
4.8136716 5.3829966 0.10165146
4.2226758 5.47223 0.097295225
4.017158 5.474122 0.095576167
3.6266308 5.4777174 0.092472687
3.2598338 5.4810925 0.089766078
2.9130859 5.4842858 0.08741226
2.7462792 5.4858189 0.086355135
2.4239941 5.4887867 0.084459528
2.2679198 5.4902234 0.083614655
1.6711426 5.4957166 0.08085525
1.3859766 5.498342 0.079816133
1.245957 5.4996324 0.079375304
1.1073925 5.5009079 0.078984678
0.97011715 5.5021701 0.078644104
0.83394527 5.5034266 0.078351289
0.69870114 5.5046701 0.078105159
0.56421876 5.5059094 0.077907562
0.16376953 5.5095968 0.077588044
-0.23549804 5.5132737 0.077676088
-0.49542966 5.4318738 0.076776884
-0.7615332 5.4343238 0.077241518
-0.89595699 5.4355626 0.077543639
-1.0474511 5.5208435 0.079098359
-1.1864258 5.5221229 0.079504088
-1.7594335 5.527401 0.081651613
-1.9079882 5.5287704 0.082327574
-2.3700781 5.5330272 0.08472839
-2.5305078 5.5345054 0.085661463
-2.6945703 5.5360169 0.086666107
-2.862617 5.5375648 0.087746888
-3.0350292 5.5391526 0.088906862
-3.2121582 5.5407848 0.090151057
-3.5822754 5.5441966 0.092913359
-3.7762108 5.5459824 0.094444424
-4.1844821 5.5497437 0.097836152
-4.4000778 5.5517306 0.099715114
-4.6242576 5.5537972 0.10172729
-5.1016016 5.5581946 0.10619842
-5.5426464 5.4824047 0.10973709
-5.8154297 5.480979 0.11248733
-6.10708 5.4836683 0.11552917
-6.5188475 5.5751963 0.12074127
-7.5780077 5.5849571 0.13250899
-8.8734179 5.5968981 0.14767334
-9.9192181 5.6065369 0.1603836
-10.513398 5.6120129 0.16775222
-10.985801 5.5277381 0.17310959
-12.671562 5.62707 0.19516388
-13.563408 5.6352916 0.2067427
-14.568369 5.6445532 0.21992004
-15.710898 5.6550851 0.23503737
-18.540731 5.679276 0.27295241
-20.334698 5.6958117 0.2972528
-22.473623 5.7137938 0.32640654
-25.089062 5.7379017 0.36227661
-19.205557 -22.363991 0.41494825
-18.293535 -22.372587 0.40679565
-15.752617 -22.394037 0.38540253
-14.963242 -22.401741 0.37920791
-12.679727 -22.32723 0.36142638
-11.980165 -22.333935 0.35674727
-11.3404 -22.424126 0.35370207
-10.746161 -22.586586 0.35208082
-9.6547651 -23.104959 0.35248047
-8.273447 -24.684042 0.36645445
-8.1119623 -26.291616 0.38728285
-8.1046677 -28.70973 0.41991699
-0.08550781 -8.856699 0.12467407
11.42996 -26.986443 0.41252837
11.365 -25.126713 0.38818344
13.836699 -22.800627 0.37542921
16.178837 -22.765774 0.39313522
17.025927 -22.773062 0.4002403
17.9046 -22.780617 0.40785125
18.814873 -22.784817 0.41593763
16.897881 -9.108532 0.27021134
17.144794 -8.7143688 0.27071792
28.636162 5.2520823 0.40980941
25.296415 5.2735424 0.36373413
22.660849 5.2977915 0.32758117
17.17745 5.3524985 0.25325927
15.858349 5.364635 0.23564894
14.687363 5.3668823 0.22011214
13.679296 5.3761582 0.20688857
11.985264 5.3917432 0.18499206
11.265185 5.3983688 0.17583847
9.8653517 5.327456 0.15782104
9.4895802 5.4243197 0.15385985
8.9870796 5.4289451 0.14779373
8.5224514 5.433219 0.14226791
7.6890235 5.4408898 0.13258849
7.3130174 5.4443493 0.12833373
6.6280856 5.4506516 0.12079345
6.3145895 5.453536 0.11744537
6.0178123 5.4562669 0.11434265
5.2127147 5.4636765 0.10629471
4.8924513 5.3822718 0.10238601
4.0856738 5.4734898 0.096143343
3.8848827 5.4753394 0.094500422
3.6907225 5.4771252 0.092967071
3.502666 5.4788585 0.091533966
3.3201952 5.4805369 0.090197444
2.8020799 5.4853063 0.086702421
2.4773631 5.4882956 0.084759369
2.166162 5.4911609 0.083090819
1.8662988 5.4939208 0.081673734
1.5758301 5.4965954 0.080487363
1.4335644 5.4979038 0.079976499
1.2930175 5.499198 0.079518124
1.1540039 5.5004783 0.079110414
1.0162988 5.5017467 0.078753047
0.87976563 5.5030041 0.078444518
0.74422848 5.5042515 0.078183748
0.60950196 5.5054917 0.077969514
0.34187499 5.5079565 0.07767944
0.20866211 5.5091844 0.077603146
-0.057392579 5.5116334 0.077586971
-0.19053711 5.5128598 0.077645414
-0.31903321 5.4303393 0.07657028
-0.45084959 5.4314623 0.076716766
-0.716416 5.4339075 0.077150419
-1.1393847 5.5216904 0.079361416
-1.2793456 5.5229797 0.079800874
-1.4209472 5.524282 0.080291748
-1.5643847 5.5256042 0.080836333
-1.8575976 5.528307 0.082091823
-2.0078321 5.5296898 0.082808532
-2.1608007 5.5310984 0.083586574
-2.4759862 5.5340014 0.085337982
-2.6387792 5.5355015 0.086318664
-2.9763672 5.5386133 0.088506319
-3.3323436 5.5418921 0.091024779
-3.5182617 5.5436049 0.092420653
-4.1135645 5.5490904 0.097230986
-4.3264356 5.5510521 0.099066615
-4.5476365 5.5530906 0.10103271
-5.0181642 5.5574265 0.10539993
-5.2693162 5.5597425 0.10782501
-5.720459 5.4801049 0.11150879
-6.0069528 5.4827452 0.11448028
-6.7363868 5.5772009 0.12310272
-8.2610836 5.5912523 0.14041397
-8.7130661 5.5954199 0.14575866
-10.77041 5.5297194 0.17042114
-15.30835 5.6513743 0.22969772
-17.999903 5.6742892 0.26566026
-21.374052 5.619863 0.31109267
-17.190586 -8.6660357 0.27098602
-8.4485054 -8.7832556 0.1715454
-19.52202 -22.361591 0.41783553
-18.596279 -22.368618 0.40948501
-16.851543 -22.38476 0.39439863
-15.227197 -22.399916 0.38126174
-14.452812 -22.405266 0.37530243
-13.673711 -22.364536 0.36898163
-12.925459 -22.334545 0.36323547
-10.369658 -22.725119 0.35161224
-9.8347263 -23.007353 0.35220474
-8.8335934 -23.779282 0.35707182
-8.4003811 -24.401533 0.36326522
-8.0977926 -27.817236 0.40781462
-0.15697265 -8.8185196 0.1241513
11.329169 -25.600483 0.39406464
12.016289 -23.957504 0.37726822
12.523291 -23.533422 0.37524322
13.062949 -23.180674 0.3745369
14.276591 -22.698862 0.37745667
15.02371 -22.654604 0.3826381
18.503017 -22.782509 0.41313156
19.439989 -22.789446 0.42164519
23.489286 5.2901683 0.33892074
14.851192 5.2901073 0.2219139
13.075214 5.3817148 0.19902924
12.245479 5.3893495 0.1883252
11.500029 5.3962083 0.17881317
10.074903 5.3351417 0.16047485
9.5681438 5.3663549 0.15441956
9.1520901 5.4274254 0.14977492
8.2331057 5.4358811 0.13887115
7.437119 5.4432054 0.12972839
6.7379293 5.4496398 0.12198319
6.4183788 5.4525819 0.1185466
6.1161718 5.4553623 0.11536285
5.8296189 5.4580002 0.11241089
5.5571876 5.4605064 0.10966812
5.0496583 5.4651771 0.10473892
4.5146093 5.3857493 0.098923489
3.7555077 5.4765306 0.093472444
3.5654492 5.4782801 0.092006683
3.3811426 5.4799757 0.090637662
3.2021484 5.4816236 0.089360505
3.0280175 5.4832263 0.088168941
2.6928613 5.486311 0.086027071
2.5311229 5.4878016 0.085067138
2.3728709 5.4892564 0.084177546
2.2178028 5.4906845 0.083354034
1.916162 5.493463 0.081894986
1.7690917 5.4948153 0.081255488
1.6242383 5.49615 0.080672145
1.2007226 5.5000486 0.079242706
1.0626172 5.5013194 0.07886856
0.92571288 5.5025816 0.078543089
0.78985351 5.5038319 0.078265987
0.38688475 5.5075426 0.077715755
-0.012509765 5.5112195 0.077576444
-0.40633789 5.4311423 0.076662898
-0.67140621 5.4334946 0.077063747
-0.80514646 5.4347262 0.077334747
-0.95444334 5.5199866 0.078853607
-1.3729882 5.5238414 0.080120087
-1.6605468 5.5264902 0.08122696
-1.9568554 5.5292196 0.082560115
-2.1088769 5.5306211 0.083316952
-2.4218946 5.5335035 0.08502426
-2.7487793 5.5365148 0.087008819
-2.9182129 5.5380774 0.088115387
-3.0921092 5.5396791 0.089301601
-3.270869 5.5413256 0.090574794
-5.1044922 5.5581141 -0.063730925
-5.3597069 5.5604625 -0.065222315
-5.545752 5.4823241 -0.065856934
-6.5225487 5.5751085 -0.072463222
-7.2068458 5.5814075 -0.076982878
-7.5824704 5.5848641 -0.079531096
-8.8789454 5.5967979 -0.08863876
-10.520527 5.611908 -0.10069869
-10.993457 5.5276341 -0.10392288
-11.882509 5.6196094 -0.11100906
-12.681152 5.6269617 -0.11716431
-14.580566 5.644443 -0.13204147
-17.033134 5.665122 -0.15159637
-18.559511 5.6791711 -0.16391464
-20.356981 5.6957164 -0.17852265
-25.122236 5.7378407 -0.21762909
-19.193739 -22.363329 -0.24888472
-17.405088 -22.379761 -0.23943344
-16.559385 -22.386909 -0.2351689
-15.742812 -22.393806 -0.23118377
-14.953564 -22.401228 -0.22746277
-13.410693 -22.355652 -0.22016647
-12.67124 -22.327309 -0.21681045
-11.971885 -22.334013 -0.21400878
-11.33287 -22.425337 -0.21221115
-10.739326 -22.589115 -0.21123566
-9.6483498 -23.108471 -0.21148726
-9.1454 -23.482256 -0.2128273
-8.2689447 -24.694199 -0.21993057
-8.1104393 -26.313591 -0.23254485
-8.1041994 -28.739765 -0.25217804
-0.082929686 -8.8518362 -0.07475967
11.724561 -24.321642 -0.22802459
12.193974 -23.808825 -0.22591247
12.707637 -23.401995 -0.22489531
13.253428 -23.061968 -0.2246405
14.516552 -22.654367 -0.22723281
15.312001 -22.672005 -0.23104827
16.188545 -22.765429 -0.23591766
17.91493 -22.780258 -0.24476714
28.589794 5.2520957 -0.24549103
14.673925 5.3667831 -0.13195343
11.97582 5.391643 -0.11091736
11.25666 5.3982701 -0.1054332
10.604902 5.4042749 -0.10052063
9.8583689 5.3273606 -0.094636075
8.9810638 5.4288487 -0.088627622
8.0858784 5.4370985 -0.082290344
7.308486 5.4442601 -0.076964565
6.3108006 5.4534521 -0.070438839
6.0142579 5.4561839 -0.068578951
5.7327929 5.4587779 -0.066852875
5.4650097 5.4612436 -0.065248415
5.2096286 5.4635973 -0.06375549
4.8895507 5.3821945 -0.061410367
4.4387889 5.3869052 -0.058950804
4.2910743 5.4715028 -0.05872345
3.5003808 5.4787855 -0.054906309
3.1407323 5.4820995 -0.053357083
2.9682226 5.4836874 -0.05265991
2.8000782 5.4852366 -0.052010041
2.3183105 5.489675 -0.050326537
2.0131249 5.4924865 -0.04940277
1.8645117 5.493855 -0.048996124
1.7182324 5.4952011 -0.048623808
1.4318554 5.4978395 -0.047978818
1.1523242 5.5004139 -0.047460631
0.87813473 5.5029407 -0.047061156
0.74260741 5.5041871 -0.046904448
0.47384766 5.5066624 -0.046676941
-0.058984373 5.5115709 -0.046549376
-0.19211914 5.5127964 -0.046584472
-0.32060546 5.4302759 -0.045939483
-0.58483398 5.4326181 -0.046144407
-0.71799803 5.433845 -0.046288908
-0.85208982 5.4350805 -0.046461944
-1.0025097 5.520349 -0.047382507
-1.1410351 5.5216246 -0.047615815
-1.422627 5.5242186 -0.048174132
-1.7115917 5.5268784 -0.048862457
-2.009619 5.5296216 -0.049687345
-2.6407127 5.5354333 -0.051795043
-3.5204492 5.5435324 -0.055458527
-3.9106641 5.5471253 -0.057317656
-4.3289552 5.5509753 -0.059449308
-5.0210056 5.5573459 -0.063250884
-5.272285 5.5596595 -0.064707793
-5.7236915 5.4800205 -0.066920623
-6.7402244 5.5771117 -0.07388214
-7.0854783 5.5802894 -0.076169126
-7.4529881 5.583673 -0.078646086
-8.2660742 5.5911584 -0.084278867
-8.7184372 5.5953221 -0.087487794
-10.313867 5.6100059 -0.09915451
-12.402021 5.624392 -0.11500732
-14.227012 5.6411877 -0.12925231
-15.321621 5.6512632 -0.13791549
-16.316563 5.5747337 -0.14561035
-18.017675 5.6741843 -0.1595314
-19.715899 5.6898141 -0.17329955
-26.789267 5.6693897 -0.23125412
-17.170244 -8.6620159 -0.16241424
-8.4464741 -8.7862024 -0.10292953
-18.584795 -22.36796 -0.24560699
-17.697422 -22.377289 -0.24093932
-16.841259 -22.384525 -0.23657149
-16.015156 -22.391504 -0.23249695
-13.664765 -22.364372 -0.22134079
-12.916611 -22.334158 -0.21789092
-11.545488 -22.391321 -0.21276198
-10.362871 -22.727634 -0.21095139
-8.8280373 -23.785439 -0.21426132
-8.0973339 -27.845537 -0.24490722
11.329042 -25.580288 -0.23627318
11.572314 -24.514042 -0.22893783
12.022353 -23.952377 -0.2263356
12.529306 -23.528349 -0.22512603
14.284765 -22.697334 -0.22649169
15.033437 -22.654999 -0.22961913
17.614716 -22.777679 -0.24317382
19.450674 -22.788647 -0.25302717
8.4757128 -9.0108242 -0.10447372
25.882412 5.1839805 -0.22292815
21.158388 5.311305 -0.18423446
17.649405 5.3478928 -0.155746
14.837373 5.2900095 -0.13303192
11.491162 5.3961096 -0.10721481
10.817862 5.4023142 -0.10211929
10.067715 5.3350439 -0.096221007
9.5681543 5.3699803 -0.0926622
8.6695309 5.4317198 -0.086400449
8.2278023 5.4357896 -0.083280332
7.8166208 5.4395776 -0.080424495
7.0724316 5.4464355 -0.075387269
6.4145117 5.4524975 -0.071098939
6.1125193 5.4552784 -0.069190517
5.8261423 5.4579172 -0.067421265
5.04667 5.4650989 -0.062822267
4.5118942 5.3856735 -0.059335936
3.9493749 5.4746509 -0.057009429
3.5631444 5.4782066 -0.055189818
3.0259082 5.4831576 -0.052889861
2.856328 5.4847178 -0.052224729
2.6908495 5.4862428 -0.051605683
2.5291698 5.4877319 -0.051030118
2.3709569 5.4891891 -0.050496671
2.2159276 5.4906187 -0.050003204
2.0638084 5.4920187 -0.049548186
1.6224902 5.4960837 -0.048395842
1.3385546 5.4986987 -0.04779312
0.78822261 5.503767 -0.046954498
0.38529295 5.5074778 -0.04662567
0.25198242 5.5087061 -0.046570737
-0.1471875 5.5123825 -0.04657013
-0.28048828 5.5136094 -0.046623535
-0.40791014 5.4310789 -0.045995481
-0.54008788 5.4322071 -0.04610214
-0.67299801 5.4334311 -0.046236724
-0.80673826 5.4346628 -0.046399839
-0.95608395 5.5199218 -0.047310334
-1.0941504 5.5211935 -0.047534026
-1.233623 5.5224767 -0.047788236
-1.3746582 5.5237756 -0.048071593
-2.2656348 5.53198 -0.050484922
-2.5853612 5.5349231 -0.051591642
-2.7507422 5.5364451 -0.052208252
-2.9202342 5.5380063 -0.05287338
-3.0941796 5.539607 -0.053586118
-3.2729883 5.5412536 -0.054349668
-3.4570799 5.5429478 -0.055169828
-3.6469238 5.5446973 -0.056045838
-4.2562208 5.5503063 -0.059069213
-4.4746189 5.5523157 -0.060222015
-4.9387598 5.5565891 -0.062782742
-5.4453516 5.5612521 -0.065731503
-5.6343942 5.4831381 -0.066396639
-5.911953 5.4817538 -0.068088375
-6.96666 5.5791965 -0.075377345
-8.5620604 5.5938816 -0.086371765
-9.0378323 5.5982614 -0.089784391
-9.5530272 5.603003 -0.09353134
-10.113457 5.6081614 -0.097664639
-10.726054 5.6138 -0.10224182
-12.133008 5.6219153 -0.11293075
-12.960527 5.6295323 -0.1193341
-13.888115 5.6380687 -0.12658508
-14.936337 5.647717 -0.13485779
-16.013409 5.6171546 -0.14331238
-17.503944 5.6694565 -0.15538619
-19.111153 5.684248 -0.1683879
-26.104511 5.746881 -0.22574066
-17.993437 -22.37479 -0.24248718
-15.483007 -22.396 -0.22993682
-13.918906 -22.368944 -0.22249816
-13.166855 -22.345043 -0.21903579
-12.441679 -22.329508 -0.21587829
-11.759218 -22.357124 -0.21333756
-10.554375 -22.657173 -0.21109053
-10.008057 -22.913366 -0.21116301
-8.5207319 -24.133802 -0.21614777
-8.1876068 -25.104349 -0.22300506
-0.013457031 -8.8890066 -0.075070955
11.870254 -24.137505 -0.2271643
12.358896 -23.670883 -0.22551635
12.885361 -23.291267 -0.22479507
14.761982 -22.643951 -0.22828276
15.598018 -22.709028 -0.23266707
16.460869 -22.767765 -0.23727417
17.318272 -22.775131 -0.24163298
18.208271 -22.782778 -0.24631087
19.130205 -22.786283 -0.25126433
21.884775 5.3046103 -0.19017684
18.165321 5.3431382 -0.15991028
15.194189 5.2781944 -0.13584411
14.332665 5.3699279 -0.1292607
13.365468 5.378839 -0.12167389
12.505058 5.3867664 -0.11498932
11.73374 5.3938742 -0.10906342
11.037695 5.4002867 -0.10377533
10.405693 5.4061108 -0.099030457
7.9521484 5.4383287 -0.08136154
7.5592575 5.4419494 -0.078661956
6.5202246 5.4515219 -0.071776122
6.2125778 5.4543576 -0.069818422
5.3806052 5.4620228 -0.06475082
5.1290135 5.4643407 -0.063291319
4.8135743 5.382894 -0.060984802
4.3687501 5.3875499 -0.058576811
3.4404492 5.4793372 -0.054640502
2.9130371 5.4841952 -0.052443694
2.7462304 5.4857321 -0.051809538
2.4239647 5.4887009 -0.050671536
1.9645019 5.4929342 -0.049266204
1.8166698 5.4942956 -0.04887085
1.671123 5.495636 -0.048510436
1.2459277 5.4995532 -0.04762207
1.1073925 5.5008273 -0.04738754
0.97009766 5.5020933 -0.047183074
0.69869137 5.504591 -0.046860352
0.43034178 5.5070629 -0.046650086
0.2969043 5.5082932 -0.046585694
0.16376953 5.5095177 -0.046549529
-0.10228515 5.51197 -0.046557311
-0.49541992 5.4317966 -0.046062622
-0.62808591 5.4330173 -0.04618866
-0.76152343 5.4342465 -0.046341553
-0.8959375 5.4354844 -0.04652191
-1.6131835 5.5259714 -0.048615567
-1.7594141 5.5273194 -0.048986662
-1.907959 5.5286851 -0.049392395
-2.059082 5.530077 -0.049834594
-2.2130175 5.5314951 -0.050314635
-2.3700488 5.5329404 -0.050833128
-2.5304589 5.5344176 -0.051392514
-2.6945214 5.5359278 -0.051995542
-2.8625782 5.5374756 -0.052644193
-3.0349705 5.5390625 -0.05333969
-3.2121093 5.5406942 -0.054086454
-3.3943748 5.5423703 -0.054886777
-3.7761426 5.5458851 -0.056661986
-3.97666 5.5477319 -0.057644196
-4.6241698 5.5536923 -0.061032102
-5.1015038 5.5580859 -0.06371399
-5.3566012 5.5604358 -0.065204009
-6.1069531 5.4835486 -0.069314115
-6.5187011 5.5750732 -0.072438963
-7.2024999 5.5813684 -0.076953582
-7.9790721 5.5885153 -0.082268678
-9.3744822 5.6013598 -0.092224881
-10.985449 5.5275598 -0.10385238
-12.671123 5.6268687 -0.11708679
-13.562861 5.635077 -0.12403519
-17.01627 5.664968 -0.15146102
-25.087412 5.7375193 -0.21734221
-28.391991 5.7760348 -0.24469009
-19.204922 -22.363245 -0.24894913
-16.569296 -22.386824 -0.23521759
-15.752392 -22.393724 -0.23120758
-14.175722 -22.373564 -0.223685
-13.419726 -22.356045 -0.22020783
-12.679716 -22.327229 -0.21684723
-11.3404 -22.424133 -0.21222976
-10.746152 -22.586605 -0.21124084
-9.6547651 -23.10499 -0.21148056
-9.1514254 -23.47773 -0.21280915
-8.6762886 -23.951513 -0.2151358
-8.1120119 -26.291811 -0.23237304
-8.1039448 -28.707176 -0.25191557
11.429423 -26.985186 -0.24749771
12.701084 -23.406075 -0.22489852
13.246894 -23.066034 -0.22464217
13.83667 -22.80061 -0.22525115
15.301523 -22.670649 -0.23098846
16.178564 -22.765341 -0.23586716
17.904247 -22.780165 -0.24470642
18.81415 -22.783949 -0.24954055
16.89501 -9.1069794 -0.16209275
25.294716 5.2731895 -0.21821411
17.17663 5.3522472 -0.15193969
15.857666 5.3644018 -0.1413774
14.686768 5.3666663 -0.13205306
13.678779 5.3759522 -0.12412307
12.784452 5.3841929 -0.11715317
11.984843 5.3915601 -0.11098693
10.612333 5.4042063 -0.10057601
9.8650484 5.3272986 -0.094685666
9.489316 5.4241672 -0.092308804
8.5222168 5.4330759 -0.085354306
8.0908594 5.4370518 -0.082325131
6.9600291 5.4474707 -0.074643709
6.6279392 5.450531 -0.072471157
6.3144627 5.4534192 -0.070461884
6.0176854 5.4561534 -0.068600617
5.7360644 5.4587488 -0.066872865
5.2126074 5.4635706 -0.063772582
4.8923631 5.3821678 -0.061426543
4.6620212 5.3842907 -0.060147703
4.0855956 5.4733949 -0.057682037
3.8848143 5.475244 -0.05669586
3.6906641 5.4770322 -0.055776518
3.5025976 5.478766 -0.054916382
3.3201365 5.4804468 -0.054113921
3.142832 5.4820786 -0.053365935
2.9702539 5.4836707 -0.052668151
2.1661327 5.4910765 -0.049851075
1.8662695 5.4938378 -0.048999786
1.7199707 5.4951854 -0.04862747
1.5758008 5.4965148 -0.048289031
1.2930077 5.4991183 -0.047708128
1.016289 5.5016661 -0.047248382
0.74420899 5.5041723 -0.046906281
0.60949218 5.5054135 -0.046777342
0.47543943 5.5066481 -0.046678312
0.20865233 5.5091052 -0.046558838
0.075615235 5.5103307 -0.046539612
-0.31903321 5.4302611 -0.045938261
-1.0008692 5.5203333 -0.047380369
-1.139375 5.5216098 -0.047612913
-1.2793262 5.5228977 -0.047876127
-1.4209276 5.5242014 -0.048170622
-1.5643555 5.5255237 -0.048497617
-1.709834 5.5268617 -0.048857879
-1.857578 5.5282226 -0.049251404
-2.1607616 5.531013 -0.050147858
-2.4759374 5.533916 -0.051199645
-3.1517968 5.5401378 -0.053829346
-3.518203 5.5435119 -0.055447537
-3.9082518 5.547102 -0.057305448
-4.3263669 5.550952 -0.059435729
-4.777832 5.5551062 -0.061878964
-5.2692184 5.5596313 -0.064689025
-5.5263476 5.5560312 -0.066181794
-5.7203512 5.47999 -0.066900022
-6.0068259 5.4826269 -0.06868469
-6.4111423 5.5740833 -0.07174667
-6.7362304 5.577075 -0.073856197
-7.0812402 5.5802503 -0.076140746
-7.4484668 5.5836301 -0.078615412
-7.8406444 5.5872412 -0.08130829
-9.2008591 5.599762 -0.090962984
-9.7300777 5.6046324 -0.094829403
-13.250488 5.6322021 -0.12159271
-24.143358 5.7288303 -0.20955841
-17.176229 -8.6588097 -0.1624469
-8.4478712 -8.7825861 -0.10291564
-19.521357 -22.360834 -0.25068253
-14.452441 -22.404697 -0.22516219
-13.673701 -22.364532 -0.22138137
-11.553027 -22.390112 -0.21278167
-10.369658 -22.725136 -0.21095885
-9.3213377 -23.349958 -0.21232833
-8.8336029 -23.779331 -0.21423766
-8.4004002 -24.401602 -0.21794906
-8.1395798 -25.638334 -0.22717422
-0.15685546 -8.8122768 -0.074435271
11.414883 -27.573788 -0.25203827
11.329102 -25.600332 -0.23642746
11.566895 -24.520893 -0.22896987
13.062929 -23.180639 -0.22471267
13.637051 -22.889727 -0.2250267
17.604073 -22.777588 -0.24311782
19.439266 -22.788565 -0.25296706
23.487822 5.2898388 -0.20332657
17.667236 5.3477283 -0.15588988
16.281572 5.3604956 -0.1447618
10.825498 5.4022436 -0.10217651
10.074599 5.3349805 -0.09627334
9.5681152 5.366344 -0.092646785
9.1518354 5.4272766 -0.089857936
8.6750002 5.4316697 -0.086439662
8.2328901 5.4357433 -0.083316192
7.8213668 5.4395337 -0.080457151
7.4369531 5.4430771 -0.077831574
6.7377734 5.4495192 -0.073185116
6.4182324 5.4524632 -0.071123354
6.116045 5.4552464 -0.069212645
5.8295016 5.4578857 -0.067441098
5.5570703 5.4603968 -0.065795287
5.2974901 5.4627881 -0.064265132
4.7386427 5.383585 -0.060569305
4.3249803 5.420023 -0.058564603
3.7554393 5.4764357 -0.056079712
3.0279686 5.4831381 -0.052898407
2.8583398 5.4847007 -0.052232511
2.2177637 5.4906006 -0.050009001
2.0656152 5.492002 -0.049553528
1.9161426 5.4933786 -0.049134213
1.6242089 5.4960694 -0.048399962
1.4813379 5.4973841 -0.048081815
1.0625879 5.5012403 -0.047317352
0.52058595 5.5062327 -0.046708371
0.38688475 5.5074635 -0.046626586
0.12047851 5.5099182 -0.046543121
-0.27888671 5.5135946 -0.046622772
-0.53850585 5.4321923 -0.046100464
-0.80512691 5.4346485 -0.046397094
-0.95443356 5.519907 -0.047308043
-1.3729687 5.5237598 -0.048068237
-1.5157617 5.5250754 -0.04838394
-1.6605176 5.5264072 -0.048732452
-1.9568359 5.5291367 -0.049532164
-2.1088476 5.5305371 -0.049986418
-2.4218652 5.5334177 -0.051010892
-2.7487304 5.536427 -0.052200776
-2.9181738 5.5379868 -0.05286514
-3.0920606 5.5395875 -0.053577118
-3.4548535 5.5429273 -0.055159759
-8.4147072 5.5923815 -0.31295973
-9.3804779 5.6012583 -0.33842057
-9.9254494 5.6062684 -0.35309723
-10.993105 5.5274534 -0.38113526
-11.882099 5.6194177 -0.40713531
-12.680713 5.6267576 -0.42972046
-13.573632 5.6349659 -0.45523956
-14.57998 5.6442151 -0.48427826
-20.355898 5.6954041 -0.65474439
-22.499159 5.7133656 -0.71903825
-16.559151 -22.386591 -0.86251855
-14.953193 -22.400652 -0.83425772
-11.332891 -22.425341 -0.77830517
-10.739336 -22.58913 -0.77475744
-10.181181 -22.819496 -0.7740016
-9.1454096 -23.482285 -0.78058773
-0.082792968 -8.837759 -0.27376434
12.193954 -23.808794 -0.82858503
13.843779 -22.797411 -0.82614452
15.312001 -22.67201 -0.84743458
18.824541 -22.783163 -0.91544652
28.587646 5.2517004 -0.90033042
22.629774 5.2974143 -0.71991497
18.688799 5.3380384 -0.60204256
14.673329 5.3665648 -0.48395491
12.773935 5.3840919 -0.42938903
11.97541 5.3914609 -0.40680158
9.4827929 5.4240708 -0.3383885
8.9808197 5.4287024 -0.32505858
8.5166597 5.4329844 -0.31291366
8.0856733 5.4369602 -0.30181137
6.9557614 5.4473839 -0.27366531
6.3106637 5.4533339 -0.25834748
5.4648924 5.4611349 -0.23931105
4.6592283 5.3842149 -0.22055206
4.4387107 5.3868065 -0.21620636
3.8823924 5.4751706 -0.20790389
3.3179295 5.4803758 -0.19844283
2.9681835 5.4835997 -0.19314224
2.8000195 5.4851489 -0.19075988
2.4753907 5.488142 -0.18648773
1.7182128 5.4951205 -0.17833923
1.5740625 5.4964476 -0.17709625
1.2913085 5.499054 -0.17496718
1.0146289 5.5016026 -0.17328568
0.47383788 5.5065832 -0.17119721
0.34027344 5.5078149 -0.17093018
0.20707031 5.5090418 -0.17076278
0.074013673 5.5102658 -0.17069641
-0.058984373 5.5114918 -0.17072769
-0.58483398 5.4325399 -0.16924499
-0.71798825 5.4337683 -0.16977386
-1.0024999 5.5202684 -0.17378692
-1.5660645 5.5254564 -0.17789215
-1.8593261 5.5281553 -0.18066055
-2.0095899 5.5295372 -0.18223724
-2.4778321 5.5338473 -0.18781005
-3.1538768 5.5400658 -0.19746155
-3.334414 5.5417271 -0.20033218
-5.2721872 5.5595484 -0.23732758
-5.5263963 5.5528626 -0.24266906
-5.7235742 5.479907 -0.24544418
-6.740078 5.5769858 -0.27097809
-7.0853124 5.5801587 -0.27936003
-8.2658691 5.591012 -0.30910629
-8.7182226 5.595171 -0.32087937
-9.7363863 5.6045299 -0.34798262
-10.313555 5.6098361 -0.36366439
-10.770498 5.5258422 -0.37496415
-13.26081 5.6320896 -0.44626951
-14.226464 5.6409669 -0.47404861
-16.315821 5.574481 -0.53406239
-21.397549 5.6194482 -0.68526536
-26.787313 5.6689792 -0.8481223
-8.4458303 -8.7855339 -0.37748808
-17.697157 -22.376966 -0.88370293
-16.841045 -22.384207 -0.86768246
-15.217041 -22.398823 -0.83877361
-14.442998 -22.404188 -0.82568103
-12.916611 -22.334152 -0.79917073
-12.205762 -22.33177 -0.78831428
-10.931396 -22.518463 -0.77536023
-10.362881 -22.727652 -0.77372456
-8.3959475 -24.411642 -0.79963553
-8.1391115 -25.662451 -0.83392906
-8.0966311 -27.843115 -0.89817631
11.414238 -27.549799 -0.92370832
11.328975 -25.58016 -0.86658478
11.572285 -24.514002 -0.83968502
12.022353 -23.952339 -0.83014709
12.529286 -23.528315 -0.82569128
13.644101 -22.886553 -0.82533944
14.284746 -22.697321 -0.83070552
16.746338 -22.769783 -0.87551349
17.614346 -22.777231 -0.89189124
18.512665 -22.780867 -0.90926826
8.475215 -9.0102901 -0.38317579
23.455986 5.2897902 -0.74480557
19.262724 5.3327417 -0.6191135
17.648544 5.3476377 -0.57121557
16.265459 5.3604002 -0.53048325
14.836767 5.2897911 -0.48791197
10.067411 5.3348837 -0.35292038
9.1456642 5.4271812 -0.32941422
8.6692963 5.4315758 -0.31688643
8.2275782 5.4356518 -0.30544785
7.8164158 5.4394445 -0.29497132
7.4323239 5.4429884 -0.28535354
7.0722656 5.4463086 -0.27649537
6.4143748 5.4523778 -0.26076826
6.1123829 5.4551635 -0.25377122
5.2943554 5.4627075 -0.23563842
5.0465817 5.464994 -0.23041457
4.7358203 5.3835082 -0.22209381
4.1523728 5.472682 -0.21278946
3.9493163 5.4745545 -0.20909469
3.7530663 5.4763632 -0.20564331
3.563076 5.4781141 -0.20242095
3.3788671 5.4798145 -0.199411
3.1999218 5.4814625 -0.19660339
2.8562791 5.4846311 -0.19154358
2.6908104 5.486156 -0.18927383
2.5291405 5.4876466 -0.18716446
2.2158983 5.4905334 -0.18339828
2.0637891 5.4919357 -0.18172836
1.9143261 5.4933128 -0.1801918
1.7672949 5.4946666 -0.17878479
1.6224706 5.4960022 -0.17750274
1.1990234 5.4999046 -0.17436142
0.78820312 5.5036879 -0.17221588
0.3852832 5.5073996 -0.17100875
0.25197265 5.5086279 -0.17080826
0.11888672 5.5098524 -0.1707077
-0.014101562 5.5110788 -0.17070678
-0.14719726 5.5123034 -0.17080444
-0.28048828 5.5135303 -0.17100234
-0.40791014 5.4310021 -0.16869873
-0.5400781 5.4321275 -0.16908981
-0.9560644 5.5198412 -0.17352295
-1.0941406 5.5211134 -0.17434189
-1.3746387 5.523695 -0.17631531
-1.6622461 5.5263414 -0.17875442
-1.8092188 5.5276937 -0.18015838
-1.9586035 5.5290685 -0.18169127
-2.4237304 5.5333495 -0.18711685
-2.5853124 5.5348363 -0.18922256
-3.2729394 5.541162 -0.19934249
-3.6468554 5.5446005 -0.20556335
-4.7017674 5.5543027 -0.22541
-4.9386716 5.5564818 -0.23026992
-5.1861329 5.5587583 -0.23548339
-5.9118357 5.481637 -0.24972488
-6.6282225 5.5759568 -0.26829758
-7.7099218 5.5859017 -0.29490814
-8.5618353 5.5937328 -0.31678924
-9.5527534 5.6028428 -0.34303817
-11.215733 5.5295005 -0.38733947
-12.132578 5.6217198 -0.41419294
-13.887578 5.6378503 -0.46426681
-17.503143 5.6691856 -0.56989545
-23.293203 5.7206626 -0.74295431
-26.102695 5.7464828 -0.82790059
-19.830166 -22.357723 -0.92569041
-18.892138 -22.364872 -0.90684783
-15.482802 -22.395691 -0.84331387
-11.128847 -22.457987 -0.77637559
-10.554365 -22.65719 -0.77422506
-10.008057 -22.913387 -0.77449971
-9.4845018 -23.227312 -0.77714759
-8.520752 -24.133884 -0.79277897
-8.1876564 -25.104467 -0.81793106
11.464872 -24.807655 -0.84650838
11.870224 -24.137455 -0.83318305
12.358876 -23.670849 -0.82713515
12.885342 -23.291245 -0.8245005
14.054492 -22.74 -0.82805699
14.761982 -22.643955 -0.83729017
15.597998 -22.709032 -0.85337025
19.129463 -22.78541 -0.92154408
21.883486 5.3043003 -0.6974774
19.870243 5.3271351 -0.63722169
18.164404 5.3428769 -0.58648551
14.33208 5.3697143 -0.47407714
11.037344 5.4001145 -0.3806105
9.3150091 5.4256186 -0.33391127
7.9519529 5.4381943 -0.29840469
7.5590625 5.4418173 -0.288508
7.1912107 5.4452124 -0.27940306
6.2124414 5.4542394 -0.25607148
5.1289158 5.4642344 -0.23213485
4.5863671 5.3848863 -0.21909516
4.3686719 5.3874521 -0.21484786
3.6265039 5.4775305 -0.20348358
3.4403906 5.4792466 -0.20040268
2.9130077 5.4841075 -0.19234787
2.7461913 5.4856467 -0.19002105
2.4239256 5.4886155 -0.18585189
2.2678516 5.4900546 -0.18399215
2.1147852 5.4914646 -0.18227553
1.9644727 5.4928513 -0.18069503
1.8166504 5.4942112 -0.179245
1.6710937 5.495554 -0.17792054
1.3859375 5.4981809 -0.17563353
1.2459179 5.4994726 -0.17466262
1.1073632 5.5007467 -0.17380463
0.97008789 5.5020127 -0.17305374
0.83392578 5.5032678 -0.17241012
0.69868165 5.5045118 -0.17187072
0.030761719 5.510664 -0.17069595
-0.36342773 5.4305921 -0.16858932
-0.49541992 5.4317174 -0.16894561
-0.76150388 5.4341674 -0.1699681
-0.89592773 5.4354038 -0.17063415
-1.1863965 5.5219617 -0.17494583
-1.326875 5.5232544 -0.17595032
-1.4690624 5.5245643 -0.1770703
-1.9079297 5.5286021 -0.18115905
-2.2129881 5.5314097 -0.18453887
-2.3700097 5.5328541 -0.18644103
-2.5304198 5.5343308 -0.18849471
-2.6944823 5.5358396 -0.19070648
-3.0349219 5.5389719 -0.19563644
-3.9765918 5.5476327 -0.21142517
-4.6240821 5.5535874 -0.22384582
-5.3564939 5.5603232 -0.23914871
-5.8151951 5.4807482 -0.24751952
-6.5185547 5.5749488 -0.26568604
-6.8501072 5.5779967 -0.27363157
-7.5776367 5.5846863 -0.29157731
-8.8729391 5.5965943 -0.32494628
-9.3742189 5.6012011 -0.33825392
-10.512744 5.6116672 -0.36912459
-10.985078 5.5273805 -0.38090882
-13.562353 5.6348619 -0.45491531
-14.567187 5.6440978 -0.48390824
-15.709531 5.6545959 -0.51716888
-17.015497 5.6647034 -0.55550081
-22.470917 5.7131066 -0.71818876
-25.085732 5.7371373 -0.7971015
-28.389883 5.7756004 -0.89739943
-18.292997 -22.371927 -0.89514911
-16.569082 -22.386505 -0.86270177
-15.752168 -22.393412 -0.84806812
-14.96247 -22.400585 -0.83441514
-14.175722 -22.37356 -0.82042289
-11.3404 -22.424141 -0.77836853
-10.746172 -22.58662 -0.77477705
-10.187549 -22.81604 -0.77398366
-9.6547756 -23.105015 -0.77565563
-8.6763086 -23.951551 -0.78910679
-8.1120605 -26.291952 -0.85225326
-8.1032324 -28.704659 -0.92388439
11.428877 -26.983923 -0.90771991
11.364931 -25.126547 -0.85422242
11.71914 -24.328398 -0.83645308
12.187881 -23.813879 -0.82863873
12.701074 -23.406044 -0.82487667
13.246875 -23.066006 -0.82391965
14.508271 -22.655888 -0.83333397
17.025263 -22.772177 -0.8807199
17.903896 -22.779716 -0.89746463
18.813446 -22.783083 -0.91522503
20.186493 5.236167 -0.64598882
17.175829 5.3519993 -0.5572601
15.856982 5.3641696 -0.51851773
14.686162 5.3664474 -0.48432738
13.678251 5.3757467 -0.45523557
12.783994 5.3839989 -0.42967498
11.264443 5.3980198 -0.3869133
10.611992 5.4040403 -0.36887786
6.9598632 5.4473448 -0.27376494
6.3143163 5.4533005 -0.25843245
6.0175586 5.4560375 -0.25160506
5.7359567 5.4586353 -0.24526809
4.8922753 5.3820653 -0.22529189
4.4413085 5.3867822 -0.21625778
4.2935448 5.4713793 -0.21542892
4.0855274 5.4732981 -0.21155991
3.6905956 5.4769397 -0.2045697
2.9702148 5.4835801 -0.19317108
2.4772851 5.4881239 -0.18651123
2.3201463 5.489574 -0.18460342
2.1660936 5.4909925 -0.18283935
2.0148828 5.4923863 -0.18121368
1.8662401 5.4937558 -0.17972015
1.5757812 5.4964318 -0.17711075
1.2929785 5.4990377 -0.17497787
1.1539649 5.5003185 -0.17408217
0.8797363 5.5028453 -0.17261535
0.60948241 5.5053344 -0.17156997
0.075605467 5.5102515 -0.17069611
-0.057392579 5.511477 -0.17072663
-0.19052733 5.5127025 -0.17085876
-0.45083007 5.4313073 -0.16881378
-0.58324218 5.4325256 -0.16923919
-0.85045898 5.4349866 -0.17039795
-1.0008594 5.5202537 -0.17377746
-1.2793067 5.5228171 -0.17559859
-1.8575488 5.5281396 -0.1806424
-2.1607323 5.5309286 -0.18392989
-2.3166895 5.5323629 -0.18578322
-2.4758983 5.5338292 -0.18778473
-2.6386914 5.535327 -0.18994109
-2.805371 5.5368614 -0.1922618
-3.1517577 5.5400476 -0.19742873
-3.3322363 5.5417066 -0.20029694
-3.7099512 5.5451803 -0.20665954
-3.9081836 5.5470042 -0.21018173
-4.1134276 5.5488939 -0.21395278
-4.3262792 5.5508494 -0.21799193
-4.5474706 5.5528846 -0.22231811
-4.7777438 5.5550022 -0.22695419
-5.5263672 5.5560484 -0.24273773
-5.7202244 5.4798756 -0.24536788
-6.410996 5.5739598 -0.263143
-6.736084 5.5769482 -0.27088258
-7.4482908 5.583497 -0.2883383
-7.8404393 5.5871019 -0.29821348
-8.2606544 5.5909653 -0.308972
-9.2006054 5.599607 -0.33362213
-9.729785 5.6044688 -0.34780517
-10.770459 5.5297508 -0.37501693
-11.62251 5.6170325 -0.39985031
-13.24998 5.6319919 -0.44595945
-14.214238 5.6408529 -0.47369459
-15.30704 5.650897 -0.50541693
-19.692822 5.6893091 -0.63493615
-24.141825 5.7284632 -0.76856345
-26.747528 5.6686144 -0.84691429
-8.4472361 -8.7819204 -0.37743774
-19.520693 -22.360083 -0.91941291
-16.851055 -22.384121 -0.86786896
-16.024609 -22.391113 -0.85289228
-14.45208 -22.404125 -0.82583451
-12.925459 -22.334538 -0.79932058
-12.214091 -22.33169 -0.78843886
-8.1396284 -25.638519 -0.8332265
-8.0963964 -27.81245 -0.89726132
-0.15660156 -8.7977028 -0.27255568
11.329042 -25.600187 -0.86715215
11.566875 -24.520844 -0.83980453
12.01625 -23.957432 -0.83020276
13.06292 -23.180614 -0.82418853
14.276582 -22.698837 -0.83061272
16.736084 -22.769697 -0.875323
18.501612 -22.780787 -0.90905011
19.438486 -22.787685 -0.92778087
8.4736423 -9.0138416 -0.38319793
21.182177 5.3107724 -0.67643434
19.283661 5.3325486 -0.61973739
17.666395 5.3474717 -0.57174301
14.849971 5.2896681 -0.488291
14.004423 5.3727379 -0.46461898
13.074238 5.3813219 -0.4379431
12.244618 5.3889771 -0.41438964
11.499268 5.395853 -0.39345947
10.825166 5.4020739 -0.37474608
10.074297 5.3348193 -0.35310608
9.5680952 5.3663282 -0.33980605
8.6747751 5.4315248 -0.31702986
7.0764451 5.4462705 -0.27659744
5.556963 5.4602857 -0.24131744
5.0494628 5.4649668 -0.2304744
4.5144434 5.3855491 -0.21767409
4.3249607 5.4200001 -0.2147879
3.7553809 5.4763427 -0.20568329
3.5653319 5.4780946 -0.20245773
3.3810351 5.4797935 -0.1994458
3.2020409 5.4814439 -0.19663513
2.8582909 5.4846115 -0.19157211
2.6927733 5.4861374 -0.18930037
2.2177343 5.4905162 -0.18341872
1.9161035 5.4932971 -0.1802095
1.6241894 5.495986 -0.17751755
1.4813086 5.4973035 -0.1763536
1.3402148 5.4986033 -0.17530593
1.0625781 5.5011606 -0.17354782
0.65486324 5.5049167 -0.17171691
0.25356445 5.5086131 -0.17081024
0.12047851 5.5098376 -0.17070846
-0.012509765 5.5110645 -0.17070541
-0.1455957 5.5122886 -0.17080292
-0.27889648 5.5135155 -0.17099975
-0.40632811 5.4309874 -0.1686943
-0.53849608 5.4321141 -0.16908477
-0.80512691 5.4345679 -0.17017303
-1.0924706 5.5210972 -0.17433181
-1.3729492 5.5236802 -0.17630218
-1.5157324 5.5249925 -0.17745955
-1.8074511 5.527678 -0.18014023
-1.9567969 5.5290527 -0.18167175
-2.2637305 5.5318761 -0.18514115
-2.4218163 5.5333314 -0.18709213
-2.583369 5.5348167 -0.18919647
-2.7486913 5.5363388 -0.19146088
-3.4547949 5.5428343 -0.20230927
-5.3595018 5.5602403 -0.41344818
-5.8184667 5.4806652 -0.42793167
-6.1102633 5.483346 -0.43952972
-7.2065039 5.5811424 -0.48798522
-7.5820899 5.5845923 -0.50414282
-9.3802147 5.6010985 -0.5849002
-10.992743 5.5272741 -0.65871608
-12.680234 5.626555 -0.74269021
-20.354755 5.6950912 -1.1315802
-25.118906 5.7370739 -1.3794163
-16.558916 -22.386271 -1.490733
-15.742373 -22.393183 -1.4654522
-14.952803 -22.400072 -1.441871
-14.166582 -22.373392 -1.4177285
-13.410693 -22.355642 -1.3956805
-12.67124 -22.327309 -1.3744165
-11.971913 -22.334009 -1.3566433
-10.739355 -22.589146 -1.3390696
-8.670742 -23.957705 -1.3640374
-7.3962793 -26.22933 -1.4589987
-6.7369432 -26.305668 -1.453777
-6.2566113 -27.139273 -1.4910628
-4.3317184 -27.873281 -1.5101641
-3.6395018 -27.829662 -1.5026025
-2.9444726 -27.699032 -1.4912764
-2.2562108 -27.530903 -1.4788607
-1.5897168 -27.552025 -1.4775034
-0.92382812 -27.566751 -1.4766667
-0.082656249 -8.8237066 -0.47241363
1.0732129 -27.572632 -1.4772727
1.7397753 -27.561859 -1.4785113
4.4006152 -27.341972 -1.4826418
6.5111423 -27.56205 -1.5162033
7.941494 -27.591068 -1.5371107
11.368476 -25.115047 -1.4758933
11.724522 -24.321537 -1.4454974
13.253388 -23.061909 -1.424024
14.516533 -22.654345 -1.4404814
15.312012 -22.672018 -1.464682
16.18792 -22.764561 -1.4954692
17.035204 -22.77182 -1.5225124
17.914209 -22.77936 -1.5514947
16.829189 -9.0652466 -1.0233799
28.585478 5.2513061 -1.5559895
25.256395 5.2728052 -1.3813013
18.68786 5.3377686 -1.040501
17.158075 5.3519053 -0.96224093
15.841592 5.3640723 -0.89541
12.773477 5.3838987 -0.74211586
11.255927 5.3979197 -0.66831845
10.604248 5.4039416 -0.63718545
9.8577929 5.3270459 -0.59988493
9.4825096 5.4239182 -0.58484411
8.5164356 5.4328418 -0.54081535
8.0854683 5.4368224 -0.52163148
7.6838183 5.4405332 -0.5040437
6.9556055 5.447258 -0.47298554
6.6237793 5.4503222 -0.45923337
6.3105273 5.4532166 -0.44651154
5.7325487 5.4585533 -0.4237805
5.4647851 5.4610252 -0.41361052
5.2094336 5.4633822 -0.40414655
4.6591406 5.3841138 -0.38118681
4.2909274 5.4713035 -0.37225127
4.0830078 5.4732237 -0.36557007
3.688252 5.4768662 -0.35350004
3.3178809 5.4802833 -0.34297591
3.140625 5.4819202 -0.33823469
2.7999902 5.4850607 -0.3296991
2.3182421 5.4895053 -0.31902021
2.1642382 5.4909253 -0.31597489
1.8644531 5.4936891 -0.31058913
1.5740429 5.496366 -0.30608535
1.1522851 5.5002527 -0.30085662
1.0146093 5.5015221 -0.29949921
0.87811524 5.5027795 -0.29832688
0.60787106 5.505271 -0.2965239
0.20705077 5.5089622 -0.29513809
-0.32059568 5.4301195 -0.29121506
-0.5848242 5.4324622 -0.29251432
-0.71797848 5.4336886 -0.29342788
-0.85206056 5.4349217 -0.29452071
-1.0024804 5.5201893 -0.30036497
-1.2809668 5.5227513 -0.30351698
-1.4225879 5.5240541 -0.30538648
-1.5660352 5.5253735 -0.30746016
-1.711543 5.5267124 -0.30974334
-2.162539 5.5308595 -0.31793135
-2.6406348 5.5352564 -0.3283307
-2.8073437 5.5367894 -0.33234495
-3.1538184 5.5399742 -0.34128326
-3.7122068 5.5451083 -0.35724792
-4.1158495 5.5488157 -0.36986464
-4.3287888 5.5507727 -0.3768515
-4.5500779 5.5528049 -0.38433379
-5.0208106 5.5571299 -0.4009532
-5.5264158 5.5528746 -0.41942182
-6.010078 5.4824252 -0.43552032
-7.0851364 5.580029 -0.48282883
-7.4526267 5.5834045 -0.49854124
-7.8450975 5.5870066 -0.5156225
-8.2656546 5.590868 -0.53423727
-8.717988 5.5950217 -0.55458337
-9.2064257 5.5995045 -0.57688856
-9.7361126 5.6043687 -0.6014272
-10.313242 5.609664 -0.62852937
-10.770527 5.5258508 -0.64807999
-11.630878 5.6169248 -0.69148916
-12.401152 5.6239939 -0.72900045
-14.225888 5.6407409 -0.81929505
-15.320312 5.650785 -0.87421459
-19.713837 5.6892099 -1.0984873
-21.396338 5.6191211 -1.1843358
-19.508759 -22.359413 -1.5886426
-18.583565 -22.366484 -1.5568272
-17.696903 -22.37664 -1.5273459
-15.21664 -22.398241 -1.449681
-12.916611 -22.33415 -1.3812654
-11.545488 -22.391333 -1.3487375
-9.8283882 -23.010874 -1.3395971
-9.3153515 -23.35454 -1.346123
-8.8280563 -23.785524 -1.3582904
-8.3959665 -24.411711 -1.3820665
-7.6192284 -26.201582 -1.4608586
-6.9590626 -26.280912 -1.4554896
-5.947197 -27.822519 -1.52318
-5.2410741 -27.783266 -1.5136659
-4.5648341 -27.875912 -1.5122645
-3.8733788 -27.852724 -1.5054981
-3.1795409 -27.758593 -1.4958251
-0.15381835 -8.7842741 -0.47035614
0.18279296 -27.577127 -1.4764233
0.84855467 -27.574848 -1.4769704
1.5148535 -27.566216 -1.4780351
2.1819823 -27.55117 -1.4796214
4.1685352 -27.315746 -1.4793295
4.8592482 -27.391665 -1.4893583
6.98915 -27.604687 -1.5245036
7.701025 -27.599003 -1.534004
9.6518459 -26.898466 -1.5299631
9.9784174 -25.830078 -1.4824607
11.572266 -24.51395 -1.4512858
12.022334 -23.952299 -1.4347969
15.033437 -22.654999 -1.455627
18.511944 -22.780005 -1.5714892
8.4747066 -9.009758 -0.66216183
19.261709 5.3324647 -1.0700022
16.264736 5.3601623 -0.91683215
13.992022 5.3726377 -0.80241621
12.234785 5.3888745 -0.71573502
11.4904 5.3957529 -0.67961067
10.0671 5.3347239 -0.60996258
9.5681057 5.3699546 -0.58740491
9.1454201 5.4270325 -0.56933498
8.2273827 5.4355125 -0.52791429
7.8162303 5.4393101 -0.50980985
7.4321485 5.4428577 -0.49318221
6.7335448 5.4493089 -0.46375182
6.414238 5.4522595 -0.45069382
5.5536618 5.4602036 -0.41695875
5.2942576 5.4625998 -0.40726364
5.0464745 5.4648886 -0.39823592
4.5117283 5.3854737 -0.37612882
4.3249707 5.4232249 -0.37136596
4.1522946 5.4725842 -0.36777282
3.7530077 5.4762707 -0.35542235
3.5630274 5.4780211 -0.34985259
3.3788085 5.479723 -0.34465101
2.8562305 5.4845419 -0.33105454
2.6907616 5.4860692 -0.32713073
2.5290918 5.4875598 -0.32348403
2.06375 5.4918518 -0.31408888
1.7672753 5.494586 -0.30900222
1.6224414 5.4959216 -0.30678588
1.4795898 5.4972372 -0.30477661
1.1990136 5.4998217 -0.30135664
0.6532324 5.5048523 -0.29677764
0.51898438 5.5060887 -0.29608276
0.11887695 5.5097742 -0.29504243
-0.1471875 5.5122252 -0.2952098
-0.40790039 5.4309239 -0.29157087
-0.5400781 5.4320507 -0.29224563
-0.80671871 5.4345045 -0.29413101
-1.2335937 5.5223155 -0.30293074
-1.3746191 5.523613 -0.30473313
-1.8091894 5.5276098 -0.31137604
-1.9585742 5.5289831 -0.31402466
-2.110625 5.5303831 -0.31690583
-2.5852733 5.5347471 -0.32704192
-2.7506542 5.5362682 -0.3309584
-3.0940721 5.5394249 -0.33968627
-3.2728808 5.541069 -0.34453124
-3.4569628 5.5427613 -0.34972411
-3.6467967 5.5445056 -0.35528517
-3.8428807 5.5463071 -0.36123887
-4.256074 5.5501046 -0.37443998
-4.9385743 5.5563745 -0.39798537
-5.445127 5.5610275 -0.41667235
-5.9117088 5.4815207 -0.43160948
-6.9663281 5.578938 -0.47781128
-7.7097363 5.5857639 -0.5096975
-8.1204395 5.5895348 -0.52777702
-8.5616016 5.593585 -0.5475148
-9.0373335 5.5979514 -0.56912833
-12.132148 5.6215258 -0.71585506
-12.95957 5.6291184 -0.75643796
-13.887031 5.6376319 -0.80239594
-14.935107 5.6472507 -0.85482955
-19.1092 5.683661 -1.0673394
-21.01078 5.7011094 -1.1655258
-23.291739 5.7203074 -1.2840213
-17.274765 -8.5390329 -1.0316558
-19.829493 -22.356962 -1.5998851
-18.891504 -22.36413 -1.5672915
-17.99291 -22.374136 -1.5371205
-17.126074 -22.381474 -1.5087836
-14.700995 -22.401821 -1.4345074
-13.918896 -22.36894 -1.4104782
-13.166845 -22.345034 -1.3885227
-10.008066 -22.913412 -1.3386241
-8.9840918 -23.61474 -1.3526633
-7.8425584 -26.17288 -1.4627652
-7.1814647 -26.255127 -1.4572527
-6.5229588 -26.328651 -1.4521692
-5.4906249 -27.859081 -1.5201792
-4.1073337 -27.870049 -1.5081897
-3.414336 -27.804462 -1.499746
-2.7167187 -27.61809 -1.4857223
-2.0392773 -27.538486 -1.4783611
-1.3730273 -27.557508 -1.4771751
-0.013417969 -8.8606405 -0.47437224
0.62396485 -27.576317 -1.4767288
2.6246972 -27.537636 -1.4809633
5.3215818 -27.438837 -1.4963627
6.02667 -27.505272 -1.5074813
7.4612594 -27.60597 -1.5309695
8.1721582 -27.576103 -1.5398022
8.8764553 -27.498514 -1.5469862
9.5809956 -27.400635 -1.5540376
10.425517 -25.754267 -1.4874907
11.870205 -24.137407 -1.4400517
12.358857 -23.670811 -1.429595
16.460243 -22.766891 -1.5040631
17.317587 -22.774242 -1.5317199
19.128719 -22.784536 -1.5927055
27.429775 5.2619858 -1.4952819
19.869188 5.3268518 -1.101301
18.163544 5.3426147 -1.0136151
15.1929 5.2777491 -0.861063
12.504179 5.3863864 -0.72890234
11.036992 5.3999424 -0.65781653
8.8256636 5.429985 -0.55476445
7.9517479 5.4380579 -0.51574379
7.1910348 5.4450855 -0.4829016
6.2123141 5.4541235 -0.44257933
5.9208593 5.4568138 -0.43107468
5.3804002 5.4618053 -0.41045576
5.128818 5.4641285 -0.40121016
4.8133883 5.3826904 -0.38658935
4.2224512 5.4719357 -0.3700276
3.8184764 5.4756651 -0.35738876
2.4238868 5.4885316 -0.32121521
2.2678223 5.4899693 -0.31800324
2.1147559 5.4913816 -0.31503648
1.8166211 5.4941297 -0.30979797
1.6710742 5.4954724 -0.3075093
1.5275781 5.4967957 -0.30543074
1.3859179 5.4981003 -0.30355698
1.2458984 5.4993906 -0.30187896
1.1073534 5.5006666 -0.30039412
0.83390623 5.5031872 -0.29798386
0.56419921 5.5056715 -0.29629669
0.29689452 5.5081348 -0.29531386
0.16375977 5.5093603 -0.29508162
0.030761719 5.5105872 -0.2950215
-0.23547851 5.5130372 -0.29541764
-0.62805665 5.4328599 -0.2927928
-1.1863769 5.5218797 -0.30236739
-1.3268554 5.5231738 -0.30410323
-1.4690429 5.5244813 -0.30603927
-1.9079003 5.5285177 -0.31310683
-2.0590234 5.5299096 -0.31590712
-2.3699706 5.5327697 -0.32223526
-3.0348828 5.5388803 -0.33812651
-3.394248 5.5421848 -0.34793213
-3.5820897 5.543911 -0.35336608
-3.7760057 5.5456934 -0.35918486
-4.1842575 5.5494456 -0.37208509
-4.6239939 5.5534849 -0.38688263
-4.8575196 5.5556297 -0.39508575
-5.1012988 5.5578699 -0.40388352
-5.8150682 5.4806333 -0.4277989
-6.5184078 5.5748239 -0.45919433
-6.8499608 5.5778699 -0.47292739
-7.202158 5.5811033 -0.48779982
-9.3739548 5.6010423 -0.58461088
-9.9183397 5.60604 -0.60994554
-13.561855 5.6346469 -0.78623122
-14.566611 5.6438684 -0.83633912
-17.014717 5.6644406 -0.96006727
-18.537939 5.6784191 -1.0379788
-25.084082 5.7367539 -1.3775983
-18.292734 -22.371599 -1.547124
-16.568817 -22.386189 -1.4910444
-14.96209 -22.400009 -1.4421438
-12.679716 -22.327227 -1.3746393
-11.34041 -22.424145 -1.3453104
-10.187568 -22.816059 -1.3377376
-9.6547947 -23.105034 -1.3406247
-9.1514454 -23.477797 -1.3490394
-8.2735157 -24.684275 -1.3937762
-8.066123 -26.14308 -1.4647257
-7.4041405 -26.228344 -1.459065
-5.0326657 -27.878578 -1.5166562
-4.3399706 -27.873392 -1.5102373
-3.6477635 -27.830498 -1.5027035
-2.9528222 -27.701532 -1.4914596
-1.5977148 -27.551815 -1.4775162
3.0680468 -27.521322 -1.482532
4.3923631 -27.341049 -1.4825233
5.0857811 -27.415117 -1.4927632
5.7878122 -27.483511 -1.5036552
6.5023727 -27.560635 -1.5160211
7.2221875 -27.612114 -1.5279982
7.9328904 -27.591366 -1.5369987
8.6384668 -27.525658 -1.5445055
9.666338 -26.287529 -1.4994857
10.197744 -25.793373 -1.4849046
10.874208 -25.674295 -1.4927267
13.83664 -22.800566 -1.4278651
14.508262 -22.655878 -1.440311
17.903524 -22.779266 -1.5511185
16.829287 -9.0715551 -1.0235444
28.629696 5.2508945 -1.558314
25.291338 5.2724814 -1.3831291
20.1854 5.2358799 -1.1164253
18.707685 5.3375854 -1.0415196
17.175049 5.3517489 -0.96310478
15.856279 5.3639355 -0.89615285
12.783525 5.3838062 -0.74260902
11.984023 5.3911924 -0.70351952
11.264082 5.3978453 -0.66871011
8.9863472 5.4285007 -0.56206846
8.5217772 5.4327927 -0.54105568
7.688457 5.4404893 -0.50424558
7.3125 5.4439621 -0.48806548
6.9597068 5.4472203 -0.4731575
6.627656 5.4502878 -0.4593927
5.7358398 5.4585228 -0.42390639
5.4679003 5.4609971 -0.4137274
5.2124023 5.4633546 -0.40425566
4.6618357 5.3840895 -0.38128036
4.293457 5.4712815 -0.37233412
4.0854492 5.4732008 -0.36564681
3.690537 5.4768457 -0.35356766
2.9701562 5.4834924 -0.33386534
2.8019531 5.485044 -0.32974562
2.3201075 5.4894872 -0.31905836
1.7199218 5.4950218 -0.30825743
1.5757617 5.4963498 -0.30610976
1.1539453 5.5002379 -0.30087355
1.0162598 5.5015073 -0.29951447
0.74418944 5.5040135 -0.2973468
0.60947263 5.5052552 -0.29653275
0.47542968 5.5064893 -0.29589432
0.34186524 5.5077209 -0.2954309
0.075615235 5.5101719 -0.29502243
-0.31901366 5.4301047 -0.2912097
-0.5832324 5.4324474 -0.29250473
-0.8504492 5.434907 -0.2945056
-1.0008398 5.5201731 -0.30034804
-1.1393359 5.5214491 -0.30182526
-1.2792871 5.5227342 -0.30349594
-1.5643066 5.5253563 -0.30743408
-2.1606934 5.5308433 -0.31789473
-2.4758692 5.5337415 -0.32455611
-2.8053124 5.5367699 -0.33229491
-3.1516991 5.5399547 -0.34122649
-3.3321776 5.5416136 -0.34618118
-3.518086 5.5433226 -0.35149062
-3.9081151 5.5469079 -0.36326566
-4.1133494 5.5487924 -0.36978379
-4.326201 5.5507493 -0.37676543
-4.7776561 5.5548959 -0.39225432
-5.0178709 5.5571032 -0.40084639
-5.7200975 5.4797606 -0.4240799
-6.0065818 5.4823923 -0.43537903
-6.4108591 5.5738378 -0.4547981
-6.7359371 5.5768223 -0.46817365
-7.0809078 5.5799913 -0.48264861
-7.4481149 5.5833616 -0.49834654
-7.8402438 5.5869627 -0.51540977
-8.7123728 5.5949683 -0.55432945
-9.2003517 5.5994482 -0.57660919
-9.7295113 5.6043077 -0.60111952
-10.306026 5.6095982 -0.62818837
-16.299326 5.5740819 -0.92222625
-17.997236 5.6734567 -1.0102555
-21.370302 5.6188817 -1.1829853
-24.140263 5.7280917 -1.328277
-17.116493 -8.6286936 -1.0262188
-17.707354 -22.376553 -1.527689
-16.850811 -22.383802 -1.4999756
-15.226015 -22.398176 -1.4499624
-14.451709 -22.403555 -1.4273082
-13.673711 -22.364527 -1.4033879
-12.925449 -22.334534 -1.3815225
-10.938203 -22.515976 -1.3401495
-10.369668 -22.72517 -1.337311
-9.3213673 -23.350019 -1.3460165
-8.4004488 -24.401743 -1.3816389
-8.1396875 -25.63868 -1.4401295
-5.9553809 -27.821659 -1.5232263
-3.8816991 -27.85351 -1.5056038
-3.187871 -27.760239 -1.4959624
-0.15632813 -8.782856 -0.47028244
0.17480469 -27.577074 -1.4764233
2.1740332 -27.551395 -1.4795986
4.1603417 -27.314789 -1.4792148
4.8509474 -27.390776 -1.489236
5.5500193 -27.461073 -1.4999076
6.2580466 -27.525658 -1.511243
9.651289 -26.921459 -1.5311116
9.9704103 -25.831408 -1.4823719
10.645625 -25.715527 -1.4900355
11.32459 -25.59008 -1.498174
12.016231 -23.957397 -1.434894
13.062901 -23.18059 -1.4245034
16.735771 -22.769255 -1.5128553
18.500927 -22.779921 -1.5711132
23.484854 5.2891784 -1.2888
21.180965 5.3104711 -1.1690602
19.282665 5.3322716 -1.0710782
16.280127 5.3600192 -0.91761214
14.849345 5.2894492 -0.84391564
14.003877 5.3725281 -0.80300611
9.5680666 5.3663182 -0.58730954
9.1513376 5.4269776 -0.56960618
8.6745405 5.4313817 -0.54792947
7.8209863 5.4392662 -0.5100174
6.7374802 5.4492736 -0.46391478
6.4179587 5.4522238 -0.45084503
6.1157908 5.4550147 -0.43874037
5.8292575 5.4576612 -0.42751235
5.049365 5.4648609 -0.39833969
4.5143552 5.3854504 -0.37621596
3.7553124 5.4762473 -0.35549149
3.5652635 5.4780016 -0.34991759
3.3809764 5.479702 -0.3447116
3.201992 5.4813523 -0.33985427
3.0278711 5.4829602 -0.33532393
2.858242 5.4845238 -0.33110365
2.6927245 5.4860511 -0.32717636
2.3727539 5.4890027 -0.32014236
1.6241602 5.4959044 -0.30680999
0.78982419 5.5035934 -0.29766113
0.38686523 5.5073071 -0.29556808
-0.40631834 5.4309092 -0.29156357
-0.53849608 5.4320359 -0.29223648
-0.80510741 5.4344897 -0.29411772
-1.6604687 5.5262427 -0.30892134
-1.8074218 5.5275941 -0.31134537
-1.9567773 5.5289674 -0.31399199
-2.7486424 5.5362501 -0.33090988
-2.918076 5.5378075 -0.33511597
-3.4547362 5.5427403 -0.34965941
-5.3593845 5.5601292 -0.58809197
-5.5454102 5.4819846 -0.59381139
-5.8183398 5.4805493 -0.60869282
-6.110127 5.4832263 -0.62519264
-7.2063379 5.5810108 -0.69411248
-7.5819139 5.5844541 -0.71709442
-7.9834471 5.5881381 -0.74209929
-8.4142675 5.5920873 -0.7693736
-8.8782225 5.5963416 -0.79921001
-9.379941 5.6009412 -0.83196187
-10.992393 5.5270958 -0.93695694
-11.881289 5.6190343 -1.0008751
-12.679794 5.6263537 -1.0563931
-15.722763 5.6542392 -1.2724043
-17.030752 5.6643295 -1.3667908
-18.5567 5.6783128 -1.4778239
-20.77331 5.8121605 -1.6427035
-21.029707 4.8030906 -1.6427161
-23.297421 3.5720634 -1.7948968
-23.494551 1.877315 -1.7948824
-23.532969 1.309782 -1.7948804
-23.56875 0.17275879 -1.79488
-23.566103 -0.39605039 -1.7948821
-23.549717 -0.96464962 -1.7948852
-23.475887 -2.099834 -1.7948958
-23.418486 -2.6657574 -1.794903
-23.262783 -3.7926605 -1.7949216
-23.164686 -4.3529811 -1.794933
-22.637968 -6.565742 -1.7949911
-20.043514 -7.9783716 -1.64285
-19.845371 -8.4598351 -1.6428709
-19.182148 -9.8737288 -1.6429402
-20.693398 -11.291423 -1.7951959
-20.415186 -11.787712 -1.7952245
-20.125107 -12.277143 -1.7952545
-19.51 -13.234386 -1.7953178
-18.502539 -14.611909 -1.7954206
-17.009384 -16.328695 -1.7955723
-14.921748 -18.259718 -1.795783
-14.477168 -18.614954 -1.7958277
-13.562812 -19.292803 -1.7959194
-12.616523 -19.925772 -1.7960143
-11.135234 -20.773235 -1.7948854
-10.507871 -20.792843 -1.7741461
-9.9237299 -20.873644 -1.7600873
-9.380332 -21.024574 -1.7532111
-8.3815527 -21.520977 -1.7587947
-7.4223924 -22.166121 -1.78014
-6.8559766 -22.243643 -1.7725523
-6.3022947 -22.349707 -1.7683672
-5.2109375 -22.603529 -1.7664723
-4.657578 -22.691689 -1.7640629
-4.1036911 -22.770126 -1.7619479
-2.994082 -22.894556 -1.7583358
-2.4383397 -22.937771 -1.7566218
-1.3269531 -22.998573 -1.7543228
-0.77133787 -23.016665 -1.7537713
-0.082519531 -8.8092651 -0.67088103
0.34015626 -23.025721 -1.7536672
0.89595699 -23.01808 -1.754221
1.4519433 -23.001913 -1.7551507
2.0081346 -22.977312 -1.75646
2.564502 -22.944227 -1.7581509
3.677871 -22.851337 -1.7625923
4.23457 -22.789946 -1.7652261
4.7902341 -22.713959 -1.7677828
6.4273243 -22.330429 -1.7695653
6.9659863 -22.174086 -1.7699879
8.5588083 -21.62977 -1.7714338
12.258018 -20.185995 -1.7984586
15.90667 -17.462294 -1.7988091
17.129345 -16.266891 -1.7989256
17.894989 -15.422059 -1.7989984
18.262295 -14.985993 -1.7990332
18.618975 -14.541196 -1.7990669
18.964813 -14.087879 -1.7990996
19.299561 -13.626354 -1.7991312
19.623194 -13.156892 -1.7991614
20.235771 -12.195114 -1.7992189
16.796787 -9.0478067 -1.4528977
19.510498 -9.3244085 -1.6467394
20.13456 -7.8888559 -1.6467963
20.319345 -7.4007401 -1.6468132
22.566748 -7.005899 -1.7994328
23.014912 -5.3551664 -1.799472
23.246767 -4.2384825 -1.7994915
23.342354 -3.6762598 -1.7994993
23.424404 -3.1118896 -1.7995057
23.547373 -1.9780334 -1.7995144
23.58831 -1.4092081 -1.7995169
23.628798 -0.26940855 -1.7995175
23.614227 0.87102354 -1.7995127
23.586239 1.4406292 -1.7995083
23.544502 2.0093927 -1.7995025
23.489111 2.5769854 -1.7994955
23.41997 3.1430652 -1.7994871
21.367001 3.3943384 -1.6475595
21.269951 3.9073522 -1.6468736
21.169306 4.419486 -1.6468623
21.056356 4.929028 -1.6468496
18.686924 5.3374972 -1.4799756
15.840888 5.3638391 -1.2736083
12.773017 5.3837037 -1.0555756
11.974589 5.3910899 -1.0000558
10.603926 5.4037733 -0.90632826
9.8575001 5.3268871 -0.8532759
8.9803314 5.4284058 -0.79911321
8.0852633 5.4366846 -0.74196869
7.6836228 5.4404001 -0.71695441
7.3079782 5.4438744 -0.69396156
6.9554491 5.4471335 -0.6727764
6.6236229 5.4502025 -0.65321743
6.3103809 5.4530969 -0.6351223
4.8892674 5.381886 -0.55371571
4.6590528 5.3840122 -0.54220694
4.4385448 5.3866076 -0.53152394
3.8822558 5.4749789 -0.51111543
3.500205 5.478508 -0.49508238
2.6357911 5.4864893 -0.46352354
2.1642187 5.4908409 -0.44944838
1.4317968 5.4975963 -0.43261978
0.47381836 5.5064259 -0.42087662
0.34026366 5.5076561 -0.42021972
0.20706055 5.508883 -0.41981003
-0.19210938 5.5125585 -0.42004865
-0.58480465 5.432384 -0.41607818
-0.85205078 5.4348435 -0.41893035
-1.1409765 5.5213819 -0.42934874
-2.0095215 5.5293689 -0.44801879
-2.3185058 5.5322094 -0.45679137
-2.4777539 5.5336719 -0.4617157
-2.6405859 5.5351696 -0.46702406
-2.8073046 5.5366993 -0.47273254
-2.9782324 5.53827 -0.47886536
-3.1537695 5.5398827 -0.48544586
-3.7121484 5.545011 -0.5081535
-3.9104588 5.5468311 -0.51682174
-4.5499902 5.5527015 -0.54668134
-4.7803807 5.5548167 -0.5580886
-5.5264354 5.5528965 -0.59660375
-6.0099511 5.482306 -0.61948943
-6.7397556 5.5767322 -0.66616857
-7.4524512 5.5832677 -0.70912731
-7.844902 5.5868673 -0.73342299
-8.265439 5.5907226 -0.75990051
-9.2061615 5.5993466 -0.82056433
-10.770556 5.5258679 -0.92185634
-11.630498 5.6167345 -0.9835667
-13.259814 5.6316671 -1.0970702
-14.225322 5.6405163 -1.1653498
-15.319658 5.6505466 -1.2434623
-18.015018 5.6733494 -1.4383163
-20.989981 4.9741526 -1.6427194
-21.10376 4.4661484 -1.6427097
-21.205292 3.9555347 -1.6427013
-23.351465 3.1989825 -1.7948927
-23.421797 2.6345172 -1.7948873
-23.478485 2.0685272 -1.7948834
-23.521532 1.501325 -1.7948807
-23.566563 0.36463988 -1.7948797
-23.556807 -0.77290708 -1.794884
-23.092188 -4.722918 -1.7949411
-22.971649 -5.278851 -1.7949547
-22.690577 -6.381206 -1.7949853
-21.96245 -6.7524309 -1.7497678
-19.913515 -8.2979736 -1.6428638
-19.707705 -8.7762222 -1.6428854
-19.490429 -9.2493782 -1.642908
-17.080126 -8.6165457 -1.4568435
-20.510401 -11.621053 -1.7952148
-19.926405 -12.597595 -1.795275
-19.296064 -13.544866 -1.7953396
-18.963964 -14.006853 -1.7953737
-18.620781 -14.460699 -1.7954086
-18.266758 -14.906155 -1.7954447
-17.902031 -15.342954 -1.7954818
-17.526972 -15.770854 -1.7955198
-8.4445314 -8.7841911 -0.92791671
-15.926641 -17.388367 -1.7956817
-15.502753 -17.768074 -1.7957246
-13.719257 -19.181587 -1.7959039
-12.778183 -19.822205 -1.7959982
-11.807734 -20.416822 -1.7960953
-8.071435 -21.746994 -1.7664872
-7.6115232 -22.130947 -1.7822284
-7.049902 -22.228289 -1.7758452
-5.9433594 -22.445122 -1.7681713
-5.3974705 -22.57155 -1.7673527
-3.1815624 -22.877968 -1.758991
-2.6258006 -22.924234 -1.7571626
-2.0700977 -22.961594 -1.7556837
-0.95878905 -23.0116 -1.7539191
-0.15355468 -8.7694378 -0.66792095
0.15274414 -23.026724 -1.7535915
0.70844728 -23.021616 -1.7539937
1.2643847 -23.008314 -1.7547945
1.8204882 -22.986572 -1.755975
3.49 -22.869442 -1.7617372
4.0469728 -22.812914 -1.7643961
4.6028514 -22.740723 -1.7668862
6.7846875 -22.228245 -1.769842
7.8533688 -21.886309 -1.7707562
8.3816109 -21.696547 -1.7712579
10.554522 -21.027958 -1.791736
12.579531 -19.987791 -1.7984895
13.058544 -19.678877 -1.7985356
13.993535 -19.026806 -1.7986256
14.448984 -18.684038 -1.7986692
14.896015 -18.330343 -1.7987121
15.334355 -17.965912 -1.7987542
15.763818 -17.591042 -1.7987952
16.59499 -16.810663 -1.7988746
16.99622 -16.405691 -1.7989129
18.139599 -15.134099 -1.7990216
19.187939 -13.782942 -1.7991205
19.515322 -13.316115 -1.7991514
19.83128 -12.84149 -1.799181
20.135752 -12.359385 -1.7992096
20.428408 -11.870027 -1.7992369
19.433819 -9.482873 -1.6467323
19.869228 -8.5343561 -1.6467723
20.069658 -8.0524836 -1.6467906
20.523525 -7.105454 -1.6539418
22.224384 -7.0984893 -1.7766838
22.675985 -6.6441269 -1.7994424
22.970516 -5.5423374 -1.7994682
23.211416 -4.4275894 -1.7994887
23.311611 -3.8661733 -1.7994968
23.576044 -1.6011922 -1.7995162
23.62583 -0.46177 -1.7995178
23.620556 0.6787585 -1.7995139
23.597178 1.2485729 -1.79951
23.560127 1.817663 -1.7995046
21.095869 4.7574768 -1.646854
20.974735 5.2651305 -1.6468406
19.260733 5.3321872 -1.5219319
17.646864 5.3471251 -1.4042006
12.234355 5.3886876 -1.0180522
11.490029 5.395575 -0.96667105
9.5680761 5.3699389 -0.83554626
8.6688375 5.4312878 -0.779024
6.4141016 5.4521384 -0.64107138
6.1121192 5.4549317 -0.62386781
5.8257813 5.4575791 -0.60790986
5.553545 5.4600949 -0.59308529
5.2941504 5.4624915 -0.57929528
5.0463767 5.4647813 -0.5664553
4.7356443 5.3833055 -0.54600221
4.3249512 5.4232092 -0.52824444
3.9491796 5.4743614 -0.5140416
3.5629687 5.4779272 -0.49763474
3.1998241 5.4812827 -0.48333359
2.6907325 5.4859815 -0.46531555
2.5290527 5.487473 -0.46013001
2.3708496 5.488934 -0.45532089
2.0637207 5.4917674 -0.44676453
1.767246 5.494503 -0.43952957
1.6224219 5.4958386 -0.43637711
1.4795703 5.4971557 -0.43351898
1.1989844 5.4997425 -0.42865461
0.92403316 5.5022779 -0.42487761
0.78818357 5.5035291 -0.42338225
0.65322262 5.5047727 -0.4221414
0.51898438 5.5060096 -0.42115295
0.38526365 5.5072422 -0.42041349
0.25196287 5.5084691 -0.4199205
-0.014101562 5.5109205 -0.41966978
-0.28047851 5.5133739 -0.42039856
-0.54006833 5.4319725 -0.41569579
-0.80670899 5.4344263 -0.41837829
-1.3745996 5.5235314 -0.43345824
-1.5174023 5.5248437 -0.43630934
-1.6621972 5.5261765 -0.43945387
-1.9585449 5.5289011 -0.44667357
-2.1105859 5.5302978 -0.45077163
-2.4236522 5.533175 -0.46001279
-2.5852442 5.5346594 -0.46518967
-2.7506053 5.5361791 -0.47076064
-2.9200976 5.5377355 -0.4767485
-3.8428028 5.5462098 -0.51383096
-4.0456934 5.5480738 -0.52289921
-4.4743848 5.5520082 -0.54300892
-4.7015915 5.5540929 -0.55415159
-5.4450097 5.5609155 -0.59267968
-5.6340427 5.4827976 -0.59867764
-5.911582 5.4814048 -0.61392391
-6.9661813 5.5788097 -0.67963958
-7.3258591 5.582108 -0.70138198
-11.215 5.5291357 -0.95220876
-14.934492 5.6470151 -1.2158909
-16.013525 5.6171923 -1.2923214
-17.501434 5.6686435 -1.4009504
-20.948856 5.1448765 -1.6427231
-21.066776 4.637804 -1.6427128
-21.172432 4.1280394 -1.642704
-21.856533 3.7163274 -1.6883296
-23.399618 2.8251317 -1.794889
-23.460907 2.2595868 -1.7948846
-23.542528 1.1249505 -1.7948799
-23.562822 0.55649227 -1.7948796
-23.569384 -0.012301636 -1.7948805
-23.562265 -0.58108395 -1.7948829
-23.541445 -1.1495489 -1.7948866
-23.506933 -1.7173303 -1.7948916
-23.396875 -2.8495882 -1.7949058
-23.232334 -3.9752171 -1.7949252
-23.129795 -4.5347424 -1.7949369
-22.884394 -5.6455874 -1.7949643
-22.575224 -6.7401714 -1.7941548
-20.842442 -6.7747855 -1.6689565
-20.170567 -7.6508889 -1.6428366
-19.980272 -8.1355419 -1.6428567
-17.243721 -8.5236893 -1.4648272
-20.60416 -11.453628 -1.795205
-20.028173 -12.434882 -1.7952646
-19.722616 -12.914832 -1.795296
-19.405556 -13.387251 -1.7953285
-19.077206 -13.851912 -1.795362
-18.737715 -14.308513 -1.7953967
-18.387354 -14.756838 -1.7954324
-18.02622 -15.196574 -1.7954692
-17.654648 -15.627539 -1.795507
-16.880762 -16.46191 -1.7955854
-8.5481834 -8.7483492 -0.9314487
-16.067539 -17.258003 -1.7956675
-15.646757 -17.641151 -1.79571
-14.330576 -18.728212 -1.7958424
-13.874844 -19.069069 -1.7958882
-12.939521 -19.717346 -1.795982
-12.460097 -20.024418 -1.7960299
-10.312187 -20.81004 -1.7686484
-9.21 -21.086239 -1.7522681
-8.2281542 -21.627729 -1.7621795
-7.7718749 -22.012821 -1.7777565
-5.583076 -22.53499 -1.767989
-5.0309668 -22.633249 -1.7656569
-3.3688672 -22.859194 -1.7595956
-2.8132617 -22.909681 -1.7577419
-2.2575195 -22.949961 -1.756139
-1.1462109 -23.005468 -1.7541063
-0.22396484 -8.7299461 -0.66502935
1.0768554 -23.013762 -1.7544812
1.6328906 -22.994873 -1.7555332
2.1891112 -22.967487 -1.7569678
3.8590918 -22.832983 -1.7634556
4.4154005 -22.766293 -1.7660257
5.5178027 -22.563734 -1.7689253
6.6029587 -22.280958 -1.7696997
8.2039061 -21.761953 -1.7710853
8.729248 -21.563965 -1.7716067
9.2499704 -21.353657 -1.772157
9.7658005 -21.131157 -1.7727357
10.353955 -21.054199 -1.7867293
10.92211 -20.919008 -1.7971094
11.431885 -20.663935 -1.7983787
11.927529 -20.382582 -1.7984266
12.41626 -20.089315 -1.7984738
12.897773 -19.784361 -1.7985202
13.371767 -19.467848 -1.7985657
13.838027 -19.139969 -1.7986107
14.746161 -18.450827 -1.7986978
15.61998 -17.718649 -1.7987815
16.043388 -17.336966 -1.7988219
16.45747 -16.945114 -1.7988615
16.861963 -16.543396 -1.7989001
17.25667 -16.132013 -1.7989377
17.641279 -15.711163 -1.7989743
18.015635 -15.281167 -1.7990098
18.732685 -14.39465 -1.7990775
19.074951 -13.938643 -1.7991099
20.034327 -12.522812 -1.7992001
20.331045 -12.035877 -1.7992277
19.355927 -9.6407633 -1.6467249
19.583155 -9.1709652 -1.646746
19.798994 -8.6958151 -1.6467658
21.623037 -7.1009698 -1.7331766
23.174599 -4.6163964 -1.7994856
23.51202 -2.3611619 -1.7995121
23.562178 -1.7930785 -1.7995154
23.630205 -0.083878785 -1.7995172
23.625282 0.48640075 -1.7995149
23.60663 1.0563885 -1.7995116
23.574188 1.6257586 -1.7995067
23.39456 3.3268871 -1.799484
21.238583 4.0742478 -1.6468701
21.133955 4.5855675 -1.6468583
21.016981 5.094203 -1.6468453
20.888037 5.5999374 -1.6468562
16.707958 5.355813 -1.3361317
15.192245 5.2775245 -1.2247565
14.330947 5.3692884 -1.1654266
13.363975 5.3782349 -1.0970299
12.50373 5.3861961 -1.0367844
11.732558 5.3933311 -0.98334903
10.404746 5.4056163 -0.8929041
9.3144827 5.4253159 -0.82087684
8.8254099 5.4298387 -0.78909618
7.9515524 5.4379225 -0.73359525
7.558701 5.441555 -0.70926297
6.5197949 5.4511609 -0.6471771
5.9207325 5.4567003 -0.61316204
5.3802929 5.4616966 -0.58383667
5.1287208 5.4640222 -0.57068533
4.0168848 5.4737363 -0.51703697
3.6263769 5.4773426 -0.500247
3.4402733 5.4790626 -0.49267563
3.2596092 5.4807301 -0.48560852
3.0839648 5.4823523 -0.47901687
2.7460938 5.4854712 -0.46715254
2.2677832 5.4898839 -0.45233244
2.1147265 5.4912987 -0.44811264
1.964414 5.4926829 -0.44422683
1.8165917 5.4940476 -0.44066176
1.2458789 5.49931 -0.42939758
1.107334 5.5005884 -0.42728621
0.97005856 5.501853 -0.42544067
0.56417966 5.5055933 -0.42145905
0.43032226 5.5068274 -0.42063507
0.29689452 5.5080552 -0.4200592
0.16375977 5.5092807 -0.41972977
-0.10227539 5.5117321 -0.4198027
-0.36341795 5.430438 -0.41446441
-0.49540037 5.431561 -0.41534224
-0.62805665 5.4327831 -0.41647324
-1.3268359 5.5230918 -0.43256149
-1.907871 5.5284338 -0.44536743
-2.3699412 5.5326819 -0.45835295
-2.5303416 5.5341554 -0.4634001
-2.8624413 5.5372071 -0.47467986
-3.7759373 5.5455956 -0.51090944
-3.976455 5.5474362 -0.51977116
-4.1841798 5.5493445 -0.52925873
-4.399756 5.5513244 -0.53942025
-5.1012011 5.5577598 -0.57448941
-5.3562794 5.560101 -0.58792633
-5.5421872 5.4819555 -0.59363729
-5.8149414 5.4805188 -0.6085034
-7.5772753 5.5844126 -0.71680802
-7.9784765 5.5880933 -0.74178672
-8.8724508 5.5962892 -0.79883605
-9.3736811 5.6008835 -0.83155096
-9.918047 5.6058741 -0.86758506
-10.512099 5.6113195 -0.90743589
-11.872266 5.6189513 -1.0002517
-12.669745 5.6262608 -1.0556905
-13.561318 5.6344309 -1.1183228
-15.708174 5.6541061 -1.2713543
-18.536991 5.6781321 -1.4763844
-20.771669 5.8181763 -1.6427068
-20.906298 5.3152833 -1.6427267
-23.296366 3.5788007 -1.794897
-23.494013 1.8840839 -1.7948824
-23.532597 1.3165673 -1.7948804
-23.56621 -0.38925231 -1.7948821
-23.549999 -0.95784968 -1.7948852
-23.520098 -1.5258929 -1.7948898
-23.348349 -3.223393 -1.7949116
-23.165937 -4.3462749 -1.7949328
-22.929569 -5.459105 -1.7949592
-22.791317 -6.0109034 -1.7949744
-22.639853 -6.5592222 -1.794991
-20.40666 -6.9959044 -1.6428115
-20.23209 -7.4864097 -1.6428301
-19.638252 -8.9307289 -1.6428926
-20.418613 -11.781803 -1.7952243
-20.128613 -12.271352 -1.7952542
-18.853476 -14.155416 -1.7953849
-18.149218 -15.049209 -1.7954566
-17.402685 -15.908083 -1.7955325
-17.014111 -16.32378 -1.7955718
-15.789784 -17.513062 -1.7956957
-15.362851 -17.889425 -1.7957387
-14.48248 -18.610788 -1.7958272
-14.029491 -18.955339 -1.7958728
-13.099287 -19.611202 -1.795966
-11.647148 -20.509068 -1.7961112
-11.14292 -20.773125 -1.7951558
-9.9304295 -20.872091 -1.7601985
-9.3867283 -21.022507 -1.7532673
-8.8732615 -21.234798 -1.7525938
-7.4290915 -22.164927 -1.7802149
-6.862998 -22.243647 -1.7727125
-6.3087401 -22.347944 -1.7683707
-5.7666111 -22.489973 -1.7680801
-5.2175584 -22.602421 -1.7665026
-4.110322 -22.769247 -1.7619714
-3.5559473 -22.83811 -1.7601465
-3.0007324 -22.893991 -1.7583581
-1.8892871 -22.971914 -1.7552853
-0.085048825 -8.8078527 -0.67077482
0.33354491 -23.025782 -1.7536635
1.4452929 -23.002157 -1.7551371
2.0014648 -22.977655 -1.7564421
2.5578516 -22.944681 -1.7581282
3.1144042 -22.902683 -1.7601569
3.6712108 -22.852001 -1.762561
4.22791 -22.790806 -1.7651969
4.7835646 -22.714931 -1.7677504
5.3334961 -22.606405 -1.7688066
5.8787303 -22.475712 -1.7691685
6.9595895 -22.176033 -1.7699827
8.0258198 -21.825932 -1.7709162
9.5923634 -21.207582 -1.7725372
10.142109 -21.054495 -1.7796885
10.739433 -20.983734 -1.7950968
11.263135 -20.756138 -1.7983624
11.761074 -20.478828 -1.7984104
12.252158 -20.189548 -1.7984579
12.736152 -19.888573 -1.7985046
15.901572 -17.466835 -1.7988085
16.318857 -17.07839 -1.7988484
17.124638 -16.271833 -1.7989252
17.512686 -15.854155 -1.7989621
17.890537 -15.427221 -1.7989979
18.614775 -14.546578 -1.7990664
18.960732 -14.093365 -1.7990991
20.232275 -12.200936 -1.7992185
20.521143 -11.709309 -1.7992456
19.507782 -9.3300476 -1.646739
20.132256 -7.8946619 -1.6467962
21.050537 -7.1033134 -1.6918665
22.877157 -5.9155583 -1.7994601
23.1362 -4.804893 -1.7994822
23.245497 -4.2451816 -1.7994914
23.423447 -3.1186523 -1.7995056
23.492001 -2.5524933 -1.7995107
23.628506 0.29405883 -1.7995158
23.420849 3.1363323 -1.7994871
21.271084 3.9012229 -1.6468737
21.170595 4.4133811 -1.6468625
21.057764 4.9229527 -1.64685
20.932665 5.429646 -1.646836
18.706728 5.3373141 -1.4814218
11.983613 5.3910084 -1.0006793
11.263711 5.3976684 -0.95116758
10.611328 5.4037046 -0.90682852
9.4885054 5.4237046 -0.83229172
8.5215626 5.4326487 -0.76959842
8.0902338 5.4366393 -0.74228126
7.6882811 5.4403577 -0.71724141
5.735703 5.4584093 -0.60296726
4.8920798 5.3818603 -0.55386037
4.2933884 5.4711814 -0.52961236
4.085371 5.473103 -0.52010095
3.8846092 5.4749594 -0.51121801
3.5024219 5.4784884 -0.49517226
3.1426756 5.4818101 -0.48118895
2.9701073 5.4834032 -0.47489592
2.4772069 5.4879527 -0.45852402
2.3200684 5.4894028 -0.45383421
1.7198925 5.4949403 -0.4384706
1.5757324 5.4962692 -0.43541488
1.4334863 5.4975805 -0.43265137
1.2929394 5.498877 -0.43017197
1.1539356 5.5001588 -0.42796814
1.01625 5.5014281 -0.42603439
0.60947263 5.5051756 -0.42179275
0.34185547 5.5076427 -0.42022642
0.20865233 5.5088682 -0.41981351
0.075615235 5.5100937 -0.41964552
-0.057392579 5.5113196 -0.41972214
-0.19052733 5.5125437 -0.42004332
-0.31901366 5.430028 -0.41422117
-0.58321285 5.4323692 -0.41606429
-0.71637696 5.4335947 -0.41736129
-0.85042965 5.4348288 -0.41890961
-1.2792675 5.522655 -0.43169752
-2.007705 5.5293517 -0.44796997
-2.1606641 5.5307579 -0.45217833
-2.3166211 5.5321913 -0.45673493
-2.4758203 5.5336547 -0.46165466
-2.6386034 5.5351515 -0.46695814
-2.9761717 5.5382519 -0.47878966
-3.1516504 5.5398631 -0.48536497
-3.3321288 5.5415211 -0.49241424
-3.9080565 5.5468087 -0.51671475
-4.1132712 5.5486937 -0.52598608
-4.5472946 5.5526767 -0.54655027
-6.0064454 5.4822741 -0.61928785
-6.4107227 5.5737157 -0.64690834
-7.0807419 5.5798607 -0.68652165
-7.4479394 5.5832276 -0.70885032
-8.2602243 5.5906749 -0.75957
-8.7121286 5.5948191 -0.78847581
-9.7292185 5.6041431 -0.85502797
-10.770508 5.5297775 -0.92199016
-11.621728 5.6166539 -0.98296374
-13.249013 5.6315699 -1.0963095
-14.213105 5.6404052 -1.1644822
-15.305771 5.6504188 -1.2424662
-20.724745 5.9873972 -1.6427963
-20.862373 5.4852953 -1.6427305
-21.10247 4.47223 -1.6427097
-21.204159 3.9616575 -1.6427014
-23.350555 3.2057543 -1.7948927
-23.421045 2.6413128 -1.7948873
-23.521084 1.5080969 -1.794881
-23.568563 -0.19739501 -1.7948811
-23.373817 -3.0332122 -1.7949085
-23.293936 -3.5964148 -1.7949181
-23.093563 -4.7162356 -1.7949409
-21.983583 -6.7520084 -1.7512957
-20.462793 -6.8295155 -1.6428055
-20.109921 -7.8090844 -1.642843
-19.915918 -8.292223 -1.6428634
-19.493086 -9.2437525 -1.6429079
-17.085888 -8.6132717 -1.4571233
-19.02494 -10.173841 -1.6429565
-20.51376 -11.615134 -1.7952145
-19.620741 -13.069358 -1.7953063
-19.29994 -13.539309 -1.7953393
-18.624931 -14.455334 -1.7954082
-17.906485 -15.337797 -1.7954813
-17.146309 -16.184599 -1.7955585
-8.4459372 -8.78057 -0.92779166
-15.931669 -17.38378 -1.7956812
-15.507861 -17.763607 -1.795724
-15.075039 -18.133129 -1.7957677
-14.633486 -18.492102 -1.795812
-11.31791 -20.69315 -1.796144
-10.722519 -20.780565 -1.7807499
-10.122705 -20.837294 -1.7641577
-9.566123 -20.964216 -1.7548393
-9.0431147 -21.155487 -1.7520705
-8.5487204 -21.414576 -1.7559226
-7.6182418 -22.129633 -1.7822996
-5.4040818 -22.570402 -1.7673844
-4.2972069 -22.743818 -1.7626536
-3.7430174 -22.815971 -1.7607291
-3.1882129 -22.877365 -1.7590148
-2.6324511 -22.923744 -1.7571822
-1.5210937 -22.990149 -1.754593
-0.9654004 -23.011398 -1.7539251
-0.15607421 -8.7680264 -0.66781676
0.14601563 -23.026747 -1.7535894
1.2577538 -23.00853 -1.7547822
1.8138379 -22.986885 -1.7559586
4.0403419 -22.813646 -1.7643617
5.6952343 -22.521206 -1.7690431
8.3753414 -21.698862 -1.7712518
9.4183788 -21.282621 -1.7723421
9.9325294 -21.056087 -1.7729304
12.087285 -20.288507 -1.798442
12.57375 -19.991426 -1.7984889
13.052852 -19.682659 -1.7985351
13.987988 -19.030836 -1.798625
14.443554 -18.688229 -1.7986687
14.890683 -18.334658 -1.7987117
15.329189 -17.970327 -1.7987536
15.758799 -17.595581 -1.7987949
16.590147 -16.815458 -1.7988741
16.991493 -16.410597 -1.7989125
17.3829 -15.996074 -1.7989497
17.764248 -15.572259 -1.7989858
18.845243 -14.24717 -1.7990882
19.511435 -13.321771 -1.7991509
19.827549 -12.847243 -1.7991807
20.132137 -12.365222 -1.7992092
20.42499 -11.8759 -1.7992365
16.799892 -9.2329884 -1.459841
19.19618 -9.9545069 -1.6467102
19.431084 -9.4884787 -1.646732
19.654676 -9.0169277 -1.6467526
20.067314 -8.0582743 -1.6467903
20.256084 -7.5717173 -1.6468073
22.674091 -6.650701 -1.7994423
22.828173 -6.1016235 -1.7994559
22.968935 -5.5489883 -1.799468
23.09626 -4.9930644 -1.7994789
23.210146 -4.4342637 -1.7994885
23.310516 -3.8728769 -1.7994968
23.397295 -3.3092239 -1.7995036
23.470362 -2.7436354 -1.799509
23.60751 -1.0385919 -1.7995176
23.625673 -0.46858582 -1.7995178
23.620752 0.67191529 -1.7995139
23.597588 1.2417376 -1.79951
23.560673 1.8108349 -1.7995048
22.370049 3.3606403 -1.7226655
21.302216 3.7279429 -1.6468774
21.097237 4.7513866 -1.6468542
20.976259 5.2590771 -1.6468409
14.00334 5.3723192 -1.1421808
13.073281 5.3809252 -1.0766
10.824482 5.4017334 -0.92125571
10.073691 5.3345008 -0.86806762
9.1510839 5.426826 -0.81020665
7.8208008 5.4391308 -0.7254501
7.0761032 5.4460177 -0.67998368
5.5567479 5.4600658 -0.59325719
5.2971678 5.4624643 -0.57945412
4.738369 5.3832788 -0.54613763
4.5142775 5.3853502 -0.5351339
4.3249316 5.4199595 -0.52804679
3.755244 5.4761534 -0.50565624
3.5652051 5.4779062 -0.49772644
3.3809178 5.4796095 -0.49032196
3.2019336 5.4812632 -0.48341385
3.0278223 5.4828696 -0.47697005
2.6926856 5.4859643 -0.46537992
2.5309668 5.4874558 -0.46018997
2.0655272 5.4917502 -0.44681197
1.4812597 5.4971399 -0.43355179
1.0625488 5.5010009 -0.42665663
0.92566407 5.5022616 -0.42489699
0.25355467 5.5084558 -0.41992506
0.12047851 5.5096803 -0.41967422
-0.27888671 5.5133581 -0.42039138
-0.40631834 5.430831 -0.41472504
-0.95438474 5.5196667 -0.42657149
-1.2318847 5.5222178 -0.43086532
-1.3729101 5.5235157 -0.43342635
-1.8073926 5.5275106 -0.44286299
-2.1087499 5.530282 -0.45072082
-2.2636523 5.5317039 -0.45515761
-2.4217381 5.5331564 -0.45995298
-2.5832911 5.5346408 -0.46512496
-2.7485938 5.5361595 -0.47069135
-2.9180272 5.5377159 -0.47667417
-3.2706542 5.5409555 -0.48998153
-5.1040916 5.5576782 -0.74587464
-5.818213 5.4804335 -0.79006737
-6.1099997 5.4831066 -0.81148124
-6.5219727 5.5746117 -0.84807587
-7.206162 5.5808787 -0.90093827
-7.5817184 5.5843186 -0.93076825
-7.983242 5.5879941 -0.96321964
-8.8779783 5.5961876 -1.0373476
-9.9245605 5.6057701 -1.1266834
-11.880869 5.6188426 -1.2990946
-13.572089 5.6343188 -1.4525628
-15.503935 6.0018592 -1.6433374
-15.774414 5.2464476 -1.643231
-15.896347 4.8642249 -1.6432201
-16.008993 4.4791589 -1.6432101
-16.206318 3.7014544 -1.643193
-17.800322 3.6158917 -1.7954366
-18.065722 1.8832641 -1.7954156
-18.105907 1.4467388 -1.795413
-18.154589 0.57142758 -1.7954108
-18.161055 -0.30521178 -1.7954127
-18.125225 -1.181145 -1.7954186
-18.091475 -1.6182132 -1.7954233
-17.99247 -2.4892786 -1.7954355
-17.851562 -3.3545678 -1.7954519
-17.765469 -3.7844076 -1.7954617
-17.181328 -5.8957224 -1.7955252
-17.034149 -6.3086882 -1.7955407
-16.877157 -6.7179875 -1.7955574
-15.965077 -6.8057208 -1.7155004
-14.96121 -7.2498102 -1.6433471
-14.78207 -7.6088424 -1.6433657
-14.594306 -7.9634476 -1.6433853
-14.193418 -8.6585789 -1.6434267
-13.980508 -8.998683 -1.6434486
-13.53043 -9.6630621 -1.6434947
-14.257891 -11.259781 -1.7958279
-13.982167 -11.600751 -1.795856
-13.698388 -11.93501 -1.7958848
-12.799746 -12.895327 -1.7959759
-12.163075 -13.498396 -1.7960402
-11.834003 -13.788269 -1.7960734
-10.449121 -14.863684 -1.795948
-10.086533 -15.110205 -1.7957913
-9.7180958 -15.347883 -1.7956369
-9.3440914 -15.576623 -1.7954844
-8.9647169 -15.79626 -1.7953343
-8.5801849 -16.006687 -1.7951864
-7.7966208 -16.39941 -1.7948982
-6.9894333 -16.740269 -1.7931579
-6.1321874 -16.943588 -1.781132
-5.7206054 -17.083935 -1.7808495
-5.3058887 -17.214497 -1.7805902
-4.8882618 -17.335243 -1.7803544
-3.6202245 -17.637781 -1.7797897
-3.1932812 -17.718668 -1.7796489
-1.9028612 -17.900486 -1.7793713
-1.4702832 -17.94075 -1.7793269
-0.60291994 -17.990614 -1.7793094
-0.082382813 -8.7942944 -0.86932439
0.26583984 -17.99934 -1.779367
1.5675098 -17.935659 -1.7796372
2.431494 -17.842154 -1.7799391
2.8616698 -17.780146 -1.7801263
3.2903223 -17.708036 -1.7803377
3.7171679 -17.625795 -1.7805729
4.1420507 -17.533482 -1.7808322
5.4023633 -17.196798 -1.7817515
7.4415817 -16.439793 -1.7837467
7.8381934 -16.259657 -1.7842135
8.230547 -16.070177 -1.7847023
9.0016308 -15.663491 -1.7857448
10.181894 -15.07598 -1.7982397
10.542959 -14.826189 -1.7982744
11.923828 -13.741931 -1.798407
12.252187 -13.450429 -1.7984384
12.573427 -13.15104 -1.7984691
12.887353 -12.844004 -1.798499
13.193779 -12.529494 -1.7985281
13.783379 -11.878642 -1.7985841
13.124814 -10.250318 -1.6461148
14.467714 -8.2497187 -1.6462408
14.662744 -7.8982635 -1.646259
16.944502 -6.6389771 -1.7988794
17.099951 -6.2281637 -1.7988936
17.38081 -5.3959036 -1.7989187
17.506006 -4.9749188 -1.7989297
17.621084 -4.5510383 -1.7989398
17.725889 -4.1244998 -1.7989489
17.820322 -3.6955492 -1.7989569
17.904366 -3.2644265 -1.7989639
18.041162 -2.3967364 -1.7989749
18.093819 -1.9606686 -1.7989787
18.167353 -1.0853503 -1.7989835
18.198584 -0.20749389 -1.7989839
18.187372 0.67084897 -1.7989802
18.165831 1.1095532 -1.7989769
16.402802 3.4243932 -1.6563177
15.900009 4.9594321 -1.646343
14.671533 5.3659105 -1.5441824
13.665302 5.3752356 -1.4515135
12.772558 5.3835068 -1.3700905
10.603594 5.4036059 -1.1763796
9.8572063 5.3267283 -1.1075199
9.4819822 5.4236083 -1.0797539
8.5159864 5.4325547 -0.99847126
7.6834373 5.4402671 -0.93058556
7.3077927 5.4437451 -0.90074241
6.3102441 5.4529796 -0.82437193
6.0137401 5.4557238 -0.8026067
5.4645605 5.4608054 -0.76362842
5.2092285 5.4631686 -0.7461586
4.082871 5.4730287 -0.67493802
3.8821874 5.474884 -0.66341752
3.6881249 5.4766769 -0.65265667
3.5001366 5.4784155 -0.64260632
3.1405272 5.4817395 -0.62447286
2.9680371 5.4833326 -0.61631215
2.7998827 5.4848852 -0.60871261
1.7181348 5.494873 -0.56907797
1.4317676 5.4975147 -0.56153429
1.1522559 5.5000939 -0.55546337
1.0145898 5.5013609 -0.55295724
0.7425586 5.503871 -0.54896432
0.60786134 5.5051107 -0.54746479
0.47381836 5.5063462 -0.54629141
0.34026366 5.5075769 -0.54543805
0.074013673 5.5100293 -0.54469186
-0.058974609 5.5112548 -0.54479492
-0.32058594 5.4299655 -0.53766382
-0.71795899 5.4335313 -0.54175007
-1.0024512 5.5200267 -0.55455506
-2.3184667 5.5321226 -0.59290648
-2.4777148 5.5335836 -0.59929907
-2.6405468 5.5350804 -0.60618782
-2.8072557 5.5366111 -0.61359948
-2.9781835 5.5381799 -0.62155885
-3.3342481 5.5414476 -0.63925689
-3.5202148 5.5431528 -0.64906812
-4.3286424 5.55057 -0.69576573
-5.0206151 5.5569139 -0.74026191
-5.5264454 5.5529151 -0.77439106
-5.7232227 5.4795618 -0.7832002
-6.4143357 5.5736256 -0.83995491
-7.0848141 5.5797677 -0.89141667
-8.7175093 5.5947189 -1.0238868
-9.2059078 5.5991893 -1.0650648
-10.312607 5.6093225 -1.1604005
-10.770576 5.5258837 -1.1965756
-12.400283 5.6235962 -1.3458799
-13.259316 5.6314573 -1.423948
-14.224766 5.6402917 -1.5125668
-15.59665 5.7526684 -1.6432028
-16.078564 4.2225389 -1.643204
-16.21003 3.8414159 -1.6466867
-17.336582 3.6689043 -1.7516189
-17.855829 3.3307452 -1.7954321
-17.930927 2.8988512 -1.795426
-18.093515 1.594093 -1.7954137
-18.126738 1.1569854 -1.7954118
-18.16292 -0.15734741 -1.7954121
-18.134218 -1.0335547 -1.7954174
-18.063339 -1.9073443 -1.7954268
-18.01211 -2.342715 -1.7954332
-17.95038 -2.7767172 -1.7954404
-17.599531 -4.4941125 -1.79548
-17.486084 -4.917562 -1.7954924
-17.228701 -5.7556334 -1.7955202
-16.313213 -6.7977242 -1.7469047
-15.019677 -7.1277385 -1.6433411
-14.465185 -8.1959 -1.6433988
-14.263378 -8.5427036 -1.6434195
-14.053242 -8.8845453 -1.6434411
-13.83495 -9.2212229 -1.6434636
-13.608583 -9.5525389 -1.6434867
-13.505908 -12.152693 -1.7959044
-13.208925 -12.47527 -1.7959344
-12.904258 -12.790641 -1.7959654
-12.27249 -13.398839 -1.7960292
-11.94579 -13.691354 -1.7960621
-11.612109 -13.975931 -1.7960957
-11.27165 -14.252341 -1.7961298
-10.924658 -14.52048 -1.7961649
-10.570264 -14.778784 -1.7960296
-9.8430176 -15.268704 -1.7956887
-8.7104683 -15.936746 -1.795236
-8.3226557 -16.140995 -1.7950898
-6.7087302 -16.819523 -1.7899244
-6.272666 -16.900549 -1.7819171
-2.9093945 -17.766674 -1.7795689
-2.0485449 -17.884617 -1.7793916
-0.15329102 -8.7545996 -0.86549658
0.55370116 -17.993168 -1.779408
0.98782223 -17.975393 -1.7794898
1.4214063 -17.947401 -1.7795959
3.1458983 -17.73349 -1.7802637
4.4223828 -17.466839 -1.7810169
6.0899415 -16.971941 -1.7823515
7.3068552 -16.498426 -1.7835944
8.8728905 -15.734625 -1.785563
9.6295509 -15.300551 -1.7870051
10.421855 -14.911448 -1.7982627
10.778867 -14.655868 -1.798297
12.142217 -13.549644 -1.7984278
8.473691 -9.0086842 -1.2224998
13.091249 -12.636403 -1.7985183
13.392617 -12.316995 -1.798547
13.686152 -11.990378 -1.7985749
13.971738 -11.656777 -1.798602
13.287207 -10.039189 -1.6461301
13.756474 -9.3866224 -1.6461743
13.979198 -9.0520477 -1.6461952
14.4 -8.3671856 -1.6462345
14.5979 -8.0173302 -1.6462529
15.403691 -7.0613327 -1.6749634
16.423037 -7.0541172 -1.7667739
16.889833 -6.7766657 -1.7988745
17.197432 -5.9539275 -1.7989023
17.336241 -5.5372057 -1.7989148
17.464951 -5.117269 -1.7989262
18.122841 -1.6710464 -1.7989807
18.157881 -1.2332134 -1.798983
18.199541 0.083580323 -1.7989831
18.174307 0.9616363 -1.7989781
18.145712 1.3999395 -1.7989742
16.999228 3.4047246 -1.7136855
16.247862 3.6641667 -1.646381
16.051943 4.4438095 -1.6463596
15.939931 4.8298521 -1.6463475
15.818583 5.2130604 -1.6463343
10.066504 5.334403 -1.1261183
8.2269526 5.4352317 -0.97465295
7.8158493 5.4390392 -0.94122916
7.431787 5.442595 -0.91053271
7.0717773 5.44593 -0.882276
6.4139547 5.4520187 -0.83209389
6.1119823 5.4548144 -0.80976486
5.825654 5.4574647 -0.78905284
5.2940431 5.4623837 -0.75191176
5.046289 5.4646764 -0.73524517
4.7355566 5.3832016 -0.70869476
4.5115623 5.3852744 -0.69442558
4.3249412 5.4231882 -0.68565637
4.1521482 5.4723878 -0.67900443
3.752871 5.4760804 -0.65620446
3.3787012 5.4795384 -0.63631845
3.1997654 5.4811912 -0.62735724
3.025703 5.4827991 -0.61900061
2.6906836 5.4858932 -0.60397124
2.215791 5.4902792 -0.58522266
1.9142382 5.4930639 -0.574992
1.6223925 5.4957557 -0.56640923
1.4795507 5.4970751 -0.56269968
0.65322262 5.5046935 -0.54793334
0.51896483 5.5059299 -0.54665029
0.38527343 5.507163 -0.54569077
0.25196287 5.5083899 -0.5450502
0.11888672 5.5096164 -0.54472905
-0.54005855 5.4318933 -0.53956723
-0.67295897 5.4331174 -0.54114431
-0.80669922 5.4343467 -0.54304814
-0.95603514 5.5196009 -0.55371153
-1.2335546 5.5221534 -0.55929381
-1.37458 5.5234494 -0.56262285
-1.5173827 5.5247617 -0.56632179
-2.1105566 5.5302124 -0.58509403
-2.2654979 5.5316367 -0.59085804
-2.5851953 5.5345726 -0.60380703
-3.2727733 5.5408826 -0.63609761
-4.0456247 5.5479736 -0.67871201
-4.255918 5.5499024 -0.69131559
-4.9383788 5.5561595 -0.73478186
-5.1858301 5.5584264 -0.75141704
-5.4449024 5.560802 -0.76928425
-6.3087597 5.5726585 -0.83204067
-6.6277733 5.575582 -0.85611522
-6.9660058 5.5786791 -0.8821547
-8.120019 5.5892477 -0.97439665
-8.561142 5.593287 -1.0108353
-9.5519238 5.6023583 -1.0945891
-10.724707 5.6130943 -1.1965158
-11.214619 5.5289512 -1.2359251
-12.958632 5.6287045 -1.3965317
-15.934013 4.739243 -1.6432168
-16.043661 4.3532972 -1.6432071
-16.143946 3.9648302 -1.6431984
-16.694687 3.6752954 -1.6897333
-17.828135 3.4759929 -1.7954344
-17.97496 2.6117029 -1.7954224
-18.032684 2.1771624 -1.795418
-18.116699 1.3045093 -1.7954124
-18.1429 0.86693543 -1.795411
-18.142021 -0.88589048 -1.7954162
-18.1154 -1.3234435 -1.7954201
-18.078232 -1.7602361 -1.7954251
-18.030556 -2.1960051 -1.795431
-17.90374 -3.0634518 -1.7954459
-17.824726 -3.4946465 -1.795455
-17.735254 -3.9238179 -1.795465
-17.635508 -4.3506927 -1.7954761
-17.525488 -4.7750382 -1.7954881
-17.27494 -5.6151781 -1.7955151
-16.984228 -6.4422655 -1.7955461
-14.903876 -7.3670993 -1.6433531
-14.531367 -8.0778303 -1.6433918
-14.332382 -8.4262686 -1.6434122
-14.125068 -8.7698164 -1.6434337
-13.909482 -9.1082506 -1.6434557
-13.214736 -10.091033 -1.643527
-14.169072 -11.37144 -1.7958369
-13.890752 -11.710246 -1.7958653
-13.604306 -12.042272 -1.7958944
-13.309999 -12.367268 -1.7959242
-8.546875 -8.7469902 -1.2088362
-12.381093 -13.298411 -1.7960181
-11.387256 -14.160031 -1.7961183
-11.042421 -14.430984 -1.7961529
-10.331806 -14.944864 -1.7958968
-9.2212496 -15.649094 -1.7954353
-8.8401365 -15.865745 -1.7952859
-8.4540138 -16.073143 -1.795139
-8.0629883 -16.271166 -1.7949944
-7.6673923 -16.459702 -1.7948523
-7.2673826 -16.638641 -1.7947129
-6.8523631 -16.781338 -1.7917418
-6.4222751 -16.880999 -1.7853091
-5.9986134 -16.99032 -1.7810376
-5.5860057 -17.127489 -1.7807624
-5.1703024 -17.254869 -1.7805108
-4.7517967 -17.372393 -1.7802829
-3.9071972 -17.577642 -1.7798979
-1.7622168 -17.914686 -1.7793542
-0.89578122 -17.978374 -1.7793053
0.84142578 -17.982552 -1.7794594
1.2752148 -17.958017 -1.7795573
1.70833 -17.923218 -1.7796797
3.0013182 -17.757793 -1.7801925
4.2798338 -17.501333 -1.7809216
4.7017088 -17.395769 -1.7812121
5.5376072 -17.154928 -1.7818638
6.3615332 -16.874798 -1.7826085
7.1717186 -16.555975 -1.7834445
7.5710545 -16.382212 -1.7838961
8.7436428 -15.80474 -1.7853836
10.659092 -14.743049 -1.7982856
11.012021 -14.481785 -1.7983195
11.698408 -13.934099 -1.7983853
12.031455 -13.64796 -1.7984172
12.956055 -10.462555 -1.6460987
13.204951 -10.146988 -1.6461222
13.446172 -9.8255262 -1.6461451
13.67957 -9.4983082 -1.6461669
13.90497 -9.1654968 -1.6461881
14.122285 -8.8273859 -1.6462086
14.331367 -8.4841013 -1.6462282
14.532128 -8.1358795 -1.6462468
14.908056 -7.4253721 -1.6462817
16.066923 -7.0566568 -1.734587
16.834091 -6.913939 -1.7988695
16.996162 -6.5057392 -1.798884
17.148329 -6.0937366 -1.7988979
17.290537 -5.6781759 -1.7989106
17.544619 -4.8373523 -1.798933
17.757763 -3.9851763 -1.7989515
17.929482 -3.1237357 -1.7989661
17.999697 -2.6901543 -1.7989717
18.059443 -2.2550037 -1.7989763
18.147255 -1.3810034 -1.7989824
18.192762 -0.50378174 -1.7989842
18.199598 -0.064601436 -1.7989836
18.121006 1.6899676 -1.7989707
18.074854 2.1267669 -1.798965
18.018192 2.5623291 -1.7989581
17.659716 3.3877032 -1.7774311
16.187119 3.9235203 -1.6463743
15.97874 4.6999192 -1.6463516
15.860557 5.084115 -1.6463389
14.33038 5.369072 -1.5126666
11.036289 5.3995957 -1.2144696
9.6778021 5.3283911 -1.0920287
8.8251753 5.4296923 -1.0242226
7.1907029 5.444829 -0.89155209
6.8451853 5.4480286 -0.86476707
6.2120409 5.4538879 -0.81711149
5.6437597 5.4591489 -0.77614439
5.3801756 5.461587 -0.7578063
5.128623 5.4639149 -0.74073666
4.3684373 5.387157 -0.6855756
4.2222948 5.4717393 -0.68316746
4.0168161 5.473639 -0.67110294
3.8183398 5.4754748 -0.65983498
3.6263182 5.4772482 -0.64931118
3.4402149 5.4789696 -0.63948357
1.9643847 5.4926 -0.57659787
1.5275292 5.4966307 -0.56390935
1.2458594 5.4992285 -0.5573507
1.1073242 5.5005078 -0.55461025
0.97004879 5.5017734 -0.55221564
0.43031248 5.5067468 -0.54597801
0.29688475 5.5079761 -0.54523027
0.16375977 5.5092015 -0.54480237
0.030761719 5.5104284 -0.5446915
-0.10227539 5.5116529 -0.54489732
-0.23547851 5.5128794 -0.54542083
-0.36341795 5.4303598 -0.53796768
-0.49539062 5.4314833 -0.53910726
-0.6280371 5.432704 -0.54057592
-0.76148438 5.4339318 -0.54236913
-1.0473828 5.5204406 -0.55540615
-1.3268163 5.5230103 -0.56145781
-1.4689941 5.5243163 -0.56503141
-1.6130859 5.525641 -0.56898397
-1.7593066 5.5269847 -0.57332838
-1.9078418 5.5283508 -0.57807821
-2.058955 5.5297375 -0.5832504
-2.2128808 5.5311522 -0.58886313
-2.8623827 5.5371165 -0.61612654
-3.0347753 5.5386996 -0.62427235
-3.2119043 5.5403247 -0.63301015
-3.3941503 5.541997 -0.64237607
-3.5819726 5.5437193 -0.65240729
-3.7758789 5.5454993 -0.66315025
-3.9763865 5.547339 -0.67465162
-4.3996778 5.5512204 -0.70015538
-4.6238279 5.5532761 -0.7142846
-5.8148241 5.4804015 -0.78982186
-6.1064157 5.4830737 -0.81121945
-6.518115 5.5745749 -0.84778494
-8.4086914 5.5918908 -0.99817669
-9.3734274 5.6007237 -1.0793244
-10.511777 5.6111436 -1.1778162
-10.984014 5.5268421 -1.2154222
-11.871865 5.6187596 -1.298287
-12.669287 5.6260571 -1.3702393
-15.502216 6.0063343 -1.6433396
-15.7729 5.2510023 -1.643231
-16.111172 4.0961523 -1.6432012
-16.205254 3.70614 -1.643193
-17.881357 3.1904321 -1.7954299
-18.014385 2.323869 -1.7954195
-18.154444 0.57666504 -1.7954108
-18.163067 0.13837829 -1.7954112
-18.161142 -0.29997313 -1.7954125
-18.148613 -0.73816037 -1.7954152
-18.091932 -1.6129851 -1.7954233
-18.047812 -2.049118 -1.7954289
-17.993174 -2.4840758 -1.7954354
-17.928066 -2.9175839 -1.7954431
-17.56374 -4.6322002 -1.7954839
-17.036005 -6.3037705 -1.7955406
-15.977217 -6.8054423 -1.7165923
-14.195908 -8.6544943 -1.6434263
-13.983086 -8.9946594 -1.6434484
-13.762157 -9.3296204 -1.643471
-14.261143 -11.255676 -1.7958276
-13.701845 -11.931039 -1.7958845
-13.410136 -12.258408 -1.7959142
-13.110624 -12.578667 -1.7959445
-12.803486 -12.891628 -1.7959754
-11.837997 -13.784831 -1.796073
-11.50205 -14.066783 -1.7961068
-10.453427 -14.860693 -1.7959498
-10.090888 -15.107319 -1.7957933
-9.7225094 -15.345102 -1.7956387
-9.3486032 -15.573942 -1.7954862
-8.9692774 -15.793689 -1.7953361
-8.5848141 -16.004223 -1.7951883
-8.1954393 -16.20541 -1.7950429
-7.8013377 -16.397173 -1.7949001
-7.4027929 -16.579355 -1.7947596
-6.9944921 -16.73863 -1.7932054
-6.1370606 -16.941872 -1.7811356
-5.7255273 -17.082323 -1.7808527
-5.3108497 -17.213001 -1.780593
-4.893281 -17.333879 -1.780357
-4.4729881 -17.444828 -1.7801446
-4.0502734 -17.54582 -1.779956
-3.1984179 -17.717781 -1.7796503
-2.339541 -17.849369 -1.7794408
-1.9080371 -17.899946 -1.7793719
-1.4754688 -17.940304 -1.7793274
-1.0420703 -17.970476 -1.7793069
-0.60806638 -17.990425 -1.7793094
-0.084902339 -8.7928877 -0.86918837
0.26067382 -17.999414 -1.7793664
0.69501954 -17.988523 -1.7794318
1.128955 -17.967424 -1.7795216
1.9948633 -17.894552 -1.7797743
3.2851758 -17.708944 -1.7803351
3.71208 -17.626848 -1.78057
4.1369529 -17.534655 -1.780829
4.5596385 -17.432499 -1.7811116
4.9798536 -17.320364 -1.7814176
5.8120313 -17.066423 -1.7821004
7.0361133 -16.612417 -1.7832971
7.8334765 -16.261875 -1.7842077
8.6138182 -15.87385 -1.7852066
10.177509 -15.078928 -1.7982392
10.538642 -14.829241 -1.798274
10.893691 -14.570857 -1.798308
11.242383 -14.304004 -1.7983416
12.248301 -13.453938 -1.798438
12.569638 -13.15466 -1.7984686
12.883642 -12.847721 -1.7984986
13.190156 -12.5333 -1.7985278
13.779961 -11.882621 -1.7985837
13.121845 -10.25411 -1.6461145
13.601719 -9.6093016 -1.6461596
14.049911 -8.9420204 -1.6462017
14.261777 -8.6004639 -1.6462216
14.465332 -8.2538843 -1.6462407
14.660459 -7.9024835 -1.6462588
15.02499 -7.1860437 -1.6462926
15.723525 -7.0590868 -1.7036633
16.942627 -6.6438646 -1.7988791
17.243681 -5.8187246 -1.7989063
17.619776 -4.5561128 -1.7989398
17.819267 -3.7006824 -1.7989569
17.977198 -2.8366015 -1.7989699
18.040478 -2.401947 -1.7989748
18.135401 -1.5286942 -1.7989815
18.188057 -0.65187252 -1.7989842
18.198524 -0.21276245 -1.7989839
18.19833 0.22648071 -1.7989826
18.187569 0.66558045 -1.7989804
18.166142 1.1043286 -1.7989769
18.134169 1.5423925 -1.7989725
18.091572 1.9795593 -1.7989671
17.974892 2.8501635 -1.7989531
16.41872 3.4227624 -1.6578227
16.122274 4.1818895 -1.6463672
15.901455 4.954845 -1.6463432
14.684384 5.3657923 -1.5453707
13.676689 5.3751292 -1.4525552
11.983203 5.3908224 -1.2988411
10.611006 5.4035373 -1.1770294
9.4882421 5.4235511 -1.0802882
8.521328 5.4325061 -0.9989146
7.3121481 5.4437046 -0.90108502
6.9593844 5.44697 -0.87356269
6.6273532 5.4500437 -0.8481515
6.3139062 5.4529452 -0.82464385
6.0171776 5.4556932 -0.80285645
4.8919921 5.3817563 -0.71889794
4.6616697 5.3838854 -0.70394546
4.4410548 5.3864841 -0.69006789
4.0853124 5.4730053 -0.67508107
3.6904004 5.4766564 -0.65278131
3.3199217 5.4800806 -0.63333327
2.9700682 5.483314 -0.61640632
2.6376758 5.4863844 -0.601726
2.4771678 5.4878659 -0.59515625
2.0147948 5.492135 -0.57825208
1.433457 5.4974999 -0.5615744
1.2929296 5.4987965 -0.55835611
0.87970704 5.5026059 -0.55081689
0.60946286 5.5050964 -0.5474804
0.34185547 5.5075622 -0.54544675
-0.19051757 5.5124645 -0.54520887
-0.58321285 5.4322925 -0.54004514
-0.71636719 5.4335165 -0.54172707
-0.85041016 5.4347486 -0.54373884
-1.0008105 5.5200119 -0.55452454
-1.279248 5.522573 -0.56033665
-1.4208496 5.5238743 -0.56378424
-1.5642675 5.5251927 -0.56760788
-2.0076854 5.5292673 -0.58145833
-2.1606445 5.5306726 -0.58691883
-2.316582 5.5321054 -0.59283292
-2.6385741 5.5350623 -0.60610241
-2.8052247 5.5365915 -0.61350584
-3.1516016 5.5397706 -0.62999398
-3.3320704 5.5414267 -0.63914412
-3.5179687 5.5431323 -0.64894676
-3.9079688 5.54671 -0.67068374
-5.0176759 5.5568871 -0.74006462
-5.5264258 5.5561008 -0.77461249
-6.7356248 5.5765686 -0.86436325
-7.0805759 5.5797276 -0.89108497
-7.4477439 5.5830908 -0.92006606
-7.8398533 5.5866818 -0.9515689
-8.2600193 5.5905294 -0.98589867
-8.7119045 5.5946679 -1.0234177
-9.7289448 5.6039796 -1.1097976
-10.30539 5.6092563 -1.1597712
-10.770536 5.5297923 -1.1967525
-14.212539 5.6401792 -1.5114408
-15.729716 5.3792529 -1.643235
-15.854824 4.998054 -1.6432239
-16.174589 3.8379407 -1.6431957
-17.313057 3.6691399 -1.7493485
-17.854853 3.3358929 -1.7954321
-18.049229 2.035506 -1.7954168
-18.162977 -0.15212035 -1.7954119
-18.154013 -0.59039122 -1.7954142
-18.104473 -1.4656476 -1.7954216
-17.951162 -2.7715337 -1.7954404
-17.87916 -3.2039478 -1.7954488
-17.796719 -3.6345024 -1.7954582
-17.703936 -4.0629382 -1.7954684
-17.363974 -5.3331528 -1.7955056
-17.230371 -5.7506757 -1.7955198
-16.933125 -6.5754566 -1.7955515
-16.32579 -6.7974353 -1.7480421
-15.021718 -7.1233921 -1.6433408
-14.845625 -7.4839244 -1.6433592
-13.37711 -9.8744488 -1.6435103
-13.509414 -12.148793 -1.795904
-8.4452925 -8.7798996 -1.2041841
-11.275781 -14.249084 -1.7961296
-9.4753323 -15.497767 -1.7955374
-9.0978022 -15.720584 -1.7953864
-8.3273048 -16.138613 -1.7950916
-7.5377049 -16.51899 -1.7948066
-7.1350975 -16.691898 -1.7943608
-6.7138572 -16.818241 -1.789994
-3.7689257 -17.60725 -1.7798442
-2.9145019 -17.765829 -1.7795705
-0.75455076 -17.984837 -1.7793068
-0.15581055 -8.753191 -0.86536115
1.4162402 -17.9478 -1.7795945
3.1407812 -17.734354 -1.7802612
3.5683007 -17.655655 -1.7804881
4.4173241 -17.468063 -1.7810136
5.2568555 -17.240585 -1.7816336
5.6724706 -17.11202 -1.7819787
6.4943261 -16.825548 -1.7827383
6.9000683 -16.667812 -1.7831522
7.7001462 -16.323645 -1.784048
8.0940132 -16.137423 -1.7845291
8.8683205 -15.737131 -1.7855566
9.2483587 -15.523299 -1.7861024
10.052363 -15.158162 -1.797869
10.77461 -14.658992 -1.7982966
11.807509 -13.841872 -1.7983958
12.13831 -13.55314 -1.7984273
8.4721289 -9.0122366 -1.2227237
12.778554 -12.952098 -1.7984886
13.087617 -12.640185 -1.7985181
13.968349 -11.660812 -1.7986016
13.284277 -10.04304 -1.6461297
13.522968 -9.7196674 -1.6461523
14.19122 -8.7162771 -1.646215
14.397588 -8.3713264 -1.6462343
14.785068 -7.6670475 -1.6462703
14.965957 -7.3080974 -1.6462871
15.392138 -7.0614133 -1.6739309
16.410147 -7.0542088 -1.7656114
16.887899 -6.7815399 -1.7988744
17.046766 -6.3720703 -1.7988887
17.195713 -5.958889 -1.798902
17.463467 -5.122323 -1.798926
17.69042 -4.2737784 -1.7989459
17.876259 -3.4152257 -1.7989616
17.953485 -2.982846 -1.7989678
18.076611 -2.1131179 -1.7989775
18.122353 -1.6762731 -1.7989807
18.15753 -1.2384521 -1.7989829
18.19618 -0.36089966 -1.7989842
18.192392 0.51749879 -1.7989812
18.174561 0.95637143 -1.7989782
18.146162 1.3946807 -1.7989742
18.107159 1.8321776 -1.798969
17.021807 3.4041412 -1.7158657
16.248915 3.6594787 -1.6463811
16.15579 4.0505128 -1.6463708
16.053213 4.4391747 -1.6463597
15.820087 5.2084937 -1.6463345
13.072803 5.3807263 -1.3973815
10.073388 5.3343382 -1.1267158
8.6740818 5.4310923 -1.011605
7.8205957 5.4389954 -0.94161171
7.0759473 5.4458923 -0.88259923
6.4176755 5.4519849 -0.83237171
5.5566211 5.4599547 -0.77003402
5.29707 5.462357 -0.75211829
4.7382712 5.3831773 -0.7088744
4.5141892 5.3852501 -0.69459206
4.1546288 5.4723644 -0.67915052
3.951494 5.4742441 -0.66735131
3.7551854 5.476058 -0.6563319
3.3808692 5.4795179 -0.63642961
3.2018847 5.4811716 -0.62746108
3.0277734 5.4827795 -0.61909741
2.8581445 5.4843478 -0.61130685
2.5309277 5.4873705 -0.59731817
2.3726757 5.4888315 -0.5910694
2.2176268 5.4902625 -0.5852896
1.9160254 5.4930468 -0.57504815
1.7689648 5.4944043 -0.57055342
1.6241113 5.4957395 -0.56645608
1.3401562 5.4983592 -0.55940109
1.062539 5.5009203 -0.55379277
0.92564452 5.5021825 -0.55150986
0.65483397 5.5046787 -0.54795057
0.52055663 5.5059156 -0.54666388
0.25355467 5.5083752 -0.54505628
0.12047851 5.5096021 -0.5447312
-0.012519531 5.5108261 -0.54472363
-0.27887696 5.5132785 -0.54566091
-0.53846681 5.4318786 -0.53954971
-1.3728906 5.5234337 -0.56258035
-1.5156738 5.5247459 -0.5662747
-1.8073633 5.5274267 -0.57482886
-2.1087205 5.5301952 -0.58502799
-2.263623 5.5316195 -0.59078634
-2.4217088 5.5330701 -0.59701127
-2.583252 5.5345531 -0.60372376
-2.9179785 5.5376258 -0.61871374
-3.4546289 5.542551 -0.64556485
-5.35917 5.5599046 -0.93934309
-5.8180957 5.4803162 -0.97224605
-6.5218163 5.5744872 -1.0436277
-8.4138184 5.5917916 -1.2288806
-9.3794041 5.6006212 -1.3288466
-10.518896 5.6110387 -1.4501911
-12.214395 5.7765355 -1.6435606
-12.600156 4.8777552 -1.6435438
-12.714121 4.5722375 -1.6435336
-12.820683 4.26406 -1.6435239
-13.078476 3.6592255 -1.6519866
-14.30874 3.6334965 -1.7957797
-14.392178 3.2871141 -1.7957723
-14.467265 2.938828 -1.7957661
-14.533925 2.5888305 -1.7957605
-14.592138 2.2373273 -1.7957559
-14.683046 1.5306311 -1.7957491
-14.739756 0.82037354 -1.7957455
-14.760498 -0.24806456 -1.7957466
-14.750195 -0.60420406 -1.7957486
-14.731377 -0.95998412 -1.7957515
-14.703945 -1.3152118 -1.7957551
-14.360585 -3.4233499 -1.7957951
-14.178828 -4.1123242 -1.795815
-13.964043 -4.7917275 -1.795838
-13.286181 -6.4381537 -1.7959094
-13.12707 -6.7569757 -1.7959259
-12.516913 -6.8299093 -1.7344977
-11.535439 -7.0371051 -1.643683
-10.996504 -7.8534102 -1.6437384
-10.39997 -8.628664 -1.6437993
-10.188838 -8.8772392 -1.6438206
-9.2862396 -9.8185377 -1.643912
-9.0467281 -10.039929 -1.6439363
-8.8019533 -10.255481 -1.6439608
-9.0658588 -11.657074 -1.796339
-8.7820606 -11.872643 -1.7963676
-8.1992283 -12.282959 -1.7964261
-6.9752831 -13.012687 -1.795958
-6.6587987 -13.176378 -1.7958398
-5.9967284 -13.440763 -1.790303
-5.666904 -13.572667 -1.7891308
-5.3369236 -13.703393 -1.7888614
-5.0039649 -13.826274 -1.7886107
-4.668242 -13.941188 -1.7883791
-3.6463084 -14.237758 -1.7877996
-3.3013573 -14.320362 -1.7876452
-2.9545996 -14.394777 -1.7875104
-2.6061914 -14.460949 -1.7873951
-2.2563281 -14.51886 -1.7872996
-1.1999805 -14.642661 -1.7871313
-0.84626949 -14.667236 -1.7871146
-0.49207029 -14.683402 -1.7871181
0.92564452 -14.664204 -1.7873291
3.3802733 -14.308805 -1.7884536
3.7250879 -14.224949 -1.7886915
5.0820799 -13.808411 -1.7898271
5.4147949 -13.684245 -1.7901542
6.3944626 -13.264771 -1.7912462
6.7142086 -13.109531 -1.7916465
7.0302539 -12.946699 -1.7920644
7.954443 -12.413597 -1.7934233
8.2539549 -12.221337 -1.7939104
8.5488577 -12.021968 -1.7944139
8.8390627 -11.815596 -1.7949338
9.1243353 -11.602301 -1.7954696
8.8666115 -10.218555 -1.6456964
9.5829878 -9.5507565 -1.6457647
10.03291 -9.0774832 -1.6458076
10.459501 -8.5830288 -1.645848
11.053379 -7.8041563 -1.6459042
11.238584 -7.5352201 -1.6459216
11.417304 -7.2618899 -1.6459383
11.672764 -7.0345945 -1.6578045
13.016846 -7.0116777 -1.7984947
13.182402 -6.6955504 -1.7985101
13.340234 -6.3755369 -1.7985246
13.632529 -5.7245255 -1.7985514
13.766796 -5.393919 -1.7985636
13.893037 -5.0601425 -1.798575
14.01121 -4.7234297 -1.7985858
14.121172 -4.3839507 -1.7985955
14.222929 -4.0419192 -1.7986045
14.316386 -3.6975737 -1.7986128
14.401524 -3.3509762 -1.7986201
14.657626 -1.9472365 -1.7986412
14.700371 -1.5929501 -1.7986444
14.734541 -1.2377355 -1.7986467
14.785518 -0.16858093 -1.7986485
14.758916 0.90146178 -1.7986429
14.698164 1.6125317 -1.7986348
14.603115 2.3198376 -1.7986234
14.542851 2.6715624 -1.7986164
14.474043 3.0217278 -1.7986087
13.258124 3.4430609 -1.6662349
12.708525 4.6479039 -1.6460305
12.469257 5.2556067 -1.6460052
12.338701 5.5549402 -1.6459917
10.603271 5.4034376 -1.4476202
9.856904 5.3265696 -1.3628774
8.0848532 5.4364076 -1.1851125
7.6832418 5.4401317 -1.1451601
7.3076267 5.4436145 -1.1084373
6.3101172 5.4528599 -1.0144582
5.4644532 5.4606943 -0.93971044
5.2091208 5.4630604 -0.91821116
4.889082 5.3816772 -0.88443947
4.6588864 5.3838096 -0.866054
4.4383788 5.3864088 -0.84898978
3.6880565 5.476583 -0.80315089
2.9679883 5.4832435 -0.75842887
2.7998536 5.4847975 -0.74907619
2.6357129 5.4863133 -0.74037921
2.475244 5.4877977 -0.73230141
1.864375 5.4934397 -0.70566064
1.5739746 5.4961205 -0.69542748
1.2912304 5.4987302 -0.68706381
1.1522363 5.5000119 -0.68354839
1.0145702 5.5012817 -0.68046421
0.60785156 5.5050306 -0.67370534
0.34025389 5.5074973 -0.67121232
0.20705077 5.5087242 -0.67055738
0.074023433 5.5099497 -0.67029393
-0.058984373 5.5111742 -0.67042083
-0.1920996 5.5123997 -0.67093855
-0.32058594 5.4298863 -0.66164452
-0.58479494 5.4322267 -0.66459668
-0.71794921 5.4334521 -0.66667259
-1.0024414 5.5199451 -0.68243092
-1.1409472 5.5212193 -0.68579334
-1.5659765 5.5251255 -0.69855183
-1.8592089 5.5278187 -0.70942044
-2.1624413 5.5306029 -0.72234142
-2.3184278 5.5320349 -0.72962469
-2.4776757 5.5334959 -0.73749161
-2.6405077 5.5349913 -0.74596882
-2.8072166 5.5365195 -0.75508869
-3.153662 5.5396972 -0.77539414
-3.5201464 5.5430579 -0.79873502
-4.1156249 5.5485144 -0.84032863
-4.3285642 5.5504675 -0.85619956
-5.0205173 5.5568042 -0.91095638
-5.2717576 5.5591049 -0.93192363
-5.5264649 5.552927 -0.95297956
-5.7230954 5.4794469 -0.96379292
-6.4141893 5.5735006 -1.0336324
-6.7394629 5.5764771 -1.0640458
-7.0846386 5.5796347 -1.0969617
-9.2056446 5.5990329 -1.3106428
-10.312284 5.609149 -1.4279565
-12.436298 5.2818713 -1.6435587
-12.560029 4.9801769 -1.6435475
-12.785557 4.3682995 -1.643527
-12.887187 4.0584483 -1.643518
-12.981298 3.7462499 -1.6435096
-13.871201 3.6428447 -1.7445343
-14.442861 3.0565131 -1.7957681
-14.512383 2.7070739 -1.7957623
-14.670088 1.6501135 -1.7957499
-14.705625 1.2956085 -1.7957475
-14.750996 0.58453977 -1.795745
-14.738701 -0.8400256 -1.7957504
-14.639404 -1.9040527 -1.7957633
-14.589257 -2.2567892 -1.7957692
-14.530585 -2.6082129 -1.795776
-14.111289 -4.3385668 -1.7958221
-14.002598 -4.6778722 -1.7958338
-13.885703 -5.0144606 -1.7958463
-13.760752 -5.3481464 -1.7958595
-13.486904 -6.0059824 -1.7958883
-13.18168 -6.6498508 -1.7959203
-12.751758 -6.8239155 -1.7592829
-12.07417 -6.841156 -1.6880935
-11.421494 -7.2207427 -1.6436948
-11.060029 -7.7635932 -1.6437318
-10.469824 -8.5436621 -1.643792
-10.045664 -9.0391388 -1.6438351
-9.5980759 -9.5135908 -1.6438806
-8.4432421 -8.7828445 -1.4819665
-9.1281252 -9.9658928 -1.6439281
-9.4371481 -11.358211 -1.7963017
-9.16043 -11.582827 -1.7963296
-8.5911617 -12.011716 -1.7963867
-7.081162 -12.955778 -1.7959985
-6.765996 -13.122019 -1.7958795
-5.7775292 -13.526799 -1.7892261
-5.4485645 -13.660173 -1.7889502
-4.4443359 -14.012946 -1.788236
-4.104404 -14.114554 -1.7880363
-3.7622266 -14.208054 -1.7878561
-3.4179394 -14.29342 -1.7876952
-2.7238965 -14.439571 -1.7874317
-2.0237792 -14.552661 -1.7872472
-0.96566403 -14.659883 -1.7871182
-0.61160153 -14.678891 -1.7871146
1.1600976 -14.648061 -1.7873945
1.5133398 -14.61674 -1.7875096
2.217207 -14.529042 -1.7877985
2.9162598 -14.408092 -1.7881655
3.2635057 -14.335234 -1.7883776
3.6089647 -14.254146 -1.7886091
3.9524901 -14.16488 -1.7888597
4.6327734 -13.962015 -1.7894173
5.6336718 -13.597618 -1.7903813
6.2858105 -13.315416 -1.7911153
6.9240818 -13.002463 -1.7919215
8.7417288 -11.885983 -1.7947565
9.0286818 -11.675011 -1.7952871
9.0291204 -10.075575 -1.6457119
8.4731932 -9.0081415 -1.504367
9.5048828 -9.6284046 -1.6457574
10.176904 -8.9159355 -1.6458213
10.989414 -7.8938437 -1.6458981
11.176855 -7.6264286 -1.6459157
12.789141 -7.0239387 -1.774874
13.440586 -6.1614103 -1.7985339
13.585429 -5.8353 -1.7985471
13.722392 -5.5057936 -1.7985597
13.851386 -5.1730781 -1.7985712
14.08501 -4.4987607 -1.7985923
14.189511 -4.1575627 -1.7986016
14.285781 -3.8139477 -1.7986101
14.37374 -3.4681015 -1.7986177
14.453291 -3.1202068 -1.7986245
14.524414 -2.7705436 -1.7986305
14.686904 -1.7125692 -1.7986434
14.723994 -1.3576471 -1.7986459
14.783642 -0.28894898 -1.7986486
14.786288 0.067904048 -1.7986479
14.765791 0.781286 -1.7986439
14.742598 1.1373858 -1.7986406
14.71082 1.4928265 -1.7986364
14.670459 1.8473926 -1.7986314
14.621572 2.200882 -1.7986256
14.56412 2.5530815 -1.7986189
14.423847 3.2528191 -1.7986031
13.6679 3.4309473 -1.7141658
12.950546 3.9240661 -1.6460565
12.852021 4.2354198 -1.6460458
12.745976 4.5443006 -1.6460345
12.632509 4.8505454 -1.6460224
12.51168 5.1539426 -1.6460098
8.6683788 5.4309974 -1.2442966
6.4137988 5.4518995 -1.0239598
5.5533204 5.4598727 -0.94731683
4.7354589 5.3830991 -0.87211096
4.5114746 5.3851733 -0.85455632
4.3249216 5.4231739 -0.84377295
3.7528124 5.4759836 -0.80751777
3.199707 5.481101 -0.77201927
3.0256641 5.4827099 -0.76173621
2.8560936 5.4842772 -0.75215614
2.3707714 5.4887633 -0.72727668
2.2157519 5.4901938 -0.72016931
1.9142187 5.492981 -0.70758003
1.7671875 5.4943371 -0.70205522
1.622373 5.4956737 -0.69701862
1.338457 5.4982934 -0.68834805
1.1989551 5.4995813 -0.68468565
1.0608691 5.5008545 -0.68145764
0.65320313 5.5046129 -0.67428249
0.51896483 5.5058508 -0.67270344
0.25195312 5.5083103 -0.670735
-0.014101562 5.5107603 -0.67033476
-0.14717773 5.5119872 -0.67071974
-0.28047851 5.5132141 -0.67149758
-0.54004884 5.4318161 -0.6639868
-0.67294919 5.4330368 -0.66592872
-0.80667967 5.4342675 -0.66827095
-1.0940722 5.5207887 -0.68461132
-1.3745605 5.5233665 -0.6923579
-1.6621386 5.5260096 -0.70193535
-1.8091112 5.5273571 -0.70744801
-2.2654588 5.531549 -0.72710484
-2.5851562 5.5344834 -0.74303937
-2.7505176 5.5360007 -0.75193816
-2.9199901 5.5375562 -0.76150221
-3.0939159 5.5391493 -0.77176696
-3.2727149 5.5407896 -0.78277427
-3.4567871 5.5424767 -0.79456985
-3.6466112 5.5442176 -0.80720365
-3.8426757 5.5460129 -0.82073134
-4.0455565 5.5478735 -0.83521527
-5.9113278 5.4811692 -0.98060399
-6.3086133 5.5725341 -1.023895
-6.6276269 5.5754552 -1.0535218
-6.9658494 5.5785499 -1.0855633
-7.7091599 5.5853477 -1.1580037
-9.036582 5.5974865 -1.2930167
-9.55165 5.6021957 -1.3469732
-12.519111 5.0822763 -1.6435511
-12.638037 4.7786546 -1.6435405
-12.74959 4.4722438 -1.6435302
-12.95038 3.8518224 -1.6435124
-14.489902 2.8251233 -1.7957641
-14.553779 2.4746184 -1.795759
-14.609248 2.1226768 -1.7957546
-14.656191 1.7695037 -1.7957509
-14.69459 1.4152826 -1.7957481
-14.745723 0.7046057 -1.7957453
-14.758456 0.34855711 -1.795745
-14.762568 -0.007703247 -1.7957456
-14.758105 -0.36395934 -1.795747
-14.745028 -0.72001892 -1.7957494
-14.723389 -1.0756415 -1.7957525
-14.607119 -2.1379426 -1.7957671
-14.487041 -2.8402789 -1.7957809
-14.414365 -3.1890891 -1.795789
-14.333281 -3.5360289 -1.7957979
-14.040166 -4.5637188 -1.7958299
-13.803808 -5.2359185 -1.795855
-13.673554 -5.5675788 -1.7958688
-13.235292 -6.542304 -1.7959145
-11.654277 -6.8517542 -1.6444983
-11.479863 -7.1274905 -1.6436888
-10.739922 -8.2012129 -1.6437646
-10.331933 -8.7100973 -1.6438061
-10.118848 -8.9570198 -1.6438278
-9.8998928 -9.1987219 -1.6438501
-9.6751461 -9.4350843 -1.6438727
-9.2089062 -9.8912029 -1.6439199
-8.9676561 -10.110706 -1.6439443
-8.7211714 -10.324336 -1.6439691
-8.1024609 -12.346848 -1.796409
-7.4962497 -12.721667 -1.7961606
-6.8727441 -13.066796 -1.7959194
-6.5549998 -13.227983 -1.7958018
-5.8877735 -13.480042 -1.7893232
-5.5598826 -13.616059 -1.789041
-4.5584474 -13.976872 -1.7883078
-4.2193456 -14.081166 -1.7881017
-3.8778906 -14.177414 -1.7879148
-3.5343163 -14.265539 -1.7877471
-2.1422167 -14.535925 -1.7872728
-0.73108399 -14.673414 -1.7871137
-0.013359374 -8.8178034 -1.0726132
0.3323535 -14.68859 -1.7872022
1.3942871 -14.62824 -1.7874686
1.7470019 -14.591376 -1.7875967
2.4494531 -14.492651 -1.7879115
4.178906 -14.10124 -1.789036
4.5187106 -13.9985 -1.7893181
4.8560252 -13.887692 -1.7896169
5.1906443 -13.76888 -1.7899314
5.5224314 -13.642156 -1.7902646
6.4988766 -13.21509 -1.7913744
8.0523729 -12.351842 -1.7935798
8.9324312 -11.746941 -1.7951063
9.6577244 -9.4752569 -1.6457719
10.103926 -8.9984674 -1.6458143
10.318261 -8.7521076 -1.6458346
10.728799 -8.244256 -1.6458735
10.924717 -7.9830365 -1.645892
11.114316 -7.7171593 -1.6459098
11.297461 -7.4467483 -1.6459271
11.474023 -7.1720152 -1.6459435
12.550127 -7.026258 -1.7495848
13.389902 -6.2706165 -1.7985291
13.932373 -4.9509268 -1.7985786
14.04788 -4.6132932 -1.798589
14.254248 -3.9301424 -1.7986073
14.34501 -3.5849838 -1.7986152
14.566943 -2.5379007 -1.7986341
14.623964 -2.1856306 -1.7986386
14.67247 -1.8320874 -1.7986423
14.712421 -1.4774755 -1.7986451
14.780801 -0.40929809 -1.7986488
14.786357 -0.052485961 -1.7986484
14.77165 0.6610254 -1.7986448
14.751367 1.0173041 -1.7986418
14.72248 1.3730206 -1.7986379
14.521406 2.7856724 -1.798614
14.101913 3.4180975 -1.7650504
13.070557 3.5041285 -1.6460694
12.886093 4.1306505 -1.6460495
12.782558 4.4403882 -1.6460385
12.671611 4.7475314 -1.6460266
12.553262 5.0519042 -1.6460141
12.427597 5.3533287 -1.646001
12.294805 5.6517148 -1.6460035
9.6775093 5.3282337 -1.3438184
8.3721285 5.433744 -1.2140903
7.9511523 5.4376478 -1.1717368
7.190527 5.4446998 -1.0971276
6.8450294 5.4479027 -1.0641667
5.9204884 5.456471 -0.97938514
5.6436329 5.4590354 -0.95511258
5.3800683 5.4614782 -0.9325456
4.2222166 5.4716406 -0.8406986
3.6262598 5.4771557 -0.79903442
3.440166 5.4788771 -0.78694183
3.0838671 5.4821701 -0.76512462
2.9128125 5.4837546 -0.75531125
2.7460058 5.4852953 -0.74617606
2.1146581 5.4911289 -0.71576345
1.6709961 5.4952259 -0.69866437
1.5275097 5.4965501 -0.69394189
1.3858496 5.4978561 -0.68968266
1.1073047 5.5004258 -0.68249863
0.69865233 5.5041943 -0.67490602
0.56416988 5.5054331 -0.67319143
0.16375977 5.5091233 -0.67042905
-0.23546875 5.5127988 -0.6711911
-0.49538085 5.4314027 -0.66342109
-0.89586914 5.4350877 -0.67004806
-1.0473633 5.5203576 -0.68347853
-1.3267969 5.5229273 -0.69092572
-1.4689844 5.5242343 -0.69532311
-1.7592773 5.5269003 -0.70553231
-2.0589256 5.5296531 -0.7177428
-3.7758105 5.5454016 -0.8160643
-4.1840329 5.5491419 -0.84537315
-4.6237402 5.5531712 -0.87898916
-4.8572459 5.5553088 -0.89762622
-5.100996 5.5575399 -0.91761464
-6.5179782 5.5744519 -1.04327
-8.4084663 5.591743 -1.2283361
-8.8719625 5.5959811 -1.2759391
-10.511445 5.6109705 -1.4493871
-10.983652 5.52666 -1.4956629
-12.212744 5.7800512 -1.6435624
-12.34873 5.4836645 -1.6435667
-12.477353 5.1840281 -1.6435549
-12.59874 4.8813868 -1.643544
-12.819472 4.267755 -1.6435242
-14.39124 3.2912779 -1.7957726
-14.466406 2.9430151 -1.7957661
-14.641308 1.8887378 -1.795752
-14.682597 1.534856 -1.7957491
-14.739511 0.82462215 -1.7957455
-14.760556 -0.24380615 -1.7957466
-14.7504 -0.59994203 -1.7957486
-14.73165 -0.95573056 -1.7957515
-14.704335 -1.3109624 -1.7957551
-14.668457 -1.665436 -1.7957597
-14.624013 -2.0189443 -1.795765
-14.439804 -3.0716341 -1.7957863
-14.361523 -3.4192162 -1.795795
-13.845957 -5.1233587 -1.7958505
-13.129043 -6.7531791 -1.7959257
-12.525146 -6.8296995 -1.7353637
-11.537471 -7.0337811 -1.6436828
-11.364491 -7.3102374 -1.6437007
-11.184893 -7.5824375 -1.6437192
-10.99877 -7.8502359 -1.643738
-10.60745 -8.371995 -1.6437781
-10.402461 -8.6256628 -1.6437989
-9.7516108 -9.3559542 -1.643865
-9.0692482 -11.654467 -1.7963388
-8.4966116 -12.078876 -1.7963961
-8.2027636 -12.280599 -1.7964256
-7.9036036 -12.474284 -1.7963258
-6.6626072 -13.174465 -1.7958413
-6.3410449 -13.32785 -1.7953622
-5.6708689 -13.571052 -1.7891341
-5.3408689 -13.701885 -1.7888644
-5.0079589 -13.824863 -1.7886136
-4.6722751 -13.939865 -1.7883818
-4.3339844 -14.046886 -1.788169
-3.99333 -14.145867 -1.7879755
-2.6103613 -14.46021 -1.7873963
-1.2042383 -14.642321 -1.7871317
-0.08475586 -8.7779045 -1.0678095
3.0294335 -14.385298 -1.7882322
3.3761132 -14.309749 -1.7884508
4.4043555 -14.034055 -1.7892208
7.0265036 -12.948684 -1.7920594
7.6468945 -12.600812 -1.7929476
8.5453615 -12.024406 -1.7944076
8.8356342 -11.818091 -1.7949275
9.120986 -11.604878 -1.7954632
8.8636522 -10.221106 -1.645696
10.030302 -9.0803747 -1.6458073
10.246621 -8.8357782 -1.6458279
10.661289 -8.3312893 -1.6458671
11.051113 -7.8073545 -1.6459039
11.236435 -7.5384507 -1.6459212
13.014843 -7.0154276 -1.7984946
13.180429 -6.699358 -1.79851
13.338388 -6.3793888 -1.7985244
13.630878 -5.7284594 -1.7985513
13.765234 -5.3978868 -1.7985635
13.891582 -5.0641656 -1.7985749
14.009833 -4.7274885 -1.7985857
14.119892 -4.388041 -1.7985954
14.315331 -3.7016509 -1.7986126
14.400547 -3.3550577 -1.79862
14.605654 -2.304606 -1.798637
14.657061 -1.9514716 -1.7986412
14.759892 -0.88606137 -1.7986482
14.776973 -0.52961487 -1.7986488
14.785459 -0.17285766 -1.7986485
14.776552 0.54075319 -1.7986456
14.75917 0.89721739 -1.7986429
14.733183 1.2531255 -1.7986393
14.698632 1.6083038 -1.7986349
14.603808 2.3156297 -1.7986234
14.474941 3.01755 -1.7986088
14.397861 3.3659723 -1.7986001
13.012783 3.7127049 -1.6460632
12.709883 4.6442308 -1.6460307
12.593984 4.9495544 -1.6460184
11.262979 5.3973169 -1.5192366
10.610683 5.403368 -1.4484195
9.8635931 5.3265085 -1.3635916
9.4879684 5.4233961 -1.3293756
8.9856052 5.4280539 -1.2769766
8.5211029 5.432363 -1.2292407
8.0898237 5.4363623 -1.1856117
7.3119822 5.443573 -1.1088589
6.0170603 5.4555759 -0.9879815
5.7354684 5.4581861 -0.96310133
5.4675684 5.4606662 -0.93997616
5.2120895 5.4630332 -0.91845846
4.0852342 5.4729075 -0.83074665
3.3198729 5.4799891 -0.77937454
3.1425683 5.4816294 -0.76859409
2.8018162 5.4847789 -0.74918401
2.6376464 5.4862962 -0.74047828
2.4771287 5.4877806 -0.73239422
2.3199999 5.4892306 -0.72490317
1.7198437 5.4947739 -0.70036381
1.5756836 5.4961047 -0.69548315
0.87968749 5.5025253 -0.6778304
0.34184569 5.5074816 -0.67122281
0.20864257 5.5087094 -0.67056334
0.075605467 5.5099354 -0.67029488
-0.19051757 5.5123854 -0.67093033
-0.31901366 5.4298716 -0.66163093
-0.45081055 5.4309936 -0.66290075
-0.71635741 5.4334373 -0.66664588
-1.2792284 5.52249 -0.68954557
-2.0076463 5.529182 -0.71553671
-2.3165429 5.5320177 -0.72953427
-2.6385252 5.5349731 -0.74586332
-2.8051856 5.5365014 -0.75497466
-3.1515429 5.5396776 -0.77526373
-3.3320117 5.5413327 -0.78652412
-4.5471191 5.5524683 -0.87298971
-4.7773829 5.5545774 -0.89119411
-5.0175681 5.556777 -0.91071516
-5.5264454 5.5561156 -0.95325065
-5.7197556 5.4794149 -0.96349609
-6.4104295 5.5734668 -1.0332845
-6.7354784 5.5764403 -1.0636691
-7.0804005 5.579597 -1.0965546
-7.8396583 5.5865417 -1.1709801
-8.7116604 5.5945163 -1.2593925
-9.1995697 5.598978 -1.3100071
-9.728652 5.6038132 -1.3656881
-10.305078 5.6090832 -1.4271812
-12.165684 5.8795042 -1.6436172
-12.558633 4.9837999 -1.6435477
-12.675137 4.6792469 -1.643537
-12.886025 4.0621691 -1.643518
-14.363964 3.408319 -1.7957748
-14.572773 2.3602672 -1.7957574
-14.669619 1.6543652 -1.7957499
-14.705244 1.2998687 -1.7957475
-14.732324 0.94458616 -1.7957458
-14.760732 0.23264281 -1.795745
-14.738935 -0.83576596 -1.7957504
-14.714482 -1.1912152 -1.7957537
-14.589902 -2.2525742 -1.7957692
-14.531338 -2.604017 -1.7957759
-14.212939 -3.9926555 -1.7958112
-14.003916 -4.6738462 -1.7958337
-13.339971 -6.3259068 -1.7959037
-11.594501 -6.9395804 -1.643677
-11.062275 -7.7604122 -1.6437316
-10.871894 -8.0252028 -1.643751
-10.675205 -8.2853355 -1.6437712
-10.472285 -8.5406532 -1.6437918
-10.048262 -9.0362406 -1.6438349
-9.8274117 -9.2762146 -1.6438574
-9.6008301 -9.5108156 -1.6438802
-8.4446383 -8.7792282 -1.4817687
-9.4404097 -11.355482 -1.7963014
-9.1637793 -11.580175 -1.7963291
-8.0050678 -12.409804 -1.7963681
-7.7027144 -12.598513 -1.7962435
-6.7698045 -13.120078 -1.795881
-6.4507809 -13.278767 -1.795764
-5.452529 -13.658626 -1.7889533
-5.1205955 -13.784236 -1.7886961
-3.7663281 -14.206977 -1.7878581
-2.7280469 -14.438801 -1.7874331
-2.3787012 -14.499573 -1.7873307
-1.6761523 -14.596276 -1.7871851
-1.3233984 -14.632125 -1.7871417
-0.96990234 -14.659609 -1.7871183
-0.61584961 -14.678718 -1.7871146
-0.1555371 -8.7383432 -1.0631161
0.44770506 -14.685686 -1.7872225
0.80200195 -14.67123 -1.7872981
1.5091504 -14.617168 -1.787508
2.2130175 -14.529668 -1.7877966
2.5632813 -14.473442 -1.7879701
2.9121094 -14.408918 -1.7881629
3.2593846 -14.336155 -1.788375
3.9483593 -14.166002 -1.7888565
4.2897263 -14.068713 -1.7891258
4.9651856 -13.849918 -1.7897172
5.2989259 -13.728505 -1.7900378
6.6029391 -13.164607 -1.7915046
6.9203124 -13.004427 -1.7919165
7.5434179 -12.661557 -1.792793
8.7382517 -11.888478 -1.7947503
9.0261908 -10.078154 -1.6457117
8.4716206 -9.0116901 -1.5045583
9.731885 -9.3991728 -1.6457789
10.174316 -8.9188776 -1.6458211
10.386719 -8.6708508 -1.6458411
10.593057 -8.4177713 -1.6458607
10.793252 -8.1597815 -1.6458796
11.174619 -7.6296692 -1.6459155
12.091797 -7.0306492 -1.7014245
12.780566 -7.0240221 -1.7739661
13.125439 -6.8064103 -1.7985047
13.849873 -5.1770744 -1.7985711
14.1883 -4.1616697 -1.7986015
14.284687 -3.8180819 -1.7986099
14.523623 -2.7747171 -1.7986304
14.586396 -2.4234283 -1.7986355
14.640683 -2.0707216 -1.7986398
14.786327 0.063636474 -1.7986479
14.780468 0.42044494 -1.7986463
14.74292 1.1331158 -1.7986406
14.670986 1.8431696 -1.7986314
14.622188 2.196676 -1.7986256
14.564873 2.5488935 -1.798619
14.424775 3.2486565 -1.7986032
13.682841 3.4305053 -1.7159181
13.042626 3.6066558 -1.6460664
12.951709 3.920332 -1.6460565
12.853251 4.2317114 -1.6460459
12.513184 5.1503196 -1.6460099
11.497754 5.3951368 -1.5449249
9.5679979 5.3662767 -1.3344222
8.6738472 5.4309459 -1.2448585
7.8204098 5.4388599 -1.1587287
6.7370114 5.4489036 -1.0539938
6.4175291 5.4518652 -1.0243026
6.1153903 5.4546642 -0.99680233
5.8288865 5.4573178 -0.97129184
4.5141015 5.385149 -0.8547563
3.755127 5.4759617 -0.80767375
3.5650878 5.4777222 -0.79500812
3.3808007 5.479425 -0.7831825
2.2175977 5.4901781 -0.72025132
1.9159863 5.4929624 -0.7076484
1.7689356 5.4943213 -0.70211792
1.6240917 5.4956579 -0.69707602
1.3401366 5.4982786 -0.68839443
1.2006249 5.4995651 -0.68472701
0.92563474 5.5021019 -0.67868465
0.78978515 5.5033545 -0.67628992
0.52055663 5.505836 -0.67271966
0.25354493 5.508296 -0.67074233
0.12046875 5.5095215 -0.67034215
-0.012519531 5.510747 -0.67033261
-0.14558594 5.51197 -0.67071301
-0.40629882 5.430675 -0.66243649
-0.53846681 5.4318004 -0.66396606
-1.0924121 5.5207725 -0.68457007
-1.2318456 5.5220556 -0.68821579
-1.372871 5.5233507 -0.69230574
-1.9566797 5.5287147 -0.71339059
-2.1086817 5.5301085 -0.71993017
-2.2635839 5.5315318 -0.72701603
-2.42167 5.5329819 -0.73467672
-2.5832129 5.5344663 -0.74293625
-2.9179296 5.5375366 -0.76138288
-3.0918067 5.5391307 -0.77163911
-3.2705371 5.5407691 -0.78263789
-3.4545605 5.5424562 -0.79442525
-5.1038961 5.557457 -1.0907897
-5.3590622 5.5597925 -1.1163143
-5.5450683 5.4816442 -1.1271731
-5.8179688 5.4801989 -1.1554165
-6.5216699 5.5743604 -1.2402447
-6.8534079 5.5773926 -1.2773569
-7.2058201 5.5806112 -1.317547
-8.4135838 5.5916443 -1.4603921
-8.87749 5.5958786 -1.5170246
-10.032734 5.3516846 -1.6437947
-10.158896 5.1079783 -1.643783
-10.27912 4.8612986 -1.6437719
-10.393378 4.6117859 -1.6437614
-10.501611 4.3596044 -1.6437515
-10.603672 4.1048813 -1.6437422
-10.699599 3.8477771 -1.6437335
-10.927392 3.6343658 -1.664765
-11.825889 3.6186736 -1.7878212
-11.964307 3.347501 -1.7960107
-12.175019 2.4731884 -1.7959925
-12.231123 2.1786468 -1.795988
-12.280117 1.8828399 -1.795984
-12.321953 1.585935 -1.7959808
-12.356621 1.2881145 -1.7959782
-12.384111 0.98954099 -1.7959764
-12.404365 0.69039184 -1.7959753
-12.417421 0.39084533 -1.7959749
-12.421806 -0.20875914 -1.795976
-12.397285 -0.80788207 -1.7959803
-12.374208 -1.1068292 -1.7959834
-12.306445 -1.7026138 -1.7959918
-12.261826 -1.9991125 -1.7959971
-12.085185 -2.8809378 -1.7960169
-11.932217 -3.4607348 -1.7960337
-11.845303 -3.7476966 -1.796043
-11.751484 -4.0324845 -1.7960532
-11.543359 -4.5948601 -1.7960751
-10.759961 -6.2128057 -1.7961569
-10.447861 -6.7248578 -1.796189
-10.090068 -6.8444834 -1.7625695
-9.6024704 -6.857811 -1.705815
-9.144824 -6.870162 -1.6534936
-8.9244823 -7.0478888 -1.6439395
-8.751894 -7.2612877 -1.6439571
-8.3915424 -7.6752806 -1.6439936
-8.2039452 -7.8756518 -1.6440127
-7.81458 -8.262516 -1.644052
-7.6130176 -8.4488087 -1.6440724
-7.4069824 -8.6301746 -1.6440933
-7.19665 -8.8065262 -1.6441144
-6.9821386 -8.9777498 -1.644136
-6.7635446 -9.1437588 -1.6441579
-6.5410056 -9.3044405 -1.6441803
-6.0845995 -9.6094723 -1.6442258
-5.6140137 -9.8921547 -1.644273
-4.8839746 -10.272818 -1.6443458
-5.0576954 -11.336072 -1.7944731
-4.5036621 -11.56387 -1.794001
-4.2227736 -11.667798 -1.7937889
-3.9395409 -11.76503 -1.7935929
-3.3666308 -11.939117 -1.7932496
-3.0772948 -12.015904 -1.7931024
-2.7862108 -12.085783 -1.7929717
-2.4936035 -12.148731 -1.7928576
-2.1995897 -12.204709 -1.7927601
-1.9043261 -12.253686 -1.7926791
-1.607998 -12.295615 -1.7926151
-1.0127734 -12.358356 -1.7925367
-0.71425778 -12.379104 -1.7925227
-0.082099609 -8.7642918 -1.2670388
0.78124022 -12.376316 -1.7927041
1.0797266 -12.354444 -1.7927905
2.2661817 -12.196328 -1.7933019
2.5600781 -12.139227 -1.7934709
2.8525879 -12.075166 -1.793656
3.1435254 -12.004143 -1.7938573
3.4327245 -11.926243 -1.7940748
4.2882519 -11.651516 -1.7948223
4.6933203 -10.368427 -1.6452868
5.1883397 -10.130187 -1.6453347
5.4313378 -10.002168 -1.6453582
7.0364256 -8.9473763 -1.6455128
7.2504101 -8.7750769 -1.6455334
7.6655564 -8.415226 -1.6455731
7.8664942 -8.2278805 -1.6455923
8.2545309 -7.8389139 -1.6456293
8.4413862 -7.6375098 -1.645647
8.8002443 -7.2214561 -1.6456811
8.9821777 -7.0149584 -1.6475538
9.4366207 -7.0099258 -1.6993785
10.331816 -6.9272466 -1.7982306
10.951806 -5.8993063 -1.7982887
11.223818 -5.3640661 -1.7983139
11.350068 -5.0916843 -1.7983254
11.582665 -4.5381665 -1.7983466
11.688877 -4.2573471 -1.7983563
11.788281 -3.9740405 -1.7983651
11.880791 -3.6884222 -1.7983736
12.045019 -3.110898 -1.7983879
12.11664 -2.8193276 -1.7983941
12.238613 -2.2314148 -1.7984043
12.288936 -1.9354221 -1.7984085
12.368047 -1.3402184 -1.7984145
12.396807 -1.0413617 -1.7984164
12.41834 -0.74189758 -1.7984176
12.432617 -0.44199523 -1.7984183
12.439677 -0.14183411 -1.798418
12.417315 0.75843811 -1.7984132
12.3662 1.3566912 -1.7984065
12.177695 2.5423193 -1.7983845
12.112763 2.8354418 -1.7983774
12.040742 3.1269097 -1.7983694
11.961728 3.4165521 -1.7983607
11.086074 3.4578955 -1.6787732
10.692344 3.9105186 -1.6458346
10.594775 4.1673889 -1.6458242
10.491045 4.4218187 -1.6458132
10.38121 4.6736693 -1.6458018
10.015693 5.4122949 -1.6457639
7.3074412 5.4434824 -1.3172612
6.9549704 5.446754 -1.2770532
6.6231737 5.4498339 -1.2399262
6.3099804 5.4527402 -1.20558
6.0134959 5.455492 -1.1737524
5.4643455 5.4605832 -1.1167525
4.8889842 5.3815722 -1.0510635
4.6587892 5.383707 -1.0292176
4.2906055 5.4709058 -1.0050926
4.0827146 5.4728317 -0.98705244
3.8820508 5.47469 -0.97020465
3.5000293 5.4782276 -0.93977207
3.3176465 5.479917 -0.92605281
3.1404297 5.4815564 -0.91325277
2.635664 5.4862266 -0.87986928
2.3181055 5.4891615 -0.86137593
2.0129492 5.4919825 -0.84557384
1.8643457 5.4933558 -0.83861196
1.7180761 5.4947071 -0.83224422
1.4317285 5.4973512 -0.8212117
1.2912109 5.4986472 -0.81651068
1.1522168 5.4999304 -0.81233394
0.60784179 5.50495 -0.80063605
-0.058974609 5.5110936 -0.79673249
-0.32057616 5.4298058 -0.78630322
-0.4523828 5.4309278 -0.78781742
-0.58478516 5.432147 -0.78981167
-0.85200191 5.4346056 -0.7952264
-1.0024219 5.5198631 -0.81100661
-1.1409277 5.5211377 -0.81500214
-1.2808887 5.5224228 -0.81951755
-1.5659375 5.5250425 -0.83016396
-1.7114356 5.5263767 -0.83632833
-2.0094335 5.5291123 -0.85044003
-2.1624122 5.5305176 -0.85843456
-2.6404588 5.5349011 -0.88651252
-3.1536036 5.5396056 -0.92148167
-3.3341308 5.5412583 -0.9348731
-3.5200877 5.5429626 -0.94922042
-4.3284764 5.5503626 -1.0175099
-4.7801075 5.5544944 -1.0593635
-5.0204196 5.556694 -1.0825803
-5.2716599 5.5589929 -1.1074984
-5.5264845 5.552949 -1.1325481
-5.7229786 5.479331 -1.1453705
-6.0095606 5.4819508 -1.1759008
-6.4140625 5.5733762 -1.2283674
-7.4519043 5.5828586 -1.3460455
-7.844316 5.5864439 -1.3921597
-8.2647943 5.5902843 -1.4424155
-9.9888573 5.4332032 -1.6437988
-10.239238 4.9448252 -1.6437756
-10.569931 4.1910801 -1.6437452
-10.759706 3.6761565 -1.6437281
-11.508408 3.6242375 -1.7442275
-11.936699 3.444787 -1.7960131
-12.088916 2.8648059 -1.7959999
-12.212988 2.2781541 -1.7959894
-12.345722 1.388667 -1.795979
-12.375634 1.0903295 -1.7959769
-12.39833 0.79135251 -1.7959754
-12.42209 0.19220215 -1.795975
-12.423096 -0.10762268 -1.7959758
-12.403447 -0.70692933 -1.7959794
-12.382812 -1.0060523 -1.7959824
-12.319902 -1.6023687 -1.7959902
-12.228291 -2.1949573 -1.796001
-12.171816 -2.4894328 -1.7960074
-12.108252 -2.7824581 -1.7960143
-12.037607 -3.0738571 -1.7960222
-11.96 -3.3634748 -1.7960306
-11.783887 -3.936672 -1.7960496
-11.580351 -4.5007324 -1.7960713
-11.468428 -4.7789116 -1.796083
-11.349863 -5.0543137 -1.7960955
-11.224677 -5.3267813 -1.7961087
-11.09293 -5.5961447 -1.7961224
-10.954736 -5.8622637 -1.7961367
-10.810165 -6.1249795 -1.7961516
-10.502226 -6.6395702 -1.7961835
-9.7634277 -6.8534298 -1.7244369
-8.9815235 -6.9749694 -1.6439337
-8.6347265 -7.400383 -1.6439691
-7.8815527 -8.1985922 -1.6440454
-7.4769626 -8.5695467 -1.6440861
-7.268086 -8.747611 -1.6441072
-6.6164842 -9.2508335 -1.6441727
-6.3914256 -9.407939 -1.6441952
-6.1625977 -9.5595675 -1.6442181
-5.6942773 -9.8460779 -1.6442649
-5.2127442 -10.109653 -1.644313
-4.7190332 -10.349714 -1.6443623
-4.8753223 -11.414461 -1.7943096
-4.5978317 -11.527297 -1.7940762
-4.3177829 -11.633485 -1.7938588
-4.0353317 -11.732986 -1.7936572
-3.4638476 -11.911674 -1.7933029
-2.8845994 -12.062989 -1.793014
-2.2988672 -12.186608 -1.7927911
-2.0040233 -12.237939 -1.7927046
-1.708037 -12.282263 -1.7926348
-1.4111035 -12.319541 -1.7925816
-0.81501949 -12.372896 -1.7925256
-0.51619142 -12.388943 -1.7925227
0.058583982 -8.8420372 -1.2782505
0.68043941 -12.382085 -1.7926788
1.2772168 -12.336064 -1.7928571
1.8712207 -12.261736 -1.7931017
2.1667578 -12.214013 -1.7932485
2.4611132 -12.159272 -1.793412
2.7540722 -12.097548 -1.7935917
3.3353612 -11.953296 -1.7939996
3.9092479 -11.781533 -1.7944715
5.3497167 -10.046005 -1.6453505
5.5906739 -9.9141207 -1.6453737
6.0626659 -9.6330776 -1.6454192
6.2934766 -9.4840908 -1.6454414
6.5206051 -9.3295813 -1.6454633
6.9633398 -9.004324 -1.6455059
7.3898926 -8.6580687 -1.6455468
7.5967674 -8.4773188 -1.6455665
7.7992086 -8.2916126 -1.6455859
7.9971385 -8.1010733 -1.6456048
8.1904001 -7.905817 -1.6456233
8.7411327 -7.2928252 -1.6456754
8.9146681 -7.0798316 -1.645692
9.7538471 -7.0063205 -1.7361035
10.903378 -5.9882498 -1.7982841
11.044785 -5.723413 -1.7982973
11.179755 -5.4552507 -1.7983098
11.430107 -4.9095306 -1.7983328
11.755488 -4.0698752 -1.7983623
11.85037 -3.7850149 -1.7983708
12.019277 -3.2088442 -1.7983857
12.160205 -2.6251903 -1.7983978
12.318349 -1.7386373 -1.7984108
12.356729 -1.4408612 -1.7984136
12.38791 -1.142243 -1.7984158
12.411904 -0.8429687 -1.7984173
12.428613 -0.54319459 -1.798418
12.440361 0.057129513 -1.7984174
12.403604 0.95693415 -1.7984114
12.342891 1.5542938 -1.7984036
12.253467 2.1480217 -1.798393
12.198008 2.4431036 -1.7983868
11.98918 3.3190734 -1.7983638
11.379853 3.4481347 -1.7189527
10.813037 3.5634673 -1.6458474
10.628379 4.0810108 -1.6458279
10.526729 4.3362803 -1.645817
10.305088 4.8390794 -1.6457939
10.185234 5.0863194 -1.6457814
10.059443 5.3305869 -1.6457683
9.9277925 5.5717478 -1.6457547
8.6681442 5.4308496 -1.4787114
8.2265234 5.4349508 -1.4253433
7.8154588 5.4387684 -1.3764659
6.1117282 5.4545789 -1.184221
5.5532126 5.4597607 -1.1257929
5.2938375 5.4621654 -1.0996177
4.5113964 5.3850718 -1.0155556
4.3249121 5.4231505 -1.0027579
4.1520019 5.4721899 -0.99300057
3.9489746 5.474072 -0.97575957
3.752744 5.4758887 -0.95965552
3.3785741 5.479353 -0.93057513
3.0256054 5.4826183 -0.9052512
2.6905956 5.4857178 -0.88327175
2.5289354 5.4872131 -0.87342894
2.2157226 5.4901099 -0.85585392
2.063623 5.4915147 -0.84805977
1.7671679 5.4942527 -0.83432633
1.479502 5.4969101 -0.82291722
1.3384374 5.4982104 -0.81803632
1.0608593 5.5007725 -0.8098495
0.92398435 5.5020347 -0.80651611
0.65320313 5.5045323 -0.80132246
0.51895505 5.5057702 -0.79944617
0.38525391 5.5070028 -0.7980423
0.11888672 5.5094566 -0.79663581
-0.014111328 5.5106812 -0.79663038
-0.14717773 5.5119066 -0.79708874
-0.28046873 5.5131335 -0.79801291
-0.54003906 5.4317355 -0.78908628
-0.80666989 5.4341869 -0.79417717
-1.0940527 5.5207067 -0.81359708
-1.6621094 5.5259252 -0.83418393
-1.8090723 5.5272727 -0.84073532
-2.1104882 5.5300403 -0.85566574
-2.5851073 5.5343943 -0.88303137
-3.0938671 5.5390563 -0.91717076
-4.0454688 5.5477719 -0.99257261
-4.2557616 5.5496969 -1.0110022
-4.7013278 5.5537753 -1.0518925
-5.1856251 5.5582056 -1.0988954
-5.4446974 5.560575 -1.1250211
-5.6337008 5.4824533 -1.1364006
-6.6274805 5.575326 -1.2520019
-7.3253317 5.5817027 -1.3313434
-7.7089744 5.5852084 -1.3761642
-8.1196089 5.5889587 -1.4249704
-8.5606928 5.5929856 -1.4782547
-9.0363283 5.5973291 -1.5366091
-9.9443159 5.5143528 -1.6438028
-10.198671 5.0280409 -1.6437793
-10.316953 4.7804136 -1.6437684
-10.635566 4.0214844 -1.6437392
-12.133163 2.6710913 -1.7959961
-12.247842 2.0825329 -1.7959867
-12.294512 1.7863519 -1.7959828
-12.366347 1.1910418 -1.7959775
-12.391475 0.89226133 -1.7959759
-12.420107 0.29333067 -1.7959749
-12.423564 -0.0064849854 -1.7959753
-12.419805 -0.30629393 -1.7959766
-12.390566 -0.90521359 -1.7959813
-12.365147 -1.2039678 -1.7959846
-12.3325 -1.5020185 -1.7959887
-12.130439 -2.6837888 -1.7960119
-12.062207 -2.9757543 -1.7960196
-11.719462 -4.1246414 -1.7960565
-11.390595 -4.9617343 -1.7960913
-10.859638 -6.0367594 -1.7961465
-10.710938 -6.2971258 -1.7961619
-10.394746 -6.8067303 -1.7961944
-9.9279099 -6.8489342 -1.7435851
-9.4504194 -6.8619328 -1.6883264
-9.0380077 -6.9016013 -1.6439279
-8.8688965 -7.1177716 -1.6439452
-8.5153027 -7.5375938 -1.6439811
-8.3310156 -7.7409797 -1.6439999
-8.1418848 -7.9398594 -1.644019
-7.947988 -8.1341267 -1.6440387
-7.5464644 -8.5083675 -1.6440791
-7.1273141 -8.8628159 -1.6441214
-6.9114451 -9.0323486 -1.644143
-6.6915526 -9.1966286 -1.6441652
-6.2401853 -9.5090446 -1.6442103
-6.0089746 -9.6569958 -1.6442335
-5.7742677 -9.7993402 -1.6442571
-5.5361814 -9.935977 -1.6442808
-5.0504394 -10.191839 -1.6443292
-4.803164 -10.310895 -1.6443539
-4.4125485 -11.598415 -1.7939303
-3.8468945 -11.795198 -1.7935327
-3.2727051 -11.96485 -1.7931999
-2.6911719 -12.10703 -1.7929329
-2.1036131 -12.22141 -1.7927319
-1.5113574 -12.307763 -1.7925977
-1.2138867 -12.340355 -1.7925557
-0.2228418 -8.6857615 -1.2560436
-0.013330078 -8.8026571 -1.2725315
0.2805078 -12.397021 -1.7925968
0.57960933 -12.387046 -1.7926553
0.87839842 -12.369987 -1.7927303
2.9474218 -12.05281 -1.7937198
3.2378125 -11.979549 -1.7939264
3.526377 -11.899404 -1.7941489
3.8130271 -11.812418 -1.7943875
4.3798242 -11.61807 -1.7949117
4.6596484 -11.51082 -1.7951972
5.0226364 -10.213219 -1.6453187
5.7485447 -9.8235302 -1.645389
6.4443846 -9.3823261 -1.6454561
7.7314258 -8.354804 -1.6455795
8.1257324 -7.9722095 -1.645617
8.5011225 -7.5710187 -1.6456528
9.5906734 -7.008184 -1.7171572
10.385927 -6.8459101 -1.7982358
10.548223 -6.5933433 -1.798251
11.617978 -4.4470983 -1.7983499
11.992743 -3.3066075 -1.7983832
12.138408 -2.7240918 -1.798396
12.200654 -2.4303834 -1.7984011
12.255791 -2.1352472 -1.7984058
12.344589 -1.5414153 -1.7984128
12.404619 -0.94399291 -1.7984169
12.423799 -0.64436215 -1.7984179
12.435722 -0.34436095 -1.7984183
12.428018 0.55614865 -1.7984148
12.410967 0.85590333 -1.7984123
12.355165 1.4537616 -1.7984052
12.316445 1.7514917 -1.7984004
12.270576 2.0482013 -1.798395
12.090088 2.9304576 -1.7983748
10.754639 3.7359204 -1.6458411
10.66125 3.9943395 -1.6458312
10.456006 4.5040355 -1.6458098
10.344179 4.7550416 -1.645798
10.226347 5.0032468 -1.6457857
9.3137007 5.4248557 -1.5581461
8.824707 5.4293966 -1.4978292
7.5581446 5.4411559 -1.3463037
7.190371 5.4445715 -1.3038217
6.5193458 5.4507971 -1.2284625
5.920361 5.4563551 -1.1639009
5.128418 5.4636984 -1.0832739
4.2221384 5.4715405 -0.99908751
3.8182127 5.4752817 -0.964966
3.0838182 5.48208 -0.90927839
2.9127734 5.4836631 -0.89761609
2.5830567 5.4867139 -0.87666672
2.4237304 5.4881859 -0.86730152
2.2676854 5.4896288 -0.85862821
1.9643261 5.4924326 -0.84324223
1.8165137 5.4937973 -0.83647591
1.5274805 5.4964671 -0.82468539
1.38583 5.4977732 -0.81962365
1.2458203 5.4990673 -0.81509465
0.83385742 5.5028672 -0.80458039
0.69863278 5.5041137 -0.80206269
0.43031248 5.506588 -0.79846233
0.296875 5.5078158 -0.79736924
0.16374999 5.5090442 -0.79674256
-0.10226563 5.5114927 -0.79688197
-0.36339843 5.4302015 -0.78674901
-0.49538085 5.4313254 -0.78841436
-0.76144528 5.4337721 -0.79318458
-0.89585936 5.4350085 -0.7962901
-1.0473535 5.520277 -0.81225085
-1.1862988 5.521554 -0.81641334
-1.3267773 5.5228453 -0.82110107
-1.759248 5.5268164 -0.83845925
-2.8623047 5.5369358 -0.90104783
-3.0346777 5.5385141 -0.91295981
-3.3940234 5.5418077 -0.93943352
-3.9762402 5.5471387 -0.98663419
-4.3995118 5.551013 -1.0239302
-5.355957 5.559763 -1.1159997
-6.1061521 5.482832 -1.1863434
-6.5178223 5.5743246 -1.2398199
-7.5766993 5.5839987 -1.360624
-7.9778609 5.5876637 -1.4080336
-8.4082518 5.5915952 -1.4597453
-8.8717184 5.5958276 -1.5163156
-9.7613869 5.8325181 -1.6438394
-9.8991308 5.59515 -1.6438071
-10.031201 5.3545909 -1.6437948
-10.157422 5.1108994 -1.6437831
-10.392041 4.6147766 -1.6437615
-10.500351 4.3626328 -1.6437516
-12.040703 3.0612609 -1.7960039
-12.174296 2.4767132 -1.7959927
-12.230497 2.1821904 -1.795988
-12.27957 1.8864001 -1.795984
-12.321494 1.5894836 -1.7959808
-12.383799 0.99310851 -1.7959764
-12.423193 0.094647214 -1.7959752
-12.421865 -0.20517699 -1.795976
-12.413301 -0.50488526 -1.795978
-12.344316 -1.4015585 -1.7959872
-12.306933 -1.6990548 -1.7959918
-12.210693 -2.2909105 -1.7960029
-12.151904 -2.5849473 -1.7960095
-12.013115 -3.1682968 -1.7960249
-11.933232 -3.4572978 -1.7960336
-11.846387 -3.7442849 -1.7960429
-11.048662 -5.6830945 -1.796127
-10.608867 -6.4676657 -1.7961725
-10.096065 -6.8443189 -1.7632748
-8.7539845 -7.2587614 -1.6439569
-8.5763674 -7.4679809 -1.643975
-8.3937302 -7.6728592 -1.6439935
-8.2062302 -7.8732748 -1.6440126
-8.0139456 -8.0691156 -1.644032
-7.615449 -8.4466038 -1.6440722
-7.4095016 -8.6280346 -1.644093
-6.9847264 -8.9757433 -1.6441357
-6.0873632 -9.6077204 -1.6442257
-5.853828 -9.751955 -1.6442491
-5.3766308 -10.023339 -1.6442966
-4.8869724 -10.271401 -1.6443455
-4.7853317 -11.4519 -1.794232
-3.6575096 -11.854444 -1.7934152
-3.3700781 -11.938161 -1.7932515
-3.0807519 -12.015034 -1.7931041
-2.7896972 -12.084995 -1.7929733
-2.4970899 -12.148027 -1.7928588
-1.0163672 -12.358058 -1.7925371
-0.41885743 -12.392626 -1.7925254
0.77766597 -12.376522 -1.7927032
1.0761523 -12.354749 -1.7927895
1.3740722 -12.325891 -1.7928922
1.6712402 -12.289963 -1.7930118
2.5565624 -12.139954 -1.7934687
2.8491015 -12.075965 -1.7936537
3.1400194 -12.005039 -1.793855
3.7165916 -11.842514 -1.7943053
4.2848825 -11.652729 -1.794819
4.5655665 -11.547755 -1.7950993
4.6903515 -10.369775 -1.6452866
4.9393067 -10.253718 -1.6453106
5.1853809 -10.131688 -1.6453345
5.4284568 -10.003738 -1.645358
5.9049802 -9.7304335 -1.645404
6.815752 -9.1164207 -1.6454917
7.0338669 -8.949399 -1.6455127
7.2478709 -8.7771578 -1.6455331
7.4576559 -8.5997963 -1.6455532
8.439189 -7.639945 -1.6456469
8.7981634 -7.2239971 -1.6456809
8.9768944 -7.0150156 -1.6469576
9.4309959 -7.0099888 -1.6987319
10.49415 -6.6789751 -1.7982459
10.804356 -6.1649413 -1.798275
10.950078 -5.9024534 -1.7982886
11.089423 -5.6365294 -1.7983013
11.348613 -5.0949597 -1.7983253
11.581357 -4.5415072 -1.7983465
11.687636 -4.2607336 -1.7983562
12.044121 -3.114367 -1.7983879
12.237998 -2.2349463 -1.7984043
12.288379 -1.9389666 -1.7984085
12.367656 -1.3437921 -1.7984145
12.396503 -1.044942 -1.7984164
12.4325 -0.44558838 -1.7984183
12.439521 0.15480956 -1.7984172
12.236191 2.2441785 -1.7983911
12.178428 2.5388031 -1.7983845
12.04164 3.1234307 -1.7983694
10.693466 3.9074254 -1.6458348
10.492314 4.4187999 -1.6458135
10.382568 4.6706882 -1.645802
10.266747 4.9198461 -1.6457899
8.0896091 5.4362216 -1.4089745
7.3118067 5.4434433 -1.3177626
6.6270604 5.4497986 -1.240355
6.0169334 5.4554586 -1.174118
5.4674606 5.4605541 -1.1170681
4.8917966 5.3815465 -1.0513353
4.6614943 5.3836827 -1.0294715
4.2931442 5.4708824 -1.005316
3.884414 5.474669 -0.9703989
3.6902831 5.4764671 -0.95464963
3.5022459 5.4782081 -0.93994278
3.1425195 5.4815369 -0.91340107
2.4770899 5.4876928 -0.87038177
2.1659276 5.4905686 -0.85324806
1.8660938 5.4933395 -0.83869177
1.575664 5.4960227 -0.82651645
1.1538769 5.4999146 -0.81238127
0.87967771 5.5024447 -0.80553901
0.7441504 5.503695 -0.80285758
0.075605467 5.5098548 -0.79658359
-0.31899413 5.4297924 -0.78628737
-1.2792089 5.5224071 -0.81946105
-1.5642188 5.5250254 -0.8300938
-1.8574023 5.5277171 -0.84299523
-2.3165135 5.53193 -0.86698371
-2.6384766 5.5348825 -0.88638729
-2.8051367 5.5364108 -0.89721602
-2.9760156 5.5379772 -0.90884787
-3.331953 5.5412388 -0.93470782
-3.5178418 5.542943 -0.94904333
-4.1130567 5.5483909 -0.99843192
-4.5470409 5.5523643 -1.0374635
-4.7772946 5.5544701 -1.0590954
-5.5264549 5.5561361 -1.132871
-6.0060544 5.4819188 -1.1755267
-6.4102831 5.5733423 -1.2279537
-6.735322 5.5763121 -1.2640601
-7.8394628 5.5864 -1.3915843
-8.7114258 5.5943627 -1.4966519
-9.7138577 5.9119568 -1.6438841
-9.8532715 5.6755652 -1.6438113
-9.9872847 5.4360862 -1.6437988
-10.237803 4.947793 -1.6437756
-10.464482 4.4479651 -1.6437548
-10.568721 4.1941223 -1.6437454
-10.666797 3.9378307 -1.6437365
-10.758672 3.679251 -1.6437281
-11.935713 3.448236 -1.7960134
-12.0154 3.1591833 -1.7960063
-12.212343 2.2816815 -1.7959895
-12.345322 1.3922473 -1.795979
-12.422021 0.19577941 -1.795975
-12.417002 -0.40381286 -1.7959771
-12.355331 -1.3010217 -1.7959858
-12.228935 -2.1914241 -1.7960008
-12.109062 -2.7789507 -1.7960143
-12.038496 -3.0703702 -1.7960222
-11.960957 -3.3600397 -1.7960305
-11.785029 -3.9332805 -1.7960495
-11.58166 -4.4973907 -1.7960712
-11.469814 -4.7756004 -1.7960829
-11.351318 -5.0510378 -1.7960954
-11.226201 -5.3235407 -1.7961085
-11.094531 -5.592948 -1.7961221
-10.661201 -6.3810472 -1.7961669
-10.50415 -6.6365275 -1.7961831
-10.268106 -6.8395762 -1.7835356
-9.301445 -6.8659539 -1.6712909
-8.8127441 -7.1872363 -1.6439509
-8.6368361 -7.3978887 -1.6439688
-8.4558887 -7.6042495 -1.6439872
-8.0793257 -8.0035763 -1.6440253
-7.8839254 -8.1963129 -1.6440451
-7.4794335 -8.5673895 -1.644086
-7.0575585 -8.9185352 -1.6441283
-6.1653318 -9.5577984 -1.6442178
-5.9329882 -9.7039328 -1.6442411
-4.9702539 -10.231234 -1.6443373
-4.7220116 -10.348351 -1.644362
-4.878623 -11.413079 -1.7943126
-4.3211622 -11.63225 -1.7938612
-4.0387402 -11.731834 -1.7936594
-3.7540429 -11.824664 -1.7934741
-3.4672949 -11.910689 -1.7933049
-2.8880663 -12.062173 -1.7930156
-2.5959473 -12.127542 -1.7928957
-2.0075684 -12.237358 -1.7927057
-1.1169531 -12.349441 -1.7925456
-0.81859374 -12.372651 -1.7925258
-0.51977539 -12.388783 -1.7925227
-0.15527344 -8.723465 -1.2612808
0.676875 -12.382274 -1.7926779
0.97554684 -12.362893 -1.7927585
1.5711132 -12.302878 -1.7929695
1.8676758 -12.262266 -1.7930999
2.4575877 -12.15997 -1.7934099
3.3319139 -11.954246 -1.793997
3.9058495 -11.782646 -1.7944685
4.1896677 -11.686643 -1.7947279
4.7501855 -11.474489 -1.7952936
4.605752 -10.407568 -1.6452783
4.8556442 -10.293536 -1.6453025
5.5878024 -9.9157362 -1.6453733
5.8255372 -9.7781324 -1.6453964
6.2907324 -9.4859142 -1.6454413
6.51791 -9.3314695 -1.6454631
6.7412596 -9.1715832 -1.6454846
7.1761522 -8.8358545 -1.6455263
7.3874021 -8.6601963 -1.6455466
7.5943356 -8.4795027 -1.6455663
8.1881056 -7.9081841 -1.645623
8.3766699 -7.7083635 -1.645641
8.7390232 -7.2953534 -1.6456753
8.9125681 -7.0824075 -1.6456918
10.439384 -6.7641845 -1.7982408
10.599688 -6.5103464 -1.7982559
10.90163 -5.9913821 -1.7982839
11.043135 -5.7265983 -1.798297
11.178203 -5.4584751 -1.7983096
11.306738 -5.1871619 -1.7983215
11.428691 -4.9128275 -1.7983327
11.754316 -4.073267 -1.7983621
11.849277 -3.7884436 -1.7983706
12.018359 -3.2123227 -1.7983856
12.092431 -2.9213717 -1.7983919
12.159443 -2.6286876 -1.7983978
12.356308 -1.4444262 -1.7984136
12.41164 -0.84654415 -1.7984173
12.428456 -0.54678041 -1.798418
12.423252 0.65372926 -1.7984141
12.34334 1.550741 -1.7984036
12.302295 1.8481579 -1.7983987
12.13624 2.7332428 -1.7983799
12.066679 3.0253105 -1.7983721
11.990136 3.3156121 -1.7983638
11.390527 3.4477789 -1.7204149
10.306503 4.8360949 -1.645794
10.186699 5.0833883 -1.6457815
9.9293947 5.5688939 -1.6457548
9.150322 5.4263721 -1.5378959
8.6736135 5.4307981 -1.4793793
7.0756149 5.4456358 -1.2907295
6.736865 5.4487791 -1.2525645
6.1152539 5.4545469 -1.1845978
5.8287692 5.4572034 -1.1542828
5.5563965 5.4597301 -1.126119
5.2968554 5.4621372 -1.099919
5.0489745 5.4644361 -1.0755248
4.5140138 5.3850489 -1.0157958
4.3248825 5.4199033 -1.0023881
4.1544724 5.472168 -0.99321342
3.9513574 5.4740491 -0.97595876
3.7550585 5.4758654 -0.95984203
3.5650194 5.4776268 -0.94479007
3.2017772 5.4809885 -0.91762286
3.0276659 5.4825988 -0.90539283
2.6925585 5.4856992 -0.8833943
2.2175586 5.4900913 -0.85595155
1.915957 5.4928794 -0.84097451
1.768916 5.4942369 -0.83440167
1.6240624 5.495575 -0.82840961
1.4812012 5.4968944 -0.82297927
1.3401172 5.4981956 -0.81809139
1.0625098 5.5007582 -0.80989188
0.78977537 5.503274 -0.80370748
0.65481442 5.5045176 -0.8013472
0.38684571 5.5069871 -0.7980563
0.12046875 5.5094419 -0.79663914
-0.012519531 5.5106664 -0.79662764
-0.27886719 5.5131178 -0.79799843
-0.53845704 5.4317222 -0.78906173
-0.6713379 5.4329429 -0.79136312
-0.8050586 5.4341722 -0.79414099
-1.0923828 5.5206895 -0.81354797
-1.231836 5.5219727 -0.81788051
-1.3728417 5.5232677 -0.82274115
-1.515625 5.52458 -0.82814515
-1.8073046 5.527257 -0.84065366
-1.9566504 5.5286279 -0.84779823
-2.583164 5.5343761 -0.88290858
-3.0917578 5.5390382 -0.91701907
-3.2704785 5.5406752 -0.93008983
-5.1037889 5.5573473 -1.2648394
-5.3589454 5.5596776 -1.2944357
-6.1095996 5.4827452 -1.3760806
-6.5215135 5.5742331 -1.4381375
-6.8532419 5.5772605 -1.4811698
-7.2056446 5.5804772 -1.5277721
-8.0344534 5.6238184 -1.6439902
-8.1677732 5.428247 -1.6439776
-8.2963276 5.2295237 -1.6439656
-8.4200487 5.0277476 -1.6439539
-8.963789 3.9774475 -1.6439036
-9.0571289 3.7599547 -1.643895
-9.3485546 3.6189928 -1.6804425
-10.024043 3.6048334 -1.7857064
-10.246055 3.1352539 -1.7961801
-10.318691 2.8870678 -1.7961737
-10.445908 2.3858037 -1.7961627
-10.591064 1.6238726 -1.7961507
-10.680771 0.85343933 -1.796144
-10.709473 0.33708861 -1.7961427
-10.672216 -0.95459229 -1.7961502
-10.646103 -1.2118646 -1.7961535
-10.613779 -1.4684286 -1.7961574
-10.575263 -1.7241412 -1.7961619
-10.530615 -1.978857 -1.7961671
-9.9555855 -3.9628439 -1.7962294
-9.7528906 -4.4386473 -1.7962506
-9.6430178 -4.6727486 -1.796262
-9.2798824 -5.3582096 -1.7962997
-8.8681936 -6.0156269 -1.7963421
-8.2473335 -6.8426533 -1.7964054
-7.8779883 -6.8638706 -1.7515385
-6.739531 -7.1258469 -1.6441543
-5.4458594 -8.1582336 -1.6442845
-5.2474608 -8.287385 -1.6443043
-5.0459962 -8.4117079 -1.6443244
-4.8415918 -8.5311394 -1.6443449
-4.6343651 -8.6456032 -1.6443657
-4.4244237 -8.7550278 -1.6443865
-3.996953 -8.9585505 -1.6444291
-3.7796385 -9.052515 -1.6444508
-3.5601268 -9.1412201 -1.6444726
-3.3385448 -9.2245884 -1.6444945
-3.1149902 -9.302597 -1.6445167
-2.6625781 -9.4423218 -1.6445615
-2.4339647 -9.5039587 -1.6445843
-2.2039549 -9.5600586 -1.6446071
-0.56518555 -9.7954969 -1.6447686
0.14491211 -9.8111277 -1.6448386
0.38165039 -9.8049107 -1.6448617
0.61817384 -9.7929897 -1.6448849
1.09 -9.7520266 -1.6449312
1.7927051 -9.648036 -1.6449999
2.2561815 -9.5505571 -1.6450452
2.4860547 -9.4934559 -1.6450676
2.7144432 -9.4308252 -1.6450896
3.1664159 -9.2891178 -1.6451337
3.3897069 -9.2101135 -1.6451554
3.8303611 -9.0360956 -1.6451982
4.047256 -8.9411221 -1.6452192
4.2619238 -8.8409624 -1.6452399
4.474082 -8.7356434 -1.6452606
4.6836424 -8.6252327 -1.6452808
5.094502 -8.3894033 -1.6453205
5.6882324 -7.9991632 -1.6453778
5.8796778 -7.8596544 -1.6453961
6.0677052 -7.7155576 -1.6454141
6.7834082 -7.0950599 -1.6454825
7.0206833 -6.9970603 -1.6615759
7.36375 -6.9929905 -1.7023231
7.7241211 -6.9885492 -1.7461234
8.2917185 -6.804141 -1.7980299
8.7624216 -6.1866388 -1.7980745
8.9092188 -5.9734259 -1.7980882
9.4437695 -5.0869956 -1.7981381
10.165019 -3.4268141 -1.7982042
10.503798 -2.1782563 -1.7982337
10.596708 -1.6689066 -1.7982414
10.664922 -1.1556659 -1.7982467
10.708301 -0.63973266 -1.7982495
10.72668 -0.12230224 -1.7982497
10.688496 0.91219968 -1.7982429
10.66334 1.1698718 -1.7982397
10.631982 1.4268585 -1.7982359
10.550694 1.938189 -1.7982265
10.444804 2.4449992 -1.7982146
10.382734 2.6963353 -1.7982078
10.31459 2.9460924 -1.7982004
10.240449 3.1941357 -1.7981923
9.4824314 3.4680157 -1.6925278
9.1359081 3.5935509 -1.6456827
8.8518553 4.2449536 -1.6456529
8.7467871 4.4573035 -1.6456419
8.5213861 4.8740907 -1.6456186
8.4012299 5.0782738 -1.6456062
8.1462793 5.4776316 -1.6455799
8.0116987 5.6726122 -1.6455761
7.3072753 5.4433517 -1.5274414
6.6230273 5.4497104 -1.4377673
6.309834 5.4526196 -1.3979431
5.7319627 5.4579859 -1.3267812
5.4642286 5.4604721 -1.2949429
5.2089157 5.4628415 -1.2653179
4.6587009 5.3836021 -1.1934438
4.4382129 5.3862062 -1.1699319
4.0826368 5.472733 -1.1445525
3.6879296 5.4763927 -1.1067685
3.3175976 5.4798231 -1.0738196
3.1403711 5.4814634 -1.058977
2.9678905 5.4830627 -1.0451399
2.7997558 5.4846191 -1.0322534
2.4751563 5.4876218 -1.0091375
2.3180761 5.4890757 -0.99882388
2.1640821 5.4905005 -0.98928916
1.5739257 5.4959545 -0.95832533
1.4317089 5.4972677 -0.95225048
1.2911913 5.4985657 -0.9467997
1.014541 5.5011182 -0.93770665
0.60783201 5.5048718 -0.92839247
0.47378907 5.5061069 -0.92640221
0.20704101 5.5085645 -0.92405486
0.074013673 5.5097899 -0.92369163
-0.058984373 5.511013 -0.92386609
-0.1920996 5.5122399 -0.92458034
-0.32057616 5.4297266 -0.91177231
-0.45237303 5.4308496 -0.91352791
-0.58477539 5.4320679 -0.9158411
-0.71792966 5.433291 -0.91870153
-1.0024121 5.5197816 -0.94041687
-1.1409081 5.5210557 -0.94505024
-1.2808691 5.5223413 -0.95028621
-1.5659277 5.5249572 -0.96263111
-1.711416 5.5262928 -0.96977901
-1.8591503 5.5276489 -0.97760779
-2.1623731 5.5304294 -0.99541301
-2.4775977 5.5333204 -1.0162903
-2.64042 5.534812 -1.0279716
-2.8071191 5.5363388 -1.0405371
-3.3340721 5.5411634 -1.0840471
-3.5200195 5.5428648 -1.1006826
-3.7118847 5.5446215 -1.1184992
-4.1154785 5.5483127 -1.1579971
-4.7800097 5.5543885 -1.228399
-5.7228613 5.4792128 -1.3281269
-6.0094333 5.4818311 -1.3635272
-6.73915 5.5762205 -1.4662737
-7.8491111 5.8804173 -1.6440588
-7.9884176 5.689055 -1.6439945
-8.2535152 5.2969041 -1.6439695
-8.4993353 4.8924279 -1.6439466
-8.6148729 4.6858592 -1.6439358
-10.220195 3.2185643 -1.7961824
-10.294863 2.9709771 -1.7961758
-10.363535 2.7216589 -1.7961699
-10.426171 2.4707677 -1.7961644
-10.533174 1.9648107 -1.7961553
-10.577499 1.7100427 -1.7961516
-10.673457 0.94036192 -1.7961445
-10.693017 0.68251342 -1.7961433
-10.706396 0.42426512 -1.7961428
-10.713496 0.16576721 -1.7961428
-10.714375 -0.092818603 -1.7961434
-10.709043 -0.35136414 -1.7961448
-10.697451 -0.60969967 -1.7961466
-10.679628 -0.86767882 -1.7961493
-10.655605 -1.1251501 -1.7961524
-10.588945 -1.6379882 -1.7961603
-10.546377 -1.8930502 -1.7961652
-10.314951 -2.900842 -1.7961909
-10.241972 -3.1489279 -1.7961988
-10.078203 -3.6394789 -1.7962162
-9.9874897 -3.8816586 -1.7962259
-9.8909664 -4.121572 -1.796236
-9.5670605 -4.8263893 -1.7962699
-9.4478712 -5.0558915 -1.7962823
-9.1930466 -5.5059667 -1.7963088
-8.9168262 -5.9432154 -1.7963371
-8.6198139 -6.3666387 -1.7963674
-8.0045013 -6.8602586 -1.7671877
-7.6358104 -6.8707309 -1.7219039
-7.2851562 -6.8805313 -1.6797968
-6.9658594 -6.9045525 -1.6441315
-6.7973046 -7.0707159 -1.6441485
-6.6247559 -7.2327704 -1.6441659
-6.4483395 -7.3906164 -1.6441838
-6.0843554 -7.6933289 -1.6442204
-5.8970017 -7.8380051 -1.6442392
-5.7062011 -7.9781194 -1.6442584
-4.9108591 -8.4914064 -1.644338
-4.7045603 -8.6075544 -1.6443586
-4.283906 -8.8247509 -1.6444006
-3.8532031 -9.0214033 -1.6444435
-3.1905956 -9.2768908 -1.6445092
-2.9658399 -9.3513117 -1.6445315
-2.7393553 -9.4202957 -1.6445539
-2.5112598 -9.4837875 -1.6445765
-2.050791 -9.5941792 -1.6446222
-1.8186816 -9.6409979 -1.6446451
-1.1165234 -9.7477207 -1.6447144
-0.40844727 -9.8033724 -1.6447841
-0.15250976 -8.7099323 -1.4602879
0.53843749 -9.7976465 -1.6448771
0.77470702 -9.7819376 -1.6449002
1.0105664 -9.7605343 -1.6449233
1.7140722 -9.6622601 -1.6449922
1.9467676 -9.6182127 -1.6450149
2.1783593 -9.5685616 -1.6450375
2.4086719 -9.5133352 -1.6450599
2.637578 -9.452569 -1.6450822
3.0906932 -9.3145437 -1.6451263
3.3146093 -9.2373695 -1.6451482
4.1897755 -8.8753262 -1.6452332
4.4028025 -8.771739 -1.6452537
4.8210154 -8.5492954 -1.6452942
5.4270802 -8.1784239 -1.6453526
5.62291 -8.0451698 -1.6453713
6.0046873 -7.7646689 -1.6454082
6.190371 -7.6175694 -1.6454258
6.3724608 -7.4660459 -1.6454434
6.5508399 -7.3101687 -1.6454605
6.7254295 -7.150023 -1.6454771
6.9085641 -6.9983544 -1.648473
7.2461815 -6.9944029 -1.688251
7.97332 -6.9853845 -1.7769707
8.5580959 -6.4661036 -1.7980551
9.1417971 -5.6112609 -1.79811
9.4020309 -5.1636996 -1.7981343
9.7511129 -4.4700913 -1.7981665
9.9555368 -3.9944286 -1.7981852
10.136786 -3.5094573 -1.7982016
10.218564 -3.2638173 -1.7982088
10.294374 -3.0162816 -1.7982156
10.427998 -2.5160728 -1.7982273
10.537314 -2.0099967 -1.7982366
10.582773 -1.7551223 -1.7982403
10.655166 -1.2424499 -1.7982459
10.682051 -0.98495483 -1.7982478
10.702724 -0.72688901 -1.7982491
10.725342 -0.20962889 -1.7982497
10.695576 0.8251611 -1.798244
10.672509 1.083028 -1.7982409
10.566142 1.8522339 -1.7982283
10.518339 2.1066844 -1.7982228
10.404355 2.611726 -1.7982101
10.338252 2.8620348 -1.798203
10.266123 3.1106694 -1.7981951
10.188027 3.3574927 -1.7981868
9.1648731 3.5190637 -1.6456857
9.0772266 3.739187 -1.6456765
8.9843063 3.9571288 -1.6456667
8.3188772 5.2119579 -1.6455977
8.0574799 5.6071033 -1.6455476
7.4312496 5.4421997 -1.544042
7.0712695 5.4455457 -1.4961258
6.4135251 5.4516578 -1.4110352
5.8252931 5.4571214 -1.3380544
4.3248925 5.4231272 -1.1627773
4.1519237 5.4720898 -1.1514482
3.9488964 5.4739733 -1.1314564
3.3785155 5.47926 -1.0790631
3.0255663 5.4825292 -1.0496992
2.5288963 5.4871249 -1.0127995
2.370703 5.4885874 -1.0022144
2.2156835 5.4900217 -0.99242038
1.9141601 5.4928112 -0.97507262
1.4794824 5.4968262 -0.95422924
1.3384179 5.4981284 -0.94856972
1.198916 5.4994178 -0.94352454
0.92397457 5.5019555 -0.93521088
0.51894528 5.5056896 -0.92701238
0.38525391 5.5069213 -0.9253847
0.11887695 5.509376 -0.92375374
-0.14716797 5.511826 -0.9242788
-0.54003906 5.4316549 -0.91499996
-0.80666012 5.4341078 -0.92090386
-0.95598632 5.5193553 -0.9389869
-1.0940429 5.5206237 -0.94342107
-1.2334961 5.521904 -0.94845229
-1.9584277 5.5285597 -0.98318297
-2.4235058 5.5328236 -1.0125408
-2.5850682 5.5343041 -1.0239342
-2.7504296 5.5358191 -1.0361975
-2.9198925 5.5373716 -1.0493752
-3.0938182 5.5389633 -1.0635209
-3.6464746 5.5440221 -1.1123519
-3.8425391 5.5458164 -1.1309925
-4.0453906 5.5476718 -1.1509515
-4.4740429 5.5515919 -1.1952112
-4.7012401 5.553668 -1.2197349
-5.1855173 5.5580931 -1.2742369
-5.4445701 5.5604601 -1.3045299
-6.6273241 5.5751987 -1.4517689
-6.9655175 5.5782847 -1.4959211
-7.3251462 5.5815673 -1.5437701
-7.9417968 5.7538757 -1.6439859
-8.0783596 5.5605407 -1.643986
-8.2101364 5.3639317 -1.6439737
-8.4592676 4.9614682 -1.6439503
-8.7958393 4.3364344 -1.643919
-8.8978806 4.1228747 -1.6439097
-8.9947262 3.9069238 -1.6439008
-9.0863571 3.6887054 -1.6438925
-9.559453 3.6145897 -1.713202
-10.111064 3.5467169 -1.7961922
-10.405703 2.5555627 -1.7961662
-10.464316 2.3036938 -1.7961612
-10.516846 2.0504925 -1.7961568
-10.637578 1.2843151 -1.7961471
-10.665429 1.0272217 -1.7961451
-10.702578 0.51140928 -1.7961428
-10.711797 0.25298339 -1.7961427
-10.711553 -0.26416442 -1.7961442
-10.664394 -1.0383698 -1.7961513
-10.601924 -1.551726 -1.7961589
-10.561436 -1.8071297 -1.7961636
-10.514775 -2.0614865 -1.7961688
-10.01874 -3.8002074 -1.7962227
-9.9241695 -4.0409126 -1.7962326
-9.8238182 -4.279253 -1.7962431
-9.7177534 -4.5151091 -1.7962543
-9.6060247 -4.7483368 -1.796266
-9.4887209 -4.9788046 -1.796278
-9.2375584 -5.430922 -1.7963041
-8.8206835 -6.0850906 -1.796347
-8.5169239 -6.5037165 -1.796378
-7.7580371 -6.8672776 -1.7368077
-7.061904 -6.8866839 -1.6535091
-6.6833887 -7.1785779 -1.6441602
-6.5082712 -7.3378515 -1.6441777
-6.3293748 -7.4928622 -1.6441958
-6.1467772 -7.6435137 -1.6442142
-5.9605856 -7.7897105 -1.6442329
-5.5779395 -8.0684252 -1.6442713
-5.3816504 -8.2007799 -1.6442909
-4.9798241 -8.451107 -1.644331
-4.7744727 -8.5689392 -1.6443516
-4.5663571 -8.6817598 -1.6443723
-4.3555665 -8.7895479 -1.6443934
-3.9264941 -8.9896975 -1.6444361
-3.708457 -9.0819607 -1.6444578
-3.0418553 -9.3268118 -1.6445241
-2.5883691 -9.4629822 -1.6445689
-2.1288183 -9.5771103 -1.6446143
-1.8970996 -9.6258364 -1.6446372
-1.6642675 -9.6689491 -1.6446604
-1.1958203 -9.7382612 -1.6447065
-0.7245996 -9.7848959 -1.644753
-0.48825195 -9.7996731 -1.6447762
0.22196288 -9.8097372 -1.644846
0.4586328 -9.8016529 -1.6448692
0.93106443 -9.7683868 -1.6449156
1.1665624 -9.7432156 -1.6449386
1.6353613 -9.6758461 -1.6449844
1.8684082 -9.6337004 -1.6450073
3.014746 -9.339365 -1.645119
3.4619532 -9.1832619 -1.6451625
3.9011035 -9.0057497 -1.645205
4.117363 -8.9090986 -1.645226
4.3312302 -8.8072634 -1.6452467
4.9571872 -8.4711657 -1.6453073
5.1602345 -8.3491688 -1.6453269
5.7508883 -7.9542894 -1.6453837
6.1281443 -7.6676908 -1.6454198
6.4911032 -7.3632298 -1.6454546
6.6669726 -7.2045226 -1.6454715
6.8389645 -7.0415955 -1.6454879
7.1304979 -6.9957752 -1.6745139
7.4790134 -6.9915872 -1.7162255
8.9558887 -5.9032898 -1.7980926
9.0957909 -5.6854806 -1.7981057
9.2304096 -5.4643626 -1.7981182
9.6016893 -4.7823973 -1.7981527
9.9226856 -4.0753522 -1.7981821
10.107871 -3.5918651 -1.7981989
10.269483 -3.1000011 -1.7982135
10.407158 -2.6008768 -1.7982255
10.568115 -1.8412118 -1.7982391
10.696445 -0.81399715 -1.7982488
10.723271 -0.29694214 -1.79825
10.727314 -0.038076781 -1.7982495
10.71665 0.47956419 -1.798247
10.701933 0.73804015 -1.7982447
10.653809 1.2535741 -1.7982385
10.62044 1.510307 -1.7982345
10.36123 2.777771 -1.7982054
10.291133 3.0269866 -1.7981977
10.215049 3.2744403 -1.7981896
9.2765913 3.4755511 -1.6606085
9.0162201 3.8838489 -1.6456702
8.818222 4.3143263 -1.6456494
8.2344236 5.3442979 -1.645589
8.1027145 5.5412216 -1.6455189
6.8447165 5.4476514 -1.4664385
6.5192089 5.450675 -1.4244745
6.2116308 5.4535327 -1.385631
5.6433983 5.4588084 -1.316166
3.6261327 5.4769654 -1.1010948
3.4400389 5.4786887 -1.0844312
3.2594042 5.4803624 -1.0688763
3.0837598 5.4819884 -1.0543689
2.9127245 5.483573 -1.040845
2.7459178 5.485117 -1.0282559
2.5830176 5.4866247 -1.0165541
2.2676466 5.489542 -0.99563777
2.1145897 5.4909568 -0.98634928
1.8164843 5.4937134 -0.96995085
1.6709472 5.4950571 -0.9627856
1.5274609 5.4963827 -0.95627844
1.3858105 5.4976902 -0.95040923
0.698623 5.5040331 -0.9300465
0.16375977 5.5089622 -0.92387784
0.030751953 5.5101881 -0.92368948
-0.36339843 5.4301209 -0.91228926
-0.49536133 5.4312449 -0.91422081
-0.62801754 5.4324646 -0.91671115
-0.76144528 5.4336915 -0.91975164
-0.89584959 5.4349279 -0.923352
-1.047334 5.5201941 -0.94185966
-1.1862891 5.521472 -0.9466874
-1.3267578 5.5227613 -0.95212227
-1.4689355 5.5240674 -0.9581818
-1.6130078 5.5253906 -0.96488315
-1.7592187 5.526732 -0.9722504
-2.2127733 5.5308909 -0.99859256
-2.3697851 5.53233 -1.0088869
-2.6942284 5.535305 -1.0319612
-3.2117283 5.5400438 -1.0734545
-3.3939648 5.5417113 -1.089335
-3.5817871 5.5434313 -1.1063467
-3.7756736 5.5452061 -1.1245625
-4.183877 5.5489392 -1.1649491
-4.3994336 5.5509095 -1.1873124
-4.6235547 5.5529575 -1.2112707
-5.1008005 5.5573192 -1.2644967
-5.3558397 5.5596485 -1.2940696
-5.8144531 5.480051 -1.3393623
-6.1060252 5.4827137 -1.375631
-6.8491697 5.5772238 -1.4806364
-7.2012887 5.5804367 -1.5271931
-7.8948827 5.818469 -1.6440231
-8.0328217 5.6261401 -1.6439903
-8.1661911 5.4306092 -1.6439778
-8.2948236 5.2319226 -1.6439657
-8.6513767 4.6180568 -1.6439325
-8.9626369 3.9800243 -1.6439037
-9.0560541 3.7625623 -1.6438953
-9.3409472 3.6191485 -1.6792635
-10.015459 3.6050138 -1.7843649
-10.166474 3.3845489 -1.7961873
-10.245156 3.1382103 -1.7961802
-10.38457 2.6401994 -1.796168
-10.548271 1.8820428 -1.7961541
-10.698056 0.59851807 -1.7961432
-10.71334 -0.17695434 -1.7961439
-10.705937 -0.43544129 -1.7961453
-10.692344 -0.69367915 -1.7961475
-10.646436 -1.2087835 -1.7961534
-10.614209 -1.4653622 -1.7961574
-10.575771 -1.7210836 -1.7961619
-10.531181 -1.9758031 -1.7961669
-10.423662 -2.4816802 -1.7961791
-10.291855 -2.9817593 -1.7961934
-10.216943 -3.2292721 -1.7962015
-10.136074 -3.4749007 -1.7962102
-9.8583202 -4.1991158 -1.7962396
-9.7541695 -4.4358244 -1.7962505
-9.6443357 -4.6699533 -1.7962619
-9.4079103 -5.1299372 -1.7962865
-9.281455 -5.3555188 -1.7962996
-9.1495409 -5.5780048 -1.7963132
-9.0123634 -5.7972245 -1.7963274
-8.8699026 -6.0130715 -1.796342
-8.5695801 -6.4341478 -1.7963727
-7.882441 -6.8637438 -1.7520871
-7.519824 -6.8739905 -1.7078695
-6.9114552 -6.959064 -1.644137
-6.5677733 -7.2845926 -1.6441717
-6.2087693 -7.5931993 -1.6442078
-5.4482031 -8.1566658 -1.6442841
-5.0484276 -8.4102516 -1.6443243
-4.6368651 -8.6442661 -1.6443653
-4.2144628 -8.8581467 -1.6444075
-3.9995604 -8.9573927 -1.6444288
-3.7822559 -9.0514193 -1.6444505
-3.5627637 -9.1401968 -1.6444724
-3.3411913 -9.223628 -1.6444943
-3.117666 -9.3017006 -1.6445166
-2.892334 -9.3743553 -1.6445389
-2.665293 -9.4415512 -1.6445613
-1.9753906 -9.6100283 -1.6446296
-1.5094433 -9.694418 -1.6446756
-1.2750585 -9.7281599 -1.6446987
-1.0399706 -9.7562294 -1.644722
-0.56801754 -9.7953224 -1.6447684
-0.33144531 -9.8063269 -1.6447917
-0.084462889 -8.7478352 -1.4664845
0.14208984 -9.8111687 -1.6448382
0.37881836 -9.8050213 -1.6448615
0.85149413 -9.7756023 -1.6449078
1.0871875 -9.7523413 -1.6449308
1.3222363 -9.7234011 -1.6449538
2.0222559 -9.6026802 -1.6450223
2.938623 -9.3635464 -1.6451116
3.1637695 -9.2900229 -1.6451335
3.3870506 -9.2110872 -1.6451552
3.8277538 -9.0372009 -1.645198
4.0446582 -8.9422903 -1.645219
4.2593555 -8.842185 -1.6452398
4.4715428 -8.7369337 -1.6452603
4.8880177 -8.5112085 -1.6453005
5.2931151 -8.265646 -1.6453396
5.4911132 -8.1355972 -1.6453587
5.8774314 -7.8613396 -1.6453959
6.4309373 -7.4158001 -1.6454489
6.6080761 -7.2585287 -1.645466
6.7813964 -7.0970178 -1.6454824
7.0166798 -6.9971066 -1.6611063
7.3595409 -6.9930406 -1.7018183
7.7196875 -6.9886041 -1.7455806
8.0988865 -6.9837623 -1.7926807
8.2897358 -6.8065357 -1.7980298
8.6086521 -6.398735 -1.7980599
8.9075003 -5.9759874 -1.7980881
9.3166895 -5.3160667 -1.7981263
9.7859173 -4.3933983 -1.7981696
9.8891602 -4.1559854 -1.7981791
9.9866209 -3.9161491 -1.798188
10.078252 -3.6740217 -1.7981963
10.243876 -3.1834929 -1.7982112
10.317763 -2.9353697 -1.7982178
10.447451 -2.4341087 -1.798229
10.503164 -2.1812832 -1.7982337
10.552793 -1.9271874 -1.7982379
10.59624 -1.6719662 -1.7982414
10.726562 0.13349181 -1.798249
10.68876 0.90912598 -1.798243
10.632392 1.4238 -1.7982359
10.594922 1.6799664 -1.7982315
10.55125 1.9351507 -1.7982265
10.445508 2.441983 -1.7982147
10.383515 2.6933386 -1.7982078
9.4901466 3.46773 -1.6937281
9.0475683 3.8103478 -1.6456733
8.9529295 4.0275526 -1.6456634
8.8530664 4.2424059 -1.645653
8.5227833 4.8716331 -1.6456187
8.4026756 5.0758457 -1.6456064
8.1478615 5.4752817 -1.6455801
8.0133295 5.6702976 -1.645575
6.3134961 5.4525852 -1.3984022
6.0167966 5.4553418 -1.3614602
5.4673533 5.460443 -1.2953091
5.2118845 5.4628134 -1.2656585
4.8916993 5.3814402 -1.2190922
4.6613965 5.3835778 -1.1937349
4.4408107 5.3861814 -1.1702037
4.293076 5.4707813 -1.165729
4.0850878 5.4727111 -1.144794
3.5021875 5.4781127 -1.0899246
3.3197558 5.4798045 -1.0740037
3.1424706 5.4814453 -1.0591488
2.9699121 5.4830441 -1.0452988
2.6375487 5.4861193 -1.0204055
2.4770508 5.4876051 -1.0092658
2.3199315 5.4890585 -0.99894249
2.1658983 5.4904819 -0.9893983
1.8660644 5.4932556 -0.97251934
1.5756347 5.4959388 -0.95840216
1.1538671 5.4998326 -0.94201213
1.0161914 5.501102 -0.93775427
0.87965816 5.5023632 -0.93407673
0.74413085 5.503613 -0.93096882
0.47540039 5.5060902 -0.92642295
0.075605467 5.5097742 -0.92369282
-0.057382811 5.5109982 -0.92386097
-0.19051757 5.5122242 -0.92456836
-0.450791 5.4308348 -0.91350365
-0.85038084 5.4345093 -0.92207509
-1.0007714 5.5197668 -0.94036514
-1.2791992 5.5223241 -0.95021969
-1.4207813 5.5236239 -0.95606649
-1.5641992 5.5249414 -0.96254963
-1.857373 5.5276327 -0.97750974
-2.1605272 5.5304136 -0.99529785
-2.4756737 5.5333033 -1.016156
-2.9759765 5.5378857 -1.0538682
-3.7095506 5.5445995 -1.1182786
-4.3257909 5.5502353 -1.1795967
-4.5469532 5.552258 -1.2030035
-5.719502 5.4791832 -1.327718
-7.0800681 5.5793309 -1.5110672
-7.8474317 5.8826771 -1.6440601
-8.1217384 5.4969239 -1.6439819
-8.2519627 5.2992892 -1.6439697
-8.6135159 4.6883459 -1.6439359
-8.7241116 4.4790869 -1.6439258
-8.8295803 4.2672238 -1.643916
-9.1485834 3.6305449 -1.649941
-10.138603 3.4672039 -1.7961897
-10.219277 3.2215142 -1.7961825
-10.362734 2.7246528 -1.7961699
-10.532607 1.9678484 -1.7961553
-10.615253 1.4573474 -1.7961488
-10.647324 1.2007507 -1.7961464
-10.673183 0.94345337 -1.7961445
-10.70626 0.42734924 -1.7961428
-10.713457 0.16885254 -1.7961428
-10.697607 -0.60660946 -1.7961466
-10.679883 -0.86459285 -1.7961491
-10.655928 -1.1220733 -1.7961524
-10.625781 -1.3789032 -1.7961559
-10.498261 -2.1439843 -1.7961707
-10.443496 -2.3967171 -1.7961769
-10.382656 -2.6480575 -1.7961836
-10.242881 -3.1459858 -1.7961987
-10.164003 -3.3922691 -1.7962072
-10.079247 -3.6365786 -1.7962162
-9.9886131 -3.8787766 -1.7962259
-9.892148 -4.1187196 -1.7962359
-9.7899408 -4.3562655 -1.7962468
-9.6820211 -4.5912819 -1.7962581
-9.5684566 -4.823627 -1.7962698
-9.0592184 -5.7236285 -1.7963225
-8.9185352 -5.9406323 -1.7963369
-8.7726364 -6.154192 -1.7963519
-8.6216497 -6.3641582 -1.7963673
-7.6400876 -6.8706107 -1.7224255
-6.7993455 -7.0687561 -1.6441483
-6.6268454 -7.2308612 -1.6441658
-6.270371 -7.5423565 -1.6442016
-5.7084961 -7.9764781 -1.644258
-5.5144238 -8.1120167 -1.6442776
-4.9133201 -8.4899855 -1.6443378
-4.7070603 -8.6061954 -1.6443583
-4.2864256 -8.8235168 -1.6444002
-4.0723143 -8.9245005 -1.6444217
-3.8558006 -9.0202913 -1.6444432
-3.1932909 -9.2759638 -1.644509
-2.9685254 -9.3504581 -1.6445312
-2.7420702 -9.4194984 -1.6445538
-2.0535545 -9.5935879 -1.6446218
-1.5883007 -9.6817589 -1.6446677
-1.1193359 -9.7473984 -1.644714
-0.64774412 -9.7903318 -1.6447606
-0.41128907 -9.8032503 -1.6447837
0.055927735 -8.8260088 -1.4795516
0.2990039 -9.8077326 -1.6448536
0.77188474 -9.7821608 -1.6449
1.0077734 -9.7608175 -1.6449231
1.2430273 -9.7337923 -1.6449461
1.4775878 -9.701107 -1.644969
1.711289 -9.6627474 -1.6449919
2.6348436 -9.4533348 -1.6450819
2.8622558 -9.3871136 -1.6451042
3.3119237 -9.2383223 -1.6451478
3.5339649 -9.1558247 -1.6451695
3.9717283 -8.9748764 -1.6452119
4.1872168 -8.8765354 -1.6452328
4.6107616 -8.6643715 -1.6452738
5.2256541 -8.3084249 -1.6453332
5.4246874 -8.1799946 -1.6453522
5.6205759 -8.0467987 -1.6453712
6.7233787 -7.1519656 -1.6454769
7.2420506 -6.9944525 -1.6877578
7.5961814 -6.9901438 -1.7304603
8.2340136 -6.873776 -1.7980245
8.5562305 -6.4685864 -1.7980549
8.8585253 -6.0483084 -1.7980834
9.0019627 -5.832808 -1.7980969
9.2730665 -5.3917179 -1.7981222
9.400547 -5.1664023 -1.7981341
9.5225286 -4.938067 -1.7981454
9.6389742 -4.7068601 -1.7981563
10.135761 -3.5123799 -1.7982016
10.363399 -2.7699852 -1.7982217
10.485068 -2.26671 -1.7982322
10.582266 -1.7581683 -1.7982403
10.621631 -1.5022818 -1.7982434
10.654804 -1.2455237 -1.7982459
10.681767 -0.98803771 -1.7982478
10.70251 -0.72997254 -1.7982491
10.723037 0.30502564 -1.7982481
10.712539 0.56370789 -1.7982463
10.672832 1.0799347 -1.7982409
10.608242 1.5936633 -1.7982332
10.566679 1.8491949 -1.7982283
10.518935 2.1036491 -1.7982228
10.405097 2.6087232 -1.7982103
10.267031 3.1077087 -1.7981951
9.7123823 3.4595728 -1.7283053
8.6756439 4.59411 -1.6456345
8.4437399 5.0072899 -1.6456106
8.1921873 5.4087925 -1.6455847
8.059082 5.604774 -1.6455466
7.4356933 5.4421592 -1.5446401
7.075449 5.4455066 -1.4966764
6.1151266 5.4544287 -1.3736136
5.8286424 5.4570899 -1.3384612
5.2967482 5.4620261 -1.2754251
4.737998 5.3828673 -1.2020929
4.5139356 5.3849449 -1.1778812
4.324863 5.419879 -1.1623445
4.1543946 5.4720664 -1.1516961
3.5649512 5.4775314 -1.0955467
3.3806932 5.4792395 -1.0792509
3.027627 5.4825096 -1.0498626
2.8580077 5.4840794 -1.0366502
2.5308008 5.4871082 -1.0129308
2.3725684 5.4885716 -1.0023353
2.2175195 5.490006 -0.99253243
1.200586 5.4994016 -0.94357985
1.0624902 5.5006762 -0.93912482
0.92560548 5.5019398 -0.9352529
0.78975582 5.5031919 -0.93195415
0.65479493 5.504436 -0.92921758
0.52053708 5.5056748 -0.92703509
0.38684571 5.5069065 -0.92540127
0.12046875 5.5093613 -0.92375737
-0.012519531 5.5105858 -0.9237448
-0.40628904 5.4305162 -0.91286385
-0.53844726 5.4316406 -0.91497046
-0.67132813 5.4328637 -0.91764057
-0.80504882 5.434093 -0.92086112
-1.3728321 5.5231848 -0.95402473
-1.5155957 5.5244956 -0.96029079
-1.6603417 5.5258241 -0.96720672
-1.9566308 5.5285425 -0.98308003
-2.108623 5.5299377 -0.99209005
-2.2635252 5.5313559 -1.0018553
-2.4215918 5.532805 -1.01241
-2.9178319 5.5373521 -1.0492105
-3.0916991 5.5389438 -1.0633448
-3.4544432 5.5422668 -1.0947435
-5.1036816 5.5572348 -1.4401991
-6.5476952 5.5965819 -1.6441363
-6.6807714 5.4368882 -1.6441237
-6.9352441 5.1081324 -1.6440996
-7.0564356 4.9392505 -1.6440883
-7.2864356 4.5929551 -1.6440666
-7.3951168 4.4157457 -1.6440566
-7.4994922 4.2359753 -1.6440468
-7.5994725 4.0537376 -1.6440375
-8.6559858 3.5934289 -1.788946
-8.7762403 3.3974473 -1.7963238
-8.8556347 3.1846509 -1.7963165
-8.9989061 2.7536333 -1.7963036
-9.2648335 1.6502868 -1.7962807
-9.3019333 1.4262146 -1.7962779
-9.333642 1.2013165 -1.7962755
-9.4059572 0.29606077 -1.7962708
-9.4103613 0.06897705 -1.7962712
-9.409297 -0.1581317 -1.7962719
-9.3907127 -0.61195374 -1.796275
-9.3732224 -0.83839905 -1.7962774
-9.3219042 -1.2897022 -1.7962838
-9.2880764 -1.5142868 -1.7962878
-9.248847 -1.7379931 -1.7962922
-9.0383787 -2.6214263 -1.7963154
-8.9725094 -2.8387897 -1.7963226
-8.9014349 -3.0545037 -1.7963302
-8.8251562 -3.2684393 -1.7963383
-8.6572752 -3.6904929 -1.796356
-8.565732 -3.8983638 -1.7963656
-8.4692183 -4.1039658 -1.7963758
-8.261445 -4.5078845 -1.7963973
-8.1502924 -4.7059736 -1.7964088
-7.788662 -5.2833557 -1.7964461
-7.6589646 -5.4698167 -1.7964593
-7.524775 -5.6530895 -1.796473
-7.3862205 -5.8330827 -1.7964871
-7.2433496 -6.0096827 -1.7965018
-6.9450583 -6.3522868 -1.7965319
-6.7897849 -6.5180917 -1.7965477
-6.4674997 -6.8382397 -1.7965803
-6.1946678 -6.8747525 -1.7663713
-5.9073339 -6.8828754 -1.7313139
-4.7828321 -7.1650033 -1.6443467
-4.2521386 -7.4924755 -1.6443999
-3.885752 -7.6890826 -1.6444364
-3.6990917 -7.780704 -1.644455
-3.3194335 -7.9503136 -1.6444927
-2.9320507 -8.101409 -1.6445312
-2.5377636 -8.2336426 -1.6445702
-2.3383789 -8.2925844 -1.6445901
-1.9355663 -8.3959589 -1.64463
-1.5282421 -8.4797831 -1.6446702
-0.91083008 -8.5684366 -1.644731
-0.49634764 -8.6026258 -1.6447721
0.33516601 -8.6108389 -1.6448536
0.54289061 -8.6003485 -1.6448741
1.1636719 -8.5388575 -1.6449348
1.3694824 -8.5084066 -1.6449549
1.5743555 -8.472971 -1.6449749
2.3838477 -8.2821655 -1.645054
2.5830469 -8.2223215 -1.6450734
2.7807519 -8.1576939 -1.6450926
3.171201 -8.0142031 -1.6451304
3.554287 -7.8520341 -1.6451677
3.7427831 -7.7640581 -1.6451859
4.1131349 -7.5745902 -1.6452217
4.2947559 -7.4732003 -1.6452392
4.4739161 -7.367456 -1.6452566
4.6504297 -7.2574215 -1.6452736
5.7640328 -6.9761343 -1.7273078
6.050127 -6.9726086 -1.7620833
6.830039 -6.4861455 -1.7978854
6.9846287 -6.3194766 -1.7979002
7.1351657 -6.1491342 -1.7979144
7.2815332 -5.9751954 -1.7979283
7.5614648 -5.6169801 -1.7979548
7.8237987 -5.2456665 -1.7979794
8.2931929 -4.4672194 -1.7980233
8.398613 -4.265801 -1.7980331
8.4991693 -4.0619006 -1.7980424
8.6853514 -3.647119 -1.7980595
3.0548437 -0.86813718 -0.60618711
3.0518847 -0.78821778 -0.60164946
9.3654976 -1.0148566 -1.7981186
9.4143944 -0.33469361 -1.7981215
9.4197264 -0.10740173 -1.7981213
9.41957 0.11995178 -1.7981207
9.4139252 0.34723815 -1.7981194
9.4028025 0.57431394 -1.7981176
9.3861914 0.80105525 -1.7981154
9.2651949 1.7020416 -1.7981008
9.1722164 2.1471014 -1.7980905
3.0520411 0.7925964 -0.60188717
3.0550096 0.87258667 -0.60645193
3.0583007 0.95392758 -0.6114971
8.2446089 3.4749701 -1.7077707
7.8611231 3.5391099 -1.6455575
7.6811228 3.9142504 -1.6455388
7.5843749 4.0984559 -1.6455288
7.2678809 4.6362891 -1.6454961
7.1538281 4.8102918 -1.6454844
6.913291 5.1497827 -1.6454599
6.6566305 5.4772754 -1.6454337
6.5224023 5.6362281 -1.6454054
6.0132227 5.455255 -1.5497327
5.7318454 5.457871 -1.5107285
5.4641209 5.4603601 -1.4744772
4.8887892 5.3813596 -1.3877528
4.6586132 5.3834996 -1.3589069
4.4381347 5.3861046 -1.3321323
4.0825682 5.4726329 -1.3032391
3.317539 5.4797287 -1.2226998
2.4751172 5.487534 -1.1490521
2.3180273 5.4889894 -1.1373082
2.012871 5.4918127 -1.1164448
1.5739062 5.4958701 -1.0911956
1.4316796 5.4971838 -1.0842786
1.2911718 5.4984827 -1.0780727
1.1521777 5.4997654 -1.0725589
1.0145215 5.5010376 -1.067719
0.7425195 5.5035462 -1.0600082
0.47378907 5.5060253 -1.0548469
0.074013673 5.5097079 -1.0517613
-0.19208984 5.5121579 -1.0527726
-0.45236328 5.430769 -1.0401884
-0.58477539 5.4319873 -1.0428218
-0.71791989 5.4332104 -1.0460788
-1.2808496 5.5222559 -1.0820419
-1.5658984 5.5248728 -1.0960984
-1.7113769 5.526207 -1.1042382
-2.1623437 5.5303416 -1.1334248
-2.3183203 5.5317712 -1.1448532
-3.1535058 5.5394177 -1.2166648
-3.5199707 5.5427685 -1.2532886
-3.7118163 5.5445237 -1.2735738
-3.9101074 5.5463343 -1.2952937
-4.1154003 5.5482101 -1.3185484
-4.3283105 5.5501547 -1.3434489
-4.7799215 5.5542798 -1.3987092
-5.0202146 5.5564718 -1.4293622
-6.3637986 5.8050904 -1.6441729
-6.6363087 5.491118 -1.644128
-6.7668357 5.3293324 -1.6441156
-6.8934469 5.1644444 -1.6441035
-7.4647555 4.2968969 -1.64405
-7.5662498 4.1154785 -1.6440405
-8.748291 3.468786 -1.7963263
-8.9054098 3.0426128 -1.7963121
-8.9762011 2.8268011 -1.7963058
-9.1020994 2.3903856 -1.7962947
-9.1571093 2.1700323 -1.7962899
-9.2511129 1.7256609 -1.7962821
-9.323554 1.2772607 -1.7962762
-9.3915138 0.59943908 -1.7962714
-9.4102631 -0.081523433 -1.7962717
-9.3797455 -0.76206601 -1.7962766
-9.3586226 -0.98820251 -1.7962793
-9.3320704 -1.2137725 -1.7962826
-9.3000879 -1.4386145 -1.7962862
-9.2626753 -1.6626358 -1.7962908
-9.1717091 -2.1076465 -1.7963009
-9.0593939 -2.5477514 -1.7963133
-8.9953127 -2.7656455 -1.7963202
-8.8514748 -3.1964798 -1.7963356
-8.0740232 -4.8357453 -1.7964166
-7.8313866 -5.2197552 -1.7964416
-7.7032027 -5.4072647 -1.7964548
-7.2920213 -5.9504952 -1.7964967
-7.1463571 -6.124795 -1.7965115
-6.8426266 -6.4625845 -1.7965423
-6.6847363 -6.6258936 -1.7965584
-6.5229588 -6.7853379 -1.7965747
-6.2942185 -6.8719006 -1.7787449
-6.0029883 -6.8801904 -1.7428753
-5.4532714 -6.8953595 -1.6780272
-5.1930175 -6.9023066 -1.648733
-5.0115137 -7.0068278 -1.6443238
-4.8409958 -7.1258044 -1.644341
-4.4916406 -7.3512368 -1.6443759
-4.1317868 -7.5595775 -1.6444117
-3.9482031 -7.6571712 -1.6444302
-3.7622948 -7.7503028 -1.6444486
-3.5742188 -7.8389316 -1.6444675
-3.384043 -7.9229903 -1.6444863
-3.1919043 -8.0024462 -1.6445054
-2.8021092 -8.1473265 -1.6445441
-2.604707 -8.2126789 -1.6445637
-2.4058008 -8.2732372 -1.6445833
-2.2054687 -8.328989 -1.6446033
-2.0038574 -8.3798923 -1.6446233
-1.8010741 -8.4259071 -1.6446432
-1.5971972 -8.467021 -1.6446633
-1.3924316 -8.5032129 -1.6446836
-0.98056638 -8.5607033 -1.6447242
-0.77370113 -8.5819798 -1.6447446
-0.56636715 -8.5982542 -1.644765
-0.15084961 -8.6157875 -1.6448059
0.26505858 -8.6132412 -1.6448468
0.68038082 -8.5906372 -1.6448874
1.3000684 -8.5192165 -1.6449481
1.9130468 -8.4031649 -1.6450081
2.3163476 -8.3012629 -1.6450474
2.9108789 -8.1122389 -1.6451052
3.2989843 -7.9625158 -1.6451429
3.8664939 -7.7032628 -1.6451979
4.2337599 -7.5078878 -1.6452334
4.4137692 -7.4036083 -1.6452508
4.5912108 -7.2950182 -1.645268
4.9379978 -7.065136 -1.6453013
6.2461133 -6.9700994 -1.7864679
6.4533691 -6.8607678 -1.7978495
6.6171384 -6.7030954 -1.7978652
6.7769823 -6.5415068 -1.7978804
7.0848436 -6.2069945 -1.7979096
7.2326269 -6.0342612 -1.7979237
7.6503806 -5.4953575 -1.7979633
7.7808299 -5.3091726 -1.7979754
8.028017 -4.9276209 -1.7979987
8.2565327 -4.5345788 -1.79802
8.4658003 -4.1309519 -1.7980393
8.563076 -3.925468 -1.7980483
8.742588 -3.5077579 -1.7980647
3.0629981 -1.0604438 -0.61870331
3.0559082 -0.89538997 -0.6078254
3.0528417 -0.81503415 -0.60312694
3.0500879 -0.73592895 -0.59889835
9.2081347 -1.9878854 -1.7981061
9.253437 -1.7650964 -1.7981099
9.2933588 -1.5412772 -1.7981131
9.3278713 -1.3165528 -1.7981158
9.3569336 -1.0910681 -1.798118
9.3986616 -0.63831967 -1.7981209
9.4185247 -0.18408813 -1.7981215
9.4164352 0.27059266 -1.7981199
9.4071579 0.49775144 -1.7981182
9.3924017 0.72462094 -1.7981162
9.3721676 0.9510687 -1.7981135
9.3464651 1.1769617 -1.7981104
9.3153315 1.4021667 -1.7981067
9.1894045 2.072365 -1.7980924
3.0511034 0.76589721 -0.60045338
3.0539746 0.84546143 -0.60485852
3.0606639 1.0086511 -0.61511642
3.064502 1.0925829 -0.6210072
7.9303317 3.4929125 -1.6540397
7.8034959 3.6643732 -1.6455516
7.6174903 4.036582 -1.6455321
7.3053808 4.5769787 -1.6454999
7.1927633 4.7519102 -1.6454884
7.0759277 4.9240637 -1.6454765
6.9549899 5.0933471 -1.6454642
6.8299999 5.2596607 -1.6454513
6.7010446 5.4229126 -1.6454382
6.5679784 5.5828638 -1.645383
5.5529685 5.4595346 -1.4864125
5.0458884 5.4642467 -1.4196756
4.1518455 5.4719911 -1.3110908
3.5626562 5.477457 -1.247211
2.855957 5.4840064 -1.1802049
2.6904979 5.4855394 -1.1662174
2.3706737 5.4885011 -1.1411698
1.7671191 5.4940844 -1.1015952
1.6222949 5.4954233 -1.0936925
1.4794629 5.4967432 -1.0865314
1.3383985 5.4980469 -1.0800886
1.1989062 5.4993348 -1.0743419
0.65318358 5.5043712 -1.0580196
0.38524413 5.5068407 -1.0536879
0.11887695 5.5092945 -1.0518322
-0.28045899 5.5129709 -1.0536497
-0.67291993 5.4327979 -1.0449101
-0.95597655 5.5192723 -1.0691766
-1.0940235 5.5205417 -1.0742255
-1.6620703 5.5257545 -1.1014072
-1.8090234 5.5271029 -1.1100564
-1.9583983 5.5284729 -1.1195005
-2.11042 5.5298667 -1.1297686
-2.2653515 5.5312853 -1.1408988
-2.9198437 5.5372791 -1.1948678
-3.4566112 5.5421886 -1.2467535
-3.6464159 5.5439243 -1.2665751
-3.8424609 5.5457163 -1.2877998
-4.4739552 5.5514865 -1.3609204
-4.9379978 5.5557227 -1.4187808
-5.18541 5.557981 -1.4508995
-5.6334567 5.4822216 -1.5004176
-5.9109373 5.4808116 -1.538635
-6.851191 5.2204027 -1.6441075
-7.3222556 4.5355835 -1.6440632
-7.631074 3.9939318 -1.6440345
-7.8223338 3.6245184 -1.6456002
-8.2932711 3.6022406 -1.7258766
-8.8026361 3.3284216 -1.7963214
-9.0823431 2.464406 -1.7962964
-9.1391211 2.2445006 -1.7962915
-9.3427925 1.1279895 -1.7962747
-9.407773 -0.23201415 -1.7962723
-9.3663673 -0.91198301 -1.7962784
-9.3416309 -1.1377484 -1.7962813
-9.3114939 -1.3628558 -1.796285
-9.275898 -1.5871731 -1.7962892
-9.2349215 -1.8105651 -1.7962939
-9.079834 -2.4739194 -1.796311
-9.017519 -2.6923261 -1.7963177
-8.8771877 -3.1243114 -1.7963328
-8.7161713 -3.5490456 -1.7963499
-8.436738 -4.1703444 -1.7963791
-8.225791 -4.5726285 -1.796401
-8.1130953 -4.769835 -1.7964126
-7.9956541 -4.9642782 -1.7964246
-7.6157908 -5.5298028 -1.7964637
-7.4801755 -5.7120175 -1.7964774
-7.3401952 -5.890914 -1.7964919
-6.7384276 -6.5712357 -1.7965529
-5.2798047 -6.9000077 -1.6583953
-5.0683789 -6.9657803 -1.6443181
-4.8988376 -7.0861335 -1.6443352
-4.7264647 -7.202363 -1.6443524
-4.3735251 -7.4221878 -1.6443876
-4.1931739 -7.525661 -1.6444056
-4.0103807 -7.6247458 -1.644424
-3.8252635 -7.7193952 -1.6444424
-3.4484179 -7.8951578 -1.64448
-3.0635254 -8.0525293 -1.6445181
-2.86833 -8.1242151 -1.6445376
-2.6714745 -8.1911612 -1.6445571
-2.2731836 -8.31073 -1.6445966
-2.0720117 -8.3632631 -1.6446165
-1.86958 -8.4109316 -1.6446365
-1.4616113 -8.4915581 -1.6446768
-0.63635743 -8.5933266 -1.6447581
-0.42878905 -8.606288 -1.6447786
-0.22095703 -8.6142321 -1.644799
0.19495116 -8.6150837 -1.6448399
0.81767577 -8.5787315 -1.6449009
1.0244726 -8.5566015 -1.6449212
2.248662 -8.319808 -1.6450408
2.8447266 -8.1356344 -1.6450988
3.2340429 -7.98908 -1.6451365
4.8802342 -7.105082 -1.6452956
5.0495114 -6.9841785 -1.6450448
5.3086815 -6.9813929 -1.6740876
5.5771875 -6.9783468 -1.7051432
5.8558688 -6.9750204 -1.7383641
6.1456833 -6.9713945 -1.7739177
6.3972654 -6.9130588 -1.7978442
6.5623341 -6.7567215 -1.7978599
6.7234669 -6.5964475 -1.7978753
6.8807812 -6.4323368 -1.7978903
7.1832323 -6.0929294 -1.7979189
7.4689746 -5.7393303 -1.797946
7.605361 -5.557457 -1.797959
7.8647556 -5.1840744 -1.7979834
7.9876366 -4.9928012 -1.7979949
8.1058397 -4.7986197 -1.7980059
8.219326 -4.6016326 -1.7980164
8.3280268 -4.4019651 -1.7980266
8.5308199 -3.9950507 -1.7980453
8.6247749 -3.7880375 -1.7980539
8.7975874 -3.3675101 -1.7980697
3.0538476 -0.84200013 -0.60465908
3.0509863 -0.76248044 -0.60027313
9.2387495 -1.8403625 -1.7981085
9.2804785 -1.6168786 -1.798112
9.3931837 -0.71481872 -1.7981204
9.4202633 -0.033439942 -1.7981211
9.4183197 0.1939038 -1.7981203
9.3264551 1.3262885 -1.798108
9.2916994 1.5509679 -1.7981039
9.205986 1.9974804 -1.7980942
3.0529785 0.81848204 -0.60332054
3.0631738 1.0640783 -0.61896116
8.5994921 3.4607587 -1.7693763
8.0820799 3.481447 -1.6797191
7.6501269 3.9744444 -1.6455356
7.5519333 4.1578736 -1.6455255
7.4493551 4.3388867 -1.6455148
7.3424315 4.5173597 -1.6455038
7.1158104 4.8663025 -1.6454805
6.9962497 5.0365663 -1.6454682
6.8725977 5.2038965 -1.6454556
6.7449803 5.3681908 -1.6454426
6.4780369 5.687335 -1.6454266
5.643281 5.4586935 -1.498642
5.379746 5.4611435 -1.4632363
5.1282129 5.4634814 -1.4302765
4.8128419 5.3820667 -1.3781489
4.5857615 5.3841758 -1.3499495
4.3681054 5.386754 -1.323774
4.222002 5.4713392 -1.319128
4.0165234 5.4732456 -1.2958343
3.8180664 5.4750891 -1.2740781
3.43999 5.4785948 -1.234784
3.2593455 5.4802685 -1.2170734
3.0837109 5.4818969 -1.2005528
2.7458789 5.4850278 -1.1708217
2.5829687 5.4865355 -1.1574974
1.9642577 5.4922619 -1.1133662
1.816455 5.493629 -1.1044325
1.6709276 5.4949732 -1.0962746
1.3857909 5.4976087 -1.0821828
0.83382809 5.5027037 -1.06232
0.69861329 5.5039511 -1.0589975
0.56414062 5.5051913 -1.0563068
0.43029296 5.5064259 -1.0542443
0.29686522 5.5076551 -1.0528008
0.030761719 5.5101047 -1.0517592
-0.62800777 5.432384 -1.0438133
-0.76142579 5.4336119 -1.0472744
-0.89583981 5.4348459 -1.0513748
-1.0473144 5.520112 -1.0724481
-1.4689062 5.523983 -1.0910323
-1.6129882 5.5253038 -1.0986633
-1.7591991 5.5266466 -1.1070518
-2.6941698 5.5352125 -1.1750404
-3.0345702 5.5383277 -1.2054136
-3.3938963 5.5416174 -1.2403666
-3.5817187 5.5433326 -1.2597374
-4.1837988 5.5488353 -1.3264626
-4.6234665 5.5528512 -1.3792068
-5.1006932 5.5572071 -1.4398094
-5.3557224 5.5595345 -1.473484
-5.5416112 5.4813843 -1.4877925
-5.8143258 5.4799314 -1.5250475
-6.8084764 5.2760105 -1.6441116
-7.0549998 4.9412866 -1.6440884
-7.1721482 4.7695642 -1.6440773
-7.3938575 4.4178843 -1.6440566
-7.5983105 4.0559349 -1.6440376
-7.6939449 3.8713536 -1.6440288
-7.7850876 3.6845324 -1.6440202
-8.1212788 3.6063929 -1.6961335
-8.8547163 3.1872034 -1.7963166
-8.9290133 2.9725823 -1.7963099
-9.0619822 2.538275 -1.7962981
-9.1205664 2.3188415 -1.796293
-9.2217865 1.8760601 -1.7962844
-9.3596287 0.97841978 -1.7962735
-9.405859 0.29877257 -1.7962708
-9.4103413 0.071695559 -1.7962712
-9.4028606 -0.38243833 -1.7962731
-9.373457 -0.83569092 -1.7962774
-9.2047949 -1.9580441 -1.7962973
-9.0391207 -2.6188214 -1.7963154
-8.9023142 -3.0519354 -1.7963301
-8.658349 -3.687993 -1.7963558
-8.4703903 -4.10151 -1.7963755
-8.2627144 -4.5054975 -1.7963972
-8.0357904 -4.8990107 -1.7964206
-7.7901659 -5.2811084 -1.7964458
-7.5263867 -5.650919 -1.7964729
-7.0980563 -6.1807361 -1.7965164
-6.9468651 -6.3502746 -1.7965318
-6.7916794 -6.5161295 -1.7965475
-6.6325192 -6.6781926 -1.7965636
-6.1981931 -6.8746519 -1.7668077
-4.7849121 -7.1636248 -1.6443466
-4.6106834 -7.2770877 -1.644364
-4.4337888 -7.3863115 -1.6443816
-4.2542968 -7.4912395 -1.6443995
-4.0723243 -7.591815 -1.6444176
-3.887959 -7.6879601 -1.6444361
-3.5125878 -7.8667831 -1.6444736
-3.1289647 -8.0272903 -1.6445117
-2.934375 -8.100564 -1.644531
-2.7380664 -8.1691113 -1.6445504
-2.5401464 -8.2329102 -1.6445701
-2.1399999 -8.3460817 -1.6446098
-1.9379883 -8.3954029 -1.6446298
-0.7062695 -8.5878239 -1.6447512
-0.29107422 -8.6121168 -1.6447921
-0.083173826 -8.6167421 -1.6448126
0.33270508 -8.6109352 -1.6448535
0.74782223 -8.5850592 -1.6448941
0.95478511 -8.56462 -1.6449144
2.1808496 -8.3378162 -1.6450342
2.5806932 -8.2230635 -1.6450731
2.7784081 -8.1584911 -1.6450922
2.9745312 -8.08916 -1.6451113
3.1688964 -8.0151148 -1.6451303
3.5520117 -7.8530545 -1.6451675
3.7405272 -7.7651367 -1.6451857
3.9268749 -7.6726894 -1.6452037
4.1109376 -7.5757709 -1.6452215
4.2925878 -7.4744406 -1.6452391
4.4717674 -7.3687525 -1.6452563
4.6483397 -7.2587643 -1.6452734
5.2202635 -6.9823613 -1.6640742
5.4855175 -6.9794049 -1.6944346
5.7607031 -6.9761753 -1.7269076
6.3407421 -6.9648829 -1.7978388
6.6695604 -6.6509442 -1.7978702
6.8281641 -6.4881163 -1.7978853
6.9828024 -6.3214903 -1.7979001
7.1333885 -6.1511927 -1.7979143
7.2798047 -5.9772997 -1.7979281
7.4219823 -5.7999258 -1.7979416
7.5598435 -5.6191692 -1.7979547
7.6932907 -5.4351335 -1.7979672
8.066474 -4.8644376 -1.7980021
8.1815815 -4.6683869 -1.798013
8.2919044 -4.4696093 -1.7980232
8.4979877 -4.0643568 -1.7980423
8.8503218 -3.2263854 -1.7980745
3.0617578 -1.0331634 -0.61679447
3.0581543 -0.9503845 -0.61126882
9.2234669 -1.9155148 -1.7981073
9.3870411 -0.7912634 -1.79812
9.4143066 -0.33741331 -1.7981215
9.4197063 -0.11012939 -1.7981213
9.4196091 0.11722839 -1.7981207
9.4029493 0.57161009 -1.7981176
9.3864155 0.79835689 -1.7981154
9.3040037 1.4752783 -1.7981052
9.172842 2.1444526 -1.7980905
3.052002 0.79164857 -0.60183555
3.0549805 0.87162107 -0.60639477
3.0582616 0.95294493 -0.6114338
3.0618749 1.0357739 -0.61697495
8.7671576 3.4455755 -1.7980468
8.2506447 3.4747252 -1.7088177
7.8621383 3.5368512 -1.6455576
7.7744627 3.7255383 -1.6455485
7.6822362 3.9120398 -1.6455389
6.9147558 5.1477904 -1.64546
6.788486 5.3131175 -1.645447
6.5240526 5.6343369 -1.6454046
5.467236 5.4603305 -1.4748944
5.2117872 5.4627051 -1.4411343
4.8916016 5.3813353 -1.3881109
4.6613083 5.3834753 -1.3592412
4.4407225 5.3860812 -1.3324478
3.6901464 5.4762745 -1.260458
3.5021288 5.4780173 -1.2410384
3.3196971 5.4797091 -1.22291
3.1424119 5.4813523 -1.2059971
2.8016796 5.484509 -1.175541
2.6375098 5.4860301 -1.1618818
2.4770117 5.4875159 -1.1491975
1.8660449 5.4931688 -1.1073575
1.5756152 5.4958558 -1.0912831
1.4333692 5.4971681 -1.0843574
1.2928516 5.4984679 -1.0781434
1.1538379 5.4997511 -1.0726212
0.87965816 5.5022812 -1.0635864
0.74413085 5.5035315 -1.0600463
0.34183592 5.5072398 -1.0532184
-0.057382811 5.5109177 -1.051954
-0.31899413 5.4296327 -1.0381676
-0.71631837 5.4331956 -1.0460362
-1.2791699 5.5222411 -1.081967
-1.4207617 5.523541 -1.0886248
-1.5641699 5.524857 -1.0960057
-1.7096288 5.5261903 -1.1041359
-2.3164258 5.531754 -1.1447114
-2.9759276 5.5377917 -1.199985
-3.151377 5.5393982 -1.2164617
-3.3318357 5.5410485 -1.2341282
-3.5177245 5.5427475 -1.2530541
-3.7094922 5.5445008 -1.2733227
-3.9076953 5.5463123 -1.2950255
-4.1129003 5.5481882 -1.3182602
-4.3257227 5.5501318 -1.3431416
-4.546865 5.5521507 -1.3697937
-4.7770996 5.5542541 -1.398356
-5.2683592 5.5587378 -1.461852
-5.7193747 5.4790659 -1.5117934
-6.3621583 5.8069224 -1.644174
-6.5003028 5.6515856 -1.6441407
-6.6347265 5.4930286 -1.6441281
-6.7653317 5.3312755 -1.6441157
-6.8919625 5.1664267 -1.6441036
-7.0145602 4.9985704 -1.6440921
-7.5650682 4.1176672 -1.6440406
-7.6621871 3.933883 -1.6440316
-8.4650097 3.5980809 -1.7556801
-8.7472944 3.4713011 -1.7963264
-9.1013966 2.3930109 -1.7962947
-9.1564741 2.1726701 -1.7962899
-9.2062302 1.9510686 -1.7962856
-9.2505951 1.7283288 -1.7962821
-9.289609 1.5045837 -1.7962788
-9.3231936 1.279964 -1.7962762
-9.3513479 1.0545989 -1.7962741
-9.3740625 0.82862121 -1.7962725
-9.4031248 0.37533569 -1.796271
-9.4102831 -0.078811646 -1.7962717
-9.3955364 -0.53277403 -1.7962744
-9.3799505 -0.75936031 -1.7962766
-9.3324318 -1.2110729 -1.7962824
-9.300498 -1.4359326 -1.7962862
-9.2631636 -1.6599618 -1.7962905
-9.0601368 -2.5451434 -1.7963132
-8.9268551 -2.9793596 -1.7963275
-8.7727833 -3.4066451 -1.7963438
-8.5034962 -4.0324125 -1.7963722
-8.1896486 -4.6370859 -1.7964047
-7.9564648 -5.0269074 -1.7964288
-7.7047458 -5.4050488 -1.7964545
-7.4350977 -5.7705994 -1.7964822
-6.6866598 -6.6239634 -1.7965581
-6.5249219 -6.7834539 -1.7965745
-5.7262793 -6.887907 -1.7097468
-5.4564452 -6.8952737 -1.6783903
-5.1960645 -6.9022264 -1.6490703
-5.0135155 -7.0053911 -1.6443236
-4.4937305 -7.3499479 -1.6443756
-4.133955 -7.558383 -1.6444116
-3.9504101 -7.6560254 -1.6444299
-3.7645311 -7.7492175 -1.6444485
-3.576494 -7.8379002 -1.6444671
-3.1941991 -8.0015163 -1.6445051
-2.8044727 -8.1465139 -1.6445439
-2.4081836 -8.2725439 -1.6445832
-2.207871 -8.3283539 -1.6446031
-2.0062695 -8.3793154 -1.6446229
-1.803496 -8.4253883 -1.6446431
-1.1892968 -8.5340977 -1.6447036
-0.77616209 -8.5817566 -1.6447444
-0.36123046 -8.6094236 -1.6447853
0.054619141 -8.6170406 -1.6448262
0.4703711 -8.6045828 -1.6448669
0.88501954 -8.572073 -1.6449075
1.0916406 -8.5483198 -1.6449277
1.297627 -8.519598 -1.6449479
1.910625 -8.403717 -1.6450077
2.1128905 -8.3552561 -1.6450276
2.9085155 -8.1130819 -1.6451049
3.2966893 -7.9634585 -1.6451427
3.4879394 -7.8816791 -1.6451613
4.0491309 -7.6089563 -1.6452155
4.4116406 -7.4048824 -1.6452506
4.5891013 -7.2963414 -1.6452676
4.7638769 -7.1835423 -1.6452845
5.1328516 -6.9832993 -1.6542813
5.948916 -6.9738746 -1.7496686
6.451406 -6.8626323 -1.7978494
6.6151562 -6.7050004 -1.7978649
7.0830369 -6.2090397 -1.7979095
7.5138378 -5.6805115 -1.7979503
7.9052343 -5.1221814 -1.7979872
8.0265913 -4.9299517 -1.7979984
8.2552443 -4.5369515 -1.7980199
8.3623629 -4.3364363 -1.7980298
8.8237886 -3.2983208 -1.798072
3.0630372 -1.0614495 -0.61877447
3.0593359 -0.97813046 -0.61307609
3.050117 -0.7368713 -0.59894675
9.3274708 -1.3192432 -1.7981158
9.3984957 -0.6410327 -1.7981207
9.4112301 -0.41404173 -1.7981213
9.4184856 -0.18680663 -1.7981215
9.4202442 0.040538941 -1.798121
9.4165134 0.26786193 -1.7981199
9.4073048 0.49502379 -1.7981184
9.2792187 1.6238867 -1.7981025
9.2373047 1.847337 -1.7980976
9.1899996 2.0697107 -1.7980925
3.0539453 0.84450191 -0.60480291
3.0571191 0.9253546 -0.60967851
3.0606151 1.0076568 -0.61504889
3.0644531 1.0915686 -0.62093353
8.7949514 3.3740997 -1.7980497
7.9348435 3.4921496 -1.6547673
7.8045506 3.6621106 -1.6455517
7.7138376 3.8493786 -1.6455423
7.6186423 4.0343909 -1.6455324
7.519033 4.2170444 -1.645522
6.8315134 5.257688 -1.6454514
6.7025976 5.420979 -1.6454383
6.4332614 5.7381015 -1.6454479
5.8285155 5.4569726 -1.5240273
5.5561719 5.4595041 -1.4868425
4.7379103 5.3827624 -1.3687551
4.5138474 5.3848448 -1.3411859
3.7549217 5.4756737 -1.2673128
3.5648925 5.4774351 -1.2474406
3.3806348 5.4791455 -1.2288862
3.2016699 5.480803 -1.211571
2.6924706 5.4855213 -1.1663798
2.5307617 5.4870191 -1.1533704
1.9158984 5.4927087 -1.110373
1.3400683 5.4980307 -1.0801618
1.2005664 5.4993186 -1.0744069
-0.012519531 5.5105052 -1.051821
-0.53843749 5.43156 -1.0418308
-0.95432615 5.5192575 -1.0691204
-1.2317969 5.5218067 -1.0798813
-1.8072461 5.5270872 -1.1099478
-2.1085839 5.5298495 -1.1296413
-2.2634766 5.5312681 -1.1407604
-2.5830858 5.5341954 -1.1657393
-2.9177928 5.5372596 -1.1946819
-3.0916405 5.5388513 -1.2107737
-3.270371 5.5404859 -1.2280308
-3.454375 5.5421691 -1.2465248
-5.3241992 5.523623 -1.6442567
-5.5844336 5.2602186 -1.6442318
-5.8316598 4.9845653 -1.6442083
-5.9502048 4.8423462 -1.644197
-6.1768456 4.5495434 -1.6441756
-6.3890915 4.2461548 -1.6441557
-6.4896579 4.090713 -1.6441464
-6.6794238 3.7727745 -1.6441286
-7.1501951 3.59518 -1.7152606
-7.7412987 3.2137084 -1.7964259
-7.8165722 3.0259442 -1.796419
-8.0149221 2.4525359 -1.7964014
-8.1238861 2.0629413 -1.7963917
-8.1712599 1.8662859 -1.7963876
-8.2139254 1.6685461 -1.796384
-8.2517672 1.4698358 -1.7963809
-8.313076 1.0699584 -1.796376
-8.3549805 0.66760069 -1.7963731
-8.3686619 0.46578124 -1.7963723
-8.3804293 -0.14084046 -1.7963729
-8.374609 -0.34304076 -1.796374
-8.3278809 -0.9479785 -1.7963804
-8.2724705 -1.3487085 -1.796387
-8.2375393 -1.5479513 -1.7963911
-8.1532907 -1.9436272 -1.7964004
-8.1040335 -2.139827 -1.7964059
-7.9913964 -2.5283759 -1.7964181
-7.8601561 -2.9110477 -1.796432
-7.7876463 -3.099895 -1.7964398
-7.7106247 -3.2869427 -1.7964479
-7.6290722 -3.4720781 -1.7964565
-7.452734 -3.8361862 -1.7964747
-7.2590232 -4.1913676 -1.7964948
-7.1558008 -4.3653569 -1.7965056
-7.0484276 -4.5367937 -1.7965165
-6.8214059 -4.8716636 -1.7965399
-6.7018943 -5.0348959 -1.7965521
-6.578486 -5.195199 -1.7965646
-6.4512596 -5.3524842 -1.7965776
-6.3202343 -5.5066462 -1.7965908
-6.1855664 -5.657608 -1.7966046
-5.9054589 -5.949574 -1.796633
-5.7602243 -6.0904059 -1.7966475
-5.6116114 -6.2276917 -1.7966626
-5.146533 -6.6174979 -1.7967094
-4.9853611 -6.7398281 -1.7967256
-4.5966406 -6.8860836 -1.7744502
-4.1380372 -6.8981256 -1.7240309
-3.7034373 -6.9089031 -1.6800535
-3.4939842 -6.9138632 -1.6602658
-3.2945018 -6.9297013 -1.6444921
-2.956367 -7.0807395 -1.6445259
-2.7846484 -7.1500926 -1.6445429
-2.6113379 -7.2152867 -1.6445602
-2.260205 -7.3330374 -1.644595
-2.0825975 -7.3855262 -1.6446126
-1.7238476 -7.477571 -1.6446481
-1.5429003 -7.5170774 -1.644666
-1.3610644 -7.5522032 -1.644684
-0.99510741 -7.6092491 -1.6447201
-0.81120116 -7.6311326 -1.6447381
0.29850584 -7.6688347 -1.6448474
0.48350585 -7.6594791 -1.6448654
0.66821289 -7.6456656 -1.6448835
2.3004491 -7.3227158 -1.645043
2.9956834 -7.0671744 -1.6451105
3.16541 -6.9928875 -1.6451269
3.3593261 -6.9686084 -1.6580083
3.7822168 -6.9651842 -1.698683
4.0016503 -6.9631639 -1.7212481
4.2270408 -6.9609251 -1.7454103
4.4588866 -6.9584551 -1.7712617
4.6944823 -6.9509573 -1.7976769
4.860908 -6.8357091 -1.797693
5.0245409 -6.7164688 -1.7977087
5.1851659 -6.5933189 -1.7977242
5.4973435 -6.3355565 -1.7977542
5.6486912 -6.2010989 -1.7977685
5.7967286 -6.063025 -1.7977827
6.220283 -5.627924 -1.7978232
6.3543358 -5.4762101 -1.7978358
6.6112399 -5.1633005 -1.79786
6.733984 -5.002285 -1.7978717
6.8527927 -4.838356 -1.7978829
7.07832 -4.502121 -1.797904
7.1849413 -4.3300157 -1.797914
7.65415 -3.4336715 -1.7979575
7.7347851 -3.2479734 -1.7979649
7.8109765 -3.0603883 -1.797972
7.8825779 -2.8710024 -1.7979783
3.1116211 -0.88427186 -0.69329613
3.1081738 -0.80275697 -0.68801183
3.1050878 -0.72249937 -0.68326735
8.2145014 -1.7035067 -1.7980076
8.253232 -1.5047745 -1.7980108
8.3162498 -1.1047986 -1.7980158
8.3598928 -0.70224732 -1.7980189
8.3743944 -0.50030148 -1.7980199
8.3840427 -0.29806212 -1.7980201
8.3887892 -0.095645748 -1.79802
8.3886518 0.10682434 -1.7980194
8.3589058 0.71338624 -1.7980146
8.3392773 0.91489619 -1.7980123
8.3147459 1.1158752 -1.7980092
8.2853708 1.3162054 -1.7980058
8.2121677 1.7144439 -1.7979974
3.1156542 0.97181702 -0.69948423
3.1198633 1.0563977 -0.70594925
7.8786817 2.8814745 -1.7979612
7.8067966 3.0707538 -1.7979536
7.2559667 3.4796441 -1.72469
6.6642575 3.8118443 -1.6454393
6.5702929 3.9715354 -1.6454295
6.4725094 4.1289148 -1.6454195
6.3709474 4.2838769 -1.6454091
6.1567478 4.5862241 -1.6453871
6.0442286 4.7334385 -1.6453756
5.9282031 4.8778868 -1.6453639
5.8087106 5.0194921 -1.6453516
5.6858397 5.1581688 -1.6453391
5.5596581 5.2938342 -1.6453265
5.430244 5.4264207 -1.6453134
5.2974806 5.5556297 -1.6452392
5.1620016 5.6820226 -1.6452862
4.4380469 5.3860021 -1.4957348
4.290381 5.4706006 -1.4900322
4.08249 5.4725327 -1.4632897
3.8818359 5.4743967 -1.4383143
3.6878026 5.4761972 -1.4149857
3.4998436 5.4779429 -1.3931996
2.4750781 5.4874449 -1.2901717
2.3179882 5.4889002 -1.2769852
2.0128515 5.491725 -1.2535586
1.7180078 5.494453 -1.2337991
1.4316602 5.4970994 -1.2174433
1.1521679 5.4996824 -1.2042832
0.87801754 5.5022144 -1.1941577
0.47377929 5.5059409 -1.1843977
0.074013673 5.5096264 -1.180933
-0.32055664 5.4295654 -1.1656933
-0.45236328 5.4306884 -1.1679388
-0.58475584 5.4319053 -1.1708949
-0.7179004 5.4331284 -1.1745521
-0.85197264 5.4343615 -1.1789211
-1.1408789 5.5208874 -1.2082391
-1.7113574 5.5261207 -1.2398536
-1.8591015 5.5274754 -1.2498612
-2.3182812 5.5316806 -1.2854565
-2.4775097 5.5331397 -1.2993152
-2.6403222 5.5346274 -1.3142495
-2.9779296 5.5377159 -1.3475711
-3.5198925 5.5426707 -1.4072069
-3.9100389 5.5462327 -1.454371
-4.1153221 5.5481067 -1.4804803
-5.0045018 5.8152404 -1.6443173
-5.1432323 5.6926255 -1.644274
-5.2790723 5.5668101 -1.644261
-5.6678319 5.1702085 -1.6442239
-5.7908983 5.0318871 -1.6442122
-6.026865 4.7465477 -1.6441898
-6.1396189 4.5996933 -1.6441792
-6.2487793 4.4501548 -1.644169
-6.3543262 4.2980347 -1.6441591
-6.7388668 3.6654522 -1.6441231
-7.0145798 3.5988414 -1.6897035
-7.7148829 3.2766271 -1.7964283
-7.9316306 2.709914 -1.7964087
-7.9946971 2.5177007 -1.7964031
-8.0531054 2.3240333 -1.7963979
-8.1068068 2.12901 -1.7963933
-8.2395506 1.5369666 -1.7963818
-8.2742186 1.3376782 -1.7963791
-8.3040819 1.1375989 -1.7963767
-8.3750582 0.3318817 -1.7963721
-8.381299 -0.07260742 -1.7963727
-8.3680468 -0.47693542 -1.796375
-8.3353119 -0.8801471 -1.7963796
-8.3116693 -1.0810424 -1.7963824
-8.283164 -1.2813122 -1.7963858
-8.2498436 -1.4808336 -1.7963896
-8.2117186 -1.6794995 -1.796394
-8.1688375 -1.8771877 -1.7963988
-8.1211615 -2.0737789 -1.7964041
-7.8835936 -2.8469505 -1.7964295
-7.7370896 -3.224057 -1.7964451
-7.6570797 -3.4098477 -1.7964535
-7.2929196 -4.1321216 -1.7964914
-7.1910934 -4.3069458 -1.7965019
-7.0851073 -4.4792576 -1.7965127
-6.9749999 -4.6489587 -1.796524
-6.6205564 -5.1414552 -1.7965603
-6.3648534 -5.4550023 -1.7965864
-6.2313962 -5.6070533 -1.7965999
-5.953701 -5.9012876 -1.7966281
-5.8095994 -6.0432916 -1.7966425
-5.6621094 -6.1817799 -1.7966576
-5.2002048 -6.5753641 -1.7967041
-5.0400586 -6.6990008 -1.79672
-4.2135935 -6.8961878 -1.7320644
-3.9915624 -6.9018297 -1.7087816
-3.7751951 -6.9071684 -1.6870488
-3.3577733 -6.9170032 -1.6479112
-3.1832714 -6.9815488 -1.6445032
-2.8427832 -7.1271582 -1.6445372
-2.495625 -7.2561789 -1.6445717
-2.1426466 -7.3683043 -1.6446066
-1.9642285 -7.4179392 -1.6446242
-1.784668 -7.4632626 -1.6446421
-1.6040624 -7.5042419 -1.64466
-1.4224902 -7.5408483 -1.6446779
-1.0570019 -7.6008673 -1.644714
-0.13433594 -7.673264 -1.6448048
0.23606445 -7.6709805 -1.6448411
0.42112303 -7.6631303 -1.6448593
0.60594726 -7.6508226 -1.6448774
0.97442383 -7.6128421 -1.6449136
1.1578711 -7.5871916 -1.6449314
1.7037597 -7.4838009 -1.6449848
1.8838671 -7.4405804 -1.6450024
2.2407324 -7.3411736 -1.6450372
2.4172754 -7.2850366 -1.6450543
2.5923827 -7.2246571 -1.6450714
2.7660058 -7.1600633 -1.6450882
3.1083593 -7.0184045 -1.6451215
3.7094433 -6.9658179 -1.6914167
3.927002 -6.9638691 -1.7134624
4.3799314 -6.9593143 -1.7623469
5.1313181 -6.6352921 -1.7977191
5.4455762 -6.3800788 -1.7977492
5.5979981 -6.2468596 -1.7977638
5.7471681 -6.1099939 -1.797778
5.8929882 -5.9695673 -1.7977918
6.0353708 -5.8256602 -1.7978054
6.1742477 -5.6783628 -1.7978187
6.8131347 -4.8939676 -1.7978791
7.1494532 -4.3883543 -1.7979107
7.2533102 -4.2145672 -1.7979205
7.3529587 -4.0383201 -1.7979296
7.5393262 -3.6788619 -1.797947
7.7081051 -3.3108315 -1.7979624
7.7857809 -3.1238649 -1.7979696
3.1211329 -1.0805682 -0.70788336
3.1168065 -0.99551082 -0.70124739
3.1128612 -0.9120782 -0.69520545
3.109287 -0.83010554 -0.68973273
8.2003613 -1.7703238 -1.7980064
8.2407026 -1.5719177 -1.7980098
8.3538961 -0.77028382 -1.7980185
8.3700581 -0.5684607 -1.7980195
8.3813276 -0.36630675 -1.79802
8.385869 0.24097472 -1.7980188
8.3644629 0.64531553 -1.7980154
8.3235645 1.0481507 -1.7980102
8.2958298 1.2487085 -1.798007
8.2258692 1.6475335 -1.7979989
7.901875 2.8172417 -1.7979636
7.831543 3.0071056 -1.7979562
7.7566795 3.1952093 -1.7979482
7.6772947 3.3814471 -1.79794
6.990664 3.4909997 -1.6746818
6.7838573 3.594826 -1.6454517
6.6024218 3.9179258 -1.6454328
6.3015919 4.3852 -1.6454018
6.1938868 4.5359631 -1.6453909
5.8493943 4.9720521 -1.6453558
5.2080469 5.6397595 -1.6452727
4.7350974 5.3826818 -1.5364708
4.324863 5.4230919 -1.4866345
4.1517773 5.4718895 -1.4721071
3.5625975 5.4773593 -1.400383
3.0254588 5.4823437 -1.3420266
2.8559082 5.4839149 -1.3251485
2.370625 5.4884129 -1.2813202
2.2156153 5.4898486 -1.268798
2.0635254 5.4912558 -1.2572457
1.9141015 5.4926391 -1.2466196
1.7670801 5.4939976 -1.2368859
1.3383789 5.4979625 -1.2127383
0.78810543 5.5030417 -1.1914499
0.65316403 5.5042882 -1.187959
0.11886718 5.5092125 -1.1810129
-0.014101562 5.510438 -1.1810036
-0.28045899 5.5128894 -1.1830531
-0.40785155 5.4303684 -1.1671172
-0.54001951 5.4314942 -1.1698202
-0.67291015 5.4327149 -1.1732399
-0.955957 5.5191879 -1.2004873
-1.0940137 5.5204577 -1.2061554
-1.3744824 5.5230322 -1.2198025
-1.5172656 5.5243421 -1.2278234
-1.6620409 5.5256677 -1.2366755
-1.8089941 5.5270166 -1.2463875
-1.9583691 5.5283847 -1.2569907
-2.1103907 5.5297775 -1.2685199
-2.5849805 5.534122 -1.3090881
-2.7503417 5.5356359 -1.3247654
-3.0937109 5.5387754 -1.3596963
-3.456543 5.5420909 -1.3998685
-3.6463573 5.5438242 -1.4221257
-4.9570704 5.8558788 -1.6443427
-5.2335935 5.6096177 -1.6442653
-5.6255565 5.2161889 -1.6442279
-5.7497654 5.0788746 -1.6442161
-5.9880466 4.7954636 -1.6441935
-6.2123728 4.5008945 -1.6441723
-6.3191309 4.3496313 -1.6441623
-6.6171384 3.8810375 -1.6441345
-7.2848926 3.5915234 -1.7407537
-7.7662888 3.152818 -1.7964236
-8.033926 2.3895226 -1.7963996
-8.0892181 2.1949365 -1.7963948
-8.1398144 1.9990802 -1.7963903
-8.226758 1.6039916 -1.7963829
-8.3212109 1.0046527 -1.7963754
-8.3429976 0.80354124 -1.7963738
-8.3599606 0.60196716 -1.7963728
-8.3720703 0.40004942 -1.7963722
-8.3792572 0.19789429 -1.7963721
-8.3816214 -0.004376831 -1.7963723
-8.3716402 -0.40879881 -1.7963747
-8.2933006 -1.2138373 -1.7963846
-8.2616405 -1.413623 -1.7963881
-8.2251368 -1.6125897 -1.7963924
-8.1838379 -1.8106238 -1.7963971
-8.0869923 -2.2034035 -1.7964077
-8.0314741 -2.3979251 -1.7964137
-7.7630663 -3.1609619 -1.7964424
-7.6015916 -3.531888 -1.7964593
-7.5141797 -3.7143195 -1.7964683
-7.2259083 -4.2482505 -1.7964982
-7.1213279 -4.4214201 -1.796509
-7.0126071 -4.5920134 -1.7965202
-6.7829685 -4.9250956 -1.7965437
-6.2768259 -5.5561285 -1.7965952
-5.7122364 -6.1354609 -1.7966524
-5.5625587 -6.2715812 -1.7966676
-5.4096093 -6.4040489 -1.796683
-4.7574902 -6.8817077 -1.7930474
-4.5202341 -6.8881354 -1.7657782
-4.2898631 -6.8942118 -1.7402812
-4.0658007 -6.899961 -1.7164575
-3.8475683 -6.9053998 -1.6942109
-3.6347461 -6.9105468 -1.6734599
-3.4268651 -6.9154191 -1.6541269
-3.2400098 -6.9553771 -1.6444976
-2.9006836 -7.1037574 -1.6445314
-2.7284472 -7.1717606 -1.6445487
-2.5545995 -7.2356005 -1.6445658
-2.2025585 -7.3505931 -1.6446007
-2.0245311 -7.4016795 -1.6446184
-1.8453612 -7.4484572 -1.644636
-1.4838476 -7.528986 -1.6446719
-1.3017285 -7.5626884 -1.6446898
-1.1188672 -7.5919781 -1.6447079
-0.75124997 -7.6372967 -1.644744
-0.38188475 -7.6648169 -1.6447805
-0.1967871 -7.671886 -1.6447988
-0.011582031 -7.6744885 -1.6448169
0.17363282 -7.6726151 -1.644835
0.54363281 -7.6554718 -1.6448714
0.72822267 -7.6402087 -1.6448895
0.91240233 -7.6204948 -1.6449075
1.0960644 -7.5963421 -1.6449255
1.2790625 -7.5677576 -1.6449434
1.4613378 -7.5347705 -1.644961
1.8232129 -7.4556494 -1.6449964
2.1808887 -7.3591495 -1.6450312
2.3578808 -7.3044481 -1.6450485
2.7076366 -7.1823239 -1.6450825
2.8802049 -7.1149621 -1.6450993
3.2210057 -6.9695883 -1.6455449
3.637285 -6.9664288 -1.6843185
3.852998 -6.96455 -1.705856
4.7489257 -6.9139118 -1.7976823
5.5469432 -6.2922049 -1.7977589
5.6972165 -6.1565681 -1.7977732
5.8441796 -6.0173306 -1.7977873
5.9877243 -5.874598 -1.797801
6.1277928 -5.7284274 -1.7978142
6.2643065 -5.5789247 -1.7978272
6.3971386 -5.4261618 -1.7978399
6.5262594 -5.2702394 -1.7978522
6.6516113 -5.1112432 -1.7978638
7.4166307 -3.9202182 -1.7979356
7.5972071 -3.5578318 -1.7979522
3.1182225 -1.0240179 -0.70341903
3.1141503 -0.94005734 -0.69717914
3.1104589 -0.85760921 -0.69151646
8.1856737 -1.8370178 -1.7980052
8.2276363 -1.638948 -1.7980087
8.3246679 -1.0394659 -1.7980164
8.3780661 -0.43453002 -1.79802
8.387558 0.17268433 -1.7980191
8.3809471 0.37504333 -1.7980179
8.3318262 0.9803552 -1.7980113
8.3057222 1.1811365 -1.7980081
8.2747755 1.381225 -1.7980046
8.2390327 1.5805089 -1.7980005
8.1984472 1.7788696 -1.7979959
3.1062109 0.7529034 -0.68500996
3.1094334 0.8336224 -0.68995804
3.1130176 0.9156543 -0.69545472
3.1169825 0.99915218 -0.70152134
7.5427732 3.4672852 -1.7792028
7.1237693 3.4853129 -1.6997176
6.6341209 3.8640501 -1.645436
6.4398632 4.1795969 -1.645416
6.2306247 4.4853969 -1.6453947
6.0068555 4.7807336 -1.6453718
5.8896971 4.9242687 -1.6453599
5.7690916 5.0649328 -1.6453477
5.6451559 5.2026329 -1.6453351
5.51791 5.3373227 -1.6453222
4.8127441 5.3819604 -1.5473976
4.5856738 5.3840709 -1.5157341
4.2219238 5.4712377 -1.4811311
4.0164452 5.4731455 -1.4549768
3.8179979 5.4749899 -1.4305487
2.912627 5.4833884 -1.3307071
2.2675781 5.4893665 -1.2729119
1.8164355 5.4935422 -1.2400717
1.6708887 5.4948888 -1.2309128
1.5274218 5.4962158 -1.2225941
1.2457714 5.4988184 -1.2083768
0.9699707 5.5013647 -1.197243
0.83381832 5.5026207 -1.1927885
0.56413084 5.5051098 -1.1860371
0.43028319 5.5063438 -1.1837204
0.29686522 5.5075731 -1.1820999
0.16374999 5.5088 -1.1811706
-0.36338866 5.4299607 -1.1663556
-0.49535155 5.4310837 -1.168824
-0.76142579 5.4335289 -1.1758952
-0.89582032 5.4347644 -1.1804994
-1.1862597 5.5213037 -1.2103319
-1.3267187 5.5225925 -1.2172799
-1.6129687 5.5252185 -1.2335948
-1.7591699 5.5265598 -1.2430129
-1.9076953 5.5279198 -1.2533112
-2.0587988 5.5293055 -1.2645239
-2.3697069 5.5321531 -1.28985
-2.6941309 5.535121 -1.3193498
-3.0345213 5.5382347 -1.3534542
-3.5816503 5.5432348 -1.4144458
-3.9760253 5.5468345 -1.4626691
-4.1837306 5.5487313 -1.4893671
-4.3992677 5.5506983 -1.5179576
-5.1877537 5.6520557 -1.6442697
-5.5829391 5.261826 -1.644232
-5.708252 5.1255274 -1.6442201
-5.8302245 4.9862452 -1.6442084
-6.2835255 4.4009423 -1.6441656
-6.3878808 4.2479978 -1.6441559
-6.5853219 3.9347875 -1.6441374
-6.7743845 3.6161182 -1.6458049
-7.1453319 3.5953131 -1.7143432
-7.7403808 3.2159429 -1.7964261
-7.8157029 3.0281994 -1.7964191
-7.9526463 2.6475403 -1.7964069
-8.0711031 2.2607274 -1.7963963
-8.123271 2.0652862 -1.7963917
-8.170722 1.8686475 -1.7963876
-8.2134466 1.670921 -1.7963841
-8.2513475 1.4722229 -1.7963809
-8.2844629 1.272666 -1.7963783
-8.3547945 0.67000365 -1.7963731
-8.3774023 0.26610351 -1.7963721
-8.3813868 0.063843384 -1.7963722
-8.3804684 -0.13842101 -1.7963729
-8.3747168 -0.34062317 -1.796374
-8.348525 -0.74431515 -1.7963778
-8.3281546 -0.94556761 -1.7963804
-8.3029299 -1.1462725 -1.7963835
-8.2728615 -1.3463123 -1.796387
-8.1538477 -1.9412823 -1.7964004
-8.1046677 -2.1374907 -1.7964058
-7.9288769 -2.7182155 -1.7964249
-7.7115722 -3.2847161 -1.7964478
-7.6300879 -3.4698718 -1.7964562
-7.5441599 -3.6530099 -1.7964653
-7.4538474 -3.8340294 -1.7964747
-7.3591895 -4.012815 -1.7964845
-7.1570606 -4.3632898 -1.7965055
-6.7033591 -5.0329609 -1.7965519
-6.321826 -5.5048246 -1.7965907
-5.7619824 -6.0887351 -1.7966474
-5.4615622 -6.359777 -1.7966777
-5.1484179 -6.6160159 -1.7967093
-4.9873242 -6.7383924 -1.7967254
-4.8232813 -6.8568478 -1.796742
-4.5994725 -6.8860083 -1.7747731
-4.3668456 -6.8922 -1.7486901
-3.9205663 -6.9035993 -1.7015448
-2.9584179 -7.0798821 -1.6445258
-2.7866991 -7.1492925 -1.6445427
-2.6134081 -7.2145362 -1.6445599
-2.4385643 -7.275578 -1.6445773
-1.5450684 -7.5166311 -1.6446658
-1.3632519 -7.5518093 -1.6446838
-1.1806152 -7.5825934 -1.6447018
-0.9972949 -7.6089621 -1.6447198
-0.62904298 -7.6483922 -1.6447561
-0.44426757 -7.6614261 -1.6447743
-0.25923827 -7.6700058 -1.6447924
-0.074072264 -7.6741138 -1.6448108
0.66600585 -7.6458578 -1.6448834
0.85033202 -7.6276402 -1.6449014
1.5816602 -7.5104899 -1.6449729
1.9422559 -7.4255886 -1.6450081
2.1208985 -7.3766356 -1.6450255
2.8221776 -7.1381512 -1.6450937
3.1633203 -6.9938011 -1.6451268
3.3568358 -6.9686265 -1.6577811
4.6924806 -6.9523168 -1.7976768
5.0225391 -6.7179112 -1.7977085
5.1832323 -6.5948076 -1.797724
5.3409567 -6.4678617 -1.797739
5.4955173 -6.337141 -1.7977538
5.6468945 -6.2027268 -1.7977684
6.3527536 -5.4780431 -1.7978357
6.4831543 -5.3231797 -1.797848
6.6097555 -5.1652098 -1.7978599
6.8513865 -4.8403387 -1.7978828
6.9662499 -4.6736069 -1.7978936
7.0770311 -4.5041566 -1.797904
7.183701 -4.3320804 -1.7979139
7.2862105 -4.1574841 -1.7979236
7.3844333 -3.9804599 -1.7979327
7.4783788 -3.8011148 -1.7979414
7.6531444 -3.4358835 -1.7979574
7.7338867 -3.2502115 -1.7979649
7.8100781 -3.0626404 -1.7979717
7.8817577 -2.8732839 -1.7979783
3.11166 -0.88525999 -0.69336307
3.1082127 -0.8037219 -0.68807119
3.1051269 -0.7234503 -0.68332106
8.213994 -1.705873 -1.7980075
8.2527828 -1.5071564 -1.7980107
8.2867775 -1.3075585 -1.7980136
8.3402443 -0.90619689 -1.7980175
8.3596773 -0.70466369 -1.7980189
8.383955 -0.30048522 -1.7980201
8.3738375 0.5090515 -1.7980168
8.3591213 0.71098202 -1.7980148
8.3395309 0.91249692 -1.7980123
8.3150587 1.1134833 -1.7980093
8.2857513 1.3138171 -1.7980058
8.2516108 1.5133855 -1.7980018
8.2126856 1.7120733 -1.7979974
3.1052051 0.72594601 -0.68346173
3.1198046 1.0553741 -0.7058686
7.8795018 2.8791974 -1.7979614
7.6504393 3.441627 -1.7979372
6.875947 3.5014563 -1.6537416
6.7554002 3.6479833 -1.6454487
6.473711 4.1270432 -1.6454196
6.3721681 4.2820373 -1.6454092
6.2669435 4.434535 -1.6453984
6.1580663 4.5844445 -1.6453872
5.9295897 4.8761692 -1.645364
5.8101659 5.0178075 -1.6453519
5.687324 5.1565318 -1.6453394
5.5612011 5.2922349 -1.6453265
5.2992673 5.5543103 -1.6453001
5.1636329 5.6805334 -1.6452863
4.6612206 5.383369 -1.5261694
4.4406347 5.3859787 -1.4960845
4.0849414 5.4725099 -1.4635992
3.3196385 5.4796152 -1.3730992
3.1423633 5.4812598 -1.3541086
2.9698045 5.4828601 -1.3364012
2.6374609 5.48594 -1.304576
2.4769726 5.4874268 -1.2903347
2.3198438 5.488884 -1.277137
2.1658301 5.4903073 -1.2649351
2.0146387 5.4917088 -1.253688
1.575586 5.49577 -1.2253075
1.4333594 5.4970846 -1.2175317
1.1538281 5.4996667 -1.2043531
0.7441113 5.5034485 -1.1902363
0.60941404 5.5046911 -1.1869764
0.47538084 5.5059276 -1.1844243
0.34182617 5.5071583 -1.1825696
0.20863281 5.5083861 -1.1814073
0.075605467 5.5096116 -1.1809345
-0.19050781 5.5120616 -1.1820539
-0.58316404 5.4318895 -1.1708556
-0.85036129 5.4343467 -1.1788644
-1.0007422 5.5196018 -1.2022489
-1.8573145 5.5274582 -1.2497368
-2.160459 5.5302367 -1.272478
-2.4755859 5.5331211 -1.2991427
-3.1513281 5.5393028 -1.3658581
-3.5176561 5.5426502 -1.4069444
-3.9076269 5.5462108 -1.4540694
-4.5467868 5.5520434 -1.5380181
-5.0028219 5.8166871 -1.6443182
-5.1415915 5.6941147 -1.6442741
-5.2774706 5.5683312 -1.6442611
-5.5399122 5.3071265 -1.6442361
-5.789453 5.0335546 -1.6442122
-6.0254979 4.7482777 -1.6441901
-6.1383104 4.6014576 -1.6441793
-6.2475095 4.4519591 -1.6441691
-6.6473923 3.8289537 -1.6441315
-6.7378321 3.6673987 -1.6441232
-7.4236231 3.5877373 -1.767118
-7.632617 3.4640782 -1.7964358
-7.8631248 2.9028027 -1.7964149
-8.0524216 2.3263555 -1.7963979
-8.1552534 1.9351019 -1.796389
-8.1995602 1.7377282 -1.7963852
-8.273838 1.3400666 -1.7963791
-8.3288279 0.93928832 -1.7963748
-8.3805666 0.13208556 -1.7963721
-8.3813477 -0.070203245 -1.7963727
-8.3771973 -0.27243653 -1.7963736
-8.3543062 -0.67632812 -1.7963771
-8.2502832 -1.4784509 -1.7963896
-8.2122068 -1.677124 -1.7963939
-8.1217871 -2.0714281 -1.7964039
-8.0694427 -2.2668459 -1.7964096
-7.5736227 -3.5914683 -1.7964622
-7.4848046 -3.7732146 -1.7964715
-7.2941012 -4.1300139 -1.7964911
-6.9763379 -4.6469378 -1.7965238
-6.8622069 -4.8139834 -1.7965356
-6.7440915 -4.9782176 -1.7965477
-6.6220312 -5.1395535 -1.7965602
-6.0959864 -5.7540803 -1.7966136
-5.6638966 -6.1801434 -1.7966573
-5.2021189 -6.5738597 -1.7967038
-5.0419822 -6.6975479 -1.7967199
-4.4445701 -6.8901501 -1.7572927
-3.9941602 -6.9017644 -1.7090505
-2.6720605 -7.192987 -1.6445541
-1.7868066 -7.4627495 -1.6446419
-1.6062207 -7.5037799 -1.6446596
-1.2422949 -7.5727062 -1.6446958
-0.87548828 -7.6239939 -1.6447319
-0.69126952 -7.6429858 -1.64475
-0.50662106 -7.6575274 -1.6447682
-0.13655274 -7.6732221 -1.6448046
0.60374022 -7.6509972 -1.6448773
0.97221678 -7.6131244 -1.6449133
1.3384668 -7.5575128 -1.6449492
1.5204589 -7.5230908 -1.6449668
1.7015917 -7.4842925 -1.6449846
2.0607715 -7.3936248 -1.6450197
2.4151659 -7.2857351 -1.6450541
2.5902929 -7.2254071 -1.645071
3.2874706 -6.9691272 -1.6514803
3.4947166 -6.9675803 -1.6706184
3.7068748 -6.9658389 -1.6911632
3.9243457 -6.9638934 -1.7131896
4.6134567 -6.956718 -1.7890435
4.8030858 -6.8764243 -1.7976875
5.5962009 -6.2484689 -1.7977636
6.30792 -5.5295677 -1.7978314
6.4395995 -5.3757739 -1.7978439
6.6915426 -5.0588646 -1.7978677
7.0401073 -4.5616264 -1.7979006
7.1481833 -4.3904276 -1.7979106
7.3517871 -4.0404334 -1.7979296
7.4471874 -3.8618588 -1.7979385
7.5382614 -3.6810336 -1.7979469
7.7071481 -3.3130548 -1.7979624
7.7848926 -3.126112 -1.7979695
3.1061327 -0.75040036 -0.68486333
8.3066406 -1.1748602 -1.7980151
8.3325872 -0.97406065 -1.798017
8.3698826 -0.57087708 -1.7980195
8.3812304 -0.36872497 -1.79802
8.3876858 -0.16635986 -1.7980201
8.3892574 0.036104735 -1.7980196
8.3777437 0.44084656 -1.7980174
8.3238478 1.0457568 -1.7980103
8.2961817 1.246325 -1.798007
8.2263279 1.6451592 -1.7979989
3.1072168 0.77903259 -0.68656027
3.1142676 0.94265378 -0.69736516
7.7576075 3.19296 -1.7979484
7.4022655 3.47335 -1.7524399
6.9952927 3.4908025 -1.6755519
6.6035447 3.9160204 -1.6454329
6.5070801 4.0742126 -1.6454231
6.1951756 4.5341735 -1.645391
5.8508105 4.9703565 -1.6453559
5.344326 5.5110035 -1.6453047
4.3248339 5.4198437 -1.4860855
3.9511328 5.4737525 -1.4468446
3.5648339 5.4773388 -1.4006402
3.2016211 5.4807091 -1.3603663
2.8579199 5.4838963 -1.3253441
2.6924219 5.4854307 -1.309625
2.5307226 5.4869285 -1.2950201
2.3724902 5.4883957 -1.2814753
2.2174511 5.48983 -1.2689422
2.0653222 5.49124 -1.2573783
1.9158789 5.4926233 -1.2467417
1.768828 5.4939818 -1.2369976
1.6239941 5.4953222 -1.2281147
1.3400586 5.4979467 -1.2128206
1.0624511 5.5005112 -1.2006636
0.92557615 5.5017748 -1.1957134
0.78973633 5.5030274 -1.1914966
0.65478516 5.5042734 -1.1879972
0.25352538 5.5079737 -1.1817223
0.12045898 5.5091977 -1.1810172
-0.012519531 5.5104237 -1.1809995
-0.14557616 5.5116477 -1.1816719
-0.53843749 5.4314795 -1.1697825
-0.67130858 5.4327002 -1.1731949
-0.8050195 5.4339294 -1.1773138
-0.9543066 5.5191746 -1.2004238
-1.2317675 5.5217209 -1.2125055
-1.5155468 5.5243249 -1.2277228
-1.660293 5.5256529 -1.236565
-2.4215136 5.5326266 -1.2943547
-3.0915918 5.5387573 -1.359472
-3.2703123 5.5403891 -1.3788476
-3.4543164 5.5420713 -1.3996122
-4.6733594 5.0886607 -1.6443219
-4.7947655 4.9743638 -1.6443102
-5.0291405 4.7371554 -1.6442878
-5.141963 4.6143737 -1.6442771
-5.2517676 4.4889121 -1.6442667
-5.3585448 4.3608422 -1.6442567
-5.4621973 4.2302332 -1.6442468
-5.7538085 3.8239477 -1.6442193
-5.8443551 3.6839604 -1.6442109
-6.0203614 3.5948572 -1.6688206
-6.3473043 3.585191 -1.7349567
-6.6602535 3.5527356 -1.7965312
-6.7440329 3.3909526 -1.7965235
-6.8997364 3.0615764 -1.796509
-7.0393653 2.7250719 -1.7964963
-7.1030664 2.5543957 -1.7964906
-7.1626172 2.382232 -1.7964853
-7.217988 2.2086835 -1.7964802
-7.2691793 2.033844 -1.7964758
-7.316123 1.8578247 -1.7964717
-7.4313183 1.3236939 -1.7964619
-7.4610934 1.1439685 -1.7964594
-7.5075779 0.78262818 -1.796456
-7.5242672 0.60122192 -1.7964549
-7.5445113 0.23746765 -1.796454
-7.5419335 -0.30893493 -1.7964559
-7.5322852 -0.49085021 -1.7964572
-7.4998531 -0.85372066 -1.7964615
-7.4770799 -1.0344635 -1.7964642
-7.4499412 -1.2146069 -1.7964674
-7.4184961 -1.3940417 -1.7964711
-7.3426266 -1.7503729 -1.7964796
-7.2496386 -2.1026351 -1.7964897
-7.1968164 -2.2769806 -1.7964953
-7.1397848 -2.4500024 -1.7965014
-7.0133104 -2.7916768 -1.7965149
-6.793076 -3.2917519 -1.796538
-6.4442868 -3.9312811 -1.7965741
-6.347568 -4.0856762 -1.7965841
-5.9243455 -4.6786046 -1.7966273
-5.8097363 -4.8202467 -1.7966391
-5.0535741 -5.6084003 -1.7967156
-4.9167967 -5.7287617 -1.7967294
-4.1915917 -6.2792492 -1.7968022
-4.038877 -6.3786273 -1.7968174
-3.8837891 -6.4742937 -1.796833
-3.5669336 -6.6542645 -1.7968647
-3.4053416 -6.7384667 -1.7968807
-2.4997852 -6.9070926 -1.7482061
-2.3140917 -6.9108481 -1.7345124
-2.1311622 -6.9143872 -1.7219877
-1.9506738 -6.9177189 -1.7105911
-1.7724414 -6.9208493 -1.7002904
-1.0771874 -6.9315023 -1.6694691
-0.56854492 -6.9376707 -1.6566697
0.10257813 -6.9436502 -1.6527386
0.43843749 -6.9457145 -1.6563394
0.60709959 -6.9465184 -1.6595417
0.77651364 -6.9471717 -1.6636914
0.94682616 -6.9476714 -1.6687988
1.1182715 -6.9480176 -1.6748779
1.4653516 -6.9482465 -1.6900256
1.6413964 -6.9481244 -1.6991377
1.9996581 -6.9473934 -1.7205753
2.1823339 -6.9467778 -1.732965
3.2797461 -6.803556 -1.7975377
3.4430175 -6.7224865 -1.7975534
3.6042967 -6.637496 -1.797569
3.7634375 -6.5486407 -1.7975843
4.2274218 -6.259387 -1.7976292
4.3772755 -6.1556001 -1.7976435
4.8112302 -5.8229508 -1.7976851
5.2199802 -5.4597626 -1.7977242
5.350234 -5.3322401 -1.7977368
5.4773827 -5.2016106 -1.7977488
5.601367 -5.0679469 -1.7977606
5.7220798 -4.9313254 -1.7977722
5.8394532 -4.7918305 -1.7977831
6.0639257 -4.5045457 -1.7978044
6.4700193 -3.8991628 -1.7978425
6.5622559 -3.7419021 -1.7978512
6.7352343 -3.4209354 -1.7978673
6.8158789 -3.2574196 -1.7978747
6.8925095 -3.0919995 -1.7978817
7.0337205 -2.7558551 -1.7978946
7.0981932 -2.5853157 -1.7979006
3.1755273 -0.985852 -0.7913456
3.1711328 -0.90118527 -0.78460008
3.1671679 -0.81799191 -0.77850491
3.1635938 -0.73611385 -0.77303559
7.3970895 -1.5339925 -1.7979268
7.4319625 -1.3550354 -1.7979296
7.4887009 -0.99486023 -1.7979342
7.527998 -0.63236755 -1.7979369
7.5410838 -0.45051757 -1.7979378
7.553916 0.096192628 -1.7979374
7.5493751 0.27846313 -1.7979366
7.5404391 0.46056274 -1.797935
7.5271192 0.64239621 -1.7979331
7.5094433 0.82385498 -1.7979308
7.4873438 1.0048333 -1.7979283
7.4609079 1.1852307 -1.7979251
3.163789 0.74060303 -0.77332175
3.175791 0.99057311 -0.7917375
3.1806543 1.0769794 -0.7991991
7.0299606 2.7651947 -1.7978783
6.8883004 3.101145 -1.7978632
6.8114257 3.2664616 -1.7978554
6.7305856 3.4298675 -1.7978468
5.916533 3.5763555 -1.6453664
5.6422167 3.9949231 -1.6453383
5.5441403 4.1298914 -1.6453283
5.2307324 4.5200548 -1.6452963
5.1200976 4.6449375 -1.6452851
5.006484 4.767107 -1.6452736
4.8899512 4.8865061 -1.6452618
4.770586 5.0030518 -1.6452497
4.6484079 5.1166868 -1.6452374
4.5235548 5.227335 -1.6452249
4.2659864 5.4394202 -1.6451989
4.1334472 5.5407419 -1.6451857
3.3174219 5.4795384 -1.5244764
2.9677343 5.4827857 -1.4837632
2.475039 5.4873557 -1.4326551
2.0128124 5.4916382 -1.3920004
1.8642285 5.4930124 -1.3805391
1.7179785 5.4943676 -1.3700573
1.2911328 5.4983139 -1.3441583
0.87800777 5.50213 -1.3260399
0.74249023 5.5033827 -1.3216357
0.47377929 5.5058579 -1.3152015
0.20703125 5.5083179 -1.3118691
0.074013673 5.5095444 -1.3113544
-0.058974609 5.5107679 -1.3116016
-0.32055664 5.4294858 -1.2944311
-0.71789062 5.4330468 -1.3042684
-0.85195309 5.4342785 -1.3091186
-1.0023632 5.5195322 -1.3350971
-1.2808105 5.5220861 -1.349108
-1.711328 5.5260348 -1.376781
-2.0093067 5.5287633 -1.4000109
-2.3182421 5.5315919 -1.4274195
-2.4774804 5.5330482 -1.4428076
-2.9778905 5.5376234 -1.4963914
-3.1533983 5.5392246 -1.5169528
-3.3338964 5.540874 -1.5389954
-3.7041502 5.8328309 -1.6444592
-3.8437109 5.7415333 -1.6443986
-3.9811132 5.6470618 -1.6443882
-4.1162109 5.5492978 -1.6443753
-4.2488866 5.4483094 -1.6443624
-4.3791013 5.3441453 -1.6443499
-4.5067477 5.2368698 -1.6443378
-4.7541113 5.0132422 -1.6443141
-5.2150683 4.5315309 -1.6442703
-5.4275684 4.2745728 -1.6442502
-5.5291309 4.142324 -1.6442405
-5.8142185 3.7314208 -1.6442137
-5.9263086 3.604466 -1.6508288
-6.234199 3.5885546 -1.7119664
-6.5785546 3.5782526 -1.7822903
-6.874609 3.1176484 -1.7965113
-6.947793 2.9508319 -1.7965046
-7.0169725 2.7822978 -1.7964984
-7.1429977 2.4404693 -1.796487
-7.1997752 2.2673676 -1.7964818
-7.3007617 1.9173254 -1.796473
-7.3448825 1.7405798 -1.7964692
-7.4202929 1.3841485 -1.7964628
-7.4515429 1.2046759 -1.7964603
-7.4784079 1.0244892 -1.7964581
-7.5191402 0.66245908 -1.7964551
-7.5329099 0.4808093 -1.7964544
-7.5423241 0.29888242 -1.796454
-7.5479684 -0.065390013 -1.7964544
-7.544199 -0.24752869 -1.7964554
-7.5360351 -0.42951536 -1.7964567
-7.5065622 -0.7926355 -1.7964606
-7.4595895 -1.1539135 -1.7964664
-7.4295797 -1.3335961 -1.7964698
-7.3952537 -1.5125113 -1.7964736
-7.3566012 -1.6905404 -1.7964779
-7.2665133 -2.0435421 -1.7964878
-7.1594825 -2.391789 -1.7964995
-7.0358105 -2.7344809 -1.7965126
-6.7395897 -3.399981 -1.7965436
-6.5677538 -3.7212498 -1.7965614
-6.3806052 -4.0338655 -1.7965807
-6.2814355 -4.1866899 -1.7965908
-6.1786132 -4.3370805 -1.7966014
-6.0721774 -4.4849458 -1.7966123
-5.9622264 -4.6302013 -1.7966235
-5.8487692 -4.7727661 -1.7966352
-5.3616505 -5.3144603 -1.7966845
-5.2318845 -5.4423399 -1.7966976
-5.0990524 -5.5670519 -1.7967111
-4.8245702 -5.8066993 -1.7967387
-4.6830759 -5.9214816 -1.7967529
-4.3919826 -6.1406446 -1.7967821
-4.0905466 -6.3455167 -1.7968124
-3.7797558 -6.5356169 -1.7968434
-3.4600976 -6.7105021 -1.7968752
-2.7528613 -6.9017158 -1.7684208
-2.3764257 -6.9096055 -1.7389991
-2.1925879 -6.9132171 -1.7260842
-1.6554296 -6.9228172 -1.6940517
-1.3069433 -6.9282622 -1.6779776
-1.1349413 -6.9307146 -1.6714483
-0.96413082 -6.9329944 -1.6659008
-0.28916016 -6.9404607 -1.653232
0.38168946 -6.9454088 -1.6554699
0.55013669 -6.9462652 -1.6583568
0.88925779 -6.9475193 -1.6669679
1.0603027 -6.9479184 -1.6727171
1.2326171 -6.9481626 -1.6794506
1.406377 -6.9482517 -1.6871858
2.1204393 -6.9470043 -1.7286575
2.304873 -6.9462748 -1.7418138
3.0584471 -6.9057727 -1.7975161
3.3881445 -6.7502723 -1.7975482
3.5501072 -6.6666002 -1.7975638
3.7099998 -6.5790453 -1.7975793
3.8678026 -6.4876499 -1.7975944
4.1763182 -6.2935758 -1.7976241
4.3270216 -6.1910114 -1.7976387
4.6207614 -5.9751139 -1.7976669
4.7636523 -5.861907 -1.7976806
4.9037695 -5.7452874 -1.7976941
5.0410156 -5.6253161 -1.7977072
5.3066502 -5.3756065 -1.7977327
5.4348731 -5.2460155 -1.7977449
5.5599022 -5.1133647 -1.7977568
5.6817384 -4.9777346 -1.7977682
5.8002439 -4.8391995 -1.7977796
5.9153709 -4.6978455 -1.7977905
6.0270505 -4.5537477 -1.797801
6.2398143 -4.257689 -1.797821
6.3407712 -4.1058884 -1.7978305
6.5315819 -3.795197 -1.7978483
6.6212888 -3.6364846 -1.7978567
6.7071581 -3.4756484 -1.7978647
6.8670993 -3.1480017 -1.7978795
7.011045 -2.8130188 -1.7978926
7.0769138 -2.6430161 -1.7978985
3.1771092 -1.0147742 -0.79377204
3.1725683 -0.92957211 -0.78680199
3.1684473 -0.84589964 -0.78049022
7.4206834 -1.4154971 -1.7979287
7.4526758 -1.2360095 -1.7979313
7.537158 -0.51189327 -1.7979376
7.5473142 -0.32985657 -1.797938
7.5530858 -0.14762634 -1.797938
7.5544434 0.034691162 -1.7979376
7.5513964 0.21699707 -1.7979368
7.5159082 0.7626971 -1.7979318
7.4703121 1.1244525 -1.7979263
7.4410057 1.3043982 -1.7979227
7.4073043 1.4835907 -1.7979189
3.174248 0.96180844 -0.78937489
3.1789649 1.0476367 -0.79660422
7.0522556 2.7078784 -1.7978805
6.9133496 3.0449719 -1.7978659
6.561914 3.4772143 -1.7674206
5.9454589 3.5280786 -1.6453694
5.8585544 3.6705108 -1.6453605
5.6745701 3.9488659 -1.6453416
5.4773536 4.2180161 -1.6453215
5.3739257 4.3489366 -1.6453109
5.0451465 4.7262058 -1.6452775
4.5659571 5.1903429 -1.6452291
4.3101463 5.4045286 -1.6452034
4.1784277 5.5069237 -1.6451901
3.3783398 5.4789734 -1.5319209
3.1994433 5.4806347 -1.5103506
2.3705859 5.4883237 -1.4228255
2.0634961 5.491168 -1.3960928
1.479414 5.496572 -1.3547043
1.3383496 5.4978781 -1.3466705
1.1988672 5.499166 -1.3395078
0.65316403 5.5042052 -1.3191561
0.51892579 5.5054431 -1.3160675
0.38523436 5.5066772 -1.3137558
0.25193357 5.5079041 -1.3122163
-0.014111328 5.510355 -1.3114325
-0.28044921 5.5128074 -1.3137084
-0.54000974 5.4314108 -1.2990136
-0.67290038 5.4326344 -1.3028113
-0.80663085 5.4338622 -1.307394
-0.95594722 5.5191064 -1.3330678
-1.95833 5.5282969 -1.3958089
-2.1103516 5.5296888 -1.4086118
-2.2652831 5.531106 -1.4224888
-2.750293 5.535543 -1.4710683
-3.2724316 5.5403113 -1.5313896
-3.6566112 5.8628674 -1.6444792
-3.796875 5.7727013 -1.6444192
-3.9350195 5.6793027 -1.6443926
-4.2044044 5.4827304 -1.6443667
-4.3354688 5.379631 -1.6443542
-4.589922 5.1640978 -1.6443298
-4.7131639 5.0517931 -1.6443181
-4.833662 4.9365492 -1.6443067
-4.9513574 4.818429 -1.6442953
-5.0661621 4.6975021 -1.6442844
-5.3926072 4.3186183 -1.6442535
-5.7836423 3.77864 -1.6442165
-5.8731151 3.6379454 -1.6442082
-6.1240039 3.5918114 -1.6896799
-6.6879296 3.500324 -1.7965286
-6.7704492 3.3378918 -1.7965209
-6.8490133 3.1735137 -1.7965137
-6.9235544 3.007298 -1.7965069
-6.9940915 2.8393292 -1.7965003
-7.235117 2.1519353 -1.7964787
-7.3717871 1.6228826 -1.7964668
-7.4087691 1.4445081 -1.7964637
-7.4414744 1.265296 -1.796461
-7.4698434 1.0853442 -1.7964588
-7.4938378 0.90476501 -1.7964571
-7.5134959 0.72364986 -1.7964555
-7.5287595 0.54211915 -1.7964545
-7.5396581 0.36027038 -1.796454
-7.5461426 0.17821838 -1.796454
-7.5482616 -0.0039398191 -1.7964543
-7.5459571 -0.18609802 -1.796455
-7.5392871 -0.36815247 -1.7964562
-7.528193 -0.54998654 -1.7964578
-7.5127439 -0.73149842 -1.7964599
-7.4929099 -0.91258973 -1.7964624
-7.46874 -1.0931457 -1.7964653
-7.3701367 -1.6305966 -1.7964766
-7.2829099 -1.9843179 -1.796486
-7.2329197 -2.1595025 -1.7964915
-7.0578222 -2.6771045 -1.7965102
-6.9911814 -2.8466628 -1.7965173
-6.8457422 -3.1807015 -1.7965325
-6.7670212 -3.3449974 -1.7965406
-6.5978026 -3.667654 -1.7965584
-6.2137012 -4.2866282 -1.7965978
-6.1084862 -4.4353561 -1.7966086
-5.9997067 -4.5814996 -1.7966197
-5.8874216 -4.7249866 -1.7966311
-5.6526561 -5.0036306 -1.7966549
-5.404736 -5.2706232 -1.7966801
-5.1441894 -5.5253425 -1.7967066
-5.0094042 -5.647923 -1.79672
-4.731113 -5.8831491 -1.796748
-4.5878124 -5.9956536 -1.7967625
-3.9885643 -6.4101677 -1.7968224
-3.8328221 -6.5046101 -1.7968382
-3.6747656 -6.5952716 -1.7968539
-3.5145702 -6.6820922 -1.7968699
-3.1881151 -6.8440142 -1.7969024
-2.6267285 -6.9044323 -1.7581254
-2.4390721 -6.9083385 -1.7436193
-2.0721776 -6.9154935 -1.7181579
-1.5392284 -6.9247031 -1.6882719
-1.1928124 -6.9299059 -1.6735409
-0.68230468 -6.9364128 -1.6588029
-0.51377928 -6.938251 -1.6557947
-0.34575194 -6.9399304 -1.6537215
-0.17805664 -6.9414511 -1.652577
0.49325195 -6.9459934 -1.6572778
0.8318066 -6.9473505 -1.6652474
1.0024804 -6.9478006 -1.6706686
1.1743262 -6.9480972 -1.6770676
1.3475878 -6.9482388 -1.6844631
1.6991016 -6.9480495 -1.7023305
1.8778223 -6.9477134 -1.7128549
2.0588281 -6.9472113 -1.7244809
2.2423534 -6.9465399 -1.7372447
2.6180468 -6.9446707 -1.7663451
2.8107812 -6.9434609 -1.7827755
3.0021386 -6.9304175 -1.7975107
3.1685252 -6.8560143 -1.7975268
3.4956932 -6.6952634 -1.7975585
3.6563084 -6.6090069 -1.7975742
3.8147948 -6.5189023 -1.7975894
4.4254684 -6.121058 -1.7976481
4.8568068 -5.785006 -1.7976897
4.995039 -5.6661534 -1.7977028
5.2626853 -5.4186149 -1.7977284
5.391963 -5.2900791 -1.7977407
5.640996 -5.0238194 -1.7977644
5.7606344 -4.8862567 -1.7977757
5.876904 -4.7458463 -1.7977868
5.9897556 -4.6026664 -1.7977976
6.0991211 -4.4568095 -1.7978077
6.405664 -4.0039659 -1.7978365
6.5004587 -3.8482344 -1.7978454
6.8412304 -3.203804 -1.797877
3.1787403 -1.0438958 -0.79627788
3.1740527 -0.9581396 -0.7890783
3.165957 -0.79121274 -0.77665788
7.3711329 -1.65422 -1.7979246
7.4088964 -1.4758575 -1.7979279
7.4423728 -1.2966375 -1.7979306
7.4962792 -0.93602723 -1.7979349
7.5327148 -0.57323974 -1.7979373
7.5443845 -0.39128965 -1.7979379
7.5516305 -0.20911437 -1.797938
7.5544529 -0.026815185 -1.7979379
7.5529099 0.15549988 -1.7979372
7.5469337 0.33772156 -1.7979361
7.5027342 0.88280213 -1.7979301
7.4792285 1.0636016 -1.7979273
7.4513769 1.2437793 -1.797924
7.4191699 1.423236 -1.7979203
3.164912 0.76712769 -0.77504456
3.1686327 0.84948665 -0.78074878
7.0740914 2.6503644 -1.7978828
7.0080371 2.8202972 -1.7978759
6.9379101 2.9885845 -1.7978685
6.7855759 3.319845 -1.7978526
6.6823826 3.4716723 -1.7921965
5.7065625 3.9025438 -1.6453449
5.6106739 4.039093 -1.6453351
5.5115232 4.173286 -1.6453249
4.9688964 4.806272 -1.6452698
4.731123 5.0403466 -1.6452458
4.4823532 5.2626791 -1.6452206
4.3540134 5.3692722 -1.6452078
4.2231345 5.4727354 -1.6451946
3.0836034 5.48171 -1.4968638
2.9125781 5.4832983 -1.4776661
2.5828905 5.4863539 -1.4431829
2.2675292 5.4892783 -1.4134897
2.1144922 5.4906969 -1.4003025
1.9641992 5.4920883 -1.3881619
1.6708789 5.494802 -1.3668524
1.5273925 5.496129 -1.3576155
1.385752 5.4974389 -1.349283
1.2457422 5.4987326 -1.3418286
1.1072167 5.5000134 -1.3352292
0.96996093 5.5012817 -1.3294647
0.56413084 5.5050254 -1.3170222
0.43028319 5.5062609 -1.3144494
0.29685545 5.5074902 -1.3126498
0.16374023 5.5087171 -1.311618
0.030761719 5.5099425 -1.3113509
-0.23545898 5.5123911 -1.3131099
-0.36337891 5.4298792 -1.2951655
-0.62798828 5.4322205 -1.3014431
-0.89581054 5.4346814 -1.3108712
-1.4688574 5.5238109 -1.3603169
-1.7591406 5.5264721 -1.3802887
-2.0587695 5.5292163 -1.404176
-2.2126758 5.5306249 -1.4176844
-2.369668 5.5320616 -1.4322989
-2.5300488 5.5335279 -1.4480706
-2.6940918 5.535028 -1.4650543
-2.8620996 5.5365634 -1.4833163
-3.0344727 5.5381393 -1.5029248
-3.7498143 5.8034949 -1.6444397
-3.8886719 5.7111654 -1.6443971
-4.1596384 5.5167933 -1.644371
-4.291533 5.4147692 -1.6443585
-4.6718845 5.0900145 -1.644322
-4.7933397 4.9757395 -1.6443105
-4.9120016 4.8585815 -1.6442991
-5.0277734 4.7386007 -1.6442879
-5.1406345 4.6158557 -1.6442773
-5.2504883 4.4904246 -1.644267
-5.357295 4.3623853 -1.6442567
-5.4609666 4.2318068 -1.6442469
-5.5614743 4.0987668 -1.6442375
-5.7527051 3.825609 -1.6442195
-6.6592283 3.5546594 -1.7965312
-6.7430563 3.3928931 -1.7965236
-7.102334 2.5564466 -1.7964906
-7.3155856 1.8599408 -1.7964717
-7.3583102 1.6828521 -1.796468
-7.3967872 1.504787 -1.7964648
-7.4862204 0.96572936 -1.7964575
-7.5073633 0.78479183 -1.796456
-7.5240917 0.60338622 -1.7964549
-7.5364647 0.42163938 -1.7964541
-7.5472164 -0.12466064 -1.7964548
-7.5420213 -0.30675781 -1.7964559
-7.5184469 -0.67030942 -1.7964592
-7.5000973 -0.85155088 -1.7964615
-7.3431149 -1.7482605 -1.7964795
-7.2988086 -1.9249651 -1.7964844
-7.1974607 -2.2749059 -1.7964953
-7.1404977 -2.4479437 -1.7965014
-6.8714161 -3.1248565 -1.7965298
-6.7126951 -3.4527981 -1.7965463
-6.6274414 -3.6138072 -1.7965552
-6.5383496 -3.7727118 -1.7965645
-6.3487306 -4.0838485 -1.796584
-6.1443748 -4.3854737 -1.7966049
-5.693203 -4.9574342 -1.7966508
-5.5719433 -5.0934114 -1.7966632
-5.3197656 -5.3564067 -1.7966887
-5.1890039 -5.4832654 -1.7967019
-5.0551853 -5.6069326 -1.7967155
-4.918457 -5.7273426 -1.7967292
-4.4913573 -6.0682931 -1.7967721
-4.3436327 -6.1749625 -1.7967869
-3.8856542 -6.4731698 -1.7968328
-3.5688477 -6.6532354 -1.7968644
-3.407285 -6.737484 -1.7968806
-3.2437303 -6.817812 -1.7968969
-2.6907227 -6.9030628 -1.763296
-1.5982813 -6.9237528 -1.6911578
-0.7393164 -6.9357553 -1.6600311
-0.40239257 -6.9393811 -1.6543161
-0.23460937 -6.9409552 -1.6528599
0.43643555 -6.945704 -1.6563067
0.77447265 -6.9471641 -1.663636
0.94479489 -6.9476666 -1.6687318
1.2889745 -6.9482093 -1.6818562
1.8172656 -6.9478455 -1.7091832
1.9974902 -6.9474006 -1.720433
2.3654981 -6.9459996 -1.7463498
2.7453711 -6.9438901 -1.7770877
2.9404979 -6.942554 -1.7943892
3.7615623 -6.5497284 -1.7975842
4.0732713 -6.3607111 -1.7976142
4.2256055 -6.2606115 -1.7976289
4.5228515 -6.0495214 -1.7976576
4.6675682 -5.9386582 -1.7976714
4.8095508 -5.8243351 -1.797685
5.0850487 -5.5855675 -1.7977115
5.2183981 -5.4612684 -1.7977241
5.348701 -5.3337827 -1.7977366
5.5999022 -5.0695634 -1.7977606
5.720654 -4.9329767 -1.797772
6.0626268 -4.5062995 -1.7978044
6.2730761 -4.2085638 -1.797824
6.4689059 -3.901022 -1.7978425
6.5611715 -3.7437911 -1.7978511
6.6496582 -3.5843821 -1.7978593
6.8149118 -3.259387 -1.7978746
6.8916211 -3.0939896 -1.7978816
6.9643064 -2.9267893 -1.7978883
7.0329294 -2.7578838 -1.7978946
3.167207 -0.8189764 -0.77857345
3.1636326 -0.73708373 -0.77309728
7.431582 -1.3571807 -1.7979296
7.4884176 -0.99702513 -1.7979342
7.510293 -0.81602234 -1.7979357
7.5278125 -0.63454407 -1.7979369
7.540947 -0.45269591 -1.7979378
7.5496678 -0.27058411 -1.797938
7.5540137 -0.088314816 -1.797938
7.5096679 0.82169491 -1.7979311
7.4304976 1.3627918 -1.7979215
7.3954587 1.5417047 -1.7979176
3.1637402 0.7396301 -0.77325958
3.1713183 0.90481442 -0.78487813
7.095449 2.5926948 -1.7978851
7.0307813 2.763159 -1.7978783
6.8891892 3.099165 -1.7978635
6.8123922 3.264503 -1.7978554
6.4487891 3.4823968 -1.744259
6.1186328 3.4974017 -1.6773069
5.545332 4.1282897 -1.6453283
5.4440527 4.2608838 -1.6453182
5.3396287 4.3909922 -1.6453074
5.2320313 4.5185423 -1.6452965
4.891367 4.8851013 -1.645262
4.5250583 5.2260265 -1.645225
4.1350489 5.5395484 -1.6451858
3.5020018 5.4778256 -1.5473398
3.3195801 5.4795189 -1.5247378
3.1423047 5.4811659 -1.5036507
2.6374316 5.4858494 -1.44865
2.4769335 5.4873376 -1.4328369
2.165791 5.490221 -1.404632
2.0145996 5.491621 -1.3921432
1.8659862 5.4929967 -1.3806704
1.719707 5.4943504 -1.3701767
1.4333301 5.4970007 -1.3519942
1.1538086 5.4995823 -1.3373615
1.0161426 5.5008545 -1.3313174
0.8796289 5.5021143 -1.3260975
0.7441113 5.5033665 -1.321683
0.60940427 5.5046082 -1.3180648
0.47537109 5.5058446 -1.3152307
0.34182617 5.5070777 -1.3131706
-0.19049804 5.5119786 -1.3125982
-1.0007226 5.5195165 -1.3350238
-1.1391991 5.5207872 -1.3415921
-1.564121 5.524684 -1.3665179
-1.7095703 5.5260181 -1.3766539
-1.8572851 5.5273705 -1.387755
-2.0074902 5.5287461 -1.3998605
-2.1604297 5.5301476 -1.4130071
-2.8049512 5.5360422 -1.4770079
-3.1512792 5.5392065 -1.5166992
-3.7024803 5.8338976 -1.6444598
-4.1146092 5.5504904 -1.6443754
-4.2473044 5.4495358 -1.6443626
-4.5052443 5.2381701 -1.6443379
-4.8722754 4.8984327 -1.6443028
-4.9890332 4.7793956 -1.6442918
-5.1028905 4.6575646 -1.6442809
-5.2137594 4.533031 -1.6442703
-5.5279393 4.1439133 -1.6442407
-5.6263084 4.0092859 -1.6442313
-5.8131247 3.7331004 -1.6442138
-6.2302341 3.5886731 -1.7111639
-6.5742869 3.5783825 -1.7814094
-6.7152147 3.4476929 -1.796526
-6.7964258 3.2846196 -1.7965186
-6.8736911 3.1196411 -1.7965115
-7.0812888 2.6141753 -1.7964926
-7.1423044 2.4425244 -1.7964871
-7.2517772 2.0950487 -1.7964773
-7.3443942 1.7426989 -1.7964692
-7.3843064 1.5649499 -1.7964659
-7.5189548 0.66463619 -1.7964551
-7.5327926 0.48297849 -1.7964544
-7.5422559 0.30105284 -1.796454
-7.5442772 -0.24535033 -1.7964554
-7.5361719 -0.42733824 -1.7964567
-7.5067673 -0.79046565 -1.7964606
-7.4855075 -0.9713971 -1.7964633
-7.4599118 -1.1517584 -1.7964664
-7.3956833 -1.5103683 -1.7964736
-7.3142381 -1.8654674 -1.7964827
-7.2671094 -2.0414541 -1.7964878
-7.2157321 -2.2162368 -1.7964933
-7.0365915 -2.7324541 -1.7965124
-6.9686227 -2.9014711 -1.7965196
-6.8965917 -3.0688107 -1.7965273
-6.656621 -3.5597293 -1.7965522
-6.4771872 -3.8768125 -1.7965707
-6.0734668 -4.4831996 -1.7966123
-5.9635544 -4.6284876 -1.7966233
-5.7333593 -4.9109101 -1.7966468
-5.4897947 -5.1818981 -1.7966715
-5.2334471 -5.4408274 -1.7966975
-4.9648924 -5.6870713 -1.7967246
-4.8262596 -5.8052998 -1.7967385
-4.6847949 -5.9201255 -1.7967527
-4.540576 -6.0315099 -1.7967672
-4.0924025 -6.3443389 -1.7968121
-3.9381347 -6.4413085 -1.7968277
-3.6228807 -6.6239438 -1.7968591
-2.7551465 -6.9016662 -1.7686117
-2.5653515 -6.9057279 -1.7532735
-2.3786523 -6.9095612 -1.7391611
-2.0134375 -6.9165783 -1.7144455
-1.6575292 -6.9227829 -1.6941596
-1.4824511 -6.9255991 -1.6856003
-1.3090136 -6.9282317 -1.6780616
-1.1370019 -6.930685 -1.6715214
-0.62741208 -6.9370289 -1.6577206
-0.12353516 -6.9419122 -1.6524055
0.21170898 -6.9443889 -1.6535019
0.37968749 -6.9453979 -1.6554413
0.54811519 -6.9462547 -1.6583167
0.88722652 -6.9475145 -1.6669047
1.0582422 -6.9479141 -1.6726431
1.579707 -6.9481859 -1.6958362
1.7570214 -6.9479589 -1.7056364
1.9364355 -6.9475684 -1.7165147
2.1182325 -6.9470119 -1.7285067
2.3026464 -6.9462838 -1.7416486
3.0564744 -6.9066525 -1.797516
3.7081053 -6.5801115 -1.7975791
4.021338 -6.3936405 -1.7976093
4.1744919 -6.2947865 -1.797624
4.3252244 -6.1922641 -1.7976385
4.4734178 -6.0861359 -1.7976528
4.7619433 -5.8632884 -1.7976805
5.1737499 -5.5035605 -1.7977198
5.3050976 -5.3771367 -1.7977325
5.5584278 -5.1149712 -1.7977567
5.7988377 -4.8408756 -1.7977793
6.0257325 -4.5554943 -1.7978009
6.2386036 -4.2594967 -1.7978208
6.5304785 -3.7970748 -1.7978482
6.620244 -3.6383867 -1.7978566
6.7881541 -3.3147488 -1.7978721
6.9402442 -2.9833801 -1.7978861
7.0102344 -2.8150406 -1.7978925
7.1379395 -2.4735324 -1.797904
3.1685059 -0.8468945 -0.78056204
3.1647949 -0.76457459 -0.77487624
7.4800487 -1.057951 -1.7979335
7.5224118 -0.69580257 -1.7979367
7.5471969 -0.33203307 -1.797938
7.5514355 0.21480651 -1.7979368
7.5440621 0.39697814 -1.7979356
7.5322752 0.57891846 -1.7979339
7.5161133 0.76052123 -1.7979318
7.4955564 0.94169247 -1.7979292
7.4706445 1.1223041 -1.7979263
7.4413571 1.3022571 -1.797923
3.166074 0.7937848 -0.77683258
3.1699219 0.87657529 -0.78274101
3.1741893 0.96079284 -0.78929305
7.1163082 2.5348504 -1.7978873
7.0530467 2.7058344 -1.7978806
6.9142284 3.0429699 -1.797866
6.566113 3.4770215 -1.7682828
5.9464746 3.5263653 -1.6453695
5.8596287 3.668819 -1.6453607
5.5787597 4.0830197 -1.6453319
5.4785838 4.216434 -1.6453216
5.268672 4.4758091 -1.6453003
5.1590915 4.6016212 -1.6452891
4.8125877 4.962678 -1.645254
4.6914062 5.0773325 -1.6452419
4.4408593 5.2977037 -1.6452165
4.1800194 5.5057163 -1.6451902
4.0457911 5.6048036 -1.6451361
3.9094532 5.7009201 -1.6451708
3.7708201 5.7937207 -1.6452037
3.3805077 5.4789538 -1.5321881
2.3724511 5.488307 -1.4229978
2.0653026 5.4911523 -1.3962399
1.6239648 5.4952354 -1.3637452
1.4811132 5.4965577 -1.3548061
1.3400292 5.4978623 -1.3467617
1.2005273 5.4991517 -1.3395889
0.78972656 5.502944 -1.3230835
0.65477538 5.5041895 -1.3191983
0.52050781 5.5054283 -1.3160999
0.38682616 5.5066614 -1.3137791
0.25352538 5.5078907 -1.3122296
-0.40626952 5.4302735 -1.2959802
-0.53842771 5.4313974 -1.2989722
-0.8050195 5.4338474 -1.3073349
-1.0923241 5.5203576 -1.3392813
-1.2317578 5.5216355 -1.3464128
-1.6602734 5.5255661 -1.3731281
-1.8071874 5.5269117 -1.3839003
-1.9565234 5.5282812 -1.3956623
-2.5829883 5.5340123 -1.4534582
-2.7482812 5.5355234 -1.4708511
-3.091543 5.5386596 -1.5096062
-3.2702539 5.5402927 -1.5311221
-4.3568554 4.5200438 -1.6443545
-4.4646482 4.4135633 -1.6443443
-4.5698242 4.3045077 -1.6443343
-4.8691406 3.9625719 -1.6443058
-5.1479101 3.6033494 -1.6458575
-6.0520115 3.2282829 -1.7965919
-6.2006836 2.9324846 -1.796578
-6.3965135 2.4762139 -1.7965602
-6.4543943 2.3211248 -1.796555
-6.5588379 2.0069811 -1.7965456
-6.8371387 0.54631776 -1.7965225
-6.8555369 0.21578124 -1.7965217
-6.8587499 0.050272826 -1.7965219
-6.8579688 -0.11525512 -1.7965224
-6.8531933 -0.28072569 -1.7965235
-6.8444333 -0.446026 -1.7965246
-6.7410059 -1.266734 -1.7965373
-6.6317477 -1.7510787 -1.7965493
-6.5875878 -1.9106148 -1.7965542
-6.5395799 -2.0690389 -1.7965595
-6.4877634 -2.226259 -1.7965649
-6.4321775 -2.3821845 -1.7965709
-6.3728223 -2.5367234 -1.7965771
-6.2430468 -2.8412831 -1.7965907
-5.7678709 -3.7125432 -1.7966399
-5.676621 -3.8506758 -1.7966493
-5.4842672 -4.1201358 -1.796669
-5.2791405 -4.380012 -1.7966899
-5.1719236 -4.5061631 -1.7967007
-4.83249 -4.8685946 -1.7967352
-4.5920115 -5.0961657 -1.7967595
-4.2114158 -5.4151225 -1.7967978
-3.8087304 -5.7057176 -1.7968382
-3.6699414 -5.7960129 -1.7968521
-3.5290234 -5.8829422 -1.7968661
-3.2411327 -6.046464 -1.7968949
-3.0943162 -6.1229706 -1.7969096
-2.6433008 -6.3309336 -1.7969545
-2.489707 -6.392931 -1.7969698
-2.3348241 -6.4512076 -1.7969851
-1.862041 -6.6033816 -1.797032
-1.5412987 -6.6856565 -1.7970637
-1.3794922 -6.720963 -1.7970797
-1.2169141 -6.752357 -1.7970958
-1.0536231 -6.77982 -1.797112
-0.88970703 -6.8033319 -1.7971281
-0.56041014 -6.8384643 -1.7971606
0.26690429 -6.8565063 -1.7972418
0.59741211 -6.8357701 -1.7972742
1.2535741 -6.746593 -1.7973385
1.7383984 -6.6384048 -1.7973858
2.0567284 -6.5469131 -1.7974168
2.2142186 -6.4954276 -1.7974321
2.3703516 -6.4401584 -1.7974473
2.5250096 -6.381134 -1.7974622
2.6782908 -6.3183951 -1.7974772
2.8299999 -6.2519717 -1.7974919
2.9800878 -6.1819067 -1.7975063
3.1284277 -6.1082382 -1.7975208
3.8411522 -5.6874347 -1.7975895
4.1111522 -5.4955535 -1.7976155
4.2425876 -5.3947787 -1.7976282
5.0895214 -4.6048269 -1.797709
5.5097852 -4.0929022 -1.7977488
5.6069822 -3.95877 -1.797758
5.8787599 -3.5428352 -1.7977835
6.0429101 -3.2550774 -1.7977988
6.1197362 -3.1083086 -1.7978059
2.6052344 -1.0207471 -0.73287851
2.6440821 -0.82085937 -0.72515172
2.7185352 -0.77256531 -0.7402454
3.2291014 -0.83398861 -0.87353224
6.7805271 -1.0678833 -1.7978648
6.8231444 0.74856263 -1.7978637
3.2252343 0.75498962 -0.86760288
3.2293456 0.83864194 -0.87389821
2.7048242 0.77256531 -0.73679221
2.6314158 0.89100581 -0.72766942
2.6184278 0.95763916 -0.73025489
6.1155076 3.1164269 -1.7977873
5.9579492 3.4078534 -1.797771
5.7639647 3.4841325 -1.764097
5.482861 3.4975927 -1.7034035
5.2306151 3.5171216 -1.6509407
5.1266012 3.6298516 -1.6452887
5.037529 3.7524927 -1.6452796
4.9454489 3.8729479 -1.6452702
4.4431152 4.4399781 -1.6452192
3.8761718 4.94239 -1.645162
3.7557518 5.0344505 -1.6451499
3.3816502 5.2928391 -1.6451124
3.2528808 5.3728623 -1.6450996
3.1222656 5.4497533 -1.6450865
2.9898143 5.5234704 -1.6450734
2.8555272 5.5937915 -1.6450088
2.4434667 5.7859006 -1.645064
2.1639354 5.490149 -1.5456587
1.8641992 5.4929261 -1.5193145
1.5738281 5.4956141 -1.4972841
1.4316211 5.4969296 -1.4877934
1.1521386 5.4995141 -1.4717125
0.87798828 5.5020456 -1.4593371
0.60780275 5.5045395 -1.450519
0.47376952 5.505775 -1.4474108
0.34022459 5.5070066 -1.4451541
0.20703125 5.508235 -1.4437442
-0.19208984 5.5119104 -1.4445643
-0.45234373 5.4305224 -1.4272963
-0.58474606 5.4317408 -1.4309084
-0.85194331 5.4341941 -1.4407179
-1.7112988 5.5259461 -1.5151781
-1.8590429 5.527297 -1.5274093
-2.0092773 5.5286741 -1.5407435
-2.5658398 5.7304173 -1.6445236
-2.7033594 5.6667929 -1.6445136
-2.8393261 5.5998607 -1.6445005
-3.1061425 5.4562521 -1.6444747
-3.2368944 5.3796616 -1.6444621
-3.3657422 5.2999401 -1.6444497
-3.7402637 5.0424619 -1.6444136
-3.8608203 4.9506979 -1.6444021
-3.9791503 4.8560486 -1.6443907
-4.0951462 4.7585764 -1.6443795
-4.4285841 4.449769 -1.6443478
-4.5346289 4.3415794 -1.6443375
-4.7387891 4.1176734 -1.6443182
-5.0241599 3.7640147 -1.6442912
-5.1134763 3.6416497 -1.6442828
-5.3040428 3.5876427 -1.6772201
-6.176621 2.9828703 -1.7965803
-6.2467771 2.8329358 -1.7965739
-6.3761425 2.5282092 -1.796562
-6.4352732 2.3735924 -1.7965567
-6.4906735 2.2175977 -1.7965516
-6.5900779 1.9018236 -1.7965428
-6.6340427 1.7422284 -1.7965389
-6.710371 1.4201007 -1.7965324
-6.7710447 1.0946594 -1.7965274
-6.7954884 0.93093318 -1.7965255
-6.8159571 0.76666868 -1.796524
-6.8586817 -0.059418943 -1.7965221
-6.8552537 -0.22492431 -1.796523
-6.8478317 -0.39029297 -1.7965242
-6.8210349 -0.720249 -1.7965279
-6.7198925 -1.3743854 -1.7965395
-6.60291 -1.8569198 -1.7965525
-6.5561814 -2.0157299 -1.7965575
-6.4513278 -2.3297362 -1.7965688
-5.7978806 -3.6654582 -1.7966368
-5.7077637 -3.8043303 -1.7966461
-5.6143165 -3.9409804 -1.7966557
-5.5176268 -4.0753436 -1.7966657
-5.3146286 -4.3368764 -1.7966862
-5.0992284 -4.5883222 -1.7967082
-4.8719821 -4.8290777 -1.7967312
-4.7540331 -4.9452734 -1.7967432
-4.5099511 -5.1689744 -1.7967677
-4.3839159 -5.2763453 -1.7967803
-4.2553415 -5.3806477 -1.7967933
-3.8550389 -5.6745057 -1.7968335
-3.7170117 -5.7659292 -1.7968473
-3.4345214 -5.9386601 -1.7968756
-3.2902343 -6.0198627 -1.79689
-3.1440332 -6.0975595 -1.7969046
-2.9959764 -6.1717052 -1.7969193
-2.846211 -6.2422624 -1.7969344
-2.5416992 -6.3724298 -1.7969645
-2.3873143 -6.4319739 -1.7969799
-2.2312987 -6.4877629 -1.7969954
-1.9157226 -6.5879831 -1.7970266
-1.7562011 -6.6323547 -1.7970425
-1.4341894 -6.7094889 -1.7970744
-1.2718457 -6.7422061 -1.7970904
-1.1087598 -6.7709994 -1.7971064
-0.6160742 -6.833652 -1.7971551
0.21106444 -6.8584313 -1.7972364
0.87120116 -6.8063955 -1.7973009
1.035205 -6.7834549 -1.7973171
1.1986133 -6.7565536 -1.797333
1.5232714 -6.6909709 -1.7973647
1.6842773 -6.6523204 -1.7973804
2.1611719 -6.5132189 -1.7974268
2.4729686 -6.4014654 -1.7974572
2.6267383 -6.3399744 -1.7974722
2.9296484 -6.2059455 -1.7975014
3.370996 -5.9778967 -1.7975442
3.5142968 -5.8948507 -1.7975581
4.0662599 -5.5288239 -1.7976112
4.1985254 -5.4291248 -1.7976239
4.3283591 -5.3262587 -1.7976364
4.4556642 -5.2202921 -1.7976485
4.5803809 -5.1112795 -1.7976605
4.7024217 -4.9992867 -1.797672
4.9382129 -4.7666283 -1.7976947
5.051836 -4.6461 -1.7977055
5.1625094 -4.5228572 -1.797716
5.2701855 -4.3969831 -1.7977262
5.3748045 -4.2685456 -1.797736
5.4762793 -4.1376152 -1.7977456
5.5745702 -4.0042758 -1.7977549
5.6695995 -3.8686011 -1.7977638
5.7613378 -3.7306719 -1.7977725
5.8497071 -3.590569 -1.7977808
6.0942087 -3.1580212 -1.7978034
6.1686716 -3.010046 -1.7978103
2.5687304 -1.1775548 -0.74013799
2.6514745 -0.77688843 -0.72368026
3.2263379 -0.77845639 -0.86930817
6.7095017 -1.4484711 -1.797859
6.7425098 -1.2861371 -1.7978617
6.7715917 -1.1230506 -1.7978642
6.8179002 -0.79500425 -1.7978677
6.8351169 -0.63024169 -1.797869
6.8575583 -0.29971129 -1.7978702
6.8628025 -0.13413513 -1.7978702
6.8640528 0.031522825 -1.7978698
6.861279 0.19716308 -1.7978691
6.8545117 0.36268249 -1.797868
6.8290329 0.69299495 -1.7978644
6.7876072 1.021687 -1.7978594
6.7303905 1.3480072 -1.7978529
3.2279003 0.8102783 -0.87169647
2.790664 0.77256531 -0.75843334
2.6092577 1.0018866 -0.73207664
6.1407032 3.0665441 -1.7977901
5.9855175 3.3592358 -1.7977738
5.3067579 3.5059276 -1.6659088
5.0679002 3.7113647 -1.6452827
4.9768162 3.8325622 -1.6452734
4.8828611 3.9515271 -1.6452638
4.5841212 4.2943296 -1.6452334
4.2613769 4.614603 -1.645201
4.1487498 4.7160654 -1.6451895
4.0337009 4.8147802 -1.6451778
3.9162891 4.9106822 -1.6451662
3.7966113 5.0037241 -1.6451541
3.6747363 5.0938501 -1.6451418
3.5507128 5.1810069 -1.6451293
3.2965331 5.3462086 -1.6451041
2.9010937 5.5705457 -1.6450645
2.7657323 5.6387939 -1.6450225
2.2155468 5.4896717 -1.5505503
1.9140429 5.4924645 -1.523447
1.4793946 5.4964881 -1.4908847
1.3383398 5.4977918 -1.4820434
1.1988477 5.4990807 -1.4741597
1.0607715 5.5003586 -1.4672097
0.51891601 5.5053601 -1.4483639
0.25192383 5.5078211 -1.4441252
-0.28044921 5.512722 -1.4457681
-0.53999996 5.4313278 -1.4295954
-0.6728906 5.4325514 -1.4337753
-0.8066113 5.4337792 -1.4388191
-0.95592773 5.519021 -1.4670724
-1.3744335 5.5228601 -1.4906765
-1.6619824 5.5254941 -1.5112945
-2.1103125 5.5295982 -1.5502098
-2.379668 5.8104405 -1.6445832
-2.5191307 5.7511716 -1.644539
-2.6570995 5.6885409 -1.6444931
-2.9284863 5.5537033 -1.6444918
-3.1929979 5.4058433 -1.6444664
-3.4500682 5.2454062 -1.6444415
-3.5756152 5.1605821 -1.6444294
-3.6990819 5.0727587 -1.6444175
-3.8204002 4.9819736 -1.644406
-3.939492 4.8882909 -1.6443945
-4.1707225 4.6924486 -1.6443723
-4.2826953 4.5904126 -1.6443617
-5.0837402 3.6831658 -1.6442856
-5.2168651 3.5909092 -1.6588376
-5.4826365 3.5819921 -1.7153562
-5.7679687 3.5728068 -1.7771178
-6.0771875 3.1806567 -1.7965895
-6.1521287 3.0330632 -1.7965826
-6.2235155 2.8836968 -1.796576
-6.2912693 2.732661 -1.7965698
-6.4157615 2.4259045 -1.7965585
-6.4724216 2.2703698 -1.7965533
-6.5252929 2.1135077 -1.7965486
-6.6610546 1.6359051 -1.7965367
-6.6985836 1.4746789 -1.7965335
-6.7321973 1.3125933 -1.7965306
-6.7619042 1.1497455 -1.7965281
-6.7876854 0.98622984 -1.7965262
-6.8094821 0.82213807 -1.7965245
-6.8273435 0.6575653 -1.7965231
-6.8570213 0.16194519 -1.7965217
-6.8589354 -0.0035803223 -1.796522
-6.8568554 -0.16910216 -1.7965226
-6.8507714 -0.33453429 -1.7965237
-6.8407226 -0.49976134 -1.7965252
-6.8086329 -0.82925171 -1.7965293
-6.7866697 -0.99331784 -1.7965319
-6.7607322 -1.1568091 -1.796535
-6.6970897 -1.4816848 -1.7965422
-6.6593847 -1.6428708 -1.7965463
-6.6177926 -1.8031036 -1.7965509
-6.5723729 -1.9622906 -1.7965558
-6.4700975 -2.2771356 -1.7965667
-6.1490235 -3.0395143 -1.7966005
-6.0739255 -3.1870327 -1.7966084
-5.1363964 -4.546648 -1.7967044
-5.0252051 -4.6693025 -1.7967156
-4.9110937 -4.7892509 -1.7967273
-4.7941308 -4.9063993 -1.796739
-4.5518556 -5.1320782 -1.7967634
-4.4267187 -5.2404656 -1.7967761
-4.1687598 -5.4480395 -1.796802
-4.0361133 -5.5470896 -1.7968153
-3.763828 -5.7354679 -1.7968426
-3.6243455 -5.8246727 -1.7968566
-3.4827342 -5.9104853 -1.7968708
-3.1935546 -6.0717449 -1.7968997
-2.8969042 -6.2188702 -1.7969292
-2.7460155 -6.2870207 -1.7969443
-2.5935156 -6.3515105 -1.7969594
-2.4396288 -6.4123015 -1.7969748
-1.969287 -6.5721526 -1.7970213
-1.8101465 -6.6178188 -1.7970371
-1.6499316 -6.6596341 -1.797053
-1.1638769 -6.761724 -1.7971011
-0.67167968 -6.8283916 -1.7971497
-0.17594726 -6.8592772 -1.7971983
-0.010351562 -6.8615866 -1.7972146
0.48605469 -6.8445463 -1.7972633
0.81575191 -6.8132439 -1.7972957
1.1435645 -6.7660723 -1.7973276
1.3065137 -6.7365589 -1.7973436
1.4687304 -6.7031302 -1.7973595
1.7905078 -6.6245704 -1.7973908
1.9498242 -6.5794854 -1.7974064
2.4207616 -6.4213648 -1.7974522
2.5750389 -6.3611259 -1.7974671
2.7278223 -6.2971878 -1.797482
2.8790233 -6.2295732 -1.7974966
3.0285351 -6.1583347 -1.7975111
3.322207 -6.0051231 -1.7975395
3.6081445 -5.8379188 -1.7975671
3.7480078 -5.7491903 -1.7975805
3.8856933 -5.6571131 -1.7975938
4.1541991 -5.4631119 -1.7976196
4.4129977 -5.2563767 -1.7976445
4.5386229 -5.1483855 -1.7976565
4.8992381 -4.8066664 -1.7976909
5.0138278 -4.687068 -1.7977018
5.3398728 -4.3121557 -1.7977328
5.8202734 -3.638063 -1.797778
6.0683103 -3.2075281 -1.7978011
6.1439452 -3.0601623 -1.7978081
6.2160254 -2.9110193 -1.7978147
2.6098731 -0.9989984 -0.73195499
2.6234765 -0.93226558 -0.72924805
2.647754 -0.79926819 -0.724419
2.8020215 -0.7725659 -0.76129955
3.2277246 -0.80664855 -0.87141889
6.7622266 -1.1781366 -1.7978635
6.8112011 -0.8504858 -1.7978673
6.8297458 -0.68586671 -1.7978686
6.8443165 -0.52085143 -1.7978696
6.8549118 -0.35553223 -1.7978702
6.8640723 -0.024365233 -1.79787
6.8626657 0.14128844 -1.7978693
6.8572459 0.30685729 -1.7978683
6.8344431 0.63737851 -1.7978653
6.81707 0.80212218 -1.797863
6.7957029 0.96639949 -1.7978604
6.770371 1.1301123 -1.7978575
6.7411327 1.293164 -1.7978541
6.7079587 1.4554657 -1.7978505
2.6396289 0.84613705 -0.726035
2.6272948 0.91266602 -0.72848922
2.5996583 1.0462042 -0.73398519
6.0126758 3.3104029 -1.7977767
5.670361 3.4886358 -1.7437783
5.0078807 3.7919261 -1.6452765
4.9148731 3.9116478 -1.6452671
4.8190331 4.0290942 -1.6452574
4.7203417 4.1441894 -1.6452473
4.6189256 4.2568674 -1.6452371
4.5148339 4.367075 -1.6452264
4.4081249 4.4747252 -1.6452157
4.2988181 4.5797715 -1.6452045
4.1869922 4.6821437 -1.6451935
4.0727634 4.7817907 -1.6451819
3.956162 4.8786459 -1.6451701
3.8372459 4.9726572 -1.6451582
3.7161033 5.063777 -1.645146
3.3399706 5.3192115 -1.6451083
2.9463379 5.5467639 -1.6450689
2.675205 5.6823449 -1.6450353
2.1144629 5.4906077 -1.5410658
1.9641699 5.4919996 -1.5277034
1.8163769 5.4933691 -1.5154468
1.527373 5.4960423 -1.4940878
0.96994138 5.5011973 -1.4631075
0.56411129 5.5049415 -1.4494138
0.43026367 5.5061779 -1.4465834
0.29685545 5.5074072 -1.4446024
0.030751953 5.5098581 -1.4431729
-0.10226563 5.5110826 -1.4437195
-0.23544921 5.5123096 -1.4451083
-0.36337891 5.4297962 -1.4253606
-0.49533203 5.4309177 -1.4283792
-0.76139647 5.433363 -1.4370209
-0.89579099 5.434597 -1.4426446
-1.0472656 5.5198584 -1.4715593
-2.0587304 5.5291271 -1.5453278
-2.3323047 5.8296752 -1.6445978
-2.8831737 5.577374 -1.6444963
-3.1488867 5.4316735 -1.6444707
-3.5334959 5.1895313 -1.6444335
-3.8995605 4.920217 -1.6443983
-4.1323633 4.7262635 -1.644376
-4.3555565 4.5212998 -1.6443547
-4.4633789 4.4148459 -1.6443444
-4.6711521 4.1942906 -1.6443247
-4.8680077 3.9639783 -1.6443059
-4.9622459 3.8453271 -1.6442971
-5.3907323 3.5849097 -1.6956776
-5.6694727 3.5759978 -1.7556871
-6.051074 3.2300334 -1.7965919
-6.1272459 3.0830462 -1.7965848
-6.1998434 2.9342668 -1.7965782
-6.2688184 2.7837877 -1.7965717
-6.3341599 2.6316912 -1.7965658
-6.3957911 2.4780548 -1.7965602
-6.453701 2.3229876 -1.796555
-6.5078807 2.1665599 -1.7965502
-6.6048045 1.8500183 -1.7965416
-6.6863475 1.5291711 -1.7965345
-6.7523241 1.2047644 -1.7965289
-6.7794137 1.0414605 -1.7965268
-6.8217773 0.71312255 -1.7965236
-6.8580074 -0.11327636 -1.7965224
-6.8445506 -0.44405028 -1.7965246
-6.8151755 -0.7737872 -1.7965285
-6.7945309 -0.93803036 -1.7965311
-6.6725192 -1.5886078 -1.7965449
-6.4328513 -2.3803267 -1.7965707
-6.3105564 -2.6879632 -1.7965837
-6.2438769 -2.8394763 -1.7965907
-5.6777244 -3.849041 -1.7966491
-5.1732321 -4.5046692 -1.7967007
-5.0630565 -4.6282263 -1.7967118
-4.9499316 -4.7490931 -1.7967232
-4.8339157 -4.8671951 -1.796735
-4.0811229 -5.5140381 -1.7968109
-3.9468944 -5.6109586 -1.7968243
-3.5307422 -5.8819222 -1.7968659
-3.3878026 -5.9654593 -1.7968802
-3.2428613 -6.0455279 -1.7968948
-2.7970996 -6.2644339 -1.7969393
-2.3366113 -6.4505363 -1.796985
-2.0227246 -6.5558834 -1.7970161
-1.8639355 -6.6028423 -1.7970319
-1.7040722 -6.6459622 -1.7970477
-1.5432227 -6.6852117 -1.7970636
-0.89166993 -6.8030748 -1.797128
-0.066210933 -6.8612523 -1.7972091
0.099374995 -6.8609123 -1.7972255
0.76026368 -6.8196373 -1.7972902
1.0884277 -6.7751379 -1.7973224
1.2516308 -6.7469554 -1.7973382
1.5757715 -6.678823 -1.79737
2.0548534 -6.5474982 -1.7974167
2.212285 -6.4960632 -1.7974319
2.5231543 -6.3818607 -1.7974621
2.6764648 -6.3191686 -1.7974769
3.7010643 -5.7795005 -1.7975761
3.8394823 -5.6885486 -1.7975894
4.10957 -5.4967351 -1.7976153
4.4965234 -5.1851487 -1.7976524
4.8599315 -4.8463783 -1.7976872
5.408164 -4.2262158 -1.7977393
5.6998048 -3.823966 -1.7977667
5.8777442 -3.5445266 -1.7977834
6.1188378 -3.1100769 -1.7978058
6.1921287 -2.9615216 -1.7978126
2.618994 -0.95475584 -0.73013908
2.631953 -0.88813049 -0.72756219
2.6439354 -0.82165706 -0.72517937
6.7524118 -1.2331475 -1.7978625
6.8597069 -0.2458557 -1.7978703
6.8514547 0.41650084 -1.7978675
6.7793751 1.0749604 -1.7978586
6.7514257 1.238247 -1.7978554
3.2292871 0.83763301 -0.87381905
2.7077832 0.77256471 -0.73753738
2.6435742 0.82373106 -0.72525084
2.6045995 1.0236353 -0.7330026
6.1898336 2.9661705 -1.7977951
5.9589453 3.4061322 -1.7977711
5.7674508 3.4839642 -1.7648551
5.4861231 3.4974358 -1.7041
5.1276169 3.6283722 -1.6452888
5.0385938 3.75104 -1.6452796
4.7539454 4.1056347 -1.6452507
4.4444041 4.4387035 -1.6452193
4.3359666 4.5446286 -1.6452084
4.1115623 4.7484875 -1.6451858
3.7572167 5.0333676 -1.6451501
3.5099218 5.2087107 -1.6451254
3.2544529 5.3719201 -1.6450998
2.5840039 5.7244492 -1.6450473
1.7196875 5.4942627 -1.5079119
1.5755469 5.4955978 -1.4974033
1.4333105 5.4969139 -1.4879011
1.2927831 5.4982138 -1.4793741
0.87960935 5.5020313 -1.4594008
0.74409181 5.5032825 -1.4545437
0.60939449 5.5045252 -1.4505616
0.47536132 5.5057602 -1.447443
0.3418164 5.5069919 -1.4451759
-0.057373047 5.5106702 -1.4434408
-0.58315426 5.431726 -1.4308608
-0.85033202 5.4341798 -1.440649
-1.0007129 5.5194321 -1.4692253
-1.1391797 5.5207019 -1.4764529
-1.2791113 5.521986 -1.484622
-1.4206835 5.5232825 -1.4937559
-1.5641016 5.5245972 -1.5038842
-1.8572558 5.5272813 -1.5272573
-2.0074608 5.5286584 -1.5405774
-2.284785 5.8485217 -1.6446122
-2.5641797 5.7311583 -1.6445242
-2.7017188 5.6675782 -1.6445138
-2.8376856 5.6006823 -1.6445007
-2.9720116 5.5305185 -1.6444877
-3.1045897 5.4571433 -1.6444749
-3.3642285 5.3009095 -1.6444498
-3.4911327 5.2181382 -1.6444376
-3.6160154 5.1323328 -1.6444256
-3.7387989 5.0435424 -1.6444137
-3.9777343 4.8571959 -1.6443908
-4.0937696 4.759758 -1.6443797
-4.3186035 4.5566282 -1.6443582
-4.4272656 4.4510546 -1.6443478
-4.5333886 4.3428941 -1.6443378
-4.636826 4.2321897 -1.644328
-4.8355761 4.0034823 -1.644309
-4.9307714 3.8856006 -1.6443
-5.0230665 3.7654614 -1.6442914
-5.1125193 3.6431267 -1.6442829
-5.300879 3.5877416 -1.676551
-6.101953 3.1328344 -1.7965872
-6.2459474 2.8347447 -1.7965739
-6.4345994 2.3754442 -1.7965567
-6.4900193 2.2194672 -1.7965518
-6.5895309 1.9037212 -1.7965429
-6.6335449 1.7441455 -1.7965389
-6.6736913 1.5835522 -1.7965356
-6.7099509 1.4220368 -1.7965324
-6.7707224 1.0966175 -1.7965274
-6.815742 0.76864743 -1.796524
-6.8323045 0.60394043 -1.7965227
-6.844873 0.43886963 -1.796522
-6.8580856 0.10808594 -1.7965217
-6.8587012 -0.057446286 -1.7965221
-6.8553123 -0.22294617 -1.796523
-6.847949 -0.38831419 -1.7965242
-6.8365917 -0.55345887 -1.7965257
-6.8019528 -0.88268614 -1.7965301
-6.7514453 -1.209859 -1.7965361
-6.6852245 -1.53422 -1.7965436
-6.6462693 -1.6951079 -1.7965478
-6.556777 -2.0138409 -1.7965574
-6.506279 -2.1714904 -1.7965629
-6.4520211 -2.3278778 -1.7965688
-6.2667675 -2.7885528 -1.7965883
-6.1249804 -3.0877068 -1.7966031
-6.0487008 -3.2346354 -1.796611
-5.9689059 -3.3796771 -1.7966192
-5.7088766 -3.802675 -1.7966459
-5.615449 -3.9393671 -1.7966555
-5.5187988 -4.0737562 -1.7966654
-5.3158593 -4.3353496 -1.7966861
-5.2097168 -4.4623981 -1.7966969
-4.9883986 -4.7086267 -1.7967193
-4.8733497 -4.8276725 -1.7967311
-4.6348047 -5.0572586 -1.7967552
-4.511445 -5.1676722 -1.7967676
-4.2569041 -5.3794088 -1.7967932
-3.8566699 -5.6733975 -1.7968333
-3.718662 -5.7648568 -1.7968472
-3.2919824 -6.0189152 -1.7968898
-3.1457911 -6.096652 -1.7969044
-2.9977734 -6.1708407 -1.7969192
-2.3890331 -6.4312801 -1.7969798
-2.2332129 -6.4871149 -1.7969952
-1.9176172 -6.5874319 -1.7970265
-1.7581152 -6.6318493 -1.7970424
-1.5975683 -6.6724052 -1.7970582
-1.273789 -6.7418389 -1.7970901
-1.1107422 -6.7706785 -1.7971063
-0.78276366 -6.8165054 -1.7971387
-0.61805665 -6.8334732 -1.7971548
-0.45296875 -6.8464599 -1.7971711
-0.12208984 -6.860467 -1.7972037
0.20908202 -6.8584909 -1.7972361
0.37455076 -6.8515105 -1.7972524
0.53977537 -6.8405414 -1.7972686
0.70470703 -6.8255796 -1.7972848
1.0332519 -6.7837534 -1.7973169
1.3593946 -6.7261147 -1.7973487
1.5213476 -6.6914115 -1.7973646
2.0014453 -6.5639987 -1.7974113
2.1593163 -6.5138445 -1.7974267
2.471123 -6.4021726 -1.7974571
2.6249316 -6.3407292 -1.797472
2.9278514 -6.206789 -1.7975013
3.0768163 -6.1343751 -1.7975159
3.6538866 -5.8094206 -1.7975715
3.7930369 -5.7195964 -1.797585
4.0646482 -5.5300012 -1.797611
4.7009668 -5.0006456 -1.797672
4.8203125 -4.8857718 -1.7976834
5.1612206 -4.5243487 -1.7977159
5.4750781 -4.1392007 -1.7977455
5.6684666 -3.8702426 -1.7977638
5.9336915 -3.4500768 -1.7977886
6.1678028 -3.0118246 -1.7978103
2.614414 -0.9772656 -0.73105264
2.6399999 -0.84406251 -0.72596151
2.8904102 -0.77256531 -0.78364533
3.2263963 -0.77945679 -0.86938131
6.7090721 -1.4503994 -1.797859
6.7421484 -1.2880737 -1.7978617
6.7712793 -1.1249969 -1.7978641
6.7964549 -0.96126527 -1.7978662
6.8176856 -0.79697144 -1.7978677
6.8481932 -0.46708679 -1.7978697
6.8574805 -0.30169004 -1.7978702
6.8627734 -0.13611571 -1.7978702
6.8640528 0.029539185 -1.7978698
6.8613281 0.19517639 -1.7978691
6.8438964 0.5260101 -1.7978665
6.8105369 0.8556329 -1.7978622
6.7613087 1.1832452 -1.7978565
3.2278514 0.80927491 -0.87161922
2.6474121 0.80134034 -0.72448826
2.6357226 0.86776793 -0.72681242
2.6230567 0.93434691 -0.72932988
2.6094337 1.0010846 -0.73204285
2.5947948 1.067995 -0.73495442
2.5791504 1.1350898 -0.73806739
6.213779 2.9156768 -1.7977977
6.0658007 3.2120824 -1.7977823
5.9864841 3.3575151 -1.797774
5.8668652 3.4791613 -1.7865564
5.3098826 3.50578 -1.6665674
4.9779296 3.8311267 -1.6452736
4.7872167 4.0668063 -1.6452541
4.6876559 4.1811218 -1.645244
4.585371 4.2929978 -1.6452336
4.2626953 4.6133761 -1.6452011
4.1500878 4.7148719 -1.6451896
4.035078 4.813612 -1.6451781
3.9177148 4.9095531 -1.6451663
3.5521972 5.1799817 -1.6451296
3.4261327 5.2641554 -1.645117
3.2980762 5.3452611 -1.6451042
3.0362792 5.4980822 -1.6450779
2.7673535 5.6379895 -1.6450223
2.6305175 5.7031922 -1.6450375
2.4921582 5.7650805 -1.6450584
2.2173827 5.4896545 -1.5507263
2.0652635 5.4910631 -1.5365938
1.9158105 5.4924474 -1.5235962
1.6239452 5.4951501 -1.5008339
1.481084 5.4964719 -1.4909967
1.3400195 5.497777 -1.482144
1.0624218 5.5003419 -1.4672877
0.9255566 5.5016065 -1.4612397
0.78970701 5.5028625 -1.4560854
0.65476561 5.5041051 -1.4518086
0.52050781 5.5053453 -1.4483993
0.38681641 5.5065784 -1.4458456
-0.012519531 5.5102563 -1.443258
-0.53841794 5.4313145 -1.4295509
-0.95426756 5.5190063 -1.4669946
-1.3727441 5.5228443 -1.4905657
-1.515498 5.5241513 -1.5003543
-1.6602441 5.5254784 -1.5111592
-2.1084862 5.5295811 -1.550034
-2.3779979 5.8111315 -1.6445837
-3.3209765 5.3281322 -1.644454
-3.8872948 4.2327332 -1.6444016
-4.0869336 4.0401893 -1.6443825
-4.1832323 3.9403648 -1.6443733
-4.2770801 3.8382444 -1.6443645
-4.4571872 3.6273613 -1.6443473
-4.6262302 3.5828319 -1.6742979
-4.8540525 3.5752385 -1.7250059
-5.0959864 3.5669928 -1.7798595
-5.3118358 3.3482709 -1.7966642
-6.004004 1.837207 -1.7966006
-6.0465918 1.6917779 -1.7965968
-6.1531053 1.2499212 -1.7965876
-6.2449121 0.65099972 -1.7965803
-6.269033 0.34891722 -1.7965789
-6.2756348 0.19752808 -1.7965786
-6.2785645 0.046022337 -1.7965788
-6.2734861 -0.25697631 -1.7965802
-6.2654686 -0.40829527 -1.7965814
-6.2537889 -0.55937862 -1.7965831
-6.2384667 -0.7101379 -1.7965851
-6.1707907 -1.1595819 -1.796593
-6.1410155 -1.3081622 -1.7965963
-6.1076756 -1.4559817 -1.7966
-6.0303416 -1.7489972 -1.7966084
-5.9863768 -1.8940179 -1.7966131
-5.9389353 -2.0379403 -1.7966183
-5.8880467 -2.1806715 -1.7966237
-5.3603907 -3.2700655 -1.7966788
-5.1098533 -3.6493225 -1.7967044
-4.8325391 -4.00948 -1.7967325
-4.6335154 -4.2380295 -1.7967529
-4.4236717 -4.4567175 -1.7967741
-4.3148727 -4.5621996 -1.7967851
-3.9735937 -4.8624859 -1.7968196
-3.6115038 -5.1373014 -1.7968559
-3.4864941 -5.2229996 -1.7968684
-3.3594725 -5.3056531 -1.7968811
-3.0995898 -5.4616523 -1.7969072
-2.9669139 -5.5348997 -1.7969203
-2.6964355 -5.6717005 -1.7969472
-2.2791405 -5.852036 -1.7969888
-2.1372364 -5.9053783 -1.797003
-1.9941211 -5.9552813 -1.7970172
-1.849834 -6.0017219 -1.7970314
-1.7045019 -6.044663 -1.7970458
-1.558125 -6.0840855 -1.7970604
-1.2627734 -6.1522813 -1.7970895
-1.113955 -6.181015 -1.7971044
-0.66391599 -6.2455587 -1.7971487
-0.21036132 -6.2773809 -1.7971933
-0.058808591 -6.2806787 -1.7972082
0.39570311 -6.2686362 -1.7972528
0.546875 -6.2573123 -1.7972676
0.69772458 -6.2423463 -1.7972823
0.8481738 -6.2237401 -1.7972971
1.2962109 -6.1462259 -1.797341
1.882666 -5.9928632 -1.7973981
2.1696582 -5.8951325 -1.797426
2.3112988 -5.8411026 -1.7974397
2.7278807 -5.6587253 -1.7974801
3.1301563 -5.4466796 -1.7975191
3.2607226 -5.3695879 -1.7975316
3.5160351 -5.2060776 -1.7975563
3.6406834 -5.1197476 -1.7975682
4.0015721 -4.8430543 -1.7976028
4.1173244 -4.7451062 -1.797614
4.3415232 -4.5409689 -1.7976353
4.5556345 -4.326251 -1.7976557
4.7591014 -4.1014404 -1.7976751
4.8567481 -3.9854181 -1.7976843
4.9515233 -3.8670731 -1.7976933
5.0434375 -3.7464726 -1.797702
5.3013182 -3.3718615 -1.7977263
5.3811426 -3.2429564 -1.7977338
5.457871 -3.1121597 -1.7977409
5.5314059 -2.9795558 -1.7977477
5.6017184 -2.8452065 -1.7977542
2.9912889 -0.77256531 -0.88399869
3.2575195 -0.75797057 -0.9569962
6.1811719 -1.1269825 -1.7978063
6.2065721 -0.97748959 -1.7978082
6.2465234 -0.67687863 -1.7978113
6.261035 -0.52593935 -1.7978123
6.271904 -0.3746942 -1.7978129
6.2791014 -0.22323181 -1.7978131
6.2826657 -0.071632691 -1.7978131
6.282578 0.080004267 -1.7978126
6.278789 0.23159729 -1.7978119
6.2603221 0.53428161 -1.7978091
6.2272363 0.83571959 -1.797805
6.2052441 0.98575622 -1.7978024
6.1796384 1.1352118 -1.7977993
6.1504102 1.284013 -1.7977961
3.2575195 0.76254821 -0.95729381
2.9749024 0.7725659 -0.87946272
2.704834 0.77256471 -0.80490083
5.4536719 3.1194031 -1.7977223
5.2967381 3.3788805 -1.7977061
5.1821384 3.4845166 -1.7868345
4.9385548 3.4966998 -1.7314458
4.526865 3.5451403 -1.6452301
4.4400487 3.6533344 -1.6452212
4.3504882 3.7593944 -1.6452121
4.0670505 4.0641904 -1.6451833
3.8661718 4.2556443 -1.6451631
3.6562889 4.4371753 -1.6451418
3.5481055 4.5240855 -1.645131
3.2114842 4.7688107 -1.6450973
3.0954492 4.8448877 -1.6450857
2.8580272 4.9885287 -1.645062
2.7367773 5.0560117 -1.6450498
2.613955 5.1205468 -1.6450375
2.3637989 5.2406235 -1.6450126
2.2366211 5.2961044 -1.645
2.1081543 5.3484945 -1.6449871
1.4489257 5.563158 -1.6449218
1.1787499 5.6263547 -1.6448539
0.63093746 5.7137327 -1.6448411
0.35451171 5.7374644 -1.6448258
0.21592773 5.7443104 -1.6448152
0.077246092 5.7478051 -1.6448027
-0.061484374 5.7479444 -1.6447886
-0.33873045 5.7381678 -1.6447554
-0.47712889 5.7282581 -1.6447362
-0.61520505 5.7149987 -1.6447152
-0.8902148 5.6784949 -1.6446687
-1.0269824 5.6552696 -1.6446429
-2.0929394 5.3529062 -1.6445745
-2.2214942 5.3007922 -1.644562
-2.599082 5.1260862 -1.6445254
-2.7220213 5.061831 -1.6445136
-3.1971776 4.7757545 -1.6444677
-3.3114648 4.697175 -1.6444567
-3.4238281 4.6158667 -1.6444459
-3.5341895 4.5318689 -1.6444354
-3.9544628 4.1700058 -1.6443951
-4.2457032 3.8729429 -1.6443673
-4.3379002 3.7693334 -1.6443586
-4.5534177 3.5861096 -1.6584505
-4.7756739 3.5778704 -1.7074565
-5.2010741 3.5179632 -1.7966746
-5.2843943 3.3914092 -1.7966669
-5.8367867 2.3143432 -1.7966156
-5.8909082 2.1728082 -1.7966107
-5.9888573 1.8860266 -1.796602
-6.0326266 1.7409461 -1.796598
-6.0728612 1.5948547 -1.7965945
-6.10957 1.4478357 -1.7965913
-6.1427245 1.2999725 -1.7965885
-6.1982908 1.0020642 -1.796584
-6.2206445 0.85218441 -1.7965821
-6.2545214 0.55104184 -1.7965797
-6.273828 0.24861328 -1.7965786
-6.2785058 -0.054390866 -1.7965791
-6.2753711 -0.2058966 -1.7965798
-6.1800098 -1.1093017 -1.7965919
-6.1193261 -1.4062124 -1.7965987
-6.0443554 -1.6998428 -1.7966069
-5.386826 -3.2263117 -1.796676
-5.3074217 -3.3553865 -1.796684
-5.1393847 -3.6075957 -1.7967013
-5.0508494 -3.7305875 -1.7967105
-4.9593844 -3.8514094 -1.7967198
-4.8650193 -3.9699957 -1.7967294
-4.6678514 -4.20016 -1.7967494
-4.459795 -4.4205475 -1.7967705
-4.0130568 -4.8299789 -1.7968156
-3.8953416 -4.925437 -1.7968273
-3.7753711 -5.0180383 -1.7968394
-3.653203 -5.1077147 -1.7968518
-3.5289061 -5.1944284 -1.7968642
-3.2741895 -5.3587294 -1.7968897
-3.143955 -5.4362254 -1.7969028
-2.8780174 -5.5816717 -1.7969292
-2.7426074 -5.6495743 -1.7969427
-2.3266993 -5.8332696 -1.7969841
-2.1852539 -5.8877683 -1.7969981
-1.8986425 -5.9864488 -1.7970266
-1.7536426 -6.03057 -1.7970409
-1.6076074 -6.0711784 -1.7970555
-1.3128222 -6.1417813 -1.7970846
-1.1642284 -6.1717267 -1.7970992
-0.86509764 -6.2208142 -1.7971289
-0.26146483 -6.2754412 -1.7971883
-0.10993164 -6.2799754 -1.7972032
0.19320312 -6.2780709 -1.797233
0.34464842 -6.2716312 -1.7972478
0.79747069 -6.2304206 -1.7972921
1.0971777 -6.1847887 -1.7973214
1.3943359 -6.1247416 -1.7973504
1.688291 -6.0504327 -1.7973791
1.8338183 -6.0079694 -1.7973933
1.9782715 -5.9620171 -1.7974074
2.2636817 -5.8597116 -1.7974352
2.4044335 -5.8034172 -1.7974486
2.5438085 -5.7437491 -1.7974622
2.6817088 -5.680728 -1.7974757
3.0857031 -5.4719682 -1.7975148
3.2168748 -5.3959484 -1.7975274
3.9620116 -4.8754606 -1.797599
4.4136229 -4.4709687 -1.7976422
4.8241305 -4.0248179 -1.7976812
5.0127735 -3.7874005 -1.7976991
5.5069723 -3.0244839 -1.7977455
5.5783691 -2.8907137 -1.797752
3.2575293 -0.78597897 -0.95884466
6.1983981 -1.0279876 -1.7978076
6.221406 -0.87810177 -1.7978094
6.2407908 -0.72771055 -1.7978108
6.2686329 -0.42574096 -1.7978128
6.2770896 -0.27434143 -1.7978131
6.2818847 -0.12278198 -1.7978131
6.280488 0.18047546 -1.7978121
6.2644529 0.48329955 -1.7978097
6.2509665 0.63433468 -1.7978079
6.2338281 0.78499877 -1.7978058
6.1606932 1.2339044 -1.7977972
3.2575195 0.81771362 -0.96101493
5.5515232 2.9418011 -1.7977325
5.4788771 3.0749011 -1.7977248
5.4030662 3.2062163 -1.7977171
5.324111 3.3356562 -1.797709
5.019043 3.4926953 -1.7496372
4.5730858 3.5216491 -1.6515536
4.2898145 3.8284788 -1.645206
3.9006932 4.2240367 -1.6451666
3.5848339 4.4950671 -1.6451347
3.3637207 4.6627355 -1.6451125
3.1347754 4.8195386 -1.6450896
3.0175488 4.8937473 -1.6450779
2.7778614 5.0335779 -1.645054
2.6555567 5.0991077 -1.6450418
2.531709 5.1616688 -1.6450294
2.4063866 5.2212205 -1.6450169
2.0223339 5.3814955 -1.6449788
1.8918555 5.42869 -1.6449658
1.6276855 5.5135641 -1.6449395
1.3597363 5.585587 -1.644913
1.2245117 5.6165719 -1.6448536
1.0886035 5.644486 -1.6448538
0.95206052 5.6691051 -1.6448524
0.815 5.6904211 -1.6448492
0.26268554 5.7423768 -1.644819
0.12401367 5.7470007 -1.6448071
-0.014697265 5.7482738 -1.6447936
-0.15339844 5.7461901 -1.6447784
-0.29203126 5.7407532 -1.6447614
-0.43046874 5.7319713 -1.6447428
-0.98089844 5.6634765 -1.6446519
-1.1173242 5.6382127 -1.6446697
-1.2530469 5.6095605 -1.6446563
-1.7878516 5.4624901 -1.6446042
-1.9191406 5.4177074 -1.6445915
-2.0493164 5.3697753 -1.6445788
-2.1782715 5.3187146 -1.6445663
-2.4323437 5.2073436 -1.6445416
-2.5572851 5.1470861 -1.6445296
-2.6807227 5.0838366 -1.6445177
-3.1581933 4.8016381 -1.6444715
-3.4971776 4.5604968 -1.6444389
-3.7131348 4.3863893 -1.6444181
-3.8178515 4.2954774 -1.6444082
-3.9203906 4.2020688 -1.6443985
-4.0206251 4.1062131 -1.6443888
-4.1185155 4.0079627 -1.6443795
-4.2140331 3.9073827 -1.6443704
-4.3070993 3.8045263 -1.6443615
-4.3976169 3.699461 -1.644353
-4.492002 3.5973809 -1.6466975
-5.2566013 3.43432 -1.7966695
-5.3379588 3.3064513 -1.7966619
-5.8730469 2.2206953 -1.7966124
-6.0182614 1.7900054 -1.7965994
-6.162744 1.2015618 -1.7965869
-6.2135057 0.90280396 -1.7965827
-6.2335057 0.75259519 -1.7965813
-6.2625194 0.45094055 -1.7965792
-6.2716012 0.29967773 -1.7965788
-6.2769918 0.14824523 -1.7965786
-6.2787595 -0.0032763672 -1.7965789
-6.2768259 -0.15479675 -1.7965796
-6.2620606 -0.45748472 -1.796582
-6.2125878 -0.90929687 -1.7965881
-6.1888475 -1.0589563 -1.7965908
-6.1614938 -1.2079992 -1.796594
-6.0960546 -1.5039049 -1.7966012
-6.0579977 -1.650582 -1.7966055
-5.9713378 -1.9409652 -1.7966148
-5.8707614 -2.2268438 -1.7966255
-5.3345408 -3.312063 -1.7966813
-5.2530856 -3.4398477 -1.7966897
-4.9905763 -3.8108995 -1.7967166
-4.8971481 -3.930249 -1.796726
-4.7018652 -4.1620145 -1.7967459
-4.6000977 -4.2742953 -1.7967563
-4.388545 -4.4913263 -1.7967776
-4.2789159 -4.5959525 -1.7967887
-4.1667771 -4.6979027 -1.7968
-4.0522265 -4.7971249 -1.7968116
-3.3177049 -5.3318849 -1.7968854
-3.1880858 -5.4104357 -1.7968984
-3.0566113 -5.4858379 -1.7969115
-2.788408 -5.6270185 -1.7969382
-2.6518261 -5.6927094 -1.7969518
-2.5136817 -5.7550926 -1.7969655
-2.2331152 -5.8697667 -1.7969934
-1.3627636 -6.1308751 -1.7970796
-0.91571289 -6.2135491 -1.7971238
-0.61483395 -6.2505951 -1.7971535
-0.46382812 -6.2636685 -1.7971684
-0.3125293 -6.2730899 -1.7971832
-0.16106445 -6.2788577 -1.7971982
-0.0094921868 -6.2809677 -1.7972131
0.14208984 -6.279418 -1.7972279
0.29358399 -6.2742133 -1.7972429
1.0467871 -6.1935 -1.7973166
1.6389648 -6.0639582 -1.7973744
1.7848437 -6.0226865 -1.7973886
2.3571191 -5.8227854 -1.7974441
2.6353612 -5.7023587 -1.7974712
3.1728222 -5.4219437 -1.7975231
3.302783 -5.3438325 -1.7975357
3.4307909 -5.2626109 -1.7975481
3.8025975 -5.0007377 -1.7975837
3.9221776 -4.9075427 -1.7975951
4.2670016 -4.6110387 -1.7976283
4.6916895 -4.178371 -1.7976687
4.9817481 -3.8280821 -1.7976962
5.1606932 -3.5832901 -1.7977129
5.2456932 -3.4577112 -1.797721
5.3276267 -3.3301265 -1.7977287
5.4064841 -3.2006009 -1.797736
5.6239061 -2.8011389 -1.7977563
2.8020215 -0.7725659 -0.83167499
3.2575195 -0.73105222 -0.95527977
6.2140427 -0.92872375 -1.7978088
6.2649608 -0.47676209 -1.7978125
6.2817478 0.12932983 -1.7978123
6.2681932 0.43227232 -1.7978102
6.2400193 0.73422605 -1.7978065
6.2204785 0.88459593 -1.7978042
3.2575195 0.7895776 -0.95908606
2.8816991 0.77256531 -0.85367763
5.5752931 2.8965137 -1.797735
5.5037599 3.0302014 -1.7977275
5.2700682 3.4203618 -1.7977034
4.8624706 3.5004649 -1.7143517
4.6375389 3.5114861 -1.6644388
4.4988866 3.5805645 -1.6452272
4.4111328 3.6880713 -1.6452184
4.2279978 3.8965685 -1.6451997
4.1327147 3.9974523 -1.6451901
4.0350194 4.0959959 -1.6451802
3.9349706 4.1921482 -1.6451701
3.832617 4.2858615 -1.6451597
3.5124805 4.5517979 -1.6451275
3.2887206 4.7159095 -1.6451051
3.1739159 4.7938681 -1.6450934
2.9388866 4.9413562 -1.64507
2.6969824 5.0773315 -1.6450459
2.4488182 5.2014747 -1.6450212
2.0660741 5.3648705 -1.6449831
1.9360156 5.4131198 -1.6449701
1.8047851 5.45822 -1.6449571
1.5393066 5.538856 -1.6449308
1.2701855 5.6064134 -1.6448531
0.86126953 5.6836033 -1.6448504
0.44788086 5.7309532 -1.6448321
0.17083007 5.7458153 -1.6448114
-0.24527343 5.7429638 -1.6447673
-0.52208984 5.7243042 -1.6447277
-0.79765624 5.6922922 -1.6446851
-0.93480468 5.6713014 -1.6446605
-1.3426074 5.5887756 -1.6446476
-1.4770508 5.5547032 -1.6446345
-1.74333 5.4768786 -1.6446086
-2.1349218 5.3362913 -1.6445705
-2.389873 5.2269788 -1.6445457
-2.5152929 5.1677465 -1.6445336
-2.6392674 5.105504 -1.6445216
-2.7616699 5.0402918 -1.6445097
-3.118994 4.8271985 -1.6444752
-3.2345507 4.7504945 -1.644464
-3.348242 4.6710205 -1.6444533
-3.4599512 4.5888343 -1.6444424
-3.6772947 4.4164853 -1.6444217
-3.7827733 4.3264294 -1.6444116
-3.8860545 4.2338572 -1.6444017
-3.9870994 4.1388073 -1.644392
-4.0857716 4.0413647 -1.6443826
-4.3673534 3.7351439 -1.6443559
-5.0929589 3.5670941 -1.7791772
-5.2285056 3.4770098 -1.796672
-5.3108692 3.3498046 -1.7966642
-5.8547754 2.2684386 -1.7966141
-5.9573827 1.9832891 -1.7966048
-6.0034862 1.8389422 -1.7966006
-6.0461035 1.6935235 -1.796597
-6.1207614 1.3998181 -1.7965903
-6.1811423 1.102854 -1.7965853
-6.2586427 0.50190431 -1.7965794
-6.2689352 0.35072386 -1.7965789
-6.2755761 0.19933777 -1.7965786
-6.2785544 0.047833253 -1.7965788
-6.2539454 -0.55757016 -1.7965831
-6.2386813 -0.70833004 -1.7965848
-6.171123 -1.1577917 -1.7965928
-6.1413965 -1.3063965 -1.7965962
-5.9869332 -1.8922939 -1.7966131
-5.2808981 -3.3969641 -1.7966868
-5.1974216 -3.5234294 -1.7966954
-5.0214062 -3.770143 -1.7967134
-4.9289942 -3.8902447 -1.7967229
-4.7356052 -4.1235871 -1.7967426
-4.5311813 -4.347331 -1.7967633
-4.4249706 -4.4554391 -1.7967739
-4.3161716 -4.5609522 -1.7967849
-3.6129785 -5.1362638 -1.7968557
-3.360996 -5.3046851 -1.796881
-3.2320409 -5.3842859 -1.7968938
-3.101162 -5.4607563 -1.7969069
-2.9685059 -5.5340443 -1.7969202
-2.8341308 -5.6041136 -1.7969335
-2.5604589 -5.7344213 -1.7969608
-2.4213281 -5.7945843 -1.7969748
-1.9958398 -5.9547086 -1.797017
-1.8515819 -6.0011888 -1.7970312
-1.7062304 -6.0441723 -1.7970457
-1.5598925 -6.0836353 -1.7970603
-1.1157422 -6.1806927 -1.797104
-0.96626949 -6.2058673 -1.7971188
-0.51479489 -6.2596655 -1.7971634
-0.060605466 -6.2806625 -1.7972081
0.090966798 -6.2803516 -1.7972229
0.24249999 -6.2763805 -1.7972379
0.54506832 -6.2574706 -1.7972674
0.84636718 -6.2239857 -1.7972969
1.1457129 -6.1759996 -1.7973262
1.2944336 -6.1466007 -1.7973406
1.442412 -6.1136198 -1.7973552
1.5895312 -6.0770884 -1.7973695
1.7357421 -6.0370035 -1.7973837
2.025039 -5.9463115 -1.7974119
2.3096192 -5.8417683 -1.7974396
2.4499316 -5.7843723 -1.7974532
2.7262499 -5.6595097 -1.79748
2.9961815 -5.5214548 -1.7975061
3.1285741 -5.4475813 -1.7975188
3.25916 -5.3705325 -1.7975314
3.3878319 -5.2903562 -1.7975439
3.5145409 -5.2070971 -1.7975562
3.7617383 -5.0315123 -1.7975798
3.8820996 -4.9392982 -1.7975913
4.1159763 -4.7462897 -1.7976137
4.2293067 -4.6456079 -1.7976246
4.3402247 -4.5422211 -1.7976353
4.6575193 -4.2164187 -1.7976655
4.8555861 -3.9868207 -1.7976843
4.9504004 -3.8685019 -1.7976933
5.3802247 -3.244504 -1.7977335
5.5305271 -2.9811482 -1.7977476
5.6009083 -2.8468256 -1.7977542
2.9877245 -0.77256531 -0.88301438
3.2575195 -0.7589587 -0.95706004
6.2062988 -0.9792816 -1.7978082
6.2281251 -0.82922423 -1.7978098
6.2717872 -0.37650695 -1.7978129
6.2790623 -0.22504638 -1.7978131
6.2826562 -0.073450923 -1.7978131
6.2825875 0.078187257 -1.7978126
6.2715039 0.38124695 -1.7978107
6.2274804 0.83392823 -1.797805
6.2055368 0.98396909 -1.7978024
6.1507907 1.2822387 -1.7977961
3.2575195 0.76155514 -0.95722884
2.9784276 0.7725659 -0.88044101
2.707793 0.77256471 -0.80571544
5.598701 2.8510332 -1.7977374
5.4545603 3.1178277 -1.7977225
5.3777051 3.2485368 -1.7977145
4.9413867 3.4965606 -1.7320824
4.5279002 3.5438287 -1.6452302
4.4410644 3.6520469 -1.6452214
4.3515625 3.7581322 -1.6452122
4.2595997 3.8620398 -1.6452029
4.0682325 4.0630221 -1.6451836
3.9689746 4.1599851 -1.6451734
3.7635741 4.3465915 -1.6451527
3.6575584 4.4361205 -1.6451421
3.5494237 4.5230651 -1.6451312
3.0968456 4.8439927 -1.6450857
2.7382324 5.0552244 -1.64505
2.4910839 5.1813779 -1.6450253
2.3653123 5.2399464 -1.6450127
2.2381542 5.2954602 -1.6450001
2.1096971 5.3478856 -1.6449875
1.4505273 5.5627389 -1.644922
1.315791 5.5958848 -1.6448524
1.1803906 5.6260142 -1.6448539
0.49450195 5.7271276 -1.644835
0.21759765 5.7442493 -1.6448153
0.078896485 5.7477794 -1.6448028
-0.19850585 5.7447901 -1.644773
-0.33708984 5.738265 -1.6447555
-0.47546872 5.7283921 -1.6447364
-0.61354488 5.7151771 -1.6447155
-1.0253417 5.6555662 -1.6446432
-1.2970409 5.5995336 -1.644652
-1.4317871 5.5665598 -1.6446389
-1.5656934 5.5303407 -1.6446258
-1.8306738 5.4482713 -1.6446
-2.2199609 5.3014364 -1.6445622
-2.4731445 5.1880722 -1.6445376
-2.8419335 4.9954529 -1.644502
-2.9616308 4.9253821 -1.6444905
-3.0795996 4.8524399 -1.644479
-3.5329003 4.5328856 -1.6444355
-3.6412206 4.4462805 -1.644425
-3.7474413 4.3570886 -1.6444149
-3.9532714 4.1711488 -1.6443952
-4.0527439 4.0745068 -1.6443858
-4.5512109 3.5865119 -1.6580312
-4.7729588 3.5779619 -1.7068461
-5.2000389 3.519464 -1.7966746
-5.2834277 3.3929346 -1.7966669
-5.36374 3.2644293 -1.7966594
-6.072402 1.5966077 -1.7965945
-6.1423535 1.3017455 -1.7965885
-6.1719823 1.1531372 -1.7965862
-6.1979785 1.0038537 -1.796584
-6.2203903 0.85398865 -1.7965821
-6.2391992 0.70362669 -1.7965808
-6.2543454 0.552854 -1.7965797
-6.2658787 0.40174621 -1.7965791
-6.2737598 0.2504181 -1.7965786
-6.2779589 0.098945312 -1.7965788
-6.2785254 -0.052583616 -1.7965791
-6.2686815 -0.35546631 -1.7965809
-6.2442188 -0.65752316 -1.7965842
-6.2265625 -0.80802125 -1.7965864
-6.2052636 -0.95804626 -1.796589
-6.1803317 -1.1075183 -1.7965918
-6.1518164 -1.2563452 -1.7965951
-6.1197267 -1.4044399 -1.7965987
-6.0448532 -1.6981051 -1.7966069
-6.0021386 -1.8434879 -1.7966114
-5.90624 -2.1309602 -1.7966217
-5.8530955 -2.2728741 -1.7966273
-5.387754 -3.22475 -1.7966758
-5.3083982 -3.3538458 -1.796684
-5.14042 -3.6061187 -1.7967013
-4.9604883 -3.8499856 -1.7967197
-4.8661523 -3.9685957 -1.7967292
-4.6690431 -4.1988134 -1.7967492
-4.5664062 -4.3102894 -1.7967596
-4.2426953 -4.6294212 -1.7967924
-4.1297655 -4.7304916 -1.7968038
-4.0144434 -4.8288159 -1.7968154
-3.8967578 -4.9243116 -1.7968272
-3.7768066 -5.0169544 -1.7968392
-3.6546581 -5.106667 -1.7968516
-3.404043 -5.2771311 -1.7968767
-3.2757323 -5.3577857 -1.7968894
-3.1455274 -5.4353142 -1.7969025
-3.0134571 -5.5096807 -1.7969157
-2.8796191 -5.580842 -1.7969291
-2.7441308 -5.6487513 -1.7969426
-2.3283594 -5.8325987 -1.796984
-2.1869531 -5.8871331 -1.7969979
-2.0442579 -5.9382458 -1.7970121
-1.9003711 -5.9859018 -1.7970265
-1.6093652 -6.0707169 -1.7970554
-1.4624023 -6.1078386 -1.7970698
-0.86689448 -6.2205644 -1.7971286
-0.71654296 -6.2397203 -1.7971435
-0.56576169 -6.255249 -1.7971584
-0.26327148 -6.2753644 -1.797188
-0.11175781 -6.2799439 -1.7972031
0.039824218 -6.2808652 -1.7972178
0.49411133 -6.2616816 -1.7972624
0.64506835 -6.2479844 -1.7972772
0.79568356 -6.2306504 -1.797292
1.5400097 -6.0898051 -1.7973646
2.2619922 -5.860363 -1.7974349
2.4027734 -5.8041101 -1.7974485
3.0841112 -5.4728575 -1.7975146
3.4720311 -5.2355204 -1.797552
3.5973828 -5.1502409 -1.797564
4.4123144 -4.4722438 -1.7976422
4.7243748 -4.1414075 -1.7976718
4.9187498 -3.9086692 -1.7976903
5.0116501 -3.7888505 -1.797699
5.1016502 -3.6668215 -1.7977074
5.1886716 -3.5426562 -1.7977157
5.2726855 -3.4164248 -1.7977235
5.4314451 -3.1580479 -1.7977384
6.1714354 -1.1790423 -1.7978053
6.1980958 -1.0297699 -1.7978076
6.2645898 0.48148558 -1.7978097
6.2340527 0.78320491 -1.7978058
6.2133102 0.93341857 -1.7978033
6.1889844 1.0830859 -1.7978005
3.2575293 0.73364013 -0.95544225
3.2575195 0.81671506 -0.96094495
5.6217284 2.8053668 -1.7977399
5.5523825 2.940202 -1.7977325
5.4797754 3.0733263 -1.7977251
5.4039941 3.2046568 -1.7977172
5.3250389 3.3341191 -1.797709
5.0219431 3.4925487 -1.7502913
4.7878222 3.5041411 -1.6976855
4.5752635 3.5212157 -1.6519694
4.1012011 4.029768 -1.6451869
3.6935644 4.4062109 -1.6451457
3.5861425 4.4940295 -1.6451348
3.4766307 4.5792322 -1.6451238
3.1361816 4.8186316 -1.6450896
2.8999705 4.9642701 -1.6450661
2.6570411 5.0983386 -1.6450419
2.4079003 5.2205286 -1.645017
1.7618749 5.4722128 -1.6449528
1.6292773 5.5130954 -1.6449397
1.495752 5.5507627 -1.6449264
1.0902442 5.6441684 -1.6448539
0.95373046 5.6688342 -1.6448524
0.81664062 5.6901841 -1.6448492
0.67907226 5.70822 -1.6448443
0.54111326 5.7229223 -1.6448376
0.26434571 5.742301 -1.6448191
0.12567383 5.7469664 -1.6448072
-0.15173827 5.7462339 -1.6447786
-0.56700194 5.720006 -1.6447228
-0.7048828 5.7045836 -1.6447009
-0.8423242 5.6858301 -1.6446774
-1.1156836 5.6385388 -1.6446698
-1.3864355 5.5780406 -1.6446432
-1.7862792 5.4630051 -1.6446043
-1.9175683 5.4182663 -1.6445917
-2.176748 5.3193455 -1.6445664
-2.3044531 5.2652292 -1.6445541
-2.43083 5.2080479 -1.6445417
-2.5557909 5.1478281 -1.6445297
-2.6792383 5.0846119 -1.6445178
-3.0400097 4.8773618 -1.6444829
-3.5804687 3.8986351 -1.6444327
-3.9888084 3.5795238 -1.6649727
-4.1801853 3.5729969 -1.7083752
-4.3817673 3.565943 -1.7550666
-4.5726171 3.5412908 -1.7967362
-4.7381153 3.3165057 -1.7967207
-4.8925681 3.0840001 -1.7967062
-4.9655662 2.9650195 -1.7966993
-5.4877048 1.8251752 -1.7966512
-5.569365 1.5582561 -1.7966441
-5.6380272 1.2877069 -1.7966381
-5.6674805 1.1512744 -1.7966357
-5.7358985 0.73825806 -1.79663
-5.7520509 0.59962159 -1.796629
-5.7742577 0.32138184 -1.7966276
-5.7830467 0.042388916 -1.7966275
-5.6563377 -1.2049158 -1.7966436
-5.6256051 -1.3410687 -1.796647
-5.5916209 -1.4764426 -1.7966508
-5.4233398 -2.0085626 -1.7966688
-4.937295 -3.011965 -1.7967194
-4.706533 -3.3612852 -1.7967432
-4.4511132 -3.6930127 -1.7967693
-4.2677832 -3.9035182 -1.7967879
-4.1723437 -4.0053968 -1.7967974
-3.9742675 -4.2020979 -1.7968175
-3.8717382 -4.2968082 -1.7968278
-3.7669432 -4.3890171 -1.7968385
-3.4396093 -4.6501079 -1.7968713
-3.2112792 -4.8107166 -1.7968942
-2.7327051 -5.09799 -1.7969421
-2.608916 -5.1624875 -1.7969545
-2.4835742 -5.2239819 -1.796967
-2.0992186 -5.3900747 -1.7970052
-1.9685253 -5.4392033 -1.7970181
-1.5699316 -5.5674806 -1.7970576
-1.2994823 -5.6368318 -1.7970845
-1.1630859 -5.6665945 -1.7970979
-1.0260156 -5.6930532 -1.7971115
-0.75011718 -5.7360163 -1.7971387
-0.47249022 -5.7656169 -1.7971661
-0.33324218 -5.7753806 -1.7971797
-0.19374999 -5.7817907 -1.7971934
0.085429683 -5.7844901 -1.7972208
0.22500975 -5.7807927 -1.7972347
0.50370115 -5.7632861 -1.797262
0.64264649 -5.7494984 -1.7972755
1.0569043 -5.6880755 -1.7973161
1.193877 -5.6609545 -1.7973294
1.3301367 -5.6305351 -1.7973428
1.6002929 -5.5598803 -1.797369
1.7340039 -5.5196838 -1.797382
1.8667382 -5.4762692 -1.797395
2.2580469 -5.3269949 -1.797433
2.3859668 -5.2709861 -1.7974453
2.5124805 -5.2119079 -1.7974577
2.6375291 -5.1497936 -1.7974697
2.7610741 -5.0846777 -1.7974817
3.003242 -4.9455957 -1.7975051
3.1217382 -4.8717127 -1.7975165
3.6855857 -4.4606233 -1.7975707
3.7921972 -4.3704038 -1.7975808
3.8965721 -4.2776451 -1.7975909
3.9987011 -4.1823845 -1.7976006
4.2908397 -3.8822196 -1.7976284
4.4732227 -3.6706939 -1.7976458
4.6451564 -3.4506171 -1.797662
4.7270899 -3.3375268 -1.7976698
4.9562011 -2.9868593 -1.7976911
5.0268555 -2.8663907 -1.7976979
5.1593456 -2.6205184 -1.7977101
5.7164063 -0.90029478 -1.7977598
5.7665915 -0.48440552 -1.7977635
5.7832322 -0.20560119 -1.7977644
5.7659082 0.49208555 -1.7977606
5.7523727 0.63108641 -1.7977589
5.7354493 0.76971984 -1.7977569
3.2575195 0.76254696 -1.0393494
2.9749024 0.7725659 -0.95484608
2.704834 0.77256531 -0.8738938
5.1558104 2.6273687 -1.7976946
4.6405077 3.4567583 -1.7976414
4.4628124 3.4949865 -1.7609816
4.2600684 3.5053124 -1.7138704
3.7458982 3.7432592 -1.6451527
3.5608983 3.9195983 -1.6451341
3.3675683 4.0868006 -1.6451145
3.2679491 4.1668515 -1.6451046
3.0630565 4.3196216 -1.645084
2.8510351 4.4623256 -1.6450628
2.7424805 4.5297985 -1.6450518
2.6323438 4.5946326 -1.6450409
2.5206835 4.6567883 -1.6450297
2.2930176 4.7729235 -1.645007
1.8222461 4.9715781 -1.6449603
1.334502 5.1239195 -1.6449119
1.2104688 5.1545944 -1.6448996
1.0857031 5.1822667 -1.6448873
0.96031249 5.2069201 -1.6448748
0.83436519 5.2285399 -1.6448625
0.707959 5.247107 -1.64485
0.45395505 5.2750778 -1.644825
0.32652342 5.2844553 -1.6448125
0.19886719 5.2907543 -1.6447997
-0.69350582 5.24859 -1.6447123
-0.81995118 5.2302842 -1.6446999
-0.94594723 5.2089329 -1.6446877
-1.3202441 5.1267457 -1.6446512
-1.5660352 5.0569921 -1.6446272
-1.687627 5.017694 -1.6446153
-2.0461328 4.8823595 -1.6445805
-2.2792969 4.7778745 -1.644558
-2.5071387 4.6622691 -1.6445358
-3.0500684 4.3264122 -1.6444834
-3.1535742 4.2515211 -1.6444736
-3.2552049 4.1741552 -1.6444638
-3.4528124 4.0121751 -1.6444448
-3.5486035 3.9276624 -1.6444356
-3.6423242 3.840863 -1.6444267
-3.7339549 3.7518225 -1.644418
-3.8234081 3.6606071 -1.6444094
-3.9316211 3.586447 -1.6532506
-4.1145506 3.5752544 -1.6933825
-4.5214648 3.5609522 -1.7879751
-4.6286426 3.4677019 -1.7967309
-4.7905173 3.2402966 -1.7967156
-4.8673239 3.1237335 -1.7967085
-5.4259958 2.0013208 -1.796657
-5.4726853 1.8697925 -1.7966527
-5.5565038 1.6035442 -1.7966452
-5.593574 1.4689832 -1.7966419
-5.6579199 1.1973748 -1.7966365
-5.6851463 1.0604846 -1.7966342
-5.7608981 0.5075537 -1.7966284
-5.7714648 0.36838013 -1.7966278
-5.7786622 0.2289923 -1.7966275
-5.7825098 0.089473262 -1.7966275
-5.7800975 -0.18964782 -1.7966285
-5.7738476 -0.32908019 -1.7966294
-5.7642188 -0.46832031 -1.7966309
-5.7349119 -0.74590635 -1.7966344
-5.6659665 -1.1588281 -1.7966425
-5.603457 -1.4308716 -1.7966495
-5.5673242 -1.5656817 -1.7966534
-5.4853024 -1.8324953 -1.7966622
-5.3905368 -2.0950463 -1.7966723
-4.9616504 -2.9716668 -1.796717
-4.8885059 -3.0905526 -1.7967246
-4.8125291 -3.2076354 -1.7967323
-4.7337303 -3.3228531 -1.7967404
-4.4810157 -3.6566424 -1.7967662
-4.2048144 -3.9712873 -1.7967943
-4.1077833 -4.0716276 -1.796804
-4.0083399 -4.1695938 -1.7968141
-3.5878711 -4.5366521 -1.7968565
-3.133955 -4.8614798 -1.7969019
-3.0157421 -4.9357276 -1.7969139
-2.7741015 -5.0755653 -1.7969379
-2.6508496 -5.1410666 -1.7969502
-2.3997264 -5.2630577 -1.7969753
-2.2720313 -5.3194723 -1.796988
-1.615205 -5.5545025 -1.7970532
-1.2091796 -5.6569214 -1.7970933
-0.93482417 -5.7087631 -1.7971205
-0.79680663 -5.7297058 -1.797134
-0.10125976 -5.7841773 -1.7972026
0.038359374 -5.7849803 -1.7972163
0.31743163 -5.7764826 -1.7972436
0.73452145 -5.738512 -1.7972845
0.87279296 -5.719161 -1.7972981
1.1477538 -5.6704717 -1.7973249
1.4200391 -5.608573 -1.7973515
1.5549902 -5.572711 -1.7973646
1.6890234 -5.5336018 -1.7973777
1.9540722 -5.4457417 -1.7974036
2.2146094 -5.3451891 -1.7974287
2.4699609 -5.2321801 -1.7974535
2.7195799 -5.106977 -1.7974777
2.8420508 -5.0398903 -1.7974896
2.9628711 -4.9698701 -1.7975012
3.0819628 -4.8969531 -1.7975127
3.1992579 -4.8211813 -1.797524
3.3146875 -4.7426 -1.7975351
3.4282031 -4.6612573 -1.797546
3.9645019 -4.2147913 -1.7975973
4.4431543 -3.7069824 -1.7976429
4.5313478 -3.598696 -1.7976513
4.7798729 -3.2615099 -1.7976747
4.9317088 -3.0271022 -1.7976888
5.0720701 -2.7856383 -1.797702
2.6367188 -0.7725659 -0.85356671
2.8937695 -0.7725659 -0.93047279
3.2575195 -0.78597897 -1.0410327
5.7088962 -0.94680417 -1.7977592
5.7624512 -0.53133422 -1.7977633
5.7813668 -0.25267518 -1.7977644
5.7857809 -0.11308411 -1.7977644
5.7868066 0.026575318 -1.7977641
5.784492 0.16622131 -1.7977635
5.7697458 0.44513306 -1.7977612
5.7573047 0.58423889 -1.7977595
5.7415233 0.72300535 -1.7977575
5.6999216 0.99919128 -1.7977526
3.2575195 0.73462892 -1.0374063
3.077666 0.77256531 -0.98578042
2.790664 0.7725659 -0.89956284
5.0462208 2.832077 -1.7976832
4.8280759 3.1896667 -1.7976606
4.7496676 3.3052325 -1.7976527
4.6684861 3.4188745 -1.7976443
4.3272557 3.5019109 -1.7293767
4.1314549 3.5117693 -1.6845006
3.9561522 3.5307231 -1.6473047
3.8648045 3.6204529 -1.6451647
3.7762401 3.7126439 -1.6451559
3.4977343 3.9760277 -1.6451277
3.3017676 4.140121 -1.645108
3.2008789 4.2185669 -1.6450977
3.0981054 4.2945533 -1.6450876
2.6696777 4.5730615 -1.6450447
2.4458885 4.6964831 -1.6450223
2.3318262 4.7541075 -1.6450109
2.2163963 4.80896 -1.6449994
1.8626465 4.9565916 -1.6449642
1.6213183 5.0406222 -1.6449403
1.3761914 5.1129003 -1.6449161
0.62395507 5.2577343 -1.6448417
0.49686521 5.2712193 -1.6448293
0.11423828 5.293231 -1.6447915
-0.01352539 5.2944078 -1.644779
-0.26896483 5.2875037 -1.6447538
-0.39648438 5.2794333 -1.6447415
-0.65075195 5.2540746 -1.6447165
-1.0291015 5.1931152 -1.6446795
-1.154121 5.1667285 -1.6446673
-1.2784765 5.1373324 -1.6446551
-1.4020605 5.1049476 -1.6446431
-1.7676367 4.9900365 -1.6446075
-2.0063183 4.8988671 -1.6445843
-2.2403319 4.7962866 -1.6445618
-2.4691014 4.6825352 -1.6445396
-2.6921484 4.557888 -1.6445179
-2.9088867 4.4226246 -1.644497
-3.0147557 4.3511109 -1.6444869
-3.1188574 4.2770653 -1.6444769
-3.3215625 4.1215429 -1.6444573
-3.5165234 3.9564307 -1.6444387
-3.6109667 3.8703966 -1.6444297
-3.7934473 3.6916106 -1.6444124
-4.0500097 3.5774536 -1.6787516
-4.2445798 3.570761 -1.7231917
-4.8417382 3.1632581 -1.796711
-4.9166403 3.0454826 -1.7967039
-5.4095116 2.0454278 -1.7966584
-5.4572754 1.9142846 -1.796654
-5.6163378 1.3793359 -1.7966399
-5.7415137 0.69319642 -1.7966298
-5.7682714 0.41535276 -1.7966279
-5.7765918 0.2760272 -1.7966275
-5.7816014 0.13654785 -1.7966273
-5.7831931 -0.0030218505 -1.7966276
-5.781455 -0.14257874 -1.7966282
-5.7763181 -0.28206542 -1.7966292
-5.7678418 -0.42137694 -1.7966304
-5.7559862 -0.56044674 -1.7966319
-5.7222753 -0.83752865 -1.796636
-5.646709 -1.2492987 -1.7966447
-5.6149216 -1.3852093 -1.7966483
-5.5798826 -1.5203081 -1.7966521
-5.4553223 -1.9199908 -1.7966654
-5.4074121 -2.0510845 -1.7966704
-4.9856739 -2.9311678 -1.7967144
-4.4219823 -3.7278533 -1.7967721
-4.3307614 -3.8335054 -1.7967814
-4.2370114 -3.9369214 -1.7967908
-4.0421581 -4.136816 -1.7968107
-3.732373 -4.4184723 -1.7968419
-3.4030077 -4.6769867 -1.796875
-3.28916 -4.7577744 -1.7968864
-2.8153222 -5.0528021 -1.7969339
-2.6925879 -5.1193075 -1.796946
-2.5682909 -5.182827 -1.7969584
-2.1866796 -5.3551569 -1.7969965
-2.056787 -5.4063969 -1.7970093
-1.6603613 -5.5411539 -1.7970488
-1.391084 -5.6148987 -1.7970753
-1.2551855 -5.6468749 -1.7970889
-1.1185645 -5.6755657 -1.7971023
-0.98126954 -5.7009463 -1.7971159
-0.70506835 -5.7417431 -1.7971431
-0.56630856 -5.7571325 -1.7971568
-0.42720702 -5.7691636 -1.7971705
-0.14835937 -5.7831488 -1.7971979
-0.0087207025 -5.785089 -1.7972118
0.27041015 -5.7788606 -1.7972391
0.40979493 -5.7706962 -1.7972528
0.54892576 -5.7591686 -1.7972664
0.68777341 -5.744288 -1.79728
0.82619137 -5.7260633 -1.7972935
1.238291 -5.6514163 -1.7973338
1.7772949 -5.5059094 -1.7973863
2.0409374 -5.4138184 -1.7974119
2.1710155 -5.3630266 -1.7974246
2.6779101 -5.1289372 -1.7974737
2.8009179 -5.0628471 -1.7974856
2.9223144 -4.993813 -1.7974973
3.0419922 -4.9218707 -1.7975088
3.2759764 -4.7694249 -1.7975314
3.7205272 -4.4315515 -1.7975742
3.8263965 -4.3404999 -1.7975842
4.0314355 -4.1508636 -1.7976037
4.1304393 -4.0523911 -1.7976131
4.3212008 -3.8484151 -1.7976314
4.4128222 -3.7430305 -1.7976401
4.5018845 -3.6354659 -1.7976484
4.5883398 -3.525784 -1.7976567
4.6720996 -3.4140451 -1.7976646
4.8314257 -3.1846611 -1.7976795
4.9069138 -3.067143 -1.7976866
5.1159863 -2.704169 -1.7977061
2.8020117 -0.77256531 -0.90296215
3.2575195 -0.73105162 -1.0371622
5.7010059 -0.99324584 -1.7977586
5.7233105 -0.85537899 -1.7977605
5.7422657 -0.71701294 -1.7977618
5.7856641 0.11911499 -1.7977636
5.7618651 0.53735292 -1.7977601
5.7292185 0.81473571 -1.7977562
5.6552439 1.2270514 -1.7977476
3.2575293 0.78957641 -1.0412949
2.6265526 0.77256531 -0.85053855
5.1350098 2.667774 -1.7976924
5.0002637 2.9124126 -1.7976784
4.9285059 3.0322192 -1.797671
4.605957 3.4875915 -1.7948114
4.3956833 3.4984252 -1.7452725
4.1963868 3.5085187 -1.6992767
4.0094824 3.5200865 -1.6575214
3.8063769 3.681792 -1.645159
3.7163866 3.7725499 -1.6451498
2.9233203 4.4153333 -1.64507
2.5961914 4.61515 -1.6450373
2.2554686 4.7907691 -1.6450033
2.1391895 4.8437705 -1.6449918
2.0216699 4.8939476 -1.6449801
1.902959 4.9412742 -1.6449683
1.7831445 4.9857202 -1.6449564
0.91940427 5.2142844 -1.6448709
0.79329097 5.2349167 -1.6448584
0.53975582 5.2670126 -1.6448333
0.41249999 5.2784681 -1.6448208
-0.098203123 5.2934852 -1.6447706
-0.22589843 5.2895322 -1.6447581
-0.35347655 5.2825022 -1.6447456
-0.60795897 5.2592125 -1.6447207
-0.73468751 5.2429686 -1.6447082
-0.98679686 5.2013316 -1.6446836
-1.1120214 5.1759667 -1.6446714
-1.236621 5.1475863 -1.6446593
-1.3604394 5.1162047 -1.6446471
-1.6057129 5.0445313 -1.6446234
-1.847207 4.9611058 -1.6445999
-2.2012305 4.8143773 -1.6445653
-2.5436816 4.6424317 -1.6445323
-2.6549609 4.5796604 -1.6445216
-2.9792383 4.3755164 -1.6444904
-3.083955 4.3023219 -1.6444802
-3.3870409 4.0678806 -1.6444511
-3.4841893 3.9849365 -1.6444418
-3.6723828 3.8121264 -1.644424
-3.7632713 3.7223754 -1.6444153
-3.9865332 3.5795965 -1.6644729
-4.3793063 3.5660295 -1.7544882
-4.7371483 3.317874 -1.7967207
-4.8158102 3.202575 -1.7967134
-4.8916798 3.0854144 -1.7967062
-5.4415135 1.9586493 -1.7966555
-5.4871874 1.8267578 -1.7966514
-5.5296679 1.6938031 -1.7966475
-5.5689158 1.5598632 -1.7966441
-5.6933007 1.0158142 -1.7966336
-5.7161522 0.87812316 -1.7966316
-5.7518554 0.60127866 -1.796629
-5.7646971 0.46229491 -1.7966281
-5.7741504 0.3230432 -1.7966276
-5.780293 0.18360901 -1.7966273
-5.7830176 0.044057615 -1.7966275
-5.782402 -0.095510863 -1.7966279
-5.7784276 -0.23502624 -1.7966288
-5.7710838 -0.3744055 -1.7966299
-5.7603807 -0.51356262 -1.7966315
-5.7288961 -0.79091126 -1.7966353
-5.6566796 -1.2032917 -1.7966435
-5.5920506 -1.4748336 -1.7966506
-5.5548434 -1.6093554 -1.7966548
-5.5144138 -1.7429442 -1.796659
-5.4239159 -2.006994 -1.7966688
-4.7871971 -3.2453346 -1.7967349
-4.7075 -3.3599279 -1.7967432
-4.3618064 -3.798111 -1.7967782
-4.1735153 -4.0041914 -1.7967974
-4.0756931 -4.103765 -1.7968072
-3.9754882 -4.2009473 -1.7968174
-3.8729687 -4.2956853 -1.7968278
-3.5521386 -4.5647006 -1.79686
-3.2126758 -4.809793 -1.7968941
-3.0956836 -4.8859525 -1.7969058
-2.9768944 -4.9592676 -1.7969177
-2.8563769 -5.0297008 -1.7969297
-2.734199 -5.0972028 -1.796942
-2.6104004 -5.1617346 -1.7969543
-2.4850879 -5.2232642 -1.7969668
-2.3583202 -5.2817469 -1.7969793
-2.2301953 -5.337163 -1.7969922
-2.1007323 -5.3894701 -1.7970049
-1.8382812 -5.4846349 -1.797031
-1.7054199 -5.527442 -1.7970442
-1.436748 -5.6033764 -1.7970709
-1.301123 -5.6364579 -1.7970843
-1.1647167 -5.6662598 -1.7970977
-1.0276464 -5.6927567 -1.7971113
-0.88997066 -5.715941 -1.7971249
-0.75178707 -5.7357974 -1.7971385
-0.61315429 -5.7523141 -1.7971522
-0.055839844 -5.7848101 -1.797207
0.64097655 -5.74968 -1.7972753
0.77955079 -5.7325797 -1.7972889
0.91767573 -5.7121453 -1.7973025
1.1922265 -5.6612992 -1.7973292
1.3285156 -5.630919 -1.7973425
1.7324317 -5.5201793 -1.7973819
2.256494 -5.3276443 -1.7974328
2.3844433 -5.2716765 -1.7974452
2.636045 -5.1505551 -1.7974696
3.1203125 -4.872613 -1.7975165
3.4647069 -4.634202 -1.7975496
3.5755565 -4.5492682 -1.7975601
3.6843164 -4.4616804 -1.7975706
3.8953416 -4.2787642 -1.7975907
4.2897167 -3.8834569 -1.7976283
4.3822265 -3.7788253 -1.7976371
4.472158 -3.6719873 -1.7976457
4.5594726 -3.5630126 -1.7976539
4.6441603 -3.451962 -1.7976619
4.7261424 -3.3388951 -1.7976696
4.9553418 -2.9882839 -1.7976911
5.0260348 -2.8678396 -1.7976977
5.1586132 -2.6220081 -1.7977101
3.2575195 -0.7589587 -1.0390958
5.7161622 -0.90194273 -1.7977598
5.7530174 -0.62508667 -1.7977625
5.7764745 -0.34677184 -1.7977641
5.7864842 -0.067650758 -1.7977643
5.7660546 0.49042785 -1.7977607
5.7525487 0.62943172 -1.7977589
5.7356639 0.76807064 -1.7977569
5.6919141 1.0439252 -1.7977518
5.6650486 1.1809759 -1.7977487
3.2575195 0.76155514 -1.0392793
2.7077832 0.77256531 -0.87477821
5.1565723 2.6258862 -1.7976947
5.0238085 2.871613 -1.7976807
4.8793554 3.1106415 -1.797666
4.7235641 3.3424213 -1.79765
4.2624316 3.5051928 -1.7144154
4.0698633 3.5148296 -1.6705905
3.9232128 3.557066 -1.6451707
3.8362401 3.6506848 -1.6451619
3.7469823 3.7421789 -1.6451528
3.655576 3.8314891 -1.6451437
3.5620117 3.9185705 -1.6451342
3.4663866 4.0033631 -1.6451244
3.1676464 4.2435594 -1.6450945
2.9591796 4.3913999 -1.6450737
2.8522949 4.4615026 -1.6450628
2.6336718 4.5938697 -1.645041
2.5220215 4.6560631 -1.6450299
2.4089062 4.7155371 -1.6450186
2.2944043 4.7722631 -1.6450071
1.8236816 4.9710522 -1.6449604
1.7031738 5.0135756 -1.6449484
1.5816797 5.0531797 -1.6449363
1.4592577 5.0898399 -1.6449243
1.3359863 5.1235375 -1.6449121
1.087207 5.1819506 -1.6448873
0.70945311 5.2469053 -1.6448501
0.45545897 5.2749472 -1.6448251
-0.18284179 5.291213 -1.6447624
-0.43791014 5.276145 -1.6447374
-0.56511718 5.263999 -1.6447248
-0.94443357 5.2092066 -1.6446878
-1.0698535 5.1848593 -1.6446756
-1.3187695 5.1271229 -1.6446513
-1.5645899 5.057446 -1.6446273
-1.6861815 5.0181837 -1.6446154
-1.9262987 4.9309044 -1.644592
-2.27791 4.7785349 -1.6445581
-2.3925683 4.7221408 -1.644547
-2.8365135 4.4694128 -1.6445041
-2.9435351 4.3996363 -1.6444938
-3.0488379 4.3272948 -1.6444836
-3.2540233 4.1750975 -1.6444639
-3.3538084 4.0953259 -1.6444544
-3.4516504 4.013176 -1.6444449
-3.6412303 3.8419178 -1.6444268
-3.7328613 3.7529039 -1.6444181
-3.8223143 3.6617126 -1.6444097
-4.1122656 3.5753331 -1.6928598
-4.5189161 3.5610423 -1.7873677
-4.7100096 3.3563318 -1.7967232
-4.7895899 3.2416813 -1.7967159
-5.4254003 2.0028815 -1.796657
-5.5157032 1.7387633 -1.7966489
-5.556035 1.6051477 -1.7966453
-5.593164 1.4705975 -1.7966419
-5.6269922 1.3351904 -1.7966391
-5.708838 0.92462522 -1.7966322
-5.7294626 0.78658873 -1.7966306
-5.7607517 0.50922179 -1.7966284
-5.7786036 0.23065734 -1.7966275
-5.7824707 0.091138303 -1.7966275
-5.7829981 -0.048433226 -1.7966278
-5.7739353 -0.3274115 -1.7966294
-5.7643456 -0.46665403 -1.7966309
-5.7514257 -0.60562742 -1.7966325
-5.7351365 -0.74424559 -1.7966344
-5.6662793 -1.1571906 -1.7966424
-5.6367383 -1.2935919 -1.7966458
-5.6038766 -1.4292483 -1.7966495
-5.5677538 -1.5640832 -1.7966534
-5.4858298 -1.8309155 -1.7966621
-5.3911328 -2.0934887 -1.7966722
-4.8894043 -3.0891366 -1.7967243
-4.8134665 -3.206239 -1.7967322
-4.5689745 -3.5461073 -1.7967572
-4.4820704 -3.6553535 -1.796766
-4.3925781 -3.7624736 -1.7967752
-4.3005075 -3.8673978 -1.7967845
-4.2059765 -3.9700732 -1.7967941
-4.1089549 -4.0704422 -1.7968038
-4.0095606 -4.1684361 -1.796814
-3.9078124 -4.2640076 -1.7968243
-3.4787011 -4.6209426 -1.7968675
-3.3661816 -4.7035747 -1.7968788
-3.1353612 -4.8605766 -1.7969018
-2.7755663 -5.0747638 -1.7969378
-2.6523046 -5.1403022 -1.79695
-2.5275097 -5.2028484 -1.7969625
-2.4012303 -5.2623649 -1.796975
-2.2735546 -5.3188181 -1.7969879
-2.0143065 -5.422399 -1.7970136
-1.7503613 -5.5133629 -1.7970397
-1.6167969 -5.5540361 -1.797053
-1.4823047 -5.5914783 -1.7970663
-1.2108203 -5.6565714 -1.7970932
-0.93647456 -5.7084928 -1.7971203
-0.79845703 -5.729475 -1.7971339
-0.65996093 -5.7471185 -1.7971476
-0.52108395 -5.7614136 -1.7971612
-0.38189453 -5.7723546 -1.7971749
-0.24249999 -5.7799354 -1.7971886
0.036679685 -5.7849927 -1.7972162
0.17628905 -5.782465 -1.7972299
0.45509765 -5.7673149 -1.7972572
0.73285156 -5.7387228 -1.7972844
0.87113279 -5.7194128 -1.797298
1.008916 -5.6967669 -1.7973113
1.6874316 -5.5340905 -1.7973776
1.8204882 -5.4917994 -1.7973906
1.9524902 -5.4463072 -1.7974033
2.2130663 -5.3458252 -1.7974286
2.4684668 -5.2328892 -1.7974534
2.594043 -5.1718316 -1.7974654
2.9614453 -4.9707251 -1.7975011
3.0805566 -4.8978434 -1.7975125
3.4268456 -4.6622519 -1.7975459
3.6478612 -4.4915266 -1.7975671
3.9632812 -4.2159367 -1.7975973
4.2579589 -3.9182441 -1.7976254
4.4420896 -3.7082655 -1.7976428
4.5303125 -3.6000063 -1.7976512
4.6158786 -3.4896479 -1.7976593
4.7789354 -3.2628946 -1.7976747
4.8562403 -3.1466417 -1.7976818
4.9308395 -3.0285306 -1.7976888
5.0025196 -2.9086566 -1.7976956
5.0712695 -2.7870955 -1.797702
2.6338866 -0.7725659 -0.85272408
2.8904102 -0.7725659 -0.92946601
3.2575195 -0.78697753 -1.0411053
5.6562009 -1.2227801 -1.7977548
5.6840625 -1.0859301 -1.7977573
5.7298532 -0.8104077 -1.7977608
5.7734571 -0.39378479 -1.7977639
5.7812986 -0.25434387 -1.7977644
5.7857518 -0.11475342 -1.7977644
5.7698631 0.44345886 -1.7977612
5.7574606 0.58256954 -1.7977595
5.6744723 1.1348206 -1.7977498
5.1138964 2.7080145 -1.79769
5.0470409 2.8306231 -1.7976832
4.904541 3.0708251 -1.7976686
4.8289843 3.1882715 -1.7976608
4.7506247 3.3038623 -1.7976527
4.6694627 3.4175251 -1.7976445
4.3296776 3.5017877 -1.7299334
4.13375 3.5116546 -1.6850204
3.8658202 3.6193352 -1.645165
3.6866503 3.8016112 -1.6451467
2.9948339 4.3671741 -1.6450772
2.780576 4.5065284 -1.6450557
2.5598633 4.6353822 -1.6450337
2.4472265 4.6957765 -1.6450224
1.864082 4.9560523 -1.6449645
1.7439257 4.9995594 -1.6449525
1.6227832 5.0401511 -1.6449405
1.5006542 5.077805 -1.6449285
1.377666 5.1125021 -1.6449162
1.2538867 5.1442223 -1.6449038
1.1293554 5.1729417 -1.6448916
1.0041894 5.1986532 -1.6448792
0.62545896 5.2575536 -1.6448419
0.49838865 5.2710791 -1.6448294
0.37103516 5.2815294 -1.6448169
-0.13974608 5.2925415 -1.6447667
-0.26744139 5.2875829 -1.6447539
-0.39495116 5.2795482 -1.6447415
-1.2769824 5.1377015 -1.6446552
-1.4005761 5.1053514 -1.6446432
-1.5233788 5.0700269 -1.6446313
-1.6452832 5.0317526 -1.6446195
-1.8861035 4.9464369 -1.6445961
-2.1225488 4.8496008 -1.644573
-2.3540528 4.7414756 -1.6445508
-2.6908202 4.5586667 -1.6445181
-2.8000293 4.4923658 -1.6445075
-3.3151073 3.6097002 -1.6444595
-3.4459472 3.5750299 -1.6660752
-3.6106541 3.5693884 -1.7035677
-3.782959 3.563308 -1.7437423
-3.9634275 3.556756 -1.7868338
-4.0706639 3.4793444 -1.7967857
-4.2337499 3.2788513 -1.7967703
-4.3116212 3.1757097 -1.7967629
-4.3869824 3.070725 -1.7967558
-4.5300097 2.8554516 -1.7967423
-4.5975585 2.7452893 -1.7967361
-5.0810351 1.6899182 -1.7966917
-5.1203222 1.5668042 -1.7966882
-5.1899414 1.317915 -1.7966821
-5.2716599 0.93901062 -1.7966751
-5.2928028 0.81151485 -1.7966734
-5.3463669 0.29756531 -1.7966697
-5.3519821 0.16845703 -1.7966695
-5.3544822 0.039247435 -1.7966696
-5.3501463 -0.21915588 -1.7966708
-5.3433204 -0.34820068 -1.7966719
-5.3333397 -0.47704893 -1.7966733
-5.3041501 -0.7338348 -1.7966768
-5.2848926 -0.86162657 -1.796679
-5.2625585 -0.98891294 -1.7966816
-5.2371678 -1.115628 -1.7966845
-5.2087302 -1.2416888 -1.7966877
-5.1772556 -1.3670288 -1.7966911
-5.0648336 -1.737988 -1.7967033
-5.0214257 -1.859714 -1.7967079
-4.6373439 -2.6776085 -1.796748
-4.5027833 -2.8982685 -1.7967619
-4.4315429 -3.0060992 -1.796769
-4.2813768 -3.2164538 -1.7967845
-4.202539 -3.3188527 -1.7967925
-4.1212497 -3.4193213 -1.7968009
-4.037539 -3.5177972 -1.7968093
-3.8631248 -3.7085495 -1.7968271
-3.7725194 -3.8007152 -1.7968363
-3.4877636 -4.0637369 -1.7968649
-3.3886914 -4.1467433 -1.796875
-3.1846874 -4.3054719 -1.7968954
-2.8649414 -4.5246506 -1.7969275
-2.6433105 -4.6576781 -1.7969496
-2.4155371 -4.7798591 -1.7969723
-2.2994823 -4.8367929 -1.796984
-2.1821387 -4.8909063 -1.7969955
-2.0634668 -4.9421768 -1.7970074
-1.9436133 -4.9905677 -1.7970194
-1.7005762 -5.0786033 -1.7970434
-1.5775391 -5.1181989 -1.7970556
-1.4535546 -5.1548133 -1.7970679
-1.203164 -5.2190146 -1.7970927
-0.82247066 -5.2924938 -1.7971302
-0.69453126 -5.3108368 -1.7971429
-0.56616211 -5.3260894 -1.7971556
-0.17938477 -5.3532043 -1.7971935
0.07912109 -5.3557019 -1.797219
0.33746094 -5.3457232 -1.7972444
0.46636719 -5.3360615 -1.7972571
0.59499019 -5.3232903 -1.7972696
0.72329098 -5.3074188 -1.7972822
0.85117185 -5.2884541 -1.7972947
0.97855467 -5.2664099 -1.7973071
1.4816699 -5.1477079 -1.7973562
1.6054688 -5.1104889 -1.7973683
1.970996 -4.9810581 -1.7974038
2.0906541 -4.932075 -1.7974154
2.2090623 -4.8802128 -1.7974268
2.4420018 -4.768002 -1.7974495
2.780576 -4.5789366 -1.7974821
2.9983106 -4.4394898 -1.7975031
3.2090623 -4.2896986 -1.7975235
3.3116796 -4.2110333 -1.7975333
3.6076856 -3.9604895 -1.7975616
3.7946093 -3.7818413 -1.7975794
3.884795 -3.6891868 -1.797588
3.9727147 -3.5943794 -1.7975965
4.0583105 -3.4974761 -1.7976044
4.141582 -3.3985262 -1.7976124
4.4499216 -2.9835632 -1.7976414
4.5887403 -2.7653964 -1.7976545
4.6541405 -2.6538603 -1.7976606
2.9912791 -0.77256531 -1.036612
5.2461619 -1.0879364 -1.7977142
5.2708883 -0.96101743 -1.7977161
5.3111329 -0.70557249 -1.7977194
5.338994 -0.44848633 -1.7977215
5.357461 -0.061083984 -1.7977221
5.3383884 0.45560178 -1.7977188
5.32582 0.58429503 -1.7977171
5.2914257 0.84058899 -1.7977129
5.2695899 0.96803832 -1.7977105
5.2446775 1.094923 -1.7977077
3.2575293 0.76254636 -1.1225604
2.9749024 0.7725659 -1.0312928
4.5167675 2.8813105 -1.797631
4.4458985 2.9894578 -1.7976238
4.3724413 3.0958629 -1.7976162
4.2964354 3.2004614 -1.7976085
4.0416408 3.492517 -1.792285
3.8602538 3.5019989 -1.748821
3.5216699 3.5191765 -1.6704984
3.3835254 3.5483935 -1.6451178
3.2083201 3.7074792 -1.6451001
2.6396387 4.1315012 -1.645043
2.5391502 4.1939745 -1.6450329
2.4371972 4.2540002 -1.6450227
2.2290626 4.3665881 -1.6450019
1.5755664 4.6423597 -1.6449369
1.4630761 4.6789975 -1.6449258
1.3497266 4.7129087 -1.6449145
1.2355957 4.7440782 -1.6449032
0.88915038 4.82093 -1.6448691
0.77250975 4.8409495 -1.6448574
0.53804684 4.8725181 -1.6448344
0.42031249 4.8840475 -1.6448228
0.30230469 4.8927307 -1.6448112
0.18414062 4.8985667 -1.6447996
-0.17071289 4.8989501 -1.6447647
-0.28886718 4.8933692 -1.6447531
-0.87582028 4.8228393 -1.6446958
-1.1074706 4.7748947 -1.644673
-1.222373 4.7467456 -1.6446618
-1.3365625 4.7158289 -1.6446507
-1.5625196 4.6457858 -1.6446288
-1.6741797 4.6066942 -1.6446179
-2.0029981 4.4734263 -1.644586
-2.2165039 4.3715148 -1.6445652
-2.3213379 4.3167262 -1.6445552
-2.4248047 4.259419 -1.6445451
-2.6274805 4.1374083 -1.6445255
-2.7265527 4.0727735 -1.6445161
-2.8240137 4.0057631 -1.6445067
-2.9198437 3.9364257 -1.6444975
-3.0139842 3.8647962 -1.6444883
-3.1063573 3.7909179 -1.6444795
-3.1969042 3.7148273 -1.6444708
-3.2856641 3.6365783 -1.6444623
-3.5543163 3.5713365 -1.6906333
-4.0421677 3.5123706 -1.7967885
-4.2069139 3.3132133 -1.7967728
-4.5066013 2.8922386 -1.7967447
-5.0671091 1.731228 -1.796693
-5.2386327 1.1086426 -1.7966778
-5.2638669 0.98189819 -1.7966758
-5.2860155 0.85458064 -1.796674
-5.3050976 0.72676146 -1.7966725
-5.3437696 0.34108031 -1.7966697
-5.3504295 0.21202332 -1.7966696
-5.3540134 0.082840577 -1.7966696
-5.3517575 -0.17559265 -1.7966704
-5.3459568 -0.30469361 -1.7966714
-5.33707 -0.4336139 -1.7966728
-5.3250389 -0.56228513 -1.7966743
-5.2917185 -0.81857115 -1.7966783
-5.1882224 -1.324834 -1.7966899
-5.1182618 -1.573634 -1.7966975
-4.5262303 -2.861515 -1.7967595
-4.3829198 -3.0765986 -1.7967741
-4.2294235 -3.2845223 -1.7967898
-4.0660448 -3.484808 -1.7968065
-3.9807909 -3.5819323 -1.7968152
-3.8931932 -3.6769688 -1.796824
-3.8033593 -3.7698739 -1.796833
-3.5207129 -4.0351954 -1.7968615
-3.0094335 -4.4298062 -1.7969129
-2.9016697 -4.5011735 -1.7969238
-2.568496 -4.699379 -1.796957
-2.3387988 -4.8178992 -1.7969799
-2.1036425 -4.9252 -1.7970034
-1.9841796 -4.9745655 -1.7970152
-1.8635644 -5.0210371 -1.7970272
-1.6191406 -5.1051736 -1.7970515
-1.245625 -5.2090354 -1.7970884
-1.1195605 -5.2376127 -1.7971009
-0.73773438 -5.3049932 -1.7971387
-0.60950196 -5.3212919 -1.7971513
-0.48090819 -5.3344865 -1.797164
-0.09375 -5.3554149 -1.7972021
0.16474609 -5.3537769 -1.7972274
0.29391602 -5.3482785 -1.7972401
0.68006837 -5.3131189 -1.7972779
0.80809569 -5.295197 -1.7972904
0.93564451 -5.274188 -1.797303
1.3147558 -5.1927948 -1.7973399
1.6870019 -5.0841794 -1.7973762
1.8092188 -5.0420218 -1.7973881
2.1692579 -4.8980308 -1.797423
2.5179589 -4.7283587 -1.7974567
2.6313379 -4.6662445 -1.7974677
2.7432032 -4.6014142 -1.7974786
2.8534667 -4.5339007 -1.7974892
3.0689549 -4.390985 -1.7975099
3.1740332 -4.3156719 -1.7975199
3.2772753 -4.2378435 -1.7975298
3.3786035 -4.1575432 -1.7975396
3.5753222 -3.9897225 -1.7975585
3.7636914 -3.8125997 -1.7975764
3.8546288 -3.7206826 -1.7975851
3.9433007 -3.6265938 -1.7975936
4.11374 -3.4321375 -1.7976098
4.4254785 -3.0196838 -1.7976391
4.5660448 -2.8026569 -1.7976524
4.6323829 -2.6916595 -1.7976584
4.6959863 -2.5790923 -1.7976644
4.7568946 -2.4650202 -1.7976701
2.8937695 -0.7725659 -1.0049678
3.2575195 -0.78597897 -1.1243793
5.2629004 -1.0038971 -1.7977155
5.2855954 -0.87660033 -1.7977175
5.3217282 -0.62054318 -1.7977203
5.352705 -0.23393981 -1.7977221
5.3503122 0.28309447 -1.7977204
5.3419042 0.4121289 -1.7977192
5.3157911 0.66939759 -1.7977159
5.2772851 0.92510432 -1.7977115
5.2534375 1.0521923 -1.7977087
3.077666 0.77256531 -1.0647036
2.790664 0.7725659 -0.97158295
4.3975196 3.0601702 -1.7976189
4.1645508 3.3702252 -1.797595
3.7446678 3.5079405 -1.7216592
3.5766797 3.5164342 -1.6829624
3.1486132 3.758302 -1.6450942
2.9635546 3.905802 -1.6450754
2.8684375 3.9761584 -1.6450659
2.673203 4.1098814 -1.6450464
2.5732226 4.1731687 -1.6450362
2.4717383 4.2340293 -1.6450262
2.1589355 4.4016614 -1.644995
2.0520704 4.4524474 -1.6449842
1.9440234 4.5006433 -1.6449735
1.7245898 4.5891442 -1.6449517
1.6133105 4.6293931 -1.6449407
1.5011035 4.6669431 -1.6449296
1.2741699 4.7338719 -1.644907
1.0442578 4.789773 -1.6448843
0.92834961 4.8135424 -1.6448729
0.81191403 4.8345103 -1.6448615
0.57770509 4.8679881 -1.6448382
0.46005857 4.880476 -1.6448267
0.34213868 4.8901219 -1.644815
-0.012529297 4.9019566 -1.6447803
-0.13081054 4.9001904 -1.6447686
-0.36708984 4.8881006 -1.6447455
-0.71973634 4.8486352 -1.644711
-0.83652341 4.829823 -1.6446996
-1.0685742 4.7837634 -1.6446768
-1.4118066 4.6938329 -1.6446433
-1.5246582 4.6583643 -1.6446323
-1.6366113 4.620183 -1.6446215
-1.8576269 4.5357728 -1.6446
-2.0742774 4.4407992 -1.6445789
-2.18083 4.3894191 -1.6445688
-2.286123 4.3354869 -1.6445585
-2.3900585 4.2790308 -1.6445484
-2.5937207 4.1586704 -1.6445287
-2.9824121 3.8892088 -1.6444914
-3.1665623 3.7407372 -1.6444737
-3.3478808 3.5884361 -1.6466966
-3.4987597 3.5732422 -1.6779925
-3.6658592 3.5674608 -1.716336
-4.0134668 3.5451672 -1.7967912
-4.5522752 2.8197856 -1.7967404
-5.0528612 1.7724218 -1.7966942
-5.1324902 1.5265503 -1.7966871
-5.2001462 1.2771192 -1.7966812
-5.2294335 1.15125 -1.7966788
-5.2556739 1.0247167 -1.7966764
-5.3160448 0.64182919 -1.7966717
-5.3299704 0.51334655 -1.7966707
-5.3408103 0.38457093 -1.7966701
-5.348525 0.2555719 -1.7966696
-5.3531346 0.12642516 -1.7966695
-5.3529978 -0.13201416 -1.7966703
-5.3404102 -0.39015502 -1.7966723
-5.2546287 -1.0302075 -1.7966826
-5.2282519 -1.1567218 -1.7966855
-5.1988282 -1.2825543 -1.7966888
-5.1663771 -1.4076462 -1.7966924
-5.130918 -1.5319165 -1.7966962
-5.0066795 -1.8990856 -1.7967094
-4.6161914 -2.7139456 -1.7967502
-4.5493455 -2.8245699 -1.796757
-4.4799023 -2.9335434 -1.7967641
-4.1763673 -3.3517528 -1.7967951
-4.0942774 -3.4515805 -1.7968036
-3.9229784 -3.6451504 -1.796821
-3.6490722 -3.9194553 -1.7968488
-3.5534472 -4.0063953 -1.7968583
-3.356035 -4.173234 -1.7968782
-3.2543652 -4.2530341 -1.7968884
-3.1507909 -4.3303528 -1.7968987
-2.9382226 -4.4773908 -1.7969202
-2.8293457 -4.5470214 -1.7969309
-2.3779297 -4.7986894 -1.7969761
-2.2614355 -4.854712 -1.7969878
-2.0245996 -4.9582391 -1.7970113
-1.904375 -5.0056829 -1.7970232
-1.7830273 -5.0502186 -1.7970352
-1.6606543 -5.0918121 -1.7970474
-1.5372949 -5.1304393 -1.7970595
-1.4130468 -5.1660786 -1.7970719
-1.1621484 -5.2283115 -1.7970967
-0.90852535 -5.2783747 -1.7971219
-0.78089839 -5.2987995 -1.7971344
-0.52431637 -5.3303838 -1.7971597
-0.39553711 -5.3415246 -1.7971723
-0.13734375 -5.3544607 -1.7971978
-0.0080761714 -5.3562541 -1.7972105
0.50825197 -5.3322482 -1.7972611
0.63678712 -5.3184667 -1.7972736
0.76495117 -5.3015866 -1.7972862
1.1464942 -5.2324681 -1.7973236
1.3976562 -5.1711273 -1.797348
1.6455566 -5.0977368 -1.7973721
1.7681054 -5.0565724 -1.7973841
1.8896387 -5.0124664 -1.7973959
2.0100391 -4.9654374 -1.7974076
2.247334 -4.8627305 -1.7974305
2.3640234 -4.8071079 -1.7974418
2.7056541 -4.6235828 -1.797475
2.8164647 -4.5569701 -1.7974856
2.9256346 -4.4877014 -1.7974962
3.0330858 -4.4158239 -1.7975066
3.3446386 -4.1849022 -1.7975364
3.4446776 -4.1029892 -1.797546
3.7325194 -3.8431084 -1.7975736
3.9136424 -3.6585772 -1.7975907
4.0008106 -3.5630801 -1.797599
4.1681151 -3.3659215 -1.7976148
4.4732227 -2.9485271 -1.7976437
4.5430861 -2.8397298 -1.7976502
4.73667 -2.5036635 -1.7976682
2.8020117 -0.77256531 -0.97525477
3.0913379 -0.77256531 -1.0691535
5.2545409 -1.0467072 -1.7977149
5.2989454 -0.79195434 -1.7977185
5.316494 -0.66384828 -1.7977198
5.3309665 -0.53535646 -1.7977209
5.350615 -0.27750975 -1.7977221
5.355752 -0.14830688 -1.7977223
5.3577733 -0.019017944 -1.797722
5.3524218 0.23951904 -1.7977208
5.3043942 0.75432801 -1.7977145
5.2359276 1.1360711 -1.7977067
3.2575195 0.7895776 -1.1246619
2.6265526 0.77256531 -0.91863388
4.6932712 2.5839739 -1.7976491
4.563076 2.807395 -1.7976358
4.4222946 3.0242712 -1.7976213
4.2711816 3.2340953 -1.7976059
4.1101074 3.4363835 -1.7975894
3.9816699 3.495672 -1.7778065
3.4701855 3.522661 -1.6591656
3.3555272 3.5748467 -1.6451149
3.2682128 3.6547656 -1.6451062
3.1791112 3.7325549 -1.6450971
3.0880957 3.8081627 -1.645088
2.9952734 3.8815527 -1.6450787
2.8044825 4.0215073 -1.6450595
2.5061622 4.2137694 -1.6450295
2.2998827 4.3297362 -1.6450089
2.0882616 4.4356055 -1.6449879
1.8717773 4.5311389 -1.6449664
1.6509668 4.6161146 -1.6449444
1.3126757 4.7233534 -1.6449108
1.1983105 4.7536216 -1.6448996
0.85124999 4.8277526 -1.6448653
0.73448241 4.8468528 -1.6448538
0.14566407 4.8998499 -1.6447958
-0.20916015 4.89745 -1.6447608
-0.44520506 4.8815832 -1.6447378
-0.56290036 4.86938 -1.6447263
-0.79717773 4.8364806 -1.6447034
-1.1449413 4.7660375 -1.6446693
-1.598955 4.6333628 -1.6446252
-1.8206347 4.5507579 -1.6446037
-1.9299023 4.505466 -1.644593
-2.0380664 4.4575453 -1.6445825
-2.4581933 4.2402415 -1.6445419
-2.5597851 4.1796556 -1.6445321
-2.7584276 4.0512314 -1.6445129
-3.1360157 3.7664001 -1.6444768
-3.4440331 3.5750957 -1.6656442
-3.6086817 3.5694592 -1.7031062
-4.1524315 3.3812742 -1.796778
-4.2327833 3.2800713 -1.7967705
-4.3107028 3.1769555 -1.7967629
-4.3860841 3.0719922 -1.7967559
-4.5291796 2.8567626 -1.7967426
-5.1198826 1.5682825 -1.7966882
-5.219902 1.1937921 -1.7966795
-5.2471681 1.0674744 -1.7966772
-5.2925587 0.81304806 -1.7966734
-5.3106446 0.68507564 -1.796672
-5.3502049 -0.21760985 -1.7966708
-5.3434176 -0.34666136 -1.7966719
-5.2628512 -0.9873895 -1.7966816
-5.2374997 -1.1141211 -1.7966845
-5.1776462 -1.3655401 -1.7966911
-4.572207 -2.7874346 -1.7967547
-4.4324121 -3.0048244 -1.796769
-4.203506 -3.3176382 -1.7967924
-4.1222262 -3.4181306 -1.7968006
-3.9525292 -3.6130838 -1.7968179
-3.8642089 -3.7074339 -1.7968268
-3.6808593 -3.8896043 -1.7968456
-3.5859277 -3.9773223 -1.796855
-2.7562499 -4.5917063 -1.7969383
-2.3008983 -4.8361282 -1.7969837
-2.1835449 -4.8902731 -1.7969954
-2.0648925 -4.9415784 -1.7970072
-1.945039 -4.9900074 -1.7970191
-1.702041 -5.0781145 -1.7970433
-1.455039 -5.1543951 -1.7970679
-1.2046777 -5.2186694 -1.7970926
-0.95147461 -5.2707901 -1.7971176
-0.82400388 -5.2922544 -1.7971301
-0.69606441 -5.310637 -1.7971427
-0.56770509 -5.3259258 -1.7971554
-0.43901366 -5.3381114 -1.7971681
-0.31007811 -5.3471899 -1.7971808
-0.051699217 -5.3559971 -1.7972063
0.20680663 -5.3523321 -1.7972316
0.3359082 -5.3458204 -1.7972442
0.46480468 -5.336195 -1.7972569
0.59346676 -5.323462 -1.7972693
0.72175777 -5.3076262 -1.7972821
1.1038672 -5.2416167 -1.7973193
1.2300292 -5.2134876 -1.7973317
1.480166 -5.1481376 -1.7973561
1.7268847 -5.0707879 -1.79738
2.0892284 -4.9326787 -1.7974153
2.3248241 -4.8261857 -1.7974381
2.4406347 -4.7687092 -1.7974494
2.5550096 -4.7084498 -1.7974603
2.6679199 -4.6454511 -1.7974713
2.7792578 -4.5797391 -1.797482
2.9970117 -4.4403596 -1.797503
3.5098631 -4.047389 -1.7975523
3.6065331 -3.9615295 -1.7975614
3.7011034 -3.8733633 -1.7975705
3.9716699 -3.5955236 -1.7975962
4.2998142 -3.1960175 -1.7976273
4.3757129 -3.0913351 -1.7976346
4.4490528 -2.9848428 -1.7976414
4.5879393 -2.766715 -1.7976544
4.6533885 -2.6552005 -1.7976605
4.7161131 -2.5421393 -1.7976663
2.7155468 -0.77256531 -0.94731688
2.9877245 -0.77256531 -1.0354576
3.2575195 -0.7589587 -1.1222867
5.2458396 -1.089447 -1.7977142
5.3109274 -0.70710814 -1.7977194
5.3264551 -0.5787372 -1.7977206
5.3388572 -0.45002991 -1.7977214
5.357451 -0.062634885 -1.7977221
5.3573728 0.066673584 -1.7977219
5.3542089 0.19593933 -1.797721
5.3385153 0.45406309 -1.7977188
5.3260059 0.58276367 -1.7977172
5.3103709 0.71112061 -1.7977153
5.2449999 1.0934069 -1.7977078
3.2575195 0.76155514 -1.1224849
2.9784374 0.7725659 -1.0324399
2.7077832 0.77256531 -0.94481403
4.6513281 2.6587 -1.797645
4.5857716 2.7701592 -1.7976381
4.5176072 2.8800066 -1.797631
4.4467478 2.9881737 -1.7976239
4.3733397 3.0945995 -1.7976162
4.2973633 3.199223 -1.7976085
3.29791 3.6280425 -1.6451091
3.2093945 3.7065527 -1.6451002
3.118994 3.7829039 -1.6450911
3.0267675 3.8570471 -1.6450818
2.8371289 3.9985521 -1.6450628
2.3350487 4.3108811 -1.6450125
2.2303221 4.3659458 -1.6450021
2.1242969 4.418468 -1.6449915
2.017041 4.4684153 -1.6449809
1.2369629 4.743722 -1.6449034
1.1221191 4.7721558 -1.6448921
0.77393556 4.8407273 -1.6448576
0.65687501 4.8579578 -1.6448462
0.53944337 4.8723621 -1.6448345
0.42170897 4.8839283 -1.644823
0.18555664 4.8985128 -1.6447996
-0.40546873 4.8850598 -1.6447417
-0.7577734 4.8428221 -1.6447072
-0.87443358 4.8230929 -1.6446959
-1.1061035 4.7752171 -1.6446731
-1.2210058 4.747097 -1.644662
-1.5611719 4.6462364 -1.6446289
-2.1090918 4.4243674 -1.6445756
-2.2152441 4.3721557 -1.6445653
-2.423584 4.2601171 -1.6445452
-2.5256739 4.2003636 -1.6445353
-2.6262794 4.1381688 -1.6445258
-2.7253711 4.0735607 -1.6445161
-2.8228612 4.0065794 -1.6445068
-2.9187109 3.9372692 -1.6444975
-3.1052442 3.7918139 -1.6444796
-3.1958399 3.71575 -1.6444709
-3.28458 3.6375263 -1.6444626
-3.3933203 3.5803356 -1.6551549
-3.7218652 3.5654845 -1.7293903
-3.8993945 3.5590997 -1.7714369
-4.1247849 3.4149725 -1.7967807
-4.2847071 3.2119451 -1.7967656
-4.3609471 3.1075995 -1.7967582
-4.4346581 3.0014446 -1.7967514
-4.5057616 2.8935387 -1.7967447
-4.5742774 2.7839544 -1.7967383
-5.0666113 1.732688 -1.796693
-5.1069531 1.6099108 -1.7966894
-5.1443162 1.4861963 -1.7966861
-5.1786523 1.3616168 -1.796683
-5.2100196 1.2362444 -1.7966802
-5.2383204 1.1101532 -1.7966779
-5.2635937 0.98341793 -1.7966758
-5.2857518 0.85610837 -1.796674
-5.3209081 0.60006833 -1.7966713
-5.333838 0.47148681 -1.7966703
-5.3436813 0.342619 -1.7966697
-5.3503709 0.21356505 -1.7966696
-5.3544531 -0.044845581 -1.7966698
-5.3252149 -0.56074709 -1.7966743
-5.3101172 -0.68909425 -1.7966762
-5.2707129 -0.9445129 -1.7966807
-5.1885839 -1.3233331 -1.7966899
-5.1551657 -1.4481738 -1.7966936
-5.1187305 -1.5721596 -1.7966975
-5.0792966 -1.6952335 -1.7967017
-5.0369239 -1.8173183 -1.7967062
-4.5947361 -2.7501111 -1.7967525
-4.5270505 -2.8602033 -1.7967592
-4.4567285 -2.9686296 -1.7967666
-4.3083301 -3.1802461 -1.7967818
-3.7124121 -3.8595042 -1.7968423
-3.6181934 -3.9479911 -1.7968518
-3.5218847 -4.0341816 -1.7968615
-3.1166992 -4.3549705 -1.7969023
-2.9029686 -4.5003333 -1.7969236
-2.5698633 -4.6986384 -1.7969569
-2.2232616 -4.8723297 -1.7969916
-2.1050584 -4.924593 -1.7970033
-1.9856151 -4.9739923 -1.7970152
-1.8650194 -5.0204935 -1.7970271
-1.7433202 -5.0640736 -1.7970392
-0.99434566 -5.2628555 -1.7971133
-0.095312499 -5.3553867 -1.797202
0.033984374 -5.3561645 -1.7972146
0.42136717 -5.3397875 -1.7972527
0.55010742 -5.3281021 -1.7972653
0.93413085 -5.2744589 -1.7973028
1.1875488 -5.2233157 -1.7973275
1.3132714 -5.1931715 -1.7973398
1.4382226 -5.1600046 -1.797352
1.5623242 -5.1238294 -1.797364
1.6855273 -5.0846677 -1.797376
1.8077539 -5.0425458 -1.797388
1.9289355 -4.9974799 -1.7973998
2.0489941 -4.9495125 -1.7974113
2.1678514 -4.8986511 -1.7974229
2.285459 -4.8449421 -1.7974343
2.5165722 -4.7290826 -1.7974566
2.7418847 -4.6022034 -1.7974784
3.0676661 -4.3918748 -1.7975097
3.4768066 -4.0758195 -1.7975491
3.6694629 -3.9033575 -1.7975676
3.7625976 -3.8136871 -1.7975764
3.9422362 -3.6277337 -1.7975935
4.0286818 -3.5315578 -1.7976017
4.1127439 -3.4333272 -1.7976097
4.2736521 -3.2309122 -1.7976249
4.3504004 -3.1268506 -1.7976321
4.4246092 -3.0209668 -1.7976391
4.4962206 -2.9133224 -1.7976458
4.5652442 -2.8039796 -1.7976522
4.6316209 -2.6929908 -1.7976584
4.6952538 -2.5804427 -1.7976644
5.2367868 -1.1321143 -1.7977134
5.2853222 -0.87811947 -1.7977175
5.3049903 -0.75031614 -1.7977189
5.3350291 -0.49347532 -1.7977213
5.3453903 -0.36458677 -1.7977219
5.3577442 0.02305725 -1.797722
5.3420215 0.4105792 -1.7977192
5.3305564 0.5393762 -1.7977177
5.3159862 0.66786742 -1.7977159
3.2575195 0.73364013 -1.1203898
3.0814354 0.77256531 -1.0659288
4.7347364 2.5072277 -1.7976534
4.6082225 2.7327373 -1.7976403
4.3983884 3.0589006 -1.7976189
4.3232713 3.1641393 -1.7976112
4.2456346 3.2675297 -1.7976032
3.9226367 3.4987574 -1.7636552
3.7467284 3.5078356 -1.7221404
3.424746 3.5315497 -1.6506326
3.3273437 3.601084 -1.6451122
3.1496875 3.7573924 -1.6450942
2.8695605 3.9753308 -1.645066
2.5744433 4.1724253 -1.6450365
2.1602149 4.4010348 -1.6449951
2.0533593 4.451858 -1.6449844
1.7259082 4.5886436 -1.6449519
1.5024706 4.6665125 -1.6449298
1.1609277 4.7628722 -1.6448959
0.92973632 4.8132763 -1.644873
0.81332028 4.8342772 -1.6448616
0.69640625 4.8524609 -1.64485
0.46145508 4.880343 -1.6448268
0.3435449 4.8900256 -1.6448152
0.22542968 4.8968515 -1.6448035
0.10717773 4.9008336 -1.644792
-0.12940429 4.900228 -1.6447686
-0.24760741 4.8956442 -1.6447572
-0.36569336 4.8882065 -1.6447456
-0.48351562 4.8779221 -1.644734
-0.60109371 4.8648009 -1.6447226
-0.95143551 4.8084717 -1.6446882
-1.1823242 4.7568908 -1.6446658
-1.4104491 4.6942382 -1.6446435
-1.5233203 4.6588049 -1.6446326
-1.6352929 4.6206532 -1.6446215
-1.7462988 4.5798154 -1.6446109
-1.8563086 4.5363083 -1.6446002
-2.2848632 4.3361473 -1.6445587
-2.388828 4.2797227 -1.6445487
-2.4913867 4.220798 -1.6445386
-3.2687988 3.5592902 -1.7435195
-3.6252928 3.4148095 -1.7968297
-3.8627636 3.1435633 -1.7968071
-3.9374804 3.049417 -1.7968
-4.2758594 2.5531952 -1.7967683
-4.3362303 2.4492548 -1.7967627
-4.8268065 1.2256988 -1.796718
-4.9224706 0.75473571 -1.79671
-4.953125 0.51633972 -1.7967077
-4.9641504 0.39665771 -1.7967069
-4.9722853 0.27674499 -1.7967066
-4.9758005 -0.20382079 -1.7967076
-4.9601755 -0.44367307 -1.7967097
-4.9330173 -0.68248838 -1.7967131
-4.8943357 -0.91971862 -1.7967176
-4.8707228 -1.0375665 -1.7967203
-4.8442674 -1.1548077 -1.7967231
-4.8150001 -1.2713794 -1.7967265
-4.7829294 -1.38721 -1.7967298
-4.748076 -1.5022305 -1.7967336
-4.7104588 -1.6163809 -1.7967377
-4.6700878 -1.7295889 -1.7967421
-4.3128514 -2.4902511 -1.7967793
-4.251533 -2.5936158 -1.7967856
-4.1877146 -2.6954677 -1.7967923
-4.1214747 -2.7957561 -1.7967989
-4.0528126 -2.8944125 -1.796806
-3.9817967 -2.9913852 -1.7968134
-3.9084668 -3.0866191 -1.7968208
-3.8328612 -3.1800551 -1.7968284
-3.7550292 -3.2716405 -1.7968364
-3.6749902 -3.3613195 -1.7968445
-3.5928221 -3.4490447 -1.7968528
-3.4222655 -3.618417 -1.7968701
-2.9618456 -4.0041833 -1.7969165
-2.8643651 -4.0745149 -1.7969263
-2.7652147 -4.1424756 -1.7969362
-2.664453 -4.208024 -1.7969462
-2.4583397 -4.3317351 -1.7969668
-2.3530955 -4.3898273 -1.7969774
-2.1385741 -4.4983082 -1.7969987
-2.0294139 -4.5486364 -1.7970096
-1.9190527 -4.5963135 -1.7970206
-1.8075976 -4.6413145 -1.7970316
-1.3518554 -4.7940564 -1.7970768
-1.1189648 -4.8537641 -1.7970998
-0.88346678 -4.9021683 -1.7971232
-0.76492184 -4.9220915 -1.7971349
-0.64592773 -4.9391499 -1.7971466
-0.52652341 -4.9533343 -1.7971584
-0.40685546 -4.9646292 -1.7971702
-0.28691405 -4.9730344 -1.797182
-0.16682617 -4.9785395 -1.7971938
0.073583983 -4.9808607 -1.7972174
0.19375975 -4.9776678 -1.7972293
0.43372071 -4.9625869 -1.7972528
0.67266601 -4.9359422 -1.7972761
0.79159176 -4.9183035 -1.7972877
0.91007811 -4.8977995 -1.7972993
1.0280077 -4.874445 -1.7973109
1.145332 -4.8482475 -1.7973224
1.2620116 -4.8192267 -1.7973336
1.3779687 -4.7874002 -1.7973449
1.7207129 -4.6752634 -1.7973783
1.8330272 -4.6324024 -1.7973891
2.0544336 -4.5386157 -1.7974107
2.1633692 -4.4877405 -1.7974212
2.2710838 -4.4342551 -1.7974316
2.3774414 -4.378181 -1.797442
2.6879687 -4.1947932 -1.7974719
2.8872752 -4.0602546 -1.7974911
2.9844239 -3.9894183 -1.7975004
3.0798633 -3.9162567 -1.7975096
3.1734765 -3.8408117 -1.7975186
3.2652636 -3.7631242 -1.7975274
3.4430468 -3.6012337 -1.7975444
3.6128321 -3.4309347 -1.7975606
3.6946094 -3.3427627 -1.7975683
3.9267774 -3.0667691 -1.7975903
3.9996679 -2.9711261 -1.7975972
4.0702343 -2.873749 -1.7976038
4.2674999 -2.5718055 -1.7976223
4.32833 -2.4680767 -1.7976279
4.3866405 -2.362911 -1.7976335
2.718545 -0.77256531 -1.0196466
3.2575195 -0.75796998 -1.2066638
4.9018946 -0.89373899 -1.7976799
4.9393163 -0.65617794 -1.7976828
4.953711 -0.53679079 -1.7976838
4.9652147 -0.41709045 -1.7976846
4.9795799 -0.17703125 -1.7976854
4.9823923 -0.056809079 -1.7976851
4.9793262 0.18366455 -1.7976843
4.9734278 0.30377379 -1.7976834
4.9646583 0.42370361 -1.7976822
4.9529881 0.54338866 -1.7976806
4.9384079 0.66275692 -1.7976788
4.9006934 0.9002673 -1.7976745
4.8775392 1.0182709 -1.7976718
2.7048242 0.77256531 -1.0148897
4.2640233 2.5774665 -1.7976071
4.2005663 2.6796057 -1.7976005
4.0663571 2.8791394 -1.7975868
3.9956737 2.9764202 -1.7975796
3.8473828 3.165725 -1.7975644
3.6900878 3.3476439 -1.7975485
3.6082323 3.435703 -1.7975401
3.5005369 3.498059 -1.7854339
3.1923828 3.513938 -1.7128296
3.0471094 3.5211651 -1.6800081
2.9120996 3.5340533 -1.6521364
2.8138671 3.5878673 -1.6450616
2.726455 3.6547077 -1.6450529
2.6374609 3.7194152 -1.6450438
2.5469141 3.7819602 -1.6450349
2.4548926 3.8423021 -1.6450256
2.2666016 3.9562316 -1.6450068
1.8746679 4.1561852 -1.6449678
1.6719335 4.2417455 -1.6449476
1.5690625 4.2808323 -1.6449374
1.4652832 4.3174229 -1.644927
1.3606738 4.3514991 -1.6449167
1.2552441 4.3830395 -1.6449063
1.0422949 4.4384437 -1.6448852
0.93485349 4.4622755 -1.6448746
0.71845704 4.5021262 -1.6448531
0.60959959 4.5181212 -1.6448425
0.50039059 4.5314894 -1.6448317
0.17125 4.5557227 -1.6447994
-0.048759766 4.5586205 -1.6447777
-0.37838867 4.5430589 -1.6447453
-0.59716797 4.5194507 -1.6447239
-0.92253906 4.4643202 -1.6446921
-1.0299706 4.4407334 -1.6446817
-1.2430273 4.3858042 -1.6446609
-1.3484961 4.3545032 -1.6446506
-1.453164 4.3206677 -1.6446403
-1.5570313 4.2843103 -1.6446302
-1.7618945 4.2041454 -1.6446104
-2.2551074 3.96135 -1.6445626
-2.3500586 3.9057531 -1.6445535
-2.5357323 3.7877698 -1.6445357
-2.8030565 3.5943511 -1.6445098
-3.0690429 3.5662353 -1.6974975
-3.3718164 3.555589 -1.7678977
-3.5973535 3.4442155 -1.7968324
-3.6794043 3.3563843 -1.7968245
-3.7593455 3.2665961 -1.7968169
-3.912539 3.0813751 -1.7968025
-3.9857519 2.9860504 -1.7967955
-4.0566406 2.8889818 -1.7967887
-4.1251559 2.7902343 -1.7967824
-4.254951 2.5879247 -1.7967703
-4.7500486 1.4958948 -1.7967248
-4.8166699 1.2649524 -1.7967188
-4.8720994 1.0310718 -1.7967142
-4.8955469 0.91319579 -1.7967122
-4.916152 0.79478455 -1.7967105
-4.9338965 0.67591 -1.7967091
-4.9760547 0.19718689 -1.7967063
-4.9773045 -0.16330688 -1.7967073
-4.9383984 -0.64230406 -1.7967124
-4.9214649 -0.76129574 -1.7967144
-4.8251953 -1.2321355 -1.7967253
-4.7601461 -1.4635268 -1.7967324
-4.7234569 -1.5779748 -1.7967362
-4.3329978 -2.455054 -1.7967771
-4.2095118 -2.6612864 -1.79679
-3.8586133 -3.1487417 -1.7968259
-3.7815235 -3.2409594 -1.7968336
-3.6207714 -3.4196737 -1.79685
-3.2743652 -3.7528293 -1.796885
-3.0894921 -3.9064908 -1.7969036
-2.9943359 -3.9799304 -1.7969131
-2.8974414 -4.0510516 -1.7969229
-2.7988477 -4.1198163 -1.7969328
-2.6986327 -4.1861863 -1.7969427
-2.5968359 -4.2501135 -1.796953
-2.3887596 -4.3705168 -1.7969737
-2.1751268 -4.4807386 -1.796995
-2.0663867 -4.5319514 -1.7970059
-1.9564062 -4.5805254 -1.7970169
-1.3908203 -4.7828817 -1.797073
-1.2750098 -4.815083 -1.7970845
-0.92333984 -4.8947997 -1.7971193
-0.56684572 -4.9488707 -1.7971543
-0.44726562 -4.9611416 -1.7971662
-0.3274121 -4.9705229 -1.797178
-0.20734374 -4.9770069 -1.7971897
-0.087187499 -4.9805956 -1.7972016
0.51303709 -4.9550385 -1.7972605
0.63245118 -4.9412436 -1.7972722
0.870166 -4.905036 -1.7972955
0.98827147 -4.8826413 -1.7973069
1.3389355 -4.7984467 -1.7973411
1.4543653 -4.7647681 -1.7973524
1.5689257 -4.7283134 -1.7973635
1.7952636 -4.6471634 -1.7973856
2.0174119 -4.5551829 -1.797407
2.1267774 -4.505199 -1.7974178
2.2348828 -4.4525871 -1.7974283
2.3416991 -4.3973823 -1.7974385
2.4471679 -4.3396153 -1.7974486
2.9518456 -4.0135736 -1.7974974
3.0478516 -3.94119 -1.7975066
3.2345116 -3.7895765 -1.7975243
3.3250291 -3.7104347 -1.797533
3.4135742 -3.6291435 -1.7975416
3.5002148 -3.5457089 -1.7975498
3.6672657 -3.3727226 -1.7975657
3.7476072 -3.2832539 -1.7975733
3.8257713 -3.1918719 -1.7975808
3.9016991 -3.0986319 -1.797588
3.9753516 -3.0035806 -1.7975949
4.046699 -2.906785 -1.7976016
4.1156735 -2.8082917 -1.7976081
4.1822658 -2.7081647 -1.7976145
4.3672462 -2.3985422 -1.7976316
2.636709 -0.7725659 -0.99128246
2.8937695 -0.7725659 -1.0805976
4.9155564 -0.81523192 -1.797681
4.9337888 -0.69636714 -1.7976823
4.9491696 -0.57709962 -1.7976835
4.9779587 -0.21756226 -1.7976854
4.9806638 0.14312255 -1.7976846
4.9757419 0.26327696 -1.7976837
4.9679394 0.38327575 -1.7976826
4.9572458 0.50305295 -1.7976812
4.9078417 0.86034238 -1.7976753
4.885664 0.97853208 -1.7976727
3.2575195 0.73462826 -1.2047838
2.5496874 0.77256531 -0.96119171
4.2848825 2.5426722 -1.7976092
4.1571774 2.7464366 -1.7975961
4.0197754 2.9437993 -1.797582
3.3956347 3.5035429 -1.7602863
3.2426074 3.5113971 -1.7244029
3.0954981 3.5187774 -1.690838
2.9541698 3.5262053 -1.6596563
2.7560937 3.6323974 -1.6450558
2.4860938 3.8221936 -1.6450288
2.203037 3.9919603 -1.6450005
1.8079394 4.1856174 -1.644961
1.7063965 4.2280064 -1.644951
1.6038574 4.2679257 -1.6449407
1.5003906 4.3053598 -1.6449305
1.3960253 4.3402882 -1.6449201
1.1849804 4.402534 -1.6448992
1.0783887 4.4298205 -1.6448888
0.97116208 4.4545264 -1.6448781
0.2083496 4.5541916 -1.6448029
0.098369136 4.5578613 -1.6447921
-0.99379879 4.4489808 -1.6446851
-1.2072852 4.3957896 -1.6446643
-1.4179688 4.3323622 -1.6446438
-1.5220898 4.2968531 -1.6446338
-1.625332 4.2588453 -1.6446236
-1.828916 4.1754103 -1.6446038
-2.0282128 4.0822511 -1.6445847
-2.1261327 4.0320945 -1.6445751
-2.2228124 3.9795837 -1.6445658
-2.3181837 3.9247618 -1.6445565
-2.5048242 3.8082945 -1.6445385
-2.6856542 3.68296 -1.6445211
-2.8810742 3.5749688 -1.6565146
-3.1666992 3.5628796 -1.7197894
-3.3190331 3.5574944 -1.7553533
-3.5692089 3.4733887 -1.7968349
-3.6519725 3.3862309 -1.7968272
-3.8110936 3.2060454 -1.7968121
-3.8873241 3.1131287 -1.7968048
-3.9612987 3.0184021 -1.7967978
-4.0329785 2.921917 -1.7967911
-4.1022949 2.8237286 -1.7967845
-4.2337499 2.6224811 -1.7967722
-4.8062401 1.3041235 -1.7967198
-4.8362989 1.1877588 -1.7967172
-4.8635254 1.0706964 -1.7967149
-4.9095311 0.83478087 -1.7967111
-4.9440818 0.59691834 -1.7967083
-4.9570408 0.47742736 -1.7967074
-4.956533 -0.48260984 -1.7967101
-4.9434471 -0.6020807 -1.7967118
-4.9274998 -0.72120541 -1.7967138
-4.9086618 -0.83990842 -1.796716
-4.8869629 -0.95812315 -1.7967184
-4.8624315 -1.0757843 -1.7967211
-4.7718844 -1.4247259 -1.7967311
-4.7361231 -1.5394708 -1.7967349
-4.3528318 -2.4196947 -1.7967752
-4.2310352 -2.6269269 -1.7967877
-4.0993943 -2.8280361 -1.7968012
-4.0299706 -2.9261491 -1.7968082
-3.9582031 -3.0225661 -1.7968156
-3.8841209 -3.1172202 -1.7968233
-3.8077636 -3.2100575 -1.796831
-3.6484861 -3.3900783 -1.7968472
-3.5656152 -3.4771593 -1.7968556
-3.4806933 -3.5622096 -1.7968642
-3.3937206 -3.6451855 -1.796873
-3.2139158 -3.8047295 -1.7968911
-3.1211913 -3.8812053 -1.7969004
-3.0266211 -3.9554219 -1.7969099
-2.8322949 -4.09689 -1.7969295
-2.1032031 -4.5149732 -1.7970022
-1.9936328 -4.5644403 -1.7970132
-1.8829101 -4.6112485 -1.7970243
-1.7711035 -4.6553731 -1.7970353
-1.5444238 -4.7354693 -1.7970577
-1.4297071 -4.7713909 -1.7970692
-1.0808105 -4.8624091 -1.7971036
-0.96316403 -4.8871098 -1.7971153
-0.84494138 -4.9089627 -1.797127
-0.72624999 -4.9279575 -1.7971387
-0.48762694 -4.9573245 -1.7971623
-0.24785155 -4.9751439 -1.7971858
-0.12773438 -4.9797101 -1.7971977
-0.0075292969 -4.9813776 -1.7972094
0.11268555 -4.9801402 -1.7972212
0.59220701 -4.9462204 -1.7972682
0.94850582 -4.8905125 -1.7973031
1.1833692 -4.8391156 -1.797326
1.6443554 -4.7026358 -1.7973709
1.8693457 -4.6178751 -1.7973927
1.9802538 -4.5714445 -1.7974036
2.0900097 -4.5223532 -1.7974142
2.3058398 -4.4162922 -1.7974349
2.4117577 -4.3593845 -1.7974453
2.5162597 -4.2999382 -1.7974554
2.6193163 -4.2379856 -1.7974653
2.7208397 -4.1735649 -1.7974751
2.9190624 -4.0374708 -1.7974942
3.1105175 -3.8919554 -1.7975127
3.2947264 -3.737375 -1.7975302
3.556494 -3.489291 -1.7975552
3.720742 -3.3136523 -1.7975707
4.022871 -2.9396365 -1.7975994
4.0926757 -2.8417108 -1.797606
4.2875681 -2.5382135 -1.7976241
2.5592968 -0.77256531 -0.96451002
2.8020215 -0.77256531 -1.0486485
4.9087501 -0.85521913 -1.7976804
4.9442968 -0.61737365 -1.7976832
4.9577732 -0.49787596 -1.7976842
4.9683495 -0.3780908 -1.7976849
4.9760251 -0.25808287 -1.7976851
4.9485741 0.58226806 -1.7976801
4.9330664 0.70151913 -1.7976782
3.1873436 0.77256471 -1.1832445
4.2436523 2.6108654 -1.7976049
4.1126952 2.8125622 -1.7975916
3.4486718 3.5007799 -1.7729455
3.2935545 3.508806 -1.7362394
2.5171387 3.8018358 -1.6450318
2.4246483 3.8614514 -1.6450227
2.3307226 3.9188159 -1.6450132
2.1388867 4.0266685 -1.6449941
2.0410936 4.0770884 -1.6449844
1.9420996 4.1251316 -1.6449745
1.8419628 4.1707702 -1.6449646
1.7407616 4.2139783 -1.6449544
1.5354004 4.2930102 -1.6449341
1.4313378 4.3287864 -1.6449237
1.3264453 4.362041 -1.6449133
1.2208008 4.3927503 -1.6449029
1.1144238 4.4209018 -1.6448923
1.0073925 4.4464831 -1.6448817
0.89979488 4.4694691 -1.644871
0.79166991 4.4898524 -1.6448604
0.68308592 4.5076218 -1.6448497
0.4647949 4.535265 -1.6448282
-0.52349609 4.528595 -1.644731
-0.63262695 4.5146103 -1.6447204
-0.74137694 4.4979978 -1.6447097
-1.0648144 4.4324985 -1.6446781
-1.1714453 4.4054809 -1.6446677
-1.2774316 4.3759007 -1.6446576
-1.3826367 4.3437696 -1.6446471
-1.4870605 4.3091135 -1.6446371
-1.5906054 4.2719455 -1.6446271
-1.6932422 4.2322912 -1.6446171
-1.7948534 4.1901708 -1.6446072
-1.9949218 4.0986338 -1.6445879
-2.2861524 3.943512 -1.6445596
-2.3806446 3.8871739 -1.6445506
-2.6555858 3.7047093 -1.6445241
-3.1166406 3.5646062 -1.7083189
-3.2669334 3.5593541 -1.7430886
-3.4234178 3.5537047 -1.7802756
-3.8618553 3.1446776 -1.7968072
-3.936621 3.0505524 -1.7968001
-4.0791893 2.8570366 -1.7967868
-4.7616501 1.4585479 -1.7967237
-4.7954392 1.3432134 -1.7967207
-4.8546581 1.11026 -1.7967156
-4.9390721 0.6371417 -1.7967086
-4.9529982 0.51776671 -1.7967077
-4.9640331 0.39808655 -1.7967069
-4.9798436 0.037940674 -1.7967063
-4.9792967 -0.082244873 -1.7967068
-4.9603124 -0.44223693 -1.7967097
-4.9153419 -0.79991573 -1.7967153
-4.8946095 -0.91830319 -1.7967176
-4.8710251 -1.0361639 -1.7967203
-4.8446093 -1.1534142 -1.7967231
-4.7833395 -1.3858312 -1.7967298
-4.3135939 -2.4890037 -1.7967793
-4.252285 -2.5923924 -1.7967856
-3.982666 -2.9902368 -1.7968131
-3.9093359 -3.0854921 -1.7968206
-3.8337696 -3.1789505 -1.7968284
-3.5937986 -3.4480057 -1.7968527
-3.5095606 -3.5337443 -1.7968612
-3.423291 -3.6174264 -1.7968699
-3.1526854 -3.8556602 -1.7968973
-2.9629881 -4.0033298 -1.7969164
-2.8655467 -4.073689 -1.796926
-2.7664161 -4.1416802 -1.796936
-2.665664 -4.2072577 -1.796946
-2.4595995 -4.331027 -1.7969667
-2.2477734 -4.4447131 -1.7969879
-2.139873 -4.4976892 -1.7969985
-1.5829198 -4.7227278 -1.7970539
-1.4685059 -4.7595835 -1.7970653
-1.237168 -4.8249578 -1.7970881
-1.0029101 -4.8790956 -1.7971113
-0.88488281 -4.9019122 -1.7971231
-0.76633787 -4.9218702 -1.7971346
-0.64734375 -4.9389634 -1.7971464
-0.52796876 -4.9531779 -1.7971581
-0.40829101 -4.9645109 -1.79717
-0.28835937 -4.9729509 -1.7971818
-0.16827148 -4.9784923 -1.7971938
-0.048076171 -4.9811401 -1.7972054
0.072158203 -4.9808807 -1.7972172
0.19232422 -4.9777231 -1.7972292
0.43227538 -4.9627104 -1.7972527
0.55191404 -4.9508657 -1.7972643
1.0266113 -4.8747416 -1.7973107
1.6060058 -4.7158546 -1.7973672
1.7193457 -4.6757555 -1.7973782
1.8317089 -4.6329308 -1.797389
2.0531347 -4.5392118 -1.7974105
2.3761718 -4.3788681 -1.7974418
2.4811621 -4.3202753 -1.7974521
2.584707 -4.2591662 -1.797462
2.686748 -4.1955714 -1.7974719
2.7872362 -4.1295362 -1.7974815
2.8860936 -4.0610929 -1.797491
3.0787108 -3.9171422 -1.7975096
3.3540623 -3.684216 -1.7975358
3.4420018 -3.6022272 -1.7975442
3.611836 -3.4319758 -1.7975603
3.6936328 -3.3438284 -1.7975682
3.850703 -3.1617386 -1.7975831
3.9259179 -3.0679049 -1.7975903
3.9988086 -2.9722829 -1.7975972
4.069375 -2.8749268 -1.7976037
4.1376071 -2.7758887 -1.7976102
4.3276072 -2.4693234 -1.7976279
2.7155371 -0.7725659 -1.0186081
3.2575195 -0.7589587 -1.2067447
4.9016309 -0.89515197 -1.7976797
4.9218163 -0.77660519 -1.7976813
4.9391308 -0.65760618 -1.7976828
4.9651074 -0.41852537 -1.7976846
4.9795117 -0.17846924 -1.7976854
4.9823828 -0.05825134 -1.7976851
4.9823241 0.062004395 -1.7976849
4.9793749 0.18222107 -1.7976843
4.973525 0.30234191 -1.7976834
4.9647851 0.42227903 -1.7976822
4.9386129 0.66133785 -1.7976789
3.2575195 0.76155514 -1.2069579
4.384131 2.3674731 -1.7976195
4.3257031 2.4725749 -1.7976135
4.2013378 2.6783936 -1.7976006
4.0671873 2.8779662 -1.7975868
3.9235547 3.0708318 -1.7975721
3.8483007 3.1646099 -1.7975645
3.6910448 3.3465819 -1.7975485
3.1941309 3.51385 -1.7132348
3.0488086 3.5210795 -1.6803881
2.8149121 3.5870538 -1.6450617
2.638535 3.7186577 -1.6450441
2.4559863 3.8415942 -1.6450257
2.2677538 3.9555762 -1.645007
2.0742188 4.060348 -1.6449876
1.9756249 4.1091919 -1.6449778
1.7750195 4.1996799 -1.6449579
1.6731445 4.2412643 -1.6449478
1.466543 4.3170009 -1.6449271
1.2565234 4.382678 -1.6449064
1.1503711 4.4116955 -1.6448959
1.0435742 4.4381433 -1.6448854
0.71974605 4.5019226 -1.6448534
0.17258789 4.5556736 -1.6447995
-0.04743164 4.5586338 -1.6447778
-0.59583986 4.5196238 -1.6447241
-0.81322265 4.4855466 -1.6447027
-0.92124021 4.4645863 -1.6446922
-1.1355761 4.4148827 -1.6446713
-1.5557715 4.2847619 -1.6446304
-1.658711 4.2459421 -1.6446204
-2.0602148 4.0661912 -1.6445816
-2.2539842 3.9620018 -1.6445628
-2.630996 3.7339795 -1.6479539
-2.7144628 3.6617515 -1.6445184
-2.8020313 3.5951617 -1.64451
-3.0672851 3.566294 -1.6971046
-3.2156055 3.5611694 -1.7310994
-3.5121973 3.531054 -1.7968404
-3.8361425 3.1760144 -1.7968097
-3.9116504 3.0825031 -1.7968025
-3.9848828 2.9871979 -1.7967956
-4.1243358 2.791425 -1.7967825
-4.1904883 2.6910722 -1.7967763
-4.254199 2.589154 -1.7967703
-4.7121091 1.6114514 -1.7967281
-4.749619 1.497265 -1.7967248
-4.7843652 1.3822076 -1.7967218
-4.845459 1.1497443 -1.7967165
-4.8952832 0.91460568 -1.7967122
-4.9606347 0.43849608 -1.7967072
-4.9760056 0.19862121 -1.7967063
-4.9798045 -0.041707762 -1.7967067
-4.9773436 -0.16187072 -1.7967073
-4.9719825 -0.28193724 -1.7967082
-4.9637403 -0.40184265 -1.7967093
-4.9526072 -0.52151364 -1.7967107
-4.92167 -0.75987363 -1.7967144
-4.8792868 -0.99646664 -1.7967193
-4.8255467 -1.2307385 -1.7967253
-4.6844821 -1.6901599 -1.7967405
-4.3337011 -2.4538021 -1.7967771
-4.273242 -2.5576797 -1.7967834
-4.2102833 -2.6600647 -1.7967898
-4.1448927 -2.7609062 -1.7967966
-4.0770602 -2.860147 -1.7968036
-3.7824512 -3.239867 -1.7968336
-3.365 -3.6717279 -1.7968758
-3.27542 -3.7518823 -1.7968849
-3.1839452 -3.8298564 -1.7968941
-3.090625 -3.9055953 -1.7969035
-2.9954784 -3.9790673 -1.7969129
-2.8985937 -4.0502191 -1.7969227
-2.8000488 -4.1190124 -1.7969327
-2.6998241 -4.1854062 -1.7969427
-2.4947655 -4.3108521 -1.7969632
-2.390039 -4.3698249 -1.7969737
-2.2838769 -4.4262562 -1.7969842
-2.0676758 -4.531354 -1.7970058
-1.8466406 -4.6259022 -1.7970277
-1.7344922 -4.669147 -1.7970388
-1.6213183 -4.7096744 -1.7970501
-1.3921973 -4.7824821 -1.7970729
-1.1598243 -4.8441477 -1.7970959
-0.80637693 -4.9154572 -1.7971308
-0.56827146 -4.9487066 -1.7971542
-0.088652343 -4.9805694 -1.7972015
0.031582031 -4.9812937 -1.7972132
0.15180664 -4.9791117 -1.7972251
0.27191406 -4.9740305 -1.7972369
0.51160157 -4.9551816 -1.7972604
0.63103515 -4.9414268 -1.797272
0.986875 -4.8829241 -1.7973068
1.1044433 -4.8577223 -1.7973183
1.2213573 -4.8296814 -1.7973297
1.3375293 -4.7988324 -1.797341
1.4529589 -4.7651868 -1.7973523
1.6812109 -4.6895905 -1.7973745
2.0161035 -4.5557632 -1.797407
2.1254687 -4.5058098 -1.7974175
2.4459081 -4.3403206 -1.7974485
2.5499511 -4.280056 -1.7974586
2.6525097 -4.2172952 -1.7974685
3.0467284 -3.9420743 -1.7975063
3.1409862 -3.8674212 -1.7975155
3.233418 -3.7905087 -1.7975243
3.3239746 -3.7113924 -1.797533
3.4124999 -3.6301446 -1.7975415
3.4991992 -3.5467184 -1.7975497
3.5837793 -3.4612606 -1.7975578
3.6662986 -3.3737826 -1.7975656
3.74666 -3.2843359 -1.7975732
3.9744823 -3.0047336 -1.7975949
4.1814747 -2.7093749 -1.7976142
4.3073535 -2.5044668 -1.7976261
4.3665724 -2.3997982 -1.7976316
2.6338866 -0.7725659 -0.99030423
2.8904102 -0.7725659 -1.0794278
3.2575195 -0.78697693 -1.2090789
4.8941793 -0.93502498 -1.7976791
4.9153223 -0.8166455 -1.797681
4.9336133 -0.69778991 -1.7976823
4.9490137 -0.5785284 -1.7976835
4.9615235 -0.45892882 -1.7976844
4.97791 -0.21899779 -1.7976854
4.9806933 0.14167969 -1.7976846
4.9758005 0.26183471 -1.7976837
4.9680567 0.38183653 -1.7976826
4.9080858 0.8589288 -1.7976753
3.0814354 0.77256531 -1.1461458
2.7937987 0.77256471 -1.0457897
4.4032617 2.331707 -1.7976214
4.3457127 2.4372802 -1.7976155
4.285615 2.5414379 -1.7976092
4.157949 2.7452369 -1.7975961
4.0904784 2.8447669 -1.7975892
4.0206251 2.9426367 -1.797582
3.7971678 3.2257428 -1.7975593
3.7182031 3.3164208 -1.7975513
3.5537987 3.4919329 -1.7975346
3.0972264 3.5186913 -1.6912248
2.9556639 3.525924 -1.6599258
2.6687207 3.6970611 -1.6450471
2.578701 3.7603674 -1.6450381
2.4872069 3.8214805 -1.6450289
2.2041893 3.9913206 -1.6450006
2.1072168 4.0433249 -1.6449909
1.9096386 4.1402478 -1.6449713
1.8091601 4.185101 -1.6449612
1.6050977 4.2674623 -1.6449409
1.3972851 4.3398852 -1.6449203
1.2921484 4.372313 -1.64491
1.1862402 4.4021921 -1.6448994
0.75639647 4.4959202 -1.6448569
0.64764649 4.5128355 -1.6448462
0.53856444 4.5271177 -1.6448355
0.31948242 4.5477734 -1.6448138
0.099687494 4.5578308 -1.6447923
-0.12033202 4.5572729 -1.6447706
-0.2302832 4.5530124 -1.6447598
-0.34007812 4.5460963 -1.6447492
-0.55904293 4.5243344 -1.6447276
-0.66804683 4.5094943 -1.6447169
-0.88485348 4.471952 -1.6446958
-0.99249023 4.4492674 -1.6446853
-1.2060156 4.3961387 -1.6446644
-1.4167089 4.3327708 -1.644644
-1.5208398 4.2972946 -1.6446338
-1.827705 4.1759386 -1.644604
-2.0270312 4.0828395 -1.6445848
-2.2216406 3.980227 -1.6445658
-2.3170605 3.9254346 -1.6445566
-2.4110839 3.8683496 -1.6445476
-3.1451073 3.4246068 -1.7968768
-3.2268262 3.3476923 -1.796869
-3.5344141 3.0210259 -1.7968397
-3.8723145 2.5735278 -1.7968078
-4.0483203 2.2866352 -1.7967913
-4.5063376 1.1443188 -1.7967497
-4.5326266 1.0352362 -1.7967474
-4.5562892 0.92554992 -1.7967454
-4.5773144 0.81532407 -1.7967438
-4.6421485 0.25837037 -1.796739
-4.6470408 0.14626831 -1.7967389
-4.6486912 -0.078125 -1.7967393
-4.6454296 -0.19028808 -1.7967399
-4.6308594 -0.41421446 -1.7967421
-4.6054688 -0.63717467 -1.7967451
-4.5887694 -0.74813354 -1.7967471
-4.5226364 -1.0781329 -1.7967546
-4.4953222 -1.1869648 -1.7967576
-4.4653611 -1.2951044 -1.7967608
-4.4328027 -1.4024905 -1.7967644
-4.0814161 -2.2270532 -1.7968012
-3.9692383 -2.4214075 -1.7968129
-3.9096484 -2.5164981 -1.796819
-3.4309666 -3.1381292 -1.7968678
-3.3542383 -3.2200289 -1.7968756
-3.2755761 -3.3000531 -1.7968835
-3.1950097 -3.3781531 -1.7968917
-3.1125684 -3.4542913 -1.7969
-3.0283008 -3.5284183 -1.7969085
-2.9422851 -3.6004884 -1.7969171
-2.8545604 -3.6704619 -1.7969259
-2.7651563 -3.7382927 -1.796935
-2.5815918 -3.8674047 -1.7969534
-2.4875391 -3.9285998 -1.7969627
-2.2951074 -4.0440946 -1.796982
-2.0973241 -4.1501727 -1.7970017
-1.6875585 -4.3331065 -1.7970425
-1.5825 -4.3725953 -1.797053
-1.4765429 -4.4095359 -1.7970634
-1.3696874 -4.4439106 -1.7970741
-1.1537012 -4.504878 -1.7970954
-1.0446582 -4.5314336 -1.7971063
-0.93501949 -4.5553522 -1.7971171
-0.82479489 -4.5766211 -1.797128
-0.71411133 -4.5952191 -1.7971389
-0.60302734 -4.6111417 -1.7971499
-0.49157226 -4.6243792 -1.7971609
-0.043554686 -4.6503448 -1.797205
0.068691403 -4.6500707 -1.7972159
0.29298827 -4.6413965 -1.797238
0.62798828 -4.6081262 -1.7972708
0.73902345 -4.5916581 -1.7972816
0.84961915 -4.5725141 -1.7972925
1.1782031 -4.4991517 -1.7973245
1.2864355 -4.4694362 -1.797335
1.3939258 -4.4371152 -1.7973455
1.5006055 -4.4022098 -1.7973559
1.711289 -4.3247299 -1.7973764
1.8151758 -4.282197 -1.7973864
1.9179882 -4.2371678 -1.7973963
2.1202343 -4.1397333 -1.7974161
2.317539 -4.0326519 -1.7974352
2.4141991 -3.9755681 -1.7974445
2.695498 -3.7905688 -1.7974714
2.786201 -3.7244353 -1.7974802
2.9626954 -3.5856934 -1.7974973
3.1322753 -3.4385979 -1.7975134
3.214375 -3.3620198 -1.7975211
3.29458 -3.2834857 -1.7975287
3.3728709 -3.2030385 -1.7975363
3.5235155 -3.0365868 -1.7975507
3.5957615 -2.9506807 -1.7975575
3.7998631 -2.6828594 -1.7975767
3.9249218 -2.4964082 -1.7975885
4.0408106 -2.304132 -1.7975993
2.718545 -0.77256531 -1.0921799
3.2575195 -0.75796932 -1.2925009
4.5762501 -0.83436948 -1.7976477
4.6112013 -0.61258972 -1.7976505
4.6353908 -0.38938352 -1.7976521
4.6513476 0.059230957 -1.7976524
4.6239648 0.50729311 -1.7976484
4.5941014 0.72981262 -1.797645
4.5535254 0.95062864 -1.7976402
3.2575195 0.76254696 -1.2929029
2.9749024 0.77256405 -1.1877857
2.7048242 0.77256531 -1.0870839
3.8600194 2.5955114 -1.7975672
3.7302635 2.7787139 -1.797554
3.3685644 3.2074938 -1.7975172
3.2098339 3.3662596 -1.7975012
3.1276464 3.4427299 -1.797493
3.0296972 3.5010729 -1.789248
2.8908007 3.5081933 -1.7567139
2.6268456 3.5212066 -1.6977081
2.384414 3.5406761 -1.6496387
2.2045507 3.6413422 -1.6450016
2.1160643 3.6934593 -1.6449928
2.0262988 3.7434289 -1.6449838
1.8432909 3.836798 -1.6449656
1.7501757 3.8801403 -1.6449564
1.5608886 3.9600208 -1.6449375
1.4648535 3.9965148 -1.644928
1.2703124 4.06249 -1.6449087
1.171875 4.0919371 -1.6448989
0.97306639 4.1436667 -1.6448792
0.87277341 4.1659179 -1.6448693
0.77199215 4.1857409 -1.6448594
0.6707617 4.2031236 -1.6448493
0.56911129 4.2180614 -1.6448393
0.057197265 4.2557664 -1.644789
-0.14819336 4.2535157 -1.6447688
-0.45551756 4.2315707 -1.6447386
-0.5575 4.2193189 -1.6447287
-0.76042968 4.1874537 -1.6447089
-0.86126953 4.1678586 -1.6446991
-1.3566895 4.033751 -1.6446507
-1.4536328 3.9998119 -1.6446413
-1.9244921 3.7956285 -1.6445956
-2.1053417 3.698308 -1.6445782
-2.5126367 3.5641124 -1.6852239
-2.90958 3.5508001 -1.7740519
-3.0329981 3.524334 -1.7968875
-3.1171288 3.4501011 -1.7968795
-3.1994433 3.3738592 -1.7968717
-3.509707 3.0496995 -1.7968421
-3.9724317 2.4160955 -1.7967985
-4.0295701 2.319519 -1.7967932
-4.5897555 0.74201721 -1.7967427
-4.6062989 0.63103211 -1.7967415
-4.6201954 0.51968747 -1.7967404
-4.6313868 0.40803832 -1.7967396
-4.6398926 0.29615355 -1.796739
-4.6456738 0.18409668 -1.7967389
-4.6487694 0.07192871 -1.7967389
-4.6468263 -0.1524646 -1.7967396
-4.6417871 -0.26455811 -1.7967405
-4.6340623 -0.37650147 -1.7967416
-4.6236329 -0.48822203 -1.7967429
-4.5312696 -1.0412793 -1.7967536
-4.5048046 -1.1503296 -1.7967565
-4.4757519 -1.2587079 -1.7967597
-4.4440818 -1.3663549 -1.7967631
-4.4098144 -1.4732037 -1.7967668
-4.0452929 -2.2920444 -1.796805
-3.9887891 -2.3890123 -1.7968109
-3.8689258 -2.5787108 -1.796823
-3.6023924 -2.9396672 -1.7968504
-3.0569141 -3.5036395 -1.7969056
-2.9715135 -3.5764105 -1.7969142
-2.795537 -3.7156727 -1.7969319
-2.6129882 -3.8462515 -1.7969502
-2.5194237 -3.9082129 -1.7969596
-2.3279297 -4.0252686 -1.7969787
-2.0306835 -4.1831956 -1.7970083
-1.8265039 -4.2763557 -1.7970288
-1.7227832 -4.3192158 -1.797039
-1.512373 -4.3973618 -1.7970599
-1.2984766 -4.4652653 -1.7970811
-0.9720605 -4.5475812 -1.7971134
-0.86202145 -4.5697432 -1.7971243
-0.75150388 -4.5892444 -1.7971352
-0.64053708 -4.6060734 -1.7971461
-0.52919918 -4.6202159 -1.797157
-0.41755858 -4.6316686 -1.7971681
-0.30566406 -4.6404252 -1.7971792
-0.19358398 -4.6464806 -1.7971902
-0.081396483 -4.649828 -1.7972012
0.030839844 -4.6504655 -1.7972121
0.14306641 -4.6483974 -1.7972233
0.59045899 -4.6130776 -1.7972671
0.81238282 -4.5792704 -1.7972888
1.0323731 -4.5347948 -1.7973104
1.1415331 -4.5085869 -1.797321
1.4647168 -4.4142718 -1.7973524
1.6760254 -4.3385086 -1.7973731
1.9855175 -4.2059655 -1.7974029
2.2845995 -4.0513773 -1.7974319
2.3817382 -3.9950893 -1.7974412
2.6645508 -3.8123784 -1.7974685
2.7558007 -3.7469869 -1.7974772
2.8454199 -3.6794081 -1.7974859
2.9333887 -3.6096871 -1.7974943
3.1041796 -3.4639776 -1.7975106
3.1868944 -3.3880713 -1.7975186
3.4236913 -3.1486919 -1.7975411
3.498662 -3.065167 -1.7975483
3.6425292 -2.8928037 -1.7975619
3.7778614 -2.7136998 -1.7975748
3.8422949 -2.6217508 -1.7975807
4.0219235 -2.3369482 -1.7975976
4.077158 -2.2392178 -1.7976027
2.6367188 -0.7725659 -1.0617983
2.8937695 -0.7725659 -1.1574663
3.2019336 -0.77256531 -1.2728968
4.5890331 -0.76107788 -1.7976488
4.6060548 -0.65010864 -1.7976501
4.6320701 -0.42710632 -1.7976519
4.6498046 0.13361633 -1.7976521
4.6379395 0.35781553 -1.7976502
4.6279392 0.46963561 -1.7976489
4.6152439 0.58118099 -1.7976474
4.5998731 0.6923877 -1.7976456
4.5611134 0.91352963 -1.7976412
3.2575293 0.73462766 -1.2904867
3.077666 0.7725659 -1.2262658
2.5496874 0.7725659 -1.0295666
4.0563865 2.2765491 -1.7975875
3.8810253 2.5640044 -1.7975695
3.7527537 2.7482574 -1.7975563
3.6853223 2.8380096 -1.7975494
3.6157618 2.926106 -1.7975423
3.5440624 3.0125036 -1.7975351
3.4703515 3.0971406 -1.7975276
3.3168163 3.2609496 -1.7975121
3.0721776 3.4922979 -1.7974873
2.9370897 3.505841 -1.7674495
2.8013768 3.5126801 -1.7363001
2.670166 3.5191209 -1.7071261
2.5430956 3.5251842 -1.6797993
2.4221387 3.534245 -1.655775
2.1460254 3.6761205 -1.6449958
2.0566895 3.7268188 -1.6449869
1.9661523 3.7753441 -1.6449778
1.5930566 3.9471948 -1.6449407
1.497334 3.9844639 -1.6449312
1.1062793 4.1101403 -1.6448923
1.0067675 4.1356153 -1.6448824
0.60343748 4.2132959 -1.6448427
0.29705077 4.245831 -1.6448126
0.19450195 4.2517381 -1.6448026
0.091835938 4.255167 -1.6447923
-0.11357421 4.2545886 -1.6447722
-0.31873047 4.2441015 -1.644752
-0.62491208 4.209846 -1.6447221
-0.92779297 4.1535339 -1.6446925
-1.2258105 4.07546 -1.6446635
-1.4210058 4.0115209 -1.6446444
-1.5174023 3.9760387 -1.6446351
-1.6128906 3.9382384 -1.6446258
-1.7074511 3.8981481 -1.6446166
-1.8010254 3.8557849 -1.6446075
-1.9849609 3.7643492 -1.6445898
-2.0752149 3.715332 -1.6445811
-2.2520311 3.6108348 -1.644564
-2.3508105 3.5741296 -1.6532093
-2.4703417 3.5654352 -1.6762829
-2.8629003 3.5524449 -1.7631718
-3.2529979 3.3222473 -1.7968665
-3.4094822 3.1613891 -1.7968516
-3.4847851 3.0781763 -1.7968445
-3.5580273 2.9931719 -1.7968374
-3.8299217 2.6362402 -1.7968118
-4.0661426 2.2547717 -1.7967896
-4.4231544 1.432633 -1.796757
-4.5151854 1.1088965 -1.7967489
-4.5634079 0.88973933 -1.7967448
-4.5835643 0.77935606 -1.7967432
-4.6158009 0.55728638 -1.7967407
-4.6279101 0.44572875 -1.7967398
-4.6373339 0.3339166 -1.7967391
-4.644043 0.2219104 -1.7967389
-4.648037 0.10977478 -1.7967389
-4.6493359 -0.0024267577 -1.796739
-4.6479297 -0.11462524 -1.7967395
-4.6437988 -0.22676148 -1.7967402
-4.6369724 -0.33876342 -1.7967411
-4.627461 -0.45056641 -1.7967426
-4.5395994 -1.0043585 -1.7967527
-4.5140429 -1.1136187 -1.7967554
-4.4858689 -1.2222302 -1.7967585
-4.4550681 -1.3301331 -1.7967619
-4.4216895 -1.4372576 -1.7967656
-4.0081153 -2.3564553 -1.7968088
-3.8897851 -2.5471251 -1.796821
-3.6262207 -2.9102411 -1.7968479
-3.328877 -3.2462759 -1.7968782
-3.2495701 -3.3256776 -1.7968861
-3.1683886 -3.4031458 -1.7968943
-3.0853417 -3.4786303 -1.7969028
-3.0005274 -3.5520902 -1.7969112
-2.9139354 -3.6234875 -1.7969199
-2.8256543 -3.6927712 -1.7969289
-2.7357421 -3.7599032 -1.7969378
-2.6442187 -3.824847 -1.7969471
-2.4566016 -3.9480209 -1.796966
-2.2632811 -4.0620017 -1.7969851
-2.0646582 -4.1665196 -1.7970049
-1.8612499 -4.2613368 -1.7970252
-1.7578027 -4.3049922 -1.7970355
-1.6534765 -4.346231 -1.7970458
-1.441875 -4.4210043 -1.7970669
-1.2268847 -4.4854803 -1.7970883
-0.89920896 -4.5625644 -1.7971206
-0.78884763 -4.5829639 -1.7971314
-0.56679684 -4.6157455 -1.7971535
-0.23139648 -4.6447396 -1.7971865
0.2173828 -4.6455321 -1.7972305
0.66415036 -4.6030641 -1.7972742
0.77506834 -4.585721 -1.7972851
0.88549805 -4.5657086 -1.7972959
0.99542969 -4.5430374 -1.7973067
1.1047753 -4.5177207 -1.7973173
1.2134961 -4.4897718 -1.797328
1.5351269 -4.3902984 -1.7973592
1.6406446 -4.3519998 -1.7973695
1.9512109 -4.221983 -1.7973998
2.4452929 -3.9565091 -1.7974474
2.6334081 -3.8339429 -1.7974654
2.9039061 -3.6334441 -1.7974916
2.9907715 -3.5623217 -1.7974998
3.0758886 -3.4891284 -1.797508
3.1591797 -3.4139028 -1.797516
3.2406542 -3.3366802 -1.7975237
3.547246 -3.0088315 -1.7975529
3.88375 -2.559968 -1.7975847
4.0027537 -2.3696108 -1.7975957
4.0587988 -2.2723303 -1.797601
2.8020215 -0.77256531 -1.1232445
3.2575195 -0.73105222 -1.2901834
4.6284471 -0.46480405 -1.7976516
4.6383204 -0.35297424 -1.7976524
4.6516991 -0.016512452 -1.7976527
4.6470704 0.20795348 -1.7976516
4.6316113 0.43194395 -1.7976494
4.5882225 0.7658661 -1.7976441
4.5683885 0.87636352 -1.7976419
3.1873436 0.77256531 -1.2674156
2.8816991 0.77256531 -1.1529614
2.6265526 0.7725659 -1.0580308
4.0747752 2.2434556 -1.7975894
3.9617772 2.4374402 -1.7975777
3.4203613 3.1522272 -1.7975225
3.3432617 3.2338457 -1.7975148
3.1833007 3.3913586 -1.7974986
3.1004882 3.4671752 -1.7974902
2.4610155 3.5290082 -1.6626525
2.349951 3.5493188 -1.6450162
2.086992 3.7099547 -1.6449898
1.9968359 3.7592211 -1.6449809
1.9055078 3.8062925 -1.6449718
1.8131055 3.8511474 -1.6449625
1.3362793 4.0412855 -1.6449151
1.2383496 4.072329 -1.6449056
1.1397265 4.1010046 -1.6448958
0.94049805 4.1511693 -1.644876
0.43390623 4.2340722 -1.6448261
-0.48873046 4.2278528 -1.6447353
-0.99410152 4.1381454 -1.644686
-1.3883203 4.022965 -1.6446476
-1.76958 3.8703234 -1.6446105
-1.8624609 3.8264744 -1.6446016
-2.0448828 3.7321105 -1.6445841
-2.1343749 3.6816533 -1.6445754
-2.2225976 3.6290562 -1.6445668
-2.3130956 3.5799181 -1.6471233
-2.9551365 3.549171 -1.7847773
-3.1441112 3.4255157 -1.7968769
-3.2258692 3.3486187 -1.7968692
-3.3836424 3.1890416 -1.796854
-3.459619 3.1064446 -1.7968469
-3.871582 2.5746472 -1.796808
-3.9325683 2.4804606 -1.7968022
-4.0476561 2.2878063 -1.7967916
-4.374629 1.5746239 -1.7967614
-4.445498 1.3617084 -1.7967551
-4.4770508 1.2540313 -1.7967523
-4.5060058 1.1456238 -1.7967497
-4.5323339 1.0365466 -1.7967476
-4.6241307 0.48338988 -1.7967401
-4.6454978 -0.18894775 -1.7967399
-4.6056542 -0.63584471 -1.7967451
-4.5696287 -0.85733151 -1.7967494
-4.4657421 -1.293819 -1.7967608
-4.4332128 -1.401213 -1.7967644
-4.3981247 -1.5077908 -1.796768
-3.8485546 -2.6090159 -1.7968252
-3.5065722 -3.0533936 -1.7968602
-3.431875 -3.1371386 -1.7968676
-3.2765331 -3.2991064 -1.7968835
-3.1135645 -3.4533889 -1.7968998
-2.9433203 -3.5996425 -1.7969171
-2.8556249 -3.6696401 -1.7969259
-2.6752441 -3.8031905 -1.7969439
-2.582705 -3.8666589 -1.7969532
-2.3931541 -3.9868152 -1.7969722
-2.2962596 -4.0434341 -1.7969819
-2.1980469 -4.0976892 -1.7969917
-2.0985155 -4.1495652 -1.7970016
-1.9977636 -4.1990213 -1.7970117
-1.8958789 -4.2460332 -1.7970217
-1.7928808 -4.290575 -1.7970321
-1.6888086 -4.3326206 -1.7970424
-1.5837694 -4.3721385 -1.7970529
-1.4778028 -4.4091105 -1.7970634
-1.2633593 -4.4753337 -1.7970846
-1.155 -4.5045462 -1.7970953
-0.71544921 -4.5950131 -1.7971388
-0.38118163 -4.6348157 -1.7971717
-0.26921874 -4.6426921 -1.7971827
-0.1570996 -4.6478648 -1.7971938
-0.044882812 -4.6503325 -1.7972049
0.067333981 -4.6500897 -1.7972158
0.17956054 -4.6471395 -1.7972268
0.29162109 -4.6414905 -1.7972379
0.62666988 -4.6083064 -1.7972707
0.7376855 -4.5918722 -1.7972815
0.95842773 -4.5509844 -1.7973031
1.0679785 -4.526557 -1.7973138
1.1768945 -4.4994936 -1.7973243
1.3926464 -4.4375157 -1.7973454
1.4993457 -4.4026408 -1.7973558
1.6051464 -4.3652024 -1.797366
1.7100586 -4.3252225 -1.7973762
1.9167578 -4.2377191 -1.7973963
2.1190331 -4.1403456 -1.7974159
2.4129393 -3.9763005 -1.7974442
2.5081835 -3.9169393 -1.7974534
2.6020997 -3.8552489 -1.7974626
2.9616699 -3.5865457 -1.797497
3.0473731 -3.5140474 -1.7975053
3.131289 -3.4394994 -1.7975132
3.371953 -3.2040114 -1.7975363
3.5226367 -3.0376043 -1.7975507
3.6651366 -2.8641171 -1.797564
3.7990918 -2.6839604 -1.7975767
3.9833202 -2.4021137 -1.797594
2.9877245 -0.7725659 -1.192582
4.5545115 -0.94587523 -1.7976458
4.5760155 -0.83568907 -1.7976477
4.6245017 -0.50246823 -1.7976515
4.6433692 -0.27875 -1.7976526
4.6487498 -0.16661438 -1.7976528
4.6486034 0.17011657 -1.7976518
4.6241016 0.50596315 -1.7976484
4.6105661 0.61740476 -1.7976468
4.5943065 0.72848815 -1.797645
4.5537891 0.94931453 -1.7976402
2.9784374 0.77256531 -1.1891075
3.7970214 2.6867981 -1.7975608
3.7310643 2.7776372 -1.7975541
3.5203123 3.0402312 -1.7975326
3.3695018 3.2065239 -1.7975173
3.2911034 3.2868903 -1.7975094
3.1286621 3.4418249 -1.797493
2.7582226 3.5148175 -1.7265987
2.3857422 3.5404503 -1.6498542
2.2056055 3.6407025 -1.6450018
2.1171191 3.6928473 -1.6449929
1.7512695 3.8796375 -1.6449565
1.6571192 3.9207482 -1.6449471
1.4660058 3.9960899 -1.6449281
1.3691406 4.030282 -1.6449184
1.2714746 4.0621252 -1.6449087
1.1730762 4.0916004 -1.6448991
1.0739746 4.1186924 -1.6448892
0.97425777 4.1433864 -1.6448795
0.87397456 4.1656642 -1.6448694
0.67195308 4.2029309 -1.6448495
0.5703125 4.2178979 -1.6448394
0.36615235 4.240449 -1.6448193
0.26370117 4.2480259 -1.6448092
0.16109374 4.2531285 -1.6447991
-0.044287108 4.2558899 -1.644779
-0.14698242 4.2535558 -1.644769
-0.24958985 4.248745 -1.6447588
-0.35204101 4.2414598 -1.6447488
-0.45428711 4.2317014 -1.6447387
-0.75921875 4.1876721 -1.644709
-0.86003906 4.1681056 -1.6446991
-1.0601465 4.1217027 -1.6446795
-1.4524902 4.0002332 -1.6446414
-1.8312402 3.8415172 -1.6446046
-2.1929004 3.6470354 -1.6445696
-2.2803223 3.5930309 -1.6445613
-3.116123 3.4509997 -1.7968795
-3.1984863 3.3747833 -1.7968718
-3.357578 3.2164965 -1.7968565
-3.4341991 3.1345129 -1.7968494
-3.5088282 3.0507116 -1.7968421
-3.5814159 2.965131 -1.7968353
-3.850498 2.6060827 -1.7968099
-3.9122558 2.5123956 -1.7968042
-4.4666991 1.2904352 -1.7967532
-4.4965234 1.1822637 -1.7967505
-4.5237303 1.0734088 -1.7967482
-4.6061325 0.63236696 -1.7967415
-4.6312594 0.40938172 -1.7967396
-4.6237693 -0.48688719 -1.7967429
-4.6106739 -0.59832764 -1.7967445
-4.5949216 -0.7094214 -1.7967465
-4.5764551 -0.82010067 -1.7967486
-4.5315623 -1.0399688 -1.7967536
-3.989502 -2.3878577 -1.7968107
-3.4572754 -3.1090953 -1.7968652
-3.3812792 -3.1916325 -1.7968729
-3.3032713 -3.2723184 -1.7968807
-3.0579295 -3.5027566 -1.7969055
-2.9725585 -3.5755498 -1.7969142
-2.7061327 -3.7812784 -1.7969409
-2.6141014 -3.8455021 -1.79695
-2.4255371 -3.9671948 -1.7969689
-2.2313182 -4.0796542 -1.7969884
-2.1322167 -4.1323371 -1.7969983
-1.8277344 -4.2758284 -1.7970287
-1.6193066 -4.3590875 -1.7970494
-1.5136523 -4.3969235 -1.7970598
-1.299746 -4.4648895 -1.797081
-0.97335935 -4.5473022 -1.7971133
-0.86333984 -4.5694947 -1.7971241
-0.64186519 -4.6058879 -1.7971461
-0.41889647 -4.631547 -1.7971681
-0.19492187 -4.6464229 -1.7971901
0.029492186 -4.6504741 -1.7972121
1.0310937 -4.5350947 -1.7973101
1.1402246 -4.5089149 -1.7973208
1.2487109 -4.480113 -1.7973313
1.3564746 -4.4487014 -1.7973418
1.4634374 -4.4146967 -1.7973523
1.5695605 -4.3781199 -1.7973627
1.6747851 -4.3389897 -1.7973728
1.882207 -4.2531757 -1.797393
2.4763281 -3.9371784 -1.7974504
2.5706153 -3.8763027 -1.7974595
2.8443553 -3.6802328 -1.7974858
2.9323437 -3.610539 -1.7974942
3.0186522 -3.5387323 -1.7975025
3.1858983 -3.3889916 -1.7975184
3.3457422 -3.2313511 -1.7975336
3.4978027 -3.0661769 -1.7975482
3.7104785 -2.8051436 -1.7975683
3.7770996 -2.7147951 -1.7975745
3.8415332 -2.6228652 -1.7975807
3.9636524 -2.4344702 -1.7975922
2.8904102 -0.7725659 -1.1562132
3.197871 -0.77256531 -1.2713716
4.54667 -0.98292053 -1.7976452
4.6508203 -0.09224426 -1.7976528
4.6516795 0.02001892 -1.7976526
4.6453028 0.24444152 -1.7976513
4.6380467 0.35647094 -1.7976502
4.6154199 0.57985348 -1.7976474
3.0814257 0.7725659 -1.2276781
2.7937987 0.77256471 -1.1201825
2.5523436 0.77256471 -1.0305488
4.0570312 2.275382 -1.7975875
3.8187695 2.6558037 -1.7975631
3.6861522 2.8369446 -1.7975496
3.5449414 3.011477 -1.7975352
3.3954883 3.1789844 -1.7975199
3.0732031 3.4914136 -1.7974875
2.671699 3.5190442 -1.707464
2.4234765 3.5340166 -1.6559942
2.3219922 3.5676563 -1.6450133
2.1470995 3.6754973 -1.644996
1.8755664 3.8211291 -1.6449689
1.7828125 3.8652587 -1.6449596
1.6889941 3.9071362 -1.6449503
1.4984765 3.9840307 -1.6449313
1.4018945 4.0190086 -1.6449217
1.3044921 4.0516491 -1.6449121
0.90786129 4.1584191 -1.6448727
0.70615232 4.19733 -1.6448529
0.60463864 4.2131214 -1.6448427
0.29827148 4.2457471 -1.6448126
-0.0096484376 4.2561207 -1.6447824
-0.11234375 4.2546215 -1.6447723
-0.21499023 4.2506442 -1.6447623
-0.41981444 4.235271 -1.6447421
-0.52190429 4.223877 -1.6447321
-0.62367189 4.2100267 -1.6447222
-0.72508788 4.1937232 -1.6447123
-0.82608396 4.1749792 -1.6447024
-0.92660153 4.1538038 -1.6446927
-1.1259277 4.1042051 -1.6446731
-1.2246387 4.0758152 -1.6446635
-1.3226367 4.0450501 -1.644654
-1.4198437 4.0119324 -1.6446446
-1.5162598 3.9764745 -1.6446351
-1.7063378 3.8986413 -1.6446168
-2.2509961 3.6114843 -1.644564
-3.0225976 3.1358178 -1.7968897
-3.0973828 3.0619507 -1.7968826
-3.2414942 2.9089117 -1.7968688
-4.1645212 1.2743317 -1.796783
-4.2679296 0.86697876 -1.7967739
-4.3047853 0.66003358 -1.7967709
-4.3316307 0.45155028 -1.7967689
-4.3483691 0.24201904 -1.7967678
-4.355 0.031921998 -1.7967678
-4.3544922 -0.073180541 -1.7967682
-4.3458786 -0.2832025 -1.7967696
-4.3377833 -0.38800108 -1.7967707
-4.2983789 -0.70078671 -1.7967755
-4.2595701 -0.90737242 -1.7967799
-4.2364259 -1.0099053 -1.7967825
-4.1193943 -1.4135571 -1.7967951
-3.8231347 -2.0861084 -1.7968262
-3.2138183 -2.9395199 -1.7968886
-3.0682714 -3.0911942 -1.7969034
-2.8366406 -3.3051019 -1.7969267
-2.6738963 -3.4381545 -1.7969431
-2.5901465 -3.5016961 -1.7969514
-2.5049121 -3.5632007 -1.79696
-2.4182129 -3.6226301 -1.7969687
-2.3300781 -3.6799514 -1.7969775
-2.0577929 -3.8389306 -1.7970047
-1.9645703 -3.8874893 -1.797014
-1.7747265 -3.9777973 -1.7970328
-1.5807421 -4.0588412 -1.7970523
-1.4823437 -4.0958276 -1.797062
-1.3830762 -4.1304307 -1.7970718
-0.97853512 -4.2446098 -1.797112
-0.87583005 -4.2670116 -1.797122
-0.77259761 -4.2869291 -1.7971323
-0.46044922 -4.3316631 -1.797163
-0.2509082 -4.3488846 -1.7971836
-0.14589843 -4.3536983 -1.797194
-0.04080078 -4.3559785 -1.7972044
0.16944335 -4.3529234 -1.797225
0.48390624 -4.3293352 -1.7972559
0.58826172 -4.3164234 -1.797266
0.69224608 -4.3009944 -1.7972763
0.79583985 -4.283061 -1.7972864
0.8989746 -4.2626319 -1.7972964
1.0015918 -4.2397184 -1.7973065
1.1036328 -4.2143378 -1.7973164
1.305703 -4.1562257 -1.7973361
1.4056152 -4.123529 -1.7973456
1.5047363 -4.0884314 -1.7973554
1.9860156 -3.8776577 -1.797402
2.0790038 -3.8286223 -1.797411
2.2613573 -3.7238851 -1.7974287
2.5248535 -3.5505927 -1.797454
2.6097949 -3.4886436 -1.7974622
2.6932323 -3.4246614 -1.7974702
2.7751172 -3.358685 -1.797478
2.9339843 -3.2208993 -1.7974932
3.010869 -3.1491683 -1.7975006
3.0860155 -3.0756056 -1.7975078
3.1593359 -3.0002496 -1.7975148
3.3004394 -2.8443348 -1.7975281
3.4338672 -2.6817932 -1.7975409
3.5592871 -2.5130022 -1.7975526
3.6764061 -2.338352 -1.7975636
3.7317967 -2.2489591 -1.7975688
3.7849705 -2.1582491 -1.7975738
2.718545 -0.77256531 -1.1659873
2.9912889 -0.7725659 -1.2745938
4.2438183 -0.98745728 -1.7976155
4.3041501 -0.67787045 -1.7976205
4.354238 0.1606079 -1.7976229
4.3312106 0.47517395 -1.7976197
4.3032227 0.68360412 -1.7976164
4.2854686 0.78725159 -1.7976145
4.2652245 0.89044005 -1.7976121
4.2424803 0.9931097 -1.7976096
2.7048242 0.77256531 -1.1605469
3.6732714 2.3432305 -1.7975497
3.6156249 2.4311817 -1.7975438
3.4941015 2.6027868 -1.7975314
3.4302537 2.6863434 -1.7975248
3.2966211 2.8487072 -1.7975112
3.2268944 2.9274175 -1.7975042
3.155293 3.004425 -1.7974969
3.0066407 3.1531427 -1.7974818
2.8509667 3.2945154 -1.7974663
2.6886523 3.4282086 -1.7974499
2.6051269 3.4920764 -1.7974415
2.4876366 3.5081248 -1.7742779
2.0221679 3.529588 -1.6782387
1.913711 3.535429 -1.658568
1.8128515 3.5512109 -1.6449635
1.5511426 3.6729901 -1.6449374
1.4620702 3.7093346 -1.6449286
1.3721288 3.7435155 -1.6449195
1.1898828 3.8053186 -1.6449015
0.62829101 3.937058 -1.644846
0.53309572 3.9510498 -1.6448365
0.43757811 3.9627428 -1.6448272
0.34182617 3.9721239 -1.6448178
0.14976563 3.9839451 -1.6447989
-0.042636719 3.9864855 -1.6447799
-0.13881835 3.984271 -1.6447705
-0.33090821 3.9728868 -1.6447517
-0.61742187 3.938468 -1.6447237
-0.90070313 3.883419 -1.644696
-0.99416989 3.860532 -1.6446868
-1.0870312 3.8353941 -1.6446776
-1.1792675 3.8080237 -1.6446688
-1.2708203 3.7784362 -1.6446599
-1.7163769 3.5978789 -1.6446166
-1.8106933 3.5711956 -1.6519188
-2.5947948 3.4981995 -1.7969307
-2.6784472 3.4345484 -1.7969226
-2.7605567 3.3688946 -1.7969148
-2.8410156 3.301281 -1.7969069
-4.2377539 1.0042535 -1.7967765
-4.2992773 0.69505733 -1.7967714
-4.3278027 0.4867987 -1.7967693
-4.3462596 0.27741149 -1.796768
-4.3516893 0.1724475 -1.7967677
-4.3545899 0.067377321 -1.7967677
-4.3549314 -0.03772705 -1.796768
-4.3527536 -0.14281616 -1.7967687
-4.3480468 -0.24781494 -1.7967694
-4.2667871 -0.87266719 -1.7967792
-4.2445116 -0.97538388 -1.7967815
-4.2197361 -1.0775311 -1.7967843
-4.1925097 -1.1790515 -1.7967874
-4.1628513 -1.2798834 -1.7967906
-4.1307521 -1.3799719 -1.7967939
-3.1664062 -2.990551 -1.7968935
-2.9417968 -3.2118196 -1.796916
-2.7834375 -3.3500562 -1.796932
-2.7017968 -3.4162664 -1.7969403
-2.6185741 -3.4804883 -1.7969487
-2.5338182 -3.5426784 -1.796957
-2.3599706 -3.6608531 -1.7969744
-2.270957 -3.7167547 -1.7969835
-2.1805956 -3.7704995 -1.7969924
-1.9961523 -3.8713622 -1.7970109
-1.9021679 -3.918426 -1.7970202
-1.8070312 -3.9632094 -1.7970297
-1.7108886 -4.0056858 -1.7970393
-1.6137304 -4.0458307 -1.7970489
-1.3168359 -4.1520371 -1.7970784
-1.1149805 -4.2107878 -1.7970984
-0.91052735 -4.2597308 -1.7971187
-0.59999025 -4.3145146 -1.7971493
-0.49571288 -4.3277626 -1.7971596
-0.39111328 -4.33849 -1.7971699
-0.18133789 -4.3523598 -1.7971905
-0.076240234 -4.3554931 -1.7972009
0.028896485 -4.3560891 -1.7972113
0.13400391 -4.3541498 -1.7972215
0.76093751 -4.2893882 -1.7972829
0.86423826 -4.2697992 -1.7972931
1.2718066 -4.1667085 -1.7973328
1.3719823 -4.1348271 -1.7973425
1.4713867 -4.1005373 -1.7973521
1.667539 -4.0248084 -1.7973711
2.2309473 -3.7421663 -1.7974256
2.4089355 -3.6301947 -1.7974429
2.5813282 -3.5097668 -1.7974595
2.8284862 -3.3138802 -1.7974832
2.9076562 -3.2446718 -1.7974908
2.9851172 -3.1735711 -1.7974981
3.0608494 -3.1006196 -1.7975053
3.134795 -3.0258639 -1.7975125
3.2069139 -2.9493444 -1.7975193
3.2771776 -2.8711071 -1.7975259
3.3455272 -2.7911928 -1.7975324
3.4763281 -2.6265368 -1.7975448
3.5387108 -2.5418909 -1.7975507
3.7672851 -2.1889901 -1.7975721
3.8190234 -2.097445 -1.7975769
2.636709 -0.77256531 -1.1335516
4.2590623 -0.91946167 -1.7976167
4.2800097 -0.81641358 -1.7976185
4.2984862 -0.71289062 -1.7976201
4.3144236 -0.60894716 -1.7976213
4.338789 -0.40006346 -1.7976232
4.3554101 0.12515564 -1.7976232
4.3511133 0.23022461 -1.7976224
4.3442869 0.33516052 -1.7976214
4.3349314 0.4398993 -1.7976202
4.3230467 0.54438353 -1.7976189
4.3086424 0.6485498 -1.797617
4.291738 0.75233579 -1.7976151
2.7906542 0.7725659 -1.1946348
2.5496776 0.7725659 -1.0991428
3.7995801 2.1324139 -1.7975627
3.7470019 2.2234833 -1.7975574
3.6922264 2.313252 -1.7975516
3.5151758 2.5742595 -1.7975335
3.3868456 2.7408507 -1.7975204
3.3196874 2.821779 -1.7975135
3.1796582 2.9786432 -1.7974993
3.0322168 3.1285675 -1.7974844
2.9558301 3.2008147 -1.7974768
2.7978907 3.3396826 -1.7974609
2.5293164 3.5060699 -1.7835933
2.4069335 3.5120428 -1.7565635
2.1723242 3.5229731 -1.7075529
1.9495898 3.532675 -1.6646671
1.8463964 3.5453601 -1.6491613
1.7558007 3.5797374 -1.6449577
1.4922167 3.6973162 -1.6449316
1.4025488 3.7322278 -1.6449226
1.2208203 3.7955127 -1.6449046
1.1288671 3.8238463 -1.6448954
0.94304687 3.873817 -1.6448771
0.84925777 3.8954246 -1.6448678
0.66032225 3.9318187 -1.6448491
0.46983397 3.9590552 -1.6448302
0.3741504 3.9692175 -1.6448208
0.18220703 3.9825988 -1.6448021
0.086025387 3.9858153 -1.6447926
-0.10639648 3.9852808 -1.6447737
-0.39440429 3.9670703 -1.6447455
-0.58534181 3.9433715 -1.6447266
-0.86906248 3.890631 -1.6446991
-0.9626953 3.8685045 -1.6446899
-1.0557715 3.8441234 -1.6446807
-1.1482129 3.8175037 -1.6446718
-1.2400098 3.7886608 -1.6446629
-1.3310742 3.7576122 -1.644654
-1.4213476 3.7243786 -1.6446452
-1.6870313 3.6117389 -1.6446195
-1.7765136 3.5756249 -1.6472224
-1.8789843 3.5634074 -1.6620055
-1.9887109 3.5604711 -1.6825372
-2.2164843 3.553853 -1.7279928
-2.3350294 3.550142 -1.7530855
-2.4570215 3.5461438 -1.7798799
-2.5662401 3.5192132 -1.7969334
-2.8934667 3.2554114 -1.7969019
-2.9711523 3.1846263 -1.7968947
-3.1937108 2.9613073 -1.7968735
-4.1096387 1.4415667 -1.7967879
-4.2031345 1.1404846 -1.7967794
-4.2532716 0.93634766 -1.7967752
-4.2934766 0.73003358 -1.7967718
-4.3538866 0.10282715 -1.7967677
-4.3550978 -0.0022735596 -1.7967678
-4.3537693 -0.10737304 -1.7967683
-4.3435349 -0.31732482 -1.79677
-4.3346095 -0.42205077 -1.7967712
-4.323164 -0.52653503 -1.7967726
-4.2927341 -0.73451781 -1.7967763
-4.2523046 -0.94079894 -1.7967807
-4.1731153 -1.2459539 -1.7967894
-4.1418457 -1.3462994 -1.7967927
-4.1081543 -1.4458627 -1.7967963
-3.1906347 -2.9646721 -1.7968909
-2.9678612 -3.1877596 -1.7969134
-2.8900781 -3.2584682 -1.7969214
-2.8106053 -3.3272791 -1.7969292
-2.6468163 -3.4590535 -1.7969458
-2.562578 -3.5219367 -1.7969542
-2.4768653 -3.5827663 -1.7969629
-2.3896875 -3.6415117 -1.7969716
-2.3011229 -3.698138 -1.7969804
-2.211211 -3.7526135 -1.7969894
-2.0275879 -3.8549762 -1.7970077
-1.8392481 -3.9483621 -1.7970265
-1.7434278 -3.9916196 -1.7970361
-1.6466016 -4.0325522 -1.7970457
-1.4501464 -4.1073508 -1.7970653
-1.3505957 -4.1411719 -1.797075
-1.2502735 -4.1725836 -1.797085
-1.1492285 -4.2015638 -1.7970949
-1.0475 -4.2280979 -1.7971051
-0.94516599 -4.2521696 -1.7971153
-0.84227538 -4.2737651 -1.7971253
-0.63511717 -4.3094783 -1.7971458
-0.53090817 -4.3235745 -1.7971562
-0.42642578 -4.3351545 -1.7971663
-0.32167968 -4.3442073 -1.7971768
-0.11169922 -4.3547177 -1.7971973
0.30856445 -4.3453107 -1.7972386
0.4133496 -4.3366237 -1.797249
0.51790041 -4.3254108 -1.7972592
0.6221289 -4.3116784 -1.7972693
0.7259863 -4.2954321 -1.7972795
0.82945311 -4.2766871 -1.7972895
1.0348437 -4.2317309 -1.7973096
1.3382909 -4.1458526 -1.7973391
1.437959 -4.1123719 -1.7973489
1.5367773 -4.0764947 -1.7973585
1.731709 -3.9976366 -1.7973775
1.8276757 -3.9547043 -1.7973868
1.9226074 -3.909467 -1.7973959
2.2004101 -3.7601945 -1.7974228
2.2905371 -3.706018 -1.7974315
2.3792968 -3.6496813 -1.7974401
2.5526464 -3.5306625 -1.7974567
2.6371288 -3.4680483 -1.7974648
2.7200584 -3.4034111 -1.7974728
2.8811328 -3.2682302 -1.7974882
2.9591796 -3.1977649 -1.7974957
3.0355077 -3.1254339 -1.797503
3.1100488 -3.0512822 -1.79751
3.3226757 -2.8183365 -1.7975303
3.5788965 -2.4849832 -1.7975545
3.6946678 -2.3094103 -1.7975652
2.8020117 -0.77256531 -1.1991502
3.0913477 -0.7725659 -1.3146064
4.2732325 -0.851228 -1.7976179
4.3093162 -0.64405274 -1.7976208
4.3513474 -0.2256842 -1.7976238
4.3555174 -0.12061035 -1.7976239
4.3571677 -0.015466918 -1.7976238
4.3528419 0.19478698 -1.7976227
4.3468652 0.29977417 -1.7976218
4.3137794 0.61345273 -1.7976176
4.2977247 0.71737427 -1.7976158
4.2791505 0.82087767 -1.7976136
3.1873436 0.77256531 -1.3530641
2.8816991 0.77256531 -1.2308753
2.6265526 0.7725659 -1.1295307
3.7649608 2.1929071 -1.7975591
3.7109375 2.2831151 -1.7975535
3.6547558 2.3719971 -1.7975478
3.5964258 2.4594939 -1.7975417
3.5360253 2.5455577 -1.7975357
3.3425684 2.7946563 -1.797516
3.1316113 3.0291083 -1.7974944
3.0575683 3.1037848 -1.797487
2.9817772 3.176651 -1.7974794
2.9042284 3.2476709 -1.7974715
2.8250096 3.3167949 -1.7974635
2.7441406 3.3839879 -1.7974554
2.6616504 3.4492064 -1.7974472
2.5714159 3.5039752 -1.7931178
2.4478028 3.5100696 -1.7654849
2.3277538 3.5158098 -1.7396033
1.9864062 3.5311186 -1.6715002
1.8805761 3.540354 -1.6539001
1.7848926 3.5653331 -1.6449606
1.6107812 3.6472619 -1.6449434
1.4329003 3.7206926 -1.6449256
1.3426758 3.7541673 -1.6449167
1.2516894 3.785454 -1.6449076
1.1599609 3.8145373 -1.6448985
0.88096678 3.8883898 -1.6448709
0.78685546 3.9084959 -1.6448616
0.50205076 3.9551048 -1.6448334
0.40644529 3.9660497 -1.644824
-0.26618165 3.9777637 -1.644758
-0.36208984 3.9701586 -1.6447487
-0.64834958 3.9334936 -1.6447206
-0.74308592 3.9166784 -1.6447113
-1.0244434 3.8525989 -1.6446838
-1.1171093 3.8267334 -1.6446748
-1.3909961 3.7358336 -1.6446482
-1.4807324 3.7011578 -1.6446395
-1.6576074 3.6253588 -1.6446223
-1.9514354 3.5614898 -1.6754549
-2.2946484 3.5514245 -1.7444358
-2.4154687 3.5475237 -1.7706449
-2.5375097 3.5399961 -1.7969362
-2.705332 3.4134057 -1.7969199
-2.7869043 3.3471124 -1.7969122
-2.8668358 3.2788677 -1.7969046
-2.9451172 3.2087169 -1.7968971
-3.0216992 3.1366863 -1.7968898
-3.2406445 2.9098449 -1.7968688
-4.1321778 1.3756561 -1.7967858
-4.1641502 1.2755334 -1.796783
-4.1937108 1.1746691 -1.7967803
-4.22084 1.0731219 -1.796778
-4.2454982 0.97094601 -1.7967758
-4.2676759 0.86821163 -1.7967739
-4.2873826 0.76496947 -1.7967722
-4.3046288 0.66127867 -1.7967709
-4.3193064 0.55719543 -1.7967699
-4.3315039 0.45279723 -1.7967689
-4.3411622 0.34813598 -1.7967683
-4.3549805 0.033181153 -1.7967678
-4.3459568 -0.28195068 -1.7967696
-4.3379102 -0.38674742 -1.7967707
-4.314199 -0.59560543 -1.7967737
-4.298574 -0.69954342 -1.7967755
-4.2804294 -0.80307615 -1.7967776
-4.2598243 -0.90614867 -1.7967799
-4.2367187 -1.008684 -1.7967825
-4.2111521 -1.1106366 -1.7967852
-4.1526756 -1.3125354 -1.7967917
-4.1198044 -1.4123703 -1.7967951
-3.8237207 -2.0850005 -1.7968261
-3.0691698 -3.0903063 -1.7969031
-2.8376172 -3.3042803 -1.7969265
-2.7570312 -3.3718188 -1.7969346
-2.331162 -3.6792781 -1.7969774
-2.2416797 -3.7344823 -1.7969863
-2.1509376 -3.7875111 -1.7969954
-1.5819043 -4.0583854 -1.7970521
-1.4835254 -4.0954013 -1.7970619
-1.1833886 -4.19206 -1.7970916
-1.0818847 -4.2194238 -1.7971017
-0.77383786 -4.2867069 -1.7971323
-0.67015624 -4.3041582 -1.7971425
-0.56608397 -4.3191004 -1.7971526
-0.14714843 -4.3536558 -1.7971939
0.48263672 -4.3294749 -1.7972556
0.58700192 -4.3165913 -1.7972659
0.69100583 -4.3011942 -1.7972761
0.89773434 -4.2628903 -1.7972963
1.2037792 -4.1868491 -1.7973262
1.4044238 -4.1239324 -1.7973456
1.5035449 -4.0888615 -1.7973553
1.8906835 -3.9249792 -1.7973928
1.9848731 -3.8782318 -1.797402
2.0779004 -3.8292224 -1.797411
2.2602637 -3.7245369 -1.7974286
2.3495018 -3.6689248 -1.7974371
2.6088085 -3.4893935 -1.7974621
2.7741699 -3.3594828 -1.797478
2.8544238 -3.2915707 -1.7974856
2.933037 -3.2217424 -1.7974932
3.0099511 -3.1500366 -1.7975006
3.1584766 -3.0011601 -1.7975146
3.299619 -2.8452868 -1.797528
3.5585546 -2.5140336 -1.7975526
3.6182032 -2.4274247 -1.7975581
3.7843652 -2.1593401 -1.7975737
2.9877245 -0.7725659 -1.2731742
4.2661424 -0.88598752 -1.7976173
4.2862887 -0.78277707 -1.797619
4.3039451 -0.6791119 -1.7976205
4.3190722 -0.57505065 -1.7976216
4.3316989 -0.4706549 -1.7976224
4.3418064 -0.36598328 -1.7976233
4.3493652 -0.26109985 -1.7976238
4.354404 -0.15606506 -1.7976239
4.3542771 0.15934509 -1.7976229
4.3491697 0.26438719 -1.7976222
4.3415136 0.36926451 -1.7976211
4.3313379 0.47393003 -1.7976197
4.3186231 0.57831419 -1.7976183
4.3034177 0.68236387 -1.7976164
3.7826953 2.1621857 -1.797561
3.7294042 2.2528343 -1.7975554
3.5566308 2.5166907 -1.7975378
3.4310253 2.6853478 -1.7975249
3.365205 2.7673571 -1.7975183
3.2277343 2.9264903 -1.7975042
3.156162 3.0035181 -1.797497
2.9305761 3.2239256 -1.7974741
2.8518944 3.2936938 -1.7974663
2.7716014 3.3615429 -1.7974582
2.6896288 3.4274309 -1.7974499
2.1353028 3.5246305 -1.700178
2.0235059 3.5295324 -1.6784905
1.9149317 3.5352447 -1.6587408
1.8138671 3.550689 -1.6449635
1.5522363 3.6725421 -1.6449375
1.4631348 3.7089124 -1.6449286
1.2824609 3.7751465 -1.6449107
1.0988183 3.8325865 -1.6448926
1.0059766 3.8579638 -1.6448833
0.81866211 3.9019651 -1.6448648
0.6294238 3.9368773 -1.6448462
0.4387207 3.9626172 -1.6448272
0.34296873 3.9720263 -1.6448178
0.1509082 3.9839025 -1.644799
-0.041484375 3.9864976 -1.64478
-0.2337793 3.9798045 -1.6447612
-0.42554685 3.9638426 -1.6447424
-0.52106446 3.9523962 -1.6447331
-0.80560547 3.9042797 -1.6447052
-0.9930566 3.8608191 -1.6446868
-1.0859277 3.8357055 -1.6446779
-1.1781542 3.808363 -1.6446688
-1.2697167 3.7788012 -1.64466
-1.4505371 3.7130957 -1.6446425
-1.5397851 3.6769879 -1.6446338
-1.6280078 3.6387439 -1.6446252
-1.715332 3.598377 -1.6446166
-1.8094726 3.5713549 -1.6517497
-2.0249317 3.559464 -1.6895236
-2.5937891 3.4989495 -1.7969308
-2.6774414 3.4353197 -1.7969227
-2.7595704 3.3696916 -1.7969148
-2.8400586 3.3020995 -1.7969072
-2.9960644 3.1611962 -1.7968922
-3.2168651 2.9361339 -1.7968712
-4.1840134 1.2087696 -1.7967811
-4.2374706 1.0054773 -1.7967765
-4.2990818 0.69629943 -1.7967714
-4.3146286 0.59234798 -1.7967701
-4.3276658 0.48805359 -1.7967693
-4.3549609 -0.036474608 -1.796768
-4.348125 -0.24655822 -1.7967694
-4.3409081 -0.35142028 -1.7967703
-4.331162 -0.45607239 -1.7967715
-4.3041015 -0.66452575 -1.7967749
-4.2868357 -0.76820374 -1.7967769
-4.2447658 -0.9741534 -1.7967815
-4.2200389 -1.076308 -1.7967843
-3.2384667 -2.9123256 -1.7968861
-3.1672657 -2.989635 -1.7968932
-3.0942187 -3.0652156 -1.7969006
-3.0193651 -3.1390038 -1.7969083
-2.9427342 -3.2109704 -1.796916
-2.7844238 -3.3492501 -1.7969319
-2.3610156 -3.6601717 -1.7969744
-2.2720118 -3.7161019 -1.7969832
-2.1816797 -3.7698691 -1.7969923
-2.0900781 -3.8214388 -1.7970015
-1.7120508 -4.0051932 -1.7970392
-1.5168262 -4.0831785 -1.7970586
-1.4178613 -4.1186171 -1.7970685
-1.3180566 -4.15166 -1.7970784
-1.2174706 -4.182281 -1.7970883
-0.80870116 -4.2802558 -1.7971287
-0.60124022 -4.3143401 -1.7971492
-0.39237303 -4.338376 -1.7971698
-0.28757811 -4.3466086 -1.7971802
-0.18259765 -4.3523068 -1.7971903
0.23779297 -4.3497419 -1.7972317
0.3426953 -4.3427606 -1.7972419
0.55183595 -4.3212185 -1.7972625
0.65596676 -4.3066669 -1.7972726
0.75969726 -4.289607 -1.7972828
1.0680468 -4.2234812 -1.7973129
1.2706054 -4.1670756 -1.7973325
1.4702051 -4.1009626 -1.7973521
1.5687695 -4.0643077 -1.7973616
1.6663769 -4.0252857 -1.797371
1.7630371 -3.9839208 -1.7973804
2.04667 -3.846004 -1.797408
2.2298729 -3.74281 -1.7974256
2.3195605 -3.6879244 -1.7974342
2.4948339 -3.5717459 -1.7974511
2.6642773 -3.4472399 -1.7974675
2.984199 -3.174433 -1.7974981
3.1339159 -3.0267694 -1.7975123
3.2763476 -2.8720534 -1.7975259
3.3447168 -2.792161 -1.7975323
3.4111133 -2.7106421 -1.7975388
3.4755762 -2.6275465 -1.7975447
3.5379686 -2.5429163 -1.7975507
3.6565526 -2.3692603 -1.7975618
3.7126951 -2.2803361 -1.7975669
3.8184373 -2.0985427 -1.7975769
2.6338866 -0.77256531 -1.1324332
2.8904102 -0.7725659 -1.2343471
4.3142381 -0.61019039 -1.7976213
4.3277345 -0.50590146 -1.7976223
4.3386817 -0.4013159 -1.7976232
4.3571677 0.018751221 -1.7976238
4.3511815 0.228963 -1.7976224
4.3443847 0.33390075 -1.7976214
4.3350487 0.43864319 -1.7976202
4.3088279 0.64730954 -1.797617
4.2725682 0.85445553 -1.7976129
4.2507029 0.95731258 -1.7976104
2.5523338 0.77256471 -1.100191
3.8001757 2.1313207 -1.7975628
3.747617 2.2224016 -1.7975574
3.6359961 2.4006219 -1.7975459
3.576992 2.4876561 -1.7975398
3.5159178 2.5732458 -1.7975335
3.4527733 2.6573339 -1.7975271
3.3876464 2.7398717 -1.7975205
3.2514746 2.9001153 -1.7975067
3.0331054 3.1276953 -1.7974845
2.530791 3.5059984 -1.7839274
2.4083691 3.5119731 -1.756876
2.1736913 3.5229101 -1.7078276
1.7568359 3.5792279 -1.6449579
1.5820702 3.6597912 -1.6449405
1.4953418 3.7023191 -1.6473503
1.403623 3.7318237 -1.6449227
1.3131542 3.7645874 -1.6449138
1.2219238 3.7951598 -1.6449047
1.1299804 3.8235204 -1.6448956
0.94416016 3.8735461 -1.6448771
0.85039061 3.8951781 -1.6448678
0.75614256 3.9145458 -1.6448587
0.47097656 3.9589183 -1.6448305
0.37528318 3.9691112 -1.6448209
0.27939454 3.9769886 -1.6448115
0.18333983 3.9825499 -1.6448021
0.087177731 3.985791 -1.6447928
-0.0090332031 3.9867125 -1.6447833
-0.20136718 3.9815855 -1.6447644
-0.29740232 3.9755445 -1.6447549
-0.58420897 3.9435425 -1.6447269
-0.7738086 3.9107189 -1.6447084
-0.86793941 3.8908837 -1.6446991
-1.0546679 3.8444273 -1.6446809
-1.2389257 3.7890196 -1.6446631
-1.420293 3.7247899 -1.6446453
-1.5097461 3.6894085 -1.6446366
-1.5983789 3.6518829 -1.644628
-1.6860058 3.6122277 -1.6446196
-1.8777148 3.5634429 -1.6617671
-1.987373 3.5605071 -1.6822834
-2.099746 3.5573308 -1.7042338
-2.7676172 3.0135589 -1.7969151
-2.8395312 2.9458818 -1.7969083
-2.9097557 2.8764868 -1.7969015
-3.9122851 1.1971465 -1.796808
-3.9886131 0.9109863 -1.7968012
-4.0279298 0.71746945 -1.7967979
-4.0578513 0.52227724 -1.7967956
-4.085 0.22736083 -1.7967938
-4.0907321 -0.068748169 -1.7967941
-4.0878906 -0.16745178 -1.7967947
-4.0826564 -0.26605162 -1.7967955
-4.0650783 -0.46273619 -1.7967978
-4.0527439 -0.5607025 -1.7967993
-4.020957 -0.75559998 -1.796803
-4.0015721 -0.85241634 -1.796805
-3.9798338 -0.94873536 -1.7968075
-3.869873 -1.3279413 -1.7968194
-2.8115332 -2.9726813 -1.7969282
-2.7389746 -3.0396807 -1.7969356
-2.4332714 -3.289588 -1.7969662
-2.2717187 -3.403194 -1.7969824
-2.1889453 -3.4570427 -1.7969908
-2.1048827 -3.5088778 -1.7969992
-1.6672266 -3.7368405 -1.7970428
-1.576543 -3.7760081 -1.7970518
-1.4849902 -3.8129723 -1.797061
-1.2992969 -3.8802233 -1.7970793
-0.82276368 -4.0085235 -1.7971265
-0.72580075 -4.0272336 -1.7971361
-0.62839842 -4.0435967 -1.7971456
-0.53061521 -4.0576072 -1.7971554
-0.13704102 -4.0899487 -1.7971941
0.060458984 -4.0918436 -1.7972136
0.25782225 -4.0842056 -1.797233
0.45458984 -4.0670538 -1.7972522
0.55260742 -4.0549207 -1.7972617
0.65030271 -4.0404263 -1.7972714
0.74763668 -4.0235777 -1.7972808
1.3204492 -3.8737025 -1.7973367
1.4135547 -3.8407295 -1.7973456
1.6877344 -3.7284622 -1.7973722
2.0392871 -3.5484924 -1.7974063
2.2081542 -3.4459927 -1.7974226
2.2906835 -3.391717 -1.7974305
2.371875 -3.3354654 -1.7974383
2.4516699 -3.2772684 -1.7974461
2.5300684 -3.2171645 -1.7974535
2.8284471 -2.958358 -1.7974821
2.8990135 -2.8892519 -1.7974888
3.0350683 -2.7460289 -1.7975018
3.1004784 -2.6719949 -1.797508
3.1640527 -2.5964012 -1.797514
3.2856641 -2.440726 -1.7975256
3.3436131 -2.3607333 -1.7975309
3.3996289 -2.2793646 -1.7975363
3.5556543 -2.0274756 -1.7975509
2.7185352 -0.7725659 -1.2411778
4.0078907 -0.83114743 -1.7975918
4.0267868 -0.73418456 -1.7975934
4.0433497 -0.63679683 -1.7975947
4.057529 -0.53903502 -1.7975957
4.0693455 -0.44095945 -1.7975967
4.0858884 -0.24409789 -1.7975978
4.0929003 -0.046666868 -1.7975979
4.0928416 0.052120361 -1.7975976
4.0855665 0.24954101 -1.7975962
4.0783591 0.34806272 -1.7975954
4.056787 0.54444152 -1.7975926
4.0424705 0.6421814 -1.7975909
3.98541 0.93293393 -1.7975845
2.9749024 0.77256531 -1.3498265
2.7048242 0.77256531 -1.2353872
3.5529101 2.0321991 -1.7975388
3.3965721 2.2838726 -1.7975227
3.1605566 2.6005969 -1.7974986
2.9641211 2.822387 -1.7974786
2.8244433 2.9620953 -1.7974646
2.7521386 3.0293841 -1.7974572
2.6027441 3.1586223 -1.7974421
2.5257518 3.2204981 -1.7974344
2.3673925 3.3385859 -1.7974185
2.2035449 3.4488916 -1.7974021
2.1196191 3.5010517 -1.7973938
2.0117188 3.5113389 -1.7772276
1.2982812 3.5420465 -1.6567607
1.1178027 3.574774 -1.6448951
1.0312109 3.6006916 -1.6448865
0.94401366 3.6245074 -1.6448779
0.85620117 3.6462152 -1.6448692
0.59176755 3.7077813 -1.648953
0.50078124 3.7116864 -1.644834
0.32113281 3.7314892 -1.6448164
-0.040078126 3.7449841 -1.6447809
-0.13041015 3.7429075 -1.6447721
-0.40082031 3.7236035 -1.6447455
-1.1078223 3.5773485 -1.6446764
-1.2932519 3.5586236 -1.6628519
-1.4896874 3.5546551 -1.692652
-1.5905664 3.5523632 -1.7093446
-1.6934863 3.5498505 -1.7273028
-1.9058594 3.5441265 -1.7672566
-2.0157616 3.5408983 -1.7893885
-2.2762108 3.4001274 -1.7969623
-2.3576171 3.3441913 -1.7969545
-2.4376171 3.2863054 -1.7969466
-2.5933204 3.1648369 -1.7969317
-2.8154395 2.9689057 -1.7969105
-2.8862696 2.9000835 -1.7969038
-3.8716307 1.3227801 -1.7968115
-3.9024119 1.2289575 -1.7968087
-3.9309278 1.1344244 -1.7968063
-3.9571483 1.0392292 -1.796804
-3.9810741 0.94342953 -1.7968019
-4.0026855 0.8470813 -1.7968
-4.0534763 0.555296 -1.796796
-4.0656934 0.45731628 -1.796795
-4.0830274 0.26061097 -1.7967939
-4.0881152 0.16200195 -1.7967936
-4.0908399 0.063295893 -1.7967936
-4.0911717 -0.035443116 -1.7967939
-4.0846972 -0.23280577 -1.7967951
-4.0778708 -0.33131287 -1.7967961
-4.0687108 -0.42962402 -1.7967973
-4.0083594 -0.81981319 -1.7968043
-3.987412 -0.91630733 -1.7968068
-3.9641502 -1.0122675 -1.7968092
-3.9385741 -1.1076385 -1.7968121
-2.7636328 -3.0172734 -1.7969329
-2.6148241 -3.1471386 -1.7969481
-2.4599512 -3.2696674 -1.7969636
-2.3803515 -3.3280907 -1.7969716
-2.2993457 -3.3845837 -1.7969797
-2.2170117 -3.4391022 -1.7969879
-2.1333692 -3.4916191 -1.7969962
-2.0484862 -3.5421062 -1.7970048
-1.9624413 -3.5905254 -1.7970134
-1.8752148 -3.6368556 -1.7970221
-1.7869238 -3.6810672 -1.7970309
-1.3308399 -3.8695107 -1.7970762
-1.2370703 -3.9005187 -1.7970855
-1.1425879 -3.9292586 -1.7970948
-1.0474316 -3.9557102 -1.7971044
-0.95166987 -3.9798558 -1.7971138
-0.75853515 -4.0211844 -1.7971328
-0.66129881 -4.038342 -1.7971425
-0.46566406 -4.0655894 -1.7971618
-0.17035156 -4.0886912 -1.7971908
-0.071640626 -4.0916343 -1.7972006
0.027138671 -4.0921926 -1.7972102
0.22458008 -4.0861616 -1.7972295
0.42146483 -4.0706134 -1.797249
0.51957029 -4.0592799 -1.7972586
0.61739254 -4.0455804 -1.7972682
0.71483397 -4.0295224 -1.7972777
1.0044824 -3.9673173 -1.7973058
1.0999511 -3.941942 -1.7973151
1.3822266 -3.852103 -1.7973427
1.4747949 -3.8176446 -1.7973516
1.5665039 -3.7809625 -1.7973605
2.0103223 -3.5649707 -1.7974036
2.0957909 -3.5154359 -1.7974118
2.1800096 -3.4638512 -1.7974199
2.3446386 -3.3546572 -1.7974358
2.5812011 -3.176296 -1.7974584
2.7314844 -3.0480776 -1.7974728
2.8042481 -2.9812829 -1.7974799
3.0785937 -2.6971428 -1.7975059
3.2051659 -2.5454733 -1.797518
3.2656834 -2.4673882 -1.7975236
3.3809569 -2.3069608 -1.7975345
3.4356639 -2.2247069 -1.7975396
3.9789746 -0.9600482 -1.7975894
4.0206738 -0.76694393 -1.7975929
4.0529981 -0.57204896 -1.7975955
4.0758886 -0.37582275 -1.7975972
4.0892773 -0.17872131 -1.7975979
4.0923924 -0.079987183 -1.7975979
4.0914841 0.11757141 -1.7975973
4.087461 0.2162738 -1.7975966
4.0810447 0.31485108 -1.7975956
4.0610938 0.51139587 -1.7975932
4.0475583 0.60924989 -1.7975916
4.0316892 0.70674866 -1.7975897
4.0134568 0.80383968 -1.7975875
3.1185546 2.6508062 -1.7974943
2.9870019 2.7981665 -1.7974811
2.9185936 2.8694251 -1.797474
2.7767284 3.006881 -1.7974597
2.7033398 3.0730004 -1.7974523
2.6283789 3.1373339 -1.7974447
2.4739063 3.2604699 -1.7974292
2.3945019 3.3192065 -1.7974212
2.3136816 3.3760099 -1.7974131
2.2315331 3.4308453 -1.7974049
2.1480761 3.4836817 -1.7973965
1.9395605 3.5145574 -1.7629285
1.8327539 3.5191729 -1.7425455
1.7282128 3.5235209 -1.7235382
1.5253906 3.5314453 -1.6894006
1.2367382 3.5488231 -1.6504663
1.0604687 3.592185 -1.6448894
0.97344726 3.6167102 -1.6448808
0.53099608 3.7074962 -1.644837
0.26138672 3.7361326 -1.6448104
0.17115234 3.7413318 -1.6448016
-0.099941403 3.7438488 -1.644775
-0.19026367 3.7403295 -1.6447662
-0.37050781 3.7267492 -1.6447484
-0.46034178 3.7167041 -1.6447396
-0.54997069 3.7044909 -1.6447309
-0.72806638 3.6736052 -1.6447135
-0.81646484 3.6549487 -1.6447048
-0.90436524 3.6341619 -1.6446964
-0.99182618 3.611259 -1.6446878
-1.1680957 3.5689135 -1.6491777
-1.2611133 3.5601201 -1.6586984
-1.3576562 3.5573986 -1.6722131
-1.5563378 3.5531604 -1.7035747
-1.6585253 3.5507238 -1.7211001
-1.7628125 3.5480585 -1.7399294
-2.0809374 3.5230901 -1.796981
-2.1653321 3.4718311 -1.7969729
-2.3303125 3.3632762 -1.796957
-2.4898534 3.2468944 -1.7969416
-2.5674803 3.185847 -1.7969341
-2.7181737 3.0582275 -1.7969198
-2.8625586 2.9234898 -1.7969061
-3.8607323 1.3542535 -1.7968125
-3.8922851 1.2606884 -1.7968097
-3.9215527 1.1663897 -1.7968071
-3.9956541 0.87963557 -1.7968006
-4.0157127 0.78295654 -1.7967989
-4.0488181 0.58828187 -1.7967962
-4.0724902 0.39223206 -1.7967945
-4.0807614 0.29383972 -1.7967939
-4.0866599 0.19527587 -1.7967936
-4.0901756 0.096598506 -1.7967936
-4.0913181 -0.0021362305 -1.7967938
-4.0900879 -0.10086853 -1.7967943
-4.0804591 -0.29810363 -1.7967957
-4.0720606 -0.39648864 -1.7967968
-4.0481935 -0.59250855 -1.7967998
-4.0327244 -0.69002926 -1.7968016
-4.0148926 -0.78714901 -1.7968036
-3.9203711 -1.170487 -1.7968141
-2.9293065 -2.8566353 -1.7969164
-2.7880859 -2.9946718 -1.7969306
-2.7149999 -3.0610967 -1.7969379
-2.4864843 -3.2495294 -1.7969608
-2.1617186 -3.4741299 -1.7969935
-1.991621 -3.5744252 -1.7970104
-1.8168359 -3.6663933 -1.7970278
-1.6378125 -3.749824 -1.7970457
-1.3622851 -3.8585405 -1.7970731
-1.2687891 -3.8903129 -1.7970823
-1.1746484 -3.9198916 -1.7970916
-1.0796094 -3.9470456 -1.7971011
-0.98405272 -3.9719687 -1.7971106
-0.8879199 -3.9945819 -1.79712
-0.69415039 -4.0328159 -1.7971393
-0.49875 -4.061655 -1.7971585
0.19127929 -4.0878468 -1.7972264
0.28989258 -4.0820622 -1.797236
0.38830078 -4.0739002 -1.7972457
0.48652342 -4.0633664 -1.7972554
0.87592769 -3.9976375 -1.7972933
1.0678124 -3.9507582 -1.7973121
1.257207 -3.8946741 -1.7973306
1.5356737 -3.7935808 -1.7973576
1.6267871 -3.7554357 -1.7973665
1.7169628 -3.7151012 -1.7973752
1.9812402 -3.5812123 -1.7974008
2.2351465 -3.4285541 -1.7974252
2.3172362 -3.3736317 -1.7974331
2.4773536 -3.2579203 -1.7974485
2.63166 -3.1346178 -1.7974633
3.0565429 -2.7221155 -1.7975038
3.1213379 -2.6475708 -1.79751
3.1843359 -2.5714831 -1.797516
3.3047361 -2.4148595 -1.7975273
3.3620508 -2.3344133 -1.7975328
2.8020117 -0.7725659 -1.2764801
3.0913477 -0.77256531 -1.3993821
4.048213 -0.60502625 -1.7975951
4.0876856 -0.21200806 -1.7975978
4.0890722 0.18298401 -1.7975968
4.0651364 0.47831908 -1.7975936
4.0523925 0.57628113 -1.7975922
3.9779589 0.96419734 -1.7975836
3.3217773 2.3913188 -1.797515
2.9418652 2.8455756 -1.7974764
2.8011131 2.9841802 -1.7974621
2.7282617 3.0508971 -1.7974548
2.6538379 3.1158354 -1.7974473
2.2593846 3.4125664 -1.7974076
2.0863671 3.5079291 -1.7924603
1.5590527 3.5301769 -1.69481
1.4598047 3.5338562 -1.6791695
1.2680273 3.5454144 -1.6536288
0.73916012 3.671706 -1.6448576
0.65041989 3.6884563 -1.6448489
0.56188476 3.7093377 -1.64763
0.47164062 3.715498 -1.6448312
0.20162109 3.7398217 -1.6448046
0.020927735 3.7451537 -1.6447868
-0.069472656 3.7445471 -1.6447779
-0.15980469 3.7417603 -1.6447691
-0.25005859 3.736793 -1.6447603
-0.34015626 3.7296484 -1.6447514
-0.60910153 3.69521 -1.6447252
-0.78664058 3.6614783 -1.6447078
-0.87473631 3.6414123 -1.6446992
-0.96243161 3.6192205 -1.6446906
-1.0494434 3.5949249 -1.6446822
-1.1368945 3.5717082 -1.6461378
-1.4226953 3.5560875 -1.6820769
-1.6238281 3.5515709 -1.715047
-1.9413183 3.5431049 -1.7742934
-2.0520995 3.5397894 -1.7969182
-2.46333 3.2670617 -1.7969443
-2.5414648 3.2066479 -1.7969368
-2.6180956 3.1443713 -1.7969295
-2.693203 3.0802624 -1.7969222
-2.7667382 3.0143597 -1.7969151
-2.8386621 2.9466972 -1.7969083
-3.8818846 1.292334 -1.7968106
-3.911953 1.1982788 -1.796808
-3.9397266 1.1035217 -1.7968055
-3.9651854 1.0081269 -1.7968032
-4.0092087 0.81562561 -1.7967995
-4.0277147 0.71863586 -1.7967979
-4.0438671 0.62122804 -1.7967967
-4.0782323 0.32705015 -1.7967941
-4.0849314 0.22853637 -1.7967938
-4.0879493 -0.16627014 -1.7967947
-4.0827341 -0.26487425 -1.7967955
-4.0652146 -0.46156004 -1.7967978
-4.0382128 -0.65717405 -1.796801
-4.0211816 -0.75443661 -1.796803
-4.0018263 -0.85126466 -1.796805
-3.956084 -1.0433679 -1.7968102
-3.9297557 -1.1385334 -1.796813
-3.9011426 -1.2330389 -1.7968161
-2.8123827 -2.9718688 -1.796928
-2.512871 -3.2291734 -1.7969583
-2.3541405 -3.3466878 -1.7969742
-2.2727051 -3.4025402 -1.7969824
-1.9341992 -3.6058273 -1.7970163
-1.846621 -3.6514735 -1.797025
-1.5776465 -3.7755513 -1.7970517
-1.3936523 -3.8473172 -1.79707
-1.2063965 -3.9101205 -1.7970886
-0.82391602 -4.008285 -1.7971264
-0.72694331 -4.0270238 -1.7971361
-0.53179687 -4.0574527 -1.7971553
-0.43373045 -4.0691271 -1.7971649
-0.23689453 -4.085362 -1.7971842
-0.039492186 -4.0920768 -1.7972038
0.059267577 -4.0918603 -1.7972134
0.55144531 -4.0550799 -1.7972616
0.64913082 -4.0406132 -1.7972713
0.74647456 -4.0237937 -1.7972807
0.93974608 -3.9831309 -1.7972996
1.2254688 -3.9047723 -1.7973274
1.3193164 -3.8740811 -1.7973366
1.5047363 -3.8059499 -1.7973546
1.5961621 -3.7685478 -1.7973634
1.6866602 -3.7289498 -1.7973722
1.7761523 -3.6871798 -1.7973809
1.9520117 -3.5972185 -1.7973979
2.0382421 -3.5490816 -1.7974063
2.1233301 -3.4988751 -1.7974145
2.2896874 -3.3923819 -1.7974305
2.4507518 -3.2779751 -1.7974459
2.5291307 -3.2178922 -1.7974534
2.6060545 -3.1559322 -1.7974609
2.6814842 -3.0921352 -1.7974681
3.0996971 -2.6728897 -1.7975079
3.2250683 -2.5202312 -1.7975198
3.2849317 -2.4416769 -1.7975254
3.3429394 -2.361702 -1.7975309
3.3989744 -2.2803419 -1.7975363
3.4530175 -2.1976585 -1.7975413
2.9877343 -0.7725659 -1.3552778
4.0076365 -0.83230102 -1.7975918
4.0265818 -0.73534667 -1.7975934
4.0431542 -0.63796264 -1.7975947
4.0692186 -0.44213501 -1.7975967
4.0787206 -0.34380737 -1.7975973
4.0858202 -0.24527831 -1.7975978
4.0905466 -0.14660828 -1.7975979
4.0929103 -0.047850952 -1.7975979
4.0904493 0.14969055 -1.7975971
4.0856347 0.24836609 -1.7975962
4.0784473 0.34689024 -1.7975954
4.0688963 0.44520935 -1.7975941
4.056953 0.54327267 -1.7975926
4.0426464 0.64101869 -1.7975909
4.0070214 0.83532959 -1.7975869
3.9856834 0.93178344 -1.7975845
2.4793651 0.77256531 -1.1405034
3.5034473 2.1163318 -1.7975336
3.451328 2.2002525 -1.7975284
3.3972168 2.2828925 -1.7975227
3.3411326 2.3642015 -1.7975171
3.2830858 2.4441357 -1.7975111
3.0976562 2.6752045 -1.7974921
3.0321581 2.7491741 -1.7974856
2.9649315 2.8215337 -1.7974788
2.895957 2.8922546 -1.7974718
2.7530174 3.0285907 -1.7974573
2.52667 3.2197685 -1.7974344
2.1206348 3.5004363 -1.7973938
2.0130272 3.5112791 -1.7774928
1.9045215 3.5160918 -1.7561411
1.798496 3.5206189 -1.7362124
1.694707 3.5248785 -1.717639
1.5929589 3.5288806 -1.7003572
1.4930956 3.5326409 -1.6843123
1.395 3.5361688 -1.6694527
1.2066797 3.5520227 -1.6474988
0.85725582 3.6459672 -1.6448693
0.76911134 3.6655724 -1.6448605
0.68037111 3.6830437 -1.6448518
0.59276366 3.707725 -1.6490029
0.50187498 3.7115452 -1.6448343
0.32219726 3.7313941 -1.6448165
0.14176758 3.7425537 -1.6447988
-0.21961914 3.7387133 -1.6447634
-0.30976561 3.7323034 -1.6447544
-0.39974609 3.7237206 -1.6447456
-0.48949218 3.7129674 -1.6447368
-0.57891601 3.7000537 -1.6447281
-0.66807616 3.6849847 -1.6447194
-0.75682616 3.6677704 -1.6447107
-0.84509766 3.6484172 -1.6447021
-0.93293941 3.6269426 -1.6446936
-1.2921191 3.5586467 -1.6626873
-1.5893555 3.552392 -1.7091374
-1.90458 3.5441656 -1.7670013
-2.0144434 3.5409393 -1.789116
-2.1085448 3.506635 -1.7969785
-2.4366992 3.2870123 -1.7969469
-2.5152733 3.2272382 -1.7969393
-2.8145897 2.9697168 -1.7969106
-2.8854101 2.9009185 -1.7969038
-3.8712597 1.3238934 -1.7968116
-3.9020507 1.2300836 -1.7968088
-3.9305956 1.1355579 -1.7968063
-3.9568553 1.0403717 -1.796804
-3.9808104 0.94457638 -1.7968019
-4.0386915 0.65412599 -1.7967972
-4.0533104 0.55647218 -1.796796
-4.08916 -0.13298583 -1.7967944
-4.0779881 -0.33013549 -1.7967961
-4.0434275 -0.6242767 -1.7968004
-3.9110644 -1.2012396 -1.796815
-2.9067967 -2.8795514 -1.7969186
-2.6909082 -3.0823257 -1.7969403
-2.615752 -3.1463807 -1.796948
-2.5390723 -3.2086003 -1.7969557
-2.2180078 -3.4384627 -1.7969879
-2.1343846 -3.491004 -1.7969961
-2.0495312 -3.5415115 -1.7970047
-1.8762792 -3.6363158 -1.7970219
-1.787998 -3.6805487 -1.7970308
-1.698662 -3.7226474 -1.7970396
-1.6083202 -3.7625744 -1.7970486
-1.4249414 -3.8358343 -1.7970669
-1.331953 -3.8691256 -1.7970761
-1.2381933 -3.9001653 -1.7970854
-1.0485938 -3.9554083 -1.7971041
-0.66245115 -4.0381498 -1.7971423
-0.56481445 -4.0529795 -1.797152
-0.072812498 -4.0916119 -1.7972004
0.1246875 -4.0904045 -1.7972198
0.2233789 -4.0862255 -1.7972295
0.3219336 -4.079668 -1.7972392
0.42029297 -4.070734 -1.7972488
0.71368164 -4.0297303 -1.7972775
0.90730464 -3.9906435 -1.7972964
1.0033495 -3.9676061 -1.7973057
1.2877442 -3.8846889 -1.7973335
1.3811328 -3.8525031 -1.7973425
1.4737109 -3.8180678 -1.7973515
1.5654297 -3.7814109 -1.7973605
1.7460546 -3.7015092 -1.7973781
1.8348925 -3.6583133 -1.7973866
1.9226562 -3.6129854 -1.7973951
2.262002 -3.410902 -1.7974278
2.4239647 -3.2978179 -1.7974434
2.5028417 -3.2383757 -1.797451
2.9440429 -2.8433778 -1.7974931
3.1420507 -2.6229794 -1.7975121
3.2649705 -2.4683363 -1.7975236
3.3802929 -2.3079419 -1.7975345
2.6338866 -0.77256531 -1.2054603
3.9787011 -0.96120113 -1.7975894
4.0204492 -0.76809937 -1.7975929
4.0378122 -0.67085385 -1.7975943
4.0654883 -0.47524595 -1.7975965
4.0892186 -0.17990173 -1.7975979
4.0923829 -0.08116699 -1.7975979
4.0931444 0.017615966 -1.7975978
4.0915232 0.11638733 -1.7975973
4.0875096 0.21509033 -1.7975966
4.0612402 0.51022762 -1.7975932
4.0136619 0.80268127 -1.7975875
3.9931445 0.89930481 -1.7975852
3.0814354 0.7725659 -1.3951609
2.7937987 0.77256471 -1.2730014
3.5205564 2.0877423 -1.7975355
3.4691308 2.1720862 -1.7975302
3.3602734 2.3369281 -1.7975191
3.3028905 2.4173295 -1.7975131
3.0544629 2.7243981 -1.7974877
2.987793 2.7972996 -1.7974811
2.7775781 3.0060816 -1.7974598
2.7042284 3.0722234 -1.7974523
2.6292968 3.1365747 -1.7974448
2.3954589 3.3185155 -1.7974213
2.3146582 3.3753417 -1.7974133
1.9408495 3.5144982 -1.7631812
1.8340234 3.5191209 -1.742782
1.7294824 3.5234709 -1.7237589
1.6270703 3.5275586 -1.7060456
1.5265722 3.5313988 -1.6895891
1.2378515 3.5487018 -1.6505771
1.1479003 3.5652337 -1.6448981
0.88697267 3.6388707 -1.6448722
0.71033204 3.6773882 -1.6448547
0.53207028 3.7073424 -1.6448371
0.35255858 3.7286572 -1.6448195
0.17222656 3.7412829 -1.6448017
0.081904292 3.7443297 -1.6447929
-0.0084863277 3.7451963 -1.6447839
-0.45925781 3.7168372 -1.6447397
-0.63807619 3.6903076 -1.6447222
-0.72688472 3.6738164 -1.6447135
-1.0776367 3.5865648 -1.6446794
-1.1669824 3.5690136 -1.6490687
-1.3564941 3.5574224 -1.6720396
-1.5551171 3.5531883 -1.703373
-1.6572851 3.5507519 -1.7208824
-1.7615234 3.5480914 -1.7396951
-1.8680956 3.545197 -1.7598733
-1.97708 3.5420544 -1.7814873
-2.0799315 3.5236943 -1.7969812
-2.1643555 3.4724524 -1.7969731
-2.6742969 2.7744701 -1.7969251
-3.6563671 1.2160882 -1.796833
-3.6846678 1.1274933 -1.7968304
-3.7347655 0.94839108 -1.7968261
-3.8217578 0.49189207 -1.7968189
-3.8325195 0.39952147 -1.796818
-3.8410449 0.30691588 -1.7968174
-3.851367 0.12122376 -1.7968169
-3.8531835 0.028244019 -1.7968172
-3.8527441 -0.064748533 -1.7968174
-3.850039 -0.15770873 -1.796818
-3.8451073 -0.25057128 -1.7968186
-3.7870018 -0.71163452 -1.7968259
-3.7687304 -0.80282044 -1.7968278
-3.6738281 -1.1623547 -1.7968382
-2.6479003 -2.79971 -1.7969438
-2.5795996 -2.8628078 -1.7969507
-2.5097656 -2.9242373 -1.7969576
-2.4384766 -2.983964 -1.7969649
-2.3657618 -3.0419545 -1.7969722
-2.2162695 -3.1525874 -1.7969871
-1.9824121 -3.3046978 -1.7970107
-1.8206543 -3.3965316 -1.7970268
-1.7381738 -3.4394963 -1.797035
-1.3115039 -3.6238115 -1.7970774
-1.2237011 -3.6544249 -1.7970861
-0.86575192 -3.755435 -1.7971215
-0.77487302 -3.7752535 -1.7971306
-0.59182614 -3.8082838 -1.7971487
-0.49975586 -3.8214777 -1.7971578
-0.40739256 -3.832444 -1.7971668
-0.31478515 -3.8411789 -1.797176
-0.22198242 -3.8476772 -1.7971851
-0.12907226 -3.851932 -1.7971941
-0.036083985 -3.8539472 -1.7972033
0.056933593 -3.8537147 -1.7972125
0.14992186 -3.851239 -1.7972217
0.24282226 -3.846519 -1.7972308
0.33557618 -3.8395584 -1.7972398
0.520459 -3.8189332 -1.7972579
0.61246091 -3.8052826 -1.797267
0.70411134 -3.7894127 -1.7972758
0.88614255 -3.7510617 -1.7972937
0.97643554 -3.7286038 -1.7973025
1.0661132 -3.7039731 -1.7973112
1.2436132 -3.6482561 -1.7973285
1.4181933 -3.5840359 -1.7973454
1.5042871 -3.5487833 -1.7973537
1.589502 -3.5114636 -1.797362
1.673789 -3.4720967 -1.7973703
1.7570996 -3.4307108 -1.7973782
1.8393847 -3.3873241 -1.7973863
1.9205859 -3.3419631 -1.797394
2.0007129 -3.2946565 -1.7974019
2.1573632 -3.1943102 -1.7974169
2.2338281 -3.1413307 -1.7974243
2.7302833 -2.7210839 -1.7974718
2.7951562 -2.6544149 -1.797478
2.9199901 -2.5164707 -1.7974899
2.9798925 -2.4452782 -1.7974955
3.148994 -2.223326 -1.7975116
3.2017479 -2.1466918 -1.7975165
3.3486814 -1.9094653 -1.7975302
2.4885058 -0.7725659 -1.2150472
2.718545 -0.7725659 -1.3178724
2.9912791 -0.77256531 -1.4406267
3.8213573 -0.50765806 -1.7975726
3.8480566 -0.22988953 -1.7975744
3.8525 -0.13696106 -1.7975745
3.8546288 0.049084473 -1.7975742
3.8409569 0.32780272 -1.797572
3.8319335 0.42039916 -1.7975709
3.791455 0.69650203 -1.7975661
3.7735448 0.78779477 -1.797564
3.7534277 0.87862849 -1.7975619
2.9749024 0.77256531 -1.4332348
2.4768457 0.77256531 -1.2098565
3.3461034 1.9139148 -1.7975188
3.2989256 1.9941003 -1.797514
3.2498436 2.0731261 -1.797509
3.1988769 2.1509387 -1.7975036
3.0913379 2.3027661 -1.7974926
3.0348437 2.3766913 -1.7974868
2.9766016 2.4492297 -1.7974811
2.9166307 2.5203388 -1.797475
2.8549414 2.5899799 -1.7974687
2.7915819 2.6581132 -1.7974621
2.660078 2.7896893 -1.7974489
2.5919628 2.8530638 -1.797442
2.5223339 2.9147723 -1.7974349
2.3787303 3.033056 -1.7974206
2.3048437 3.0895624 -1.7974131
2.2296093 3.1442723 -1.7974055
2.1530566 3.1971478 -1.7973979
2.0752831 3.2481604 -1.7973901
1.9962792 3.2972832 -1.7973821
1.8348535 3.3897345 -1.7973661
1.6691015 3.4742839 -1.7973495
1.4844922 3.5151184 -1.7793005
1.3869531 3.5187798 -1.7636929
1.2910156 3.5222063 -1.7492812
1.1964941 3.5254064 -1.7360216
1.1033008 3.528394 -1.7238748
0.74131835 3.5383098 -1.6857616
0.65297848 3.5403149 -1.6787167
0.47815427 3.5437775 -1.6674638
0.39151368 3.5452471 -1.663224
0.21927734 3.5491107 -1.6581331
-0.038007811 3.5525713 -1.6566854
-0.12376953 3.5524058 -1.657519
-0.38223633 3.5509558 -1.665404
-0.46914062 3.5507634 -1.6701405
-0.55659181 3.5504076 -1.6758035
-0.64464843 3.5498791 -1.6824088
-0.73341793 3.5491791 -1.6899763
-0.91346675 3.5472484 -1.7080777
-1.097666 3.5445874 -1.7303113
-1.2869335 3.5411518 -1.7569327
-1.4822558 3.5368915 -1.7882619
-1.5748535 3.5172558 -1.7970308
-1.6592871 3.4782093 -1.7970227
-1.825166 3.3940654 -1.7970065
-1.9867871 3.302016 -1.7969909
-2.2204297 3.1495984 -1.7969685
-2.3697851 3.0387671 -1.7969542
-3.7022166 1.0684192 -1.7968289
-3.7494433 0.88853878 -1.7968248
-3.7697949 0.79779541 -1.796823
-3.7879491 0.70658749 -1.7968216
-3.817627 0.52298641 -1.7968191
-3.8383887 0.33817565 -1.7968178
-3.8454492 0.24544799 -1.7968173
-3.8528125 0.059613645 -1.7968172
-3.8470311 -0.21926208 -1.7968185
-3.8210936 -0.49698669 -1.7968218
-3.7926855 -0.68078065 -1.7968251
-3.6831737 -1.1324054 -1.7968373
-3.6547852 -1.2209625 -1.7968402
-2.6028223 -2.8417063 -1.7969483
-2.4626856 -2.964011 -1.7969624
-2.390449 -3.0225911 -1.7969698
-2.3168163 -3.0794103 -1.796977
-2.2418456 -3.1344385 -1.7969847
-2.0092382 -3.2884436 -1.7970079
-1.9293066 -3.3359909 -1.7970159
-1.8482519 -3.3815913 -1.797024
-1.7661035 -3.4252257 -1.7970321
-1.6829394 -3.4668643 -1.7970405
-1.5987988 -3.5064843 -1.7970489
-1.5137304 -3.5440631 -1.7970573
-1.340957 -3.6130116 -1.7970746
-1.2534082 -3.6443362 -1.7970833
-0.71441406 -3.7871754 -1.7971365
-0.43856445 -3.8289938 -1.7971638
0.11855468 -3.852325 -1.7972186
0.21149413 -3.848362 -1.7972276
0.58146483 -3.8101361 -1.7972639
0.76462889 -3.7776799 -1.7972817
0.85559571 -3.7581472 -1.7972906
0.94599605 -3.7364235 -1.7972995
1.035918 -3.7125244 -1.7973083
1.125205 -3.6864605 -1.797317
1.2138672 -3.6582532 -1.7973256
1.3889745 -3.5954568 -1.7973427
1.5608593 -3.5242834 -1.7973592
1.8933203 -3.3574839 -1.7973914
1.9738183 -3.3108306 -1.7973993
2.0531445 -3.262248 -1.7974069
2.1312695 -3.2117605 -1.7974143
2.2081738 -3.1594081 -1.7974218
2.502461 -2.931901 -1.7974501
2.7080371 -2.7432163 -1.7974697
2.7734473 -2.6770782 -1.7974758
2.8372557 -2.6093764 -1.797482
2.959873 -2.4694541 -1.7974936
3.0186131 -2.3973129 -1.7974992
3.0756152 -2.3237753 -1.7975045
3.1307909 -2.2488844 -1.7975097
3.18416 -2.1726825 -1.7975148
3.2356737 -2.0952139 -1.7975197
3.2853026 -2.0165255 -1.7975242
3.3330176 -1.9366614 -1.7975287
2.6367188 -0.77256531 -1.2812124
2.8937695 -0.77256531 -1.3966501
3.7681053 -0.81347167 -1.7975682
3.8029785 -0.63071287 -1.7975711
3.81708 -0.53875059 -1.7975723
3.8289843 -0.44647887 -1.7975731
3.8386426 -0.35394898 -1.7975738
3.8460643 -0.26121032 -1.7975743
3.8512597 -0.1683197 -1.7975744
3.8541894 -0.075330809 -1.7975745
3.8548925 0.017702026 -1.7975743
3.8533397 0.11072753 -1.7975738
3.8495214 0.20368652 -1.7975732
3.8119726 0.57378662 -1.7975684
3.7970116 0.66561097 -1.7975668
3.7798436 0.7570489 -1.7975649
3.7604687 0.84804565 -1.7975627
3.2666211 2.0466015 -1.7975106
3.0541112 2.3519061 -1.7974888
2.9370508 2.496516 -1.7974769
2.8759375 2.5666571 -1.7974707
2.7487109 2.7024145 -1.7974578
2.6826952 2.7679474 -1.7974511
2.6151171 2.8318701 -1.7974445
2.545996 2.8941431 -1.7974374
2.4753907 2.9547327 -1.7974303
2.4033692 3.013593 -1.797423
2.1790428 3.1795185 -1.7974005
2.0230663 3.2809241 -1.7973849
1.9432812 3.328778 -1.797377
1.8624023 3.3746898 -1.7973689
1.7804004 3.4186351 -1.7973607
1.6973535 3.4605877 -1.7973524
1.6133496 3.5005231 -1.797344
1.5177734 3.5138273 -1.7848442
1.13458 3.5274107 -1.7278495
1.0422266 3.530257 -1.7164207
0.95090818 3.5328984 -1.7060481
0.77127928 3.5375938 -1.688355
0.68269527 3.5396588 -1.6809864
0.50749022 3.5432422 -1.6691006
0.24827148 3.5483501 -1.6586671
0.16243164 3.5503857 -1.6573029
0.076660156 3.5517595 -1.6565984
-0.094833985 3.5525365 -1.6571642
-0.26667967 3.5509534 -1.660499
-0.35301757 3.550982 -1.664014
-0.43978515 3.5508471 -1.6684399
-0.61486328 3.5500774 -1.6800752
-0.79263669 3.54862 -1.6955295
-1.0663086 3.5450885 -1.7262611
-1.1597754 3.5435376 -1.7386324
-1.3509277 3.539834 -1.7667744
-1.4488379 3.5376713 -1.7826318
-1.5461913 3.5299664 -1.7970335
-1.6309375 3.4916101 -1.7970254
-1.7974902 3.4088159 -1.7970092
-1.8792089 3.3644323 -1.7970014
-2.0393262 3.2698126 -1.7969859
-2.1176465 3.2196295 -1.7969782
-2.2705078 3.1136773 -1.7969636
-2.5600195 2.8802783 -1.7969358
-2.6959863 2.7533813 -1.7969229
-3.6658103 1.1873388 -1.7968322
-3.7420702 0.91903132 -1.7968255
-3.7631934 0.82845455 -1.7968237
-3.8132324 0.55405211 -1.7968196
-3.8254881 0.46186888 -1.7968186
-3.8355174 0.36941221 -1.7968179
-3.8433299 0.27674437 -1.7968174
-3.8521874 0.090979002 -1.7968169
-3.8532715 -0.0020117187 -1.7968172
-3.8486912 -0.18793701 -1.7968183
-3.8430371 -0.28075987 -1.796819
-3.8250194 -0.46586365 -1.7968214
-3.7812986 -0.74134946 -1.7968265
-3.7411327 -0.92294431 -1.7968309
-3.7177734 -1.0129596 -1.7968335
-3.6646092 -1.1911682 -1.7968392
-3.6347754 -1.279259 -1.7968423
-2.4867284 -2.9438589 -1.79696
-2.4149706 -3.0030267 -1.7969673
-2.3417969 -3.0604434 -1.7969747
-2.1142871 -3.221873 -1.7969973
-2.0359473 -3.2719715 -1.7970053
-1.7939453 -3.4107285 -1.7970294
-1.370332 -3.6019669 -1.7970715
-1.2830077 -3.6340096 -1.7970802
-1.1949414 -3.6639264 -1.7970891
-0.9267773 -3.7408311 -1.7971156
-0.65374023 -3.7981329 -1.7971425
-0.46972656 -3.8252914 -1.7971606
-0.37727538 -3.8355319 -1.7971698
-0.2845996 -3.8435371 -1.7971789
0.18014649 -3.8499506 -1.7972245
0.27301759 -3.8445003 -1.7972337
0.36571288 -3.8368115 -1.7972426
0.64234376 -3.8003612 -1.7972698
0.73385739 -3.7837727 -1.7972788
0.91557616 -3.7439978 -1.7972965
1.2722168 -3.6383803 -1.7973312
1.3596485 -3.6066382 -1.7973398
1.5321094 -3.5368662 -1.7973565
1.7839745 -3.4168134 -1.7973809
1.9467773 -3.3267825 -1.7973967
2.1823828 -3.177278 -1.7974192
2.4065332 -3.0111134 -1.7974409
2.6180761 -2.8291681 -1.797461
2.7515721 -2.6995673 -1.7974739
2.9396875 -2.4934676 -1.7974917
3.0566015 -2.3487389 -1.7975028
3.1663573 -2.1985369 -1.7975131
3.2687891 -2.0432019 -1.7975227
3.3171289 -1.9637274 -1.7975273
2.8020215 -0.7725665 -1.3553559
3.0913477 -0.7725659 -1.4858508
3.7613573 -0.844118 -1.7975676
3.7806249 -0.75310302 -1.7975693
3.812578 -0.56980836 -1.7975718
3.8534374 -0.10670654 -1.7975745
3.8548925 -0.013683472 -1.7975744
3.8541112 0.079348139 -1.7975742
3.8382616 0.35795775 -1.7975717
3.8285058 0.45047668 -1.7975705
3.8023143 0.63467896 -1.7975674
3.7464159 0.90807247 -1.797561
2.6265526 0.7725659 -1.2766668
3.3309765 1.9401275 -1.7975172
3.2831836 2.0199409 -1.7975123
3.1818652 2.1759875 -1.7975019
3.1284277 2.2521331 -1.7974964
3.073164 2.3269653 -1.7974908
3.0160937 2.4004412 -1.797485
2.9572558 2.4725213 -1.797479
2.8345118 2.6123106 -1.7974665
2.705127 2.746021 -1.7974534
2.6380761 2.8104901 -1.7974467
2.3548632 3.051635 -1.7974181
2.2048438 3.1616778 -1.7974031
2.0497167 3.2643499 -1.7973875
1.970332 3.3128514 -1.7973796
1.7254785 3.4466624 -1.7973552
1.3555664 3.5199199 -1.7588748
1.2601074 3.5232739 -1.7448425
1.166045 3.5264032 -1.7319491
1.0732422 3.5293207 -1.7201567
0.8013379 3.5368555 -1.6910599
0.7124902 3.5389812 -1.6833636
0.62436521 3.5409269 -1.6766306
0.53688473 3.5426886 -1.6708425
0.4499121 3.5442755 -1.6659842
0.36336914 3.5456877 -1.6620412
0.27724609 3.5475152 -1.6592764
0.19136718 3.5497715 -1.6576895
0.019853516 3.5523076 -1.6564947
-0.065898433 3.5525897 -1.6568847
-0.15170898 3.5522106 -1.657933
-0.23760742 3.550905 -1.6595173
-0.41046873 3.5509119 -1.6668445
-0.58517575 3.5502539 -1.6778486
-1.0350293 3.5455706 -1.7223341
-1.1281054 3.5440831 -1.7343352
-1.5146874 3.5361168 -1.7938267
-1.6024219 3.5047717 -1.7970282
-1.6865526 3.4650683 -1.79702
-1.7696972 3.4233403 -1.797012
-1.9327539 3.3339355 -1.7969961
-2.0126562 3.2863092 -1.7969885
-2.0913672 3.236768 -1.7969809
-2.2450781 3.1320622 -1.7969661
-2.3199999 3.0769591 -1.7969589
-2.5364745 2.9010284 -1.7969382
-3.6560254 1.217141 -1.796833
-3.7345116 0.94946778 -1.7968261
-3.7563183 0.85906917 -1.7968243
-3.7933691 0.67682189 -1.7968211
-3.8472557 0.21524048 -1.7968172
-3.8513281 0.12233642 -1.7968169
-3.8451855 -0.24946228 -1.7968186
-3.8380761 -0.34218323 -1.7968197
-3.803252 -0.61893857 -1.7968239
-3.7872167 -0.71053952 -1.7968256
-3.7689648 -0.80173707 -1.7968278
-3.7258885 -0.98265928 -1.7968326
-3.7011132 -1.0722901 -1.7968353
-3.6741502 -1.1612964 -1.7968382
-2.6487498 -2.7989435 -1.7969437
-2.3666308 -3.0412741 -1.796972
-2.2925878 -3.0975127 -1.7969794
-2.2171483 -3.1519496 -1.7969871
-2.0625098 -3.2552841 -1.7970026
-1.9030468 -3.3510418 -1.7970185
-1.8216308 -3.3960037 -1.7970266
-1.6556933 -3.4799793 -1.7970431
-1.5712109 -3.5189371 -1.7970517
-1.3996191 -3.5906887 -1.7970686
-1.3125585 -3.623436 -1.7970773
-1.2247363 -3.654073 -1.797086
-1.1362109 -3.682584 -1.7970948
-1.047002 -3.7089486 -1.7971036
-0.9572168 -3.7331569 -1.7971126
-0.77597654 -3.7750294 -1.7971303
-0.68465817 -3.7926757 -1.7971394
-0.59292966 -3.8081126 -1.7971486
-0.31588867 -3.8410881 -1.7971759
-0.22310546 -3.8476131 -1.7971851
-0.1301953 -3.851896 -1.7971941
0.055810545 -3.8537319 -1.7972124
0.14879882 -3.8512824 -1.7972215
0.33446288 -3.8396566 -1.7972397
0.42702147 -3.8304853 -1.7972488
0.5193457 -3.8190846 -1.7972578
0.79426754 -3.7715654 -1.7972846
0.88505858 -3.7513187 -1.7972935
1.0650293 -3.7042816 -1.7973111
1.1541406 -3.6775174 -1.7973198
1.4171581 -3.5844443 -1.7973454
1.5032715 -3.5492167 -1.7973536
1.5884961 -3.5119228 -1.7973619
1.9997559 -3.2952347 -1.7974017
2.1564355 -3.1949365 -1.7974168
2.2329102 -3.1419778 -1.7974241
2.3081055 -3.0871868 -1.7974315
2.3819335 -3.0306005 -1.7974385
2.52542 -2.9121623 -1.7974522
2.7294922 -2.7218721 -1.7974718
2.8576758 -2.5870204 -1.7974839
3.0373633 -2.3735416 -1.7975008
3.0937696 -2.2995584 -1.7975062
3.1483593 -2.2242372 -1.7975115
3.2011425 -2.1476114 -1.7975165
2.4859667 -0.7725659 -1.2139138
3.7543554 -0.87471068 -1.7975671
3.7743847 -0.78385681 -1.7975688
3.8212109 -0.50876278 -1.7975726
3.8323631 -0.41640013 -1.7975733
3.8480077 -0.2310022 -1.7975744
3.8524511 -0.13807373 -1.7975745
3.8546581 -0.045064695 -1.7975744
3.8410547 0.32669801 -1.797572
3.8073535 0.60370606 -1.7975678
3.7737792 0.78670776 -1.797564
2.9784374 0.77256471 -1.4348297
3.2995214 1.9931494 -1.797514
3.1466601 2.226593 -1.7974982
3.0920019 2.3018732 -1.7974927
3.0355272 2.3758123 -1.797487
2.9773047 2.4483678 -1.7974811
2.7923534 2.6573064 -1.7974622
2.5927734 2.8523161 -1.7974421
2.5231836 2.9140434 -1.7974352
1.9972265 3.2967045 -1.7973824
1.9170996 3.3439281 -1.7973742
1.6701269 3.4738061 -1.7973497
1.1976172 3.5253711 -1.7361735
1.1044238 3.5283575 -1.7240133
1.012373 3.5311394 -1.712932
0.83146483 3.5360973 -1.6938773
0.74233395 3.5382867 -1.6858515
0.56629884 3.5421124 -1.6726905
0.47917968 3.5437603 -1.6675199
0.39253905 3.5452325 -1.663269
0.22030273 3.5490849 -1.6581509
0.048759766 3.5520658 -1.6565112
-0.036972657 3.5525682 -1.6566794
-0.1227539 3.552412 -1.6575056
-0.29472655 3.5509784 -1.6615429
-0.3812207 3.550957 -1.6653538
-0.64358395 3.5498877 -1.6823248
-0.82188475 3.5483141 -1.6984161
-0.91238278 3.5472624 -1.7079569
-1.003916 3.5460291 -1.7185301
-1.0965723 3.5446043 -1.7301658
-1.2857617 3.5411749 -1.7567601
-1.3825977 3.5391557 -1.771799
-1.4810644 3.5369201 -1.7880592
-1.8241992 3.3945916 -1.7970066
-1.9858496 3.3025904 -1.7969911
-2.1428711 3.2028966 -1.796976
-2.3689063 3.0394506 -1.7969542
-2.4415526 2.9813867 -1.7969471
-3.6460059 1.2468646 -1.7968339
-3.6750391 1.158512 -1.7968314
-3.7266405 0.9798376 -1.7968267
-3.8037305 0.61606872 -1.7968203
-3.8174706 0.52409422 -1.7968192
-3.8290136 0.431817 -1.7968184
-3.8383007 0.33928832 -1.7968178
-3.845371 0.24655212 -1.7968173
-3.8531444 -0.032271117 -1.7968173
-3.8081737 -0.5879547 -1.7968234
-3.7928612 -0.67968446 -1.7968251
-3.7753711 -0.77102047 -1.7968271
-3.733789 -0.95228821 -1.7968317
-3.709707 -1.0421246 -1.7968343
-3.683496 -1.1313452 -1.7968371
-2.6036327 -2.8409555 -1.7969482
-2.5343261 -2.9029694 -1.7969552
-2.2427442 -3.1337924 -1.7969846
-2.1664746 -3.1870151 -1.7969922
-2.0889549 -3.2383795 -1.7969999
-1.9302539 -3.3354332 -1.7970158
-1.8492383 -3.3810589 -1.7970239
-1.7670898 -3.4247155 -1.7970321
-1.6839355 -3.4663787 -1.7970403
-1.5147656 -3.5436265 -1.7970572
-1.4288086 -3.5791671 -1.7970657
-1.3420117 -3.6126199 -1.7970744
-1.1661524 -3.6732054 -1.7970918
-1.0771484 -3.7002962 -1.7971007
-0.98757809 -3.7252309 -1.7971095
-0.8973828 -3.7479959 -1.7971185
-0.80666989 -3.7685812 -1.7971274
-0.71549803 -3.786968 -1.7971365
-0.62391603 -3.8031523 -1.7971455
-0.53196287 -3.8171203 -1.7971545
-0.16154297 -3.8507025 -1.797191
-0.06857422 -3.8534985 -1.7972001
0.11746094 -3.8523583 -1.7972184
0.30319336 -3.842243 -1.7972366
0.39582029 -3.833828 -1.7972457
0.58036131 -3.810302 -1.7972637
1.0348535 -3.7128243 -1.7973082
1.1241504 -3.6867876 -1.7973169
1.2128026 -3.658602 -1.7973254
1.3007421 -3.6282864 -1.797334
1.4743261 -3.5613301 -1.7973509
1.559834 -3.5247316 -1.7973591
1.8107617 -3.4027028 -1.7973834
1.8923632 -3.3580294 -1.7973913
1.9728515 -3.3113997 -1.797399
2.1303613 -3.2123795 -1.7974143
2.282871 -3.1058745 -1.797429
2.3571582 -3.0498903 -1.7974362
2.4301074 -2.992131 -1.797443
2.5016015 -2.932621 -1.7974499
2.5716796 -2.8714077 -1.7974566
2.772666 -2.6778796 -1.7974758
2.8365135 -2.6101966 -1.797482
2.9591699 -2.4703078 -1.7974936
3.0179393 -2.3981857 -1.7974991
3.0749218 -2.324666 -1.7975045
3.1301367 -2.2497907 -1.7975097
3.2350585 -2.0961533 -1.7975194
3.2847166 -2.0174768 -1.7975242
3.3324707 -1.9376193 -1.7975286
3.7470996 -0.90525025 -1.7975663
3.7678807 -0.81455505 -1.7975682
3.802783 -0.63180482 -1.7975711
3.8169432 -0.53985167 -1.7975721
3.8288476 -0.44758484 -1.7975731
3.8385448 -0.35505554 -1.7975738
3.8541796 -0.076442868 -1.7975745
3.8495898 0.20257019 -1.7975732
3.843574 0.29541016 -1.7975725
3.8353515 0.38807982 -1.7975714
3.7971873 0.66451967 -1.7975668
3.7800488 0.75596005 -1.7975649
3.7607031 0.84695923 -1.7975627
3.0814354 0.7725659 -1.4813699
2.5523436 0.77256531 -1.2435052
3.3621287 1.8856421 -1.7975204
3.3156445 1.9662237 -1.7975156
3.1646972 2.2009063 -1.7975001
3.1106348 2.2766302 -1.7974946
3.0547948 2.3510242 -1.7974889
2.8766894 2.5658226 -1.7974708
2.4762499 2.9540155 -1.7974304
2.4042187 3.0129023 -1.797423
2.3308203 3.0700297 -1.7974157
2.2560546 3.1253686 -1.7974082
2.1025879 3.230556 -1.7973928
2.0240037 3.2803392 -1.7973849
1.8633593 3.3741527 -1.7973689
1.7813672 3.4181187 -1.7973608
1.6983691 3.4600956 -1.7973524
0.95204097 3.5328691 -1.7061664
0.77231443 3.5375695 -1.6884493
0.59583008 3.5415184 -1.6746449
0.42168945 3.5447552 -1.6646014
0.33531249 3.5461125 -1.660954
0.16344726 3.5503662 -1.657315
0.07769531 3.5517485 -1.6566026
-0.093798824 3.5525377 -1.657153
-0.1796582 3.5519445 -1.658417
-0.26560545 3.5509491 -1.6604626
-0.4387207 3.5508494 -1.6683813
-0.61378902 3.5500822 -1.6799937
-0.79159176 3.5486286 -1.695425
-0.88173825 3.5476379 -1.7046254
-0.97291011 3.5464647 -1.7148467
-1.0651562 3.5451062 -1.72612
-1.1586425 3.5435553 -1.7384775
-1.2534667 3.5418079 -1.7519542
-1.3497559 3.5398571 -1.7665923
-1.4476659 3.5376971 -1.7824342
-1.7137207 3.4517138 -1.7970173
-1.7964746 3.4093382 -1.7970093
-2.038408 3.2703979 -1.7969859
