# .PCD v0.7 - Point Cloud Data file format
VERSION 0.7
FIELDS x y z
SIZE 4 4 4
TYPE F F F
COUNT 1 1 1
WIDTH 13151
HEIGHT 1
VIEWPOINT 0 0 0 1 0 0 0
POINTS 13151
DATA ascii
-21.171328 -7.3138328 6.001801
-19.690088 -8.4413033 5.7403378
-18.6696 -8.5427237 5.5013256
-19.32247 -9.411684 5.7589531
-14.658896 -22.049364 7.0946116
-4.6850195 -7.4297714 2.3535457
-4.5723438 -7.654376 2.3890429
-4.4564161 -7.8864646 2.4272075
-3.6219139 -7.1998887 2.1595514
-3.4855762 -7.3663712 2.1836219
-3.3413281 -8.6255808 2.4785655
-2.9216113 -8.1183605 2.3118815
-2.619668 -8.5536633 2.3970258
-2.3953028 -8.5528498 2.3799062
-1.6894238 -9.4693232 2.5773597
-2.8471289 -22.06991 5.9626184
-2.3063476 -22.060043 5.9431896
1.4352734 -22.143677 5.9458313
7.0375681 -22.276073 6.2596536
7.6376562 -22.288656 6.3131452
8.2484369 -22.30147 6.3712974
10.15877 -22.348391 6.5778732
12.203975 -22.391069 6.8329539
12.518339 -10.242211 4.3339257
12.836143 -9.995121 4.3591766
12.092529 -8.9559679 4.0320678
13.56333 -9.5473175 4.4443674
14.030908 -8.89643 4.4516163
14.308847 -8.1326141 4.410048
14.747607 -7.4648857 4.4290056
22.798954 -6.4463372 6.3484635
11.254024 10.738038 4.1679511
8.1583786 8.5733614 3.1711152
7.695693 9.3582735 3.2465129
7.7338963 9.881321 3.3622417
7.3139257 9.8241405 3.2817717
6.8887401 10.804879 3.4335179
6.2455468 10.338076 3.2363396
6.6057029 11.555247 3.566433
6.1972165 12.167906 3.6588898
5.9998341 12.518277 3.7196264
5.7959471 12.88133 3.784837
-0.15211913 13.240519 3.5480187
-0.45963866 12.900081 3.4587598
-0.94916987 15.868488 4.2595463
-1.3749218 16.354944 4.3977528
-2.6032715 14.275085 3.8880796
-4.7502246 15.300858 4.2928843
-5.3161426 14.596434 4.1624265
-5.5865917 14.259371 4.1035581
-6.5667186 13.741628 4.0808759
-21.168398 -6.5140409 5.9345312
-19.890371 -7.7356067 5.7184763
-19.479784 -8.1222401 5.655138
-19.617235 -9.3144798 5.8188443
-14.050986 -21.798353 6.9491291
-4.6192775 -7.5607224 2.3740678
-3.6355565 -7.0510607 2.1256778
-3.4876659 -7.1846771 2.139961
-3.4270117 -8.5915356 2.4784763
-2.6952343 -7.8358178 2.2203319
-2.7230468 -8.5847235 2.4132161
-2.475244 -8.5106735 2.374918
-2.1412108 -8.0846643 2.2409666
-1.8234081 -8.5277586 2.3366551
-1.7828418 -9.4473534 2.5760913
-1.5565526 -9.5006542 2.5796306
-1.4566602 -22.078022 5.9286518
0.14375 -22.111858 5.9249835
1.2134863 -22.138632 5.9409323
2.2912109 -22.163139 5.9702458
2.8347266 -22.175495 5.9902592
4.4913378 -22.210829 6.0718365
6.2023435 -22.245596 6.1880393
6.7925587 -22.270935 6.238873
7.3884959 -22.283432 6.2904906
7.9947457 -22.296146 6.3466949
9.2421875 -22.322313 6.4736485
11.221143 -22.370552 6.7059937
12.62208 -22.397404 6.8887424
15.089971 -22.754618 7.3159289
14.244208 -8.2847958 4.4153576
14.737305 -7.1993756 4.3948522
11.408095 10.669863 4.185421
11.036856 10.833488 4.1439238
8.0766401 8.7317991 3.1870928
7.9206347 8.9887934 3.2101934
7.9142771 9.9067221 3.3975585
7.0838866 10.317384 3.3534343
6.9461231 10.659006 3.4089966
6.8066406 11.017225 3.470017
5.8810058 12.729749 3.7573357
5.672998 13.100742 3.8253191
-0.019882811 13.079739 3.5047088
-0.3344824 13.038506 3.4948058
-0.63310546 12.708539 3.4094634
-1.1957421 16.15027 4.3392949
-2.7923632 14.171926 3.8703642
-4.9199805 15.089675 4.2527542
-5.2020798 14.738504 4.1879444
-5.4758005 14.397479 4.127388
-5.741787 14.065818 4.0708461
-6.1899023 14.176091 4.1447873
-6.4575877 13.866914 4.0987597
-21.11578 -6.8266063 5.9462867
-21.175606 -7.4148102 6.0117707
-20.501766 -7.7390251 5.8717828
-19.891298 -8.0620451 5.7509885
-19.489365 -8.452136 5.6920929
-19.857939 -9.1873512 5.8627877
-19.241953 -9.4724884 5.7467456
-4.6656642 -7.4682946 2.3595297
-4.4359083 -7.927578 2.434118
-3.4846971 -7.4450707 2.2026021
-3.5127831 -8.5577059 2.4786928
-3.3053124 -8.6399899 2.4787028
-2.8525293 -8.0318727 2.2838297
-2.5766113 -8.5407887 2.3903697
-2.3561718 -8.5510092 2.3766234
-1.7194335 -8.6379213 2.3599317
-3.2940819 -22.059423 5.9763427
-2.7534082 -22.072109 5.9600468
-2.2130957 -22.062016 5.9411697
-1.6775 -22.073349 5.9315906
0.99204099 -22.133598 5.9366293
5.3882909 -22.229057 6.1287475
5.9627247 -22.240726 6.1698456
7.1411033 -22.278242 6.26862
7.7429881 -22.290863 6.3229084
9.6210842 -22.337177 6.5168152
10.273106 -22.350777 6.5911961
13.048681 -22.406637 6.9477158
13.707158 -9.0792704 4.4054608
14.336103 -8.0687799 4.4079828
14.762685 -7.8460293 4.4796195
14.744531 -7.3858657 4.4187489
22.806532 -6.3453379 6.3431048
10.821611 10.927357 4.1207991
8.1403999 8.6265869 3.1781554
7.9853907 8.8821888 3.2003937
7.6592965 9.8709564 3.3477635
6.3558106 11.887183 3.6118639
5.7598143 12.945762 3.7966461
-0.20667969 13.180042 3.5320146
-0.51150388 12.84277 3.4439373
-1.0212207 15.950851 4.2827668
-1.4517187 16.442621 4.4229245
-2.981123 14.076068 3.8553295
-4.9254785 17.059145 4.757699
-5.0865722 14.882319 4.214191
-5.9764647 14.067998 4.0955634
-6.3476462 13.993587 4.1172967
-6.6123533 13.689367 4.0735474
-21.152714 -6.6063962 5.9378448
-21.063242 -7.1405954 5.9593706
-19.077627 -8.0485954 5.5481348
-19.009052 -8.5656166 5.5866809
-19.433954 -9.327508 5.7760277
-16.408066 -22.002975 7.3544769
-4.5996094 -7.5999484 2.3803105
-4.4844823 -7.8302035 2.4178243
-3.6304588 -7.114243 2.1401157
-3.4867969 -7.2601523 2.1580706
-3.5986621 -8.5240602 2.4792163
-2.8018847 -8.2582541 2.3366835
-2.6793945 -8.5715761 2.406342
-2.0867577 -8.0147095 2.2191312
-1.7857422 -8.5262203 2.3341615
-1.7435546 -9.4565773 2.5765898
-1.5171582 -9.5099564 2.5804071
-2.4349511 -22.05732 5.9461465
-1.8985449 -22.068672 5.9351282
-1.3638378 -22.079983 5.927588
-0.29698241 -22.102543 5.9228954
0.77088863 -22.128565 5.932929
1.3067578 -22.140755 5.9429178
3.477793 -22.190107 6.0184045
4.0305567 -22.201464 6.0461044
4.5887303 -22.212812 6.0775828
6.3035645 -22.24765 6.1959066
7.4930563 -22.285624 6.2999191
8.1011915 -22.298378 6.356945
9.3529396 -22.324638 6.4856362
10.662861 -22.358906 6.6374502
12.738965 -10.038173 4.3457923
13.026396 -8.8163881 4.214694
14.036992 -9.0143785 4.4699855
22.760771 -6.5777612 6.3483043
10.972939 10.861439 4.1369848
8.1788378 8.4960566 3.1599431
8.0497169 8.776206 3.1909556
7.7342086 9.2951136 3.2400501
7.8379102 9.8959055 3.3825512
7.4124022 9.8372898 3.3004107
6.9220309 10.720002 3.4191949
6.6397071 10.84846 3.4080632
6.6400976 11.461278 3.549207
6.433672 11.749646 3.5893805
6.2435741 12.085773 3.6449792
6.0476561 12.433294 3.7046924
-21.016611 -6.6973662 5.3810906
-20.295683 -8.7009277 5.3869934
-19.297871 -9.3997154 5.2365332
-18.567324 -21.717402 6.970346
-16.849268 -21.750156 6.7118759
-15.252431 -21.783405 6.4872761
-4.5451269 -7.6088266 2.1621454
-4.4294238 -7.8386841 2.1964486
-4.3797755 -8.2070284 2.2693839
-3.5805469 -7.1176672 1.9436979
-3.4032128 -7.665411 2.0460107
-3.2741308 -8.4521236 2.2112157
-2.8164062 -7.826036 2.029048
-2.7828515 -8.3605566 2.1495957
-2.5391502 -8.2907667 2.1152823
-1.9345019 -8.4596844 2.1170321
-1.9093945 -9.3865356 2.3367651
-3.3882518 -22.056616 5.4438901
-2.8470409 -22.069317 5.4284873
-2.3063965 -22.060574 5.4110675
-1.2360644 -22.083216 5.3956971
-0.7025488 -22.094496 5.3927355
-0.16929688 -22.10577 5.3929224
0.36426756 -22.117046 5.3962455
0.89903319 -22.131935 5.4035983
3.0604393 -22.181084 5.4623957
3.6096678 -22.193169 5.4852328
4.1637011 -22.204428 5.5112462
4.7233396 -22.215805 5.5407457
5.2893066 -22.227304 5.5738282
5.8624411 -22.238949 5.61059
6.4434958 -22.250757 5.6511536
7.0374703 -22.275726 5.6989732
7.6375484 -22.288309 5.747674
8.2483206 -22.301117 5.8006186
9.5061226 -22.327497 5.9199686
10.158457 -22.347721 5.9886041
10.823115 -22.36158 6.0605445
13.661884 -22.419596 6.4047899
16.846718 -22.44866 6.847012
17.698759 -22.435459 6.9712224
12.800742 -9.967555 3.9578388
13.035009 -9.1754284 3.8887334
13.984941 -8.4012518 3.9799418
13.541016 -7.6962042 3.7996435
14.711758 -7.8982396 4.0734873
14.69414 -7.4378171 4.0177398
22.561064 -8.8042526 5.9080706
12.585693 10.898674 4.0615082
11.36123 10.840343 3.830838
10.803535 10.81801 3.7297294
8.3187695 8.7419119 2.9438813
7.9347363 10.137909 3.1406219
7.5327048 10.644833 3.1812592
8.6766891 12.911164 3.7948816
8.2907124 13.003834 3.7622173
5.8007126 11.389394 3.1180804
5.9568357 12.428565 3.3622425
-0.63291991 17.763491 4.3362012
-1.0459082 17.485834 4.2733378
-1.8404882 16.975372 4.1654539
-2.9237792 14.096642 3.5121014
-4.5458202 17.59967 4.4343905
-4.8682032 17.12985 4.3443513
-4.7603221 15.333375 3.9167364
-5.3270993 14.626517 3.7974651
-5.5979395 14.288337 3.7436461
-5.9163184 14.090288 3.7280779
-7.355742 15.392766 4.1618371
-11.953379 23.536797 6.4399014
-12.795527 23.757292 6.5828104
-13.68127 23.996521 6.7386131
-14.615947 24.25646 6.9086504
-15.605449 24.53928 7.0943937
-21.044403 -6.4758792 5.3714037
-21.060566 -7.0413671 5.4173255
-20.683378 -7.4747186 5.3651409
-20.053192 -8.935174 5.3556705
-19.154921 -21.957754 7.1084294
-17.193222 -21.742998 6.7622147
-16.369316 -21.760151 6.6427636
-15.573525 -21.776718 6.5311913
-14.803603 -21.792749 6.4269824
-14.05166 -21.799364 6.3270884
-4.5919628 -7.5160184 2.1486759
-4.3598728 -7.9772449 2.217751
-4.2657127 -8.2732029 2.2707515
-3.4068847 -7.4719262 2.0033317
-2.8860352 -8.3905182 2.1645885
-2.1234863 -8.0177088 2.0233765
-2.0243065 -8.4633207 2.1228855
-1.8312891 -8.5646114 2.1365867
-1.5515624 -9.4702587 2.3410957
-2.5284081 -22.055874 5.4158325
-1.9916503 -22.06723 5.4052453
-0.92288083 -22.089838 5.3935804
2.2912598 -22.163599 5.4356828
3.93416 -22.199764 5.5000753
4.4913864 -22.211088 5.528131
6.2024317 -22.245859 5.6339307
7.3883886 -22.283085 5.7270474
7.9946189 -22.295795 5.7782202
8.6121283 -22.308744 5.8337379
9.2420406 -22.321957 5.8938022
9.88834 -22.342093 5.9603825
11.22081 -22.369873 6.105247
4.4577246 -8.3763704 2.3147886
12.621894 -22.397095 6.2717266
13.353261 -22.41292 6.3645411
14.107109 -22.429228 6.4639673
14.885283 -22.44607 6.5704241
16.525888 -22.484606 6.8073912
17.34705 -22.446136 6.9204721
12.634072 -10.041635 3.9370549
13.040684 -9.8609829 3.9884453
13.877207 -8.5259104 3.9732726
12.209873 10.879519 3.9895391
8.8309565 9.0968361 3.0928943
8.2681637 8.9388447 2.9704723
8.7047358 9.8786411 3.2120335
7.53374 9.4303999 2.9445593
7.6174216 10.540154 3.1725116
6.8302441 11.055417 3.1702099
5.8342285 11.178266 3.0760472
5.838418 12.637605 3.3960838
5.6312108 13.004207 3.457077
-1.2211523 16.493639 4.0346794
-4.9303417 15.121448 3.8800468
-5.2128711 14.769065 3.8207927
-5.4869919 14.426894 3.7654314
-6.0737109 13.909999 3.7027631
-7.0491991 15.137344 4.0735712
-11.617119 23.4508 6.3843737
-13.309727 23.895288 6.6725922
-14.223545 24.146435 6.8365917
-20.331894 -6.0354419 5.1739354
-21.216944 -7.4292932 5.4840631
-20.482147 -7.7316208 5.3408084
-19.7225 -7.9936328 5.1915154
-20.223436 -8.7704973 5.3775291
-19.217529 -9.4604511 5.2254438
-18.412977 -21.720522 6.9465203
-16.706152 -21.753139 6.6911283
-15.899023 -21.769941 6.5763621
-15.118681 -21.786188 6.4691715
-14.356572 -21.79229 6.366251
-4.6382518 -7.424407 2.1355968
-4.5252733 -7.6482177 2.167928
-4.4089646 -7.8794155 2.2026644
-4.3460059 -8.2265882 2.2697351
-3.4016504 -7.7493167 2.0645823
-3.4847655 -8.4894247 2.2387071
-2.9907715 -8.421175 2.1800809
-1.9283301 -8.5984364 2.1497142
-1.6448339 -9.4482784 2.3395991
-3.2939939 -22.05883 5.4409771
-2.7533398 -22.071516 5.4261432
-2.2131445 -22.062546 5.4092288
-1.677539 -22.073877 5.4005132
-0.60990232 -22.096455 5.3925457
-0.076640621 -22.107729 5.3932753
0.45705077 -22.119009 5.3971457
4.2605076 -22.206396 5.5161176
4.8211813 -22.217793 5.546237
5.9627929 -22.240992 5.6173606
7.7428808 -22.290518 5.7565646
8.9802542 -22.316467 5.8684254
9.6207905 -22.336515 5.9330192
10.272812 -22.350107 6.000731
10.940234 -22.364023 6.0735841
13.792842 -22.422432 6.4220638
14.560693 -22.439047 6.5255585
15.354189 -22.456221 6.6363764
16.178144 -22.477591 6.7561083
16.993759 -22.447945 6.8684597
12.553545 -10.183487 3.9434052
12.871377 -9.9361744 3.9667637
12.181708 -8.9432058 3.6866362
13.451806 -9.3847284 4.0013003
14.030585 -8.348835 3.9829381
13.559131 -7.6314793 3.7957182
14.577969 -7.7478585 4.0274138
14.691191 -7.3591404 4.0084639
12.472949 10.892822 4.0398154
11.261952 10.836162 3.8126464
8.303916 8.7998657 2.9516521
7.8616991 9.1807737 2.9486279
7.7055564 9.450737 2.9747441
7.9136133 11.283131 3.3620732
8.1904974 12.966293 3.7413871
6.8059177 12.022135 3.3701885
6.0458593 11.307492 3.1280408
5.7862988 11.479825 3.1361711
5.7176852 12.851078 3.4313495
-2.9799511 14.070558 3.5086858
-4.8109961 15.270212 3.9057183
-5.6442184 14.230532 3.7346673
-6.7554393 14.892604 3.9893932
-11.287207 23.367594 6.3307738
-12.096747 23.573837 6.4638567
-13.840019 24.040146 6.7670999
-14.783681 24.30386 6.9397297
-21.044991 -7.1343985 5.4209681
-16.22913 -21.763071 6.6228352
-4.5723338 -7.5548997 2.1542909
-4.3841891 -8.1023064 2.2473903
-4.231904 -8.2928619 2.2712555
-3.4053514 -7.5522776 2.0210307
-3.3961425 -8.0443459 2.1301582
-2.9088182 -7.9385552 2.0625424
-2.8424511 -8.3778362 2.1582239
-2.5967383 -8.3071327 2.1232481
-2.0696485 -7.9489818 2.0038264
-1.7908398 -8.5505667 2.1311915
-1.5123047 -9.4795208 2.3417966
0.77091795 -22.129021 5.4017072
1.3067774 -22.141211 5.4108067
2.3854296 -22.165739 5.4386144
2.9295995 -22.17811 5.4574051
3.4778807 -22.190571 5.4795313
4.0306053 -22.201723 5.5047045
4.5887985 -22.21307 5.5333605
7.4929395 -22.285278 5.7356324
8.1010647 -22.298029 5.7875481
9.3527927 -22.324282 5.9047117
11.339697 -22.372351 6.1188445
14.240488 -22.432116 6.4819436
15.023164 -22.449055 6.5896802
17.494316 -22.441664 6.9416404
12.703955 -10.010572 3.945719
13.003593 -9.7475157 3.9645727
11.987871 -8.5423317 3.5910008
13.730156 -8.8173265 3.9807091
13.922461 -8.4735079 3.9760222
13.751992 -7.9215684 3.8716216
14.795449 -8.0536156 4.1094737
22.544872 -8.9483204 5.9172668
12.101347 10.874187 3.9689429
11.499795 10.846331 3.8563671
10.934101 10.822974 3.7531543
8.2529392 8.9977646 2.9785297
8.693965 9.9502163 3.2234235
7.8813572 9.4719687 3.0060081
7.9814939 10.077203 3.1360435
7.5818944 10.584188 3.1761682
8.4192963 13.038788 3.7863359
6.8820701 11.878935 3.3491051
5.8202634 11.266366 3.0935516
5.8029394 12.700327 3.4063714
5.5944433 13.069332 3.4681201
-21.056669 -7.2742209 4.9059653
-19.900967 -7.9690008 4.7208691
-19.666523 -8.9988909 4.7627869
-19.273613 -9.3878927 4.7211213
-19.476719 -21.69854 6.4210515
-16.037304 -21.767118 5.9540544
-15.25249 -21.783459 5.8561406
-14.486621 -21.7903 5.7623167
-13.751074 -21.80735 5.6774216
-4.1302929 -8.2105112 2.0239952
-3.5009668 -7.39889 1.8025684
-3.2704198 -8.4425411 1.9938225
-3.0361719 -8.4366903 1.9745625
-2.8045018 -8.4256172 1.955561
-2.577246 -8.415144 1.9381318
-2.3540721 -8.4056311 1.9222965
-1.9813184 -7.7940707 1.7709868
-2.1272168 -9.3024282 2.1014457
-1.9034179 -9.3571272 2.1028123
-1.6787401 -9.4094467 2.1048512
-3.3881543 -22.05603 4.9141216
-2.8469822 -22.068727 4.9002147
-2.3064454 -22.061098 4.8847437
-1.7705176 -22.072435 4.876369
-1.2360938 -22.08374 4.8708615
-0.70256835 -22.095018 4.8681922
-0.16930664 -22.106293 4.8683615
1.4353417 -22.144585 4.8868785
1.9739257 -22.156836 4.8986673
2.51542 -22.169149 4.9133811
3.0605078 -22.181543 4.9310598
3.6097069 -22.193422 4.9516287
4.7233887 -22.216059 5.0017457
5.2893848 -22.227564 5.0316072
5.8624997 -22.239214 5.0647964
7.0373631 -22.275391 5.1444397
7.6374121 -22.287966 5.1884007
8.2481833 -22.300772 5.2361941
8.8706732 -22.313822 5.2879815
9.5059662 -22.327143 5.3439393
10.158164 -22.347063 5.4058123
11.504024 -22.375109 5.5405326
13.661699 -22.419281 5.7815866
14.425303 -22.435802 5.873909
16.033018 -22.474043 6.0795512
16.846727 -22.448666 6.180861
17.69875 -22.435463 6.2929926
18.590078 -22.430481 6.4155712
13.53038 -9.0439825 3.5839837
13.670966 -8.212635 3.5120752
14.641621 -7.4112329 3.6138916
11.988125 10.381186 3.4922779
11.402314 10.365689 3.3935118
10.330625 10.344474 3.2194853
10.191377 10.709774 3.2556853
8.1290913 9.4128628 2.7389019
8.0606146 9.8020201 2.7947204
7.9921093 10.211226 2.8555717
7.6720605 10.84176 2.9248815
7.3331051 10.911884 2.8952124
6.631865 10.977551 2.824367
6.6667576 11.662064 2.9582269
6.0288377 11.162881 2.7938848
5.8332224 11.453212 2.8304913
5.7124901 12.695854 3.0658417
7.9450779 23.478542 5.4584293
-5.0920019 15.104703 3.5102587
-5.3838282 14.782279 3.4645128
-6.6123142 14.741086 3.557888
-10.556669 22.091064 5.3917913
-11.304423 22.258986 5.497756
-12.086269 22.44046 5.6129861
-12.906015 22.636745 5.7383142
-13.768037 22.849283 5.874712
-14.677246 23.079689 6.0232577
-20.362743 -6.2661209 4.6917639
-20.968056 -7.0104389 4.8687921
-19.071142 -8.4976025 4.597858
-19.365692 -9.1950445 4.7209921
-18.049717 -21.727417 6.2204275
-17.193251 -21.743052 6.1043386
-16.369345 -21.760206 5.9965038
-14.052295 -21.800367 5.7117834
-4.5652733 -7.4723229 1.9283527
-4.451201 -7.6970634 1.9580595
-4.3336425 -7.9292712 1.9899477
-4.2095995 -8.1644077 2.0228734
-3.3226171 -7.7790227 1.862805
-3.1309862 -8.4352913 1.9814402
-2.4458008 -8.4094667 1.9286531
-3.0701756 -22.06349 4.9056048
-1.9916894 -22.067759 4.8794818
-0.92291015 -22.090361 4.8689489
0.67798829 -22.127357 4.8751378
1.2135448 -22.13954 4.8828535
2.2913086 -22.164053 4.9069419
2.8348534 -22.176411 4.9233947
3.9342186 -22.20002 4.9650321
5.6247754 -22.234379 5.0506744
6.7923532 -22.270254 5.1273627
8.6120119 -22.308397 5.2660899
10.546269 -22.355148 5.443347
14.106904 -22.428913 5.8350029
14.885077 -22.445747 5.9311032
16.525429 -22.483974 6.1449237
12.685205 -10.082267 3.5684021
13.125312 -8.963788 3.5001812
13.740986 -8.905858 3.605999
13.827343 -8.4952707 3.5738225
14.648457 -7.5990515 3.6340911
11.639932 10.371666 3.4332855
11.074843 10.358173 3.3393719
10.179482 10.485963 3.2183349
8.1573925 9.2574854 2.7172155
8.0888968 9.6389437 2.771076
8.0204296 10.039599 2.8297906
7.9518261 10.46165 2.8938227
7.8146386 10.813041 2.9380009
7.1380272 10.953475 2.8791411
6.7497654 10.925168 2.8280609
6.1252637 10.471195 2.6715021
5.9047461 12.011229 2.9474382
5.7969337 12.547761 3.0438836
5.2468653 13.922736 3.2765362
8.2304983 25.505812 5.9020581
-1.7915527 24.197853 5.3433967
-2.3857226 24.258249 5.3678856
-2.7905078 14.162526 3.1788127
-4.6485157 15.517798 3.5673382
-4.9406247 15.153003 3.5098615
-5.5516305 14.596819 3.4391289
-5.8320017 14.286793 3.3982537
-7.0239062 15.083014 3.6640551
-10.991572 22.188028 5.4528966
-11.758906 22.36377 5.564208
-13.406484 22.759401 5.8169498
-19.762333 -8.0097675 4.6958947
-20.101015 -8.7173939 4.8249583
-19.331474 -9.5165558 4.745028
-19.315987 -21.701792 6.3979974
-18.412588 -21.720074 6.2705612
-17.542421 -21.735783 6.1510801
-15.11872 -21.786245 5.8398008
-14.357226 -21.793301 5.7471442
-4.0969334 -8.2299471 2.024534
-3.3148046 -8.0753841 1.9223384
-3.0349512 -7.9332871 1.8705326
-2.7647071 -8.4237556 1.9524217
-2.2370214 -8.1185818 1.854489
-1.9304687 -7.7295542 1.7544737
-1.8643945 -9.3662014 2.1030769
-3.2939062 -22.058241 4.9114909
-2.7532616 -22.070927 4.898097
-1.1433399 -22.085701 4.8701935
-0.60993165 -22.096977 4.8680182
-0.076650389 -22.108252 4.8686771
0.99208003 -22.134502 4.8793168
1.5287499 -22.146711 4.8887196
2.0677733 -22.15897 4.9010115
2.6098535 -22.171295 4.9162402
3.705615 -22.19537 4.9554858
4.2605467 -22.206656 4.9795079
5.3884082 -22.22958 5.0371323
6.5454197 -22.253088 5.1081257
7.1408887 -22.277557 5.1518073
8.9801168 -22.316118 5.2974029
9.6205072 -22.335861 5.3556342
10.2725 -22.349443 5.41676
10.939902 -22.363352 5.4825177
11.62415 -22.377611 5.5531669
13.04831 -22.406015 5.7099352
14.560497 -22.438728 5.8906012
15.353954 -22.455893 5.9906354
18.752295 -22.434164 6.4390454
12.760537 -9.8506117 3.55
13.607636 -9.0133543 3.5944116
13.516777 -8.0430927 3.4637694
13.346943 -7.5120554 3.3728099
14.655507 -7.7890673 3.6549225
14.638799 -7.3328986 3.6055729
11.88372 10.378237 3.4745007
11.304189 10.363346 3.3772027
10.196377 10.805352 3.2717204
8.9585257 9.9646015 2.9508312
8.1171875 9.4791183 2.748255
8.0487204 9.8716145 2.8049181
5.9385643 11.78191 2.9055493
5.8547654 12.348092 3.0094578
5.6766305 12.758786 3.0752685
5.3665137 13.82118 3.2650671
8.4752541 23.49214 5.4997826
7.8375387 23.48443 5.4521122
-1.5477734 24.17531 5.3347492
-2.9788086 14.065116 3.1661005
-5.1432419 15.048097 3.5020812
-5.4337497 14.727101 3.4568889
-6.7316794 14.84024 3.5886011
-10.684248 22.119308 5.4095645
-13.922402 22.887953 5.8995972
-14.840429 23.121689 6.0504031
-16.845078 23.651842 6.3945508
-19.978613 -7.8664804 4.7284222
-19.384668 -9.3038549 4.7350883
-17.898779 -21.730473 6.1997623
-16.229151 -21.763124 5.9785075
-15.438007 -21.779596 5.878974
-13.925146 -21.803314 5.6972113
-4.5456834 -7.5108604 1.933365
-4.4310155 -7.7368526 1.9634391
-4.17625 -8.1837816 2.0233173
-3.5106933 -7.3099308 1.785807
-3.3203418 -7.864779 1.8799913
-3.3148143 -8.4125967 1.9912394
-3.0923436 -8.4394331 1.979351
-2.8595409 -8.4282131 1.9599634
-2.6312695 -8.4175978 1.9421654
-2.4071484 -8.4078426 1.9259498
-2.0529883 -7.8850155 1.7943159
-1.982373 -8.4442673 1.910138
-1.9571484 -9.3446388 2.1025107
-1.5075293 -9.4496107 2.1072929
-2.9762988 -22.065693 4.9032779
-2.4350586 -22.058376 4.8871732
-1.3639063 -22.081036 4.8719196
-0.8302148 -22.092321 4.8685737
-0.29698241 -22.103596 4.8680615
2.3854883 -22.166195 4.9095926
5.7246094 -22.23641 5.0565443
8.1009474 -22.297682 5.2243934
8.7205467 -22.310673 5.2752104
10.001328 -22.343796 5.3909583
10.662227 -22.357565 5.454771
12.034141 -22.386162 5.597023
12.747216 -22.399502 5.6756082
14.240293 -22.431799 5.8512287
15.022949 -22.44873 5.9484854
16.645615 -22.44964 6.1545525
13.469462 -8.6499281 3.5252013
13.892431 -8.4552307 3.5814488
13.635566 -7.8545055 3.4653606
14.645536 -7.5197935 3.6255188
22.542793 -8.9474955 5.341083
12.133935 10.385427 3.5172217
11.539248 10.369081 3.416383
10.452607 10.34638 3.2388177
10.184492 10.579492 3.2339075
8.0085354 10.111323 2.8405211
6.7400293 11.012363 2.8432927
6.6814451 11.532649 2.935138
5.8522754 11.328336 2.8079407
5.5538473 12.974467 3.1079826
8.0977926 23.482267 5.4700751
-20.394579 -6.4991522 4.2107697
-20.256172 -8.1112356 4.292357
-19.816973 -8.4956884 4.2415004
-19.717655 -9.0222816 4.2656021
-19.249647 -9.3762217 4.2120829
-18.566542 -21.716503 5.620513
-17.692167 -21.734209 5.5129886
-16.037363 -21.767172 5.3187017
-15.252509 -21.783516 5.2312317
-4.4925194 -7.5207496 1.7233284
-4.2584763 -7.9797363 1.7793034
-2.7804589 -8.353404 1.7319071
-2.5553808 -8.3437939 1.7166288
-2.2471581 -8.0238342 1.6391679
-2.1041405 -9.2015486 1.8568379
-2.8469043 -22.068144 4.3771873
-2.3065135 -22.061615 4.3635826
-1.7705663 -22.072954 4.3561058
-0.7025879 -22.095537 4.3488002
0.89907223 -22.132832 4.3575249
3.609746 -22.193672 4.4232807
4.1637888 -22.204935 4.4442549
5.8625684 -22.23947 4.5243711
7.6373143 -22.287626 4.6346674
8.2480564 -22.300428 4.6773553
9.5058203 -22.326792 4.7735991
10.157851 -22.346409 4.8288035
10.822471 -22.360249 4.8868084
12.921103 -22.402962 5.0875516
13.661504 -22.418974 5.1645474
14.425107 -22.435488 5.2470198
15.213964 -22.452549 5.3353209
16.032568 -22.473425 5.4306407
16.846718 -22.448671 5.5212946
17.698769 -22.435465 5.6214542
18.590088 -22.430489 5.7309508
12.903867 -9.5568609 3.1588085
13.39039 -8.9504042 3.1684051
13.822061 -8.7640047 3.2195635
14.30582 -8.5940151 3.2829821
14.58999 -7.3850999 3.2168622
11.449814 9.9150486 2.9795318
9.0998831 10.036908 2.6651337
8.4022951 10.217517 2.6023114
7.501318 9.5841503 2.3941996
7.3804297 10.429644 2.513443
7.1286621 10.607649 2.5141499
5.9947653 11.77039 2.5984666
5.8739743 12.255689 2.6735301
5.5188379 14.038763 2.9674151
5.2238965 14.291887 2.9934008
7.1959763 23.084846 4.7567368
-1.9238183 22.884108 4.5176053
-2.4869726 22.938118 4.5387921
-3.0565722 22.998928 4.5640936
-3.6339257 23.066759 4.5936217
-2.6006737 14.260896 2.8516479
-8.0121775 23.767019 4.9339318
-9.4240627 24.054201 5.0821085
-9.7992477 23.337908 4.9792829
-10.727763 21.123508 4.6605549
-11.45749 21.272985 4.7531576
-13.860937 21.796068 5.0812573
-14.747519 21.999462 5.2101245
-16.68037 22.459284 5.5033875
-17.740049 22.719757 5.6704612
-20.293467 -6.2447948 4.1768327
-20.688496 -6.9169736 4.2912464
-20.733505 -7.4928341 4.3368273
-19.695839 -7.6599436 4.1572313
-20.03417 -8.3533955 4.2699504
-19.441523 -9.2310505 4.2337193
-16.369394 -21.760263 5.3566165
-15.573604 -21.776831 5.266644
-14.803661 -21.792858 5.1826124
-14.052949 -21.801361 5.1024981
-4.5391307 -7.4295592 1.7127165
-4.4253221 -7.6523399 1.7389457
-4.3080368 -7.8823972 1.7670882
-4.1553807 -8.0592537 1.7837334
-3.965791 -8.1696405 1.7864641
-3.4359276 -7.5356197 1.6292155
-3.2513084 -7.6120844 1.6283107
-3.2341893 -8.108139 1.7172279
-3.1060448 -8.3680944 1.7558961
-2.874707 -8.357585 1.7386286
-2.3767676 -8.1720886 1.6742115
-2.0721581 -7.8239536 1.5921812
-1.9770215 -9.2461672 1.8600047
-3.6126072 -22.050175 4.3955064
-3.0700977 -22.06291 4.3820019
-2.5285351 -22.056919 4.367425
1.7511425 -22.152216 4.3713446
2.2913475 -22.164501 4.3834043
3.3824022 -22.18931 4.415463
3.9342675 -22.20027 4.4352546
5.0547853 -22.223051 4.4833512
5.6248341 -22.234638 4.5117564
6.2025681 -22.246378 4.5431929
6.7922559 -22.269917 4.5801444
7.388154 -22.282406 4.6180353
8.6118746 -22.308052 4.7040601
9.2417479 -22.321257 4.7524924
9.8877831 -22.340786 4.8060498
11.220137 -22.36853 4.9228497
4.457129 -8.375248 1.866348
13.35289 -22.4123 5.1320953
14.106718 -22.428602 5.2122626
15.692158 -22.466564 5.3909178
16.524971 -22.483349 5.4890356
18.208975 -22.421835 5.6820817
13.057549 -9.8737364 3.2203619
13.599267 -8.8140116 3.1879766
13.677666 -7.5196652 3.0704722
14.596572 -7.5721397 3.2347925
10.525381 11.379169 3.0492566
7.4573531 9.8111238 2.4242737
7.1897459 10.47155 2.4987574
6.9425683 10.653535 2.5014751
6.538662 11.177893 2.5474875
-1.1367773 22.818979 4.4944797
-2.2536035 22.914997 4.5295486
-2.8204002 22.972969 4.5531359
-3.3943944 23.037861 4.5808964
-2.7895899 14.157902 2.8386688
-5.1726952 23.276901 4.6906962
-5.7890038 23.372494 4.7367344
-6.4197364 23.476719 4.7878547
-9.1245604 23.991098 5.0493073
-9.1100874 20.863894 4.4785109
-9.746933 20.930405 4.5419559
-10.435215 21.064943 4.624455
-11.900947 21.366085 4.8111315
-12.685019 21.534618 4.9165831
-13.50831 21.716625 5.0310931
-16.261875 22.357958 5.4385648
-20.437588 -6.607336 4.2253294
-20.234219 -8.2010345 4.2949533
-19.635468 -9.0844135 4.2560205
-18.412207 -21.719629 5.6012993
-17.542461 -21.73584 5.4946966
-14.3579 -21.794298 5.1340895
-4.472744 -7.5594525 1.7278856
-4.2336326 -8.0138874 1.7829454
-4.0441599 -8.1239367 1.7851951
-3.8543553 -8.2348413 1.7886072
-3.4095409 -7.7672753 1.668694
-3.2414453 -7.8966808 1.6792011
-2.969707 -8.3618603 1.7455894
-2.0665526 -9.2147255 1.8577327
-1.630957 -9.3685436 1.8706837
-3.2938085 -22.057659 4.3872581
-2.7531934 -22.070347 4.3752985
-1.1433691 -22.08622 4.3505893
-0.60994136 -22.097498 4.34864
1.5287793 -22.147158 4.3671203
2.0678124 -22.159418 4.3781018
3.1556933 -22.184155 4.4079652
3.7056639 -22.195621 4.4267268
4.8212986 -22.218306 4.4724736
6.5454783 -22.253349 4.563076
7.7426367 -22.289833 4.6418314
8.9799709 -22.315769 4.7320275
10.272207 -22.348789 4.8385816
10.93959 -22.36269 4.8973217
18.752295 -22.434172 5.7519236
12.967656 -9.5202045 3.1646259
13.217793 -8.7551241 3.1188543
13.659931 -8.5811529 3.1733942
13.687901 -8.1449156 3.1333148
14.6033 -7.7613254 3.2532678
10.812597 9.9126768 2.8856232
11.370009 12.049057 3.2589808
10.548467 11.733119 3.1037688
9.2666597 10.821461 2.8026347
7.3237009 10.442034 2.5090103
7.0733299 10.621222 2.5103171
6.7586617 10.699553 2.4895554
6.652441 11.116604 2.5485027
5.0854492 11.430064 2.4610121
5.467988 14.08252 2.9717944
5.1720505 14.336196 2.9981134
7.6702147 22.98308 4.7663341
-1.4625683 22.84446 4.5031266
-2.0212402 22.893007 4.5209937
-2.5854003 22.948181 4.5428848
-3.1562793 23.010197 4.5689149
-3.7350976 23.079281 4.5991912
-2.6567872 14.230301 2.847733
-2.9776757 14.059724 2.8271544
-5.5326953 23.331972 4.7171082
-6.7973142 23.542122 4.8203421
-8.8292866 23.93001 5.0176744
-9.8082619 23.087654 4.9346204
-11.587548 21.300112 4.7700291
-12.356591 21.46343 4.8719659
-15.853857 22.260082 5.3760509
-17.931366 22.767359 5.701055
-20.862577 -7.0725651 4.3334699
-20.721289 -7.5867968 4.3408856
-19.942451 -8.4134474 4.2578797
-19.360537 -9.2922821 4.2245336
-19.699688 -21.693563 5.7645173
-18.781006 -21.712162 5.647377
-17.898428 -21.730034 5.5380602
-16.229208 -21.76318 5.3405485
-15.438037 -21.77965 5.2516284
-13.925771 -21.804306 5.0894794
-4.5196095 -7.4677625 1.7171413
-4.4052048 -7.6917701 1.7436957
-4.2872653 -7.9231744 1.7721839
-4.1224608 -8.0783758 1.7841254
-3.4282324 -7.6030331 1.6406699
-3.2484374 -7.6944871 1.6430094
-3.2310545 -8.2000265 1.7338033
-2.8349707 -8.3558168 1.7357728
-2.6088672 -8.3459692 1.7201487
-2.3215625 -8.1088877 1.6592546
-2.1559081 -9.1834345 1.8556647
-1.9393066 -9.2594404 1.8610249
-1.721416 -9.3364277 1.8676029
-2.9762206 -22.065111 4.3799253
-0.29700196 -22.104113 4.3486795
0.2364746 -22.115391 4.3507581
0.7709375 -22.129917 4.3560047
2.3855274 -22.166645 4.3857646
2.9297266 -22.179018 4.4009199
4.5889063 -22.213579 4.4620924
5.1533298 -22.225054 4.4880738
6.8950586 -22.272072 4.5864854
8.1008101 -22.29734 4.6668139
10.001044 -22.343143 4.815537
12.033779 -22.385483 4.9995999
12.747041 -22.399199 5.0698862
13.482197 -22.415094 5.145628
15.022724 -22.448412 5.3136315
16.645615 -22.449648 5.4977899
18.368456 -22.425455 5.7024627
12.721123 -10.024102 3.1860478
13.129248 -9.8417063 3.2278435
12.572734 -8.9590969 3.0369866
14.593779 -7.4932213 3.2271862
11.031884 9.9131613 2.917628
8.1350489 10.271058 2.5774872
7.3683982 10.286146 2.4890747
7.2052441 10.588957 2.5195422
6.8614354 11.21073 2.5856304
6.2470016 10.782756 2.4514368
5.81249 11.251304 2.491241
5.9213085 12.173503 2.6630182
5.5142088 12.881899 2.7565172
5.2975683 13.250577 2.807235
4.9956541 14.486589 3.014467
7.3084178 22.977539 4.7432427
-20.325487 -6.4771314 3.6996129
-20.615244 -7.1217265 3.7825396
-19.543066 -8.9424086 3.7272339
-18.854599 -9.1837997 3.6371386
-19.475878 -21.697634 5.0564795
-17.691826 -21.733774 4.8601465
-16.849384 -21.750326 4.7715073
-14.487949 -21.792292 4.5383396
-4.4670215 -7.4780645 1.5106539
-4.2127733 -7.8941092 1.5517915
-4.0256739 -8.0025244 1.553553
-3.8382323 -8.1116905 1.5563115
-3.0486133 -8.4712524 1.5613725
-2.5103319 -8.1966705 1.4866859
-2.1968944 -7.8443809 1.4127617
-2.2953417 -9.029397 1.6157341
-2.0817676 -9.1036978 1.619568
-1.8671484 -9.1788177 1.6244438
-3.3879786 -22.054867 3.8697515
-2.8468261 -22.067568 3.858803
-1.2361523 -22.08477 3.8360686
-0.70259762 -22.096052 3.8339684
-0.1693164 -22.107327 3.834096
0.36429685 -22.118605 3.8364611
0.89909178 -22.133274 3.8416491
1.9740039 -22.157728 3.8579419
2.5155272 -22.170044 3.8695319
4.723496 -22.216566 3.9390483
5.2894921 -22.228073 3.9625695
7.0371485 -22.274721 4.0512133
7.6371875 -22.287289 4.085834
9.5056734 -22.326445 4.2083111
11.50334 -22.373774 4.363009
13.661318 -22.418667 4.5529752
14.424902 -22.435175 4.6256738
15.21375 -22.45223 4.7035208
16.032139 -22.472813 4.7874928
17.698769 -22.435469 4.955843
18.590078 -22.430498 5.0523767
13.146973 -9.7369165 2.8372529
12.625401 -8.8870955 2.6776237
14.397754 -8.1831417 2.8720672
14.429746 -7.7468405 2.8403294
11.125917 12.271583 2.8726861
9.9419823 11.512059 2.637959
8.5070114 11.426707 2.4705641
7.9126368 11.774226 2.4602168
5.7623239 11.314022 2.2019718
5.3066602 11.793946 2.242887
5.4250584 12.878697 2.4235728
5.6240916 14.306501 2.6659479
8.2325487 22.523144 4.1588469
6.5444627 22.92762 4.1350565
-1.2953417 21.655766 3.7623832
-1.8239746 21.696449 3.7759972
-2.3573241 21.742361 3.7927806
-3.4423144 21.850538 3.8361828
-2.5998242 14.256262 2.5131786
-5.1327829 22.056808 3.9274273
-5.7181053 22.138351 3.9653614
-9.5537987 19.992434 3.8427496
-10.895625 20.229797 3.9848676
-13.136758 20.657307 4.245564
-13.958515 20.822483 4.3474755
-14.824707 21.000874 4.4581156
-16.711962 21.403076 4.7093358
-17.745831 21.630337 4.8521624
-18.850048 21.87779 5.0082579
-20.831787 -6.4104486 3.7799518
-20.470772 -6.8441801 3.7433257
-20.52457 -7.4173326 3.7847948
-20.372705 -7.9231944 3.7909465
-19.667616 -8.2005568 3.6954918
-18.392538 -9.2832251 3.5730052
-18.048985 -21.726538 4.8985014
-17.19334 -21.743164 4.8072953
-13.330468 -21.819077 4.4343281
-4.1030078 -7.9576502 1.5527058
-3.1767285 -8.5585575 1.5832216
-2.6257031 -8.2778206 1.5060759
-2.3224707 -7.9853978 1.442256
-1.9559667 -9.1476746 1.6223021
-3.6125195 -22.049599 3.8749535
-3.0700195 -22.062328 3.8630493
-1.9917871 -22.068789 3.8428545
-1.4567969 -22.080105 3.8375871
-0.92294919 -22.091396 3.8345635
-0.38965818 -22.102671 3.8337731
1.2136035 -22.140429 3.8454864
1.7511816 -22.15266 3.853828
2.2914062 -22.164946 3.864459
2.8349609 -22.177309 3.8774164
3.3824608 -22.189758 3.8927276
6.2026267 -22.246635 4.0052967
6.7921481 -22.269587 4.0377674
7.3880467 -22.28207 4.0711694
9.241621 -22.32091 4.1897039
11.219805 -22.36787 4.339829
12.621387 -22.396183 4.4583869
13.352715 -22.411991 4.5243583
14.884648 -22.445114 4.6707139
15.691738 -22.465954 4.7524738
16.524511 -22.482723 4.8389659
12.994208 -9.8258371 2.8252788
12.296094 -8.839901 2.6263483
13.116094 -8.9574881 2.7545171
13.709374 -8.8853779 2.8332574
13.745537 -8.4450178 2.7977991
14.44874 -7.4954453 2.8228924
11.46 12.389597 2.9269109
9.9922361 11.33977 2.6211731
8.7007904 10.368098 2.3473506
8.6260252 10.797665 2.3967798
8.7255659 12.073486 2.5834332
7.9646091 11.600111 2.4403019
6.9948926 11.321908 2.3080246
6.2617579 11.322736 2.2439311
5.8752832 11.256933 2.2021506
5.2000685 11.255844 2.150305
5.5118361 12.728553 2.4055381
5.2995605 13.096069 2.4501102
5.448916 14.458891 2.6796997
7.871201 22.51849 4.1369967
7.264482 22.512236 4.102448
-2.1363573 21.722761 3.7854638
-2.6729198 21.771811 3.8041418
-6.0677342 22.189419 3.9895
-7.9383688 22.4909 4.1363354
-9.829092 22.510544 4.2598386
-9.2891989 19.947495 3.816129
-9.9366798 20.05859 3.8821216
-11.310596 20.30619 4.0310631
-12.042656 20.444136 4.1149411
-12.80917 20.592642 4.2058225
-14.461171 20.925489 4.4112968
-17.310682 21.534132 4.7916327
-18.384766 21.772957 4.9420581
-20.588379 -7.2091942 3.7831194
-20.418066 -7.7074261 3.784898
-19.88084 -8.621913 3.758117
-19.472822 -9.0091715 3.7210057
-19.315186 -21.700888 5.0383224
-17.542528 -21.735895 4.8441081
-16.706268 -21.753305 4.7567539
-15.118808 -21.786352 4.5989661
-14.358544 -21.795288 4.5263934
-13.626679 -21.812223 4.4603162
-4.331748 -7.741425 1.5384511
-4.1802831 -7.9128966 1.5520262
-3.9931347 -8.0214338 1.553961
-3.171875 -7.7271862 1.4486003
-3.275166 -8.5611839 1.589668
-2.9445019 -8.2908716 1.5258363
-2.4534764 -8.1326504 1.4731975
-2.1456053 -7.7868137 1.4007615
-1.8297168 -9.1919622 1.6253986
-3.2937305 -22.057079 3.8676825
-2.7531152 -22.069767 3.8571386
-2.2132909 -22.064106 3.8456933
-1.6776562 -22.075434 3.8394921
-0.60995114 -22.098013 3.8338292
0.99211913 -22.135389 3.8427019
1.5288086 -22.147602 3.8501048
2.0678613 -22.159863 3.8597882
2.6099608 -22.172192 3.8717792
3.1557617 -22.184605 3.8861132
3.705703 -22.195873 3.9026184
7.1406736 -22.276886 4.0570197
7.7425194 -22.289497 4.0921488
8.9798431 -22.315424 4.1716661
9.6199608 -22.334574 4.2174158
10.271914 -22.348141 4.2655401
10.939267 -22.36203 4.3173246
11.623457 -22.376274 4.3729539
12.325908 -22.390898 4.4326563
14.560078 -22.438095 4.638823
15.353535 -22.455254 4.7175946
17.848213 -22.430933 4.9713163
12.842813 -9.9141197 2.8137102
13.21164 -9.6993256 2.8424103
12.767763 -8.9075031 2.6998761
13.324785 -7.9288487 2.6890326
14.403173 -8.1065292 2.866344
14.435361 -7.6720638 2.8350775
11.807461 12.512644 2.9836407
10.989248 12.22339 2.8506005
9.9206057 11.585132 2.6451502
8.6314936 10.586383 2.3688602
8.5785646 11.055657 2.4268444
8.5021677 11.520695 2.4831598
8.0804682 11.521028 2.4404895
8.2874804 12.444367 2.5929596
7.0151954 11.105661 2.2780824
6.2224607 11.637796 2.2886775
5.7343554 11.376767 2.2094872
5.2647166 11.832986 2.2460942
5.5724316 14.351495 2.669956
8.1251364 22.521692 4.1522565
6.7748532 24.117373 4.3444719
-1.3869042 21.662468 3.7645237
-1.9162598 21.704042 3.7786815
-2.4505272 21.750889 3.7960308
-2.9907129 21.803146 3.8166356
-3.5379393 21.861006 3.8405914
-5.8211231 22.153225 3.9723637
-7.0384274 22.340105 4.0620875
-7.6714454 22.445112 4.113647
-8.3232422 22.558483 4.1700239
-8.9958296 22.680794 4.2315321
-9.6914454 22.812679 4.298521
-9.1361713 20.14101 3.8355381
-9.6662302 20.011728 3.8542113
-11.736269 20.385921 4.0794754
-12.488066 20.529938 4.1673827
-13.276552 20.68511 4.2626786
-14.980156 21.033325 4.4783015
-16.886894 21.44121 4.733264
-19.049707 21.923025 5.03685
-20.267206 -6.3298411 3.6822929
-20.322344 -7.4407248 3.753222
-20.234003 -7.967041 3.7713146
-19.04792 -9.1422291 3.6641827
-19.699257 -21.69311 5.0818553
-18.780624 -21.711718 4.978591
-14.672382 -21.795645 4.5565991
-13.206904 -21.821934 4.423615
-4.0704784 -7.97651 1.5530403
-3.6953027 -8.1953182 1.5590822
-3.1595018 -8.0184326 1.4946617
-3.1193066 -8.5130215 1.5723659
-2.8110547 -8.2852745 1.5173286
-2.5871093 -8.2763405 1.5038215
-2.3463476 -9.0117207 1.6149693
-2.132998 -9.0858364 1.618556
-1.702998 -9.2365723 1.6288594
-3.5180078 -22.051815 3.8727179
-1.8987304 -22.070759 3.8417797
0.23649414 -22.115902 3.8356915
1.8448046 -22.154789 3.8555095
2.929785 -22.179468 3.879909
3.4780955 -22.191933 3.8956304
4.5889454 -22.213833 3.9338
5.7247458 -22.236921 3.9822071
6.3038573 -22.248693 4.0103941
8.1007128 -22.297001 4.1141729
8.7202826 -22.309984 4.1541929
10.000751 -22.342499 4.2452259
10.661601 -22.356249 4.2954755
12.033427 -22.384809 4.4074864
13.482021 -22.414789 4.5362945
14.239892 -22.431177 4.6078172
15.022519 -22.448095 4.6844025
15.834238 -22.468824 4.7670755
16.645624 -22.449654 4.8468204
12.433027 -8.8595438 2.6476398
13.395342 -9.0660954 2.8051598
13.776269 -8.8469515 2.8393946
13.617285 -8.2877779 2.7645953
14.348818 -8.2653618 2.8717828
14.422021 -7.8503494 2.847688
11.317949 12.339381 2.9038153
9.9711914 11.411996 2.6281793
8.6883392 10.44182 2.355777
8.6122656 10.87359 2.4055977
8.5283108 11.31826 2.4577286
8.6777439 12.113968 2.5842865
7.9340329 11.660017 2.4458888
6.9861622 11.414512 2.3209119
6.2503123 11.414792 2.2569623
5.8351951 11.29528 2.2048485
5.3642578 11.740227 2.2385263
5.4754977 12.79143 2.4130609
5.3966794 14.504231 2.6838849
7.7650094 22.517256 4.1307511
6.6144528 22.675705 4.096446
-19.481543 -8.3518887 3.1861131
-19.810459 -9.0647583 3.274729
-17.691484 -21.733345 4.2123718
-16.849443 -21.75038 4.1356502
-16.037422 -21.767284 4.0640903
-15.252587 -21.783623 3.9972558
-13.75291 -21.810287 3.8757598
-4.2954001 -7.6015244 1.3124229
-3.975908 -7.9036045 1.3298768
-3.6049218 -8.1197081 1.3353908
-2.9826562 -8.2879677 1.3240178
-2.4529784 -8.0094032 1.2591255
-2.2714355 -8.935338 1.385828
-2.0600293 -9.0086422 1.3890824
-3.3879004 -22.054295 3.3539667
-1.7706348 -22.073978 3.3286963
-1.2361816 -22.085279 3.3249364
-0.70261717 -22.096561 3.3231158
-0.16932617 -22.107836 3.3232298
0.36430663 -22.119116 3.3252771
0.89910156 -22.133713 3.3297606
1.4354297 -22.145918 3.3358366
1.9740429 -22.158169 3.3438842
2.5155761 -22.170488 3.35393
3.0606933 -22.182886 3.3659973
3.609834 -22.19417 3.3799462
4.7235446 -22.216816 3.4141569
5.2895508 -22.228325 3.4345398
6.443789 -22.251791 3.4821825
7.0370507 -22.274387 3.5112829
7.6370702 -22.286957 3.5412865
8.2478123 -22.299751 3.5739055
9.5055275 -22.326101 3.6474535
10.821836 -22.358942 3.7338409
12.202119 -22.387661 3.8325779
12.920752 -22.402357 3.8873405
14.424706 -22.434862 4.0091863
15.213534 -22.451916 4.0766563
18.590107 -22.430502 4.3790808
12.991045 -9.621419 2.4299817
13.80829 -8.7552786 2.4576533
14.01083 -8.4168024 2.4568322
14.181171 -8.0600433 2.4518793
11.400497 11.980405 2.4858854
10.674404 11.773564 2.3888156
9.4097557 11.442632 2.2268748
8.4913473 11.99954 2.2096322
7.9401755 12.454038 2.2201269
6.3114352 11.686113 1.9964076
5.9686422 11.719113 1.9768647
5.1883984 11.53108 1.9006633
5.1726952 13.158243 2.1252146
7.9685254 21.800745 3.4890161
-1.2708496 21.246441 3.1993561
-0.49388671 5.8747778 0.88617444
-0.7816211 5.8812084 0.8917979
-5.5273046 21.399649 3.3222437
-7.8240428 21.482319 3.4366033
-10.112724 19.912476 3.3570099
-10.488593 19.474081 3.3248057
-11.115742 19.496655 3.3734753
-11.761885 19.519915 3.4256182
-13.254902 19.772863 3.5781751
-14.059375 19.916714 3.6645355
-14.907207 20.071795 3.7581658
-15.803251 20.239275 3.8598082
-17.763741 20.617006 4.0906816
-19.997715 21.063463 4.3657985
-20.801317 -6.4010801 3.2714324
-20.285292 -6.7821679 3.2150786
-20.321026 -7.3437743 3.2478869
-20.778358 -8.0809565 3.3511717
-18.048632 -21.726103 4.2456193
-16.369482 -21.76037 4.0930653
-15.573681 -21.776937 4.0243168
-13.331044 -21.820038 3.8435607
-4.3490915 -7.5205126 1.3058555
-4.2182517 -7.7181296 1.322111
-4.0842676 -7.9213061 1.3396394
-3.3109667 -7.7517233 1.2670323
-3.2591698 -8.170743 1.3222822
-3.0890918 -8.3224182 1.3343745
-2.2710254 -7.8085046 1.2223649
-2.3585351 -8.9052486 1.3847383
-2.1474805 -8.9782734 1.3876313
-1.9355078 -9.052002 1.391403
-4.1585255 -22.036211 3.370827
-3.612412 -22.049023 3.358474
-1.9918262 -22.0693 3.3308208
-1.4568359 -22.080614 3.3262553
1.7512109 -22.153101 3.3403203
2.291455 -22.16539 3.3495355
4.4915919 -22.212099 3.4063835
5.6249804 -22.235146 3.4475567
6.7920508 -22.269257 3.4996264
7.3879395 -22.281738 3.5285809
7.9941306 -22.294436 3.5601044
8.6116209 -22.307373 3.5943103
10.545362 -22.353189 3.7151434
12.621221 -22.395887 3.8641961
13.352539 -22.411692 3.9213738
14.106318 -22.427982 3.9826324
14.884443 -22.444801 4.0482211
15.691308 -22.465351 4.1190333
16.524052 -22.482109 4.193996
17.347059 -22.446152 4.2641406
19.161903 -22.465239 4.4383912
12.840625 -9.7097054 2.4198313
13.207031 -9.4947777 2.4449871
14.167304 -8.2400694 2.4635592
14.201133 -7.8074546 2.4359703
11.740214 12.093682 2.5335453
11.046865 11.942954 2.4454072
8.7939453 11.007853 2.1178148
8.8753319 11.676628 2.204633
7.9550681 11.586216 2.1125667
7.1226463 11.528691 2.0369852
6.527441 11.158719 1.9432163
6.4618163 11.684494 2.0070369
5.7288671 11.653449 1.9519066
5.0886817 11.751361 1.9249018
4.7754493 11.800908 1.9135822
7.0995798 22.001368 3.47505
6.5668945 22.166576 3.4751005
-1.2390722 24.872614 3.7433472
-1.5738477 21.257345 3.2040331
-0.57794923 5.8766551 0.88760328
-0.72186524 5.8798728 0.89046067
-2.7877929 14.148779 2.1676576
-5.2983103 21.391405 3.3126006
-6.4201074 21.431784 3.3629429
-6.9945703 21.452461 3.3916888
-7.5792575 21.473507 3.4229345
-8.7833691 21.51685 3.4933875
-9.4295502 21.595522 3.542074
-9.9187498 20.02239 3.3587017
-10.234648 19.464941 3.3056641
-10.854424 19.487251 3.352962
-12.183506 19.586779 3.4672809
-17.338495 20.533859 4.0396914
-18.38789 20.740173 4.1663647
-20.715693 21.210018 4.4565229
-20.015575 -6.4709129 3.1619525
-20.387774 -7.1389551 3.2470191
-20.23127 -7.63692 3.2504997
-19.953642 -8.087306 3.2363079
-19.147665 -8.3039436 3.1371753
-19.44998 -8.9986067 3.2213452
-18.62541 -9.1689749 3.1205194
-19.314785 -21.700443 4.3668122
-18.411465 -21.71875 4.2798357
-17.542559 -21.735952 4.1985731
-16.706308 -21.753359 4.1228638
-15.899179 -21.770161 4.0521522
-13.627304 -21.813192 3.8660893
-12.915996 -21.829634 3.8126428
-4.2726755 -7.6358495 1.3152455
-4.1400099 -7.8366647 1.332238
-3.7584863 -8.0300255 1.3327004
-3.5725584 -8.1386499 1.3360298
-3.281074 -7.9932361 1.2987834
-2.9383886 -8.273674 1.3197566
-2.6891406 -8.193512 1.2962388
-2.4455078 -8.8752661 1.383799
-2.2347753 -8.9480228 1.3863294
-2.0232031 -9.021451 1.389737
-1.8105371 -9.095644 1.3940312
-3.8375585 -22.043739 3.3633287
-2.7530468 -22.069197 3.3430357
-2.2133398 -22.064613 3.3332751
-1.143418 -22.08724 3.3244793
-0.076650389 -22.109795 3.3234453
2.0679102 -22.160303 3.3454828
2.6100097 -22.172636 3.3558788
4.2607031 -22.207405 3.3989782
4.8214159 -22.218805 3.4175384
5.9630566 -22.242018 3.4613702
8.3550777 -22.301996 3.5798454
9.6196775 -22.333937 3.6552825
10.271611 -22.347494 3.6969926
11.623115 -22.375614 3.7900891
12.325537 -22.390228 3.8418291
13.79208 -22.42119 3.9568169
15.35332 -22.454935 4.0888505
16.993769 -22.447964 4.2320929
18.752314 -22.434187 4.3951044
13.386455 -8.866847 2.4135604
13.67749 -8.5921822 2.4279368
13.70081 -7.711225 2.3632178
15.300634 -8.1319408 2.604558
8.9868555 11.581841 2.2035441
8.7163668 11.810939 2.2064695
8.1207905 11.578505 2.1258159
7.8918066 12.493425 2.221231
6.3859959 11.28037 1.9484581
6.2486424 11.686756 1.9920264
5.8984766 11.702382 1.9698533
5.1233301 11.515198 1.8944899
4.9043651 11.780384 1.9180876
8.4580078 21.783127 3.5124841
-1.0329003 25.933508 3.9012761
-1.360459 21.249664 3.2006719
-0.51874024 5.8753333 0.88657761
-0.6623047 5.878541 0.88921463
-0.95279294 5.887363 0.8964653
-2.97541 14.049101 2.1586242
-5.6240134 21.40313 3.3264134
-6.1855664 21.42334 3.3517785
-7.9275584 21.486044 3.4424829
-9.1547756 21.549433 3.5193756
-9.8267574 21.663416 3.5756793
-9.9015913 20.498962 3.4219196
-10.59622 19.477957 3.3330235
-11.226582 19.500645 3.3822784
-12.619697 19.661745 3.5118346
-14.203486 19.942829 3.6802678
-16.924257 20.453487 3.9904895
-19.037188 20.869629 4.2460971
-20.206982 21.106037 4.3921323
-20.795147 -6.4947214 3.2747111
-20.294434 -7.4305058 3.2485881
-19.834707 -8.9376621 3.2701495
-18.780243 -21.711273 4.3150396
-17.897696 -21.729162 4.2315168
-17.048134 -21.746244 4.1535206
-13.927031 -21.806265 3.8892705
-13.20749 -21.822895 3.8342755
-4.1951952 -7.7530284 1.3250624
-3.6494627 -8.0936604 1.3345516
-3.3022559 -7.8219628 1.2762392
-3.2497168 -8.2473631 1.3324645
-3.0441308 -8.3078537 1.3299824
-2.5304101 -8.0949659 1.2748524
-2.2191796 -7.7512927 1.211942
-2.3219237 -8.9178915 1.3851783
-2.1107323 -8.9910269 1.3882242
-1.8985547 -9.0648928 1.3921494
-3.51791 -22.051245 3.3565369
-1.8987793 -22.07127 3.3298895
-1.3640039 -22.082577 3.3256598
-0.83027339 -22.093863 3.3233733
0.23648436 -22.116415 3.3246129
1.8448437 -22.15523 3.3417754
2.3856249 -22.167532 3.3513415
4.0307908 -22.202728 3.3919444
4.588994 -22.214081 3.409605
7.4924903 -22.283928 3.5338683
8.1005764 -22.296665 3.5658538
10.000468 -22.341854 3.6793871
12.033076 -22.384146 3.8200145
12.746699 -22.398598 3.8738451
15.022305 -22.447783 4.0600824
15.833808 -22.468218 4.1316881
16.645634 -22.449657 4.2009149
18.368467 -22.425468 4.3573151
13.950518 -8.4905853 2.454813
14.173066 -8.1641197 2.4585917
14.20705 -7.7333264 2.4314024
22.537441 -8.9453697 3.6448724
11.595732 12.045468 2.513238
10.924678 11.910624 2.4293909
9.4418259 11.347355 2.2189102
8.4913177 10.720892 2.0557418
8.82833 11.716429 2.2051399
8.5566797 11.944966 2.2086463
7.9253125 11.647176 2.1176064
6.5372558 11.283758 1.9602003
6.3983688 11.68519 2.0025301
6.0426755 11.696887 1.9789698
5.0339451 11.759941 1.9228331
4.7214551 11.809563 1.9117601
7.5367184 21.855211 3.4750078
7.0073438 22.03101 3.4750586
5.9366794 22.344023 3.4751611
-20.12871 -6.9536462 2.7122326
-20.302168 -7.5665965 2.759408
-20.38872 -8.1643143 2.797138
-19.487499 -8.9169731 2.7293921
-18.672489 -9.0950918 2.6452141
-18.565439 -21.715185 3.6386039
-16.849472 -21.750435 3.5040789
-15.252626 -21.783674 3.3868217
-14.489258 -21.794258 3.3331335
-13.038759 -21.827759 3.2381811
-3.9664354 -7.8847666 1.1240987
-3.7446582 -7.9139099 1.1150459
-3.1971581 -8.253417 1.1272584
-3.0805957 -8.5601082 1.1586546
-2.6753516 -8.037611 1.0788798
-2.3986132 -7.8318968 1.0431944
-2.4567089 -8.7720881 1.16019
-2.0388868 -8.9161739 1.1648659
-3.9323144 -22.040941 2.8514428
-3.3878026 -22.053724 2.8416905
-2.8466797 -22.066427 2.8336499
-1.7706933 -22.074484 2.8204186
-1.2362109 -22.085785 2.8172338
-0.70263672 -22.097071 2.8156872
-0.16932617 -22.108345 2.8157837
1.4354492 -22.146353 2.826458
1.9740918 -22.158607 2.8332787
2.5156152 -22.170927 2.8417895
3.0607617 -22.183327 2.8520122
3.6098731 -22.194414 2.8638067
4.7235937 -22.217066 2.8927922
7.0369434 -22.274057 2.9750116
10.156982 -22.344479 3.125988
10.821524 -22.358295 3.1635315
12.201767 -22.386997 3.2471857
12.920576 -22.40206 3.2936413
13.660947 -22.418058 3.343488
17.698769 -22.435476 3.6394353
13.203359 -9.2939358 2.0563905
13.937001 -8.3724556 2.0706666
13.629589 -7.7465453 1.9966334
15.203994 -8.1625051 2.1977785
9.8946877 9.9079599 1.7833582
9.0953121 11.620748 1.879427
7.2993846 10.861701 1.6666893
7.337285 11.508415 1.7382493
6.4688282 11.31582 1.6600398
2.6504588 5.8906455 0.82266796
2.318584 5.8980494 0.80712324
2.157119 5.9016504 0.80025983
1.9982812 5.9051938 0.79396927
1.8418261 5.9086852 0.78823406
1.6875292 5.9121275 0.78303176
1.384541 5.9188905 0.77416974
1.2354199 5.9222178 0.77048111
1.0876563 5.9255176 0.7672714
0.9410156 5.9287901 0.76453263
0.79531246 5.9320436 0.76225525
0.65041989 5.9352784 0.76043254
0.2186621 5.9449205 0.75764692
0.075185545 5.9481235 0.75760347
-0.068378903 5.9513316 0.75800139
-0.2121582 5.9545431 0.75884169
-0.63729489 5.8778939 0.75298524
-0.92702144 5.8843699 0.75866592
-1.0741211 5.8899865 0.76250988
-1.3912598 5.9785643 0.78176558
-1.7010351 5.9854908 0.79248977
-1.8593163 5.9890294 0.79866499
-2.0201855 5.9926267 0.80541271
-2.5209081 6.0038266 0.82930708
-2.6948535 6.0077171 0.83858353
-12.773799 20.086538 3.0316784
-14.917334 20.085409 3.1863995
-16.585762 20.216333 3.3303626
-16.980381 19.707745 3.3131139
-17.85495 19.739225 3.3898523
-19.976034 20.048985 3.6045177
-21.190107 20.265284 3.7342565
-20.14996 -6.7369165 2.7059112
-20.229727 -7.3107767 2.7395189
-19.726698 -8.7897034 2.7504914
-19.002655 -9.0226784 2.6791143
-18.048252 -21.725674 3.5971758
-16.36952 -21.760424 3.4679961
-13.331631 -21.820995 3.2567334
-4.1549997 -7.6023993 1.1034058
-4.0222654 -7.8010702 1.1178261
-3.8203223 -7.8699694 1.114164
-3.6369727 -7.976553 1.1165035
-3.2202928 -8.0732851 1.1069859
-2.7753026 -8.0685902 1.0866975
-2.5427246 -8.7426929 1.1595988
-2.334414 -8.8141232 1.1612614
-2.125459 -8.8862133 1.1636631
-4.1584277 -22.035635 2.8559759
-3.0698731 -22.061186 2.8367686
-2.5287011 -22.058453 2.827744
-1.9918847 -22.069805 2.822216
-1.456875 -22.08112 2.8183477
-0.92299801 -22.092411 2.8161261
-0.38967773 -22.103685 2.8155463
0.14377929 -22.11496 2.8166046
1.2136328 -22.141304 2.8241308
2.2914941 -22.165827 2.8380663
3.382617 -22.190647 2.8588231
3.9344041 -22.201015 2.8715601
4.4916406 -22.212349 2.8862054
5.6250486 -22.235395 2.9210918
7.9940133 -22.294102 3.0163782
8.6114845 -22.307034 3.045357
9.2413282 -22.320229 3.0767083
9.8869333 -22.338867 3.1112578
10.545039 -22.352549 3.1476922
4.4562497 -8.3735867 1.2080686
14.884248 -22.444492 3.429945
15.690898 -22.464748 3.4898975
17.347071 -22.446157 3.6129382
13.052021 -9.3833485 2.0472867
13.420859 -9.1656275 2.069845
13.613613 -8.8233166 2.0661316
13.92247 -8.5537195 2.0810707
10.236406 9.5739889 1.7850533
9.9946775 9.8105078 1.7836628
10.417216 10.730848 1.9047288
17.152119 21.470222 3.4998651
6.4516501 11.02914 1.6273363
5.9174314 11.337684 1.6287984
2.8931737 5.8852329 0.83520859
2.7206738 5.8890805 0.82619548
1.9061913 5.9072495 0.79053849
1.7510449 5.9107103 0.78511763
1.5979004 5.9141283 0.7802223
0.85540038 5.9307008 0.76314056
0.7101953 5.9339452 0.76113129
0.56567383 5.9371705 0.75957257
0.27796873 5.9435959 0.75779355
-0.15272461 5.9532166 0.75844127
-0.29673827 5.9564328 0.75954205
-0.44125 5.959662 0.7610904
-0.72185546 5.8797851 0.75446165
-1.0133301 5.888628 0.76098919
-1.3282715 5.9771566 0.77981091
-1.481289 5.9805775 0.78469253
-1.6363477 5.9840455 0.79009932
-2.1159081 5.9947691 0.80964583
-2.2813964 5.9984689 0.81734359
-2.4501758 6.0022449 0.8256743
-9.9187984 20.02248 2.8457904
-11.111318 19.948412 2.9081414
-12.487959 20.076252 3.0111847
-13.909629 20.127424 3.115979
-14.600674 20.074011 3.161341
-17.488779 19.726048 3.3574841
-20.677597 20.173578 3.6791911
-20.158379 -7.0586286 2.7201953
-19.34207 -8.9486742 2.7142546
-20.255703 -21.680916 3.7788439
-18.411083 -21.718315 3.626164
-15.899209 -21.770216 3.4333262
-15.118876 -21.786459 3.377368
-14.359834 -21.797245 3.3243518
-4.0774999 -7.7183328 1.1117412
-3.7128026 -7.9324245 1.1154506
-3.2426367 -7.89957 1.0875429
-3.2893846 -8.5983639 1.1724782
-3.0444531 -8.5723095 1.1585689
-2.4205077 -8.7845097 1.1604807
-2.2118847 -8.8563557 1.1625819
-2.0024316 -8.9288082 1.1654112
-3.2935545 -22.055937 2.8401697
-2.7529786 -22.068628 2.8324292
-2.2133985 -22.065121 2.824301
-0.076640621 -22.110302 2.8159654
0.45710936 -22.121586 2.8179905
2.0679395 -22.160742 2.8346338
3.1558788 -22.18549 2.8539708
4.2607422 -22.207651 2.8799334
5.3886719 -22.230591 2.9132609
8.3549414 -22.301661 3.033103
8.9795599 -22.314745 3.0634661
10.271308 -22.346855 3.1323161
11.622764 -22.374956 3.2111883
12.325175 -22.389565 3.2550311
13.791894 -22.420889 3.3525054
14.559668 -22.437479 3.4065263
15.353095 -22.454624 3.4643755
16.175928 -22.474506 3.5266461
17.848204 -22.430937 3.6508026
18.752323 -22.434195 3.7239056
13.267441 -9.2561102 2.0603101
13.247207 -8.7746077 2.023699
13.9079 -8.7369308 2.0918083
14.979092 -8.4306746 2.189132
10.09457 9.7129183 1.7841246
9.8526268 9.9489002 1.7832778
10.151035 10.757299 1.8837227
17.495449 21.457863 3.5261035
7.3874512 12.344837 1.8322423
6.3339939 11.846376 1.7108647
2.7914941 5.8875012 0.82983714
2.4541698 5.8950243 0.81324416
2.2903321 5.8986793 0.80588943
2.1293457 5.9022703 0.79912609
1.6609374 5.9127231 0.78218186
1.5088867 5.9161143 0.77758771
0.91562498 5.9293566 0.76410413
0.7700879 5.9326062 0.76190549
0.62531251 5.9358387 0.76016235
0.19374023 5.9454761 0.75760847
-0.23718749 5.9551024 0.75903362
-0.66228515 5.8784533 0.75340652
-1.115039 5.9723902 0.77377808
-1.417832 5.9791589 0.78261334
-1.5720215 5.9826059 0.78780103
-1.7283691 5.9861012 0.79352248
-1.8870898 5.9896507 0.79979718
-2.3800194 6.0006747 0.82215405
-2.550869 6.0044971 0.83087021
-2.7254589 6.0084033 0.84026718
-10.219922 19.916325 2.850987
-10.847021 19.938898 2.8908472
-11.492285 19.962124 2.9335735
-12.205917 20.066097 2.9912627
-15.908847 20.199385 3.2746544
-16.635527 20.10454 3.323396
-18.011162 19.744848 3.4037547
-19.037012 19.884016 3.5059185
-20.413788 -8.0378237 2.7941577
-20.226954 -8.5334816 2.7959583
-18.862577 -9.0532761 2.6646917
-17.897333 -21.728733 3.5852275
-17.048193 -21.746298 3.5192211
-16.229317 -21.763344 3.4575915
-15.438164 -21.779812 3.400028
-14.672461 -21.795752 3.3462439
-13.208066 -21.823849 3.2488635
-4.1321678 -7.6365333 1.105836
-3.9988475 -7.8361521 1.1204417
-3.7885253 -7.8884263 1.1145195
-3.5149999 -8.3258972 1.1510036
-3.1398242 -8.5690088 1.1622957
-2.7330859 -8.0554781 1.0833787
-2.4736426 -7.9133482 1.0559285
-2.5065429 -8.7550478 1.159832
-2.2981544 -8.8266087 1.1616273
-2.9759862 -22.063393 2.8354199
-1.8988184 -22.071777 2.8214269
0.23649414 -22.116924 2.8169537
0.77099609 -22.131229 2.8203239
1.8448827 -22.155668 2.8314922
4.5890427 -22.214329 2.8889384
5.1534958 -22.225805 2.9057591
6.3040137 -22.249203 2.9451935
6.8947558 -22.271082 2.9692438
7.4923825 -22.283594 2.9941478
9.3520508 -22.322546 3.0823987
12.032704 -22.38348 3.2365429
12.746523 -22.3983 3.2822039
13.48165 -22.414185 3.3312366
14.239502 -22.430559 3.3837597
15.022099 -22.44747 3.4399974
15.833388 -22.467615 3.5006158
16.645624 -22.449663 3.5593719
18.368477 -22.425478 3.6918852
13.115479 -9.3458462 2.0510807
12.750039 -8.6293392 1.9607905
13.963964 -8.0436745 2.0523927
15.138622 -8.2404108 2.1951716
22.535946 -8.9447803 3.0879936
10.194433 9.6151466 1.7847438
17.009258 21.475363 3.4890532
9.1578808 12.153782 1.9381257
7.9162989 11.63395 1.792177
7.3278513 11.348459 1.7204558
5.8382711 10.662293 1.5481862
5.8615527 11.346274 1.6264884
2.6910741 5.88974 0.82469952
2.522754 5.8934937 0.81646103
2.357666 5.8971777 0.80885482
2.0360839 5.9043503 0.79542464
1.7242968 5.9113073 0.78422987
1.4204589 5.9180884 0.77512556
1.1229101 5.9247303 0.76799679
0.97601563 5.9280076 0.76514649
0.83011717 5.9312658 0.76275909
0.54060549 5.9377308 0.75934708
-20.29125 -8.1252871 2.2848852
-19.549736 -8.3811312 2.2235157
-19.391993 -8.8732758 2.2292802
-19.474697 -21.696299 3.0476799
-18.565067 -21.714752 2.9864714
-14.489892 -21.795229 2.7359216
-13.039326 -21.828705 2.6579821
-3.9070799 -7.7667761 0.90884078
-3.7488866 -7.9228573 0.91625226
-3.4404783 -8.2825394 0.93754101
-2.6629784 -8.0004587 0.88143992
-2.4319823 -8.6838102 0.94269055
-2.2255273 -8.754693 0.94427842
-5.034121 -22.014511 2.3606913
-4.4807911 -22.0275 2.3498044
-2.3067091 -22.063654 2.3189964
-1.7707226 -22.074989 2.3150232
-1.2362401 -22.086288 2.3124073
-0.70265621 -22.097572 2.3111415
-0.1693164 -22.108847 2.3112192
1.9741309 -22.159042 2.3255708
3.0608203 -22.183764 2.340951
4.1639843 -22.205927 2.3617594
5.2896681 -22.228823 2.3885777
5.8628321 -22.240479 2.4043322
6.4439354 -22.252296 2.421711
7.0368457 -22.273729 2.441823
7.6368551 -22.286293 2.4626889
8.2475491 -22.299082 2.4853702
10.82122 -22.357656 2.5965228
11.502324 -22.371805 2.6296368
13.660771 -22.417759 2.7442632
14.424316 -22.43425 2.7880797
15.213115 -22.45129 2.8349993
17.698778 -22.435478 2.9872136
18.590117 -22.430517 3.0453997
13.420322 -9.4466534 1.7156007
13.416718 -8.9680023 1.6869829
14.162236 -8.9796991 1.7529619
10.591348 9.6284437 1.4962898
10.097588 10.11112 1.4937763
5.0342188 5.8292909 0.80514753
4.7368259 5.7602062 0.77958632
4.5060349 5.7572508 0.76425183
4.2897363 5.7620726 0.75093001
4.1447654 5.857224 0.75007749
3.7400486 5.8662477 0.72725511
3.3583496 5.8747592 0.70737869
3.1750195 5.8788486 0.69844222
2.9961522 5.8828392 0.69012481
2.8214061 5.8867369 0.68239468
2.65042 5.8905516 0.67522657
2.4829004 5.8942895 0.66859281
1.9982421 5.9051023 0.65167236
1.5351562 5.9154391 0.63885176
1.3845215 5.9187999 0.63542068
1.2354101 5.9221287 0.632393
0.94099605 5.9287009 0.62751156
0.79531246 5.9319553 0.62564194
0.65041012 5.9351902 0.62414581
0.075175777 5.9480371 0.62182462
-0.068378903 5.9512424 0.62215149
-0.49387693 5.8746018 0.61626446
-0.92700195 5.8842807 0.62269574
-1.0741016 5.8898973 0.62585145
-1.2392871 5.9750767 0.63789517
-1.5450684 5.9819117 0.64583802
-2.3506737 5.9999228 0.67361706
-2.5208788 6.0037303 0.68067592
-3.0551171 6.0156775 0.70529556
-3.4345801 6.0241675 0.72489256
-3.6325684 6.0285959 0.73575956
-3.8366992 6.033164 0.74739897
-4.0475292 6.0378795 0.75986344
-4.7263379 6.0530701 0.80279583
-5.2249513 6.0642285 0.83676744
-5.692627 6.2933898 0.88708603
-19.971367 -6.6772122 2.2013032
-20.614912 -8.017395 2.3122163
-19.39419 -8.0865469 2.1965451
-20.09498 -8.9537954 2.2997174
-19.861563 -21.688452 3.0742376
-15.573759 -21.777042 2.7986913
-14.803818 -21.793066 2.7540424
-12.628906 -21.838179 2.6370866
-11.943965 -21.853979 2.6034369
-3.6675193 -8.043539 0.92411149
-3.5204296 -8.2421398 0.93689281
-3.3267186 -8.3400898 0.93862987
-2.5171485 -8.6547461 0.94221115
-2.3108885 -8.7253504 0.94355208
-4.1583104 -22.035069 2.3440948
-2.530371 -22.073286 2.3225462
-1.9919238 -22.070309 2.3164973
-1.4569043 -22.081623 2.3133225
0.14377929 -22.115463 2.3118913
0.67806637 -22.129551 2.3143995
1.2136718 -22.141737 2.3180616
2.8351367 -22.178633 2.3373113
3.9344432 -22.20126 2.3569713
4.4916992 -22.212595 2.368994
5.0549998 -22.224052 2.3825328
6.2028513 -22.247395 2.4143367
7.3877048 -22.281078 2.4538498
7.9938865 -22.29377 2.4757743
8.6113377 -22.306698 2.4995589
9.2411814 -22.319887 2.5252848
9.8866501 -22.338234 2.553616
10.544745 -22.351908 2.583518
11.218818 -22.365915 2.6156688
4.4559569 -8.3730383 0.99150467
13.352178 -22.411091 2.7270191
14.884033 -22.444181 2.8152251
17.347059 -22.446159 2.9654613
18.208994 -22.421865 3.0194304
19.161922 -22.465279 3.0866485
13.419374 -8.697423 1.6716639
13.541982 -7.8763671 1.6376438
15.043476 -8.2705574 1.7945622
10.69333 9.5282116 1.4972038
10.446504 9.7704926 1.4952245
10.199648 10.011709 1.4940361
5.1345701 5.8270555 0.81186843
4.894453 5.832407 0.79592633
4.5976758 5.7552075 0.77002501
4.3781738 5.7601023 0.75632352
4.1662402 5.7648277 0.74352628
4.0233788 5.8599305 0.74305207
3.8216307 5.8644276 0.73171586
3.4354784 5.8730407 0.71125972
3.2501953 5.8771729 0.70205659
3.0695312 5.8812022 0.69348741
2.2234666 5.9000769 0.65910447
2.0635643 5.903646 0.65374875
1.9061718 5.9071579 0.64885587
1.4465528 5.9174142 0.63678831
1.2968359 5.9207578 0.633596
0.71018553 5.933856 0.62471908
0.27796873 5.9435067 0.62198025
0.13445312 5.9467139 0.62179518
-0.0090527339 5.9499183 0.62197173
-0.15272461 5.9531274 0.62251234
-0.29672852 5.9563451 0.62341553
-0.57793945 5.8764806 0.61725843
-1.0133203 5.8885398 0.6246022
-1.1770215 5.9736853 0.63646209
-1.4812695 5.9804869 0.64405763
-1.6363183 5.9839511 0.64849532
-1.9533789 5.9910398 0.65871871
-3.5500684 6.0267506 0.73117965
-3.7515819 6.0312586 0.74249405
-4.1745996 6.0407224 0.76758271
-4.3972754 6.0457067 0.78147292
-4.6282911 6.0508752 0.79634595
-5.1185255 6.0618467 0.82935715
-5.6964746 6.1211424 0.87409103
-20.625322 -6.6680369 2.26594
-20.529444 -7.1885519 2.2738032
-20.103729 -7.5887737 2.2462816
-19.608555 -8.5038366 2.2342398
-19.247793 -8.9050627 2.2169728
-17.542236 -21.735502 2.9198534
-15.899258 -21.770267 2.8180487
-13.628486 -21.815111 2.6888776
-12.917138 -21.831528 2.6517065
-11.549951 -21.863068 2.5847657
-3.7249413 -7.9583554 0.91854262
-3.5847752 -8.1664839 0.93230879
-3.4068162 -8.2995567 0.93784255
-2.9506934 -8.3083029 0.92165512
-2.602246 -8.6257563 0.94183147
-4.9376268 -22.016777 2.3586948
-4.3851366 -22.029743 2.3480616
-3.8373632 -22.042603 2.3388808
-3.2934668 -22.05537 2.3311248
-2.7529101 -22.068062 2.3247685
-1.6777734 -22.076952 2.3144705
-1.1434765 -22.088251 2.3120902
-0.61000973 -22.099531 2.3110545
1.5289062 -22.148912 2.3208473
2.0679882 -22.161179 2.3266857
2.6101172 -22.17351 2.3339143
3.1559472 -22.185926 2.3425553
3.7058008 -22.196608 2.3524427
5.3887205 -22.230839 2.3911994
5.963203 -22.242519 2.4072356
7.1403418 -22.275898 2.4453223
8.3548145 -22.301327 2.4895015
8.9794235 -22.314405 2.51442
9.6191406 -22.332676 2.5418952
10.938311 -22.360086 2.6021013
11.622441 -22.374304 2.6356347
12.324814 -22.388901 2.6716125
17.848213 -22.430943 2.9965422
13.787373 -8.6612215 1.7020564
14.103125 -8.3920021 1.7155364
14.931719 -8.4040146 1.7911339
15.203066 -8.0800819 1.7997676
10.054639 10.152891 1.493708
5.2366309 5.824779 0.8187843
4.9925098 5.8302207 0.80237895
4.1086035 5.8580298 0.74796844
3.7060156 5.8670068 0.72541577
3.5134959 5.8712997 0.71525508
3.1436327 5.8795495 0.69695264
2.621084 5.8912058 0.67403626
2.4541309 5.8949304 0.66749251
1.9709082 5.905714 0.65082276
1.8148534 5.9091969 0.64619094
1.6609082 5.9126306 0.64199626
1.3585254 5.9193811 0.6348663
0.9156152 5.9292674 0.62715924
0.62530273 5.9357495 0.62392437
0.48110351 5.9389696 0.62286073
0.33729491 5.9421811 0.62216228
0.19373046 5.9453878 0.62182844
0.050263669 5.9485936 0.62185544
-0.51873046 5.8751588 0.61654431
-0.66227537 5.8783655 0.61837876
-0.95277339 5.8871875 0.62342054
-1.2655566 5.9756641 0.63851833
-1.4178125 5.9790673 0.64235073
-1.5720019 5.9825144 0.64660889
-1.7283496 5.9860096 0.6513049
-2.0483789 5.993165 0.66207474
-2.2126074 5.9968357 0.66818464
-2.5508301 6.0043993 0.68195814
-2.7254198 6.0083055 0.68967193
-3.0872655 6.0163975 0.70688993
-4.5318065 6.048717 0.79007918
-4.7680564 6.0540037 0.80556411
-5.693779 6.2418637 0.88317668
-5.7436423 5.9992089 0.86820751
-6.0268259 5.9983616 0.88887066
-21.426083 20.319683 3.0868237
-20.530947 -7.5171056 2.2855318
-19.136318 -8.0733585 2.1711531
-18.772264 -9.0099239 2.1766779
-18.779472 -21.710402 3.0007403
-17.897001 -21.728306 2.9426606
-17.048231 -21.746355 2.8885491
-13.928271 -21.808193 2.7050049
-13.208642 -21.824799 2.6667516
-3.9391894 -7.7192416 0.90592664
-3.172744 -8.0520296 0.9047038
-3.0989354 -8.4574232 0.94157821
-2.7437012 -8.0867586 0.89267927
-4.0631542 -22.0373 2.3424983
-3.5177343 -22.050104 2.3341584
-2.4353418 -22.060932 2.3201528
0.77099609 -22.131664 2.3149369
2.929961 -22.18079 2.3388109
4.0308886 -22.203222 2.3589554
4.5891013 -22.214575 2.3712373
5.1535544 -22.226053 2.3850446
5.7249217 -22.237675 2.4004178
6.3040819 -22.249453 2.4173965
7.4922752 -22.283266 2.45753
8.1003323 -22.295998 2.4797697
8.719883 -22.308969 2.503891
9.9998922 -22.340586 2.5586531
11.337695 -22.368385 2.6214917
12.032363 -22.382824 2.6564429
13.481464 -22.413883 2.7342083
14.239316 -22.430256 2.7773192
15.021884 -22.447161 2.8234758
15.832958 -22.467016 2.873194
17.494326 -22.441689 2.9745312
13.275615 -9.4599619 1.7040598
14.813954 -8.5333004 1.7871236
5.3404493 5.822463 0.82590103
4.8537011 5.8333154 0.79326642
4.3408298 5.7609339 0.75403577
4.150713 5.7943602 0.74508464
3.4029393 5.8737659 0.70961362
2.6910253 5.8896446 0.6768927
2.5227051 5.8934021 0.67013258
2.3576367 5.8970847 0.66388947
2.1954882 5.900702 0.65813947
1.879043 5.9077625 0.64805019
1.7242773 5.9112167 0.64367855
1.5714746 5.9146261 0.63973373
1.4204394 5.9179993 0.63620496
1.2709863 5.9213352 0.63308179
0.97600585 5.9279199 0.6280145
0.83010739 5.9311776 0.62605482
-20.03828 -6.9224091 1.7345717
-20.347597 -7.5835252 1.7766707
-19.861942 -7.9533682 1.7505122
-19.981035 -8.5660248 1.7787099
-20.422529 -21.676617 2.4366913
-19.474306 -21.695858 2.38533
-17.690449 -21.732065 2.2927253
-15.252695 -21.783779 2.1757789
-13.039892 -21.829647 2.0804548
-12.344316 -21.845686 2.0529945
-11.666493 -21.861309 2.0274239
-3.4326952 -8.2638035 0.73214215
-2.8156445 -8.4590931 0.72944075
-2.6118846 -8.528244 0.7297557
-5.0339942 -22.013941 1.8476337
-3.9321094 -22.039808 1.831732
-3.3876269 -22.052593 1.8254676
-2.3067675 -22.064156 1.815091
-0.70265621 -22.09807 1.8089409
-0.16932617 -22.10935 1.8090028
0.36432615 -22.12063 1.8101192
0.8991406 -22.135012 1.8125422
4.1640329 -22.206171 1.8485377
4.723701 -22.217558 1.858434
5.2897263 -22.229073 1.8695314
5.8629003 -22.240726 1.8818617
7.0367379 -22.273405 1.9111546
8.869873 -22.311779 1.9644771
9.5050879 -22.325077 1.9852576
10.156416 -22.343212 2.0080893
14.424111 -22.433945 2.1821649
15.21291 -22.450981 2.2188838
16.030409 -22.470394 2.2583835
18.590117 -22.430527 2.3835981
13.681572 -9.1450348 1.3464442
13.524463 -8.124629 1.290862
14.739657 -8.3774643 1.3871506
8.1172266 5.7604356 0.81437576
7.7274704 5.7691259 0.78901076
6.0846777 5.8057532 0.68809932
5.034121 5.8291807 0.63016725
4.7367382 5.7600989 0.61016417
4.5059571 5.7571445 0.59815854
3.7399805 5.8661475 0.56920254
3.546494 5.8704638 0.56115383
3.3582909 5.8746619 0.55364716
2.9961035 5.8827429 0.54014218
2.6503808 5.8904591 0.5284822
2.4828613 5.8941956 0.5232898
2.3185155 5.8978639 0.51849759
1.8417773 5.9085045 0.50636262
1.5351269 5.915349 0.50001329
1.2353905 5.9220409 0.49495879
0.94097656 5.9286132 0.49113691
-0.21216796 5.9543686 0.48748261
-0.35635743 5.9575891 0.48830825
-0.63726562 5.8777184 0.48371947
-0.78159177 5.8809447 0.48539612
-1.3912109 5.9783826 0.50220734
-1.8592676 5.9888449 0.51306397
-2.0201268 5.9924402 0.51739717
-2.1838183 5.9960985 0.52211165
-2.350625 5.9998279 0.52722287
-2.6947656 6.0075216 0.53870726
-2.872705 6.0114999 0.54512161
-3.2421875 6.019763 0.55941743
-3.4345214 6.0240636 0.56735349
-3.6324999 6.028491 0.57585984
-4.047461 6.0377722 0.59472334
-4.2655468 6.0426502 0.60516679
-4.7262597 6.0529542 0.62832624
-4.9703903 6.0584168 0.64115739
-5.2248535 6.0641088 0.65491301
-5.975234 5.9970822 0.69264829
-6.277822 6.0038524 0.71072084
-6.6991796 6.1042809 0.74153042
-7.0415916 6.1119418 0.76288342
-7.4044919 6.1200633 0.78597152
-19.831913 -7.712872 1.740998
-20.390253 -8.501873 1.8075035
-19.433096 -8.6588783 1.7406733
-18.047539 -21.724819 2.3108132
-12.629453 -21.839111 2.0641053
-11.276211 -21.869894 2.0132005
-3.7708397 -7.7680283 0.70649123
-3.6335547 -7.9690404 0.7165904
-3.0959473 -8.3409176 0.7279318
-2.7402539 -7.9666834 0.68930066
-2.4921973 -8.5689526 0.7301451
-5.2641306 -22.008539 1.8514915
-4.708662 -22.021576 1.8424931
-4.1582031 -22.034502 1.8346465
-3.6121385 -22.047321 1.8279209
-1.9919726 -22.07081 1.8131349
-0.92302734 -22.093412 1.8092234
-0.38968748 -22.104689 1.8088496
0.14378905 -22.115967 1.8095268
0.67807615 -22.12998 1.8114845
1.7513086 -22.154404 1.8182908
2.2915916 -22.166698 1.8233049
5.055068 -22.224297 1.8647993
5.6251559 -22.235893 1.8766139
6.20292 -22.247646 1.8896818
6.7917576 -22.268278 1.9048131
7.9937792 -22.29344 1.93773
8.6112204 -22.306366 1.9563422
9.2410345 -22.31955 1.9764631
9.8863869 -22.337606 1.9986271
10.544453 -22.351271 2.022027
13.352012 -22.410793 2.1343732
14.883828 -22.443874 2.2034128
16.522705 -22.480282 2.2826636
18.209003 -22.421869 2.3632677
14.613681 -8.4996958 1.3831996
7.8855076 5.7656031 0.79923874
7.5097556 5.7739782 0.77505201
7.1558886 5.7818689 0.75271159
6.82165 5.7893209 0.73203671
6.5051169 5.7963781 0.71287304
6.2045407 5.8030796 0.69507962
5.9184766 5.8094578 0.67853868
5.384541 5.8213644 0.6487996
5.1344724 5.826942 0.63542587
3.6257617 5.8686962 0.56441098
3.0694726 5.8811059 0.54277432
2.5516796 5.8926597 0.52538621
2.0635352 5.9035544 0.51167297
1.7509766 5.910531 0.50436062
1.5978515 5.913949 0.50121582
1.4465332 5.9173279 0.49839842
0.85537106 5.9305258 0.49024382
0.71018553 5.9337668 0.48895216
0.5656445 5.9369955 0.48795089
0.13446289 5.9466248 0.48666334
-0.0090624997 5.9498301 0.48680159
-0.29671875 5.9562559 0.48793197
-0.8667773 5.8828478 0.48651749
-1.0133106 5.8884521 0.48886138
-1.6362988 5.983861 0.50756043
-1.7935742 5.9873753 0.51138169
-1.9533496 5.9909458 0.51556242
-2.1158397 5.9945798 0.52011776
-2.4500878 6.0020509 0.53041351
-2.6224315 6.0059042 0.53619045
-2.7986815 6.0098472 0.54241484
-2.9791698 6.0138817 0.54910809
-3.3544042 6.0222716 0.564008
-3.9595115 6.0358057 0.59061307
-4.1745214 6.0406127 0.6007666
-4.3971972 6.0455933 0.61163771
-4.6282029 6.0507617 0.62327754
-4.8683395 6.0561337 0.63574922
-5.1184177 6.061727 0.64911467
-6.5632224 6.1012387 0.73317719
-8.0284376 6.1340256 0.82665324
-20.144278 -7.0536823 1.7462904
-20.338779 -7.6774974 1.7786918
-20.254852 -21.680019 2.4275103
-18.41036 -21.717453 2.3294339
-14.361113 -21.799181 2.1358271
-12.917695 -21.832466 2.0755439
-12.225342 -21.848427 2.0484192
-3.6907322 -7.8852725 0.71232969
-3.5511522 -8.0898762 0.72286147
-3.1765916 -8.3035059 0.72739452
-2.8824902 -8.1162539 0.70469373
-2.3723924 -8.6098413 0.73069519
-4.3850389 -22.029175 1.8377503
-3.8372557 -22.042036 1.8305656
-3.2933886 -22.054806 1.8244935
-2.213496 -22.066128 1.814473
-1.6778222 -22.077456 1.8115464
-1.143496 -22.088753 1.8096821
-0.61000973 -22.100031 1.808875
0.99219722 -22.137129 1.8130354
1.5289258 -22.149345 1.8165321
4.2608399 -22.208143 1.850171
4.8215723 -22.219545 1.8602738
5.9632812 -22.242771 1.8841316
7.140244 -22.27557 1.9138932
7.7420602 -22.288172 1.9304658
9.6188869 -22.332052 1.989452
10.270732 -22.345589 2.01215
11.622099 -22.373653 2.0628164
12.324443 -22.388241 2.090975
13.047265 -22.404213 2.1212533
15.352685 -22.453999 2.2255342
16.175058 -22.473301 2.2654662
16.993788 -22.447981 2.3035872
14.792861 -8.3258572 1.3888588
8.0477438 5.7619858 0.80981916
6.3269043 5.8003516 0.70227325
6.0349903 5.8068604 0.68522686
5.7567673 5.8130651 0.66937149
5.4909959 5.8189917 0.65460449
5.2365332 5.8246665 0.64083904
4.9924216 5.830111 0.62800032
4.6971192 5.7609811 0.60816526
4.4678416 5.7579956 0.59629607
4.252861 5.7627902 0.58599287
3.90416 5.862484 0.57628673
3.7059569 5.8669052 0.56776398
3.5134375 5.871201 0.55981201
3.1435938 5.8794518 0.54548723
2.9654589 5.8834276 0.53905946
2.7914062 5.8873119 0.53308791
2.6210449 5.8911119 0.52755141
2.4541016 5.8948374 0.52242917
2.1292772 5.9020872 0.51336056
1.8148242 5.9091053 0.50575805
1.6608887 5.9125428 0.50247514
1.0620507 5.9259105 0.49257019
0.77007812 5.9324317 0.48945081
0.62529296 5.9356637 0.48833007
0.19374023 5.9453015 0.48668975
0.050253905 5.9485068 0.48671082
-0.23717773 5.9549265 0.48760483
-0.38145506 5.9581494 0.48848099
-0.51871091 5.875072 0.48255476
-0.9527539 5.8870969 0.48793593
-1.1150098 5.9722095 0.49707624
-1.5719726 5.9824243 0.50608426
-1.7283105 5.985918 0.50976044
-2.2125585 5.9967408 0.52297181
-2.379951 6.000483 0.52815217
-2.5507812 6.004303 0.53375137
-2.9040625 6.0122008 0.54628354
-3.4685059 6.0248241 0.56878984
-3.6675098 6.0292735 0.57739699
-3.8727539 6.0338635 0.58661693
-4.3042383 6.0435143 0.60705549
-4.5317187 6.0486035 0.61837202
-4.7679687 6.0538878 0.63049114
-5.2701855 6.0651221 0.65740323
-5.7435155 5.9990845 0.67951643
-6.0266991 5.9982333 0.69569165
-7.8598437 6.1302538 0.81554669
-20.359755 -7.4544201 1.7739406
-19.304726 -8.6988449 1.7324257
-16.229395 -21.763453 2.2212398
-14.672529 -21.795855 2.1497054
-12.50916 -21.841885 2.0593932
-3.2548339 -8.2603626 0.72642148
-2.6823144 -7.9058423 0.68305725
-2.6606641 -8.5116682 0.72963971
-2.4567285 -8.5810261 0.73028958
-2.2524219 -8.6509352 0.73140168
-4.0630369 -22.036736 1.8333945
-3.5176365 -22.049541 1.8268678
-2.9758203 -22.062263 1.8214427
-1.8989062 -22.072779 1.8126289
-0.83031249 -22.095373 1.8090812
-0.29702148 -22.106649 1.8088918
0.2365039 -22.117928 1.8097557
1.3069433 -22.144291 1.8149605
2.3857617 -22.168842 1.8242891
2.9300194 -22.181225 1.830591
4.5891504 -22.214819 1.8559562
5.7249999 -22.237925 1.8787971
6.3041501 -22.249702 1.8920826
7.4921579 -22.282938 1.9234468
9.9996185 -22.339958 2.0025704
10.66038 -22.353682 2.0262694
11.337363 -22.367739 2.051749
13.481298 -22.413584 2.140002
14.23912 -22.429951 2.1737416
15.021689 -22.44685 2.2098656
16.645634 -22.449673 2.2866182
17.494335 -22.44169 2.3281293
18.368496 -22.425493 2.3717482
19.353916 -22.498604 2.4281659
13.534531 -9.1602955 1.3371589
13.850498 -8.894619 1.3467753
7.8185449 5.7670946 0.79489636
6.7654395 5.7905736 0.72860318
5.5993652 5.8165746 0.66057736
5.0920506 5.827888 0.63319653
3.5923145 5.8694406 0.56303054
3.2184277 5.8777833 0.54828107
3.0385449 5.8817954 0.54165816
2.8628321 5.8857164 0.53550094
2.1954589 5.9006104 0.51510984
2.0360155 5.9041672 0.51098222
1.8790234 5.9076734 0.50721359
1.5714452 5.9145384 0.50070387
1.4204102 5.9179101 0.49794188
1.2709668 5.9212475 0.49549758
0.83009762 5.9310899 0.48999816
0.54059571 5.9375548 0.48780715
-20.4221 -21.676167 1.7625951
-19.473906 -21.695421 1.7254456
-16.8496 -21.750595 1.628387
-15.252744 -21.783831 1.5738994
-14.491191 -21.797163 1.5491463
-11.666972 -21.862226 1.4666389
-10.357597 -21.889641 1.4332494
-3.2085059 -8.2827187 0.52570629
-7.307539 -21.954165 1.3694435
-3.3875585 -22.052031 1.3204588
-2.8464746 -22.064739 1.3167256
-0.70268553 -22.098572 1.3085624
1.4355371 -22.147652 1.3135557
1.9741992 -22.159906 1.3167253
3.6099999 -22.195143 1.3308833
4.164072 -22.206415 1.3371925
5.2897849 -22.229319 1.3523796
6.4440722 -22.252798 1.3711476
7.0366211 -22.273083 1.3824562
7.6366305 -22.285637 1.3942696
9.5049505 -22.324741 1.4360615
13.66039 -22.417158 1.5536848
14.423916 -22.433641 1.5784931
15.212695 -22.45067 1.6050725
16.846739 -22.4487 1.6611396
18.590117 -22.430532 1.7242259
19.621504 -22.545044 1.7689347
13.806973 -8.7544422 0.96758342
14.295146 -8.5876083 0.98698497
12.541631 5.6633482 0.81444412
11.143838 5.6945214 0.7406714
9.3932905 5.6920066 0.65004468
8.5328999 5.751018 0.60901487
8.1170216 5.7602954 0.58908278
7.7272849 5.7689881 0.57073468
7.3608789 5.7771606 0.55380738
6.3789549 5.7990646 0.5102275
5.536211 5.8178649 0.47531494
5.2798634 5.823585 0.46523589
4.7366505 5.7599912 0.44136778
4.5058689 5.7570395 0.43268311
4.144619 5.8570151 0.42465803
3.9391406 5.8616014 0.4179759
3.7399218 5.8660474 0.41173828
3.5464354 5.8703647 0.40591642
3.174912 5.8786559 0.39542586
2.9960546 5.8826489 0.39071593
2.8213086 5.886549 0.38634154
2.1570215 5.9013767 0.37187102
1.841748 5.9084144 0.36628234
1.6874609 5.911859 0.36386612
1.5350976 5.9152598 0.36168882
1.2353711 5.9219532 0.35803375
0.94096678 5.9285278 0.35526991
0.65039062 5.9350157 0.35336411
0.3622461 5.9414501 0.35229522
0.21865234 5.9446583 0.3520706
0.075175777 5.9478626 0.35204971
-0.068378903 5.9510694 0.35223526
-0.2121582 5.9542809 0.35262588
-0.92697263 5.8841062 0.35254347
-1.0740722 5.8897228 0.35432923
-1.5450195 5.9817295 0.36564437
-1.7009569 5.9852147 0.36825988
-2.183789 5.9960046 0.37767518
-2.5208008 6.0035386 0.38536772
-2.8726659 6.0114012 0.394319
-3.0550096 6.0154786 0.39930648
-3.2421386 6.0196619 0.40465957
-3.4344628 6.0239596 0.41040024
-3.6324413 6.0283875 0.41655335
-3.8365624 6.032949 0.42314255
-4.0473924 6.0376635 0.43019867
-4.4914942 6.0475941 0.44584182
-4.726172 6.0528402 0.45450422
-4.970293 6.0582981 0.46378675
-5.2247558 6.0639892 0.47373626
-5.4904981 6.0699315 0.4844107
-5.6991601 6.0029087 0.48989761
-6.6990333 6.1041441 0.53639066
-7.0414157 6.1118031 0.55183595
-8.6416693 6.1475949 0.62766862
-9.114336 6.1581664 0.65101731
-9.6238184 6.1695628 0.67657638
-10.175303 6.1818981 0.70465267
-10.774882 6.1953101 0.73560756
-11.236142 6.1046591 0.75681931
-12.114463 6.2081213 0.80565596
-21.415606 -7.1600766 1.336446
-19.976328 -7.2192039 1.257133
-20.286934 -7.889833 1.2882866
-19.895411 -8.2955427 1.2757634
-19.860752 -21.687569 1.740482
-18.935616 -21.706352 1.704814
-15.573837 -21.777147 1.5845512
-14.803886 -21.793173 1.5592662
-12.62998 -21.840044 1.4931779
-10.623193 -21.884043 1.439742
-3.4400682 -8.053998 0.51833558
-3.2958887 -8.2628136 0.5265016
-3.0240037 -8.1470995 0.51433045
-7.5496774 -21.948996 1.373752
-2.4678223 -8.4851484 0.52300125
-5.8229098 -21.98584 1.3460966
-5.2640038 -22.007971 1.3392802
-4.7085447 -22.021009 1.3327745
0.14377929 -22.116467 1.3089921
1.2137109 -22.142603 1.3124778
4.491797 -22.213085 1.3412913
5.0551171 -22.224543 1.348954
9.2409077 -22.319214 1.4297254
9.8860931 -22.336979 1.4457084
10.54415 -22.350639 1.4626368
11.218184 -22.364628 1.4808323
4.4553709 -8.3719482 0.56128997
13.351826 -22.410498 1.5439231
15.689638 -22.462963 1.6216557
16.522264 -22.479679 1.651168
19.161972 -22.465322 1.7475783
13.936386 -9.5177059 0.998824
13.904101 -9.0115795 0.98063582
14.172647 -8.7074299 0.98447037
14.47039 -8.4163532 0.99075574
12.103359 5.6731224 0.79112196
9.5315428 5.6466675 0.65568542
9.1715918 5.7367735 0.64026028
7.5095701 5.7738438 0.56063676
7.1557226 5.7817383 0.54447705
6.5049706 5.7962523 0.51565975
6.2044139 5.8029599 0.50279003
5.9183593 5.8093395 0.49082518
5.3844333 5.8212523 0.46931425
4.3780174 5.7598925 0.42819518
4.0232325 5.859724 0.42068174
3.8215039 5.8642259 0.41426331
3.4353611 5.8728418 0.40268278
2.8930273 5.8849463 0.38810989
2.3860059 5.8962646 0.37645903
1.597832 5.9138598 0.36255935
1.2967968 5.9205809 0.35871428
1.1485058 5.9238925 0.35713133
1.001416 5.9271774 0.35576978
0.5656445 5.9369078 0.35296553
0.42163086 5.9401245 0.35244811
0.13445312 5.946538 0.35203323
-0.0090527339 5.9497423 0.35213301
-0.15271483 5.9529514 0.35243896
-0.29671875 5.9561691 0.35294998
-0.4412207 5.9593983 0.35366988
-0.72182614 5.8795228 0.3505899
-0.86676759 5.88276 0.35192701
-1.3282031 5.9768848 0.36236921
-1.9533203 5.9908543 0.37293732
-2.1158006 5.9944859 0.37623322
-2.6223924 6.0058079 0.38785872
-2.7986329 6.009747 0.39236006
-2.979121 6.0137815 0.39720213
-3.3543456 6.0221691 0.40798017
-3.5499413 6.0265427 0.41395995
-3.7514648 6.0310473 0.4203665
-4.1744432 6.0405054 0.43456832
-4.397119 6.0454822 0.44243285
-4.6281152 6.0506482 0.45085219
-4.8682423 6.0560179 0.4598738
-5.6521974 6.0735474 0.49103713
-5.8616991 6.001605 0.4965184
-6.563076 6.1011033 0.53034788
-6.8976169 6.1085863 0.5453096
-7.6278024 6.124917 0.57897675
-8.4561224 6.1434436 0.61860943
-8.9148731 6.1537046 0.64111954
-9.4085646 6.1647472 0.66573012
-9.9420118 6.1766796 0.692729
-10.520898 6.1896286 0.72244537
-12.569765 6.2183065 0.82999527
-21.218271 -7.4297605 1.330562
-20.498564 -8.3081789 1.3090681
-20.254433 -21.679573 1.755959
-19.313213 -21.698683 1.7192506
-18.40999 -21.717026 1.6850117
-17.541563 -21.734661 1.6530641
-15.899345 -21.770376 1.5955119
-15.118975 -21.786615 1.5695055
-14.361738 -21.800146 1.5450603
-13.629667 -21.817011 1.5225047
-12.918242 -21.833403 1.5014549
-12.225859 -21.849356 1.4818302
-11.550742 -21.864498 1.4635283
-10.891231 -21.878399 1.4464412
-3.1755762 -8.300869 0.5260089
-2.8176563 -7.9336777 0.49828824
-4.3849216 -22.02861 1.3293388
-3.837168 -22.041473 1.3241444
-2.7527733 -22.066938 1.3161536
-1.6778516 -22.077953 1.3104511
-1.1435254 -22.089252 1.3091029
-0.076650389 -22.111807 1.3086967
0.45713866 -22.123091 1.3096324
0.99221677 -22.137558 1.3115251
1.5289551 -22.149775 1.314052
2.0680664 -22.162045 1.3173567
3.1560643 -22.186802 1.3263416
3.7058787 -22.197094 1.3319163
4.2608886 -22.208385 1.3383759
4.8216209 -22.219795 1.3456819
7.1401367 -22.275248 1.3844373
7.7419434 -22.287842 1.3964241
8.3545799 -22.300663 1.4094484
9.6186037 -22.331429 1.4390721
10.937685 -22.358809 1.473159
13.791338 -22.419985 1.5578767
14.559082 -22.436562 1.582979
15.352461 -22.453691 1.6098585
16.993788 -22.447989 1.6663514
17.848223 -22.430952 1.6965613
13.808164 -8.6742706 0.96511185
14.647217 -8.2438879 0.99477124
11.689433 5.6823545 0.76924908
11.034208 5.6969652 0.73496521
9.7408886 5.6402636 0.66619122
9.3709764 5.7323265 0.6501587
8.458662 5.7526755 0.6054306
7.6620212 5.7704444 0.56769592
7.2994137 5.7785325 0.55100065
6.9573145 5.7861633 0.53556228
6.6337204 5.7933812 0.52126175
6.3267579 5.8002295 0.50799257
5.7566404 5.8129478 0.48419312
5.4908886 5.8188767 0.47351241
4.9923239 5.8299985 0.45426926
4.697031 5.7608762 0.439922
3.7058885 5.8668051 0.41069701
3.5133789 5.8711023 0.4049449
3.3260546 5.8752818 0.39958069
2.96541 5.8833323 0.38993317
2.620996 5.8910179 0.3816095
2.2902246 5.8984017 0.37448654
2.1292381 5.9019971 0.3713446
1.9708495 5.9055309 0.36846772
1.8148047 5.9090147 0.36584517
1.6608593 5.9124522 0.36347029
1.5088183 5.9158459 0.3613359
0.62528318 5.935576 0.35323867
0.48107421 5.938796 0.35263655
0.19373046 5.9452147 0.352052
-0.093330078 5.9516258 0.35228759
-0.80674803 5.8814197 0.35134917
-1.2655274 5.9754858 0.36150131
-2.0483105 5.9929757 0.37483686
-2.5507421 6.0042062 0.38609526
-2.7253418 6.00811 0.39046156
-2.9040136 6.0121031 0.3951599
-3.275166 6.0203991 0.4056288
-4.3041601 6.0434055 0.43911788
-4.5316405 6.048491 0.44730392
-4.7678809 6.0537729 0.45607039
-5.7433982 5.99896 0.49153182
-6.0265722 5.9981055 0.50323331
-6.7571483 6.1054444 0.53898942
-7.1029491 6.1131787 0.55464262
-7.4696288 6.1213794 0.57157487
-7.8596582 6.1301036 0.58992827
-9.200058 6.1600842 0.65529048
-9.7164545 6.1716356 0.68126571
-10.27582 6.1841478 0.70981276
-10.884501 6.1977625 0.74131191
-11.35417 6.1072998 0.76303864
-21.356981 -7.2401609 1.3346678
-20.565321 -8.0974855 1.3081068
-19.762802 -8.3376656 1.2694899
-19.025059 -8.5728302 1.235034
-18.778749 -21.709536 1.6988728
-17.048309 -21.746462 1.6354252
-16.229443 -21.763502 1.6067899
-14.672548 -21.795906 1.5550474
-13.929492 -21.810104 1.531634
-13.209785 -21.826685 1.5099702
-11.827695 -21.858524 1.4709474
-10.51123 -21.886404 1.4369872
-3.5559862 -7.8863354 0.51200807
-3.2538085 -8.2577438 0.52530545
-2.9615331 -8.0824604 0.50946045
-2.6346581 -8.4284821 0.52264279
-5.1671286 -22.010244 1.3380913
-4.0629392 -22.036171 1.3261927
-3.5175488 -22.048979 1.3214692
-2.9757617 -22.061703 1.3175462
-0.83034176 -22.095873 1.3086668
0.2365039 -22.118427 1.3091539
0.77103513 -22.132526 1.3107035
1.8449901 -22.156967 1.3158973
2.3858202 -22.169275 1.3196635
2.9300683 -22.18166 1.3242241
3.4784179 -22.194138 1.3295954
4.0309763 -22.203709 1.335608
4.5891991 -22.215065 1.342559
7.4920506 -22.282612 1.3913454
8.1000977 -22.295336 1.403939
8.7196093 -22.308306 1.4175929
10.660078 -22.353046 1.4657048
11.337041 -22.367096 1.4841325
12.031651 -22.381517 1.5039204
12.746025 -22.397419 1.5252129
13.481113 -22.413288 1.5479945
14.238935 -22.429647 1.5724009
15.832119 -22.465824 1.6266371
13.930674 -9.4284077 0.99557263
13.796982 -8.8602448 0.97045517
12.727871 5.6591954 0.82440567
11.978408 5.6759095 0.78450364
11.297705 5.6910901 0.74869961
9.9600677 5.6353745 0.67729932
9.4443455 5.648612 0.65131027
8.6366987 5.7487049 0.61404145
8.2140818 5.7581296 0.59370148
7.8183494 5.7669578 0.57499051
7.0963082 5.7830625 0.54179716
6.7652926 5.7904468 0.52703887
6.1537304 5.8040891 0.50064832
5.8700194 5.8104186 0.48883331
5.5992479 5.8164587 0.47783279
5.0919628 5.8277769 0.45802641
4.5588083 5.7558594 0.43456617
3.9877441 5.8605151 0.41953459
3.402832 5.873569 0.4017511
3.2183788 5.8776855 0.396604
2.6909473 5.8894591 0.38322645
1.2709374 5.9211583 0.35842377
1.1228515 5.9244652 0.35687912
0.97596675 5.9277439 0.35555464
0.68500978 5.9342418 0.35354844
-14.181982 6.2541451 0.56747448
-19.348408 6.3866773 0.74597716
-20.998407 -7.2540927 0.81337416
-20.671913 -7.7043905 0.80769086
-20.048553 -8.0280981 0.79067546
-20.421688 -21.675722 1.0903255
-19.473515 -21.694984 1.0673463
-18.563974 -21.713461 1.0459071
-16.037626 -21.767548 0.9898991
-15.252764 -21.783882 0.97361922
-14.491817 -21.798124 0.95834732
-13.041016 -21.831524 0.93103957
-11.667451 -21.863142 0.90730971
-10.357783 -21.890018 0.88662368
-3.4713671 -7.8188758 0.31320876
-3.3310449 -8.0190802 0.31791595
-3.2074902 -8.2800999 0.32509965
-7.3077731 -21.954863 0.84716868
-6.7277246 -21.967234 0.84113783
-6.1555467 -21.979439 0.83567244
-5.0337305 -22.012808 0.82673293
-3.3874609 -22.05147 0.81681532
-2.8463867 -22.064178 0.8145076
-2.306875 -22.065155 0.81225383
-1.7708398 -22.076488 0.8108601
-1.2363086 -22.087788 0.80994487
-0.70269531 -22.099072 0.80950087
0.36433592 -22.121628 0.81002575
0.89918941 -22.135872 0.81110519
2.5158203 -22.172665 0.81699324
3.0610058 -22.185072 0.81993175
5.8630371 -22.241224 0.8421132
6.4441504 -22.253046 0.84819776
7.6365232 -22.285313 0.86248612
8.8696089 -22.311113 0.87903607
9.5048046 -22.324404 0.88834608
11.501328 -22.369869 0.92091322
12.919892 -22.400883 0.94677353
14.42372 -22.43334 0.97644484
16.02956 -22.469204 1.0105281
16.846758 -22.448706 1.0275862
18.590126 -22.430538 1.0666102
19.621542 -22.545063 1.0942562
13.817392 -8.7610435 0.59899992
14.157197 -8.504734 0.60466063
19.226406 5.5158811 0.73230988
12.541201 5.6631579 0.503802
11.809179 5.679492 0.47976044
10.534804 5.7079282 0.43867478
8.5326948 5.750874 0.37672821
7.360703 5.7770276 0.34257826
7.015234 5.7847385 0.33289963
6.6885448 5.7920289 0.32393646
6.0844336 5.8055124 0.30789796
5.8039451 5.8117738 0.30071381
5.5361032 5.8177514 0.29402494
5.2797556 5.8234715 0.28779006
5.0339355 5.8289585 0.28197616
4.7365623 5.7598853 0.27302366
3.5463769 5.8702645 0.25109679
3.3581836 5.8744664 0.24773696
2.8212793 5.8864536 0.23898849
1.8417187 5.9083238 0.22657943
1.5350878 5.9151707 0.22373946
1.2353613 5.921864 0.22147658
0.94095701 5.9284387 0.21976745
0.65038085 5.9349289 0.21858917
0.50609374 5.9381518 0.21819489
0.3622461 5.9413633 0.21792708
0.2186621 5.9445701 0.21778777
-0.068378903 5.9509811 0.21789001
-0.2121582 5.9541931 0.21813141
-0.63725585 5.8775473 0.2164482
-1.0740527 5.8896351 0.2191861
-1.545 5.9816394 0.22618546
-1.7009277 5.9851232 0.2278035
-2.0200586 5.9922533 0.23151733
-2.1837597 5.9959116 0.23362686
-2.3505566 5.9996386 0.23591384
-2.872617 6.0113049 0.24392334
-3.0549512 6.0153785 0.24700759
-3.24208 6.0195603 0.25031921
-3.836494 6.0328455 0.26175216
-4.0473142 6.0375562 0.2661168
-4.7260742 6.0527258 0.28115189
-5.2246485 6.0638709 0.29304993
-5.4903903 6.0698094 0.29965132
-5.6991796 6.0029297 0.30305618
-5.9749804 5.9968286 0.30993256
-6.6988864 6.1040101 0.33180496
-7.7899117 6.1283984 0.362883
-8.2013083 6.1375952 0.37503859
-9.6235542 6.1693897 0.41852051
-10.17501 6.1817188 0.43588668
-11.235801 6.1044641 0.46815124
-12.114053 6.2079124 0.49836302
-13.788086 6.2453394 0.5541783
-14.775264 6.2674093 0.58760482
-17.209032 6.3388453 0.67143708
-20.383749 6.4098263 0.78231764
-22.374414 6.4469175 0.85250074
-20.169268 -7.8440719 0.79231429
-18.046856 -21.723969 1.0340025
-16.369658 -21.760639 0.99695659
-14.057285 -21.80813 0.94993943
-12.630527 -21.840971 0.92372113
-3.3895116 -7.9356346 0.31593186
-8.7450972 -21.923988 0.86419201
-3.1169727 -9.0619259 0.35085234
-6.9663477 -21.962145 0.84355938
-4.7084179 -22.020449 0.82443589
-4.1579981 -22.033373 0.82092357
-3.611953 -22.046198 0.81791484
-3.0695508 -22.058941 0.81540328
-1.4569921 -22.083124 0.81026381
-0.92307615 -22.094412 0.80962569
0.14377929 -22.116964 0.80976391
1.2137305 -22.143032 0.81191605
1.7513964 -22.155266 0.81367844
2.2916796 -22.167562 0.81592393
4.4918456 -22.213326 0.82973677
6.2030563 -22.248144 0.84562087
6.7915626 -22.267632 0.85233903
10.543858 -22.350004 0.90476394
11.217861 -22.363989 0.91602367
14.883418 -22.443262 0.9859544
15.689219 -22.462376 1.0031348
19.161991 -22.465342 1.0810575
13.725947 -9.3739834 0.60854262
14.03624 -8.6236105 0.60313493
19.878553 5.4891334 0.75502956
18.314844 5.536222 0.70050824
14.636298 5.6084619 0.57385713
12.865546 5.6559191 0.51454037
12.102959 5.6729369 0.4893747
11.411122 5.688375 0.4668141
9.5312786 5.6465111 0.40559676
8.7128706 5.7468529 0.38213637
7.8851266 5.765326 0.35762557
7.5094042 5.7737098 0.34680283
6.5048437 5.7961302 0.31898132
5.9182324 5.8092222 0.30361924
5.1342869 5.8267198 0.28432983
4.8941793 5.8320775 0.27874649
4.3779492 5.7597899 0.26487717
4.1660156 5.7645187 0.26039839
4.0231638 5.8596215 0.26023054
3.8214355 5.8641248 0.25626007
3.4353125 5.872745 0.24909653
3.2500293 5.8768811 0.24587387
2.7204981 5.8887033 0.23749161
2.5515916 5.8924742 0.2350917
2.3859766 5.8961716 0.23287399
2.2233593 5.8998032 0.23083176
1.9060742 5.9068871 0.22724213
1.7509375 5.9103527 0.2256842
1.4464941 5.9171495 0.22301605
1.296787 5.9204917 0.22189835
1.0014062 5.9270883 0.22007598
0.56563473 5.9368224 0.21834151
-0.0090527339 5.949657 0.21782745
-0.29670897 5.9560838 0.21833283
-0.57791013 5.8762207 0.2161766
-0.72181636 5.8794346 0.21687239
-0.86674803 5.8826742 0.21769974
-1.3281933 5.9767942 0.22415908
-1.6362402 5.9836779 0.22711624
-2.1157715 5.9943919 0.23273452
-2.2812598 5.9980884 0.23494735
-2.4500098 6.0018616 0.23734176
-2.9790623 6.0136828 0.24570617
-3.1641698 6.0178199 0.24892303
-3.3542967 6.0220675 0.25237381
-3.7513964 6.0309424 0.26003432
-4.3970313 6.0453734 0.27368468
-4.868154 6.0559006 0.28447357
-5.1182127 6.0614915 0.29045409
-5.3791599 6.0673242 0.29686797
-6.1506639 6.0007567 0.31460524
-6.5629296 6.1009703 0.32806778
-8.4558983 6.1432862 0.38266295
-8.914629 6.1535411 0.39658689
-9.4083099 6.1645789 0.4118115
-9.9417381 6.1765037 0.42850998
-10.962626 6.0983582 0.45929152
-12.569336 6.218092 0.51341915
-13.412197 6.2369347 0.54154205
-14.353369 6.257977 0.57327867
-15.412294 6.2816529 0.60934126
-16.379677 6.2194691 0.64146727
-20.941328 -7.3327823 0.81234419
-19.914911 -8.0716095 0.78673416
-19.312832 -21.69825 1.0635127
-18.409649 -21.716597 1.0423338
-16.706512 -21.75363 1.0042119
-14.362372 -21.801104 0.955818
-13.630273 -21.817959 0.94186538
-12.226367 -21.850277 0.91670054
-11.550947 -21.864885 0.90535778
-10.246787 -21.892359 0.88497299
-3.3062303 -8.0544977 0.31876814
-7.206377 -21.957026 0.84608138
-6.0568748 -21.981541 0.83477765
-4.9372458 -22.015072 0.82603496
-4.3848047 -22.028046 0.82231152
-2.7526953 -22.066381 0.81415629
-0.61003906 -22.10103 0.80947125
0.45714843 -22.12359 0.81015915
1.5289941 -22.150204 0.81289017
2.6102734 -22.174814 0.81746441
4.2609372 -22.208628 0.82793409
5.963408 -22.243265 0.8431288
7.7418356 -22.287514 0.86381602
8.3544531 -22.300333 0.87187451
8.979023 -22.313402 0.88060105
9.6183395 -22.330807 0.8901872
10.270156 -22.34433 0.90034407
10.937383 -22.358168 0.91127366
11.621426 -22.372362 0.92301285
12.32373 -22.386932 0.9356395
13.046924 -22.403622 0.94919205
13.791162 -22.419687 0.96368998
14.558887 -22.436256 0.97921979
16.174198 -22.472103 1.0136958
16.993788 -22.44799 1.0308058
17.848213 -22.430954 1.0494963
14.208271 -8.4545612 0.60532254
18.948114 5.5220923 0.72258681
14.088613 5.6286278 0.55545437
12.408809 5.6661119 0.49943146
11.689062 5.6821728 0.47584379
11.033876 5.6967931 0.45463714
10.434297 5.7101722 0.43548462
8.8983202 5.7427135 0.3877385
8.458457 5.7525291 0.37451065
8.0473433 5.761704 0.36235932
7.6618457 5.7703075 0.35116959
7.2992382 5.7783995 0.34084305
6.9571676 5.7860336 0.33129272
6.633574 5.7932568 0.32244644
6.3266306 5.8001075 0.3142392
6.0347362 5.806622 0.30661163
5.2363377 5.824441 0.28675139
4.9922166 5.8298898 0.28100616
4.6969433 5.7607689 0.2721318
4.2527051 5.7625842 0.26221296
4.1083884 5.8577194 0.26195189
3.9040234 5.8622813 0.25786787
3.7058301 5.8667064 0.2540535
3.51333 5.8710032 0.25049528
3.1434863 5.8792615 0.24408554
2.9653614 5.8832374 0.24121109
2.7913182 5.8871226 0.23853867
2.6209667 5.8909264 0.23606154
2.2901952 5.8983092 0.23165466
1.6608398 5.9123631 0.2248407
1.5087988 5.9157581 0.22351974
1.2095996 5.9224401 0.22130722
0.91557616 5.9290051 0.21964462
0.77003902 5.9322557 0.21901244
0.62527341 5.9354882 0.2185109
0.48108396 5.9387097 0.21813904
-0.95272458 5.8869238 0.21833481
-1.1149707 5.9720325 0.22242385
-1.2655176 5.9753952 0.22362228
-1.4177442 5.9787965 0.22496429
-1.5719335 5.9822412 0.22645552
-2.0482812 5.9928832 0.23187163
-2.2125096 5.9965539 0.23401138
-2.550703 6.0041099 0.23883529
-3.6673827 6.0290647 0.25836441
-3.872617 6.0336523 0.26248932
-4.0846581 6.0383897 0.26690596
-4.3040819 6.0432944 0.27163559
-4.5315528 6.0483789 0.27669844
-5.0136328 6.059154 0.28793183
-5.2699704 6.0648828 0.29416212
-5.7432809 5.9988365 0.30405807
-6.0264454 5.9979796 0.31129456
-6.331738 6.0048032 0.31948164
-7.1027832 6.1130371 0.34309569
-7.4694529 6.1212339 0.35356933
-8.2756252 6.1392565 0.37725434
-8.7211428 6.1492162 0.39068711
-9.7161713 6.1714611 0.42142013
-10.275527 6.1839662 0.43908003
-13.951494 6.2489915 0.55968934
-14.959121 6.2715211 0.59386671
-17.44873 6.3442054 0.67974758
-20.710009 6.4171214 0.79379833
-20.749619 -7.5971746 0.80900282
-18.778368 -21.709106 1.0509052
-17.048368 -21.746515 1.0116829
-15.4383 -21.780022 0.97741526
-14.672607 -21.795956 0.96194196
-13.930088 -21.811056 0.94751203
-13.210371 -21.827627 0.93411207
-9.8748922 -21.900192 0.87954968
-3.3650098 -7.970593 0.3167595
-3.2527733 -8.2551336 0.32485199
-8.0388966 -21.939266 0.85546249
-7.4478903 -21.951874 0.84869766
-6.8658395 -21.964287 0.84252822
-2.4091992 -8.414999 0.32046768
-5.1669922 -22.009678 0.82772446
-4.6124606 -22.022699 0.82378554
-2.9756835 -22.061142 0.81501752
-1.3641504 -22.085085 0.81012279
-0.83036131 -22.096371 0.80956131
0.2365039 -22.118925 0.8098622
1.3070117 -22.145151 0.81218427
3.4784863 -22.194572 0.82249862
5.7251267 -22.238417 0.8407405
6.304287 -22.250202 0.84669507
7.4919434 -22.282288 0.86067855
8.0999708 -22.29501 0.86846966
9.3515034 -22.321196 0.88604355
9.999052 -22.338705 0.89606029
12.031299 -22.380863 0.93030071
12.745859 -22.397125 0.94348431
13.480927 -22.412992 0.95758253
14.23874 -22.429348 0.97267896
15.021279 -22.446238 0.9888429
15.831709 -22.465235 1.0062196
16.645643 -22.449682 1.0232124
19.353935 -22.49864 1.0865511
14.087031 -8.5736752 0.60376585
14.381767 -8.284337 0.6076535
22.530478 -8.942606 0.88749284
14.483896 5.6198096 0.56879914
12.727441 5.6590014 0.50996137
9.959775 5.6352148 0.41897339
9.0893354 5.738452 0.39354965
8.6364841 5.7485571 0.37983871
8.2138863 5.757988 0.36725584
7.446445 5.7751145 0.34501067
6.7651367 5.7903199 0.32602096
5.8699121 5.8103004 0.30238724
5.5991306 5.8163438 0.29558319
4.5587306 5.755753 0.26881897
3.9876757 5.860415 0.25952101
3.4027734 5.8734717 0.24852005
3.2183299 5.8775887 0.24533661
3.0384569 5.8816051 0.24237244
2.3575194 5.8968077 0.23250778
1.878955 5.9074926 0.22695968
1.2709179 5.9210691 0.22171845
0.97596675 5.9276586 0.219944
0.83006835 5.9309154 0.21925765
0.54058594 5.9373803 0.21827713
-14.181445 6.2539072 0.21816985
-16.208691 6.2324157 0.2444493
-19.347431 6.3863597 0.28678969
-29.172354 6.5944653 0.42099318
-20.407393 -7.6057992 0.30655867
-20.180908 -8.6517096 0.30907303
-20.421268 -21.675278 0.41919035
-19.473125 -21.694548 0.41034973
-17.689404 -21.730803 0.39441788
-16.037676 -21.767603 0.38058561
-13.756533 -21.816013 0.36303756
-13.041572 -21.83246 0.35797241
-12.345899 -21.848461 0.35324278
-11.667949 -21.864052 0.34884429
-11.005107 -21.87677 0.34470838
-9.7246284 -21.903734 0.3373419
-9.1040039 -21.916803 0.33406037
-3.2064745 -8.2774849 0.12495147
-7.8968062 -21.943007 0.32826522
-6.1557517 -21.980127 0.32130218
-5.5906153 -21.992172 0.31940842
-5.0336032 -22.012241 0.31784576
-3.387373 -22.050913 0.3140344
-2.8463085 -22.063623 0.31314787
-1.7708789 -22.076986 0.3117575
-1.2363379 -22.088285 0.31140548
0.3643457 -22.122126 0.31143418
1.4355956 -22.148506 0.31242126
2.5158691 -22.173096 0.31411362
3.0610645 -22.185507 0.3152414
3.6100683 -22.195625 0.31653425
4.7238574 -22.21829 0.31973907
5.8630958 -22.241474 0.32376891
6.4442186 -22.253296 0.32611403
7.0364256 -22.272436 0.32878602
7.6364059 -22.284985 0.33159453
9.5046577 -22.324066 0.34153548
10.81997 -22.355106 0.34959441
11.501005 -22.369228 0.3540538
12.919726 -22.400591 0.36399931
13.660039 -22.416561 0.36950773
14.423525 -22.433037 0.37540525
15.212285 -22.450058 0.38174498
16.02914 -22.468607 0.38850632
18.590136 -22.430546 0.41007721
28.686123 5.3052788 0.41063535
25.230156 5.2986288 0.36289275
23.090868 5.4341455 0.33390746
21.002958 5.4807606 0.30553788
19.225458 5.5156126 0.28153884
16.412275 5.5784216 0.24400252
14.252002 5.6247592 0.21567382
11.808799 5.6793103 0.18444748
10.534492 5.7077622 0.16865203
9.8316212 5.6379089 0.15953079
8.9777241 5.7407861 0.14999923
8.5324802 5.7507272 0.14483719
8.1166306 5.7600121 0.14009689
7.7269235 5.7687144 0.13573395
4.505703 5.7568307 0.10290238
4.2894239 5.7616587 0.10111053
3.9390037 5.8613977 0.099405818
3.7397947 5.8658457 0.097920991
3.358125 5.8743701 0.09524551
2.8212304 5.8863587 0.091882929
1.687412 5.9116807 0.086536556
1.5350586 5.9150839 0.086019136
0.94093746 5.9283519 0.084492646
0.21865234 5.9444833 0.083731532
-0.068378903 5.9508934 0.083771206
-0.2121582 5.9541063 0.083863527
-0.49384764 5.8742576 0.082977295
-0.63724607 5.877461 0.083216399
-0.78155273 5.8806834 0.083504483
-0.92695308 5.8839307 0.083842926
-1.0740429 5.8895469 0.084269255
-1.2392187 5.974719 0.085890807
-1.391162 5.9781113 0.086396791
-1.5449706 5.9815478 0.086959682
-1.7009082 5.9850316 0.087582245
-1.8591796 5.9885678 0.08826416
-2.0200293 5.9921618 0.089010157
-2.5207129 6.003346 0.091650389
-2.8725781 6.0112062 0.093779601
-3.0549121 6.0152783 0.094965056
-3.2420311 6.0194602 0.096238859
-3.6323144 6.0281773 0.099066466
-4.047246 6.0374475 0.10231216
-4.4913282 6.0473704 0.10603164
-4.725986 6.0526123 0.1080928
-4.9700975 6.0580664 0.11029998
-5.4902735 6.0696888 0.11520462
-5.6991992 6.0029416 0.11651351
-5.9748535 5.9967027 0.1191574
-7.0411034 6.1115232 0.13123886
-7.4039745 6.1196313 0.13520965
-8.2011032 6.1374412 0.14418732
-9.623291 6.1692176 0.16090332
-10.174717 6.1815391 0.16757995
-10.774228 6.1949329 0.17494217
-12.90625 6.2254148 0.20170151
-13.787568 6.2451072 0.21305786
-15.889228 6.2920666 0.24055603
-17.208242 6.338562 0.25813812
-20.382675 6.4094906 0.30075806
-27.742226 6.5625095 0.40128082
-19.859951 -21.686684 0.41392714
-17.193642 -21.743547 0.39019057
-16.369717 -21.760693 0.38329908
-15.573906 -21.777252 0.3768608
-14.803955 -21.793276 0.37083998
-13.334521 -21.82572 0.36001968
-12.631055 -21.841902 0.35516065
-11.945996 -21.857656 0.35062346
-10.623554 -21.884804 0.34243301
-9.3589258 -21.911434 0.33538496
-3.0951757 -8.3388338 0.12520279
-6.9665723 -21.962839 0.32433227
-6.3912301 -21.975107 0.32214034
-4.1578808 -22.032812 0.31561387
-3.0694726 -22.058378 0.3134889
-0.38971677 -22.106186 0.31121778
0.14377929 -22.117466 0.31133148
0.67811525 -22.131264 0.31167099
1.2137598 -22.143459 0.31216156
1.7514257 -22.155697 0.31283888
2.2917187 -22.167994 0.31370237
3.3829393 -22.192831 0.3159973
3.9346189 -22.20223 0.31739289
4.4918847 -22.21357 0.31900877
6.2031345 -22.24839 0.32510802
6.7914648 -22.267311 0.32769546
7.9934177 -22.292456 0.33335555
8.6108398 -22.30537 0.336557
9.2406349 -22.318544 0.34002471
9.8855467 -22.335732 0.34381622
10.543554 -22.349375 0.34784317
11.217529 -22.36335 0.35217208
12.620214 -22.394129 0.36183363
13.351475 -22.409906 0.36718717
14.105175 -22.426168 0.37292343
19.162001 -22.465361 0.41563049
26.788368 5.3476505 0.38451919
24.071358 5.4122543 0.34729111
21.820995 5.4624963 0.31663588
19.878506 5.4891224 0.29028168
18.313984 5.5359616 0.26930815
16.930254 5.5668564 0.25086394
15.723232 5.5938058 0.23491043
14.63625 5.6084509 0.22062652
13.710811 5.6368432 0.20867035
12.865117 5.655725 0.19781876
11.410762 5.6881981 0.17947036
10.779541 5.702291 0.17165664
9.1711035 5.7364683 0.15226731
8.7126465 5.7467051 0.14691588
8.285078 5.7562523 0.14200698
7.5092282 5.7735753 0.13333191
6.8211913 5.788939 0.12593277
6.5046873 5.7960057 0.1226358
5.9181051 5.8091025 0.11673004
5.6451855 5.8151975 0.11408203
5.3842282 5.8210239 0.11161407
5.1341796 5.8266077 0.10931427
4.8940916 5.8319702 0.10716736
3.821367 5.8640256 0.098523103
2.8929296 5.8847594 0.092302546
2.720459 5.8886094 0.091306604
2.5515528 5.8923817 0.090384521
2.3859375 5.89608 0.08953201
2.0634375 5.9032836 0.088024445
1.5977734 5.9136815 0.086226501
1.4464746 5.9170604 0.085742034
0.85534179 5.9302649 0.084338225
0.56562501 5.9367356 0.08394409
0.42162108 5.9399524 0.083821408
0.27794921 5.9431591 0.083748475
-0.0090624997 5.9495702 0.083746336
-0.29670897 5.955996 0.083941191
-0.72180665 5.8793492 0.08337982
-1.4811816 5.9801245 0.086719967
-1.6362207 5.9835877 0.087317958
-1.9532617 5.9906688 0.088694915
-2.4499805 6.0017662 0.09124878
-3.1641209 6.0177197 0.095702358
-3.5498242 6.0263367 0.098450467
-4.6279492 6.0504236 0.10722366
-4.8680563 6.0557861 0.10937042
-5.118125 6.0613732 0.11166794
-5.3790622 6.067203 0.11413345
-5.6519628 6.0733008 0.11678146
-5.8614645 6.0013547 0.1180841
-6.150537 6.0006275 0.12095413
-6.5628028 6.1008387 0.12612854
-6.8973045 6.1083117 0.12968719
-7.6274414 6.1246228 0.13769409
-8.4556932 6.1431284 0.14711884
-8.9144039 6.153379 0.15247054
-10.520273 6.1892591 0.17181228
-12.568906 6.2178769 0.1973877
-18.042549 6.3572044 0.26927552
-19.643789 6.392982 0.29078352
-21.424843 6.4052792 0.31476805
-23.737158 6.4770288 0.346342
-26.457783 6.5378184 0.38362381
-20.253613 -21.678686 0.41760588
-19.312431 -21.697817 0.40887877
-18.409277 -21.716171 0.40073606
-16.706562 -21.753681 0.38608688
-12.919355 -21.83527 0.35712203
-11.551152 -21.865273 0.34808668
-10.891611 -21.87916 0.34402373
-10.246972 -21.892735 0.34025252
-9.6159182 -21.906025 0.33675337
-7.2066112 -21.957724 0.32530302
-6.6279883 -21.970058 0.32302353
-6.0570602 -21.982231 0.32095519
-4.937119 -22.014509 0.31757659
-3.8369529 -22.040352 0.31491089
-2.2136524 -22.067627 0.31218657
-1.6779199 -22.078949 0.31168166
-0.61005861 -22.101528 0.31122297
-0.076660156 -22.112803 0.31126556
1.5290234 -22.150635 0.31253541
2.0681446 -22.162905 0.3133235
3.1561913 -22.18767 0.31545791
7.1399412 -22.274599 0.32925552
8.3543262 -22.300005 0.33520582
10.269843 -22.3437 0.34614623
11.621083 -22.371717 0.35486022
13.046758 -22.403332 0.36492872
13.790977 -22.41939 0.37050384
14.558681 -22.435951 0.37647507
15.352051 -22.453072 0.38285658
16.993799 -22.447994 0.39631379
18.752344 -22.434229 0.41157806
25.121016 5.3857517 0.36165115
22.700712 5.4428563 0.32859451
20.367714 5.4062977 0.2966423
18.947197 5.5218248 0.27779999
16.202812 5.5830994 0.24123366
14.866122 5.527236 0.22325699
14.088096 5.6284189 0.21354659
13.203642 5.6481652 0.20214722
12.408388 5.6659217 0.19201019
11.688682 5.6819921 0.18294036
10.433994 5.7100072 0.16742584
9.7403412 5.6399474 0.1584381
8.4582424 5.7523866 0.1439856
8.0471487 5.7615647 0.13931289
7.2990818 5.7782679 0.1310405
6.9570017 5.7859058 0.12736923
6.6334276 5.7931309 0.1239682
6.0346093 5.8065014 0.11788055
5.7564158 5.8127136 0.11515289
5.2362399 5.8243299 0.11024521
4.9921288 5.8297801 0.1080365
4.6968651 5.7606626 0.1046254
4.2526269 5.7624817 0.10081283
3.1434374 5.8791637 0.093842007
2.6209276 5.8908324 0.090756379
2.2901561 5.8982186 0.089062348
2.1291797 5.901814 0.088314973
1.814746 5.9088364 0.087007746
1.6608105 5.9122753 0.086442873
1.5087793 5.9156699 0.085935213
1.2095801 5.9223523 0.085084073
1.0620019 5.9256468 0.084738918
0.91555661 5.9289184 0.084445037
0.77003902 5.932169 0.084201813
0.33728516 5.9418344 0.083772585
-0.23716797 5.9546652 0.083885036
-0.51869142 5.8748116 0.083016202
-0.80672848 5.8812461 0.083560027
-1.1149609 5.9719434 0.085513763
-1.2654883 5.9753051 0.085975036
-1.4177246 5.9787049 0.08649078
-1.5719141 5.9821506 0.087063752
-1.8869336 5.9891882 0.088389434
-2.2124803 5.99646 0.089968562
-2.9039257 6.0119066 0.093978882
-3.0870605 6.0159974 0.095179595
-3.2750487 6.0201974 0.096468352
-3.4683299 6.0245152 0.097849578
-3.8725586 6.033546 0.10091766
-5.013535 6.0590367 0.11070007
-5.2698731 6.0647631 0.11309356
-5.5376954 6.0707469 0.11566482
-5.7431641 5.9987121 0.11689636
-6.7568455 6.1051722 0.1281842
-7.1026363 6.1128988 0.13190612
-8.2754097 6.1391015 0.14503922
-9.1995602 6.1597495 0.15584198
-9.7159176 6.1712866 0.16201843
-10.275234 6.183784 0.16880737
-12.245615 6.2106543 0.19327286
-13.052578 6.2286854 0.20357619
-14.958525 6.2712693 0.22831345
-16.097725 6.2967257 0.2433113
-20.708887 6.4167809 0.30517471
-22.761347 6.4552245 0.33302444
-28.326982 6.5755758 0.40933654
-20.483681 -7.4997978 0.3070491
-20.244589 -7.9712033 0.30625823
-20.176172 -8.5120554 0.30824387
-20.649023 -21.664917 0.42127091
-17.048418 -21.746569 0.38896132
-16.229521 -21.763613 0.38214689
-15.438339 -21.780073 0.37578827
-13.930693 -21.812006 0.36430556
-13.210927 -21.828564 0.35915312
-12.510761 -21.844667 0.35434708
-11.828691 -21.860355 0.34987274
-9.2514744 -21.913698 0.33482268
-8.0391598 -21.939972 0.32891035
-5.7252831 -21.989302 0.31984696
-5.1668553 -22.009111 0.31822783
-4.0627246 -22.035048 0.31539765
-3.5173633 -22.047859 0.31427354
-2.9756153 -22.060585 0.31333953
-1.8990234 -22.074276 0.31186706
-0.83038086 -22.09687 0.3112593
-0.29705077 -22.108145 0.31122619
0.23652343 -22.119423 0.31137222
1.8450683 -22.157827 0.3129741
2.3859081 -22.170135 0.31387314
3.4785547 -22.195009 0.31622878
5.1537695 -22.227041 0.32116973
6.3043652 -22.250448 0.32552031
6.894238 -22.269463 0.32814804
7.4918356 -22.281961 0.33089888
9.3513479 -22.320862 0.34064484
11.336377 -22.365814 0.35295576
4.5080371 -8.3859291 0.13399704
12.745693 -22.396835 0.36273682
15.831288 -22.46464 0.38685027
16.645643 -22.449686 0.3933911
17.494335 -22.441702 0.40053618
18.368505 -22.425514 0.40804228
21.469862 5.4703369 0.3118698
19.621485 5.5067701 0.28686813
16.708975 5.5717969 0.24793045
15.529033 5.5981421 0.23235931
14.483339 5.6195946 0.21867904
13.557275 5.6402698 0.20669143
12.727012 5.6588082 0.19605698
8.63626 5.7484117 0.14603241
7.8179784 5.7666821 0.1367456
7.4462695 5.7749815 0.13264236
6.7649899 5.790194 0.12534103
5.8697948 5.810183 0.1162558
5.3400292 5.8220105 0.111203
5.0917578 5.8275547 0.1089299
4.8533301 5.8328795 0.10680923
4.5586424 5.7556491 0.10335068
3.7869334 5.8647923 0.098267823
3.5921385 5.869144 0.0968602
3.2182715 5.8774939 0.094322816
2.1953516 5.9003367 0.088616483
1.7241796 5.9108582 0.086669616
1.5713769 5.9142709 0.086137995
1.2709081 5.9209824 0.085242458
1.1228125 5.9242892 0.08487533
0.83005857 5.9308286 0.084296875
0.68498045 5.9340687 0.084083252
0.54057616 5.9372935 0.08391922
-17.787334 6.3512244 -0.15950668
-19.346493 6.3860421 -0.17205825
-23.316084 6.4672656 -0.20434676
-25.94202 6.5259042 -0.22591156
-19.472734 -21.694113 -0.24619308
-18.563232 -21.712606 -0.24125151
-17.689062 -21.730381 -0.23664108
-16.037704 -21.767656 -0.22834167
-13.757119 -21.816963 -0.2178212
-11.005293 -21.877153 -0.20681976
-9.7248049 -21.90411 -0.20240036
-6.7281542 -21.96862 -0.19403915
-6.1559372 -21.980816 -0.19277756
-5.0334764 -22.011679 -0.19069596
-4.4802246 -22.024675 -0.18981689
-3.9317088 -22.037563 -0.18905029
-3.3872948 -22.050354 -0.18840469
-2.8462498 -22.063063 -0.18787201
-2.3069823 -22.066153 -0.18737167
-1.7709179 -22.077482 -0.18704987
-1.2363671 -22.088783 -0.18683776
0.36436522 -22.122623 -0.18685547
1.435625 -22.148935 -0.18744537
1.9743164 -22.161198 -0.18789718
3.0611131 -22.185938 -0.18914215
4.1641994 -22.207144 -0.19081466
7.0363278 -22.272114 -0.1972557
7.6362891 -22.284662 -0.19894256
8.246933 -22.297432 -0.20077559
8.8693361 -22.31045 -0.20276123
10.155273 -22.340702 -0.20725189
12.199638 -22.383068 -0.21527785
13.659853 -22.416267 -0.22169235
14.423329 -22.432735 -0.22523101
15.21208 -22.449751 -0.22899733
16.028721 -22.468018 -0.23308441
16.846767 -22.448715 -0.23703429
17.698799 -22.435497 -0.24133697
19.621572 -22.545101 -0.25242552
13.825605 -8.7662592 -0.13825424
23.089521 5.4338293 -0.20032424
21.001844 5.4804697 -0.18330748
19.224531 5.5153418 -0.1689067
11.808428 5.6791282 -0.11065948
10.534199 5.7075939 -0.10118362
9.8313475 5.6377501 -0.095710903
9.3932123 5.6919627 -0.092755891
8.9774799 5.7406383 -0.089992672
8.5322657 5.7505832 -0.08689636
7.0149121 5.7844825 -0.076786041
6.3785543 5.798696 -0.072801359
5.8037109 5.8115377 -0.069362946
5.5358787 5.8175206 -0.067820124
5.2795606 5.823247 -0.066381834
4.7363868 5.7596717 -0.062977903
4.5056248 5.7567258 -0.061736755
4.2893457 5.7615576 -0.060661163
4.1444044 5.8567066 -0.060593411
3.9389355 5.8612976 -0.059639435
3.5462499 5.8700681 -0.057918854
3.3580663 5.8742723 -0.057142943
3.1747558 5.8783665 -0.056422271
2.6502051 5.8900843 -0.054546967
1.6873828 5.9115915 -0.05191879
1.0875586 5.9249887 -0.050873414
0.94092768 5.9282641 -0.050692137
0.6503613 5.9347544 -0.05042053
0.50608397 5.9379773 -0.050329436
0.21864258 5.9443994 -0.050235748
0.075175777 5.9476037 -0.050232846
-0.78154296 5.8805966 -0.050100248
-1.3911328 5.9780221 -0.051834717
-1.7008789 5.9849415 -0.052545469
-1.8591503 5.9884753 -0.052955322
-2.1836815 5.9957237 -0.053888395
-2.3504882 5.9994483 -0.054416504
-2.6945899 6.0071349 -0.055601958
-3.0548534 6.0151792 -0.056976166
-3.2419727 6.0193591 -0.057738647
-3.4342871 6.0236535 -0.058558501
-4.0471678 6.0373411 -0.061382752
-4.49124 6.0472584 -0.063614957
-4.7258983 6.0524988 -0.064851075
-4.9699998 6.0579491 -0.066175081
-5.2244434 6.0636315 -0.067595214
-5.4901657 6.0695667 -0.069117278
-5.9747167 5.9965758 -0.07148926
-6.2772751 6.0033326 -0.073353574
-7.7895408 6.1281018 -0.083701931
-8.2009077 6.1372876 -0.086506195
-9.6230078 6.169044 -0.096532591
-10.773896 6.194746 -0.10495605
-12.905801 6.2251964 -0.1210086
-13.787041 6.244874 -0.12782151
-14.774101 6.2669163 -0.13553207
-22.371836 6.4461813 -0.196622
-24.792772 6.5002418 -0.21646133
-27.740282 6.5620508 -0.24074019
-20.252216 -7.8763332 -0.18351685
-18.934492 -21.705059 -0.24324997
-17.193701 -21.743601 -0.23410903
-15.573925 -21.777304 -0.22610626
-14.804004 -21.793325 -0.22251068
-13.335088 -21.82666 -0.21601227
-11.946494 -21.858574 -0.21037155
-8.7453709 -21.924726 -0.19934906
-3.0932422 -8.3336229 -0.075072631
-7.5503902 -21.951097 -0.19604217
-6.9667869 -21.963535 -0.1945961
-6.3914256 -21.975796 -0.19328018
-5.8234568 -21.9879 -0.19209854
-5.2635937 -22.006271 -0.19109176
-4.7081738 -22.019321 -0.19016281
-3.0693944 -22.057821 -0.18807265
-1.4570702 -22.084118 -0.18691117
-0.92311519 -22.095406 -0.18676589
-0.38972655 -22.106682 -0.18672714
0.67812496 -22.131695 -0.18699707
1.2137792 -22.143887 -0.18729217
2.2917578 -22.168423 -0.18821961
3.9346678 -22.202473 -0.19042739
5.0552931 -22.225277 -0.19249389
6.7913671 -22.266993 -0.19660094
7.3871775 -22.279453 -0.19822876
7.9933004 -22.292128 -0.19999969
8.610713 -22.305038 -0.2019226
9.2404881 -22.318211 -0.20400344
10.543262 -22.348745 -0.20869125
11.217216 -22.362709 -0.21128677
4.4545116 -8.370326 -0.080076903
12.620069 -22.393837 -0.21708892
13.351298 -22.409609 -0.22030121
15.688408 -22.461195 -0.23138306
16.520947 -22.477875 -0.23559035
17.34708 -22.446177 -0.23957641
18.209023 -22.4219 -0.24393906
19.162022 -22.46538 -0.24936843
26.786591 5.3472924 -0.23067962
21.819805 5.4621959 -0.18996139
19.878466 5.4891076 -0.17416015
18.313124 5.5357032 -0.16157074
15.722588 5.5935779 -0.14093551
14.63622 5.6084375 -0.13237183
11.41041 5.6880198 -0.1076741
10.779248 5.7021203 -0.10298461
9.5307617 5.6461997 -0.093557887
9.1708593 5.7363172 -0.09135437
7.8847461 5.7650476 -0.082490541
7.5090528 5.7734408 -0.079993896
7.1552439 5.7813463 -0.077686921
6.2040234 5.8025961 -0.071740113
4.8939939 5.8318615 -0.06429565
4.5972557 5.7546802 -0.062203977
4.1658692 5.7643161 -0.060059659
4.0230274 5.8594174 -0.060025632
3.2499218 5.876688 -0.05671341
3.0692675 5.880724 -0.056021728
2.8928905 5.8846631 -0.055378418
2.7204101 5.8885155 -0.054780271
2.5515137 5.8922901 -0.05422714
2.2232909 5.8996215 -0.05324417
1.7508788 5.9101734 -0.052057035
1.5977637 5.9135938 -0.051732633
1.2967383 5.9203172 -0.051183164
1.001377 5.9269152 -0.050763395
0.13445312 5.9462781 -0.050229948
-0.0090527339 5.9494834 -0.050244901
-0.44120115 5.9591355 -0.050463866
-0.57789063 5.8760486 -0.049864806
-0.86672848 5.8824997 -0.050216064
-1.1769335 5.9732394 -0.051415101
-2.1157031 5.994205 -0.053683471
-2.2811816 5.9979014 -0.054193877
-2.6222558 6.0055175 -0.055342101
-2.9789648 6.013485 -0.056674805
-3.9592383 6.035377 -0.06095871
-4.1742282 6.0401783 -0.062005918
-5.3789549 6.0670824 -0.068475492
-5.8613281 6.0012302 -0.070844725
-7.2512693 6.1160803 -0.080113679
-8.0276461 6.133419 -0.085318752
-8.9141598 6.1532154 -0.091474608
-9.407793 6.164238 -0.094987944
-9.9411621 6.1761498 -0.098839417
-10.519951 6.1890745 -0.10307785
-10.961933 6.0979772 -0.10593582
-12.568466 6.2176633 -0.11842163
-13.41123 6.2364831 -0.12490753
-16.378262 6.2189279 -0.14795333
-23.735731 6.4766378 -0.20778441
-20.253193 -21.678242 -0.25054869
-19.312031 -21.69738 -0.24531052
-15.899443 -21.770533 -0.22767623
-15.119091 -21.786772 -0.22397155
-14.363643 -21.803022 -0.22049728
-12.919902 -21.836201 -0.21427292
-12.227402 -21.852119 -0.21147613
-11.551348 -21.865658 -0.20884414
-9.6160736 -21.906399 -0.20204437
-8.997529 -21.919418 -0.20009398
-3.1715624 -8.2903719 -0.074963376
-4.3845801 -22.026924 -0.18967421
-3.2930467 -22.052568 -0.1883081
-2.2136817 -22.068125 -0.18730667
-1.677959 -22.079449 -0.18700668
-0.076669917 -22.1133 -0.18675445
0.45716795 -22.124584 -0.18688767
3.15625 -22.188103 -0.18927826
3.7060156 -22.197819 -0.19006316
4.2610254 -22.209114 -0.19098388
4.8217773 -22.220528 -0.19202651
5.3890138 -22.232069 -0.19319351
5.9635253 -22.243761 -0.19449386
6.5461621 -22.255619 -0.19592483
7.1398339 -22.274277 -0.19754334
8.9787598 -22.312737 -0.20312302
10.936758 -22.356899 -0.21019241
13.046581 -22.403036 -0.21894301
13.790791 -22.419092 -0.22229049
16.17334 -22.470913 -0.23381622
16.993809 -22.448002 -0.23777969
22.699423 5.4425449 -0.19713759
18.946289 5.5215573 -0.16666457
17.477558 5.5543699 -0.15487823
16.202139 5.5828624 -0.144729
11.033203 5.6964464 -0.10486481
8.4580269 5.7522411 -0.086385347
8.0469532 5.7614245 -0.083581388
6.9568553 5.7857776 -0.076415554
6.0344825 5.8063831 -0.07072372
5.7563086 5.8125978 -0.069087066
5.4905663 5.8185339 -0.067562558
4.9920311 5.8296704 -0.064817809
4.6967773 5.7605567 -0.062770233
3.5132031 5.8708067 -0.057779539
3.3258886 5.87499 -0.057014618
3.1433787 5.8790674 -0.056301575
2.9652636 5.8830481 -0.05563812
2.1291406 5.9017248 -0.052985992
1.9707617 5.9052625 -0.052575376
1.8147167 5.9087462 -0.052201383
1.6607909 5.9121861 -0.051861569
1.50875 5.9155807 -0.051557157
1.358418 5.9189377 -0.051286466
0.91554683 5.9288316 -0.050664365
0.77001953 5.9320836 -0.050517578
0.62526363 5.9353147 -0.050402068
0.33727539 5.9417491 -0.05026016
0.1937207 5.9449549 -0.05023361
-0.38143554 5.9578013 -0.050418396
-0.51868165 5.8747253 -0.049806669
-0.66221678 5.877933 -0.04995529
-0.80670899 5.8811593 -0.050132599
-1.1149414 5.9718542 -0.051305082
-1.2654687 5.9752159 -0.051581878
-1.4177051 5.9786167 -0.051890563
-1.571875 5.9820604 -0.052234802
-1.7282031 5.9855518 -0.052614287
-1.8869042 5.9890966 -0.053029936
-2.0482128 5.9926977 -0.053484496
-2.7251952 6.0078173 -0.055713501
-2.903867 6.0118065 -0.056383055
-3.0870116 6.0158982 -0.05710388
-3.2749999 6.0200963 -0.0578775
-3.4682715 6.0244117 -0.058706816
-3.6672559 6.0288572 -0.059594724
-3.8724902 6.0334387 -0.06054657
-4.3039255 6.0430737 -0.062656097
-4.5313869 6.0481544 -0.063824005
-4.7675977 6.0534301 -0.065073848
-5.5375781 6.0706239 -0.069394529
-6.3314648 6.0045433 -0.073696747
-6.7566991 6.1050363 -0.076904751
-8.2751951 6.1389465 -0.087017365
-10.274921 6.1836033 -0.10127532
-10.883496 6.1971922 -0.10577087
-12.245205 6.2104454 -0.11595413
-13.052099 6.2284632 -0.12213699
-13.950449 6.2485251 -0.12909484
-14.957919 6.2710214 -0.13697861
-16.097021 6.2964573 -0.14597656
-17.447168 6.3436289 -0.15678208
-20.707783 6.4164405 -0.1830841
-22.76001 6.4548483 -0.19979614
-25.26412 6.5107675 -0.22033599
-28.32498 6.5751071 -0.24557281
-20.648848 -21.664742 -0.25271362
-18.777645 -21.708246 -0.24240296
-17.895264 -21.726191 -0.23772155
-15.438378 -21.780127 -0.22546431
-13.211484 -21.829502 -0.2154927
-11.82918 -21.861269 -0.20992751
-11.162393 -21.873844 -0.20739426
-10.511777 -21.887541 -0.20505661
-9.8752241 -21.900942 -0.20289429
-8.639883 -21.926949 -0.19903518
-3.0602539 -8.3518476 -0.07511963
-7.448359 -21.953274 -0.19578154
-6.8662696 -21.965679 -0.19435912
-6.2922363 -21.977909 -0.19306839
-5.1667185 -22.008549 -0.19092269
-4.6122165 -22.021576 -0.19001494
-2.9755273 -22.060026 -0.18798797
-1.8990625 -22.074772 -0.18711761
-1.3642187 -22.086079 -0.18687896
-0.83039063 -22.097364 -0.18675002
-0.29706055 -22.108643 -0.18673004
0.23652343 -22.119921 -0.18681945
1.3070409 -22.146008 -0.18735687
1.8451074 -22.158257 -0.18777969
2.930244 -22.182959 -0.18896957
3.4786229 -22.195444 -0.18973739
6.8941402 -22.26914 -0.19687469
9.3512011 -22.320526 -0.20438918
9.9985056 -22.337456 -0.20668487
10.65916 -22.351147 -0.20913009
11.336064 -22.365175 -0.21175796
4.5075097 -8.3849592 -0.08039993
12.745507 -22.396542 -0.21762832
14.238349 -22.428745 -0.22436416
15.020869 -22.445625 -0.22809523
15.830869 -22.46405 -0.23209076
16.645655 -22.449692 -0.23602462
17.494354 -22.441704 -0.24031234
19.353973 -22.498682 -0.25066054
22.528027 -8.9416313 -0.20471206
26.270136 5.35883 -0.22642623
23.6483 5.4213462 -0.20489928
16.708261 5.5715561 -0.14874573
15.528399 5.5979161 -0.13940293
14.482802 5.619381 -0.13119446
12.726572 5.6586156 -0.11762527
10.675127 5.7044458 -0.10221832
9.4435644 5.6481495 -0.092923276
8.6360445 5.7482653 -0.087612458
8.2134857 5.7577038 -0.084711
7.8177929 5.7665453 -0.082041472
7.09583 5.7826734 -0.0773056
6.7648339 5.7900672 -0.075199582
6.1533399 5.8037281 -0.071434021
5.869668 5.8100657 -0.069748841
5.3399315 5.8218994 -0.066716917
5.09166 5.827446 -0.065353699
4.8532419 5.8327699 -0.064081572
4.3404393 5.7604151 -0.060912628
3.7868652 5.8646936 -0.058956906
3.5920801 5.8690453 -0.058112334
3.4026561 5.8732762 -0.057323609
3.0383496 5.8814135 -0.055906981
2.8626561 5.8853378 -0.055270996
2.6908202 5.8891783 -0.054680936
2.5225098 5.8929367 -0.054135434
2.1953223 5.9002452 -0.053166047
2.0358984 5.9038072 -0.05274063
1.8789062 5.9073143 -0.052351683
1.7241503 5.9107714 -0.05199768
1.5713476 5.9141831 -0.051680144
1.2708887 5.9208946 -0.051142424
1.1228027 5.9242029 -0.05092163
0.68498045 5.9339819 -0.050446469
0.54055661 5.9372082 -0.050348509
-15.217021 6.2765675 -0.5098744
-19.345516 6.3857236 -0.63103527
-21.171944 6.4264832 -0.68535638
-23.314697 6.4668822 -0.74945027
-25.940311 6.5254769 -0.82854152
-20.42042 -21.674387 -0.92240852
-17.688721 -21.729963 -0.86792564
-16.849766 -21.750813 -0.85225433
-16.037745 -21.767708 -0.83750731
-13.757725 -21.817907 -0.79895806
-13.042686 -21.834328 -0.78780401
-11.668906 -21.865879 -0.7676999
-11.005488 -21.877533 -0.75857693
-10.35832 -21.891151 -0.75016689
-3.1998827 -8.2604523 -0.27439788
-7.8972945 -21.944414 -0.72241163
-3.387207 -22.049795 -0.69101202
-2.3070214 -22.06665 -0.68724483
-1.7709668 -22.07798 -0.68606973
-1.2364062 -22.089279 -0.68529278
-0.16934571 -22.111837 -0.68494302
0.36436522 -22.123121 -0.68536872
0.89923829 -22.137154 -0.68627167
1.4356543 -22.149364 -0.6875242
1.9743555 -22.161629 -0.68918228
2.5159667 -22.17396 -0.69125581
4.164248 -22.207388 -0.69986969
5.8632321 -22.241968 -0.71248931
6.444365 -22.253794 -0.71764547
7.0362301 -22.27179 -0.72348583
9.504385 -22.323399 -0.75152928
10.154981 -22.340078 -0.76013237
10.819375 -22.353838 -0.76925957
11.500351 -22.367945 -0.77906775
12.199277 -22.382416 -0.78958791
12.919394 -22.400003 -0.80098069
15.211855 -22.449442 -0.83999085
16.028301 -22.467421 -0.85488242
16.846758 -22.448721 -0.86938763
18.590147 -22.430561 -0.90240026
19.621582 -22.545124 -0.92579579
28.682011 5.304522 -0.90349686
25.226933 5.2979493 -0.79845548
23.088192 5.4335132 -0.73470157
19.223574 5.5150709 -0.61947912
14.250937 5.6243372 -0.4745639
11.808046 5.6789451 -0.40586075
11.14247 5.6938233 -0.38759276
9.8310642 5.6375904 -0.35103804
8.9772558 5.7404871 -0.33006346
8.5320501 5.7504382 -0.31870514
7.7265625 5.7684436 -0.29867417
7.0147557 5.7843518 -0.28162917
6.6881151 5.7916527 -0.274046
6.378418 5.7985754 -0.26701263
6.0840626 5.8051524 -0.26047897
4.7363086 5.7595654 -0.23098205
4.5055466 5.7566199 -0.22643432
4.2892675 5.7614536 -0.22248642
4.1443262 5.8566041 -0.22223586
3.9388671 5.8611951 -0.21873917
3.7396581 5.8656468 -0.21547455
3.5461912 5.8699708 -0.21242751
3.3580174 5.8741746 -0.20958602
3.1747069 5.8782701 -0.20693816
2.9958594 5.882268 -0.20447494
2.6501758 5.8899913 -0.20006087
1.2353027 5.9216003 -0.18737152
0.94090819 5.9281788 -0.18592498
0.50607419 5.9378905 -0.1845935
0.36222655 5.9411035 -0.18436858
-0.068378903 5.9507213 -0.18433745
-0.21214843 5.9539328 -0.18454085
-0.49382812 5.8740854 -0.18259232
-0.63722652 5.8772874 -0.18311691
-0.92692381 5.8837585 -0.18449859
-1.0740136 5.8893714 -0.18543349
-1.2391796 5.9745398 -0.18900116
-1.5449317 5.9813681 -0.19135407
-1.7008593 5.9848499 -0.19272201
-2.0199707 5.9919748 -0.19586517
-2.1836524 5.9956298 -0.19764861
-2.3504393 5.9993539 -0.19958374
-2.694541 6.0070372 -0.20393112
-2.8724804 6.0110106 -0.20635818
-3.241914 6.0192575 -0.21177047
-3.4342382 6.023551 -0.21477447
-3.6321971 6.0279713 -0.21799484
-3.8362987 6.0325265 -0.22144225
-4.0470996 6.0372338 -0.22513397
-4.2651563 6.0421019 -0.22908783
-4.4911618 6.0471473 -0.23331955
-4.7258105 6.0523853 -0.23785369
-4.9699121 6.0578341 -0.24271026
-5.4900584 6.0694447 -0.25350311
-5.6992283 6.0029845 -0.25639999
-5.9746094 5.9964514 -0.26219985
-7.4036231 6.1193433 -0.2975238
-7.7893553 6.1279516 -0.3069931
-8.2006836 6.1371326 -0.3172743
-8.6407709 6.1469564 -0.32846481
-9.113369 6.1575036 -0.34068358
-10.174121 6.181179 -0.36874938
-11.234716 6.1038818 -0.39605087
-12.112861 6.2072897 -0.42159638
-12.905352 6.224978 -0.44382095
-14.773525 6.2666698 -0.49708328
-15.88789 6.2915378 -0.52931577
-17.206699 6.3379917 -0.56799096
-22.370584 6.4458141 -0.72112793
-24.791162 6.4998326 -0.79387093
-20.215029 -7.8618689 -0.67185521
-19.859131 -21.685804 -0.91083372
-16.369785 -21.760799 -0.84347713
-15.573984 -21.777357 -0.82930636
-14.804023 -21.793379 -0.81607938
-14.05914 -21.810986 -0.80379468
-13.335654 -21.8276 -0.79231912
-12.632138 -21.843754 -0.78161007
-11.277187 -21.871817 -0.76224196
-9.9850197 -21.899012 -0.74551362
-8.7455273 -21.925097 -0.73116499
-5.8236423 -21.988588 -0.70458776
-4.7080469 -22.018757 -0.69745451
-3.6116796 -22.044521 -0.69194067
-3.0693164 -22.057262 -0.68980992
-2.53 -22.069937 -0.68809998
-1.9921973 -22.073303 -0.68650633
-1.4570996 -22.084614 -0.68556672
-0.38972655 -22.10718 -0.68488342
2.2918067 -22.168858 -0.69034934
2.835459 -22.181231 -0.69266081
4.491992 -22.214058 -0.70201588
5.6254883 -22.237125 -0.71050096
6.7912598 -22.26667 -0.72108442
9.2403517 -22.317875 -0.74822217
11.216894 -22.36207 -0.77493095
4.4542284 -8.3697863 -0.29368362
12.619902 -22.393545 -0.79621369
13.351123 -22.409315 -0.80799466
15.687998 -22.460606 -0.84862763
18.209023 -22.421906 -0.89470589
24.068466 5.4116001 -0.76414323
21.818584 5.4618955 -0.69669485
19.878428 5.4890943 -0.63878381
18.312265 5.5354428 -0.59257567
16.92878 5.5663705 -0.55199462
14.636191 5.6084204 -0.48550734
13.709824 5.6364331 -0.45915374
12.864228 5.6553354 -0.43527907
10.778926 5.7019491 -0.37771681
8.7121973 5.7464108 -0.32327741
8.2846775 5.7559681 -0.31247786
7.1550779 5.7812157 -0.28493559
6.5044236 5.7957592 -0.2698552
5.917871 5.808867 -0.25685975
5.6449704 5.8149681 -0.25103271
5.3840232 5.8207984 -0.24560425
4.5971775 5.7545738 -0.22814499
4.3777051 5.7594776 -0.22408508
4.165791 5.7642136 -0.22029434
4.0229492 5.8593163 -0.22015503
3.8212402 5.8638229 -0.2167958
3.6254492 5.8681979 -0.21366058
3.0692284 5.8806272 -0.20547134
2.3858593 5.895896 -0.19701278
2.2232518 5.8995285 -0.19528504
2.0633788 5.9031014 -0.19369888
1.9059961 5.9066186 -0.19224808
1.4464258 5.9168844 -0.18867324
1.2967285 5.9202294 -0.18772735
1.0013574 5.9268284 -0.18618576
0.27794921 5.9429855 -0.18428604
-0.0090624997 5.9493957 -0.18428375
-0.15270507 5.9526048 -0.18444335
-0.72179687 5.8791757 -0.18347655
-0.86671871 5.882412 -0.18417694
-1.0132324 5.8880148 -0.18506271
-1.6361718 5.9834056 -0.19214173
-1.9531933 5.9904847 -0.19517043
-2.4498925 6.0015745 -0.20079224
-2.7984471 6.0093579 -0.20533416
-3.354121 6.0217624 -0.21350844
-3.5496972 6.0261292 -0.21663742
-3.7512012 6.0306273 -0.21998978
-3.9591699 6.0352707 -0.22357924
-4.1741505 6.0400696 -0.22742186
-4.3967967 6.0450401 -0.2315367
-4.6277637 6.0501962 -0.23594253
-4.8678708 6.0555563 -0.24066329
-6.1502733 6.0003724 -0.26615417
-6.5625095 6.1005688 -0.27754134
-7.6270604 6.1243296 -0.30298752
-8.4552441 6.1428146 -0.32372451
-9.4075289 6.1640697 -0.34838212
-9.9408693 6.1759715 -0.36250731
-10.519638 6.188889 -0.37805587
-11.808095 6.2004895 -0.41311842
-12.568037 6.2174487 -0.43433106
-13.410732 6.2362547 -0.45811918
-15.41041 6.2808838 -0.51546454
-18.040869 6.3566074 -0.59249383
-19.641777 6.3923364 -0.63982123
-21.42494 6.4053097 -0.69266921
-26.454227 6.5369458 -0.84407681
-20.252773 -21.677797 -0.91892987
-17.540215 -21.732983 -0.8650642
-16.70664 -21.753788 -0.84961444
-15.899482 -21.770586 -0.83504468
-15.119121 -21.786821 -0.82145345
-14.364267 -21.80398 -0.80877465
-12.920468 -21.837133 -0.78594643
-12.22791 -21.853039 -0.77567035
-10.891982 -21.879921 -0.75707233
-10.247314 -21.89349 -0.74876839
-3.1670411 -8.278574 -0.27455565
-7.7943358 -21.946606 -0.72140181
-7.2070603 -21.959116 -0.71588826
-6.0574412 -21.983606 -0.70632237
-4.9368653 -22.01338 -0.69880873
-4.3844628 -22.026361 -0.69566244
-3.8367772 -22.039228 -0.69294071
-2.7525001 -22.064707 -0.68876153
-0.6100781 -22.10252 -0.68489319
0.45717773 -22.125082 -0.68547851
0.99230468 -22.139273 -0.68646115
1.5290819 -22.151491 -0.68778408
4.2610741 -22.209354 -0.70049256
4.821836 -22.220768 -0.70431447
5.389082 -22.232313 -0.70859832
5.9635935 -22.244009 -0.7133469
7.7414942 -22.286537 -0.73079491
8.9786224 -22.312405 -0.74498624
9.6175289 -22.328945 -0.75307721
11.62042 -22.37043 -0.78084153
17.848232 -22.430964 -0.8879227
25.120897 5.385726 -0.7958104
22.698124 5.4422326 -0.72300869
16.201454 5.5826292 -0.53080338
14.864961 5.5268006 -0.49124709
14.08705 5.6280003 -0.46988556
12.407558 5.6655431 -0.42250061
11.032861 5.6962729 -0.38460752
10.433389 5.7096729 -0.36840576
9.3699703 5.731709 -0.34023374
8.8976269 5.7422681 -0.32801893
8.0467577 5.7612853 -0.30654967
7.6612988 5.7699008 -0.29708451
7.2987399 5.7780051 -0.28834853
5.490459 5.8184204 -0.24779998
4.9919434 5.8295617 -0.2377304
4.4674315 5.757473 -0.22572982
4.2524805 5.7622766 -0.22183044
4.1081738 5.8574133 -0.22161071
3.7056346 5.8664074 -0.21493012
3.32583 5.8748937 -0.2091133
3.1433301 5.8789721 -0.20649703
2.4539063 5.8943772 -0.197769
2.1291015 5.9016333 -0.19433638
1.9707323 5.9051719 -0.1928305
1.5087304 5.9154916 -0.18909881
1.0619824 5.9254737 -0.18646666
0.62524414 5.9352283 -0.18486206
0.48105466 5.9384508 -0.18454711
0.33727539 5.9416614 -0.18434006
-0.23714843 5.9544921 -0.18458709
-0.38143554 5.9577136 -0.18491928
-0.51868165 5.8746409 -0.18267547
-0.80669922 5.8810716 -0.18387313
-0.95268553 5.8866625 -0.18471207
-1.1149218 5.971765 -0.18817261
-1.4176757 5.9785266 -0.19032119
-1.5718554 5.9819689 -0.19158217
-1.8868847 5.9890027 -0.19449905
-2.0481834 5.9926047 -0.19616424
-2.2124023 5.9962716 -0.1979744
-2.3797557 6.0000086 -0.1999356
-2.5505762 6.0038218 -0.20205566
-2.7251563 6.0077209 -0.2043402
-2.9038184 6.0117102 -0.20679978
-3.0869629 6.0157981 -0.20944168
-3.274951 6.0199952 -0.21227737
-3.6671972 6.0287523 -0.21857619
-4.0844431 6.0380673 -0.22580245
-4.3038478 6.0429649 -0.22980224
-4.5312986 6.0480418 -0.23408614
-5.7429295 5.9984665 -0.25723037
-6.7565427 6.1049008 -0.28206238
-7.8588867 6.1295056 -0.30871779
-8.2749901 6.1387916 -0.31915176
-8.720459 6.1487341 -0.3305127
-9.1990623 6.1594176 -0.34291825
-9.7153606 6.1709399 -0.35650924
-10.274619 6.1834216 -0.37144744
-10.883163 6.1970029 -0.38792861
-17.446337 6.3433409 -0.5750156
-22.758671 6.4544735 -0.73275924
-28.322929 6.5746384 -0.90063721
-18.777256 -21.707817 -0.88906133
-17.894901 -21.725769 -0.87183791
-17.048496 -21.746674 -0.85593557
-14.672714 -21.796108 -0.81386518
-13.931904 -21.813906 -0.8017447
-13.21206 -21.830439 -0.7904045
-12.511816 -21.846518 -0.77982765
-11.829668 -21.862186 -0.7699669
-9.8753901 -21.901318 -0.74417633
-9.2517967 -21.914442 -0.73682004
-6.8664842 -21.966372 -0.71288311
-5.1665916 -22.00798 -0.70023793
-4.6120996 -22.021009 -0.69690841
-1.3642578 -22.086576 -0.68544239
0.23652343 -22.120419 -0.68522727
1.3070703 -22.146437 -0.68718779
2.3859961 -22.171001 -0.6907199
2.9303026 -22.183393 -0.69310838
6.3045115 -22.250946 -0.7163775
7.4916015 -22.281313 -0.72813821
8.719101 -22.306976 -0.74187446
9.3510647 -22.32019 -0.74958557
9.9982128 -22.33683 -0.75804228
10.658867 -22.350515 -0.76701224
12.745361 -22.396252 -0.79820186
13.4804 -22.412104 -0.81012589
15.020663 -22.445316 -0.83655775
19.353985 -22.498701 -0.91931862
13.79752 -8.860589 -0.50792313
22.526796 -8.9411421 -0.75063336
26.268417 5.3584781 -0.83042747
21.467539 5.4697437 -0.68620962
19.619532 5.5062208 -0.631203
16.707529 5.5713158 -0.54553533
15.527782 5.5976892 -0.51127595
14.482236 5.6191659 -0.48117614
10.674805 5.704277 -0.37490249
9.9589252 5.6347327 -0.35443541
9.4433107 5.6479931 -0.34083846
8.2132807 5.7575631 -0.31069198
7.8176074 5.7664061 -0.30090073
7.0956736 5.7825427 -0.28353164
6.7646971 5.7899413 -0.27581009
6.1532125 5.8036084 -0.26200026
5.8695507 5.8099475 -0.25581679
5.5987988 5.8159986 -0.25006133
5.3398142 5.8217859 -0.24469818
5.0915723 5.8273349 -0.23969711
4.3403611 5.7603126 -0.22340758
3.7868164 5.8645935 -0.2162358
3.4025977 5.8731799 -0.21024795
3.0383008 5.8813181 -0.20504805
2.0358593 5.903717 -0.19343643
1.8788769 5.9072242 -0.19200973
1.7241211 5.9106812 -0.19071442
1.4203125 5.9174681 -0.1884999
1.2708691 5.9208069 -0.18757568
0.83002925 5.930654 -0.18549331
0.68497068 5.9338937 -0.18502395
0.54056638 5.9371204 -0.18466385
-14.179805 6.2531943 -0.82968301
-15.216406 6.2763133 -0.88121527
-16.206591 6.2316098 -0.92958134
-17.785673 6.3506384 -1.0110672
-21.17083 6.4261351 -1.184485
-20.42001 -21.673941 -1.5942273
-16.037783 -21.767757 -1.4475259
-13.75832 -21.818857 -1.3809564
-12.347451 -21.851231 -1.3436996
-11.669404 -21.866791 -1.3269556
-9.1044626 -21.917917 -1.27061
-7.308691 -21.957655 -1.2389549
-6.7285838 -21.970009 -1.2301331
-6.1563182 -21.982191 -1.2221457
-5.5911326 -21.99423 -1.214955
-5.0332227 -22.010546 -1.2087952
-3.9315135 -22.03644 -1.1983918
-3.3871093 -22.049236 -1.1942956
-2.8460937 -22.061947 -1.1909133
-1.7709961 -22.078478 -1.1858113
-0.7027539 -22.101059 -1.1838218
0.899248 -22.137583 -1.1861557
1.4356836 -22.149794 -1.1883175
1.9743944 -22.162058 -1.1911877
3.0612402 -22.186806 -1.1990731
4.7240133 -22.219021 -1.2161282
5.2900782 -22.230541 -1.2233895
5.8632812 -22.242212 -1.2314588
7.0361328 -22.271469 -1.250435
8.2467089 -22.296772 -1.272732
9.5042381 -22.323059 -1.2989225
10.154697 -22.339453 -1.3137498
11.5 -22.3673 -1.3464769
12.198915 -22.381762 -1.364678
13.659492 -22.415674 -1.4053247
16.027861 -22.466825 -1.4775125
16.846767 -22.448725 -1.5026248
23.086845 5.433198 -1.2697656
20.999599 5.4798875 -1.1619012
19.222626 5.514801 -1.0706345
17.716005 5.548501 -0.99388731
16.410194 5.5777087 -0.92791271
14.250401 5.624126 -0.82018942
11.807666 5.678761 -0.70145535
10.533574 5.7072582 -0.64138985
9.8307905 5.6374326 -0.60670102
8.9770117 5.7403369 -0.57045805
7.726377 5.7683043 -0.51620704
7.0146093 5.7842212 -0.48674971
6.6879587 5.7915268 -0.47364348
6.3782811 5.7984509 -0.46148849
6.0839257 5.8050342 -0.45019454
5.2793455 5.8230233 -0.42079803
5.033545 5.8285193 -0.4122963
4.7362108 5.7594581 -0.39921156
4.5054588 5.7565174 -0.39135572
3.9387987 5.8610935 -0.37805617
3.7395995 5.8655467 -0.37241316
3.5461426 5.8698716 -0.36714736
3.3579588 5.8740768 -0.36223662
3.1746483 5.8781748 -0.35766068
2.9958105 5.8821716 -0.3534027
2.8210938 5.8860765 -0.34944457
2.6501269 5.8898988 -0.34577423
2.1568553 5.9009213 -0.33635712
1.9980371 5.90447 -0.33371368
1.8416015 5.9079661 -0.33130234
1.6873339 5.9114122 -0.32911667
1.384375 5.9181824 -0.32539275
1.2352831 5.9215136 -0.32384247
0.94089842 5.9280906 -0.32134292
0.79522461 5.931345 -0.32038498
0.65035152 5.9345813 -0.3196196
0.50606441 5.9378037 -0.31904206
0.3622168 5.9410167 -0.31865281
0.21864258 5.9442248 -0.31844878
-0.63721681 5.8772006 -0.3164888
-0.78151363 5.8804235 -0.31758651
-0.92691404 5.8836703 -0.31887618
-1.2391602 5.9744515 -0.32665953
-1.3910937 5.9778442 -0.32858413
-1.5449023 5.9812765 -0.33072633
-1.7008203 5.9847584 -0.33309096
-2.0199316 5.9918823 -0.33852217
-2.1836133 5.9955368 -0.34160659
-2.35041 5.9992599 -0.34494993
-2.6945019 6.0069394 -0.35246229
-3.2418652 6.0191565 -0.3660118
-3.6321287 6.0278659 -0.3767685
-4.2650781 6.0419922 -0.39594176
-4.7257223 6.0522704 -0.41109222
-4.9698143 6.0577173 -0.41948578
-5.4899411 6.0693226 -0.43813887
-5.6992478 6.0030003 -0.44314727
-5.9744725 5.9963245 -0.45316955
-6.2770019 6.0030737 -0.46499434
-7.0406246 6.1111045 -0.49911574
-7.4034472 6.1191993 -0.5142197
-8.2004881 6.1369801 -0.54835433
-8.6405659 6.1467957 -0.56769735
-10.173828 6.1809974 -0.63731652
-10.773232 6.1943688 -0.66530633
-12.112432 6.2070823 -0.72864902
-12.904892 6.2247567 -0.76706272
-13.786025 6.2444115 -0.81024253
-15.887226 6.2912755 -0.91481251
-17.205927 6.3377075 -0.98165298
-20.379492 6.4084864 -1.1437279
-24.789598 6.4994235 -1.3720144
-11.742383 -8.2452927 -0.76815283
-18.933741 -21.704193 -1.5419742
-18.045439 -21.722275 -1.5118922
-16.369833 -21.760851 -1.4578415
-15.574014 -21.777412 -1.4333545
-14.804043 -21.79343 -1.4104849
-14.059755 -21.811941 -1.3893214
-12.632675 -21.844685 -1.3509744
-10.624111 -21.885942 -1.3024615
-9.9851952 -21.899384 -1.2885445
-9.3594046 -21.912554 -1.2756592
-7.5508785 -21.952499 -1.2428482
-6.967236 -21.964926 -1.2336742
-5.26332 -22.005138 -1.2113173
-4.157578 -22.031128 -1.2002972
-3.0692382 -22.056704 -1.1922226
-1.992246 -22.073801 -1.1865661
0.14378905 -22.118954 -1.1842065
0.67816406 -22.132549 -1.1854644
1.2138379 -22.144743 -1.18734
1.7515234 -22.156984 -1.1899166
2.2918553 -22.169287 -1.193203
3.3831248 -22.194136 -1.2019337
3.934746 -22.202955 -1.2072009
5.0554099 -22.225765 -1.2202924
5.6255469 -22.237373 -1.2280221
6.791152 -22.266348 -1.2462817
7.3869629 -22.278803 -1.2565924
7.9930758 -22.291471 -1.2678181
10.542656 -22.347481 -1.3228691
12.619736 -22.393257 -1.3761318
14.104619 -22.425268 -1.4183044
16.520067 -22.476675 -1.4933951
18.209032 -22.421913 -1.5463848
19.16205 -22.46542 -1.5807881
26.782997 5.3465762 -1.4621714
24.06702 5.411272 -1.3206403
21.817392 5.4615941 -1.2040811
19.878368 5.4890842 -1.1040605
18.311405 5.535183 -1.024147
15.721309 5.5931187 -0.89334786
13.709326 5.636229 -0.79356247
12.863779 5.6551414 -0.75229859
12.101377 5.6721935 -0.71550637
10.199834 5.7147241 -0.62593448
9.5302343 5.6458898 -0.59303516
8.7119818 5.7462635 -0.55873048
7.1549215 5.781085 -0.49246246
6.5042772 5.7956347 -0.46640059
6.2037692 5.8023534 -0.45476013
5.6448536 5.8148508 -0.43386793
4.8938184 5.8316431 -0.40757492
4.3776269 5.7593751 -0.38729706
4.0228806 5.8592148 -0.38050216
3.6253905 5.8680992 -0.36927903
3.4350879 5.8723536 -0.36422348
3.0691698 5.8805323 -0.35512373
2.2232225 5.8994393 -0.33751875
1.9059668 5.906528 -0.3322711
1.2967089 5.9201417 -0.32445785
1.1484277 5.9234543 -0.32302642
1.0013379 5.9267406 -0.32179412
0.71011716 5.9332457 -0.31991225
0.13445312 5.946106 -0.3184149
-0.0090624997 5.9493113 -0.318506
-0.29669923 5.9557347 -0.31924468
-0.44119141 5.9589624 -0.319895
-0.72177732 5.8790903 -0.31711027
-1.0132129 5.8879261 -0.31985244
-1.1768945 5.9730616 -0.32592529
-1.4811132 5.9798522 -0.32981476
-1.6361425 5.983314 -0.33208647
-1.953164 5.9903903 -0.33732116
-2.4498534 6.0014791 -0.34703735
-2.7983983 6.0092602 -0.35488859
-3.3540721 6.0216613 -0.36901474
-3.5496385 6.0260262 -0.37442321
-3.7511425 6.0305238 -0.38021559
-4.3967185 6.044929 -0.40017456
-4.8677931 6.0554404 -0.41594771
-5.1178122 6.0610204 -0.42469147
-5.6516113 6.0729308 -0.44413298
-6.1501365 6.0002427 -0.46000379
-6.5623631 6.1004357 -0.47968337
-7.2509274 6.115797 -0.50783372
-7.6268845 6.1241846 -0.52366132
-10.96126 6.0975952 -0.67152035
-13.410254 6.2360291 -0.79177231
-16.376825 6.2183838 -0.93783885
-19.640781 6.3920116 -1.1057884
-21.42499 6.4053173 -1.1971872
-20.252363 -21.677353 -1.5882208
-19.31126 -21.696508 -1.5550255
-18.408194 -21.714891 -1.5240599
-17.539883 -21.732565 -1.495176
-16.706669 -21.753845 -1.4684548
-15.11916 -21.786875 -1.419759
-14.364902 -21.804941 -1.3979253
-12.228437 -21.85396 -1.3407037
-10.892178 -21.880304 -1.3085221
-10.24749 -21.893867 -1.294171
-6.0576367 -21.984297 -1.2208341
-3.8366797 -22.03867 -1.1976264
-1.678037 -22.080444 -1.1855283
-0.61008787 -22.103018 -1.1837807
-0.076660156 -22.114296 -1.1839383
0.4571875 -22.12558 -1.1847869
2.6104784 -22.176542 -1.1954596
4.8218946 -22.221012 -1.2173314
5.3891306 -22.232561 -1.2247314
6.5462985 -22.256117 -1.2420073
7.1396289 -22.273632 -1.2522241
7.7413769 -22.286211 -1.2630678
8.9784861 -22.312069 -1.287607
9.6172657 -22.328325 -1.3015608
10.269004 -22.341816 -1.3164067
10.936132 -22.355627 -1.3323846
11.620069 -22.369785 -1.3495501
13.04624 -22.402451 -1.3879124
13.790429 -22.418495 -1.409114
14.558105 -22.435043 -1.4318182
16.993818 -22.448011 -1.5073296
17.848232 -22.430965 -1.5346605
13.769326 -8.6498785 -0.87055504
28.092207 5.3172903 -1.5306753
25.12085 5.385715 -1.3754537
22.696825 5.4419227 -1.2495586
14.864385 5.5265818 -0.84901184
14.086523 5.6277905 -0.8121075
12.407148 5.6653538 -0.73021179
11.687558 5.6814489 -0.69572729
11.032529 5.6960998 -0.66472614
10.433085 5.7095065 -0.63672286
9.739521 5.6394725 -0.602525
9.3697262 5.731554 -0.58803457
8.8973923 5.7421179 -0.5669238
8.4575977 5.7519531 -0.54758626
8.0465622 5.7611461 -0.52982062
6.9565525 5.7855201 -0.48439971
6.6330075 5.7927551 -0.47146636
6.3260937 5.7996178 -0.45946592
6.0342479 5.8061438 -0.44831634
5.2359276 5.8239927 -0.41927826
4.4673533 5.7573681 -0.39013731
4.2524023 5.7621741 -0.38339752
3.9037499 5.8618774 -0.37704816
3.5130858 5.8706102 -0.36626968
2.9651756 5.8828564 -0.3526924
2.620791 5.890554 -0.34516403
2.2900488 5.8979454 -0.33872253
2.129082 5.9015417 -0.33588043
1.9707031 5.9050803 -0.33327836
1.5087109 5.9154053 -0.32682922
1.3583789 5.9187632 -0.32510847
1.2095312 5.9220896 -0.32359284
1.0619628 5.9253869 -0.32227904
0.91551757 5.9286585 -0.32116148
0.62523437 5.9351416 -0.31950486
0.33726561 5.9415746 -0.31860366
0.050253905 5.9479856 -0.31844634
-0.09332031 5.9511924 -0.31864592
-0.38142577 5.9576254 -0.31960371
-0.66220701 5.8777599 -0.31666595
-0.80669922 5.8809862 -0.31779677
-0.95266598 5.8865747 -0.31924713
-1.417666 5.978435 -0.32894012
-1.5718359 5.9818788 -0.33112061
-1.8868555 5.9889112 -0.33616209
-2.0481544 5.9925122 -0.33903944
-2.3797264 5.9999132 -0.34555787
-2.5505371 6.0037255 -0.34922087
-2.7251172 6.0076241 -0.35317045
-2.9037695 6.011611 -0.35742003
-3.6671288 6.0286474 -0.37777403
-3.8723631 6.0332284 -0.38380569
-4.0843749 6.0379586 -0.3902632
-5.2695603 6.064404 -0.43011367
-6.0259376 5.9974732 -0.45516083
-6.3311911 6.004282 -0.46713927
-6.7563963 6.1047645 -0.48749861
-7.8587012 6.1293554 -0.53356522
-8.274785 6.1386375 -0.55159611
-8.7202339 6.1485739 -0.57123315
-9.1988182 6.1592493 -0.59267569
-10.882841 6.1968126 -0.67046416
-13.051171 6.2280197 -0.77419716
-13.949404 6.248054 -0.81829959
-14.956728 6.2705221 -0.86825943
-16.095694 6.2959251 -0.92529094
-17.445557 6.3430514 -0.99380046
-20.705595 6.4157591 -1.1605088
-22.757393 6.4541001 -1.2664087
-20.075253 -7.9045281 -1.1550794
-20.648535 -21.664394 -1.6022367
-19.695253 -21.68869 -1.5684596
-16.229649 -21.763769 -1.4534657
-15.438457 -21.78023 -1.4292703
-13.932519 -21.814861 -1.3857733
-13.212626 -21.831377 -1.3661714
-12.512343 -21.847446 -1.3478857
-11.162783 -21.874611 -1.3147732
-9.875576 -21.901693 -1.2862332
-3.0515332 -8.3280458 -0.47484633
-7.4488473 -21.954672 -1.2411926
-6.8667088 -21.967068 -1.2321674
-6.2926364 -21.979292 -1.2239774
-5.1664648 -22.007416 -1.2102437
-4.0624218 -22.033363 -1.1994822
-3.5170898 -22.046181 -1.1952116
-2.4357226 -22.064428 -1.1884363
-1.3642871 -22.087074 -1.1847273
-0.83042967 -22.098362 -1.1839149
0.23653319 -22.120918 -1.1843539
0.7711035 -22.134663 -1.1857415
1.8451757 -22.159115 -1.1904371
2.3860545 -22.171431 -1.1938419
2.9303515 -22.183825 -1.1979803
3.4787598 -22.196314 -1.202826
5.7253709 -22.239405 -1.229453
6.8939548 -22.268496 -1.2480121
7.4914942 -22.280985 -1.2584795
8.0995016 -22.293695 -1.2698662
8.7189741 -22.306644 -1.2822164
10.658565 -22.349882 -1.3256449
4.506465 -8.3830128 -0.50956678
13.480225 -22.411806 -1.4001793
15.020449 -22.445011 -1.4458665
17.494345 -22.441713 -1.5233903
18.368515 -22.425537 -1.5519311
26.26667 5.3581266 -1.4351988
21.466366 5.4694471 -1.1859609
14.481689 5.6189523 -0.83162016
13.55582 5.6396618 -0.78603858
12.725703 5.6582284 -0.74560392
11.976464 5.6749864 -0.70952332
8.6356049 5.7479725 -0.55537367
8.2130756 5.757422 -0.53697854
7.0955176 5.782413 -0.49003705
6.1530857 5.8034873 -0.45282453
5.8694334 5.8098302 -0.44213852
5.5986915 5.8158836 -0.43219101
4.8530664 5.8325548 -0.4062123
4.5583982 5.755332 -0.39305845
4.3402829 5.76021 -0.38612488
3.591953 5.8688474 -0.36837554
3.2181053 5.8772035 -0.3587271
2.8625586 5.88515 -0.35036528
2.6907325 5.8889904 -0.34662765
2.5224218 5.8927512 -0.3431665
2.03583 5.9036264 -0.33432525
1.8788378 5.9071336 -0.33185911
1.5713086 5.9140048 -0.32760024
1.420293 5.9173803 -0.32579374
0.97590816 5.9273095 -0.3216005
-15.2158 6.2760596 -1.2534242
-16.205889 6.231339 -1.3222169
-21.040497 4.7562261 -1.6427244
-23.305145 3.5205829 -1.7948914
-23.383144 2.957293 -1.794879
-23.49831 1.8259027 -1.7948579
-23.535419 1.2584589 -1.7948495
-23.558828 0.69027525 -1.7948424
-23.564531 -0.44691071 -1.7948321
-23.546894 -1.0152917 -1.794829
-23.515507 -1.5830734 -1.7948272
-23.470488 -2.1499345 -1.7948267
-23.339481 -3.279583 -1.7948301
-23.253613 -3.8417101 -1.7948337
-23.041367 -4.9589453 -1.7948451
-20.552441 -6.5494494 -1.642676
-20.388603 -7.0434356 -1.6426878
-20.21291 -7.5333233 -1.6427009
-20.025419 -8.0188446 -1.6427152
-19.615683 -8.9756374 -1.6427473
-19.393681 -9.4463787 -1.6427652
-20.668583 -11.332099 -1.7950238
-20.389414 -11.827567 -1.7950469
-20.098408 -12.316206 -1.7950714
-19.155956 -13.738086 -1.7951519
-18.819258 -14.196472 -1.795181
-18.471582 -14.6466 -1.7952113
-18.113153 -15.088232 -1.7952429
-17.744219 -15.521144 -1.7952753
-17.36413 -15.945192 -1.7953091
-16.57622 -16.764696 -1.7953794
-16.167343 -17.160109 -1.7954162
-15.748897 -17.545525 -1.795454
-15.321338 -17.920723 -1.795493
-14.884853 -18.285576 -1.7955327
-13.986181 -18.983164 -1.7956151
-13.054844 -19.636637 -1.7957009
-12.577578 -19.946341 -1.7957453
-9.5988569 -20.28616 -1.7090639
-9.0133009 -20.301737 -1.691554
-8.4393749 -20.316822 -1.6753559
-3.1902635 -8.2356329 -0.67257911
-5.8219137 -20.788296 -1.6440016
-5.3188376 -20.923323 -1.6440498
-4.3036327 -21.156792 -1.6441476
-3.7920995 -21.255121 -1.644197
-2.7625389 -21.414614 -1.6442969
-2.2451661 -21.475668 -1.6443471
-1.7264941 -21.524223 -1.6443975
-1.206748 -21.56028 -1.6444484
-0.68624997 -21.583794 -1.6444993
0.35571289 -21.59309 -1.6446016
0.87656248 -21.578899 -1.6446528
1.3969629 -21.552149 -1.6447041
2.435039 -21.461016 -1.644807
3.4676659 -21.319912 -1.6449095
5.5066504 -20.889126 -1.6451135
7.0748239 -20.64604 -1.6620058
7.6395702 -20.655142 -1.6770915
8.8019037 -20.673325 -1.7110848
9.4015036 -20.682426 -1.730113
10.014833 -20.691553 -1.7505858
10.643164 -20.700712 -1.7725743
11.287715 -20.709919 -1.7961656
11.796992 -20.453962 -1.798135
12.770644 -19.862226 -1.7982358
13.246377 -19.548874 -1.7982851
13.71458 -19.224159 -1.798334
15.504805 -17.814976 -1.7985219
15.930498 -17.436169 -1.7985668
16.346933 -17.047192 -1.7986112
16.753897 -16.648272 -1.7986544
17.151026 -16.239614 -1.798697
17.538261 -15.821474 -1.7987385
17.915215 -15.394067 -1.7987792
18.281826 -14.957726 -1.7988189
18.98287 -14.059083 -1.7988955
13.74205 -8.7132759 -1.2391317
20.250849 -12.165385 -1.7990363
20.538799 -11.673469 -1.7990686
19.049707 -10.227119 -1.6465347
19.947861 -8.3444223 -1.6466389
20.143623 -7.8608618 -1.6466622
20.815605 -6.9861937 -1.6720657
22.574511 -6.9752488 -1.7993085
22.885176 -5.8783288 -1.7993486
23.142548 -4.7676754 -1.7993832
23.251055 -4.2079997 -1.7993987
23.345976 -3.6458654 -1.7994128
23.427343 -3.0815802 -1.7994256
23.49498 -2.5155182 -1.799437
23.548975 -1.9479553 -1.7994472
23.589199 -1.3792828 -1.799456
23.615702 -0.80976987 -1.7994635
23.584042 1.4696497 -1.7994798
23.485743 2.6055627 -1.7994798
21.75079 3.4821489 -1.6774764
21.164101 4.444663 -1.6468673
16.409483 5.5774732 -1.3198397
12.539091 5.6622033 -1.0477315
11.141777 5.6934714 -0.95283908
10.533261 5.7070909 -0.91231161
8.531621 5.7501464 -0.78349608
8.11584 5.7594504 -0.75785649
7.726191 5.7681689 -0.73425567
6.0837989 5.804913 -0.64036095
5.803369 5.8111863 -0.62542236
5.2792478 5.8229098 -0.59854639
5.0334568 5.8284092 -0.58645523
3.3579004 5.8739805 -0.51525033
3.1745996 5.878077 -0.50874215
2.8210449 5.8859825 -0.4970558
2.3182518 5.8972216 -0.4825421
1.997998 5.9043798 -0.47467986
1.6873144 5.9113245 -0.46814147
1.5349609 5.9147286 -0.46534148
1.2352636 5.9214258 -0.4606384
0.94087887 5.9280028 -0.45708188
0.65033203 5.9344945 -0.45463181
-0.35632813 5.9569788 -0.4544487
-0.49381834 5.8739133 -0.44889143
-0.78150392 5.8803368 -0.45174071
-0.92689449 5.8835826 -0.45357636
-1.2391406 5.9743614 -0.46464524
-1.3910644 5.9777527 -0.46738401
-1.5448828 5.9811864 -0.47043058
-1.7008008 5.9846668 -0.47379363
-2.0199022 5.9917893 -0.48151946
-2.183584 5.9954419 -0.48590606
-2.6944432 6.0068431 -0.50134903
-3.0547071 6.0148816 -0.51373303
-3.6320703 6.0277624 -0.53592116
-4.0469532 6.0370178 -0.55347383
-4.9697165 6.0576 -0.59668195
-5.9743457 5.9961972 -0.64459205
-6.6981444 6.1033311 -0.69007772
-7.4032812 6.1190553 -0.7314291
-7.7889743 6.127655 -0.75470501
-8.2002831 6.1368246 -0.7799806
-10.173535 6.1808176 -0.90651518
-10.77292 6.1941781 -0.94633061
-11.233994 6.1034923 -0.97360677
-13.785527 6.2441783 -1.1524785
-14.772353 6.2661753 -1.2219805
-15.886553 6.2910104 -1.301209
-17.205156 6.3374219 -1.3962805
-18.670858 6.37009 -1.5023134
-20.866415 5.4707947 -1.6427476
-20.992168 4.965745 -1.642731
-21.105576 4.4578137 -1.6427155
-23.352568 3.1902423 -1.7948838
-23.478973 2.0600457 -1.7948619
-23.566162 0.35663268 -1.7948388
-23.567862 -0.21200286 -1.7948338
-23.530155 -1.3485876 -1.7948278
-23.490751 -1.9158731 -1.7948267
-23.437685 -2.4820611 -1.7948272
-23.089628 -4.7290354 -1.7948422
-20.616631 -6.3442526 -1.6426715
-20.457724 -6.8398156 -1.6426828
-20.104305 -7.8188157 -1.6427091
-19.909981 -8.3016195 -1.6427242
-19.704121 -8.7796459 -1.6427402
-20.78043 -11.12545 -1.7950146
-20.50622 -11.623705 -1.7950372
-19.922188 -12.599663 -1.7950864
-11.740956 -8.2442884 -1.0925171
-18.959717 -14.008099 -1.7951689
-18.616552 -14.461653 -1.7951987
-17.522861 -15.77097 -1.7952949
-17.137617 -16.189459 -1.7953292
-16.742392 -16.598509 -1.7953646
-14.624678 -18.494768 -1.7955564
-12.294072 -20.122746 -1.7957715
-11.698271 -20.228893 -1.7795304
-3.080039 -8.2980366 -0.67404562
-7.0212402 -20.412853 -1.643887
-5.0221386 -20.996901 -1.6440784
-3.4908397 -21.307055 -1.6442262
-2.4591308 -21.451942 -1.6443263
-1.940918 -21.505669 -1.6443766
-1.4215722 -21.546913 -1.6444273
-0.38058594 -21.591753 -1.6445292
0.14044921 -21.595295 -1.6445804
0.66140622 -21.586288 -1.6446316
1.1820215 -21.564754 -1.6446829
1.702041 -21.530605 -1.6447343
2.2209961 -21.483957 -1.6447858
2.7388184 -21.424789 -1.644837
3.7692871 -21.269072 -1.6449395
4.791152 -21.063812 -1.6450418
5.2980762 -20.942749 -1.6450926
6.3025098 -20.664032 -1.6451936
7.4050193 -20.651381 -1.67071
7.9758983 -20.660475 -1.6865268
8.5579491 -20.669567 -1.703629
9.1521778 -20.678663 -1.7220842
10.38167 -20.696924 -1.7633013
4.4536424 -8.368701 -0.72192925
12.085615 -20.285229 -1.798165
12.572001 -19.988277 -1.7982152
13.522119 -19.359686 -1.7983139
13.985624 -19.028337 -1.7983623
14.441025 -18.685883 -1.7984098
15.326347 -17.968458 -1.7985029
16.176054 -17.209124 -1.7985929
16.586905 -16.814251 -1.7986366
16.988115 -16.409597 -1.7986795
17.379501 -15.995328 -1.7987214
18.492002 -14.697541 -1.7988418
19.507734 -13.322568 -1.7989534
19.823828 -12.848293 -1.7989885
20.128437 -12.366548 -1.7990224
20.421289 -11.877537 -1.7990553
20.702265 -11.381604 -1.7990872
19.192831 -9.9564886 -1.646551
19.427744 -9.4907112 -1.6465781
19.651386 -9.0193872 -1.6466041
20.064169 -8.0612154 -1.6466528
20.430176 -7.0841837 -1.646697
21.865282 -6.9955993 -1.7482504
23.308378 -3.87837 -1.7994071
23.395332 -3.3149261 -1.7994205
23.528299 -2.18258 -1.7994431
23.574257 -1.6143414 -1.7994524
23.624863 -0.47532043 -1.7994671
23.620419 0.66482848 -1.7994764
23.560917 1.8034588 -1.7994804
23.446424 2.9378545 -1.7994788
21.207401 4.2335048 -1.6468699
20.845947 5.7562122 -1.6468898
16.927294 5.5658813 -1.3569609
15.720654 5.5928893 -1.2706797
14.636123 5.6083946 -1.1936116
12.100966 5.6720066 -1.0177327
11.409336 5.6874852 -0.97082281
10.778272 5.7016077 -0.92856359
10.199551 5.7145591 -0.89032638
9.5299702 5.6457324 -0.84352642
9.1701269 5.7358603 -0.82368875
7.5085349 5.7730384 -0.72126853
6.5041404 5.7955103 -0.66341186
6.2036424 5.8022337 -0.6468547
5.3837986 5.8205724 -0.60379297
5.1337891 5.8261642 -0.59134787
4.3775487 5.7592697 -0.55089664
4.1656446 5.7640085 -0.54157424
4.0228124 5.8591113 -0.54123151
3.8211033 5.8636231 -0.53297466
3.6253417 5.8680005 -0.52526808
3.2497656 5.8763962 -0.51137441
3.0691309 5.8804369 -0.50513363
2.8927538 5.8843799 -0.49933073
2.5513964 5.8920093 -0.48895231
2.3857911 5.8957129 -0.48433959
2.0633104 5.9029212 -0.47619292
1.9059374 5.9064393 -0.47262755
1.4463867 5.9167075 -0.46384016
1.2966796 5.9200525 -0.46151397
1.1483984 5.9233665 -0.45947799
1.0013183 5.9266529 -0.45772552
0.56559569 5.936388 -0.45411757
-0.15269531 5.9524317 -0.45344192
-0.44119141 5.9588742 -0.45502472
-0.57787108 5.8757911 -0.44961485
-0.72177732 5.879004 -0.45106292
-0.86668944 5.8822389 -0.45278379
-1.1768848 5.972971 -0.46360198
-1.3280859 5.9763465 -0.46621627
-1.4810938 5.9797616 -0.46913466
-1.6361231 5.9832225 -0.47236541
-1.7933788 5.986732 -0.47592101
-2.1156054 5.9939246 -0.48404983
-2.2810743 5.9976182 -0.48865217
-2.4498143 6.0013828 -0.49363098
-3.1639061 6.0173178 -0.51771551
-3.3540137 6.0215597 -0.52489227
-3.7510741 6.030416 -0.54082388
-4.1740036 6.0398507 -0.55909699
-4.6275973 6.0499706 -0.58004409
-5.1177149 6.0609021 -0.60408592
-5.3786325 6.06672 -0.61742163
-5.6515036 6.0728064 -0.63173741
-7.2507615 6.115654 -0.72234458
-7.626709 6.1240368 -0.74485844
-9.9403028 6.1756177 -0.89117646
-10.960908 6.0974045 -0.95516521
-11.807314 6.2000828 -1.0155858
-12.567167 6.21702 -1.0677289
-15.40915 6.2803683 -1.2671732
-20.514307 6.6762671 -1.6428736
-20.668116 6.1790185 -1.6427732
-20.810995 5.678556 -1.6427548
-20.94166 5.1747456 -1.6427377
-21.060244 4.6679864 -1.6427217
-22.391026 4.3990555 -1.7377379
-23.319696 3.4228508 -1.7948892
-23.457333 2.2939734 -1.794866
-23.505732 1.7273724 -1.7948564
-23.561502 0.59150267 -1.7948413
-23.562441 -0.54569763 -1.7948315
-23.542431 -1.1139804 -1.7948287
-23.508671 -1.6816379 -1.7948271
-23.461269 -2.2482941 -1.794827
-23.400234 -2.813673 -1.7948282
-23.325546 -3.3774006 -1.7948306
-23.135576 -4.4986405 -1.7948397
-23.02038 -5.0554914 -1.7948463
-20.358934 -7.1288548 -1.6426901
-19.991669 -8.1027288 -1.6427178
-19.353876 -9.5276175 -1.6427684
-20.890165 -10.917694 -1.7950056
-20.620975 -11.418686 -1.7950277
-19.741943 -12.880573 -1.7951016
-19.425762 -13.353325 -1.7951286
-19.098261 -13.818316 -1.7951568
-18.410088 -14.723982 -1.7952168
-18.049824 -15.164102 -1.7952484
-17.679043 -15.595416 -1.7952812
-16.906855 -16.430658 -1.7953498
-16.505878 -16.834108 -1.7953858
-16.095224 -17.227764 -1.7954228
-15.675263 -17.611435 -1.7954608
-15.246181 -17.984913 -1.7954997
-14.808173 -18.347904 -1.7955396
-13.906533 -19.041691 -1.7956223
-12.493925 -19.999018 -1.795753
-11.964512 -20.221479 -1.7892842
-8.340703 -20.319401 -1.6726702
-3.1578221 -8.2544565 -0.6730296
-7.2304978 -20.359121 -1.6452812
-5.734746 -20.812647 -1.6440099
-3.7029979 -21.270929 -1.6442056
-0.074814454 -21.595348 -1.6445593
0.4462207 -21.591547 -1.6446104
0.96700191 -21.575171 -1.6446617
1.4873242 -21.54624 -1.644713
3.5570507 -21.305323 -1.6449184
4.0701561 -21.213938 -1.6449696
5.0890231 -20.994255 -1.6450715
6.0967579 -20.72558 -1.6451728
6.6178708 -20.646109 -1.6510605
7.1722069 -20.647621 -1.6645368
8.3160639 -20.66581 -1.6964035
10.753916 -20.702309 -1.7765554
11.882675 -20.404428 -1.7981439
12.372207 -20.11241 -1.7981945
13.795078 -19.166557 -1.7983423
17.604473 -15.747862 -1.7987456
17.979687 -15.318895 -1.7987862
18.344433 -14.881049 -1.7988257
18.698515 -14.434468 -1.7988644
19.373817 -13.516241 -1.7989385
19.694599 -13.045186 -1.7989739
13.741787 -8.6325836 -1.2358334
20.587666 -11.587321 -1.7990742
19.092489 -10.147217 -1.6465396
19.332022 -9.6838331 -1.646567
19.777256 -8.7403021 -1.6466187
20.176445 -7.7763963 -1.6466662
20.358437 -7.2874589 -1.6466883
21.116699 -6.9888968 -1.6938847
22.603573 -6.8805685 -1.7993122
22.763309 -6.333312 -1.7993327
22.909637 -5.7823772 -1.7993518
23.042725 -5.2280302 -1.7993695
23.268515 -4.1104918 -1.7994012
23.361103 -3.5479982 -1.7994151
23.440048 -2.9833825 -1.7994276
23.556932 -1.8492244 -1.7994488
23.594784 -1.2803662 -1.7994573
23.629276 -0.14076599 -1.7994704
23.608612 0.99923033 -1.7994781
21.342548 3.5085888 -1.6471107
21.248604 4.021894 -1.646872
21.145283 4.5333428 -1.6468663
21.029638 5.0421472 -1.6468593
18.943535 5.5207543 -1.502619
17.475185 5.5536194 -1.3963748
14.085996 5.6275816 -1.1551304
13.201777 5.6473703 -1.0934772
12.406728 5.6651645 -1.0386453
11.032187 5.6959252 -0.94549978
9.369463 5.7313986 -0.83641911
8.8971577 5.7419677 -0.80639327
8.4573822 5.7518077 -0.77888662
8.0463667 5.7610044 -0.75361753
7.6609473 5.769629 -0.73034835
7.298408 5.7777405 -0.70887154
6.9563866 5.7853918 -0.68901253
6.6328611 5.7926292 -0.67061764
6.3259668 5.7994971 -0.65354836
6.034111 5.806025 -0.6376875
5.7559571 5.8122473 -0.62293339
5.4902439 5.8181906 -0.60919392
5.2358298 5.8238807 -0.59638548
4.4672751 5.7572641 -0.55493623
4.1080275 5.8572059 -0.54481184
3.9036815 5.8617759 -0.53631741
3.3257227 5.8746996 -0.51408654
3.1432323 5.8787789 -0.50765729
2.7910936 5.8866515 -0.49611998
2.4538183 5.8941917 -0.48620132
1.970664 5.9049926 -0.47406065
1.8146386 5.9084787 -0.47068831
1.5086817 5.9153171 -0.46488661
1.3583593 5.918674 -0.46243927
1.2095116 5.9220004 -0.46028534
1.0619531 5.9252992 -0.45841584
0.91550779 5.9285693 -0.4568263
0.62523437 5.9350533 -0.45446974
0.48103514 5.9382763 -0.45369506
-0.09332031 5.9511046 -0.45324692
-0.23714843 5.9543176 -0.45379516
-0.38142577 5.95754 -0.45461014
-0.66219723 5.8776722 -0.45043105
-0.80667967 5.8808985 -0.45203933
-1.1148926 5.9715867 -0.46260834
-1.2654102 5.9749475 -0.46509901
-1.728125 5.9852772 -0.47441176
-1.8868164 5.9888196 -0.47816268
-2.2123339 5.9960837 -0.48670593
-2.550498 6.0036302 -0.49673736
-3.2748437 6.0197926 -0.52186722
-3.4680955 6.0241036 -0.52934116
-3.8722949 6.0331211 -0.54592979
-4.0842872 6.0378513 -0.5551157
-4.3036914 6.0427451 -0.56494915
-4.5311327 6.0478172 -0.57547963
-5.013154 6.0585694 -0.59884244
-5.269453 6.0642843 -0.61179876
-5.7426853 5.9982166 -0.63237649
-6.0258007 5.997345 -0.64742357
-6.3310547 6.0041528 -0.66445684
-6.7562399 6.1046286 -0.6934216
-7.1019726 6.1123362 -0.71355754
-7.468574 6.1205115 -0.73533714
-7.8585057 6.1292052 -0.75894529
-8.2745705 6.1384811 -0.78459305
-9.1985645 6.1590805 -0.84302163
-9.7148142 6.1705909 -0.8764317
-10.8825 6.1966224 -0.95366561
-11.351992 6.106123 -0.98161221
-13.050722 6.2277989 -1.101209
-20.448399 6.8809643 -1.6430072
-20.753408 5.8857446 -1.6427623
-20.88916 5.3832841 -1.6427445
-21.012724 4.8776898 -1.6427281
-21.250147 4.3953004 -1.6524925
-23.284443 3.6551538 -1.7948946
-23.365713 3.0923138 -1.7948818
-23.487373 1.9615844 -1.7948602
-23.554462 0.82634825 -1.794844
-23.566729 -0.3108145 -1.7948331
-23.552372 -0.8792932 -1.7948297
-23.427071 -2.5802808 -1.7948273
-23.358046 -3.1447399 -1.7948294
-23.179256 -4.2677765 -1.7948375
-23.069628 -4.8257828 -1.7948434
-22.946552 -5.3809776 -1.7948507
-22.810175 -5.9330382 -1.7948594
-21.313477 -6.0963044 -1.6881719
-20.589863 -6.4306083 -1.6426733
-20.038555 -7.8900805 -1.6400236
-20.997871 -10.708853 -1.7949967
-20.733612 -11.212467 -1.7950184
-20.457354 -11.709586 -1.7950413
-19.869228 -12.683105 -1.7950908
-17.833487 -15.418291 -1.7952675
-17.45665 -15.844365 -1.7953008
-16.266054 -17.066322 -1.7954074
-15.849902 -17.45417 -1.795445
-14.095508 -18.901943 -1.7956049
-13.635693 -19.236961 -1.7956473
-13.167919 -19.560762 -1.7956904
-12.6925 -19.873281 -1.7957345
-12.209687 -20.174202 -1.7957793
-11.587148 -20.231977 -1.7755146
-10.956983 -20.249359 -1.7533258
-10.341933 -20.266138 -1.732663
-9.74084 -20.282358 -1.7134548
-9.1524315 -20.298052 -1.6956255
-3.2348926 -8.2097378 -0.67197853
-3.0471776 -8.3161612 -0.67447579
-6.9356737 -20.44223 -1.643895
-6.4406443 -20.604183 -1.6439424
-5.4395604 -20.892094 -1.6440382
-4.4257517 -21.131413 -1.6441357
-3.9147656 -21.232704 -1.6441852
-3.4014549 -21.321611 -1.6442348
-2.3691993 -21.462196 -1.644335
-0.81091797 -21.579296 -1.6444869
1.2724805 -21.559683 -1.6446919
1.7922266 -21.523378 -1.6447432
2.3110449 -21.47456 -1.6447946
2.8285937 -21.413221 -1.644846
3.3444824 -21.339447 -1.6448972
3.8584569 -21.253212 -1.6449485
4.3701758 -21.154579 -1.6449996
5.3858595 -20.920456 -1.6451014
8.660244 -20.671146 -1.7067366
10.491318 -20.698515 -1.767169
12.170683 -20.23448 -1.7981737
13.13334 -19.624929 -1.7982734
13.603203 -19.302944 -1.7983224
14.065312 -18.969608 -1.7983706
14.519345 -18.625271 -1.798418
14.964805 -18.27001 -1.7984649
15.829463 -17.52783 -1.7985562
17.056866 -16.338291 -1.7986867
17.446474 -15.922451 -1.7987286
18.195038 -15.062995 -1.7988095
18.901201 -14.168361 -1.7988865
19.563427 -13.240694 -1.7989595
18.990244 -10.336955 -1.646528
19.234432 -9.875968 -1.6465558
19.467432 -9.4092026 -1.6465826
19.689053 -8.9369659 -1.6466086
19.899248 -8.4594908 -1.6466333
20.097803 -7.9770498 -1.6466568
20.284697 -7.4899545 -1.6466794
22.698896 -6.5598731 -1.7993245
22.85083 -6.0104151 -1.7993439
23.11458 -4.9012809 -1.7993793
23.226288 -4.3422227 -1.7993951
23.324501 -3.7806435 -1.7994096
23.409071 -3.2168329 -1.7994226
23.58082 -1.5155078 -1.799454
23.610624 -0.94615662 -1.7994618
23.628954 0.1938214 -1.7994734
23.617411 0.76383668 -1.7994771
23.592148 1.3334081 -1.7994794
23.553173 1.9022064 -1.7994804
21.287666 3.8099241 -1.6468742
21.189434 4.322381 -1.6468688
18.05578 5.5406237 -1.4382825
12.725283 5.6580358 -1.06054
11.976074 5.6748023 -1.0092188
11.295595 5.6900306 -0.96316642
9.4427929 5.6476841 -0.83789641
8.2128706 5.7572803 -0.76379925
6.7644043 5.7896886 -0.67804861
5.8693066 5.8097105 -0.62890059
5.5985837 5.8157678 -0.61475289
5.3396091 5.8215613 -0.60156751
5.0913768 5.8271141 -0.58927381
4.8529782 5.8324451 -0.57780153
4.5583105 5.755228 -0.55909151
3.5918944 5.8687487 -0.52398199
3.2180567 5.8771067 -0.51025867
2.8625195 5.885056 -0.49836454
2.3573339 5.896349 -0.48357725
1.8788085 5.9070444 -0.47204116
1.5712793 5.9139171 -0.46598464
1.4202636 5.9172921 -0.46341398
1.1227539 5.9239402 -0.45915359
0.97588867 5.9272218 -0.45744932
0.83000976 5.930481 -0.4560228
0.54053712 5.9369469 -0.45398331
-15.368134 6.3388681 -1.6432371
-15.516973 5.9664173 -1.6432773
-15.65622 5.5902624 -1.6432604
-15.907363 4.8284588 -1.6432291
-16.019081 4.4432511 -1.6432149
-17.040831 4.2867236 -1.736907
-17.716913 4.0049295 -1.7954445
-17.889248 3.1456139 -1.7954202
-18.06959 1.8435888 -1.7953913
-18.137342 0.96981812 -1.7953773
-18.155399 0.53195494 -1.7953718
-18.16293 0.093797602 -1.7953672
-18.146231 -0.78242278 -1.7953614
-17.920244 -2.9605854 -1.7953651
-17.756651 -3.8215673 -1.7953738
-17.659336 -4.2488556 -1.7953798
-16.5958 -6.1852365 -1.7506689
-15.278798 -6.5501475 -1.643194
-15.116465 -6.9169135 -1.6432067
-14.380088 -8.3416662 -1.643267
-13.961299 -9.0257969 -1.6433023
-14.502285 -10.939915 -1.7956328
-14.234316 -11.28675 -1.7956562
-13.958036 -11.627027 -1.7956805
-13.673672 -11.960554 -1.7957056
-13.081182 -12.606577 -1.7957581
-12.773438 -12.918682 -1.7957858
-12.458281 -13.223319 -1.7958142
-11.469912 -14.0904 -1.7959039
-11.126816 -14.363255 -1.7959352
-10.777266 -14.627752 -1.7959673
-10.421415 -14.883769 -1.796
-10.059472 -15.131149 -1.7960336
-9.6916895 -15.369732 -1.7960676
-8.9393654 -15.819951 -1.7961377
-8.555254 -16.031326 -1.7961737
-7.7723336 -16.426035 -1.7962472
-7.3739548 -16.609102 -1.7962848
-6.9712596 -16.78253 -1.7963227
-3.1854589 -8.2232161 -0.87169325
-5.7396679 -17.243864 -1.7964399
-5.3220897 -17.377695 -1.7964797
-4.0516696 -17.718285 -1.7966017
-2.7598631 -17.966158 -1.7967263
-2.325664 -18.027948 -1.7967687
-1.8900976 -18.079201 -1.7968109
-0.13916992 -18.178955 -1.796982
0.73790038 -18.165386 -1.7970682
1.175957 -18.142733 -1.7971115
2.0498438 -18.06576 -1.7971979
2.9190233 -17.946697 -1.7972844
4.2096095 -17.68988 -1.7974133
5.0582228 -17.467049 -1.7974986
5.4783006 -17.340353 -1.797541
6.3086424 -17.056719 -1.7976249
7.1243844 -16.733301 -1.7977078
8.7044725 -15.970357 -1.7978696
9.8373041 -15.30003 -1.7979865
10.564287 -14.808311 -1.7980621
11.266797 -14.282088 -1.7981356
11.6083 -14.006374 -1.7981715
11.943056 -13.722531 -1.7982068
12.904942 -12.823601 -1.798309
13.799296 -11.857361 -1.7984052
14.081562 -11.52119 -1.7984357
13.381484 -9.9105892 -1.6459806
14.478017 -8.228755 -1.6461025
14.858486 -7.5209923 -1.6461461
15.377011 -6.8728585 -1.6648821
16.952333 -6.6155052 -1.7987595
17.107216 -6.2046628 -1.7987782
17.252079 -5.7902007 -1.7987959
17.386944 -5.3723512 -1.7988126
17.511641 -4.9513602 -1.7988286
17.730381 -4.1009564 -1.7988572
17.980879 -2.8080144 -1.798893
18.13711 -1.5002908 -1.7989194
18.19833 -0.18469207 -1.7989366
18.1975 0.25440887 -1.7989402
18.034706 2.4425824 -1.798943
17.970469 2.8769457 -1.7989404
17.8958 3.3096552 -1.7989367
17.018164 3.5739813 -1.718883
16.116093 4.2054901 -1.6463695
15.769541 5.3599162 -1.6463454
11.806904 5.6783957 -1.2950317
11.141436 5.6932969 -1.2367493
9.8302345 5.637114 -1.1201135
8.5313959 5.75 -1.0169547
8.1156445 5.7593079 -0.98367679
7.7260156 5.7680306 -0.95304316
7.014287 5.7839637 -0.89865798
6.6876659 5.7912741 -0.87446296
6.0836816 5.8047934 -0.83117324
5.8032517 5.811069 -0.81178343
5.2791505 5.8227978 -0.77690011
5.0333591 5.8282971 -0.76120597
4.7360349 5.7592444 -0.73704463
4.5053024 5.7563047 -0.72254431
3.9386621 5.8608899 -0.69799078
3.7394629 5.8653464 -0.68757451
3.5460253 5.8696737 -0.67785245
3.3578417 5.8738818 -0.66878539
3.1745508 5.8779807 -0.66033757
2.9957128 5.8819809 -0.6524744
2.8210058 5.8858871 -0.6451695
2.4825585 5.8934546 -0.63212001
2.3182225 5.8971286 -0.62633115
1.9979784 5.9042892 -0.61612552
1.5349511 5.9146399 -0.6040054
1.3843359 5.9180055 -0.60076356
1.0874902 5.9246397 -0.595411
0.94086909 5.9279151 -0.59328604
0.65032226 5.9344068 -0.59010482
0.50604492 5.9376307 -0.58903897
-0.21213867 5.9536719 -0.58887005
-0.35631835 5.956892 -0.58986723
-0.4938086 5.8738256 -0.58265257
-0.78150392 5.880249 -0.58635139
-1.3910449 5.9776621 -0.60665673
-1.7007715 5.9845762 -0.61497688
-1.8590331 5.9881067 -0.61976922
-2.0198729 5.9916954 -0.62500411
-2.1835449 5.995348 -0.63069767
-2.5205078 6.0028663 -0.64354306
-2.872334 6.0107141 -0.65848845
-3.0546582 6.0147815 -0.66681617
-3.6320117 6.0276585 -0.69561493
-3.8360937 6.0322094 -0.70661658
-4.2649317 6.0417709 -0.73101163
-4.4909177 6.0468102 -0.74451703
-5.2240329 6.0631542 -0.79109317
-5.6992869 6.0030417 -0.81820911
-5.9742188 5.9960694 -0.83666366
-6.2767282 6.0028138 -0.85849476
-7.0403123 6.1108251 -0.921489
-7.4031053 6.1189098 -0.94937223
-7.7887888 6.1275058 -0.97958332
-8.200078 6.1366711 -1.0123899
-8.6401167 6.1464767 -1.0481019
-9.112627 6.1570044 -1.08708
-10.772578 6.1939902 -1.2282989
-11.233632 6.1032968 -1.263702
-13.785 6.2439442 -1.4958619
-15.305117 6.492135 -1.6433386
-15.73374 5.3679829 -1.6432508
-15.974052 4.6027102 -1.6432208
-17.676161 4.1813316 -1.79545
-17.771767 3.7536602 -1.795437
-17.85705 3.3237805 -1.7954249
-17.996367 2.4585192 -1.7954038
-18.093828 1.5875518 -1.7953868
-18.126806 1.1505609 -1.7953799
-18.149218 0.71291566 -1.7953739
-18.161093 0.27483276 -1.795369
-18.162422 -0.16337708 -1.7953651
-18.153145 -0.60151243 -1.7953624
-18.06209 -1.9127835 -1.7953601
-18.010683 -2.3479722 -1.7953614
-17.94879 -2.7818193 -1.7953639
-17.793827 -3.6443913 -1.7953717
-17.70079 -4.0726109 -1.7953771
-17.597441 -4.498497 -1.7953837
-17.483856 -4.9217334 -1.7953912
-17.226269 -5.759428 -1.7954093
-15.9629 -6.2081766 -1.6930095
-15.184599 -6.7658596 -1.6432014
-15.01706 -7.1302838 -1.6432147
-14.84081 -7.4905686 -1.643229
-14.462451 -8.1978779 -1.6432601
-14.050478 -8.8861494 -1.6432947
-11.739511 -8.2432661 -1.4179159
-14.346025 -11.144239 -1.7956464
-14.073164 -11.487266 -1.7956703
-13.503076 -12.153086 -1.7957206
-11.609687 -13.975248 -1.795891
-10.56917 -14.779048 -1.7959864
-9.844326 -15.272241 -1.7960534
-9.0965528 -15.729942 -1.796123
-8.7145796 -15.945127 -1.7961587
-8.3275194 -16.151045 -1.796195
-7.539072 -16.534618 -1.7962692
-7.1381149 -16.712051 -1.7963071
-3.2623143 -8.1786375 -0.87037158
-3.0756347 -8.2861767 -0.87366247
-2.9387889 -17.937586 -1.7967091
-2.5052245 -18.003696 -1.796751
-1.1967187 -18.139006 -1.7968785
-0.32038087 -18.176491 -1.7969642
1.8696483 -18.0851 -1.7971802
2.3054786 -18.035185 -1.7972233
4.0330176 -17.730791 -1.7973957
4.4596972 -17.628757 -1.7974385
4.8838282 -17.516432 -1.7974811
5.7233591 -17.261274 -1.7975657
6.5496287 -16.96591 -1.7976494
7.7599802 -16.448921 -1.7977726
8.1547365 -16.257298 -1.7978131
8.9298725 -15.845708 -1.7978927
10.053085 -15.159405 -1.798009
10.416083 -14.912766 -1.7980467
11.805595 -13.84077 -1.7981923
12.136309 -13.55219 -1.7982272
12.45999 -13.255715 -1.7982615
13.965938 -11.660891 -1.7984232
13.281992 -10.04343 -1.6459696
13.751406 -9.3913479 -1.6460214
14.188799 -8.7173414 -1.64607
14.395185 -8.3726082 -1.6460932
14.782685 -7.668684 -1.6461374
14.963573 -7.3099074 -1.6461581
15.98912 -6.8764887 -1.7204372
16.885508 -6.7841196 -1.7987515
17.044472 -6.3748417 -1.7987705
17.193447 -5.9618473 -1.7987887
17.461338 -5.1256514 -1.7988222
17.580078 -4.7029314 -1.7988374
17.786728 -3.8495061 -1.798865
18.018877 -2.5531261 -1.7988989
18.075361 -2.1176963 -1.798908
18.121269 -1.6810006 -1.7989163
18.195585 -0.3660858 -1.7989349
18.199141 0.073012389 -1.7989389
18.192099 0.51204222 -1.798942
18.174501 0.95079708 -1.7989439
18.146269 1.3889978 -1.798945
16.250175 3.6536894 -1.646378
15.822197 5.2024732 -1.6463492
15.553506 5.9598718 -1.6464181
10.777949 5.7014365 -1.205241
10.199258 5.7143946 -1.1556151
9.1698828 5.7357068 -1.0691198
8.7115431 5.7459679 -1.0315483
8.2840528 5.755538 -0.99708593
7.1545897 5.7808228 -0.90920538
6.8204393 5.7883029 -0.8842358
6.503994 5.7953858 -0.86109149
6.2035055 5.8021107 -0.83960074
5.3837008 5.8204575 -0.78370965
4.8936329 5.8314233 -0.75248647
4.5969238 5.7542562 -0.72800261
4.3774705 5.7591648 -0.71504897
4.1655664 5.7639074 -0.70295227
4.0227442 5.8590088 -0.70250809
3.8210449 5.8635201 -0.69179183
3.6252735 5.8679013 -0.68178737
3.4349706 5.8721557 -0.67245483
3.0690722 5.8803391 -0.65565419
2.892705 5.8842835 -0.64812219
2.385752 5.8956199 -0.62866676
1.9059081 5.9063463 -0.61346257
1.7507714 5.9098144 -0.6092571
1.597666 5.9132371 -0.60545862
1.1483788 5.9232788 -0.59639508
0.85527343 5.9298291 -0.59220564
0.56558591 5.9362998 -0.58943653
-0.15270507 5.9523435 -0.5885601
-0.44118163 5.9587851 -0.59061468
-0.57786131 5.8757029 -0.58359295
-0.86667967 5.8821521 -0.58770519
-1.1768554 5.9728818 -0.6017468
-1.3280663 5.9762559 -0.60513985
-1.4810742 5.9796715 -0.60892743
-1.7933593 5.9866405 -0.6177367
-1.9531054 5.9902048 -0.62278676
-2.115576 5.9938302 -0.62828827
-2.7983203 6.0090623 -0.65521985
-2.9787793 6.0130882 -0.66330343
-3.353955 6.0214572 -0.68130028
-4.3965526 6.0447068 -0.73882592
-5.8608494 6.00073 -0.8291201
-6.1498728 5.9999852 -0.8492828
-7.2505856 6.1155124 -0.93758458
-7.6265235 6.123889 -0.96680456
-8.4545994 6.1423411 -1.0329736
-9.4067478 6.163558 -1.1116431
-9.9400196 6.1754394 -1.1567143
-10.518691 6.1883326 -1.2063246
-10.960567 6.0972128 -1.2397583
-11.806933 6.1998777 -1.3181924
-12.566729 6.2168055 -1.3858672
-15.240596 6.6447787 -1.6434398
-15.679492 5.5245652 -1.6432576
-15.808066 5.1446414 -1.6432416
-15.927441 4.7617235 -1.6432266
-17.352011 4.2877312 -1.7667772
-17.970985 2.6377776 -1.7954078
-18.141249 0.89378536 -1.7953763
-18.157452 0.45583618 -1.7953709
-18.163145 0.017661437 -1.7953666
-18.158232 -0.42054045 -1.7953634
-18.116787 -1.2959423 -1.79536
-18.033173 -2.168334 -1.7953608
-17.829237 -3.4668365 -1.7953696
-15.406318 -6.2442346 -1.6431841
-15.087334 -6.9802184 -1.6432092
-14.914658 -7.3422494 -1.6432229
-14.733349 -7.7000022 -1.6432377
-14.543418 -8.0532856 -1.6432534
-14.345049 -8.4018879 -1.6432699
-13.700263 -9.4176331 -1.6433245
-14.186885 -11.346353 -1.7956604
-13.909228 -11.685474 -1.7956848
-13.623457 -12.017816 -1.79571
-13.028271 -12.661355 -1.7957629
-11.74832 -13.858738 -1.7958785
-11.066552 -14.409797 -1.7959409
-10.715878 -14.672857 -1.7959731
-10.358954 -14.927375 -1.7960058
-9.9959955 -15.173221 -1.7960393
-8.8730268 -15.857358 -1.7961439
-8.4880371 -16.067122 -1.7961799
-7.3042769 -16.639935 -1.7962914
-3.1530664 -8.2420034 -0.87227619
-6.0821481 -17.12571 -1.7964072
-3.9773729 -17.735197 -1.7966088
-3.5484178 -17.826405 -1.7966502
-3.1174121 -17.907228 -1.7966919
-2.2500877 -18.037603 -1.7967759
-1.8142871 -18.087057 -1.7968183
-1.377461 -18.125998 -1.7968608
-0.93977535 -18.154388 -1.7969036
1.2520312 -18.137709 -1.7971191
2.5606248 -18.00095 -1.7972488
3.4261425 -17.857359 -1.797335
4.28374 -17.672142 -1.7974207
4.7089548 -17.564074 -1.7974635
5.9672852 -17.178728 -1.7975905
6.3801074 -17.030163 -1.7976322
6.7892871 -16.871666 -1.7976737
7.1944823 -16.703371 -1.7977149
7.9921875 -16.33762 -1.7977965
8.3842287 -16.140419 -1.7978365
8.7713766 -15.933784 -1.7978764
9.9013863 -15.258712 -1.7979932
10.266826 -15.015727 -1.7980311
12.000498 -13.67238 -1.7982129
12.327119 -13.37914 -1.7982475
13.263134 -12.453305 -1.7983472
13.55998 -12.129911 -1.7983792
14.129775 -11.462124 -1.7984408
13.181103 -10.175261 -1.6459587
13.422949 -9.8544512 -1.6459851
13.714453 -8.6154099 -1.6009246
14.310957 -8.5156527 -1.6460838
14.512412 -8.1680126 -1.6461065
14.705429 -7.815598 -1.6461285
16.643398 -6.8803086 -1.7801776
16.979893 -6.5444078 -1.7987628
17.409327 -5.2994275 -1.7988156
17.64501 -4.4535866 -1.7988459
17.747412 -4.0266075 -1.7988597
18.053301 -2.2977724 -1.7989044
18.172401 -0.98612183 -1.7989273
18.183065 0.76959592 -1.7989433
18.159218 1.2080151 -1.7989447
18.079794 2.0825696 -1.7989444
17.958233 2.9522314 -1.7989398
16.09832 4.2730165 -1.6463684
15.990488 4.6601057 -1.646361
15.87333 5.0445023 -1.6463528
15.746923 5.4259644 -1.6463437
12.406308 5.6649728 -1.3481206
11.686816 5.6810851 -1.2844604
11.031856 5.6957517 -1.2272239
10.43247 5.7091722 -1.1755323
9.738965 5.6391549 -1.1123989
9.3692083 5.7312427 -1.0856438
8.8969336 5.741816 -1.0466717
8.4571772 5.7516637 -1.0109718
5.7558298 5.8121285 -0.80855232
5.4901366 5.8180761 -0.79071987
5.2357321 5.8237696 -0.77409488
4.9916601 5.8292308 -0.75858784
4.6964254 5.7601295 -0.73463261
4.4671969 5.7571592 -0.72029573
4.1079493 5.8571043 -0.70715469
3.9036131 5.8616734 -0.69612974
3.7054589 5.866106 -0.68583655
3.5129688 5.8704123 -0.67623216
3.3256738 5.8746009 -0.66727453
3.1431835 5.8786817 -0.65892988
2.791045 5.8865576 -0.64395428
2.4537792 5.8940978 -0.63108009
2.2899706 5.8977623 -0.62537307
2.1290135 5.9013596 -0.62012613
1.9706347 5.904901 -0.61532271
1.3583398 5.9185853 -0.60023838
0.62521482 5.9349694 -0.58989447
0.48103514 5.9381895 -0.58888912
-0.38142577 5.9574523 -0.59007567
-0.80666989 5.8808117 -0.58673835
-1.1148731 5.9714966 -0.60045874
-1.2654004 5.9748569 -0.60369188
-1.417627 5.9782553 -0.60731405
-1.8867871 5.9887257 -0.62064683
-2.0480859 5.9923253 -0.62596017
-2.2123046 5.9959888 -0.63173562
-2.3796387 5.9997239 -0.63799375
-2.5504491 6.0035338 -0.64475614
-2.7250292 6.0074277 -0.65204763
-2.9036815 6.0114121 -0.65989232
-3.4680274 6.0240011 -0.68707603
-4.0842185 6.0377417 -0.72052914
-4.5310545 6.0477052 -0.74696022
-5.0130467 6.0584521 -0.77728367
-5.2693458 6.0641661 -0.7941004
-5.5371289 6.0701356 -0.81214368
-7.4683886 6.1203647 -0.95444691
-8.2743654 6.1383252 -1.0183779
-8.7197752 6.1482506 -1.0546292
-9.7145405 6.1704164 -1.1375768
-12.243554 6.2096057 -1.356985
-13.050243 6.2275758 -1.4293219
-13.948349 6.2475829 -1.5107316
-15.331816 6.4277353 -1.6432959
-15.62372 5.6806211 -1.6432643
-15.756083 5.301981 -1.6432481
-15.879248 4.9202628 -1.6432327
-15.993164 4.5357208 -1.6432184
-17.787323 3.6791008 -1.7954347
-17.8708 3.2488799 -1.7954229
-17.943867 2.8168018 -1.7954119
-18.100323 1.5116791 -1.7953856
-18.131454 1.0745867 -1.7953787
-18.152021 0.63682008 -1.7953731
-18.162079 0.19870178 -1.7953683
-18.15045 -0.67761379 -1.7953619
-18.096621 -1.5523297 -1.7953597
-18.000673 -2.4234672 -1.7953618
-17.937012 -2.857008 -1.7953644
-17.862909 -3.2889342 -1.795368
-17.778389 -3.7189431 -1.7953726
-17.578438 -4.5722404 -1.7953849
-17.337578 -5.4148664 -1.7954015
-16.866465 -6.1754098 -1.7754269
-15.156103 -6.8294549 -1.6432037
-14.98707 -7.1931877 -1.6432171
-14.809326 -7.5527182 -1.6432316
-14.62292 -7.9078903 -1.6432469
-14.428007 -8.2584486 -1.6432631
-14.013164 -8.9450026 -1.6432978
-13.793398 -9.2805395 -1.6433166
-14.565156 -10.855927 -1.7956274
-14.299229 -11.204337 -1.7956506
-14.024951 -11.546182 -1.7956746
-13.15374 -12.530787 -1.7957518
-12.534404 -13.151086 -1.7958074
-11.885791 -13.740842 -1.795866
-10.861524 -14.565203 -1.7959596
-10.14666 -15.072751 -1.7960255
-9.7802439 -15.313433 -1.7960594
-9.0305471 -15.767977 -1.7961291
-8.2597656 -16.1859 -1.7962012
-7.8670406 -16.380758 -1.7962382
-7.068027 -16.741882 -1.7963136
-3.0428123 -8.3042679 -0.87421805
-5.8391309 -17.210321 -1.7964303
-5.4223437 -17.346586 -1.7964702
-5.0023727 -17.472734 -1.7965102
-4.1539259 -17.6945 -1.7965918
-3.7259276 -17.789968 -1.796633
-2.8635838 -17.949833 -1.7967165
-1.1206738 -18.143925 -1.796886
-0.68262696 -18.166121 -1.7969289
0.19441406 -18.17878 -1.7970147
1.5087206 -18.118425 -1.7971444
3.6786816 -17.807299 -1.7973602
5.7956834 -17.237219 -1.7975731
6.20999 -17.092791 -1.7976151
6.6207128 -16.938362 -1.7976567
4.5054102 -8.3810606 -0.94055355
8.9962301 -15.808228 -1.7978996
9.375205 -15.586902 -1.7979387
9.7487307 -15.356511 -1.7979774
10.116591 -15.11718 -1.7980156
10.478516 -14.869041 -1.7980533
11.527187 -14.073139 -1.7981629
12.193027 -13.501258 -1.7982333
12.830595 -12.897861 -1.7983011
13.730508 -11.936831 -1.7983977
14.014746 -11.602293 -1.7984284
13.324033 -9.987668 -1.6459743
13.561279 -9.6634874 -1.6460004
13.790664 -9.333643 -1.6460257
13.714902 -8.8075409 -1.6111445
14.225244 -8.657794 -1.6460742
14.994169 -7.2471299 -1.6461618
15.164863 -6.8833904 -1.6461816
16.178154 -6.8775973 -1.7376617
17.355556 -5.4726892 -1.7988088
17.599638 -4.6292038 -1.79884
17.706347 -4.2032814 -1.798854
18.128143 -1.6050406 -1.7989177
18.196962 -0.28979218 -1.7989357
18.140284 1.4650506 -1.798945
18.099657 1.9022759 -1.7989447
17.986797 2.7731035 -1.798941
17.91461 3.2062366 -1.7989377
17.440283 3.5575988 -1.7594141
16.036171 4.5005183 -1.6463642
15.922841 4.8860636 -1.6463563
15.668447 5.6483507 -1.6463379
14.480576 5.6185217 -1.5353242
13.554844 5.6392541 -1.4511774
12.724833 5.6578403 -1.3765348
11.975674 5.6746163 -1.3099267
10.673847 5.7037668 -1.1962641
9.9580755 5.6342502 -1.1309503
9.0878906 5.7375412 -1.0623559
8.212676 5.7571373 -0.99138916
7.4454098 5.7743125 -0.9313457
7.0951853 5.7821531 -0.90472853
6.7642479 5.7895603 -0.88008946
6.4506836 5.7965784 -0.85724288
5.8691893 5.8095932 -0.81629968
5.5984764 5.8156519 -0.79793394
5.3395114 5.8214464 -0.78082126
4.8528905 5.8323364 -0.74997467
4.1505661 5.7941551 -0.70450872
3.9872656 5.8598022 -0.70059371
3.7866211 5.8642907 -0.69000232
3.591836 5.8686485 -0.6801188
3.2180078 5.8770089 -0.66230536
2.6906445 5.8888035 -0.63996774
2.5223534 5.8925657 -0.63357717
2.3573046 5.8962545 -0.62767476
2.1951756 5.8998804 -0.62223983
1.8787891 5.9069543 -0.61270261
1.7240429 5.9104137 -0.60856861
1.5712597 5.9138279 -0.60483921
1.2708105 5.9205432 -0.59855145
1.1227343 5.923851 -0.59597325
0.82999998 5.9303918 -0.59190995
0.68493164 5.9336338 -0.59041089
0.54053712 5.9368591 -0.58926296
-12.611289 4.8491535 -1.6435531
-12.724492 4.5434437 -1.6435394
-12.830302 4.235105 -1.6435264
-14.316796 3.6014714 -1.7957749
-14.399404 3.2550066 -1.795764
-14.686132 1.4983832 -1.7957208
-14.717958 1.143634 -1.7957147
-14.74122 0.78822327 -1.7957094
-14.762012 0.076235957 -1.7957013
-14.75955 -0.27992186 -1.7956984
-14.748466 -0.63592225 -1.7956965
-14.728818 -0.99154693 -1.7956953
-14.663847 -1.7008681 -1.7956958
-14.618584 -2.0541492 -1.7956971
-14.564785 -2.4062347 -1.7956995
-14.50252 -2.756917 -1.7957026
-14.431807 -3.1060064 -1.7957066
-14.352695 -3.45328 -1.7957113
-14.265264 -3.7985508 -1.795717
-14.16954 -4.1416221 -1.7957236
-13.953369 -4.8203268 -1.7957389
-13.833086 -5.1555786 -1.795748
-13.704746 -5.4878364 -1.7957578
-13.568447 -5.816906 -1.7957683
-12.164482 -6.2926755 -1.6659703
-11.687324 -6.7796311 -1.6435447
-11.520439 -7.0596695 -1.6435587
-11.346875 -7.3356204 -1.6435735
-10.786972 -8.1372538 -1.6436217
-10.382138 -8.6483021 -1.6436571
-10.170586 -8.8963547 -1.6436758
-9.953125 -9.1392412 -1.643695
-10.125068 -10.746819 -1.7960644
-9.8629885 -10.98813 -1.7960882
-9.5951271 -11.223024 -1.7961125
-9.0428514 -11.67313 -1.7961628
-7.8764353 -12.490942 -1.7962704
-7.5729003 -12.677526 -1.7962986
-7.2649512 -12.856743 -1.7963275
-6.6365232 -13.192634 -1.7963862
-5.6653614 -13.638744 -1.7964779
-3.1806347 -8.2107811 -1.0710915
-2.9932032 -8.3172836 -1.0752487
-4.6644139 -14.013476 -1.796573
-4.3250685 -14.122202 -1.7966055
-2.9443262 -14.474316 -1.7967381
-2.5943065 -14.541408 -1.7967718
-2.2427831 -14.600054 -1.7968059
-0.82551754 -14.749337 -1.7969438
-0.46944335 -14.765264 -1.7969787
0.59962887 -14.761406 -1.7970837
0.95559567 -14.742934 -1.7971188
1.3110449 -14.715878 -1.7971541
2.3719921 -14.583385 -1.7972593
4.1101952 -14.193313 -1.7974334
4.7902441 -13.979048 -1.797502
5.1261716 -13.859673 -1.797536
6.115449 -13.453418 -1.7976366
6.7575388 -13.143243 -1.7977024
7.3839059 -12.802429 -1.7977668
7.6907711 -12.620801 -1.7977986
9.1545115 -11.604514 -1.797951
9.7039156 -11.14977 -1.7980088
9.1247559 -9.9871855 -1.6455618
9.8235836 -9.3015509 -1.6456362
10.261132 -8.8171196 -1.6456834
10.674785 -8.3121157 -1.6457285
10.872354 -8.0522738 -1.6457499
11.248408 -7.5186472 -1.6457914
11.42666 -7.2451696 -1.6458113
13.348134 -6.3567276 -1.7984076
13.497725 -6.0329022 -1.7984251
13.639482 -5.7055511 -1.7984418
13.899043 -5.0410843 -1.7984729
14.016728 -4.704339 -1.7984873
14.126269 -4.3648429 -1.7985011
14.227539 -4.0227952 -1.7985139
14.405205 -3.3318715 -1.7985373
14.481503 -2.983387 -1.7985476
14.608701 -2.2813923 -1.7985661
14.701875 -1.5740738 -1.7985814
14.735615 -1.2189212 -1.7985878
14.760771 -0.86307555 -1.7985933
14.777353 -0.50670713 -1.7985978
14.785293 -0.1500534 -1.7986016
14.784618 0.20669617 -1.7986047
14.7575 0.91961974 -1.7986081
14.695937 1.6304059 -1.7986081
14.652333 1.984483 -1.7986069
14.600137 2.3373859 -1.7986047
14.539492 2.6889453 -1.7986017
14.392812 3.3871393 -1.7985933
13.923096 3.6332293 -1.7503438
12.913466 4.0443621 -1.6460536
12.586982 4.9675932 -1.6460294
11.141093 5.6931186 -1.5219094
10.532637 5.7067528 -1.4571795
9.8299513 5.6369519 -1.3783841
8.5311813 5.7498546 -1.2514417
8.1154299 5.7591672 -1.2104901
7.3595214 5.7760973 -1.1380194
7.0141306 5.783833 -1.1058726
6.6875291 5.7911463 -1.0760994
5.8031249 5.8109498 -0.99896747
5.5353317 5.816947 -0.97674948
5.2790527 5.8226829 -0.95604187
4.7359471 5.7591357 -0.90699726
4.2889647 5.7610397 -0.87365836
4.144033 5.8561902 -0.87266934
3.9385936 5.8607874 -0.85894001
3.7394042 5.8652439 -0.84612203
3.5459569 5.8695726 -0.83415741
3.1744921 5.877883 -0.81260413
2.4825194 5.8933606 -0.77788192
2.1567578 5.9006467 -0.7642051
1.9979491 5.9041977 -0.75819892
1.8415234 5.9076953 -0.75272202
1.3843163 5.9179163 -0.73929393
1.0874707 5.9245496 -0.73270881
0.50603515 5.9375424 -0.72486663
0.36220703 5.9407568 -0.7239809
0.2186328 5.9439635 -0.7235176
-1.0739453 5.8890185 -0.72815931
-1.2391015 5.9741821 -0.74217123
-1.3910253 5.977572 -0.74654567
-1.5448339 5.9810033 -0.75141174
-1.8590137 5.9880137 -0.76268315
-2.0198438 5.9916015 -0.76912385
-2.1835058 5.9952526 -0.77613074
-2.3503027 5.9989734 -0.78372687
-3.0545995 6.0146799 -0.82057607
-3.4340038 6.0231409 -0.843373
-4.0468063 6.0368018 -0.88405299
-4.49084 6.0466981 -0.9161936
-4.7254491 6.0519276 -0.93399388
-5.2239256 6.063036 -0.97350752
-5.4896193 6.0689549 -0.99543869
-5.9740915 5.9959435 -1.029588
-6.2765918 6.0026817 -1.0564466
-6.6978416 6.1030588 -1.1022366
-7.4029293 6.1187644 -1.1682801
-7.7885938 6.1273561 -1.2054552
-8.1998634 6.1365147 -1.245827
-8.639883 6.1463146 -1.2897695
-9.1123724 6.156837 -1.3377347
-9.6216602 6.1681786 -1.390241
-10.17293 6.1804538 -1.4479245
-10.772236 6.1937985 -1.51151
-12.170049 5.8702784 -1.6436051
-12.308007 5.5749106 -1.6435891
-12.438799 5.276298 -1.6435738
-12.562363 4.9746246 -1.6435591
-12.787441 4.3627958 -1.6435318
-13.405332 4.2153888 -1.709368
-14.18582 4.0874615 -1.7957921
-14.443994 3.0507867 -1.7957579
-14.626601 1.9981635 -1.7957308
-14.70583 1.2902917 -1.7957171
-14.732666 0.93512267 -1.7957115
-14.760537 0.22337219 -1.7957026
-14.761611 -0.13278839 -1.7956995
-14.754111 -0.48888457 -1.7956971
-14.680058 -1.5546249 -1.7956953
-14.63832 -1.9083334 -1.7956965
-14.588017 -2.2609429 -1.7956984
-14.462031 -2.9619992 -1.7957047
-14.210088 -4.0001593 -1.7957206
-14.109502 -4.3418469 -1.7957276
-14.000703 -4.6809893 -1.7957355
-13.758759 -5.3509502 -1.7957535
-13.625772 -5.6813512 -1.7957639
-13.484795 -6.0084677 -1.7957748
-13.170615 -6.2535601 -1.7735177
-12.445849 -6.2817712 -1.6958438
-11.911543 -6.3771935 -1.6435263
-11.754268 -6.6627755 -1.6435392
-10.867529 -8.0292969 -1.6436146
-10.670761 -8.2892323 -1.6436318
-10.043672 -9.039525 -1.6436869
-9.8227539 -9.2793226 -1.6437067
-9.7064648 -11.126762 -1.7961024
-8.5895996 -12.010986 -1.7962044
-8.297451 -12.214894 -1.7962315
-8.0004787 -12.411716 -1.7962589
-7.6988473 -12.601323 -1.7962871
-6.449121 -13.285424 -1.7964039
-6.1268554 -13.437361 -1.7964343
-5.8009863 -13.581505 -1.7964652
-3.2573924 -8.1662893 -1.06947
-4.1247168 -14.182168 -1.7966245
-3.4359179 -14.365156 -1.7966906
-3.088418 -14.444134 -1.7967242
-2.7391014 -14.514714 -1.7967579
-2.3881934 -14.576843 -1.7967918
-1.3277929 -14.71222 -1.7968948
-0.97248048 -14.740249 -1.7969295
-0.61662108 -14.759727 -1.7969642
1.8734277 -14.655354 -1.7972097
3.277158 -14.407742 -1.7973498
3.6238573 -14.324782 -1.7973845
3.9684863 -14.233452 -1.7974191
4.3108106 -14.133842 -1.7974535
4.6506248 -14.026008 -1.7974879
4.9877343 -13.90997 -1.7975221
5.3219628 -13.785862 -1.7975559
5.6531248 -13.653708 -1.7975895
6.3053708 -13.36561 -1.7976561
6.626123 -13.209863 -1.7976888
7.2558885 -12.875302 -1.7977536
7.5645213 -12.696738 -1.7977854
8.4633789 -12.11705 -1.7978787
9.0383101 -11.695103 -1.7979388
9.3179884 -11.473818 -1.7979681
9.5922651 -11.245867 -1.797997
10.172656 -8.9189034 -1.6456738
10.385019 -8.6710091 -1.6456969
10.791504 -8.1602058 -1.6457411
10.985361 -7.897573 -1.6457624
11.528144 -7.0826879 -1.6458228
12.370166 -6.8008256 -1.7171407
13.114247 -6.8031635 -1.7971182
13.284023 -6.48943 -1.7984003
13.581865 -5.8412037 -1.798435
13.718955 -5.5118937 -1.7984512
14.082011 -4.5054121 -1.7984954
14.186708 -4.1644082 -1.7985088
14.283154 -3.820946 -1.798521
14.371288 -3.47528 -1.7985327
14.6854 -1.7205343 -1.7985785
14.751426 -1.0101635 -1.798591
14.771563 -0.65397549 -1.798596
14.783056 -0.29742706 -1.7986003
14.743008 1.1284966 -1.7986083
14.711484 1.4838409 -1.7986083
14.671406 1.838338 -1.7986075
14.565596 2.5438914 -1.7986031
14.343369 3.590579 -1.7985902
13.259814 3.6614428 -1.6733083
12.854882 4.2267909 -1.6460493
12.749102 4.5356731 -1.6460415
12.635899 4.8418937 -1.6460332
12.515332 5.1453075 -1.6460239
12.38749 5.4457092 -1.6460137
10.777617 5.7012644 -1.483138
10.198955 5.7142282 -1.4220687
7.5081735 5.7727685 -1.1520524
7.1544333 5.7806907 -1.1188519
6.2033787 5.8019886 -1.0332001
5.9173827 5.808392 -1.008618
5.6445212 5.8145018 -0.98573726
5.1335936 5.8259397 -0.94454628
4.3773923 5.7590613 -0.8799336
4.022666 5.8589063 -0.86449814
3.434912 5.8720579 -0.82751477
3.2496483 5.8762021 -0.81680977
2.8926561 5.8841882 -0.79757196
2.7201953 5.8880467 -0.78896701
2.3857129 5.8955274 -0.77363026
2.063252 5.9027381 -0.76061481
1.9058789 5.9062572 -0.75492191
1.5976367 5.913147 -0.74507225
1.4463378 5.9165292 -0.74088424
1.2966504 5.9198766 -0.73717093
1.1483593 5.9231906 -0.73391891
1.001289 5.926477 -0.73111892
0.56557614 5.9362121 -0.72535652
0.27792969 5.9426379 -0.72365797
0.13444336 5.9458432 -0.72344273
-0.0090624997 5.9490476 -0.72364885
-0.29667968 5.955471 -0.72532779
-0.44117185 5.9586973 -0.72680503
-0.86666989 5.8820629 -0.72322446
-1.0131738 5.8876624 -0.72670746
-1.4810449 5.9795785 -0.74934006
-1.6360644 5.9830384 -0.75450218
-2.1155372 5.9937353 -0.77316529
-2.4497364 6.0011902 -0.78846997
-2.7982616 6.0089636 -0.80630618
-2.9787304 6.0129881 -0.81625348
-3.3538964 6.0213537 -0.83839977
-3.549453 6.025713 -0.85068601
-3.9588866 6.0348401 -0.87794238
-4.3964744 6.0445948 -0.90918958
-5.1175194 6.0606637 -0.96488875
-5.378408 6.0664768 -0.98619086
-5.6512694 6.0725574 -1.0090557
-6.1497364 5.999856 -1.0451099
-6.5619335 6.1000314 -1.0898222
-7.2504296 6.1153684 -1.1537734
-7.6263375 6.1237411 -1.1897316
-8.0266504 6.1326575 -1.2287363
-8.9129782 6.1523962 -1.3174013
-12.251865 5.6973352 -1.6435957
-12.631484 4.7962365 -1.6435506
-12.743418 4.4900556 -1.643537
-12.956611 4.2166595 -1.6574268
-14.098827 4.2150316 -1.7900065
-14.242207 3.8861742 -1.7957847
-14.41292 3.1946111 -1.7957622
-14.485723 2.8459473 -1.7957519
-14.550088 2.4956336 -1.7957426
-14.605996 2.1438634 -1.7957342
-14.692285 1.4368114 -1.7957197
-14.722607 1.0819207 -1.7957137
-14.744394 0.72643125 -1.7957084
-14.757587 0.37048522 -1.7957041
-14.762217 0.01435791 -1.7957007
-14.758232 -0.34179565 -1.795698
-14.724531 -1.0532855 -1.7956953
-14.694843 -1.4082067 -1.7956952
-14.490829 -2.8176923 -1.7957033
-14.418662 -3.1664705 -1.7957073
-14.338124 -3.5134244 -1.7957122
-14.046631 -4.5411911 -1.795732
-13.811347 -5.2135296 -1.7957494
-13.681669 -5.5452471 -1.7957594
-12.737461 -6.2704401 -1.7269762
-11.490771 -7.1079192 -1.6435614
-11.316084 -7.3831267 -1.6435761
-11.134736 -7.6540551 -1.6435915
-10.752792 -8.1824188 -1.6436247
-10.552373 -8.4395466 -1.6436421
-10.345791 -8.6917572 -1.6436602
-10.133213 -8.9389391 -1.643679
-9.6904392 -9.4175482 -1.6437185
-10.079951 -10.789213 -1.7960685
-8.7088375 -11.924701 -1.7961935
-8.4187498 -12.131513 -1.7962202
-8.1237497 -12.331279 -1.7962475
-3.1482811 -8.2295322 -1.0718054
-4.9427733 -13.917502 -1.7965465
-3.5789256 -14.330066 -1.7966769
-3.2322361 -14.412521 -1.7967104
-2.8836229 -14.486579 -1.7967439
-2.5333495 -14.552214 -1.7967777
-2.1815526 -14.609353 -1.7968118
-1.1193554 -14.729721 -1.7969151
-0.76368165 -14.752729 -1.7969499
0.30523437 -14.770178 -1.7970548
0.66150391 -14.758803 -1.7970898
1.727246 -14.673183 -1.7971952
2.7840428 -14.5107 -1.7973003
3.1333885 -14.439594 -1.7973353
3.4808886 -14.360079 -1.7973701
3.8263965 -14.272204 -1.7974049
4.5105567 -14.071543 -1.7974737
4.8488278 -13.958884 -1.7975079
5.184248 -13.838119 -1.797542
5.8459373 -13.572444 -1.7976092
6.4940624 -13.275136 -1.7976755
6.8125782 -13.114857 -1.797708
7.4375291 -12.771417 -1.7977723
8.3421087 -12.200732 -1.797866
8.6341791 -11.996138 -1.7978965
8.9212303 -11.784522 -1.7979264
9.2030954 -11.566069 -1.797956
9.1665716 -9.9488764 -1.6455662
10.298037 -8.7740431 -1.6456873
10.70954 -8.2673187 -1.645732
10.906015 -8.00665 -1.6457536
11.279834 -7.4714513 -1.645795
12.798672 -6.8021927 -1.7630737
13.218642 -6.6215057 -1.7983927
13.374658 -6.3007317 -1.7984108
13.522939 -5.9762826 -1.7984281
13.663301 -5.6483421 -1.7984446
13.920068 -4.9828 -1.7984755
14.036366 -4.6455507 -1.7984898
14.144453 -4.3055925 -1.7985034
14.419052 -3.271467 -1.798539
14.493886 -2.9226534 -1.7985494
14.618134 -2.2201514 -1.7985677
14.66752 -1.8668405 -1.7985754
14.70834 -1.5124338 -1.7985826
14.779336 -0.44477811 -1.7985986
14.783613 0.2686682 -1.798605
14.753525 0.98145813 -1.7986082
14.528105 2.749851 -1.7986012
14.45752 3.09955 -1.7985972
14.378467 3.4474363 -1.7985923
12.793691 4.4083652 -1.6460449
12.441201 5.321969 -1.646018
12.309111 5.620542 -1.6460077
11.031504 5.6955762 -1.5101887
8.8966894 5.7416663 -1.288011
8.4569626 5.7515159 -1.2440803
8.0459766 5.7607226 -1.203721
7.6605859 5.7693543 -1.1665542
7.2980762 5.7774744 -1.132254
6.9560742 5.7851329 -1.1005347
6.6325684 5.7923779 -1.0711535
6.3256931 5.7992492 -1.0438908
6.0338669 5.8057837 -1.0185586
4.9915624 5.8291197 -0.93350774
4.6963377 5.7600217 -0.90402931
4.4671092 5.7570529 -0.88638419
4.1078806 5.8569994 -0.87021559
3.5129101 5.8703122 -0.83216399
3.3256152 5.8745017 -0.82114142
2.9650292 5.8825693 -0.80131912
2.7909961 5.8864622 -0.79244488
2.6206737 5.8902707 -0.78421485
2.1289747 5.901268 -0.76312184
1.9706151 5.9048095 -0.7572102
1.2094824 5.9218249 -0.73520684
0.91547847 5.9283948 -0.72968292
0.62520504 5.9348803 -0.72591954
0.050253905 5.9477234 -0.72351211
-0.51864254 5.8742943 -0.71733505
-0.95262694 5.886312 -0.72533292
-1.2653809 5.9747682 -0.74289715
-1.5717578 5.9816051 -0.75230879
-1.8867675 5.9886327 -0.76376164
-2.3796093 5.9996276 -0.78510827
-2.5504198 6.0034361 -0.79343069
-2.7249901 6.0073304 -0.80240309
-2.9036326 6.0113144 -0.81205612
-3.0867577 6.015398 -0.82243246
-3.2747264 6.0195885 -0.83356774
-3.6669433 6.0283337 -0.85830122
-4.0841403 6.0376329 -0.88667381
-4.303535 6.0425229 -0.9023816
-5.269248 6.0640454 -0.97720855
-5.7424512 5.9979672 -1.0100718
-6.330781 6.0038891 -1.061321
-6.7559471 6.104353 -1.1075768
-7.1016502 6.1120543 -1.1397382
-7.4682126 6.1202197 -1.1745245
-9.7142572 6.170239 -1.3998747
-10.273408 6.1826916 -1.4585229
-10.881826 6.196239 -1.5232284
-11.900039 6.4008908 -1.6436604
-12.050722 6.1117773 -1.6436191
-12.33126 5.5232544 -1.6435864
-12.46082 5.2240977 -1.6435711
-12.583086 4.9219327 -1.6435565
-12.698066 4.616879 -1.6435426
-14.45666 2.9901972 -1.795756
-14.524511 2.6405292 -1.7957464
-14.583935 2.2893627 -1.7957376
-14.634844 1.9368322 -1.7957296
-14.677246 1.5831866 -1.7957224
-14.711123 1.2286212 -1.795716
-14.736435 0.87337524 -1.7957106
-14.761328 0.16149658 -1.795702
-14.751933 -0.55073762 -1.7956969
-14.630185 -1.9696926 -1.7956967
-14.449512 -3.0225976 -1.7957056
-14.286963 -3.7161071 -1.7957156
-13.862627 -5.075593 -1.7957456
-13.039961 -6.2586584 -1.7594404
-12.326338 -6.286406 -1.6831346
-11.884697 -6.4270787 -1.6435285
-10.833769 -8.0747938 -1.6436176
-10.431894 -8.5881643 -1.6436528
-9.92624 -10.93093 -1.7960824
-9.3876562 -11.397341 -1.7961314
-8.5392084 -12.046924 -1.7962092
-8.2462111 -12.249621 -1.7962363
-7.645947 -12.633511 -1.7962919
-7.3390527 -12.814504 -1.7963204
-7.0278711 -12.988038 -1.7963496
-6.3934083 -13.312373 -1.7964091
-6.0704784 -13.462966 -1.7964396
-3.0384569 -8.2923555 -1.074277
-4.7452636 -13.986245 -1.7965654
-4.4065428 -14.096915 -1.7965977
-4.0652342 -14.199375 -1.7966304
-3.3757031 -14.379488 -1.7966964
-3.0278516 -14.456999 -1.79673
-1.2661328 -14.717713 -1.7969007
-0.91069335 -14.744255 -1.7969356
-0.55471677 -14.762225 -1.7969704
-0.19844726 -14.771609 -1.7970053
0.51435548 -14.764548 -1.7970753
1.9348632 -14.647428 -1.7972158
2.2877147 -14.596772 -1.797251
2.989248 -14.469985 -1.797321
4.0281444 -14.216745 -1.7974252
4.3700194 -14.115707 -1.7974595
4.7093844 -14.006417 -1.7974938
5.0460157 -13.888992 -1.7975279
5.3797364 -13.763481 -1.7975618
5.7103124 -13.629936 -1.7975954
6.0376072 -13.488453 -1.7976288
6.3613768 -13.339113 -1.7976619
6.6814842 -13.182004 -1.7976947
4.5048828 -8.3800783 -1.1572944
7.3098044 -12.844838 -1.7977592
7.6176853 -12.664952 -1.797791
8.514101 -12.081516 -1.797884
8.8032713 -11.872799 -1.7979143
9.066885 -10.03969 -1.6455557
9.3066015 -9.8181696 -1.6455811
9.7696772 -9.3581028 -1.6456305
9.9927244 -9.1198168 -1.6456544
10.20998 -8.8762093 -1.6456779
10.421299 -8.6274176 -1.6457008
10.626543 -8.3735924 -1.6457231
10.825644 -8.1149044 -1.6457449
11.018389 -7.8514972 -1.6457659
11.384561 -7.3110185 -1.6458066
11.557783 -7.0343065 -1.6458259
13.462626 -6.110764 -1.798421
13.606259 -5.7842436 -1.798438
13.869697 -5.1212707 -1.7984693
14.204052 -4.1049066 -1.7985109
14.299072 -3.7610486 -1.7985232
14.533867 -2.7171502 -1.7985551
14.648173 -2.0129247 -1.7985723
14.692529 -1.6589428 -1.7985797
14.728311 -1.3040237 -1.7985862
14.755527 -0.94831818 -1.7985919
14.778378 0.47796264 -1.7986064
14.705136 1.5455109 -1.7986082
14.554814 2.6049237 -1.7986026
14.211514 3.62094 -1.7839415
12.837041 4.2806206 -1.6460481
12.615458 4.8948112 -1.6460315
12.228007 5.7941308 -1.6459712
10.673535 5.7035961 -1.4720902
9.9577923 5.634088 -1.3917196
9.0876465 5.73739 -1.3073095
8.2124701 5.7569933 -1.2199832
7.8168554 5.7658544 -1.1815422
7.4452243 5.7741771 -1.146098
7.0950294 5.7820215 -1.1133432
6.7641015 5.789432 -1.0830216
6.4505367 5.7964549 -1.054908
6.1527047 5.8031235 -1.0288023
4.8527927 5.8322253 -0.92290801
4.3400488 5.7598972 -0.87727344
4.1505466 5.7941332 -0.86697674
3.9871972 5.8597007 -0.86214173
3.5917675 5.8685498 -0.83694679
3.4023731 5.8727856 -0.82560027
3.0381055 5.8809338 -0.80518275
2.8624218 5.8848658 -0.7960301
2.6905956 5.8887095 -0.78753823
2.5223045 5.8924718 -0.77967352
1.8787597 5.9068627 -0.75398666
1.7240137 5.9103222 -0.74889851
1.4202245 5.9171143 -0.74020576
1.2707909 5.920454 -0.73657268
1.1227149 5.9237633 -0.73339987
0.82999021 5.9303041 -0.72839844
-10.403935 4.5880437 -1.6437677
-10.511533 4.3356733 -1.643755
-11.888242 3.6085107 -1.7960136
-11.971777 3.3206377 -1.7960029
-12.235781 2.1515203 -1.7959671
-12.359228 1.2609789 -1.7959474
-12.385996 0.96243465 -1.7959422
-12.405596 0.66333616 -1.7959377
-12.417958 0.36384764 -1.795934
-12.411699 -0.53516418 -1.7959269
-12.395165 -0.83444607 -1.795926
-12.302373 -1.7286853 -1.7959274
-12.257129 -2.0249829 -1.7959294
-12.078632 -2.906136 -1.7959394
-11.924443 -3.4854076 -1.7959497
-11.742529 -4.056572 -1.7959627
-11.5333 -4.6183105 -1.7959783
-11.297216 -5.1693158 -1.7959968
-11.169268 -5.440393 -1.796007
-9.8048725 -6.3387246 -1.6878194
-9.3972654 -6.4018841 -1.643773
-9.2401857 -6.6267862 -1.6437864
-8.3759174 -7.6910019 -1.6438622
-8.1879978 -7.8909202 -1.6438791
-7.9953222 -8.0862312 -1.6438963
-7.3898339 -8.64359 -1.6439511
-6.745615 -9.1557074 -1.6440099
-6.2962985 -9.4706783 -1.6440514
-6.1135154 -10.819077 -1.7964579
-5.8508105 -10.963579 -1.7964826
-5.5846872 -11.101707 -1.7965074
-5.3153124 -11.233356 -1.7965328
-4.7674022 -11.477 -1.7965846
-3.9250877 -11.79226 -1.7966646
-3.6395018 -11.883689 -1.7966919
-2.4775782 -12.179867 -1.7968034
-2.1830468 -12.236277 -1.796832
-1.8872362 -12.285581 -1.7968605
-0.69466794 -12.411065 -1.7969766
-0.39504883 -12.424417 -1.7970059
0.20474608 -12.429414 -1.7970648
0.50456053 -12.421071 -1.7970943
0.80408204 -12.405488 -1.7971238
1.1031641 -12.38267 -1.7971535
1.6992285 -12.315452 -1.7972126
1.9958886 -12.271074 -1.797242
2.2913964 -12.21955 -1.7972715
2.5855663 -12.160914 -1.7973009
2.8782518 -12.095195 -1.7973303
3.7456055 -11.855937 -1.7974175
4.0306349 -11.762314 -1.7974463
4.3133006 -11.661836 -1.797475
4.5934668 -11.554565 -1.7975034
4.8709373 -11.440561 -1.7975316
5.1456151 -11.319895 -1.7975596
5.6858397 -11.05885 -1.7976148
5.4464254 -9.9927139 -1.6452005
5.6860056 -9.8585491 -1.6452252
5.9223046 -9.7186575 -1.6452496
6.155117 -9.5730906 -1.6452737
6.3843651 -9.4219494 -1.6452975
6.6099024 -9.2653065 -1.645321
7.6774411 -8.4030676 -1.6454332
8.6334467 -7.4184985 -1.6455353
8.810029 -7.2081351 -1.6455547
9.5836229 -6.7459617 -1.6942368
10.09331 -6.7465582 -1.755048
10.504766 -6.6606531 -1.7981257
10.662519 -6.4053497 -1.7981434
10.814053 -6.1463003 -1.7981606
10.959296 -5.883667 -1.798177
11.475615 -4.8003898 -1.798237
11.588193 -4.5221839 -1.7982504
12.048564 -3.0948198 -1.7983078
12.119775 -2.8032544 -1.7983172
12.241025 -2.2153933 -1.7983341
12.290977 -1.9194406 -1.7983416
12.33374 -1.6223528 -1.7983483
12.369326 -1.3243375 -1.7983543
12.397715 -1.0255309 -1.7983596
12.418897 -0.72614503 -1.7983644
12.431142 0.47394592 -1.7983758
12.393818 1.0730329 -1.7983772
12.232685 2.2623224 -1.7983716
12.17455 2.5567713 -1.7983683
12.036992 3.141048 -1.7983598
11.957665 3.430517 -1.7983545
10.920381 3.7117279 -1.6673667
10.687812 3.922785 -1.6458338
10.486045 4.4337153 -1.6458185
10.375977 4.6853819 -1.6458098
10.137783 5.1803794 -1.6457906
9.7363567 5.8998446 -1.6457542
9.5917969 6.1334152 -1.6458583
8.5309572 5.7497058 -1.4872072
8.1152344 5.7590232 -1.4385411
7.7256346 5.767755 -1.393746
7.3593454 5.7759628 -1.3524176
7.0139647 5.7837009 -1.3142158
6.0834274 5.8045492 -1.2155285
5.8030076 5.8108311 -1.1871737
5.2789354 5.8225708 -1.1361613
5.033164 5.8280735 -1.1132107
4.7358594 5.7590256 -1.0778764
4.1439648 5.8560853 -1.0370826
3.9385252 5.8606849 -1.0207667
3.7393358 5.8651438 -1.0055337
3.5458984 5.8694725 -0.99131566
3.357744 5.8736839 -0.97805709
3.1744335 5.8777866 -0.96570355
2.6499512 5.8895211 -0.9336099
2.4824708 5.8932691 -0.92443848
2.3181446 5.8969445 -0.91597217
1.9979101 5.9041076 -0.90104836
1.6872363 5.9110532 -0.88863778
1.5348926 5.9144592 -0.88332337
1.0874609 5.9244628 -0.8707552
0.79517579 5.9309936 -0.86506325
0.36219725 5.9406676 -0.86038399
0.21862304 5.9438744 -0.85983384
-0.068369143 5.9502845 -0.86023587
-0.21212891 5.9534945 -0.86118996
-0.35630858 5.9567151 -0.86264861
-0.49379882 5.873651 -0.85209715
-0.63717771 5.876853 -0.85454261
-0.78147459 5.8800731 -0.85750365
-0.92684567 5.8833179 -0.86098903
-1.0739257 5.8889303 -0.86535156
-1.239082 5.9740891 -0.8820014
-1.3910059 5.977479 -0.88719994
-1.7007226 5.9843893 -0.89936775
-1.8589746 5.9879198 -0.90637571
-2.1834764 5.9951572 -0.92235851
-2.3502538 5.998877 -0.93138433
-2.5204296 6.0026722 -0.94114286
-3.0545506 6.0145798 -0.97517782
-3.4339354 6.0230355 -1.0022672
-3.6318846 6.0274463 -1.0172914
-3.8359571 6.0319943 -1.0333807
-4.2647657 6.0415502 -1.0690554
-4.4907517 6.0465841 -1.0888065
-6.6976852 6.1029196 -1.3098956
-7.0399899 6.1105418 -1.347605
-7.4027538 6.1186166 -1.3883778
-8.1996584 6.1363573 -1.4805328
-9.2670994 6.5924854 -1.6440707
-9.4225588 6.366384 -1.6439141
-9.5731049 6.1370239 -1.6438626
-9.7182808 5.9042139 -1.6438464
-9.9915819 5.4284606 -1.6438154
-10.241611 4.940094 -1.6437868
-10.357724 4.6915393 -1.6437732
-10.467822 4.4402499 -1.6437602
-11.758428 4.0117035 -1.7960298
-11.851728 3.7268486 -1.7960181
-12.017549 3.1507812 -1.795997
-12.08999 2.859915 -1.7959874
-12.213769 2.2733831 -1.7959703
-12.264999 1.9780591 -1.7959627
-12.309092 1.6815698 -1.7959558
-12.375811 1.085852 -1.7959442
-12.421855 0.18798217 -1.7959319
-12.416426 -0.41142362 -1.7959274
-12.402881 -0.71084869 -1.7959262
-12.27667 -1.9027145 -1.7959285
-12.170634 -2.4926946 -1.7959338
-11.958603 -3.366363 -1.7959472
-11.873925 -3.6539025 -1.7959532
-11.683955 -4.2224345 -1.7959669
-11.466758 -4.7811613 -1.7959836
-11.348154 -5.0564446 -1.7959929
-11.222929 -5.3287792 -1.7960027
-10.952949 -5.8640046 -1.7960248
-10.808359 -6.1265845 -1.7960366
-10.529648 -6.3090119 -1.7745079
-10.009375 -6.3303747 -1.7120767
-9.5240135 -6.3501463 -1.6547843
-9.3057518 -6.5343323 -1.6437808
-9.1454592 -6.7569933 -1.6437947
-8.8090429 -7.1904106 -1.6438241
-8.6330862 -7.4009042 -1.6438395
-8.4521284 -7.6071038 -1.6438556
-8.2662306 -7.8088784 -1.643872
-8.0754976 -8.0061102 -1.6438891
-7.8800879 -8.1986876 -1.6439067
-7.680068 -8.3865061 -1.6439247
-7.4755859 -8.5694599 -1.6439433
-7.2667675 -8.7474213 -1.6439623
-6.8365231 -9.087965 -1.6440016
-6.3903613 -9.407402 -1.6440427
-5.6934762 -9.8452997 -1.6441075
-5.959785 -10.904655 -1.7964723
-5.6950293 -11.045416 -1.796497
-5.1557713 -11.30759 -1.7965478
-4.8815231 -11.428847 -1.7965738
-3.0665135 -8.2616243 -1.2739336
-4.0424118 -11.752463 -1.7966534
-3.4709082 -11.934138 -1.796708
-2.891289 -12.088053 -1.7967635
-2.5988574 -12.154487 -1.7967918
-2.3048925 -12.213839 -1.7968202
-2.0096092 -12.266071 -1.7968488
-1.4156348 -12.349135 -1.7969064
-1.1173047 -12.379892 -1.7969354
-0.51885742 -12.419785 -1.7969939
-0.21907227 -12.428879 -1.7970232
0.080859371 -12.430766 -1.7970526
0.38072264 -12.42539 -1.7970822
0.68040037 -12.412793 -1.7971116
1.2783984 -12.365932 -1.7971709
1.5763965 -12.331684 -1.7972004
2.1694727 -12.241706 -1.7972593
3.049248 -12.05335 -1.7973474
3.3392088 -11.976464 -1.7973765
3.9131541 -11.801821 -1.7974343
4.1968064 -11.704172 -1.7974632
4.7566309 -11.488468 -1.7975199
5.0324903 -11.370559 -1.7975481
5.305449 -11.246011 -1.797576
4.4527736 -8.3670616 -1.3701763
5.8250875 -9.777154 -1.6452395
6.0593748 -9.6339064 -1.6452637
6.5171776 -9.3306789 -1.6453112
6.9598827 -9.0057068 -1.6453575
7.3863864 -8.6597328 -1.6454023
7.9936132 -8.103179 -1.6454667
8.3754005 -7.7083578 -1.6455076
8.5590334 -7.5041518 -1.6455275
10.752226 -6.2537646 -1.7981535
11.041543 -5.7279305 -1.7981864
11.305224 -5.1887465 -1.7982168
11.427158 -4.9145188 -1.7982311
11.752939 -4.0753431 -1.7982703
11.847919 -3.7906258 -1.7982821
12.21831 -2.3372867 -1.7983309
12.386875 -1.1490563 -1.7983575
12.411016 -0.84989345 -1.7983625
12.437597 -0.25023833 -1.7983701
12.440059 0.049907226 -1.7983731
12.435244 0.35000792 -1.798375
12.403915 0.94945008 -1.7983772
12.377382 1.2484167 -1.798377
12.343662 1.5466692 -1.7983763
12.254658 2.1402838 -1.7983726
12.199424 2.4352961 -1.7983698
11.991279 3.3111644 -1.7983568
11.907861 3.599489 -1.7983509
10.726347 3.8160694 -1.6458367
10.422197 4.581738 -1.6458135
9.9319429 5.5645785 -1.6457735
8.7110834 5.7456698 -1.5085471
7.8836131 5.764215 -1.4118115
7.507998 5.7726316 -1.3690948
7.1542673 5.7805591 -1.3296405
6.8201466 5.7880445 -1.2931263
6.5037208 5.7951331 -1.2592804
6.2032518 5.8018665 -1.2278546
5.6444039 5.8143845 -1.1714518
5.3834863 5.8202271 -1.1461197
5.1334958 5.8258276 -1.1224997
4.8934469 5.8312035 -1.1004612
4.5967383 5.7540417 -1.0646555
4.3773146 5.758956 -1.0457162
3.8209081 5.863318 -1.0117009
3.6251464 5.8677001 -0.99707103
3.4348438 5.8719578 -0.98342246
3.0689745 5.8801465 -0.95885372
2.8926172 5.8840928 -0.94783878
2.7201464 5.8879514 -0.93761253
2.385664 5.8954344 -0.91938603
2.2230859 5.8990707 -0.91132164
1.9058496 5.9061656 -0.89715385
1.7507129 5.9096351 -0.89100242
1.5976074 5.9130578 -0.88544899
1.4463183 5.9164391 -0.88047272
1.2966211 5.9197865 -0.8760581
0.8552441 5.9296508 -0.86606705
0.71007812 5.9328952 -0.86378694
0.56557614 5.9361243 -0.86201894
0.27791992 5.9425511 -0.85999966
-0.0090527339 5.9489598 -0.85998869
-0.15269531 5.9521689 -0.86073476
-0.29667968 5.9553843 -0.86198401
-0.57784176 5.8755274 -0.85347074
-0.72173828 5.8787403 -0.85621822
-1.7933007 5.986455 -0.90340328
-2.2809668 5.9973316 -0.92756855
-2.7982128 6.0088644 -0.95821822
-2.9786718 6.012888 -0.97004002
-3.3538377 6.0212512 -0.9963575
-3.5493944 6.025609 -1.0109595
-3.7508788 6.0300989 -1.0265995
-3.9588182 6.0347338 -1.0433484
-4.3963866 6.0444813 -1.0804828
-4.6273437 6.0496278 -1.1010431
-5.3783102 6.0663538 -1.17199
-5.8605957 6.0004759 -1.212531
-6.1496091 5.9997253 -1.2420045
-6.5617771 6.099896 -1.2951419
-7.2502537 6.115222 -1.3711419
-7.626152 6.1235924 -1.4138701
-8.0264454 6.1325021 -1.4602247
-9.3589935 6.4602427 -1.643979
-9.5112209 6.2319846 -1.6438215
-9.6589842 6.000813 -1.6438529
-9.9370308 5.5278039 -1.6438217
-10.067392 5.2864108 -1.6438067
-10.191914 5.0419488 -1.6437924
-10.310498 4.7945623 -1.6437787
-10.423066 4.5443792 -1.6437656
-10.973203 4.1665788 -1.6968124
-11.7179 4.1287227 -1.7960348
-11.813993 3.844799 -1.7960229
-11.985547 3.2704186 -1.7960011
-12.060908 2.9802849 -1.7959913
-12.129248 2.6884344 -1.795982
-12.291758 1.8041821 -1.7959585
-12.364404 1.2091595 -1.7959464
-12.389932 0.91050106 -1.7959412
-12.419365 0.31178465 -1.7959334
-12.423271 0.012084655 -1.7959304
-12.419902 -0.28763732 -1.7959281
-12.409346 -0.58718258 -1.7959266
-12.391582 -0.88640195 -1.7959259
-12.366582 -1.185087 -1.7959257
-12.29501 -1.7802453 -1.7959276
-12.248515 -2.0763483 -1.7959298
-12.134121 -2.6647675 -1.795936
-12.066347 -2.9567478 -1.7959402
-11.991533 -3.2469902 -1.795945
-11.909746 -3.5353649 -1.7959505
-11.72543 -4.1057682 -1.7959639
-11.513828 -4.6666217 -1.7959799
-11.397968 -4.9430656 -1.7959889
-11.275458 -5.2166314 -1.7959987
-11.01083 -5.754519 -1.79602
-10.868828 -6.0185423 -1.7960317
-9.7205658 -6.3421597 -1.6778677
-9.2123241 -6.6654749 -1.6437888
-8.8802338 -7.10221 -1.6438179
-8.7064056 -7.3144584 -1.6438332
-8.5274801 -7.5224447 -1.6438489
-8.1548529 -7.9251842 -1.6438822
-7.9613962 -8.1196985 -1.6438993
-7.5606055 -8.4944782 -1.6439356
-7.1422067 -8.8494892 -1.6439737
-6.7071872 -9.1839275 -1.6440135
-6.0256639 -9.6453114 -1.6440765
-5.7912989 -9.7880116 -1.6440983
-5.8048143 -10.988034 -1.7964867
-4.9951854 -11.379567 -1.7965629
-3.5896678 -11.898879 -1.7966965
-3.011621 -12.058557 -1.796752
-2.7198632 -12.127897 -1.7967801
-2.4265234 -12.190178 -1.7968085
-1.8357323 -12.293427 -1.7968655
-1.5386523 -12.334321 -1.7968943
-0.94191402 -12.394592 -1.7969525
-0.34294921 -12.426 -1.797011
0.5566113 -12.418874 -1.7970995
0.8560937 -12.402039 -1.797129
1.1550586 -12.37798 -1.7971586
1.4533887 -12.346712 -1.7971883
1.7508398 -12.308256 -1.7972177
2.0473242 -12.26263 -1.7972473
2.3425977 -12.209867 -1.7972767
2.6365333 -12.149998 -1.7973061
3.2196581 -12.009065 -1.7973645
3.7952831 -11.840171 -1.7974224
4.0799022 -11.745351 -1.7974513
4.3621387 -11.643681 -1.7974799
4.9188766 -11.420081 -1.7975364
5.4641895 -11.169866 -1.7975922
5.2461524 -10.099179 -1.6451799
5.4882617 -9.969821 -1.6452048
5.7273045 -9.8346643 -1.6452295
6.1952047 -9.5472288 -1.6452779
7.0867481 -8.9063349 -1.645371
7.7126074 -8.3708248 -1.6454368
8.483779 -7.5890517 -1.6455193
8.6645021 -7.3822508 -1.6455388
9.1880178 -6.7453794 -1.6477528
10.185556 -6.7466483 -1.7661614
10.532549 -6.6165738 -1.7981287
10.983877 -5.8376803 -1.7981797
11.252871 -5.3011661 -1.7982109
11.377587 -5.0281787 -1.7982254
11.495664 -4.7522593 -1.7982392
11.607051 -4.4735889 -1.7982527
11.711679 -4.192287 -1.7982653
11.809511 -3.9085314 -1.7982774
11.900419 -3.6225173 -1.7982887
12.250215 -2.1640561 -1.7983356
12.340439 -1.5706555 -1.7983494
12.439931 -0.074107356 -1.798372
12.429052 0.52605772 -1.798376
12.358457 1.4235455 -1.7983767
12.2754 2.018003 -1.7983737
12.223115 2.3135669 -1.798371
12.16372 2.6077831 -1.7983677
12.097226 2.900476 -1.7983636
10.807275 3.7238903 -1.652467
10.115947 5.2228274 -1.6457888
9.9869623 5.4653125 -1.6457782
9.8521185 5.7046227 -1.645767
8.8964548 5.7415161 -1.5306627
8.0457811 5.7605796 -1.4304953
7.2979002 5.7773385 -1.3455673
6.6324215 5.7922506 -1.2729578
6.3255663 5.7991247 -1.2405592
5.4899216 5.8178453 -1.1563712
4.9914646 5.8290086 -1.1093831
4.25209 5.7617588 -1.0351861
3.705332 5.8659043 -1.0029925
3.5128417 5.8702121 -0.9889462
2.620625 5.8901782 -0.93196559
2.4537108 5.8939123 -0.92291778
2.289912 5.8975754 -0.91457206
2.1289551 5.9011755 -0.90689832
1.9705762 5.9047179 -0.89987326
1.3583008 5.9184079 -0.87781549
1.2094629 5.9217358 -0.8737244
1.0618945 5.9250326 -0.87017697
0.91545898 5.9283066 -0.86716032
0.62520504 5.9347925 -0.86268806
0.48101562 5.9380136 -0.8612178
0.19370116 5.9444308 -0.85978931
0.050263669 5.9476352 -0.8598271
-0.09332031 5.9508424 -0.86036563
-0.38140625 5.957274 -0.86295271
-0.66216797 5.8774095 -0.85502023
-1.2653515 5.9746752 -0.8828643
-1.5717382 5.9815111 -0.89404786
-1.8867382 5.9885411 -0.90765953
-2.0480273 5.992136 -0.91542828
-2.2122266 5.9957981 -0.92387426
-2.5503709 6.0033383 -0.94291663
-3.2746778 6.0194874 -0.99061513
-3.4679101 6.0237937 -1.0048047
-4.0840821 6.0375242 -1.0537252
-4.530879 6.0474792 -1.0923796
-5.2691407 6.0639219 -1.1613147
-6.0254197 5.9969592 -1.2289345
-6.7557812 6.1042151 -1.3162403
-7.1014938 6.1119113 -1.3544613
-7.4680371 6.1200733 -1.3957995
-7.8579197 6.1287513 -1.4406074
-9.2944918 6.5534644 -1.6440436
-9.4490032 6.3267369 -1.6438868
-9.5987005 6.0968213 -1.6438596
-9.742939 5.8634129 -1.6438435
-10.141181 5.1433115 -1.6437984
-10.262236 4.8971148 -1.6437843
-10.662939 4.1708617 -1.6551843
-11.952402 3.3897429 -1.7960055
-12.351738 1.3323462 -1.7959487
-12.415645 0.4355731 -1.7959347
-12.399776 -0.7628299 -1.7959262
-12.348555 -1.3600857 -1.795926
-12.312158 -1.6576086 -1.795927
-12.268594 -1.9541446 -1.7959287
-12.160097 -2.5436904 -1.7959344
-12.095204 -2.8363304 -1.7959384
-12.0233 -3.1273127 -1.7959429
-11.858525 -3.7036488 -1.7959542
-11.559775 -4.5516076 -1.7959764
-11.44664 -4.8291855 -1.7959851
-11.326836 -5.1039691 -1.7959945
-11.200498 -5.3757901 -1.7960047
-10.928301 -5.909873 -1.7960267
-9.4429293 -6.3534336 -1.6453116
-9.2783003 -6.5732908 -1.6437832
-9.1170797 -6.7952728 -1.6437972
-8.7788572 -7.2272787 -1.6438267
-8.6020021 -7.4370432 -1.6438422
-8.4201565 -7.6424727 -1.6438584
-7.845654 -8.2316637 -1.6439097
-7.4396191 -8.6007338 -1.6439465
-7.2300391 -8.7778168 -1.6439656
-7.0162497 -8.94979 -1.6439852
-6.7983789 -9.1165657 -1.6440051
-5.8885641 -9.7297297 -1.6440893
-5.6521387 -9.8691149 -1.6441113
-5.9140134 -10.929578 -1.7964766
-5.6487107 -11.069229 -1.7965014
-5.3801074 -11.202424 -1.7965266
-3.0340722 -8.2804136 -1.2748594
-3.993125 -11.769341 -1.7966582
-3.7080564 -11.862428 -1.7966853
-3.1316407 -12.027876 -1.7967405
-1.3638476 -12.354995 -1.7969115
-1.0653906 -12.384505 -1.7969404
-0.76630861 -12.406809 -1.7969695
-0.46677732 -12.421889 -1.7969989
0.13293944 -12.430334 -1.7970577
0.73244137 -12.40987 -1.7971168
1.0316015 -12.388796 -1.7971464
1.3302149 -12.360496 -1.797176
1.9249706 -12.282354 -1.797235
3.3894043 -11.962398 -1.7973815
4.5266113 -11.580864 -1.7974966
4.8047657 -11.468472 -1.7975248
5.3525486 -11.223702 -1.7975807
5.6218653 -11.091472 -1.7976083
4.5043554 -8.3790913 -1.3752263
6.7788768 -9.1425495 -1.6453385
7.2122068 -8.8051586 -1.6453841
7.4226561 -8.6287079 -1.6454061
7.6287398 -8.4472513 -1.6454279
7.8304195 -8.260848 -1.6454493
8.0275393 -8.0696316 -1.6454704
8.4076757 -7.6732154 -1.6455112
9.4667187 -6.7458005 -1.680432
9.968008 -6.7464261 -1.7400074
10.466104 -6.7211986 -1.7981215
10.625283 -6.4667997 -1.7981391
10.778369 -6.2086506 -1.7981564
10.925117 -5.9468603 -1.7981731
11.065488 -5.6816058 -1.7981892
11.326845 -5.141325 -1.7982194
11.447695 -4.8666077 -1.7982336
11.561855 -4.5890346 -1.7982472
12.103389 -2.8732059 -1.798315
12.361474 -1.3957412 -1.798353
12.414473 -0.79786164 -1.7983633
12.430117 -0.49811766 -1.7983674
12.438555 -0.19808777 -1.7983708
12.433681 0.40213013 -1.7983754
12.372031 1.3003033 -1.798377
12.33706 1.598385 -1.7983761
12.294911 1.8955609 -1.7983744
12.245576 2.1916327 -1.7983721
12.125576 2.7797437 -1.7983655
11.977295 3.3613982 -1.7983558
11.892675 3.6493707 -1.7983499
10.167539 5.121738 -1.645793
10.040956 5.3655152 -1.6457826
9.9085255 5.6061683 -1.6457717
9.6269331 6.0778208 -1.6458335
8.6347065 5.7473817 -1.4994787
8.212265 5.7568493 -1.4498211
7.8166699 5.7657151 -1.4041389
7.0948629 5.7818885 -1.3230947
6.4504004 5.7963281 -1.2536522
6.1525683 5.8030014 -1.2226279
5.5982423 5.8154173 -1.1669219
4.5580564 5.7549081 -1.0612706
4.3399706 5.7597909 -1.0425502
4.1505275 5.7941113 -1.0303302
3.9871287 5.8595958 -1.0245724
3.7864842 5.8640866 -1.009086
3.5917089 5.8684473 -0.99463052
3.2179003 5.8768139 -0.96858108
3.0380566 5.8808384 -0.95688152
2.8623729 5.884769 -0.94600582
2.6905565 5.8886132 -0.93591392
2.5222657 5.8923779 -0.92656833
2.3572266 5.8960705 -0.91793674
1.8787304 5.9067721 -0.89604157
1.5712109 5.9136486 -0.88454425
1.420205 5.9170237 -0.87966591
1.1226953 5.9236732 -0.87157691
0.97583979 5.9269552 -0.86834306
0.68492186 5.9334583 -0.86344272
-9.3636522 4.1292787 -1.7154983
-10.001288 3.8455865 -1.796201
-10.091113 3.603158 -1.7961901
-10.253036 3.1121678 -1.79617
-10.325088 2.863894 -1.7961608
-10.451113 2.3624866 -1.7961442
-10.552813 1.8555895 -1.7961298
-10.594492 1.6004553 -1.7961236
-10.659277 1.0875354 -1.7961128
-10.682392 0.83005977 -1.7961084
-10.709961 0.31380248 -1.7961013
-10.70456 -0.4615573 -1.7960953
-10.643154 -1.2345047 -1.7960947
-10.610273 -1.4909164 -1.7960957
-10.57123 -1.746466 -1.7960974
-10.474736 -2.2543631 -1.7961025
-10.208828 -3.2532537 -1.7961202
-10.127402 -3.4986084 -1.796126
-10.040097 -3.7419317 -1.7961324
-9.9469233 -3.9830835 -1.7961396
-9.8479881 -4.2219148 -1.7961472
-9.6329689 -4.6920776 -1.7961644
-9.5170021 -4.9231429 -1.7961738
-9.3955269 -5.15134 -1.7961837
-9.2685642 -5.3765416 -1.7961944
-8.7075872 -6.2448206 -1.796242
-7.6666307 -6.3862848 -1.6726425
-7.3816404 -6.4567723 -1.6439705
-7.223711 -6.6330318 -1.6439844
-6.8954782 -6.9738879 -1.6440138
-6.7252831 -7.1382818 -1.6440291
-6.5511718 -7.2985253 -1.6440449
-6.3732419 -7.4545274 -1.6440611
-6.1916013 -7.6061926 -1.6440775
-6.0063672 -7.7534308 -1.6440945
-5.2315235 -8.2964802 -1.6441661
-5.0299025 -8.4203835 -1.6441847
-4.6179786 -8.6534138 -1.6442233
-3.7628222 -9.0585804 -1.6443038
-3.1709666 -8.185811 -1.4715612
-2.9845507 -8.2932596 -1.4774987
-2.4168651 -9.5073957 -1.6444322
-2.1867871 -9.5630617 -1.6444544
-1.955498 -9.6131697 -1.6444765
-0.075097658 -9.8108521 -1.6446596
0.87069333 -9.7729845 -1.6447527
1.5752929 -9.6848412 -1.6448228
2.7294922 -9.4255304 -1.6449385
2.9561718 -9.35707 -1.6449612
3.8442676 -9.0291653 -1.6450512
4.4873829 -8.7278547 -1.645117
4.9032907 -8.5014486 -1.6451598
5.3078122 -8.2552547 -1.6452017
5.6999512 -7.9898047 -1.6452425
5.8911328 -7.8500662 -1.6452624
6.078867 -7.7057519 -1.6452821
6.6204586 -7.2461953 -1.6453391
6.7934275 -7.084445 -1.6453575
8.619072 -6.3834567 -1.7979429
8.7706537 -6.1737161 -1.7979596
8.917119 -5.9603815 -1.7979758
9.5700092 -4.8441081 -1.7980494
9.7927246 -4.376904 -1.7980752
9.8954592 -4.1394072 -1.7980875
10.322041 -2.918524 -1.7981396
10.389511 -2.6686685 -1.7981485
10.450908 -2.4172466 -1.7981565
10.506221 -2.1644225 -1.7981641
10.555439 -1.9103308 -1.7981712
10.598495 -1.6551299 -1.7981776
10.666035 -1.1419721 -1.7981886
10.708759 -0.62615079 -1.7981972
10.720791 -0.36760923 -1.7982006
10.726533 -0.10886047 -1.7982033
10.687119 0.92527217 -1.7982082
10.661689 1.1828351 -1.798208
10.592237 1.6957421 -1.7982055
10.498075 2.2046971 -1.7982006
10.441816 2.4573259 -1.7981973
10.23667 3.2060132 -1.7981834
10.156299 3.452035 -1.7981776
8.9472361 4.0402074 -1.6456639
8.741806 4.467052 -1.6456474
8.631465 4.6766281 -1.6456383
8.3957224 5.0874753 -1.6456187
8.2704878 5.2885113 -1.6456081
8.1404486 5.4864645 -1.645597
7.8660254 5.8725257 -1.6455367
7.7224607 6.0608873 -1.6456176
6.6872263 5.7908921 -1.4828851
5.2788377 5.8224535 -1.3174505
5.0330663 5.8279614 -1.2908376
4.7357712 5.7589173 -1.2498709
4.5050583 5.7559862 -1.22528
3.7392774 5.8650403 -1.1659826
3.1743944 5.8776879 -1.1197968
2.8208592 5.8856015 -1.0940747
2.6499219 5.8894262 -1.0825833
2.3181055 5.8968515 -1.0621327
1.8414745 5.9075131 -1.0372781
1.534873 5.9143701 -1.0242729
1.2351855 5.9210706 -1.0139217
0.94082028 5.92765 -1.0060961
0.79516602 5.9309044 -1.0030993
0.65029293 5.9341431 -1.0007015
0.50602537 5.9373655 -0.99889433
0.36219725 5.9405785 -0.99767417
0.075166017 5.946991 -0.99697876
-0.21212891 5.9534059 -0.99860823
-0.35629883 5.9566245 -1.0002991
-0.49378905 5.8735633 -0.98806441
-0.63716793 5.8767624 -0.99090004
-0.78146482 5.8799839 -0.99433386
-1.073916 5.8888402 -1.0034313
-1.2390722 5.973999 -1.0227402
-1.3909765 5.9773874 -1.0287685
-1.5447851 5.9808178 -1.0354733
-1.7006934 5.9842954 -1.0428768
-1.8589453 5.9878259 -1.0510031
-2.6942773 6.0064502 -1.1035233
-3.2415917 6.0186472 -1.1459404
-3.4338865 6.0229306 -1.1621951
-3.6318164 6.0273414 -1.1796159
-4.0466599 6.0365829 -1.2182504
-4.490664 6.0464697 -1.2625417
-5.4893942 6.068707 -1.3717386
-6.6975389 6.1027842 -1.518901
-7.5595603 6.2481933 -1.6440481
-7.708076 6.0639868 -1.6440451
-7.8520408 5.8762045 -1.6440294
-8.1262112 5.4905014 -1.6439991
-8.2562399 5.2928224 -1.6439848
-8.617197 4.6817427 -1.643944
-8.7275486 4.4724607 -1.6439314
-9.1202927 4.1310391 -1.6783743
-10.054697 3.7035778 -1.7961946
-10.141074 3.4598992 -1.7961839
-10.36456 2.7174017 -1.7961557
-10.483486 2.2142639 -1.7961396
-10.578017 1.7059851 -1.796126
-10.616064 1.4502801 -1.7961202
-10.693067 0.67871886 -1.7961061
-10.71333 0.16212586 -1.7960997
-10.714102 -0.096377559 -1.7960974
-10.696943 -0.61307645 -1.7960947
-10.679043 -0.87096769 -1.7960942
-10.588115 -1.6410125 -1.7960966
-10.545468 -1.8959705 -1.7960986
-10.441757 -2.4024477 -1.7961044
-10.380772 -2.6536705 -1.7961084
-10.313749 -2.9033368 -1.7961128
-10.240742 -3.1513329 -1.7961178
-10.161797 -3.3974819 -1.7961235
-9.7872553 -4.3609495 -1.796152
-9.6792479 -4.5958166 -1.7961607
-9.0560446 -5.727448 -1.7962123
-8.9153128 -5.9442954 -1.7962241
-8.5907907 -6.3471746 -1.7905135
-7.459619 -6.394907 -1.6470686
-7.289453 -6.5606785 -1.6439787
-7.1291113 -6.7346921 -1.6439929
-6.9646192 -6.9047875 -1.6440077
-6.6235938 -7.2328348 -1.6440383
-6.447207 -7.3905993 -1.6440544
-6.2670898 -7.5440674 -1.6440707
-5.8960252 -7.8377428 -1.6441047
-5.7052832 -7.9777975 -1.6441222
-5.5112305 -8.113204 -1.6441401
-5.3139353 -8.2438965 -1.6441585
-5.113574 -8.3697853 -1.6441771
-4.7039938 -8.606905 -1.6442152
-4.0693555 -8.924881 -1.6442748
-3.2474999 -8.14149 -1.4693391
-2.9658885 -9.3503437 -1.6443795
-2.7394824 -9.419302 -1.6444012
-2.2819824 -9.5407419 -1.6444452
-1.1173242 -9.7467003 -1.6445577
-0.88184571 -9.7709522 -1.6445806
-0.64586914 -9.7895155 -1.6446037
-0.17289062 -9.8095522 -1.6446501
0.77320313 -9.7811203 -1.6447432
1.0089453 -9.7597523 -1.6447664
1.4786035 -9.6999969 -1.6448132
2.4065623 -9.5129185 -1.6449059
2.6354589 -9.4522266 -1.6449288
2.8627441 -9.3860121 -1.6449519
3.0883789 -9.3143501 -1.6449746
3.3122656 -9.2372637 -1.6449972
3.5341699 -9.1547899 -1.6450198
3.7540526 -9.0669832 -1.6450421
3.9717577 -8.9738989 -1.6450644
5.2252245 -8.3076992 -1.6451931
5.4241896 -8.1793308 -1.6452137
5.6200094 -8.0461845 -1.645234
5.8125486 -7.9083605 -1.6452541
6.0017481 -7.7659235 -1.645274
6.3695016 -7.4675431 -1.6453127
6.8931055 -6.9875827 -1.6453681
7.0597558 -6.8193336 -1.645386
7.2834277 -6.7033405 -1.6593269
7.6457615 -6.7034359 -1.7045262
9.1388769 -5.6147547 -1.7980005
9.5212202 -4.9392414 -1.7980437
9.7485638 -4.4742842 -1.7980701
9.8537207 -4.2378159 -1.7980824
10.046787 -3.7576287 -1.7981055
10.1346 -3.5141823 -1.7981161
10.292421 -3.0212653 -1.798136
10.362363 -2.7720819 -1.7981448
10.484101 -2.2690299 -1.7981611
10.53584 -2.0154402 -1.7981683
10.654111 -1.24823 -1.7981864
10.681152 -0.99082577 -1.7981913
10.701972 -0.73285979 -1.7981956
10.716572 -0.4744516 -1.7981993
10.727002 0.043035887 -1.7982047
10.71247 0.56042236 -1.7982076
10.643877 1.3336871 -1.7982075
10.608603 1.5900811 -1.7982063
10.567139 1.8455578 -1.7982043
10.519522 2.0999482 -1.7982019
10.268145 3.1038311 -1.7981857
10.190234 3.350631 -1.7981802
10.106386 3.5954907 -1.7981739
9.7155075 3.7228472 -1.7441046
8.7859373 4.3797016 -1.6456509
8.3228121 5.2058263 -1.6456125
8.194746 5.4050646 -1.6456016
8.061904 5.6011524 -1.6455902
7.9243751 5.7939744 -1.6455784
7.7823043 5.9834962 -1.6455843
6.5035739 5.7950072 -1.4602104
6.203115 5.8017416 -1.4237725
5.1333885 5.8257127 -1.3016095
4.8933496 5.8310924 -1.2760539
4.5966601 5.7539344 -1.2345358
4.0225291 5.8586974 -1.1913052
3.8208396 5.863214 -1.1731328
3.6250877 5.8675976 -1.1561687
3.249541 5.8760047 -1.1255913
2.3856444 5.8953404 -1.0660901
2.2230468 5.8989782 -1.0567392
2.0631835 5.9025536 -1.0481551
1.9058203 5.906074 -1.0403099
1.597578 5.9129672 -1.0267377
1.4462988 5.9163489 -1.0209668
1.2966015 5.9196949 -1.0158492
1.1483301 5.9230103 -1.0113689
1.0012597 5.9263 -1.0075101
0.85523438 5.929563 -1.004264
0.71005857 5.9328065 -1.0016193
0.56556642 5.9360352 -0.99956965
0.1344336 5.9456663 -0.99693227
-0.0090527339 5.9488707 -0.99721563
-0.2966699 5.9552941 -0.99952888
-0.44116211 5.958519 -1.0015659
-0.72173828 5.8786521 -0.99284244
-0.86664063 5.881886 -0.99663162
-1.0131347 5.887485 -1.0014318
-1.1768163 5.9726095 -1.0204438
-1.4810058 5.9793968 -1.0326207
-1.6360253 5.9828539 -1.0397322
-1.7932714 5.986361 -1.0475576
-2.1154687 5.9935446 -1.0654502
-2.2809277 5.9972348 -1.0755782
-2.4496582 6.0009971 -1.0865382
-2.6219628 6.0048375 -1.098371
-2.7981737 6.0087647 -1.1111171
-2.9786229 6.0127878 -1.1248254
-3.3537793 6.0211473 -1.1553422
-3.7508104 6.0299911 -1.1904085
-4.8673239 6.0548573 -1.3022697
-5.1173143 6.0604234 -1.3296406
-5.3782029 6.0662317 -1.3589951
-7.3429685 6.5029688 -1.6442291
-7.647285 6.1405406 -1.6440518
-7.7931051 5.9542089 -1.6440358
-8.0711231 5.5712562 -1.6440053
-8.2030859 5.3748713 -1.6439906
-8.3303127 5.175354 -1.6439764
-8.5701075 4.767417 -1.6439494
-10.017314 3.8036187 -1.796199
-10.106093 3.5608172 -1.7961884
-10.189013 3.3159513 -1.7961781
-10.336992 2.8205822 -1.7961593
-10.401973 2.5703583 -1.7961508
-10.513779 2.0655925 -1.7961355
-10.635508 1.2998077 -1.7961171
-10.685771 0.78526855 -1.7961076
-10.701591 0.52724731 -1.796104
-10.711172 0.26890442 -1.7961007
-10.714531 0.010419616 -1.7960982
-10.71165 -0.24807556 -1.7960963
-10.603926 -1.5353854 -1.7960958
-10.563828 -1.7907611 -1.7960976
-10.40669 -2.5500658 -1.7961067
-10.271621 -3.0490963 -1.7961156
-10.195127 -3.2960205 -1.796121
-10.112676 -3.5410354 -1.7961271
-9.830205 -4.2631664 -1.7961487
-9.7245407 -4.4991016 -1.796157
-9.6132126 -4.7324286 -1.7961661
-9.4962988 -4.9629951 -1.7961755
-9.3738575 -5.1906939 -1.7961856
-9.2459564 -5.4153547 -1.7961962
-9.1126661 -5.6368766 -1.7962074
-8.9741011 -5.8551102 -1.7962191
-8.8302441 -6.0699592 -1.7962315
-8.3542967 -6.3572721 -1.7598114
-7.9691992 -6.3735871 -1.7105914
-7.6046777 -6.3888707 -1.6649569
-7.354414 -6.4876785 -1.6439729
-7.0330758 -6.8349986 -1.6440016
-6.8662009 -7.0027413 -1.6440165
-6.695322 -7.1664219 -1.644032
-6.1596775 -7.6320982 -1.6440805
-5.9738183 -7.7785544 -1.6440976
-5.784492 -7.9204941 -1.644115
-4.9945602 -8.441412 -1.644188
-4.3711524 -8.7808332 -1.6442463
-3.3238084 -8.0972939 -1.4672688
-3.2828515 -9.2436342 -1.6443493
-3.0589452 -9.3202696 -1.6443707
-2.8332324 -9.3914728 -1.6443923
-2.6058593 -9.457221 -1.6444141
-2.3769727 -9.5174627 -1.644436
-2.1466894 -9.5721722 -1.6444582
-1.214375 -9.7350178 -1.6445483
-0.97917968 -9.7616205 -1.6445712
-0.74335939 -9.7825375 -1.6445942
-0.50720704 -9.797761 -1.6446173
-0.03397461 -9.8110943 -1.6446637
0.20272461 -9.8091965 -1.6446868
0.43932617 -9.8015919 -1.6447102
1.1470996 -9.7445707 -1.6447803
1.3818457 -9.7141981 -1.6448035
1.8488867 -9.6365108 -1.6448501
2.9953809 -9.3446112 -1.6449652
3.4427245 -9.1895123 -1.6450105
3.8820996 -9.01299 -1.6450552
4.0984569 -8.9168272 -1.6450772
4.5239258 -8.7089815 -1.6451209
5.3423438 -8.2329493 -1.6452051
5.733408 -7.9658642 -1.6452459
6.1111231 -7.6802182 -1.6452855
6.2947068 -7.5306296 -1.6453047
6.6507812 -7.218389 -1.6453424
6.8230858 -7.0559115 -1.6453607
6.9913864 -6.8893356 -1.6453787
7.1557031 -6.7187324 -1.6453962
7.4937205 -6.7034154 -1.6854439
8.26334 -6.7032518 -1.7836573
8.4900293 -6.5539646 -1.7979287
8.9420404 -5.9229755 -1.7979785
9.0824118 -5.7055621 -1.7979941
9.3472261 -5.2608886 -1.7980239
9.5902443 -4.8039627 -1.7980517
9.7034273 -4.5712304 -1.7980648
9.9127827 -4.0978975 -1.7980894
10.008828 -3.8575952 -1.7981008
10.099023 -3.6150219 -1.7981118
10.400596 -2.6251028 -1.7981498
10.641142 -1.3543729 -1.7981843
10.726913 -0.063901059 -1.7982037
10.725332 0.19491577 -1.7982059
10.71752 0.45361754 -1.7982072
10.65664 1.2275152 -1.7982078
10.539941 1.9949799 -1.798203
10.48873 2.2486835 -1.7982
10.223125 3.2488854 -1.7981825
9.3621674 3.7402966 -1.6900067
9.026103 3.8610516 -1.6456702
8.9301949 4.0776739 -1.6456625
8.7230072 4.5036573 -1.6456459
8.1173725 5.5205188 -1.6455951
7.9817576 5.7147083 -1.6455833
7.8414159 5.9055004 -1.6455508
7.697031 6.0932603 -1.6456313
6.9557614 5.7848716 -1.516555
6.6322751 5.7921228 -1.4760702
6.3254199 5.7990003 -1.438504
6.0336132 5.8055406 -1.4035966
5.7554784 5.8117738 -1.3711227
5.4898047 5.817728 -1.3408846
4.9913769 5.8288951 -1.2863994
4.6961622 5.7598057 -1.2457765
4.2520118 5.7616553 -1.2003666
3.5127831 5.8701119 -1.1467489
3.3254979 5.8743052 -1.1315595
3.1430175 5.8783898 -1.1174109
2.6205859 5.8900828 -1.0806757
2.128916 5.9010825 -1.0516099
1.8145214 5.9081163 -1.0360402
1.5085937 5.914957 -1.0232712
1.2094336 5.9216452 -1.0131432
1.0618848 5.9249439 -1.0090299
0.9154492 5.9282165 -1.0055318
0.76994139 5.9314671 -1.0026392
0.33722657 5.9411364 -0.99752158
0.19370116 5.9443421 -0.9969849
-0.093310542 5.9507532 -0.99765313
-0.2371289 5.9539633 -0.99886012
-0.38140625 5.9571862 -1.0006526
-0.51863283 5.8741174 -0.9885146
-0.66215819 5.8773217 -0.99145406
-0.80663085 5.8805466 -0.99499202
-0.95259762 5.8861337 -0.99953693
-1.1148242 5.9712267 -1.0182581
-1.265332 5.9745836 -1.0237404
-1.4175488 5.9779797 -1.0298837
-1.5717187 5.9814181 -1.0367093
-1.886709 5.9884458 -1.0524919
-2.047998 5.9920421 -1.0615005
-2.3795311 5.9994335 -1.0819079
-3.2746191 6.019382 -1.1486834
-3.4678514 6.0236864 -1.1651368
-3.6668065 6.028121 -1.1827641
-4.0840039 6.0374131 -1.2218628
-4.303369 6.0422997 -1.2435066
-4.5307908 6.0473633 -1.2666826
-4.766963 6.0526233 -1.291503
-5.269033 6.0638013 -1.3466166
-5.536787 6.0697632 -1.3772111
-6.3304977 6.003623 -1.462518
-7.4339938 6.3980565 -1.6441543
-7.733418 6.0316138 -1.6440424
-7.8766112 5.8432288 -1.6440268
-8.0152245 5.6514511 -1.6440115
-8.2783394 5.2581568 -1.6439822
-8.4027147 5.0568614 -1.6439683
-8.5221968 4.8526282 -1.6439549
-8.6367283 4.645587 -1.6439418
-8.850625 4.2234979 -1.6439172
-9.2213669 4.1303124 -1.693773
-9.9789257 3.9033039 -1.7962037
-10.070136 3.6613934 -1.7961926
-10.155478 3.4173589 -1.7961822
-10.234912 3.1713383 -1.7961723
-10.492676 2.1702898 -1.7961384
-10.585058 1.6616247 -1.7961249
-10.713906 0.11721649 -1.7960992
-10.713603 -0.14130066 -1.796097
-10.70705 -0.39972898 -1.7960955
-10.694297 -0.65790951 -1.7960944
-10.675303 -0.9157275 -1.7960942
-10.650117 -1.1730161 -1.7960944
-10.618711 -1.4296161 -1.7960954
-10.147451 -3.4400592 -1.7961246
-10.061533 -3.6838844 -1.7961309
-9.9697752 -3.9255526 -1.7961378
-9.7688866 -4.401937 -1.7961535
-9.6599026 -4.6363621 -1.7961622
-9.2994432 -5.3229132 -1.7961918
-9.1683788 -5.5457506 -1.7962028
-9.0319824 -5.7653756 -1.7962142
-7.7529101 -6.3826742 -1.683399
-7.418828 -6.4140167 -1.6439673
-6.2354002 -7.5702915 -1.6440736
-6.0510449 -7.718585 -1.6440904
-5.8631444 -7.862402 -1.6441076
-5.6718063 -8.0016546 -1.6441253
-5.4771581 -8.1362543 -1.6441433
-5.279326 -8.2661152 -1.6441617
-4.2464256 -8.8419027 -1.644258
-4.0319238 -8.9418812 -1.6442784
-3.8150585 -9.0366735 -1.6442988
-3.2153418 -8.1601171 -1.4702548
-3.0294237 -8.267745 -1.4760469
-3.1516795 -9.2892599 -1.6443619
-2.9266894 -9.3627195 -1.6443833
-2.6999707 -9.4307251 -1.644405
-2.2419922 -9.5502405 -1.644449
-2.0109668 -9.6016827 -1.6444713
-1.5454687 -9.6877718 -1.6445162
-0.84084958 -9.7745848 -1.6445848
0.10496093 -9.8106852 -1.6446774
0.5780859 -9.7944717 -1.6447239
1.2849902 -9.727437 -1.644794
1.5192578 -9.6937389 -1.6448171
1.7527636 -9.6544056 -1.6448405
2.6750879 -9.4411144 -1.644933
2.9020605 -9.3739614 -1.6449558
3.7920215 -9.0511885 -1.6450459
5.2600098 -8.2857409 -1.6451967
5.4584374 -8.1565285 -1.6452173
6.0342479 -7.7407084 -1.6452774
7.0882907 -6.7896848 -1.6453891
7.3449802 -6.7033677 -1.6669393
8.0971584 -6.703342 -1.7621206
8.7348337 -6.224268 -1.7979556
9.162344 -5.5763974 -1.7980031
9.9698143 -3.9571502 -1.7980963
10.06248 -3.7154846 -1.7981074
10.373886 -2.7286267 -1.7981464
10.436768 -2.4775639 -1.7981547
10.58873 -1.7163149 -1.7981761
10.62708 -1.4603546 -1.798182
10.685234 -0.94605529 -1.7981921
10.704961 -0.68799222 -1.7981962
10.725742 -0.17080994 -1.7982028
10.726758 0.087989502 -1.798205
10.668349 1.1212451 -1.7982081
10.638193 1.3782812 -1.7982074
10.455839 2.3969646 -1.7981981
10.394932 2.6485162 -1.7981943
10.176084 3.3933051 -1.7981791
10.09123 3.6378131 -1.7981728
8.9703999 3.9884777 -1.6456656
8.8715334 4.2036967 -1.6456579
8.5441504 4.8342161 -1.6456311
8.1720114 5.4393592 -1.6455996
7.094707 5.7817578 -1.5342058
6.7637987 5.7891746 -1.4924256
6.1524415 5.8028769 -1.4177102
5.8688278 5.8092346 -1.384258
5.5981345 5.8153 -1.3531175
5.3391895 5.8211036 -1.3240997
5.0909863 5.8266649 -1.2970406
4.8526073 5.8320041 -1.271793
4.5579686 5.7547998 -1.2306069
4.1505079 5.7940879 -1.1947551
3.9870605 5.8594933 -1.1880579
3.7864256 5.8639855 -1.1701008
3.5916405 5.8683472 -1.1533396
3.4022558 5.8725867 -1.1377041
3.2178514 5.8767161 -1.1231332
3.0380077 5.8807397 -1.1095687
2.862334 5.8846726 -1.0969582
2.1950781 5.8996034 -1.0551933
2.0356739 5.9031687 -1.0467392
1.7239648 5.91014 -1.0320115
1.5711817 5.9135571 -1.0256876
1.1226856 5.9235849 -1.0106531
0.9758203 5.9268675 -1.0069031
-8.6108494 3.797307 -1.7963371
-8.783906 3.3774931 -1.7963166
-8.8627834 3.1645775 -1.7963071
-8.9365034 2.9498229 -1.7962979
-9.126318 2.2957799 -1.7962737
-9.1790228 2.0749254 -1.7962666
-9.226367 1.8528674 -1.7962602
-9.2683592 1.6297332 -1.796254
-9.3049507 1.4056457 -1.7962486
-9.361865 0.95516413 -1.7962391
-9.3821478 0.72902584 -1.7962353
-9.3970013 0.50246644 -1.7962317
-9.4016504 -0.4053784 -1.7962238
-9.2845306 -1.5338922 -1.7962255
-9.2448339 -1.757441 -1.7962276
-9.1493359 -2.2013445 -1.7962332
-9.0935841 -2.4214361 -1.7962366
-8.9662304 -2.8572762 -1.7962456
-8.7361908 -3.4982653 -1.7962626
-8.6492872 -3.7080266 -1.7962693
-8.0241213 -4.9171429 -1.7963204
-7.6476464 -5.484664 -1.7963526
-7.5131445 -5.6676073 -1.7963643
-7.0837107 -6.1962504 -1.796402
-6.9322557 -6.3653879 -1.7964153
-6.6343651 -6.3936777 -1.7587016
-6.047246 -6.4186153 -1.6832702
-5.7716599 -6.4300871 -1.6492698
-5.5974998 -6.5470529 -1.644145
-5.4378805 -6.6802483 -1.6441596
-4.9406738 -7.0562177 -1.6442051
-4.5946288 -7.2864633 -1.6442372
-4.4175391 -7.3952703 -1.6442536
-4.2379003 -7.4997668 -1.6442704
-4.0557714 -7.5999036 -1.6442873
-3.8712695 -7.6956177 -1.6443048
-3.495625 -7.8735709 -1.6443402
-3.3046973 -7.9556928 -1.6443582
-2.9171679 -8.10602 -1.644395
-2.7207713 -8.1741333 -1.6444137
-2.5228221 -8.237484 -1.6444327
-2.3233593 -8.296051 -1.6444517
-1.3081445 -8.5158701 -1.6445495
-1.1023437 -8.5450563 -1.6445695
-0.27382812 -8.6119404 -1.6446503
-0.06597656 -8.6161461 -1.6446707
0.14193359 -8.6153402 -1.6446911
0.34972656 -8.6095142 -1.6447116
0.76463866 -8.5828304 -1.6447526
0.97149414 -8.5619917 -1.644773
1.1777831 -8.5361681 -1.6447935
1.3834082 -8.5053768 -1.644814
1.5882128 -8.4696321 -1.6448344
1.7920996 -8.4289551 -1.6448549
1.9949511 -8.3833714 -1.6448752
2.1966698 -8.3329077 -1.6448954
2.596123 -8.2174463 -1.6449356
2.7936425 -8.1525192 -1.6449555
3.1837108 -8.0084639 -1.6449951
4.1245995 -7.5675516 -1.6450912
4.484951 -7.3599496 -1.6451285
4.6612501 -7.2496891 -1.6451467
5.1735253 -6.8938327 -1.6452
5.5258493 -6.6673946 -1.652922
6.3934083 -6.667284 -1.7631934
6.6808004 -6.63871 -1.7977504
6.8390722 -6.4756665 -1.7977673
6.9934177 -6.3088422 -1.7977837
7.2897067 -5.9642582 -1.7978158
7.5690527 -5.6057849 -1.7978463
7.7021484 -5.421587 -1.797861
7.9548144 -5.043828 -1.7978891
8.0742674 -4.850493 -1.7979023
8.4040527 -4.2539425 -1.7979399
8.5043163 -4.0499759 -1.7979515
8.6898727 -3.6350818 -1.7979733
8.7751074 -3.4243987 -1.7979834
8.8552046 -3.211719 -1.7979932
3.0614941 -1.02751 -0.616404
3.0517285 -0.78387386 -0.60141355
9.177578 -2.1227312 -1.7980341
9.2261524 -1.9007117 -1.7980407
9.2693548 -1.6775769 -1.7980468
9.3395214 -1.2285 -1.7980576
9.3664846 -1.0028335 -1.7980621
9.4040136 -0.54986024 -1.7980697
9.4195995 -0.095596924 -1.7980751
9.4132423 0.35888794 -1.7980783
9.4018555 0.58588195 -1.7980791
9.3849897 0.81253541 -1.7980795
9.3626366 1.0387152 -1.7980791
9.3348827 1.264295 -1.7980783
3.0494726 0.71765196 -0.59797817
3.0551562 0.87649107 -0.60668427
8.8430958 3.2457151 -1.7980469
8.3111916 3.7530084 -1.7406576
7.6767282 3.9227965 -1.6455381
7.2628512 4.6441879 -1.6455036
6.7813768 5.3222952 -1.645462
6.6509471 5.484314 -1.6454507
6.3785739 5.7986631 -1.6454266
6.2366991 5.9507642 -1.6453995
5.5349998 5.8165941 -1.5325961
5.2787304 5.82234 -1.5001074
4.5049706 5.7558799 -1.3951559
4.2887206 5.7607236 -1.3708435
4.1438084 5.8558741 -1.3692944
3.9383886 5.860476 -1.3477533
3.3576171 5.8734851 -1.2913634
3.174336 5.8775878 -1.2750528
2.9955175 5.8815928 -1.259871
2.649873 5.8893299 -1.2326813
2.4824023 5.8930783 -1.2205718
2.1566503 5.9003687 -1.1991116
1.9978515 5.9039221 -1.1896894
1.8414356 5.9074216 -1.1810956
1.6871777 5.9108715 -1.173303
1.5348535 5.9142785 -1.1662874
1.2351757 5.92098 -1.1545012
1.0874219 5.9242821 -1.1496931
0.94080079 5.9275599 -1.1455895
0.79515624 5.9308152 -1.1421773
-0.21212891 5.9533167 -1.1370641
-0.78145504 5.8798947 -1.1321973
-1.0738964 5.8887501 -1.1425561
-1.239043 5.973906 -1.1645423
-1.700664 5.9842014 -1.1874704
-1.8589159 5.9877305 -1.1967233
-2.1834083 5.9949656 -1.2178247
-2.3501756 5.9986815 -1.2297435
-3.631748 6.0272336 -1.3431654
-3.8358202 6.0317774 -1.3644071
-4.0465817 6.0364709 -1.3871542
-4.2646189 6.0413256 -1.4115078
-4.4905763 6.0463548 -1.4375846
-5.2236133 6.0626707 -1.5275095
-5.7789063 6.3887501 -1.6443324
-5.9309864 6.2470703 -1.6442282
-7.3611913 4.4721971 -1.6440656
-8.572607 3.8829651 -1.7963417
-8.8308105 3.2527678 -1.7963109
-8.9773531 2.822984 -1.7962928
-9.1029882 2.3866413 -1.7962768
-9.1578808 2.1663196 -1.7962695
-9.2074604 1.9447485 -1.7962627
-9.2904882 1.4983331 -1.7962507
-9.3238964 1.2737573 -1.7962456
-9.3744335 0.82251281 -1.7962369
-9.3915329 0.59610409 -1.7962332
-9.4031639 0.3693634 -1.7962301
-9.4052048 -0.31164551 -1.7962241
-9.3949604 -0.53845459 -1.7962232
-9.3314056 -1.2164953 -1.7962238
-9.299346 -1.4412719 -1.796225
-9.2190237 -1.8881677 -1.7962289
-9.1708202 -2.1100271 -1.7962317
-9.1172848 -2.3306727 -1.7962352
-9.0583982 -2.5499511 -1.7962391
-8.9942474 -2.7677593 -1.7962435
-8.924902 -2.9839449 -1.7962484
-8.8503418 -3.1984046 -1.7962539
-8.7706146 -3.4110057 -1.79626
-8.6858301 -3.621619 -1.7962666
-8.5959473 -3.8301303 -1.7962736
-8.1870213 -4.6407151 -1.7963068
-7.9537206 -5.0302768 -1.7963264
-7.7019138 -5.4081492 -1.796348
-7.5692282 -5.5924244 -1.7963595
-7.4321775 -5.7734437 -1.7963715
-6.7622852 -6.3881607 -1.7756382
-6.164453 -6.4136901 -1.69801
-5.8841891 -6.4254227 -1.6630353
-5.5041895 -6.6256833 -1.6441534
-5.1782618 -6.8836007 -1.6441833
-5.0107226 -7.0065904 -1.6441988
-4.3124218 -7.4571176 -1.6442634
-4.1312985 -7.5590606 -1.6442803
-3.7619433 -7.7497091 -1.644315
-3.3838184 -7.9223251 -1.6443506
-3.1917284 -8.0017405 -1.6443689
-2.6047754 -8.2118931 -1.6444247
-2.2056932 -8.3281708 -1.6444631
-2.0041504 -8.3790627 -1.6444824
-1.3929784 -8.502368 -1.6445413
-1.1874609 -8.5336008 -1.6445613
-0.98126954 -8.5598726 -1.6445813
-0.77447265 -8.5811558 -1.6446013
0.056035154 -8.6162777 -1.6446828
0.26389647 -8.6125231 -1.6447031
0.88609374 -8.5712032 -1.6447647
1.0926367 -8.5474434 -1.6447852
1.5037011 -8.4849949 -1.6448261
1.9112988 -8.4027929 -1.6448667
3.1037109 -8.0397615 -1.644987
4.0489354 -7.6082516 -1.6450834
4.2313962 -7.508441 -1.6451021
4.4113379 -7.4042563 -1.6451209
4.7634668 -7.1830087 -1.6451573
4.9354391 -7.0660739 -1.6451751
5.2706347 -6.8199234 -1.6452103
5.4337792 -6.6908526 -1.6452273
6.2671385 -6.6673875 -1.7466123
6.5769434 -6.6670818 -1.7875911
6.9301658 -6.3782129 -1.7977771
7.0820799 -6.2092199 -1.7977934
7.3734765 -5.8604684 -1.797825
7.512773 -5.6809349 -1.7978402
7.6476951 -5.4980717 -1.797855
7.7781734 -5.312017 -1.7978693
7.9041305 -5.1228533 -1.7978834
8.0254688 -4.9307103 -1.797897
8.2541304 -4.5379047 -1.7979227
8.4634962 -4.134532 -1.7979467
8.6532125 -3.7215087 -1.7979689
8.8227539 -3.2998097 -1.7979891
3.0630662 -1.0621258 -0.61882216
3.0529003 -0.81669766 -0.60322028
3.0501366 -0.73759186 -0.59898305
9.2067184 -1.9925698 -1.798038
9.2521486 -1.7698789 -1.7980444
9.3268261 -1.3215332 -1.7980555
9.3560152 -1.0961435 -1.7980603
9.3797455 -0.87010252 -1.7980646
9.41084 -0.41664368 -1.7980714
9.4200096 0.037792359 -1.7980763
9.4163666 0.26503724 -1.7980778
9.3725491 0.94534117 -1.7980794
9.3160248 1.3963403 -1.7980777
9.237812 1.8440887 -1.7980736
9.1906052 2.0664191 -1.7980709
3.0538769 0.84327388 -0.60473222
3.0570507 0.92408264 -0.6095987
3.0605469 1.0063367 -0.61495876
3.0643749 1.0901984 -0.62083405
8.7123337 3.5818157 -1.7980369
8.5129395 3.7424066 -1.7750088
8.037529 3.7673438 -1.6943442
7.62041 4.0310898 -1.6455336
7.5208883 4.2137384 -1.6455253
7.4170117 4.3939385 -1.6455166
6.8341012 5.2544508 -1.6454667
6.7052927 5.4177575 -1.6454555
6.572588 5.5779176 -1.6454437
6.2956052 5.8882117 -1.6453738
6.0046973 6.1854868 -1.6454945
5.3832712 5.8199949 -1.5132529
5.1333008 5.8256006 -1.4820695
4.8932614 5.8309789 -1.4529716
4.1652732 5.7634897 -1.3573341
4.0224609 5.8585925 -1.3564738
3.6250196 5.8674951 -1.3164665
3.2494824 5.8759055 -1.2816507
3.0688672 5.87995 -1.2660104
2.8925195 5.8838978 -1.251466
2.3855956 5.8952451 -1.2139009
2.0631542 5.9024596 -1.1934798
1.9057909 5.9059801 -1.1845479
1.750664 5.9094505 -1.1764272
1.5975683 5.9128747 -1.1690934
1.4462695 5.9162583 -1.1625235
1.1483105 5.9229212 -1.1515933
0.85522461 5.9294739 -1.143504
0.56554687 5.935946 -1.1381595
0.42156249 5.9391637 -1.1364933
0.27791992 5.9423728 -1.1354944
0.1344336 5.9455771 -1.1351565
-0.0090527339 5.9487815 -1.1354786
-0.15269531 5.9519897 -1.1364644
-0.2966699 5.9552035 -1.1381133
-1.1767871 5.972517 -1.1619269
-1.3279883 5.9758911 -1.1684774
-1.4809862 5.9793038 -1.1757914
-1.6359961 5.98276 -1.1838896
-1.7932421 5.9862671 -1.1927991
-2.2808983 5.9971375 -1.2247038
-2.6219237 6.0047374 -1.2506566
-2.798125 6.0086646 -1.2651706
-3.1636424 6.0168076 -1.2975432
-3.5492675 6.0253968 -1.3348037
-3.7507422 6.0298839 -1.3554543
-4.3962207 6.0442553 -1.4265953
-4.6271582 6.0493956 -1.4537405
-5.7150879 6.4461923 -1.6443748
-6.0186133 6.1622338 -1.6441662
-6.1656346 6.015348 -1.6441963
-6.7163572 5.3930283 -1.6441368
-6.8444433 5.2293844 -1.6441228
-7.088613 4.8930597 -1.644096
-7.2045507 4.7205853 -1.6440833
-7.5269041 4.1870923 -1.6440469
-8.7148733 3.5519378 -1.7963248
-8.9487791 2.9123321 -1.7962964
-9.0164061 2.6955736 -1.796288
-9.135849 2.2574956 -1.7962724
-9.2750874 1.5908685 -1.7962532
-9.3107424 1.3666278 -1.7962477
-9.3657713 0.91591185 -1.7962384
-9.4103909 0.009150085 -1.7962263
-9.3863869 -0.67143339 -1.7962229
-9.3674412 -0.89768338 -1.7962228
-9.1913862 -2.0185134 -1.7962306
-9.0213966 -2.6779664 -1.7962415
-8.9541693 -2.8948364 -1.7962464
-8.8817673 -3.1100256 -1.7962517
-8.8041792 -3.3234155 -1.7962575
-8.7214746 -3.534862 -1.7962638
-8.6336813 -3.7442575 -1.7962706
-8.4430952 -4.1563921 -1.7962859
-8.2328415 -4.5588703 -1.796303
-7.8817382 -5.1424108 -1.7963325
-7.7554002 -5.331099 -1.7963433
-7.2057614 -6.0537729 -1.7963912
-7.0577049 -6.2259007 -1.7964042
-6.8926563 -6.3825083 -1.7930768
-6.5813184 -6.3959579 -1.7517244
-5.9985743 -6.4206533 -1.6771944
-5.7249022 -6.4320178 -1.6435956
-5.2465916 -6.8316174 -1.6441771
-5.0803027 -6.9562707 -1.6441923
-4.5640526 -7.3056712 -1.64424
-4.3865037 -7.4137301 -1.6442566
-3.8389843 -7.7117949 -1.6443079
-3.6518555 -7.8022466 -1.6443254
-3.2713182 -7.9694982 -1.6443614
-3.0781348 -8.0461874 -1.6443797
-2.6865039 -8.1854858 -1.6444169
-0.85996091 -8.5729733 -1.644593
-0.23770507 -8.6130333 -1.6446539
-0.029863281 -8.6163626 -1.6446742
0.59338868 -8.5962801 -1.6447357
1.2135644 -8.5311775 -1.6447972
1.4190429 -8.4995241 -1.6448176
1.6237109 -8.4629173 -1.6448379
2.2315722 -8.3236408 -1.6448989
2.4317772 -8.267477 -1.644919
2.6305468 -8.2065039 -1.6449391
3.0233984 -8.0702572 -1.6449788
3.5992773 -7.8307543 -1.6450375
3.7871678 -7.7417321 -1.6450566
3.9729004 -7.6481991 -1.6450757
4.3373046 -7.4478235 -1.6451132
4.5157809 -7.3411007 -1.6451316
4.6916208 -7.2301002 -1.6451498
4.8647265 -7.1148911 -1.6451678
5.5731835 -6.6674271 -1.6587079
6.4472461 -6.6672306 -1.7703116
6.7086034 -6.6106682 -1.7977532
6.8662009 -6.4469552 -1.7977701
7.1693163 -6.1083488 -1.7978028
7.3146482 -5.9336691 -1.7978185
7.9759078 -5.0104537 -1.7978914
8.0945015 -4.8166022 -1.7979046
8.2084475 -4.619945 -1.7979176
8.3175678 -4.4205937 -1.79793
8.4218359 -4.2186852 -1.7979418
8.5212202 -4.0142975 -1.7979535
8.615654 -3.8075695 -1.7979645
8.7050486 -3.5986264 -1.7979749
8.7893648 -3.3875983 -1.7979851
3.0608494 -1.0130367 -0.61541343
3.0541308 -0.84973693 -0.60510671
9.1864061 -2.0842493 -1.7980353
9.2340431 -1.8620189 -1.7980418
9.3131733 -1.4144491 -1.7980534
9.3445997 -1.1893545 -1.7980584
9.3911419 -0.7372067 -1.7980669
9.4062109 -0.51042539 -1.7980702
9.4199219 -0.056115415 -1.7980753
9.4185352 0.17116608 -1.7980772
9.4116602 0.39834777 -1.7980785
9.3993263 0.62527645 -1.7980791
9.3815041 0.85186279 -1.7980794
9.3294916 1.3034155 -1.7980781
3.0526659 0.8102783 -0.60286146
3.0557032 0.89052552 -0.6075291
8.8294239 3.2827513 -1.7980459
8.6607323 3.7047992 -1.798033
7.4604492 4.3197956 -1.6455203
7.3540134 4.4985008 -1.6455113
7.009326 5.0184655 -1.6454818
6.4929395 5.6703844 -1.6454366
6.2117481 5.9768929 -1.6454101
6.0659862 6.1252365 -1.6454703
5.489697 5.8176098 -1.5267885
5.235322 5.8233128 -1.4946907
4.9912791 5.828783 -1.4647506
4.696074 5.759696 -1.4184946
3.7051952 5.8657007 -1.3242853
3.5127246 5.8700109 -1.3057411
3.3254395 5.8742051 -1.2884468
3.1429687 5.8782907 -1.2723364
2.9648731 5.8822789 -1.2573459
2.790869 5.8861742 -1.2434212
2.620537 5.8899865 -1.2305084
2.4536231 5.8937216 -1.2185632
2.1288769 5.90099 -1.1974133
1.9705175 5.9045334 -1.188138
1.209414 5.921555 -1.153614
1.061875 5.9248533 -1.1489305
0.050253905 5.9474573 -1.1352648
-0.2371289 5.9538746 -1.1373508
-0.3813867 5.9570956 -1.1393927
-0.51862305 5.8740296 -1.125571
-0.80662107 5.8804564 -1.1329468
-0.95258784 5.8860435 -1.1381198
-1.1148046 5.9711337 -1.1594387
-1.5716894 5.9813266 -1.1804471
-1.8866699 5.9883494 -1.1984185
-2.2121582 5.995604 -1.2198279
-2.379492 5.9993358 -1.2319112
-2.7248437 6.007031 -1.2590455
-2.9034765 6.0110116 -1.274194
-3.0865917 6.0150914 -1.2904727
-3.2745605 6.0192771 -1.3079447
-3.4677832 6.0235825 -1.3266784
-3.666748 6.0280128 -1.3467497
-3.8719432 6.0325828 -1.3682481
-4.3033009 6.0421863 -1.4159139
-4.7668848 6.0525045 -1.4705621
-5.0126562 6.0579748 -1.5008473
-5.650703 6.5030103 -1.644417
-5.8055758 6.3643942 -1.6443144
-5.9570312 6.222086 -1.6442099
-6.1053805 6.0765295 -1.6442027
-6.2501464 5.927413 -1.6441871
-6.3912888 5.7748399 -1.6441721
-6.7920017 5.2973657 -1.6441286
-7.1571484 4.7921872 -1.6440884
-7.2706151 4.618083 -1.6440758
-7.4848142 4.2619224 -1.6440518
-7.636445 4.107553 -1.6551042
-8.4935446 4.0530992 -1.7963508
-8.5888081 3.8469818 -1.7963396
-8.6790524 3.6386254 -1.7963291
-8.8443651 3.2157214 -1.7963094
-8.9193354 3.0013897 -1.7963001
-8.9891014 2.7853215 -1.7962914
-9.1128998 2.3484619 -1.7962755
-9.1668653 2.1279082 -1.7962682
-9.2155275 1.9061217 -1.7962617
-9.2587891 1.6832311 -1.7962555
-9.3561811 1.0092236 -1.7962402
-9.3778028 0.78320128 -1.796236
-9.4046288 0.3299408 -1.7962297
-9.4098339 0.10294738 -1.7962272
-9.4095802 -0.12410065 -1.7962252
-9.4038181 -0.35107604 -1.7962239
-9.3926172 -0.57783109 -1.7962232
-9.375947 -0.80426818 -1.7962228
-9.3538179 -1.0302414 -1.7962229
-9.293252 -1.480227 -1.7962251
-9.2548437 -1.7040114 -1.7962271
-9.2110443 -1.9267987 -1.7962294
-9.1618948 -2.1484673 -1.7962325
-9.1074018 -2.3688834 -1.7962358
-9.047617 -2.5879035 -1.7962399
-8.9825783 -2.8054364 -1.7962443
-8.9123144 -3.0213397 -1.7962494
-8.8368654 -3.2354877 -1.796255
-8.5798244 -3.866133 -1.7962748
-8.3834181 -4.2755256 -1.7962908
-8.2778711 -4.4765606 -1.7962995
-8.1674995 -4.6749973 -1.7963085
-7.9325681 -5.0635929 -1.7963282
-7.8081541 -5.2535105 -1.7963389
-7.6791697 -5.4403925 -1.7963499
-7.545742 -5.6241169 -1.7963614
-7.4079099 -5.8045621 -1.7963736
-6.9688768 -6.3252306 -1.7964121
-6.4050388 -6.4034958 -1.7287741
-5.8366504 -6.4273963 -1.6572003
-5.6352539 -6.5145993 -1.6441416
-5.1493649 -6.9052496 -1.6441859
-4.636621 -7.2597895 -1.6442333
-4.2811131 -7.4751439 -1.6442664
-4.0995798 -7.5763354 -1.6442834
-3.9156444 -7.6731153 -1.6443007
-2.9639256 -8.089015 -1.6443906
-2.7679491 -8.1582603 -1.6444092
-2.5703321 -8.2227545 -1.644428
-2.3712401 -8.2824736 -1.6444471
-1.5621485 -8.472827 -1.6445249
-1.3573145 -8.5081501 -1.6445448
-0.94537109 -8.5639267 -1.6445848
-0.73849607 -8.5843468 -1.6446049
-0.32354492 -8.6101894 -1.6446455
0.092158198 -8.615983 -1.6446862
0.50767577 -8.6017246 -1.6447271
1.5392773 -8.4786358 -1.6448295
1.7433789 -8.4391403 -1.64485
2.1484766 -8.3454294 -1.6448905
2.548584 -8.232275 -1.6449308
3.3301561 -7.9487696 -1.64501
3.5210156 -7.8662009 -1.6450294
3.7097948 -7.7790599 -1.6450487
3.896455 -7.6873789 -1.6450678
4.0808105 -7.5912266 -1.6450868
4.2628322 -7.4906578 -1.6451056
4.4423633 -7.3857141 -1.645124
4.7935548 -7.1629863 -1.6451604
5.133574 -6.9235787 -1.6451958
5.2991896 -6.7977848 -1.6452132
5.4611521 -6.6673422 -1.6450627
6.8015528 -6.515039 -1.7977632
7.255127 -6.0062509 -1.7978121
7.3979883 -5.8295236 -1.7978276
7.5365233 -5.6493869 -1.7978429
7.8004003 -5.2793713 -1.7978718
7.9255662 -5.0896821 -1.7978857
8.161972 -4.7015271 -1.7979122
8.273056 -4.5032763 -1.7979249
8.3793259 -4.3024082 -1.7979369
8.4807806 -4.0990167 -1.7979487
8.6687202 -3.6852193 -1.7979707
3.0587499 -0.96450806 -0.61218262
3.0524023 -0.80286926 -0.60245103
3.0496874 -0.72396207 -0.5982936
9.2150192 -1.9539748 -1.7980392
9.3322849 -1.2824249 -1.7980565
9.3605175 -1.0569018 -1.798061
9.4006538 -0.60416746 -1.7980688
9.4151754 0.30450684 -1.7980781
9.4050684 0.53156799 -1.798079
9.3895407 0.75832093 -1.7980794
9.3685055 0.9846307 -1.7980791
9.3100882 1.4353802 -1.7980773
9.2299805 1.8828033 -1.7980733
3.054414 0.85721558 -0.6055432
3.0576367 0.93826538 -0.61049432
8.7820215 3.4074347 -1.7980423
8.697197 3.6183026 -1.7980357
7.603447 4.0629959 -1.645532
7.5031443 4.2452307 -1.6455238
7.3985348 4.4249797 -1.6455151
7.2895799 4.6021619 -1.6455059
7.0589938 4.9483709 -1.6454861
6.8119922 5.2830439 -1.6454648
6.6825194 5.4458141 -1.6454535
5.9787598 6.2106419 -1.6455046
4.5578809 5.7546921 -1.4012299
4.1504979 5.7940636 -1.3604175
3.9869823 5.8593869 -1.352778
3.5915821 5.8682432 -1.3132455
2.6904786 5.8884215 -1.2357227
2.5221777 5.8921885 -1.2233844
2.3571484 5.8958812 -1.2119873
2.195039 5.899509 -1.201494
1.8786719 5.9065881 -1.1830791
1.5711621 5.9134655 -1.1678979
1.420166 5.9168429 -1.1614571
1.2707324 5.9201841 -1.1557578
1.122666 5.9234948 -1.1507794
0.68489254 5.9332786 -1.1400392
-7.6692672 3.3820691 -1.7964261
-7.8233981 3.0081639 -1.7964077
-8.0203514 2.434469 -1.7963835
-8.1753225 1.8480371 -1.7963634
-8.2874804 1.251947 -1.7963471
-8.3778515 0.24547271 -1.7963297
-8.381299 0.043284912 -1.7963276
-8.373642 -0.36105284 -1.7963251
-8.2693167 -1.3661703 -1.7963268
-8.1938381 -1.7634686 -1.7963307
-8.0448732 -2.3514426 -1.7963403
-7.9858298 -2.5448465 -1.7963445
-7.9221191 -2.7367716 -1.7963492
-7.8538084 -2.9271071 -1.7963542
-7.6216502 -3.4874644 -1.7963722
-7.2502341 -4.2057433 -1.7964026
-7.0390038 -4.5506206 -1.7964205
-6.6915817 -5.0478439 -1.7964503
-6.5678906 -5.2078466 -1.7964611
-6.440371 -5.3648176 -1.7964723
-6.3091016 -5.5186706 -1.7964839
-6.1741796 -5.6693029 -1.7964958
-5.8936815 -5.9606128 -1.7965209
-5.7481151 -6.1011071 -1.7965339
-5.5993161 -6.2380557 -1.7965475
-5.447207 -6.3713784 -1.7965612
-5.2266111 -6.4207091 -1.7743891
-4.7453709 -6.4408073 -1.7146145
-4.2940917 -6.4590278 -1.6623241
-4.092031 -6.4895921 -1.6442933
-3.7744043 -6.6795521 -1.6443229
-3.1133204 -7.0124407 -1.644385
-2.9432421 -7.0855699 -1.6444011
-2.7714844 -7.1545858 -1.6444174
-2.5981054 -7.2194424 -1.6444339
-2.0692577 -7.388658 -1.6444844
-1.8904101 -7.4365072 -1.6445016
-1.7104688 -7.4800253 -1.6445189
-1.165078 -7.5843883 -1.6445715
-0.7978906 -7.631928 -1.6446072
-0.42882812 -7.6616974 -1.6446432
-0.24385741 -7.6698937 -1.6446612
0.86521482 -7.6253514 -1.6447706
1.0489453 -7.6023421 -1.6447887
1.5960644 -7.5068283 -1.6448435
1.7766992 -7.4662147 -1.6448616
1.956328 -7.4212608 -1.6448796
2.1348341 -7.3719821 -1.6448975
2.487998 -7.2605801 -1.6449331
2.8354003 -7.1322718 -1.6449684
3.0066698 -7.0618649 -1.6449858
3.1762011 -6.9873443 -1.645003
3.3438866 -6.9087567 -1.6450202
3.509619 -6.8261418 -1.6450372
3.6733105 -6.7395535 -1.645054
3.8347752 -6.6490335 -1.6450706
4.042666 -6.6341405 -1.6650385
4.2657714 -6.6345959 -1.6904954
4.4958396 -6.634902 -1.717719
4.7334666 -6.6350555 -1.7468226
5.3521776 -6.4578409 -1.7976213
5.5064549 -6.3268991 -1.7976376
5.6575389 -6.1922684 -1.7976537
5.9497557 -5.9122601 -1.7976846
6.2281151 -5.6184692 -1.7977145
6.3618946 -5.4666224 -1.797729
6.6182909 -5.1534653 -1.7977568
6.7407517 -4.9923353 -1.7977701
6.9737988 -4.6614442 -1.797796
7.0843067 -4.4918613 -1.7978082
7.5736132 -3.6067576 -1.7978638
7.6584764 -3.4230096 -1.7978739
7.7388668 -3.2372582 -1.7978833
3.1151953 -0.96256286 -0.69880545
8.2885447 -1.2943957 -1.7979537
8.3173733 -1.0940491 -1.7979584
8.38416 -0.28748778 -1.7979717
8.3882904 0.11727142 -1.7979755
8.3578615 0.72360778 -1.7979777
8.3379784 0.92503357 -1.7979776
8.3132124 1.1259259 -1.7979769
8.2836227 1.3261529 -1.7979755
8.2492085 1.5256146 -1.7979739
8.2100096 1.7241815 -1.7979717
3.1053808 0.73080748 -0.68373626
3.1158397 0.97584897 -0.69978172
7.5599999 3.6358654 -1.7979242
7.3710351 3.7665837 -1.7740852
6.9905467 3.787564 -1.7040119
6.5659375 3.9787035 -1.6454295
6.151865 4.5927849 -1.645394
5.9231052 4.8841314 -1.6453741
5.8034959 5.0255785 -1.6453636
5.424736 5.432013 -1.6453297
5.2920799 5.5612669 -1.6453178
5.1563377 5.687284 -1.6453056
5.0175877 5.8099804 -1.6452929
4.8757911 5.9291525 -1.6452402
4.7314649 6.045217 -1.6452841
4.5843458 6.1577597 -1.6453258
4.4345899 6.2667136 -1.6453652
3.1742871 5.8774877 -1.431644
2.9954686 5.8814926 -1.4146
2.8207715 5.8854051 -1.3987609
2.4823534 5.8929834 -1.3704727
2.3180468 5.8966613 -1.3579228
1.6871485 5.9107785 -1.3174016
1.5348241 5.9141855 -1.3095239
1.3842285 5.9175534 -1.3024932
0.79514647 5.9307261 -1.2824533
0.65027344 5.9339633 -1.2793878
0.36217773 5.9404001 -1.2755177
-0.35628906 5.9564452 -1.2788728
-0.63714844 5.8765845 -1.2668579
-0.78143555 5.8798056 -1.271248
-0.9268164 5.883049 -1.2764134
-1.0738868 5.8886585 -1.282879
-1.3909374 5.9772019 -1.3152695
-1.5447363 5.9806309 -1.3238418
-2.0197167 5.9912195 -1.3550451
-2.1833692 5.9948668 -1.3673893
-2.6941893 6.0062485 -1.4108407
-3.0543945 6.0142722 -1.4456892
-3.6316795 6.0271239 -1.5081193
-4.1176658 6.4749537 -1.64457
-4.2724609 6.3734164 -1.6444901
-4.5744724 6.1592941 -1.6443248
-4.7217674 6.0471921 -1.6443384
-5.0079002 5.812274 -1.6443083
-5.1466017 5.6897216 -1.6442937
-5.2823143 5.5638461 -1.6442791
-5.4149704 5.4347472 -1.6442651
-5.5444727 5.3024821 -1.6442512
-6.0294137 4.743382 -1.6441988
-6.1420703 4.5965014 -1.6441864
-6.3565431 4.2948194 -1.6441629
-6.4582615 4.1401877 -1.6441516
-7.0866404 4.0746465 -1.7519894
-7.7163672 3.2731304 -1.7964206
-7.8651853 2.897085 -1.7964027
-7.932744 2.7064726 -1.7963945
-7.9957027 2.5142999 -1.7963867
-8.2006445 1.7320971 -1.7963598
-8.2745991 1.3345001 -1.7963492
-8.3043652 1.1344745 -1.7963445
-8.3293066 0.93379211 -1.7963405
-8.3646193 0.53092712 -1.7963334
-8.353672 -0.68131471 -1.7963243
-8.334795 -0.88266021 -1.7963244
-8.3110933 -1.0834793 -1.7963251
-8.2109957 -1.6817117 -1.7963297
-8.168047 -1.8793079 -1.7963322
-8.0679197 -2.2711289 -1.7963388
-8.0108004 -2.4651198 -1.7963427
-7.8825974 -2.8486736 -1.796352
-7.7360644 -3.2256048 -1.7963632
-7.6560254 -3.4113195 -1.7963694
-7.5715036 -3.5950422 -1.7963763
-7.4826074 -3.7766802 -1.7963835
-7.1899805 -4.3079882 -1.7964076
-7.0839844 -4.4802208 -1.7964166
-6.973877 -4.6498404 -1.7964259
-6.4934959 -5.3003459 -1.7964675
-6.2303414 -5.6074662 -1.7964909
-5.6611915 -6.1819119 -1.7965418
-5.5104489 -6.3167467 -1.7965554
-5.3302245 -6.4162974 -1.7877656
-5.0819921 -6.4268174 -1.7560147
-4.8421679 -6.4368186 -1.7263162
-4.6100779 -6.4463367 -1.6985372
-4.385088 -6.4554057 -1.6725572
-3.9997656 -6.5469174 -1.6443019
-3.8408008 -6.6415687 -1.6443167
-3.5160155 -6.8192334 -1.6443472
-3.3505077 -6.9021387 -1.6443628
-3.183037 -6.9810247 -1.6443784
-3.0137303 -7.0558524 -1.6443945
-2.4956348 -7.2555509 -1.6444436
-2.3198829 -7.3137217 -1.6444604
-2.1427832 -7.3676324 -1.6444774
-1.7849413 -7.4625769 -1.6445117
-1.0575488 -7.6001744 -1.6445819
-0.87392575 -7.6235557 -1.6445997
-0.50516599 -7.6570044 -1.6446357
-0.13525391 -7.6726217 -1.6446719
0.049902342 -7.6737437 -1.64469
0.23501952 -7.6703868 -1.6447084
0.42001951 -7.6625738 -1.6447265
0.60476559 -7.6502905 -1.6447449
0.78914058 -7.6335592 -1.6447631
0.97311521 -7.6123877 -1.6447814
1.882246 -7.4403577 -1.6448721
2.4154882 -7.2849874 -1.6449258
2.5905762 -7.2246733 -1.6449435
2.7641602 -7.1601501 -1.644961
2.9361033 -7.0914512 -1.6449786
3.2748339 -6.9417133 -1.6450131
5.5955176 -6.2483287 -1.797647
6.4387207 -5.3760242 -1.7977372
6.8107715 -4.8964086 -1.797778
7.0391698 -4.5622373 -1.7978032
7.1472168 -4.3911185 -1.7978152
7.251123 -4.2174373 -1.797827
7.4462109 -3.8628049 -1.7978491
7.5372653 -3.682059 -1.7978597
7.7839646 -3.1273739 -1.7978886
3.121201 -1.0822867 -0.708022
3.1168847 -0.9972195 -0.7013762
8.1991205 -1.7745004 -1.797941
8.2752247 -1.3769467 -1.7979518
8.3532028 -0.77487546 -1.7979646
8.369482 -0.57313353 -1.7979678
8.3874121 -0.16875061 -1.7979732
8.3857908 0.23602965 -1.7979764
8.377656 0.4382782 -1.7979772
8.3240328 1.0430065 -1.7979771
8.2964354 1.2435193 -1.7979761
8.2640333 1.4433154 -1.7979747
3.1071777 0.77782041 -0.68648696
7.7588377 3.1898139 -1.7979399
7.5077538 3.7425358 -1.79792
6.7807422 3.7990508 -1.6658146
6.6053219 3.9130664 -1.6454328
6.3049216 4.3804455 -1.6454072
6.1973729 4.5312519 -1.6453979
6.0861912 4.6794205 -1.6453882
5.8533201 4.9674926 -1.6453679
5.7317381 5.107224 -1.6453571
5.4786329 5.3776846 -1.6453346
5.2127638 5.6356225 -1.6453106
4.9347949 5.8804197 -1.6452855
4.7914352 5.9976892 -1.6452662
4.6454587 6.1116929 -1.6453089
4.165195 5.7633839 -1.5240301
4.0223827 5.8584876 -1.5230637
3.6249609 5.8673925 -1.4781442
3.4346678 5.871655 -1.4579124
3.2494335 5.8758044 -1.4390528
2.8924706 5.883801 -1.405163
2.5511425 5.8914428 -1.3759607
2.3855567 5.8951502 -1.3629833
2.2229784 5.8987889 -1.3510282
2.0631151 5.9023657 -1.3400555
1.9057617 5.9058871 -1.3300256
1.7506347 5.909359 -1.3209081
1.5975391 5.9127841 -1.312675
1.1483008 5.9228296 -1.2930245
0.85520506 5.9293823 -1.2839422
0.5655371 5.9358554 -1.2779408
0.1344336 5.945487 -1.2745692
-0.44114256 5.9583383 -1.2804931
-0.72170895 5.8784728 -1.2693412
-0.8666113 5.8817053 -1.2741834
-1.3279687 5.9757972 -1.311983
-1.480957 5.9792089 -1.3201939
-1.6359668 5.9826646 -1.3292865
-1.7932031 5.9861717 -1.3392901
-1.9529589 5.9897313 -1.3502393
-2.1154003 5.9933534 -1.3621653
-2.2808495 5.9970398 -1.3751146
-2.44958 6.0007997 -1.3891259
-2.621875 6.0046387 -1.4042532
-2.7980762 6.008563 -1.4205494
-2.9785254 6.0125818 -1.4380745
-3.1635938 6.0167027 -1.4568963
-3.353662 6.020936 -1.4770876
-3.7506738 6.0297742 -1.5219182
-4.3621583 6.3121042 -1.6444424
-4.6612792 6.0939808 -1.6443448
-4.8069043 5.9796948 -1.6443293
-4.9497361 5.8619275 -1.6443144
-5.0896583 5.7407532 -1.6442996
-5.2266212 5.6162424 -1.6442851
-5.3605466 5.4884706 -1.6442709
-5.9818454 4.8032584 -1.6442039
-6.3134274 4.3579788 -1.6441675
-6.5710154 4.0823636 -1.657976
-6.9294434 4.076694 -1.7230854
-7.3191891 4.0715599 -1.795051
-7.4211035 3.8968456 -1.7964549
-7.6003513 3.5342963 -1.7964342
-7.6833692 3.3498876 -1.7964244
-7.8359275 2.9753351 -1.7964063
-7.9702635 2.5938764 -1.7963899
-8.1368847 2.0106483 -1.7963685
-8.1829882 1.8137542 -1.7963623
-8.2243261 1.6157959 -1.7963564
-8.3195896 1.0167675 -1.7963421
-8.3712988 0.41243955 -1.7963319
-8.3787889 0.21034667 -1.7963293
-8.3814154 0.0081497189 -1.7963274
-8.3720407 -0.39614716 -1.7963248
-8.2949219 -1.2010528 -1.7963257
-8.2635155 -1.4008203 -1.796327
-8.227334 -1.5997818 -1.7963289
-8.186367 -1.7978033 -1.7963312
-8.0901365 -2.1905987 -1.7963372
-7.9105859 -2.7699628 -1.7963499
-7.8414745 -2.9600101 -1.7963551
-7.7677927 -3.1483338 -1.7963607
-7.6896191 -3.3348315 -1.7963668
-7.6069627 -3.5193875 -1.7963734
-7.4283886 -3.8822577 -1.7963879
-7.3325973 -4.0603671 -1.7963957
-7.1282907 -4.4093771 -1.7964128
-7.0198727 -4.5800853 -1.7964221
-6.7908301 -4.9134264 -1.7964418
-6.6703711 -5.0758572 -1.7964522
-6.4178123 -5.3917742 -1.7964742
-6.2859178 -5.5450745 -1.7964859
-6.1503611 -5.6951427 -1.7964979
-6.0112109 -5.8419113 -1.7965105
-5.8685546 -5.9852676 -1.7965231
-5.7225289 -6.1251626 -1.7965363
-5.5731053 -6.2614837 -1.7965498
-5.4204783 -6.394165 -1.7965636
-5.1834764 -6.4225364 -1.7688742
-4.4772167 -6.4517112 -1.6830804
-4.2561426 -6.4605303 -1.6581041
-3.9068944 -6.6029291 -1.6443106
-3.7463768 -6.6953201 -1.6443255
-2.567832 -7.2302842 -1.6444367
-2.3926561 -7.2902069 -1.6444534
-2.0382617 -7.3972826 -1.6444874
-1.8592187 -7.4443817 -1.6445045
-1.6791015 -7.4871483 -1.644522
-1.4979882 -7.5255594 -1.6445394
-1.1332519 -7.5892172 -1.6445745
-0.58146483 -7.6515532 -1.6446283
-0.39669922 -7.6634336 -1.6446463
-0.21171874 -7.6708665 -1.6446644
0.15855469 -7.6723142 -1.6447009
0.34360352 -7.6663394 -1.644719
0.52847654 -7.6559057 -1.6447372
1.080791 -7.5978918 -1.644792
1.2637988 -7.5696898 -1.6448103
1.4460839 -7.5370812 -1.6448284
1.6275097 -7.5000768 -1.6448466
1.8079883 -7.4587183 -1.6448646
2.1657324 -7.3629851 -1.6449007
2.3427343 -7.3086658 -1.6449184
2.6926172 -7.1873088 -1.6449538
3.3728223 -6.8946896 -1.6450231
3.7015624 -6.7241087 -1.6450568
3.8631542 -6.633657 -1.6452575
4.0809665 -6.6342301 -1.6693389
4.3052344 -6.6346598 -1.6950961
4.536572 -6.6349401 -1.7226372
4.7755857 -6.6350651 -1.7520803
5.0229001 -6.6350269 -1.78356
5.2223339 -6.5632129 -1.7976077
5.5329394 -6.3037729 -1.7976403
5.6834764 -6.1685038 -1.7976564
5.8306737 -6.0296464 -1.7976719
5.9744821 -5.8872862 -1.7976873
6.1148629 -5.7414799 -1.7977023
6.2516308 -5.5923223 -1.7977171
6.7616892 -4.9640355 -1.7977725
6.8794823 -4.7994952 -1.7977854
6.9933105 -4.6321788 -1.7977982
7.2086911 -4.2894983 -1.7978222
7.5886717 -3.574985 -1.7978655
7.6727538 -3.3908782 -1.7978753
7.8980269 -2.8271527 -1.7979023
3.1186328 -1.0321587 -0.70404822
3.1145215 -0.94806701 -0.69775397
3.1108007 -0.865502 -0.69203871
8.1810055 -1.8561437 -1.7979383
8.2938862 -1.2596459 -1.7979546
8.3218946 -1.0591867 -1.7979591
8.3633394 -0.6565237 -1.7979666
8.3816214 0.35475037 -1.797977
8.370615 0.55684507 -1.7979776
8.3084278 1.1607629 -1.7979766
8.2027044 1.7585803 -1.7979712
3.1090918 0.8252539 -0.68942338
3.1165526 0.99043274 -0.70086604
3.1208496 1.0753613 -0.70746326
7.8630857 2.9234807 -1.797948
7.7902732 3.1123052 -1.7979423
7.7128806 3.2993371 -1.7979363
7.6310153 3.4844463 -1.79793
7.3027244 3.7703636 -1.761431
6.9274707 3.7910247 -1.6924924
6.3482909 4.3173823 -1.645411
6.1325684 4.6185322 -1.6453924
5.5319724 5.3228283 -1.6453394
5.2687206 5.5833859 -1.6453156
4.8509278 5.9495702 -1.6452479
4.1075778 5.8565784 -1.5331368
3.9032714 5.8611546 -1.5092371
3.7051365 5.8655953 -1.4869229
3.512666 5.8699083 -1.4661016
3.3253906 5.874104 -1.4466833
2.9648242 5.8821788 -1.4117635
2.453584 5.8936267 -1.3682188
2.2897949 5.8972921 -1.3558469
1.9704784 5.9044394 -1.3340566
1.6605566 5.9113717 -1.315971
1.3582324 5.9181347 -1.3013579
0.76992184 5.9312887 -1.2818661
0.33722657 5.9409571 -1.2753224
-0.3813867 5.9570055 -1.2793266
-0.66213864 5.8771448 -1.267566
-1.1147949 5.9710422 -1.3018335
-1.2653027 5.9744005 -1.3088422
-1.4175097 5.9777942 -1.3166958
-1.5716602 5.9812317 -1.3254211
-1.8866405 5.9882531 -1.3455991
-2.04792 5.991848 -1.3571161
-2.9034374 6.0109091 -1.4306802
-3.4677246 6.0234752 -1.4896089
-3.6666698 6.027904 -1.5121454
-4.2991114 6.3553991 -1.6444762
-4.8910642 5.9109983 -1.6443205
-5.032197 5.791224 -1.6443057
-5.1704001 5.6680832 -1.644291
-5.3056054 5.5416551 -1.6442767
-5.8147168 5.0044312 -1.644222
-6.0492477 4.7180634 -1.6441966
-6.4755368 4.1130743 -1.6441495
-6.7772751 4.0786467 -1.6952727
-7.5647655 3.6098876 -1.7964382
-7.6496091 3.4263091 -1.7964283
-7.8772459 2.8640845 -1.7964014
-8.0061617 2.4807489 -1.7963853
-8.0636721 2.2868798 -1.796378
-8.1164455 2.0916619 -1.7963711
-8.2078419 1.6976964 -1.7963589
-8.2463865 1.4991772 -1.7963535
-8.2801266 1.2998004 -1.7963483
-8.3090525 1.0996532 -1.7963438
-8.3331251 0.89886898 -1.7963396
-8.3523827 0.69756222 -1.7963362
-8.3667574 0.49586609 -1.796333
-8.3762693 0.29386047 -1.7963303
-8.380908 0.091689758 -1.7963281
-8.3806829 -0.1105307 -1.7963264
-8.3656054 -0.51464844 -1.7963244
-8.3064747 -1.1183167 -1.7963252
-8.2770796 -1.3183731 -1.7963264
-8.2428808 -1.5176865 -1.7963279
-8.1115627 -2.1098578 -1.7963358
-8.05832 -2.3049266 -1.7963394
-7.9377928 -2.6909726 -1.796348
-7.8705759 -2.8816988 -1.796353
-7.6416502 -3.4433825 -1.7963706
-7.372695 -3.9870596 -1.7963924
-7.274404 -4.1637897 -1.7964005
-7.0651364 -4.5098891 -1.7964181
-6.9543262 -4.6790366 -1.7964276
-6.5978317 -5.1698217 -1.7964584
-6.2068162 -5.633543 -1.7964929
-6.0691113 -5.7816892 -1.7965052
-5.9279881 -5.9264688 -1.7965177
-5.6352243 -6.2056003 -1.7965442
-4.5704784 -6.4479442 -1.693898
-4.3466797 -6.4569378 -1.6682172
-3.9724121 -6.5636282 -1.6443045
-3.8129101 -6.6576209 -1.6443193
-3.6512108 -6.7477307 -1.6443343
-3.4873924 -6.83392 -1.6443498
-3.1537499 -6.9943185 -1.6443812
-2.9841211 -7.0684409 -1.6443973
-2.6397655 -7.2042942 -1.6444299
-2.4651854 -7.2659588 -1.6444465
-2.2892089 -7.3233933 -1.6444633
-2.1118944 -7.3765683 -1.6444802
-1.9333203 -7.4254456 -1.6444975
-1.7536426 -7.4700055 -1.6445147
-1.5729296 -7.5102172 -1.6445321
-1.3912792 -7.5460625 -1.6445497
-0.84196287 -7.6271653 -1.6446029
-0.65771484 -7.6453428 -1.6446208
-0.2881543 -7.668335 -1.6446569
0.082070313 -7.6734786 -1.6446933
0.63682616 -7.6477065 -1.6447479
1.1882714 -7.5818772 -1.6448027
1.7335546 -7.4763327 -1.6448572
2.2697558 -7.3316293 -1.6449112
2.4460058 -7.2748122 -1.6449288
2.6208398 -7.2137628 -1.6449466
3.3039062 -6.9279375 -1.6450162
3.4701269 -6.8462839 -1.6450331
3.6343358 -6.7606382 -1.64505
3.9902148 -6.6340103 -1.6591926
4.2117577 -6.6344995 -1.6842458
4.9196777 -6.6350632 -1.7702982
5.3147755 -6.4886332 -1.7976174
5.4698243 -6.3585773 -1.7976338
5.6216698 -6.2248349 -1.7976499
5.7702732 -6.0874472 -1.7976655
6.1955662 -5.6543455 -1.797711
6.4611816 -5.348989 -1.7977396
6.588408 -5.1915927 -1.7977536
6.7117968 -5.031168 -1.797767
6.9467578 -4.7016325 -1.7977929
7.0582128 -4.5327005 -1.7978053
7.3676853 -4.0104532 -1.7978402
7.4623437 -3.8315599 -1.797851
7.6385641 -3.4671876 -1.7978714
7.7969918 -3.0947204 -1.7978902
3.1087792 -0.81769896 -0.68894517
3.1056249 -0.73723996 -0.68410325
8.2461128 -1.5416332 -1.7979475
8.2809277 -1.3422472 -1.7979525
8.3109369 -1.142073 -1.7979573
8.3360739 -0.94123137 -1.7979614
8.3563862 -0.73986232 -1.7979652
8.3718061 -0.53804505 -1.7979684
8.3880367 -0.13358153 -1.7979734
8.3847265 0.27118072 -1.7979765
8.3757515 0.47339049 -1.7979774
8.3619041 0.67532712 -1.7979777
8.3431635 0.8768695 -1.7979776
8.2579002 1.477945 -1.7979743
8.2198143 1.6767431 -1.7979723
8.1769629 1.8745446 -1.7979698
3.1077342 0.79181641 -0.6873371
3.1148925 0.95583129 -0.69831502
3.1190233 1.0400659 -0.70466501
7.5808692 3.592133 -1.7979258
7.4667869 3.7612767 -1.7918708
7.0789161 3.7827098 -1.7201942
6.7260351 3.8055534 -1.656284
6.491816 4.098506 -1.6454233
6.1782908 4.5571923 -1.6453964
6.0665331 4.7048826 -1.6453866
5.951211 4.8498454 -1.6453766
5.7102733 5.1312022 -1.6453552
5.5847754 5.2674346 -1.645344
5.4560251 5.4005933 -1.6453326
5.324121 5.5306177 -1.6453207
5.0510545 5.7809191 -1.645296
3.9869041 5.859282 -1.5189133
3.0379002 5.8805432 -1.4185685
2.8622265 5.8844776 -1.4024462
2.6904297 5.8883238 -1.3874842
2.5221484 5.8920922 -1.3736312
2.3571093 5.8957849 -1.3608356
2.1950097 5.899415 -1.349054
1.7239062 5.909956 -1.3194158
1.5711426 5.9133725 -1.3113315
1.2707129 5.9200926 -1.2977008
0.97580075 5.9266858 -1.2873162
0.82994139 5.9299459 -1.2833004
0.68488282 5.9331884 -1.2800522
0.54048824 5.9364147 -1.277562
-6.9066992 3.0457823 -1.7964981
-6.9781346 2.8782587 -1.7964897
-7.0454979 2.7090583 -1.7964816
-7.108789 2.5382812 -1.796474
-7.2228904 2.1924078 -1.7964598
-7.3624606 1.664292 -1.7964416
-7.4634666 1.1274682 -1.7964271
-7.4884763 0.94707882 -1.7964232
-7.537334 0.40302795 -1.7964137
-7.5467186 -0.14312683 -1.7964081
-7.5165915 -0.6885336 -1.7964064
-7.4746385 -1.050311 -1.7964075
-7.4471188 -1.2303342 -1.7964087
-7.4152927 -1.4096438 -1.7964102
-7.3791308 -1.5881299 -1.7964123
-7.2939453 -1.9422305 -1.7964177
-7.2449899 -2.1176414 -1.7964208
-7.1344433 -2.4646595 -1.7964288
-7.0072851 -2.805948 -1.7964385
-6.9375682 -2.974191 -1.7964437
-6.7043748 -3.4681711 -1.7964625
-6.6187692 -3.6289217 -1.7964696
-6.529326 -3.7875633 -1.796477
-6.3390818 -4.0981431 -1.7964931
-5.9148145 -4.6900077 -1.7965297
-5.5602245 -5.1055737 -1.7965609
-5.3075485 -5.3679013 -1.7965835
-5.0425 -5.6177549 -1.7966075
-4.7657323 -5.8545337 -1.7966326
-4.4778419 -6.0776873 -1.7966589
-4.3299413 -6.1839976 -1.7966726
-3.8514061 -6.4475002 -1.787402
-3.0650682 -6.477706 -1.7055389
-2.6962597 -6.490932 -1.6727886
-2.5168066 -6.4971347 -1.6582513
-1.8634472 -6.6538239 -1.6445109
-1.5403613 -6.736095 -1.6445419
-1.3774121 -6.7713599 -1.6445576
-0.5525195 -6.8882499 -1.6446376
-0.3861621 -6.8996372 -1.6446539
-0.2195996 -6.9070187 -1.6446702
-0.052900389 -6.9103751 -1.6446866
0.11382812 -6.9097099 -1.6447029
0.28049803 -6.9050174 -1.6447194
0.44701171 -6.8963132 -1.6447357
0.61327147 -6.8835893 -1.6447521
0.77915037 -6.8668575 -1.6447686
1.109502 -6.8214183 -1.6448015
1.2737499 -6.7927332 -1.6448178
1.4372754 -6.7600889 -1.6448343
1.9224805 -6.6386447 -1.6448829
2.0838671 -6.5960131 -1.6463017
2.4406445 -6.5988302 -1.674472
3.1958106 -6.602838 -1.7458346
3.3951561 -6.6034827 -1.7671554
3.7733691 -6.5423474 -1.7974654
4.2367187 -6.2524948 -1.7975135
4.6779394 -5.9298768 -1.7975596
4.8196678 -5.8153348 -1.7975744
5.4846973 -5.1932483 -1.7976451
5.6084766 -5.0594511 -1.7976583
5.7288866 -4.9227128 -1.7976714
5.846045 -4.7830992 -1.7976842
5.9597754 -4.6406999 -1.7976965
6.0700488 -4.4955983 -1.7977085
6.1767869 -4.3478751 -1.7977203
6.2799215 -4.1976237 -1.7977318
6.4751759 -3.8898613 -1.7977536
6.7396383 -3.4114373 -1.7977836
6.8200192 -3.2478673 -1.7977929
3.1708984 -0.89656281 -0.78424752
3.1633983 -0.73168331 -0.77275419
7.3987985 -1.524255 -1.7978643
7.4334569 -1.3453143 -1.7978693
7.5113277 -0.80421019 -1.7978816
7.5414062 -0.44095275 -1.7978877
7.553916 -0.076662898 -1.797892
7.5397067 0.46984068 -1.7978952
7.5261621 0.65160215 -1.7978954
7.5082517 0.83298337 -1.7978953
7.4593358 1.1941869 -1.7978935
7.4283395 1.3738018 -1.797892
3.1760058 0.99469113 -0.79208034
3.1808984 1.0811541 -0.79957235
6.9577732 2.9418957 -1.7978592
6.8847656 3.108886 -1.7978534
6.6418262 3.5986192 -1.7978337
5.6379395 4.0009594 -1.6453385
5.4383302 4.2682114 -1.6453211
5.3337302 4.3981471 -1.645312
5.1153126 4.6502519 -1.6452928
4.8849802 4.8915262 -1.6452721
4.643281 5.1214023 -1.6452503
4.3907714 5.3393445 -1.6452274
4.260654 5.4436789 -1.6452155
3.9930565 5.6427732 -1.645191
3.4305565 6.0010338 -1.6451198
3.2848339 6.0821447 -1.6451455
3.1371973 6.1597128 -1.6451691
2.836494 6.3040271 -1.6452105
2.4823143 5.8928866 -1.5218251
1.8413769 5.9072337 -1.4726077
1.6871289 5.9106846 -1.4628922
1.5348047 5.914093 -1.4541453
1.235127 5.9207959 -1.4394498
0.94077146 5.9273777 -1.4283394
0.50600582 5.9370956 -1.4181166
0.3621875 5.9403086 -1.4163835
0.075166017 5.9467196 -1.4153973
-0.068369143 5.9499254 -1.4161398
-0.21210937 5.9531345 -1.4177099
-0.92679685 5.8829575 -1.417377
-1.5447167 5.980536 -1.4700437
-2.1833301 5.9947691 -1.5184
-2.5208983 6.4344044 -1.6446943
-2.8281641 6.304934 -1.6445947
-2.9793651 6.234664 -1.6445413
-3.1287889 6.1607666 -1.6444861
-3.2764158 6.0832467 -1.6444219
-3.9846387 5.64469 -1.6444073
-4.2522168 5.4458227 -1.6443794
-4.5098729 5.2342734 -1.6443522
-4.6348047 5.1239133 -1.644339
-4.757031 5.0105596 -1.644326
-4.9931149 4.7751956 -1.6443008
-5.1068163 4.6533098 -1.6442885
-5.325254 4.4014935 -1.6442651
-5.429873 4.2717056 -1.6442536
-5.7090526 4.0613408 -1.6674606
-6.0045018 4.0569577 -1.7246524
-6.7178221 3.4425702 -1.79652
-6.7988963 3.2794781 -1.7965107
-7.0831442 2.609024 -1.796477
-7.2006836 2.264303 -1.7964627
-7.2531934 2.0899115 -1.796456
-7.3455272 1.737597 -1.7964439
-7.3852735 1.5598761 -1.7964385
-7.519238 0.65973753 -1.7964177
-7.5329394 0.47813597 -1.7964147
-7.5477829 -0.06789612 -1.7964087
-7.5230956 -0.61357296 -1.7964064
-7.4289646 -1.3356558 -1.7964096
-7.3945899 -1.5145029 -1.7964114
-7.3129492 -1.8694302 -1.7964163
-6.9668651 -2.904887 -1.7964414
-6.8947654 -3.0721321 -1.7964472
-6.6545997 -3.5627532 -1.7964666
-6.2804489 -4.1874962 -1.7964981
-5.9612598 -4.6308055 -1.7965255
-5.487412 -5.1838117 -1.7965673
-5.0982423 -5.5671935 -1.7966025
-4.9624705 -5.6886129 -1.7966146
-4.8238378 -5.8067188 -1.7966273
-4.682373 -5.9214463 -1.7966403
-4.3913574 -6.1405039 -1.796667
-4.2419724 -6.2447081 -1.7966807
-4.090117 -6.345283 -1.7966948
-3.9358788 -6.4421582 -1.7967091
-3.5307031 -6.460134 -1.7521273
-2.4128809 -6.5006547 -1.6502644
-2.08917 -6.5863495 -1.6444893
-1.9296875 -6.6348929 -1.6445045
-1.6074121 -6.7203794 -1.6445355
-1.4448534 -6.7572651 -1.644551
-1.2813965 -6.7902207 -1.6445669
-0.9523828 -6.8442602 -1.6445986
-0.62115234 -6.8823709 -1.6446309
-0.45494139 -6.8954172 -1.6446471
-0.12177734 -6.9094782 -1.6446798
0.21164063 -6.9074488 -1.6447124
0.37824216 -6.9003949 -1.644729
1.041455 -6.8321109 -1.6447947
1.2059863 -6.8050652 -1.644811
1.3698144 -6.7740526 -1.6448274
1.6950293 -6.7002316 -1.64486
1.8561914 -6.6574459 -1.6448762
2.1873436 -6.5968943 -1.6540865
2.7329102 -6.600687 -1.7002604
3.1148241 -6.602529 -1.7374574
3.5143945 -6.6037889 -1.7803769
3.8655956 -6.4883013 -1.7974751
4.0210547 -6.3932042 -1.7974911
4.3248534 -6.1919127 -1.7975227
4.4730272 -6.085825 -1.7975382
4.7614551 -5.8630676 -1.7975683
4.9015427 -5.7465396 -1.7975831
5.1731248 -5.5035048 -1.7976118
5.7980566 -4.8411174 -1.7976789
5.9132028 -4.6998549 -1.7976915
6.1331348 -4.409215 -1.7977154
6.2377343 -4.2599955 -1.797727
6.4360547 -3.9541943 -1.7977492
6.6193848 -3.6391745 -1.7977699
6.7052732 -3.4784386 -1.7977797
6.8653612 -3.1509817 -1.7977982
6.939404 -2.9844463 -1.7978069
7.0753613 -2.6462669 -1.7978232
3.168535 -0.84763026 -0.7806142
3.1648145 -0.76532471 -0.77492553
7.3832421 -1.5979229 -1.7978622
7.4196582 -1.4193356 -1.7978674
7.4517674 -1.2399282 -1.7978719
7.4795408 -1.0597879 -1.7978762
7.5029492 -0.87904018 -1.7978801
7.5469041 -0.3341223 -1.7978891
7.5527735 -0.15195709 -1.7978911
7.5542383 0.030307312 -1.7978929
7.5513182 0.21254303 -1.7978942
7.5322948 0.57655579 -1.7978954
7.4957128 0.9392181 -1.7978948
7.4708786 1.119776 -1.797894
7.4416504 1.2996936 -1.7978927
7.3703122 1.6571386 -1.7978888
3.1698632 0.875296 -0.7826457
3.1741211 0.95946711 -0.78918523
7.0540524 2.7030108 -1.7978666
6.9867673 2.8724022 -1.7978615
6.8400292 3.2060564 -1.7978499
6.7606835 3.3701282 -1.7978435
6.6773729 3.532243 -1.7978365
6.5902047 3.6922936 -1.7978294
6.3943357 3.7880926 -1.7688241
5.6774802 3.9445739 -1.6453419
5.4805861 4.2138038 -1.6453248
5.2708788 4.4732175 -1.6453065
5.1614356 4.5990467 -1.6452967
5.0489454 4.7222028 -1.6452868
4.9335055 4.8426032 -1.6452764
4.8152246 4.9601851 -1.6452659
4.6941113 5.0748811 -1.645255
4.5702734 5.1866179 -1.6452438
4.1831346 5.5034375 -1.6452084
4.0491014 5.6027098 -1.6451961
3.7740917 5.7914147 -1.6451707
3.4901953 5.9664989 -1.6451086
2.3855176 5.8950534 -1.5135089
1.9057226 5.9057946 -1.4769114
1.7506152 5.909265 -1.4667877
1.2965429 5.9194212 -1.4421862
1.1482812 5.9227381 -1.4358243
0.85519528 5.9292908 -1.4257388
0.42154297 5.938982 -1.4169989
0.2779004 5.9421921 -1.4157522
0.13442382 5.9453964 -1.4153311
-0.44114256 5.9582481 -1.4219087
-0.72169918 5.8783813 -1.4095248
-1.013086 5.8872118 -1.421715
-1.6359375 5.9825706 -1.4760903
-2.115371 5.9932542 -1.512601
-2.6117089 6.3979564 -1.6446656
-3.2156541 6.1157079 -1.6444486
-3.3622851 6.0364294 -1.6444716
-3.9282031 5.6841455 -1.6444132
-4.328867 5.3850355 -1.6443713
-4.5835156 5.1698699 -1.6443444
-4.7068849 5.0577445 -1.6443313
-4.8274903 4.9426837 -1.6443185
-4.9452734 4.8247404 -1.6443059
-5.2811522 4.4543676 -1.6442698
-5.4897852 4.1943827 -1.6442471
-6.1874313 4.0541582 -1.7605336
-6.6831837 3.5093663 -1.796524
-6.9901266 2.8489783 -1.7964883
-7.1193652 2.5084558 -1.7964728
-7.1777635 2.3359661 -1.7964654
-7.2320018 2.1621075 -1.7964587
-7.3693457 1.6334137 -1.7964407
-7.4065914 1.4551398 -1.7964355
-7.4395409 1.2760315 -1.7964308
-7.5278125 0.55319762 -1.7964158
-7.5389547 0.37142822 -1.7964132
-7.5480762 0.0073391721 -1.7964092
-7.5460544 -0.17476501 -1.7964079
-7.4940915 -0.90109921 -1.7964069
-7.4701757 -1.0816375 -1.7964076
-7.4093065 -1.4407181 -1.7964104
-7.2360449 -2.1479955 -1.7964215
-7.1821289 -2.3219461 -1.7964253
-7.124043 -2.4945462 -1.7964295
-7.0618067 -2.6657007 -1.7964343
-6.9954586 -2.8352993 -1.7964393
-6.9250388 -3.0032549 -1.7964448
-6.7721481 -3.3338213 -1.7964571
-6.689785 -3.4962451 -1.7964637
-6.5133982 -3.8148956 -1.7964783
-6.4194922 -3.9709477 -1.7964861
-6.2205467 -4.2760191 -1.7965031
-6.1156054 -4.4248681 -1.7965121
-6.0070896 -4.5711427 -1.7965215
-5.6608787 -4.9936986 -1.7965519
-5.5387988 -5.1288419 -1.7965628
-5.4134665 -5.2610092 -1.7965741
-5.1534667 -5.5160832 -1.7965974
-5.0189257 -5.6388469 -1.7966096
-4.4523144 -6.0964103 -1.7966614
-4.3039746 -6.2020988 -1.796675
-4.1531739 -6.3041759 -1.7966889
-3.9999316 -6.4025884 -1.7967031
-3.8156641 -6.4489293 -1.7833475
-3.6129687 -6.4569335 -1.7609378
-3.4151464 -6.4645824 -1.7400399
-3.2217479 -6.471899 -1.7205805
-3.0324512 -6.4789014 -1.7024918
-2.8469141 -6.4856057 -1.6857082
-2.4859276 -6.4981861 -1.6558452
-1.8355371 -6.6615882 -1.6445135
-1.6743066 -6.703999 -1.6445291
-1.0205468 -6.8344016 -1.644592
-0.68970704 -6.8758044 -1.6446242
-0.35724607 -6.9012089 -1.6446567
-0.19066405 -6.907887 -1.644673
0.30942383 -6.90379 -1.6447222
0.47591797 -6.8943896 -1.6447386
0.64211911 -6.8809705 -1.644755
1.1380957 -6.8167171 -1.6448044
1.3022265 -6.787343 -1.6448207
2.4722362 -6.5990505 -1.6771425
2.6559863 -6.6002369 -1.6932402
3.2301073 -6.6029606 -1.7494321
3.4302635 -6.6035786 -1.7710131
3.9571385 -6.4329443 -1.7974845
4.4121094 -6.1300855 -1.7975317
4.982461 -5.6765943 -1.7975917
5.2505565 -5.4297285 -1.7976201
5.5064549 -5.1702223 -1.7976475
5.7495117 -4.8986511 -1.7976736
5.8660545 -4.758564 -1.7976862
5.9791894 -4.615685 -1.7976986
6.1949606 -4.3219504 -1.7977223
6.297451 -4.1712694 -1.7977338
6.3963084 -4.0181479 -1.7977448
6.4914255 -3.8626866 -1.7977554
6.5827732 -3.7049663 -1.7977656
6.6702828 -3.5450933 -1.7977757
6.8335743 -3.2192571 -1.7977945
6.9809666 -2.8859019 -1.7978117
3.1792188 -1.0522119 -0.79700375
3.1701856 -0.88202482 -0.78314918
3.1628418 -0.71759856 -0.77187246
7.4051561 -1.4932281 -1.7978653
7.4685836 -1.1343018 -1.7978746
7.5431833 -0.40932953 -1.7978882
7.5541697 -0.045001525 -1.7978922
7.5475583 0.31944945 -1.7978947
7.5046973 0.86445069 -1.7978952
7.4816599 1.0452551 -1.7978944
7.4225097 1.40492 -1.7978916
3.164541 0.75874203 -0.77449363
3.176826 1.0095874 -0.79333228
7.0806541 2.63257 -1.7978686
6.8716602 3.1377149 -1.7978523
6.7939548 3.3025768 -1.7978462
6.7122459 3.4655125 -1.7978395
5.7166014 3.8877826 -1.6453452
5.5223532 4.1589713 -1.6453285
5.3152342 4.4204698 -1.6453103
5.0957713 4.6716509 -1.645291
4.8644333 4.9119587 -1.6452703
4.7444825 5.027843 -1.6452595
4.6217771 5.14081 -1.6452484
4.237793 5.4614792 -1.6452135
4.1047754 5.5620861 -1.6452012
3.9693553 5.6594553 -1.6451887
3.8316209 5.7535276 -1.6451761
3.6916797 5.8442516 -1.6451631
3.5495899 5.93156 -1.6451498
3.4053807 6.0153756 -1.6451243
3.2593164 6.09588 -1.6451498
2.9615624 6.2461705 -1.6451944
2.4535449 5.8935289 -1.5193214
1.970459 5.9043446 -1.4813883
1.8144433 5.9078355 -1.4708493
1.3582128 5.9180431 -1.4450775
1.2093847 5.9213719 -1.4383447
1.0618261 5.9246702 -1.4325049
0.91540039 5.9279442 -1.4275384
0.625166 5.934432 -1.4201748
0.48098633 5.9376535 -1.4177567
0.33721679 5.9408665 -1.4161673
-0.093310542 5.9504819 -1.4163541
-0.2371289 5.9536939 -1.4180671
-0.3813867 5.9569139 -1.4206136
-0.51861328 5.8738499 -1.4033792
-0.80659175 5.8802757 -1.4125764
-0.9525488 5.8858619 -1.4190261
-1.2652735 5.9743052 -1.4533876
-1.4174902 5.9777002 -1.4621089
-1.8866113 5.9881577 -1.4942045
-2.701992 6.3602209 -1.6446365
-3.1545899 6.1475573 -1.6444751
-3.7321875 5.8148227 -1.6444335
-4.0082712 5.6279244 -1.6444049
-4.1428418 5.5295348 -1.6443908
-4.2749901 5.4279404 -1.644377
-4.4046679 5.3231773 -1.6443634
-4.777998 4.9905705 -1.6443238
-4.8969431 4.8738151 -1.6443112
-5.0130758 4.7542186 -1.6442987
-5.1262794 4.6318512 -1.6442865
-5.2365036 4.5067954 -1.6442746
-5.3436618 4.3791232 -1.6442629
-5.4476953 4.2489038 -1.6442517
-5.7589941 4.0606132 -1.6770602
-6.3719921 4.0473027 -1.7965592
-6.4677439 3.89237 -1.7965484
-6.5597262 3.7351727 -1.796538
-6.7322068 3.4143748 -1.7965183
-6.8889842 3.0856214 -1.7965002
-6.9613867 2.9185071 -1.7964916
-7.029736 2.7497137 -1.7964835
-7.0940037 2.5793066 -1.7964758
-7.2618747 2.0594952 -1.7964549
-7.3094234 1.8836913 -1.7964486
-7.3527145 1.7067883 -1.796443
-7.3917379 1.528897 -1.7964376
-7.5348825 0.44656372 -1.7964143
-7.543447 0.26464507 -1.7964119
-7.547441 -0.099542238 -1.7964083
-7.5338278 -0.46347898 -1.7964066
-7.5204492 -0.64510405 -1.7964064
-7.480566 -1.0071253 -1.7964072
-7.4233103 -1.3667867 -1.7964097
-7.3487496 -1.7232836 -1.7964141
-7.2570896 -2.0757537 -1.7964201
-7.088027 -2.595175 -1.7964323
-6.9546385 -2.9340668 -1.7964425
-6.8818455 -3.1010089 -1.7964482
-6.7242966 -3.4293749 -1.7964609
-6.551084 -3.7497809 -1.7964752
-6.2628512 -4.213789 -1.7964996
-5.9417868 -4.6557617 -1.7965273
-5.5896287 -5.0733662 -1.7965584
-5.4656348 -5.2067823 -1.7965693
-5.3384471 -5.3371601 -1.7965808
-4.9385939 -5.7093706 -1.7966168
-4.7994432 -5.826901 -1.7966294
-4.6575098 -5.9410267 -1.7966424
-4.2157421 -6.2624502 -1.7966832
-4.0634665 -6.36238 -1.7966971
-3.6961131 -6.4536705 -1.7700073
-3.4963086 -6.4614639 -1.7484944
-3.3011229 -6.4689164 -1.7284495
-2.9231348 -6.4828711 -1.6924872
-2.7396777 -6.4894085 -1.6764456
-2.5594823 -6.4956737 -1.6616246
-2.2200294 -6.5433402 -1.6444768
-1.7410644 -6.6869469 -1.6445227
-1.4165137 -6.7632775 -1.6445538
-1.0886328 -6.8238621 -1.6445855
-0.59228516 -6.8849277 -1.6446338
-0.25949219 -6.9056177 -1.6446662
-0.092832029 -6.9099331 -1.6446825
0.4071582 -6.8987608 -1.6447318
1.0700977 -6.8276954 -1.6447974
1.5611132 -6.7326279 -1.6448466
1.7230859 -6.6930723 -1.6448628
1.8840917 -6.6496181 -1.644879
2.0437305 -6.6022887 -1.6448951
2.3973241 -6.5985217 -1.6708516
2.9550683 -6.6018372 -1.7214286
3.1487987 -6.6026621 -1.7409494
3.346992 -6.6033416 -1.7619144
3.8927734 -6.4720459 -1.7974778
4.0478415 -6.3763046 -1.7974938
4.2005467 -6.2768512 -1.7975097
4.3507614 -6.1737442 -1.7975254
4.6435838 -5.9567852 -1.7975559
4.786006 -5.8430676 -1.7975709
4.9256053 -5.7259459 -1.7975857
5.4546094 -5.2248273 -1.7976419
5.5791306 -5.0917563 -1.7976553
5.7004004 -4.9557056 -1.7976682
6.0439744 -4.5305705 -1.7977057
6.1515427 -4.383481 -1.7977176
6.2555566 -4.2338152 -1.797729
6.3559179 -4.0816875 -1.7977401
6.8011327 -3.2871943 -1.7977906
6.8785057 -3.1221848 -1.7977996
7.0863671 -2.6165857 -1.7978244
3.1812987 -1.0882013 -0.80020696
3.1719043 -0.91666776 -0.78579301
3.1678612 -0.83323789 -0.77958137
3.1642089 -0.75115019 -0.77400005
7.5248337 -0.66623777 -1.797884
7.553359 -0.1202893 -1.7978915
7.5540819 0.061963499 -1.7978932
7.5503612 0.24419464 -1.7978944
7.5422754 0.42628357 -1.7978952
7.5129395 0.78961241 -1.7978953
7.4916992 0.97062254 -1.7978948
7.0426559 2.7325561 -1.7978657
6.9025974 3.0690782 -1.7978548
6.7464843 3.3984356 -1.7978423
6.6625094 3.5601995 -1.7978354
6.5746288 3.719887 -1.7978282
6.338994 3.7912817 -1.7578931
6.0329394 3.8088078 -1.698018
5.7615428 3.8348675 -1.6471722
5.6609864 3.9683349 -1.6453406
5.4628906 4.2367291 -1.6453233
5.2520995 4.4952693 -1.6453048
5.1420994 4.6206384 -1.645295
5.0290918 4.7433157 -1.645285
4.9131641 4.8632345 -1.6452746
4.6727829 5.0945091 -1.6452529
4.5484958 5.2057242 -1.6452419
4.1600194 5.5209165 -1.6452062
3.8888183 5.7150636 -1.6451812
3.6085448 5.8959079 -1.6451553
3.0236719 6.2163086 -1.6451859
2.5221093 5.8919945 -1.5253308
2.1949804 5.8993201 -1.4980395
2.0355761 5.9028878 -1.4860384
1.723877 5.909863 -1.4651296
1.5711132 5.913281 -1.4561526
0.9757812 5.9265943 -1.4294848
-6.40207 2.4616551 -1.7965428
-6.4595799 2.3064764 -1.7965357
-6.5133104 2.1499591 -1.7965292
-6.5632615 1.9921899 -1.796523
-6.6516795 1.6732702 -1.7965115
-6.6900973 1.5123016 -1.7965063
-6.7246094 1.3504571 -1.7965016
-6.8046188 0.86058956 -1.7964895
-6.8558397 0.20087555 -1.7964789
-6.8586817 0.035419922 -1.7964772
-6.8301754 -0.62565583 -1.7964745
-6.8130956 -0.79025239 -1.7964746
-6.5833592 -1.9242548 -1.7964876
-6.4829001 -2.2395816 -1.7964947
-6.367363 -2.5497026 -1.7965034
-6.3040037 -2.7025814 -1.7965083
-6.0921092 -3.1514447 -1.7965254
-6.0143261 -3.2975121 -1.7965318
-5.8483105 -3.5838127 -1.7965456
-5.374629 -4.261683 -1.7965864
-5.1628513 -4.516026 -1.796605
-5.0524411 -4.6392908 -1.7966148
-4.9390626 -4.7598605 -1.7966249
-4.3304687 -5.3198247 -1.79668
-4.2008786 -5.4227896 -1.7966917
-3.9344726 -5.6191883 -1.7967162
-3.7977734 -5.7125125 -1.796729
-3.3747852 -5.9723444 -1.7967682
-3.2297363 -6.0520697 -1.7967818
-2.9340918 -6.200913 -1.7968096
-2.6316211 -6.3353271 -1.7968382
-2.4780273 -6.3970251 -1.7968527
-2.3230078 -6.454998 -1.7968675
-2.1578319 -6.482801 -1.7895908
-1.8186425 -6.4938211 -1.7663293
-1.0011914 -6.5175705 -1.7271307
-0.68223631 -6.5257168 -1.7185562
-0.36567381 -6.533164 -1.7138699
-0.2078418 -6.5366387 -1.712966
0.10777344 -6.5431089 -1.7140272
0.26589844 -6.5461106 -1.715995
0.58369142 -6.5516639 -1.7228326
0.74368161 -6.5542178 -1.7277207
0.90466797 -6.5566278 -1.733605
1.0667969 -6.5588913 -1.7405049
1.2303222 -6.5610118 -1.7484385
1.7310156 -6.5665154 -1.7786825
1.9020214 -6.5680614 -1.7910129
2.0671289 -6.5431418 -1.797298
2.2244627 -6.4914246 -1.7973138
2.3804102 -6.435926 -1.7973295
2.5350096 -6.3766804 -1.7973453
2.6881444 -6.3137183 -1.7973608
2.8397167 -6.2470832 -1.7973764
2.9896092 -6.1768112 -1.7973917
3.4285839 -5.9445724 -1.7974368
3.9855566 -5.5867095 -1.7974944
4.1192384 -5.4889722 -1.7975085
4.505537 -5.1768069 -1.7975491
4.6291113 -5.066649 -1.7975622
4.7500486 -4.9535241 -1.797575
4.8682032 -4.8375216 -1.7975875
5.3118553 -4.3460174 -1.7976353
5.4151855 -4.2166309 -1.7976466
5.5153513 -4.084784 -1.7976576
5.6123438 -3.9505584 -1.7976682
5.7964258 -3.6752799 -1.7976887
5.8834472 -3.5343893 -1.7976985
6.0471387 -3.2465031 -1.797717
6.1237402 -3.0996845 -1.7977258
2.6199024 -0.95022273 -0.7299577
2.6327929 -0.88362759 -0.72739464
2.644707 -0.8171829 -0.72502553
2.7323534 -0.7725656 -0.74372679
3.2288573 -0.82937312 -0.87317038
3.2248046 -0.74588531 -0.8669548
6.805254 -0.89514738 -1.7978114
6.8598924 -0.23522125 -1.7978224
6.863584 -0.069657899 -1.7978243
6.8506446 0.42690122 -1.7978271
6.8383594 0.59205139 -1.7978274
6.8220801 0.75685787 -1.7978272
6.801826 0.9212262 -1.7978266
6.7173729 1.4107153 -1.7978225
2.6929102 0.77256471 -0.73379058
2.6428711 0.82772213 -0.72538882
2.6308105 0.89418823 -0.72778869
2.6177733 0.96081114 -0.73038274
2.6037402 1.0275952 -0.73317349
2.5726562 1.1617101 -0.73935658
6.0348535 3.2697504 -1.7977712
5.9541893 3.4143779 -1.7977645
5.7825193 3.6975861 -1.7977502
5.1322165 3.8315375 -1.6775439
4.9413376 3.8781664 -1.6452689
4.7484665 4.1119628 -1.645252
4.647861 4.2253003 -1.6452432
4.5445409 4.3361812 -1.645234
4.4385743 4.4445286 -1.6452245
4.3300486 4.5502915 -1.6452147
4.2189746 4.6534057 -1.6452048
3.9895506 4.8514366 -1.6451838
3.8713281 4.946239 -1.645173
3.7508495 5.0381646 -1.645162
3.6281836 5.1271496 -1.6451507
2.7145703 5.6637731 -1.6450655
2.4381738 5.7880297 -1.6450394
2.2977929 5.8451257 -1.6450262
2.1560936 5.898807 -1.6450126
2.0131445 5.94906 -1.644999
1.7238085 6.0390744 -1.6449536
1.2825292 6.147954 -1.6449614
0.83455074 6.2245727 -1.6449519
0.079374999 6.2795606 -1.6448979
-0.072158203 6.2795858 -1.6448814
-0.22362304 6.2759533 -1.6448631
-0.52606446 6.2576914 -1.6448208
-0.67688477 6.2430906 -1.6447968
-0.97720701 6.2029734 -1.6447436
-1.1265429 6.1774793 -1.6447144
-1.2752441 6.1483898 -1.6446832
-1.5702929 6.0795908 -1.6446481
-1.8616992 5.9966588 -1.6446187
-2.1487403 5.8997726 -1.6445898
-2.2904491 5.8461671 -1.6445755
-2.4307714 5.7891588 -1.6445612
-2.5697265 5.7287793 -1.6445471
-2.7071776 5.6650672 -1.644533
-2.9772363 5.5277929 -1.6445053
-3.1097069 5.4543114 -1.6444917
-3.3691211 5.2978745 -1.6444649
-3.4959178 5.2150116 -1.6444517
-3.6206737 5.1291137 -1.6444387
-3.7433398 5.0402298 -1.6444259
-3.8638279 4.9484129 -1.6444132
-3.9820507 4.8537188 -1.644401
-4.2114744 4.655921 -1.6443766
-4.3225489 4.5529265 -1.6443647
-4.5370898 4.3390617 -1.6443418
-4.6404099 4.2283125 -1.6443309
-4.741045 4.1151018 -1.64432
-4.8939843 4.0450253 -1.6630263
-5.3940525 4.0367146 -1.7646503
-5.6836424 3.8401685 -1.796625
-6.0271091 3.2745428 -1.7965864
-6.1043162 3.1281726 -1.7965777
-6.1779685 2.9799743 -1.7965692
-6.3144727 2.6784782 -1.7965531
-6.4362888 2.3707557 -1.7965387
-6.4915719 2.2147734 -1.7965318
-6.6346874 1.7394965 -1.7965138
-6.6746969 1.5789136 -1.7965084
-6.7108102 1.4174224 -1.7965035
-6.771328 1.0920593 -1.7964947
-6.8579979 0.10378478 -1.7964779
-6.8584957 -0.06169403 -1.7964764
-6.8550096 -0.22714476 -1.7964753
-6.8475389 -0.39245361 -1.7964747
-6.8206248 -0.72230893 -1.7964745
-6.7192969 -1.3761953 -1.7964789
-6.6841502 -1.5378958 -1.796481
-6.6451168 -1.6987121 -1.7964834
-6.5554786 -2.0172782 -1.7964895
-6.5049024 -2.1748428 -1.7964932
-6.4505563 -2.3311515 -1.7964971
-6.2651172 -2.7915747 -1.7965113
-6.1959763 -2.9419191 -1.796517
-6.0468946 -3.2373931 -1.7965291
-5.967031 -3.3823504 -1.7965356
-5.7969918 -3.6662719 -1.7965499
-5.0984178 -4.5886893 -1.7966107
-4.7532716 -4.9454703 -1.7966415
-4.3832617 -5.2763834 -1.7966751
-4.2547264 -5.380631 -1.7966868
-4.1237106 -5.4817443 -1.7966989
-3.9902637 -5.5796728 -1.7967111
-3.7165332 -5.7657385 -1.7967364
-2.6946192 -6.3087583 -1.7968322
-2.387207 -6.4315023 -1.7968614
-2.2290137 -6.4804039 -1.7949731
-1.887998 -6.491622 -1.7707629
-1.7206836 -6.4968796 -1.7603577
-1.555166 -6.5019183 -1.7510421
-1.3912598 -6.5067449 -1.7427937
-1.2287793 -6.5113683 -1.735585
-1.0675098 -6.5157957 -1.7293952
-0.9072656 -6.5200367 -1.7242062
-0.74788082 -6.5240922 -1.7200062
-0.58916014 -6.5279727 -1.7167816
-0.43092772 -6.5316806 -1.7145227
-0.27301759 -6.535223 -1.7132236
0.35889646 -6.5478015 -1.7175992
0.51781249 -6.5505638 -1.7211013
0.67747068 -6.5531802 -1.7255806
0.8380273 -6.5556493 -1.7310526
0.99963868 -6.5579724 -1.7375314
1.1625977 -6.5601535 -1.745034
1.8311034 -6.56744 -1.7857774
2.0017481 -6.5633993 -1.7972914
2.4712987 -6.4016089 -1.7973388
2.9278905 -6.2062802 -1.7973853
3.076787 -6.1338916 -1.7974006
3.2238965 -6.0579247 -1.7974157
3.5124218 -5.8954577 -1.7974453
3.9296679 -5.6261387 -1.7974887
4.4536915 -5.2214417 -1.7975436
4.5783496 -5.1125226 -1.7975568
4.7004199 -5.0006108 -1.7975698
4.8197265 -4.8857908 -1.7975824
4.9362206 -4.7681293 -1.7975949
5.4743457 -4.1395488 -1.797653
5.6677246 -3.8707128 -1.7976744
5.7594919 -3.7328603 -1.7976846
5.8479099 -3.5928476 -1.7976943
5.9329295 -3.4507337 -1.797704
6.014492 -3.3066137 -1.7977133
6.0925488 -3.1605644 -1.7977221
2.568418 -1.1788244 -0.74020123
2.5847168 -1.1116208 -0.73695654
2.6142969 -0.97778136 -0.73107368
2.6275878 -0.91112059 -0.72842985
2.6398926 -0.84461331 -0.725981
6.7085056 -1.451892 -1.7977972
6.7415819 -1.2896249 -1.7978017
6.8172359 -0.7987051 -1.7978135
6.8478808 -0.46893585 -1.7978194
6.8571973 -0.3035858 -1.7978216
6.8625293 -0.13806976 -1.7978235
6.8638668 0.027536316 -1.7978251
6.8545604 0.35859618 -1.797827
6.8439159 0.52386415 -1.7978274
6.788115 1.0174402 -1.7978261
6.7615914 1.1809131 -1.7978249
3.2238476 0.72485167 -0.86548543
3.227793 0.80801207 -0.87152189
2.7978125 0.77256471 -0.76024169
2.6475682 0.80030513 -0.72445387
2.6232715 0.93326902 -0.72928715
2.6096582 0.99998409 -0.73199654
2.5950294 1.0668738 -0.73490411
6.214951 2.9130614 -1.7977859
6.1428223 3.0621409 -1.7977802
6.0671582 3.2094414 -1.797774
5.9879394 3.3548651 -1.7977674
5.9052243 3.4983368 -1.7977605
5.2323632 3.8256915 -1.6977355
5.001328 3.8454876 -1.652473
4.8859177 3.9477324 -1.6452643
4.375195 4.5069146 -1.6452187
4.0377345 4.8114452 -1.6451882
3.920449 4.9074183 -1.6451776
3.679121 5.0907431 -1.6451554
3.4292285 5.2622132 -1.6451323
3.3012304 5.3433757 -1.6451204
2.9060838 5.5680113 -1.6450835
2.7708983 5.6364512 -1.6450708
2.6340821 5.7016196 -1.6450579
2.4957421 5.7634616 -1.6450448
2.2148046 5.8770456 -1.6450182
2.0723436 5.9287157 -1.6450047
1.783916 6.0215807 -1.6449511
1.4913574 6.1006589 -1.6449598
1.34375 6.1348643 -1.6449612
1.1953418 6.1654954 -1.6449609
0.44465819 6.2644248 -1.6449299
-0.0095605468 6.2800183 -1.6448884
-0.16103515 6.2778955 -1.6448709
-0.31245115 6.2721081 -1.6448513
-0.46367186 6.2626595 -1.6448301
-0.76519531 6.2328234 -1.6447819
-1.0649219 6.1884494 -1.6447265
-1.2138867 6.1608419 -1.6446961
-1.3621484 6.1296449 -1.6446642
-1.6562109 6.0567126 -1.6446395
-1.8018359 6.0149364 -1.6446249
-1.9464062 5.9696655 -1.6446103
-2.0898438 5.9209189 -1.6445957
-2.2320507 5.8687277 -1.6445814
-2.9219921 5.5572095 -1.6445109
-3.0551856 5.485055 -1.6444972
-3.3161426 5.331212 -1.6444703
-3.5693944 5.1649647 -1.644444
-3.6929491 5.0773063 -1.6444311
-3.814326 4.9866977 -1.6444185
-4.1648827 4.6976843 -1.6443815
-4.2769628 4.595798 -1.6443696
-4.4936228 4.384088 -1.6443466
-4.5980372 4.2743683 -1.6443354
-4.6997852 4.1621623 -1.6443244
-5.5494723 4.0317235 -1.7966398
-5.737412 3.7593005 -1.7966191
-5.8264256 3.6197624 -1.7966092
-6.2874703 2.7412877 -1.7965564
-6.5715623 1.9646564 -1.7965219
-6.6170216 1.805542 -1.7965161
-6.7861228 0.99606383 -1.7964926
-6.8081737 0.83205199 -1.7964889
-6.8262501 0.66756344 -1.7964857
-6.8504782 0.3375116 -1.7964805
-6.8566208 0.1721344 -1.7964785
-6.8587694 0.0066705323 -1.796477
-6.8569431 -0.1588037 -1.7964758
-6.841289 -0.48937622 -1.7964745
-6.8274999 -0.65427792 -1.7964745
-6.7623043 -1.1463345 -1.7964766
-6.7326856 -1.3091482 -1.796478
-6.6617184 -1.6323895 -1.7964823
-6.575254 -1.9518371 -1.7964882
-6.5262499 -2.1098981 -1.7964915
-6.4734569 -2.2667415 -1.7964954
-6.4168944 -2.4222641 -1.7964996
-6.3566208 -2.5763733 -1.7965044
-6.2926168 -2.7289877 -1.7965093
-6.1536913 -3.0293648 -1.7965204
-6.0788279 -3.1769507 -1.7965264
-6.0004492 -3.3227017 -1.7965329
-5.6524415 -3.8855047 -1.7965623
-5.5570898 -4.020761 -1.7965705
-5.4584961 -4.1536803 -1.7965791
-5.3567286 -4.2841816 -1.7965879
-5.0329294 -4.66043 -1.7966164
-4.4356055 -5.2324181 -1.7966703
-4.1781249 -5.4403539 -1.7966938
-3.9108887 -5.6356378 -1.7967184
-3.349746 -5.9864445 -1.7967706
-3.2043457 -6.0655618 -1.7967842
-2.6050391 -6.3463082 -1.7968407
-2.4511719 -6.4073625 -1.7968553
-2.295918 -6.4646835 -1.7968699
-1.7895703 -6.4947348 -1.7645209
-1.2957324 -6.5094824 -1.7384384
-0.81363279 -6.522438 -1.7216225
-0.49625 -6.5301695 -1.7153388
-0.18041015 -6.5372262 -1.7129066
0.77157223 -6.5546465 -1.7286718
1.2588867 -6.5613666 -1.7499233
1.7605664 -6.5667944 -1.7807426
2.0945508 -6.5344272 -1.7973007
2.2515917 -6.4820504 -1.7973166
2.5617187 -6.3660088 -1.797348
2.8658593 -6.2351303 -1.797379
3.0154784 -6.1642308 -1.7973943
3.1633399 -6.0897398 -1.7974095
3.3093653 -6.0117002 -1.7974244
3.7355762 -5.7567649 -1.7974685
3.8733788 -5.6650133 -1.7974828
4.1422167 -5.4716606 -1.7975107
4.273037 -5.3701868 -1.7975246
4.770752 -4.9335761 -1.7975771
4.8884473 -4.8170843 -1.7975897
5.0032716 -4.6977754 -1.7976021
5.1151953 -4.5757313 -1.7976141
5.2241211 -4.4510179 -1.7976259
5.3299899 -4.3237247 -1.7976373
5.6288671 -3.9270031 -1.7976701
5.7219725 -3.790092 -1.7976804
5.8117871 -3.6509612 -1.7976904
5.8982224 -3.5097003 -1.7977002
5.9812012 -3.366394 -1.7977095
6.1366892 -3.0739965 -1.7977271
2.6085155 -1.0053744 -0.73222381
2.6349316 -0.87207335 -0.72696942
3.2241504 -0.73151058 -0.86594623
6.7284079 -1.3567632 -1.7977999
6.8089547 -0.86662322 -1.797812
6.8608007 -0.20647308 -1.7978228
6.8637986 -0.040888976 -1.7978245
6.8628025 0.12471923 -1.7978257
6.8577929 0.29025513 -1.7978266
6.8487988 0.45560667 -1.7978272
6.8188376 0.78544796 -1.7978271
6.7979102 0.94972837 -1.7978265
6.7114062 1.4388616 -1.7978221
3.2261133 0.77350402 -0.86894333
2.9105859 0.7725659 -0.78875184
2.6154003 0.97240174 -0.73085332
2.6012011 1.0392139 -0.73367834
6.0210938 3.2950096 -1.7977701
5.9398336 3.4393022 -1.7977633
5.8550587 3.5815904 -1.7977563
5.7669435 3.7217937 -1.7977488
5.5939159 3.8043506 -1.7719096
5.3349705 3.8196745 -1.7185811
5.0907712 3.8339489 -1.6692404
4.9250488 3.8988397 -1.6452676
4.8295016 4.0165062 -1.6452593
4.4199119 4.4630952 -1.6452228
4.1994333 4.671042 -1.6452029
4.0854783 4.7709637 -1.6451925
3.9691699 4.8681097 -1.645182
3.7296777 5.0538335 -1.6451601
3.6066504 5.1423078 -1.6451488
3.4815135 5.2277856 -1.6451372
3.3543456 5.3102245 -1.6451254
3.0942481 5.4657593 -1.6451011
2.8269627 5.6085739 -1.6450762
2.4138865 5.7981906 -1.6450372
2.2732811 5.8546934 -1.6450238
2.1313574 5.9077878 -1.6450104
1.8438379 6.00349 -1.6449484
1.698457 6.0462499 -1.6449544
1.4048437 6.1211634 -1.6449609
1.2567675 6.153275 -1.6449612
1.1079491 6.1817942 -1.6449597
0.95848632 6.2067175 -1.6449561
0.80844724 6.2280111 -1.6449509
0.50708008 6.2596946 -1.6449342
0.20453125 6.2767758 -1.6449101
0.053066406 6.2798252 -1.6448951
-0.098457031 6.2792139 -1.6448784
-0.24992187 6.2749424 -1.6448596
-0.40123045 6.2670093 -1.6448392
-0.55229491 6.2554159 -1.6448168
-0.70303708 6.2401843 -1.6447924
-0.85335934 6.2213073 -1.6447664
-1.5957617 6.0729442 -1.6446457
-1.7417969 6.0326233 -1.644631
-2.0307128 5.9414792 -1.6446017
-2.3149023 5.8365064 -1.644573
-2.4550292 5.7789049 -1.6445587
-2.5937109 5.7179418 -1.6445445
-2.7308691 5.6536608 -1.6445307
-3.000371 5.5152588 -1.6445029
-3.3912792 5.2836981 -1.6444626
-3.6421678 5.1138811 -1.6444365
-3.8845117 4.932169 -1.6444111
-4.1178513 4.7389784 -1.6443865
-4.449697 4.4286699 -1.6443514
-4.5552149 4.3200049 -1.64434
-4.6580958 4.2088132 -1.6443288
-4.7582517 4.0951843 -1.6443181
-5.6059861 3.952724 -1.7966336
-5.7900586 3.6776714 -1.7966132
-5.9606543 3.3940516 -1.796594
-6.0407715 3.2492535 -1.7965848
-6.117363 3.1025543 -1.7965761
-6.3256345 2.6519775 -1.7965519
-6.387754 2.4985974 -1.7965444
-6.5008006 2.1875451 -1.7965307
-6.6418943 1.7116625 -1.7965127
-6.6812496 1.550921 -1.7965075
-6.7166891 1.389273 -1.7965026
-6.7758594 1.0636634 -1.7964941
-6.799541 0.89988035 -1.7964904
-6.8192577 0.73556942 -1.7964871
-6.8350196 0.57083493 -1.796484
-6.846777 0.4057849 -1.7964816
-6.8545508 0.24047576 -1.7964793
-6.8583689 0.075034179 -1.7964777
-6.8539939 -0.25588471 -1.7964752
-6.84583 -0.42115295 -1.7964746
-6.833662 -0.5861935 -1.7964745
-6.8175488 -0.75089294 -1.7964746
-6.74541 -1.2419692 -1.7964774
-6.6776462 -1.5659125 -1.7964813
-6.5469627 -2.0447404 -1.7964902
-6.4957128 -2.2021017 -1.7964938
-6.4407129 -2.3581781 -1.7964979
-6.3195114 -2.6661201 -1.7965071
-6.1835837 -2.9678738 -1.7965178
-6.1102147 -3.1161926 -1.7965238
-5.7815623 -3.6905465 -1.7965513
-5.499619 -4.0990558 -1.7965754
-5.3991404 -4.2305675 -1.7965842
-5.295537 -4.3596053 -1.7965933
-5.188828 -4.4861207 -1.7966027
-4.8508983 -4.849721 -1.7966328
-4.7325292 -4.9653592 -1.7966435
-4.4875388 -5.1879325 -1.7966657
-4.3611035 -5.2947226 -1.7966771
-3.9668553 -5.5963597 -1.7967132
-3.8307128 -5.6904745 -1.7967259
-3.4092381 -5.9527383 -1.796765
-2.9698534 -6.1838493 -1.7968061
-2.5149121 -6.3825903 -1.7968491
-0.56164062 -6.5286288 -1.7163191
-0.24559569 -6.5358224 -1.7130953
-0.087851562 -6.5391736 -1.7129202
0.069960937 -6.542367 -1.7136985
0.70528316 -6.5536194 -1.7264603
0.86602539 -6.5560632 -1.7321057
1.3557031 -6.5625296 -1.755177
1.8608886 -6.5677042 -1.7879556
2.1868749 -6.5041509 -1.79731
2.3431933 -6.4495511 -1.7973258
2.6516309 -6.3291297 -1.7973571
3.1024804 -6.1209412 -1.7974032
3.2492969 -6.0443649 -1.7974184
3.5371192 -5.8806958 -1.7974479
3.6779785 -5.7936902 -1.7974626
3.9532421 -5.6096325 -1.7974911
4.4755564 -5.2027292 -1.7975459
4.5997653 -5.0932941 -1.797559
4.8401756 -4.8655491 -1.7975847
4.9561815 -4.7473922 -1.7975971
5.2866306 -4.3766165 -1.7976326
5.3907423 -4.2478285 -1.797644
5.6839161 -3.8469238 -1.7976762
5.8629293 -3.5683026 -1.7976962
6.1796093 -2.9867947 -1.7977322
2.5874512 -1.0999703 -0.73641366
2.6025684 -1.0329895 -0.73340726
2.6419432 -0.83307797 -0.72557515
2.6732812 -0.7725659 -0.72884917
3.2299023 -0.84955657 -0.87476432
6.714541 -1.4237667 -1.7977982
6.746953 -1.2613608 -1.7978026
6.7999606 -0.93443847 -1.7978107
6.8205371 -0.77011198 -1.797814
6.8497753 -0.44022551 -1.7978196
6.858408 -0.27483886 -1.7978219
6.8630567 -0.10929565 -1.7978239
6.8636813 0.056301877 -1.7978253
6.8603415 0.22187835 -1.7978263
6.72541 1.3719006 -1.797823
3.2245018 0.73920774 -0.86648434
3.2285156 0.82259214 -0.87264347
2.7527928 0.77256531 -0.74887943
2.6071875 1.0115924 -0.73248702
2.5765917 1.1456201 -0.73857373
6.2026758 2.9390795 -1.797785
6.0536132 3.2348413 -1.7977728
5.9738183 3.3799388 -1.7977662
5.8905077 3.5230534 -1.7977592
5.8037891 3.6641228 -1.7977519
5.7055759 3.7976885 -1.7952036
5.1899509 3.8281701 -1.6891649
4.9668751 3.8522601 -1.6464236
4.5695114 4.3098621 -1.6452361
4.4641895 4.4188213 -1.6452267
4.1328321 4.7300243 -1.6451968
3.8998339 4.9238081 -1.6451756
3.7798631 5.0164213 -1.6451646
3.6577246 5.1061225 -1.6451535
3.1485741 5.434669 -1.6451062
2.8827245 5.5801268 -1.6450813
2.6101661 5.7125998 -1.6450557
2.4715624 5.7738624 -1.6450425
2.331543 5.8317599 -1.6450293
2.1901464 5.8862672 -1.6450158
1.7586621 6.0290112 -1.6449522
1.4657812 6.1068516 -1.6449602
1.020293 6.1968565 -1.6449579
0.72018552 6.2388196 -1.6449467
0.56947267 6.2543445 -1.6449383
-5.860498 2.2534192 -1.7965941
-5.9131541 2.1113665 -1.7965878
-5.9623532 1.9680914 -1.7965817
-6.1557713 1.2362201 -1.7965565
-6.1837792 1.0873486 -1.7965524
-6.2290235 0.78779233 -1.7965455
-6.2461915 0.63728148 -1.7965425
-6.2696581 0.3352423 -1.7965376
-6.2785349 0.032424621 -1.7965342
-6.2774706 -0.11905456 -1.796533
-6.2727833 -0.2704666 -1.7965322
-6.2644238 -0.42172149 -1.7965317
-6.2524219 -0.57273251 -1.7965317
-6.2367773 -0.72340637 -1.7965318
-6.104414 -1.4687287 -1.7965385
-6.0672069 -1.6155764 -1.796541
-5.9345212 -2.0501361 -1.7965503
-5.3535938 -3.2806523 -1.7965968
-5.2729101 -3.4088681 -1.7966037
-5.1023731 -3.6592734 -1.7966183
-5.0126367 -3.7813232 -1.796626
-4.919961 -3.9011726 -1.7966341
-4.8244529 -4.0187516 -1.7966424
-4.7261033 -4.1339917 -1.7966511
-4.6250196 -4.2468271 -1.7966601
-4.3058496 -4.5702643 -1.7966887
-4.0804296 -4.7727003 -1.7967091
-3.9641016 -4.8697834 -1.7967198
-3.8454883 -4.9640288 -1.7967306
-3.6016209 -5.1438079 -1.796753
-2.8220117 -5.6098046 -1.7968256
-2.685869 -5.6762934 -1.7968383
-2.5481544 -5.7394805 -1.7968515
-2.4089551 -5.799325 -1.7968646
-2.2683692 -5.8558002 -1.7968779
-2.1264648 -5.9088664 -1.7968915
-1.9833007 -5.9584923 -1.796905
-1.5472168 -6.0864635 -1.7969469
-1.3999413 -6.1220689 -1.7969608
-0.65301758 -6.2462997 -1.7970332
-0.50215816 -6.2602906 -1.797048
-0.35096678 -6.2706347 -1.7970626
-0.19958983 -6.2773309 -1.7970774
-0.048085935 -6.2803698 -1.7970924
0.10345703 -6.2797537 -1.7971072
0.40624022 -6.2675562 -1.7971371
0.5573535 -6.2559819 -1.797152
0.85848629 -6.2219186 -1.797182
1.3062402 -6.1436949 -1.7972265
1.7471582 -6.0332909 -1.7972708
1.8922266 -5.9894304 -1.7972854
2.0361915 -5.9420838 -1.7972999
2.599375 -5.7184052 -1.7973573
2.7366114 -5.6540756 -1.7973711
3.0061913 -5.5155683 -1.7973989
3.7706151 -5.0244212 -1.7974782
3.8907421 -4.9320259 -1.7974908
4.1241794 -4.738668 -1.7975154
4.2373338 -4.637825 -1.7975273
4.3480272 -4.5342774 -1.797539
4.4561524 -4.4280882 -1.7975507
4.5617285 -4.3193192 -1.7975619
4.664629 -4.2080307 -1.7975729
4.7648239 -4.0942969 -1.7975837
4.9568458 -3.8597357 -1.7976047
5.0485544 -3.7390501 -1.7976147
5.6054196 -2.8373199 -1.7976772
6.1536036 -1.2677243 -1.7977443
6.1824121 -1.1188983 -1.7977483
6.2076268 -0.96942347 -1.7977521
6.2471681 -0.66886109 -1.7977586
6.2825685 -0.063760377 -1.7977672
6.2595019 0.54193604 -1.79777
6.2260642 0.84324825 -1.7977694
6.2038965 0.99320251 -1.7977685
6.1781445 1.1425891 -1.7977673
6.1487794 1.2913024 -1.7977656
2.6929004 0.77256471 -0.80162269
5.4502048 3.1253722 -1.7977127
5.3731933 3.25594 -1.7977061
5.293047 3.3846064 -1.7976995
4.8671093 3.8199193 -1.7703625
4.6484861 3.8331053 -1.7239827
4.4407325 3.8454633 -1.6808532
4.2548337 3.8681798 -1.6454188
4.0629001 4.0683427 -1.6451843
3.861865 4.2595439 -1.6451663
3.651875 4.4408202 -1.6451472
3.5436523 4.5275989 -1.6451373
3.2068748 4.7719297 -1.6451063
3.0908203 4.8478746 -1.6450955
2.9729395 4.9210043 -1.6450845
2.8533204 4.9912601 -1.6450735
2.7320507 5.058609 -1.6450621
2.6092088 5.1230121 -1.6450506
2.484834 5.1844335 -1.6450388
2.3590038 5.242836 -1.6450269
2.2318163 5.2981782 -1.6450149
1.9736328 5.3995872 -1.6449904
1.8427832 5.4455872 -1.644978
1.7108397 5.4884205 -1.6449655
1.5779296 5.5280528 -1.6449527
1.3093945 5.5976439 -1.6449269
1.1739649 5.6275644 -1.6449139
0.90114254 5.6775489 -1.6448874
0.62621093 5.7143149 -1.6448607
0.34983397 5.7377782 -1.6448339
0.21129882 5.7445006 -1.6448203
0.072666012 5.7478757 -1.6448067
-0.4815332 5.7279406 -1.6447521
-0.61958981 5.714613 -1.6447384
-0.7572754 5.6979513 -1.6447248
-1.3027637 5.5982776 -1.6446704
-1.57125 5.5288291 -1.6446433
-1.8360937 5.446516 -1.6446166
-1.9669433 5.4005914 -1.6446034
-2.0966308 5.3515172 -1.6445903
-2.2251074 5.2993426 -1.6445771
-2.3522949 5.2440748 -1.6445642
-2.6025 5.1244245 -1.6445386
-2.7253418 5.0601001 -1.644526
-2.8465917 4.9928446 -1.6445135
-2.9661913 4.9226737 -1.6445012
-3.0840819 4.8496528 -1.6444889
-3.2001562 4.7737975 -1.6444769
-3.4266405 4.6138139 -1.6444534
-3.8551953 4.2620268 -1.6444082
-4.2136621 4.0297456 -1.6682917
-4.4186325 4.0262413 -1.7104857
-4.6342087 4.0223722 -1.7558424
-4.9350486 3.8824365 -1.7966989
-5.027246 3.7622216 -1.7966888
-5.2028122 3.5153074 -1.7966696
-5.3662791 3.2602129 -1.7966512
-6.0734472 1.592348 -1.7965677
-6.1431541 1.297525 -1.7965581
-6.1726661 1.1489336 -1.7965541
-6.1985545 0.99968135 -1.7965503
-6.2208591 0.84984434 -1.7965467
-6.2395411 0.69950926 -1.7965437
-6.2545996 0.54877746 -1.796541
-6.2737694 0.24643891 -1.7965366
-6.2751465 -0.20792998 -1.7965324
-6.257822 -0.51037782 -1.7965317
-6.2259178 -0.81164581 -1.7965322
-6.2045212 -0.96161437 -1.796533
-6.1795216 -1.1110169 -1.7965341
-6.1509275 -1.2597839 -1.7965357
-6.1187596 -1.4078076 -1.7965376
-6.0829978 -1.5550174 -1.7965399
-6.0437207 -1.701319 -1.7965425
-6.0009375 -1.8466381 -1.7965454
-5.954658 -1.9908752 -1.7965487
-5.8517184 -2.2758009 -1.7965564
-5.3860059 -3.2271197 -1.796594
-5.2241211 -3.4831862 -1.7966077
-5.1385937 -3.6082242 -1.7966151
-5.0500684 -3.7311642 -1.7966228
-4.8642578 -3.9704595 -1.796639
-4.7670703 -4.0866699 -1.7966474
-4.6671095 -4.20051 -1.7966563
-4.5644236 -4.3119054 -1.7966654
-4.4591017 -4.4207916 -1.796675
-4.2407227 -4.6307878 -1.7966946
-4.1277928 -4.731782 -1.7967048
-4.0124412 -4.8300147 -1.7967154
-3.7748437 -5.0179939 -1.7967371
-3.5284374 -5.1943102 -1.7967597
-3.1436036 -5.4359937 -1.7967955
-3.0115623 -5.5102873 -1.7968078
-2.8777733 -5.5813794 -1.7968203
-2.7422948 -5.6492233 -1.7968332
-2.4666405 -5.7750096 -1.7968591
-2.1852441 -5.8873596 -1.7968858
-2.0425975 -5.938405 -1.7968993
-1.8987499 -5.9860034 -1.7969131
-1.7537891 -6.0301127 -1.796927
-1.607793 -6.0707145 -1.7969409
-1.4608788 -6.1077909 -1.7969551
-1.3131348 -6.1413035 -1.7969693
-0.86557615 -6.2203393 -1.7970126
-0.56452149 -6.2549529 -1.7970419
-0.41344726 -6.2668004 -1.7970566
-0.26213866 -6.2750049 -1.7970713
-0.11070313 -6.2795539 -1.7970862
0.19237304 -6.2776866 -1.797116
0.34375 -6.2712731 -1.7971311
0.64585936 -6.2474957 -1.7971607
0.79640621 -6.2301445 -1.7971758
0.94650388 -6.2091722 -1.7971907
1.0960351 -6.1845798 -1.7972056
1.393086 -6.1246133 -1.7972353
1.8324218 -6.0079741 -1.7972795
1.9768652 -5.9620671 -1.797294
2.1201367 -5.9126873 -1.7973084
2.2621777 -5.8598623 -1.797323
2.5422363 -5.7440133 -1.7973514
2.6800878 -5.6810522 -1.7973655
2.8163965 -5.6147833 -1.7973794
3.0840428 -5.4724717 -1.7974069
3.59708 -5.1499858 -1.7974601
3.7203221 -5.0617404 -1.797473
3.8413866 -4.9705467 -1.7974856
3.9602149 -4.8764582 -1.7974981
4.1908984 -4.6798167 -1.7975224
4.4118161 -4.4722729 -1.7975459
4.5184278 -4.3645673 -1.7975574
4.6224513 -4.2543101 -1.7975684
4.7237692 -4.1415772 -1.7975793
4.9181051 -3.9089384 -1.7976004
5.100996 -3.6671994 -1.7976205
5.1880174 -3.5430882 -1.79763
5.2720118 -3.4169116 -1.7976394
5.3529296 -3.288743 -1.7976484
5.4307518 -3.1586566 -1.7976571
5.5053906 -3.0267351 -1.7976657
2.8879297 -0.77256531 -0.8554005
6.1709471 -1.1804632 -1.7977467
6.2207227 -0.88142514 -1.7977542
6.2804198 0.17677215 -1.797769
6.2743359 0.32824218 -1.7977698
6.2645993 0.47952086 -1.79777
6.2512012 0.63051331 -1.79777
6.2341795 0.78114623 -1.7977695
6.2134957 0.93131775 -1.7977688
6.1613574 1.2299511 -1.7977663
3.2575195 0.81545591 -0.96085709
2.7978222 0.77256471 -0.83051801
5.4810934 3.0708911 -1.7977153
5.4053807 3.2022228 -1.7977089
5.1595898 3.584713 -1.797688
5.0715818 3.7081261 -1.7976804
4.9608788 3.8142078 -1.7905458
4.737422 3.8277636 -1.7427325
4.3256345 3.8543255 -1.6577863
4.1032715 4.0276499 -1.645188
4.0048728 4.1254497 -1.6451792
3.9041502 4.22085 -1.6451701
3.4791698 4.5773063 -1.6451313
3.0218358 4.8911381 -1.645089
2.7823436 5.0311384 -1.6450667
2.5363867 5.1594219 -1.6450437
2.4111524 5.2190771 -1.645032
2.2845409 5.2756853 -1.64502
1.8969629 5.4269714 -1.6449832
1.4994922 5.5498157 -1.6449451
1.3651464 5.5843358 -1.6449324
1.2300195 5.6156015 -1.6449193
0.40702146 5.7340245 -1.6448394
0.26855469 5.7421274 -1.6448258
-0.14740235 5.7463756 -1.6447852
-0.28599608 5.741096 -1.6447713
-0.7004199 5.7052355 -1.6447303
-0.97478515 5.6647129 -1.6447031
-1.649375 5.5060043 -1.6446356
-1.7817187 5.4645605 -1.6446222
-2.1721971 5.3212719 -1.6445826
-2.4263086 5.2102184 -1.6445566
-2.7967088 5.0209832 -1.6445187
-2.9169922 4.9520144 -1.6445063
-3.0356054 4.8801641 -1.6444939
-3.1524217 4.8054729 -1.6444819
-3.3804979 4.6477509 -1.6444582
-3.4916015 4.5648117 -1.6444465
-3.707705 4.3910069 -1.6444238
-3.8125389 4.300252 -1.6444128
-3.9151366 4.2069931 -1.6444018
-4.0154786 4.1112909 -1.6443912
-4.3327341 4.0277319 -1.6926864
-4.8961229 3.9314392 -1.7967031
-4.989531 3.8121593 -1.796693
-5.0800095 3.6906567 -1.796683
-5.1675196 3.5669982 -1.7966734
-5.8699021 2.2288299 -1.796593
-6.0156641 1.7984631 -1.796575
-6.0953808 1.5061853 -1.7965647
-6.1299119 1.3586907 -1.79656
-6.1882911 1.061419 -1.7965518
-6.2322755 0.76166928 -1.7965449
-6.2766209 0.15757324 -1.7965355
-6.2769141 -0.14537139 -1.7965329
-6.2625875 -0.44797972 -1.7965317
-6.2137985 -0.89972168 -1.7965325
-6.1324706 -1.3467484 -1.7965368
-6.0603809 -1.6409942 -1.7965415
-6.019033 -1.7867315 -1.7965442
-5.9741993 -1.9314224 -1.7965474
-5.925869 -2.074996 -1.7965509
-5.2585645 -3.4309399 -1.7966049
-5.0869823 -3.6806338 -1.7966195
-4.6071777 -4.2661819 -1.7966616
-4.5029297 -4.3761182 -1.7966709
-4.3960743 -4.4834967 -1.7966806
-4.2866602 -4.5882783 -1.7966905
-4.174736 -4.6903868 -1.7967006
-3.9436717 -4.8863626 -1.7967216
-3.8246582 -4.9801116 -1.7967324
-3.7034178 -5.0709639 -1.7967436
-3.4545605 -5.2437654 -1.7967666
-3.3270702 -5.3256187 -1.7967783
-3.1976171 -5.4043732 -1.7967905
-2.7984569 -5.621594 -1.7968278
-2.2437987 -5.8652658 -1.7968802
-1.5216894 -6.0929031 -1.7969493
-1.3742774 -6.127893 -1.7969635
-1.0771093 -6.1871476 -1.7969922
-0.9275195 -6.2113829 -1.7970066
-0.77742183 -6.2320023 -1.7970212
-0.62685543 -6.2489915 -1.7970358
-0.32467774 -6.272058 -1.7970653
-0.021777343 -6.2805228 -1.7970949
0.28121093 -6.2743626 -1.7971247
0.58357424 -6.253603 -1.7971547
0.73426753 -6.2377524 -1.7971696
1.034336 -6.195178 -1.7971994
1.1834863 -6.1684704 -1.7972143
1.3319726 -6.1381736 -1.7972292
1.4796875 -6.1043015 -1.797244
1.6265234 -6.0668793 -1.7972587
1.7724512 -6.0259185 -1.7972734
1.9172949 -5.9814539 -1.7972881
2.2036524 -5.8821025 -1.797317
2.3449218 -5.8272715 -1.7973313
2.6233203 -5.7074671 -1.7973597
2.8956249 -5.574369 -1.7973875
3.2912695 -5.350481 -1.7974283
3.5455859 -5.1855688 -1.7974546
3.6696582 -5.0985603 -1.7974676
4.0288672 -4.8199177 -1.7975053
4.4747071 -4.409379 -1.7975526
4.5798044 -4.3001647 -1.7975639
4.7819629 -4.0742869 -1.7975856
4.8788767 -3.9577696 -1.7975961
5.0641699 -3.7178581 -1.7976164
5.152422 -3.5946159 -1.7976261
5.2376661 -3.4692938 -1.7976356
5.3989744 -3.2126317 -1.7976537
5.5477052 -2.9484808 -1.7976704
2.7767675 -0.7725656 -0.82471251
3.0608788 -0.7725662 -0.90329647
6.1588573 -1.2419183 -1.797745
6.1870408 -1.0929703 -1.797749
6.2325974 -0.79326659 -1.797756
6.2499218 -0.64266813 -1.7977591
6.2736716 -0.34043974 -1.7977639
6.282793 -0.037427366 -1.7977674
6.2773046 0.26568604 -1.7977694
6.2690625 0.41704163 -1.79777
6.2571778 0.56816709 -1.79777
6.2416501 0.71896297 -1.7977699
6.199707 1.019195 -1.7977684
6.1733103 1.1684692 -1.797767
6.1433005 1.3170673 -1.7977653
2.6509471 0.7725659 -0.79008794
5.5826073 2.8822789 -1.7977235
5.5114355 3.0161028 -1.7977177
5.3594923 3.2784295 -1.7977051
5.2788281 3.4067662 -1.7976981
5.1083007 3.6573944 -1.7976835
5.0185642 3.7795525 -1.7976757
4.8283005 3.8222723 -1.7620584
4.6116309 3.8353112 -1.7162623
4.1432033 3.9865599 -1.6451917
4.0457911 4.0853348 -1.6451827
3.9460449 4.1817222 -1.6451739
3.8439844 4.2756829 -1.6451646
3.7396777 4.367157 -1.6451552
3.6332226 4.4560814 -1.6451455
3.3013768 4.707077 -1.645115
3.1868455 4.7853246 -1.6451045
2.9522655 4.9334116 -1.6450827
2.8323729 5.0031676 -1.6450715
2.71083 5.0700097 -1.6450601
2.2095897 5.3074841 -1.645013
1.687832 5.4955359 -1.6449631
1.554746 5.5346131 -1.6449505
1.1503711 5.6324253 -1.6449116
1.0141504 5.6584949 -1.6448985
0.60224611 5.7168832 -1.6448585
0.048564453 5.7481222 -1.6448044
-0.22876953 5.7436776 -1.6447771
-0.78112304 5.6947165 -1.6447225
-0.91829097 5.6741686 -1.6447089
-1.3262012 5.5927601 -1.644668
-1.4607421 5.5590916 -1.6446545
-1.5944335 5.5221863 -1.644641
-1.7271582 5.482069 -1.6446277
-1.9895605 5.392293 -1.6446011
-2.1190429 5.3426781 -1.644588
-2.499824 5.1753173 -1.6445493
-2.6239257 5.113462 -1.6445364
-2.7465136 5.0486302 -1.6445239
-3.1043456 4.8366723 -1.6444868
-3.2201366 4.7603374 -1.6444749
-3.3340235 4.6812296 -1.6444631
-3.5558887 4.5148973 -1.6444398
-3.6637499 4.4277616 -1.6444285
-3.9742968 4.1511254 -1.6443956
-4.0732517 4.054008 -1.644385
-4.2485352 4.0291615 -1.6754055
-5.1317382 3.6183362 -1.7966774
-5.2175097 3.4934685 -1.7966679
-5.9008398 2.1454883 -1.7965894
-5.9508786 2.0024962 -1.7965832
-6.0800486 1.5668732 -1.7965667
-6.1160741 1.4197271 -1.796562
-6.1485448 1.2717547 -1.7965574
-6.1774216 1.123042 -1.7965535
-6.2026758 0.97368956 -1.7965497
-6.2243652 0.82375914 -1.7965463
-6.2568359 0.52255064 -1.7965405
-6.2676172 0.37145996 -1.796538
-6.2747364 0.22013336 -1.7965361
-6.2782321 0.068686523 -1.7965345
-6.2780566 -0.082800597 -1.7965331
-6.2667379 -0.38552916 -1.7965318
-6.2556052 -0.53660768 -1.7965317
-6.240859 -0.68737578 -1.7965318
-6.2224412 -0.83774227 -1.7965323
-6.1748142 -1.1369125 -1.7965344
-6.145586 -1.2855554 -1.7965361
-6.0764451 -1.5805124 -1.7965404
-6.0365624 -1.72664 -1.7965429
-5.29249 -3.3783557 -1.796602
-5.2094822 -3.5050607 -1.796609
-5.1234179 -3.6297371 -1.7966164
-4.847568 -3.9908092 -1.7966404
-4.6494627 -4.2200384 -1.796658
-4.2212696 -4.6485286 -1.7966963
-3.6312792 -5.1229129 -1.7967503
-3.251328 -5.3722167 -1.7967854
-2.9884667 -5.5228739 -1.7968099
-2.8543358 -5.5934043 -1.7968227
-2.7186034 -5.660675 -1.7968353
-2.3021581 -5.8425903 -1.7968746
-2.1605566 -5.8964725 -1.7968881
-2.0176854 -5.9469266 -1.7969018
-1.8736328 -5.9939208 -1.7969155
-1.7285058 -6.0374222 -1.7969295
-1.5823437 -6.0774145 -1.7969433
-1.4352734 -6.1138663 -1.7969575
-1.2873731 -6.1467638 -1.7969717
-0.98939449 -6.201807 -1.7970005
-0.83949214 -6.2239213 -1.7970151
-0.23583984 -6.2760577 -1.797074
0.0671582 -6.280231 -1.7971036
0.21867187 -6.276834 -1.7971187
0.37004882 -6.2697849 -1.7971336
0.67203122 -6.2447405 -1.7971634
1.1219434 -6.1799388 -1.7972082
1.5659667 -6.082767 -1.7972527
1.8575878 -6.0002489 -1.7972819
2.5663085 -5.7333159 -1.7973537
2.7038867 -5.669776 -1.7973678
2.9743261 -5.5328259 -1.7973956
3.2377441 -5.3830051 -1.7974228
3.366709 -5.3033628 -1.7974362
3.4937205 -5.2206354 -1.7974494
3.6186523 -5.1348724 -1.7974622
3.7415233 -5.0461092 -1.7974751
3.8621874 -4.9544077 -1.7974877
4.0967383 -4.7623978 -1.7975125
4.2104688 -4.6622195 -1.7975246
4.3217478 -4.5593095 -1.7975363
4.7411032 -4.1217432 -1.7975812
4.9344726 -3.8882921 -1.7976022
5.1163087 -3.6457925 -1.7976222
5.2028317 -3.5213139 -1.7976316
5.2862988 -3.3947859 -1.7976409
5.5889258 -2.8696434 -1.7976751
2.6732714 -0.77256531 -0.79622418
2.9371777 -0.7725656 -0.8690238
3.2575195 -0.77329862 -0.95799917
6.1461816 -1.3032513 -1.7977432
6.1758399 -1.1545919 -1.7977475
6.2432127 -0.70492309 -1.7977579
6.2796288 0.20309693 -1.7977691
6.2729101 0.35453978 -1.7977699
6.2625389 0.5057776 -1.79777
6.2485156 0.65671998 -1.79777
6.2095509 0.95735413 -1.7977687
6.1846385 1.1068884 -1.7977676
6.1561422 1.2557733 -1.7977661
3.0321679 0.7725659 -0.89533359
2.7527928 0.77256471 -0.81810635
5.6110644 2.826488 -1.7977259
5.5412302 2.9610302 -1.7977202
5.0559669 3.7293572 -1.7976791
4.4895215 3.8425779 -1.6908963
4.2958884 3.860188 -1.6525476
3.9875391 4.1421967 -1.6451776
3.7830369 4.3296776 -1.6451591
3.5697558 4.5070648 -1.6451397
3.4599609 4.591845 -1.6451297
3.3481543 4.673955 -1.6451193
3.2344141 4.7533317 -1.6451089
3.1187694 4.8299513 -1.6450981
3.0012987 4.9037561 -1.6450872
2.8820996 4.9747038 -1.6450762
2.7612305 5.042757 -1.6450648
2.5147362 5.1700025 -1.6450418
2.2623827 5.2852116 -1.6450179
2.0047948 5.3881054 -1.6449934
1.609834 5.518856 -1.6449558
1.4761914 5.5560498 -1.6449429
1.3417284 5.5900035 -1.6449301
1.2064648 5.620698 -1.644917
1.0705078 5.6481271 -1.6449038
0.93390626 5.6722608 -1.6448907
0.79679686 5.693099 -1.6448774
-5.3979588 2.0755658 -1.7966381
-5.446455 1.9447278 -1.7966322
-5.4917479 1.8127557 -1.7966266
-5.5338864 1.6797333 -1.7966213
-5.572783 1.5457355 -1.7966163
-5.64083 1.275116 -1.7966074
-5.7373924 0.7256158 -1.7965933
-5.7748337 0.30878478 -1.7965859
-5.7805858 0.16937163 -1.7965842
-5.7776952 -0.24911864 -1.7965809
-5.7700095 -0.38843781 -1.7965804
-5.6813378 -1.0800171 -1.7965834
-5.6226268 -1.3528125 -1.7965868
-5.5883594 -1.4880673 -1.796589
-5.5508494 -1.6224591 -1.7965916
-5.4661427 -1.8883288 -1.7965976
-5.419004 -2.0196548 -1.7966011
-4.7795897 -3.2560833 -1.7966534
-4.617002 -3.4828703 -1.7966675
-4.4436717 -3.70156 -1.7966826
-4.1643748 -4.0132833 -1.7967074
-4.0663671 -4.1126056 -1.7967161
-3.863291 -4.3040128 -1.7967345
-3.6512206 -4.4854026 -1.7967538
-3.5419629 -4.5722089 -1.7967638
-3.4306543 -4.6563544 -1.7967739
-3.2020898 -4.8164749 -1.796795
-2.5992479 -5.1669941 -1.7968513
-2.4738476 -5.2282319 -1.7968631
-2.3470116 -5.2864275 -1.796875
-2.0893164 -5.3935575 -1.7968993
-1.9586035 -5.4424276 -1.7969118
-1.8267187 -5.4881353 -1.7969244
-1.6938183 -5.5306482 -1.7969371
-1.425078 -5.6059976 -1.7969629
-1.1530371 -5.6682963 -1.7969891
-1.0159472 -5.6945038 -1.7970022
-0.74008787 -5.7369666 -1.797029
-0.60146481 -5.7531943 -1.7970425
-0.46250975 -5.7660742 -1.7970561
-0.32326171 -5.7755966 -1.7970697
0.23480467 -5.7800479 -1.7971244
0.65220702 -5.7480612 -1.7971656
1.0662109 -5.6859741 -1.7972069
1.6092187 -5.556942 -1.7972614
1.7428222 -5.5165405 -1.7972747
2.0069335 -5.4261312 -1.7973014
2.3941503 -5.2668948 -1.797341
2.5205274 -5.2076426 -1.7973537
2.6454492 -5.1453509 -1.7973666
2.7688379 -5.0800681 -1.7973793
2.8905957 -5.0118251 -1.7973918
3.1290331 -4.8666272 -1.7974164
3.3601854 -4.7100873 -1.7974406
3.4728515 -4.6276822 -1.7974523
3.9027441 -4.2716041 -1.7974975
4.0046873 -4.1762309 -1.7975084
4.2015233 -3.9782448 -1.7975295
4.2962985 -3.8757408 -1.7975396
4.3885741 -3.7709825 -1.7975496
4.5654197 -3.5549426 -1.7975688
4.7316208 -3.3306165 -1.797587
4.8106055 -3.2155132 -1.7975957
4.9601755 -2.9797521 -1.7976124
5.030654 -2.8592248 -1.7976203
5.0982032 -2.737036 -1.7976282
2.7323534 -0.7725656 -0.88211936
3.007705 -0.7725656 -0.96471393
5.7173829 -0.8928653 -1.7977046
5.7372751 -0.75466853 -1.7977078
5.7538085 -0.61603791 -1.7977105
5.7768555 -0.3377783 -1.7977153
5.7864256 -0.058726501 -1.7977185
5.7514453 0.63807923 -1.797721
5.734365 0.77665341 -1.7977204
5.6902246 1.0523541 -1.7977185
3.2575293 0.76661068 -1.0396374
2.9605858 0.77256471 -0.95054418
5.152832 2.6330822 -1.7976793
4.9488573 2.9988122 -1.7976623
4.798418 3.2340124 -1.7976495
4.636797 3.4616809 -1.7976356
4.4643555 3.6812854 -1.7976205
4.2169528 3.8335669 -1.770474
3.850498 3.8556542 -1.6928217
3.6800194 3.8672111 -1.6584228
3.3635156 4.0901427 -1.645116
3.1622655 4.2475762 -1.6450975
2.9536524 4.3951201 -1.6450782
2.8467381 4.4650664 -1.6450683
2.7381639 4.5324235 -1.6450583
2.6280174 4.597137 -1.6450479
2.5163183 4.6591706 -1.6450375
2.1727343 4.8288579 -1.6450051
2.0555956 4.8798323 -1.6449941
1.6972461 5.0156121 -1.6449602
1.2060156 5.1556764 -1.644913
0.95592773 5.2077708 -1.6448889
0.82999021 5.2292809 -1.6448767
0.70357418 5.2477407 -1.6448644
0.44962889 5.275496 -1.6448398
0.32222655 5.2847629 -1.6448272
0.19462891 5.2909622 -1.6448148
0.066923827 5.2940784 -1.6448023
-0.060820311 5.2941117 -1.6447897
-0.18851562 5.29106 -1.6447772
-0.31611326 5.2849298 -1.6447647
-0.44352537 5.2757273 -1.644752
-0.69748044 5.2481112 -1.6447269
-0.94980466 5.2082787 -1.6447016
-1.3239453 5.1258359 -1.6446643
-1.4472167 5.0923619 -1.6446519
-1.8116602 4.9742584 -1.6446149
-1.9311328 4.9290652 -1.6446029
-2.0494628 4.8810062 -1.6445909
-2.2824903 4.7763891 -1.644567
-2.3970313 4.7199054 -1.6445553
-2.5101855 4.6606641 -1.6445438
-2.7320507 4.53409 -1.6445209
-2.8406346 4.466835 -1.6445097
-2.9475489 4.3969688 -1.6444986
-3.0527246 4.324554 -1.6444876
-3.2577441 4.1722093 -1.6444662
-3.8089354 4.0119181 -1.7185954
-4.179873 3.9974542 -1.7967741
-4.2750778 3.8954265 -1.7967639
-4.3677931 3.7911303 -1.796754
-4.545537 3.5759943 -1.7967346
-4.7921581 3.2378447 -1.7967074
-4.8688865 3.1212804 -1.796699
-4.9427342 3.0028894 -1.7966906
-5.4267869 1.9989227 -1.7966347
-5.4734278 1.8674078 -1.7966288
-5.5570993 1.6012061 -1.7966185
-5.6583104 1.1951184 -1.796605
-5.6854782 1.0582569 -1.7966012
-5.7093453 0.9207837 -1.7965977
-5.7298923 0.78277099 -1.7965945
-5.7609668 0.50546569 -1.796589
-5.7786231 0.22698914 -1.7965848
-5.782402 0.087506101 -1.7965834
-5.7828512 -0.052017823 -1.7965821
-5.7798924 -0.19152069 -1.7965813
-5.7735839 -0.33090422 -1.7965807
-5.763916 -0.47009826 -1.7965804
-5.7345309 -0.74758697 -1.7965809
-5.7148242 -0.88571835 -1.7965817
-5.6918063 -1.0233309 -1.7965827
-5.6654782 -1.1603564 -1.7965842
-5.6358399 -1.2966946 -1.7965859
-5.6029 -1.4322894 -1.7965881
-5.5273046 -1.7008941 -1.7965932
-5.4388571 -1.9655371 -1.7965995
-5.389863 -2.0961883 -1.7966033
-4.8877735 -3.0912437 -1.7966441
-4.8117967 -3.2082736 -1.7966506
-4.7330174 -3.323441 -1.7966573
-4.6514649 -3.4366717 -1.7966644
-4.3908105 -3.764118 -1.7966872
-4.2041602 -3.9715719 -1.7967038
-4.0077438 -4.1697807 -1.7967215
-3.5873632 -4.5366664 -1.7967596
-3.4768846 -4.6219177 -1.7967696
-3.2499316 -4.7843051 -1.7967906
-3.133584 -4.8613467 -1.7968014
-2.8954589 -5.0069046 -1.7968235
-2.6506054 -5.1408143 -1.7968464
-2.2719433 -5.3191485 -1.7968822
-2.012754 -5.4226189 -1.7969067
-1.4808788 -5.5914941 -1.7969575
-1.3455664 -5.6256351 -1.7969705
-1.0726563 -5.6840768 -1.7969968
-0.93522459 -5.7083416 -1.7970102
-0.79722655 -5.7292871 -1.7970234
-0.51995116 -5.7611585 -1.7970505
-0.38081053 -5.772069 -1.7970641
-0.24146484 -5.7796197 -1.7970777
0.037626952 -5.7846231 -1.7971051
0.59487301 -5.7542615 -1.79716
0.73353511 -5.7382793 -1.7971737
0.87175781 -5.7189531 -1.7971874
1.0095019 -5.6962986 -1.7972012
1.1466211 -5.6703329 -1.797215
1.2830957 -5.6410608 -1.7972285
1.6877344 -5.5336242 -1.7972692
1.8207715 -5.4913349 -1.7972827
2.0835645 -5.3971934 -1.7973093
2.2131739 -5.3453932 -1.7973225
2.3415234 -5.2904835 -1.7973355
2.5940039 -5.1714525 -1.7973614
3.1976464 -4.8218522 -1.7974237
3.5380664 -4.5780597 -1.7974591
3.6474805 -4.4913983 -1.7974707
3.7548437 -4.4021163 -1.797482
4.1616306 -4.0199165 -1.7975252
4.3507519 -3.8145342 -1.7975454
4.4415431 -3.708478 -1.7975553
4.5297461 -3.6002612 -1.7975649
4.615293 -3.4899511 -1.7975743
4.7783203 -3.2632992 -1.7975922
4.9302244 -3.0290358 -1.7976091
5.136445 -2.6645815 -1.7976325
2.6318653 -0.7725659 -0.85212058
2.8879297 -0.7725659 -0.92872214
3.2575195 -0.78774166 -1.0411608
5.6557126 -1.2240396 -1.7976958
5.6836228 -1.0872394 -1.7976997
5.7294626 -0.81181699 -1.7977066
5.7473927 -0.67336029 -1.7977095
5.7619724 -0.53450257 -1.7977121
5.7810545 -0.25594267 -1.7977164
5.7855563 -0.11640198 -1.7977178
5.7866893 0.023215026 -1.7977192
5.7844334 0.16281219 -1.7977202
5.7788377 0.30231872 -1.7977209
5.7698631 0.44165039 -1.7977213
5.7228026 0.85776794 -1.79772
5.7004395 0.99558592 -1.7977191
5.6747751 1.1328174 -1.7977177
3.0861816 0.77256531 -0.98834777
2.7978125 0.77256531 -0.90170723
5.1150098 2.7057757 -1.7976761
5.0482421 2.8283782 -1.7976706
4.9785056 2.9493413 -1.7976648
4.83042 3.1860285 -1.7976522
4.6710839 3.4152989 -1.7976385
4.411777 3.7441254 -1.7976159
3.5958691 3.8875377 -1.645137
3.5009961 3.9731371 -1.6451285
3.305244 4.1373439 -1.6451106
3.2044334 4.215857 -1.6451013
3.1017773 4.2919102 -1.6450918
2.8911133 4.4364829 -1.6450725
2.7832129 4.5049152 -1.6450623
2.673701 4.5707221 -1.6450522
2.4500976 4.6943145 -1.6450312
2.1041307 4.8591175 -1.6449988
1.986289 4.9084325 -1.6449876
1.8672656 4.9548869 -1.6449763
1.7471875 4.9984593 -1.6449648
1.626084 5.0391221 -1.6449533
1.5040137 5.076848 -1.6449417
1.381084 5.1116199 -1.6449298
1.2573828 5.1434159 -1.644918
1.0077832 5.1980004 -1.6448939
0.62920898 5.2571583 -1.6448573
0.50217772 5.2707691 -1.6448449
0.24736327 5.2887712 -1.6448199
-0.13577148 5.2926974 -1.6447824
-0.26341796 5.287838 -1.6447699
-0.51817381 5.2688932 -1.6447446
-0.64512694 5.2548175 -1.644732
-0.77171874 5.2376866 -1.6447195
-0.89783204 5.217504 -1.6447068
-1.1484571 5.1680393 -1.6446818
-1.2728027 5.1387901 -1.6446694
-1.5191602 5.0713382 -1.6446446
-2.1183789 4.8514752 -1.6445838
-2.2347655 4.7989249 -1.6445719
-2.3498731 4.743578 -1.6445602
-2.6867285 4.5611119 -1.6445255
-3.0094922 4.3547773 -1.6444921
-3.2160058 4.2044859 -1.6444705
-3.3164744 4.1256461 -1.64446
-3.4150586 4.0444074 -1.6444496
-3.5606835 4.0161786 -1.6674235
-3.7348046 4.013227 -1.7031226
-3.9165039 4.0099649 -1.7413414
-4.4210253 3.7288945 -1.7967482
-4.5096774 3.621129 -1.7967385
-4.6790333 3.3993535 -1.7967199
-4.8375001 3.1696613 -1.7967024
-4.9125586 3.0520153 -1.7966942
-5.4545603 1.9218737 -1.7966313
-5.5408788 1.6565167 -1.7966205
-5.5791993 1.5223596 -1.7966156
-5.6142869 1.3873101 -1.796611
-5.6461129 1.2514575 -1.7966067
-5.6746483 1.1148719 -1.7966027
-5.7403903 0.70155513 -1.7965927
-5.7760644 0.28457701 -1.7965857
-5.78125 0.14513671 -1.796584
-5.7830567 0.0056228638 -1.7965826
-5.7233691 -0.82871246 -1.7965814
-5.7017188 -0.96654755 -1.7965823
-5.6169138 -1.3763721 -1.7965872
-5.5026855 -1.7789865 -1.796595
-5.4581637 -1.9112279 -1.7965982
-5.4104786 -2.0423574 -1.7966017
-4.9183397 -3.0423687 -1.7966415
-4.6023631 -3.5021961 -1.7966686
-4.5165329 -3.6122279 -1.7966762
-4.4281054 -3.720156 -1.7966839
-4.0490918 -4.1296191 -1.7967176
-3.9483202 -4.2261238 -1.7967268
-3.7398827 -4.4117088 -1.7967458
-3.6323826 -4.5006762 -1.7967554
-3.5227733 -4.5870204 -1.7967656
-3.4111035 -4.6707001 -1.7967758
-3.0644336 -4.9052491 -1.7968078
-2.9452245 -4.9777827 -1.796819
-2.5775585 -5.1778483 -1.7968533
-2.3248241 -5.2962255 -1.7968771
-2.1964061 -5.3508043 -1.7968893
-2.0666895 -5.402276 -1.7969015
-1.8037109 -5.4957542 -1.7969265
-1.5365331 -5.5764399 -1.7969521
-1.129248 -5.6730828 -1.7969913
-0.99206054 -5.6987171 -1.7970047
-0.7160449 -5.7400255 -1.7970314
-0.57734376 -5.7556725 -1.7970448
-0.29902342 -5.7769108 -1.7970719
0.39837891 -5.7711315 -1.7971406
0.53749996 -5.7598858 -1.7971543
0.95265621 -5.7060599 -1.7971956
1.0900586 -5.6814628 -1.7972093
1.2268066 -5.6535535 -1.797223
1.4981054 -5.5878782 -1.7972502
1.6324999 -5.5501499 -1.7972636
1.7659472 -5.5091925 -1.7972772
1.8983593 -5.465023 -1.7972904
2.0296581 -5.4176798 -1.7973039
2.5423338 -5.1970372 -1.7973561
2.667002 -5.1342249 -1.7973689
2.790117 -5.0684247 -1.7973815
2.9116015 -4.9996653 -1.797394
3.0313866 -4.9280014 -1.7974064
3.265625 -4.7761059 -1.7974306
3.4922459 -4.6130891 -1.7974544
3.6025391 -4.5275273 -1.7974659
3.7107322 -4.4393234 -1.7974772
3.8167968 -4.3485303 -1.7974886
3.920625 -4.2552104 -1.7974995
4.0221481 -4.1594067 -1.7975101
4.218164 -3.9606009 -1.7975312
4.5802832 -3.5357831 -1.7975705
4.7455564 -3.3107579 -1.7975886
4.9726171 -2.9589324 -1.7976137
3.0608788 -0.7725656 -0.98072362
5.6724801 -1.1438403 -1.797698
5.7403808 -0.73061889 -1.7977083
5.7866111 -0.034472045 -1.7977188
5.7815428 0.24470276 -1.7977206
5.7630076 0.52329588 -1.7977213
5.7487302 0.66218138 -1.7977209
5.7310643 0.80068296 -1.7977204
5.7100778 0.93870479 -1.7977195
5.685781 1.0761908 -1.7977183
5.658154 1.2130517 -1.7977167
3.2575293 0.78103638 -1.0406734
2.6509471 0.77256471 -0.85781151
5.0076756 2.8995683 -1.7976671
4.8619432 3.1377282 -1.797655
4.5369139 3.5915735 -1.797627
4.4488964 3.6999688 -1.7976191
3.6539159 3.8722022 -1.6539807
3.1444335 4.2607884 -1.6450958
3.0406933 4.3353863 -1.6450862
2.9351854 4.407455 -1.6450765
2.7191405 4.5438538 -1.6450564
2.3833787 4.7285175 -1.645025
2.2686036 4.7846055 -1.6450143
2.1524901 4.8379107 -1.6450033
2.0351269 4.8884015 -1.6449922
1.7969335 4.9808106 -1.6449696
1.6762304 5.0226746 -1.644958
1.4319726 5.0976124 -1.6449347
1.1844238 5.1606793 -1.6449111
0.93407226 5.2117267 -1.6448867
0.68158203 5.2506371 -1.6448623
0.55470699 5.2655125 -1.64485
0.42751953 5.2773218 -1.6448376
0.17244141 5.2917247 -1.6448126
0.044736326 5.2943015 -1.6448001
-0.33827147 5.2835522 -1.6447624
-0.59273434 5.2610049 -1.6447372
-0.84579098 5.2262092 -1.644712
-0.97164059 5.2042451 -1.6446996
-1.2215136 5.1512394 -1.6446745
-1.3454297 5.1202331 -1.6446621
-1.4685644 5.0862455 -1.6446497
-1.5908301 5.0492964 -1.6446375
-2.069912 4.8723612 -1.6445889
-2.4167969 4.7098083 -1.6445533
-2.529707 4.6500916 -1.6445417
-2.6411524 4.587678 -1.6445303
-3.1739452 4.23634 -1.6444749
-3.3745604 4.0782566 -1.6444539
-3.493994 4.021008 -1.654886
-3.6620018 4.0144801 -1.6880794
-4.1966114 3.9798918 -1.7967722
-4.3836427 3.7727838 -1.7967521
-4.4733591 3.6659136 -1.7967426
-4.5604687 3.556906 -1.7967329
-4.7266893 3.3327477 -1.7967148
-4.8819041 3.1008403 -1.7966975
-4.9552732 2.9821446 -1.7966893
-5.4351268 1.9761572 -1.7966336
-5.4812107 1.8444464 -1.7966279
-5.5240917 1.7116662 -1.7966226
-5.5637498 1.5779022 -1.7966175
-5.6001954 1.443208 -1.7966129
-5.6333594 1.3076751 -1.7966084
-5.6898632 1.0344049 -1.7966005
-5.7131443 0.896842 -1.7965971
-5.7729492 0.34214109 -1.7965864
-5.7825685 -0.076264955 -1.796582
-5.7313476 -0.77162319 -1.796581
-5.6874609 -1.047182 -1.7965831
-5.5968552 -1.4557718 -1.7965884
-5.5201464 -1.7240472 -1.7965938
-5.4305663 -1.9883236 -1.7966003
-4.9484177 -2.9931879 -1.7966391
-4.8747849 -3.1117141 -1.7966453
-4.7190528 -3.3432536 -1.7966586
-4.6370411 -3.4561412 -1.7966657
-4.5523143 -3.5670259 -1.7966731
-4.375 -3.7824905 -1.7966887
-4.2824903 -3.8869586 -1.7966969
-4.1874804 -3.9891646 -1.7967052
-3.9902344 -4.1865458 -1.796723
-3.8880761 -4.2816195 -1.7967322
-3.7836719 -4.3742013 -1.7967416
-3.4574902 -4.6364541 -1.7967715
-3.3446386 -4.7185464 -1.7967819
-3.1131737 -4.8744483 -1.7968032
-2.8744531 -5.0190048 -1.7968255
-2.5040135 -5.2138429 -1.7968602
-2.12042 -5.381392 -1.7968965
-1.8584082 -5.4774852 -1.7969214
-1.592041 -5.5608311 -1.7969469
-1.1857421 -5.6615286 -1.7969859
-1.0488086 -5.6885314 -1.7969992
-0.91127926 -5.7122202 -1.7970124
-0.63467771 -5.7496166 -1.7970393
-0.49580076 -5.7632971 -1.7970527
0.061874997 -5.7844286 -1.7971073
0.20141602 -5.7812934 -1.797121
0.34082031 -5.7747979 -1.7971349
0.48004881 -5.7649403 -1.7971487
0.75756836 -5.7351599 -1.7971761
0.89574218 -5.7152581 -1.79719
1.1703906 -5.6654825 -1.7972174
1.306748 -5.6356449 -1.797231
2.1061621 -5.3884153 -1.7973115
2.2355566 -5.3360801 -1.7973248
2.8616114 -5.0284324 -1.7973889
2.9821289 -4.9579611 -1.7974012
3.4460742 -4.6476593 -1.7974495
3.5572166 -4.5631948 -1.7974612
3.6662986 -4.4760704 -1.7974726
3.7732322 -4.3863468 -1.7974839
3.8779881 -4.2940698 -1.7974949
3.9804981 -4.1992846 -1.7975057
4.0806737 -4.102057 -1.7975165
4.4570603 -3.6898305 -1.797557
4.544785 -3.5812449 -1.7975665
4.7919626 -3.2432415 -1.7975936
4.8688278 -3.1267016 -1.7976022
5.0822754 -2.766438 -1.7976263
5.6608005 -1.2003305 -1.7976965
5.7121286 -0.9258728 -1.7977039
5.7328124 -0.78779203 -1.7977071
5.7641697 -0.51035124 -1.7977126
5.7820802 -0.23170684 -1.7977166
5.7859764 -0.092142329 -1.7977182
5.7775192 0.3265399 -1.7977209
5.7679586 0.46583313 -1.7977213
5.7550488 0.6048547 -1.797721
5.7191601 0.88174927 -1.7977198
5.6962204 1.0194696 -1.7977188
5.1036229 2.7271936 -1.7976751
4.9661036 2.9701746 -1.7976637
4.8929882 3.0891118 -1.7976576
4.8170018 3.2062476 -1.7976512
4.6567087 3.4348485 -1.7976373
4.5724607 3.5461719 -1.79763
4.4855762 3.655443 -1.7976223
4.0737791 3.842284 -1.7396748
3.5795312 3.9025738 -1.6451354
3.1867285 4.229249 -1.6450998
2.7643065 4.5165362 -1.6450607
2.6545312 4.5818849 -1.6450505
2.4304004 4.7045364 -1.6450294
2.3161817 4.7617698 -1.6450187
2.08375 4.8678899 -1.6449968
1.7262206 5.0057316 -1.6449629
1.6049316 5.0458884 -1.6449513
1.4827245 5.0830994 -1.6449395
1.3596485 5.1173544 -1.6449277
1.235791 5.1486301 -1.6449159
1.1112207 5.1769085 -1.6449038
0.73388672 5.2436032 -1.6448674
0.48008788 5.2728167 -1.6448426
-5.0428419 1.8006097 -1.7966707
-5.084795 1.6784204 -1.7966654
-5.1928124 1.3062817 -1.7966517
-5.2228222 1.1806219 -1.7966475
-5.2497458 1.0542712 -1.796644
-5.2736521 0.92731017 -1.7966404
-5.2944922 0.79980892 -1.7966374
-5.3384471 0.41481507 -1.7966298
-5.3468847 0.28590271 -1.7966278
-5.3544626 0.027651671 -1.7966249
-5.3495507 -0.23065917 -1.7966232
-5.3321676 -0.4884381 -1.7966228
-5.3188672 -0.61693448 -1.7966229
-5.302412 -0.74507719 -1.7966235
-5.2346482 -1.1266003 -1.7966268
-5.1742382 -1.377793 -1.7966306
-5.139492 -1.5022247 -1.796633
-5.0610743 -1.7483938 -1.7966386
-4.6317577 -2.6868215 -1.7966728
-4.5656347 -2.7977905 -1.7966783
-4.351377 -3.1206789 -1.7966965
-4.1957908 -3.3269696 -1.7967101
-4.0304785 -3.5255194 -1.7967247
-3.9442871 -3.6217432 -1.7967323
-3.7650096 -3.8078203 -1.7967483
-3.6720605 -3.8975623 -1.7967567
-3.5769725 -3.985039 -1.7967652
-3.4798241 -4.0701947 -1.7967741
-3.1763964 -4.3112607 -1.7968019
-2.9647655 -4.4595103 -1.7968214
-2.856328 -4.5297618 -1.7968315
-2.6345313 -4.6623259 -1.7968521
-2.5212989 -4.7245584 -1.7968627
-2.4065917 -4.7840405 -1.7968735
-2.290498 -4.8407354 -1.7968844
-2.1730566 -4.8946185 -1.7968954
-2.0543554 -4.9456487 -1.7969067
-1.9344629 -4.9938016 -1.796918
-1.8134277 -5.0390482 -1.7969296
-1.6913378 -5.081367 -1.7969412
-1.5682812 -5.1207213 -1.796953
-1.4442773 -5.1571002 -1.7969649
-1.0675585 -5.248157 -1.797001
-0.81318355 -5.2936187 -1.7970256
-0.68523437 -5.3117313 -1.7970381
-0.42822266 -5.3386731 -1.7970631
-0.041005857 -5.3557763 -1.7971009
0.088222653 -5.3552451 -1.7971137
0.6038574 -5.3219748 -1.7971646
0.85988277 -5.2867236 -1.7971901
0.987207 -5.2644796 -1.7972027
1.3653711 -5.1794095 -1.7972406
1.8581445 -5.0238795 -1.7972903
1.9788183 -4.977622 -1.7973025
2.21666 -4.8764415 -1.7973268
2.3336816 -4.8215761 -1.7973388
2.6763086 -4.6402655 -1.7973739
2.7874901 -4.5743799 -1.7973856
2.8970799 -4.5058289 -1.7973968
3.0049412 -4.4346523 -1.797408
3.1110742 -4.3608942 -1.7974191
3.2153904 -4.2845936 -1.7974299
3.3178515 -4.2057981 -1.7974408
3.5168943 -4.0409079 -1.7974616
3.6133983 -3.9549074 -1.7974719
3.7077734 -3.8666043 -1.7974818
3.9777734 -3.5883882 -1.7975107
4.2269239 -3.2913721 -1.7975378
4.4539552 -2.9771025 -1.7975628
4.5244823 -2.8687944 -1.7975706
4.5924025 -2.7588184 -1.7975782
4.6576462 -2.6472292 -1.7975856
5.2473927 -1.0810336 -1.7976568
5.3118653 -0.69871002 -1.7976664
5.3271875 -0.57036102 -1.7976691
5.3393946 -0.44167143 -1.7976713
5.3544922 -0.18360199 -1.797675
5.3573728 -0.05437164 -1.7976763
5.3537693 0.20411682 -1.7976782
5.3376856 0.46212706 -1.7976788
5.3091798 0.71906555 -1.7976782
5.2902927 0.84693724 -1.7976774
3.2575195 0.76661134 -1.1228719
2.9605761 0.77256531 -1.0266464
2.6929102 0.77256531 -0.94001448
4.7105565 2.5522285 -1.7976352
4.6475782 2.6651213 -1.7976298
4.5819335 2.7764623 -1.7976243
4.5135937 2.8861852 -1.7976185
4.2929883 3.2050128 -1.7975996
4.2144041 3.3076396 -1.7975928
4.0499315 3.5070496 -1.7975783
3.8760154 3.6982958 -1.7975628
3.0395508 3.8840911 -1.6549586
2.8321776 4.0021219 -1.6450629
1.9032031 4.5180583 -1.644976
1.683037 4.6045427 -1.6449552
1.4589453 4.6803074 -1.6449337
1.3455957 4.7141113 -1.6449229
1.2314649 4.745172 -1.6449121
1.0011328 4.798985 -1.6448898
0.88504881 4.8217077 -1.6448786
0.65142578 4.8587198 -1.6448561
0.53400391 4.8729901 -1.6448447
0.06194336 4.9016314 -1.6447985
-0.29267576 4.8931742 -1.6447636
-0.64578122 4.8590946 -1.6447287
-0.7628125 4.8420634 -1.6447169
-0.99546874 4.7995615 -1.6446937
-1.4532812 4.6811752 -1.6446478
-1.5658106 4.6447186 -1.6446364
-2.1133204 4.4223747 -1.6445806
-2.2193651 4.3700724 -1.6445699
-2.4275584 4.2578716 -1.6445484
-2.5295801 4.1980381 -1.6445379
-2.6300292 4.1357651 -1.6445276
-2.729043 4.0710816 -1.6445172
-2.8330176 4.0136094 -1.64844
-2.9728417 4.0027905 -1.6729736
-3.1235936 4.000401 -1.7029852
-3.2798145 3.9977465 -1.7350439
-3.4419432 3.9948082 -1.7693049
-3.5923338 3.9714563 -1.7968316
-3.7796972 3.7935033 -1.7968116
-3.8701074 3.7011955 -1.796802
-4.1275682 3.4115605 -1.7967743
-4.4370117 2.9978876 -1.7967404
-4.5080371 2.8899646 -1.7967324
-4.5764451 2.7803485 -1.7967248
-5.0246387 1.850791 -1.7966728
-5.108037 1.6062554 -1.7966626
-5.1795411 1.3579834 -1.7966534
-5.2107811 1.2326226 -1.7966493
-5.2862501 0.85254818 -1.7966386
-5.3211913 0.59655702 -1.796633
-5.334033 0.46800902 -1.7966306
-5.35041 0.21016662 -1.7966268
-5.3539062 0.081021726 -1.7966254
-5.3543067 -0.048164673 -1.7966243
-5.3367872 -0.43526092 -1.7966228
-5.3247361 -0.56389219 -1.7966228
-5.2700391 -0.94749784 -1.7966249
-5.2456446 -1.0743676 -1.7966262
-5.2181931 -1.2006054 -1.7966278
-5.1177049 -1.5748471 -1.7966344
-5.0782228 -1.6978564 -1.7966374
-4.5255661 -2.86216 -1.7966816
-4.455205 -2.9705162 -1.7966877
-4.0654101 -3.4851623 -1.7967216
-3.8925879 -3.6772392 -1.7967368
-3.8027732 -3.770097 -1.7967449
-3.3214843 -4.2004485 -1.7967886
-3.2191992 -4.2793775 -1.7967979
-3.0090723 -4.4297256 -1.7968173
-2.9013379 -4.5010571 -1.7968272
-2.7919042 -4.5697694 -1.7968374
-2.5682518 -4.6991758 -1.7968583
-2.4541698 -4.7598004 -1.796869
-2.3386328 -4.8176527 -1.7968799
-2.2217383 -4.8727012 -1.7968909
-2.1035352 -4.9249139 -1.7969019
-1.6192187 -5.104825 -1.7969481
-1.3711327 -5.1770582 -1.7969718
-1.1198242 -5.2372379 -1.796996
-0.86589843 -5.2852306 -1.7970206
-0.73813474 -5.3046207 -1.7970328
-0.48140624 -5.3341269 -1.7970579
-0.35258788 -5.3442249 -1.7970704
-0.22354491 -5.3512115 -1.7970831
0.16402343 -5.3534808 -1.797121
0.29313475 -5.3480029 -1.7971339
0.55079103 -5.3277135 -1.7971594
0.8071484 -5.2950182 -1.7971847
1.0616211 -5.2499957 -1.7972102
1.1880078 -5.2228913 -1.7972229
1.3136425 -5.1927471 -1.7972354
1.4385742 -5.1595783 -1.7972479
1.6857812 -5.0842514 -1.7972729
1.8079687 -5.0421371 -1.7972853
1.9291015 -4.9970832 -1.7972975
2.0491114 -4.9491229 -1.7973096
2.4017088 -4.7880669 -1.7973456
2.5165625 -4.7287626 -1.7973574
2.8520019 -4.5344682 -1.7973921
2.9605956 -4.4643731 -1.7974033
3.0674317 -4.3916736 -1.7974145
3.37708 -4.158411 -1.7974468
3.5737696 -3.9907179 -1.7974676
3.6690331 -3.9033601 -1.7974777
3.9417968 -3.6278503 -1.7975068
4.0281835 -3.5317156 -1.7975161
4.1938868 -3.3333292 -1.7975341
4.2731051 -3.2311993 -1.7975428
4.4956641 -2.9137452 -1.7975674
4.5646777 -2.8044519 -1.797575
4.6310253 -2.6935189 -1.7975825
4.6946874 -2.5810211 -1.7975898
3.2575195 -0.78774077 -1.1245166
5.2363572 -1.1332816 -1.7976553
5.2621875 -1.0066223 -1.7976589
5.2849512 -0.87938231 -1.7976623
5.3046484 -0.75162292 -1.7976652
5.3212399 -0.62343138 -1.797668
5.3347363 -0.4948709 -1.7976704
5.3451266 -0.36602813 -1.7976725
5.3524122 -0.23696563 -1.7976744
5.3565626 -0.1077713 -1.7976758
5.3576074 0.021495361 -1.7976772
5.342031 0.40890259 -1.7976788
5.3306055 0.53766054 -1.7976788
5.3160839 0.66611081 -1.7976785
5.2984762 0.79416561 -1.7976779
5.2777734 0.92176449 -1.7976769
5.2539845 1.048822 -1.7976756
3.0861914 0.7725659 -1.0674758
2.7978125 0.77256531 -0.97389883
4.609375 2.7306566 -1.7976266
4.5421481 2.8410614 -1.797621
4.3997755 3.0568261 -1.7976089
4.3247461 3.1620696 -1.7976023
4.2471776 3.2654736 -1.7975956
4.1671386 3.3669751 -1.7975886
4.0846777 3.4665191 -1.7975814
3.9127049 3.6594822 -1.7975662
3.823252 3.7527924 -1.7975581
3.4004393 3.85901 -1.7258008
3.2460546 3.868084 -1.6943321
3.0970018 3.8766754 -1.6648737
2.9668651 3.9032867 -1.6450753
2.7802441 4.0489526 -1.6479656
2.6767578 4.1075621 -1.6450485
1.8390331 4.5445404 -1.6449701
1.7288476 4.5875535 -1.6449596
1.5055273 4.6655455 -1.6449383
1.3925195 4.7004766 -1.6449275
1.278711 4.7326732 -1.6449165
1.0489258 4.7887802 -1.6448945
0.93306637 4.8126616 -1.6448833
0.81667966 4.8337393 -1.6448721
0.58255857 4.8674383 -1.6448493
0.3470996 4.8898029 -1.6448263
0.22901367 4.8967204 -1.6448148
0.11082031 4.9007835 -1.6448033
-0.24389648 4.8958659 -1.6447684
-0.36192381 4.8885202 -1.6447568
-0.47977537 4.8783331 -1.644745
-0.83128905 4.830759 -1.6447101
-0.94757813 4.8092604 -1.6446985
-1.2928905 4.7280383 -1.6446639
-1.6313964 4.6220622 -1.6446298
-1.7424316 4.5813274 -1.6446185
-1.9613476 4.4918857 -1.6445962
-2.1757324 4.3919907 -1.6445744
-2.2810254 4.3381901 -1.6445636
-2.3850098 4.2818694 -1.6445528
-2.4876075 4.2230582 -1.6445422
-2.5887303 4.1617889 -1.6445318
-3.5400782 3.9929461 -1.7905021
-3.6482031 3.9201744 -1.7968256
-3.8330176 3.7395904 -1.796806
-4.4069238 3.0419731 -1.7967436
-4.5484958 2.8258324 -1.7967279
-4.6153221 2.7152672 -1.7967204
-5.0059376 1.9007819 -1.7966751
-5.0503321 1.7794518 -1.7966697
-5.0917673 1.6570892 -1.7966646
-5.1657419 1.4095446 -1.7966552
-5.1982422 1.2845019 -1.796651
-5.227705 1.158717 -1.796647
-5.2541308 1.0322546 -1.7966434
-5.2775097 0.90519774 -1.7966399
-5.2977929 0.77760738 -1.7966369
-5.3291211 0.52115172 -1.7966316
-5.3480468 0.26348814 -1.7966275
-5.3528419 0.1343814 -1.796626
-5.3300977 -0.51078337 -1.7966228
-5.2992673 -0.76730007 -1.7966235
-5.256084 -1.0220273 -1.7966256
-5.2298923 -1.1485342 -1.7966272
-5.2006736 -1.2743753 -1.7966288
-5.0536914 -1.7695956 -1.7966391
-5.009541 -1.8910073 -1.7966424
-4.6204882 -2.7062109 -1.7966737
-4.5538573 -2.8169072 -1.7966794
-4.3382812 -3.1388946 -1.7966976
-4.2612987 -3.2426543 -1.7967044
-4.0999317 -3.4444625 -1.7967186
-4.0156736 -3.5423851 -1.796726
-3.8401561 -3.7319982 -1.7967416
-3.4627244 -4.0847535 -1.7967756
-3.3631835 -4.1671252 -1.7967848
-3.0530565 -4.3995042 -1.7968131
-2.9460547 -4.4719038 -1.796823
-2.6149707 -4.6733341 -1.7968539
-2.3865235 -4.7940922 -1.7968752
-2.2701952 -4.8502984 -1.7968862
-2.1525292 -4.9036903 -1.7968974
-1.9135156 -5.001874 -1.7969199
-1.546787 -5.1272607 -1.7969549
-1.4226562 -5.1631198 -1.7969668
-1.2976855 -5.1959729 -1.7969788
-1.1719726 -5.2258043 -1.7969909
-1.0455469 -5.252594 -1.7970031
-0.79097652 -5.2969871 -1.7970278
-0.66295898 -5.3145623 -1.7970402
-0.40584961 -5.3404307 -1.7970653
0.11066406 -5.354835 -1.7971159
0.88205075 -5.283082 -1.7971922
1.2618359 -5.2055674 -1.7972302
1.3870507 -5.1736469 -1.7972429
1.6350293 -5.1007905 -1.7972677
1.8791991 -5.0160522 -1.7972925
1.9996679 -4.9692883 -1.7973046
2.118994 -4.9196353 -1.7973169
2.6957519 -4.629014 -1.7973759
2.8066504 -4.5626593 -1.7973874
3.533828 -4.026135 -1.7974635
3.9927635 -3.5716827 -1.7975123
4.0778027 -3.4743352 -1.7975216
4.5364747 -2.8498108 -1.797572
4.6039352 -2.7395453 -1.7975794
4.6687012 -2.6276836 -1.7975868
2.7767577 -0.77256531 -0.96709096
3.2575195 -0.73908168 -1.1207916
5.296875 -0.80446929 -1.797664
5.3412008 -0.41928527 -1.7976718
5.3497753 -0.29030395 -1.7976736
5.3567677 0.097350158 -1.7976775
5.3458495 0.355625 -1.7976788
5.3061132 0.74131405 -1.7976782
5.2866893 0.86910152 -1.7976773
5.2641797 0.99639523 -1.7976762
5.2386131 1.1231073 -1.7976748
3.2575195 0.78103638 -1.1239904
2.9105859 0.7725659 -1.0104218
2.6509376 0.77256531 -0.92648816
4.6363673 2.6845758 -1.7976289
4.5702438 2.7956414 -1.7976234
4.2795215 3.2229772 -1.7975984
4.1190233 3.4256396 -1.7975843
4.0351853 3.5239935 -1.797577
3.9489648 3.6203015 -1.7975694
3.8604686 3.7145061 -1.7975614
3.4658689 3.8551092 -1.7394215
2.6183202 4.1450391 -1.6450431
2.5175586 4.2069731 -1.6450338
1.6637012 4.6115551 -1.6449533
1.5519824 4.6503205 -1.6449428
1.4393164 4.686377 -1.6449319
1.2115723 4.7502875 -1.6449101
0.86482418 4.8253717 -1.6448767
0.27781248 4.8942094 -1.6448196
-0.076855466 4.901381 -1.6447848
-0.19508788 4.8980656 -1.6447732
-0.31317383 4.8918977 -1.6447614
-0.66614258 4.8563366 -1.6447265
-0.89959961 4.8184791 -1.6447034
-1.0155957 4.7953405 -1.6446917
-1.130957 4.7694139 -1.6446801
-1.2456836 4.7407084 -1.6446687
-1.3596972 4.7092419 -1.6446573
-1.4729004 4.6750312 -1.6446458
-1.5852441 4.6381078 -1.6446344
-1.6966504 4.5984826 -1.644623
-1.8070996 4.556179 -1.644612
-1.9164844 4.5112247 -1.6446007
-2.0247557 4.4636426 -1.6445898
-2.2376561 4.360723 -1.644568
-2.3422167 4.3054419 -1.6445571
-2.5471387 4.187398 -1.6445361
-2.6474121 4.1246991 -1.6445258
-2.8564258 4.0104823 -1.6520568
-3.4707713 3.9942682 -1.7754931
-3.6089745 3.9563525 -1.7968298
-3.7033496 3.8681157 -1.7968199
-3.7955663 3.7776263 -1.7968099
-3.8855858 3.684931 -1.7968004
-4.1418262 3.3942266 -1.7967727
-4.5201073 2.8710382 -1.7967311
-5.1147265 1.5848205 -1.7966616
-5.185205 1.3362573 -1.7966527
-5.2159081 1.2107691 -1.7966485
-5.2682128 0.95775265 -1.7966413
-5.2897754 0.83038086 -1.7966381
-5.3359666 0.44564086 -1.7966303
-5.3541989 0.058576658 -1.7966251
-5.354033 -0.070614621 -1.7966241
-5.350781 -0.19976196 -1.7966233
-5.3443942 -0.32878661 -1.7966229
-5.3349023 -0.45762968 -1.7966228
-5.3223143 -0.58620787 -1.7966229
-5.3066406 -0.71444362 -1.7966232
-5.2878613 -0.8422519 -1.7966239
-5.265996 -0.96957946 -1.796625
-5.2131052 -1.2224749 -1.7966281
-5.1480856 -1.4725109 -1.7966323
-5.111074 -1.5962859 -1.7966349
-5.0281348 -1.8409805 -1.796641
-4.6472168 -2.660022 -1.7966714
-4.5817184 -2.7713737 -1.7966769
-4.5135255 -2.8811123 -1.7966827
-4.3693357 -3.0954897 -1.7966951
-4.2934079 -3.2000165 -1.7967017
-4.214951 -3.3026762 -1.7967085
-4.0507712 -3.5021765 -1.7967229
-3.7869236 -3.7860088 -1.7967464
-3.6945019 -3.8762813 -1.7967547
-3.404541 -4.1333866 -1.7967809
-3.3038573 -4.214334 -1.7967901
-3.2012596 -4.2928343 -1.7967995
-3.0967577 -4.3688455 -1.7968092
-2.8824413 -4.5131874 -1.796829
-2.772754 -4.5814333 -1.7968392
-2.4341893 -4.7700558 -1.7968708
-2.3184278 -4.8274155 -1.7968817
-2.0828807 -4.9336929 -1.796904
-1.9632715 -4.9825397 -1.7969153
-1.8425097 -5.0284848 -1.7969269
-1.7206836 -5.0715036 -1.7969384
-1.5978124 -5.1115727 -1.79695
-1.4740527 -5.1486688 -1.7969619
-1.349414 -5.1827683 -1.7969738
-1.2239844 -5.2138476 -1.7969859
-1.0978613 -5.2418933 -1.7969981
-0.97109371 -5.2668943 -1.7970103
-0.84373045 -5.2888217 -1.7970227
-0.58764648 -5.3234382 -1.7970475
-0.33017579 -5.3456626 -1.7970725
-0.07193359 -5.3554411 -1.7970979
0.057275388 -5.3556561 -1.7971106
0.18647461 -5.3527517 -1.7971234
0.31556639 -5.3467331 -1.7971361
0.44447264 -5.3376036 -1.7971488
0.57310545 -5.3253655 -1.7971616
0.70143551 -5.3100257 -1.7971743
0.8293457 -5.2915955 -1.797187
0.95674801 -5.2700839 -1.7971997
1.2098827 -5.2178712 -1.797225
1.3354394 -5.187201 -1.7972376
1.5840918 -5.1168199 -1.7972627
1.7070996 -5.077148 -1.7972751
1.8291016 -5.0345216 -1.7972875
1.9500488 -4.9889584 -1.7972996
2.3057714 -4.8349667 -1.797336
2.4217675 -4.7779622 -1.7973478
2.6494629 -4.6556449 -1.7973711
2.870996 -4.5224767 -1.797394
3.0858202 -4.378787 -1.7974163
3.2934961 -4.2248869 -1.7974381
3.3944824 -4.1442213 -1.7974486
3.4935057 -4.0611429 -1.7974592
3.5904686 -3.9757097 -1.7974695
3.6853611 -3.8879483 -1.7974795
3.9569726 -3.6113009 -1.7975085
4.1265917 -3.4162569 -1.7975268
4.2866306 -3.2132573 -1.7975444
4.4366794 -3.0027783 -1.7975608
4.5078611 -2.8948801 -1.7975688
2.9371874 -0.7725656 -1.0190516
3.2575195 -0.77329862 -1.1233882
5.2663474 -0.98456055 -1.7976595
5.3367577 -0.47250792 -1.7976708
5.3533497 -0.21452576 -1.7976747
5.3569627 -0.085310668 -1.7976761
5.3574705 0.043945618 -1.7976773
5.3491211 0.3023285 -1.7976786
5.2950974 0.81636781 -1.7976778
5.2738671 0.94387996 -1.7976767
5.2495508 1.0708423 -1.7976755
3.2575293 0.7467761 -1.121366
2.7527831 0.77256471 -0.95934415
4.5979004 2.7499456 -1.7976257
4.4598632 2.9685185 -1.797614
4.152998 3.3844116 -1.7975874
4.070117 3.4836059 -1.7975801
3.9848535 3.5807707 -1.7975726
3.8972948 3.6758466 -1.7975649
3.5323241 3.8511188 -1.7534198
3.2197948 3.869611 -1.6890751
2.855166 3.9857068 -1.6450649
2.6595311 4.118742 -1.6450469
2.5593555 4.1816821 -1.6450377
2.4577246 4.2421908 -1.6450282
2.0374413 4.4591694 -1.6449887
1.9292675 4.506999 -1.6449786
1.709619 4.5947533 -1.6449577
1.4859375 4.6718125 -1.6449363
1.3728125 4.7062674 -1.6449255
1.2588574 4.7379856 -1.6449146
1.0288184 4.7931285 -1.6448926
0.91289061 4.8165226 -1.6448814
0.79641598 4.8371105 -1.6448702
0.6794824 4.8548841 -1.6448587
0.44451171 4.8819437 -1.6448359
-4.68999 1.6746179 -1.7967042
-4.8294725 1.2148821 -1.7966865
-4.8573632 1.0980121 -1.7966828
-4.8824415 0.98050535 -1.7966794
-4.9541602 0.50545776 -1.7966684
-4.9727736 0.26589873 -1.7966644
-4.9777341 0.14584808 -1.7966628
-4.9789743 -0.094427794 -1.7966608
-4.9752245 -0.21452056 -1.7966601
-4.9686131 -0.33448914 -1.7966597
-4.931416 -0.69294339 -1.7966603
-4.9132614 -0.81171662 -1.796661
-4.8683887 -1.0477725 -1.7966635
-4.8417087 -1.1649203 -1.7966652
-4.7798924 -1.3971151 -1.7966691
-4.3076854 -2.4988186 -1.7967062
-4.2461619 -2.6020234 -1.7967114
-4.1157322 -2.8038318 -1.7967224
-3.9022167 -3.094171 -1.796741
-3.8264549 -3.1874261 -1.7967476
-3.7484472 -3.2788267 -1.7967544
-3.6682615 -3.3683178 -1.7967616
-3.5015526 -3.5413702 -1.7967765
-3.415117 -3.6248343 -1.7967843
-3.1440527 -3.8623779 -1.7968088
-3.0499804 -3.9371223 -1.7968174
-2.8565428 -4.0797005 -1.7968353
-2.656455 -4.2127872 -1.7968538
-2.5540624 -4.2756696 -1.7968633
-2.238203 -4.4492602 -1.7968928
-2.1302049 -4.5019855 -1.796903
-1.9105957 -4.5995531 -1.7969238
-1.7990723 -4.6443353 -1.7969344
-1.6865234 -4.6864142 -1.796945
-1.5729785 -4.7257681 -1.7969558
-1.3432128 -4.7962012 -1.7969778
-1.2271289 -4.8272395 -1.796989
-0.87480468 -4.9034405 -1.7970229
-0.6372754 -4.9399929 -1.7970458
-0.27836913 -4.9732404 -1.797081
-0.15831055 -4.9785404 -1.7970927
0.08203125 -4.9804444 -1.7971162
0.20217773 -4.9770494 -1.7971281
0.32218748 -4.9707584 -1.7971399
0.44201171 -4.9615684 -1.7971518
0.56160158 -4.9494925 -1.7971636
0.68084961 -4.9345355 -1.7971754
0.91808593 -4.8960152 -1.797199
1.1532227 -4.8460956 -1.7972226
1.2697852 -4.8168936 -1.7972343
1.5006835 -4.7500968 -1.7972575
1.8403223 -4.6292176 -1.797292
1.9514843 -4.5835004 -1.7973033
2.3841307 -4.3742323 -1.7973475
2.4889843 -4.3154631 -1.7973584
2.6942675 -4.190433 -1.7973796
2.7946191 -4.1242347 -1.79739
2.9903221 -3.9846792 -1.7974104
3.1790917 -3.8358355 -1.7974303
3.3604491 -3.6780608 -1.7974494
3.533994 -3.5117199 -1.7974677
4.0037403 -2.9652514 -1.7975186
4.0741405 -2.86781 -1.7975264
4.142168 -2.7686968 -1.7975339
4.2709179 -2.5656896 -1.7975483
4.3316016 -2.4619122 -1.7975552
4.3897362 -2.3566997 -1.7975618
3.0076952 -0.7725656 -1.1203624
3.2575195 -0.75345182 -1.2062954
4.8800488 -1.0053537 -1.7976214
4.954248 -0.53043121 -1.7976327
4.9656053 -0.41075072 -1.7976348
4.9740624 -0.29083708 -1.7976366
4.9820995 0.069651484 -1.7976407
4.9729199 0.30989134 -1.7976418
4.9640136 0.42977417 -1.7976419
4.9521875 0.54940736 -1.7976418
4.93749 0.66872555 -1.7976413
4.8994923 0.90611386 -1.7976396
2.9605858 0.77256531 -1.1039066
3.9193749 3.0760913 -1.7975618
3.8440137 3.1697404 -1.7975552
3.5206249 3.5253472 -1.7975265
3.4345214 3.6092424 -1.7975187
3.3464355 3.6910374 -1.7975107
2.8792284 3.8674235 -1.7395303
2.742285 3.8752551 -1.7127901
2.4799511 3.8897483 -1.6643227
2.3602049 3.9065983 -1.6466825
2.2629492 3.9583671 -1.6450067
2.0692675 4.0628705 -1.6449885
1.8708398 4.1579032 -1.6449697
1.6680664 4.2432604 -1.6449506
1.2514062 4.3841434 -1.6449108
1.0384668 4.4393482 -1.6448904
0.82309568 4.48422 -1.6448697
0.38716796 4.5425501 -1.6448274
0.27745116 4.5505381 -1.6448165
0.16757812 4.5558796 -1.6448059
0.057636719 4.5585642 -1.6447951
-0.16233398 4.5559769 -1.6447735
-0.2721875 4.550705 -1.6447626
-0.38189453 4.5427823 -1.6447519
-0.70942384 4.5031824 -1.6447194
-0.81786132 4.4847245 -1.6447085
-1.1400293 4.4137483 -1.6446763
-1.2461621 4.3849301 -1.6446655
-1.3515918 4.3535657 -1.644655
-1.5599902 4.2832475 -1.6446339
-1.8656445 4.1591339 -1.6446028
-2.0639844 4.0642457 -1.6445825
-2.1614745 4.0132403 -1.6445724
-2.535918 3.9876752 -1.7049707
-2.8119433 3.9834416 -1.7591696
-2.9566307 3.9809465 -1.7890579
-3.2509081 3.7730865 -1.7968633
-3.5152049 3.528048 -1.7968354
-3.599287 3.4422002 -1.7968265
-3.8387597 3.1728387 -1.7968006
-3.91416 3.0792878 -1.7967924
-4.126543 2.7881169 -1.796769
-4.1926074 2.6877446 -1.7967618
-4.2561913 2.5858026 -1.7967546
-4.8461914 1.1463757 -1.7966844
-4.8724122 1.0291259 -1.7966807
-4.9163771 0.7928955 -1.7966745
-4.934072 0.67405152 -1.7966717
-4.9488864 0.55481505 -1.7966692
-4.9608107 0.43526244 -1.796667
-4.9796677 -0.044793699 -1.796661
-4.977129 -0.16491883 -1.7966603
-4.9633789 -0.40480712 -1.7966597
-4.952168 -0.52443665 -1.7966597
-4.9211035 -0.76270294 -1.7966608
-4.8530664 -1.1165991 -1.7966644
-4.8247266 -1.2333611 -1.7966663
-4.7935643 -1.3493987 -1.7966682
-4.2718844 -2.5595648 -1.7967093
-4.1434765 -2.7626653 -1.79672
-4.0756345 -2.8618321 -1.7967259
-3.9328516 -3.0551147 -1.7967383
-3.7016504 -3.3315802 -1.7967587
-3.5366697 -3.5062861 -1.7967733
-3.1823926 -3.8308382 -1.7968054
-2.8970702 -4.0510173 -1.7968315
-2.5965624 -4.2499895 -1.7968594
-2.4932714 -4.311419 -1.796869
-2.3885643 -4.370337 -1.7968788
-2.2824218 -4.4267182 -1.7968887
-2.1749902 -4.4805198 -1.7968987
-1.9563476 -4.5802717 -1.7969193
-1.7331543 -4.6693606 -1.7969406
-1.62 -4.7098422 -1.7969514
-1.5059277 -4.7475843 -1.7969623
-1.3909472 -4.7825608 -1.7969732
-1.1586621 -4.8441472 -1.7969955
-0.80530274 -4.9153504 -1.7970297
-0.5672754 -4.9485373 -1.7970527
-0.087773435 -4.9803019 -1.7970996
0.032402344 -4.9810023 -1.7971113
0.27262694 -4.9737072 -1.797135
0.39253905 -4.9657149 -1.7971469
0.63163084 -4.9410663 -1.7971705
0.75064451 -4.9244218 -1.7971824
0.98733395 -4.8825445 -1.7972059
1.7940723 -4.6473227 -1.7972872
1.9056933 -4.6027131 -1.7972986
2.0161817 -4.5554276 -1.7973099
2.1255274 -4.505487 -1.797321
2.2336133 -4.4529257 -1.7973322
2.5498633 -4.2798071 -1.7973646
2.6523731 -4.2170706 -1.7973752
3.0464647 -3.9419484 -1.7974163
3.4121971 -3.6301243 -1.7974548
3.746201 -3.2844903 -1.7974906
3.8243749 -3.1931689 -1.7974991
3.9003026 -3.0999889 -1.7975073
3.9739842 -3.0050061 -1.7975154
4.3660254 -2.4003372 -1.797559
2.6318653 -0.7725659 -0.98960358
4.9332614 -0.69900268 -1.7976292
4.977695 -0.22037536 -1.7976377
4.9825392 0.019989623 -1.7976402
4.975781 0.26030761 -1.7976415
4.9275293 0.73856813 -1.7976409
4.9082713 0.85723448 -1.7976401
4.8861718 0.9753949 -1.7976388
3.0861816 0.77256531 -1.1478093
2.7978222 0.77256531 -1.0471897
2.5558007 0.77256531 -0.96330541
4.4042282 2.3297746 -1.7976031
4.3467283 2.4353454 -1.7975984
4.1591797 2.7432983 -1.7975825
3.9498534 3.0368762 -1.7975645
3.8754199 3.1312714 -1.797558
3.3830664 3.6575048 -1.7975142
3.2938378 3.73804 -1.7975061
3.2026367 3.8164032 -1.7974976
3.0801854 3.8556201 -1.780442
2.7983789 3.8720708 -1.7236247
2.4088671 3.8988163 -1.6534421
2.3021972 3.9356248 -1.6450104
1.912207 4.1390624 -1.6449738
1.8117968 4.1839662 -1.6449642
1.607832 4.266439 -1.6449449
1.5044237 4.3039618 -1.6449351
1.2950293 4.3714676 -1.6449151
1.082666 4.4287891 -1.6448947
0.86776364 4.4758039 -1.644874
0.65084958 4.5123949 -1.644853
0.43243164 4.5384779 -1.6448318
0.32279295 4.5475593 -1.6448212
0.10305664 4.557776 -1.6447996
-0.22682616 4.5532074 -1.6447672
-0.4461914 4.5369029 -1.6447455
-0.55550778 4.5247893 -1.6447346
-0.77310544 4.4926682 -1.6447129
-0.98891598 4.4500871 -1.6446915
-1.3081348 4.3668303 -1.6446594
-1.4130762 4.3339734 -1.6446487
-1.5172364 4.2985916 -1.6446382
-1.6204883 4.2607117 -1.6446278
-1.722793 4.2203507 -1.6446173
-1.9242969 4.1322803 -1.6445968
-2.0233984 4.0846272 -1.6445866
-2.2270508 3.9981956 -1.6511626
-2.4809082 3.9884355 -1.6946371
-2.6151953 3.9865332 -1.7201428
-2.7535448 3.9843981 -1.7473838
-3.1204295 3.8817449 -1.7968773
-3.3039942 3.7266662 -1.7968578
-3.3929296 3.645849 -1.7968484
-3.6476562 3.3908782 -1.7968212
-3.7283885 3.3018701 -1.7968125
-3.9573436 3.0235534 -1.7967877
-4.0291405 2.9271855 -1.7967798
-4.3520212 2.4209673 -1.7967438
-4.7354879 1.5411413 -1.7966986
-4.7712793 1.426441 -1.7966942
-4.8345118 1.1946234 -1.7966859
-4.8619237 1.0776404 -1.7966822
-4.9082227 0.84186155 -1.7966757
-4.9270897 0.72319698 -1.7966728
-4.9431052 0.6041168 -1.7966702
-4.9562302 0.48468748 -1.7966679
-4.9738278 0.24505188 -1.7966641
-4.9783006 0.12497863 -1.7966627
-4.9798632 0.0048443601 -1.7966615
-4.9785252 -0.1153006 -1.7966605
-4.9743161 -0.23537323 -1.7966599
-4.9671583 -0.35531524 -1.7966597
-4.9442382 -0.59450132 -1.7966598
-4.9284668 -0.71361417 -1.7966604
-4.8883104 -0.95051783 -1.7966624
-4.863955 -1.068171 -1.7966638
-4.8367772 -1.1852075 -1.7966654
-4.773994 -1.4171411 -1.7966696
-4.7384176 -1.531903 -1.7966722
-4.7000976 -1.6457757 -1.796675
-4.2971778 -2.516856 -1.7967072
-4.1708007 -2.7212222 -1.7967178
-4.1039453 -2.8210614 -1.7967235
-4.0346971 -2.9192615 -1.7967294
-3.963125 -3.015759 -1.7967356
-3.8130662 -3.2034411 -1.7967488
-3.7346873 -3.2945135 -1.7967557
-3.6541209 -3.3836663 -1.7967628
-3.4866796 -3.5560198 -1.7967777
-3.3111131 -3.7201009 -1.7967936
-3.2204297 -3.7989197 -1.7968019
-3.1278515 -3.8755267 -1.7968104
-2.9372852 -4.0219293 -1.7968278
-2.7399023 -4.1589766 -1.7968459
-2.4319823 -4.3463035 -1.7968746
-2.2195117 -4.4586072 -1.7968947
-1.666875 -4.6934485 -1.7969469
-1.5531542 -4.732326 -1.7969576
-1.4385253 -4.7684469 -1.7969687
-1.3231055 -4.8017964 -1.7969798
-1.2068847 -4.832346 -1.7969909
-0.97239256 -4.8849998 -1.7970135
-0.73561519 -4.9262805 -1.7970364
-0.61657226 -4.9426241 -1.797048
-0.37742186 -4.9666777 -1.7970712
-0.13742188 -4.9791694 -1.7970947
-0.017246094 -4.9810653 -1.7971064
0.46282226 -4.9596782 -1.7971537
0.70151365 -4.931644 -1.7971776
0.82032228 -4.9133177 -1.7971892
1.0563769 -4.8680954 -1.797213
1.2899706 -4.8115339 -1.7972363
1.6345898 -4.7057352 -1.7972711
1.9706738 -4.5752873 -1.7973052
2.080498 -4.5264373 -1.7973164
2.2964551 -4.4208674 -1.7973385
2.6101952 -4.2432857 -1.7973709
2.7118261 -4.1791053 -1.7973814
3.0070117 -3.9721093 -1.797412
3.1951463 -3.8224828 -1.7974319
3.4632909 -3.581455 -1.7974603
3.5486815 -3.4968841 -1.7974695
3.7132616 -3.3216603 -1.797487
4.0161524 -2.9484456 -1.7975199
4.2189159 -2.6503134 -1.7975423
4.3418651 -2.4437342 -1.7975563
2.7767675 -0.7725656 -1.0398697
4.8842187 -0.98488861 -1.7976221
4.9260645 -0.74815065 -1.7976282
4.9426661 -0.62908906 -1.7976308
4.9672947 -0.38993284 -1.7976352
4.9824901 -0.029680176 -1.7976397
4.9817677 0.090535276 -1.7976408
4.9498534 0.57016295 -1.7976418
4.9165916 0.8082574 -1.7976404
4.8718653 1.04448 -1.7976381
3.2575195 0.78103638 -1.2085775
2.9105859 0.77256531 -1.0864617
2.6509471 0.77256471 -0.99621147
4.2503123 2.5999341 -1.7975903
4.0511036 2.9004729 -1.7975732
3.9799316 2.9973576 -1.7975671
3.8307128 3.1858294 -1.797554
3.7527149 3.277298 -1.7975471
3.5902245 3.454478 -1.7975328
3.5058398 3.5400732 -1.7975252
3.4193749 3.6236029 -1.7975173
3.3309765 3.7050269 -1.7975094
3.2405956 3.7842908 -1.7975012
2.8551562 3.8688128 -1.7347597
2.5865624 3.8839417 -1.6835694
2.4578028 3.8909411 -1.6604081
2.2462499 3.9678142 -1.6450051
1.9533691 4.119803 -1.6449776
1.8534082 4.1657057 -1.6449683
1.6502929 4.2502079 -1.644949
1.5472461 4.2887635 -1.6449391
1.4433398 4.3248124 -1.6449292
1.2330176 4.3893466 -1.6449091
1.126748 4.4177899 -1.6448989
0.58689451 4.5211382 -1.6448468
0.25836915 4.5516558 -1.6448147
0.038515624 4.5587602 -1.6447932
-0.071484372 4.5583344 -1.6447824
-0.18142578 4.5552554 -1.6447717
-0.29127929 4.5495214 -1.6447607
-0.6195215 4.5164523 -1.6447282
-0.94451171 4.4597344 -1.6446959
-1.0518163 4.4356208 -1.644685
-1.4742968 4.3135166 -1.6446426
-1.6806347 4.2373233 -1.6446217
-1.7823535 4.1955142 -1.6446114
-1.9825391 4.1046057 -1.6445909
-2.0810156 4.0555539 -1.6445808
-2.1783006 4.0041413 -1.6445707
-2.2974901 3.9907451 -1.6613554
-2.559248 3.9873466 -1.7094015
-2.8367479 3.9830253 -1.7642239
-3.1750684 3.8371587 -1.7968714
-3.2666893 3.759423 -1.7968619
-3.3564258 3.6794982 -1.7968522
-3.4441991 3.5974376 -1.7968429
-3.5299511 3.5132775 -1.7968338
-3.6136816 3.4270763 -1.7968249
-3.9997559 2.967205 -1.796783
-4.1381931 2.7707977 -1.7967677
-4.2670016 2.5679345 -1.7967534
-4.7199121 1.5882672 -1.7967006
-4.7568455 1.47393 -1.7966959
-4.9196386 0.77227783 -1.796674
-4.9368262 0.6533618 -1.7966713
-4.9511619 0.53406554 -1.7966688
-4.9626169 0.41445923 -1.7966666
-4.9711328 0.29462218 -1.7966648
-4.9767966 0.17460053 -1.7966632
-4.9763865 -0.18578644 -1.7966603
-4.9616404 -0.42560911 -1.7966597
-4.9499316 -0.54519105 -1.7966598
-4.9353318 -0.66445279 -1.7966601
-4.9178805 -0.78331876 -1.7966609
-4.8975291 -0.90174037 -1.7966619
-4.8743653 -1.0196362 -1.7966632
-4.8483396 -1.1369406 -1.7966647
-4.8195114 -1.2535803 -1.7966665
-4.7162399 -1.5988467 -1.7966737
-4.3220506 -2.4738951 -1.796705
-4.1318455 -2.780009 -1.796721
-4.0635839 -2.8788931 -1.7967269
-3.9200194 -3.071584 -1.7967393
-3.844785 -3.1652651 -1.796746
-3.6058495 -3.4350829 -1.7967671
-3.5219433 -3.5210888 -1.7967747
-3.3480272 -3.6869054 -1.7967902
-3.1663086 -3.8441515 -1.7968069
-2.9772363 -3.9924414 -1.7968241
-2.7812109 -4.1314516 -1.7968421
-2.6807323 -4.1973667 -1.7968515
-2.5787108 -4.2608399 -1.7968611
-2.2638476 -4.436254 -1.7968904
-2.047246 -4.5403366 -1.7969108
-1.9371289 -4.5884342 -1.7969213
-1.8258691 -4.6338611 -1.7969317
-1.7135742 -4.6765871 -1.7969424
-1.485996 -4.7538581 -1.796964
-1.3708886 -4.7883539 -1.7969753
-1.2549707 -4.820066 -1.7969862
-0.90310544 -4.8982949 -1.7970202
-0.42692381 -4.9626532 -1.7970665
-0.30707031 -4.9715443 -1.797078
-0.066914059 -4.9806328 -1.7971015
0.053271484 -4.9808311 -1.7971134
0.65233397 -4.9383793 -1.7971727
0.77128905 -4.9212356 -1.7971845
0.88980466 -4.9012284 -1.7971963
1.125205 -4.8526669 -1.7972198
1.2419629 -4.8241386 -1.7972316
1.3579882 -4.7928038 -1.7972431
1.5875878 -4.7217832 -1.7972664
1.7010645 -4.6821365 -1.7972778
1.9249609 -4.5946918 -1.7973006
2.0352538 -4.5469413 -1.7973118
2.2522657 -4.4435282 -1.797334
2.3588183 -4.3879204 -1.7973449
2.4640038 -4.3297663 -1.7973558
2.5677538 -4.2690849 -1.7973665
2.6700292 -4.2059178 -1.797377
2.7707324 -4.1403022 -1.7973875
3.1568847 -3.8541288 -1.7974279
3.2489746 -3.7768636 -1.7974375
3.4274023 -3.6157925 -1.7974565
3.5136523 -3.532068 -1.7974657
3.5978613 -3.4462872 -1.7974746
3.6799705 -3.3585064 -1.7974834
3.7599413 -3.2687616 -1.797492
3.8377342 -3.1771138 -1.7975006
3.9865723 -2.9883204 -1.7975167
4.0574903 -2.8912933 -1.7975246
4.1261034 -2.7925737 -1.7975322
4.3172946 -2.4868922 -1.7975535
4.3760548 -2.3820164 -1.7975602
2.9371874 -0.7725659 -1.0957413
3.2575195 -0.77329862 -1.2079293
4.8741307 -1.0335284 -1.7976207
4.8976755 -0.91563505 -1.7976239
4.9183397 -0.79720885 -1.797627
4.9361525 -0.67831725 -1.7976297
4.9510937 -0.55903077 -1.7976322
4.9631443 -0.43943083 -1.7976344
4.9722948 -0.31956238 -1.7976364
4.9785838 -0.19950622 -1.7976379
4.9799705 0.16106354 -1.7976412
4.9746385 0.28116241 -1.7976418
4.9664063 0.40109983 -1.7976419
4.9552832 0.52080196 -1.7976419
4.9046583 0.87780088 -1.7976398
4.3944139 2.3482158 -1.7976023
4.1476464 2.7607062 -1.7975816
3.9370701 3.0533991 -1.7975634
3.6244922 3.4185236 -1.7975358
3.540957 3.504956 -1.7975284
3.0549901 3.8571203 -1.7752059
2.7746875 3.8734198 -1.7190312
2.5105858 3.8880925 -1.6697907
2.2857032 3.9452362 -1.6450088
2.189961 3.9992082 -1.6449999
1.9943359 4.100141 -1.6449815
1.2767383 4.3768506 -1.6449133
1.1707422 4.406352 -1.6449032
1.064082 4.4332862 -1.6448928
0.95681638 4.4576397 -1.6448827
0.63193357 4.5150781 -1.6448512
0.41339841 4.5402451 -1.64483
-4.4150195 1.4573382 -1.7967294
-4.4488769 1.3503948 -1.7967252
-4.480166 1.2426697 -1.7967211
-4.5582519 0.91540283 -1.7967106
-4.5790133 0.8051666 -1.7967077
-4.5970898 0.69445801 -1.796705
-4.6252246 0.47189879 -1.7967002
-4.635293 0.36017516 -1.7966985
-4.6472363 0.13616516 -1.7966952
-4.6449122 -0.2002774 -1.7966926
-4.6298532 -0.42410094 -1.7966921
-4.5674314 -0.86826658 -1.7966946
-4.545166 -0.97820616 -1.7966958
-4.5202441 -1.0875735 -1.7966974
-4.4926953 -1.1963125 -1.7966992
-4.4297752 -1.4116364 -1.7967035
-4.0767775 -2.2352011 -1.7967311
-3.9642382 -2.4292607 -1.7967405
-3.9044824 -2.5241997 -1.7967455
-3.4247069 -3.1446674 -1.7967874
-3.2690625 -3.3062286 -1.7968012
-3.1883495 -3.3841486 -1.7968086
-3.1057909 -3.4600999 -1.7968161
-2.7579687 -3.7433398 -1.7968478
-2.4800682 -3.9330511 -1.7968735
-2.3844726 -3.9917586 -1.7968824
-2.1891601 -4.1021752 -1.7969006
-2.0895605 -4.1538172 -1.7969099
-1.8868066 -4.2498202 -1.7969291
-1.7837304 -4.294127 -1.7969388
-1.3616699 -4.4461241 -1.7969791
-1.2540137 -4.4777079 -1.7969892
-1.0365918 -4.5330362 -1.7970102
-0.92691404 -4.5567503 -1.7970207
-0.81670898 -4.5778155 -1.7970314
-0.70604491 -4.5962129 -1.797042
-0.37180662 -4.6353235 -1.7970746
-0.25986329 -4.642972 -1.7970855
-0.14779297 -4.6479197 -1.7970965
0.52429688 -4.6207895 -1.7971628
0.63563478 -4.6068244 -1.7971737
0.74659181 -4.5901766 -1.7971848
1.0766308 -4.5242481 -1.7972178
1.6133105 -4.3619285 -1.797272
1.92458 -4.2339063 -1.7973036
2.1266112 -4.1361895 -1.7973243
2.3236718 -4.0288386 -1.7973444
2.5153124 -3.9121063 -1.7973644
2.6089842 -3.8503072 -1.7973741
2.7011328 -3.7862639 -1.7973837
3.1372461 -3.4337604 -1.7974294
3.6699121 -2.8576477 -1.7974867
3.8035057 -2.6773157 -1.7975014
3.8670018 -2.5847847 -1.7975085
3.9282615 -2.4907479 -1.7975153
4.0438571 -2.2983778 -1.7975281
4.0981445 -2.2001548 -1.7975345
3.007705 -0.7725659 -1.2000597
3.2575195 -0.75345212 -1.2921057
4.5558887 -0.93857145 -1.7975901
4.5772071 -0.82838619 -1.7975932
4.5958691 -0.71771973 -1.797596
4.6118455 -0.60663116 -1.7975985
4.6251268 -0.49519593 -1.7976006
4.6357517 -0.38346589 -1.7976027
4.643662 -0.27151823 -1.7976044
4.6513572 -0.047206115 -1.7976071
4.6232324 0.51291198 -1.7976091
4.6095018 0.62430233 -1.7976087
4.5931153 0.73532408 -1.797608
4.5522752 0.95602417 -1.7976059
3.2575195 0.76661009 -1.2932614
2.9605858 0.77256531 -1.1824336
3.9781053 2.4105742 -1.7975619
3.9187694 2.5058374 -1.7975569
3.7272558 2.7826555 -1.7975404
3.6590331 2.8717601 -1.7975345
3.5886717 2.9591899 -1.7975284
3.4417381 3.1288269 -1.7975154
3.2867675 3.291178 -1.7975014
3.2063866 3.3695018 -1.7974943
2.9542968 3.5925219 -1.7974714
2.8667188 3.6627307 -1.7974635
2.686748 3.7967162 -1.7974468
2.3420508 3.87672 -1.7503282
2.1006835 3.889571 -1.7083372
1.8697753 3.9011884 -1.671832
1.6524218 3.9227252 -1.6449465
1.5574316 3.9614239 -1.6449374
1.4613769 3.9978192 -1.6449282
1.3644433 4.0318904 -1.6449189
1.1683007 4.0929627 -1.6449003
0.96948242 4.144506 -1.6448811
0.86921871 4.1666632 -1.6448715
0.768457 4.1863937 -1.6448617
0.46366209 4.2309299 -1.6448323
0.2590332 4.2483182 -1.6448122
0.15644531 4.2533054 -1.6448022
-0.048886716 4.2558503 -1.6447821
-0.15155274 4.253408 -1.6447721
-0.25413084 4.2484889 -1.6447619
-0.35654297 4.2410932 -1.6447517
-0.56069332 4.2189059 -1.6447314
-0.86432618 4.167232 -1.6447012
-0.96459961 4.1451411 -1.6446911
-1.0661719 4.1293287 -1.6481527
-1.1633594 4.0937347 -1.6446713
-1.2616992 4.0644493 -1.6446614
-1.4564453 3.9988091 -1.6446416
-1.6696875 3.976552 -1.6667088
-1.7833788 3.9757543 -1.6839236
-2.0180175 3.9735827 -1.7222738
-2.2637792 3.9705925 -1.7663051
-2.3914161 3.9687688 -1.7906452
-2.7723925 3.7328801 -1.79691
-2.9491699 3.5947618 -1.7968916
-3.2817967 3.2937853 -1.7968564
-3.3602929 3.213634 -1.7968479
-3.436826 3.1316185 -1.7968397
-3.5113769 3.0477753 -1.7968316
-3.5838671 2.9621637 -1.7968239
-3.8525488 2.6029913 -1.7967944
-4.0306735 2.3175354 -1.7967744
-4.4675388 1.2872649 -1.7967227
-4.4972849 1.1791083 -1.7967188
-4.5244141 1.0702618 -1.7967154
-4.5707712 0.85076964 -1.7967089
-4.589951 0.74024963 -1.7967061
-4.6064649 0.62929809 -1.7967035
-4.6487012 0.070350036 -1.7966946
-4.6416111 -0.26602507 -1.7966925
-4.6338377 -0.37792999 -1.7966921
-4.6233788 -0.48961577 -1.7966924
-4.6102147 -0.60101259 -1.7966926
-4.5943751 -0.71206421 -1.7966932
-4.530869 -1.0424621 -1.7966968
-4.5043845 -1.1514724 -1.7966985
-4.4753027 -1.2598059 -1.7967002
-4.4093356 -1.474216 -1.796705
-4.0447168 -2.2927046 -1.7967339
-3.9882421 -2.389621 -1.7967385
-3.9294434 -2.4851508 -1.7967434
-3.5299022 -3.0260818 -1.7967781
-3.3798437 -3.1928546 -1.7967913
-3.3018651 -3.2734766 -1.7967983
-3.2219336 -3.3521917 -1.7968055
-3.1401172 -3.4289615 -1.796813
-2.7951465 -3.7156558 -1.7968445
-2.4241309 -3.9677846 -1.7968786
-2.1308594 -4.132772 -1.7969061
-1.9290429 -4.2307944 -1.7969251
-1.8264354 -4.2761254 -1.7969347
-1.7227637 -4.318965 -1.7969445
-1.6180663 -4.3592958 -1.7969545
-1.5124414 -4.397089 -1.7969645
-1.4059179 -4.4323206 -1.7969748
-0.97229493 -4.547276 -1.7970164
-0.86231446 -4.5694375 -1.797027
-0.52958006 -4.6199164 -1.7970593
-0.41799805 -4.6313767 -1.7970701
-0.081953123 -4.6495633 -1.7971029
0.14243163 -4.6481605 -1.7971251
0.25451171 -4.6433997 -1.7971361
0.3664746 -4.6359391 -1.7971472
1.0314648 -4.5347419 -1.7972132
1.3567382 -4.4483514 -1.7972461
1.5697656 -4.3777833 -1.7972676
1.7791113 -4.2970166 -1.7972888
2.1849511 -4.1056776 -1.7973303
2.844121 -3.6801229 -1.7973987
3.1855664 -3.3890049 -1.7974347
3.4223535 -3.1497924 -1.79746
3.4973631 -3.0663257 -1.7974681
3.6412499 -2.8940747 -1.7974837
3.8410547 -2.6231999 -1.7975056
3.9032421 -2.5297775 -1.7975125
3.9631445 -2.4348841 -1.7975192
4.0207615 -2.3385689 -1.7975256
4.5462794 -0.9839322 -1.7975888
4.5687108 -0.87396485 -1.7975919
4.5884767 -0.763493 -1.7975949
4.6199608 -0.54127258 -1.7975998
4.6497459 0.13087463 -1.7976085
4.6452537 0.24301513 -1.7976089
4.6002049 0.68950558 -1.7976083
2.5558007 0.77256531 -1.0318309
4.0579786 2.2735693 -1.7975687
4.0019431 2.3708074 -1.7975639
3.9435449 2.46666 -1.797559
3.7548242 2.7453673 -1.7975428
3.6180077 2.9232757 -1.7975309
3.1583593 3.4145594 -1.7974899
2.9899414 3.5629058 -1.7974746
2.9031153 3.6339824 -1.7974668
2.7244239 3.769752 -1.7974504
2.5198827 3.8668103 -1.7836255
2.3933692 3.8738964 -1.759739
2.2700293 3.8806274 -1.7374049
2.1496387 3.8870227 -1.7165431
1.3072559 4.0507879 -1.6449136
1.0107617 4.1346488 -1.6448852
0.91070312 4.1578045 -1.6448754
0.6076172 4.2127028 -1.6448462
0.40369141 4.2370563 -1.6448263
0.096210934 4.2550769 -1.6447964
-0.006474609 4.2561345 -1.6447862
-0.10915039 4.2547154 -1.6447761
-0.21175781 4.2508192 -1.6447661
-1.1225879 4.1051421 -1.6446753
-1.221123 4.0768375 -1.6446654
-1.3192871 4.0461655 -1.6446556
-1.4165527 4.0131345 -1.6446457
-1.5161328 3.9863036 -1.648164
-1.6233691 3.9768286 -1.6599597
-1.9687109 3.9740961 -1.7139049
-2.0889063 3.9727948 -1.73458
-2.3382812 3.9695518 -1.7803925
-2.5505176 3.8879297 -1.7969333
-2.7350292 3.7603374 -1.796914
-2.9132323 3.6239903 -1.7968954
-2.9997852 3.5526347 -1.7968862
-3.1676171 3.4037616 -1.7968684
-3.6254199 2.9111114 -1.7968192
-3.8264258 2.6412659 -1.7967973
-3.8890331 2.5481744 -1.7967902
-3.9493358 2.4535992 -1.7967836
-4.063076 2.2602215 -1.7967707
-4.4210839 1.4388165 -1.7967286
-4.5391111 1.0060906 -1.7967134
-4.5620604 0.89628661 -1.7967101
-4.6271777 0.45250732 -1.7967
-4.6367383 0.34074095 -1.7966981
-4.6435938 0.22878265 -1.7966964
-4.6477637 0.11668243 -1.7966951
-4.6479883 -0.10764526 -1.7966931
-4.6440234 -0.21974608 -1.7966926
-4.637373 -0.33172455 -1.7966924
-4.6159763 -0.55502898 -1.7966925
-4.6012301 -0.66623318 -1.796693
-4.5410056 -0.99724972 -1.7966962
-4.4570212 -1.3230499 -1.7967014
-4.4238281 -1.4301928 -1.7967039
-4.3880272 -1.5365069 -1.7967066
-4.0673728 -2.2522712 -1.7967318
-4.0118556 -2.3497462 -1.7967366
-3.8314452 -2.6337531 -1.7967519
-3.4866991 -3.0757678 -1.7967819
-3.411494 -3.1589983 -1.7967886
-3.3342967 -3.240397 -1.7967955
-3.2551661 -3.3199072 -1.7968026
-3.0912597 -3.4730926 -1.7968174
-2.8320312 -3.6876042 -1.7968409
-2.5579588 -3.8828158 -1.7968663
-2.1719627 -4.1113191 -1.7969023
-1.7657031 -4.3015704 -1.7969406
-1.4500195 -4.4180756 -1.7969705
-1.3430176 -4.451797 -1.7969807
-1.2352344 -4.4829283 -1.7969911
-1.1267188 -4.5114512 -1.7970015
-1.0175683 -4.5373487 -1.797012
-0.9078027 -4.5606041 -1.7970225
-0.79750973 -4.5812039 -1.7970332
-0.24041015 -4.6440263 -1.7970873
-0.12829101 -4.6485028 -1.7970984
-0.016113281 -4.6502724 -1.7971094
0.43208006 -4.6302981 -1.7971536
0.54367185 -4.6185555 -1.7971647
0.76583004 -4.5870118 -1.7971867
1.0955859 -4.5196996 -1.7972196
1.2043066 -4.4919791 -1.7972306
1.3123339 -4.4616432 -1.7972414
1.7361914 -4.3145275 -1.7972844
2.0437012 -4.1777406 -1.7973158
2.1439061 -4.1272435 -1.797326
2.2428613 -4.0743418 -1.7973362
2.3405371 -4.0190678 -1.7973464
2.4368358 -3.9614499 -1.7973562
2.531709 -3.9015322 -1.797366
2.6251073 -3.8393416 -1.7973758
2.7169921 -3.7749116 -1.7973853
2.8072753 -3.7082818 -1.7973949
2.8959277 -3.6394982 -1.7974042
3.0681543 -3.4956043 -1.7974222
3.233242 -3.3435662 -1.7974397
3.6121874 -2.9302285 -1.7974805
3.6818652 -2.8422406 -1.7974881
3.814707 -2.6613495 -1.7975028
2.5379784 -0.7725656 -1.0252368
2.7767675 -0.7725656 -1.1138412
3.2575195 -0.73908204 -1.2908659
4.5597754 -0.91946501 -1.7975907
4.5988183 -0.69845212 -1.7975965
4.6494923 -0.13992493 -1.7976061
4.651504 -0.027710266 -1.7976072
4.6474218 0.19670105 -1.7976087
4.6210351 0.532287 -1.7976091
4.5899806 0.75456727 -1.7976079
4.5704494 0.86508423 -1.7976069
4.0804687 2.2330053 -1.7975705
3.9082518 2.5222442 -1.7975559
3.84624 2.6157837 -1.7975508
3.7820117 2.7078083 -1.7975451
3.7155664 2.7982543 -1.7975395
3.5762401 2.9742088 -1.7975273
3.3517382 3.2250171 -1.7975073
3.2729492 3.3049266 -1.7975003
3.1096971 3.4589238 -1.7974856
3.0253222 3.5329273 -1.7974778
2.8513768 3.6747093 -1.797462
2.7619238 3.7424138 -1.7974539
2.4452245 3.8710124 -1.7694137
2.3206251 3.8778863 -1.7464503
2.1990137 3.8844182 -1.7249898
1.7405566 3.9117057 -1.6545498
1.5406933 3.9679143 -1.6449357
1.4445801 4.0039082 -1.6449265
1.3475 4.037569 -1.6449174
1.249707 4.0688763 -1.644908
1.0519335 4.1243763 -1.644889
0.8517285 4.1702652 -1.6448698
0.64958006 4.2064466 -1.6448503
0.34366211 4.242332 -1.6448206
0.13862304 4.2539196 -1.6448005
-0.066738278 4.2556019 -1.6447804
-0.169375 4.2527289 -1.6447701
-0.37430662 4.2395554 -1.64475
-0.47649413 4.2292643 -1.6447397
-1.278789 4.0591211 -1.6446595
-1.3762597 4.0270634 -1.6446497
-1.5789257 3.9808111 -1.6549702
-1.9198339 3.974575 -1.7057735
-2.1607811 3.971931 -1.7473884
-2.285713 3.9702947 -1.7704188
-2.8769433 3.6528575 -1.7968992
-3.2155077 3.3585644 -1.7968633
-3.3737206 3.1995196 -1.7968464
-3.4499218 3.1171758 -1.7968383
-3.5241015 3.0330217 -1.7968303
-3.8634179 2.5868218 -1.7967932
-3.9246972 2.4928503 -1.7967863
-4.369463 1.5886962 -1.7967349
-4.4065232 1.4828125 -1.7967305
-4.5021873 1.1602466 -1.7967182
-4.5529003 0.94171566 -1.7967114
-4.5742869 0.83159667 -1.7967083
-4.592998 0.72100401 -1.7967056
-4.6463671 0.1630072 -1.7966957
-4.6489353 0.050861206 -1.7966944
-4.6404395 -0.28548002 -1.7966924
-4.607656 -0.62033689 -1.7966927
-4.5723925 -0.84186977 -1.7966943
-4.5507226 -0.9519397 -1.7966955
-4.4995313 -1.170347 -1.7966987
-4.4699903 -1.2785535 -1.7967007
-4.4031153 -1.4926919 -1.7967055
-4.035078 -2.3096397 -1.7967346
-3.9781835 -2.406323 -1.7967393
-3.9189939 -2.5016072 -1.7967443
-3.8575096 -2.5954266 -1.7967496
-3.5171874 -3.0408521 -1.7967793
-3.3664355 -3.2069979 -1.7967925
-3.2880859 -3.2872946 -1.7967995
-3.2078612 -3.3656704 -1.7968069
-3.1257324 -3.4420984 -1.7968142
-3.0417969 -3.5165219 -1.7968218
-2.688828 -3.7933354 -1.7968543
-2.5027442 -3.9186597 -1.7968714
-2.2128222 -4.0894575 -1.7968985
-2.1135156 -4.1416764 -1.7969078
-2.0129981 -4.1914783 -1.7969172
-1.9113183 -4.2388463 -1.7969267
-1.5997753 -4.3660426 -1.7969563
-1.4939843 -4.4033947 -1.7969663
-1.3873242 -4.43818 -1.7969766
-1.2798632 -4.4703836 -1.7969868
-1.1716309 -4.4999881 -1.7969972
-0.95323241 -4.5513163 -1.7970183
-0.51023436 -4.6221018 -1.7970611
0.16191407 -4.6475291 -1.7971269
0.27399415 -4.6422963 -1.797138
0.6090039 -4.6104112 -1.7971711
0.72005856 -4.5944057 -1.7971821
1.0504589 -4.5303802 -1.7972152
1.1594532 -4.5037475 -1.7972261
1.2677929 -4.4744921 -1.797237
1.3753809 -4.4426332 -1.7972479
1.7971191 -4.2895298 -1.7972906
1.9000976 -4.2449474 -1.7973012
2.0019629 -4.1978941 -1.7973115
2.1026855 -4.1483979 -1.7973218
2.3003516 -4.0421901 -1.7973422
2.3971972 -3.9855361 -1.7973521
2.5866992 -3.8653047 -1.7973717
2.6791992 -3.8017998 -1.7973814
2.7701659 -3.736073 -1.7973908
2.8595018 -3.6681743 -1.7974001
2.9471972 -3.598135 -1.7974095
3.033164 -3.5260003 -1.7974185
3.1173437 -3.4518218 -1.7974275
3.1997364 -3.3756225 -1.7974362
3.2802539 -3.2974608 -1.7974447
3.3588672 -3.2173767 -1.7974532
3.4355371 -3.1354253 -1.7974614
3.5101855 -3.0516388 -1.7974695
3.5828221 -2.966079 -1.7974772
3.6533496 -2.8787913 -1.797485
3.7217577 -2.7898254 -1.7974925
3.9138086 -2.5133963 -1.7975137
4.0305271 -2.3216987 -1.7975268
4.0853806 -2.2237899 -1.7975329
4.5503712 -0.96487397 -1.7975894
4.5916405 -0.74425232 -1.7975954
4.608242 -0.63325775 -1.7975979
4.6221972 -0.52189577 -1.7976003
4.6334667 -0.41023925 -1.7976022
4.6509862 -0.074067995 -1.7976068
4.6491599 0.15036377 -1.7976086
4.6441798 0.26248625 -1.7976091
4.6365037 0.37445495 -1.7976092
4.6261134 0.48620483 -1.7976092
4.6130466 0.59766293 -1.7976089
4.5577149 0.92972046 -1.7976061
3.2575195 0.7467767 -1.2915269
3.0321679 0.77256471 -1.2092215
4.048408 2.2905633 -1.7975678
3.8721287 2.5773242 -1.7975529
3.8088281 2.6699817 -1.7975476
3.7432811 2.7610865 -1.7975417
3.6755664 2.8505762 -1.797536
3.5337791 3.0245392 -1.7975235
3.305742 3.2721417 -1.7975031
3.2258203 3.3509295 -1.797496
3.0604002 3.5026054 -1.7974811
2.9749999 3.5754008 -1.7974733
2.6165624 3.8453624 -1.7974404
2.4976561 3.868067 -1.7793603
2.2489061 3.8817613 -1.7336766
1.7846289 3.9058287 -1.6595035
1.5802734 3.952368 -1.6449395
1.3876464 4.0239453 -1.6449212
1.2902539 4.0562291 -1.6449119
1.0929785 4.1136928 -1.6448931
0.99341792 4.1388407 -1.6448835
0.89325196 4.1615787 -1.6448737
0.79259765 4.1818924 -1.6448642
0.69148433 4.1997714 -1.6448544
0.38592774 4.2387071 -1.6448246
-4.1014552 1.4644879 -1.7967602
-4.1673045 1.2649347 -1.796752
-4.1966209 1.1640265 -1.7967483
-4.2234569 1.0624384 -1.7967448
-4.2478809 0.96023494 -1.7967416
-4.3061814 0.65051144 -1.7967333
-4.3325291 0.44203553 -1.7967287
-4.3419237 0.33738157 -1.7967269
-4.3487988 0.23253478 -1.7967254
-4.3531446 0.1275479 -1.7967241
-4.3549414 0.022490233 -1.796723
-4.3368359 -0.39726257 -1.7967213
-4.3259959 -0.50177276 -1.7967215
-4.2967577 -0.70986235 -1.7967225
-4.2083497 -1.1206045 -1.7967277
-4.1801071 -1.2218078 -1.7967296
-4.1494336 -1.3223016 -1.7967318
-3.1359766 -3.0221972 -1.7968168
-2.9092286 -3.2411132 -1.7968373
-2.8301952 -3.3103709 -1.7968445
-2.6672461 -3.4430656 -1.7968593
-2.4980762 -3.5677462 -1.7968748
-2.4112988 -3.6269879 -1.7968829
-2.3230858 -3.6841259 -1.796891
-2.2335448 -3.7391174 -1.7968993
-2.0506055 -3.8425417 -1.7969165
-1.9573046 -3.8909149 -1.7969252
-1.8628711 -3.937021 -1.796934
-1.6708398 -4.0223384 -1.7969521
-1.5733105 -4.0614972 -1.7969614
-1.4748827 -4.0982952 -1.7969708
-1.275498 -4.164711 -1.7969899
-1.1746484 -4.1942916 -1.7969995
-1.0731152 -4.2214317 -1.7970092
-0.97097653 -4.2461162 -1.797019
-0.86825192 -4.2683315 -1.7970289
-0.76502925 -4.2880583 -1.797039
-0.66136718 -4.3052921 -1.7970489
-0.55729491 -4.3200173 -1.7970589
-0.34827149 -4.3419213 -1.7970794
-0.2434375 -4.3490829 -1.7970897
-0.13841796 -4.3537145 -1.7970998
0.071757808 -4.3553767 -1.7971205
0.17680664 -4.3524013 -1.7971308
0.28173828 -4.3468924 -1.7971412
0.38655272 -4.3388562 -1.7971516
0.69933593 -4.2996149 -1.7971827
1.0084667 -4.2378521 -1.7972136
1.1104101 -4.2123141 -1.7972238
1.2117382 -4.1843228 -1.7972341
1.3123339 -4.1538916 -1.7972441
1.5111914 -4.0858021 -1.7972642
1.6093261 -4.0481772 -1.7972741
1.7065332 -4.0081968 -1.797284
1.8979003 -3.9212554 -1.7973036
1.9919726 -3.8743427 -1.7973132
2.084873 -3.8251801 -1.7973228
2.1765821 -3.7737858 -1.7973323
2.2669921 -3.7201967 -1.7973416
2.6982911 -3.4204259 -1.7973866
2.8601563 -3.2863176 -1.7974036
2.9386132 -3.2163699 -1.7974119
3.163584 -2.9954674 -1.7974359
3.2349315 -2.9182842 -1.7974435
3.3044238 -2.8394024 -1.797451
3.3719726 -2.7588658 -1.7974583
3.437578 -2.6767249 -1.7974654
3.5011425 -2.5930235 -1.7974725
3.562705 -2.5078115 -1.7974792
3.6221874 -2.4211397 -1.7974858
3.6795506 -2.3330562 -1.7974921
3.7347753 -2.2436144 -1.7974985
3.007705 -0.7725662 -1.2811569
4.2449512 -0.98184049 -1.7975591
4.2674022 -0.87914425 -1.7975624
4.2874022 -0.77593625 -1.7975651
4.304873 -0.67227691 -1.7975677
4.3422265 -0.35918701 -1.7975742
4.3496385 -0.25432709 -1.7975756
4.3545117 -0.14931366 -1.797577
4.3566403 0.060907897 -1.7975792
4.3539257 0.16599579 -1.7975798
4.3486423 0.27098784 -1.7975801
4.3408298 0.37582335 -1.7975802
4.3023047 0.68876767 -1.7975792
4.2412009 0.99810606 -1.7975758
2.9605858 0.77256531 -1.2623402
3.7262402 2.2579515 -1.7975358
3.6706738 2.3471837 -1.7975312
3.6129687 2.4350524 -1.7975262
3.5531445 2.5215008 -1.7975211
3.4273729 2.6899426 -1.7975101
3.0033984 3.1561749 -1.7974725
2.8476562 3.2973509 -1.7974584
2.767246 3.365078 -1.7974511
2.6852539 3.4308422 -1.7974436
2.6016698 3.4946141 -1.797436
2.5166113 3.5563464 -1.7974281
2.4300683 3.6160088 -1.7974201
2.3421288 3.6735675 -1.7974119
2.2528124 3.7289867 -1.7974037
2.0702636 3.8332787 -1.7973866
1.974209 3.8762364 -1.7946695
1.8606347 3.8820703 -1.7760644
1.7492285 3.8876164 -1.7587761
1.6398535 3.8928862 -1.7427491
1.4264746 3.9026458 -1.714281
1.3221776 3.9071581 -1.7017528
1.2192676 3.9114397 -1.6903095
1.1176367 3.9155023 -1.6799207
1.0171582 3.9193511 -1.670553
0.72256833 3.9364159 -1.6511619
0.62586915 3.9426446 -1.6469606
0.52979493 3.9514923 -1.6448364
0.43429688 3.9631042 -1.6448271
0.14666015 3.9840636 -1.644799
0.050390624 3.9864197 -1.6447896
-0.23793945 3.9795561 -1.6447612
-0.52691406 3.9639733 -1.6497762
-0.82102537 3.9584892 -1.6678936
-1.2291601 3.959209 -1.7103387
-1.3346192 3.9589617 -1.7236434
-1.4417089 3.9585345 -1.7380996
-1.5506347 3.9579241 -1.7537522
-1.6615527 3.9571283 -1.7706494
-1.7745702 3.9561338 -1.7888465
-1.8780469 3.9300005 -1.7969996
-1.9722558 3.8835285 -1.79699
-2.3372655 3.6753259 -1.7969524
-2.4252441 3.6178479 -1.7969432
-2.5118065 3.5582702 -1.7969341
-2.7625194 3.3672473 -1.7969079
-2.8429492 3.2996025 -1.7968996
-2.9217186 3.2300415 -1.7968911
-3.0740721 3.0853205 -1.796875
-4.1217871 1.4062622 -1.7967578
-4.2815037 0.79692811 -1.7967368
-4.2994723 0.6934045 -1.7967341
-4.3462791 0.27587035 -1.796726
-4.3526173 -0.14422454 -1.7967218
-4.3478613 -0.24918884 -1.7967215
-4.330791 -0.45863187 -1.7967213
-4.2664452 -0.87381923 -1.7967241
-4.2441211 -0.97649014 -1.7967254
-4.1302829 -1.3809195 -1.7967333
-3.2371581 -2.9135232 -1.7968078
-3.1659374 -2.9907837 -1.7968141
-3.0180175 -3.1400347 -1.7968273
-2.8630567 -3.2819915 -1.7968414
-2.7830467 -3.3501215 -1.7968488
-2.7014258 -3.4163013 -1.7968562
-2.6182323 -3.4804931 -1.7968638
-2.4473243 -3.6027691 -1.7968795
-2.3596971 -3.6607778 -1.7968876
-2.0888183 -3.8218999 -1.7969128
-1.9960058 -3.8712032 -1.7969215
-1.9020214 -3.9182494 -1.7969303
-1.7108301 -4.0054784 -1.7969483
-1.6137109 -4.0456038 -1.7969576
-1.4166894 -4.1187782 -1.7969764
-1.1151465 -4.210515 -1.7970053
-1.0132324 -4.2362189 -1.7970151
-0.8077246 -4.2802114 -1.7970349
-0.70422852 -4.2984753 -1.7970448
-0.39154297 -4.338222 -1.7970752
-0.28674805 -4.3464313 -1.7970854
-0.076767579 -4.3552518 -1.797106
0.028330078 -4.3558626 -1.7971164
0.1334082 -4.3539348 -1.7971265
0.34328124 -4.342483 -1.7971473
0.76015621 -4.2892947 -1.7971886
0.86338866 -4.2697315 -1.797199
1.2708594 -4.1667576 -1.7972399
1.5688964 -4.0640068 -1.7972702
1.6664844 -4.0249987 -1.7972801
1.8587207 -3.9399688 -1.7972996
2.0466309 -3.8457646 -1.7973188
2.2297852 -3.7426038 -1.7973378
2.3194335 -3.6877367 -1.7973471
2.4946485 -3.5715978 -1.7973652
2.5800879 -3.5103948 -1.7973741
2.7464647 -3.381881 -1.7973917
2.8272557 -3.3146544 -1.7974
2.9064062 -3.2454946 -1.7974085
3.0596287 -3.1015508 -1.7974248
3.1335742 -3.0268488 -1.7974327
3.2056932 -2.9503798 -1.7974403
3.475127 -2.6277883 -1.7974696
3.5978808 -2.4571211 -1.797483
3.7122264 -2.280725 -1.7974958
2.6318555 -0.7725662 -1.131631
4.234951 -1.0241058 -1.797558
4.2584276 -0.92163539 -1.797561
4.2794433 -0.81863064 -1.797564
4.2979589 -0.71515316 -1.7975667
4.3139744 -0.61125332 -1.7975693
4.3384275 -0.40244994 -1.7975733
4.3468847 -0.29766998 -1.797575
4.3570409 0.017480468 -1.7975787
4.3553615 0.12258697 -1.7975794
4.3232713 0.5417102 -1.7975799
4.292119 0.74961787 -1.7975786
4.2509375 0.95578307 -1.7975763
2.7978125 0.77256471 -1.1974838
2.5558007 0.77256531 -1.1015594
3.7485645 2.2207019 -1.7975378
3.6938865 2.310487 -1.7975333
3.6370604 2.3989208 -1.7975284
3.5170996 2.5715501 -1.797518
3.4540038 2.6556487 -1.7975125
3.3889453 2.7381945 -1.7975068
3.1092675 3.0519707 -1.7974821
2.8006639 3.3373351 -1.7974542
2.7193162 3.4039135 -1.7974467
2.6363964 3.4685125 -1.7974391
1.9072851 3.879699 -1.7835875
1.7949902 3.8853612 -1.7657624
1.6848047 3.8907409 -1.7492205
1.3650879 3.9053216 -1.706795
1.2616211 3.9096997 -1.6949077
1.1594824 3.9138505 -1.6840872
0.86001951 3.9263988 -1.6582996
0.76253903 3.9336383 -1.653102
0.66554683 3.9401634 -1.6486115
0.56900388 3.9459777 -1.6448195
0.47378907 3.9585838 -1.6448309
0.37815428 3.9688408 -1.6448216
0.28234375 3.9767859 -1.6448122
-0.1021582 3.9853876 -1.6447746
-0.19837891 3.98174 -1.644765
-0.29436523 3.9757738 -1.6447555
-0.48690429 3.9648662 -1.6480463
-0.58374023 3.9624982 -1.6524403
-0.87972653 3.9587615 -1.6730895
-0.98059571 3.9590948 -1.6827416
-1.082666 3.9592607 -1.6934251
-1.1860254 3.959259 -1.7051691
-1.2908496 3.959085 -1.7180105
-1.3972558 3.9587328 -1.731985
-1.6154785 3.9574804 -1.7635142
-1.7276074 3.9565673 -1.7811674
-2.1194627 3.8051524 -1.7969749
-2.3005273 3.6984484 -1.7969562
-2.3890917 3.6418524 -1.796947
-2.4762402 3.5831397 -1.7969379
-2.6461523 3.4594872 -1.7969202
-2.9671483 3.1883397 -1.7968862
-4.1412888 1.3477582 -1.7967553
-4.2014451 1.1464233 -1.7967477
-4.2923436 0.73622435 -1.7967352
-4.3228517 0.52831298 -1.7967305
-4.3343358 0.42387146 -1.7967285
-4.3497462 0.21430358 -1.7967252
-4.3536229 0.10929687 -1.7967238
-4.353838 -0.10083282 -1.7967221
-4.3501267 -0.20583953 -1.7967216
-4.3351364 -0.41543609 -1.7967213
-4.3238478 -0.51990384 -1.7967215
-4.2937498 -0.72786862 -1.7967227
-4.2749314 -0.83124816 -1.7967236
-4.2298632 -1.0364877 -1.7967263
-4.1438475 -1.339682 -1.7967322
-4.110332 -1.4392675 -1.7967346
-3.8099608 -2.1097341 -1.7967584
-3.195586 -2.9590716 -1.7968115
-3.1232812 -3.0353179 -1.7968179
-2.9732518 -3.182466 -1.7968315
-2.6527929 -3.4542186 -1.7968606
-2.3960643 -3.6370709 -1.7968843
-2.3076367 -3.693835 -1.7968925
-2.1267967 -3.800884 -1.7969093
-2.0344825 -3.8511074 -1.796918
-1.9409863 -3.8990881 -1.7969267
-1.8463573 -3.9448004 -1.7969357
-1.7506738 -3.9882185 -1.7969447
-1.6539356 -4.0293102 -1.7969538
-1.5562695 -4.0680628 -1.796963
-1.3582519 -4.1384382 -1.7969819
-1.0554297 -4.2258992 -1.7970109
-0.95314449 -4.2501545 -1.7970208
-0.74703121 -4.2912312 -1.7970407
-0.64330077 -4.3080306 -1.7970507
-0.53919923 -4.322319 -1.7970608
-0.43476561 -4.3340936 -1.797071
-0.33006835 -4.3433456 -1.7970811
-0.22518554 -4.3500705 -1.7970915
-0.12016601 -4.3542628 -1.7971017
-0.01508789 -4.3559179 -1.7971121
0.19503906 -4.3516245 -1.7971327
0.29997069 -4.3456798 -1.7971431
0.50924802 -4.3261976 -1.7971638
0.61348629 -4.3126793 -1.7971742
0.71736324 -4.2966485 -1.7971845
0.92377925 -4.257093 -1.797205
1.0262207 -4.2335892 -1.7972153
1.1280664 -4.2076254 -1.7972256
1.329746 -4.1483607 -1.7972459
1.4294336 -4.1150951 -1.797256
1.5283105 -4.0794353 -1.797266
1.7233202 -4.0010114 -1.7972857
2.0081835 -3.8659651 -1.7973149
2.1923633 -3.7646337 -1.797334
2.2825584 -3.7106643 -1.7973433
2.3714354 -3.6545379 -1.7973524
2.7940819 -3.3426671 -1.7973967
3.0285449 -3.1318872 -1.7974213
3.1032324 -3.0579309 -1.7974293
3.2471581 -2.9047008 -1.7974448
3.6323047 -2.4059422 -1.7974868
3.7441504 -2.2279413 -1.7974993
3.7968261 -2.1369667 -1.7975053
4.249033 -0.96403992 -1.7975597
4.2710743 -0.86124909 -1.7975628
4.2906055 -0.75795561 -1.7975656
4.3221774 -0.55011505 -1.7975705
4.3551073 -0.13106476 -1.7975774
4.3284569 0.49858579 -1.7975801
4.315156 0.60286802 -1.7975796
4.2993846 0.706792 -1.7975791
4.2602735 0.91335934 -1.7975769
4.2370019 1.015874 -1.7975755
2.9105957 0.77256531 -1.2423918
3.7705176 2.1832256 -1.7975396
3.7167382 2.2735522 -1.7975351
3.6608105 2.3625524 -1.7975303
3.6027246 2.4501708 -1.7975254
3.3498144 2.7859051 -1.7975035
3.2115135 2.9442198 -1.7974911
3.0657322 3.0956872 -1.7974782
2.9901366 3.168731 -1.7974713
2.9128125 3.2399378 -1.7974644
2.8337891 3.3092542 -1.7974572
2.5870116 3.5054839 -1.7974347
2.5016699 3.5668609 -1.7974267
2.4148827 3.6261621 -1.7974188
2.326709 3.6833513 -1.7974105
2.237129 3.7383909 -1.7974021
2.1462891 3.7912571 -1.7973938
1.8411425 3.8830554 -1.7729688
1.7300781 3.8885498 -1.7559032
1.6210449 3.8937738 -1.7400899
1.5138086 3.8987329 -1.7254782
1.4082421 3.9034467 -1.7120241
1.2015234 3.9121611 -1.6884309
1.1001074 3.9161859 -1.6782211
0.90048826 3.923604 -1.6608281
0.60897458 3.9436564 -1.6463015
0.51322263 3.953676 -1.6448348
0.41767576 3.9648845 -1.6448255
0.32199219 3.9737811 -1.644816
0.22591797 3.980371 -1.6448067
0.12980469 3.9846416 -1.6447973
0.033632811 3.9865899 -1.6447879
-0.062587887 3.9862194 -1.6447784
-0.25470704 3.9785192 -1.6447595
-0.44703123 3.9656415 -1.6464354
-0.54386717 3.9635625 -1.6505405
-0.73895508 3.9580133 -1.6611553
-0.83836913 3.9585779 -1.6693968
-0.93878907 3.9589763 -1.6786308
-1.1431543 3.9592814 -1.7001857
-1.2473632 3.9591789 -1.7125698
-1.3530859 3.9589007 -1.7260704
-1.6810254 3.9569702 -1.7737174
-1.8945117 3.9220915 -1.7969979
-1.9885352 3.8752196 -1.7969884
-2.1731544 3.7747498 -1.7969693
-2.2635448 3.7212059 -1.79696
-2.3526757 3.6654913 -1.7969508
-2.440371 3.6076465 -1.7969416
-2.5267284 3.5477018 -1.7969327
-2.6115625 3.4856939 -1.7969238
-3.0119922 3.1459985 -1.7968816
-3.086992 3.0724041 -1.7968736
-3.1602051 2.9970219 -1.7968658
-3.2315819 2.9198949 -1.7968581
-4.127656 1.3889722 -1.796757
-4.1599607 1.2889825 -1.796753
-4.1898241 1.1882495 -1.7967492
-4.2172852 1.0868188 -1.7967455
-4.2647657 0.88211912 -1.7967391
-4.3023338 0.67537534 -1.7967339
-4.3399024 0.36245361 -1.7967274
-4.354619 -0.057431027 -1.7967224
-4.3519821 -0.16247344 -1.7967218
-4.3467674 -0.26741058 -1.7967213
-4.3288279 -0.47678161 -1.7967213
-4.3007812 -0.68503022 -1.7967224
-4.2830076 -0.78859192 -1.7967231
-4.2399902 -0.99428004 -1.7967257
-4.2147655 -1.096283 -1.7967273
-4.1870995 -1.1976407 -1.7967291
-4.1244726 -1.3982257 -1.7967335
-3.2249315 -2.9270678 -1.7968088
-3.1533692 -3.0040326 -1.7968153
-3.0799901 -3.0792468 -1.7968218
-2.9279003 -3.2242532 -1.7968355
-2.7689843 -3.3617625 -1.79685
-2.4321971 -3.6130006 -1.796881
-2.3443456 -3.6706433 -1.7968889
-2.1645703 -3.7794864 -1.7969058
-1.9797558 -3.8795402 -1.796923
-1.8855957 -3.9261899 -1.7969319
-1.790332 -3.9705584 -1.7969409
-1.6940331 -4.0126157 -1.79695
-1.5967284 -4.0523386 -1.7969592
-1.3994238 -4.1246839 -1.796978
-1.2995019 -4.157269 -1.7969875
-1.1988477 -4.1874323 -1.7969972
-1.0974804 -4.2151585 -1.797007
-0.89289063 -4.263238 -1.7970266
-0.58223629 -4.31672 -1.7970567
-0.47793946 -4.3295374 -1.7970668
-0.37333983 -4.3398309 -1.7970769
-0.16358398 -4.3528376 -1.7970974
0.15165038 -4.3533435 -1.7971284
0.46609375 -4.3310504 -1.7971596
0.57046872 -4.3185697 -1.7971699
0.67450196 -4.303575 -1.7971802
0.77812499 -4.2860737 -1.7971905
1.187539 -4.1912436 -1.7972316
1.2883008 -4.1613994 -1.7972417
1.3883301 -4.1291308 -1.7972518
2.0627539 -3.8371534 -1.7973205
2.1547167 -3.7862923 -1.79733
2.2454588 -3.7332273 -1.7973394
2.334873 -3.677984 -1.7973486
2.4229491 -3.6206014 -1.7973578
2.5095994 -3.5611172 -1.7973667
2.7606249 -3.3703434 -1.797393
2.9971678 -3.1619148 -1.797418
3.2180274 -2.9369206 -1.7974417
3.2879589 -2.8584409 -1.7974494
3.4220507 -2.6965313 -1.7974638
3.4861133 -2.6131968 -1.7974708
3.5481541 -2.5283473 -1.7974775
3.6081543 -2.4420183 -1.7974843
3.6660058 -2.3542671 -1.7974906
3.7753222 -2.1747079 -1.7975029
2.6732812 -0.7725656 -1.1480355
2.9371874 -0.7725659 -1.2530019
4.2392087 -1.0063391 -1.7975584
4.3164845 -0.59316403 -1.7975695
4.3400879 -0.38426512 -1.7975737
4.3480954 -0.2794455 -1.7975754
4.3569236 0.03573944 -1.7975788
4.3548145 0.14084168 -1.7975796
4.3501267 0.245867 -1.7975801
4.3332129 0.45542234 -1.7975801
4.3209667 0.55982298 -1.7975798
4.3061914 0.66390687 -1.7975793
4.2469044 0.97358823 -1.7975761
2.7527831 0.77256531 -1.1795864
2.5176561 0.77256531 -1.0865026
3.6269727 2.4141443 -1.7975274
3.2407031 2.9120684 -1.7974937
3.1695018 2.9893925 -1.7974875
3.0964551 3.0649762 -1.7974809
3.0215819 3.1387761 -1.7974741
2.8666503 3.2808533 -1.7974601
2.4508886 3.601917 -1.7974219
2.3633301 3.6599822 -1.7974139
2.2742968 3.7159185 -1.7974057
1.8876073 3.8807042 -1.7803967
1.6658691 3.8916502 -1.7464732
1.5579003 3.8967156 -1.7313726
1.4516699 3.9015276 -1.7174456
1.3470117 3.9060986 -1.7046515
1.2437695 3.9104381 -1.6929523
1.1418653 3.9145501 -1.6823143
1.0411133 3.9184484 -1.6727049
0.84278321 3.9277148 -1.6573453
0.74576169 3.9348199 -1.6522717
0.64871091 3.9412243 -1.6479032
0.4571875 3.9605322 -1.6448293
-3.8530567 1.3757849 -1.7967839
-3.9149218 1.1883185 -1.7967763
-3.9424412 1.0935235 -1.7967727
-3.9676757 0.9980908 -1.7967694
-3.9905858 0.90207577 -1.7967663
-4.0111814 0.8055377 -1.7967634
-4.0588965 0.51333678 -1.7967563
-4.070127 0.41526365 -1.7967544
-4.0853806 0.21845001 -1.7967513
-4.0894628 0.11982177 -1.7967499
-4.0905075 -0.077577211 -1.7967482
-4.0874414 -0.17623901 -1.7967476
-4.0819821 -0.27480042 -1.7967472
-4.0741796 -0.37320068 -1.7967472
-4.019248 -0.76405913 -1.7967492
-3.9996581 -0.86080319 -1.7967504
-3.9534764 -1.0527328 -1.7967534
-3.9269335 -1.1478066 -1.7967551
-3.8981054 -1.242214 -1.7967572
-3.8670115 -1.335896 -1.7967595
-2.9460351 -2.8391423 -1.796837
-2.8766797 -2.9094005 -1.7968432
-2.5829785 -3.1731114 -1.7968699
-2.505703 -3.234514 -1.7968769
-2.4269335 -3.2940342 -1.7968841
-2.3467772 -3.3516405 -1.7968916
-2.1823828 -3.4609709 -1.7969067
-2.0982616 -3.5126293 -1.7969146
-2.0129101 -3.5622435 -1.7969226
-1.9263867 -3.6097875 -1.7969307
-1.8387598 -3.6552281 -1.7969389
-1.5696191 -3.7786882 -1.7969642
-1.3855274 -3.8500414 -1.7969818
-1.1035058 -3.9402196 -1.7970086
-1.0081054 -3.9657164 -1.7970178
-0.91213864 -3.9889019 -1.7970271
-0.81566405 -4.009768 -1.7970364
-0.6212793 -4.0444865 -1.7970551
-0.52352536 -4.0583205 -1.7970647
-0.42548826 -4.0697904 -1.7970741
-0.32717773 -4.0788946 -1.7970837
-0.22867186 -4.0856214 -1.7970933
-0.13003907 -4.089973 -1.7971029
0.06740234 -4.0915284 -1.7971224
0.26467773 -4.0835581 -1.7971418
0.36313477 -4.0760059 -1.7971516
0.46135741 -4.066081 -1.7971612
0.65697265 -4.0391355 -1.7971808
0.75422847 -4.0221338 -1.7971903
0.94737303 -3.9811125 -1.7972097
1.0431542 -3.9571197 -1.7972194
1.5118262 -3.8029211 -1.7972666
1.6031445 -3.7653601 -1.797276
1.6935253 -3.7256057 -1.7972853
1.9585644 -3.5934296 -1.7973124
2.1296387 -3.4948039 -1.79733
2.21333 -3.4424255 -1.7973387
2.6115918 -3.1511102 -1.7973803
2.6868651 -3.087204 -1.7973883
2.9719043 -2.8139739 -1.7974186
3.1042089 -2.6673629 -1.7974328
3.167666 -2.5917058 -1.7974397
3.2292871 -2.5145402 -1.7974464
3.2890234 -2.4359095 -1.7974529
3.3468359 -2.3558595 -1.7974592
3.4027147 -2.2744401 -1.7974654
3.5084765 -2.1076698 -1.7974772
3.5583301 -2.0224168 -1.7974828
3.007705 -0.7725656 -1.3637753
4.0276074 -0.72891933 -1.7975401
4.0697947 -0.43573728 -1.7975466
4.0791111 -0.33742249 -1.7975485
4.0860839 -0.23891692 -1.79755
4.0900974 0.15593688 -1.7975537
4.0778122 0.35304871 -1.7975541
4.056035 0.54934078 -1.7975537
4.0056934 0.84123105 -1.7975513
2.9605858 0.77256471 -1.3437451
2.6929102 0.77256531 -1.230355
3.500459 2.1211376 -1.7975125
3.394043 2.2875042 -1.7975035
3.3378711 2.3687165 -1.7974987
3.2797363 2.4485455 -1.7974937
3.0940332 2.6793029 -1.7974774
2.8921483 2.896018 -1.7974594
2.8214257 2.9649384 -1.7974529
2.6750977 3.0975647 -1.7974398
2.59958 3.1611876 -1.797433
2.2002051 3.45099 -1.7973962
2.1162987 3.5030541 -1.7973884
1.7688476 3.690614 -1.7973558
1.5887402 3.7716038 -1.7973388
1.4972949 3.8088176 -1.7973301
1.4049511 3.8438127 -1.7973214
1.3118359 3.8765728 -1.7973126
1.1123925 3.8971026 -1.7798505
1.0124023 3.9010351 -1.7699724
0.91339844 3.9047503 -1.7611451
0.52524412 3.9175916 -1.7358854
0.2393164 3.9252379 -1.7270514
0.14444336 3.9274328 -1.7259789
0.049687497 3.92945 -1.7258377
-0.14014648 3.9329779 -1.7283437
-0.33087891 3.9358282 -1.7345977
-0.52336913 3.9380114 -1.744665
-0.6205371 3.9388518 -1.7511615
-0.81719726 3.940022 -1.7671672
-1.5841503 3.7727807 -1.7970271
-1.6746973 3.7334454 -1.7970179
-2.0266407 3.5546257 -1.7969818
-2.1957128 3.4526935 -1.7969644
-2.5181346 3.2249889 -1.7969308
-2.5952148 3.1632836 -1.7969227
-2.6707518 3.0997386 -1.7969146
-2.744746 3.0343902 -1.7969068
-2.8171484 2.9672742 -1.7968992
-3.8721483 1.3210864 -1.7967815
-3.9028904 1.2272846 -1.7967777
-4.0029492 0.84548217 -1.7967646
-4.0221677 0.74866146 -1.7967619
-4.039072 0.65140748 -1.7967595
-4.0536036 0.55376828 -1.7967572
-4.0657811 0.45581177 -1.7967552
-4.0755954 0.35759276 -1.7967534
-4.0880857 0.16058257 -1.7967504
-4.0845213 -0.23409729 -1.7967474
-4.0776954 -0.33257142 -1.7967472
-4.02666 -0.72395748 -1.7967489
-3.9381835 -1.1086029 -1.7967542
-3.9102929 -1.203295 -1.7967563
-2.9055567 -2.8805761 -1.7968407
-2.8352246 -2.9498425 -1.796847
-2.5377929 -3.2093718 -1.796874
-2.4596386 -3.2696757 -1.7968812
-2.3800488 -3.3280783 -1.7968884
-2.299082 -3.3845422 -1.7968959
-2.2167675 -3.4390378 -1.7969035
-2.0483301 -3.5419965 -1.7969192
-1.9622949 -3.5903964 -1.7969273
-1.8750879 -3.6367106 -1.7969354
-1.3308789 -3.8692834 -1.7969869
-1.1427051 -3.9290156 -1.7970048
-1.0475879 -3.9554601 -1.797014
-0.95185542 -3.979605 -1.7970233
-0.75879884 -4.020927 -1.7970418
-0.66158199 -4.0380859 -1.7970512
-0.26938477 -4.0831299 -1.7970893
-0.17080078 -4.0884633 -1.797099
-0.072109371 -4.0914164 -1.7971088
0.32249022 -4.0794144 -1.7971475
0.71410155 -4.0294418 -1.7971864
1.0036621 -3.9673109 -1.7972153
1.099082 -3.9419639 -1.797225
1.1938672 -3.9143214 -1.7972344
1.3813086 -3.8522186 -1.7972535
1.4738379 -3.8177953 -1.7972628
1.5655371 -3.7811449 -1.7972722
1.6563085 -3.7422948 -1.7972815
1.7461133 -3.7012639 -1.7972906
2.0092578 -3.5653453 -1.7973176
2.0946875 -3.5158522 -1.7973264
2.2618749 -3.4107518 -1.7973437
2.3435059 -3.3552051 -1.7973523
2.423789 -3.2977092 -1.7973607
2.5800488 -3.1769793 -1.797377
2.6559472 -3.1138234 -1.7973849
2.7303221 -3.0488555 -1.7973928
2.8030858 -2.9821117 -1.7974005
2.8742383 -2.9136314 -1.7974081
3.0774608 -2.6981683 -1.7974299
3.1416698 -2.6231475 -1.7974368
3.2040429 -2.5465977 -1.7974436
3.2645702 -2.468569 -1.7974502
3.3231835 -2.3890991 -1.7974566
3.3798633 -2.3082416 -1.7974629
3.4345801 -2.2260344 -1.797469
3.4873047 -2.1425323 -1.797475
2.8879395 -0.7725656 -1.3128955
3.9783494 -0.96205169 -1.7975333
4.0834861 -0.27963257 -1.7975494
4.0890427 -0.18103302 -1.7975508
4.0922265 -0.08233276 -1.7975519
4.087461 0.21383606 -1.797554
4.0724025 0.41075379 -1.7975541
4.0613184 0.50888425 -1.7975538
4.0478516 0.60671568 -1.7975534
4.0320215 0.70419616 -1.7975526
4.0138865 0.8012622 -1.7975516
3.9933789 0.89786679 -1.7975504
2.7978125 0.7725659 -1.2747053
2.5558007 0.77256531 -1.1725965
3.5214355 2.0861425 -1.7975143
3.4166796 2.2535632 -1.7975055
3.3613086 2.3353314 -1.7975007
3.2447264 2.4947369 -1.7974906
3.1836035 2.5722826 -1.7974854
3.1205957 2.6483343 -1.7974796
3.0558007 2.7228374 -1.797474
2.9891796 2.7957616 -1.7974681
2.8508594 2.9366717 -1.7974557
2.5545506 3.1976702 -1.7974288
2.4766502 3.258358 -1.7974217
2.2345116 3.4288902 -1.7973994
2.0664747 3.5326581 -1.7973837
1.9806542 3.5814672 -1.7973758
1.5351952 3.7937109 -1.7973338
1.3503906 3.8633118 -1.7973162
1.2556542 3.8911619 -1.7956541
1.053584 3.8994377 -1.7739244
0.85572267 3.9068322 -1.7564428
0.66117185 3.9134111 -1.7430134
0.56490231 3.9164073 -1.7377708
0.46907225 3.9192162 -1.7334883
0.37365234 3.9218383 -1.7301564
0.27855468 3.9242809 -1.7277653
0.088837892 3.9286375 -1.7257828
-0.10086914 3.9323046 -1.7275207
-0.29135743 3.9352965 -1.732996
-0.58031249 3.9385252 -1.7483573
-0.67788082 3.9392638 -1.7554374
-1.0775293 3.9405072 -1.79409
-1.4546386 3.8246155 -1.7970403
-1.5464844 3.7883928 -1.797031
-1.6374121 3.7499621 -1.7970217
-1.9042871 3.6216681 -1.7969944
-1.9910742 3.5746515 -1.7969854
-2.1611817 3.4744177 -1.7969679
-2.3262403 3.3660932 -1.7969508
-2.4067481 3.3089757 -1.7969424
-2.5635545 3.1889997 -1.7969259
-2.6397166 3.126209 -1.796918
-2.7143555 3.0616045 -1.79691
-2.9286327 2.8572459 -1.7968873
-3.8587987 1.3596197 -1.7967831
-3.9198632 1.1718957 -1.7967756
-3.9718065 0.98144776 -1.7967688
-4.0802341 0.29984495 -1.7967525
-4.0862889 0.20132507 -1.7967509
-4.0901365 -0.094727173 -1.796748
-4.0619626 -0.48841703 -1.7967474
-4.0490136 -0.58627194 -1.7967478
-4.0336719 -0.68378448 -1.7967486
-3.9736912 -0.97371244 -1.796752
-3.9490232 -1.069295 -1.7967536
-3.92208 -1.1642587 -1.7967554
-3.8613768 -1.352096 -1.7967597
-2.9341211 -2.8514698 -1.796838
-2.6457129 -3.1209788 -1.7968642
-2.569658 -3.1839137 -1.7968712
-2.4920995 -3.2449901 -1.7968782
-2.3327148 -3.3614519 -1.7968928
-2.2509277 -3.4167662 -1.7969004
-2.0835254 -3.5213978 -1.796916
-1.9979687 -3.5706532 -1.796924
-1.7345312 -3.7058494 -1.7969487
-1.6446387 -3.7466342 -1.7969573
-1.4620117 -3.8216383 -1.7969744
-1.2759765 -3.8877513 -1.7969922
-1.1818066 -3.9174218 -1.7970011
-0.99147457 -3.9699118 -1.7970195
-0.70179683 -4.0312805 -1.7970474
-0.40840819 -4.0715432 -1.7970757
-0.21155272 -4.0865498 -1.7970949
-0.11290039 -4.0904856 -1.7971046
-0.014179687 -4.092041 -1.7971144
0.084541015 -4.0912113 -1.797124
0.18324219 -4.088006 -1.7971338
0.38021484 -4.074451 -1.7971532
0.47840819 -4.064115 -1.797163
0.67387694 -4.0363483 -1.7971824
0.96404296 -3.9771087 -1.7972114
1.0597266 -3.9527159 -1.7972211
1.1547852 -3.9260194 -1.7972306
1.2491796 -3.8970382 -1.7972401
1.342832 -3.8657849 -1.7972496
1.5277441 -3.7965512 -1.7972684
1.618916 -3.7586102 -1.7972777
1.7091405 -3.718477 -1.7972867
1.7983594 -3.6761816 -1.7972959
1.8865331 -3.6317422 -1.797305
2.2277441 -3.43312 -1.7973402
2.3099511 -3.3783925 -1.7973487
2.3907714 -3.321698 -1.7973571
2.4702344 -3.2630658 -1.7973655
2.5482519 -3.2025397 -1.7973737
2.6247754 -3.140141 -1.7973818
2.6997948 -3.0759161 -1.7973896
2.7732227 -3.0098996 -1.7973974
2.8450487 -2.9421282 -1.797405
2.9151952 -2.8726525 -1.7974125
3.1785059 -2.5784106 -1.7974409
3.2397852 -2.5009859 -1.7974474
3.5667772 -2.0074835 -1.7974839
2.5379784 -0.7725665 -1.1651025
4.0122752 -0.80906367 -1.7975378
4.0306249 -0.7120285 -1.7975404
4.0466404 -0.61458802 -1.7975428
4.0602927 -0.51678163 -1.7975451
4.0715818 -0.41867399 -1.797547
4.0870409 -0.22178222 -1.7975502
4.0912108 -0.12312256 -1.7975514
4.0929785 -0.024382019 -1.7975525
4.0894041 0.17308289 -1.7975538
4.0661912 0.46837401 -1.797554
4.0536914 0.56633788 -1.7975537
4.0388575 0.66396302 -1.7975531
3.9802344 0.95431942 -1.7975497
3.5420604 2.0509355 -1.797516
3.2090721 2.5404253 -1.7974875
2.8799803 2.9081151 -1.7974583
2.8089745 2.9767346 -1.7974519
2.6620898 3.1087456 -1.7974386
2.5863085 3.1720538 -1.7974317
2.4302733 3.2930853 -1.7974174
2.1016016 3.5118866 -1.797387
2.0162499 3.5615551 -1.797379
1.9297069 3.609143 -1.7973709
1.8420995 3.6546307 -1.7973627
1.3888476 3.8496685 -1.7973199
1.2955663 3.8820312 -1.7973109
1.1958691 3.8936846 -1.7888247
0.7011621 3.9121192 -1.7454635
0.60460937 3.9151928 -1.7398186
0.50859374 3.9180799 -1.7351415
0.41305664 3.9207757 -1.7314187
0.033212889 3.9297845 -1.7259072
-0.061650388 3.931602 -1.7268573
-0.15665039 3.9332526 -1.7287377
-0.25191405 3.934732 -1.7315573
-0.3475 3.9360454 -1.735319
-0.54018551 3.9381688 -1.7457232
-0.63748044 3.9389801 -1.752391
-0.73551756 3.9396191 -1.7600605
-0.93437499 3.9403856 -1.7784901
-1.1351172 3.9313786 -1.7970725
-1.2296191 3.9028282 -1.7970631
-1.4164257 3.8389361 -1.7970442
-1.5086132 3.8036265 -1.7970349
-1.7797461 3.6845074 -1.7970072
-2.3736424 3.3328063 -1.7969459
-2.4533594 3.274555 -1.7969375
-2.5316308 3.2144036 -1.7969292
-2.6084473 3.1523743 -1.7969213
-2.8295507 2.9554389 -1.7968979
-3.8776367 1.3048444 -1.7967808
-3.9079883 1.21091 -1.796777
-3.9853125 0.92511231 -1.7967671
-4.0558982 0.53677243 -1.7967569
-4.0908885 -0.053954467 -1.7967483
-4.0835252 -0.25121489 -1.7967474
-4.0403028 -0.64354002 -1.7967483
-4.0045505 -0.83768708 -1.7967502
-3.9831836 -0.93405944 -1.7967514
-3.959502 -1.0298849 -1.7967529
-3.9335155 -1.1251019 -1.7967547
-3.9052246 -1.2196755 -1.7967565
-2.7505662 -3.0289574 -1.7968546
-2.6766796 -3.0944481 -1.7968614
-2.5243359 -3.2199819 -1.7968752
-2.3660839 -3.3380275 -1.7968898
-2.284873 -3.3941555 -1.7968973
-2.2023339 -3.4483037 -1.7969049
-1.8598242 -3.6445448 -1.7969369
-1.591416 -3.7695549 -1.7969623
-1.4077441 -3.8419671 -1.7969797
-1.2208008 -3.9054406 -1.7969975
-1.0310059 -3.9598207 -1.7970157
-0.83878905 -4.0049853 -1.7970341
-0.64463866 -4.0408287 -1.7970529
-0.1536621 -4.089148 -1.7971007
-0.054960936 -4.0916853 -1.7971104
0.24110352 -4.0850134 -1.7971395
0.33957031 -4.0780301 -1.7971492
0.92436522 -3.9865136 -1.7972075
1.0202734 -3.9630718 -1.797217
1.2102636 -3.9092879 -1.7972361
1.3042382 -3.8789716 -1.7972456
1.4898437 -3.8115838 -1.7972646
1.5813574 -3.7745528 -1.7972739
1.6719726 -3.7353227 -1.7972829
1.7616113 -3.6939154 -1.7972921
1.8502246 -3.6503575 -1.7973013
2.0241797 -3.5568969 -1.7973192
2.1094239 -3.5070431 -1.797328
2.193418 -3.4551482 -1.7973367
2.2761426 -3.4012408 -1.7973453
2.5161815 -3.2277715 -1.7973703
2.5933397 -3.1661372 -1.7973783
2.7430761 -3.0373895 -1.7973943
2.8155761 -2.9703374 -1.7974019
2.8864257 -2.9015574 -1.7974095
3.0230467 -2.7589724 -1.7974241
3.0887401 -2.6852474 -1.7974311
3.1526561 -2.6099565 -1.797438
3.2147069 -2.5331476 -1.7974448
3.3895311 -2.2940543 -1.7974639
3.4962401 -2.1278927 -1.7974758
3.5465918 -2.0429375 -1.7974817
2.6732812 -0.7725659 -1.2220699
4.004004 -0.84902066 -1.7975367
4.0233107 -0.75217164 -1.7975395
4.0403123 -0.65489012 -1.797542
4.0549512 -0.55722165 -1.7975442
4.0671873 -0.45922941 -1.7975461
4.0770898 -0.36098021 -1.7975481
4.0846386 -0.26251251 -1.7975496
4.0897751 -0.16389129 -1.7975509
4.0925388 -0.065173946 -1.797552
4.0909181 0.13230865 -1.7975535
4.0865431 0.23096801 -1.797554
4.0706444 0.42782593 -1.7975541
4.0452638 0.62367857 -1.7975534
3.9895897 0.91459411 -1.7975503
3.512666 2.1008806 -1.7975135
3.4609473 2.185009 -1.7975093
3.407207 2.2678649 -1.7975047
3.0443456 2.7356238 -1.797473
2.9774609 2.8082616 -1.797467
2.9088182 2.879267 -1.7974609
2.6929491 3.0820649 -1.7974414
2.6178124 3.1461213 -1.7974344
2.5411229 3.2083471 -1.7974277
2.4629686 3.2687078 -1.7974205
2.3833787 3.3271642 -1.7974131
2.0516405 3.5412865 -1.7973824
1.9656054 3.5897374 -1.7973742
1.5192578 3.8001087 -1.7973323
1.4271679 3.8356402 -1.7973236
1.1364844 3.8961291 -1.7823749
0.8387109 3.907439 -1.7551184
0.74122071 3.9107916 -1.7480804
0.64441407 3.9139483 -1.7420334
-3.6288671 1.2957361 -1.7968053
-3.6590624 1.2078083 -1.7968014
-3.6871386 1.119179 -1.7967979
-3.7584081 0.84959102 -1.7967887
-3.7777734 0.75866699 -1.796786
-3.8099902 0.57555538 -1.7967813
-3.8477147 0.20574005 -1.7967744
-3.8371191 -0.3514868 -1.7967707
-3.8275194 -0.44395751 -1.7967709
-3.8156934 -0.53617036 -1.7967712
-3.8016698 -0.62807035 -1.7967718
-3.766953 -0.81071776 -1.7967737
-3.746289 -0.9013626 -1.796775
-3.698457 -1.0810242 -1.7967781
-2.6424217 -2.8046885 -1.7968671
-2.5739844 -2.8676331 -1.7968733
-2.285713 -3.1023641 -1.7968997
-2.2102246 -3.1566167 -1.7969066
-2.0553808 -3.259583 -1.7969209
-1.8142968 -3.3997383 -1.7969434
-1.7317675 -3.4425347 -1.7969511
-1.4782813 -3.5588067 -1.796975
-1.3920019 -3.593452 -1.7969832
-1.3049023 -3.6260064 -1.7969916
-1.217041 -3.6564486 -1.7969999
-1.1284961 -3.6847613 -1.7970083
-0.85907227 -3.7567809 -1.7970343
-0.76817381 -3.776432 -1.797043
-0.40072265 -3.8329582 -1.7970785
-0.30813476 -3.8415287 -1.7970877
-0.21537109 -3.8478644 -1.7970967
0.15642577 -3.8507879 -1.7971331
0.2492871 -3.8459156 -1.7971423
0.34199217 -3.838799 -1.7971514
0.61873043 -3.8040729 -1.7971789
0.71034175 -3.7880578 -1.797188
0.80152345 -3.7698369 -1.7971972
0.89223629 -3.749423 -1.7972064
1.1610742 -3.6751335 -1.7972333
1.2494043 -3.6460698 -1.7972423
1.4238379 -3.5815945 -1.7972599
1.5098339 -3.5462189 -1.7972686
1.5949805 -3.5087783 -1.7972773
2.3872559 -3.0261722 -1.7973592
2.5304883 -2.9075189 -1.7973744
2.5999122 -2.8456357 -1.7973818
2.6678123 -2.782094 -1.797389
2.7341602 -2.7169347 -1.7973961
2.9235351 -2.5121112 -1.7974163
3.097578 -2.2941289 -1.7974353
3.1520507 -2.2187393 -1.7974414
3.204658 -2.1420569 -1.7974472
3.2554004 -2.0641234 -1.7974528
2.7323534 -0.7725659 -1.3240707
3.007705 -0.7725662 -1.448045
3.7754979 -0.7778033 -1.7975149
3.8086326 -0.59478116 -1.7975197
3.8218651 -0.50272 -1.7975218
3.8329003 -0.41037321 -1.7975236
3.8416991 -0.31778228 -1.7975253
3.8482323 -0.22500914 -1.7975267
3.8545995 -0.039119262 -1.797529
3.8544531 0.053887326 -1.7975297
3.8520215 0.14686096 -1.7975302
3.8063476 0.60937011 -1.7975297
3.7905371 0.70102352 -1.797529
3.7725291 0.792265 -1.7975279
2.9605761 0.77256471 -1.4267766
2.6929102 0.77256531 -1.3063804
2.4667578 0.77256471 -1.2053683
3.1964843 2.1543579 -1.797483
3.0888379 2.3060272 -1.7974737
3.0322948 2.3798687 -1.7974688
2.9139647 2.5233531 -1.7974583
2.8522167 2.5929089 -1.7974528
2.7238183 2.7274578 -1.7974414
2.5193944 2.9172711 -1.7974229
2.4482617 2.9771929 -1.7974164
2.3018067 3.0918016 -1.7974031
2.1499708 3.1992059 -1.797389
1.8316504 3.3914385 -1.7973595
1.6659179 3.4758129 -1.7973439
1.4962988 3.5520909 -1.7973279
1.4101269 3.5871422 -1.7973198
1.2354492 3.6509545 -1.7973031
1.0579003 3.706264 -1.7972862
0.87786132 3.7529449 -1.7972687
0.78710938 3.7730145 -1.79726
0.69585937 3.7908831 -1.7972512
0.60415035 3.8065519 -1.7972424
0.41986328 3.8312225 -1.7972245
0.3272754 3.8402178 -1.7972156
0.23453124 3.8469799 -1.7972064
-0.044277344 3.853811 -1.7971791
-0.23012695 3.8471477 -1.7971607
-0.32285157 3.8404565 -1.7971516
-0.41541016 3.8315313 -1.7971425
-0.50775391 3.8203747 -1.7971333
-0.5997656 3.8069932 -1.7971241
-0.69142574 3.7913952 -1.797115
-0.78269529 3.7735949 -1.7971058
-0.87351561 3.7535942 -1.7970968
-0.96378905 3.7314086 -1.7970877
-1.0535253 3.7070525 -1.7970786
-1.2310938 3.6518853 -1.7970608
-1.3188281 3.6211009 -1.7970519
-1.4058203 3.5882127 -1.7970431
-1.6616113 3.4771001 -1.797017
-1.745 3.4359851 -1.7970085
-1.9086914 3.3477783 -1.7969917
-2.0679297 3.2517834 -1.7969753
-2.1457715 3.2009332 -1.7969671
-2.5153613 2.9193707 -1.7969284
-2.6532128 2.7946148 -1.7969139
-3.6468554 1.2442218 -1.796803
-3.7025976 1.0668572 -1.7967961
-3.7272558 0.97722107 -1.7967929
-3.8040526 0.61350465 -1.7967821
-3.8177342 0.52155089 -1.7967801
-3.8384471 0.3367871 -1.7967764
-3.845459 0.24408263 -1.796775
-3.8527441 0.05830444 -1.7967727
-3.851084 -0.12760498 -1.7967712
-3.8468652 -0.22047669 -1.7967709
-3.8404491 -0.3132205 -1.7967707
-3.820869 -0.49810821 -1.796771
-3.7331445 -0.95431697 -1.7967758
-3.6827734 -1.1332816 -1.7967792
-2.5331347 -2.9037976 -1.7968771
-2.4623535 -2.9640737 -1.7968835
-2.3901465 -3.0226276 -1.79689
-2.3165233 -3.0794201 -1.7968968
-2.2415624 -3.1344244 -1.7969036
-2.1653125 -3.1876016 -1.7969108
-2.0090332 -3.2883651 -1.7969253
-1.929121 -3.3358929 -1.7969327
-1.5136817 -3.5438898 -1.7969717
-1.4277442 -3.5793908 -1.7969799
-1.3409863 -3.6128125 -1.7969881
-1.2534375 -3.6441276 -1.7969965
-0.8964746 -3.7480257 -1.7970306
-0.80579102 -3.768579 -1.7970393
-0.62306637 -3.8030984 -1.797057
-0.438916 -3.8287654 -1.7970748
-0.346416 -3.8382597 -1.7970839
-0.2537207 -3.8455169 -1.7970929
-0.16086914 -3.8505383 -1.797102
0.025058594 -3.8538535 -1.7971202
0.39631835 -3.8335834 -1.7971569
0.67252928 -3.7949405 -1.7971845
0.76389647 -3.7776325 -1.7971934
0.85481441 -3.758121 -1.7972026
1.1243652 -3.6865149 -1.7972295
1.212998 -3.6583352 -1.7972386
1.4744335 -3.5610867 -1.7972652
1.8107421 -3.4024987 -1.7972995
1.8923144 -3.357841 -1.7973078
1.9727637 -3.3112268 -1.7973162
2.0520995 -3.2626836 -1.7973243
2.2071092 -3.1599269 -1.7973405
2.2826953 -3.1057744 -1.7973485
2.3569825 -3.049809 -1.7973562
2.5013866 -2.9325931 -1.7973714
2.6399415 -2.8085425 -1.7973859
2.7723632 -2.6779552 -1.7974001
2.8361816 -2.6102984 -1.797407
2.89833 -2.5411251 -1.7974136
3.0745702 -2.3248875 -1.7974328
3.1297655 -2.2500434 -1.797439
3.1831348 -2.1738884 -1.7974447
3.2346582 -2.096467 -1.7974505
3.2843163 -2.0178258 -1.797456
2.8879395 -0.7725659 -1.3940207
3.7467871 -0.90605378 -1.797511
3.8457909 -0.263356 -1.7975262
3.8540332 -0.0775415 -1.7975285
3.854785 0.015464477 -1.7975295
3.853291 0.10845703 -1.7975301
3.843574 0.29420409 -1.7975307
3.835371 0.38684508 -1.7975307
3.8249218 0.47926453 -1.7975305
3.8122265 0.57140011 -1.7975301
3.797334 0.66320741 -1.7975292
3.7802343 0.75462461 -1.7975284
3.7609277 0.84560484 -1.7975273
3.0861816 0.77256531 -1.4835194
3.3628905 1.8841332 -1.797497
3.1116698 2.2751274 -1.7974757
2.9389648 2.4941869 -1.7974606
2.8779297 2.5643554 -1.7974551
2.8152149 2.6330328 -1.7974496
2.6849022 2.7657447 -1.7974379
2.6173925 2.8297076 -1.7974319
2.2578027 3.1240723 -1.7973989
2.1817577 3.1776233 -1.7973921
2.025918 3.27914 -1.7973776
1.7004687 3.4590435 -1.7973471
1.2718066 3.6384625 -1.7973065
1.005332 3.7208636 -1.7972811
0.82464844 3.7649889 -1.7972637
0.73360348 3.7837682 -1.7972549
0.64210933 3.8003485 -1.7972461
0.45800781 3.8268566 -1.7972282
0.18005858 3.8499041 -1.797201
-0.0058300779 3.8540649 -1.7971829
-0.09883789 3.8527844 -1.7971737
-0.28453124 3.8434918 -1.7971554
-0.37719727 3.8354876 -1.7971463
-0.4696289 3.8252521 -1.7971371
-0.56178707 3.8127899 -1.797128
-0.92653316 3.7408366 -1.7970915
-1.1058886 3.6917522 -1.7970735
-1.1946582 3.6639793 -1.7970644
-1.3699511 3.6020544 -1.7970468
-1.456455 3.5679393 -1.797038
-1.5421094 3.5317454 -1.7970293
-1.710664 3.4532135 -1.797012
-1.793457 3.4109209 -1.7970034
-1.8752246 3.3666449 -1.796995
-1.9558984 3.3204069 -1.7969868
-2.0354199 3.2722399 -1.7969786
-2.1137598 3.2221673 -1.7969705
-2.1908691 3.1702228 -1.7969624
-2.556416 2.8834538 -1.7969241
-2.6925097 2.7567613 -1.7969096
-3.6342676 1.2805102 -1.7968044
-3.6640918 1.1924591 -1.7968009
-3.6917968 1.1037109 -1.7967974
-3.7619238 0.83382869 -1.7967881
-3.7977538 0.65139341 -1.7967831
-3.8247364 0.46743712 -1.7967788
-3.8349121 0.37502745 -1.7967771
-3.8428319 0.28239837 -1.7967755
-3.8485155 0.18960877 -1.7967743
-3.8519726 0.096703187 -1.7967731
-3.8531933 0.0037463377 -1.7967721
-3.8488867 -0.18212096 -1.796771
-3.8356054 -0.36756775 -1.7967707
-3.8134179 -0.55216032 -1.7967714
-3.7192676 -1.0070803 -1.7967767
-3.636709 -1.2734234 -1.7967825
-2.6306446 -2.8157403 -1.7968682
-2.4917772 -2.9393802 -1.7968807
-2.3470898 -3.0561743 -1.7968941
-2.2727051 -3.1119194 -1.7969009
-2.1969628 -3.1658592 -1.7969078
-2.1199608 -3.2179527 -1.7969149
-1.9622656 -3.316493 -1.7969296
-1.881709 -3.3628824 -1.7969371
-1.8000391 -3.4073148 -1.7969447
-1.7173047 -3.4497654 -1.7969525
-1.6335839 -3.4902067 -1.7969604
-1.3769336 -3.5992601 -1.7969847
-1.2896973 -3.6314459 -1.7969929
-1.2017187 -3.6615224 -1.7970014
-1.1130371 -3.6894622 -1.7970098
-1.023711 -3.7152617 -1.7970184
-0.84332031 -3.7603524 -1.7970358
-0.56916016 -3.8115532 -1.7970622
-0.19922851 -3.8487358 -1.7970982
-0.10632812 -3.8524406 -1.7971073
-0.013349609 -3.8539047 -1.7971165
0.079638667 -3.8531258 -1.7971257
0.26541016 -3.8448389 -1.7971439
0.45055664 -3.8275979 -1.7971623
0.81732422 -3.7664485 -1.7971988
0.90794921 -3.7456515 -1.797208
1.264668 -3.6408026 -1.7972437
1.6936816 -3.4622271 -1.7972875
1.7767285 -3.4203742 -1.7972959
1.9396679 -3.330719 -1.7973127
2.0194726 -3.2829688 -1.797321
2.1755078 -3.181766 -1.7973372
2.542666 -2.896888 -1.7973758
2.6118164 -2.8347139 -1.7973831
2.6794629 -2.7708874 -1.7973902
2.8728611 -2.5698843 -1.7974108
3.1071582 -2.2811277 -1.7974364
3.2136133 -2.1286089 -1.797448
3.2640429 -2.0504632 -1.7974538
3.3591795 -1.8906375 -1.7974644
3.759248 -0.85291106 -1.7975127
3.7787402 -0.76197052 -1.7975154
3.7960253 -0.67058319 -1.7975178
3.8110838 -0.57881439 -1.7975202
3.8239453 -0.48670104 -1.7975221
3.8345702 -0.39430174 -1.797524
3.8530567 -0.11595611 -1.797528
3.8547461 -0.022962952 -1.7975291
3.8541796 0.070042722 -1.7975298
3.846328 0.25587127 -1.7975307
3.8390234 0.34859192 -1.7975307
3.8295019 0.44111145 -1.7975305
3.8037596 0.62531674 -1.7975296
3.7875586 0.71690243 -1.7975287
3.7485936 0.89877009 -1.7975265
3.2883105 2.0114734 -1.7974908
3.1342089 2.2439959 -1.7974777
3.022285 2.3925586 -1.7974679
2.9033496 2.5355394 -1.7974573
2.8413281 2.6048393 -1.7974519
2.7776368 2.6726251 -1.7974463
2.7123535 2.7388482 -1.7974404
2.6454785 2.8034759 -1.7974343
2.5071483 2.9278045 -1.7974218
2.4357715 2.9874291 -1.7974153
2.2888086 3.101419 -1.7974019
2.2133203 3.1557231 -1.797395
2.058496 3.2587895 -1.7973807
1.9792675 3.3074858 -1.7973732
1.817412 3.399085 -1.797358
1.6513183 3.4827623 -1.7973425
1.3951172 3.5930169 -1.7973182
1.1315918 3.684453 -1.7972932
1.0423535 3.7106645 -1.7972846
0.95253903 3.7347119 -1.797276
0.8621484 3.7565856 -1.7972673
0.77127928 3.7762761 -1.7972586
0.49614257 3.8221104 -1.7972319
0.40382811 3.8329442 -1.797223
0.21843749 3.847924 -1.7972049
-0.24624023 3.8461468 -1.7971592
-0.3389453 3.8390679 -1.7971501
-0.43145508 3.8297527 -1.797141
-0.70728517 3.7884612 -1.7971134
-0.88922852 3.7498949 -1.7970953
-0.9793945 3.7273345 -1.7970861
-1.1580664 3.6757147 -1.7970681
-1.2463769 3.6466882 -1.7970593
-1.5068066 3.546947 -1.7970328
-1.6761621 3.4701006 -1.7970155
-1.8415625 3.3851757 -1.7969985
-1.9227051 3.3397429 -1.7969902
-2.0026953 3.2923748 -1.7969819
-2.081543 3.2430823 -1.7969738
-2.3843067 3.0273602 -1.7969422
-2.5969825 2.8469586 -1.7969198
-2.6648924 2.7834697 -1.7969126
-3.6520312 1.2289233 -1.7968023
-3.7534375 0.87128538 -1.7967894
-3.7733593 0.78047484 -1.7967867
-3.7910936 0.68921143 -1.7967842
-3.8199022 0.50554138 -1.7967798
-3.8398242 0.32068786 -1.7967763
-3.8508301 0.13509674 -1.7967734
-3.850498 -0.14375335 -1.7967712
-3.8390918 -0.32931671 -1.7967707
-3.7514355 -0.87971008 -1.7967745
-3.7046483 -1.0596405 -1.7967776
-3.6779981 -1.1487116 -1.7967796
-2.6585741 -2.7893741 -1.7968657
-2.5905273 -2.8527148 -1.7968719
-2.5209277 -2.9143932 -1.7968782
-2.4498925 -2.9743743 -1.7968845
-2.3036132 -3.0891058 -1.796898
-2.2283983 -3.1437943 -1.7969049
-1.9952441 -3.2967601 -1.7969265
-1.8339062 -3.3891985 -1.7969416
-1.6683105 -3.473742 -1.7969573
-1.5840234 -3.5129974 -1.7969651
-1.4988281 -3.5502026 -1.7969731
-1.2381543 -3.6493552 -1.7969979
-1.1497656 -3.6781783 -1.7970064
-0.97100586 -3.7293937 -1.7970234
-0.78999996 -3.7719257 -1.7970408
-0.60711914 -3.8056822 -1.7970586
-0.42285156 -3.8305724 -1.7970763
-0.33032227 -3.8396802 -1.7970854
-0.23758788 -3.8465514 -1.7970946
-0.14470702 -3.8511822 -1.7971035
-0.051767576 -3.8535717 -1.7971127
0.041220702 -3.8537199 -1.7971219
0.13417968 -3.8516219 -1.7971311
0.31981444 -3.840708 -1.7971493
0.59674805 -3.8075783 -1.7971768
0.96090817 -3.7324324 -1.7972132
1.0506836 -3.7081823 -1.7972223
1.1398144 -3.681776 -1.7972312
1.4893359 -3.5548766 -1.7972666
1.5746777 -3.5179281 -1.7972753
1.6590723 -3.4789312 -1.7972839
1.9063672 -3.3498852 -1.7973094
2.0657713 -3.2540557 -1.7973258
2.1436718 -3.2032843 -1.797334
2.2203319 -3.1506536 -1.7973418
2.2957129 -3.0961821 -1.7973497
2.3697362 -3.0399065 -1.7973574
2.4424121 -2.9818628 -1.7973651
2.5136425 -2.9220788 -1.7973726
2.5834277 -2.8606057 -1.79738
2.6516893 -2.7974541 -1.7973872
2.7184277 -2.7326796 -1.7973944
2.9691503 -2.4580455 -1.7974213
3.0842676 -2.3119771 -1.7974339
3.1391504 -2.2369068 -1.7974398
3.1922166 -2.1605282 -1.7974458
3.2434278 -2.0828896 -1.7974515
3.2927637 -2.0040381 -1.797457
3.3401561 -1.9240273 -1.7974622
2.6732714 -0.7725659 -1.2975824
3.7505467 -0.89033538 -1.7975115
3.8189061 -0.5247876 -1.7975214
3.8304589 -0.43249938 -1.7975231
3.8397753 -0.33996886 -1.7975248
3.8468652 -0.24723388 -1.7975264
3.8517187 -0.15435119 -1.7975276
3.854326 -0.06138153 -1.7975286
3.8528125 0.12460785 -1.7975302
3.8337109 0.40292174 -1.7975307
3.8228612 0.4952893 -1.7975303
3.8098047 0.58737487 -1.7975298
3.7573535 0.86135864 -1.797527
2.7527928 0.7725659 -1.3332438
3.3549707 1.8982165 -1.7974963
3.1564062 2.2126501 -1.7974795
2.9284961 2.5064826 -1.7974597
2.8671484 2.5763969 -1.7974542
2.7395313 2.7116778 -1.7974429
2.6055176 2.8406525 -1.7974306
2.536201 2.9026768 -1.7974244
2.4654295 2.9630034 -1.797418
2.3932226 3.0216112 -1.7974114
2.3196094 3.0784569 -1.7974048
2.1684082 3.1867402 -1.7973907
2.0121484 3.2876 -1.7973762
1.9322559 3.335175 -1.7973689
1.7690917 3.4244664 -1.7973536
1.0793164 3.7000968 -1.7972882
0.98972654 3.725039 -1.7972796
0.62616211 3.8030016 -1.7972445
0.53421873 3.8169806 -1.7972357
