# .PCD v0.7 - Point Cloud Data file format
VERSION 0.7
FIELDS x y z
SIZE 4 4 4
TYPE F F F
COUNT 1 1 1
WIDTH 11699
HEIGHT 1
VIEWPOINT 0 0 0 1 0 0 0
POINTS 11699
DATA ascii
-20.345585 -8.3577518 5.8936319
-20.385254 -8.9550362 5.9660273
-12.394746 -6.9406033 3.8064008
-12.072598 -7.9592471 3.8745935
-10.883691 -8.790823 3.7487335
-10.339277 -8.7717714 3.6331041
-10.770078 -9.5937605 3.8647387
-10.351201 -9.6786604 3.7971661
-10.225791 -22.13516 6.5334129
-9.5878706 -22.142944 6.4655042
-8.9627247 -22.150564 6.4026842
-8.3492384 -22.158037 6.3447328
-7.7475977 -22.168806 6.2924156
-6.570498 -22.185024 6.1996894
-4.8619919 -22.208364 6.0916491
-4.3043261 -22.214678 6.063107
-3.751533 -22.220938 6.0383401
-3.2029102 -22.227146 6.0172625
-1.5763867 -22.258675 5.9791327
-1.0375195 -22.265062 5.9723835
-0.49958006 -22.271444 5.9691253
0.57612306 -22.28421 5.9730382
1.1154785 -22.29726 5.9820037
2.1992774 -22.30994 6.006906
3.2947264 -22.322779 6.0461679
3.8484666 -22.329271 6.0713243
4.406836 -22.33415 6.0997972
7.3030076 -22.37447 6.3065033
7.9078417 -22.381166 6.3603482
3.6796288 -8.4189072 2.461894
4.0363083 -8.6592426 2.5599208
4.3859668 -8.8453436 2.6454718
4.7204199 -8.9691877 2.7158039
5.3452048 -8.5852718 2.7098424
5.4984179 -8.3739119 2.6842449
6.6014452 -8.2042971 2.8216166
22.491024 -10.441023 6.644176
21.334677 -9.2850733 6.2345343
22.433594 -9.1258574 6.4893956
22.655937 -8.5850458 6.4918671
2.9189844 13.099441 3.5960722
2.384414 12.065238 3.2953985
2.0854101 12.078052 3.2841907
1.7002441 11.495792 3.1137958
0.88046873 11.808476 3.1728539
0.26634765 10.183207 2.7295153
0.020908203 10.389235 2.7837944
-0.75374997 10.689097 2.8712468
-0.94714844 9.9889431 2.6885333
-1.3073437 10.964395 2.9587097
-1.5980469 11.113727 3.0085411
-1.8861133 11.192332 3.041261
-2.3551366 10.773247 2.9548564
-7.000947 17.317297 5.0050035
-9.2346287 17.706263 5.3508735
-9.6309862 17.426992 5.3351884
-8.2961035 13.436172 4.2311878
-9.3767481 12.981152 4.2908182
-9.6860352 12.749354 4.2902451
-10.261387 12.232993 4.2783198
-10.987031 12.473774 4.4540024
-10.01917 10.836087 3.9544518
-10.328711 10.643583 3.9740405
-11.398788 10.159966 4.0914445
-11.103477 8.9738903 3.8253753
-14.470078 11.128319 4.8912492
-15.777158 10.408429 5.0645542
-12.374717 -6.8088059 3.7845666
-12.034003 -7.399425 3.7852812
-11.823926 -8.5073853 3.9030597
-10.531796 -8.8010082 3.677608
-10.478877 -9.6527491 3.8175201
-10.070068 -9.7358122 3.7531261
-11.093379 -22.147861 6.6373081
-10.4254 -22.132727 6.5554352
-9.1543455 -22.148228 6.4215403
-8.5373926 -22.155746 6.3621087
-7.9324803 -22.166256 6.3082972
-7.3366795 -22.174469 6.2584014
-6.7499313 -22.182552 6.2128778
-5.5999513 -22.198389 6.1343846
-5.0351562 -22.206161 6.1011662
-2.8256934 -22.231413 6.0048113
-1.2037011 -22.263092 5.9740934
-0.66552734 -22.269478 5.9697571
-0.12786132 -22.275854 5.9689007
0.948623 -22.288635 5.9776349
1.4891504 -22.30163 5.9890122
2.0314159 -22.307976 6.0021381
2.5763574 -22.314358 6.0188379
3.6770799 -22.327261 6.0631604
5.3652735 -22.346182 6.1578069
5.9410839 -22.353413 6.1975212
7.7200584 -22.379086 6.3432379
8.3170996 -22.345078 6.3886461
4.2985449 -8.8337669 2.632359
4.8751173 -8.8995399 2.7189746
4.7877636 -8.2604418 2.5582843
5.2974024 -8.6514683 2.718205
5.4513965 -8.4386501 2.6919055
5.6682615 -7.9090104 2.6072669
6.1424217 -8.1478596 2.7340941
6.5510058 -8.266942 2.8262982
13.944414 -8.7961798 4.4176636
22.059736 -9.1658754 6.4008207
2.2369432 9.6978035 2.6667492
2.4770508 12.060942 3.2991724
1.8796387 12.085931 3.2773461
0.92921871 11.32398 3.0444512
0.10014648 10.583812 2.8360503
-0.93666989 10.728155 2.8855357
-1.2196094 10.919956 2.944185
-1.507246 11.066749 2.9927025
-1.8052539 11.222034 3.0455933
-2.0473633 11.023287 3.0041931
-2.8994823 11.075339 3.0676403
-9.5089159 17.513048 5.3396997
-8.4884567 12.569421 4.064043
-9.2814159 13.052876 4.2915587
-9.5905275 12.820794 4.2901249
-10.569843 10.534485 3.998615
-11.285673 10.211022 4.0780354
-11.173223 9.168664 3.8728185
-15.230986 11.314072 5.0839148
-12.134277 -7.7430663 3.8569403
-12.034219 -8.0944395 3.8861127
-11.491651 -8.5629435 3.8400199
-11.187422 -8.7639961 3.8079503
-10.673662 -8.7853584 3.7041943
-10.107539 -8.7370319 3.5798841
-10.607949 -9.626585 3.8383167
-15.039863 -22.342106 7.2165685
-12.670273 -22.125307 6.8317327
-11.975976 -22.135237 6.7435584
-11.299024 -22.144922 6.6614633
-10.626396 -22.130274 6.5779691
-9.9800091 -22.138159 6.5067992
-9.3471384 -22.145876 6.4408679
-8.726572 -22.153442 6.3799415
-8.1173143 -22.160862 6.3237977
-7.5195603 -22.171947 6.2733221
-6.9300876 -22.180073 6.22647
-5.7755466 -22.195971 6.1454382
-4.6479392 -22.210785 6.0802732
-4.0921779 -22.217079 6.0531869
-3.5410547 -22.22332 6.0298386
-2.4499218 -22.235664 5.994082
-1.9096777 -22.254725 5.9850516
-1.3699707 -22.261122 5.9761395
-0.83154297 -22.267509 5.9707227
-0.29377928 -22.273886 5.968792
0.78228515 -22.286659 5.9753742
1.3222461 -22.299677 5.9856768
3.5061231 -22.325256 6.055357
4.0616989 -22.331772 6.0819526
4.6221776 -22.336849 6.1119366
5.1890039 -22.343967 6.1463742
5.7626171 -22.351171 6.1848245
6.3437304 -22.358469 6.227406
6.9333005 -22.365873 6.2742658
8.7420502 -22.339167 6.4277744
4.1578517 -9.9129553 2.8803515
3.8172166 -8.5183563 2.5011814
4.198916 -8.7949457 2.6114006
4.4956446 -8.8599281 2.6621435
5.0176072 -8.807538 2.7160747
5.3372655 -8.8641577 2.772459
5.5565038 -8.2943144 2.6750727
5.6703906 -8.0377731 2.635716
5.6639452 -7.6307917 2.5463548
6.262197 -8.0246019 2.7274213
6.6637988 -8.1269073 2.8160553
22.326651 -10.771852 6.6422868
22.301123 -10.10348 6.5602183
21.819208 -9.2571507 6.3508649
22.543837 -8.9288387 6.4971409
22.505615 -7.6795073 6.3717742
2.7819531 13.051389 3.5756707
1.971416 12.082515 3.2803094
1.3312988 11.683141 3.1507471
0.68103516 10.432823 2.8014154
0.43483397 10.587102 2.8391962
-0.078730464 10.894568 2.9192669
-0.32899413 10.486535 2.8112383
-1.4174023 11.020571 2.9772778
-2.6353514 10.381428 2.8699231
-7.1160254 17.144377 4.973815
-8.3248243 17.605349 5.2181425
-8.9886618 17.87932 5.362102
-9.386631 17.599216 5.3445067
-8.4184761 13.356726 4.2304816
-9.0209475 12.888821 4.215405
-9.4950781 12.892321 4.2902675
-9.8045893 12.660853 4.2907596
-10.092871 12.402767 4.2846293
-13.545507 15.095021 5.4344201
-10.115928 10.739922 3.9532983
-10.814082 10.42405 4.0246391
-11.173329 10.26175 4.0649462
-11.489463 10.051833 4.0904756
-14.991601 11.310522 5.0319967
-15.63168 10.650025 5.0682225
-12.395312 -6.970078 3.810401
-12.165058 -7.6357737 3.848532
-11.956152 -7.9132004 3.841759
-11.495781 -8.4335718 3.8203051
-11.280596 -8.702137 3.8174877
-10.842578 -8.7897425 3.7399902
-10.293858 -8.7649593 3.622647
-15.276338 -22.332483 7.2500157
-4.1081638 -8.394742 2.504267
-8.9168749 -22.151123 6.3982244
-8.3041897 -22.158587 6.3406229
-7.1110935 -22.177578 6.240468
-6.5275097 -22.185616 6.1965818
-5.3830662 -22.201372 6.1212077
-4.2631836 -22.215145 6.0611472
-2.0754101 -22.239902 5.9850578
-1.5363476 -22.25915 5.9785161
-0.45972654 -22.271919 5.9690189
1.1555078 -22.297726 5.9826775
1.6964648 -22.304054 5.9936166
3.3356347 -22.323256 6.0479074
3.8897069 -22.329756 6.0733385
4.4484763 -22.334669 6.1021075
6.1635251 -22.356205 6.2138147
6.750361 -22.363579 6.2593317
7.9530954 -22.38167 6.3645272
8.5516891 -22.341814 6.4100256
4.0853028 -9.9470892 2.88135
3.7059374 -8.4379072 2.469383
4.9540038 -8.8485451 2.7172613
5.3566504 -8.5694418 2.7078674
5.5096874 -8.358428 2.6824365
5.6658006 -7.753274 2.5730755
6.2087693 -8.0795088 2.7302887
6.6135449 -8.1892738 2.8205187
6.7758985 -7.9879317 2.8066974
-28.082548 -7.0197501 7.0615959
-11.804121 -6.9893479 3.3465831
-11.959492 -7.4769406 3.4408002
-11.837168 -8.220644 3.5157721
-11.977666 -8.7541542 3.6192186
-11.275439 -8.6660385 3.4692388
-10.30249 -8.7405653 3.2959673
-10.727451 -9.5557928 3.5047026
-10.310908 -9.6409864 3.4436517
-15.154297 -22.069162 6.5309196
-14.389267 -22.078682 6.4290581
-12.940508 -22.120752 6.2519703
-4.1231642 -8.3873558 2.2799876
-8.9629583 -22.151127 5.8294296
-7.1548338 -22.177446 5.6848345
-6.5706348 -22.18549 5.6445856
-4.8620505 -22.208612 5.5461655
-4.3043747 -22.214926 5.5201807
-3.202949 -22.227392 5.4784384
-2.6578221 -22.233559 5.4625554
-2.1155274 -22.239695 5.4499269
-1.5763574 -22.258341 5.4435883
-1.0374902 -22.26473 5.437438
-0.49958006 -22.271112 5.4344707
0.038095701 -22.277494 5.4346652
0.57612306 -22.283878 5.4380298
1.115459 -22.29665 5.4461279
2.1992188 -22.30933 5.468802
2.7451367 -22.315722 5.4850187
3.8483496 -22.328651 5.5274448
4.4067969 -22.333872 5.5534539
6.1202636 -22.355377 5.6543407
6.7065039 -22.362741 5.6954932
8.5061617 -22.342447 5.83215
9.123291 -22.327362 5.8839898
3.9453125 -8.4640198 2.2781205
4.3333592 -8.7392597 2.3796666
4.9530272 -8.8840599 2.4813609
5.2928805 -8.9771128 2.5423014
5.5339355 -8.4279995 2.4596415
5.5302148 -7.9948759 2.3715088
5.9429688 -8.1632004 2.4632797
6.41541 -8.3793974 2.5745032
21.782461 -10.112082 5.8585734
22.596483 -9.8342257 6.0119023
22.584686 -7.9401512 5.8401771
3.1832714 12.819706 3.2223742
2.8299022 12.699709 3.1741126
2.4341309 12.316778 3.0628252
2.1287305 12.328988 3.0521905
1.8250586 12.339603 3.0430243
1.5174512 12.305034 3.0245855
0.99819332 10.09467 2.4746311
0.73256832 9.8249416 2.4034724
0.55582029 11.043444 2.6974878
0.28217772 10.788135 2.632694
0.021220703 10.543359 2.5720861
-0.26276368 11.87501 2.8976488
-0.46812499 10.111577 2.469388
-0.7212109 10.227482 2.5012181
-1.2108399 10.155105 2.4949133
-1.5258887 10.611856 2.6154156
-2.134619 11.034605 2.7418268
-2.5830956 10.584662 2.657937
-8.8638182 18.044546 4.9044352
-9.264101 17.762754 4.8872118
-9.6616116 17.482435 4.8728399
-10.056855 17.203276 4.8612895
-9.6260939 15.590207 4.4698377
-11.733643 18.015818 5.2449689
-8.9771872 13.081906 3.8705211
-9.2831049 12.851485 3.8675268
-9.5892963 12.622026 3.8670135
-9.8961811 12.393215 3.8689854
-10.171806 12.1262 3.861165
-13.757792 14.879514 4.9437428
-14.060566 14.489188 4.9254017
-11.180351 10.460285 3.7350872
-11.381152 10.144249 3.7192688
-12.328105 -7.1761107 3.4798815
-11.868252 -8.1118422 3.5069568
-10.493964 -8.7693977 3.3362279
-10.859287 -9.529109 3.5244837
-10.437861 -9.6149769 3.4620385
-10.031318 -9.6983547 3.4038634
-17.02001 -22.045929 6.7944322
-16.193682 -22.056225 6.6751823
-14.622803 -22.075775 6.4597526
-13.16079 -22.117599 6.2786169
-12.453681 -22.127714 6.1943307
-11.093037 -22.147194 6.0427122
-10.425664 -22.133303 5.9685059
-8.5375977 -22.156303 5.7924881
-6.7500782 -22.18302 5.6565967
-4.4759278 -22.212988 5.5278363
-3.9217088 -22.219257 5.5042291
-2.8257227 -22.231659 5.4671063
-2.2826366 -22.237804 5.453476
-1.7429297 -22.256367 5.4461246
-0.66551757 -22.269144 5.4350462
1.4891015 -22.30102 5.4525104
2.0313671 -22.307365 5.4644604
2.5762987 -22.313745 5.4796581
3.124619 -22.320169 5.4981608
3.6769726 -22.326643 5.5200152
4.2337599 -22.331699 5.5449185
4.7963767 -22.338758 5.5737987
5.3652148 -22.345898 5.6062651
5.9410057 -22.353127 5.6424179
6.5246677 -22.360458 5.6823721
7.116992 -22.367897 5.7262664
8.9327736 -22.334873 5.8682685
4.1856346 -9.7744112 2.5939276
4.5473633 -8.7987843 2.4162059
5.2448926 -9.0491343 2.5515616
5.5311327 -8.1248903 2.3977861
5.5287499 -7.7143564 2.3153474
22.307608 -8.6436243 5.836246
22.595634 -8.1336279 5.8585167
3.2946386 12.857958 3.2380688
2.9377735 12.736112 3.1885931
1.9186034 12.336495 3.0457001
1.0833594 10.180799 2.4976552
0.81291991 9.9067125 2.4248919
0.36521482 10.865755 2.6522264
0.10046875 10.617835 2.5903649
-0.17471679 11.904358 2.9044123
-0.3964453 10.209325 2.4924698
-1.312705 9.6383991 2.3730202
-1.7227637 10.709321 2.6461558
-2.0164647 10.857003 2.6938896
-2.5205567 10.673001 2.675329
-8.7396679 18.131863 4.9103374
-9.5391893 17.568811 4.8769751
-9.9350977 17.289324 4.8645582
-10.108427 16.647522 4.7512655
-8.5811911 13.392675 3.8803105
-8.5152636 12.609123 3.7117682
-9.4947462 12.692753 3.866909
-10.088271 12.210166 3.8638701
-10.358788 11.938672 3.8559668
-13.663847 15.000556 4.9499998
-13.967382 14.609355 4.9307432
-14.268564 14.22084 4.914443
-11.056045 10.499503 3.7195823
-11.268281 10.195275 3.7070966
-11.899238 -8.0036478 3.4984045
-12.369102 -8.7605457 3.6976459
-11.693906 -8.7136497 3.5576537
-10.072031 -8.7063417 3.2478333
-17.283945 -22.046312 6.8340402
-15.638896 -22.063129 6.5973558
-10.62667 -22.13085 5.989027
-9.9802828 -22.138729 5.9242277
-8.7267971 -22.154001 5.8087201
-7.5197263 -22.172421 5.7116327
-6.9302244 -22.180538 5.6689682
-4.6479979 -22.211037 5.5358129
-4.0922165 -22.217329 5.5111504
-3.5410936 -22.223566 5.4898877
-0.83152342 -22.267176 5.4359236
1.3222167 -22.299068 5.4494739
2.4078026 -22.311771 5.4746208
2.9549999 -22.318184 5.4920964
3.5060155 -22.324638 5.5129066
4.0615916 -22.331154 5.5371275
4.6221189 -22.336573 5.564508
5.1889453 -22.343685 5.5958581
5.7625389 -22.350887 5.6308646
7.5331149 -22.376476 5.7598429
8.1290522 -22.347694 5.8012576
8.7420607 -22.339167 5.8521295
3.7220018 -8.3059063 2.2203918
4.4587989 -8.7873087 2.4038646
5.3417869 -8.4056959 2.4296336
5.5323048 -8.2582092 2.4249012
5.5293455 -7.8378415 2.3399808
6.0087891 -8.0953674 2.459456
22.310038 -8.8362398 5.8539329
22.571405 -7.7019486 5.8180914
6.2993455 23.844223 6.0164366
2.623584 12.308437 3.0701318
2.3170214 12.32164 3.0585797
2.0123241 12.333236 3.048512
1.7078906 12.33374 3.037559
0.8947168 9.9897957 2.4467919
-0.075537108 10.452263 2.5499234
-0.56419921 10.155282 2.4812288
-0.81989259 10.27335 2.5141807
-1.9246484 10.810544 2.6787305
-2.6595116 10.476606 2.6368597
-10.207626 17.096663 4.8576055
-8.2885351 12.472723 3.653336
-9.4002438 12.763556 3.8670385
-9.7066402 12.534389 3.8674736
-13.569629 15.121909 4.9565434
-13.873964 14.729782 4.936367
-14.475625 13.953536 4.9048734
-11.156142 10.245976 3.6952136
-28.226513 -7.1094408 7.1009855
-12.344316 -6.9414001 3.4548814
-11.815322 -7.0245667 3.3533173
-11.971406 -7.5142283 3.4480932
-11.912197 -8.739049 3.6041539
-11.232588 -8.6651087 3.4608171
-10.696025 -9.56217 3.5000165
-18.637724 -22.285976 7.087347
-12.887852 -22.121504 6.2456522
-12.187959 -22.131517 6.1636095
-11.50583 -22.141283 6.0871987
-4.1078806 -8.3941708 2.2798395
-9.541338 -22.144079 5.8822308
-8.917099 -22.151684 5.8253732
-7.7034664 -22.169888 5.7256002
-7.1112499 -22.178047 5.6817179
-5.9518943 -22.194008 5.6055994
-4.2632322 -22.215395 5.5183935
-3.1624024 -22.227852 5.4771466
-2.6175194 -22.234018 5.4615045
-2.0754297 -22.240149 5.4491153
-0.99758786 -22.265205 5.437108
0.61604488 -22.284353 5.4384093
1.1554785 -22.297119 5.4467392
2.2395897 -22.309805 5.469893
2.785742 -22.316198 5.4863482
3.8895996 -22.329136 5.5292802
4.4484277 -22.334391 5.5555534
5.0133009 -22.341482 5.5857935
5.5847363 -22.348658 5.6196623
6.1634469 -22.355921 5.657258
7.9529004 -22.381124 5.7944016
8.5516987 -22.341816 5.835968
4.6584959 -8.8132372 2.4318888
4.9835157 -8.9012537 2.4886501
5.3029685 -8.9575148 2.5394359
5.5300293 -7.9640927 2.3653102
5.9557323 -8.1500368 2.4625196
6.5910449 -8.1614008 2.5591826
6.7529492 -7.9608774 2.5466831
-12.339814 -6.9098458 3.114491
-12.299434 -7.2826209 3.1477551
-11.781865 -7.3659019 3.0599151
-11.939746 -7.8716593 3.1493561
-12.297783 -8.540535 3.2972217
-11.683799 -8.5393715 3.1869457
-10.853056 -8.7660952 3.0722899
-10.266475 -8.71 2.9648993
-10.271358 -9.6040125 3.0966938
-17.612411 -22.042795 6.2134433
-16.76252 -22.050014 6.0996313
-15.945029 -22.060181 5.9942126
-15.154873 -22.070004 5.8957496
-14.389794 -22.079506 5.8037958
-13.66079 -22.109753 5.7233829
-12.940098 -22.120068 5.643538
-12.238876 -22.130112 5.569098
-4.1228809 -8.3867912 2.0580287
-5.994463 -22.193882 5.0626378
-3.2029881 -22.227638 4.9454956
-2.6578417 -22.233805 4.9311509
0.038085938 -22.277163 4.9058509
0.57611328 -22.283548 4.9088922
1.656162 -22.302372 4.9249182
2.7450683 -22.315117 4.9512439
3.2945409 -22.321552 4.9688721
7.3026657 -22.373392 5.1828523
7.9074411 -22.380083 5.2271032
8.5061617 -22.342447 5.2647381
9.123291 -22.327362 5.3115339
9.7489748 -22.305368 5.3607311
4.2218552 -8.5143929 2.0928755
4.5991602 -8.7387733 2.1746886
4.8928514 -8.7761145 2.2127321
5.190547 -8.803565 2.2505918
5.3510447 -8.5946541 2.2295618
5.3939548 -8.2148123 2.1641769
6.344873 -8.7152328 2.3739984
6.3937597 -8.3511286 2.3161881
6.7184863 -7.9490342 2.2920194
21.052246 -10.397855 5.1707401
22.368418 -9.0993443 5.3179197
22.54624 -7.9266362 5.2630162
8.2741604 23.395412 5.4648242
7.632041 23.358522 5.4115949
2.7469823 12.327642 2.7813573
2.4153419 12.221732 2.7435052
2.0927343 12.120475 2.7086444
1.0304687 10.421104 2.3061116
0.75285155 10.096876 2.229691
0.27338865 10.452198 2.3025529
-0.23280273 10.520586 2.3173933
-0.52442384 11.327942 2.4972916
-1.1521386 12.150893 2.6878514
-1.6699902 11.614029 2.5839288
-2.1512401 11.120544 2.4943514
-2.606914 10.682308 2.4214787
-2.8053222 10.398848 2.3718858
-9.1922846 12.725764 3.4570982
-9.4954882 12.498562 3.4566467
-10.084736 12.0224 3.4556749
-14.83085 13.875675 4.4725947
-15.568857 13.876833 4.5927839
-12.307627 -7.1641998 3.1361096
-11.734921 -7.2155218 3.0336766
-11.737705 -8.022624 3.1309459
-11.858261 -8.5320902 3.2171087
-10.816807 -9.4918451 3.1691425
-10.397627 -9.5779066 3.1131651
-9.9933004 -9.6615887 3.0610521
-18.771143 -22.028776 6.3734941
-16.194317 -22.057079 6.0259867
-14.623359 -22.076607 5.8315039
-12.453291 -22.127041 5.5915112
-11.76458 -22.136906 5.520628
-9.1547947 -22.149349 5.2779145
-8.5378122 -22.156855 5.2290649
-7.9328222 -22.167196 5.1847949
-5.6001854 -22.199306 5.0418525
-3.9217479 -22.219507 4.9687762
-2.2826562 -22.238049 4.9229603
-1.7429004 -22.256039 4.9161997
-1.203662 -22.26243 4.9097605
-0.66549802 -22.268816 4.9061975
-0.12786132 -22.275194 4.9054933
0.40998045 -22.281576 4.9076495
1.4890624 -22.300415 4.9218979
2.5762401 -22.313139 4.9464087
3.124541 -22.319559 4.9631109
4.2337208 -22.331423 5.0053892
4.7963376 -22.33848 5.0314617
5.9409375 -22.352846 5.0934052
6.5245895 -22.360176 5.1294742
7.1169043 -22.367611 5.1690784
4.1029687 -8.4318581 2.0650175
4.5004001 -8.7079115 2.1586051
4.8011131 -8.764432 2.2007091
5.3937497 -8.3494024 2.1889882
5.3950195 -7.9249563 2.111243
5.8139744 -8.1123419 2.1979139
6.3430762 -8.414031 2.3204677
6.6687598 -8.0105009 2.2953556
21.519823 -10.185691 5.2430997
9.1472263 23.477461 5.5487366
7.8287497 23.369507 5.4274955
3.1962304 12.473892 2.8357251
2.8513184 12.361324 2.793673
2.1913965 12.151252 2.7190971
1.8822949 12.103005 2.697345
1.416582 10.82286 2.4037223
0.37316406 11.102043 2.446255
-0.43630859 11.235744 2.4761829
-0.73087889 11.594984 2.5584974
-1.3359082 11.961205 2.6504552
-1.5927441 11.694571 2.5991364
-1.8397266 11.436414 2.5508878
-2.0795996 11.196877 2.5079267
-2.3089452 10.952327 2.4649193
-2.7449706 10.485142 2.386838
-9.5693264 17.624311 4.4164023
-9.9664059 17.343803 4.4051189
-8.9166698 13.203497 3.5085955
-9.1904392 12.924951 3.492517
-9.4018745 12.568605 3.4565508
-9.7054882 12.341827 3.4576182
-10.270225 11.836609 3.4510612
-13.68792 15.026995 4.4762878
-13.991904 14.634999 4.4588456
-14.293525 14.245717 4.4440799
-14.593223 13.858631 4.4319396
-15.814687 13.629229 4.5975547
-12.316006 -7.0467644 3.1247797
-11.510215 -6.9597306 2.9621027
-12.035673 -8.5243874 3.247921
-10.525253 -9.5515413 3.1299884
-10.116611 -9.6360426 3.0767517
-19.053261 -22.02536 6.4133954
-18.151649 -22.036272 6.2871432
-15.639511 -22.063978 5.9557276
-14.103154 -22.083069 5.7702289
-13.382539 -22.113735 5.6921668
-12.669492 -22.123945 5.6144214
-11.298368 -22.143589 5.4745092
-9.9805269 -22.139296 5.3479919
-8.1177244 -22.161968 5.1975737
-5.2089939 -22.204687 5.0226288
-4.648037 -22.211287 4.9972858
-3.5411425 -22.223812 4.9558306
-2.4499707 -22.236156 4.9264417
-1.369912 -22.260458 4.9114385
-0.29376954 -22.273224 4.9054046
1.3221776 -22.298466 4.9191566
1.8637011 -22.3048 4.9290471
2.4077442 -22.311167 4.9418592
2.9549217 -22.317574 4.9576335
4.0614743 -22.330542 4.998271
5.7624707 -22.350605 5.0829711
9.3609962 -22.317993 5.3296537
3.9872069 -8.3514805 2.0380015
4.3738866 -8.6199722 2.128669
4.710371 -8.7529087 2.1889424
5.3353028 -8.8609228 2.277761
5.3944044 -8.0523443 2.1344154
5.7612891 -8.1666222 2.2009306
6.618916 -8.0721588 2.2988303
22.342226 -8.2309217 5.243432
8.6775684 23.420092 5.5001783
7.3897753 23.345385 5.3925052
2.9566405 12.395503 2.8062952
1.5124316 10.922142 2.4282088
0.91992188 10.271219 2.2709663
0.65222657 9.9915791 2.2050133
0.17864257 10.561344 2.3261347
-0.63258785 11.38622 2.5113218
-1.5145605 11.775929 2.6146381
-1.7645313 11.515212 2.5654619
-2.2390039 11.026962 2.4778926
-9.8440619 17.430271 4.4083271
-10.239756 17.150454 4.3988061
-10.512158 16.678545 4.3415961
-9.308301 12.638708 3.4566655
-9.6116896 12.411771 3.4570551
-13.593574 15.148599 4.4822154
-15.350351 14.097994 4.589777
-15.704814 13.739738 4.5952411
-16.061777 13.381651 4.603826
-12.324336 -6.9301648 3.1137059
-12.297451 -7.3112159 3.1505926
-11.793242 -7.4023962 3.0663042
-12.029746 -7.9619031 3.1768463
-12.246347 -8.5373535 3.287523
-18.426104 -22.032949 6.3251853
-16.700909 -22.050781 6.091567
-15.885576 -22.060921 5.986681
-12.187597 -22.130846 5.5637822
-11.505507 -22.140619 5.4948082
-8.9173241 -22.152241 5.2587509
-5.9520311 -22.194466 5.0603342
-4.2632813 -22.215639 4.9815612
-3.1624315 -22.228098 4.9443293
-2.0754492 -22.240395 4.9190245
-0.99757808 -22.264875 4.9080596
-0.45970702 -22.271254 4.9055896
0.077988282 -22.277636 4.9059825
0.61604488 -22.284023 4.9092321
1.6963671 -22.302841 4.9256835
3.889492 -22.328526 4.9911981
4.448369 -22.334116 5.0149918
5.5846677 -22.348375 5.0728612
7.9527144 -22.380585 5.2305403
8.5516987 -22.341816 5.2681837
9.7968264 -22.306023 5.3650923
4.6205859 -8.7414923 2.1774192
5.2220116 -8.8207741 2.2573786
5.3639255 -8.5810986 2.2285323
6.5689259 -8.134017 2.3024476
-12.312949 -6.8948035 2.7760777
-12.279297 -7.2707028 2.8072484
-11.761562 -7.7541819 2.7712963
-10.644746 -9.4821234 2.8043303
-19.408573 -22.021532 5.7744126
-17.612762 -22.043247 5.5505085
-16.763174 -22.050877 5.4489427
-15.945635 -22.061028 5.354763
-15.155449 -22.070835 5.2668018
-13.660371 -22.109066 5.1124692
-12.238496 -22.129448 4.9746556
-11.555156 -22.139242 4.9127164
-4.1226072 -8.3862305 1.8382896
-10.226572 -22.136866 4.7969599
-9.588603 -22.144627 4.7470951
-8.3498631 -22.159693 4.6584148
-7.748086 -22.17021 4.6199589
-7.1551366 -22.17837 4.5843234
-6.5709081 -22.186405 4.5518699
-5.9945898 -22.194336 4.5224853
-5.4253125 -22.202162 4.4960828
-4.8621678 -22.209108 4.4724145
-3.7516503 -22.221674 4.4332728
-3.2030175 -22.227882 4.4178028
-2.6578808 -22.234047 4.4049888
-0.49957031 -22.270458 4.3821154
0.038085938 -22.276838 4.3822751
0.57610351 -22.283222 4.3849897
1.6561328 -22.301775 4.3992524
3.2944531 -22.32095 4.4385118
4.4066796 -22.333321 4.4780817
6.1201172 -22.354818 4.5594316
6.7063279 -22.362177 4.5926127
7.9072556 -22.379547 4.6691961
8.5061522 -22.342451 4.7029243
9.123291 -22.327368 4.7447343
4.1166797 -8.3022766 1.822964
5.2568164 -8.4433203 1.9565697
6.0768261 -8.7850904 2.101351
6.2769337 -8.6219254 2.0979602
6.3724804 -8.323328 2.0621347
21.665819 -10.057935 4.6989341
22.490391 -9.7880526 4.8251143
22.45126 -9.1330423 4.7680259
22.389774 -8.4841881 4.7101002
22.402157 -7.8759751 4.671339
8.7198238 22.882965 4.8172569
7.4554491 22.818045 4.7222576
6.2399411 22.765585 4.6435938
2.6695604 11.980122 2.4145122
2.3481543 11.881757 2.3825684
2.0486035 11.864858 2.3685715
1.1956836 9.695838 1.921797
1.0609277 10.729122 2.1209102
0.77723628 10.42393 2.0562716
0.25871092 9.890954 1.9463987
0.022128906 10.994993 2.1629217
-0.58060545 12.541389 2.4697647
-1.1821874 12.467716 2.4636307
-1.4524413 12.18135 2.4132705
-1.6835253 11.708174 2.3269022
-1.9313378 11.46076 2.2863309
-2.167959 11.206962 2.2454886
-2.3962989 10.961536 2.2072616
-2.8306541 10.492721 2.137903
-3.3098438 11.187931 2.2951655
-10.2546 23.7024 5.080369
-11.813154 24.048624 5.270761
-10.120078 17.311422 3.9446886
-11.359072 14.225237 3.5810645
-11.7525 14.0106 3.5974133
-13.499853 15.32665 4.0178356
-15.314463 13.650082 4.0356383
-27.422089 -8.7813911 5.6642723
-11.595664 -7.1298962 2.6777899
-11.713877 -7.5981727 2.7466478
-10.775098 -9.4552345 2.820039
-10.358076 -9.541482 2.770376
-18.771544 -22.029238 5.69349
-17.880819 -22.040005 5.5830798
-12.45292 -22.126371 4.9946771
-11.764238 -22.136248 4.9313593
-11.092382 -22.145884 4.8724284
-10.426201 -22.134436 4.8131289
-9.1550589 -22.149899 4.7148156
-8.5380268 -22.157402 4.6711764
-7.9329882 -22.167664 4.6316123
-7.3371482 -22.175863 4.5949769
-6.7503514 -22.183941 4.5615516
-5.6002927 -22.199755 4.5039172
-3.3719432 -22.225971 4.4222894
-2.2826757 -22.238291 4.3976665
-1.7428808 -22.255713 4.3915167
-0.66549802 -22.268488 4.3825812
-0.12785156 -22.274868 4.3819542
0.40998045 -22.28125 4.3838787
0.94858396 -22.287645 4.3883672
4.2336621 -22.331152 4.4711986
5.9408689 -22.35257 4.5498209
7.1168065 -22.367331 4.6174235
7.719502 -22.377472 4.6566367
8.3171186 -22.345079 4.6903076
9.5538568 -22.310394 4.774343
10.198438 -22.311506 4.82587
4.1479297 -8.524271 1.8648722
4.3850975 -8.4848108 1.8788532
5.2552247 -8.5825977 1.97972
5.5714941 -8.1841888 1.9476374
6.2906637 -8.777462 2.1243443
6.3219237 -8.3859663 2.0659316
13.940009 -8.7934046 3.2422638
21.453964 -10.154516 4.6692643
22.174101 -9.2133942 4.7236133
8.9199514 22.894169 4.8334732
7.6470895 22.827221 4.7358155
2.8349023 12.290168 2.4811854
1.2622949 9.6439781 1.9133314
1.1520996 10.826886 2.1418734
0.59086913 10.222574 2.0143259
0.33527344 9.9746685 1.9633088
-0.15875976 10.817301 2.1281905
-0.48389646 12.461135 2.4531837
-0.73042965 11.587927 2.2840836
-1.0964453 12.558204 2.4798284
-1.3702344 12.26864 2.4284718
-1.5968066 11.72434 2.3276868
-1.8565429 11.540887 2.2994916
-2.5675683 10.872064 2.1975672
-10.025029 23.653749 5.0537944
-13.559589 17.242853 4.3151712
-11.629209 14.075222 3.5916624
-13.711855 15.053262 4.0056024
-28.251347 -7.3399243 5.7420602
-28.038221 -8.7489614 5.7779145
-12.29623 -7.0354509 2.7868438
-11.667099 -7.4449401 2.7226012
-11.821953 -7.9516673 2.8027191
-11.479824 -8.5541191 2.8162987
-11.664746 -9.1379318 2.9149408
-10.906962 -9.4280539 2.8360882
-10.485087 -9.5150881 2.7853131
-18.152021 -22.036728 5.6163487
-13.382119 -22.113056 5.0845866
-12.669102 -22.123276 5.0151453
-11.298008 -22.142935 4.8901634
-9.9807711 -22.139856 4.777421
-9.3478518 -22.147552 4.7290082
-7.5200391 -22.173349 4.6059337
-6.9305172 -22.181459 4.5715299
-6.3494434 -22.189453 4.540266
-5.2091112 -22.205135 4.4867449
-3.5411718 -22.224056 4.4270344
-2.9939744 -22.230246 4.412581
-1.9087988 -22.244759 4.392035
-0.29376954 -22.2729 4.3818774
0.24395508 -22.279282 4.3830128
2.9548438 -22.316973 4.4284735
3.5058496 -22.323427 4.4452567
4.061377 -22.329933 4.4647741
4.6220016 -22.336023 4.4869957
5.1888185 -22.343134 4.5122747
5.7624021 -22.350328 4.5404997
6.3434958 -22.357624 4.5717607
6.9330273 -22.365025 4.6061563
8.1290627 -22.347694 4.6780133
8.7420502 -22.339169 4.7190351
9.3609858 -22.317997 4.7609162
4.0411229 -8.4644489 1.845149
4.6706638 -8.6791229 1.9388736
4.9671092 -8.7188959 1.9739735
5.519043 -8.2384005 1.9506999
6.1982517 -8.7860231 2.1151829
6.2711816 -8.4488697 2.0698586
6.4349508 -8.2459745 2.0576117
21.244335 -10.24967 4.6401286
21.001493 -9.5146856 4.5355945
22.356192 -8.854516 4.730257
22.699501 -8.3625431 4.7587924
2.9460058 12.350934 2.4978187
2.2516112 11.973846 2.3967607
1.3283007 9.5924644 1.9050196
1.2450879 10.926432 2.1633399
0.95028317 10.610282 2.0955935
0.67311519 10.311527 2.0327852
0.41190428 10.028509 1.974456
-1.2869726 12.356886 2.4439757
-1.5147558 11.777488 2.3359334
-2.0144043 11.314675 2.2608049
-2.2562988 11.11208 2.2305586
-2.4816406 10.869675 2.1932852
-2.7083886 10.669154 2.1653886
-2.9048924 10.385465 2.1214266
-3.4116406 11.152271 2.2942173
-9.9828711 24.051359 5.1227164
-10.543096 23.764421 5.1143169
-12.126826 24.121443 5.3110437
-13.463301 17.385422 4.3256321
-14.079473 16.473152 4.2629242
-13.617382 15.175112 4.0109196
-13.922587 14.781396 3.9945366
-14.225331 14.39056 3.9805632
-14.526015 14.002117 3.9689581
-15.099688 13.867778 4.0330429
-12.277246 -7.2992063 2.8097637
-19.339365 -22.022373 5.7655478
-18.426504 -22.033407 5.6503305
-17.548828 -22.044018 5.5427814
-16.701563 -22.05164 5.4417329
-15.097861 -22.07155 5.2605143
-14.33454 -22.08102 5.1787782
-13.60625 -22.109844 5.1070118
-12.88706 -22.120152 5.0360594
-4.1073337 -8.3930454 1.8381709
-9.5418158 -22.145195 4.7435522
-5.9521484 -22.19492 4.5204315
-4.8206053 -22.209579 4.4707675
-4.26333 -22.215883 4.4500227
-3.1624706 -22.22834 4.4167576
-0.45970702 -22.270929 4.3820405
0.61601561 -22.283695 4.385294
1.1554199 -22.295923 4.3919048
1.6963183 -22.302246 4.3999348
2.7855957 -22.314989 4.4238439
3.335371 -22.32143 4.4397874
3.8893945 -22.327919 4.4584556
5.0131736 -22.340929 4.5041618
5.584609 -22.348101 4.5314698
6.163291 -22.35536 4.5617847
7.3469825 -22.373354 4.6324859
9.169219 -22.325556 4.7478242
4.1447067 -8.3213205 1.8287736
4.5409665 -8.5908728 1.9115486
4.8750095 -8.7074423 1.9631013
5.2572069 -8.4103575 1.9511125
5.2628708 -7.9839869 1.8811244
6.100234 -8.7852659 2.1040039
-28.316933 -7.809094 5.0942068
-13.38042 -7.492547 2.6595502
-12.224999 -7.2385535 2.4639094
-12.221054 -8.0571136 2.5386069
-11.506943 -8.4101229 2.4717898
-11.356835 -8.728611 2.4840868
-10.663984 -8.6133633 2.3773267
-10.931592 -9.274271 2.4861722
-10.604433 -9.4462118 2.4629204
-10.194267 -9.5319433 2.4203975
-19.408974 -22.021999 5.0907989
-18.493311 -22.033062 4.9886894
-17.613144 -22.043694 4.8933954
-16.763828 -22.051727 4.8039379
-15.946259 -22.061865 4.7209086
-14.390849 -22.081142 4.5709252
-13.659961 -22.108389 4.506988
-12.238144 -22.128784 4.3854947
-11.554794 -22.138594 4.3308959
-9.5888472 -22.145178 4.1851177
-4.3045216 -22.215664 3.9244225
-3.2030663 -22.228125 3.8947508
-2.6579003 -22.234287 3.8834546
-2.1156151 -22.240419 3.8744738
-1.5762793 -22.257362 3.8696735
-0.49956053 -22.270136 3.8631952
0.038085938 -22.276514 3.863333
0.57609373 -22.2829 3.8657255
2.199043 -22.307533 3.8874559
4.971045 -22.340132 3.9691093
5.541914 -22.34729 3.9929943
6.7062497 -22.361898 4.048768
7.9070797 -22.379019 4.1162395
9.1233101 -22.32737 4.1829267
4.8119726 -8.6310377 1.7137599
5.3662009 -9.1014776 1.8323588
5.1279883 -8.236393 1.6826298
5.5358887 -8.4309759 1.749175
6.0190039 -8.7015018 1.8349125
21.035751 -10.389705 4.0688562
21.523935 -9.9920702 4.1154284
22.023544 -9.5848742 4.1654911
22.590858 -8.5603809 4.1896873
22.00329 -7.7357483 4.0449004
19.290419 21.723852 5.0384521
9.1849709 22.458988 4.2081099
8.5204782 22.359846 4.1497788
6.1086035 22.286388 4.007597
5.532373 22.280069 3.9812822
2.6439648 11.865267 2.1082115
1.6543456 9.5814753 1.6862636
0.80301756 10.769706 1.8729289
0.26598632 10.16909 1.7641863
0.021552734 10.70564 1.8566386
-1.2931738 10.84569 1.8942457
-1.9466113 11.551353 2.0315497
-2.4452343 11.185378 1.9856447
-2.8562012 10.587457 1.9017789
-9.9936323 24.719921 4.624157
-10.007548 23.131365 4.3709173
-11.091709 22.579941 4.3628893
-11.857167 22.734663 4.4467993
-12.65664 22.901859 4.5379481
-14.373105 23.278339 4.7446089
-16.277657 23.720453 4.9891868
-13.52335 15.353334 3.5482671
-13.830009 14.957612 3.5329473
-14.134082 14.56496 3.5197735
-11.694648 -7.9931908 2.4566274
-11.709218 -8.42486 2.501687
-11.66583 -8.828639 2.537215
-10.84501 -8.6268797 2.4032907
-10.319209 -9.5056601 2.4331782
-19.699228 -22.01849 5.1237693
-18.771923 -22.029697 5.0194516
-16.195557 -22.058773 4.7459292
-15.397128 -22.068672 4.6667266
-13.886542 -22.105141 4.527288
-11.092051 -22.145233 4.2953773
-10.426455 -22.134993 4.2433314
-9.7843361 -22.142799 4.1983261
-9.1552534 -22.150448 4.1566586
-8.5382423 -22.157949 4.118186
-7.3372946 -22.176321 4.0509868
-6.1717868 -22.19235 3.9947882
-5.60042 -22.200205 3.9707091
-4.4760742 -22.21372 3.9298651
-1.7428417 -22.255388 3.8714812
-0.12786132 -22.274546 3.8630493
0.4099707 -22.280928 3.8647466
0.94857419 -22.287323 3.8686981
1.4889843 -22.299229 3.8758757
2.0312011 -22.305571 3.8843677
2.5760839 -22.311943 3.895175
3.1243749 -22.318363 3.9083252
4.2336035 -22.330881 3.9417369
6.5244236 -22.359619 4.0394464
8.3171186 -22.345079 4.1349521
9.5538568 -22.310394 4.2090344
4.2762108 -8.2741108 1.6152534
4.6797361 -8.5428591 1.6892821
5.0191698 -8.6596975 1.7358396
6.2237792 -8.684145 1.8528984
6.4639063 -8.1570349 1.8049562
21.38829 -10.123439 4.1037979
20.564404 -9.132638 3.902271
22.491631 -8.7149277 4.1832104
8.7153711 22.369072 4.1634288
8.0886812 22.34016 4.1204996
7.4751658 22.314001 4.0811996
6.8758106 22.29776 4.0466914
1.7186133 9.529706 1.679358
1.2920703 9.8714447 1.726565
1.0692383 10.048258 1.7524662
0.8918457 10.868534 1.8912202
0.61005861 10.554527 1.8334825
-0.73058593 11.590405 2.014065
-1.0299706 11.79678 2.0536499
-2.0750196 11.172185 1.9706804
-2.3785057 11.28225 1.9996418
-2.5914061 10.972992 1.9553484
-2.9903221 10.391799 1.8753376
-3.5663183 11.354808 2.0640624
-10.861777 22.53455 4.3383646
-12.406064 22.848867 4.5090094
-15.969727 23.647409 4.9486632
-13.735654 15.07939 3.5374479
-14.040488 14.68583 3.5236163
-12.18127 -7.7730398 2.5060086
-11.647129 -7.8340869 2.4343224
-11.804609 -8.3607445 2.5086915
-11.822842 -8.8097286 2.5570228
-11.030264 -8.6408834 2.4300127
-10.444902 -8.5970678 2.3460965
-10.865175 -9.3919458 2.4907041
-10.445644 -9.4792967 2.4462786
-18.152391 -22.037178 4.9514432
-13.381719 -22.112383 4.4824047
-12.66872 -22.12261 4.4211931
-10.627481 -22.132549 4.2579246
-9.9810247 -22.140409 4.2118511
-9.3480759 -22.148106 4.1691685
-8.7274408 -22.155647 4.1297216
-8.1181154 -22.163052 4.0933795
-6.930654 -22.181913 4.0303192
-4.6481442 -22.211775 3.9355359
-4.0923729 -22.218061 3.9180028
-3.5412207 -22.224297 3.9028904
-2.9940038 -22.230488 3.8901501
-2.4500098 -22.236641 3.8797417
-1.908623 -22.242762 3.8716443
-1.3698926 -22.259809 3.8677342
-0.83148438 -22.266195 3.8642285
-0.29375976 -22.272577 3.8629804
0.78224605 -22.285347 3.8672388
1.3221093 -22.297279 3.8737175
1.8635937 -22.303608 3.8815038
2.9547558 -22.316376 3.9040124
4.621953 -22.335751 3.9556634
5.1887598 -22.342861 3.9779456
5.7623239 -22.350056 4.0028296
6.9329491 -22.364746 4.0607057
8.7420607 -22.339169 4.1602716
9.9969435 -22.308754 4.2396135
4.5512595 -8.4572268 1.6655983
4.9270411 -8.6485729 1.726208
5.1873922 -8.6152716 1.7440461
5.5295897 -8.7012167 1.7879505
5.488369 -8.192606 1.7101671
6.4138474 -8.218915 1.8080271
6.5754881 -8.0192003 1.7984916
22.367157 -8.85886 4.1722159
22.679287 -8.3550959 4.1915936
21.68288 -7.3987656 3.9732647
19.851532 21.69594 5.1000071
8.9116793 22.378567 4.1774325
7.0591698 22.300961 4.0567036
6.4684763 22.291306 4.0253644
5.8870897 22.28373 3.9971666
2.5146582 11.797421 2.0919402
2.0108495 10.693496 1.8870326
1.5738866 9.6461468 1.6950139
1.13875 9.9932337 1.744301
0.42499998 10.347504 1.796038
-0.34094727 10.86702 1.8855473
-0.64477539 11.605499 2.0157981
-1.5929589 12.385563 2.1656694
-2.0388086 11.451769 2.0172617
-2.310791 11.380486 2.0139451
-2.5266991 11.067032 1.9686964
-2.7331543 10.766732 1.9264528
-2.930918 10.478496 1.886991
-3.4826269 11.384335 2.0646551
-10.150693 24.455734 4.592083
-13.825224 23.155727 4.6771131
-16.667343 23.813696 5.0409746
-11.504795 14.137823 3.1611035
-18.088583 21.163826 4.8282957
-14.249873 14.415381 3.515296
-28.470732 -7.9063511 5.1244135
-13.367207 -7.5165935 2.6595948
-11.756415 -7.3792868 2.4072309
-11.754911 -8.1947613 2.4850888
-11.459082 -8.4066467 2.4647334
-10.997812 -9.3643684 2.5050459
-18.426893 -22.033865 4.9814024
-17.549179 -22.044468 4.8865838
-16.702196 -22.052494 4.7975874
-15.098417 -22.072374 4.6378112
-14.335058 -22.081833 4.5657482
-13.60581 -22.109167 4.5021763
-12.88665 -22.119482 4.4396253
-12.186874 -22.12952 4.3813138
-11.504824 -22.139311 4.3269987
-9.5420599 -22.145746 4.1819901
-8.9177637 -22.153334 4.1415629
-8.3049994 -22.16078 4.1042724
-7.7039452 -22.171274 4.0705833
-4.2633691 -22.216127 3.9231536
-3.7108886 -22.222378 3.9073002
-3.1624901 -22.228584 3.8938274
-1.53625 -22.257837 3.8692698
-0.99754882 -22.264229 3.8650708
-0.45969725 -22.270607 3.8631256
0.077978514 -22.276989 3.8634343
0.61602539 -22.283373 3.8659954
1.1553906 -22.295328 3.871773
3.889287 -22.327318 3.9304454
6.1632223 -22.355085 4.0215945
6.7500291 -22.362448 4.0510511
7.9523339 -22.379519 4.1189408
8.5516987 -22.341816 4.148788
9.1692286 -22.325558 4.1856585
9.7968359 -22.306021 4.2251053
10.450283 -22.314945 4.2733355
4.2222266 -8.4769564 1.6423903
4.8358984 -8.6375923 1.7167757
5.1287107 -8.2047987 1.6780483
5.5265136 -8.3839655 1.7414695
6.042109 -8.7015705 1.8372053
6.3636131 -8.2810049 1.8112074
6.5257812 -8.0805902 1.8013082
-20.337412 -8.3543978 3.3048902
-12.234277 -7.2440467 2.1371808
-11.486699 -7.181356 2.0362792
-11.570127 -8.0351944 2.1174164
-11.60997 -8.4854097 2.1615684
-11.110918 -8.5395966 2.1064241
-10.97789 -9.3135643 2.1639876
-10.564736 -9.4108467 2.1267118
-18.493681 -22.033516 4.323967
-17.613485 -22.044136 4.2413683
-16.764473 -22.052576 4.1639142
-15.156572 -22.072479 4.0247169
-14.391397 -22.081947 3.9619305
-13.659521 -22.107718 3.9062488
-11.554462 -22.137943 3.7536345
-4.1219921 -8.384984 1.4044459
-8.3502731 -22.16077 3.5597155
-7.1554198 -22.179277 3.5030706
-4.3045607 -22.215902 3.4014807
-3.7517285 -22.222158 3.3875811
-3.2030859 -22.228363 3.3757575
-2.1156249 -22.240658 3.3581872
-1.0374414 -22.263432 3.3501506
-0.49954101 -22.269814 3.3483202
0.57608396 -22.282579 3.3505182
1.115332 -22.294277 3.3553436
2.1989844 -22.306946 3.3693128
4.9709764 -22.339857 3.4401312
5.5418553 -22.347019 3.46083
6.1199608 -22.354273 3.4838219
8.5061617 -22.342451 3.5935516
4.6094236 -9.2959967 1.5596712
4.3151269 -8.1990957 1.3927073
4.6893845 -8.4111738 1.4475394
5.3545799 -8.6003284 1.5228367
6.1223826 -8.4096308 1.5635993
6.4755564 -8.0478439 1.5526893
21.40379 -9.9362946 3.54708
21.114443 -9.1892252 3.4613543
22.258125 -9.0544739 3.6119549
22.213104 -8.4172382 3.5706334
19.74369 21.181776 4.3525858
8.2370214 21.615919 3.4770989
7.1683006 21.939178 3.4693463
6.021914 21.970053 3.4242284
0.98066401 5.6797838 0.86638165
0.84031248 5.6816478 0.86331922
1.0235156 10.350743 1.5634532
0.020527344 10.1994 1.5331203
-1.2463477 13.144482 1.9846693
-2.4683204 11.290987 1.7372813
-2.6797266 10.980656 1.6989903
-2.8820117 10.683164 1.663242
-10.044394 21.759809 3.6024652
-11.167441 21.412212 3.6300073
-12.677442 21.68602 3.7758582
-13.484511 21.83919 3.8580852
-14.331474 22.004543 3.9472685
-15.222793 22.18327 4.0440741
-16.163506 22.376728 4.149271
-17.15959 22.586491 4.263742
-11.743496 13.999873 2.7467113
-18.738964 21.274727 4.2615156
-18.752705 20.281685 4.1520796
-27.925058 -9.6915197 4.4431434
-10.699697 -8.5112915 2.0551109
-10.281034 -9.4705029 2.1011231
-18.772324 -22.030151 4.3506317
-17.881542 -22.040903 4.2662592
-15.397695 -22.069496 4.04497
-12.452168 -22.125053 3.8162572
-11.091728 -22.144594 3.7228582
-10.426728 -22.135546 3.677943
-9.7845602 -22.143349 3.6389301
-7.9333105 -22.168579 3.5392053
-7.337451 -22.176771 3.5112097
-6.7506247 -22.184843 3.4856708
-6.1719141 -22.192797 3.4624999
-5.6005273 -22.200649 3.441627
-4.4761229 -22.213964 3.4061906
-3.9218652 -22.220232 3.3916485
-3.3720019 -22.22645 3.3791869
-2.8258495 -22.232626 3.3687706
-1.7428222 -22.255068 3.3555009
-1.2036133 -22.261465 3.3511102
0.40996093 -22.280607 3.3496673
1.4889452 -22.298641 3.3592749
2.0311522 -22.304983 3.3666344
4.2335544 -22.330614 3.4164042
4.7961521 -22.337666 3.4341986
5.3649411 -22.344799 3.4542034
6.5243359 -22.359343 3.5010948
7.7191405 -22.376421 3.5580151
9.5538568 -22.3104 3.6481237
10.886621 -22.372644 3.7399426
4.3806934 -8.4762754 1.4342064
4.5621676 -8.3282509 1.4273804
4.9880762 -8.6060543 1.495196
5.3903222 -8.8032227 1.5516087
5.8683591 -8.6202745 1.5675062
6.0674996 -8.4660883 1.5656499
6.2449412 -8.2838364 1.5593739
21.60121 -9.5930805 3.5527673
22.101074 -9.1830482 3.5974712
22.325399 -8.6505165 3.5989423
21.1625 20.308132 4.4087782
19.869921 20.011005 4.238905
19.734989 20.858713 4.3162937
19.76372 21.92572 4.4370599
8.4049416 21.572201 3.4800427
7.8751755 21.750036 3.4770482
6.7685642 21.949945 3.4527037
5.6321483 21.980551 3.4107354
5.0760837 22.006311 3.394727
1.0952734 10.29275 1.5558848
0.86015624 10.48241 1.5809532
0.63036132 10.905907 1.6420506
0.35590819 10.588762 1.5925429
-0.43153319 11.112651 1.6716527
-1.3743163 12.305181 1.8611475
-1.4823145 10.883739 1.6510868
-2.1765039 11.718565 1.7915946
-2.288955 10.85747 1.6679072
-2.6154883 11.074999 1.710525
-3.0169823 10.484418 1.6399111
-3.6414843 11.594118 1.8267015
-10.244512 21.253893 3.5465245
-10.945537 21.373487 3.6095226
-12.435761 21.641039 3.7517896
-14.065566 21.952139 3.9189618
-11.621884 14.066354 2.7426946
-19.534033 20.431868 4.24898
-28.008633 -9.4873867 4.4450746
-13.248506 -7.5803084 2.2943726
-11.887783 -7.5857763 2.1197181
-11.333174 -9.3281908 2.2063761
-10.824042 -9.356389 2.1506104
-10.406796 -9.4440451 2.1123924
-18.152744 -22.037626 4.2916794
-16.448145 -22.056494 4.135778
-15.641269 -22.066479 4.0656652
-13.381328 -22.111712 3.8849444
-12.66834 -22.121948 3.8318927
-11.97417 -22.131916 3.7824395
-11.297343 -22.14164 3.7364056
-10.627753 -22.133104 3.690587
-9.9812689 -22.140959 3.6506548
-8.7276459 -22.156185 3.5794702
-7.5203414 -22.174257 3.5195837
-6.9308004 -22.182364 3.4932952
-5.776123 -22.198236 3.4478228
-4.6481934 -22.212015 3.4111125
-4.092412 -22.218302 3.3959143
-2.9940429 -22.230726 3.3717718
-2.4500389 -22.236877 3.3627508
-0.29375976 -22.272257 3.3481352
2.9546874 -22.315786 3.3836596
3.5056543 -22.322233 3.3964818
4.6218944 -22.33548 3.4284723
8.7420502 -22.339169 3.6058612
9.3609962 -22.318003 3.6378632
9.996953 -22.308752 3.6746244
4.270576 -8.416357 1.4186461
4.4384766 -8.247673 1.4078633
5.1939549 -8.6261578 1.5135405
5.568213 -8.7619753 1.5605006
5.6451173 -8.42659 1.5246
6.0125294 -8.5227585 1.5678031
6.1902833 -8.3398952 1.5612007
6.3669529 -8.1588469 1.5556291
21.228174 -10.24187 3.542871
20.257246 20.099392 4.289475
19.245174 20.039768 4.1763706
8.5886421 21.567253 3.4894683
8.0368557 21.690929 3.4770708
7.5109277 21.878105 3.4769969
5.24542 21.990969 3.3982983
1.0678222 5.6786289 0.86853498
0.93354487 10.423325 1.573047
0.7185449 11.007548 1.6581166
0.43884766 10.684728 1.6074226
0.17556641 10.379644 1.5604343
-1.3562402 13.022003 1.9679832
-1.4517285 11.287413 1.7106376
-2.1843164 12.269053 1.8732139
-2.2664745 11.16221 1.7120802
-2.7581933 10.865326 1.6850175
-3.5560448 11.624335 1.827237
-10.150615 24.45554 3.9800951
-10.190615 22.96986 3.7772374
-10.057578 21.269775 3.5365722
-11.446611 21.461498 3.6561358
-12.197383 21.597107 3.7283208
-12.981934 21.743282 3.8065503
-13.80376 21.900978 3.8913641
-14.667099 22.071285 3.9833739
-17.556816 22.671467 4.3102179
-11.501191 14.13339 2.7389855
-13.303232 -7.4806042 2.2941306
-12.230146 -7.2712083 2.1387322
-12.033008 -7.9640622 2.169009
-11.581357 -8.0737677 2.1221147
-11.535898 -8.4629974 2.1505959
-11.065762 -8.5364304 2.1007588
-10.126972 -9.5030441 2.0874953
-17.549541 -22.044909 4.235465
-15.887373 -22.063435 4.0867939
-15.098984 -22.073193 4.0199103
-13.60541 -22.108494 3.9020805
-12.886279 -22.118818 3.8478711
-12.186494 -22.128866 3.7973258
-11.504482 -22.138662 3.7502623
-4.1067185 -8.391799 1.4043553
-10.179306 -22.138554 3.6626599
-8.9179783 -22.153877 3.5897288
-8.3052053 -22.161318 3.557409
-4.8207126 -22.210062 3.4162273
-4.2634177 -22.216366 3.400377
-2.6176269 -22.234982 3.3653204
-1.5362207 -22.257517 3.3535907
-0.99752927 -22.263906 3.3499467
-0.4596875 -22.270288 3.3482635
0.61600584 -22.283054 3.3507471
1.1553515 -22.294746 3.3557227
1.6962304 -22.301065 3.3618572
2.2393749 -22.307417 3.3699811
2.7854493 -22.313807 3.3801231
3.3351953 -22.320238 3.3923047
4.4482226 -22.333305 3.4229608
5.0130568 -22.340385 3.441591
5.5844626 -22.347553 3.462456
6.7499413 -22.362173 3.5111499
8.5516987 -22.341818 3.5959032
9.1692286 -22.325562 3.6278605
9.7968264 -22.306017 3.66205
4.4518065 -8.4222021 1.4319566
6.1355467 -8.396102 1.5631224
6.4885936 -8.0345411 1.5523624
-28.211113 -8.5176916 3.7531304
-11.912626 -7.8537707 1.8172313
-11.877939 -8.2489595 1.8417839
-11.581201 -8.4643812 1.8269228
-11.244892 -9.0825596 1.8409443
-10.845243 -9.2010164 1.8113563
-10.458593 -9.3163013 1.7838246
-18.494072 -22.033964 3.6637073
-15.947451 -22.063524 3.4671619
-4.1216893 -8.384366 1.1898777
-9.5893164 -22.146269 3.0735822
-8.3504686 -22.161303 3.0161622
-7.7485743 -22.171574 2.9912274
-7.1555662 -22.179726 2.9681566
-5.4256349 -22.203495 2.9110193
-4.8623047 -22.209833 2.8956194
-3.7517674 -22.222395 2.8702765
-3.203125 -22.228598 2.8602569
-1.5762402 -22.256723 2.8417003
-0.49954101 -22.269497 2.8369408
0.57608396 -22.282261 2.8387969
1.1153027 -22.293694 2.8428583
1.6559961 -22.300014 2.8479326
2.7447655 -22.312744 2.8631537
4.9709177 -22.339592 2.9147363
5.5417771 -22.346748 2.9322741
6.1198926 -22.353998 2.9517517
7.3019824 -22.371302 2.9971228
7.9066992 -22.37797 3.022711
9.123291 -22.327375 3.0718286
10.401338 -22.314272 3.1355047
4.5232615 -9.1222506 1.2967854
4.4293456 -8.4161291 1.211255
5.5005174 -8.8347187 1.3254399
5.5005078 -8.3770895 1.276334
6.061152 -8.3255339 1.3115656
6.2366991 -8.145977 1.3066163
20.941786 -9.1140814 2.9087677
22.169258 -8.4006243 3.0193682
22.83996 -8.0299015 3.0834148
19.716122 20.154186 3.5907953
3.0221386 5.7381687 0.82596511
2.678916 5.7427173 0.8070491
2.1907616 5.7491879 0.78356701
2.0339942 5.7512655 0.77693069
1.8797851 5.7533102 0.77085125
1.7278711 5.7553258 0.76530898
1.5780274 5.7573133 0.76028579
1.2647656 5.67593 0.74060684
0.9806543 5.6797009 0.73405987
0.84029293 5.6815648 0.73146576
0.70107418 5.6851478 0.72953492
0.57044923 5.76895 0.7383067
0.29053709 5.7726684 0.73612869
0.15102538 5.7745214 0.73568463
-0.26758787 5.7800841 0.73693067
-0.68986326 5.785697 0.74207622
-0.83219725 5.7875891 0.74467862
-1.1203418 5.7914233 0.75125992
-1.2664844 5.7933655 0.75525892
-1.4142969 5.795332 0.7597447
-1.5639551 5.7973242 0.76473314
-1.8696972 5.801394 0.77627945
-2.3479199 5.8077612 0.79782516
-2.513623 5.809967 0.80622971
-2.6829295 5.812223 0.81529307
-2.8562012 5.8145313 0.82504958
-11.831904 21.409492 3.1153803
-13.13039 21.265669 3.1830492
-13.863105 21.285404 3.2351568
-16.219336 21.348873 3.4146514
-11.348417 14.211875 2.3162708
-18.738876 21.274626 3.6107042
-18.746651 19.318134 3.4283628
-19.863554 19.50433 3.5454803
-21.064375 19.70775 3.6738262
-28.449209 -8.3588448 3.7764227
-27.242022 -9.4544716 3.6725268
-13.131337 -7.6436777 1.9350938
-12.11789 -7.4510031 1.8117253
-11.8887 -8.125823 1.8340153
-11.782412 -8.4775133 1.8486521
-11.147402 -8.4362926 1.7804582
-11.438242 -9.0987768 1.8614521
-10.967099 -9.1647768 1.8202555
-19.700058 -22.019419 3.7629082
-16.196806 -22.060444 3.4855437
-15.398281 -22.070312 3.4273705
-14.625517 -22.079863 3.373034
-12.451806 -22.124399 3.2333586
-10.426972 -22.136099 3.1163428
-9.7848139 -22.143896 3.0832872
-8.5386419 -22.159018 3.0244267
-7.9334664 -22.169033 2.9987762
-6.7507615 -22.185287 2.9534118
-5.600625 -22.201088 2.9160943
-5.0357618 -22.208847 2.9002964
-4.4761815 -22.214201 2.8860447
-2.8258691 -22.232866 2.8543401
-1.7428027 -22.254747 2.8430243
-0.66545898 -22.267529 2.83724
-0.12785156 -22.273909 2.8368347
0.94853514 -22.286682 2.8409839
1.4889063 -22.298061 2.8461859
2.5759473 -22.310768 2.8603559
3.1241992 -22.317183 2.870012
3.6764843 -22.323643 2.8814185
4.2335157 -22.330347 2.89463
7.1165428 -22.366499 2.9892821
7.718955 -22.375898 3.0145757
8.9327736 -22.334887 3.0636175
9.5538673 -22.310402 3.0909972
10.198418 -22.311501 3.1243525
4.685576 -8.553544 1.2421125
5.5006151 -8.9833431 1.3415534
5.8040915 -8.5258589 1.3135774
6.1826367 -8.2012167 1.3080559
21.372549 -10.115986 3.0114934
22.337753 -8.6553097 3.0510132
20.848436 20.006765 3.6800561
19.735088 20.858822 3.657146
3.0765722 5.7374473 0.82913768
2.7308593 5.7420297 0.80978924
2.4001758 5.7464108 0.79312849
2.0820899 5.7506285 0.77891767
1.7745215 5.7547069 0.76696366
1.6240526 5.7567029 0.76178294
1.4755468 5.7586741 0.75710857
1.3287402 5.7606201 0.75292736
0.8835156 5.6809897 0.73221833
0.61380857 5.7683749 0.73879743
0.19407226 5.7739487 0.73577607
0.054648437 5.7758017 0.73562926
-0.22444336 5.7795105 0.73662364
-0.50493163 5.783237 0.73934585
-1.2212207 5.7927647 0.75397325
-1.3684863 5.794724 0.75830674
-1.5175586 5.7967062 0.76314008
-2.2974803 5.8070884 0.79536057
-2.4621093 5.8092809 0.80356795
-2.6302733 5.8115211 0.81242383
-2.8022754 5.8138123 0.82196242
-2.9784961 5.8161597 0.83221787
-11.621474 21.40382 3.1018724
-13.634434 21.279245 3.2186913
-4.0923533 5.7553015 0.89939988
-16.80085 21.36454 3.4615221
-18.730469 21.58717 3.6399689
-18.757256 20.592236 3.5475245
-18.457294 19.30562 3.4016533
-19.510401 19.445126 3.5082026
-21.949804 19.859676 3.7699151
-27.890165 -7.2460995 3.6699944
-28.585878 -8.1681681 3.786375
-27.655869 -9.3678875 3.7188048
-11.864491 -8.4031439 1.8516593
-10.786513 -8.4499264 1.7450981
-11.090224 -9.1282339 1.8293562
-10.695781 -9.2455206 1.8005857
-10.313769 -9.3596163 1.7737978
-18.153114 -22.038076 3.636344
-16.448759 -22.057329 3.5043108
-15.641865 -22.067305 3.4448993
-14.105214 -22.08629 3.3375788
-12.667978 -22.121294 3.2466083
-11.973828 -22.131269 3.2047069
-10.628027 -22.133657 3.1270561
-9.3485346 -22.149189 3.0618713
-8.7278614 -22.156723 3.0328996
-8.118515 -22.164116 3.0062146
-6.9309373 -22.182812 2.9598742
-5.7762399 -22.198679 2.9213481
-5.209414 -22.206465 2.9049737
-4.6482325 -22.212255 2.8902118
-3.5412891 -22.224775 2.8662364
-2.450078 -22.237114 2.8492365
-1.9086621 -22.243235 2.8432896
-1.3698437 -22.259172 2.8402722
-0.29375976 -22.271938 2.8367846
1.322041 -22.296112 2.8446019
1.8634961 -22.302439 2.8503168
2.9546094 -22.315199 2.8668506
3.5055664 -22.321646 2.8777106
4.0610447 -22.328144 2.8903418
5.188623 -22.342321 2.921222
6.3432617 -22.356798 2.9597282
6.9327731 -22.364193 2.9820018
8.1290627 -22.347694 3.0286353
8.7420607 -22.339169 3.0551915
4.5695996 -8.4913292 1.228101
4.7304978 -8.3035803 1.2171113
5.2004981 -8.637023 1.2840132
5.4680271 -8.6043415 1.2984031
6.3036132 -8.0776682 1.3049467
21.164902 -10.211349 2.9928722
21.874092 -9.9100132 3.0584307
21.958612 -9.3162947 3.0379193
21.906445 -8.0703764 2.9732916
22.054804 18.921259 3.7009356
21.15329 19.998735 3.7074645
20.181631 20.024336 3.6208344
19.754786 21.590202 3.727052
3.1314158 5.736721 0.83238143
2.6149805 5.7435641 0.80373794
2.2889159 5.7478867 0.78794968
2.1304491 5.7499876 0.7809599
1.8213867 5.7540841 0.76866806
1.6702832 5.7560902 0.76332653
1.3738867 5.7600217 0.75416607
1.2099903 5.6766562 0.73921126
0.78706056 5.6840048 0.73081285
0.65722656 5.7677979 0.73932981
0.23711914 5.7733774 0.73590785
-0.18131836 5.7789369 0.73635799
-0.3211621 5.7807956 0.73736787
-0.46150389 5.782661 0.73881131
-0.60246092 5.7845359 0.74069351
-0.74421871 5.7864194 0.74301881
-0.88697267 5.7883177 0.74579453
-1.6217675 5.7980943 0.76677781
-1.7743359 5.8001242 0.77248579
-1.9292969 5.8021874 0.7787379
-2.086875 5.8042855 0.7855522
-2.5779686 5.8108239 0.80961865
-11.99289 21.235029 3.1059856
-12.689677 21.253796 3.1526227
-14.15 21.293135 3.2560601
-4.0275488 5.7544384 0.89455032
-15.713213 21.335241 3.3746507
-16.539267 21.357494 3.4403234
-11.497607 14.128994 2.3199735
-18.452333 21.589426 3.6170697
-18.74913 20.893917 3.5753319
-19.164892 19.387499 3.4719517
-21.54871 19.790661 3.7262414
-28.072187 -8.5306282 3.7366765
-11.910058 -7.8826971 1.8189906
-11.875341 -8.2787161 1.8436787
-10.917265 -8.4218616 1.7560514
-10.816142 -9.2096729 1.8092475
-19.340586 -22.023754 3.7329521
-18.427637 -22.034763 3.6583514
-17.549883 -22.045349 3.588712
-16.703476 -22.05418 3.5234857
-15.099521 -22.074003 3.4061303
-13.60499 -22.107826 3.306071
-11.50415 -22.13802 3.1774418
-4.1064157 -8.3911781 1.1898003
-8.9182034 -22.154413 3.0415971
-8.3053999 -22.16185 3.0142083
-7.7042575 -22.172182 2.9894452
-7.1119723 -22.180325 2.9665308
-6.5283103 -22.188345 2.9456639
-5.9525094 -22.196257 2.9267821
-2.6176562 -22.23522 2.8514154
-1.5362011 -22.257198 2.8414032
0.077978514 -22.27635 2.8371191
0.61599606 -22.282734 2.8389971
1.155332 -22.294163 2.8431768
1.6961913 -22.300484 2.8483734
2.7853711 -22.313217 2.8638494
3.3351073 -22.319649 2.874171
3.8890722 -22.326132 2.8862572
6.7498531 -22.361898 2.9749072
7.9519529 -22.378471 3.0246923
8.5516987 -22.341818 3.0467541
9.169219 -22.325565 3.0738287
9.7968264 -22.306015 3.1027973
4.5424118 -9.1197958 1.2975892
4.4562106 -8.4305258 1.2144712
4.6036134 -8.2226763 1.2001896
5.0283399 -8.4936256 1.2570927
5.5005174 -8.3445415 1.2728719
-28.019112 -9.2032461 3.082932
-20.334698 -8.353282 2.2980547
-11.563447 -7.6235662 1.4478444
-11.756924 -8.1649179 1.4963151
-11.421826 -8.3479023 1.4788884
-11.545761 -8.8738098 1.5222285
-19.410185 -22.023373 3.0687468
-15.948047 -22.064348 2.8459184
-15.157695 -22.0741 2.7991595
-14.392422 -22.083544 2.7554944
-13.65872 -22.106384 2.7164073
-12.938164 -22.116747 2.6785192
-12.23705 -22.126835 2.6431897
-11.553799 -22.136665 2.6102855
-9.5895309 -22.146807 2.5228243
-8.3506641 -22.161833 2.4756932
-7.7487206 -22.172022 2.4552188
-7.1557031 -22.18017 2.4362814
-4.8623729 -22.210073 2.3767188
-3.7518065 -22.222631 2.3559151
-2.6579883 -22.234999 2.3408854
-1.0374023 -22.2628 2.3297696
-0.49954101 -22.269178 2.3284996
0.03807617 -22.27556 2.3285804
2.1988671 -22.305779 2.3430378
2.7446971 -22.31216 2.3499842
3.2941015 -22.318583 2.35835
3.8477342 -22.32506 2.3681633
5.5417185 -22.346479 2.4067512
6.1198144 -22.353727 2.4227359
7.9065137 -22.377453 2.4809515
8.5061522 -22.342453 2.4991083
9.123291 -22.327377 2.5213225
9.7489643 -22.305361 2.544672
10.401328 -22.314272 2.5735865
4.445127 -7.9730687 0.95424664
5.1305761 -8.7018299 1.0559815
5.6495118 -8.6040087 1.0759801
6.0014844 -8.2435627 1.0659206
21.341024 -9.9071617 2.4595571
21.939922 -9.5484829 2.5012815
6.3455076 5.6102576 0.88540721
6.05125 5.6160474 0.86301374
5.5801563 5.7041907 0.83415782
5.3200779 5.707634 0.81564039
4.8324218 5.7140903 0.78228801
4.1689649 5.7228794 0.74014479
3.963037 5.7256079 0.72791106
3.5703709 5.7308092 0.70582062
3.1999998 5.7357187 0.68658233
2.8484862 5.7403784 0.66988462
2.5129101 5.7448254 0.6554718
2.3502929 5.7469835 0.64905453
2.1907325 5.7490988 0.64313293
2.0339649 5.7511778 0.63768691
1.8797461 5.7532248 0.63269806
1.4300488 5.759192 0.62031537
0.84028316 5.6814804 0.60037124
0.43026367 5.7707286 0.60491425
0.29052734 5.772584 0.60419768
-0.1278711 5.7781434 0.60416317
-0.26758787 5.7799997 0.60485578
-0.54840821 5.7837329 0.60731095
-0.68985349 5.7856126 0.60908002
-0.97562498 5.7894125 0.6137262
-1.5639257 5.797236 0.62767577
-1.8696581 5.8013048 0.63715178
-2.026201 5.8033872 0.64256698
-2.5135741 5.8098755 0.66173416
-2.6828809 5.8121285 0.66917324
-2.8561523 5.814436 0.67718095
-3.2159667 5.8192272 0.695023
-3.9480369 5.7532773 0.72940367
-4.3690038 5.7507873 0.75496686
-4.6686425 5.8466821 0.78212506
-4.907002 5.8498583 0.79816419
-5.4150782 5.8566318 0.83381271
-19.192139 19.777206 2.8808379
-20.168232 19.803501 2.9547307
-21.282452 19.911779 3.0466602
-28.850527 -6.9838009 3.1029882
-13.069834 -7.6078696 1.5808647
-12.894101 -7.9282804 1.5823008
-11.722109 -8.8712263 1.5367237
-10.83626 -9.055439 1.4762232
-10.452353 -9.1720295 1.4536674
-18.773096 -22.03105 3.0257349
-17.882265 -22.041786 2.9670575
-17.023985 -22.051064 2.9121306
-15.398848 -22.071127 2.8132563
-13.885273 -22.103125 2.7286408
-13.158398 -22.113579 2.689934
-12.451445 -22.123749 2.6538281
-11.091093 -22.14332 2.5888836
-10.427237 -22.136642 2.5579245
-9.1559277 -22.152067 2.5056703
-7.3377342 -22.17767 2.4419408
-6.7508883 -22.185732 2.4241774
-6.1721582 -22.193682 2.4080656
-5.0358591 -22.209286 2.380583
-3.3720703 -22.226925 2.3500769
-2.8258984 -22.233101 2.3428383
-1.7427734 -22.254433 2.3334944
-1.2035742 -22.26083 2.3304374
-0.66545898 -22.267212 2.3287468
0.40996093 -22.279976 2.3294346
1.4888672 -22.29748 2.3360591
2.0310352 -22.303818 2.3411782
2.5758886 -22.310188 2.3476894
3.1241112 -22.316599 2.3556156
3.6763866 -22.323055 2.364975
4.7960348 -22.337133 2.3882303
5.3648143 -22.344263 2.4021394
7.7187891 -22.375383 2.4742777
8.3171186 -22.345083 2.4924026
8.9327736 -22.334887 2.5145872
9.5538673 -22.310404 2.5370607
10.198427 -22.311499 2.5644379
11.659111 -22.55937 2.6545739
4.7409568 -8.1796875 0.98830765
5.280488 -8.6238661 1.0570695
5.7718263 -8.4784822 1.0721785
5.9475193 -8.298667 1.0672859
21.752911 -9.6604538 2.4880977
21.859823 -9.0828094 2.4745219
6.4401464 5.609005 0.89275616
6.1390429 5.6129904 0.86954725
5.3991013 5.7065868 0.82121718
5.1468458 5.709928 0.80358136
4.4493942 5.7191648 0.7574681
4.2339549 5.7220178 0.74409115
3.8245311 5.7274423 0.71992904
3.4399998 5.7325377 0.69886428
3.0765233 5.7373548 0.68053722
2.5637696 5.7441525 0.65755677
2.2396777 5.7484498 0.6449098
1.7744921 5.7546215 0.62950683
1.6240332 5.7566171 0.62525314
1.4755077 5.7585864 0.62141663
1.3287305 5.7605348 0.61798644
1.0241601 5.6790404 0.60323131
0.74401367 5.6844931 0.59929353
0.6137988 5.768291 0.60638928
0.47347656 5.770155 0.60520691
0.054648437 5.7757187 0.60378814
-0.36441407 5.7812867 0.60554272
-0.50493163 5.783154 0.60683882
-0.7881543 5.7869186 0.61051708
-1.2212012 5.7926779 0.61884338
-1.6685938 5.7986288 0.63075364
-2.2974412 5.8069968 0.65281278
-2.8022363 5.8137183 0.67464703
-2.9784472 5.8160644 0.683065
-3.3449218 5.8209457 0.70179927
-3.5360351 5.8234897 0.71219069
-4.0922751 5.755199 0.738204
-4.5239549 5.7528515 0.76504409
-4.8324218 5.8488636 0.79309642
-18.900635 19.769356 2.8591034
-19.861689 19.795244 2.931339
-20.958008 19.903042 3.0213459
-22.029638 19.93191 3.1055603
-28.612909 -6.701046 3.0719812
-27.495253 -9.3134861 3.034632
-12.948359 -7.8293176 1.5817583
-12.001855 -7.6585608 1.4882859
-11.77917 -7.9228954 1.4839592
-11.877265 -8.4121971 1.5214579
-11.35832 -8.8978729 1.5082896
-19.993534 -22.015244 3.1087866
-19.055254 -22.027651 3.0446825
-17.286036 -22.048969 2.9287548
-14.861923 -22.077753 2.7820947
-12.667587 -22.12064 2.6646991
-11.973476 -22.130625 2.6303186
-9.3487597 -22.149727 2.5132179
-8.118701 -22.164646 2.4675314
-7.5206442 -22.175156 2.4477675
-5.2095213 -22.2069 2.384419
-4.6482811 -22.212492 2.3722813
-2.4500976 -22.23735 2.3386488
-1.3698144 -22.258858 2.3312349
-0.83145505 -22.265244 2.3291221
-0.29374021 -22.271624 2.3283691
1.3220117 -22.295532 2.3347588
2.4074218 -22.308218 2.3455303
2.9545312 -22.314613 2.3530197
5.1885743 -22.342054 2.397681
6.3431835 -22.356527 2.4292891
6.9326854 -22.36392 2.4475594
7.5320411 -22.373325 2.4677756
8.7420502 -22.339172 2.5076723
9.996933 -22.30875 2.5554869
10.663789 -22.336033 2.5873499
11.3975 -22.461899 2.6330364
4.5050001 -8.3712912 0.99376297
4.8827343 -8.5708055 1.03114
5.6304784 -8.8599558 1.0973753
21.5679 -9.7712946 2.4751921
22.213076 -8.7978315 2.4975362
6.2302928 5.6117821 0.87652874
5.2235351 5.7089124 0.80889201
4.9786229 5.7121544 0.79209089
4.7435546 5.7152672 0.77641648
4.5174608 5.7182627 0.76178449
3.6890037 5.729238 0.71231675
3.1313672 5.7366281 0.68319869
2.7831249 5.7412438 0.66695797
2.2888868 5.7477965 0.64673138
2.13042 5.7498999 0.64099318
1.9746581 5.7519641 0.63572508
1.521162 5.7579808 0.62255841
1.3738769 5.7599363 0.619003
0.92679685 5.6803317 0.60164201
0.78705078 5.6839218 0.59983456
0.65721679 5.7677145 0.60682648
0.5167383 5.7695813 0.6055333
0.23710936 5.7732944 0.60401654
0.097675778 5.7751474 0.60378844
-0.46149412 5.782578 0.60640043
-0.74421871 5.7863355 0.60985321
-1.322832 5.7940292 0.62126112
-2.0868456 5.804194 0.64476287
-2.4108984 5.8085084 0.65741456
-2.5779297 5.8107309 0.66451645
-2.9235938 5.8153343 0.68040162
-3.476455 5.8226962 0.70890653
-3.8728611 5.8279786 0.73147625
-4.0274706 5.7543359 0.73422664
-4.2340622 5.7489877 0.74636579
-4.454277 5.7519226 0.76048505
-4.75875 5.8478818 0.78813523
-18.774912 19.933046 2.8624737
-19.55994 19.787117 2.9084814
-27.997293 -8.5078697 3.0588458
-27.916239 -9.2248487 3.0734227
-12.776416 -8.0195179 1.5768833
-11.61624 -7.6882224 1.4561747
-11.485419 -8.8601484 1.5163587
-11.079492 -8.9817963 1.4909614
-19.340996 -22.024208 3.0640326
-18.428017 -22.03521 3.0028009
-17.550234 -22.045786 2.9456384
-16.704121 -22.055014 2.8921478
-12.885498 -22.117504 2.6758134
-12.185791 -22.127573 2.6406713
-11.503808 -22.137383 2.6079376
-4.106113 -8.3905621 0.97650284
-9.5427637 -22.147375 2.5209424
-6.5284371 -22.188786 2.4178205
-4.8208203 -22.210541 2.3758419
-4.2635155 -22.216845 2.3648174
-0.99750972 -22.263271 2.3296285
0.077978514 -22.276035 2.3286448
1.1553028 -22.293583 2.3335891
1.6961426 -22.299902 2.3378541
2.2392578 -22.306252 2.3435075
5.5843358 -22.347015 2.4078791
6.7497849 -22.361626 2.4417427
8.5516891 -22.341822 2.5007432
9.7968264 -22.306015 2.5467458
10.450274 -22.314941 2.5758185
11.989541 -22.682489 2.6819806
4.5844235 -8.1884069 0.98099625
5.1611719 -8.7180023 1.0590657
5.3572364 -8.5703793 1.0565367
5.8392382 -8.4093933 1.0702211
-28.955029 -7.2378464 2.4419408
-27.68078 -8.3575764 2.3657701
-20.333349 -8.3527298 1.7985362
-12.272012 -8.0907125 1.2026476
-10.977236 -8.8663712 1.1545118
-10.591318 -8.9855976 1.1364098
-18.494804 -22.034853 2.3537378
-17.61455 -22.045452 2.3087707
-16.766386 -22.055084 2.2667301
-14.392959 -22.084341 2.1567688
-13.6583 -22.105722 2.1260347
-12.236699 -22.12619 2.0687311
-4.1210837 -8.3831358 0.76428968
-10.227841 -22.139608 1.9953755
-8.9644823 -22.154924 1.9554451
-7.1558495 -22.180614 1.9068843
-5.9951758 -22.196552 1.8811573
-5.4258399 -22.20437 1.870175
-4.862422 -22.21031 1.8602458
-4.3047071 -22.216616 1.8515303
-3.2031932 -22.229073 1.83753
-2.6580079 -22.235233 1.8321983
-1.0373925 -22.262486 1.8234532
0.57606447 -22.28163 1.8236527
1.1152539 -22.292538 1.8262162
2.1988182 -22.305201 1.8338182
3.8476367 -22.324476 1.8534852
4.4064159 -22.331987 1.862393
4.9708104 -22.33906 1.8724421
5.5416598 -22.346216 1.8837086
6.7059274 -22.360807 1.9100208
7.9063377 -22.376938 1.9417634
8.5061522 -22.342455 1.9560173
9.1233006 -22.327379 1.9734074
11.111796 -22.409575 2.0465283
11.924971 -22.658398 2.0949397
5.4292579 -8.7202663 0.84046006
5.5941405 -8.519681 0.83390182
5.9432321 -8.1635666 0.82618695
22.360596 -8.4731264 1.9564488
7.8272848 5.6762023 0.79108322
6.7580371 5.6903663 0.72283477
6.3453808 5.6101365 0.69298351
6.0511231 5.6159286 0.67545545
5.5800486 5.7040772 0.65287232
5.3199706 5.7075229 0.63837951
5.0710645 5.7108216 0.62487352
4.832324 5.7139854 0.61227524
4.6028905 5.7170262 0.60051847
4.3819919 5.7199535 0.58954209
3.9629686 5.7255077 0.56971663
3.7636132 5.7281504 0.56077498
3.3825684 5.7332029 0.54463637
3.1999512 5.7356238 0.53737026
2.6788378 5.7425342 0.51845002
2.512871 5.7447362 0.51302212
2.3502538 5.7468944 0.50799894
2.1907032 5.7490101 0.50336379
2.0339355 5.751091 0.499102
1.8797265 5.7531381 0.49519667
1.5779883 5.7571411 0.48840958
1.4300195 5.7591052 0.48550537
0.84027344 5.6813974 0.4698953
0.70105469 5.6849813 0.46865553
0.57042968 5.7687826 0.47429046
0.43026367 5.7706456 0.47345215
0.15102538 5.774354 0.47260603
-0.1278711 5.77806 0.47286269
-0.40770507 5.7817783 0.47422683
-0.54840821 5.7836499 0.47532699
-0.83216792 5.7874207 0.47838333
-0.97560543 5.7893286 0.48034805
-1.1203027 5.7912512 0.48261106
-1.2664453 5.7931957 0.48517928
-1.414248 5.7951608 0.48806196
-1.5639062 5.7971506 0.49126694
-1.7156249 5.7991686 0.49480239
-1.8696387 5.8012156 0.49868301
-2.0261817 5.8032994 0.50292039
-2.1854882 5.8054185 0.50752884
-2.513535 5.8097839 0.51792312
-2.6828516 5.812037 0.52374494
-3.0336621 5.8167052 0.5367471
-3.2159178 5.8191309 0.54397732
-3.5961034 5.8241916 0.56003797
-3.9479687 5.7531748 0.57088411
-4.1518164 5.7477918 0.58012646
-4.6685548 5.8465719 0.61214769
-4.9069042 5.8497472 0.62470216
-5.4149804 5.8565159 0.65260041
-5.9719043 5.8639355 0.68477917
-7.2769723 5.8813243 0.76553142
-7.653945 5.8863487 0.79000688
-8.056035 5.891705 0.81659162
-9.3064938 5.8222437 0.89816815
-12.739258 -7.8330674 1.2235731
-12.382109 -8.03162 1.2075402
-11.376113 -8.1851845 1.1466588
-11.098965 -8.8288908 1.1603649
-17.882627 -22.042223 2.3223221
-16.197989 -22.062094 2.239357
-14.626562 -22.081459 2.1670671
-13.884863 -22.102461 2.1356091
-13.158017 -22.112925 2.1053154
-12.451074 -22.123104 2.0770578
-11.090761 -22.142691 2.0262439
-8.539053 -22.160078 1.9430482
-7.9337988 -22.169931 1.9265556
-7.3378806 -22.178114 1.9113121
-6.7510252 -22.186174 1.897411
-5.6008592 -22.201967 1.8734343
-3.9219921 -22.220943 1.8461794
-3.3721094 -22.22716 1.8393965
-2.2827928 -22.239475 1.8291514
-1.7427441 -22.254116 1.8263692
-1.2035546 -22.260511 1.823979
-0.6654492 -22.266899 1.8226527
-0.1278418 -22.273275 1.8223915
0.40996093 -22.279657 1.823192
0.94851559 -22.286049 1.8250581
1.4888281 -22.296904 1.8283564
2.0309961 -22.30324 1.8323618
2.5758202 -22.309607 1.837458
3.124043 -22.316015 1.843661
3.6762891 -22.322474 1.8509877
4.7959766 -22.33687 1.8692137
5.3647656 -22.343996 1.8801008
5.9404979 -22.351213 1.8922246
9.5538673 -22.310404 1.9857228
10.198427 -22.311499 2.0071476
10.886601 -22.372599 2.0356963
11.659081 -22.559328 2.0776949
12.594766 -22.991718 2.1448979
5.7154589 -8.3956738 0.83098465
22.078993 -9.1738815 1.9561943
22.343935 -8.6576986 1.9605753
22.145145 -7.9714637 1.9256855
7.9489942 5.6745911 0.7990886
7.563252 5.6796994 0.77386886
6.8595018 5.6890221 0.72913402
6.4400096 5.6088829 0.69873351
6.138916 5.6128721 0.68056566
5.9084668 5.6699791 0.67000258
5.6627145 5.7029819 0.65755677
5.1467481 5.7098193 0.628941
4.6727538 5.7160997 0.60406065
4.0257907 5.7246752 0.57260239
3.6293457 5.7299304 0.55494124
3.2557909 5.7348828 0.53955781
2.7307715 5.7418466 0.52020949
2.5637305 5.7440634 0.51465207
2.2396386 5.7483616 0.50475496
1.7744628 5.7545338 0.49269956
1.475498 5.758502 0.48636854
1.3287109 5.7604513 0.48368299
1.1659278 5.677074 0.47417954
1.0241504 5.6789575 0.47213468
0.88348633 5.6808238 0.47037932
0.74400389 5.6844115 0.46905273
0.61378902 5.768208 0.47460571
0.47346678 5.770072 0.47368103
0.1940625 5.7737827 0.47266418
-0.22442383 5.7793446 0.4732089
-0.36442381 5.7812047 0.47394392
-0.50492185 5.783071 0.47495741
-0.64609373 5.784946 0.47625366
-0.78814453 5.7868347 0.47783661
-1.075498 5.7906556 0.48188034
-1.2211816 5.7925925 0.48435393
-2.2974024 5.8069077 0.51094055
-2.8021874 5.8136253 0.52802873
-3.1591406 5.8183751 0.5416919
-3.3448632 5.820847 0.5492807
-3.9362695 5.828722 0.57545441
-4.092207 5.7550974 0.57777417
-4.3010645 5.7497778 0.5874896
-4.8323145 5.8487535 0.62073421
-5.3336229 5.8554306 0.64803451
-5.6015038 5.8590002 0.66320312
-6.1776071 5.8666759 0.69704175
-6.4886422 5.87082 0.71593761
-7.1653123 5.8798361 0.75837082
-8.3503609 5.8956299 0.83633465
-9.1821585 6.1562939 0.90449047
-9.1863184 5.842732 0.89075148
-28.696171 -7.4554911 2.4258132
-27.337255 -9.2599611 2.3615167
-12.805634 -7.7430158 1.2243726
-12.493144 -7.9720559 1.2125435
-11.75831 -7.9088597 1.1594169
-11.222021 -8.7911148 1.1663545
-19.99452 -22.016338 2.4333234
-19.055645 -22.028101 2.3830781
-18.153856 -22.038958 2.3361614
-17.286377 -22.049404 2.2923496
-15.642998 -22.068933 2.2132399
-14.86248 -22.078554 2.1775868
-13.380127 -22.109726 2.1144369
-10.628545 -22.13475 2.0089874
-9.9820118 -22.14259 1.9872462
-8.728281 -22.157787 1.9484935
-8.1188869 -22.165171 1.9313442
-6.9312205 -22.183701 1.9015647
-4.0925388 -22.219015 1.848502
-3.5413768 -22.225246 1.841367
-2.4501171 -22.237583 1.8304503
-1.3697948 -22.258541 1.8246
-0.83144528 -22.264927 1.8229463
1.3219628 -22.294956 1.8273362
1.8634082 -22.301281 1.8310096
2.4073632 -22.307636 1.8357688
4.0608301 -22.326967 1.8567207
6.3431053 -22.356258 1.9013489
8.1290722 -22.3477 1.945659
10.663779 -22.336018 2.0250881
5.2135253 -8.6586657 0.8269456
5.8360934 -8.2726555 0.82833326
23.011024 -10.425095 2.066927
22.327265 -8.8430624 1.9648417
8.0731831 5.6729465 0.80730331
7.31041 5.6830492 0.75759751
6.9627633 5.6876535 0.7355873
6.5362206 5.6076097 0.70462185
5.9416308 5.6173801 0.66899872
5.4791307 5.7054138 0.64720303
4.9785352 5.7120471 0.61994874
4.7434764 5.7151623 0.60768032
4.299541 5.721046 0.58553571
3.8859081 5.7265306 0.56622177
3.6889355 5.7291393 0.55751204
3.4978223 5.7316747 0.54938138
3.3120799 5.734138 0.54179394
2.9550977 5.7388706 0.52813554
2.7830858 5.7411523 0.5220108
2.6149023 5.7433839 0.51632261
2.2888477 5.7477098 0.50618023
2.1303906 5.7498116 0.50168973
1.5211426 5.7578955 0.48726073
1.3738476 5.7598519 0.48447844
0.92678708 5.6802502 0.47089034
0.65721679 5.7676315 0.47494856
0.23710936 5.7732115 0.47274902
-0.041757811 5.7769165 0.47266632
-0.32115233 5.7806287 0.47368711
-0.74419922 5.7862511 0.47731689
-0.88693357 5.7881494 0.47910124
-1.03083 5.790062 0.48117813
-2.2472558 5.8062415 0.50939363
-2.9235449 5.8152404 0.53253341
-3.2869921 5.8200779 0.54688066
-4.7586622 5.8477731 0.61685103
-6.0848532 5.8654394 0.69149029
-6.7138672 5.8738208 0.72986782
-8.2172165 5.8938537 0.82737529
-27.464062 -8.3458233 2.3485231
-12.872089 -7.6528516 1.2252433
-11.826679 -8.2447901 1.179565
-11.85037 -8.693696 1.2025102
-11.346455 -8.7529526 1.1724741
-10.948174 -8.8753386 1.1531258
-10.563193 -8.994297 1.1351167
-18.428389 -22.035654 2.350296
-17.550585 -22.046221 2.3055604
-16.704756 -22.055843 2.2637312
-15.88915 -22.065899 2.2247477
-15.100635 -22.075617 2.1883321
-14.337138 -22.085026 2.1543272
-12.185449 -22.126928 2.0667608
-11.503486 -22.136747 2.0411406
-4.1058202 -8.3899469 0.76423079
-7.112246 -22.181215 1.9058387
-5.952744 -22.197134 1.880301
-5.3839064 -22.204947 1.8694099
-4.263545 -22.217081 1.8509327
-3.162627 -22.22953 1.8370969
-2.6177149 -22.235687 1.8318473
-2.0755761 -22.241816 1.8276887
-0.45966795 -22.269339 1.8224266
0.61598629 -22.282104 1.8237822
1.1552637 -22.293007 1.8264216
2.2391992 -22.305674 1.8341846
2.7852342 -22.312056 1.8397001
5.0128808 -22.33959 1.8732374
5.5842576 -22.346748 1.8845909
6.16292 -22.353998 1.8972019
6.7496972 -22.361357 1.9110764
7.9515915 -22.377436 1.9430379
9.1692286 -22.325571 1.9746946
11.989521 -22.682451 2.0991457
4.6953712 -8.3865795 0.78639692
5.0849414 -8.5892258 0.8166731
5.4303417 -8.6873217 0.83822036
5.9560742 -8.1505051 0.82594162
-28.675184 -7.1678977 1.7493575
-12.259453 -8.0824432 0.86907208
-11.756201 -8.1644211 0.84712172
-11.6475 -8.5128469 0.8538475
-11.24126 -8.6397743 0.83911359
-10.848974 -8.7627859 0.82538098
-19.410986 -22.024277 1.7375151
-17.614882 -22.045883 1.6701304
-15.158798 -22.075708 1.5849247
-12.236338 -22.125549 1.4964167
-4.1207809 -8.3825245 0.55282575
-10.228095 -22.14015 1.4434319
-9.5900192 -22.147881 1.4284251
-8.3510742 -22.162886 1.4017439
-7.749033 -22.172915 1.3901362
-4.8624802 -22.210546 1.3456647
-3.7518945 -22.223101 1.3338865
-1.0373828 -22.262173 1.3190135
-0.49953124 -22.268551 1.3182979
0.038085938 -22.274931 1.3183458
3.2939258 -22.317421 1.3351628
4.4063573 -22.331722 1.3471855
4.9707422 -22.338793 1.3544563
5.5415821 -22.345947 1.3626039
6.1196775 -22.353193 1.3716563
6.7058396 -22.360537 1.3816422
7.3014746 -22.369764 1.3926945
7.9061618 -22.376421 1.404582
9.1233101 -22.327383 1.4275053
11.111777 -22.409557 1.4803898
5.7139063 -8.2604189 0.59445769
21.675478 -9.4333954 1.3990873
22.222441 -8.4207764 1.4064943
10.7596 5.6372008 0.71891171
10.169639 5.6450195 0.68839902
8.2306252 5.6707177 0.59155351
7.8270993 5.6760669 0.57223266
7.4488769 5.6810803 0.5544467
6.7578907 5.6902404 0.52286696
6.3452344 5.6100168 0.50126755
6.0509863 5.6158118 0.4885942
5.5799413 5.7039633 0.47225967
5.3198729 5.7074132 0.46177703
5.0709667 5.7107129 0.45200667
4.6028123 5.7169213 0.43438947
4.3819141 5.719851 0.42645019
3.9629004 5.725409 0.41211012
3.5702538 5.7306175 0.3996025
3.3825195 5.7331076 0.39396775
3.1999023 5.7355309 0.38871154
2.6787987 5.742445 0.37502608
2.5128319 5.7446485 0.37109953
2.1906641 5.7489233 0.36411375
2.0339062 5.7510047 0.36103073
1.8796972 5.7530503 0.35820541
0.98060542 5.6794519 0.3411096
0.84026366 5.6813159 0.33990371
0.70104492 5.6848998 0.33900726
0.43026367 5.7705636 0.34247664
0.29052734 5.772418 0.34207061
0.15102538 5.7742724 0.34186524
0.011621093 5.7761254 0.34185776
-0.26757812 5.7798338 0.34244308
-0.40770507 5.7816954 0.34303695
-0.97558594 5.7892442 0.34746504
-1.5638769 5.7970643 0.35536253
-1.7155957 5.7990818 0.35792097
-1.8696094 5.8011289 0.36072814
-2.0261426 5.8032103 0.36379242
-2.1854491 5.8053284 0.36712661
-2.5134864 5.8096924 0.37464446
-2.6828027 5.8119431 0.37885666
-2.8560545 5.814249 0.38338974
-3.0336132 5.8166113 0.38826111
-3.2158594 5.819037 0.39349073
-3.4031932 5.821528 0.39909941
-3.596035 5.8240943 0.40510863
-3.7949121 5.8267393 0.4115451
-3.9479003 5.7530737 0.41295272
-4.1517482 5.7476878 0.41964033
-4.3688474 5.750576 0.42742661
-4.6684766 5.8464646 0.4428018
-5.4148631 5.8563986 0.4720622
-5.6866212 5.8600159 0.48327985
-5.9717774 5.8638134 0.49534011
-6.2716894 5.8678064 0.5083186
-6.5879588 5.8720164 0.52230924
-8.0558395 5.891561 0.59068465
-8.9484272 5.9034472 0.63447982
-9.3062305 5.8220835 0.64969754
-9.9825974 5.9148912 0.68674392
-11.915771 5.9406381 0.78801954
-27.886309 -8.9300365 1.7330091
-12.365527 -8.0208731 0.87233227
-11.901934 -8.5635157 0.86780101
-18.773857 -22.031942 1.7131636
-15.39997 -22.072741 1.5929029
-14.627109 -22.082253 1.5676531
-13.884453 -22.101801 1.5447941
-13.157627 -22.112274 1.5228803
-11.090459 -22.142059 1.4656807
-10.427753 -22.137732 1.4482979
-9.1563864 -22.153131 1.4187135
-7.338037 -22.178558 1.3826209
-4.4763184 -22.214912 1.3412166
-3.3721581 -22.227396 1.3305794
-1.7427245 -22.253803 1.3211238
-1.2035449 -22.260201 1.3193932
-0.6654492 -22.266584 1.3184358
-0.1278418 -22.272963 1.3182499
0.40994141 -22.279345 1.3188245
0.94848633 -22.285736 1.3201792
2.0309374 -22.302666 1.3254414
2.5757518 -22.309031 1.3291316
3.6761913 -22.32189 1.3389168
4.795908 -22.336605 1.3521214
5.3646874 -22.343729 1.3599962
7.1162791 -22.365681 1.3890928
8.9327736 -22.334892 1.4236933
9.5538673 -22.31041 1.4364144
10.198427 -22.311499 1.4519138
11.659062 -22.559292 1.5029417
5.273818 -8.612958 0.59772766
5.4860544 -8.4922876 0.59837049
13.933525 -8.7893105 0.97499615
21.799198 -9.0576239 1.3971238
22.668417 -8.7834253 1.4388231
23.38994 -8.4195461 1.4712883
11.447861 5.544282 0.75281692
10.346279 5.6426783 0.69749248
9.7900295 5.6500497 0.66899365
9.2771578 5.656847 0.64309108
8.8022461 5.6631417 0.61946714
7.563066 5.6795654 0.55978179
6.8593454 5.6888962 0.52742368
6.1387792 5.6127539 0.49229613
5.9084864 5.6700048 0.48466322
4.9048924 5.7129149 0.44563949
4.4492283 5.7189584 0.4288429
4.025713 5.7245765 0.41419661
3.4398828 5.7323475 0.39566559
2.9015234 5.7394896 0.38062942
2.7307324 5.741755 0.37629867
2.5636816 5.7439733 0.3722786
2.4000585 5.7461438 0.36855742
1.4754785 5.7584167 0.35181916
0.88347656 5.6807423 0.34025422
0.74399412 5.6843295 0.33929473
0.61378902 5.768126 0.34331176
0.47345701 5.76999 0.34264129
0.3336035 5.7718453 0.34217423
0.1940625 5.7736998 0.34190735
0.054648437 5.7755527 0.34183899
-0.084804684 5.7774048 0.34196991
-0.22442383 5.7792602 0.34230042
-0.36441407 5.7811203 0.34283248
-0.64609373 5.784863 0.34450379
-0.78813475 5.7867517 0.3456488
-1.0754784 5.7905712 0.34857374
-1.2211621 5.7925086 0.35036239
-1.5174901 5.7964478 0.35462156
-1.8218261 5.8004932 0.35983488
-2.1359863 5.8046713 0.36606827
-2.2973633 5.8068175 0.3695941
-2.4619823 5.8090086 0.3734082
-3.7328808 5.8259153 0.40951172
-3.9362011 5.8286204 0.41625962
-4.0921288 5.7549939 0.41793808
-4.3009958 5.7496729 0.42496613
-5.0774803 5.8519077 0.45854017
-5.6013966 5.8588815 0.47973219
-5.8822556 5.8626208 0.49152341
-6.1774802 5.8665514 0.50421017
-6.8170896 5.8750672 0.53262722
-7.5348825 5.884624 0.56583482
-7.9288864 5.8898716 0.58457673
-8.3501463 5.8954797 0.60496473
-8.8021193 5.9014988 0.62720609
-9.6731148 5.829299 0.66842163
-10.382871 5.9202209 0.70738262
-11.690879 5.9376416 0.77604902
-28.96875 -7.5263157 1.771435
-28.679472 -8.1949186 1.7653282
-12.178359 -8.1913986 0.86865187
-11.694619 -8.2828369 0.84816051
-11.089473 -8.6872625 0.83374131
-19.995419 -22.017246 1.7602671
-18.154228 -22.039398 1.6899452
-17.286699 -22.049833 1.6582285
-15.643594 -22.069744 1.6010545
-14.106738 -22.088657 1.5511775
-13.379726 -22.109072 1.5294774
-12.666855 -22.119345 1.5085942
-11.296055 -22.139099 1.4710066
-9.3492279 -22.150795 1.4229845
-8.7284861 -22.158316 1.4095167
-8.119092 -22.165695 1.397123
-7.520957 -22.176046 1.3859147
-6.3502145 -22.192118 1.3661528
-5.7765918 -22.199989 1.3576576
-4.0925879 -22.21925 1.3371671
-2.99417 -22.231665 1.3276601
-1.3697851 -22.258226 1.3198441
1.3219433 -22.29438 1.3218076
1.8633593 -22.300707 1.3244646
2.4072948 -22.30706 1.3279076
4.0607128 -22.326384 1.3430656
4.6216698 -22.334423 1.3498683
6.3430271 -22.355991 1.3753663
6.932529 -22.363379 1.3857054
8.1290522 -22.3477 1.4074323
9.3609858 -22.318012 1.4323747
10.66377 -22.336002 1.4648893
11.39745 -22.461826 1.4907506
12.280283 -22.819437 1.5337117
13.4429 -23.596672 1.6072987
5.6067677 -8.3693447 0.59621781
23.244219 -8.5632191 1.4660939
12.598877 5.6176624 0.81642836
10.527724 5.6402731 0.70687008
7.6795115 5.6780248 0.56525254
6.2300291 5.6115441 0.49624634
5.4790134 5.7053013 0.46815872
4.2994628 5.7209449 0.4235521
4.0891895 5.7237339 0.41632965
3.4977636 5.7315793 0.39739883
2.9550586 5.7387791 0.38203186
2.6148534 5.7432947 0.37348723
2.4502149 5.7454782 0.36967513
1.8212988 5.7538266 0.35719129
1.670205 5.7558312 0.3547093
1.3738281 5.7597656 0.35045195
1.0677637 5.6782947 0.34195754
0.78702146 5.6837583 0.33959991
0.65719724 5.7675486 0.34355986
0.51671875 5.7694139 0.34282774
0.3767285 5.7712741 0.3422972
0.23710936 5.7731285 0.34196869
0.09766601 5.7749815 0.34183884
-0.041757811 5.7768335 0.34190887
-0.46148437 5.7824097 0.34331816
-0.60244137 5.7842832 0.3441925
-0.74418944 5.7861681 0.34527251
-0.88693357 5.788064 0.34656203
-1.1760449 5.7919078 0.34978697
-1.3227832 5.7938585 0.35173079
-1.471289 5.7958322 0.35390365
-1.6216992 5.797832 0.35631287
-2.0867772 5.8040161 0.36503661
-2.4108202 5.8083262 0.37219909
-2.5778515 5.8105478 0.37621978
-2.923496 5.815145 0.38521284
-3.1028028 5.8175316 0.39021972
-3.2869334 5.8199801 0.39559159
-3.6714256 5.8250976 0.40752015
-3.8727245 5.8277745 0.4141275
-5.2532716 5.854249 0.4655287
-5.5173731 5.8577638 0.47626236
-5.7941113 5.8614478 0.48779282
-6.7137012 5.8736901 0.52795351
-7.0554981 5.878242 0.54351467
-7.4183202 5.8830724 0.56035733
-7.8045311 5.8882141 0.57862514
-8.2170115 5.8937073 0.59848344
-8.6591406 5.8995948 0.62013215
-10.808076 5.9258847 0.729514
-11.472636 5.9347363 0.76447648
-28.218027 -7.8361731 1.7332835
-27.43955 -9.067318 1.7103764
-11.470508 -7.9964886 0.82756639
-11.211728 -8.6490145 0.83806348
-20.292978 -22.013262 1.7719536
-19.341778 -22.025112 1.7348448
-18.428759 -22.036093 1.7001725
-17.550938 -22.046656 1.6678092
-16.705391 -22.056671 1.6375819
-15.889727 -22.066713 1.6093742
-15.101192 -22.076418 1.5830336
-12.884746 -22.116203 1.5148833
-12.185087 -22.126289 1.4949915
-4.1055174 -8.3893356 0.55276412
-7.7047362 -22.173525 1.3893074
-7.112402 -22.181654 1.3786536
-6.5287008 -22.189667 1.3689586
-4.2635937 -22.217319 1.3389219
-3.1626658 -22.229765 1.328917
-1.5361524 -22.256254 1.3203697
-0.45965821 -22.269026 1.3182728
1.1552343 -22.292433 1.3211454
1.6960547 -22.29875 1.3235627
2.2391307 -22.305098 1.3267612
3.3348339 -22.3179 1.3355495
6.1628418 -22.353735 1.3723637
6.749619 -22.361086 1.3824092
7.3459668 -22.370253 1.3935407
7.951406 -22.376919 1.4055052
10.450274 -22.314936 1.4583565
11.989502 -22.682411 1.5184587
5.3775587 -8.6028795 0.60045135
5.5529785 -8.4241123 0.59715652
-28.236279 -8.5252991 1.0798781
-20.330322 -8.3514881 0.80468822
-12.146259 -8.0078163 0.53264588
-11.938867 -8.2912827 0.53217512
-18.495556 -22.035736 1.0532881
-17.615234 -22.046318 1.0331684
-15.949804 -22.066793 0.99685043
-15.159346 -22.076511 0.98047531
-14.393974 -22.085918 0.96518844
-12.937021 -22.114799 0.93803418
-9.5902338 -22.148413 0.88364637
-8.9649019 -22.155983 0.87506241
-7.7491894 -22.173359 0.8599577
-6.571826 -22.189516 0.84728253
-5.9954295 -22.197424 0.84181285
-4.3047752 -22.217087 0.82853955
-3.7519336 -22.223337 0.82515395
-3.2032616 -22.229536 0.82227308
-2.658076 -22.235701 0.81988782
-2.1157422 -22.241831 0.81799543
-1.5761425 -22.255468 0.81685835
-1.0373633 -22.26186 0.8159343
1.1151855 -22.291393 0.81715256
1.6558203 -22.297709 0.81860977
2.1987011 -22.30405 0.82055187
2.7444823 -22.310425 0.82298291
3.2938476 -22.316845 0.82591718
3.8474317 -22.323311 0.82935226
4.9706736 -22.33853 0.83785963
5.5415235 -22.345682 0.84289902
7.3013086 -22.369255 0.86150372
7.9059668 -22.375908 0.86886001
10.401328 -22.314266 0.90136397
11.111787 -22.409546 0.9157936
22.373173 -9.7370367 0.8933363
22.82877 -8.6505337 0.89379954
21.971348 5.4053235 0.82839859
20.280254 5.5116415 0.76943314
16.885761 5.4768052 0.64991701
15.869843 5.5740781 0.61582261
14.76208 5.5887718 0.57790452
13.782294 5.6017675 0.54468352
12.908515 5.613358 0.51535767
12.123632 5.6237683 0.48930022
11.248535 5.551578 0.45925719
10.759268 5.6370311 0.44470704
9.1265135 5.6586914 0.39315552
8.6624117 5.6648459 0.3789418
6.050869 5.6156969 0.30223984
5.8520994 5.7002378 0.29909849
5.579824 5.7038512 0.29213485
4.6027246 5.7168174 0.26871017
3.962832 5.7253113 0.25492707
3.7634861 5.7279563 0.25092667
3.5701952 5.7305212 0.24719177
2.6787598 5.7423558 0.23198867
2.5127831 5.7445579 0.22955947
2.3501854 5.7467175 0.22731231
2.0338671 5.7509179 0.22333099
1.7277637 5.7549815 0.21999083
1.5779394 5.7569699 0.21854675
1.4299902 5.7589355 0.21724731
0.84025389 5.6812339 0.2102623
-0.54838866 5.783484 0.21269287
-0.83214843 5.7872543 0.21406081
-1.2664062 5.7930245 0.21710128
-1.414209 5.7949891 0.21839111
-1.5638574 5.7969785 0.21982513
-1.7155762 5.7989941 0.22140731
-2.0261133 5.8031225 0.22504058
-2.3477733 5.8073983 0.2293373
-2.6827636 5.8118515 0.23435791
-3.2158105 5.8189392 0.24340972
-3.5959864 5.8239951 0.25059769
-3.7948437 5.8266392 0.25457886
-4.3687696 5.7504735 0.26440185
-4.9067187 5.8495274 0.27952957
-5.1551952 5.8528318 0.28555235
-5.4147558 5.8562827 0.29201338
-5.9716501 5.8636913 0.30641219
-6.587822 5.8718882 0.32309431
-6.9221678 5.8763366 0.33243805
-7.6535645 5.8860655 0.35349396
-8.0556345 5.8914161 0.36538956
-8.9481936 5.9032922 0.39248016
-9.3059664 5.8219237 0.40188932
-9.9823046 5.9147205 0.42480895
-10.56912 5.9225278 0.44356826
-11.210556 5.9310632 0.46434188
-14.429013 5.9324012 0.57118195
-15.650762 5.997334 0.6136331
-16.904444 6.0140171 0.65690398
-19.685497 5.9500742 0.75291455
-21.96368 6.0641904 0.83421922
-19.701689 -22.02124 1.0818146
-15.400537 -22.073544 0.98541087
-14.627607 -22.083046 0.96978623
-13.884033 -22.101143 0.95558453
-13.157216 -22.11162 0.9420262
-11.090156 -22.141436 0.90666032
-9.7857513 -22.146044 0.88643932
-9.156601 -22.153662 0.87763989
-7.9341211 -22.170824 0.86212718
-6.7512989 -22.187056 0.84908676
-6.1725097 -22.194994 0.8434422
-5.6010642 -22.202833 0.83835673
-4.476367 -22.215145 0.82968795
-3.92208 -22.221413 0.82614487
-3.3721874 -22.227627 0.82310957
-2.8259959 -22.233803 0.82057023
-2.2828515 -22.239941 0.81852341
-1.7426953 -22.25349 0.81723797
0.94848633 -22.285421 0.81665391
3.1238768 -22.314857 0.82495558
3.6760936 -22.321308 0.82823652
4.2333202 -22.329294 0.83207899
5.3646288 -22.343466 0.84128612
6.5239453 -22.357992 0.85270554
7.1161914 -22.36541 0.85928112
7.7182617 -22.373842 0.86652446
8.3171186 -22.345083 0.87293136
9.5538568 -22.310411 0.88857067
10.198427 -22.311497 0.89815873
10.886592 -22.372572 0.91092938
5.0511618 -8.2493353 0.35414505
13.932822 -8.788868 0.60314178
22.344774 -9.2843122 0.885894
22.687792 -8.7909346 0.89082199
20.864649 5.5038891 0.79002607
15.089121 5.5844336 0.58906263
13.167997 5.6099157 0.52403408
11.447499 5.5441041 0.46567839
8.8020115 5.6629953 0.38319412
8.3605566 5.6688514 0.36982557
7.5628905 5.6794348 0.34627411
5.9085155 5.6700292 0.29981843
5.6624899 5.7027535 0.29423156
4.9047947 5.7128086 0.27566817
4.6725879 5.7158909 0.27029419
4.4491501 5.7188559 0.26527861
4.2337303 5.721715 0.26059479
4.0256443 5.7244773 0.25621918
3.6292284 5.7297387 0.24831633
3.2556834 5.7346973 0.24143264
2.9014843 5.739398 0.23545471
2.7306836 5.7416663 0.23277572
2.5636425 5.7438841 0.2302893
2.2395704 5.7481861 0.22586043
2.0819628 5.750278 0.22390258
1.9269922 5.7523365 0.22210601
1.7744141 5.7543626 0.22046661
1.623955 5.7563596 0.2189772
1.328662 5.760283 0.21643111
1.1658984 5.676909 0.21218048
1.024121 5.6787925 0.21126495
0.88346678 5.6806602 0.21047837
0.74398434 5.684248 0.2098854
0.47345701 5.769906 0.21195617
0.3336035 5.7717638 0.21166748
0.19407226 5.7736182 0.21150161
-0.084794924 5.7773228 0.21154052
-0.22442383 5.7791772 0.2117459
-0.36440429 5.7810388 0.21207367
-0.50491208 5.7829041 0.2125273
-0.64607418 5.78478 0.2131076
-0.93119138 5.788569 0.21465424
-1.075459 5.7904868 0.21562621
-1.2211523 5.7924228 0.21673141
-1.3683984 5.7943797 0.2179776
-1.5174609 5.7963624 0.21936645
-1.6685253 5.7983689 0.22090316
-1.8217871 5.8004065 0.2225914
-2.2973242 5.8067284 0.22862792
-2.4619532 5.8089161 0.2309877
-2.6301074 5.811152 0.23353362
-2.8020897 5.8134384 0.23627441
-3.1590428 5.8181849 0.24238709
-3.5358496 5.8231955 0.2494223
-3.7328124 5.8258152 0.25332031
-3.9361327 5.8285179 0.25749525
-4.3009181 5.7495713 0.26288101
-4.8321385 5.8485351 0.27775544
-5.077373 5.8517966 0.28364915
-5.6012793 5.8587656 0.29675689
-6.1773438 5.8664279 0.31189865
-6.4883595 5.870564 0.32035416
-8.3499508 5.8953309 0.37422439
-9.1862497 5.8426867 0.39858764
-11.00626 5.9283457 0.45769697
-11.690497 5.9374499 0.48005173
-12.445439 5.9474964 0.50500762
-13.28372 5.9586496 0.53303087
-14.221025 5.9711227 0.5646925
-15.056045 5.8984361 0.59202498
-17.880341 6.0270042 0.6908232
-21.312265 6.0555201 0.81116867
-27.781338 -8.6687984 1.0654969
-12.27457 -7.8325849 0.53309524
-11.76955 -8.7700148 0.53738034
-19.995819 -22.0177 1.0889235
-19.056416 -22.028994 1.0664214
-18.154589 -22.039837 1.0454267
-17.28705 -22.050262 1.0258201
-16.451231 -22.060629 1.0075374
-15.64416 -22.070551 0.99045181
-14.863535 -22.080147 0.97449565
-14.107226 -22.089441 0.95958602
-13.379316 -22.108419 0.94611096
-12.666474 -22.1187 0.9331947
-11.972451 -22.12871 0.92115247
-11.295732 -22.138472 0.9099403
-9.9824896 -22.143667 0.8892979
-6.3503418 -22.192556 0.84512311
-4.6484375 -22.213203 0.83088517
-4.092617 -22.219486 0.82718521
-3.5414453 -22.225716 0.82399058
-2.9942088 -22.231899 0.8213017
-1.9087499 -22.244169 0.81739515
-1.3697656 -22.257914 0.81644577
-0.29374021 -22.270683 0.81544447
0.24392578 -22.277063 0.8156575
1.86333 -22.300131 0.81929702
2.9543066 -22.312876 0.82404953
4.0606151 -22.3258 0.8307988
5.1883788 -22.341259 0.8397252
5.7619042 -22.348444 0.84497356
6.3429589 -22.355722 0.85079545
6.9324317 -22.36311 0.85719615
7.5315232 -22.371786 0.86424422
8.1290522 -22.3477 0.87064224
8.7420502 -22.339174 0.87827712
9.3609858 -22.318012 0.88607162
9.9969435 -22.308744 0.89502513
10.66375 -22.335985 0.90618241
11.397441 -22.461788 0.92218184
5.2265234 -8.6802521 0.37096313
22.357391 -9.4854765 0.88917005
16.394043 5.4852281 0.63292462
13.436347 5.6063561 0.53303742
11.662314 5.5412521 0.47272184
11.1504 5.6318431 0.45735365
10.527402 5.6401062 0.43725812
9.956543 5.6476793 0.41908979
9.4308987 5.6546531 0.40259337
8.4934959 5.6670885 0.37382737
8.072793 5.6726685 0.3612335
7.6793261 5.6778893 0.34965897
6.5359373 5.6073656 0.31529325
5.746367 5.7016416 0.29637527
5.4789062 5.7051916 0.28959885
5.2232423 5.7085838 0.28328657
4.7433004 5.7149534 0.27191406
4.2993946 5.7208447 0.26200637
3.8857715 5.7263327 0.25336334
3.1312108 5.7363477 0.23926955
2.9550097 5.7386875 0.23632248
2.7829883 5.7409716 0.23358123
2.2887793 5.7475343 0.22649917
2.1303222 5.7496371 0.22448944
1.9745605 5.7517052 0.22264434
1.5210937 5.7577257 0.21803299
1.2099218 5.6763229 0.21248901
1.0677441 5.6782126 0.21153274
0.92675781 5.6800866 0.21070755
0.78702146 5.6836767 0.21007477
-0.041757811 5.7767506 0.21150252
-0.4614746 5.7823277 0.21237335
-0.60242188 5.7842016 0.21291503
-0.74417967 5.7860837 0.21358337
-0.88691401 5.787982 0.2143811
-1.3227735 5.7937732 0.21757828
-1.9291797 5.8018332 0.22384994
-2.4107909 5.8082361 0.23023941
-2.5778124 5.8104577 0.23272659
-2.7485743 5.8127279 0.2354074
-2.9234471 5.8150525 0.23828994
-3.4762695 5.8224034 0.2482727
-3.8726561 5.8276744 0.25617644
-4.027246 5.7540307 0.25714049
-4.4540329 5.7516065 0.26633498
-4.7584763 5.8475547 0.27601746
-5.000586 5.8507752 0.28178588
-5.7939939 5.8613281 0.30174363
-6.084619 5.8651953 0.30941465
-6.3906054 5.8692651 0.31767699
-7.0553317 5.8781075 0.33621138
-7.8043456 5.8880725 0.35793105
-8.2168159 5.8935609 0.37021407
-8.6589155 5.8994408 0.38360488
-9.1344337 5.9057689 0.39823899
-10.200986 5.9176292 0.43176877
-12.204228 5.9442859 0.49700391
-13.920068 5.9671178 0.55449051
-14.720849 5.8939757 0.58055311
-18.962938 6.04141 0.7286523
-20.695723 6.0473156 0.78939652
-28.884512 -8.0212564 1.0975368
-28.14703 -8.5533609 1.0770466
-11.923515 -8.3122931 0.53214967
-20.293974 -22.014355 1.0962187
-19.342167 -22.025558 1.0732032
-18.429121 -22.036535 1.0517513
-16.706005 -22.057499 1.0130495
-15.101738 -22.077217 0.97930312
-13.603359 -22.10519 0.95028454
-12.884365 -22.115557 0.93708265
-12.184736 -22.125648 0.92477798
-11.502822 -22.135483 0.91331649
-10.180547 -22.14127 0.89222026
-9.5434475 -22.148979 0.88298935
-8.9190521 -22.156538 0.8744548
-7.7048731 -22.173969 0.85944808
-7.1125388 -22.182096 0.85285628
-5.9529686 -22.198008 0.84142989
-5.384131 -22.205811 0.83654737
-4.8209763 -22.211254 0.83212996
-4.2636523 -22.21755 0.82827103
-1.5361133 -22.255941 0.81677109
-0.9974609 -22.262331 0.81588542
-0.45965821 -22.268713 0.81547314
0.077968746 -22.275093 0.8155418
1.1551952 -22.291862 0.81724471
2.2390821 -22.304522 0.82071579
2.785078 -22.3109 0.82318556
3.3347654 -22.317322 0.8261534
6.7495408 -22.360817 0.85515088
8.5516987 -22.341822 0.87585312
9.1692286 -22.325575 0.883636
11.989482 -22.682373 0.93932295
13.03251 -23.277822 0.97672409
-20.3671 -22.014442 0.42214325
-19.411768 -22.025177 0.41325775
-18.495928 -22.036177 0.40496489
-17.615585 -22.046753 0.39722824
-15.950419 -22.067608 0.38327271
-4.1201954 -8.3813086 0.13146225
-10.228594 -22.14123 0.34331298
-8.3514643 -22.163933 0.33340043
-7.1562891 -22.181938 0.32808167
-6.5719628 -22.189955 0.32575896
-5.9955468 -22.197861 0.32365662
-4.3048434 -22.217323 0.3185524
-1.0373535 -22.261547 0.31369871
-0.49951172 -22.267929 0.31352586
1.6557813 -22.297138 0.31472227
2.1986425 -22.303476 0.31546965
2.7444141 -22.309851 0.31640303
3.8473339 -22.322731 0.31885222
4.4062595 -22.331202 0.32039672
4.9706345 -22.338268 0.32212782
5.5414548 -22.345417 0.32406494
6.1195211 -22.352657 0.32621825
7.3011422 -22.36875 0.33121413
8.5061522 -22.342455 0.33651534
10.401328 -22.314266 0.34654295
12.937754 -23.205889 0.37398529
5.4004884 -8.6740665 0.1438292
22.597694 -8.5629711 0.34016126
27.301533 5.3342347 0.39157394
21.970106 5.4050169 0.31847593
20.279209 5.5113549 0.29580763
14.761514 5.5885544 0.22217895
10.758945 5.6368628 0.17097121
9.1262693 5.6585398 0.15115219
8.2302246 5.6704383 0.14068481
7.8267283 5.6757946 0.13608947
7.448535 5.6808176 0.13186035
7.0929294 5.6855383 0.12795654
6.0507421 5.615581 0.11619781
5.5797167 5.7037387 0.11231522
5.3196583 5.7071924 0.10982177
5.0707712 5.7104969 0.10749862
4.6026564 5.7167139 0.10330871
4.3817577 5.7196484 0.10142044
4.1686716 5.7224779 0.099657439
3.9627733 5.7252111 0.0980101
3.5701268 5.7304258 0.095035702
3.3824022 5.7329197 0.093695983
3.0218847 5.7377076 0.091281429
2.8483105 5.7400131 0.090197749
2.6787012 5.7422657 0.089191586
2.5127442 5.7444701 0.088257901
2.3501465 5.7466297 0.087393031
2.1905956 5.7487473 0.086596064
1.7277441 5.7548962 0.084578551
1.5779101 5.756886 0.084023133
1.4299608 5.7588511 0.083523408
1.2646778 5.6755137 0.081849061
0.84024411 5.6811533 0.080839232
0.43024412 5.7703967 0.081450805
0.15102538 5.7741075 0.081305385
0.011611328 5.7759595 0.081303559
-0.26756835 5.7796679 0.081442565
-0.54838866 5.7833982 0.081772916
-0.68981445 5.7852783 0.082010955
-0.83212888 5.7871704 0.082298428
-1.1202539 5.7909985 0.083025813
-1.2663867 5.7929392 0.083467707
-1.7155566 5.7989087 0.085122526
-1.8695605 5.8009543 0.085791014
-2.0260839 5.8030334 0.086519927
-2.347744 5.8073096 0.08817108
-2.513418 5.8095093 0.089100644
-2.8559668 5.8140626 0.091179349
-3.0335155 5.816422 0.092338562
-3.2157519 5.8188438 0.093581542
-3.4030762 5.8213339 0.094916224
-3.5959277 5.8238964 0.09634506
-3.9477637 5.7528749 0.098214567
-4.1516013 5.7474828 0.099799804
-4.3686914 5.7503686 0.10165206
-4.6683006 5.8462501 0.10530929
-4.9066305 5.8494177 0.10746857
-5.1550975 5.8527198 0.10978332
-5.4146581 5.8561692 0.11226913
-5.6863961 5.8597813 0.11493514
-5.9715333 5.8635702 0.11780273
-6.9220214 5.8762045 0.12780975
-7.6533885 5.8859277 0.13590424
-8.9479589 5.9031348 0.15089279
-10.568809 5.9223509 0.17053328
-11.210185 5.9308777 0.17851883
-12.69415 5.9506054 0.19734298
-14.428965 5.9323764 0.21960251
-21.962471 6.0638475 0.32071182
-27.371435 6.1527743 0.39489958
-11.696934 -8.4160194 0.20283614
-18.774618 -22.032831 0.40746352
-17.88368 -22.04353 0.39956099
-17.026133 -22.053829 0.39218521
-16.199814 -22.064545 0.38530502
-15.401093 -22.074348 0.37887281
-14.628163 -22.083836 0.37286696
-13.883623 -22.100483 0.36738053
-12.44999 -22.121176 0.35731125
-11.761503 -22.131113 0.35278198
-9.1568165 -22.154194 0.33743209
-7.933496 -22.168989 0.33144104
-6.1726365 -22.195429 0.32428086
-5.0362692 -22.211016 0.32058442
-4.4764161 -22.215384 0.31899551
-3.9221289 -22.221647 0.31762955
-2.2828612 -22.24017 0.31470001
-1.7426758 -22.253178 0.31419677
-0.66541016 -22.265957 0.31355971
0.40993163 -22.278721 0.31365141
0.94847655 -22.285109 0.31397444
1.4887207 -22.295185 0.31453031
2.5756249 -22.307878 0.31609482
3.1237988 -22.314281 0.31716231
3.6760058 -22.32073 0.31842315
4.2332616 -22.329033 0.31990507
4.7958102 -22.336079 0.3215712
5.3645701 -22.343203 0.323443
7.1161132 -22.365141 0.33036286
7.7180762 -22.373335 0.33314207
9.5538568 -22.310415 0.34162703
10.886581 -22.372555 0.35021788
12.594648 -22.991516 0.36900589
28.770664 5.3990846 0.41204771
22.99247 5.4752402 0.33269623
16.241064 5.5689096 0.24167755
14.071923 5.5977097 0.21317428
13.167529 5.6097178 0.20146744
12.356846 5.620482 0.19108535
10.345683 5.6423483 0.16587707
9.7894821 5.649735 0.15910019
8.8017874 5.6628489 0.14732192
8.360342 5.6687098 0.14218307
7.9484081 5.6741796 0.13746689
7.5627146 5.6793027 0.13312836
7.2004099 5.6841125 0.12912917
6.8590426 5.6886449 0.1254338
6.4395895 5.6085229 0.12020995
6.1385255 5.6125207 0.11707855
5.908545 5.6700559 0.11527023
5.6623826 5.7026415 0.11312027
4.6725001 5.715786 0.10391876
4.4490623 5.7187533 0.1019902
4.0255761 5.7243772 0.098506927
3.4397752 5.7321568 0.094099574
3.0763183 5.7369833 0.091631621
2.7306445 5.7415757 0.089492947
2.3999901 5.7459664 0.087652586
1.7743847 5.7542772 0.0847615
0.47344726 5.7698231 0.081489712
0.33359376 5.7716818 0.081378326
-0.5049023 5.7828207 0.081709288
-0.7881152 5.7865844 0.082204133
-1.075459 5.7904038 0.082900539
-1.2211328 5.7923374 0.083326109
-1.3683887 5.7942953 0.08380539
-1.8217676 5.8003197 0.085578151
-2.6300585 5.8110604 0.089785002
-2.8020604 5.8133469 0.090839081
-2.9782519 5.8156872 0.091972195
-3.158994 5.8180895 0.093188934
-3.3446972 5.8205576 0.094494477
-3.732744 5.8257141 0.09739273
-3.9360645 5.8284168 0.098997951
-4.0919919 5.7547898 0.099397428
-4.523623 5.7524281 0.10300842
-5.0772753 5.8516831 0.10905197
-5.601162 5.8586488 0.11409286
-6.4882226 5.8704381 0.1231636
-6.8167968 5.8748059 0.1266713
-7.1648145 5.8794322 0.13046218
-8.3497362 5.8951831 0.14387314
-9.6725779 5.8289685 0.15896438
-10.382265 5.9198718 0.16822921
-11.005927 5.9281616 0.1759645
-11.690137 5.9372582 0.18455932
-12.445029 5.9472938 0.19415267
-15.05542 5.8981967 0.22760452
-17.87952 6.0267234 0.2655876
-19.484404 6.048059 0.28717178
-23.565762 6.0851622 0.34259596
-26.393085 6.1397691 0.38143417
-11.802373 -8.3591537 0.20358047
-18.154942 -22.040274 0.40194184
-17.287382 -22.050694 0.39441314
-16.451836 -22.061449 0.38737959
-14.864072 -22.080942 0.37467894
-14.107734 -22.090223 0.36895096
-11.972099 -22.128073 0.3541429
-10.629346 -22.136381 0.3456555
-9.9827337 -22.144203 0.34191361
-9.349658 -22.151859 0.33845124
-6.9316406 -22.185019 0.32716674
-6.3504686 -22.192993 0.32492918
-5.2099314 -22.208632 0.32109863
-3.5414844 -22.225948 0.31680283
-2.4502149 -22.238281 0.31491852
-0.29374021 -22.27037 0.31351042
0.7821582 -22.283136 0.31385437
2.9542186 -22.3123 0.31681061
3.5051074 -22.318735 0.31801331
4.0605078 -22.32522 0.31941938
4.621572 -22.333897 0.32103577
5.7618456 -22.348179 0.32486174
6.3428807 -22.355455 0.32710251
6.9323435 -22.362839 0.3295607
7.5313573 -22.371279 0.33226866
8.7420607 -22.339174 0.33766785
9.3609962 -22.318018 0.34066665
10.66375 -22.335974 0.3483972
12.280205 -22.819305 0.36476424
26.483622 5.4288902 0.38053909
23.734325 5.4653931 0.3428311
19.595497 5.5204334 0.28656676
16.394102 5.48525 0.24334289
15.428486 5.5796986 0.23094055
13.435869 5.6061544 0.20492904
11.661933 5.5410743 0.18174072
11.150048 5.63167 0.17583175
10.5271 5.6399412 0.1681076
9.9562597 5.6475196 0.16112137
9.430644 5.6544981 0.1547792
8.9446096 5.660953 0.14900193
8.4932814 5.6669455 0.14372283
7.3099022 5.6826587 0.13032913
6.5357909 5.607245 0.1212178
5.7462497 5.7015271 0.11394409
5.4787989 5.7050791 0.11134049
4.9782615 5.7117271 0.10665115
4.7432127 5.7148471 0.10454009
4.0890527 5.7235336 0.099013977
3.4976463 5.731389 0.094512478
2.6147754 5.7431149 0.08882492
2.4501464 5.7453012 0.087919004
2.2887499 5.7474451 0.087080225
1.5210742 5.7576427 0.08382614
1.3737793 5.7595983 0.083347626
1.0677246 5.6781311 0.081326447
0.65718746 5.7673841 0.081707001
-0.041757811 5.7766671 0.081315003
-0.18129882 5.7785215 0.081379242
-0.32114258 5.7803807 0.081490479
-0.74416989 5.7860007 0.082114711
-0.8869043 5.7878976 0.082422026
-1.1760058 5.791738 0.083189085
-1.3227539 5.7936902 0.083651274
-1.4712304 5.7956605 0.084168546
-1.6216406 5.7976599 0.084740445
-1.7741991 5.799686 0.085371397
-2.0867188 5.8038402 0.086815491
-2.2471483 5.8059716 0.087632902
-2.5777636 5.8103647 0.089474179
-2.9233983 5.8149586 0.091613464
-3.1026952 5.8173413 0.092804871
-4.7583885 5.847446 0.10611862
-5.2530661 5.8540211 0.11071411
-6.3904786 5.8691392 0.12213409
-7.0551853 5.8779745 0.12926041
-7.4179783 5.8827963 0.13326614
-8.2166109 5.8934131 0.14233123
-8.6586914 5.8992896 0.14748107
-16.109951 6.0031991 0.2419998
-17.431757 6.0207701 0.25959715
-18.962011 6.0411134 0.28013122
-25.080811 6.0317502 0.36310652
-11.980859 -7.9295592 0.2022351
-19.342558 -22.026011 0.41262129
-15.102284 -22.078016 0.37652436
-14.338672 -22.087387 0.37066725
-12.184384 -22.12501 0.35553741
-4.1049314 -8.3881187 0.13144806
-9.5436716 -22.149513 0.33949202
-8.9192677 -22.157064 0.33620971
-8.3063965 -22.16448 0.33317274
-7.1126757 -22.182539 0.32790464
-6.528955 -22.190542 0.32559782
-5.3842282 -22.206245 0.3216252
-4.2636914 -22.217787 0.31844908
-3.1627343 -22.230228 0.31606871
-2.6178026 -22.236385 0.31516355
-0.45964843 -22.2684 0.31352049
0.077978514 -22.27478 0.31354645
2.2390137 -22.303946 0.31553298
3.8885643 -22.323212 0.31895751
5.5840526 -22.345951 0.32421753
6.7494531 -22.360546 0.32877198
7.3456345 -22.369238 0.33141571
7.9510446 -22.375893 0.33426055
8.5516891 -22.341824 0.33673859
9.169219 -22.325575 0.33972946
9.7968264 -22.306009 0.34293136
10.450263 -22.314936 0.34684569
11.166279 -22.418476 0.35252029
11.989453 -22.682333 0.36113828
-20.327314 -8.3502445 -0.18559112
-20.368114 -22.015537 -0.25329146
-14.395 -22.08749 -0.22263275
-13.656679 -22.103098 -0.2194223
-12.936259 -22.113506 -0.21636428
-11.552138 -22.133501 -0.21085067
-4.1198926 -8.380702 -0.078866422
-9.590703 -22.149479 -0.20383972
-8.9653416 -22.15704 -0.20186065
-8.3516598 -22.164457 -0.20002899
-7.7494922 -22.174248 -0.1983757
-7.1564255 -22.182377 -0.19684584
-6.5720801 -22.19039 -0.19544876
-4.862627 -22.211254 -0.19202316
-3.7520018 -22.223803 -0.19034347
-3.20333 -22.230005 -0.18967864
-2.6581249 -22.236164 -0.18912871
-1.037334 -22.261234 -0.1882077
0.57603514 -22.280378 -0.18822494
1.1151367 -22.290253 -0.18848099
2.1985936 -22.302902 -0.1892691
2.7443457 -22.309275 -0.18982956
3.2936718 -22.315687 -0.19050567
4.4062109 -22.33094 -0.19222885
4.9705763 -22.338005 -0.1932669
5.5413961 -22.345154 -0.19443008
6.119453 -22.352392 -0.19572036
7.9056053 -22.374882 -0.20041077
8.5061522 -22.342455 -0.20190215
9.1233006 -22.327389 -0.20369598
9.7489643 -22.305355 -0.20558487
11.111777 -22.409515 -0.2112651
11.924902 -22.658247 -0.21623932
12.937695 -23.205786 -0.22438399
27.299639 5.3338609 -0.23489852
24.718164 5.4519677 -0.21376862
20.278154 5.5110679 -0.17746902
16.884258 5.4763193 -0.14990844
15.868515 5.573617 -0.14203994
13.781279 5.601356 -0.12563217
12.907637 5.6129661 -0.11886948
12.122831 5.6233969 -0.11285904
11.247831 5.5512304 -0.10593429
9.1260347 5.6583896 -0.090683594
8.661972 5.6645579 -0.087406002
6.3448339 5.6096606 -0.071524806
4.8319626 5.713562 -0.063193664
3.7633593 5.7277622 -0.057879332
3.3823535 5.7328258 -0.056213837
3.0218456 5.7376146 -0.054764859
2.6786621 5.7421765 -0.053511351
2.3501074 5.7465415 -0.05243225
2.0338182 5.7507443 -0.051514283
1.4299414 5.7587671 -0.050110474
1.2646582 5.6754322 -0.049104918
0.98055661 5.6792064 -0.048672181
0.011611328 5.7758775 -0.048778228
-0.40769529 5.7814474 -0.048946992
-0.54836911 5.7833152 -0.049060211
-0.6897949 5.7851954 -0.049202878
-0.83212888 5.7870851 -0.049375761
-1.1202441 5.7909141 -0.049812164
-1.4141699 5.7948179 -0.050374296
-1.5638086 5.7968054 -0.050705414
-2.0260546 5.8029456 -0.051908568
-2.1853614 5.8050632 -0.052384488
-2.6826758 5.8116684 -0.054058075
-3.0334766 5.8163266 -0.055399168
-3.4030175 5.8212366 -0.056946106
-3.947705 5.7527733 -0.058922879
-4.1515136 5.7473817 -0.059875946
-5.1549997 5.8526073 -0.065865479
-5.4145508 5.8560548 -0.06735611
-5.971416 5.863451 -0.070676729
-6.2712889 5.8674326 -0.07252945
-6.5875387 5.8716321 -0.074525908
-6.921865 5.8760743 -0.076680601
-7.6532125 5.8857861 -0.081537321
-8.0552435 5.8911252 -0.084279634
-8.4855175 5.8968406 -0.087268829
-8.9477243 5.9029794 -0.090529174
-9.305459 5.8216028 -0.092698969
-10.568496 5.922174 -0.10231216
-11.209844 5.9306922 -0.10710373
-11.914618 5.9400525 -0.11243454
-12.69371 5.9504004 -0.11839538
-13.560575 5.9619117 -0.12510177
-14.428916 5.9323621 -0.13175659
-16.902948 6.013485 -0.15151626
-27.369501 6.1523499 -0.23691314
-11.688428 -8.4099007 -0.12160904
-19.70249 -22.022142 -0.24955229
-17.026436 -22.054256 -0.23532638
-16.200399 -22.065361 -0.23117843
-15.40165 -22.075151 -0.22731887
-12.449629 -22.120535 -0.21437056
-11.761162 -22.13048 -0.21165161
-10.428515 -22.139353 -0.2066803
-9.1570311 -22.15472 -0.20245574
-7.3384666 -22.179882 -0.19730163
-6.7515621 -22.187929 -0.19586608
-5.0363379 -22.211445 -0.19234832
-4.4764552 -22.21562 -0.19138794
-3.3722558 -22.228096 -0.18987076
-2.8260546 -22.234266 -0.18928543
-2.2829003 -22.240404 -0.18881454
-1.7426465 -22.252865 -0.1885086
-1.2034863 -22.259262 -0.1882605
-0.1278418 -22.272026 -0.18809539
0.40993163 -22.278408 -0.18817718
0.94846678 -22.284798 -0.18836914
3.1237109 -22.313704 -0.1902829
4.2332129 -22.328773 -0.19193207
4.795752 -22.335815 -0.19293152
7.7179098 -22.372822 -0.19987197
8.3171186 -22.345087 -0.20135833
10.198427 -22.311493 -0.20718125
10.886581 -22.372543 -0.21013366
11.659003 -22.559179 -0.21446151
5.2604098 -8.5910463 -0.085074306
28.768583 5.3986936 -0.24720062
25.570967 5.4406347 -0.22079086
16.240381 5.5686755 -0.14499359
15.087919 5.5839906 -0.13586898
14.071396 5.5974998 -0.12789474
10.951426 5.634131 -0.1040094
8.360137 5.6685691 -0.085303955
7.9482226 5.6740427 -0.082473449
7.5625291 5.6791697 -0.079871669
7.200254 5.6839828 -0.077472381
6.1384082 5.6124024 -0.07024353
5.6622753 5.702528 -0.067867734
5.3985839 5.7060328 -0.066339262
5.1463575 5.7093844 -0.064914398
4.2335839 5.7215137 -0.060109708
4.0255079 5.7242785 -0.059100341
3.8241992 5.726954 -0.058157194
3.6291113 5.729547 -0.057276763
3.4397168 5.7320628 -0.056455534
3.0762694 5.7368917 -0.054975431
2.7305956 5.7414856 -0.053692169
2.5635643 5.7437048 -0.053118896
2.399961 5.7458801 -0.052587125
2.0819042 5.7501049 -0.051645659
1.9269433 5.7521644 -0.051231079
1.7743554 5.7541904 -0.050852966
1.6239063 5.7561898 -0.05050949
1.1658593 5.6767445 -0.048941497
0.47343749 5.7697411 -0.048890073
0.19405273 5.7734518 -0.048784941
0.054648437 5.7753062 -0.048775632
-0.22441405 5.7790122 -0.048841856
-0.36439452 5.7808728 -0.048917845
-0.50489259 5.7827377 -0.049022064
-1.0754395 5.7903171 -0.049736481
-1.2211034 5.7922535 -0.049991455
-1.5174218 5.7961903 -0.050599363
-1.6684668 5.7981958 -0.050953977
-1.9774609 5.8023009 -0.051769257
-2.2972558 5.8065491 -0.052736051
-2.461875 5.8087354 -0.053280029
-2.6300194 5.8109689 -0.053866882
-2.8020117 5.8132529 -0.054500122
-2.9781933 5.8155942 -0.055179749
-3.5357323 5.822999 -0.057532348
-4.8319626 5.8483152 -0.064067535
-5.3332028 5.8549728 -0.066885374
-5.6010547 5.8585315 -0.068450011
-5.8818946 5.8622608 -0.070133209
-6.1770897 5.8661814 -0.071943052
-6.4880857 5.8703122 -0.073892668
-6.8166308 5.8746753 -0.075996853
-7.1646481 5.8792977 -0.07827194
-8.3495216 5.8950329 -0.086319581
-9.1861811 5.8426452 -0.091944426
-10.381943 5.9196959 -0.10093033
-11.689755 5.9370666 -0.11072708
-12.44459 5.9470911 -0.11648224
-13.282773 5.9582224 -0.1229457
-14.219951 5.9706674 -0.13024871
-15.054814 5.8979578 -0.13654998
-16.497656 6.0081029 -0.14828002
-17.8787 6.026444 -0.15933746
-19.483398 6.0477538 -0.17228638
-23.564325 6.0847974 -0.20553222
-11.793653 -8.3529806 -0.12205306
-19.057198 -22.029888 -0.24600281
-13.378545 -22.107113 -0.21822754
-11.971758 -22.127438 -0.21246795
-8.7291107 -22.159893 -0.20114364
-7.5213866 -22.177376 -0.19777328
-6.9317675 -22.185459 -0.19629593
-6.3505859 -22.193428 -0.19495238
-5.2100291 -22.209066 -0.19266067
-4.0927243 -22.219954 -0.19080962
-3.5415137 -22.226181 -0.19007431
-2.4502246 -22.238512 -0.18894973
-1.908789 -22.244633 -0.18855391
-1.3697265 -22.25729 -0.18832459
-0.29372069 -22.270058 -0.18809158
0.7821582 -22.282822 -0.18829972
1.3218457 -22.292665 -0.18859695
1.8632324 -22.298988 -0.18897781
2.4071093 -22.305336 -0.18946853
5.1882615 -22.340733 -0.19369537
6.342793 -22.35519 -0.19624771
6.9322653 -22.362568 -0.19773711
8.1290722 -22.3477 -0.20083144
8.7420607 -22.339174 -0.2025943
9.996953 -22.308743 -0.20645568
10.66375 -22.335962 -0.20902663
12.280166 -22.819242 -0.2188504
13.44248 -23.595934 -0.22934569
26.481865 5.4285278 -0.22829452
19.594521 5.520155 -0.17192459
17.994122 5.5414257 -0.15900847
13.43539 5.6059532 -0.12294631
12.597597 5.6170874 -0.11648621
9.955986 5.6473608 -0.096666411
9.4303904 5.6543455 -0.092860408
8.944375 5.6608043 -0.089394227
8.4930763 5.6668029 -0.086227261
7.3097458 5.682529 -0.078191832
6.9621482 5.6871481 -0.075920105
6.2296386 5.6111913 -0.070806272
5.9411426 5.616919 -0.069049835
5.7461329 5.7014146 -0.068361811
5.4787011 5.704967 -0.066799007
4.9781637 5.7116184 -0.063986056
4.2992382 5.7206407 -0.060434416
4.0889745 5.7234349 -0.059403684
3.8856444 5.7261362 -0.058441009
3.6886914 5.7287545 -0.05754257
3.4975977 5.7312937 -0.056703489
3.3118651 5.7337608 -0.0559198
3.1311035 5.7361631 -0.055190429
2.7829003 5.7407908 -0.053878173
2.6147363 5.7430248 -0.05329071
2.4501073 5.7452121 -0.052747343
2.2887011 5.7473559 -0.052244261
1.5210546 5.757556 -0.050291594
1.2098827 5.6761594 -0.049012601
1.0677148 5.6780481 -0.048792113
0.51669919 5.769166 -0.048916776
-0.041757811 5.7765856 -0.048785705
-0.46146482 5.7821617 -0.048986815
-0.6024121 5.7840333 -0.049111936
-1.0307617 5.7897253 -0.049664155
-1.1759961 5.7916541 -0.049909361
-1.4712206 5.7955761 -0.05049713
-1.6216112 5.7975745 -0.050840605
-2.0866895 5.803751 -0.052086182
-2.2471094 5.8058825 -0.052575834
-3.1026366 5.8172483 -0.055679169
-3.2867675 5.8196921 -0.056445159
-3.6712303 5.8247995 -0.058147583
-3.8725293 5.8274732 -0.059089966
-4.453867 5.7513962 -0.061432343
-4.7583103 5.8473377 -0.063666992
-6.0843554 5.8649497 -0.071370088
-7.4178023 5.8826599 -0.079953156
-7.8039646 5.8877878 -0.082559966
-8.2163963 5.8932667 -0.085394435
-8.6584663 5.899138 -0.088481136
-9.133955 5.9054527 -0.091857605
-11.471542 5.9341683 -0.10907577
-14.719687 5.893507 -0.13390578
-17.430977 6.0204978 -0.15574341
-18.961094 6.0408177 -0.16805862
-20.693525 6.0466723 -0.18207259
-20.296005 -22.016541 -0.25288984
-19.342968 -22.026457 -0.24756484
-17.551952 -22.047951 -0.23801833
-15.102822 -22.078814 -0.22591019
-14.33919 -22.088173 -0.22239365
-12.883613 -22.114267 -0.21614639
-12.184043 -22.124372 -0.21330643
-8.306592 -22.165003 -0.19989792
-7.705195 -22.174856 -0.19825774
-7.1128221 -22.182978 -0.19673797
-5.9532032 -22.198877 -0.19410095
-5.384336 -22.206675 -0.19297653
-4.8210645 -22.211723 -0.19195205
-4.2637305 -22.218021 -0.19105956
-3.7112012 -22.224264 -0.19028747
-3.1627636 -22.230463 -0.18963134
-1.5360742 -22.255318 -0.18839873
-0.99743164 -22.261709 -0.18819335
0.077968746 -22.274467 -0.18811461
0.61595702 -22.280851 -0.18823776
2.7849317 -22.30975 -0.18987274
3.3345799 -22.316166 -0.19055709
3.8884764 -22.322632 -0.19135727
4.4478517 -22.331459 -0.19229858
5.0126367 -22.338531 -0.19334595
6.1626267 -22.352932 -0.19582123
6.7493749 -22.360281 -0.19727066
7.3454685 -22.368731 -0.1988353
7.9508786 -22.37538 -0.20053969
9.1692381 -22.325581 -0.20383194
11.166279 -22.418465 -0.21153259
11.989433 -22.682295 -0.2166774
13.032363 -23.27758 -0.22529984
-18.49666 -22.03706 -0.89118338
-17.616259 -22.047617 -0.87414467
-14.395517 -22.088276 -0.81667668
-12.935888 -22.112858 -0.79354644
-12.234931 -22.122993 -0.78308356
-11.551797 -22.13287 -0.77333558
-4.1195993 -8.3800955 -0.28924605
-8.9655466 -22.157568 -0.74039322
-7.7496481 -22.174692 -0.72760689
-7.1565623 -22.182821 -0.72199416
-6.5722165 -22.19083 -0.7168842
-5.9957714 -22.198727 -0.71225244
-5.4263768 -22.206533 -0.70809472
-4.3049216 -22.217791 -0.70100337
-3.7520604 -22.224037 -0.69813895
-1.0373242 -22.260921 -0.69028807
-0.49948242 -22.267303 -0.68991011
1.1151074 -22.289682 -0.69129622
3.8471386 -22.321571 -0.70160973
5.5413184 -22.344887 -0.71310765
6.1193943 -22.352125 -0.71784031
6.7055173 -22.359463 -0.72307891
7.9054294 -22.374372 -0.73504156
9.1233006 -22.327393 -0.74710691
9.7489548 -22.305353 -0.75402451
11.924883 -22.658207 -0.79311478
24.716621 5.4516282 -0.78400844
21.967607 5.4044042 -0.70074296
20.2771 5.5107846 -0.65087396
18.576582 5.5334082 -0.60040015
15.86787 5.5733848 -0.52095032
12.122432 5.6232114 -0.41392699
11.247471 5.5510545 -0.38851333
10.758301 5.6365247 -0.37620911
9.6263275 5.6515818 -0.34576857
8.6617479 5.6644125 -0.32057801
8.2298145 5.6701584 -0.30956954
7.8263574 5.6755247 -0.29945707
7.4481931 5.6805553 -0.29015151
7.0926075 5.6852841 -0.28156462
6.344707 5.6095395 -0.26231995
5.5795016 5.7035155 -0.24714355
5.0705762 5.7102833 -0.23654693
3.3822949 5.7327318 -0.20617492
3.1996973 5.7351575 -0.20342407
2.8482127 5.7398314 -0.19847748
2.5126758 5.7442918 -0.19420852
2.3500781 5.7464538 -0.19230758
2.1905272 5.7485728 -0.19055267
1.8795898 5.7527075 -0.18746124
1.5778613 5.7567172 -0.18489212
1.1219629 5.6772447 -0.179254
0.7009961 5.6845727 -0.17741424
0.011621093 5.7757945 -0.17890593
-0.12786132 5.7776475 -0.1790065
-0.26756835 5.7795029 -0.17921218
-0.54835933 5.7832336 -0.17993942
-0.83210933 5.7870016 -0.18109725
-0.97553706 5.7889075 -0.18184005
-1.1202246 5.7908287 -0.1826973
-1.563789 5.79672 -0.18597336
-1.715498 5.7987351 -0.18731171
-2.0260253 5.8028574 -0.19038482
-2.347666 5.8071289 -0.19401993
-2.51333 5.8093286 -0.19606368
-2.6826367 5.8115768 -0.19826752
-3.4029589 5.8211412 -0.20886169
-3.7946484 5.8263388 -0.21537322
-4.1514354 5.7472787 -0.21960922
-4.906445 5.8491955 -0.23648132
-5.1549025 5.8524938 -0.24157654
-5.414443 5.8559375 -0.24704254
-5.6861715 5.8595448 -0.25291106
-6.5873923 5.8715048 -0.27333495
-6.9217186 5.8759398 -0.28123856
-7.2761426 5.8806443 -0.28978822
-8.0550385 5.8909812 -0.30911422
-8.4853029 5.8966904 -0.32006806
-9.9814548 5.9142127 -0.35937774
-11.209492 5.9305062 -0.39281708
-11.914208 5.9398561 -0.41236785
-12.693281 5.9501939 -0.43423414
-18.346727 6.0323839 -0.5982253
-19.68247 5.9491539 -0.6369226
-21.95997 6.0631638 -0.70566684
-27.367598 6.1519237 -0.86887538
-19.70289 -22.022594 -0.91532135
-16.200987 -22.066175 -0.84794742
-14.629189 -22.085415 -0.82056904
-13.882783 -22.099165 -0.80839604
-13.156054 -22.109674 -0.79692876
-11.76083 -22.129848 -0.77626973
-11.089199 -22.139555 -0.76698148
-9.7864742 -22.147652 -0.7500208
-7.338623 -22.180325 -0.72367275
-6.751709 -22.188368 -0.71840829
-5.6013966 -22.204136 -0.70932823
-5.0364451 -22.211878 -0.70548421
-4.4765134 -22.215851 -0.70197594
-2.8260839 -22.234499 -0.69426078
-1.2034765 -22.258949 -0.690485
-0.66540039 -22.265333 -0.68998325
-0.1278418 -22.271713 -0.68988597
0.94844723 -22.284481 -0.69089448
1.4886426 -22.294043 -0.69210404
2.0307226 -22.300371 -0.69362211
2.5754883 -22.306728 -0.69555175
3.1236327 -22.313124 -0.69789261
3.6758201 -22.319571 -0.7006743
5.940156 -22.349882 -0.71632826
6.5237207 -22.357187 -0.72141266
7.1159472 -22.364599 -0.72698677
7.7177243 -22.372309 -0.73306561
8.3171091 -22.345087 -0.7385388
8.9327831 -22.334902 -0.74511403
11.658994 -22.559145 -0.78658134
5.2445116 -8.5650997 -0.3110919
13.930732 -8.7875452 -0.51018113
22.989784 5.4746032 -0.73203021
20.861328 5.5030112 -0.6682893
16.239697 5.5684376 -0.53177929
15.087314 5.5837693 -0.49831343
14.070879 5.597291 -0.46906814
13.166592 5.6093225 -0.44330794
11.446406 5.5435743 -0.39394835
10.951094 5.6339598 -0.38147217
8.8013277 5.6625562 -0.32417297
8.3599215 5.6684289 -0.31286499
7.5623631 5.6790357 -0.29294249
7.2000875 5.6838536 -0.28414246
6.4393163 5.6082826 -0.26449859
5.662168 5.7024145 -0.24891739
5.3984766 5.7059202 -0.24330963
4.9045215 5.7124901 -0.2332138
4.6723242 5.7155771 -0.22866821
4.4489059 5.7185483 -0.2244249
3.8241405 5.7268567 -0.21330367
3.6290526 5.7294507 -0.21007538
3.4396582 5.7319674 -0.2070636
3.0762208 5.7368002 -0.20163436
2.2394629 5.7479234 -0.1910788
2.0818651 5.7500181 -0.189422
1.926914 5.7520785 -0.18790314
1.7743359 5.7541065 -0.18651564
1.6238867 5.7561059 -0.18525498
1.3286133 5.7600293 -0.18310256
1.1658398 5.676661 -0.17950439
0.88341796 5.6804147 -0.17806579
0.74395508 5.6840024 -0.17756408
0.61374021 5.7677941 -0.17966659
0.33358398 5.7715173 -0.17907211
-0.084794924 5.7770753 -0.17896469
-0.22441405 5.7789292 -0.17913772
-0.36439452 5.7807899 -0.17941543
-0.50489259 5.7826562 -0.17979935
-0.64605469 5.7845311 -0.18029052
-1.2210938 5.7921691 -0.18335648
-1.3683398 5.7941232 -0.1844101
-1.9774317 5.8022132 -0.18987487
-2.2972167 5.8064585 -0.19342071
-2.4618359 5.8086448 -0.19541655
-2.8019629 5.8131604 -0.19988906
-2.9781542 5.8154993 -0.20238312
-3.5356641 5.8229012 -0.2110115
-3.9359276 5.8282142 -0.21784073
-4.0918455 5.7545872 -0.21871734
-4.523447 5.7522168 -0.22667174
-4.8318748 5.8482065 -0.23498
-5.0770898 5.8514609 -0.23996566
-5.8817868 5.8621411 -0.25722533
-6.1769629 5.8660569 -0.26386353
-6.816494 5.8745456 -0.27873412
-7.5341697 5.8840685 -0.29611191
-7.9281149 5.8892956 -0.30591813
-8.3493061 5.8948851 -0.31658491
-8.8012104 5.9008813 -0.32822296
-9.6720209 5.8286386 -0.34978744
-11.005244 5.9277964 -0.38719559
-11.689365 5.9368734 -0.40610456
-14.219414 5.9704404 -0.47769913
-16.496952 6.0078416 -0.5438298
-17.87788 6.0261631 -0.58438581
-19.482441 6.0474496 -0.63187718
-23.56292 6.0844312 -0.75380874
-26.389561 6.1389489 -0.83924937
-11.775039 -8.339797 -0.44695127
-18.155653 -22.041147 -0.88452625
-16.453066 -22.063091 -0.85251516
-14.865136 -22.082529 -0.82455403
-13.378135 -22.106464 -0.80037826
-12.66538 -22.11677 -0.78945297
-9.983222 -22.145273 -0.75243455
-8.7293158 -22.160421 -0.73776221
-8.119853 -22.167782 -0.73127967
-6.9319043 -22.185898 -0.71997815
-5.777041 -22.201729 -0.71060646
-5.2101364 -22.209497 -0.70661908
-3.5415623 -22.226416 -0.69715703
-2.9942968 -22.232597 -0.69488078
-1.9088086 -22.244864 -0.69157881
-1.369707 -22.256977 -0.69072098
0.78214842 -22.282511 -0.69063526
1.3217969 -22.292093 -0.6917178
1.8631835 -22.298414 -0.69310713
2.4070506 -22.304762 -0.69491059
4.0602927 -22.324057 -0.70284516
5.7617087 -22.347647 -0.71486312
6.3427243 -22.354921 -0.71978199
7.5310254 -22.37026 -0.73114067
8.1290627 -22.347702 -0.73660094
9.3610058 -22.318022 -0.74965489
9.9969435 -22.308741 -0.75723219
12.280147 -22.819181 -0.80268466
22.263428 -8.8177814 -0.74173927
23.731464 5.464736 -0.75432682
17.99328 5.5411692 -0.5831793
16.394209 5.4852843 -0.53548414
12.597168 5.6168981 -0.42723158
10.526484 5.6396079 -0.36990812
8.9441404 5.6606555 -0.32787094
7.6787887 5.6774888 -0.29580703
6.9619823 5.6870213 -0.2784532
6.5355172 5.6070032 -0.26672927
6.2295017 5.611074 -0.25969666
5.9410253 5.6168041 -0.25325057
5.7460155 5.7013001 -0.25073028
5.4785938 5.7048559 -0.24499877
5.2229395 5.7082553 -0.23965988
4.516963 5.7176437 -0.22570373
4.0889063 5.7233362 -0.21787566
3.885576 5.7260399 -0.21434493
3.1310546 5.7360716 -0.20242126
2.9548633 5.7384129 -0.19992934
2.6146972 5.7429357 -0.19545653
2.2886717 5.7472692 -0.1916185
2.1302245 5.7493763 -0.18991897
1.9744726 5.7514453 -0.18835738
1.8211913 5.7534823 -0.18693069
1.6701074 5.7554917 -0.1856311
1.2098633 5.6760764 -0.17976607
1.0676953 5.6779652 -0.17895904
0.78698242 5.6834311 -0.17772354
0.51669919 5.769083 -0.1794136
0.37670898 5.7709436 -0.17913589
-0.041748047 5.7765026 -0.17893234
-0.18129882 5.778358 -0.17907333
-0.32113281 5.7802148 -0.17931946
-0.60239255 5.7839513 -0.18012771
-0.7441504 5.7858338 -0.18069336
-0.88687497 5.7877293 -0.1813678
-1.0307617 5.7896409 -0.18215469
-1.1759667 5.7915697 -0.18305556
-1.3227148 5.7935181 -0.18407257
-1.6216016 5.7974877 -0.18647048
-1.7741406 5.7995138 -0.18785842
-1.9291015 5.8015709 -0.18937881
-2.0866504 5.8036618 -0.19103561
-2.2470801 5.8057933 -0.19283569
-2.4106739 5.8079662 -0.19478393
-2.7484472 5.8124509 -0.19915512
-2.9233105 5.8147717 -0.20159362
-3.1025975 5.817152 -0.20421402
-3.6711814 5.8246994 -0.21326706
-3.8724511 5.827374 -0.21672484
-4.2336035 5.7483702 -0.22113617
-4.7582226 5.84723 -0.23350936
-5.0003028 5.8504419 -0.23838973
-5.252861 5.8537936 -0.24362305
-5.5169435 5.8572984 -0.24923965
-6.0842285 5.8648276 -0.26176178
-6.7131248 5.8731737 -0.27628767
-7.8037791 5.8876462 -0.30280274
-9.1337109 5.9052939 -0.33690077
-9.5035639 5.8240747 -0.34525695
-11.471171 5.9339781 -0.40004912
-13.013857 5.9544468 -0.44330108
-13.918525 5.9664488 -0.46907181
-14.719111 5.8932724 -0.49111465
-17.430185 6.0202231 -0.57120365
-28.681034 6.1693482 -0.90872645
-20.343105 -8.3993378 -0.68173331
-20.29701 -22.017632 -0.92756027
-19.343349 -22.026907 -0.90803283
-17.552294 -22.048384 -0.87295043
-12.183681 -22.123735 -0.78233403
-10.181289 -22.142883 -0.7549122
-9.5441408 -22.150578 -0.74710202
-7.7053418 -22.175297 -0.72717297
-4.8211327 -22.211958 -0.7040422
-3.7112498 -22.224499 -0.69794357
-2.6178515 -22.236853 -0.69355363
-2.0756836 -22.242977 -0.69197953
-0.45963866 -22.267775 -0.68989539
1.1551172 -22.290148 -0.69137067
1.6958789 -22.296459 -0.69263649
2.2389061 -22.302799 -0.69430935
2.784873 -22.309174 -0.69639754
6.1625485 -22.352665 -0.7182132
6.7492967 -22.36001 -0.72348356
7.9506931 -22.374868 -0.73552716
8.5516891 -22.341824 -0.74100989
9.1692381 -22.325583 -0.7475974
10.450263 -22.314932 -0.76325589
11.166269 -22.418449 -0.77578819
5.4105954 -8.6557503 -0.31618744
-18.49703 -22.0375 -1.5403286
-17.616621 -22.048046 -1.5109177
-15.952168 -22.070044 -1.4578929
-13.655869 -22.101788 -1.3909016
-12.23459 -22.122353 -1.353417
-4.1193066 -8.3794851 -0.49988982
-9.5911617 -22.150547 -1.292267
-8.9657717 -22.158094 -1.2797066
-8.3520603 -22.165504 -1.2681234
-6.5723438 -22.191267 -1.2390624
-5.9958887 -22.199165 -1.2310647
-5.4264841 -22.206966 -1.2238724
-4.3049707 -22.218027 -1.211607
-3.2033887 -22.230471 -1.2024441
-1.5760547 -22.254215 -1.1944053
-0.49948242 -22.266993 -1.1924061
0.57601559 -22.279753 -1.1931874
1.1150781 -22.28911 -1.1947798
1.6556543 -22.29542 -1.1969137
2.1984668 -22.301754 -1.1997554
5.5412693 -22.344624 -1.2324966
6.1193261 -22.35186 -1.2406822
7.3006444 -22.367224 -1.2596427
8.5061522 -22.342455 -1.2799001
9.7489548 -22.305351 -1.3032362
10.401328 -22.314262 -1.3180445
11.111757 -22.409487 -1.3391168
12.937558 -23.205553 -1.422388
5.3629589 -8.6137867 -0.54323095
15.919853 -24.245352 -1.5528266
22.225683 -9.0412779 -1.2845821
27.295839 5.3331175 -1.488951
24.715078 5.4512863 -1.3549714
21.966377 5.4040976 -1.2110829
20.276035 5.510498 -1.1248932
15.867207 5.573154 -0.90035355
14.759785 5.5879016 -0.84492654
12.906738 5.612577 -0.7534911
12.122022 5.6230259 -0.71539754
11.247119 5.5508814 -0.67147702
10.757978 5.6363559 -0.65020949
10.168174 5.6442089 -0.62261498
9.1255465 5.6580896 -0.57483977
8.6615229 5.6642675 -0.55406249
8.2296095 5.6700182 -0.53503484
7.8261619 5.6753907 -0.51756179
7.4480176 5.6804223 -0.50147671
5.3193555 5.7068615 -0.41766798
5.070488 5.7101746 -0.4088333
4.6024022 5.7164025 -0.39290085
4.168457 5.7221766 -0.37901273
3.9625585 5.7249155 -0.37275007
3.1996386 5.7350645 -0.35158843
2.8481739 5.7397399 -0.34303847
2.6785839 5.7419958 -0.33920959
2.1904883 5.748486 -0.32934096
2.0337501 5.7505698 -0.32655212
1.8795507 5.7526207 -0.3239978
1.727666 5.7546396 -0.32166809
1.5778418 5.7566319 -0.31955642
1.4299023 5.7585983 -0.31765792
1.2646093 5.6752658 -0.31128541
0.98053712 5.6790428 -0.30853501
0.8401953 5.6809068 -0.30744445
0.7009961 5.6844921 -0.30663314
0.15101562 5.7738595 -0.30921784
0.011611328 5.775713 -0.30921233
-0.26755857 5.7794213 -0.30974212
-0.40768555 5.7812815 -0.31027848
-0.54835933 5.7831507 -0.31099868
-0.68978512 5.785028 -0.31190369
-0.83209962 5.7869186 -0.31299788
-1.4141308 5.7946472 -0.31932968
-1.7154784 5.7986484 -0.32373917
-2.1852832 5.8048849 -0.33206558
-2.6825879 5.8114843 -0.34267396
-2.85583 5.8137827 -0.34677354
-3.2156055 5.8185568 -0.35591018
-3.40291 5.8210425 -0.36098281
-3.9475584 5.7525721 -0.37351164
-5.1547947 5.8523812 -0.41752487
-5.6860547 5.859426 -0.43711716
-6.5872459 5.871377 -0.47241315
-6.9215622 5.8758092 -0.48607481
-7.652832 5.8855052 -0.51685822
-8.0548439 5.8908348 -0.53424954
-8.4850874 5.8965392 -0.55318242
-9.3049612 5.8212829 -0.58761638
-9.9811716 5.9140439 -0.62111843
-10.567871 5.9218202 -0.6485424
-11.913818 5.9396615 -0.71269947
-12.692832 5.9499865 -0.75049001
-14.428818 5.932323 -0.83521354
-15.648173 5.9963412 -0.8971566
-16.901455 6.0129514 -0.96040761
-18.345869 6.0320959 -1.0339093
-21.95874 6.0628247 -1.2195861
-24.349873 6.0945115 -1.3438276
-19.7033 -22.023048 -1.5820466
-17.884726 -22.044836 -1.5197668
-17.027109 -22.055111 -1.4916992
-13.882382 -22.098507 -1.3971604
-13.155684 -22.109022 -1.3773454
-12.448906 -22.119253 -1.3588613
-11.760498 -22.129213 -1.3416389
-10.429023 -22.140434 -1.3102466
-9.1574612 -22.155781 -1.2834772
-8.5402737 -22.163233 -1.2715987
-6.7518258 -22.188808 -1.2416975
-6.172998 -22.196737 -1.2334443
-5.0365429 -22.212309 -1.2193638
-3.372334 -22.228559 -1.2036653
-2.8261132 -22.234734 -1.199955
-2.2829394 -22.24087 -1.1969656
-1.7426074 -22.252237 -1.1949644
0.94843745 -22.28417 -1.194105
1.4885937 -22.293468 -1.1961825
2.0306737 -22.299797 -1.1987997
2.5754297 -22.306154 -1.2021359
3.1235547 -22.312548 -1.2061925
4.2331152 -22.328251 -1.2166781
5.3643847 -22.342407 -1.2301385
5.9400878 -22.349613 -1.2380685
7.7175488 -22.371799 -1.2669789
10.198427 -22.311489 -1.3133601
12.59455 -22.991327 -1.4034661
5.2284179 -8.538806 -0.53603178
19.071611 5.5265369 -1.0630435
17.545986 5.5468554 -0.9851802
15.086719 5.5835471 -0.86123729
13.166122 5.6091232 -0.76617658
12.355596 5.6199169 -0.7266922
10.950751 5.6337876 -0.65930587
9.7886715 5.6492624 -0.60506558
8.8011036 5.6624093 -0.5602774
8.3597069 5.6682858 -0.54073358
6.4391794 5.6081629 -0.45714447
6.1381345 5.6121693 -0.44527069
5.9086227 5.6701293 -0.43841979
4.4488282 5.7184472 -0.38788298
4.2334275 5.7213135 -0.38103452
4.0253711 5.7240806 -0.37463653
3.0761719 5.7367086 -0.34849319
2.9012988 5.7390332 -0.34427825
2.7305176 5.7413058 -0.3403604
2.5634766 5.7435265 -0.33672562
2.2394335 5.7478356 -0.33024994
2.081836 5.7499313 -0.32738784
1.7742969 5.7540197 -0.32236373
1.6238672 5.7560205 -0.32018554
1.4753613 5.7579942 -0.31822219
1.3285937 5.7599449 -0.31646407
0.88340819 5.6803331 -0.30776063
0.7439453 5.6839209 -0.3068924
0.47342771 5.7695775 -0.30992064
-0.084794924 5.7769933 -0.30931321
-0.50487304 5.7825732 -0.31075713
-0.64603513 5.7844467 -0.31160462
-0.78807616 5.786334 -0.31264007
-1.0754101 5.7901502 -0.31528595
-1.2210742 5.7920847 -0.31690398
-1.517373 5.7960191 -0.32075623
-1.6684277 5.7980223 -0.32300186
-1.8216894 5.8000584 -0.32547042
-1.9774023 5.802125 -0.3281697
-2.2971876 5.8063693 -0.33429718
-2.6299415 5.8107848 -0.34146833
-2.9781053 5.8154063 -0.34978715
-3.158828 5.8178024 -0.35441542
-3.3445311 5.8202686 -0.35937926
-3.5356152 5.8228025 -0.36470062
-3.7325585 5.8254161 -0.37039948
-3.9358592 5.828114 -0.37650436
-4.0917673 5.7544847 -0.37801802
-4.8317771 5.8480968 -0.40612563
-5.076992 5.8513489 -0.41474196
-5.88166 5.8620214 -0.4445706
-6.4878025 5.8700585 -0.46840513
-6.8163376 5.8744149 -0.4817456
-7.1643162 5.8790283 -0.49616301
-7.9279199 5.8891525 -0.52872604
-8.3490915 5.8947363 -0.54716408
-10.381348 5.9193492 -0.63978368
-13.281826 5.9577942 -0.77932823
-14.218857 5.9702125 -0.82561415
-17.87705 6.0258813 -1.0099912
-19.481445 6.0471458 -1.092068
-23.561502 6.084065 -1.3027824
-11.755713 -8.3261061 -0.77122879
-19.057959 -22.030781 -1.5595334
-18.156025 -22.041586 -1.5288235
-14.109228 -22.092571 -1.4034009
-13.377744 -22.10581 -1.3833166
-11.971074 -22.126167 -1.346827
-9.9834661 -22.145809 -1.3005209
-8.1200485 -22.168304 -1.2639428
-5.2102342 -22.20993 -1.221331
-3.5415916 -22.22665 -1.2049584
-2.9943261 -22.232832 -1.201022
-2.4502831 -22.238979 -1.197816
-1.9088281 -22.245094 -1.1953117
-1.3696874 -22.256664 -1.1938069
-0.29372069 -22.269434 -1.1923383
1.3217676 -22.291523 -1.1955159
2.4069922 -22.30419 -1.2010293
2.953994 -22.310572 -1.2048619
3.5048339 -22.316996 -1.2094257
4.6213965 -22.333109 -1.2209752
5.7616305 -22.347382 -1.2355347
6.9320993 -22.36203 -1.2534021
7.5308495 -22.369751 -1.2636513
8.1290627 -22.347702 -1.2731216
8.7420607 -22.339174 -1.2842866
12.280117 -22.81912 -1.3873334
13.442187 -23.595419 -1.4538374
21.476522 5.4945102 -1.1868174
17.992441 5.5409093 -1.0079013
16.394268 5.4853039 -0.92552364
15.426611 5.5790219 -0.87824333
14.371025 5.5930786 -0.82559574
13.434414 5.6055503 -0.77933609
12.596728 5.6167064 -0.73839158
11.660801 5.5405383 -0.69117147
11.149023 5.6311483 -0.66869688
9.95541 5.6470408 -0.61275452
9.4298725 5.6540394 -0.58863771
8.9439058 5.6605091 -0.5666678
8.0720119 5.6721168 -0.52817339
5.7458982 5.7011852 -0.43334669
5.4784765 5.7047448 -0.42343992
5.2228317 5.708148 -0.41421264
4.7429395 5.7145324 -0.39758453
4.2990818 5.720438 -0.38309798
3.3117676 5.7335739 -0.35448149
2.9548242 5.7383213 -0.34554702
2.6146483 5.7428465 -0.33781829
2.2886329 5.7471814 -0.33118331
1.6700878 5.7554049 -0.32083449
1.5210059 5.7573876 -0.31880492
1.2098438 5.6759949 -0.31069916
0.92670894 5.6797581 -0.30809599
0.6571582 5.7671347 -0.31075013
0.5166797 5.7690024 -0.31008804
0.37670898 5.7708616 -0.30960891
0.23708984 5.772717 -0.30931199
-0.041757811 5.7764206 -0.30925751
-0.18129882 5.7782736 -0.30950117
-0.46145508 5.7819958 -0.31053284
-1.175957 5.7914853 -0.31638306
-1.4711719 5.7954049 -0.32010651
-1.6215723 5.797401 -0.32228529
-1.774121 5.7994261 -0.32468474
-1.9290723 5.8014832 -0.32731199
-2.086621 5.8035741 -0.33017516
-2.4106348 5.8078747 -0.33665404
-3.4760351 5.8220129 -0.36301848
-3.8724022 5.8272715 -0.37457472
-4.0269628 5.7536254 -0.37598005
-4.2335353 5.7482677 -0.38219848
-5.0002146 5.8503294 -0.41201767
-5.2527637 5.8536801 -0.42106184
-6.0841012 5.8647056 -0.45241272
-6.7129688 5.8730431 -0.47751814
-7.0547071 5.8775754 -0.49159178
-7.8035936 5.8875046 -0.5233438
-8.2159958 5.892971 -0.54130334
-9.5032911 5.8239121 -0.59671223
-10.199804 5.9169407 -0.63129365
-13.013417 5.954237 -0.76615888
-14.718525 5.8930392 -0.84879601
-16.107901 6.0024352 -0.92029506
-22.819824 6.0742345 -1.2642426
-25.080566 6.0316944 -1.3810204
-28.842461 -8.0095797 -1.6025701
-20.341162 -8.3985252 -1.1781727
-20.298018 -22.018728 -1.6032854
-17.552647 -22.048815 -1.5088191
-16.708496 -22.060801 -1.4815823
-15.103915 -22.08041 -1.4322222
-4.1040235 -8.3862953 -0.4998526
-10.181533 -22.143423 -1.3048016
-8.9199123 -22.158649 -1.2788125
-7.7054977 -22.175745 -1.2568506
-7.1131248 -22.183857 -1.2472153
-6.529336 -22.191854 -1.2384409
-5.9534373 -22.199745 -1.2305013
-4.8211718 -22.212196 -1.2168605
-2.0757129 -22.24321 -1.1960093
-1.5360254 -22.25469 -1.1942836
-0.99740231 -22.261084 -1.1929862
-0.45962891 -22.267466 -1.1923823
0.077978514 -22.273842 -1.192479
1.1550781 -22.289576 -1.194919
2.7847948 -22.308598 -1.2036004
3.8882616 -22.321468 -1.2130135
5.0125294 -22.338007 -1.2256449
6.1624804 -22.352396 -1.2413251
7.3451366 -22.367714 -1.2604144
7.9505076 -22.374355 -1.2712315
8.5516987 -22.341824 -1.2807404
9.1692381 -22.325586 -1.2921221
9.7968159 -22.306005 -1.3042967
11.989404 -22.68222 -1.3735412
5.395195 -8.6310921 -0.54492962
-22.93581 -5.7332397 -1.8003715
-22.790497 -6.2850542 -1.8003515
-21.330879 -6.4403758 -1.6968327
-20.555468 -6.7517266 -1.6476388
-20.205116 -7.7355552 -1.6475903
-19.807587 -8.7012606 -1.6475353
-19.591475 -9.1766233 -1.6475053
-20.897186 -11.047813 -1.8000895
-20.623993 -11.548706 -1.8000516
-20.041777 -12.529936 -1.7999706
-11.864111 -8.2393599 -1.0999936
-18.738672 -14.402131 -1.7997894
-16.04664 -17.344542 -1.7994142
-15.622812 -17.726166 -1.7993551
-15.189921 -18.097473 -1.7992947
-13.839384 -19.14703 -1.7991062
-13.372725 -19.474771 -1.7990412
-11.33123 -20.48896 -1.7830071
-10.699834 -20.500586 -1.7610289
-4.1190038 -8.3788757 -0.71100086
-8.8906736 -20.532812 -1.7039191
-6.1363473 -20.719875 -1.6456283
-5.1291013 -20.990088 -1.6454873
-3.5965819 -21.303402 -1.6452727
-2.5641308 -21.450258 -1.6451283
-2.0456054 -21.504951 -1.6450558
-1.0053711 -21.576654 -1.6449101
1.0790918 -21.569267 -1.644618
1.5993066 -21.536028 -1.6445451
2.1184669 -21.490181 -1.6444725
3.1527929 -21.361044 -1.6443274
3.6672752 -21.2778 -1.6442553
4.6893749 -21.0742 -1.6441119
5.1963868 -20.953962 -1.6440408
6.2176757 -20.732719 -1.648326
6.7657032 -20.728218 -1.6604707
7.8946872 -20.736315 -1.6897023
8.4747658 -20.740204 -1.7061955
9.0665522 -20.743984 -1.7240102
9.6710939 -20.747662 -1.7432131
10.289531 -20.75124 -1.7638688
10.923086 -20.754709 -1.7860584
11.481591 -20.594023 -1.7955602
5.1810937 -8.7875204 -0.77684999
5.3472948 -8.5886335 -0.77045667
12.938466 -19.704784 -1.7951456
13.395732 -19.365778 -1.7932028
13.85707 -19.033865 -1.792923
15.184404 -17.965496 -1.7913374
15.586484 -17.563288 -1.7882258
15.967529 -17.140911 -1.7839494
16.339619 -16.712738 -1.7799233
16.746454 -16.321526 -1.7808006
17.144199 -15.920666 -1.7817018
18.63913 -14.224362 -1.7855361
20.275761 -11.911904 -1.790808
20.570126 -11.426184 -1.7919208
19.097363 -10.012754 -1.6420863
19.333036 -9.5487165 -1.6420529
19.557499 -9.0791807 -1.6420212
19.972137 -8.1245356 -1.6419625
20.162022 -7.640018 -1.6419356
20.340282 -7.151073 -1.6419102
22.575546 -6.7319183 -1.7939968
22.731104 -6.1849966 -1.7939748
23.002588 -5.0807705 -1.793936
23.220566 -3.9647758 -1.7939047
23.38456 -2.8395598 -1.7938809
23.446161 -2.2743547 -1.7938719
23.528427 -1.1402719 -1.7938597
23.549063 -0.57207638 -1.7938563
23.549276 0.56498414 -1.7938555
23.446777 2.267287 -1.7938688
23.38538 2.8325298 -1.7938771
21.252422 3.6221373 -1.6417754
21.159061 4.1340599 -1.641788
21.05328 4.6435766 -1.6418024
20.935284 5.1503797 -1.6418186
20.804716 5.6541185 -1.6418095
16.882011 5.4755869 -1.351544
15.866543 5.5729222 -1.2806494
13.779765 5.6007385 -1.1327341
12.906289 5.6123829 -1.0717579
12.121631 5.6228404 -1.0175756
11.246758 5.5507054 -0.95510787
10.757656 5.6361852 -0.92485344
10.167891 5.6440454 -0.88560468
9.6257906 5.6512704 -0.85002655
8.6613083 5.6641235 -0.78809988
8.2294044 5.669878 -0.76103455
7.4478512 5.6802917 -0.71330529
7.0922852 5.6850281 -0.69219422
6.3444333 5.609303 -0.64490068
6.0502343 5.6151171 -0.62859571
5.8515134 5.6996632 -0.62206239
5.5792675 5.7032886 -0.6075806
5.0703907 5.7100644 -0.58152813
4.6023145 5.7162986 -0.55886596
4.1683788 5.7220764 -0.53911251
3.9624901 5.7248168 -0.53020418
3.3821776 5.7325416 -0.50686461
3.19958 5.734972 -0.50010389
3.0216992 5.73734 -0.49380493
2.848125 5.7396483 -0.48794326
2.6785448 5.7419052 -0.48249695
2.5125878 5.7441134 -0.47744673
2.0337207 5.750483 -0.46449324
1.8795215 5.7525339 -0.46085843
1.2645996 5.6751828 -0.4427774
1.1219336 5.6770811 -0.44068494
0.70098633 5.6844091 -0.43616042
0.57037109 5.7682042 -0.44140503
0.29048827 5.7719235 -0.44010192
-0.40767577 5.7811985 -0.44134521
-0.54834962 5.7830677 -0.4423703
-0.83208984 5.7868357 -0.44521317
-1.1201953 5.7906604 -0.44914809
-1.2663183 5.7926002 -0.45153794
-1.4141113 5.7945619 -0.45421949
-1.7154492 5.7985606 -0.460493
-1.8694433 5.8006053 -0.46410385
-2.1852539 5.8047934 -0.47233582
-2.3475878 5.8069482 -0.47698334
-2.5132616 5.8091464 -0.48200744
-2.8557811 5.8136902 -0.49325773
-3.03333 5.8160462 -0.49952468
-3.7945213 5.826139 -0.52947813
-4.1512985 5.7470751 -0.53988975
-5.154707 5.8522692 -0.59389168
-5.6859374 5.8593078 -0.62175894
-5.971035 5.8630857 -0.63727081
-6.2708883 5.8670592 -0.6539669
-6.5870996 5.8712487 -0.67196476
-7.6526561 5.885365 -0.73518133
-9.9808884 5.9138741 -0.88347602
-11.208789 5.9301343 -0.96567905
-11.913437 5.939465 -1.013741
-12.692392 5.94978 -1.0674897
-15.6475 5.9960938 -1.2760928
-18.344961 6.0318079 -1.4705993
-20.711084 6.2600427 -1.6476851
-20.856014 5.7583399 -1.6476725
-21.110067 4.7452793 -1.6477087
-21.218641 4.2344522 -1.6477243
-23.160526 4.0433469 -1.7904185
-23.381367 3.5026543 -1.8004278
-23.459229 2.9373534 -1.8004391
-23.610556 1.2324182 -1.8004614
-23.642597 0.09162353 -1.8004665
-23.541151 -2.1879423 -1.8004539
-23.407909 -3.3213649 -1.800436
-23.105692 -5.0060773 -1.8003949
-22.836796 -6.1151195 -1.8003579
-20.605282 -6.598454 -1.6476457
-20.439754 -7.0937176 -1.6476228
-20.262264 -7.5848556 -1.6475983
-19.871992 -8.5535097 -1.6475443
-20.709579 -11.394824 -1.8000635
-20.428114 -11.891103 -1.8000244
-20.134697 -12.380373 -1.7999836
-11.633496 -8.3703718 -1.0914099
-18.495399 -14.712565 -1.7997556
-18.134375 -15.154228 -1.7997051
-17.380947 -16.010736 -1.7996004
-16.988964 -16.425083 -1.7995458
-16.587099 -16.829826 -1.7994895
-15.324472 -17.98402 -1.7993134
-14.437812 -18.701309 -1.7991897
-13.981757 -19.043579 -1.7991261
-13.045527 -19.694696 -1.7989955
-12.079042 -20.299751 -1.7988604
-11.529286 -20.485273 -1.7901121
-9.0714159 -20.529671 -1.7092184
-8.4894924 -20.539728 -1.6925021
-7.9183397 -20.549423 -1.6770588
-4.777988 -21.072092 -1.6454382
-4.2678223 -21.18041 -1.6453668
-2.2057617 -21.489384 -1.6450781
-0.64515626 -21.589785 -1.6448596
0.91838866 -21.577011 -1.6446406
1.4388379 -21.547617 -1.6445677
2.4767382 -21.451168 -1.6444221
3.5087109 -21.304819 -1.6442776
4.5323048 -21.108801 -1.644134
5.5453515 -20.863716 -1.6439919
7.7178807 -20.735092 -1.6848718
9.4831057 -20.746542 -1.7371325
10.725888 -20.753653 -1.779044
11.327978 -20.679199 -1.7955818
11.82333 -20.39897 -1.7955122
5.2123728 -8.5126104 -0.76013166
13.252578 -19.46718 -1.7933989
14.621445 -18.451284 -1.792809
16.215147 -16.834442 -1.7799718
17.022442 -16.045422 -1.7814212
17.795458 -15.221169 -1.7832791
18.167431 -14.795228 -1.7842422
13.929326 -8.786664 -1.2541578
20.182665 -12.060337 -1.7904682
20.480497 -11.576887 -1.7915753
19.261494 -9.6925268 -1.6420631
19.489443 -9.2246695 -1.642031
19.705996 -8.7514191 -1.6420002
19.911171 -8.2731342 -1.6419711
22.830976 -5.8047624 -1.7939606
23.428614 -2.4489233 -1.7938745
23.480751 -1.8827673 -1.7938669
23.544168 -0.74745846 -1.7938572
23.552763 0.38955444 -1.7938552
23.536533 0.95787656 -1.7938571
23.462969 2.0925713 -1.7938666
23.334921 3.2223949 -1.7938838
20.972998 4.9942908 -1.6418135
17.545185 5.5466037 -1.4012955
16.238319 5.567966 -1.3072712
15.086113 5.5833249 -1.2250066
14.069824 5.5968723 -1.1531194
12.355186 5.6197276 -1.0336398
11.445674 5.5432191 -0.96846843
10.95043 5.6336155 -0.93779325
10.344473 5.6416931 -0.89729977
9.7883883 5.6491027 -0.86064327
9.2756538 5.6559362 -0.82732564
7.5620017 5.6787696 -0.72016686
7.1997657 5.6835961 -0.69853181
6.1380177 5.6120529 -0.63335341
5.9086523 5.670156 -0.62362617
5.398252 5.7057004 -0.59815598
4.904336 5.7122779 -0.57333678
4.6721678 5.7153687 -0.56216252
4.44875 5.7183433 -0.55172902
4.2333593 5.7212119 -0.5419879
2.9012499 5.7389426 -0.48970732
2.7304785 5.7412143 -0.48413467
2.5634472 5.7434373 -0.47896346
2.3998437 5.7456126 -0.47417524
2.2394042 5.7477479 -0.46975386
1.9268554 5.7519054 -0.46194595
1.7742773 5.7539344 -0.45853576
1.4753418 5.7579103 -0.45264387
1.3285644 5.7598605 -0.4501445
1.1658105 5.6764965 -0.44130188
0.88339841 5.6802511 -0.43776429
0.74393553 5.6838388 -0.43652984
0.61373043 5.7676291 -0.44169876
0.33357421 5.7713513 -0.44023588
0.054648437 5.7750583 -0.43980393
-0.084794924 5.7769103 -0.43997329
-0.22440429 5.7787633 -0.44039795
-0.64603513 5.7843652 -0.44323149
-1.0753906 5.7900658 -0.44846755
-1.2210547 5.7919984 -0.45076934
-1.6683984 5.7979355 -0.45944411
-1.8216602 5.7999706 -0.46295425
-1.977373 5.8020358 -0.4667941
-2.1357911 5.8041391 -0.47097382
-2.2971582 5.8062806 -0.47550964
-2.6299024 5.8106933 -0.48571044
-2.9780567 5.815311 -0.49754286
-3.1587889 5.8177085 -0.50412458
-3.3444726 5.8201709 -0.51118696
-3.7324901 5.825316 -0.52686185
-4.0916991 5.7543836 -0.53769606
-5.3328905 5.8546286 -0.60308015
-5.8815331 5.8619003 -0.63236177
-6.1766992 5.8658104 -0.64868134
-7.1641502 5.8788939 -0.70574552
-9.1860838 5.8425779 -0.82905167
-9.671484 5.8283105 -0.85990387
-10.381025 5.9191723 -0.91002434
-11.00457 5.9274302 -0.9518643
-13.281338 5.9575791 -1.1085049
-14.21832 5.9699841 -1.1743379
-15.052979 5.8972411 -1.2311544
-20.665058 6.4145141 -1.6477728
-21.074062 4.9023838 -1.6477036
-21.186405 4.3923631 -1.6477197
-23.35458 3.6767218 -1.8004239
-23.43667 3.112005 -1.8004358
-23.505068 2.5454767 -1.8004457
-23.627842 0.83823484 -1.8004642
-23.641249 0.26771116 -1.8004663
-23.432032 -3.1469316 -1.8004392
-23.349121 -3.7115049 -1.8004282
-23.252548 -4.2739353 -1.800415
-23.018837 -5.3909411 -1.800383
-22.881758 -5.9448743 -1.800364
-19.505762 -9.357173 -1.6474936
-20.794052 -11.240319 -1.8000752
-20.226532 -12.230135 -1.7999963
-19.92499 -12.714445 -1.7999545
-11.736396 -8.3124275 -1.095224
-18.604628 -14.574515 -1.7997708
-18.246933 -15.018863 -1.7997209
-17.878613 -15.454446 -1.7996696
-17.499922 -15.881003 -1.7996168
-16.712139 -16.705931 -1.7995071
-16.303545 -17.103889 -1.79945
-15.885527 -17.491837 -1.7993917
-15.458202 -17.869556 -1.7993323
-14.123369 -18.939125 -1.7991459
-13.661689 -19.273798 -1.7990813
-13.19208 -19.597212 -1.7990159
-11.087714 -20.493465 -1.7744097
-9.8511915 -20.515907 -1.7331246
-8.6679201 -20.536665 -1.6975209
-8.0935154 -20.546469 -1.681692
-7.5294237 -20.555922 -1.6671042
-6.9758592 -20.570522 -1.6541437
-6.4440622 -20.626747 -1.6456714
-5.4413962 -20.9119 -1.6455309
-4.4255466 -21.148296 -1.645389
-3.3995409 -21.335348 -1.6452453
-2.8835156 -21.410286 -1.645173
-1.8467871 -21.522532 -1.6450279
0.23654297 -21.596535 -1.6447362
1.2783105 -21.558039 -1.6445901
1.798164 -21.519936 -1.6445173
2.8342967 -21.406216 -1.6443721
4.375 -21.142277 -1.644156
4.8838086 -21.029644 -1.6440847
5.3896971 -20.90472 -1.6440138
5.8924022 -20.767685 -1.6439433
6.4264255 -20.730703 -1.6528172
7.5420017 -20.733862 -1.6801605
8.6998339 -20.741665 -1.712852
9.2963867 -20.745405 -1.7311932
10.530166 -20.752581 -1.7721776
11.169892 -20.756012 -1.7949761
12.645244 -19.898132 -1.7953967
14.0321 -18.904781 -1.7928952
15.340781 -17.814251 -1.7902949
15.734843 -17.403957 -1.7867293
16.106483 -16.972887 -1.7818748
16.496407 -16.564146 -1.7802563
18.053652 -14.927588 -1.7839427
18.418818 -14.495476 -1.7849212
19.452618 -13.147453 -1.7879854
19.776005 -12.681672 -1.789048
20.088427 -12.208056 -1.7901303
20.389774 -11.726852 -1.7912316
18.946299 -10.296305 -1.6421076
19.188877 -9.8358288 -1.6420733
20.04624 -7.9396167 -1.641952
20.23163 -7.4533696 -1.6419256
20.405409 -6.9628286 -1.641901
22.63661 -6.5230136 -1.7939881
22.787188 -5.9747229 -1.7939668
22.924473 -5.4229627 -1.7939471
23.159061 -4.310308 -1.7939135
23.256151 -3.7500792 -1.7938995
23.339746 -3.1876428 -1.7938875
23.409765 -2.6234145 -1.7938772
23.466133 -2.0576661 -1.793869
23.508858 -1.4906673 -1.7938626
23.537939 -0.92285126 -1.7938582
23.553358 -0.3545166 -1.7938555
23.555029 0.2140924 -1.793855
23.543026 0.78251892 -1.7938563
22.579081 3.5029438 -1.7400324
20.752958 5.8464537 -1.6419144
17.991602 5.5406528 -1.4336091
16.394325 5.4853196 -1.3165002
15.425976 5.578794 -1.2491943
14.370488 5.592865 -1.1743156
13.433945 5.60535 -1.1085173
11.660419 5.5403562 -0.98311025
8.4924221 5.6663733 -0.77746391
6.9616699 5.6867685 -0.68454713
6.229238 5.610836 -0.63843399
5.9407716 5.6165733 -0.6225875
5.745791 5.7010717 -0.61639714
4.977881 5.7112985 -0.57694429
4.7428513 5.7144299 -0.56552917
4.5168066 5.7174377 -0.5548737
3.1309569 5.7358847 -0.49763945
2.7827733 5.74052 -0.48581085
2.4499903 5.744946 -0.47561431
1.974414 5.7512732 -0.46306366
1.6700586 5.7553196 -0.45636046
1.5209863 5.7573023 -0.4534744
1.3737109 5.7592611 -0.4508847
1.0676659 5.6778016 -0.43995619
0.5166797 5.7689185 -0.44107497
0.09766601 5.7744861 -0.4398036
-0.18128906 5.778192 -0.4402394
-0.32113281 5.7800498 -0.44084334
-0.60238278 5.7837853 -0.4428311
-0.88685542 5.7875633 -0.44588119
-1.0307226 5.7894726 -0.44781461
-1.6215429 5.7973156 -0.45842406
-1.7740917 5.7993407 -0.46183655
-1.9290429 5.8013949 -0.4655734
-2.0865917 5.8034863 -0.46964705
-2.4106054 5.8077841 -0.47886106
-2.5776074 5.8100009 -0.4840332
-2.7483592 5.8122654 -0.48960692
-2.9232225 5.8145838 -0.4956027
-3.1024902 5.8169618 -0.50204343
-3.6710546 5.8245006 -0.52430069
-4.7580466 5.8470101 -0.57406425
-5.7934079 5.8607321 -0.6275627
-6.0839744 5.8645811 -0.64351487
-6.712822 5.8729148 -0.67922634
-7.8034081 5.8873606 -0.744407
-9.5030365 5.82375 -0.84877133
-10.199502 5.91677 -0.89795047
-11.470439 5.9335999 -0.98345762
-12.202168 5.9432883 -1.0335937
-13.012949 5.9540257 -1.0897756
-14.717949 5.8928037 -1.2073157
-20.767754 6.0683398 -1.6476599
-21.036894 5.0592017 -1.6476983
-23.326464 3.8506067 -1.8004199
-23.485409 2.720495 -1.8004429
-23.544296 2.1529021 -1.8004515
-23.63249 -0.69740051 -1.8004658
-23.60869 -1.2675472 -1.8004627
-23.519823 -2.4053354 -1.8004512
-23.454872 -2.972266 -1.8004425
-23.17786 -4.6613235 -1.8004048
-23.058407 -5.2193537 -1.8003883
-22.925516 -5.7742829 -1.8003701
-22.779188 -6.325809 -1.80035
-21.203749 -6.4434299 -1.6876354
-20.543329 -6.7884898 -1.6476371
-20.191191 -7.7717071 -1.6475885
-19.997421 -8.2566175 -1.6475616
-19.792002 -8.73668 -1.6475331
-19.346582 -9.6812572 -1.6474714
-20.877344 -11.085179 -1.8000867
-20.603262 -11.585559 -1.8000486
-20.317207 -12.079234 -1.800009
-20.019306 -12.565762 -1.7999676
-11.839277 -8.2535696 -1.0990571
-19.05624 -13.980146 -1.7998337
-18.358505 -14.882697 -1.7997365
-17.993427 -15.32098 -1.7996856
-17.617889 -15.750312 -1.7996333
-17.232109 -16.170458 -1.7995796
-15.591035 -17.754076 -1.7993507
-15.15751 -18.12459 -1.7992903
-14.715117 -18.484522 -1.7992284
-13.805049 -19.171703 -1.7991015
-13.337822 -19.498619 -1.7990363
-11.890683 -20.410181 -1.7988342
-10.653632 -20.501431 -1.7594584
-9.436552 -20.523266 -1.7202029
-8.8473434 -20.533564 -1.7026647
-8.2696877 -20.543482 -1.6864442
-6.5996385 -20.583059 -1.6460645
-5.0915232 -20.999165 -1.6454822
-3.0429199 -21.388441 -1.6451952
-2.0071094 -21.508476 -1.6450503
-1.4873242 -21.549717 -1.6449776
0.075664058 -21.597973 -1.6447586
0.59688473 -21.588911 -1.6446856
1.1176758 -21.56727 -1.6446127
3.191035 -21.355268 -1.644322
3.7053223 -21.27113 -1.64425
4.2174511 -21.174585 -1.6441782
4.7270312 -21.065676 -1.6441067
6.2580075 -20.732338 -1.649183
6.8069239 -20.728525 -1.6614707
7.3671679 -20.732618 -1.6755668
9.1109276 -20.744263 -1.7253854
10.970703 -20.754961 -1.7877702
5.1807127 -8.7510157 -0.77444202
12.972422 -19.679647 -1.7949655
13.430049 -19.341278 -1.7931558
13.891084 -19.008999 -1.7929175
14.345224 -18.667475 -1.792848
14.791122 -18.315153 -1.7927861
15.615419 -17.532614 -1.7879429
15.995068 -17.108959 -1.7836032
16.370127 -16.684061 -1.7799876
17.560966 -15.479485 -1.7826959
18.307177 -14.629797 -1.7846168
19.013231 -13.744775 -1.7866255
20.297968 -11.876166 -1.7908897
-17.662823 -4.4151511 -1.7996321
-17.296612 -5.6813102 -1.7995815
-15.839726 -6.5067973 -1.6926646
-14.53625 -8.1397791 -1.6467966
-13.908525 -9.1696539 -1.6467092
-14.431719 -11.091887 -1.7991837
-14.159492 -11.436725 -1.7991459
-13.590478 -12.106149 -1.7990668
-13.294052 -12.430356 -1.7990254
-12.678135 -13.056773 -1.7989395
-12.358994 -13.358623 -1.7988951
-11.699336 -13.938745 -1.7988031
-11.359219 -14.21667 -1.7987554
-11.012529 -14.486316 -1.7987071
-10.300058 -15.000024 -1.7986077
-9.9347458 -15.243792 -1.7985567
-8.805068 -15.921252 -1.7983989
-7.6294041 -16.515053 -1.7982345
-7.2283688 -16.693851 -1.7981786
-6.8231344 -16.862902 -1.7981219
-6.4139547 -17.022131 -1.7980647
-6.0010643 -17.171412 -1.7980069
-5.5847168 -17.310707 -1.7979487
-5.1651268 -17.439861 -1.7978899
-4.3172364 -17.667662 -1.7977715
-3.4593945 -17.85421 -1.7976513
-2.5936229 -17.999128 -1.7975302
-2.1583495 -18.055872 -1.7974693
-1.2844824 -18.137774 -1.7973469
0.031132812 -18.181305 -1.7971625
0.46994141 -18.17462 -1.7971011
2.2194629 -18.0422 -1.7968559
2.6541991 -17.982788 -1.796795
3.0873144 -17.91287 -1.7967343
3.5186327 -17.832561 -1.7966739
3.9478612 -17.741838 -1.7966136
5.2206054 -17.408001 -1.796435
5.6390328 -17.276352 -1.7963765
6.0541406 -17.134663 -1.7963182
6.4657516 -16.983019 -1.7962605
6.8735156 -16.821476 -1.7962031
7.6767774 -16.469162 -1.7960905
8.46206 -16.078552 -1.7959802
5.1636815 -8.7579899 -1.0049663
5.3306642 -8.5619173 -0.99694341
9.9714642 -15.186132 -1.7957681
10.692021 -14.686425 -1.7956669
11.387656 -14.152581 -1.7955691
11.725605 -13.873237 -1.7955215
12.056728 -13.585856 -1.795475
12.697637 -12.987571 -1.7953848
13.00707 -12.677024 -1.7953411
13.889209 -11.701948 -1.7952169
13.452061 -9.7612677 -1.6428769
13.683447 -9.433569 -1.6428443
14.122216 -8.7619457 -1.6427824
14.528086 -8.0699749 -1.642725
14.71834 -7.7168469 -1.6426982
16.97912 -6.4339142 -1.7947807
17.269394 -5.6069312 -1.7947394
17.399521 -5.1884508 -1.7947209
17.519512 -4.7669516 -1.7947038
17.965361 -2.6229324 -1.7946398
18.070848 -1.7529284 -1.7946246
18.155537 -0.0027270508 -1.7946115
18.108202 1.3108203 -1.7946173
18.071348 1.7474866 -1.7946222
18.023945 2.1831348 -1.7946286
17.897783 3.0503814 -1.7946457
16.31876 3.5993145 -1.651824
16.135468 3.969558 -1.6424918
15.925381 4.74365 -1.6425207
15.678262 5.5067296 -1.6425549
15.541504 5.8837938 -1.6426309
13.779258 5.6005335 -1.4702383
12.90584 5.612185 -1.3910971
12.121221 5.6226549 -1.3207715
11.246406 5.5505295 -1.2396883
10.757334 5.6360154 -1.2004247
10.167587 5.6438828 -1.1494855
8.6610842 5.6639771 -1.0229285
7.4476757 5.6801596 -0.92584908
7.0921288 5.6848998 -0.89845002
6.050117 5.6149974 -0.81589782
5.5791698 5.703176 -0.78862602
4.6022263 5.7161951 -0.72539616
4.3813672 5.7191367 -0.71213967
4.1683106 5.7219763 -0.69975799
3.9624121 5.724719 -0.68819416
3.7631054 5.7273731 -0.67739403
3.0216405 5.737247 -0.64094967
1.8795019 5.7524476 -0.59818792
0.98050779 5.6788778 -0.56963933
0.70097655 5.6843271 -0.56612915
0.57037109 5.7681222 -0.57293671
0.43021482 5.7699852 -0.57192361
0.29048827 5.7718406 -0.57124549
0.011621093 5.7755456 -0.57089078
-0.12785156 5.7773986 -0.57121259
-0.54833984 5.7829833 -0.57418877
-0.68976563 5.784862 -0.5758602
-0.83207029 5.7867517 -0.57787991
-0.97548825 5.7886548 -0.58025277
-1.266289 5.7925134 -0.58608907
-1.5637109 5.7964621 -0.59343952
-1.869414 5.8005176 -0.60239941
-2.1852245 5.8047056 -0.61308354
-2.8557324 5.8135962 -0.6402384
-3.0332713 5.8159494 -0.64837343
-3.4027929 5.8208485 -0.66647017
-4.667871 5.8457079 -0.73944128
-4.9061718 5.8488646 -0.75460333
-5.1545997 5.8521543 -0.77085853
-6.2707615 5.8669333 -0.84883308
-6.5869627 5.8711205 -0.87219322
-6.9212499 5.8755455 -0.89741278
-7.2756348 5.8802357 -0.92468727
-7.6524801 5.8852243 -0.95424557
-8.9467773 5.9023533 -1.059469
-9.3044434 5.8209629 -1.0848724
-10.567217 5.9214649 -1.1973485
-11.208447 5.9299474 -1.2534176
-11.913037 5.93927 -1.3157928
-12.691962 5.9495726 -1.3855555
-13.558594 5.9610376 -1.4640274
-15.410771 6.3360205 -1.6470274
-15.5583 5.9618759 -1.6469302
-15.828213 5.2042723 -1.6469685
-15.949374 4.8207884 -1.6469858
-16.06123 4.4344969 -1.6470017
-16.16371 4.0455933 -1.6470163
-17.854443 3.563087 -1.7996535
-17.935371 3.1311462 -1.7996652
-18.0058 2.697367 -1.7996752
-18.153975 1.3876288 -1.7996969
-18.203272 -0.36889282 -1.799705
-18.164228 -1.2468786 -1.7997001
-18.128819 -1.6849145 -1.7996954
-18.02623 -2.557754 -1.7996817
-17.95916 -2.9920719 -1.7996725
-17.881573 -3.4246244 -1.799662
-17.793604 -3.8551624 -1.79965
-17.695272 -4.2834659 -1.7996365
-17.338495 -5.5523257 -1.7995874
-17.049999 -6.3823938 -1.7995476
-16.160059 -6.4981275 -1.7216753
-15.140068 -6.9545379 -1.6468803
-14.786377 -7.676806 -1.6468312
-14.191513 -8.726037 -1.6467487
-13.976523 -9.0658541 -1.6467187
-11.948066 -8.1664 -1.4305344
-11.615127 -8.3571577 -1.4144162
-14.244404 -11.33102 -1.7991579
-13.966445 -11.671251 -1.7991191
-13.68042 -12.004693 -1.7990793
-13.386387 -12.331064 -1.7990382
-13.08456 -12.65027 -1.7989962
-11.464922 -14.131772 -1.7987703
-11.120214 -14.403981 -1.7987221
-10.048105 -15.169506 -1.7985725
-9.6788082 -15.407168 -1.7985209
-7.3525877 -16.639706 -1.798196
-6.9486327 -16.81179 -1.7981395
-4.8732715 -17.523268 -1.7978492
-4.0217285 -17.736816 -1.7977301
-3.5923436 -17.828112 -1.7976699
-1.8567089 -18.08894 -1.7974271
-1.4195606 -18.127899 -1.7973658
-0.98162109 -18.156242 -1.7973045
0.77312499 -18.163811 -1.7970587
2.0850294 -18.058426 -1.7968748
2.5201659 -18.002239 -1.7968137
2.9538476 -17.935581 -1.796753
3.8156347 -17.770952 -1.7966322
4.6684275 -17.564936 -1.7965126
5.5102344 -17.318058 -1.7963945
6.3391209 -17.030878 -1.7962782
6.748076 -16.872381 -1.7962208
7.1531248 -16.704098 -1.7961639
8.7290335 -15.934775 -1.7959427
9.1107521 -15.718969 -1.7958891
9.8581343 -15.260117 -1.7957841
10.582421 -14.765779 -1.7956823
10.935449 -14.505693 -1.7956326
12.281533 -13.382536 -1.7954434
13.216581 -12.457995 -1.7953117
13.801747 -11.805169 -1.7952293
14.082343 -11.468354 -1.7951897
14.266289 -8.52495 -1.6427621
14.660556 -7.8263168 -1.6427063
14.844941 -7.4700785 -1.6426803
16.561357 -6.8812785 -1.7727206
17.083965 -6.1496124 -1.7947657
17.596514 -4.4739051 -1.7946928
17.6992 -4.047874 -1.7946782
17.873671 -3.1890087 -1.7946532
17.945341 -2.7566979 -1.7946428
18.006561 -2.3227599 -1.7946339
18.057295 -1.8874749 -1.7946266
18.097548 -1.451123 -1.7946206
18.15501 -0.13797851 -1.7946116
18.140516 0.73827088 -1.7946131
18.083847 1.6128241 -1.7946205
17.985067 2.4836175 -1.7946337
17.844473 3.348645 -1.7946528
16.82379 3.5794916 -1.7001975
16.067099 4.2382941 -1.6425012
15.960234 4.6248779 -1.642516
15.844121 5.0087914 -1.642532
15.584287 5.7676401 -1.6425667
14.069286 5.5966625 -1.4966969
10.950088 5.6334434 -1.2172192
8.3592968 5.6680017 -0.99832004
7.1995993 5.6834679 -0.90667456
6.8582907 5.6880174 -0.88073128
6.4389062 5.6079197 -0.84401172
6.1378903 5.6119332 -0.82207966
5.9086719 5.6701803 -0.80947334
5.6618261 5.7020741 -0.79428375
5.3981543 5.7055883 -0.77639294
4.9042478 5.7121701 -0.74417913
4.67208 5.7152648 -0.72967404
4.2332811 5.7211094 -0.70348996
3.8239453 5.7265625 -0.68064785
3.0760741 5.7365222 -0.64341062
2.3998144 5.7455249 -0.6154722
1.9268261 5.7518187 -0.59959799
1.6238085 5.7558494 -0.59115052
1.3285449 5.7597752 -0.58428043
1.165791 5.6764135 -0.57280183
1.0240332 5.6782994 -0.57033116
0.88337886 5.6801696 -0.5682112
0.74392575 5.6837573 -0.56660873
0.61372072 5.7675462 -0.57331693
0.47341797 5.7694092 -0.57219982
0.33357421 5.7712684 -0.57141906
0.19404297 5.7731223 -0.57097268
0.054638669 5.7749743 -0.5708586
-0.084785156 5.7768273 -0.57107729
-0.22440429 5.7786813 -0.5716297
-0.364375 5.7805419 -0.57251745
-0.64602536 5.7842808 -0.57530755
-0.78804684 5.7861667 -0.57721931
-1.075371 5.7899804 -0.58210367
-1.2210449 5.7919126 -0.58509201
-1.517334 5.795846 -0.5922032
-1.6683593 5.7978492 -0.59635031
-2.801826 5.8128819 -0.63784331
-2.9780078 5.815217 -0.64580125
-3.1587305 5.8176122 -0.65434444
-3.9357226 5.8279099 -0.69512504
-4.0916209 5.754281 -0.69792324
-4.5232029 5.7518992 -0.72329468
-4.8316016 5.847877 -0.7498123
-6.1765723 5.8656869 -0.84197187
-7.9275389 5.8888645 -0.97615308
-8.8005171 5.9004173 -1.0473236
-10.380722 5.9189978 -1.1811804
-11.688242 5.936295 -1.2958108
-12.442881 5.9462781 -1.3631626
-13.280859 5.9573631 -1.438789
-14.217783 5.9697571 -1.5242352
-15.512979 6.0774264 -1.646884
-15.655732 5.7014647 -1.646944
-15.788955 5.3220239 -1.646963
-16.027714 4.553988 -1.646997
-17.111601 3.9806151 -1.7365886
-17.827353 3.6959624 -1.7996496
-17.911484 3.2646544 -1.7996616
-17.985186 2.8314183 -1.7996724
-18.195526 0.64551634 -1.7997031
-18.205507 -0.23327941 -1.7997051
-18.194571 -0.67261535 -1.799704
-18.140879 -1.5498242 -1.799697
-18.044813 -2.4234176 -1.799684
-17.90666 -3.2913342 -1.7996653
-17.821903 -3.7225211 -1.7996539
-17.621201 -4.5781422 -1.7996262
-17.505419 -5.0020328 -1.7996104
-17.24334 -5.8408513 -1.7995743
-17.097187 -6.2552423 -1.799554
-16.491543 -6.48914 -1.7517914
-15.456992 -6.5171347 -1.658127
-14.656054 -7.9223995 -1.6468132
-14.460322 -8.2736902 -1.646786
-14.256171 -8.6201105 -1.6467576
-11.71708 -8.2987471 -1.4192663
-13.178525 -12.552541 -1.7990092
-12.556807 -13.17322 -1.7989225
-12.234921 -13.472114 -1.7988777
-11.227295 -14.320868 -1.7987372
-9.4201756 -15.566221 -1.7984848
-9.0414448 -15.788591 -1.798432
-8.6574898 -16.001734 -1.7983782
-8.2685251 -16.205526 -1.798324
-7.8747458 -16.399855 -1.7982688
-7.07375 -16.75972 -1.7981569
-5.8421092 -17.225935 -1.7979847
-5.4244823 -17.361357 -1.7979263
-4.1537595 -17.706543 -1.7977486
-3.7250977 -17.801052 -1.7976886
-3.2942576 -17.88517 -1.7976283
-2.8615429 -17.958883 -1.7975677
-2.4271972 -18.022081 -1.7975068
-1.9914258 -18.074804 -1.7974458
-1.5545508 -18.116972 -1.7973846
-0.67845702 -18.169651 -1.797262
-0.23975585 -18.180128 -1.7972006
0.19911133 -18.179976 -1.797139
1.51375 -18.116072 -1.7969549
2.3860352 -18.020706 -1.7968326
2.8201561 -17.957243 -1.7967718
4.1115723 -17.704374 -1.7965907
4.537529 -17.59943 -1.7965308
5.3811522 -17.358818 -1.7964126
6.6222849 -16.922337 -1.7962385
7.4307127 -16.582039 -1.7961249
8.6101465 -15.99949 -1.7959595
10.827148 -14.586875 -1.7956479
12.181581 -13.473778 -1.7954574
12.502939 -13.175498 -1.7954121
12.816953 -12.869582 -1.795368
13.123506 -12.556223 -1.7953248
13.996582 -11.573025 -1.7952018
13.061308 -10.279153 -1.6429321
13.305303 -9.9607286 -1.6428976
14.202451 -8.6310616 -1.6427711
14.788945 -7.5805106 -1.6426883
15.198271 -6.8855381 -1.6492811
16.221815 -6.8823647 -1.7418187
17.32041 -5.447114 -1.7947322
17.562735 -4.6048875 -1.7946976
17.764208 -3.7519348 -1.7946688
17.849463 -3.3220949 -1.7946566
18.042753 -2.0219629 -1.7946287
18.14164 -0.71127987 -1.794614
18.154785 0.16500977 -1.7946115
18.145508 0.6031152 -1.7946125
18.095341 1.478067 -1.794619
18.054453 1.9143634 -1.7946244
18.003046 2.3495495 -1.7946314
17.868906 3.2156193 -1.7946495
16.098135 4.1184669 -1.6424969
15.880938 4.8906054 -1.6425269
15.758437 5.272512 -1.6425438
15.626797 5.6513586 -1.6425619
14.369941 5.5926499 -1.5242034
12.59586 5.616323 -1.3632208
10.525537 5.6391087 -1.1803235
9.9548531 5.6467185 -1.1312827
8.9434376 5.6602097 -1.0461998
8.0716114 5.6718383 -0.97513252
7.6782422 5.6770859 -0.94389158
7.309072 5.6820068 -0.91510481
6.9615231 5.6866417 -0.8885228
6.5350876 5.606638 -0.85112149
5.4782615 5.7045202 -0.78178078
4.9777832 5.7111902 -0.74886113
4.2989354 5.7202344 -0.70730019
3.885371 5.7257447 -0.6839717
3.6884472 5.7283678 -0.67345262
3.3116601 5.7333851 -0.65446913
3.1309083 5.7357922 -0.64592701
2.7827246 5.740427 -0.63057441
2.6145701 5.7426672 -0.62370384
2.4499512 5.7448583 -0.61733806
2.2885644 5.747004 -0.61145389
1.6700293 5.7552342 -0.59234846
1.520957 5.7572179 -0.5886023
1.2098144 5.6758275 -0.57363683
1.0676465 5.6777182 -0.57105672
0.92667967 5.6795936 -0.5688284
0.78694332 5.6831861 -0.56712097
0.37668943 5.7706971 -0.57162374
0.23708007 5.7725501 -0.57107353
-0.041748047 5.7762561 -0.57097405
-0.18129882 5.7781091 -0.57142293
-0.32112303 5.7799659 -0.57220763
-0.74412107 5.7855821 -0.57659245
-0.88683593 5.787478 -0.5787462
-1.0307128 5.7893872 -0.58125645
-1.175918 5.7913146 -0.5841307
-1.4711328 5.7952318 -0.59100473
-1.6215234 5.7972288 -0.59502679
-2.0865526 5.8033972 -0.60959393
-2.4105566 5.8076925 -0.62155384
-2.5775585 5.8099084 -0.62826681
-3.2865429 5.8193078 -0.66061169
-3.4759178 5.8218164 -0.67022979
-4.0268259 5.7534227 -0.69416022
-4.2333689 5.7480602 -0.70563775
-4.4535446 5.7509766 -0.71898293
-4.7579489 5.8469005 -0.74512196
-5.0000196 5.8501072 -0.76069283
-5.2525587 5.8534522 -0.77738869
-5.5166111 5.8569493 -0.79530931
-5.7932811 5.8606114 -0.81456161
-6.0838475 5.864459 -0.83526677
-6.3897848 5.8685093 -0.85756671
-6.712666 5.8727841 -0.88161671
-7.0543847 5.8773069 -0.90759641
-9.1329689 5.9048166 -1.075011
-9.5027733 5.823585 -1.10167
-10.199219 5.9165955 -1.165508
-12.201757 5.9430895 -1.3415604
-13.01248 5.9538136 -1.4144818
-15.612763 5.8179064 -1.646938
-15.875673 5.0578184 -1.6469754
-16.101572 4.2859325 -1.6470075
-17.88665 3.3979912 -1.7996582
-18.02998 2.5308983 -1.7996788
-18.166054 1.2198254 -1.7996987
-18.206738 -0.097677611 -1.7997053
-18.18078 -0.97612178 -1.7997023
-18.151915 -1.414656 -1.7996985
-17.84915 -3.5896597 -1.7996576
-17.654882 -4.4467626 -1.7996309
-17.542246 -4.8715057 -1.7996154
-16.834814 -6.4798155 -1.7830787
-15.242119 -6.7282591 -1.6468945
-15.075107 -7.0940695 -1.6468713
-14.714736 -7.8130383 -1.6468213
-13.89209 -9.1945076 -1.6467069
-14.138965 -11.462046 -1.7991431
-13.8579 -11.799692 -1.799104
-13.568789 -12.130424 -1.7990637
-12.654726 -13.079424 -1.7989362
-12.008183 -13.674164 -1.7988461
-11.674365 -13.959619 -1.7987995
-11.33375 -14.236989 -1.798752
-10.986533 -14.505955 -1.7987036
-10.632958 -14.766484 -1.7986541
-10.273164 -15.018394 -1.7986039
-9.9074411 -15.261531 -1.7985529
-8.7765331 -15.936922 -1.7983949
-6.7929492 -16.875059 -1.7981176
-6.3834567 -17.033543 -1.7980604
-5.9703221 -17.182106 -1.7980026
-5.5537305 -17.320601 -1.7979443
-5.1338868 -17.449064 -1.7978857
-4.711113 -17.567299 -1.7978265
-3.8576269 -17.773006 -1.7977071
-3.4274414 -17.860323 -1.7976469
-2.561367 -18.003704 -1.7975256
-2.1260352 -18.059668 -1.7974647
-1.2519825 -18.139977 -1.7973423
-0.81379879 -18.164293 -1.797281
-0.37517577 -18.178011 -1.7972195
0.063691407 -18.181175 -1.797158
0.50243163 -18.17371 -1.7970965
1.3787891 -18.127043 -1.7969738
2.2517285 -18.038176 -1.7968515
3.5505273 -17.826193 -1.7966695
5.2517285 -17.398573 -1.7964308
5.6699314 -17.266188 -1.7963721
6.0848145 -17.123779 -1.7963139
6.9036036 -16.809107 -1.796199
7.3070507 -16.637077 -1.7961423
7.7062106 -16.455381 -1.7960862
8.1009083 -16.264072 -1.7960309
8.4907904 -16.06332 -1.795976
8.8757515 -15.853263 -1.795922
9.9985638 -15.168227 -1.7957643
10.361474 -14.92207 -1.7957133
10.71829 -14.667237 -1.7956631
11.412959 -14.132148 -1.7955655
12.080986 -13.564235 -1.7954717
12.40456 -13.268373 -1.795426
12.72086 -12.964797 -1.7953814
13.029726 -12.653713 -1.7953382
13.331025 -12.335237 -1.7952957
13.624531 -12.009624 -1.7952543
13.23083 -10.059607 -1.6429081
13.469472 -9.7371731 -1.6428744
13.700293 -9.4090786 -1.6428419
13.923115 -9.0754738 -1.6428105
-14.349199 -3.5868523 -1.7991673
-14.25834 -3.9320998 -1.7991548
-14.051747 -4.6154943 -1.7991263
-13.936152 -4.9532442 -1.7991104
-13.54085 -5.948349 -1.7990556
-13.393223 -6.2733555 -1.7990352
-12.382509 -6.5463276 -1.703771
-11.809483 -6.6128902 -1.6464136
-11.116338 -7.7200761 -1.6463171
-10.926611 -7.9859881 -1.6462907
-10.730517 -8.2472544 -1.6462634
-10.105176 -9.0015011 -1.6461765
-9.8847942 -9.2425938 -1.6461456
-9.189599 -9.9329433 -1.6460487
-9.7760839 -11.09227 -1.7985317
-9.505332 -11.324758 -1.7984939
-9.229023 -11.550618 -1.7984554
-7.4644141 -12.759875 -1.7982091
-7.1541014 -12.936008 -1.7981656
-4.1183982 -8.3776503 -1.1355683
-5.5439649 -13.701509 -1.7979406
-5.211504 -13.830969 -1.7978941
-4.8760643 -13.952351 -1.7978473
-4.5377831 -14.065586 -1.7977998
-4.1968164 -14.170634 -1.7977521
-3.5079882 -14.355903 -1.7976557
-2.4599609 -14.570898 -1.7975091
-1.0437597 -14.738544 -1.7973109
-0.33128905 -14.770918 -1.7972112
0.0253125 -14.774206 -1.7971611
1.449248 -14.701318 -1.7969617
2.1568944 -14.613435 -1.7968625
2.8594043 -14.491566 -1.7967639
3.5551953 -14.335911 -1.7966664
3.900039 -14.245541 -1.796618
4.2426171 -14.146873 -1.7965699
4.9200778 -13.924944 -1.7964749
5.9141793 -13.531431 -1.7963355
6.2388673 -13.384406 -1.7962898
6.8771482 -13.067106 -1.7962003
7.1903515 -12.897004 -1.7961562
5.1463084 -8.7285223 -1.2325592
5.3140626 -8.5352488 -1.2230282
8.104023 -12.342109 -1.7960278
8.3993359 -12.142643 -1.7959863
9.2552052 -11.502373 -1.795866
9.5299215 -11.275393 -1.7958273
9.209199 -9.8859224 -1.6434714
9.444931 -9.6605892 -1.6434382
9.6751366 -9.4296322 -1.6434057
9.8997164 -9.1931973 -1.6433741
10.538321 -8.4524012 -1.6432843
11.121689 -7.6674404 -1.6432021
11.303301 -7.396668 -1.6431764
11.649521 -6.8440213 -1.643519
13.038496 -6.8360987 -1.7907968
13.532588 -5.8895135 -1.7952631
13.800722 -5.2295189 -1.795225
14.036728 -4.5573635 -1.7951916
14.142539 -4.2172379 -1.7951765
14.240068 -3.8746345 -1.7951627
14.410283 -3.182915 -1.7951384
14.482822 -2.8341668 -1.795128
14.602597 -2.1319687 -1.7951107
14.649716 -1.7788986 -1.7951039
14.68832 -1.4248147 -1.7950982
14.718428 -1.0698858 -1.7950938
14.752831 -0.35839048 -1.7950884
14.757187 -0.0022167969 -1.7950876
14.71873 1.0654602 -1.7950922
14.650234 1.7744939 -1.7951014
14.603183 2.1275737 -1.7951077
14.547636 2.4794023 -1.7951154
13.338027 3.6248834 -1.6813056
12.944355 3.8556933 -1.642939
12.847627 4.167016 -1.6429522
12.253115 5.6837716 -1.6430346
11.246055 5.550355 -1.5255253
9.6252537 5.6509557 -1.3577006
8.6608591 5.6638317 -1.2587941
8.2290039 5.6695957 -1.2155666
7.0919724 5.6847715 -1.1056175
6.7567086 5.6892457 -1.0744489
6.3441501 5.6090622 -1.0300759
6.0499902 5.6148815 -1.0040367
4.8315134 5.7130322 -0.91013616
4.6021485 5.7160897 -0.89266264
4.1682324 5.7218747 -0.86111319
3.9623437 5.724618 -0.84688431
3.7630467 5.7272739 -0.83359426
3.5697656 5.7298498 -0.82118553
3.3820703 5.7323508 -0.80960613
3.1994824 5.7347851 -0.79880714
2.848037 5.7394662 -0.77938467
2.678457 5.7417245 -0.77068561
2.5125194 5.7439332 -0.76261789
2.0336621 5.7503076 -0.74192792
1.4298437 5.7583447 -0.72172093
0.98049802 5.6787939 -0.70099449
0.84016597 5.6806602 -0.69851774
0.70096678 5.6842456 -0.69667351
0.57035154 5.7680392 -0.70505089
0.43021482 5.7699008 -0.70380425
0.29048827 5.7717576 -0.70297056
0.15100585 5.773612 -0.70254624
-0.26754883 5.779171 -0.70373595
-0.407666 5.7810326 -0.70495522
-0.54833984 5.7828989 -0.70659226
-0.68974608 5.7847776 -0.70865017
-1.1201562 5.7904906 -0.71741813
-1.4140625 5.7943883 -0.72551984
-1.7153906 5.7983861 -0.73553878
-1.8693848 5.8004293 -0.74130714
-2.0258985 5.8025036 -0.74760532
-2.3475194 5.8067675 -0.76187789
-2.8556933 5.8135033 -0.787871
-3.0332227 5.8158545 -0.79788136
-3.2154393 5.8182688 -0.80862784
-3.4027343 5.8207493 -0.82015073
-3.9473534 5.7522678 -0.84861487
-5.4140134 5.8554749 -0.97007024
-5.6857028 5.8590698 -0.99311674
-6.2706246 5.8668089 -1.0445595
-6.5868163 5.8709912 -1.0733051
-7.2754588 5.8800988 -1.1379019
-7.6522851 5.8850827 -1.1742767
-8.0542479 5.890398 -1.2137824
-8.4844236 5.8960838 -1.2567936
-9.3041792 5.8207994 -1.335007
-12.112988 6.038939 -1.6464092
-12.255654 5.7450304 -1.6464677
-12.75293 4.5370383 -1.6465383
-13.061201 3.9478233 -1.6597784
-14.430644 3.2438323 -1.7991742
-14.504833 2.8946295 -1.7991847
-14.570546 2.54372 -1.7991941
-14.627764 2.1913171 -1.7992024
-14.716572 1.4828924 -1.7992153
-14.748105 1.1272955 -1.79922
-14.771045 0.77101684 -1.7992234
-14.756426 -1.0129479 -1.7992225
-14.727627 -1.3688067 -1.7992189
-14.644336 -2.0778954 -1.7992076
-14.589853 -2.4307311 -1.7992003
-14.526895 -2.782145 -1.7991916
-14.45542 -3.131911 -1.7991818
-13.851445 -5.1850729 -1.7990986
-13.722138 -5.5178204 -1.7990807
-13.584844 -5.8473306 -1.7990617
-13.286523 -6.495935 -1.7990203
-12.596738 -6.5399756 -1.7264935
-11.354843 -7.3653092 -1.6463504
-11.173613 -7.6370831 -1.646325
-10.985859 -7.9044147 -1.6462991
-10.791709 -8.1671238 -1.6462719
-10.591269 -8.4250584 -1.6462442
-10.384658 -8.6780767 -1.6462153
-10.171982 -8.9260225 -1.6461858
-9.9534178 -9.1687584 -1.6461552
-9.7290525 -9.4061432 -1.6461239
-9.5894823 -11.253703 -1.7985057
-8.7495995 -11.917223 -1.7983885
-8.1639452 -12.325006 -1.7983067
-7.8639355 -12.518167 -1.7982647
-7.5593262 -12.704011 -1.7982222
-6.937119 -13.053356 -1.7981353
-6.6198926 -13.216662 -1.7980909
-6.2988181 -13.372262 -1.7980461
-5.3144531 -13.791872 -1.7979084
-4.6424708 -14.031518 -1.7978145
-3.9597654 -14.23846 -1.7977191
-3.6148534 -14.32949 -1.7976707
-3.2678807 -14.412172 -1.7976222
-2.9190037 -14.48645 -1.7975733
-2.5684276 -14.552285 -1.7975243
-1.8631152 -14.658467 -1.7974256
-0.79764646 -14.753623 -1.7972764
-0.44129881 -14.768156 -1.7972265
-0.08475586 -14.774101 -1.7971765
1.3397363 -14.711831 -1.7969769
1.6943457 -14.674811 -1.7969273
2.0479589 -14.62924 -1.7968777
2.7513769 -14.512566 -1.7967792
3.1007714 -14.441547 -1.7967302
3.4483397 -14.362109 -1.7966813
3.7938378 -14.274307 -1.796633
4.1371579 -14.17821 -1.7965847
4.4780173 -14.073853 -1.7965369
4.8162303 -13.961317 -1.7964895
5.1516795 -13.840643 -1.7964424
5.4840722 -13.711931 -1.7963957
6.7796578 -13.118064 -1.7962137
7.0941305 -12.950297 -1.7961698
7.4044333 -12.775 -1.796126
8.6006641 -12.0006 -1.795958
8.8926458 -10.172117 -1.6435159
9.1353712 -9.95432 -1.6434817
9.6046972 -9.5015078 -1.6434157
9.8310251 -9.2667456 -1.6433837
10.051631 -9.026598 -1.6433527
10.266348 -8.7812042 -1.6433226
10.677763 -8.2752619 -1.6432645
10.874189 -8.0150204 -1.643237
11.425049 -7.2069473 -1.6431592
11.595517 -6.9289875 -1.6431351
12.808184 -6.8374567 -1.7661097
13.340049 -6.3140507 -1.7952904
13.761436 -5.3321967 -1.7952306
13.885996 -4.998456 -1.795213
14.00246 -4.6618171 -1.7951965
14.386191 -3.2901735 -1.7951417
14.528037 -2.5920815 -1.7951214
14.734179 -0.82412106 -1.7950914
14.749756 -0.46826172 -1.7950889
14.755185 0.24404602 -1.7950877
14.72622 0.95578671 -1.7950912
14.698906 1.3109344 -1.7950948
14.504287 2.721837 -1.7951211
14.356191 3.4186316 -1.7951415
13.696103 3.6128576 -1.7230057
12.972666 3.7591619 -1.642935
12.776396 4.3808579 -1.6429621
12.426318 5.2938876 -1.6430105
12.295068 5.5923219 -1.6430287
12.156962 5.8876367 -1.6430866
10.343867 5.6413598 -1.4332062
9.2751465 5.6556311 -1.3214468
8.8004103 5.6619678 -1.2729126
8.3590822 5.6678586 -1.2285116
7.5616503 5.6785035 -1.1502925
7.1994333 5.6833363 -1.115739
6.4387598 5.6078 -1.0386258
6.137754 5.611815 -1.0116378
5.6617088 5.7019591 -0.97743398
5.1458693 5.7088389 -0.93490589
4.6719923 5.7151585 -0.89792782
3.8238769 5.7264647 -0.83759868
3.4394238 5.7315879 -0.8130936
3.2553124 5.7340403 -0.80206037
2.9011621 5.7387586 -0.78220105
2.2393262 5.7475705 -0.75033057
2.0817382 5.7496691 -0.74382579
1.926787 5.7517309 -0.73786026
1.6237891 5.755764 -0.7274645
1.0240136 5.6782165 -0.70184529
0.88336915 5.6800852 -0.69923645
0.61371094 5.7674632 -0.70552063
0.33356446 5.7711854 -0.70318401
0.19404297 5.7730384 -0.70263398
-0.084785156 5.7767429 -0.70276356
-0.50485349 5.7823229 -0.70604277
-0.64600587 5.7841978 -0.70796925
-0.78803712 5.7860813 -0.71032178
-0.93109375 5.787981 -0.71310675
-1.0753613 5.7898951 -0.71633232
-1.2210253 5.7918272 -0.72000855
-1.5173047 5.7957592 -0.72876066
-1.6683496 5.7977624 -0.73386335
-1.9773144 5.8018589 -0.74560344
-2.1357226 5.8039598 -0.75228077
-2.29708 5.8060975 -0.75952458
-2.4616797 5.80828 -0.76736128
-2.6298144 5.8105102 -0.77581722
-2.8017871 5.812788 -0.78492421
-2.9779589 5.8151221 -0.79471594
-3.3443651 5.8199768 -0.81650913
-3.7323632 5.8251147 -0.84154594
-3.9356542 5.8278074 -0.85541189
-4.0915527 5.7541785 -0.85885358
-4.3003712 5.7488427 -0.87329745
-4.8315039 5.8477674 -0.92270809
-5.6004882 5.8579416 -0.98582715
-5.8812985 5.8616562 -1.0100526
-6.1764355 5.8655615 -1.0361186
-6.4873729 5.8696752 -1.0641999
-7.9273434 5.8887181 -1.2012352
-9.1860151 5.8425326 -1.324262
-9.6709175 5.8279772 -1.3734863
-10.38041 5.9188194 -1.453526
-12.068027 6.1291676 -1.6464579
-12.349921 5.539752 -1.6464812
-12.603115 4.9374523 -1.646517
-13.86164 3.9385338 -1.7528943
-14.551152 2.6521826 -1.7991914
-14.611006 2.3002148 -1.7991999
-14.764893 0.88102782 -1.7992225
-14.781865 0.52440917 -1.7992251
-14.790234 0.16748534 -1.7992265
-14.78995 -0.18951416 -1.7992268
-14.737441 -1.2590606 -1.7992201
-14.607607 -2.3219845 -1.7992027
-14.547236 -2.6738522 -1.7991945
-14.315391 -3.7192583 -1.7991625
-14.119023 -4.4056621 -1.7991356
-13.889755 -5.0817676 -1.799104
-13.762929 -5.4154663 -1.7990865
-13.334619 -6.3967957 -1.7990271
-11.747822 -6.7216954 -1.646405
-11.409452 -7.2805567 -1.646358
-11.044501 -7.8223987 -1.6463072
-10.653769 -8.3459778 -1.6462528
-10.449081 -8.6005297 -1.6462244
-10.021494 -9.0944185 -1.6461647
-9.7989063 -9.333456 -1.6461337
-9.0972557 -10.01734 -1.6460359
-9.1218357 -11.635303 -1.7984403
-8.5493841 -12.061383 -1.7983603
-7.6538086 -12.647434 -1.7982354
-7.3461423 -12.828179 -1.7981924
-5.7475586 -13.617604 -1.797969
-5.4170799 -13.752011 -1.7979227
-5.0834765 -13.878388 -1.7978762
-4.407588 -14.106786 -1.7977816
-4.065742 -14.208672 -1.7977339
-3.3751562 -14.387547 -1.7976373
-3.0268457 -14.464418 -1.7975885
-2.3251953 -14.592834 -1.7974904
-0.90751952 -14.747401 -1.7972919
-0.19480468 -14.77319 -1.7971921
0.16179687 -14.773169 -1.797142
0.51831055 -14.76457 -1.7970921
0.87446284 -14.747341 -1.7970423
1.9389648 -14.644204 -1.796893
2.2917676 -14.592744 -1.7968435
2.993125 -14.464373 -1.7967453
3.341289 -14.387509 -1.7966964
4.0314746 -14.208767 -1.7965995
4.7121482 -13.996931 -1.796504
5.7120118 -13.618261 -1.7963638
6.038877 -13.476091 -1.7963178
7.3091307 -12.829892 -1.7961395
5.4837694 -8.6291027 -1.2436836
8.2176266 -12.266589 -1.7960119
8.7995701 -11.855233 -1.7959301
9.3609962 -11.416266 -1.7958511
8.81668 -10.238144 -1.6435266
9.0609865 -10.022161 -1.6434922
9.5337009 -9.5728464 -1.6434257
10.200712 -8.8574886 -1.6433319
10.615889 -8.3546267 -1.6432732
10.814258 -8.095849 -1.6432453
11.006299 -7.8323679 -1.6432182
11.371103 -7.2918878 -1.6431668
12.584072 -6.8387623 -1.7421834
13.134199 -6.7323208 -1.7953194
13.292675 -6.413259 -1.795297
13.721386 -5.4345593 -1.7952363
13.967373 -4.7660294 -1.7952014
14.18084 -4.0863776 -1.795171
14.508349 -2.7002563 -1.7951243
14.569219 -2.3493013 -1.7951155
14.621611 -1.9969577 -1.7951078
14.70085 -1.2890674 -1.7950964
14.745869 -0.57814211 -1.7950895
14.756581 0.13412292 -1.7950876
14.732959 0.84604245 -1.7950904
14.708261 1.2014019 -1.7950937
14.633251 1.9097601 -1.7951037
14.582939 2.2624085 -1.7951105
14.38126 3.3115916 -1.795138
14.072363 3.6002049 -1.7669166
13.000293 3.6623924 -1.6429312
12.701591 4.5934691 -1.6429724
12.200147 5.7967467 -1.643042
11.147978 5.6306238 -1.5192108
10.525225 5.6389389 -1.4524735
8.9431934 5.6600623 -1.2874287
8.491992 5.6660852 -1.2418061
8.0714159 5.671699 -1.1999775
7.6780467 5.6769495 -1.1615332
6.9613671 5.6865134 -1.0933998
6.2289743 5.610599 -1.0197483
5.7455564 5.700841 -0.98455173
5.4781542 5.7044077 -0.9620474
5.2225389 5.7078171 -0.9410823
4.977695 5.7110825 -0.92153984
4.7426758 5.7142162 -0.90330654
4.5166407 5.7172289 -0.88628614
4.2988572 5.7201328 -0.87039429
4.088623 5.7229357 -0.85555238
3.6883788 5.7282701 -0.8287434
3.3115916 5.7332907 -0.80538201
3.1308496 5.7356992 -0.79487091
2.6145313 5.7425756 -0.76752418
2.1300879 5.7490244 -0.74577558
1.8210741 5.7531371 -0.73403984
1.5209374 5.7571325 -0.72432911
1.0676367 5.6776352 -0.70273656
0.9266699 5.6795106 -0.69999534
0.37668943 5.7706137 -0.70343614
0.09765625 5.7743201 -0.70249337
-0.041748047 5.7761717 -0.70263654
-0.18128906 5.7780261 -0.70318931
-0.46143553 5.7817454 -0.70553267
-0.602373 5.783618 -0.70732939
-0.74410152 5.7854981 -0.70954925
-0.88681638 5.7873936 -0.712201
-1.4711034 5.7951465 -0.72728509
-1.6214941 5.7971411 -0.73223448
-2.2469432 5.8054333 -0.75722653
-3.2865038 5.8192101 -0.81294358
-3.4758594 5.8217187 -0.82477772
-3.6709278 5.8243017 -0.8374542
-3.8721972 5.8269677 -0.85103011
-4.7578611 5.8467917 -0.91693729
-4.9999218 5.8499951 -0.93609655
-5.5165038 5.8568311 -0.97869712
-5.7931638 5.8604918 -1.0023878
-6.3896384 5.8683825 -1.0553074
-6.7125192 5.8726525 -1.0849019
-7.0542188 5.8771729 -1.1168716
-8.2153711 5.8925281 -1.2298089
-8.6573439 5.8983712 -1.2742797
-9.1327343 5.9046555 -1.3228855
-9.5025091 5.8234215 -1.3556875
-12.565976 5.031178 -1.6465117
-12.683847 4.7264781 -1.6465285
-12.794374 4.4190378 -1.6465441
-13.491025 3.94208 -1.7096984
-14.292919 3.8045025 -1.7991545
-14.380693 3.4584379 -1.799167
-14.593437 2.4090095 -1.7991976
-14.647402 2.0560827 -1.7992053
-14.692832 1.7019812 -1.7992119
-14.7579 0.99097288 -1.7992215
-14.777529 0.63451171 -1.7992245
-14.790977 -0.079353027 -1.7992268
-14.769873 -0.79298705 -1.7992244
-14.624512 -2.2131143 -1.7992049
-14.500546 -2.9162226 -1.799188
-14.251269 -3.9576013 -1.7991538
-14.151484 -4.3003893 -1.79914
-13.670517 -5.6443357 -1.7990736
-13.382002 -6.2973003 -1.7990336
-13.042675 -6.5267038 -1.7740911
-11.797617 -6.6339974 -1.6464119
-11.463418 -7.1953964 -1.6463655
-11.28626 -7.4698462 -1.6463407
-11.1025 -7.7399535 -1.6463152
-10.912285 -8.0055275 -1.6462888
-10.715722 -8.2664185 -1.6462615
-9.6416798 -9.4955635 -1.6461117
-9.1717482 -9.9493761 -1.6460463
-8.9262791 -11.785718 -1.798413
-8.0496674 -12.399803 -1.7982907
-7.7478614 -12.590164 -1.7982485
-7.4415426 -12.773193 -1.7982059
-6.8161817 -13.116774 -1.7981184
-6.1749411 -13.429749 -1.7980288
-5.8488865 -13.574535 -1.7979832
-4.8510838 -13.961027 -1.7978437
-3.8279979 -14.274281 -1.7977006
-3.4822948 -14.362114 -1.7976522
-2.4338672 -14.575233 -1.7975055
-2.0812988 -14.629329 -1.7974561
-1.727578 -14.674897 -1.7974066
-1.0173535 -14.740362 -1.7973071
-0.66127926 -14.760204 -1.7972573
-0.30484375 -14.771445 -1.7972075
0.051767576 -14.774106 -1.7971574
0.76458007 -14.753581 -1.7970576
1.1204296 -14.730421 -1.7970077
1.4755762 -14.698685 -1.796958
2.8853221 -14.486384 -1.7967603
3.2340233 -14.412131 -1.7967114
3.9255857 -14.238513 -1.7966143
4.2678905 -14.139249 -1.7965665
4.9449706 -13.916086 -1.7964714
5.9383593 -13.520815 -1.796332
6.9004979 -13.054755 -1.7961968
5.3467088 -8.5535297 -1.2270156
8.1260548 -12.327563 -1.7960248
8.7110939 -11.920524 -1.7959425
9.2757912 -11.485759 -1.7958632
9.5500584 -11.258298 -1.7958245
8.9861517 -10.08944 -1.6435027
9.2268848 -9.8694077 -1.6434689
9.6919823 -9.4122925 -1.6434034
9.9161425 -9.1754379 -1.6433718
10.134521 -8.9332819 -1.6433411
10.553408 -8.4335337 -1.6432822
10.75372 -8.1762228 -1.6432539
10.947734 -7.9141674 -1.6432266
11.696914 -6.8437619 -1.6484778
-11.912158 -3.596612 -1.798826
-11.724561 -4.1671882 -1.7988
-10.856123 -6.0790415 -1.7986796
-10.706094 -6.3392172 -1.7986587
-9.9676857 -6.5715384 -1.7259278
-9.4844532 -6.5867605 -1.6693026
-9.0278807 -6.9386444 -1.6460241
-8.6822653 -7.3659949 -1.6459759
-8.5018263 -7.5732737 -1.6459508
-8.3164454 -7.7761459 -1.6459249
-8.1262207 -7.9744711 -1.6458983
-7.9312596 -8.1681356 -1.6458713
-7.7316794 -8.3570318 -1.6458435
-7.5276074 -8.5410633 -1.6458149
-7.3191113 -8.7200947 -1.6457859
-6.8895507 -9.0628052 -1.645726
-6.4439745 -9.3843527 -1.6456637
-5.9833789 -9.6840029 -1.6455995
-5.7477732 -9.8254023 -1.6455665
-5.2668357 -10.090902 -1.6454992
-5.2157321 -11.290303 -1.797893
-4.664629 -11.528346 -1.7978159
-4.1027246 -11.739485 -1.7977374
-3.5312891 -11.923262 -1.7976575
-3.2424023 -12.00475 -1.797617
-2.9516699 -12.079238 -1.7975764
-2.6591895 -12.146682 -1.7975354
-2.3651953 -12.20705 -1.7974943
-0.5786621 -12.418874 -1.7972442
0.32133788 -12.427316 -1.7971181
0.62116212 -12.415667 -1.7970761
0.92059571 -12.396772 -1.7970341
1.2195117 -12.370634 -1.7969923
1.517666 -12.337325 -1.7969505
2.1111619 -12.249139 -1.7968671
2.4061229 -12.194345 -1.7968259
2.6996875 -12.132453 -1.7967848
3.5701365 -11.904521 -1.7966627
3.8563182 -11.814619 -1.7966224
4.140244 -11.717847 -1.7965826
4.4217577 -11.614256 -1.7965431
5.0520606 -10.188873 -1.6440539
5.5377049 -9.932785 -1.6439857
5.1289649 -8.6990967 -1.4598647
6.2414746 -9.5055332 -1.6438868
7.1282029 -8.8589191 -1.6437621
7.7500391 -8.3195467 -1.6436747
8.1422071 -7.935596 -1.6436195
8.5153999 -7.5332012 -1.643567
8.8687401 -7.113287 -1.6435171
9.8746481 -6.8077197 -1.7338589
10.394023 -6.8016648 -1.7957034
10.555049 -6.5487347 -1.7956806
11.00082 -5.7677245 -1.7956176
11.13667 -5.5004711 -1.7955984
11.388906 -4.9565635 -1.7955627
11.984424 -3.2608867 -1.7954782
12.05957 -2.9706814 -1.7954675
12.127675 -2.6787403 -1.7954577
12.188749 -2.3852348 -1.795449
12.242715 -2.0903678 -1.7954413
12.28954 -1.7942669 -1.7954344
12.329247 -1.4971222 -1.7954288
12.361757 -1.199128 -1.795424
12.405166 -0.60119808 -1.7954174
12.416044 -0.30162171 -1.7954158
12.419706 -0.0018652343 -1.795415
12.416142 0.29788512 -1.7954153
12.405332 0.59746033 -1.7954167
12.3621 1.195407 -1.7954223
12.329678 1.4934167 -1.7954266
10.724824 3.766917 -1.64325
10.530723 4.2801285 -1.6432768
10.424443 4.5330858 -1.6432915
10.069472 5.2755661 -1.6433407
9.9393158 5.5171094 -1.6433587
9.8031149 5.7553124 -1.6433352
9.662158 5.9907408 -1.6434729
8.2287989 5.6694531 -1.444573
7.8254099 5.6748414 -1.3974026
6.7565527 5.6891184 -1.2768724
6.3440232 5.6089401 -1.2241458
5.0701075 5.7097387 -1.1038581
4.8314257 5.7129245 -1.0816083
4.6020603 5.7159848 -1.060843
4.1681638 5.7217722 -1.0233502
3.9622753 5.7245178 -1.0064397
3.3820117 5.7322559 -0.96213925
3.1994336 5.7346897 -0.94930649
3.0215526 5.7370605 -0.93735021
2.8479881 5.7393746 -0.92622334
2.6784081 5.7416329 -0.91588652
2.3498828 5.7460093 -0.89742786
2.033623 5.7502208 -0.8817122
1.7275586 5.7542953 -0.86852682
1.5777539 5.756289 -0.86282653
1.264541 5.674933 -0.84049428
0.98047847 5.6787109 -0.83306599
0.84015626 5.6805758 -0.83012336
0.43020508 5.7698169 -0.83640605
-0.26754883 5.7790866 -0.83632559
-0.40765625 5.7809472 -0.8377741
-0.68973631 5.7846923 -0.84216434
-0.83205074 5.7865806 -0.84511757
-0.97545898 5.7884851 -0.84858787
-1.1201465 5.7904038 -0.8525852
-1.5636718 5.7962866 -0.86787206
-2.0258691 5.8024144 -0.88845813
-2.1851463 5.8045249 -0.89659834
-2.3474803 5.8066759 -0.90542054
-2.5131347 5.8088708 -0.91495723
-2.6824121 5.8111143 -0.92524052
-3.0331738 5.8157592 -0.94820631
-3.4026756 5.8206515 -0.97466993
-3.5954981 5.8232031 -0.98934615
-3.7943163 5.8258338 -1.0050623
-3.9472852 5.7521653 -1.0084971
-4.667695 5.8454895 -1.0813833
-4.9059763 5.8486414 -1.1035556
-5.1544042 5.8519263 -1.1273277
-5.4139061 5.8553576 -1.1528317
-5.970664 5.8627186 -1.2096628
-6.2704883 5.8666806 -1.2413532
-7.2752829 5.879961 -1.3522786
-7.6521091 5.8849401 -1.3955034
-8.0540524 5.8902488 -1.4424521
-8.4842091 5.8959327 -1.4935654
-9.5052538 6.2707691 -1.646183
-9.7964258 5.804563 -1.6461232
-9.9337788 5.5664878 -1.6461427
-10.191054 5.0807495 -1.646179
-10.31083 4.8333545 -1.6461959
-10.532236 4.3302512 -1.6462272
-11.820596 3.8865795 -1.7988081
-12.071025 3.0212364 -1.7988436
-12.140517 2.7290349 -1.7988538
-12.306309 1.8435516 -1.7988775
-12.380996 1.2475574 -1.7988883
-12.407519 0.94838989 -1.7988921
-12.438896 0.34853148 -1.798897
-12.443682 0.048225097 -1.798898
-12.431503 -0.55232483 -1.7988966
-12.390332 -1.1515716 -1.7988913
-12.358887 -1.4502789 -1.798887
-12.320253 -1.7481246 -1.7988818
-12.274433 -2.0449729 -1.7988756
-12.221445 -2.3406115 -1.7988684
-12.161328 -2.6348736 -1.7988601
-12.09414 -2.9276192 -1.798851
-12.019902 -3.2186251 -1.7988408
-11.85042 -3.7948794 -1.7988174
-11.755293 -4.0797358 -1.7988043
-11.65332 -4.3622279 -1.7987901
-11.544551 -4.6421857 -1.7987752
-11.178135 -5.4651074 -1.7987243
-10.753076 -6.2593188 -1.7986653
-10.59875 -6.5169373 -1.7986439
-10.123476 -6.5665965 -1.744387
-8.9107323 -7.0882487 -1.6460078
-8.7369432 -7.3011465 -1.6459836
-8.5580568 -7.5097728 -1.6459587
-8.3741693 -7.7140098 -1.645933
-7.7937598 -8.2992592 -1.6458522
-7.5910645 -8.4848042 -1.6458238
-7.3839159 -8.66539 -1.645795
-7.1725292 -8.8409176 -1.6457655
-6.9569139 -9.011282 -1.6457354
-6.7372851 -9.1763964 -1.6457047
-6.5137596 -9.3361492 -1.6456735
-6.2863965 -9.4904528 -1.6456418
-5.8208885 -9.7823668 -1.6455767
-5.2997265 -11.251204 -1.7979047
-5.0265427 -11.375595 -1.7978665
-4.7504001 -11.493347 -1.7978278
-4.4715233 -11.604402 -1.797789
-3.9061816 -11.806145 -1.7977099
-3.6200292 -11.896711 -1.7976698
-2.7496386 -12.126614 -1.7975481
-2.1611524 -12.244626 -1.7974658
-1.8649609 -12.292936 -1.7974243
-1.5676659 -12.334074 -1.7973826
-0.67117184 -12.414311 -1.7972571
-0.37130859 -12.426599 -1.7972151
-0.071328126 -12.431645 -1.7971731
0.22875977 -12.42947 -1.7971311
0.52866209 -12.420032 -1.7970891
0.82826167 -12.403368 -1.7970471
1.127334 -12.379468 -1.7970052
1.4257421 -12.348378 -1.7969633
1.7233007 -12.310085 -1.7969216
3.7682323 -11.843093 -1.7966348
4.335156 -11.646951 -1.7965553
4.6148729 -11.538684 -1.7965161
5.1660938 -11.302048 -1.7964387
5.4372559 -11.173847 -1.7964005
5.4636035 -9.9738245 -1.6439961
5.7026267 -9.8388529 -1.6439625
5.164453 -8.4343433 -1.4297009
6.3991404 -9.3999262 -1.6438648
6.8450389 -9.0798378 -1.643802
7.0620604 -8.9118299 -1.6437715
7.274961 -8.7386312 -1.6437416
7.483613 -8.5603456 -1.6437122
7.6879101 -8.3770914 -1.6436834
8.0829096 -7.9960766 -1.6436279
8.2734079 -7.798532 -1.6436011
8.4590912 -7.5964561 -1.643575
8.6398439 -7.3899741 -1.6435494
8.8155565 -7.1791873 -1.6435248
8.9861135 -6.9642267 -1.6435007
9.2426853 -6.812489 -1.6598638
9.7205954 -6.8089075 -1.7156701
10.231846 -6.8049059 -1.7763895
10.506005 -6.6272125 -1.7956876
10.662754 -6.3716302 -1.7956654
10.813311 -6.1123605 -1.7956442
10.957559 -5.8495312 -1.7956238
11.226826 -5.3138366 -1.7955858
11.46996 -4.7657871 -1.7955513
11.784394 -3.9233618 -1.7955067
11.875576 -3.6377838 -1.7954937
11.959834 -3.3500838 -1.7954817
12.107431 -2.7690125 -1.7954606
12.226826 -2.1814981 -1.7954435
12.275849 -1.8857749 -1.7954364
12.317754 -1.5889325 -1.7954304
12.380029 -0.99267024 -1.7954212
12.400352 -0.69358277 -1.7954183
12.419335 -0.094385982 -1.7954152
12.418017 0.20539184 -1.7954152
12.409443 0.50503355 -1.7954161
12.393661 0.80439389 -1.7954183
12.303066 1.6989691 -1.7954303
12.258515 1.9954224 -1.7954363
12.009287 3.1678984 -1.7954704
11.929414 3.456845 -1.7954813
11.499892 3.6354511 -1.7435373
10.660518 3.9453814 -1.6432588
10.562265 4.201551 -1.6432724
10.457891 4.4552917 -1.6432868
10.347431 4.7064476 -1.6433021
10.108427 5.2003918 -1.6433353
8.8001852 5.6618185 -1.5127207
8.3588772 5.6677146 -1.4599565
7.1992674 5.6832056 -1.3259414
6.1376266 5.6116967 -1.2022218
4.9040623 5.7119541 -1.0883106
4.6719041 5.7150536 -1.0670991
4.4485059 5.7180333 -1.0472984
4.0250878 5.7236814 -1.0115355
3.8238084 5.726366 -0.9954052
3.6287498 5.7289672 -0.98034352
3.4393651 5.7314901 -0.96628493
3.2552538 5.7339454 -0.95317096
2.9011133 5.738667 -0.92957127
2.7303417 5.7409396 -0.91899508
1.9267578 5.7516441 -0.87687737
1.7741895 5.753674 -0.87040359
0.61371094 5.7673779 -0.83844459
0.47339842 5.7692432 -0.83681035
0.19404297 5.7729554 -0.8350147
-0.084794924 5.77666 -0.83516967
-0.22439453 5.7785144 -0.8359766
-0.36436522 5.7803721 -0.83727521
-0.50485349 5.7822375 -0.83906579
-0.78802735 5.785996 -0.84415144
-0.9310742 5.7878952 -0.84746122
-1.2210058 5.7917418 -0.85566276
-1.3682421 5.793695 -0.8605814
-1.5172851 5.7956715 -0.86606342
-1.6683203 5.7976747 -0.87212759
-1.821582 5.7997055 -0.87879217
-1.9772754 5.8017697 -0.88607967
-2.1356835 5.8038697 -0.89401466
-2.2970409 5.8060069 -0.90262359
-2.4616406 5.8081884 -0.91193563
-2.97791 5.8150268 -0.94444424
-3.158623 5.8174205 -0.95693862
-3.5353711 5.8224072 -0.98470777
-3.9355857 5.8277049 -1.0165739
-4.300293 5.7487378 -1.0378317
-4.523037 5.7516856 -1.0577699
-4.8314161 5.8476548 -1.0965496
-5.0766015 5.8508973 -1.1198125
-5.8811717 5.8615341 -1.2003469
-6.487236 5.8695459 -1.2646935
-7.1636524 5.8784852 -1.3396306
-8.3482418 5.8941369 -1.4773186
-9.6081934 6.1110206 -1.6461163
-9.7528906 5.8773437 -1.6461171
-9.8920021 5.6403136 -1.6461368
-10.15289 5.1565003 -1.6461735
-10.390107 4.6606493 -1.6462072
-10.499658 4.4085727 -1.6462226
-10.603095 4.1539159 -1.6462373
-12.048193 3.111079 -1.7988404
-12.119834 2.8193958 -1.7988507
-12.184384 2.526068 -1.79886
-12.241875 2.2312787 -1.7988682
-12.335371 1.6379352 -1.7988816
-12.442978 0.14090453 -1.7988979
-12.442734 -0.15943909 -1.798898
-12.289346 -1.9534801 -1.7988777
-12.238564 -2.249512 -1.7988707
-12.043545 -3.1290207 -1.798844
-11.964462 -3.4187517 -1.7988331
-11.78541 -3.9920831 -1.7988085
-11.685536 -4.2753124 -1.7987946
-11.218545 -5.3816972 -1.79873
-11.085273 -5.6508403 -1.7987113
-10.945557 -5.9166722 -1.798692
-10.64704 -6.4378281 -1.7986506
-9.130312 -6.8034301 -1.6460383
-8.7911224 -7.2358923 -1.6459912
-8.4314547 -7.6514568 -1.645941
-8.2441893 -7.8525987 -1.6459149
-8.0521584 -8.0491562 -1.6458882
-7.8554001 -8.2410221 -1.6458607
-7.238193 -8.7872896 -1.6457746
-6.8054786 -9.1260033 -1.6457143
-6.5831542 -9.2874222 -1.6456833
-6.3569727 -9.4434223 -1.6456517
-5.8935838 -9.738802 -1.6455868
-5.4164157 -10.011457 -1.6455203
-5.3834372 -11.211495 -1.7979164
-5.1111817 -11.337917 -1.7978784
-4.8359375 -11.457725 -1.7978399
-4.5578809 -11.570855 -1.797801
-3.4209569 -11.955276 -1.797642
-1.6595215 -12.322145 -1.7973955
-1.361621 -12.358325 -1.7973537
-1.0629296 -12.3873 -1.797312
-0.46387693 -12.423579 -1.7972281
0.73583007 -12.409286 -1.79706
1.3337305 -12.358726 -1.7969763
2.2242186 -12.22901 -1.7968515
3.1029491 -12.035217 -1.7967281
3.3924315 -11.95655 -1.7966876
3.6799414 -11.870925 -1.7966473
3.9652636 -11.778391 -1.7966071
4.2483106 -11.679011 -1.7965674
4.5288377 -11.572813 -1.7965281
4.8067088 -11.459889 -1.7964891
5.3539157 -11.214111 -1.7964123
5.1460643 -10.141682 -1.6440406
5.6292577 -9.8811255 -1.6439729
5.1278415 -8.5163736 -1.4370896
6.3290133 -9.4473944 -1.6438745
6.5550194 -9.2917128 -1.6438427
6.777246 -9.13064 -1.6438115
7.6253123 -8.4341755 -1.6436923
7.8265328 -8.2475319 -1.6436639
8.0231543 -8.0561018 -1.6436362
8.2151175 -7.860002 -1.6436093
8.4023046 -7.6593008 -1.6435828
8.7618551 -7.2447052 -1.6435323
8.9340134 -7.0310049 -1.643508
9.1011038 -6.8132505 -1.6434845
9.5697069 -6.8100548 -1.697948
10.070253 -6.8061881 -1.757091
10.615039 -6.4509192 -1.7956721
11.186973 -5.3973269 -1.7955912
11.654746 -4.2936225 -1.7955251
11.754872 -4.0110626 -1.7955108
11.848184 -3.7261486 -1.7954975
11.93458 -3.4390869 -1.7954854
12.014023 -3.1500347 -1.7954739
12.086474 -2.8591452 -1.7954637
12.151895 -2.5665722 -1.7954543
12.210234 -2.2725387 -1.7954458
12.342529 -1.3831674 -1.7954267
12.372304 -1.084884 -1.7954223
12.410185 -0.48656616 -1.7954167
12.41831 -0.18691528 -1.7954153
12.41287 0.41257507 -1.7954158
12.399297 0.71203309 -1.7954174
12.378535 1.0111035 -1.7954202
12.350547 1.3095623 -1.7954239
12.273017 1.9040447 -1.7954342
12.223555 2.1997015 -1.7954412
12.032529 3.0783453 -1.7954671
11.954814 3.3678644 -1.7954779
10.689599 3.8658397 -1.6432548
10.593262 4.1227555 -1.6432681
10.382177 4.6292148 -1.6432974
10.267529 4.8784766 -1.6433133
10.020351 5.3683863 -1.6433476
8.9429588 5.6599121 -1.5299717
8.4917774 5.6659412 -1.4757556
8.0712204 5.6715574 -1.4260483
7.6778708 5.6768136 -1.3803612
6.5348043 5.6063929 -1.2447004
6.228838 5.6104798 -1.211867
5.4780469 5.7042956 -1.1432977
4.9775977 5.7109742 -1.0951591
4.7425976 5.7141089 -1.0734909
4.0885544 5.7228341 -1.0167423
3.8852344 5.7255454 -1.000266
3.4972363 5.73072 -0.97052062
3.311543 5.7331958 -0.95712048
3.1308105 5.7356043 -0.94462937
2.7826366 5.7402439 -0.92217702
2.6144922 5.742485 -0.91212982
2.449873 5.7446766 -0.90282047
2.288496 5.7468262 -0.89421552
1.6699804 5.7550621 -0.86627603
1.2097753 5.6756616 -0.83891082
0.92665035 5.6794262 -0.83188015
0.78692383 5.6830187 -0.82938224
0.51666015 5.7686682 -0.83726245
0.09765625 5.7742372 -0.83484852
-0.041748047 5.7760873 -0.83501905
-0.18127929 5.7779417 -0.83567572
-0.32111329 5.7797985 -0.83682185
-0.46142578 5.7816625 -0.83845961
-0.60235351 5.7835312 -0.84059596
-1.1758887 5.7911439 -0.85425687
-1.3226074 5.7930894 -0.85900313
-1.4710938 5.7950597 -0.8643108
-1.7740136 5.7990756 -0.8766703
-1.9289551 5.8011289 -0.88376355
-2.4104784 5.8075123 -0.9089849
-2.5774901 5.8097229 -0.91880238
-2.9230664 5.8143015 -0.94076401
-3.1023438 5.8166733 -0.95298803
-3.2864451 5.8191123 -0.96610481
-4.0266795 5.7532177 -1.0151643
-4.7577734 5.8466821 -1.0896897
-4.999824 5.8498816 -1.1124599
-5.793047 5.8603697 -1.1912373
-6.0835838 5.8642111 -1.2215153
-6.389502 5.8682542 -1.2541262
-6.7123728 5.8725219 -1.289295
-7.8028316 5.8869309 -1.4130096
-8.2151556 5.8923779 -1.4614961
-8.6571188 5.8982162 -1.5143466
-9.5625582 6.1825366 -1.6461462
-9.8496876 5.7138157 -1.6461308
-9.9848337 5.4744968 -1.6461499
-10.355078 4.7379127 -1.6462022
-10.466504 4.48666 -1.6462179
-10.671064 3.9764245 -1.6462469
-11.326035 3.9118865 -1.732224
-12.098476 2.909585 -1.7988477
-12.224902 2.3224077 -1.7988658
-12.277441 2.0266979 -1.7988733
-12.392012 1.1331298 -1.7988899
-12.415771 0.83370358 -1.7988936
-12.443593 -0.066759035 -1.798898
-12.438359 -0.36705869 -1.7988975
-12.37914 -1.2659961 -1.7988898
-12.34496 -1.564388 -1.7988851
-12.303564 -1.86189 -1.7988795
-12.25499 -2.1582816 -1.7988729
-12.199277 -2.4534118 -1.7988653
-11.814815 -3.9041831 -1.7988125
-11.501122 -4.7486296 -1.798769
-11.258368 -5.2979832 -1.7987355
-10.845224 -6.0984459 -1.798678
-9.4498634 -6.5878439 -1.6652871
-9.1807909 -6.7352548 -1.6460453
-9.0154295 -6.9547677 -1.6460223
-8.8448238 -7.1702471 -1.6459986
-7.7166891 -8.3708591 -1.6458414
-7.3035154 -8.7331753 -1.6457837
-6.8733106 -9.075119 -1.6457237
-6.6521678 -9.2381716 -1.6456928
-6.4271383 -9.3958664 -1.6456615
-6.1983981 -9.548069 -1.6456295
-5.9660254 -9.6946812 -1.645597
-5.730166 -9.8356609 -1.6455641
-4.1028223 -8.3838396 -1.3493466
-4.3640919 -11.645124 -1.7977738
-4.0816798 -11.746804 -1.7977345
-3.7969139 -11.841622 -1.7976947
-2.3433592 -12.211232 -1.7974913
-2.0479102 -12.263961 -1.7974499
-1.4536231 -12.34792 -1.7973667
-1.155166 -12.379124 -1.7973249
-0.25652343 -12.429384 -1.797199
0.043544922 -12.431671 -1.7971569
0.34356445 -12.426709 -1.797115
0.64336914 -12.414512 -1.797073
0.94279295 -12.395073 -1.797031
1.5397363 -12.334556 -1.7969472
1.8369824 -12.293528 -1.7969056
2.4279492 -12.19 -1.7968228
2.7213573 -12.127562 -1.7967818
3.3032811 -11.981574 -1.7967001
3.5914354 -11.898099 -1.7966597
3.8774512 -11.807688 -1.7966195
4.161211 -11.710395 -1.7965797
4.4425197 -11.606303 -1.7965401
4.7212501 -11.495446 -1.7965012
5.0703712 -10.179794 -1.6440513
5.3144922 -10.054249 -1.644017
5.5554981 -9.9228449 -1.6439832
6.2584667 -9.4943352 -1.6438844
6.9285741 -9.0161562 -1.6437902
7.5623045 -8.4907827 -1.6437011
7.9629784 -8.1156836 -1.6436447
8.1563864 -7.9210052 -1.6436175
8.8814259 -7.0974064 -1.6435155
9.9121189 -6.8074279 -1.738297
10.406162 -6.7830372 -1.7957015
-10.193535 -3.3482153 -1.7985851
-10.109687 -3.593236 -1.7985734
-9.7159472 -4.5509424 -1.7985189
-9.4848433 -5.0144019 -1.7984867
-9.0969238 -5.6873131 -1.7984328
-8.956933 -5.9051533 -1.7984135
-8.6613283 -6.3303447 -1.7983723
-8.5058985 -6.537468 -1.7983507
-8.1563473 -6.5879464 -1.7575575
-7.7797947 -6.6003385 -1.7102557
-7.422627 -6.6119328 -1.6663421
-7.0071874 -6.8763375 -1.645741
-6.3112793 -7.5193701 -1.6456438
-6.1278806 -7.6693845 -1.6456182
-5.940908 -7.8149199 -1.6455923
-5.5566993 -8.0922365 -1.6455386
-5.3596678 -8.223855 -1.6455112
-5.1595411 -8.3506794 -1.6454833
-4.7503805 -8.5896311 -1.645426
-4.5416112 -8.7016211 -1.6453968
-3.6813574 -9.0982447 -1.6452765
-3.4606347 -9.184269 -1.6452457
-2.5589647 -9.474371 -1.6451195
-2.3295312 -9.5331898 -1.6450876
-2.0987108 -9.5864553 -1.6450552
-1.8667186 -9.6341219 -1.6450227
-1.3995898 -9.7125835 -1.6449574
-1.1647265 -9.7433453 -1.6449244
-0.92924803 -9.7684212 -1.6448915
-0.22002929 -9.8094587 -1.6447921
0.72658199 -9.7841969 -1.6446595
0.96250975 -9.7636089 -1.6446264
1.1978418 -9.7373505 -1.6445935
1.4324707 -9.7054024 -1.6445607
2.817832 -9.3959513 -1.6443664
3.0437109 -9.3250265 -1.6443347
3.2678223 -9.248683 -1.6443032
3.7101855 -9.0798731 -1.6442411
4.3571286 -8.7871656 -1.6441504
4.7759376 -8.5663614 -1.6440915
4.9812107 -8.4484491 -1.6440626
5.3829002 -8.1979465 -1.6440061
5.5791111 -8.0655127 -1.6439787
5.9616208 -7.7866392 -1.6439248
6.5090427 -7.334569 -1.6438479
6.684072 -7.1752324 -1.6438231
6.8551855 -7.0117149 -1.6437991
7.3089452 -6.7873163 -1.6720227
7.6687694 -6.7842307 -1.7163725
8.0482416 -6.7808099 -1.7641481
8.3577337 -6.7034245 -1.7959886
8.6712694 -6.2921576 -1.7959443
9.103467 -5.6481161 -1.7958833
9.3652048 -5.2021322 -1.7958463
9.6051559 -4.7440462 -1.7958125
9.7167673 -4.5108109 -1.7957966
9.8227339 -4.2749467 -1.7957816
10.017412 -3.7959063 -1.7957541
10.106045 -3.5529993 -1.7957416
10.336445 -2.8124774 -1.7957088
10.633857 -1.2912555 -1.795666
10.711894 -0.0016082763 -1.7956543
10.699502 0.51530457 -1.7956556
10.662197 1.0310272 -1.7956605
10.559746 1.7997345 -1.7956744
10.460664 2.3072345 -1.795688
10.337255 2.8093622 -1.795705
10.266484 3.0580487 -1.7957145
9.0890722 3.6941931 -1.6446611
8.9908981 3.9097075 -1.6434927
8.8939838 4.1255956 -1.6435062
8.7919044 4.3390942 -1.6435204
8.6846972 4.5500636 -1.6435351
8.3329878 5.1666245 -1.6435839
8.2059565 5.3662925 -1.6436017
7.9373727 5.755969 -1.6435858
7.09165 5.6845102 -1.523559
6.7564063 5.6889915 -1.4806107
6.049736 5.6146445 -1.3835788
5.8510351 5.6991968 -1.3692055
5.5788183 5.7028332 -1.3373334
5.0700192 5.7096286 -1.2799937
4.8313279 5.7128162 -1.2541927
4.6019726 5.715879 -1.2301153
4.3811326 5.7188268 -1.207637
4.1680861 5.7216711 -1.1866407
3.7629101 5.7270775 -1.148719
2.678369 5.7415404 -1.0620321
2.0335937 5.7501316 -1.0224053
1.879414 5.7521863 -1.0144078
1.5777246 5.7562022 -1.0005062
1.4297949 5.7581711 -0.99455875
0.98045897 5.6786265 -0.96599728
0.70093751 5.6840782 -0.96004438
0.15100585 5.7734437 -0.9681378
0.011621093 5.7752953 -0.96811926
-0.12785156 5.7771473 -0.96866435
-0.54831052 5.7827291 -0.97371215
-0.68973631 5.7846079 -0.9765467
-0.83204103 5.7864952 -0.97997212
-0.97543943 5.7883983 -0.98399562
-1.120127 5.7903171 -0.98863101
-1.7153418 5.7982092 -1.0136002
-1.8693359 5.8002501 -1.0215489
-2.02583 5.8023243 -1.0302278
-2.1851172 5.8044348 -1.0396672
-2.3474414 5.8065844 -1.0498965
-3.215332 5.8180737 -1.1143163
-3.4026172 5.8205504 -1.1301945
-3.7942479 5.8257322 -1.1654344
-3.947207 5.7520628 -1.1694207
-4.1509962 5.7466588 -1.188349
-4.3680468 5.7495298 -1.2103977
-4.905879 5.8485289 -1.2796423
-5.4137988 5.8552403 -1.3367794
-5.6854687 5.8588281 -1.3685375
-6.2703614 5.8665538 -1.4394244
-6.9207711 5.875144 -1.5217987
-7.6362305 6.1716504 -1.6458825
-7.7827635 5.9854026 -1.645841
-7.9250584 5.7958875 -1.645861
-8.062705 5.6029944 -1.6458806
-8.3239155 5.2075024 -1.6459173
-8.4472456 5.0051475 -1.6459347
-8.8907614 4.1676755 -1.6459974
-9.4676561 3.8925591 -1.7159883
-10.1925 3.3512743 -1.7985803
-10.342481 2.8555529 -1.7986016
-10.522119 2.0998266 -1.7986274
-10.569785 1.8452685 -1.7986342
-10.646582 1.3330669 -1.7986453
-10.675683 1.0757239 -1.7986495
-10.698545 0.81776184 -1.7986529
-10.715205 0.55930787 -1.7986555
-10.725576 0.30052733 -1.7986571
-10.70456 -0.73481077 -1.7986548
-10.683711 -0.99295896 -1.7986521
-10.656601 -1.2505218 -1.7986485
-10.623291 -1.5073467 -1.7986439
-10.583779 -1.7633063 -1.7986386
-10.486299 -2.2719607 -1.7986253
-10.428359 -2.5243804 -1.7986174
-10.364355 -2.7753136 -1.7986085
-9.9545116 -4.0028172 -1.7985519
-9.7495995 -4.4784508 -1.7985235
-9.5219631 -4.9436264 -1.798492
-9.399785 -5.1719513 -1.798475
-9.2721291 -5.3972588 -1.7984573
-9.0006838 -5.8382807 -1.7984196
-8.8570509 -6.0537405 -1.7983996
-8.2767773 -6.5839496 -1.7728914
-7.8938575 -6.5966024 -1.7244784
-7.0582614 -6.8239846 -1.6457481
-6.8913965 -6.9922462 -1.6457248
-6.7205467 -7.1564293 -1.6457009
-6.5457616 -7.3164454 -1.6456767
-6.3671579 -7.4721799 -1.6456517
-5.6168356 -8.0506525 -1.645547
-5.4208102 -8.1837416 -1.6455197
-5.2216501 -8.3120537 -1.6454917
-4.606338 -8.667594 -1.6454059
-4.3957224 -8.7760897 -1.6453764
-4.1825485 -8.8794661 -1.6453466
-3.9669628 -8.9776602 -1.6453165
-3.3068554 -9.2406197 -1.6452242
-3.0828125 -9.3175621 -1.6451929
-2.8569727 -9.3890772 -1.6451613
-2.6294823 -9.4551134 -1.6451296
-1.7056445 -9.6637926 -1.6450002
-1.4718652 -9.7019587 -1.6449674
-1.0019727 -9.7612953 -1.6449018
-0.76605469 -9.7824326 -1.6448686
-0.52972656 -9.7978735 -1.6448355
-0.056279294 -9.8116341 -1.6447692
0.18054686 -9.8099298 -1.6447359
0.41722655 -9.8025217 -1.6447029
0.65369141 -9.7893934 -1.6446698
0.8897168 -9.7705708 -1.6446366
1.8273144 -9.6385288 -1.6445053
2.0593946 -9.591424 -1.6444727
2.2902539 -9.5387392 -1.6444403
3.6424706 -9.1073122 -1.6442506
3.8611326 -9.0165796 -1.6442199
4.0775681 -8.9205923 -1.6441896
4.5031152 -8.7131233 -1.6441298
5.1214356 -8.364049 -1.644043
5.3217187 -8.2378578 -1.6440148
5.5188966 -8.1068907 -1.6439871
5.7128711 -7.9712057 -1.6439599
5.9034762 -7.8308682 -1.6439331
6.2742867 -7.5366259 -1.6438808
6.4542379 -7.3828855 -1.6438556
6.8028026 -7.0626168 -1.6438066
7.2015524 -6.7882042 -1.6589798
7.5557227 -6.7852173 -1.7023356
8.4683685 -6.5629649 -1.7959728
8.7749701 -6.1465282 -1.7959297
9.061162 -5.7157941 -1.7958893
9.32623 -5.2717667 -1.7958518
9.450654 -5.0450926 -1.7958343
9.5695705 -4.8154745 -1.7958175
9.682929 -4.5830827 -1.7958015
10.079316 -3.6281891 -1.7957454
10.242519 -3.1375368 -1.7957221
10.381875 -2.6395843 -1.7957023
10.442519 -2.3882413 -1.7956936
10.545527 -1.8815231 -1.7956789
10.653906 -1.1136206 -1.7956631
10.677675 -0.85617125 -1.7956595
10.71044 0.17714721 -1.7956544
10.66959 0.95157409 -1.7956595
10.643535 1.2088056 -1.795663
10.611279 1.4653436 -1.7956674
10.572842 1.7210296 -1.7956725
10.420752 2.4814844 -1.7956933
10.357871 2.7322717 -1.795702
10.214072 3.2289598 -1.7957219
8.8239746 4.2734632 -1.6435159
8.7183199 4.4852295 -1.6435305
8.6076069 4.6943932 -1.6435457
8.2456732 5.3050036 -1.6435962
8.1153221 5.5025253 -1.6436143
7.1990914 5.683075 -1.5375061
6.1374903 5.6115785 -1.3940495
5.9087501 5.67026 -1.3727908
5.6614842 5.7017283 -1.3469272
5.3978319 5.7052512 -1.3165905
5.1456738 5.7086191 -1.2883235
4.9039645 5.7118468 -1.2619659
4.4484177 5.7179284 -1.2144092
4.0250196 5.7235804 -1.1729412
3.8237402 5.7262659 -1.1542369
3.075918 5.7362413 -1.0910934
2.5632813 5.7430749 -1.0542556
2.3996875 5.7452536 -1.0437164
1.9267285 5.751555 -1.0167981
1.4752538 5.7575669 -0.9963249
1.3284863 5.7595191 -0.99082363
1.1657422 5.6761618 -0.97135985
1.0239843 5.6780481 -0.96717042
0.88333982 5.6799183 -0.96357512
0.61369139 5.7672935 -0.97223419
0.47338867 5.7691588 -0.97033912
0.19403321 5.772871 -0.96825749
0.054638669 5.774724 -0.96806502
-0.22439453 5.77843 -0.96937293
-0.64599609 5.7840257 -0.97560865
-0.78801757 5.7859116 -0.97885114
-0.93106443 5.7878098 -0.98268872
-1.0753223 5.7897229 -0.98713386
-1.3682226 5.7936082 -0.9979021
-1.668291 5.7975841 -1.0112916
-2.2970018 5.8059154 -1.0466526
-2.6297362 5.8103209 -1.0691029
-3.1585741 5.8173218 -1.109635
-3.3442481 5.8197789 -1.1251762
-3.5353124 5.8223071 -1.1418337
-3.9355078 5.8276 -1.1787841
-4.0914063 5.7539706 -1.1835256
-4.3002148 5.7486329 -1.2034328
-4.5229588 5.7515783 -1.2265464
-4.8313279 5.8475428 -1.2715181
-5.0765038 5.8507833 -1.298493
-5.3324609 5.854166 -1.3274277
-5.6002636 5.8577037 -1.3584926
-6.1761718 5.8653097 -1.4277923
-6.4870896 5.8694177 -1.4664875
-8.1551657 5.4677157 -1.6458936
-8.4097071 5.067904 -1.6459296
-8.5296478 4.8635206 -1.6459463
-8.7545795 4.4463158 -1.6459782
-8.8594236 4.2337756 -1.645993
-8.9591112 4.0187511 -1.6460071
-10.167246 3.4270995 -1.7985768
-10.24707 3.180733 -1.798588
-10.38873 2.6825745 -1.7986083
-10.450498 2.4310668 -1.798617
-10.506182 2.1781371 -1.7986251
-10.59914 1.6686279 -1.7986385
-10.692148 0.89742249 -1.7986521
-10.729101 0.12149353 -1.7986577
-10.728906 -0.13747802 -1.7986578
-10.72247 -0.39638731 -1.7986571
-10.69081 -0.91334105 -1.7986531
-10.665634 -1.1711041 -1.7986497
-10.634238 -1.4281826 -1.7986455
-10.552871 -1.939675 -1.7986343
-10.50293 -2.1937857 -1.7986276
-10.384727 -2.6980474 -1.7986113
-10.316552 -2.9478726 -1.798602
-10.162158 -3.4422424 -1.7985806
-10.076055 -3.6864715 -1.7985687
-9.9840717 -3.9285576 -1.798556
-9.8862696 -4.1683507 -1.7985425
-9.7827053 -4.4057093 -1.7985281
-9.6734467 -4.6404929 -1.7985129
-9.5585346 -4.8725758 -1.798497
-9.1807032 -5.5511899 -1.7984446
-9.0439644 -5.7710896 -1.7984256
-8.9019432 -5.9876218 -1.7984059
-8.7547359 -6.2006493 -1.7983853
-7.6408887 -6.604867 -1.6930648
-7.1089158 -6.7712383 -1.6457552
-6.9433103 -6.9407487 -1.645732
-6.7736816 -7.1062078 -1.6457084
-6.6001172 -7.2675109 -1.6456841
-6.2415137 -7.5773082 -1.6456342
-6.0567384 -7.7256217 -1.6456084
-5.4816403 -8.1431713 -1.6455281
-5.2834277 -8.272974 -1.6455004
-5.0821385 -8.3979216 -1.6454724
-4.6707811 -8.6330957 -1.6454148
-3.8165331 -9.0424862 -1.6452955
-3.5971093 -9.1317968 -1.6452649
-3.3756249 -9.2157736 -1.6452339
-2.4713182 -9.4975414 -1.6451074
-1.7775977 -9.6508913 -1.6450104
-1.309746 -9.7250299 -1.6449447
-1.0746192 -9.7536163 -1.6449118
-0.838916 -9.776516 -1.6448789
-0.60266602 -9.7937155 -1.6448457
-0.36615235 -9.8052177 -1.6448126
-0.12940429 -9.8109961 -1.6447794
0.34422851 -9.8054132 -1.644713
0.58073241 -9.7940521 -1.64468
0.81693357 -9.776989 -1.6446469
1.2877246 -9.725791 -1.644581
1.5220605 -9.6916771 -1.6445479
1.7554883 -9.651926 -1.6445154
2.9045019 -9.3694506 -1.6443542
3.1297069 -9.2964449 -1.6443226
3.5745506 -9.1342402 -1.6442602
4.4381151 -8.7464733 -1.6441389
5.0590134 -8.4020138 -1.6440518
5.4583883 -8.1478195 -1.6439956
5.6533399 -8.0135717 -1.6439681
6.2180076 -7.5831895 -1.6438888
6.3991113 -7.4308023 -1.6438633
6.5764842 -7.2740836 -1.6438384
6.7500391 -7.1131291 -1.6438141
7.0958004 -6.7890649 -1.6462233
8.1991205 -6.7794042 -1.783414
9.1552143 -5.5637574 -1.795876
9.6485348 -4.6550889 -1.7958064
9.8617773 -4.1840053 -1.7957761
10.052041 -3.7031822 -1.7957492
10.138418 -3.4594858 -1.7957369
10.218896 -3.2137516 -1.7957255
10.293408 -2.966166 -1.7957149
10.361953 -2.7168667 -1.7957051
10.480879 -2.2136409 -1.7956882
10.531201 -1.9600396 -1.7956808
10.613466 -1.4495422 -1.7956691
10.645322 -1.1929675 -1.7956643
10.670996 -0.9357028 -1.7956606
10.703691 -0.41965941 -1.7956556
10.711454 0.097356565 -1.7956543
10.652246 1.1294849 -1.7956619
10.58539 1.6422217 -1.7956709
10.542715 1.8972217 -1.7956767
10.493876 2.1511188 -1.7956834
10.438945 2.4037852 -1.7956909
10.37792 2.6550341 -1.7956992
10.158809 3.3989649 -1.7957295
9.4278221 3.6691813 -1.6958716
8.8555365 4.207592 -1.6435114
8.5281343 4.8373914 -1.643557
8.2849512 5.2434106 -1.6435907
8.1560841 5.4418907 -1.6436087
7.8840723 5.8292074 -1.6436297
7.7416406 6.0182066 -1.643744
6.534658 5.6062684 -1.4433075
5.7453222 5.7006078 -1.3567357
5.4779296 5.7041807 -1.3257252
4.9775 5.7108655 -1.2699054
4.2987108 5.7199278 -1.1994299
4.0884767 5.722733 -1.1789781
3.8851659 5.7254453 -1.1598734
3.688252 5.7280736 -1.1420356
3.3114843 5.7331004 -1.1098449
3.1307616 5.7355089 -1.0953599
2.4498339 5.744586 -1.0468816
1.6699511 5.7549744 -1.0045062
1.5208887 5.756959 -0.99815315
1.3736328 5.7589197 -0.99245483
1.2097656 5.6755762 -0.97277403
0.92664063 5.6793418 -0.96462119
0.78690428 5.6829357 -0.96172494
0.65710938 5.766715 -0.97293538
0.51665038 5.7685838 -0.97086263
0.09766601 5.7741513 -0.96806371
-0.18128906 5.7778573 -0.96902293
-0.32110351 5.7797132 -0.97035253
-0.46141601 5.7815771 -0.97225159
-0.60234374 5.7834473 -0.97472817
-1.0306641 5.7891307 -0.98569614
-1.3225878 5.7930026 -0.99607337
-1.4710644 5.7949719 -1.0022266
-1.6214453 5.7969642 -1.009047
-1.9289258 5.8010397 -1.0247835
-2.0864649 5.8031273 -1.0337485
-2.2468653 5.8052526 -1.0434855
-2.7481835 5.8118906 -1.0776798
-3.4757519 5.8215199 -1.1365696
-3.6708007 5.8240991 -1.1540382
-4.0266113 5.7531128 -1.177147
-4.4532909 5.7506552 -1.2192422
-4.7576756 5.8465695 -1.2635634
-5.2522459 5.8531055 -1.3182783
-5.5162792 5.8565941 -1.3486667
-6.083457 5.8640857 -1.4164211
-6.3893652 5.8681259 -1.4542358
-6.7122169 5.8723898 -1.4950142
-7.5436521 6.2849069 -1.6459271
-7.8377733 5.9132724 -1.6458488
-7.9783006 5.7224584 -1.6458687
-8.1141796 5.5282798 -1.6458877
-8.2453518 5.3309054 -1.6459063
-8.3716888 5.1304078 -1.6459241
-8.4931641 4.926898 -1.6459413
-8.6096973 4.7205319 -1.6459577
-8.7212009 4.5114112 -1.6459734
-9.0983105 3.9001372 -1.6593837
-10.053867 3.7464514 -1.7985606
-10.141436 3.5027399 -1.7985731
-10.223057 3.2569592 -1.7985847
-10.368447 2.7598846 -1.7986054
-10.432099 2.5088325 -1.7986145
-10.489648 2.2563372 -1.7986227
-10.541094 2.0025318 -1.79863
-10.586377 1.7475439 -1.7986366
-10.658447 1.2346514 -1.7986469
-10.705654 0.71887022 -1.798654
-10.725117 -0.31649902 -1.7986573
-10.697324 -0.83369136 -1.7986538
-10.674072 -1.0916208 -1.7986507
-10.644589 -1.348912 -1.7986468
-10.40458 -2.6206188 -1.798614
-10.265869 -3.1196203 -1.798595
-10.187529 -3.3664484 -1.7985841
-10.013085 -3.8540959 -1.79856
-9.7077732 -4.5683098 -1.7985177
-9.5945997 -4.8012495 -1.798502
-9.3515625 -5.2585411 -1.7984682
-9.086709 -5.7035809 -1.7984315
-8.8007221 -6.135293 -1.7983917
-8.1276855 -6.5888963 -1.7539228
-7.752666 -6.6012249 -1.7068877
-7.1591992 -6.7181311 -1.6457621
-6.994863 -6.888865 -1.6457392
-6.8264647 -7.0555711 -1.6457157
-6.4778419 -7.3765588 -1.6456671
-6.1141305 -7.6803312 -1.6456164
-5.9269042 -7.8255334 -1.6455903
-5.1445799 -8.3598814 -1.6454811
-4.7350097 -8.5981073 -1.6454239
-4.1003122 -8.9176693 -1.6453352
-3.8838086 -9.0138617 -1.6453048
-3.6650877 -9.1048031 -1.6452743
-3.2213182 -9.2707129 -1.6452122
-2.7701073 -9.4149981 -1.6451492
-0.20245117 -9.809823 -1.6447897
0.27115235 -9.8077669 -1.6447233
0.50776368 -9.798171 -1.6446902
0.74409181 -9.7828608 -1.6446571
1.2152441 -9.7351685 -1.644591
2.1479101 -9.5719175 -1.6444602
2.6071973 -9.4567451 -1.6443958
2.8346288 -9.3908901 -1.644364
3.284375 -9.2428026 -1.6443009
3.5064158 -9.1606722 -1.6442697
3.7264256 -9.0732021 -1.6442388
3.9442577 -8.9804535 -1.6442083
4.5833983 -8.6710901 -1.6441187
5.3975587 -8.1882944 -1.6440042
5.7862206 -7.9180284 -1.6439495
5.9755173 -7.7759562 -1.643923
6.1613669 -7.6293392 -1.6438967
6.5221677 -7.3229065 -1.643846
6.8677244 -6.9994302 -1.6437974
7.335 -6.7870984 -1.6752025
7.6962304 -6.7839899 -1.7197939
8.0772161 -6.7805414 -1.7678382
8.3697462 -6.6884618 -1.7959868
8.6824903 -6.2766213 -1.7959428
9.1135445 -5.6318145 -1.7958819
-9.1407127 -2.2848966 -1.7984369
-9.0828609 -2.5048296 -1.7984288
-8.9513283 -2.940186 -1.7984108
-8.7989159 -3.3686776 -1.7983897
-8.6259861 -3.7893012 -1.7983657
-8.5319433 -3.996361 -1.7983526
-8.4329491 -4.2010822 -1.7983389
-8.220273 -4.6030564 -1.7983094
-7.7379589 -5.3738513 -1.7982423
-7.6059275 -5.5589852 -1.798224
-7.3286328 -5.919415 -1.7981853
-7.0343065 -6.2660308 -1.7981443
-6.8809276 -6.4339013 -1.798123
-6.4169822 -6.6086483 -1.7582667
-6.1231055 -6.6183739 -1.7210222
-5.8411131 -6.6275458 -1.6862469
-5.5700192 -6.6362066 -1.6537533
-5.3812985 -6.7349815 -1.6455131
-5.2170997 -6.8627939 -1.6454902
-4.8797169 -7.1063595 -1.6454431
-4.5309763 -7.3333411 -1.6453944
-3.9883494 -7.641583 -1.6453185
-3.6148338 -7.8248925 -1.6452664
-3.4248729 -7.9097338 -1.6452398
-3.2329395 -7.9899535 -1.645213
-3.0390918 -8.0655241 -1.6451859
-2.8434961 -8.1363897 -1.6451585
-2.6462402 -8.202507 -1.645131
-2.4474707 -8.2638483 -1.6451031
-1.6393261 -8.4607191 -1.6449901
-1.4346191 -8.4976721 -1.6449615
-1.0228418 -8.5566969 -1.6449038
-0.8160156 -8.5787411 -1.6448748
-0.60872066 -8.5957861 -1.6448458
0.43055663 -8.6057882 -1.6447003
0.638125 -8.592742 -1.6446711
0.8453027 -8.5746851 -1.6446421
1.2580566 -8.5236082 -1.6445843
1.6678516 -8.4526701 -1.6445268
1.8713477 -8.4098139 -1.6444982
3.0651269 -8.0508814 -1.6443309
3.258496 -7.9744372 -1.6443037
3.4499512 -7.8933458 -1.6442769
3.6393847 -7.8076458 -1.6442502
4.194531 -7.5235205 -1.6441723
4.5525584 -7.31212 -1.644122
5.0694337 -6.9632788 -1.6440493
5.235908 -6.8388047 -1.6440258
6.001533 -6.7626953 -1.7258514
6.297236 -6.7599692 -1.7634382
6.5786619 -6.7288866 -1.7962377
6.7390723 -6.5680723 -1.7962152
6.8955665 -6.4034252 -1.7961932
7.047998 -6.2350616 -1.7961717
7.1963477 -6.0630655 -1.7961508
7.8735642 -5.152297 -1.7960553
8.1128607 -4.7662582 -1.7960216
8.2254486 -4.5690231 -1.7960057
8.4362106 -4.1666989 -1.7959758
8.7153616 -3.5453563 -1.7959362
8.7983398 -3.3339605 -1.7959245
3.0599999 -0.99350429 -0.61409515
3.0565624 -0.9114511 -0.60881042
3.0506151 -0.75147033 -0.59969687
9.2742577 -1.5835241 -1.7958567
9.3398142 -1.1341223 -1.7958473
9.3644533 -0.90838069 -1.7958436
9.4083595 -0.0014141846 -1.7958369
9.405674 0.22565673 -1.795837
9.3838377 0.67927855 -1.7958398
9.3647165 0.90556026 -1.7958424
9.3401365 1.1313152 -1.7958456
9.3101559 1.3564191 -1.7958497
9.2338867 1.8041174 -1.7958601
9.187705 2.0264623 -1.7958664
8.7164154 3.5427179 -1.7959313
7.6277633 3.9963219 -1.6436836
7.2072458 4.7131882 -1.6437421
6.9715524 5.0555897 -1.6437749
6.8475876 5.2224326 -1.643792
6.5877342 5.5469127 -1.6438283
6.1696091 6.0094385 -1.6439503
4.8312402 5.7127061 -1.4280795
4.6018848 5.7157726 -1.4006642
4.3810544 5.7187219 -1.3750683
4.1680174 5.7215672 -1.351163
3.9621387 5.7243161 -1.3288369
3.7628417 5.7269773 -1.3079846
3.5695899 5.7295556 -1.2885158
3.3819041 5.7320619 -1.2703478
3.021455 5.7368722 -1.2376186
2.8479004 5.7391868 -1.2229284
2.1902928 5.7479539 -1.1741008
2.0335643 5.7500424 -1.1641604
1.5776953 5.7561145 -1.1392251
1.2645019 5.6747618 -1.1097395
1.1218457 5.6766601 -1.1044928
0.4301953 5.7696471 -1.1043414
-0.1278418 5.7770629 -1.1029698
-0.54831052 5.7826452 -1.108717
-0.83202147 5.7864084 -1.115844
-0.97543943 5.7883115 -1.1204255
-1.4140038 5.794127 -1.1384135
-1.7153125 5.7981186 -1.1541342
-2.1850781 5.8043418 -1.1838133
-2.3474023 5.8064914 -1.1954618
-2.6823339 5.8109241 -1.2216302
-3.033076 5.8155651 -1.2519518
-3.2152734 5.8179746 -1.2688109
-3.4025683 5.8204517 -1.2868921
-4.150918 5.7465539 -1.3531083
-5.1541991 5.8516955 -1.4884417
-6.004199 6.1872535 -1.6456716
-6.2956052 5.890172 -1.6456327
-6.4360251 5.7365732 -1.6456525
-6.5726852 5.5796289 -1.6456718
-6.7054977 5.4194384 -1.6456904
-6.8344235 5.2560778 -1.6457087
-6.9593749 5.0896497 -1.6457263
-7.1970115 4.7479844 -1.6457598
-7.621377 4.0322185 -1.6458197
-7.7876754 3.8825536 -1.6609855
-8.2627439 3.873286 -1.7418518
-8.6248045 3.791889 -1.7983603
-8.7139063 3.5826464 -1.7983731
-8.7978706 3.3713117 -1.798385
-8.8767281 3.1580205 -1.7983961
-8.9504099 2.9428747 -1.7984066
-9.0820704 2.5075634 -1.7984254
-9.1400099 2.2876379 -1.7984337
-9.2398243 1.84393 -1.7984478
-9.2816696 1.6203882 -1.7984539
-9.3181152 1.395902 -1.7984592
-9.3491011 1.1706097 -1.7984637
-9.4184666 0.26390135 -1.798474
-9.4220896 0.0365155 -1.7984747
-9.4128704 -0.41820982 -1.7984736
-9.3816986 -0.87194455 -1.7984697
-9.3579006 -1.0981216 -1.7984664
-9.3286524 -1.3236508 -1.7984625
-9.2939844 -1.5484146 -1.7984577
-8.9009857 -3.0891321 -1.7984037
-8.6539841 -3.7249432 -1.7983695
-8.4640236 -4.1381593 -1.7983432
-8.2543259 -4.5417085 -1.7983142
-8.0254202 -4.9346561 -1.7982823
-7.6471386 -5.5021849 -1.7982297
-7.5120406 -5.6850896 -1.7982109
-7.3725486 -5.8646793 -1.7981915
-7.2287989 -6.0408392 -1.7981715
-6.9287109 -6.3824902 -1.7981297
-6.7725391 -6.5477781 -1.7981079
-6.2124901 -6.6154332 -1.7322459
-5.1018066 -6.9488349 -1.6454741
-4.5854883 -7.2994165 -1.6454021
-4.2277732 -7.5119653 -1.6453521
-4.0452051 -7.6116948 -1.6453265
-3.8602245 -7.7069902 -1.6453007
-3.2923632 -7.965692 -1.6452214
-3.0991113 -8.0427065 -1.6451944
-2.7072852 -8.1826124 -1.6451395
-2.5089746 -8.2454271 -1.6451118
-2.3091991 -8.3034382 -1.6450839
-2.1080859 -8.3566113 -1.6450557
-1.9057617 -8.4049129 -1.6450274
-1.7023046 -8.4483089 -1.6449989
-1.2926172 -8.5203218 -1.6449416
-1.0865527 -8.5488863 -1.6449127
-0.46520507 -8.60464 -1.6448257
-0.25737303 -8.6132135 -1.6447966
0.15855469 -8.6152906 -1.6447383
0.36643553 -8.6088104 -1.6447091
0.57409179 -8.597311 -1.6446801
1.4001074 -8.5013218 -1.6445643
1.6048437 -8.4649067 -1.6445357
1.8086425 -8.4235668 -1.6445071
2.0113866 -8.3773117 -1.6444786
2.2129591 -8.3261909 -1.6444503
2.4132128 -8.2702093 -1.6444223
2.8093944 -8.1438513 -1.6443667
3.1990039 -7.9985251 -1.6443121
4.4979882 -7.3458691 -1.6441296
4.6739063 -7.235054 -1.6441048
4.8470798 -7.1200442 -1.6440806
5.0174413 -7.0008812 -1.6440567
5.3631835 -6.7679834 -1.6482871
5.9127536 -6.7634807 -1.7147623
6.509326 -6.7579141 -1.7909946
7.1510153 -6.1165318 -1.7961572
7.4376755 -5.7641907 -1.7961167
7.83499 -5.2108159 -1.7960608
8.1912012 -4.630188 -1.7960104
8.4049606 -4.2294374 -1.7959802
8.6887398 -3.6101861 -1.79594
8.7732716 -3.3994122 -1.7959281
3.0611229 -1.0191388 -0.61582822
3.0575879 -0.93661529 -0.61038888
3.0543554 -0.85556209 -0.60544544
9.1717377 -2.0976105 -1.7958714
9.2993746 -1.4285351 -1.7958531
9.3783102 -0.75198364 -1.7958417
9.3937006 -0.52541381 -1.7958392
9.4036522 -0.2985388 -1.7958376
9.4081049 -0.071502075 -1.7958369
9.4070892 0.1555896 -1.7958369
9.3886232 0.60935605 -1.7958392
9.3483105 1.0617059 -1.7958446
9.3199806 1.2870233 -1.7958484
9.202529 1.9579632 -1.7958643
3.0524902 0.80520874 -0.60257918
3.0625293 1.0501025 -0.61797363
8.8238869 3.2656529 -1.7959166
8.1008492 3.6846075 -1.6986938
7.4584274 4.3043761 -1.643707
7.3524218 4.4831715 -1.6437219
7.2421288 4.6593661 -1.6437372
7.0090137 5.0035057 -1.6437696
6.6288376 5.4976645 -1.6438226
6.3558493 5.811151 -1.6438255
5.3977342 5.7051368 -1.4991273
4.9038672 5.7117372 -1.4369301
4.6717286 5.7148385 -1.4089258
4.4483399 5.7178235 -1.382781
4.2329688 5.7207007 -1.3583679
4.0249414 5.7234778 -1.335565
3.628623 5.7287693 -1.2943826
3.2551563 5.7337537 -1.2585078
2.9010155 5.7384777 -1.2273481
2.5632422 5.7429833 -1.2004253
2.2392285 5.7473021 -1.1773427
2.0816503 5.749403 -1.1671381
1.3284765 5.7594323 -1.1282009
1.1657324 5.6760764 -1.1060371
0.88333005 5.6798339 -1.0971739
0.74387693 5.6834226 -1.0940785
0.61369139 5.7672081 -1.1070343
0.33354491 5.7709327 -1.1033683
0.19403321 5.7727866 -1.1025058
0.054638669 5.7746387 -1.1022865
-0.084785156 5.7764902 -1.1027094
-0.504834 5.7820678 -1.1078544
-0.93105465 5.7877221 -1.1189374
-1.0753027 5.7896361 -1.1239995
-1.2209668 5.7915683 -1.129768
-1.8215137 5.7995276 -1.1603036
-1.9772265 5.801589 -1.1699271
-2.4615722 5.8080029 -1.204064
-2.8016503 5.8125033 -1.231621
-2.9778028 5.8148327 -1.2469842
-3.3441894 5.8196802 -1.281178
-3.5352538 5.822207 -1.3001453
-3.732168 5.8248081 -1.3204615
-4.3001366 5.7485251 -1.3702803
-4.8312302 5.8474293 -1.4478068
-5.3323536 5.8540478 -1.5114664
-5.9580078 6.2318649 -1.6456878
-6.1064744 6.0860643 -1.6456343
-6.2515526 5.9368811 -1.6456265
-6.5309277 5.6284156 -1.6456659
-6.6649313 5.4692149 -1.6456847
-6.7950683 5.3068237 -1.6457031
-6.9212303 5.1413341 -1.645721
-7.0433984 4.9728403 -1.6457381
-7.1614161 4.8014536 -1.6457548
-7.3849316 4.4503527 -1.6457864
-7.6877637 3.9044988 -1.6458291
-8.1113081 3.8762615 -1.7159691
-8.5963087 3.856015 -1.7983564
-8.9282131 3.0094604 -1.7984034
-9.1769428 2.1348035 -1.7984388
-9.2258205 1.9126953 -1.7984458
-9.3074312 1.4652765 -1.7984576
-9.340107 1.2402142 -1.7984624
-9.3673439 1.0144348 -1.7984663
-9.3891211 0.78805602 -1.7984695
-9.4054098 0.56122619 -1.7984719
-9.4215431 0.10668945 -1.7984746
-9.4213667 -0.12072326 -1.7984747
-9.4045696 -0.57523191 -1.7984725
-9.3658295 -1.0283856 -1.7984675
-9.3052635 -1.4791372 -1.7984593
-9.2229786 -1.9264386 -1.798448
-9.1191988 -2.3692434 -1.7984338
-8.9941406 -2.8065143 -1.7984166
-8.9237499 -3.0227559 -1.798407
-8.8481445 -3.2372279 -1.7983965
-8.4946384 -4.075006 -1.7983475
-8.3937502 -4.2788062 -1.7983335
-8.1773529 -4.6787992 -1.7983035
-8.0619631 -4.8747435 -1.7982875
-7.8171873 -5.2580128 -1.7982534
-7.6879392 -5.4450836 -1.7982354
-7.5542088 -5.6289921 -1.7982168
-7.4160743 -5.8096123 -1.7981976
-6.8211231 -6.4971685 -1.7981148
-6.6048045 -6.6023483 -1.7825737
-6.3030272 -6.6124396 -1.7437049
-5.7361231 -6.6309185 -1.6735473
-5.1534567 -6.9106627 -1.6454813
-4.9850779 -7.0329342 -1.6454579
-4.4630175 -7.374846 -1.6453849
-4.2836423 -7.4802942 -1.6453599
-3.9175584 -7.6780553 -1.6453086
-3.7310252 -7.7702484 -1.6452825
-3.5423534 -7.8579149 -1.6452563
-2.9644334 -8.0932045 -1.6451755
-2.7681835 -8.162262 -1.6451479
-2.3710058 -8.2860508 -1.6450925
-2.1702929 -8.3407221 -1.6450644
-1.7652246 -8.4354458 -1.6450077
-1.5610741 -8.4754457 -1.6449792
-1.3560156 -8.5105124 -1.6449504
-1.1502441 -8.5406036 -1.6449217
-0.52927732 -8.6009846 -1.6448348
-0.3215332 -8.6111031 -1.6448056
0.51003903 -8.6013851 -1.6446891
0.71747071 -8.586421 -1.64466
0.92448241 -8.5664577 -1.644631
1.1309375 -8.5414944 -1.6446021
1.7458594 -8.4368458 -1.6445158
1.9489453 -8.392107 -1.6444874
2.3515527 -8.2879972 -1.644431
2.9448826 -8.0957441 -1.6443477
3.1393554 -8.0221767 -1.6443204
3.8978221 -7.6816869 -1.6442138
4.6199021 -7.2697062 -1.6441125
4.7939353 -7.1559811 -1.6440881
5.2987204 -6.7901134 -1.644017
5.5483689 -6.7665381 -1.6702554
5.8251071 -6.7642417 -1.7039043
6.1132321 -6.7616849 -1.739931
6.6405172 -6.6677899 -1.796229
6.9543943 -6.3394189 -1.7961848
7.1052833 -6.1696548 -1.7961636
7.2520213 -5.9963078 -1.7961431
7.3945603 -5.8194561 -1.7961229
7.5327635 -5.6392369 -1.7961034
7.6665916 -5.4557471 -1.7960845
7.9207811 -5.0793204 -1.7960486
8.0409765 -4.8866291 -1.7960316
8.1565237 -4.691081 -1.7960153
8.2672949 -4.4928231 -1.7959998
8.6616306 -3.6748264 -1.7959439
3.0622852 -1.044934 -0.61761153
3.0586426 -0.9619174 -0.61201286
9.2054396 -1.9442599 -1.7958666
9.2496576 -1.7215201 -1.7958603
9.288476 -1.4977758 -1.7958546
9.3219137 -1.2731454 -1.7958499
9.3498926 -1.0477962 -1.7958457
9.3724413 -0.82183653 -1.7958424
9.4011717 -0.36859131 -1.7958381
9.4031734 0.31254026 -1.7958374
9.3292971 1.2175512 -1.7958472
9.2168646 1.8893439 -1.7958624
9.1685934 2.1112647 -1.7958691
3.051621 0.78071225 -0.60124248
3.0545409 0.86051697 -0.60573685
3.0577831 0.94166011 -0.61070919
3.0613573 1.0242785 -0.61618066
7.6864157 3.8822186 -1.6436754
7.5905566 4.0666304 -1.6436888
7.1634374 4.7795835 -1.6437482
6.9245896 5.1198034 -1.6437814
6.7990723 5.2854857 -1.6437988
6.6695995 5.4481139 -1.6438168
6.2582517 5.9166455 -1.6438917
4.7424216 5.7138939 -1.4173638
4.5163965 5.7169127 -1.3906593
3.8850975 5.7253442 -1.3206859
3.4971189 5.7305245 -1.2814142
3.1307127 5.7354136 -1.2472291
2.9545312 5.7377648 -1.2318696
2.7825487 5.7400584 -1.2175865
2.6144042 5.7422996 -1.2043202
2.4498045 5.7444959 -1.1920303
1.9742675 5.7508335 -1.1605785
1.6699317 5.7548862 -1.1437794
1.3736132 5.7588315 -1.1300564
1.0675879 5.6773825 -1.1026665
0.92663085 5.6792579 -1.0983671
0.78690428 5.6828513 -1.0950675
0.37666991 5.7703586 -1.1037649
0.23707031 5.7722154 -1.1027036
-0.041748047 5.775918 -1.1025108
-0.18127929 5.777771 -1.1033782
-0.32109374 5.7796273 -1.1048911
-0.74407226 5.7852426 -1.1133575
-1.0306543 5.7890439 -1.1223623
-1.3225781 5.7929149 -1.1341771
-1.6214257 5.796875 -1.1489514
-1.773955 5.7988977 -1.1575019
-1.9288964 5.8009481 -1.1668674
-2.0864258 5.8030357 -1.1770766
-2.2468359 5.8051596 -1.1881623
-2.7481346 5.8117957 -1.2270982
-3.4756835 5.8214183 -1.2941504
-4.0265331 5.7530088 -1.3403534
-4.2330565 5.7476392 -1.3625157
-4.999619 5.8496532 -1.4688134
-5.9114747 6.2761374 -1.645704
-6.0610352 6.1314402 -1.6456511
-6.2070212 5.983181 -1.645596
-6.3498144 5.8317738 -1.6456404
-6.4887891 5.6768942 -1.64566
-6.6239843 5.5187025 -1.645679
-6.8827147 5.1927381 -1.6457155
-7.0061131 5.0251684 -1.6457329
-7.2405953 4.6813111 -1.6457659
-7.3515429 4.5052381 -1.6457815
-7.5605173 4.1452951 -1.6458111
-7.9642773 3.8791289 -1.6909322
-8.6594915 3.7120562 -1.7983655
-8.9055367 3.0758781 -1.7984003
-8.9772463 2.8600543 -1.7984104
-9.0436811 2.6425683 -1.79842
-9.1048822 2.4235461 -1.7984287
-9.2113085 1.9813659 -1.7984439
-9.382988 0.85798645 -1.7984686
-9.4180565 -0.27792847 -1.7984742
-9.347353 -1.184523 -1.7984649
-9.1895208 -2.0800874 -1.7984434
-9.1365919 -2.30125 -1.7984363
-9.0783691 -2.5210733 -1.7984282
-8.3211327 -4.4182529 -1.7983233
-8.0980959 -4.8145738 -1.7982924
-7.8561816 -5.1996369 -1.7982588
-7.7283201 -5.3876886 -1.7982409
-7.4591599 -5.7542253 -1.7982036
-7.318027 -5.9325233 -1.7981839
-6.7006445 -6.5991087 -1.7951268
-5.5503516 -6.6368284 -1.6514306
-5.2048044 -6.8721204 -1.6454885
-3.9746482 -7.6486974 -1.6453167
-3.6008008 -7.8313437 -1.6452644
-3.4107029 -7.9158421 -1.6452378
-3.2186229 -7.9957166 -1.645211
-2.8289354 -8.1414576 -1.6451565
-2.631582 -8.2072201 -1.6451288
-2.2323925 -8.3243637 -1.6450731
-1.6241894 -8.463623 -1.6449881
-1.4194238 -8.5002155 -1.6449593
-1.0075293 -8.5585022 -1.6449018
-0.80068356 -8.580184 -1.6448727
-0.3856543 -8.6085119 -1.6448146
-0.17780273 -8.6151638 -1.6447854
0.23813476 -8.6134062 -1.6447271
0.65349609 -8.5915785 -1.6446691
0.86066407 -8.5731478 -1.64464
1.0672852 -8.5497255 -1.644611
2.088701 -8.3583193 -1.6444677
2.8845117 -8.1174974 -1.6443563
3.0795214 -8.0453825 -1.6443287
3.4640527 -7.8871422 -1.6442748
4.0254297 -7.6154885 -1.644196
4.2079687 -7.5159941 -1.6441703
4.3881054 -7.4121294 -1.644145
4.7405272 -7.1915331 -1.6440955
5.0818849 -6.9541922 -1.6440475
5.2480173 -6.8294206 -1.6440241
5.4651074 -6.7671967 -1.6603243
5.7385349 -6.7649765 -1.6932768
6.3196778 -6.7597556 -1.7663314
6.5907421 -6.7170887 -1.796236
6.9070115 -6.3910623 -1.7961916
7.0591698 -6.2224274 -1.7961701
7.2071776 -6.0501771 -1.7961493
7.4905663 -5.6952105 -1.7961093
7.8827538 -5.1381903 -1.796054
8.121357 -4.7517338 -1.7960203
-8.0886326 -2.2306414 -1.7982893
-7.9059277 -2.8099637 -1.7982641
-7.7610254 -3.1881592 -1.7982441
-7.5980563 -3.5589213 -1.7982216
-7.4173632 -3.9213753 -1.7981966
-7.320488 -4.0992246 -1.798183
-7.2193747 -4.2746797 -1.7981689
-7.1140428 -4.4476318 -1.7981542
-7.0045605 -4.6179967 -1.7981391
-6.8910055 -4.7856641 -1.7981232
-6.7734375 -4.9505405 -1.7981069
-6.6519141 -5.1125312 -1.79809
-6.5265331 -5.2715373 -1.7980726
-6.3973336 -5.4274673 -1.7980546
-5.9877048 -5.8758969 -1.7979976
-5.8440723 -6.0186338 -1.7979774
-5.6970606 -6.1578565 -1.7979569
-5.5467186 -6.2934885 -1.7979361
-4.7913866 -6.6289825 -1.7530065
-4.329668 -6.6434231 -1.6995274
-3.8939354 -6.6564279 -1.6527979
-3.0501072 -7.0442257 -1.6451868
-2.7065625 -7.1829991 -1.6451389
-1.8219335 -7.4560423 -1.6450149
-1.6414355 -7.4977293 -1.6449897
-0.17208984 -7.67241 -1.6447841
0.19835937 -7.671536 -1.6447321
0.38345703 -7.6643906 -1.6447062
0.93693358 -7.6162095 -1.6446285
1.3033203 -7.5618839 -1.6445773
1.4854199 -7.5281177 -1.6445518
1.6666601 -7.489954 -1.6445264
1.8469141 -7.4474363 -1.644501
2.2040722 -7.3494077 -1.6444509
2.5560937 -7.2342753 -1.6444016
2.729912 -7.1703668 -1.6443771
3.4082031 -6.8734179 -1.6442819
3.5729296 -6.7890592 -1.6442589
4.1994433 -6.7449536 -1.7028806
4.427783 -6.7433395 -1.7289562
5.4105759 -6.4015508 -1.7964011
5.5634179 -6.2690287 -1.7963797
5.7130566 -6.1328592 -1.7963586
5.8593454 -5.9931183 -1.796338
6.141582 -5.7032585 -1.7962984
6.2773633 -5.5533171 -1.7962791
6.4095116 -5.4001389 -1.7962605
6.6624999 -5.0844469 -1.796225
6.7832031 -4.9221201 -1.7962079
7.0126853 -4.5889716 -1.7961755
7.1213474 -4.4183464 -1.7961602
7.3261619 -4.0694842 -1.7961313
7.4221778 -3.8914506 -1.7961177
7.6841016 -3.3441985 -1.7960806
7.9058008 -2.7794499 -1.7960491
3.1176367 -1.0122159 -0.70251244
3.1066992 -0.76528561 -0.68573707
8.2239447 -1.6093584 -1.7960038
8.3187599 -1.0101355 -1.7959901
8.3407125 -0.8090747 -1.7959869
8.370019 -0.40564024 -1.7959826
8.3701267 0.40311706 -1.795982
8.3409376 0.80655944 -1.7959858
8.2607908 1.4079113 -1.7959967
3.1066504 0.76428282 -0.68567836
3.1099315 0.84519041 -0.69070339
3.1135645 0.92743039 -0.69628096
3.117578 1.0111609 -0.70243198
7.7634764 3.1553998 -1.7960652
7.6851072 3.3418779 -1.7960761
7.6022558 3.5264056 -1.7960875
7.0539746 3.6956995 -1.7067454
6.6142383 3.8831573 -1.6438257
6.5186424 4.0416975 -1.6438389
6.4192576 4.1978765 -1.6438528
6.3161325 4.3516245 -1.6438671
6.2093263 4.5028305 -1.6438819
6.0988965 4.6514258 -1.6438974
5.9849119 4.7973194 -1.6439133
5.8674316 4.9404163 -1.6439296
5.6223145 5.2179041 -1.6439637
5.3640919 5.4832578 -1.6439997
5.2302442 5.6111889 -1.6440184
5.093369 5.7358484 -1.6440375
4.9534373 5.8571067 -1.6440365
4.8108692 5.9752378 -1.6441152
4.6654687 6.08989 -1.6441925
4.1679392 5.7214637 -1.5171015
3.7627831 5.7268763 -1.468621
3.5695214 5.7294579 -1.4467599
3.3818457 5.7319641 -1.4263619
3.0214062 5.7367759 -1.3896133
2.8478515 5.7390928 -1.3731209
2.3497949 5.7457361 -1.3304324
2.1902635 5.7478638 -1.3182971
2.033535 5.7499533 -1.3071349
1.8793652 5.752008 -1.2969105
1.2644824 5.6746764 -1.2460315
1.1218359 5.6765747 -1.2401397
0.98042965 5.6784558 -1.2350194
0.70092773 5.6839099 -1.2274083
0.57032228 5.7676988 -1.2421674
0.15099609 5.7732725 -1.2377571
-0.1278418 5.7769761 -1.2384311
-0.26753905 5.7788329 -1.2398521
-0.4076367 5.7806907 -1.2420003
-0.97541988 5.7882237 -1.2580296
-1.2662011 5.7920799 -1.2706808
-1.4139745 5.7940378 -1.2782271
-1.5636035 5.7960205 -1.286618
-1.8692676 5.8000693 -1.3060403
-2.0257812 5.8021421 -1.3171362
-2.347373 5.8063974 -1.3422815
-2.5130272 5.8085899 -1.3564181
-2.6822851 5.8108287 -1.3716624
-2.8554981 5.8131199 -1.3880727
-3.0330272 5.8154664 -1.4057077
-3.4024999 5.8203502 -1.4449383
-3.794121 5.8255248 -1.4899902
-4.1508493 5.746449 -1.5192819
-5.3468161 5.5098276 -1.6455002
-5.4783006 5.3792429 -1.6455187
-5.7316208 5.1087217 -1.6455543
-5.9715915 4.8262815 -1.645588
-6.0863962 4.6807971 -1.6456043
-6.409277 4.2283039 -1.6456498
-7.2899804 3.856828 -1.7675952
-7.5087304 3.7434838 -1.7982042
-7.5969629 3.5611932 -1.7982167
-7.6807418 3.3768311 -1.7982284
-7.7600684 3.1904924 -1.7982397
-7.8348436 3.0022869 -1.7982504
-8.0316505 2.4276128 -1.7982783
-8.0879297 2.2330761 -1.7982862
-8.139492 2.0372221 -1.7982936
-8.2284079 1.6420856 -1.7983063
-8.2656641 1.4430127 -1.7983117
-8.3484373 0.84122312 -1.7983238
-8.3663282 0.639494 -1.7983264
-8.3793459 0.43738219 -1.7983284
-8.3906927 0.03251892 -1.7983302
-8.3824902 -0.37243164 -1.7983292
-8.3335447 -0.97791713 -1.7983229
-8.2765913 -1.3789169 -1.798315
-8.2408981 -1.5782708 -1.7983102
-8.2003613 -1.7766953 -1.7983047
-8.0502539 -2.3653045 -1.7982841
-7.9266601 -2.750993 -1.798267
-7.7067089 -3.3172095 -1.7982366
-7.6243749 -3.5022304 -1.7982252
-7.5375586 -3.6852038 -1.7982131
-7.3508301 -4.0445895 -1.7981873
-7.2510252 -4.2207913 -1.7981733
-7.1470017 -4.3945289 -1.7981589
-7.0387988 -4.5657077 -1.7981439
-6.6898437 -5.0628486 -1.7980953
-6.5656347 -5.2227879 -1.7980779
-6.3058105 -5.5334306 -1.7980418
-6.1703806 -5.6839428 -1.798023
-6.0313282 -5.8311486 -1.7980037
-5.8887596 -5.9749517 -1.7979836
-5.5934668 -6.2520213 -1.7979425
-5.4408689 -6.3851242 -1.7979213
-5.1097555 -6.6186595 -1.7920775
-4.1763182 -6.6480718 -1.6826513
-3.9596484 -6.6545072 -1.6596005
-3.4378123 -6.8636413 -1.6452409
-3.1025293 -7.0213385 -1.6451941
-2.9320996 -7.0940733 -1.6451702
-2.7600098 -7.1626639 -1.6451463
-2.4110644 -7.2872972 -1.6450975
-2.2344434 -7.3432493 -1.6450727
-2.0565429 -7.3949337 -1.6450479
-1.6972461 -7.4853268 -1.6449975
-1.5160644 -7.523994 -1.6449722
-1.3340039 -7.5582762 -1.6449467
-0.96771485 -7.6136069 -1.6448954
-0.78364259 -7.6346273 -1.6448697
-0.59915036 -7.6511974 -1.6448438
-0.41429687 -7.663311 -1.6448179
0.32634765 -7.667078 -1.6447141
0.69594723 -7.6421552 -1.6446624
0.88015622 -7.6230164 -1.6446366
1.7914062 -7.4610209 -1.6445088
2.149287 -7.3656583 -1.6444585
2.3263965 -7.3115282 -1.6444339
2.5021288 -7.2531457 -1.6444092
3.189502 -6.9777508 -1.6443127
3.5224805 -6.8155169 -1.6442659
4.130332 -6.74541 -1.695179
4.3565917 -6.7438607 -1.7207209
4.5897851 -6.7420988 -1.7480351
5.0458202 -6.6931505 -1.7964524
5.205781 -6.5693417 -1.79643
5.5165915 -6.3103247 -1.7963862
5.8145604 -6.0366192 -1.7963443
6.3691406 -5.447752 -1.7962663
6.4986815 -5.2923851 -1.796248
6.6244726 -5.1339502 -1.7962303
6.8643551 -4.8082113 -1.7961965
7.1940722 -4.2988672 -1.7961498
7.7388473 -3.215487 -1.7960728
7.8141403 -3.0277605 -1.7960622
7.8848729 -2.8382676 -1.7960522
3.1148143 -0.95414704 -0.69819212
3.1110644 -0.8714444 -0.69243252
8.2117281 -1.6705801 -1.7960057
8.3110151 -1.0720794 -1.7959913
8.3344526 -0.87117368 -1.7959878
8.3530369 -0.66977477 -1.7959851
8.3667574 -0.46797362 -1.7959831
8.3622561 0.54273927 -1.7959831
8.3467093 0.74440855 -1.7959851
8.3263378 0.94563717 -1.7959878
8.2710257 1.3463428 -1.7959952
3.1057129 0.73956358 -0.68423629
3.1088769 0.82008481 -0.68909466
3.1162987 0.98515439 -0.70047116
3.1205761 1.0700079 -0.70703244
7.7867379 3.0974762 -1.796062
7.5423727 3.6527922 -1.7960958
6.5485544 3.9930143 -1.6438348
6.4503417 4.1499376 -1.6438484
6.3483591 4.3044386 -1.6438626
6.2426758 4.4564438 -1.6438774
6.1333594 4.6058593 -1.6438925
6.0204492 4.7525854 -1.6439081
5.7842088 5.037673 -1.6439412
5.6610055 5.1758604 -1.6439584
5.4047556 5.4431286 -1.6439941
4.9968357 5.8199573 -1.6440121
4.8551559 5.9391527 -1.6440911
4.7106247 6.0548849 -1.6441689
4.0248728 5.7233739 -1.4995877
3.6285448 5.7286692 -1.4533478
2.9009666 5.7383838 -1.378083
2.7302148 5.7406616 -1.3624035
2.5632031 5.7428894 -1.3478538
2.3996191 5.7450719 -1.33438
2.0816114 5.7493114 -1.3104784
1.328457 5.7593455 -1.2667602
1.0239551 5.6778769 -1.2365186
0.88332027 5.6797495 -1.2319233
0.74386716 5.6833386 -1.2284483
0.4733789 5.7689881 -1.2405702
0.33354491 5.7708459 -1.2388783
0.054638669 5.7745519 -1.2376629
-0.22438475 5.7782578 -1.2393354
-0.64597654 5.783855 -1.247309
-0.78799802 5.7857385 -1.2514535
-1.2209473 5.7914796 -1.2685188
-1.9771875 5.8014975 -1.3136092
-2.2969337 5.8057313 -1.3381339
-2.4615331 5.807909 -1.3519391
-2.6296484 5.810133 -1.3668365
-2.8016014 5.812407 -1.38288
-3.3441308 5.8195801 -1.4385214
-3.5351954 5.822103 -1.4598175
-3.7320995 5.8247046 -1.4826292
-4.0912595 5.7537599 -1.5131149
-4.5987887 6.1477723 -1.6454633
-4.7457323 6.0348535 -1.6454262
-5.4380665 5.4198804 -1.6455129
-5.9354687 4.8706141 -1.645583
-6.5765524 3.9632378 -1.6456735
-7.5701852 3.6176801 -1.7982129
-7.6553512 3.4339349 -1.7982249
-7.7360644 3.2482018 -1.7982364
-7.8122654 3.0605609 -1.7982472
-7.9509277 2.6800401 -1.7982669
-8.0710545 2.2932508 -1.7982838
-8.1240911 2.0978014 -1.7982914
-8.1723928 1.9011182 -1.7982984
-8.2546577 1.5045477 -1.7983102
-8.3177052 1.1044531 -1.7983192
-8.3419628 0.90339112 -1.7983227
-8.3613377 0.70178771 -1.7983257
-8.3902245 0.095009767 -1.7983301
-8.3900681 -0.10750854 -1.7983302
-8.3750973 -0.51226193 -1.7983284
-8.3602734 -0.71423948 -1.7983264
-8.3405857 -0.91580963 -1.7983238
-8.2866507 -1.3172256 -1.7983165
-8.2524214 -1.5168408 -1.7983118
-8.2133789 -1.7155609 -1.7983066
-7.8795996 -2.8828738 -1.7982605
-7.7312107 -3.2597227 -1.7982401
-7.6502633 -3.4453447 -1.7982287
-7.3807812 -3.9897249 -1.7981913
-7.2822948 -4.1666718 -1.7981777
-7.1795506 -4.3411775 -1.7981634
-7.0726171 -4.5131564 -1.7981486
-6.9615722 -4.6825066 -1.7981333
-6.7273827 -5.0128894 -1.7981006
-6.4775391 -5.3315868 -1.7980658
-6.3468943 -5.4863191 -1.7980475
-6.2125487 -5.6378465 -1.7980288
-6.0746188 -5.7860789 -1.7980096
-5.6398826 -6.2102056 -1.7979491
-5.1756349 -6.6017313 -1.7978842
-4.4691892 -6.6391287 -1.7152734
-3.8149414 -6.6617289 -1.6452937
-3.6529393 -6.7517753 -1.6452709
-3.488867 -6.8378687 -1.6452481
-3.1547265 -6.9980707 -1.6452013
-2.9848828 -7.0720639 -1.6451776
-2.8132908 -7.1419482 -1.6451536
-2.6400585 -7.207653 -1.6451293
-2.4652929 -7.2691679 -1.6451049
-2.111582 -7.3794408 -1.6450555
-1.5720702 -7.5125303 -1.64498
-1.3902832 -7.5481653 -1.6449547
-1.2076757 -7.5794101 -1.6449291
-0.47137696 -7.6600499 -1.6448261
-0.28634766 -7.669076 -1.6448001
-0.1011914 -7.6736312 -1.6447741
0.45424804 -7.6604795 -1.6446964
0.82336915 -7.6293945 -1.6446446
1.1905273 -7.5805387 -1.6445931
1.3731054 -7.549479 -1.6445675
1.5549023 -7.5140285 -1.6445421
1.7357519 -7.474194 -1.6445166
1.915625 -7.4300084 -1.6444914
2.4480469 -7.2716155 -1.6444168
2.9675975 -7.0751352 -1.6443439
3.4715624 -6.8415985 -1.644273
3.6354394 -6.7557178 -1.64425
3.843828 -6.7471342 -1.6642611
4.0618067 -6.7458463 -1.6876385
5.1566892 -6.6079679 -1.7964369
5.3146777 -6.4815011 -1.7964146
5.6210742 -6.2173429 -1.7963716
5.769453 -6.0797849 -1.7963507
6.5860543 -5.1831684 -1.7962356
6.7091599 -5.0226607 -1.7962184
6.9436035 -4.6929603 -1.7961853
7.0547657 -4.5239782 -1.7961695
7.1618552 -4.3523583 -1.7961545
7.3634081 -4.0016141 -1.796126
7.547832 -3.6415629 -1.7961
7.7146387 -3.2730632 -1.7960763
3.1160545 -0.97997189 -0.70008618
8.1990719 -1.7317044 -1.7960074
8.2730274 -1.3340335 -1.7959968
8.327734 -0.93324703 -1.7959889
8.3478022 -0.73199093 -1.7959859
8.3733883 -0.32829529 -1.795982
8.3788671 -0.12611572 -1.795981
8.3794823 0.076160274 -1.7959809
8.3094044 1.0844433 -1.7959901
8.2808294 1.2846911 -1.7959939
3.1078613 0.79510254 -0.68753797
3.1112792 0.87650025 -0.69277227
3.1150486 0.95929688 -0.69856602
7.6539059 3.4127362 -1.7960802
7.569375 3.596488 -1.796092
6.9105563 3.7023289 -1.6802521
6.4810643 4.1017575 -1.6438441
6.2756739 4.4098034 -1.6438727
6.0557032 4.7075839 -1.6439033
5.9403415 4.8524256 -1.6439195
5.8215623 4.9944324 -1.6439359
5.6994042 5.1335301 -1.6439528
5.5738864 5.2696486 -1.6439705
5.4451561 5.4026999 -1.6439885
5.3132224 5.5325975 -1.6440067
5.1781931 5.6592941 -1.6440257
5.0399899 5.7824879 -1.6439874
4.899199 5.9027195 -1.6440645
4.2985449 5.719718 -1.5334508
3.4970605 5.7304249 -1.4387858
2.9544823 5.7376695 -1.3831593
2.7825098 5.7399631 -1.3671206
2.4497657 5.7444029 -1.3384279
2.1299608 5.7486668 -1.3139111
1.6699121 5.7547975 -1.2842519
1.3735839 5.7587438 -1.2688435
1.2097168 5.675405 -1.2436841
1.0675781 5.6772971 -1.23809
0.9266113 5.6791735 -1.2332605
0.7868945 5.682766 -1.2295564
0.65708983 5.7665453 -1.2438904
-0.041748047 5.7758322 -1.2379147
-0.32110351 5.779542 -1.2405871
-0.46140623 5.781405 -1.2430161
-0.60233396 5.7832751 -1.2461817
-0.74406248 5.7851562 -1.2500944
-1.0306348 5.7889576 -1.2602049
-1.7739258 5.7988071 -1.2996597
-1.9288671 5.800858 -1.3101752
-2.0863965 5.8029442 -1.3216373
-2.9229295 5.8140111 -1.3946736
-3.8719237 5.8265538 -1.4993387
-4.0264649 5.7529054 -1.5049647
-4.2329783 5.7475328 -1.5298485
-4.9881544 5.8362098 -1.6454496
-5.1276269 5.7141967 -1.6454693
-5.2640915 5.5888376 -1.6454884
-5.5277929 5.3284254 -1.6455256
-5.6548438 5.1935072 -1.6455435
-5.898994 4.9146838 -1.6455778
-6.1294141 4.6243873 -1.6456103
-6.2392969 4.4751563 -1.6456258
-6.4481053 4.16892 -1.6456553
-6.6798339 3.8750567 -1.6551203
-7.0444627 3.8623517 -1.7218307
-7.4488182 3.8532171 -1.7974019
-7.5430079 3.6739562 -1.7982091
-7.6295605 3.49086 -1.7982212
-7.7116308 3.305733 -1.7982328
-7.7892284 3.1186578 -1.7982439
-8.108242 2.158258 -1.7982892
-8.1579781 1.9619311 -1.7982963
-8.2030077 1.7644787 -1.7983028
-8.2432318 1.5659961 -1.7983085
-8.3092184 1.1663812 -1.798318
-8.3349905 0.96550411 -1.7983218
-8.3830175 0.35994568 -1.7983289
-8.3892775 0.15751892 -1.7983298
-8.3653708 -0.65195125 -1.7983271
-8.3471975 -0.8536517 -1.7983247
-8.324131 -1.0548593 -1.7983215
-8.1836033 -1.8523873 -1.7983024
-8.0846186 -2.24511 -1.7982888
-7.9008884 -2.8240998 -1.7982635
-7.8303614 -3.0139613 -1.7982538
-7.7553024 -3.2020485 -1.7982434
-7.5031934 -3.7546771 -1.7982085
-7.4103222 -3.9346404 -1.7981955
-7.3131442 -4.1123033 -1.798182
-7.1060543 -4.4603577 -1.7981532
-6.9962888 -4.6305175 -1.7981379
-6.8824215 -4.7979922 -1.798122
-6.7645507 -4.9626484 -1.7981057
-6.5170798 -5.2832146 -1.7980713
-6.3876071 -5.4389048 -1.7980533
-6.2543945 -5.5914154 -1.7980347
-5.9771676 -5.8865995 -1.797996
-5.8332911 -6.0290704 -1.797976
-5.6859961 -6.1680431 -1.7979554
-5.3816404 -6.4350791 -1.7979131
-4.5399218 -6.6369281 -1.7233948
-4.313076 -6.6439304 -1.6976787
-4.0926952 -6.6505742 -1.6736423
-3.8782322 -6.6568842 -1.6511858
-3.5397069 -6.8117175 -1.6452552
-3.3742578 -6.895071 -1.6452321
-3.2067871 -6.9744 -1.6452087
-2.8664453 -7.1208153 -1.6451612
-2.6936815 -7.1878185 -1.645137
-2.5193944 -7.2506342 -1.6451125
-2.1664941 -7.3635435 -1.6450632
-1.627998 -7.5006495 -1.6449879
-1.4464746 -7.5376401 -1.6449624
-1.2641211 -7.5702362 -1.6449369
-1.0810156 -7.5984225 -1.6449113
-0.7130664 -7.6414933 -1.6448598
0.39716795 -7.6636901 -1.6447042
0.95054686 -7.6145105 -1.6446267
1.134043 -7.5892334 -1.6446011
1.3168359 -7.559536 -1.6445755
1.4988965 -7.5254397 -1.6445498
1.680039 -7.4869518 -1.6445245
1.8602344 -7.4441085 -1.6444992
2.0393262 -7.3969321 -1.6444741
2.2172167 -7.3454504 -1.6444491
3.2537987 -6.9479527 -1.6443036
3.4204979 -6.8672948 -1.6442802
4.681035 -6.7413659 -1.7589837
5.4219823 -6.3918524 -1.7963995
5.5746679 -6.2590623 -1.7963781
5.7240233 -6.1226182 -1.796357
5.8700681 -5.982615 -1.7963365
6.1517868 -5.6922488 -1.7962968
6.4191504 -5.3886499 -1.7962593
6.5472751 -5.2321091 -1.7962412
6.6715817 -5.0725088 -1.7962235
7.233418 -4.232213 -1.7961444
-7.3299704 -1.8322686 -1.7981828
-7.2835937 -2.0086408 -1.7981764
-7.0559278 -2.7013714 -1.7981449
-6.9886327 -2.8708673 -1.7981356
-6.9172559 -3.0386865 -1.7981259
-6.6791697 -3.5311186 -1.7980927
-6.5919528 -3.6912677 -1.7980807
-6.5009179 -3.8492665 -1.798068
-6.2052245 -4.3094096 -1.798027
-6.0993848 -4.457881 -1.7980123
-5.7607031 -4.8873582 -1.797965
-5.6410351 -5.0249252 -1.7979484
-5.130127 -5.545095 -1.7978772
-4.9947557 -5.6672406 -1.7978582
-4.5715137 -6.0135574 -1.7977992
-4.4249802 -6.1220684 -1.7977787
-4.1243067 -6.3283238 -1.7977368
-3.8139844 -6.5198178 -1.7976935
-3.2669237 -6.6456614 -1.762418
-3.072578 -6.6511097 -1.7436826
-2.882129 -6.6562877 -1.7262956
-2.6952734 -6.6612077 -1.7101976
-2.1533105 -6.6745391 -1.6691322
-1.8048534 -6.6823401 -1.6473558
-1.6407812 -6.7142911 -1.6449891
-1.4780566 -6.7518444 -1.6449664
-0.98572266 -6.8408041 -1.6448975
-0.6544531 -6.8802066 -1.6448511
0.51177734 -6.8916025 -1.6446878
1.3374902 -6.7793851 -1.6445719
1.5007422 -6.7450323 -1.644549
1.8408495 -6.7240076 -1.6591721
2.7472558 -6.7232947 -1.7285414
3.5159178 -6.6804528 -1.7966666
4.1433105 -6.3100953 -1.7965786
4.2943454 -6.2081914 -1.7965574
4.4428806 -6.1026602 -1.7965366
4.73208 -5.8810248 -1.7964958
5.5309567 -5.1362095 -1.7963835
5.6532421 -5.0011749 -1.7963662
5.7722654 -4.863234 -1.7963494
6.0001168 -4.5789423 -1.7963175
6.2139649 -4.2839947 -1.7962872
6.4133692 -3.9790776 -1.7962592
6.5074902 -3.823103 -1.7962458
6.7668653 -3.3422029 -1.7962091
6.8455272 -3.177897 -1.7961979
6.9202147 -3.0117307 -1.7961874
7.1198339 -2.5031347 -1.7961591
3.1692383 -0.86233121 -0.78168613
3.1654589 -0.77976072 -0.77588415
7.4391894 -1.2701962 -1.7961135
7.4676757 -1.0902753 -1.7961094
7.491787 -0.90971828 -1.7961059
7.5269332 -0.5471344 -1.7961007
7.54457 -0.18327941 -1.7960981
7.5467868 -0.0011340332 -1.7960976
7.5446191 0.18100707 -1.7960979
7.5380468 0.36304322 -1.7960986
7.5270896 0.54487365 -1.7961
7.5117774 0.72638118 -1.796102
7.4920602 0.9074676 -1.7961047
7.467988 1.0880297 -1.7961079
7.43958 1.2679522 -1.7961118
7.406816 1.4471442 -1.7961164
3.1691797 0.86129391 -0.78160942
3.1733789 0.94524658 -0.78804159
6.9916797 2.8417096 -1.7961736
6.9210935 3.0096459 -1.7961832
6.8464842 3.1758258 -1.7961936
6.7678709 3.3401604 -1.7962044
6.598877 3.6629076 -1.7962279
5.9900193 3.7139263 -1.6773754
5.7810645 3.7805274 -1.6439425
5.2840819 4.4492235 -1.6440116
5.1752048 4.5754967 -1.6440268
5.0633106 4.6991124 -1.6440424
4.9484668 4.8199997 -1.6440583
4.8307614 4.9380698 -1.6440748
4.7101951 5.0532751 -1.6440916
4.4609666 5.274796 -1.6441264
4.0677829 5.5839024 -1.6441811
3.6532128 5.8636851 -1.6442142
3.5107715 5.9503746 -1.644277
3.3662403 6.0336022 -1.6443381
3.2197657 6.1133118 -1.644398
2.1902246 5.7477722 -1.4638867
2.0334961 5.7498608 -1.4514923
1.5776563 5.7559376 -1.4204043
1.2644726 5.6745896 -1.3836398
1.1218066 5.6764894 -1.3770993
0.84010738 5.6802378 -1.3665681
0.70090818 5.6838245 -1.3629624
0.43017578 5.7694736 -1.376912
0.15099609 5.7731872 -1.3744535
0.011611328 5.7750378 -1.374427
-0.1278418 5.7768893 -1.3752017
-0.54829103 5.7824707 -1.3823659
-1.4139551 5.7939477 -1.4193923
-1.5635742 5.7959299 -1.4287094
-1.7152734 5.7979393 -1.4389931
-2.0257421 5.8020482 -1.4625969
-2.3473339 5.8063035 -1.4905192
-2.5129786 5.8084936 -1.506216
-2.682246 5.8107324 -1.5231442
-3.1967773 6.129458 -1.6452662
-3.4887598 5.9678917 -1.645224
-3.7728026 5.7927842 -1.6452794
-4.1821775 5.5048389 -1.645337
-4.3138475 5.4023557 -1.6453555
-4.443037 5.2967224 -1.6453737
-4.8147559 4.9615512 -1.645426
-4.9331346 4.8439527 -1.6454426
-5.3773336 4.3459983 -1.6455052
-5.6779003 3.9456718 -1.6455474
-6.1548729 3.8505425 -1.7278743
-6.4846678 3.8422797 -1.7938944
-6.7614551 3.3709331 -1.7980996
-6.916338 3.0407622 -1.7981216
-7.0550976 2.7034862 -1.7981412
-7.11832 2.5324433 -1.7981503
-7.177402 2.3599133 -1.7981586
-7.2829785 2.0108283 -1.7981737
-7.3294139 1.834469 -1.7981803
-7.4094629 1.478653 -1.7981918
-7.4722166 1.1193768 -1.7982008
-7.4970508 0.93871456 -1.7982043
-7.517539 0.75749695 -1.7982074
-7.5336523 0.57584655 -1.7982098
-7.545361 0.39385191 -1.7982115
-7.5540915 -0.15308593 -1.7982131
-7.53791 -0.5174365 -1.798211
-7.5041208 -0.88058805 -1.7982066
-7.4528613 -1.2416793 -1.7981995
-7.3842282 -1.5998666 -1.7981902
-7.1377831 -2.4772015 -1.7981564
-7.0098243 -2.8187337 -1.7981387
-6.619287 -3.6420681 -1.7980845
-6.4357324 -3.957191 -1.798059
-6.2371774 -4.2630725 -1.7980314
-6.132422 -4.4123306 -1.7980168
-5.7969728 -4.8443232 -1.7979701
-5.5563669 -5.1183219 -1.7979366
-5.4311619 -5.2508874 -1.7979192
-5.3027539 -5.3803773 -1.7979013
-4.8994532 -5.7497582 -1.797845
-4.470459 -6.0889573 -1.7977852
-4.3221774 -6.1950092 -1.7977644
-4.0180955 -6.3962116 -1.797722
-3.5277832 -6.6380939 -1.78908
-2.9405174 -6.6547179 -1.7315211
-2.2079003 -6.6732616 -1.6728787
-2.031826 -6.6773295 -1.6611183
-1.8580663 -6.6811886 -1.6504388
-1.6906347 -6.7019157 -1.6449962
-1.528457 -6.7406707 -1.6449734
-1.3652344 -6.7755027 -1.6449505
-1.2012988 -6.8063912 -1.6449276
-1.0366504 -6.833303 -1.6449046
-0.87143552 -6.8562393 -1.6448814
-0.53953123 -6.8901091 -1.644835
-0.039648436 -6.9107938 -1.644765
0.29389647 -6.9044604 -1.6447183
0.62670898 -6.8820376 -1.6446716
0.79261714 -6.8648119 -1.6446484
1.6143163 -6.7235498 -1.6456515
1.7871094 -6.7239232 -1.6558195
2.6890235 -6.7234569 -1.7233855
2.878916 -6.7228699 -1.7405435
3.2705662 -6.7211585 -1.7789329
3.626826 -6.6207929 -1.7966511
3.9420116 -6.437901 -1.7966069
4.0962205 -6.3408127 -1.7965852
4.3973341 -6.1356149 -1.7965429
4.5440526 -6.0276294 -1.7965224
4.9680958 -5.6828852 -1.7964627
5.1037302 -5.5612683 -1.7964436
5.2364354 -5.4364104 -1.7964249
5.615859 -5.0431628 -1.7963715
5.7358789 -4.9061117 -1.7963547
5.8525681 -4.7662015 -1.7963382
6.1818943 -4.3301768 -1.7962918
6.2845602 -4.1796756 -1.7962773
6.478828 -3.8714788 -1.7962499
6.570322 -3.7139647 -1.7962369
6.8975878 -3.0632031 -1.7961906
7.0372949 -2.7267625 -1.7961707
7.1010156 -2.5561042 -1.7961618
3.1748242 -0.97252685 -0.79024702
3.1704881 -0.88809109 -0.78360391
3.1665819 -0.80510193 -0.77760738
7.3953805 -1.5045047 -1.7961198
7.4593358 -1.1458762 -1.7961106
7.4848046 -0.96550411 -1.7961069
7.5059371 -0.78457153 -1.796104
7.522656 -0.60319275 -1.7961013
7.5350289 -0.42145264 -1.7960995
7.5429883 -0.23946777 -1.7960982
7.5465722 -0.057354126 -1.7960976
7.5405469 0.30687988 -1.7960982
7.4986129 0.85163021 -1.7961038
7.4173923 1.3919238 -1.7961148
3.1814647 1.0908856 -0.80044788
7.0778708 2.6194725 -1.7961617
7.0126367 2.7895422 -1.7961706
6.9432907 2.9580011 -1.7961802
6.7925587 3.2896459 -1.7962011
6.6259766 3.6136463 -1.7962241
6.0834374 3.7093999 -1.6957517
5.8090525 3.737354 -1.6439385
5.6220312 4.0133801 -1.6439645
5.5235548 4.1479316 -1.6439782
5.3170605 4.4097252 -1.6440071
5.2091308 4.5368104 -1.644022
4.9842381 4.7829871 -1.6440533
4.8674021 4.9019346 -1.6440697
4.5001268 5.2414026 -1.6441209
4.3723536 5.3485498 -1.6441388
3.9740624 5.6510544 -1.6441942
3.8365722 5.745388 -1.6442136
3.696748 5.8362412 -1.6441946
3.4110546 6.008286 -1.6443194
3.2651854 6.089088 -1.6443797
2.900918 5.7382884 -1.530274
2.7301562 5.7405663 -1.5128639
1.9266406 5.7512865 -1.443534
1.7740819 5.7533188 -1.4328763
1.4751855 5.7573032 -1.4144681
1.3284277 5.7592564 -1.4066592
1.1656836 5.6759043 -1.3790257
0.74385738 5.6832528 -1.3641162
0.61366212 5.767036 -1.3802686
0.47336912 5.7688999 -1.3775779
0.33354491 5.7707591 -1.3756979
0.19403321 5.7726121 -1.3746229
0.054628905 5.7744651 -1.3743496
-0.22438475 5.7781711 -1.3762065
-0.3643457 5.7800303 -1.3783418
-0.64596677 5.7837682 -1.3850595
-0.93102539 5.7875476 -1.3951101
-1.0752734 5.7894602 -1.4014206
-1.3681641 5.7933435 -1.4167076
-1.5171875 5.7953162 -1.4257317
-1.9771582 5.801405 -1.4586815
-2.1355567 5.8035021 -1.4717437
-2.2969043 5.8056359 -1.485913
-2.4614844 5.8078122 -1.5012437
-2.6296093 5.8100376 -1.5177853
-2.8015528 5.8123093 -1.535601
-3.1510448 6.15312 -1.645272
-3.2986035 6.0752072 -1.6452525
-3.7295215 5.820703 -1.6452734
-3.8689744 5.7290659 -1.6452929
-4.1410251 5.5358191 -1.6453313
-4.5308399 5.2218833 -1.645386
-4.7776561 4.9972558 -1.6454208
-4.896914 4.880548 -1.6454375
-5.3448048 4.3859177 -1.6455007
-5.5503221 4.1229663 -1.6455296
-6.3802633 3.8449144 -1.7728878
-6.5631051 3.7422259 -1.7980717
-6.7361622 3.4211895 -1.7980962
-6.8168163 3.2576427 -1.7981076
-6.8934765 3.0921838 -1.7981184
-6.9661617 2.9249346 -1.7981286
-7.0992479 2.5853875 -1.7981476
-7.1596189 2.413311 -1.7981561
-7.2158008 2.2398157 -1.7981641
-7.2677832 2.0650165 -1.7981715
-7.4636717 1.1750085 -1.7981995
-7.5550289 -0.096804805 -1.7982131
-7.541543 -0.46127868 -1.7982115
-7.5282125 -0.64315552 -1.7982098
-7.5104785 -0.82466519 -1.7982075
-7.4310837 -1.3658741 -1.7981967
-7.395947 -1.5448159 -1.7981919
-7.3564844 -1.7228665 -1.7981864
-7.2124705 -2.2505646 -1.7981666
-6.8888865 -3.1024542 -1.7981219
-6.7310739 -3.4312377 -1.7981
-6.6462402 -3.592664 -1.7980882
-6.3687792 -4.0640149 -1.7980497
-6.1651464 -4.366538 -1.7980213
-5.9471383 -4.658886 -1.797991
-5.7153025 -4.9403586 -1.7979586
-5.594326 -5.0768099 -1.7979418
-5.4701171 -5.2103019 -1.7979246
-5.3426952 -5.340744 -1.7979068
-5.2122068 -5.4680901 -1.7978886
-5.0786619 -5.5922356 -1.79787
-4.8028026 -5.8306708 -1.7978315
-4.660625 -5.9448266 -1.7978117
-4.5157323 -6.05551 -1.7977914
-4.3682323 -6.1626639 -1.7977709
-4.218164 -6.266223 -1.7977499
-4.0656638 -6.3661284 -1.7977285
-3.9107811 -6.4623203 -1.7977071
-3.59041 -6.6362352 -1.7957363
-3.3890038 -6.6421556 -1.7746832
-2.6246386 -6.6630254 -1.7043654
-2.0858984 -6.676096 -1.6646305
-1.911455 -6.6800194 -1.6536219
-1.7405468 -6.6891651 -1.645003
-1.5786718 -6.7291288 -1.6449804
-1.4156739 -6.7651739 -1.6449577
-1.2519727 -6.797277 -1.6449347
-1.0875293 -6.8254223 -1.6449118
-0.75688475 -6.8697581 -1.6448654
-0.42447266 -6.8980842 -1.6448188
0.2424414 -6.9064879 -1.6447254
0.57542968 -6.8865442 -1.6446787
0.74146485 -6.8705554 -1.6446556
0.9070605 -6.8505645 -1.6446322
1.0721093 -6.8265815 -1.6446092
1.4002539 -6.766705 -1.6445631
1.5629785 -6.7308383 -1.6445403
1.7335644 -6.7238245 -1.6525697
2.0844727 -6.7242088 -1.6754606
3.0124316 -6.7223601 -1.753185
3.7368164 -6.5592914 -1.7966357
3.8940039 -6.4671135 -1.7966136
4.4990625 -6.0613394 -1.7965286
4.9256153 -5.7197571 -1.7964686
5.0621676 -5.5991526 -1.7964494
5.1958008 -5.4752817 -1.7964306
5.3263965 -5.3482394 -1.7964123
5.6991892 -4.9487147 -1.7963598
5.8169141 -4.8096876 -1.7963432
6.1494727 -4.3761249 -1.7962964
6.5425 -3.762805 -1.7962408
6.6313767 -3.6037829 -1.7962283
6.7974315 -3.2795343 -1.7962048
6.8745899 -3.1145108 -1.7961938
6.9477048 -2.9476705 -1.7961836
7.0167966 -2.779104 -1.7961737
7.0817966 -2.6089392 -1.7961645
3.1762402 -0.99890167 -0.79243171
3.1677442 -0.83057278 -0.77939093
7.3839841 -1.5595531 -1.7961215
7.4194627 -1.3808883 -1.7961165
7.4506149 -1.2014176 -1.7961118
7.4774022 -1.021232 -1.796108
7.5316696 -0.47757384 -1.7961001
7.5410056 -0.29565978 -1.7960986
7.5426269 0.25069946 -1.796098
7.5343847 0.43266296 -1.7960991
7.5217381 0.61439145 -1.7961007
7.5047359 0.79574645 -1.796103
7.4833593 0.97664058 -1.7961059
7.4576168 1.1569787 -1.7961093
7.3931441 1.5155053 -1.7961181
3.1668065 0.81018126 -0.77795959
3.170742 0.8932507 -0.78399491
3.1750977 0.97778684 -0.79067838
3.1798925 1.063941 -0.79803646
7.0971875 2.5666637 -1.7961589
6.965117 2.9061871 -1.7961771
6.816865 3.2389417 -1.7961978
6.7367282 3.4025536 -1.7962087
6.5033298 3.6888597 -1.7794156
5.880332 3.7215648 -1.6562196
5.7459083 3.8337798 -1.6439474
5.5543065 4.1066575 -1.6439739
5.4536133 4.2395473 -1.643988
5.2427735 4.4978638 -1.6440173
5.0196872 4.745708 -1.6440485
4.9037595 4.8655233 -1.6440645
4.5390329 5.2077198 -1.6441156
4.2825098 5.4208031 -1.6441512
3.8792381 5.7166295 -1.6442076
3.7400682 5.8084726 -1.6441748
3.3104002 6.0645251 -1.6443613
2.9544334 5.7375731 -1.5359105
2.6143165 5.7421141 -1.5015635
2.4497266 5.7443104 -1.4862399
2.2883496 5.7464623 -1.4720745
1.9741992 5.7506528 -1.447026
1.669873 5.7547092 -1.4260827
1.5208203 5.7566953 -1.417063
1.3735645 5.758656 -1.4089729
1.209707 5.6753182 -1.3810339
0.92659175 5.6790867 -1.3694599
0.51663083 5.7683249 -1.3783221
0.37666014 5.7701864 -1.3761923
0.09765625 5.7738938 -1.3743482
-0.60232419 5.7831883 -1.3838087
-1.1758202 5.7907934 -1.4062973
-1.4710058 5.794703 -1.4228461
-1.6213769 5.7966967 -1.4325297
-1.9288281 5.8007665 -1.4548675
-2.0863574 5.8028512 -1.4675959
-2.5773144 5.8093457 -1.512547
-2.7480469 5.8116016 -1.5299622
-3.2532518 6.0996346 -1.6452588
-3.3994823 6.0192637 -1.6452378
-3.6860547 5.8483033 -1.6452672
-3.8261719 5.7577124 -1.645287
-4.4918065 5.2554722 -1.6453805
-4.740283 5.0326986 -1.6454154
-4.8604102 4.9168797 -1.6454324
-5.0921288 4.6766944 -1.6454649
-5.3119531 4.4256053 -1.6454959
-5.417285 4.2961431 -1.6455108
-5.5194335 4.1641889 -1.6455252
-5.7140527 3.89305 -1.6455526
-6.5350585 3.7909977 -1.7980677
-6.6246872 3.6321929 -1.7980804
-6.7923336 3.3083196 -1.798104
-6.870244 3.143446 -1.798115
-7.0140328 2.8082831 -1.7981355
-7.1414161 2.4665759 -1.7981535
-7.1989059 2.2934973 -1.7981617
-7.2521973 2.1190941 -1.7981694
-7.30125 1.9434588 -1.7981763
-7.3460641 1.7666687 -1.7981826
-7.4227929 1.4101361 -1.7981936
-7.4546971 1.2305834 -1.7981982
-7.4822459 1.0502979 -1.7982022
-7.5054297 0.86941284 -1.7982055
-7.5242381 0.68801999 -1.7982085
-7.538662 0.50620788 -1.7982106
-7.5543065 0.14183898 -1.798213
-7.5447555 -0.40507811 -1.7982119
-7.5327735 -0.5870654 -1.7982104
-7.4072657 -1.4896817 -1.7981935
-7.3266892 -1.8453863 -1.7981824
-7.2799802 -2.0216653 -1.7981759
-7.2290525 -2.1967821 -1.7981689
-7.1738963 -2.370599 -1.7981613
-7.1145506 -2.5430377 -1.7981532
-7.051074 -2.7140007 -1.7981443
-6.9834862 -2.8833685 -1.798135
-6.6728516 -3.5430608 -1.7980919
-6.4939938 -3.8608932 -1.7980671
-6.3000193 -4.1697021 -1.7980402
-6.0913672 -4.4687886 -1.7980112
-5.981699 -4.6144562 -1.7979959
-5.7519431 -4.8976603 -1.7979639
-5.5088086 -5.1694279 -1.79793
-5.2528415 -5.429121 -1.7978942
-5.1202049 -5.5542717 -1.7978758
-4.9846091 -5.6761651 -1.7978568
-4.8461032 -5.7947516 -1.7978375
-4.7047753 -5.9099698 -1.7978178
-4.4140134 -6.1299725 -1.7977772
-4.2647362 -6.2346559 -1.7977563
-3.9588377 -6.4330363 -1.7977138
-3.6436718 -6.6164184 -1.7976696
-3.4506738 -6.6403599 -1.7810222
-3.2524023 -6.6460743 -1.7609814
-2.8681738 -6.656661 -1.7250586
-2.3178515 -6.6706433 -1.6806936
-2.1402245 -6.6748438 -1.6682475
-1.965039 -6.6788311 -1.6569042
-1.6286913 -6.7172093 -1.6449875
-1.1383789 -6.8171625 -1.6449188
-0.97349608 -6.8425555 -1.6448958
-0.4758496 -6.8947625 -1.6448261
-0.14261718 -6.9094939 -1.6447793
0.024218749 -6.9108281 -1.644756
0.19100586 -6.9081311 -1.6447326
1.0212402 -6.834404 -1.6446164
1.1858789 -6.8076715 -1.6445931
1.853789 -6.7240257 -1.6599925
2.0296972 -6.7241893 -1.6716418
2.2081249 -6.7241983 -1.6844053
3.3475194 -6.7207456 -1.786935
3.5278614 -6.6741405 -1.796665
3.6879296 -6.5869761 -1.7966425
4.001328 -6.4011784 -1.7965987
4.1545801 -6.3026671 -1.796577
4.305459 -6.2004814 -1.7965559
4.8829103 -5.7563019 -1.7964746
5.0203514 -5.6367216 -1.7964554
5.1548829 -5.5138516 -1.7964364
5.414834 -5.2585759 -1.7963998
5.5401268 -5.1262922 -1.7963821
5.6621876 -4.991044 -1.796365
5.7809567 -4.85289 -1.7963482
6.0082712 -4.5681887 -1.7963161
6.3228807 -4.1214252 -1.7962718
6.4204493 -3.967592 -1.7962581
-6.6178513 -1.8250436 -1.7980829
-6.5718555 -1.9842291 -1.7980767
-6.5220213 -2.1422517 -1.7980698
-6.4683981 -2.299027 -1.7980624
-6.410996 -2.4544647 -1.7980545
-6.2850289 -2.7609477 -1.7980371
-6.0686913 -3.2083776 -1.798007
-5.2342186 -4.440691 -1.797891
-4.7815919 -4.9244156 -1.7978278
-4.6613183 -5.0383334 -1.797811
-4.5382419 -5.1493149 -1.797794
-4.4126368 -5.2573013 -1.7977765
-4.0205956 -5.5626097 -1.7977216
-3.8851464 -5.6579676 -1.7977028
-3.6075096 -5.8387332 -1.797664
-3.4654882 -5.9240365 -1.7976441
-3.1755176 -6.0842295 -1.7976037
-2.7269139 -6.2978125 -1.797541
-2.5740819 -6.3617167 -1.7975197
-2.419785 -6.4219151 -1.7974981
-2.1069825 -6.5310407 -1.7974544
-1.7893456 -6.6249447 -1.7974099
-1.6273437 -6.6597433 -1.7956685
-0.31136718 -6.6827297 -1.7522639
0.17294921 -6.6884947 -1.7524601
0.33470702 -6.6900926 -1.7544861
0.49693358 -6.6915331 -1.7574967
1.3212988 -6.6963568 -1.7877516
1.4901757 -6.6967983 -1.7969505
1.9707031 -6.5711932 -1.7968832
2.2854395 -6.4682827 -1.796839
2.4408691 -6.41116 -1.7968172
2.747334 -6.2857556 -1.7967741
2.8981934 -6.2175465 -1.796753
3.0473731 -6.1457176 -1.7967319
3.1947656 -6.0703068 -1.7967114
3.6254981 -5.8230639 -1.7966508
4.5527148 -5.1301146 -1.7965205
4.7948828 -4.9043522 -1.7964865
5.0258493 -4.6671715 -1.7964538
5.4521971 -4.1608057 -1.7963939
5.8277149 -3.6157298 -1.7963409
6.0739255 -3.1845632 -1.7963061
6.149004 -3.0370173 -1.7962954
2.5818748 -1.1236612 -0.73752278
2.5973632 -1.0565906 -0.73444378
2.6118262 -0.98970276 -0.73156601
2.6253123 -0.92298335 -0.72888595
2.6493163 -0.79001278 -0.72411042
3.2271483 -0.79495788 -0.87053418
6.6963964 -1.4790878 -1.7962178
6.7599411 -1.1542184 -1.7962086
6.7858005 -0.9907251 -1.7962049
6.807734 -0.82665372 -1.7962017
6.8257031 -0.66211301 -1.7961992
6.8396873 -0.49717772 -1.7961971
6.8556933 -0.16654541 -1.7961946
6.8577147 -0.0010321045 -1.7961941
6.855752 0.16447997 -1.7961943
6.8497849 0.32989562 -1.796195
6.8258982 0.66005677 -1.7961982
6.7861133 0.98868406 -1.7962036
6.7602735 1.1521777 -1.7962071
6.6968455 1.4770715 -1.7962158
2.6379492 0.85559326 -0.72637177
2.625459 0.9221521 -0.72885364
2.5975487 1.0557537 -0.73440677
2.5655859 1.1900842 -0.74076337
6.074873 3.18273 -1.7963017
5.8287597 3.6139722 -1.7963358
5.3909764 3.7142127 -1.7147049
4.9909959 3.8064506 -1.6440531
4.8976951 3.9258299 -1.6440661
4.7026172 4.157671 -1.6440933
4.6009278 4.2699924 -1.6441075
4.496582 4.3798313 -1.644122
4.3896189 4.4871192 -1.6441369
4.0535741 4.7930784 -1.6441838
3.9367578 4.8895702 -1.6442001
3.5728123 5.1617298 -1.6442509
3.1900976 5.4068689 -1.6443043
2.9255078 5.554635 -1.6443412
2.6541307 5.6894703 -1.6443793
2.5160644 5.7519369 -1.6443985
2.3764648 5.8108411 -1.6443586
1.9499902 5.9680429 -1.644495
1.5132128 6.0939293 -1.644617
1.2644531 5.6745019 -1.5227287
1.1217968 5.6764002 -1.5155301
0.57030272 5.7675257 -1.5180089
0.43017578 5.7693882 -1.5153245
0.29046875 5.771245 -1.5135288
0.011611328 5.77495 -1.5125902
-0.1278418 5.776803 -1.5134416
-0.54829103 5.7823815 -1.5213271
-0.68969727 5.7842603 -1.5257565
-0.83198237 5.7861447 -1.5311059
-1.341289 6.1356311 -1.6450206
-2.354043 5.822916 -1.6450807
-2.4939356 5.7644763 -1.6451004
-2.6323535 5.7026734 -1.6451198
-2.7692578 5.6375437 -1.645139
-2.9045508 5.5691342 -1.6451579
-3.0381541 5.497468 -1.6451766
-3.1699708 5.4225974 -1.6451952
-3.2999511 5.3445692 -1.6452135
-3.5541112 5.1792164 -1.6452491
-3.6781054 5.0919847 -1.6452667
-3.9196289 4.9086571 -1.6453005
-4.0369825 4.8126769 -1.6453171
-4.1520019 4.7138829 -1.6453332
-4.2646189 4.61235 -1.645349
-4.3747458 4.5081177 -1.6453646
-4.482295 4.4012632 -1.6453798
-4.6895509 4.1799083 -1.6454089
-4.7891212 4.0655398 -1.6454229
-5.5211229 3.8367865 -1.761016
-5.9884472 3.3556848 -1.7979914
-6.1434765 3.0628295 -1.7980134
-6.349082 2.6103759 -1.7980424
-6.410244 2.4563842 -1.7980511
-6.4677048 2.3009753 -1.7980593
-6.5712595 1.9861987 -1.798074
-6.7322168 1.3434985 -1.798097
-6.7626853 1.1806244 -1.7981013
-6.83041 0.6882599 -1.7981112
-6.8623338 0.19228026 -1.798116
-6.8649707 0.026600951 -1.7981164
-6.8636131 -0.13908996 -1.7981164
-6.8582616 -0.30471009 -1.7981156
-6.8488965 -0.47014281 -1.7981145
-6.8182225 -0.80009949 -1.7981105
-6.7424121 -1.2912905 -1.7981001
-6.7092676 -1.4536356 -1.7980957
-6.5864649 -1.9352188 -1.7980788
-6.4853516 -2.2507792 -1.7980648
-6.429121 -2.4066417 -1.7980571
-6.3691306 -2.5611 -1.7980486
-6.2380466 -2.8654342 -1.7980305
-6.0924315 -3.1630833 -1.7980103
-5.8475194 -3.595515 -1.7979764
-5.0485544 -4.650548 -1.7978652
-4.6987305 -5.0034857 -1.7978164
-4.324297 -5.3301725 -1.7977641
-4.1943359 -5.43293 -1.7977459
-3.9271972 -5.628891 -1.7977087
-3.7901464 -5.7219739 -1.7976897
-3.5095508 -5.8980761 -1.7976505
-3.3661327 -5.9809985 -1.7976303
-3.2207713 -6.0604267 -1.7976099
-3.0735254 -6.1363297 -1.7975894
-2.9244823 -6.2086496 -1.7975687
-2.3122363 -6.4613433 -1.797483
-1.997705 -6.5652366 -1.7974391
-1.838623 -6.6114569 -1.7974168
-1.5106152 -6.6622043 -1.7892848
-0.84834957 -6.6746273 -1.7623081
-0.03834961 -6.6861596 -1.7512929
0.1230957 -6.6879692 -1.7520338
0.60945308 -6.6924357 -1.7601608
0.7728613 -6.6936083 -1.7648617
0.93719727 -6.694622 -1.7705793
1.2695019 -6.6961741 -1.7851282
1.6017284 -6.6709399 -1.796935
1.9216992 -6.5857143 -1.79689
2.2372069 -6.4851513 -1.7968458
2.3930762 -6.4291906 -1.7968239
2.5474803 -6.3694863 -1.7968022
2.7004199 -6.3060741 -1.7967807
2.8518164 -6.2389851 -1.7967595
3.0015137 -6.1682677 -1.7967384
3.4398046 -5.9347405 -1.7966769
3.7221289 -5.7617059 -1.7966372
3.8600488 -5.6701345 -1.7966179
3.9957225 -5.5752683 -1.7965988
4.5143847 -5.1639032 -1.7965258
4.7582321 -4.9399443 -1.7964915
5.2120895 -4.4580917 -1.7964277
5.3181152 -4.3309584 -1.7964128
5.4210739 -4.2013111 -1.7963983
5.5208201 -4.0692244 -1.7963841
5.7106738 -3.7980089 -1.7963574
5.8872361 -3.5179625 -1.7963325
6.1261911 -3.0827475 -1.7962986
2.5768945 -1.1443988 -0.73851418
2.6212597 -0.94355619 -0.72969204
2.6340332 -0.87694883 -0.72714776
2.6458592 -0.81049377 -0.72479695
6.8014059 -0.87734675 -1.7962027
6.8567867 0.11340759 -1.7961943
6.8139453 0.77387208 -1.7961998
6.7932911 0.93810481 -1.7962025
6.7401171 1.2648333 -1.7962098
6.7076364 1.4271436 -1.7962142
3.2258594 0.76817256 -0.86855388
2.6660838 0.77256531 -0.72703701
2.6415918 0.83508605 -0.72564483
5.7449803 3.6961491 -1.7892736
5.215332 3.7230542 -1.6783689
4.7334375 4.1225152 -1.644089
4.632617 4.2355895 -1.6441031
4.5290723 4.3462062 -1.6441174
4.4228907 4.4542871 -1.6441321
4.3141208 4.5597754 -1.6441474
4.2028708 4.6626148 -1.6441629
3.3592088 5.3033471 -1.6442807
3.2302637 5.3829355 -1.6442987
3.099453 5.4593873 -1.644317
2.9668067 5.5326672 -1.6443354
2.8324413 5.6027231 -1.6443542
2.6964355 5.6695151 -1.6443733
2.5588477 5.7330127 -1.6443925
2.4197459 5.793169 -1.6444119
2.2791893 5.8498082 -1.6443913
2.1374121 5.9032764 -1.6444373
1.5585449 6.0824475 -1.6446052
1.4113183 6.1184301 -1.6446431
0.88329101 5.679575 -1.5054888
0.74384767 5.6831651 -1.501242
0.61365235 5.7669492 -1.5190176
-0.22437499 5.7780848 -1.5145489
-0.36433592 5.7799425 -1.5168989
-0.50481445 5.7818065 -1.5201427
-0.64595699 5.783679 -1.524292
-0.93101561 5.7874594 -1.5353519
-1.1468457 6.1749048 -1.6450143
-1.2955761 6.1454477 -1.6450195
-1.4435155 6.1124072 -1.6450225
-1.5906054 6.0757847 -1.6450239
-1.8819336 5.9919434 -1.6450207
-2.025996 5.9447556 -1.6450162
-2.5898046 5.7221031 -1.6451138
-2.8629687 5.5905919 -1.6451521
-3.3887205 5.2887998 -1.645226
-3.5154102 5.2055283 -1.6452438
-3.7625878 5.029933 -1.6452785
-4.0010157 4.8425927 -1.645312
-4.4493747 4.4345164 -1.6453751
-4.6582713 4.2147136 -1.6454045
-5.1773825 3.8459387 -1.6892903
-5.9632616 3.4001935 -1.7979879
-6.1937399 2.9598961 -1.7980205
-6.2634277 2.8095593 -1.7980304
-6.3294239 2.657594 -1.7980397
-6.5052147 2.1927299 -1.7980646
-6.6034961 1.8762689 -1.7980785
-6.6468945 1.7163562 -1.7980849
-6.7814355 1.0676086 -1.798104
-6.8052731 0.90362728 -1.7981076
-6.8409567 0.57417786 -1.7981128
-6.8607125 0.24339598 -1.7981156
-6.8645701 0.077734374 -1.7981164
-6.8644629 -0.087958984 -1.7981164
-6.8400974 -0.58437073 -1.7981133
-6.8038964 -0.91376984 -1.7981085
-6.7798533 -1.0777091 -1.7981052
-6.7518749 -1.2410287 -1.7981014
-6.6443262 -1.7262552 -1.7980866
-6.6007128 -1.8861008 -1.7980807
-6.5532322 -2.0448565 -1.7980741
-6.5019531 -2.2024181 -1.7980671
-6.3880272 -2.5135858 -1.7980512
-6.3254786 -2.6670177 -1.7980428
-6.2592382 -2.8188889 -1.7980336
-6.0387793 -3.2643013 -1.7980028
-5.7866893 -3.6925762 -1.7979679
-5.6958299 -3.8311379 -1.7979553
-5.6016793 -3.9674602 -1.7979422
-5.4036036 -4.2330909 -1.7979145
-5.0830564 -4.6128302 -1.79787
-4.6145411 -5.081172 -1.7978047
-4.4904981 -5.1910105 -1.7977873
-4.1030664 -5.5021281 -1.7977333
-3.969033 -5.5994935 -1.7977145
-3.8326757 -5.6935954 -1.7976954
-3.6941016 -5.784379 -1.7976762
-3.4105957 -5.9557714 -1.7976365
-3.26583 -6.0362887 -1.7976164
-2.9706738 -6.1867127 -1.797575
-2.8204491 -6.2565398 -1.7975541
-2.6685936 -6.3227072 -1.7975329
-2.360332 -6.4439664 -1.7974898
-2.0465331 -6.5501952 -1.7974458
-1.8878808 -6.5976024 -1.7974237
-1.5626172 -6.661118 -1.7920699
-1.0629199 -6.6708932 -1.769307
-0.73556638 -6.6764779 -1.7593106
-0.57309568 -6.6790042 -1.7558181
-0.41112304 -6.6813602 -1.7533171
-0.24954101 -6.683547 -1.7517997
0.073261715 -6.687428 -1.7517008
0.23483399 -6.6891251 -1.7531198
0.55918944 -6.6920419 -1.7589133
0.72232419 -6.6932626 -1.7633027
1.0514746 -6.6952305 -1.7751344
1.3857324 -6.6965618 -1.7911481
1.7127734 -6.643229 -1.7969193
1.8726074 -6.5998755 -1.7968969
2.0312891 -6.5526762 -1.7968746
2.1887987 -6.5016618 -1.7968526
2.3450682 -6.4468594 -1.7968305
2.4999707 -6.3883066 -1.7968088
2.6533885 -6.3260374 -1.7967874
2.8052537 -6.2600784 -1.796766
3.1040137 -6.1172709 -1.7967241
3.2507129 -6.0405054 -1.7967035
3.3955371 -5.9602184 -1.7966832
3.5383399 -5.8764682 -1.796663
3.6791112 -5.7892947 -1.7966434
3.8177342 -5.6987519 -1.7966238
3.9541016 -5.6048942 -1.7966046
4.0881739 -5.5077744 -1.7965858
4.3491111 -5.3039665 -1.7965492
4.4758005 -5.1974039 -1.7965313
4.5998826 -5.087822 -1.7965138
4.7212987 -4.975266 -1.7964967
5.0687499 -4.6205258 -1.7964479
5.17875 -4.4968061 -1.7964323
5.2857227 -4.3704743 -1.7964174
5.3896289 -4.2415876 -1.7964027
5.4903903 -4.1102467 -1.7963885
5.8608789 -3.561729 -1.7963362
6.0258493 -3.2747154 -1.7963128
6.1767774 -2.9800715 -1.7962915
2.5718067 -1.1651556 -0.73952472
2.5879297 -1.0979685 -0.73632038
2.6030078 -1.0309646 -0.73331869
3.2297657 -0.84683502 -0.87454575
3.2256153 -0.76304501 -0.86818188
6.742002 -1.2548038 -1.7962112
6.7703123 -1.0917187 -1.7962071
6.831533 -0.59903198 -1.7961982
6.8439841 -0.43396789 -1.7961965
6.8524508 -0.26866454 -1.796195
6.8569336 -0.10320801 -1.7961943
6.8574414 0.06232788 -1.7961941
6.8539257 0.22780883 -1.7961946
6.8000684 0.88746578 -1.7962016
3.2246678 0.74254882 -0.86671841
3.2287011 0.8260144 -0.87290794
2.7423534 0.77256531 -0.74624389
2.6451561 0.81458735 -0.72493637
2.6332715 0.881051 -0.72729874
2.5758984 1.1485424 -0.73871422
6.1215916 3.0918622 -1.7962953
5.7951856 3.6676719 -1.7963406
5.2928123 3.7191648 -1.6943423
4.955586 3.8524046 -1.644058
4.8612204 3.9709277 -1.6440711
4.7640138 4.0871286 -1.6440847
4.4559374 4.4212012 -1.6441276
4.3479786 4.5274925 -1.6441427
4.2374706 4.6311631 -1.6441581
4.0091505 4.8303428 -1.6441901
3.8914158 4.9257531 -1.6442064
3.7714355 5.01828 -1.6442231
3.1400194 5.4361339 -1.6443113
3.0079393 5.5103941 -1.6443298
2.8740916 5.5814476 -1.6443484
2.7385743 5.6492505 -1.6443673
2.4628417 5.7749581 -1.644406
2.3226953 5.8326111 -1.6443768
2.1813085 5.8871384 -1.6444234
1.7497948 6.0299997 -1.6445531
1.4568652 6.1077075 -1.6446315
1.2096875 5.6752305 -1.519861
1.0675391 5.677124 -1.5130256
0.92658204 5.6789989 -1.5071242
0.78686523 5.6825938 -1.5025978
0.51661134 5.7682385 -1.5168756
0.09765625 5.773807 -1.5125031
-0.041748047 5.7756577 -1.5128117
-0.18126953 5.7775121 -1.5140016
-0.32108396 5.7793674 -1.5160775
-0.88673824 5.7868724 -1.5334002
-1.6917676 6.0483947 -1.6450236
-2.2670019 5.8573031 -1.6450685
-2.5470996 5.7412171 -1.6451077
-2.6849413 5.6781373 -1.6451271
-2.9558787 5.5420837 -1.6451652
-3.2199609 5.3931055 -1.6452023
-3.3492186 5.3138819 -1.6452204
-3.4765234 5.2315574 -1.6452383
-3.6018262 5.1461754 -1.6452558
-3.8460155 4.9664793 -1.6452901
-3.964834 4.8722496 -1.6453069
-4.0812988 4.7751904 -1.6453233
-4.1954103 4.675344 -1.6453394
-4.6267481 4.2492809 -1.6454
-4.8264842 4.0211353 -1.6454283
-5.1002731 3.8479478 -1.6734374
-5.6272264 3.8339012 -1.7834816
-5.8528419 3.5868006 -1.7979722
-6.0971384 3.1540062 -1.7980069
-6.1715136 3.0059392 -1.7980174
-6.2423143 2.8561339 -1.7980273
-6.3729391 2.5516045 -1.7980458
-6.4326758 2.3970618 -1.7980543
-6.4886813 2.2411261 -1.7980622
-6.6338964 1.7658203 -1.7980828
-6.6745996 1.6051916 -1.7980888
-6.7114158 1.443637 -1.798094
-6.7443261 1.2812469 -1.7980987
-6.8193946 0.78994262 -1.7981095
-6.8638182 0.12887695 -1.7981162
-6.862031 -0.20250122 -1.7981161
-6.8442478 -0.53340513 -1.7981139
-6.7876949 -1.0271823 -1.7981063
-6.7609177 -1.1906985 -1.7981027
-6.6955466 -1.5155661 -1.7980937
-6.6145802 -1.836881 -1.7980826
-6.4642477 -2.3105979 -1.798062
-6.2800684 -2.7721872 -1.7980363
-6.2112985 -2.9229314 -1.7980268
-5.814043 -3.649375 -1.7979716
-5.631084 -3.9256334 -1.7979463
-5.5346484 -4.0603633 -1.7979329
-5.4350095 -4.1927238 -1.7979189
-5.3321776 -4.3226542 -1.7979046
-5.1173048 -4.5748467 -1.7978747
-5.0053415 -4.6969833 -1.7978592
-4.8904786 -4.8163753 -1.7978431
-4.7727833 -4.9329534 -1.7978266
-4.5290427 -5.1574283 -1.7977927
-4.403213 -5.2651834 -1.797775
-4.1439548 -5.4714293 -1.7977389
-3.5970409 -5.8451734 -1.7976626
-3.1646287 -6.0898981 -1.7976022
-3.0166795 -6.1644311 -1.7975814
-2.562705 -6.3663049 -1.7975181
-2.4082811 -6.4262261 -1.7974964
-2.0953417 -6.5347967 -1.7974527
-1.9369628 -6.5833869 -1.7974305
-1.4463086 -6.6635265 -1.7859743
-1.1137891 -6.6699667 -1.7712122
-0.7858789 -6.675662 -1.7605886
-0.62319332 -6.6782432 -1.7567899
-0.4610742 -6.6806517 -1.7539831
0.0234375 -6.6868711 -1.7514606
0.5089941 -6.6916332 -1.7577596
1.0004199 -6.6949692 -1.7730389
1.1663769 -6.6957636 -1.780188
1.5021191 -6.6941171 -1.7969488
2.4523339 -6.4067788 -1.7968156
2.6062012 -6.3456473 -1.7967939
2.7585645 -6.280827 -1.7967726
3.0583692 -6.1402421 -1.7967305
3.3510547 -5.985373 -1.7966894
3.4944921 -5.9026794 -1.7966692
3.6358788 -5.8165607 -1.7966495
4.1794724 -5.4387455 -1.796573
4.4369822 -5.2306151 -1.7965368
4.5618944 -5.1219602 -1.7965192
4.6841307 -5.0103126 -1.796502
4.8036523 -4.8957543 -1.7964851
4.920361 -4.778357 -1.7964687
5.1451268 -4.535265 -1.796437
5.459609 -4.1510377 -1.7963928
5.5581541 -4.0180287 -1.7963789
5.6534863 -3.8826916 -1.7963655
5.7455077 -3.7450774 -1.7963525
5.9194822 -3.4634185 -1.7963279
-6.0961719 -1.523858 -1.7980098
-6.0154977 -1.8162484 -1.7979987
-5.9208007 -2.1043954 -1.7979857
-5.8682518 -2.2466762 -1.7979783
-5.3278418 -3.3309169 -1.7979034
-5.16082 -3.58409 -1.7978802
-5.0727539 -3.7075756 -1.7978679
-4.9817772 -3.8289025 -1.7978551
-4.8878903 -3.9479954 -1.7978423
-4.7911329 -4.0647855 -1.7978287
-4.6916113 -4.1792054 -1.7978147
-4.4844041 -4.4006677 -1.7977859
-4.2667384 -4.6118565 -1.7977556
-4.15416 -4.7134533 -1.7977399
-4.0391502 -4.8122997 -1.7977238
-3.921787 -4.9083424 -1.7977074
-3.8021288 -5.0015135 -1.7976907
-3.4302149 -5.2633371 -1.7976388
-3.1721776 -5.4226317 -1.7976028
-3.0403514 -5.497551 -1.7975843
-2.9067578 -5.5692749 -1.7975657
-2.7714453 -5.6377511 -1.7975469
-2.4961329 -5.7647967 -1.7975084
-2.3562305 -5.8233032 -1.7974888
-2.0724218 -5.9300904 -1.7974491
-1.7838184 -6.0230551 -1.7974087
-1.6379199 -6.0642843 -1.7973883
-1.4910351 -6.1019764 -1.7973678
-1.3433105 -6.136116 -1.7973471
-1.1948438 -6.1666794 -1.7973263
-1.0456152 -6.1936498 -1.7973055
-0.14082031 -6.2792749 -1.7971787
0.010761718 -6.2807713 -1.7971575
0.16235352 -6.2786069 -1.7971362
0.31382811 -6.2727861 -1.797115
0.61616212 -6.2501884 -1.7970728
1.5116211 -6.0954099 -1.7969471
1.6582714 -6.0570817 -1.7969265
1.8039649 -6.0152273 -1.7969061
2.3753221 -5.8130546 -1.796826
2.5149024 -5.7539716 -1.7968063
2.6530077 -5.6915374 -1.7967869
2.9245214 -5.5567636 -1.7967488
3.0577245 -5.4845033 -1.7967302
3.1891699 -5.4090557 -1.7967117
3.3187695 -5.3304515 -1.7966936
3.4464159 -5.2487473 -1.7966756
3.572041 -5.1639915 -1.7966578
3.6956346 -5.0762248 -1.7966404
3.9361913 -4.8918839 -1.7966067
4.2796874 -4.5941644 -1.7965584
4.389297 -4.4894962 -1.7965429
4.6007419 -4.2723846 -1.7965132
4.7024803 -4.160068 -1.7964988
4.8014841 -4.045332 -1.7964849
4.8976855 -3.9282379 -1.7964714
5.253418 -3.4377153 -1.7964212
5.334795 -3.3099031 -1.7964097
5.413115 -3.1801617 -1.7963986
5.6289158 -2.7801468 -1.7963682
3.2575293 -0.80244201 -0.95995903
6.2319627 -0.75673825 -1.7962823
6.2483888 -0.60611385 -1.7962799
6.2703614 -0.30388367 -1.7962767
6.275908 0.15056823 -1.7962756
6.1885252 1.0547296 -1.7962872
6.1612792 1.203789 -1.7962909
3.2575293 0.7184906 -0.95449841
2.842705 0.77256531 -0.84290272
5.5610547 2.9135308 -1.7963738
5.4891405 3.0469098 -1.7963837
5.3357811 3.3082902 -1.7964052
5.2544141 3.4361267 -1.7964164
5.1699901 3.5619633 -1.7964282
5.0825682 3.6857245 -1.7964404
4.6472654 3.7250938 -1.704208
4.4368849 3.7358751 -1.6596513
4.1162205 4.0093493 -1.6441755
4.0183005 4.1075587 -1.6441891
3.9180272 4.2033787 -1.6442032
3.7106836 4.3876281 -1.6442322
3.4946971 4.5616612 -1.6442622
3.2705564 4.7250781 -1.6442934
3.1556053 4.8026805 -1.6443095
2.7999413 5.0185509 -1.6443592
2.6780372 5.0847216 -1.6443762
2.5545506 5.1479273 -1.6443934
1.9163085 5.4183264 -1.6444827
1.6526269 5.5046067 -1.6445196
1.5193261 5.5429578 -1.6445383
1.3851172 5.5780702 -1.644557
1.2500879 5.6099415 -1.644576
0.97793943 5.6638598 -1.6446141
0.70350581 5.7045836 -1.6446524
0.56562501 5.7199707 -1.6446718
0.28895506 5.7407336 -1.6447105
-0.5426172 5.7227392 -1.6448269
-0.6805957 5.7080431 -1.6448463
-0.81815428 5.6900244 -1.6448656
-1.0918067 5.6440406 -1.644904
-1.2277148 5.6161141 -1.6449231
-1.4973534 5.5504503 -1.6449609
-1.7634667 5.4718518 -1.6449981
-2.0255077 5.3805003 -1.6450349
-2.282871 5.2765989 -1.645071
-2.658711 5.0977769 -1.6451238
-3.1378808 4.8179274 -1.6451912
-3.3667772 4.6609874 -1.6452234
-3.4783201 4.5784154 -1.6452389
-3.9036326 4.221931 -1.6452987
-4.1028905 4.0287046 -1.6453269
-4.1989746 3.9285431 -1.6453404
-4.5195704 3.836724 -1.696359
-4.9722266 3.8239293 -1.7948178
-5.0716405 3.7090936 -1.7978628
-5.8675876 2.2484357 -1.7979753
-5.9692869 1.9626886 -1.7979896
-6.0149412 1.8180523 -1.7979962
-6.0570798 1.6723584 -1.7980021
-6.0957127 1.5256848 -1.7980076
-6.1622558 1.2297632 -1.7980173
-6.190156 1.080675 -1.7980212
-6.2521482 0.62998962 -1.7980303
-6.2752829 0.32755613 -1.7980337
-6.2813668 0.1760028 -1.7980347
-6.2776365 -0.27891234 -1.7980343
-6.2690821 -0.43033996 -1.7980332
-6.2568455 -0.58152282 -1.7980317
-6.2409863 -0.73236328 -1.7980295
-6.1412692 -1.3305721 -1.7980161
-6.1073532 -1.4784057 -1.7980113
-6.0698924 -1.6253656 -1.7980063
-6.0288572 -1.771386 -1.7980005
-5.9363184 -2.0602365 -1.7979878
-5.3525095 -3.2911394 -1.7979068
-5.2714939 -3.4193437 -1.7978954
-5.1873922 -3.5455499 -1.7978839
-5.1002731 -3.6696944 -1.7978717
-4.8212891 -4.0289912 -1.797833
-4.6211915 -4.2568855 -1.797805
-4.5170703 -4.3671494 -1.7977905
-4.1891599 -4.6823921 -1.7977448
-4.0749021 -4.7820926 -1.7977289
-3.8393261 -4.9730716 -1.7976959
-3.7181249 -5.064229 -1.7976791
-3.3419139 -5.319808 -1.7976265
-3.2124999 -5.3988652 -1.7976085
-3.0812206 -5.4747696 -1.7975901
-2.948164 -5.547483 -1.7975715
-2.3995605 -5.8056035 -1.7974948
-2.2587011 -5.861763 -1.7974751
-2.1165624 -5.9145055 -1.7974553
-1.8286425 -6.0096173 -1.797415
-1.6830566 -6.0519347 -1.7973946
-1.3890039 -6.1259613 -1.7973535
-1.2407422 -6.1576347 -1.7973328
-1.0917578 -6.1857123 -1.7973118
-0.64133787 -6.24827 -1.7972488
-0.49034178 -6.2618561 -1.7972277
-0.18757813 -6.2780766 -1.7971853
-0.03602539 -6.2807012 -1.7971641
0.11558594 -6.2796655 -1.7971427
0.41846678 -6.2666254 -1.7971003
0.72036129 -6.2389874 -1.7970581
0.8707031 -6.2197056 -1.797037
1.1698145 -6.1703038 -1.796995
1.9040819 -5.9842405 -1.796892
2.1905956 -5.8852544 -1.7968519
2.6105468 -5.7111559 -1.7967929
2.7475977 -5.646431 -1.7967737
2.8830469 -5.578414 -1.7967547
3.0168262 -5.5071487 -1.796736
3.1488085 -5.4326758 -1.7967173
3.4072363 -5.2742896 -1.796681
3.6577148 -5.1036296 -1.7966458
3.7797852 -5.0138168 -1.7966287
4.0172558 -4.8254881 -1.7965952
4.2453613 -4.6259298 -1.7965633
4.355742 -4.5220747 -1.7965477
4.4635644 -4.4156022 -1.7965325
4.5687985 -4.3065529 -1.7965176
4.6713672 -4.1949887 -1.7965033
4.9625387 -3.8459387 -1.7964622
5.1422653 -3.6019411 -1.7964369
5.2276368 -3.476757 -1.7964249
5.310029 -3.349556 -1.7964132
2.7580664 -0.7725665 -0.81955624
3.0386035 -0.77256709 -0.8971175
3.2575293 -0.74501038 -0.95616138
6.1801853 -1.1026596 -1.7962898
6.2261524 -0.80314326 -1.7962832
6.257627 -0.5017578 -1.7962785
6.26792 -0.35058105 -1.7962769
6.2745605 -0.19919921 -1.7962761
6.2775292 -0.04770996 -1.7962755
6.2768455 0.10381714 -1.7962755
6.2725196 0.25527525 -1.7962759
6.2645507 0.40659058 -1.7962769
6.2529001 0.55766904 -1.7962785
6.237627 0.70841914 -1.7962805
2.9287403 0.77256531 -0.86668319
2.6660838 0.77256531 -0.79424399
5.5825977 2.8720202 -1.7963709
5.5116796 3.0059369 -1.7963808
5.2798438 3.3968859 -1.7964129
5.1963964 3.5233464 -1.7964245
5.1098242 3.6477568 -1.7964365
4.9401464 3.7098088 -1.7677444
4.5006542 3.7326269 -1.6730556
4.3330564 3.7738018 -1.6441454
4.145947 3.9785693 -1.6441714
3.9492188 4.1740656 -1.6441988
3.8473437 4.2682037 -1.644213
3.7432518 4.3598547 -1.6442275
3.6369629 4.4489698 -1.6442424
3.5285547 4.5354905 -1.6442574
3.1912596 4.7790318 -1.6443045
3.0750291 4.8547044 -1.6443208
2.5928125 5.1287403 -1.6443881
2.3423631 5.247993 -1.6444231
1.9565917 5.403883 -1.644477
1.5605469 5.5314646 -1.6445324
1.4266113 5.5675802 -1.6445512
1.2918359 5.6004515 -1.6445701
1.1563183 5.6300645 -1.6445891
0.88330078 5.6794372 -1.6446273
0.74597657 5.6991649 -1.6446464
0.60820311 5.7155771 -1.6446658
0.19311523 5.7448034 -1.6447239
0.054404296 5.74786 -1.6447433
-0.084335938 5.7475657 -1.6447629
-0.22304687 5.7439232 -1.6447822
-0.36161131 5.7369332 -1.6448016
-0.49996093 5.7266049 -1.6448209
-0.91298825 5.6756248 -1.644879
-1.1858495 5.6250839 -1.6449171
-1.3212793 5.5948877 -1.6449362
-1.4559473 5.5614328 -1.6449552
-1.7226562 5.484818 -1.6449925
-1.8545605 5.4417052 -1.6450109
-2.4963574 5.1791306 -1.645101
-2.743418 5.0527329 -1.6451358
-2.8646092 4.9850974 -1.6451527
-2.9841309 4.9145555 -1.6451695
-3.1019042 4.841156 -1.6451861
-3.4441309 4.6041846 -1.6452342
-3.5542674 4.5197582 -1.6452496
-3.8720703 4.2508817 -1.6452943
-3.9735742 4.1562214 -1.6453086
-4.1695509 3.9596989 -1.6453363
-4.4540038 3.8385143 -1.6824341
-4.6704493 3.8325408 -1.7287335
-5.2188673 3.4990454 -1.7978835
-5.3817091 3.2431622 -1.7979064
-5.8506641 2.2920783 -1.7979728
-5.9042969 2.1502149 -1.7979804
-5.9544921 2.0070984 -1.7979876
-6.0012107 1.8628063 -1.7979941
-6.1203122 1.423753 -1.7980112
-6.1819334 1.1267577 -1.79802
-6.2073536 0.97722715 -1.7980237
-6.2291403 0.82712585 -1.7980268
-6.2472754 0.67654842 -1.7980294
-6.272666 0.3742938 -1.7980332
-6.2798729 0.22278808 -1.7980343
-6.2834177 0.071153566 -1.7980349
-6.279541 -0.23214172 -1.7980347
-6.272119 -0.3836334 -1.7980337
-6.2610154 -0.53489685 -1.7980322
-6.2462692 -0.68585205 -1.7980303
-6.2278905 -0.83641082 -1.7980278
-6.2058887 -0.98646969 -1.7980249
-6.180254 -1.1359622 -1.7980213
-6.0818162 -1.5801122 -1.7980077
-6.0418944 -1.7264285 -1.7980022
-5.9984469 -1.8717434 -1.7979963
-5.9515233 -2.0159676 -1.79799
-5.9010935 -2.1590059 -1.7979829
-5.8472462 -2.3007934 -1.7979754
-5.3768845 -3.2511818 -1.7979101
-5.2136717 -3.5068212 -1.7978876
-5.1274705 -3.6316042 -1.7978755
-5.038291 -3.754276 -1.7978631
-4.8512011 -3.992975 -1.797837
-4.7533593 -4.1088676 -1.7978234
-4.6527829 -4.2223611 -1.7978094
-4.33499 -4.5478086 -1.7977651
-4.2239356 -4.6510673 -1.7977496
-3.7557714 -5.0364108 -1.7976843
-3.6330955 -5.1255417 -1.7976671
-3.3814549 -5.2947855 -1.797632
-3.2526367 -5.3748007 -1.7976141
-2.9894042 -5.5253892 -1.7975774
-2.8551757 -5.5958686 -1.7975585
-2.5817382 -5.7270112 -1.7975203
-2.1605663 -5.898592 -1.7974614
-1.5818067 -6.0791283 -1.7973804
-1.4346191 -6.1154656 -1.7973599
-0.6878711 -6.2433448 -1.7972554
-0.38577148 -6.2691159 -1.7972131
-0.234375 -6.2765269 -1.7971919
0.068779297 -6.2803745 -1.7971493
0.22034179 -6.2768126 -1.7971281
0.37175781 -6.2695947 -1.7971069
0.82437497 -6.226047 -1.7970434
0.97438473 -6.2042651 -1.7970225
1.1238378 -6.1788659 -1.7970015
1.4206641 -6.117301 -1.79696
1.5678809 -6.0811553 -1.7969393
1.7141503 -6.0414782 -1.7969187
1.8594531 -5.9982767 -1.7968984
2.2884667 -5.8478355 -1.7968382
2.428916 -5.7908387 -1.7968184
3.1082616 -5.4559946 -1.796723
3.3678613 -5.299542 -1.7966865
3.4947557 -5.2166638 -1.7966686
3.7423339 -5.0418525 -1.7966338
3.8628905 -4.9500175 -1.7966169
4.0971971 -4.757751 -1.796584
4.2108006 -4.6574426 -1.7965682
4.3219433 -4.554409 -1.7965524
4.5366015 -4.3404827 -1.7965221
4.6399999 -4.2296863 -1.7965077
4.7406931 -4.1164336 -1.7964935
4.9337301 -3.8828113 -1.7964664
5.0259767 -3.7625792 -1.7964532
5.115283 -3.6401618 -1.7964407
5.201611 -3.5156126 -1.7964284
5.2849317 -3.3890288 -1.7964168
2.6810155 -0.7725665 -0.79834777
6.1717968 -1.1486756 -1.796291
6.2199998 -0.84950042 -1.796284
6.2386813 -0.69913697 -1.7962813
6.2537107 -0.54836732 -1.7962791
6.1785254 1.1118591 -1.7962886
3.2575293 0.75011718 -0.95648831
3.0197754 0.77256531 -0.89189506
2.7423534 0.77256531 -0.81522757
5.533906 2.9647839 -1.7963777
5.3844628 3.2284198 -1.7963984
5.3049903 3.3574498 -1.7964094
5.1368747 3.6095836 -1.7964327
5.0124021 3.7059925 -1.7836713
4.1754684 3.9475598 -1.6441673
4.0790133 4.0472178 -1.6441808
3.7756054 4.3318372 -1.644223
3.6700096 4.4217372 -1.6442378
3.4524024 4.5937705 -1.6442682
3.2267773 4.7551098 -1.6442996
2.9936132 4.905376 -1.6443323
2.8743651 4.9762526 -1.6443489
2.7534668 5.0442233 -1.6443657
2.2544725 5.2863841 -1.6444354
1.6017187 5.5196667 -1.6445268
1.3335254 5.5906529 -1.6445643
1.0622168 5.648623 -1.6446022
0.92557615 5.672678 -1.6446214
0.65078121 5.7108655 -1.6446599
0.51277345 5.7249765 -1.6446792
0.2359082 5.743186 -1.6447179
0.09722656 5.7472715 -1.6447374
-0.041523438 5.7480111 -1.6447568
-0.45729491 5.7301474 -1.644815
-0.59544921 5.7175074 -1.6448344
-0.73327148 5.7015381 -1.6448536
-1.2795508 5.6045542 -1.6449302
-1.8139453 5.4553504 -1.6450053
-1.9450976 5.4100437 -1.6450236
-2.3315039 5.2553077 -1.6450779
-2.4576855 5.197566 -1.6450956
-2.7057128 5.0730162 -1.6451304
-2.9474413 4.9366322 -1.6451645
-3.520498 4.5460997 -1.6452448
-3.6292284 4.4598436 -1.6452603
-3.7358398 4.3709912 -1.6452752
-3.8402734 4.2795978 -1.6452899
-3.9424999 4.1856961 -1.6453042
-4.1399412 3.9906445 -1.645332
-4.3894725 3.8402605 -1.6688195
-4.6023827 3.8344367 -1.7140737
-4.8270993 3.8281102 -1.7628285
-5.1057324 3.6620946 -1.7978675
-5.2765527 3.4114811 -1.7978916
-5.8881249 2.1941369 -1.7979782
-5.9871678 1.9074506 -1.7979922
-6.0314746 1.7624035 -1.7979984
-6.1432419 1.3214233 -1.7980145
-6.199873 1.0234448 -1.7980226
-6.2228122 0.87350583 -1.798026
-6.2420897 0.72306943 -1.7980287
-6.2577147 0.57220763 -1.798031
-6.2827244 0.1179657 -1.7980348
-6.2810841 -0.18535827 -1.7980348
-6.2648144 -0.48824522 -1.7980326
-6.2512012 -0.63930297 -1.798031
-6.2339354 -0.7899847 -1.7980285
-6.1885352 -1.089896 -1.7980224
-6.1604395 -1.2389343 -1.7980186
-6.1287208 -1.3872579 -1.7980142
-6.0934372 -1.534765 -1.7980094
-6.0545897 -1.681373 -1.7980042
-6.0122461 -1.8270153 -1.7979982
-5.9663768 -1.9715759 -1.7979919
-5.8642383 -2.2571797 -1.7979777
-5.3218555 -3.3404443 -1.7979025
-5.1543946 -3.5933218 -1.7978793
-5.0661426 -3.7166488 -1.7978669
-4.9749317 -3.8378048 -1.7978543
-4.8808103 -3.9567373 -1.7978412
-4.7838573 -4.0733533 -1.7978277
-4.6841307 -4.1875858 -1.7978139
-4.4765234 -4.4086828 -1.7977848
-4.1457129 -4.720881 -1.7977388
-3.9129882 -4.9153538 -1.7977062
-3.5470214 -5.1854229 -1.7976551
-3.4208105 -5.2694669 -1.7976375
-3.292578 -5.3504381 -1.7976196
-3.0305078 -5.502984 -1.797583
-2.7613671 -5.6426926 -1.7975454
-2.6243358 -5.7076402 -1.7975262
-2.204453 -5.8823566 -1.7974676
-2.0618067 -5.9337811 -1.7974477
-1.6270605 -6.0671973 -1.7973868
-1.4801464 -6.10463 -1.7973663
-1.3323437 -6.1385074 -1.7973455
-1.0345606 -6.1955047 -1.7973039
-0.88470703 -6.2185984 -1.7972828
-0.43246093 -6.2660923 -1.7972195
-0.12958008 -6.2795153 -1.7971771
0.47633788 -6.2624664 -1.7970922
0.627334 -6.2490711 -1.797071
0.92815429 -6.2113709 -1.7970289
1.375039 -6.1277332 -1.7969662
1.5225292 -6.0926909 -1.7969456
1.6691308 -6.054101 -1.7969251
1.8147265 -6.0119848 -1.7969046
2.1026855 -5.9172783 -1.7968643
2.6631835 -5.6867766 -1.7967856
2.7996287 -5.6207795 -1.7967663
2.934453 -5.551518 -1.7967474
3.3283007 -5.3245001 -1.7966921
3.5813184 -5.1575842 -1.7966566
3.7046874 -5.069602 -1.7966392
4.3973145 -4.481626 -1.7965418
4.6083689 -4.2641392 -1.7965121
4.7099218 -4.1516385 -1.7964978
4.8087111 -4.0367293 -1.7964839
4.9046874 -3.919471 -1.7964703
4.9978223 -3.799922 -1.7964572
5.088037 -3.6781683 -1.7964445
5.175293 -3.5542767 -1.7964321
5.259531 -3.4283066 -1.7964202
5.340703 -3.3003476 -1.7964088
5.4188085 -3.1704695 -1.7963978
-5.4983692 -1.8060186 -1.7979263
-5.4531641 -1.9381869 -1.79792
-5.4047751 -2.0692306 -1.7979133
-4.9796677 -2.9485352 -1.7978543
-4.831543 -3.1853611 -1.7978337
-4.7532225 -3.3010256 -1.7978228
-4.6721387 -3.4147606 -1.7978115
-4.5883398 -3.5265081 -1.7977999
-4.5018458 -3.6361961 -1.7977879
-4.4127536 -3.743767 -1.7977754
-4.3211036 -3.8491478 -1.7977628
-4.1302443 -4.0531287 -1.797736
-4.0311913 -4.1515961 -1.7977223
-3.6120703 -4.5207238 -1.7976638
-3.0413964 -4.922493 -1.7975842
-2.8002734 -5.0634327 -1.7975504
-2.6772168 -5.1294975 -1.7975333
-2.5526171 -5.1925664 -1.7975159
-2.4265039 -5.2526097 -1.7974982
-2.2990332 -5.3095922 -1.7974805
-2.0400782 -5.4142394 -1.7974442
-1.908789 -5.4618421 -1.7974257
-1.7763964 -5.5062671 -1.7974074
-1.6429687 -5.5474772 -1.7973887
-1.5085937 -5.5854568 -1.7973698
-0.96309566 -5.704627 -1.7972935
-0.6866504 -5.7443357 -1.7972549
-0.54781246 -5.7591772 -1.7972354
-0.40866211 -5.7706561 -1.7972158
-0.26925781 -5.7787766 -1.7971963
-0.12970702 -5.7835302 -1.7971768
0.14954101 -5.7829251 -1.7971377
0.28907225 -5.7775688 -1.7971182
0.56750977 -5.7567658 -1.7970791
0.70627928 -5.7413297 -1.7970598
0.84463865 -5.722548 -1.7970403
0.98249024 -5.7004342 -1.797021
1.1197852 -5.6750011 -1.7970017
1.527373 -5.5789404 -1.7969445
1.6615624 -5.5403953 -1.7969258
1.7947851 -5.4986205 -1.7969069
2.0579882 -5.4054942 -1.7968701
2.5693653 -5.1817288 -1.7967983
2.9374609 -4.9821138 -1.7967466
3.0568359 -4.9097185 -1.7967298
3.2901366 -4.7564034 -1.796697
3.6255176 -4.5057845 -1.7966499
3.7331836 -4.4169307 -1.7966348
3.9419239 -4.2315722 -1.7966055
4.4225292 -3.7260687 -1.7965378
4.5111327 -3.6182165 -1.7965252
4.5971484 -3.5082605 -1.7965132
4.6804199 -3.3962688 -1.7965014
4.9137888 -3.0486891 -1.7964685
4.985908 -2.9291897 -1.7964584
3.2575293 -0.80244136 -1.0422424
5.674736 -1.1104989 -1.7963606
5.699863 -0.97321743 -1.796357
5.7216992 -0.83536345 -1.7963538
5.755322 -0.55828369 -1.796349
5.7671289 -0.41921324 -1.7963471
5.7823243 -0.00086975098 -1.7963449
5.7672362 0.41747925 -1.7963467
5.7403708 0.69529784 -1.7963502
3.2575293 0.7184912 -1.0363147
2.842705 0.77256531 -0.9151535
5.1222067 2.683604 -1.7964355
4.7619724 3.2808557 -1.7964855
4.5981836 3.5068688 -1.7965083
4.5122361 3.6168506 -1.7965204
3.6088574 3.8716295 -1.6442466
3.5143163 3.9576318 -1.6442599
3.1165428 4.2781243 -1.6443152
2.9065332 4.4236097 -1.6443448
2.5789354 4.6224265 -1.6443903
2.4666405 4.6833701 -1.6444061
2.1214063 4.8497009 -1.6444544
2.0037596 4.8995347 -1.6444708
1.8849511 4.9465184 -1.6444874
1.5221777 5.0700855 -1.6445383
1.399375 5.1053977 -1.6445553
1.2757715 5.1377392 -1.6445727
1.1514159 5.1670847 -1.6445901
1.026377 5.1934252 -1.6446075
0.90075195 5.2167382 -1.6446252
0.64794922 5.2542405 -1.6446605
0.39367187 5.2795019 -1.6446961
0.13844727 5.2924595 -1.6447319
0.010673827 5.2943187 -1.6447498
-0.11710937 5.2930942 -1.6447678
-0.49977538 5.2709217 -1.6448213
-0.62686521 5.2573767 -1.6448392
-0.75355464 5.2407737 -1.6448568
-1.0055957 5.1984143 -1.6448922
-1.3791113 5.1121969 -1.6449445
-1.5021093 5.0774794 -1.6449618
-1.8655859 4.9556518 -1.6450127
-1.9846483 4.9092307 -1.6450295
-2.1025879 4.8599448 -1.645046
-2.2192969 4.8078332 -1.6450626
-2.6725194 4.5716748 -1.6451261
-2.782119 4.5058851 -1.6451416
-3.2036426 4.2168555 -1.6452007
-3.5004785 3.9741216 -1.6452426
-3.5953515 3.8885138 -1.6452558
-3.7209473 3.8343937 -1.6598828
-4.0868945 3.823684 -1.7386916
-4.2834277 3.8179181 -1.7825749
-4.8305759 3.1868095 -1.7978294
-4.9061036 3.0693109 -1.7978401
-4.9787793 2.9500248 -1.7978503
-5.4041405 2.0708525 -1.7979105
-5.4525681 1.9398291 -1.7979172
-5.5398631 1.6744537 -1.7979296
-5.5786719 1.5402715 -1.7979352
-5.6142383 1.4051806 -1.7979404
-5.7236133 0.85742855 -1.797956
-5.7426462 0.71904296 -1.7979589
-5.7874513 0.022426758 -1.7979655
-5.7863183 -0.11725891 -1.7979655
-5.7739158 -0.39635009 -1.7979639
-5.7626562 -0.53559142 -1.7979624
-5.5526953 -1.631478 -1.7979338
-5.4200583 -2.0289116 -1.7979155
-4.9297657 -3.0312111 -1.7978474
-4.855166 -3.1492903 -1.797837
-4.7777052 -3.2655287 -1.7978262
-4.6974607 -3.3798671 -1.7978151
-4.6144824 -3.4922354 -1.7978036
-4.5288377 -3.6025643 -1.7977916
-4.440537 -3.7107947 -1.7977793
-4.3496385 -3.8168657 -1.7977667
-4.2562208 -3.9206989 -1.7977537
-4.1603317 -4.0222559 -1.7977403
-3.645664 -4.4937 -1.7976686
-2.7153516 -5.1094241 -1.7975385
-2.4655859 -5.2344041 -1.7975036
-2.3385155 -5.2923326 -1.7974859
-2.210078 -5.3471789 -1.7974679
-1.9494238 -5.4474869 -1.7974315
-1.6842577 -5.5350995 -1.7973944
-1.1427734 -5.6714501 -1.7973187
-1.0055566 -5.6973166 -1.7972995
-0.59069335 -5.7549524 -1.7972413
0.10645507 -5.7838993 -1.7971438
0.24603514 -5.7795815 -1.7971241
0.38542968 -5.7718964 -1.7971046
1.0774511 -5.6832056 -1.7970077
1.3504492 -5.6244707 -1.7969694
1.4857714 -5.5901804 -1.7969503
1.6202539 -5.5526361 -1.7969316
1.7537695 -5.5118566 -1.7969128
1.8862695 -5.4678679 -1.7968942
2.0176659 -5.4206944 -1.7968757
2.2768555 -5.3169079 -1.7968394
2.5307324 -5.2007413 -1.7968037
2.6554687 -5.138092 -1.7967863
3.1383007 -4.8579931 -1.7967184
3.4814649 -4.6180887 -1.7966702
3.5918748 -4.532681 -1.7966546
3.8063476 -4.3539958 -1.7966245
3.9102929 -4.2608285 -1.7966099
4.6550293 -3.4310455 -1.796505
4.7364259 -3.3176792 -1.7964935
4.8151073 -3.2023723 -1.7964826
4.8909669 -3.085212 -1.7964717
5.0340719 -2.8455734 -1.7964516
5.1654687 -2.5993004 -1.796433
3.0386035 -0.7725665 -0.97401458
3.2575195 -0.74501038 -1.0381198
5.6663084 -1.1527417 -1.7963618
5.6924806 -1.0156448 -1.796358
5.7348437 -0.73976439 -1.7963519
5.7510056 -0.60113525 -1.7963496
5.7638278 -0.46216369 -1.7963477
5.7794042 -0.18347961 -1.7963454
5.7821288 -0.043945312 -1.7963449
5.7815232 0.095624387 -1.7963449
5.7775488 0.23512939 -1.7963454
5.7701855 0.37450498 -1.7963462
5.7279782 0.79099423 -1.7963519
2.6660936 0.77256471 -0.86232412
5.0084372 2.8904505 -1.7964512
4.9372363 3.0105078 -1.7964611
4.8631735 3.1288092 -1.7964715
4.7065916 3.3598766 -1.7964932
4.5390329 3.5831311 -1.7965165
4.4512205 3.6916625 -1.7965287
4.2706151 3.7194116 -1.7593462
4.0791306 3.7295451 -1.7170571
3.4478123 4.0157499 -1.6442691
3.0447459 4.3295627 -1.6443254
2.6133106 4.603075 -1.6443857
2.3881543 4.7239137 -1.644417
1.8021483 4.9773207 -1.6444991
1.5599023 5.0585876 -1.6445329
1.0650293 5.1856198 -1.6446022
0.93957031 5.209868 -1.6446197
0.81356442 5.2310824 -1.6446375
0.68708009 5.2492514 -1.6446551
0.56019533 5.2643604 -1.6446729
0.050117187 5.294076 -1.6447443
-0.33304685 5.2839999 -1.6447979
-0.46049803 5.2744784 -1.6448158
-0.58765626 5.2618856 -1.6448337
-0.71449214 5.2462277 -1.6448513
-0.84092772 5.2275062 -1.6448691
-1.0922167 5.1809473 -1.6449043
-1.4642383 5.0885081 -1.6449565
-1.5866406 5.051743 -1.6449738
-1.7081152 5.0120263 -1.6449907
-1.8286035 4.9693909 -1.6450076
-1.9480273 4.9238634 -1.6450244
-2.1833985 4.8242164 -1.6450573
-2.2992284 4.7701621 -1.6450737
-2.526787 4.6537399 -1.6451056
-2.7484961 4.5264707 -1.6451368
-2.8569434 4.4588575 -1.645152
-2.9637597 4.3886461 -1.645167
-3.0688477 4.3158765 -1.6451819
-3.1721387 4.2405896 -1.6451963
-3.3731444 4.0826411 -1.6452246
-3.4707129 4.0000739 -1.6452383
-4.0281248 3.825371 -1.7257669
-4.6455078 3.4508519 -1.7978033
-4.8066797 3.2226994 -1.7978261
-4.8831053 3.1057665 -1.7978368
-5.4379687 1.9803876 -1.7979153
-5.4841895 1.8485736 -1.7979219
-5.5670409 1.5817773 -1.7979336
-5.6369333 1.3113 -1.7979436
-5.7170606 0.90003842 -1.7979552
-5.7371192 0.76179683 -1.797958
-5.7772164 0.34473023 -1.7979639
-5.7871289 0.065533444 -1.7979655
-5.7870212 -0.074152827 -1.7979655
-5.7766991 -0.35333189 -1.7979643
-5.7664938 -0.4926483 -1.7979629
-5.7529101 -0.6316821 -1.7979611
-5.7359958 -0.77034664 -1.7979589
-5.7157226 -0.90855682 -1.797956
-5.6349707 -1.3196961 -1.797945
-5.6014647 -1.4553097 -1.7979405
-5.5246778 -1.7239077 -1.7979298
-5.4814548 -1.8567382 -1.7979238
-4.9522166 -2.9944079 -1.7978505
-4.8784666 -3.1130428 -1.7978402
-4.8018942 -3.2298594 -1.7978295
-4.6403708 -3.4577692 -1.7978071
-4.5555568 -3.5687387 -1.7977954
-4.1901855 -3.9911621 -1.7977444
-4.0926075 -4.0911012 -1.7977308
-3.9926562 -4.1886544 -1.797717
-3.6790526 -4.4664302 -1.7976731
-3.5701365 -4.5538883 -1.7976578
-3.4591796 -4.6386847 -1.7976425
-3.3461914 -4.720778 -1.7976267
-3.1143847 -4.8766642 -1.7975943
-2.8753905 -5.0211821 -1.797561
-2.5045311 -5.21591 -1.7975091
-2.377871 -5.2747879 -1.7974914
-1.9899707 -5.4328341 -1.7974372
-1.5916601 -5.5623975 -1.7973815
-1.4569238 -5.599133 -1.7973627
-0.91032225 -5.7132616 -1.7972862
-0.6335547 -5.7504096 -1.7972474
-0.49456054 -5.7639685 -1.7972279
-0.35532227 -5.7741609 -1.7972083
-0.21585937 -5.7809911 -1.7971889
-0.07626953 -5.7844567 -1.7971693
0.063359372 -5.7845488 -1.7971498
0.34242186 -5.7746263 -1.7971107
0.48167968 -5.7646184 -1.7970911
0.75929683 -5.7345362 -1.7970523
1.4441016 -5.6011095 -1.7969563
1.5788476 -5.5645676 -1.7969373
1.8454784 -5.481782 -1.7969
2.107832 -5.3862309 -1.7968631
2.4919238 -5.2194624 -1.7968092
2.7408299 -5.0930314 -1.7967743
2.8629394 -5.0253458 -1.7967572
2.9833398 -4.9547415 -1.7967402
3.1020508 -4.881249 -1.7967236
3.2189257 -4.8049169 -1.7967072
3.3339257 -4.7257895 -1.7966909
3.4469531 -4.6439104 -1.7966751
3.6669824 -4.4720812 -1.7966441
3.7738183 -4.3822422 -1.7966292
3.8784568 -4.2898545 -1.7966143
4.1785545 -3.9979167 -1.7965721
4.2737989 -3.8958676 -1.7965586
4.456738 -3.6850445 -1.796533
4.8678808 -3.1215639 -1.7964751
4.9417481 -3.0031602 -1.7964644
5.0808592 -2.7611589 -1.796445
5.145957 -2.6377151 -1.7964357
5.6847458 -1.058028 -1.7963592
5.7086229 -0.92052001 -1.7963557
5.7291598 -0.78246278 -1.7963529
5.7602344 -0.50509399 -1.7963482
5.7707224 -0.36591491 -1.7963467
5.7778711 -0.2265332 -1.7963456
5.7816696 -0.087023921 -1.796345
5.7820802 0.052553099 -1.7963449
5.7791405 0.19208373 -1.7963452
5.7500978 0.60969722 -1.7963488
5.6909375 1.0241193 -1.7963569
5.6645899 1.1611706 -1.7963606
3.2575293 0.75011659 -1.0384744
3.0197754 0.77256531 -0.96834439
5.1615915 2.6069837 -1.79643
5.0972071 2.7308104 -1.7964391
5.0298243 2.8530505 -1.7964483
4.9595408 2.9736371 -1.7964581
4.8863378 3.0924835 -1.7964683
4.8103318 3.2095299 -1.7964789
4.6498923 3.4379606 -1.7965012
4.1372657 3.7264867 -1.7297938
3.9518945 3.736176 -1.6895095
3.5787988 3.9111888 -1.6469342
3.4776268 3.9899437 -1.6442649
3.3803613 4.0727463 -1.6442785
3.1799414 4.2311964 -1.6443064
2.97208 4.3797946 -1.6443356
2.8655467 4.4502869 -1.6443504
2.757334 4.5181947 -1.6443655
2.5361133 4.6460767 -1.6443964
2.423291 4.7059774 -1.6444122
2.0765233 4.8691101 -1.6444607
1.7188574 5.0067334 -1.6445106
1.5975488 5.0468102 -1.6445276
0.72617185 5.2439718 -1.6446496
0.59940428 5.2600255 -1.6446673
0.34486327 5.282937 -1.644703
-0.16602539 5.2918067 -1.6447744
-0.42119139 5.2777438 -1.6448103
-0.80194336 5.2336082 -1.6448637
-1.0536035 5.1889243 -1.6448989
-1.4262891 5.0992613 -1.6449511
-1.7915429 4.9828634 -1.6450024
-1.911289 4.9382215 -1.6450192
-2.1474023 4.8403368 -1.6450523
-2.8236523 4.4800062 -1.6451473
-3.140449 4.2640901 -1.6451919
-3.2424803 4.1870952 -1.6452062
-3.3426268 4.1076431 -1.6452203
-3.5369432 3.9416254 -1.6452476
-3.6311328 3.8551409 -1.6452609
-4.160996 3.8215306 -1.7551215
-4.4460449 3.7041709 -1.797775
-4.5341892 3.595808 -1.7977875
-4.7825294 3.2584026 -1.7978225
-4.8598242 3.1420496 -1.7978336
-5.4230466 2.0208342 -1.7979132
-5.5551171 1.6232049 -1.7979319
-5.6270018 1.3532465 -1.7979422
-5.6580372 1.2170508 -1.7979466
-5.7101855 0.94261044 -1.7979541
-5.7312794 0.80451047 -1.7979571
-5.7634568 0.52701294 -1.7979618
-5.7864747 0.10864746 -1.7979654
-5.7874217 -0.031049805 -1.7979655
-5.7849903 -0.17071655 -1.7979654
-5.7791796 -0.31028381 -1.7979646
-5.7223434 -0.86595851 -1.7979569
-5.6446385 -1.2776906 -1.7979465
-5.6121483 -1.4135439 -1.7979418
-5.5763769 -1.5485733 -1.7979369
-5.4951267 -1.8158563 -1.7979258
-4.9015427 -3.0766201 -1.7978435
-4.8258395 -3.1939995 -1.797833
-4.7473044 -3.3095284 -1.7978221
-4.4060254 -3.751657 -1.7977744
-4.2198048 -3.9598472 -1.7977486
-4.1229782 -4.0605164 -1.7977351
-4.0237498 -4.1588016 -1.7977213
-3.9221678 -4.2546744 -1.7977071
-3.8183203 -4.3480616 -1.7976925
-3.6039746 -4.5271831 -1.7976626
-3.4936426 -4.6128016 -1.7976474
-3.3812597 -4.6957335 -1.7976316
-3.2669237 -4.7759333 -1.7976156
-3.0325975 -4.9279318 -1.797583
-2.7911913 -5.0684333 -1.7975492
-2.2895019 -5.3136954 -1.797479
-1.4985937 -5.58814 -1.7973684
-1.0903223 -5.6817393 -1.7973113
-0.81486326 -5.7276173 -1.7972728
-0.67638671 -5.745553 -1.7972534
-0.53749996 -5.7601409 -1.7972341
-0.39832032 -5.7713761 -1.7972145
0.020273438 -5.7848797 -1.7971559
0.15990233 -5.7826428 -1.7971362
0.43874022 -5.7680655 -1.7970971
0.71656251 -5.7400503 -1.7970582
1.1299218 -5.6729832 -1.7970003
1.2665039 -5.6440005 -1.7969812
1.5373437 -5.5761924 -1.7969432
1.8046288 -5.4953971 -1.7969056
2.0676563 -5.4018011 -1.7968687
2.3258593 -5.2956247 -1.7968326
2.5786328 -5.177114 -1.796797
2.9463866 -4.9768405 -1.7967454
3.1830468 -4.8287773 -1.7967122
3.6336033 -4.4992843 -1.7966489
3.8464258 -4.3186336 -1.7966189
3.9494922 -4.224503 -1.7966044
4.0502634 -4.1279192 -1.7965902
4.3381834 -3.8239813 -1.7965497
4.5175877 -3.6101429 -1.7965243
4.6865039 -3.3878851 -1.7965006
4.7669044 -3.2737684 -1.7964892
4.9911523 -2.9202662 -1.7964576
-5.1983008 -1.2994195 -1.7978839
-5.1654296 -1.4244986 -1.7978793
-5.1295214 -1.5487469 -1.7978745
-5.0906444 -1.672092 -1.7978691
-5.0487695 -1.7944595 -1.7978632
-4.6104102 -2.7298927 -1.7978024
-4.4732714 -2.9491601 -1.7977835
-4.3256931 -3.1615508 -1.7977629
-4.2480955 -3.2650118 -1.797752
-4.0006738 -3.5637333 -1.7977176
-3.9134667 -3.659229 -1.7977055
-3.8239942 -3.7525935 -1.797693
-3.732285 -3.8437653 -1.7976801
-3.4443262 -4.1036291 -1.7976401
-3.3442481 -4.1855335 -1.797626
-3.2422557 -4.2649908 -1.7976118
-3.1383398 -4.3419657 -1.7975973
-2.8158984 -4.5575285 -1.7975523
-2.7050586 -4.6241274 -1.7975368
-2.5926464 -4.688024 -1.7975211
-2.47875 -4.7491922 -1.7975051
-2.3633399 -4.8075824 -1.7974892
-1.6446972 -5.098053 -1.7973886
-1.5211718 -5.1362119 -1.7973714
-1.2715039 -5.2035346 -1.7973363
-1.1455468 -5.2326555 -1.7973188
-0.89166993 -5.2817359 -1.7972833
-0.76393551 -5.3016686 -1.7972654
-0.63577145 -5.3185062 -1.7972474
-0.37835938 -5.3428802 -1.7972114
-0.24927734 -5.3504062 -1.7971933
0.009189453 -5.3560948 -1.797157
0.26763672 -5.3493085 -1.7971209
1.0367676 -5.2543664 -1.797013
1.163291 -5.2277622 -1.7969954
1.2891015 -5.1981111 -1.7969776
1.4141601 -5.1654363 -1.7969601
1.6617481 -5.0910769 -1.7969254
1.7841113 -5.0494428 -1.7969083
2.0256739 -4.9573693 -1.7968744
2.2624805 -4.8537555 -1.7968411
2.4940526 -4.7388401 -1.7968086
2.9391308 -4.4761868 -1.796746
3.1516602 -4.3290691 -1.7967162
3.6498241 -3.9179866 -1.7966461
3.7432811 -3.8287265 -1.796633
4.0103807 -3.5477982 -1.7965955
4.1768847 -3.3500938 -1.796572
4.6164451 -2.7121363 -1.79651
4.6805568 -2.5999155 -1.7965008
4.7419138 -2.4861808 -1.7964922
5.2542677 -1.0282151 -1.7964195
5.3476071 -0.2591632 -1.7964059
5.3523145 -0.13002442 -1.7964052
5.3538771 -0.00080566405 -1.7964048
5.3476853 0.25755125 -1.7964054
5.3399119 0.38654539 -1.7964065
5.3150587 0.64377868 -1.7964098
3.2575293 0.7184912 -1.1192833
3.1403222 0.77256531 -1.0851045
2.5936522 0.77256531 -0.90804631
4.6813083 2.5985014 -1.7964973
4.481113 2.930423 -1.7965251
4.2574415 3.2470019 -1.7965562
4.011445 3.5465856 -1.7965906
3.4835155 3.7372241 -1.7142369
3.1788867 3.7588024 -1.6517609
2.9802735 3.8902507 -1.6443347
2.8855858 3.961082 -1.6443479
2.7891698 4.0296025 -1.6443614
2.4903808 4.2209425 -1.644403
2.1785254 4.3901734 -1.6444467
1.9641894 4.4902697 -1.6444765
1.8552538 4.5364075 -1.6444918
1.6342285 4.6207361 -1.6445228
1.5222266 4.6588793 -1.6445385
1.2956641 4.7269921 -1.6445701
1.1812207 4.7569361 -1.6445861
0.95030272 4.8084874 -1.6446185
0.8339746 4.8300672 -1.6446347
0.71717769 4.8488379 -1.6446512
0.3644824 4.888164 -1.6447004
0.24641602 4.8955832 -1.6447171
0.12819336 4.900156 -1.6447335
-0.10841797 4.9007311 -1.6447667
-0.58039063 4.8676476 -1.6448328
-0.69769531 4.8522692 -1.6448492
-0.81460935 4.8340659 -1.6448656
-1.615996 4.6285548 -1.644978
-1.7272656 4.5882506 -1.6449937
-1.8375098 4.5452685 -1.6450092
-2.1616113 4.4005346 -1.6450546
-2.5758495 4.1718049 -1.6451129
-2.6758008 4.1084561 -1.6451269
-2.7742188 4.0427136 -1.6451406
-2.8710253 3.9746137 -1.6451544
-3.0650682 3.8382452 -1.6480763
-3.2084179 3.8248992 -1.6751181
-3.3652246 3.8206322 -1.7083328
-3.5283105 3.8160138 -1.7438474
-3.8228612 3.7537315 -1.7976878
-3.9123633 3.6603973 -1.7977004
-4.1670313 3.3678143 -1.7977363
-4.2471189 3.2662828 -1.7977476
-4.4723825 2.9505005 -1.7977793
-4.60958 2.731272 -1.7977988
-5.0482225 1.7959783 -1.7978609
-5.0901074 1.6736218 -1.7978668
-5.1290526 1.550285 -1.7978723
-5.1979098 1.3009777 -1.7978821
-5.2278123 1.1751477 -1.7978864
-5.3312988 0.53720278 -1.7979013
-5.3427243 0.4083789 -1.7979029
-5.3562207 0.15008117 -1.7979051
-5.3582716 0.020764159 -1.7979054
-5.3217773 -0.62449706 -1.7979007
-5.2854395 -0.88057828 -1.7978958
-5.2626367 -1.0078857 -1.7978927
-5.2078419 -1.2606606 -1.7978853
-5.1029587 -1.6341262 -1.7978708
-5.0620017 -1.7568008 -1.7978652
-4.6306348 -2.695477 -1.7978053
-4.564209 -2.8064368 -1.797796
-4.4951172 -2.9157634 -1.7977864
-4.4234276 -3.0233834 -1.7977765
-3.851836 -3.7240093 -1.7976968
-3.6676171 -3.9054875 -1.7976712
-3.4748046 -4.0778656 -1.7976443
-3.2739258 -4.2407322 -1.7976162
-3.1706152 -4.3184748 -1.7976019
-3.0654199 -4.3937016 -1.797587
-2.9584765 -4.4663711 -1.7975723
-2.6275096 -4.6685939 -1.797526
-2.5140331 -4.7306027 -1.7975101
-2.2827735 -4.8463254 -1.7974778
-1.5593945 -5.1247535 -1.7973766
-1.4352245 -5.1608477 -1.7973592
-1.3102636 -5.193933 -1.7973418
-1.1844921 -5.2239923 -1.7973242
-0.67536134 -5.3136401 -1.7972529
-0.54691404 -5.3283372 -1.7972349
-0.41814452 -5.3399334 -1.7972169
-0.28916016 -5.3484168 -1.7971989
-0.03071289 -5.35603 -1.7971628
0.098564453 -5.3551588 -1.7971445
0.22779296 -5.3511667 -1.7971264
0.35685545 -5.3440571 -1.7971084
0.6143164 -5.3205028 -1.7970723
0.74253905 -5.3040776 -1.7970544
0.870332 -5.2845588 -1.7970364
0.99762696 -5.261961 -1.7970185
1.1243066 -5.2362995 -1.7970009
1.2503515 -5.2075849 -1.7969831
1.375664 -5.1758413 -1.7969656
1.5001757 -5.1410832 -1.7969481
1.6237988 -5.103332 -1.7969308
1.7464648 -5.0626054 -1.7969136
2.343164 -4.8152957 -1.7968298
2.458662 -4.757297 -1.7968136
2.7963476 -4.5668259 -1.7967662
3.0134082 -4.4264903 -1.7967356
3.2234569 -4.2758512 -1.7967061
3.3256836 -4.1967773 -1.7966917
3.4259765 -4.1152525 -1.7966777
3.5242968 -4.0313344 -1.7966638
3.6205175 -3.9450774 -1.7966502
3.7146385 -3.8565152 -1.7966371
3.8963768 -3.672719 -1.7966114
4.0690231 -3.4803655 -1.7965872
4.1517968 -3.3811269 -1.7965754
4.3854589 -3.0718358 -1.7965425
4.4582911 -2.9650776 -1.7965323
4.6610546 -2.6347158 -1.7965035
4.7232518 -2.5214396 -1.7964948
3.0386035 -0.7725665 -1.0519959
5.2706738 -0.94038969 -1.796417
5.2918262 -0.81290954 -1.796414
5.3099022 -0.68495053 -1.7964114
5.3537107 -0.040688477 -1.7964048
5.3531346 0.088538818 -1.7964048
5.3494434 0.21770874 -1.7964053
5.3196874 0.60416687 -1.7964092
5.3035645 0.73238343 -1.7964114
5.2843652 0.86017638 -1.796414
5.2620702 0.98746216 -1.796417
5.2366991 1.1141796 -1.7964206
4.7005177 2.5635583 -1.7964946
4.6373143 2.6762688 -1.7965034
4.4316111 3.0048077 -1.7965319
4.3578124 3.1109056 -1.7965423
4.2814841 3.2151959 -1.7965529
3.6995702 3.7258294 -1.7617495
3.5334375 3.7346208 -1.7250674
3.0092285 3.8679352 -1.6443307
2.8191016 4.0087004 -1.6443572
2.3160644 4.3191333 -1.6444274
2.2111816 4.3738122 -1.6444421
1.7793067 4.5667615 -1.6445025
1.6685938 4.6084204 -1.6445179
1.4442871 4.683661 -1.6445494
1.2166113 4.7479892 -1.6445813
1.1016797 4.7760167 -1.6445973
0.9860937 4.8012595 -1.6446135
0.86995113 4.8237085 -1.6446296
0.75326169 4.8433456 -1.6446459
0.2828711 4.8935986 -1.6447119
0.04640625 4.9016452 -1.644745
-0.19019531 4.8982749 -1.6447781
-0.30836913 4.8923011 -1.6447947
-0.54411131 4.87182 -1.6448277
-0.66153318 4.8573194 -1.6448442
-0.77858394 4.8399863 -1.6448606
-0.89517576 4.8198314 -1.644877
-1.0112598 4.7968674 -1.6448933
-1.2415625 4.7425709 -1.6449255
-1.3556836 4.7112732 -1.6449416
-1.4690137 4.6772251 -1.6449574
-1.5814941 4.6404538 -1.6449733
-1.693037 4.600975 -1.6449888
-1.9131445 4.5140014 -1.6450198
-2.4427733 4.2510266 -1.6450942
-2.5446875 4.1908684 -1.6451085
-2.8412988 3.995877 -1.6451501
-2.9369628 3.9261749 -1.6451635
-3.1612206 3.826148 -1.6653068
-3.6450391 3.8126037 -1.7698447
-3.794785 3.782094 -1.7976838
-4.2226462 3.297821 -1.7977442
-4.3010449 3.1949646 -1.7977552
-4.3769236 3.0902436 -1.797766
-4.6545606 2.6539757 -1.797805
-5.0346971 1.833529 -1.7978588
-5.1880565 1.339663 -1.7978806
-5.2188864 1.2140588 -1.7978851
-5.2467089 1.0877441 -1.7978891
-5.2714157 0.96080506 -1.7978926
-5.2930861 0.83329463 -1.7978958
-5.3116794 0.70530331 -1.7978984
-5.327158 0.57690489 -1.7979007
-5.3578711 -0.068654172 -1.7979054
-5.34833 -0.32713011 -1.7979041
-5.3388572 -0.4561151 -1.7979029
-5.3262892 -0.58483702 -1.7979013
-5.3106251 -0.71321714 -1.7978991
-5.2918358 -0.84118009 -1.7978967
-5.2699804 -0.96865571 -1.7978936
-5.2450781 -1.0955588 -1.7978903
-5.1860743 -1.3473901 -1.7978822
-5.0749512 -1.7190505 -1.7978669
-5.0319824 -1.8410248 -1.797861
-4.6505857 -2.6609125 -1.7978081
-4.58499 -2.7723618 -1.7977989
-4.4458203 -2.99036 -1.7977797
-4.2177439 -3.3041136 -1.797748
-4.0533299 -3.5037553 -1.7977248
-3.7891502 -3.7877483 -1.7976881
-3.6019042 -3.9661365 -1.797662
-3.5051074 -4.0518813 -1.7976485
-3.3054297 -4.2162385 -1.7976207
-3.2026758 -4.2947507 -1.7976063
-3.0980761 -4.3707566 -1.7975917
-2.9916601 -4.4442248 -1.7975769
-2.4347265 -4.7718668 -1.7974991
-2.3188281 -4.8291984 -1.7974828
-2.0830665 -4.9353843 -1.7974499
-1.96333 -4.9841785 -1.7974331
-1.8424511 -5.0300584 -1.7974162
-1.4736426 -5.1500287 -1.7973646
-1.0971582 -5.2429953 -1.797312
-0.97027344 -5.2678986 -1.7972943
-0.84283203 -5.2897301 -1.7972764
-0.19984375 -5.3524613 -1.7971864
-0.070615232 -5.3556724 -1.7971683
0.058681641 -5.355763 -1.7971503
0.31704101 -5.3465819 -1.7971139
0.57467771 -5.3249497 -1.7970779
0.70300782 -5.3094749 -1.7970599
0.83094722 -5.2909117 -1.7970419
1.0852636 -5.2445436 -1.7970064
1.2115234 -5.2167726 -1.7969886
1.33708 -5.1859617 -1.796971
1.4618359 -5.1521306 -1.7969536
1.7086914 -5.0754929 -1.7969189
1.8306934 -5.0327277 -1.7969017
1.9516015 -4.9870276 -1.7968848
2.1899414 -4.8869519 -1.7968513
2.307246 -4.8326254 -1.7968348
2.6507616 -4.6529126 -1.7967867
2.7622559 -4.5875416 -1.7967709
2.9803514 -4.4488249 -1.7967402
3.0868456 -4.3755646 -1.7967253
3.4941602 -4.0574875 -1.7966681
3.7784765 -3.7939739 -1.7966281
3.9570897 -3.6071734 -1.7966028
4.0429688 -3.5105922 -1.7965908
4.1265039 -3.4119682 -1.7965791
4.2862697 -3.2088289 -1.7965565
4.3624511 -3.1044283 -1.7965459
4.5071192 -2.8902626 -1.7965254
4.6413083 -2.6693625 -1.7965064
4.7043653 -2.5565579 -1.7964975
2.6810155 -0.7725665 -0.93617505
3.2575293 -0.77059448 -1.1231781
5.2383595 -1.1063812 -1.7964218
5.263535 -0.97963226 -1.7964181
5.3046484 -0.72448605 -1.7964121
5.3205762 -0.59625059 -1.7964098
5.3334274 -0.46766844 -1.7964081
5.3431444 -0.33880249 -1.7964065
5.3532615 -0.080574341 -1.796405
5.353652 0.048658445 -1.7964048
5.3509278 0.17785217 -1.7964052
5.3240528 0.56452149 -1.7964087
5.308877 0.6928491 -1.7964107
5.2448535 1.0751312 -1.7964194
3.2575293 0.75011593 -1.1216165
4.5242772 2.8633301 -1.7965192
4.453877 2.9717004 -1.7965289
4.3808689 3.0783527 -1.7965391
4.3053222 3.1832006 -1.7965497
4.2272654 3.2862024 -1.7965605
4.1467481 3.3872967 -1.7965716
4.0638084 3.4864154 -1.7965832
3.8908887 3.678504 -1.7966074
3.7522557 3.7230046 -1.7735815
3.5840039 3.7319646 -1.736127
3.2670312 3.7483232 -1.6683623
3.1298535 3.7709301 -1.6443138
2.9442577 3.9176331 -1.6443397
2.8488867 3.9875805 -1.644353
2.6531737 4.120481 -1.6443803
2.5529883 4.1833501 -1.6443944
2.3481641 4.3017492 -1.644423
2.2436817 4.3572068 -1.6444376
2.1379004 4.4101257 -1.6444523
1.8132714 4.5533667 -1.6444978
1.3659375 4.7071371 -1.6445603
1.2519336 4.7387815 -1.6445762
1.0218261 4.7937684 -1.6446084
0.4372949 4.8821568 -1.6446902
0.2011621 4.8976731 -1.6447233
0.082919918 4.9011488 -1.64474
-0.035410155 4.9017711 -1.6447564
-0.27191406 4.8944507 -1.6447897
-0.50779295 4.8757238 -1.6448226
-0.62531251 4.8620973 -1.6448392
-0.74250001 4.8456345 -1.6448556
-0.85923827 4.8263502 -1.644872
-1.2062109 4.7516794 -1.6449206
-1.3205566 4.7212281 -1.6449367
-1.5468652 4.652092 -1.6449684
-2.2021778 4.380393 -1.6450604
-2.4110351 4.2690959 -1.6450896
-2.6142969 4.1478429 -1.6451182
-2.8114452 4.016922 -1.645146
-3.1167576 3.8300805 -1.6568663
-3.2677343 3.8233037 -1.6875706
-3.4268749 3.8189092 -1.721643
-3.5925293 3.8141484 -1.7580893
-3.765244 3.8090019 -1.7970924
-3.857373 3.7182641 -1.7976927
-3.9460351 3.6241021 -1.7977052
-4.4994531 2.9090593 -1.7977831
-4.5683789 2.7996342 -1.7977929
-5.177949 1.3782697 -1.7978793
-5.2097068 1.2528943 -1.7978837
-5.2384276 1.1267962 -1.7978878
-5.2641306 1.0000464 -1.7978915
-5.3533788 0.22986205 -1.7979046
-5.3573632 0.10059082 -1.7979052
-5.358242 -0.028746948 -1.7979054
-5.3559766 -0.15805785 -1.7979052
-5.350625 -0.28727233 -1.7979045
-5.3421192 -0.41633728 -1.7979034
-5.2979689 -0.80174255 -1.7978975
-5.27707 -0.92937225 -1.7978947
-5.1959667 -1.3087192 -1.7978835
-5.1628613 -1.4337374 -1.797879
-5.1267285 -1.5579294 -1.797874
-5.0876169 -1.6811996 -1.7978686
-5.0455761 -1.8034905 -1.7978628
-4.5380664 -2.8484805 -1.7977924
-4.4679785 -2.9571571 -1.7977827
-4.3200293 -3.1692832 -1.7977622
-4.1620021 -3.3740225 -1.7977401
-3.9942968 -3.5708838 -1.7977167
-3.906914 -3.6662261 -1.7977046
-3.8172655 -3.7594261 -1.7976921
-3.7254002 -3.8504322 -1.7976793
-3.6313574 -3.9391985 -1.7976661
-3.5351954 -4.0256653 -1.7976527
-3.4369824 -4.1097822 -1.797639
-3.1305468 -4.3475685 -1.7975962
-2.9170702 -4.4935017 -1.7975665
-2.8077538 -4.5625539 -1.7975513
-2.2378905 -4.8671904 -1.7974715
-2.1197753 -4.9197421 -1.7974551
-1.8798535 -5.0162082 -1.7974216
-1.6355761 -5.1009836 -1.7973874
-1.5119531 -5.1389213 -1.7973701
-1.2621875 -5.2057958 -1.7973351
-1.1361816 -5.2346954 -1.7973175
-0.8822363 -5.283319 -1.7972819
-0.7544238 -5.3030224 -1.7972641
-0.3687793 -5.3435478 -1.7972101
-0.11049804 -5.3550119 -1.7971739
0.018769531 -5.3560643 -1.7971557
0.27720702 -5.3488126 -1.7971196
0.7915234 -5.2969666 -1.7970475
1.0461816 -5.2525001 -1.7970119
1.2984082 -5.1957946 -1.7969764
1.4234082 -5.1628942 -1.7969589
1.6708691 -5.0880938 -1.7969241
1.793164 -5.0462375 -1.7969069
2.3875487 -4.7934256 -1.7968235
2.5025001 -4.7343631 -1.7968074
2.8384082 -4.5407805 -1.7967602
2.9471385 -4.4709196 -1.7967449
3.0541797 -4.398448 -1.7967298
3.2628222 -4.2458787 -1.7967006
3.4638574 -4.0834064 -1.7966723
3.561367 -3.9985955 -1.7966586
3.6568065 -3.9114447 -1.7966452
3.9301465 -3.6365478 -1.7966067
4.0167189 -3.5406134 -1.7965945
4.1010056 -3.4426129 -1.7965826
4.1828418 -3.3426223 -1.7965711
4.4854784 -2.9237573 -1.7965285
4.5547166 -2.8146346 -1.7965187
-4.8343458 -1.2084384 -1.7978327
-4.6952929 -1.6688232 -1.7978137
-4.3476758 -2.4345517 -1.7977655
-4.2876172 -2.5387664 -1.797757
-4.0926661 -2.8422756 -1.7977301
-3.8762305 -3.1308756 -1.7976998
-3.7205956 -3.3142433 -1.7976782
-3.3836913 -3.6573741 -1.7976311
-3.2944043 -3.737951 -1.7976189
-3.0152733 -3.9664211 -1.7975799
-2.9186425 -4.0380077 -1.7975663
-2.8203125 -4.1072397 -1.7975526
-2.7203319 -4.1740818 -1.7975388
-2.515703 -4.300426 -1.79751
-2.3052247 -4.4167385 -1.7974807
-1.9795703 -4.5718303 -1.7974352
-1.8686035 -4.6182323 -1.7974197
-1.6435351 -4.7029409 -1.7973881
-1.52958 -4.7412047 -1.7973722
-1.4146777 -4.7766933 -1.7973562
-1.0653613 -4.8663979 -1.7973073
-0.94758785 -4.8906498 -1.7972908
-0.82927734 -4.9120502 -1.7972742
-0.71046871 -4.9305902 -1.7972577
-0.35187498 -4.9689312 -1.7972075
-0.11166992 -4.9800291 -1.7971737
0.36889648 -4.9674191 -1.7971064
0.48867187 -4.9570231 -1.7970897
0.6081543 -4.9437389 -1.7970729
0.7273047 -4.9275742 -1.7970562
1.0818554 -4.8619108 -1.7970065
1.4307519 -4.7707663 -1.7969575
1.772119 -4.6546283 -1.7969096
1.8839258 -4.6104636 -1.7968941
1.9946191 -4.563612 -1.7968785
2.3195019 -4.4072309 -1.7968328
2.632246 -4.2277656 -1.7967889
2.8331444 -4.0957556 -1.7967607
3.2146776 -3.8034539 -1.7967069
3.305537 -3.7247314 -1.7966943
3.5662694 -3.4757519 -1.7966576
3.6490722 -3.3886504 -1.7966459
3.729785 -3.299567 -1.7966344
3.8083007 -3.208569 -1.7966235
4.2934666 -2.5223801 -1.796555
4.353076 -2.4180129 -1.7965466
2.5908008 -0.7725665 -0.97539526
2.8393359 -0.7725665 -1.0616322
3.2575293 -0.71951902 -1.2035955
4.8866796 -0.95627928 -1.7964709
4.9083104 -0.83806366 -1.7964679
4.9270897 -0.71935242 -1.7964652
4.9662304 -0.36099547 -1.7964593
4.9778318 -0.12092712 -1.7964576
4.9793162 -0.00074890134 -1.7964573
4.9663181 0.35950196 -1.7964588
4.9562106 0.47925964 -1.7964603
4.943203 0.59873658 -1.7964619
4.9273143 0.71787167 -1.7964641
4.9085646 0.83658016 -1.7964666
3.2575293 0.7184912 -1.2035152
2.842705 0.7725659 -1.0628061
2.5936522 0.77256531 -0.97638214
4.3537889 2.4166961 -1.7965432
4.2321286 2.6240082 -1.7965602
4.100625 2.8252013 -1.7965785
4.03125 2.9233606 -1.7965881
3.9595702 3.0198193 -1.7965982
3.7307713 3.2984369 -1.79663
3.3955274 3.6428142 -1.7966768
3.3066504 3.7237256 -1.7966892
3.15625 3.7320507 -1.7634244
3.010869 3.7395909 -1.7321362
2.8703516 3.7467053 -1.7028394
2.7343066 3.7534204 -1.6754022
2.4101269 3.8685081 -1.6444147
2.1240234 4.0328422 -1.6444546
2.0260937 4.0829668 -1.6444682
1.8267187 4.1760497 -1.6444961
1.7254199 4.2189574 -1.6445103
1.623125 4.259409 -1.6445247
1.4157226 4.3328452 -1.6445537
1.2049999 4.3961949 -1.6445831
0.77561522 4.4920444 -1.6446432
0.55794919 4.5243187 -1.6446736
0.22916992 4.552959 -1.6447196
0.11921874 4.5572033 -1.6447351
-0.10083984 4.5577331 -1.6447659
-0.43033203 4.5386205 -1.644812
-0.64885741 4.51265 -1.6448426
-0.7576074 4.4957166 -1.6448579
-0.97367185 4.454 -1.6448883
-1.0808984 4.4292431 -1.6449032
-1.6063573 4.2670817 -1.644977
-1.8104395 4.1846662 -1.6450056
-1.9109179 4.1397882 -1.6450198
-2.0103028 4.0924931 -1.6450337
-2.1085057 4.0428185 -1.6450474
-2.3955371 3.8797698 -1.6450877
-2.8957129 3.8115344 -1.7269915
-3.0403612 3.8075426 -1.7579288
-3.3825977 3.6583824 -1.7976261
-3.5552051 3.4909399 -1.7976505
-3.6384666 3.4041424 -1.7976621
-3.7195995 3.3153522 -1.7976736
-3.8752735 3.1320317 -1.7976956
-4.0917969 2.843504 -1.7977262
-4.2868552 2.5400505 -1.7977536
-4.3469238 2.4358544 -1.7977622
-4.6947851 1.6702361 -1.7978114
-4.7337499 1.5564417 -1.7978169
-4.7699413 1.4417425 -1.7978221
-4.8033495 1.3262085 -1.7978268
-4.8339648 1.2098907 -1.7978311
-4.8617868 1.0928693 -1.797835
-4.8867579 0.97521663 -1.7978387
-4.9088864 0.85698849 -1.7978419
-4.9281249 0.7382611 -1.7978446
-4.9445214 0.61911011 -1.7978472
-4.9580369 0.49959168 -1.7978489
-4.9812012 0.13957092 -1.7978524
-4.9782324 -0.22118224 -1.7978523
-4.9617577 -0.46115357 -1.7978501
-4.9491696 -0.58077329 -1.7978485
-4.9153709 -0.81892514 -1.7978439
-4.8941698 -0.93731719 -1.797841
-4.8134961 -1.2889383 -1.79783
-4.7809863 -1.4047366 -1.7978255
-4.7456541 -1.519715 -1.7978206
-4.3064256 -2.5067632 -1.7977597
-4.244658 -2.6099536 -1.7977511
-4.0446482 -2.9101641 -1.7977233
-3.9732225 -3.0069168 -1.7977134
-3.8994529 -3.1019211 -1.797703
-3.7451854 -3.2864449 -1.7976817
-3.664746 -3.3758526 -1.7976704
-3.3221581 -3.7133181 -1.7976227
-3.2315526 -3.7923903 -1.7976099
-2.9486425 -4.0161619 -1.7975706
-2.8508301 -4.0861273 -1.7975569
-2.4435742 -4.3417821 -1.7975
-2.3380566 -4.3994555 -1.7974854
-2.2311718 -4.4545712 -1.7974703
-2.1229882 -4.5070853 -1.7974553
-2.0135839 -4.556973 -1.7974398
-1.9029882 -4.604198 -1.7974244
-1.5648632 -4.7296915 -1.7973771
-1.2185352 -4.8303823 -1.7973287
-0.9840039 -4.8834653 -1.7972959
-0.74717772 -4.9251742 -1.7972627
-0.62808591 -4.9417286 -1.7972461
-0.50861329 -4.9553995 -1.7972294
-0.38889647 -4.9661841 -1.7972126
-0.26889649 -4.9740782 -1.7971959
-0.14875977 -4.9790745 -1.7971789
0.091679685 -4.9803605 -1.7971454
0.2118457 -4.9766517 -1.7971284
0.45173827 -4.9605393 -1.7970948
0.69056642 -4.932869 -1.7970614
0.8094238 -4.9147196 -1.7970446
0.92781246 -4.8937082 -1.7970282
1.1628516 -4.8431473 -1.7969952
1.2793847 -4.8136292 -1.7969788
1.3951757 -4.7813048 -1.7969625
1.7373925 -4.6677113 -1.7969145
1.9605956 -4.5783567 -1.7968832
2.179209 -4.4783378 -1.7968526
2.2866211 -4.4243994 -1.7968374
2.4974217 -4.3088312 -1.7968078
2.7024219 -4.1832271 -1.796779
2.9011035 -4.0478854 -1.796751
2.9979002 -3.9766607 -1.7967374
3.2777147 -3.7492583 -1.7966981
3.3671777 -3.6690385 -1.7966856
3.6237597 -3.4157422 -1.7966495
3.7050879 -3.3272662 -1.796638
3.7842968 -3.2368569 -1.7966268
4.0786228 -2.8569107 -1.7965853
4.1463671 -2.7576218 -1.7965758
2.7580664 -0.7725665 -1.0333685
4.9715528 -0.27807066 -1.7964586
4.9791598 -0.037842408 -1.7964573
4.9475293 0.56189758 -1.7964613
4.9325194 0.68114561 -1.7964635
4.8703318 1.0362287 -1.7964718
3.2575293 0.7757141 -1.2081306
2.92875 0.77256531 -1.0927902
2.6660838 0.7725659 -1.0014529
4.3128614 2.4890246 -1.7965491
4.2515526 2.5924029 -1.7965575
4.1877732 2.6942749 -1.7965665
4.1215429 2.7945721 -1.7965755
4.0529199 2.8932488 -1.7965852
3.9819238 2.9902391 -1.796595
3.7552245 3.2705469 -1.7966266
3.6752245 3.3602476 -1.7966377
3.5930662 3.4479949 -1.7966491
3.3342285 3.6989872 -1.7966853
3.202168 3.7296319 -1.7735043
2.9132323 3.7445538 -1.7116761
2.7758496 3.7513885 -1.6836785
2.6435449 3.7590611 -1.6579955
2.5311131 3.7904265 -1.6443977
2.3453515 3.9082141 -1.6444236
2.250293 3.9637091 -1.644437
2.0564454 4.0677514 -1.644464
1.9576855 4.1162286 -1.6444778
1.8577734 4.1623154 -1.6444918
1.7567968 4.2059751 -1.6445059
1.6547949 4.2471881 -1.64452
1.4479589 4.3221717 -1.644549
1.3432128 4.3558946 -1.6445637
1.1314648 4.415719 -1.6445934
0.91707027 4.4652524 -1.6446234
0.80905271 4.4861279 -1.6446385
0.37284178 4.5433946 -1.6446996
0.1531543 4.5561781 -1.6447303
0.043144532 4.5585899 -1.6447457
-0.066894531 4.5583458 -1.6447612
-0.28678709 4.5498939 -1.644792
-0.72408199 4.501224 -1.6448531
-1.1546875 4.4106164 -1.6449136
-1.2608007 4.3815036 -1.6449286
-1.5745214 4.2789154 -1.6449724
-1.6773633 4.239707 -1.644987
-1.9797558 4.1073489 -1.6450294
-2.07833 4.0584006 -1.6450433
-2.2718163 3.9534447 -1.6450704
-2.5794432 3.8196087 -1.662869
-2.7136133 3.8162968 -1.6894561
-2.8520508 3.8127027 -1.7178466
-3.2653027 3.7633507 -1.7976097
-3.4431736 3.6014433 -1.7976347
-3.5290918 3.5173175 -1.7976468
-3.6947949 3.3429663 -1.7976701
-3.851836 3.1608074 -1.7976922
-3.9999413 2.9712853 -1.7977132
-4.0704784 2.8738971 -1.7977231
-4.2678123 2.5719049 -1.7977509
-4.3286815 2.4681664 -1.7977595
-4.6822166 1.7051568 -1.7978096
-4.722002 1.5916607 -1.7978152
-4.7933493 1.361944 -1.7978255
-4.8248243 1.2458673 -1.7978299
-4.8535056 1.1290569 -1.7978339
-4.8793359 1.0115869 -1.7978376
-4.9225097 0.77495176 -1.7978439
-4.9397755 0.65592283 -1.7978463
-4.9656739 0.41678345 -1.7978501
-4.9800096 0.17667419 -1.7978523
-4.9828415 0.056425169 -1.7978528
-4.9827442 -0.063846432 -1.7978529
-4.9797459 -0.18408996 -1.7978524
-4.9387889 -0.66328305 -1.7978472
-4.9010253 -0.90083528 -1.7978419
-4.8778515 -1.018855 -1.7978388
-4.8518262 -1.1362841 -1.7978352
-4.8229685 -1.2530535 -1.7978312
-4.7568455 -1.4843216 -1.7978221
-4.7196383 -1.5986923 -1.797817
-4.6796579 -1.7121279 -1.7978115
-4.2639551 -2.5782645 -1.7977538
-4.0662208 -2.8799574 -1.7977264
-3.9955077 -2.9772437 -1.7977165
-3.9224608 -3.0727925 -1.7977062
-3.8471289 -3.166549 -1.7976959
-3.7695606 -3.25846 -1.797685
-3.4378026 -3.6065774 -1.7976388
-3.2597265 -3.7682214 -1.797614
-2.881201 -4.0647855 -1.7975612
-2.7822266 -4.1331096 -1.7975472
-2.4758496 -4.3234696 -1.7975045
-2.3707519 -4.3819304 -1.7974899
-2.2643065 -4.4378333 -1.797475
-2.1565137 -4.4911551 -1.7974598
-1.9372265 -4.5899048 -1.7974293
-1.8258886 -4.6352906 -1.7974137
-1.6000586 -4.7179174 -1.7973821
-1.4856933 -4.7551179 -1.7973661
-1.3704981 -4.7895451 -1.7973499
-1.2544824 -4.8211818 -1.7973338
-0.664873 -4.9369254 -1.7972512
-0.42586914 -4.9631658 -1.7972178
-0.3059375 -4.9719529 -1.797201
-0.18585937 -4.9778423 -1.7971841
-0.065673828 -4.9808307 -1.7971673
0.054580078 -4.9809203 -1.7971505
0.17476562 -4.978107 -1.7971336
0.41477537 -4.9637799 -1.7971001
0.53445309 -4.9522791 -1.7970833
0.65381837 -4.9378934 -1.7970665
0.89131832 -4.9004989 -1.7970332
1.1267285 -4.8516903 -1.7970003
1.3595215 -4.7915792 -1.7969676
1.4747655 -4.7573271 -1.7969514
1.5891211 -4.7203093 -1.7969354
1.9264257 -4.5928483 -1.7968881
2.0366991 -4.5449762 -1.7968725
2.1458008 -4.4944572 -1.7968572
2.3601367 -4.385601 -1.7968271
2.4652734 -4.3273234 -1.7968124
2.6711817 -4.2032523 -1.7967834
2.771826 -4.137527 -1.7967693
2.8708301 -4.0693946 -1.7967553
2.9682031 -3.9988928 -1.7967417
3.4279492 -3.6123147 -1.7966771
3.5141211 -3.5285084 -1.7966648
3.5981932 -3.442652 -1.7966532
3.680244 -3.3547747 -1.7966415
3.9132226 -3.0796726 -1.7966087
3.9864061 -2.9843154 -1.7965983
4.1257324 -2.7884405 -1.7965788
4.1917772 -2.6880417 -1.7965695
4.2554102 -2.5860775 -1.7965605
4.375205 -2.3776886 -1.7965436
2.9465137 -0.7725665 -1.0989902
4.8718848 -1.0289773 -1.796473
4.9335446 -0.67380065 -1.7964642
4.9483495 -0.55453551 -1.7964621
4.9602928 -0.43495056 -1.7964603
4.969326 -0.31509888 -1.7964588
4.9754977 -0.19507506 -1.7964579
4.9791017 0.045255125 -1.7964573
4.9711328 0.28546691 -1.7964582
4.9627929 0.40536988 -1.7964593
4.9515719 0.52502745 -1.7964609
4.9374609 0.64437681 -1.7964627
4.2707419 2.5606573 -1.7965548
4.2077246 2.6629949 -1.7965635
4.1422362 2.763783 -1.7965727
4.0743556 2.8629718 -1.7965821
4.0041013 2.960484 -1.7965919
3.7794824 3.2424786 -1.7966232
3.5350389 3.5074854 -1.7966572
3.2486033 3.7271667 -1.7837917
3.1000195 3.7349882 -1.751206
2.9565234 3.7423637 -1.7206947
2.8177733 3.7493212 -1.6921241
2.6833496 3.7558928 -1.6653695
2.5605175 3.7729993 -1.6450672
2.4675488 3.8321545 -1.6444066
2.1838477 4.0007329 -1.6444463
2.0866797 4.0523057 -1.6444598
1.9882812 4.1015191 -1.6444736
1.6863867 4.2347326 -1.6445156
1.4800977 4.3112521 -1.6445446
1.375625 4.3457532 -1.6445591
1.1643262 4.4071531 -1.6445887
1.0576465 4.4340124 -1.6446037
0.9503125 4.4582872 -1.6446186
0.73409176 4.4990306 -1.644649
0.51614255 4.5293002 -1.6446795
0.40666991 4.5404782 -1.6446948
0.29697266 4.5490112 -1.6447102
-0.032929685 4.5587034 -1.6447564
-0.14292969 4.5566235 -1.6447717
-0.36265624 4.5445008 -1.6448026
-0.58156246 4.5217896 -1.6448332
-0.69054687 4.5064759 -1.6448485
-0.79910153 4.4885411 -1.6448637
-1.4385937 4.3264599 -1.6449534
-1.5425879 4.2905173 -1.644968
-1.6457226 4.2520752 -1.6449825
-1.949082 4.1219697 -1.6450251
-2.1457617 4.0231776 -1.6450528
-2.2475879 3.9797935 -1.6490201
-2.3374901 3.9150074 -1.6450796
-2.5409081 3.823626 -1.6563323
-2.9504883 3.8100426 -1.7385919
-3.0970898 3.8059306 -1.7703214
-3.5873144 3.4579546 -1.797655
-3.6697557 3.3703821 -1.7976665
-3.8281932 3.1894104 -1.7976888
-4.2485352 2.6036279 -1.7977482
-4.3101759 2.5003362 -1.7977569
-4.7100196 1.6267926 -1.7978135
-4.74791 1.5126392 -1.7978189
-4.7830567 1.3976129 -1.7978239
-4.8154001 1.2817712 -1.7978284
-4.9785547 0.21376647 -1.7978522
-4.9822755 0.093546748 -1.7978528
-4.9809766 -0.14699218 -1.7978526
-4.9680762 -0.38718626 -1.7978511
-4.9572949 -0.50697571 -1.7978495
-4.927031 -0.74560666 -1.7978454
-4.9075975 -0.86430204 -1.7978429
-4.885293 -0.98249114 -1.7978398
-4.8321872 -1.2170904 -1.7978325
-4.8013768 -1.3333541 -1.7978283
-4.7677732 -1.4488492 -1.7978235
-4.7314258 -1.5634921 -1.7978185
-4.6922946 -1.6772223 -1.7978132
-4.2830858 -2.5464373 -1.7977564
-4.0875778 -2.8495958 -1.7977293
-3.9452538 -3.0434871 -1.7977095
-3.870625 -3.137809 -1.7976991
-3.6333885 -3.4095612 -1.7976661
-3.5500195 -3.4962366 -1.7976544
-3.1963768 -3.8220716 -1.797605
-3.103164 -3.8980811 -1.7975922
-3.0081444 -3.971806 -1.7975788
-2.8129492 -4.1122789 -1.7975515
-2.7128417 -4.1789417 -1.7975377
-2.611201 -4.2431636 -1.7975235
-2.2972949 -4.420857 -1.7974795
-2.1899121 -4.4749761 -1.7974646
-1.9713867 -4.5753651 -1.7974341
-1.6351562 -4.7058792 -1.797387
-1.5211035 -4.7439322 -1.797371
-1.406162 -4.7792196 -1.7973551
-1.1738575 -4.8414154 -1.7973225
-1.0566406 -4.8682966 -1.7973061
-0.93882811 -4.8923349 -1.7972895
-0.8204785 -4.9135237 -1.797273
-0.70163083 -4.9318504 -1.7972565
-0.58240235 -4.9472995 -1.7972397
-0.22293945 -4.9763336 -1.7971892
-0.10276367 -4.9802198 -1.7971725
0.017451171 -4.9812021 -1.7971557
0.2578125 -4.9744639 -1.797122
0.49755859 -4.9561357 -1.7970884
0.61702144 -4.9426403 -1.7970717
0.73612303 -4.9262595 -1.797055
0.97296876 -4.8849134 -1.7970217
1.323789 -4.8015862 -1.7969726
1.667666 -4.6931038 -1.7969244
1.7804296 -4.6514492 -1.7969085
1.8921679 -4.6070805 -1.7968928
2.0027831 -4.5600333 -1.7968773
2.112246 -4.5103302 -1.796862
2.3274024 -4.4030714 -1.7968317
2.5371387 -4.2855577 -1.7968023
2.8404686 -4.0906749 -1.7967596
2.9383495 -4.0208969 -1.7967459
3.3121483 -3.7188122 -1.7966933
3.4877441 -3.5545931 -1.7966686
3.5724804 -3.4693639 -1.7966566
3.6551855 -3.3820975 -1.796645
3.8901756 -3.1087484 -1.7966119
3.9640527 -3.0139294 -1.7966015
4.17167 -2.7191935 -1.7965722
4.2360544 -2.6177068 -1.7965633
-4.4534669 -1.3446246 -1.7977796
-4.4196873 -1.4517159 -1.7977749
-4.0027928 -2.3701105 -1.7977171
-3.9444041 -2.4660177 -1.797709
-3.8837304 -2.5604854 -1.7977006
-3.3977344 -3.1769893 -1.7976328
-3.3200293 -3.2580523 -1.7976221
-3.2404199 -3.3372099 -1.7976109
-3.1589062 -3.4144258 -1.7975996
-2.9904394 -3.5628407 -1.7975761
-2.9035547 -3.6339543 -1.7975639
-2.814961 -3.7029462 -1.7975515
-2.7247753 -3.7697756 -1.797539
-2.444834 -3.9569499 -1.7975
-2.3486035 -4.0147743 -1.7974865
-2.2510059 -4.0702558 -1.7974728
-2.1520996 -4.1233678 -1.7974591
-2.0519335 -4.1740785 -1.7974451
-1.9505664 -4.2223525 -1.7974309
-1.4279687 -4.4262981 -1.7973578
-1.3206934 -4.4594302 -1.7973428
-1.2126952 -4.4899745 -1.7973276
-0.99461913 -4.5431895 -1.7972971
-0.88465816 -4.5658298 -1.7972817
-0.77419919 -4.5858126 -1.7972664
-0.66326171 -4.6031208 -1.7972507
-0.55197263 -4.6177497 -1.7972353
-0.21643554 -4.6454663 -1.7971883
0.0079882806 -4.6504169 -1.7971568
0.34440428 -4.6375341 -1.7971096
0.45621094 -4.6278324 -1.7970939
0.5677734 -4.6154327 -1.7970784
0.67898434 -4.6003437 -1.7970628
0.78982419 -4.5825787 -1.7970473
0.90020508 -4.56214 -1.7970319
1.0100293 -4.5390482 -1.7970164
1.2278906 -4.4849467 -1.7969857
1.8621973 -4.2605782 -1.7968968
1.9644727 -4.2143588 -1.7968824
2.2641504 -4.0610971 -1.7968403
2.4574707 -3.9470432 -1.7968131
2.5519824 -3.8865547 -1.7967999
2.6450098 -3.8238068 -1.7967868
2.7365136 -3.7588286 -1.7967739
2.9146581 -3.6223474 -1.7967489
3.0860741 -3.4774227 -1.7967248
3.1690526 -3.4019158 -1.7967132
3.3294725 -3.2449846 -1.7966906
3.9504395 -2.4509888 -1.7966031
4.0084276 -2.3549178 -1.7965949
4.0640721 -2.2574801 -1.796587
2.5908008 -0.7725659 -1.0447812
2.8393359 -0.7725659 -1.137152
3.1362598 -0.7725665 -1.2482342
3.2575195 -0.71951842 -1.2892139
4.6000094 -0.67159665 -1.7965109
4.6365333 -0.33703062 -1.7965056
4.6474118 0.11149841 -1.7965037
4.6150293 0.55898988 -1.796508
4.582695 0.78104126 -1.7965122
4.5625095 0.89142269 -1.796515
3.257539 0.7184906 -1.2891285
3.1403222 0.77256531 -1.2497627
2.842705 0.77256471 -1.1384094
2.5936522 0.77256531 -1.0458373
4.0647364 2.2562511 -1.7965838
4.0091209 2.3537102 -1.7965916
3.9511621 2.4497967 -1.7965997
3.6966796 2.8193305 -1.7966352
3.5563476 2.9944658 -1.7966546
3.4077539 3.162627 -1.7966753
3.3304491 3.2439728 -1.7966861
3.1700683 3.4009485 -1.7967085
2.7196679 3.7333057 -1.7849666
2.5886719 3.739923 -1.7577374
2.461416 3.7461748 -1.7322421
1.8915625 3.8118548 -1.6444873
1.7054394 3.8987548 -1.6445134
1.5153222 3.9765723 -1.64454
1.1249707 4.1042638 -1.6445944
1.0255859 4.1302552 -1.6446084
0.8251074 4.1750073 -1.6446365
0.72411132 4.1937385 -1.6446506
0.5208984 4.2238669 -1.644679
0.31647462 4.2441607 -1.6447076
0.11128906 4.2545586 -1.6447363
-0.094140626 4.2550468 -1.6447651
-0.299375 4.2456169 -1.644794
-0.40175781 4.2371955 -1.6448083
-0.50390625 4.2262993 -1.6448225
-0.60576171 4.2129431 -1.6448369
-0.70728517 4.1971316 -1.6448511
-1.108623 4.1095424 -1.6449074
-1.2075 4.0816245 -1.6449212
-1.3056543 4.0513244 -1.644935
-1.4996582 3.9836626 -1.6449623
-1.8789941 3.8250341 -1.6468966
-1.9884863 3.8127093 -1.6617738
-2.3492186 3.8047686 -1.7280493
-2.7236328 3.7705889 -1.7975339
-3.0745118 3.4905651 -1.7975831
-3.1578808 3.4153666 -1.7975949
-3.2393944 3.3381755 -1.7976063
-3.3190429 3.2590418 -1.7976176
-3.3967676 3.1780078 -1.7976284
-3.4724998 3.0951159 -1.7976391
-3.5461912 3.010421 -1.7976495
-3.8199804 2.6546063 -1.7976881
-3.9436717 2.4671953 -1.7977057
-4.4192677 1.4530407 -1.7977729
-4.5128322 1.1295135 -1.7977862
-4.5827441 0.8000555 -1.7977962
-4.6007419 0.68921632 -1.7977989
-4.6385646 0.35455444 -1.7978044
-4.6457615 0.24249938 -1.7978054
-4.652041 0.018026123 -1.7978065
-4.6411619 -0.3185913 -1.7978052
-4.6321387 -0.43051636 -1.7978039
-4.6203709 -0.54218996 -1.7978024
-4.5690231 -0.87504882 -1.7977954
-4.5465722 -0.98506254 -1.7977923
-4.493711 -1.2033077 -1.7977852
-4.4633594 -1.3114147 -1.7977809
-4.3948436 -1.5252603 -1.7977715
-3.9626758 -2.436568 -1.7977116
-3.902705 -2.5314898 -1.7977033
-3.8404393 -2.624928 -1.7976946
-3.5694432 -2.9828627 -1.7976568
-3.3442187 -3.2332361 -1.7976254
-3.1842773 -3.3908026 -1.7976031
-3.1014745 -3.4666491 -1.7975916
-3.0168848 -3.540472 -1.7975798
-2.930537 -3.6122289 -1.7975677
-2.8424804 -3.6818793 -1.7975554
-2.7527733 -3.7493811 -1.797543
-2.5686035 -3.8778026 -1.7975172
-2.3784571 -3.9971766 -1.7974906
-2.2812598 -4.0533867 -1.7974771
-2.182744 -4.1072326 -1.7974633
-1.9819726 -4.2077165 -1.7974353
-1.776582 -4.2983866 -1.7974066
-1.6723242 -4.3399787 -1.7973919
-1.4609082 -4.4155498 -1.7973623
-1.2461327 -4.4808283 -1.7973324
-1.0284179 -4.535665 -1.7973019
-0.91866207 -4.5591264 -1.7972865
-0.58636719 -4.6135254 -1.7972399
-0.25105467 -4.6437359 -1.7971931
-0.026660156 -4.6503582 -1.7971617
0.085585937 -4.6496091 -1.797146
0.19775391 -4.6461511 -1.7971302
0.42173827 -4.6311121 -1.7970988
0.5333789 -4.6195455 -1.7970833
0.7556836 -4.5883479 -1.7970519
1.0856152 -4.5215325 -1.7970058
1.1944238 -4.4939756 -1.7969905
1.4098828 -4.4310288 -1.7969602
1.516377 -4.395678 -1.7969453
1.6220312 -4.35776 -1.7969306
1.9330175 -4.2288871 -1.7968869
2.0345018 -4.1809697 -1.7968726
2.1348047 -4.1306157 -1.7968584
2.708457 -3.7791142 -1.796778
2.798877 -3.7126172 -1.7967652
2.8876367 -3.6439612 -1.7967527
2.9747069 -3.5731859 -1.7967405
3.1436229 -3.4254332 -1.7967167
3.3831542 -3.1889584 -1.796683
3.459121 -3.1063564 -1.7966723
3.6747167 -2.8479052 -1.7966419
3.7423632 -2.758374 -1.7966323
3.807832 -2.6672325 -1.7966232
3.8710938 -2.5745394 -1.7966142
4.0471482 -2.2876961 -1.7965895
2.7580664 -0.7725665 -1.1068785
3.0386133 -0.77256709 -1.2116309
3.2575293 -0.74501097 -1.2913742
4.5765038 -0.81653565 -1.7965143
4.6105466 -0.59473878 -1.7965094
4.6235838 -0.48328796 -1.7965074
4.6338768 -0.37156126 -1.796506
4.6415038 -0.25961119 -1.7965047
4.6463962 -0.14750977 -1.796504
4.6481247 0.076877438 -1.7965035
4.6389747 0.30108702 -1.7965047
4.6303906 0.41296265 -1.7965058
4.619082 0.52459472 -1.7965074
4.5883789 0.7468878 -1.7965115
4.5470214 0.96743464 -1.7965171
4.0814357 2.2259107 -1.7965815
4.0265527 2.3237743 -1.7965891
3.9692967 2.4202924 -1.7965971
3.8479102 2.6090369 -1.7966141
3.7838476 2.7011602 -1.7966229
3.7175682 2.7917125 -1.7966322
3.6491308 2.8806336 -1.7966417
3.5785449 2.9678862 -1.7966516
3.5059178 3.0534062 -1.7966616
3.4312108 3.1371491 -1.796672
3.1128905 3.4533923 -1.7967165
2.942627 3.5996294 -1.7967402
2.8549511 3.6696301 -1.7967525
2.6286719 3.7379241 -1.765951
2.5003028 3.7442851 -1.7399306
2.3754785 3.7502947 -1.7155753
2.2539454 3.755976 -1.6927886
2.0221386 3.7709985 -1.6535999
1.9199023 3.7976506 -1.6444833
1.7343848 3.885932 -1.6445092
1.6430273 3.9340172 -1.64759
1.5449121 3.9651647 -1.6445358
1.4487792 4.0013304 -1.6445493
1.1555078 4.0957594 -1.6445903
0.95655268 4.1468196 -1.644618
0.65404296 4.2052631 -1.6446604
0.45033202 4.2319994 -1.6446888
0.34806639 4.2416706 -1.6447031
0.24560547 4.2488742 -1.6447176
0.14298828 4.2536006 -1.6447319
0.040283203 4.2558475 -1.6447463
-0.062441405 4.2556195 -1.6447607
-0.16514648 4.2529087 -1.644775
-0.37017578 4.2400556 -1.6448039
-0.47239256 4.2299237 -1.6448181
-0.57435548 4.2173276 -1.6448324
-0.87800777 4.1648278 -1.644875
-0.97829098 4.1424584 -1.644889
-1.3730956 4.0289941 -1.6449444
-1.6610254 3.9191895 -1.6449848
-1.7551562 3.8779895 -1.6449981
-2.069248 3.8110673 -1.675878
-2.5657518 3.7992907 -1.7716844
-2.6954589 3.7907622 -1.7975298
-2.7861621 3.7246318 -1.7975426
-2.8752637 3.6563268 -1.7975552
-2.9627147 3.5858855 -1.7975674
-3.214453 3.3622065 -1.7976028
-3.3729882 3.2032166 -1.7976251
-3.449326 3.1208942 -1.7976359
-3.5236816 3.0367479 -1.7976464
-3.5959668 2.9508362 -1.7976565
-3.8637402 2.5904968 -1.7976943
-4.0411134 2.3042009 -1.7977194
-4.3711329 1.5918756 -1.7977661
-4.5042968 1.1630981 -1.797785
-4.5310545 1.054049 -1.7977889
-4.5551758 0.94438171 -1.7977923
-4.5766797 0.83417112 -1.7977954
-4.5954785 0.7234692 -1.7977982
-4.6115918 0.61234432 -1.7978004
-4.6250291 0.5008685 -1.7978024
-4.6438184 0.27709961 -1.7978052
-4.6517968 0.052677002 -1.7978064
-4.6489158 -0.17186035 -1.7978063
-4.6434083 -0.28401673 -1.7978054
-4.6106834 -0.61921751 -1.797801
-4.5295019 -1.0607959 -1.7977901
-4.5025587 -1.1698053 -1.7977864
-4.0376658 -2.3102214 -1.797722
-3.9807324 -2.4069839 -1.797714
-3.8598828 -2.5962551 -1.7976973
-3.5915821 -2.956192 -1.7976599
-3.4446971 -3.1260343 -1.7976394
-3.3682225 -3.2082384 -1.7976288
-2.9573631 -3.5903051 -1.7975715
-2.8698437 -3.6606131 -1.7975593
-2.7806444 -3.7287819 -1.7975469
-2.5974219 -3.8585722 -1.7975211
-2.408164 -3.9793572 -1.7974948
-2.3113866 -4.0362883 -1.7974813
-2.2132812 -4.0908704 -1.7974676
-1.9114648 -4.2401819 -1.7974254
-1.7046094 -4.3274131 -1.7973965
-1.5996581 -4.3672552 -1.7973819
-1.4937793 -4.4045572 -1.7973671
-1.0621582 -4.5278869 -1.7973067
-0.95256835 -4.5521684 -1.7972913
-0.73178709 -4.5927544 -1.7972604
-0.62072265 -4.6090403 -1.7972448
-0.50929683 -4.6226401 -1.7972293
-0.39757812 -4.6335444 -1.7972136
-0.28562498 -4.641746 -1.7971979
-0.061308593 -4.6500459 -1.7971666
0.050947264 -4.6501293 -1.7971509
0.16316406 -4.6475067 -1.7971351
0.27527344 -4.6421752 -1.7971194
0.61040038 -4.6099744 -1.7970724
0.72147459 -4.5938611 -1.7970568
0.83212888 -4.5750699 -1.7970413
1.0519141 -4.5295072 -1.7970104
1.483623 -4.4068613 -1.7969499
1.5895214 -4.3697343 -1.7969351
1.6945214 -4.3300638 -1.7969203
2.0033104 -4.1960173 -1.7968769
2.2034376 -4.0943937 -1.7968489
2.493789 -3.9241638 -1.7968081
2.5877831 -3.8628013 -1.7967949
2.6802635 -3.7991943 -1.7967819
2.7711132 -3.7333751 -1.796769
2.8604295 -3.6653814 -1.7967565
2.9480469 -3.5952466 -1.7967442
3.0339453 -3.5230246 -1.7967322
3.3592968 -3.2140837 -1.7966864
3.4358788 -3.1320443 -1.7966756
3.5104492 -3.0481908 -1.7966652
3.5829785 -2.9625635 -1.7966549
3.9728906 -2.4143853 -1.7965999
4.0847459 -2.2198334 -1.7965841
2.6810155 -0.7725659 -1.078234
2.9465039 -0.7725665 -1.1771677
3.2575293 -0.77059448 -1.2936146
4.5484276 -0.96066433 -1.7965183
4.5894923 -0.74005795 -1.7965124
4.6394334 -0.2941803 -1.7965051
4.6485448 0.042249754 -1.7965035
4.6333203 0.37845823 -1.7965056
4.6228318 0.49017149 -1.7965069
4.5752931 0.82334715 -1.7965133
4.5540819 0.93353271 -1.7965162
4.0437207 2.2937102 -1.7965869
3.9872167 2.3906536 -1.7965946
3.8038378 2.6728942 -1.7966201
3.6704881 2.853363 -1.7966387
3.4544823 3.1114933 -1.7966688
3.3783984 3.1939843 -1.7966794
3.3003321 3.2746086 -1.7966903
3.2203808 3.3533263 -1.7967014
2.9693651 3.5776019 -1.7967364
2.8821971 3.6482544 -1.7967486
2.4136424 3.7484753 -1.7229207
2.1716993 3.7597198 -1.6779072
2.0557616 3.7660754 -1.6581122
1.6693749 3.9143541 -1.6445184
1.2842773 4.0571795 -1.6445721
1.1859863 4.0870295 -1.6445858
0.78651363 4.1824627 -1.6446419
0.685332 4.2002611 -1.6446561
0.58375973 4.2156162 -1.6446702
0.37967771 4.2389469 -1.6446987
0.27725586 4.2469153 -1.644713
-0.030742187 4.2559509 -1.6447563
-0.23607421 4.2495866 -1.6447849
-0.33859375 4.2426863 -1.6447995
-0.54292965 4.2214775 -1.644828
-0.64466798 4.2071819 -1.6448424
-0.94738281 4.149621 -1.6448847
-1.0472656 4.1255779 -1.6448988
-1.3430371 4.0391021 -1.6449401
-1.5363965 3.9696531 -1.6449673
-1.6318457 3.9314451 -1.6449808
-1.7261816 3.8909471 -1.644994
-1.9205859 3.8200934 -1.6523395
-2.0330467 3.8118126 -1.6695006
-2.151377 3.8093169 -1.6906614
-2.3973143 3.803596 -1.7375033
-2.5254493 3.8003478 -1.7633561
-2.7583399 3.7452745 -1.7975388
-2.8479395 3.6776402 -1.7975513
-2.9359081 3.6078484 -1.7975636
-3.0221581 3.5359674 -1.7975758
-3.1892967 3.3860545 -1.7975993
-3.2701073 3.3081126 -1.7976108
-3.3490233 3.2282481 -1.7976217
-3.4259765 3.1464899 -1.7976326
-3.5738671 2.9775391 -1.7976534
-3.906455 2.525667 -1.7977003
-4.023828 2.3342333 -1.797717
-4.0789943 2.2364478 -1.7977247
-4.397119 1.5187176 -1.7977698
-4.4652929 1.304765 -1.7977796
-4.4954882 1.1966174 -1.7977837
-4.5230761 1.0877661 -1.7977878
-4.5480175 0.97828853 -1.7977912
-4.5703321 0.8682397 -1.7977945
-4.5899415 0.75768495 -1.7977972
-4.606914 0.64668149 -1.7977996
-4.6211915 0.53530699 -1.7978017
-4.6416306 0.31167907 -1.7978048
-4.6500683 -0.13722534 -1.7978064
-4.6454005 -0.249411 -1.7978058
-4.6279492 -0.47329283 -1.7978034
-4.5607419 -0.91721922 -1.7977943
-4.5372653 -1.0270306 -1.7977911
-4.5111618 -1.1362334 -1.7977874
-4.4824219 -1.2447727 -1.7977835
-4.4170799 -1.4596206 -1.7977744
-4.3805661 -1.5657967 -1.7977694
-4.0547948 -2.2800763 -1.7977242
-3.8160253 -2.6602969 -1.7976911
-3.6134961 -2.9293654 -1.797663
-3.467871 -3.1002872 -1.7976426
-3.234453 -3.3429992 -1.7976102
-3.1527832 -3.4200733 -1.7975987
-2.9840429 -3.5681849 -1.7975752
-2.8970215 -3.6391454 -1.7975631
-2.8083398 -3.7079773 -1.7975507
-2.3414061 -4.0189691 -1.7974855
-1.6321484 -4.3552289 -1.7973863
-1.312705 -4.4617844 -1.7973417
-1.2046484 -4.4921327 -1.7973266
-0.87649411 -4.5674057 -1.7972807
-0.765957 -4.5871863 -1.7972652
-0.43209961 -4.6304669 -1.7972184
-0.208125 -4.6458421 -1.797187
0.016328124 -4.6503892 -1.7971556
0.12853515 -4.6486077 -1.7971399
0.68724608 -4.5991197 -1.7970616
0.79803711 -4.5811534 -1.7970461
1.0181347 -4.5372314 -1.7970152
1.1273925 -4.5112934 -1.7969999
1.3436913 -4.4515705 -1.7969695
1.7665331 -4.3011589 -1.7969102
1.8697851 -4.2572417 -1.7968957
2.0730371 -4.1619825 -1.7968671
2.3686621 -4.0009995 -1.7968256
2.558955 -3.881978 -1.7967989
2.6518652 -3.8190625 -1.7967858
2.743242 -3.753922 -1.7967731
2.8330176 -3.6865966 -1.7967603
3.0922852 -3.4718959 -1.7967238
3.1751366 -3.3962321 -1.7967123
3.2561717 -3.3185909 -1.7967008
3.3352733 -3.2390203 -1.7966897
3.5608203 -2.9891708 -1.796658
3.6318846 -2.9023495 -1.7966479
3.767705 -2.7236753 -1.7966288
3.9548242 -2.4439132 -1.7966025
4.0126266 -2.3477445 -1.7965941
-4.2273927 -1.0567224 -1.7977477
-4.1398435 -1.3597903 -1.7977356
-3.1098242 -3.0517685 -1.7975924
-2.5522559 -3.5311093 -1.7975148
-2.4662793 -3.5916502 -1.7975028
-2.3788574 -3.6501055 -1.7974905
-2.0158496 -3.862318 -1.7974398
-1.9220409 -3.9098186 -1.7974267
-1.82708 -3.9550383 -1.7974135
-1.731084 -3.9979537 -1.7974
-1.634082 -4.0385394 -1.7973864
-1.536123 -4.0767717 -1.7973727
-1.4372754 -4.112628 -1.7973589
-1.2371093 -4.177125 -1.7973309
-0.93164062 -4.2555847 -1.7972882
-0.82865232 -4.2767963 -1.7972736
-0.72517574 -4.2955155 -1.7972593
-0.62128907 -4.3117309 -1.7972447
-0.51705074 -4.3254352 -1.7972302
-0.41246092 -4.3366132 -1.7972156
-0.307666 -4.3452716 -1.7972007
-0.097636715 -4.354991 -1.7971715
0.007490234 -4.356041 -1.7971567
0.21769531 -4.3505359 -1.7971272
0.32262695 -4.3439837 -1.7971126
0.53185546 -4.3232884 -1.7970833
0.73983395 -4.2925162 -1.7970541
0.84320313 -4.273376 -1.7970396
0.94611329 -4.2517471 -1.7970251
1.1501563 -4.2010722 -1.7969965
1.5497363 -4.0705061 -1.7969404
1.6475097 -4.0318904 -1.7969267
1.8401366 -3.9476278 -1.7968997
2.1208789 -3.8040667 -1.7968603
2.2120409 -3.7517509 -1.7968475
2.477617 -3.5818079 -1.7968102
2.5633397 -3.5209441 -1.7967981
2.7302246 -3.3931017 -1.7967745
2.8112988 -3.3261957 -1.7967633
2.8907421 -3.2573562 -1.796752
3.0445213 -3.1140313 -1.7967305
3.1187792 -3.0396283 -1.7967199
3.191211 -2.9634514 -1.7967097
3.2617772 -2.8855548 -1.7966998
3.3304687 -2.8059735 -1.7966902
3.3971875 -2.7247608 -1.7966807
3.4619627 -2.641964 -1.7966715
3.6439648 -2.384537 -1.7966459
2.5908008 -0.7725665 -1.1153851
2.8393359 -0.7725659 -1.2139988
4.2925 -0.73291504 -1.796554
4.3089256 -0.62909913 -1.7965516
4.3228517 -0.52491635 -1.7965497
4.3342676 -0.42043516 -1.796548
4.3494725 -0.21079223 -1.7965456
4.353291 -0.10575439 -1.796545
4.3495603 0.20947936 -1.7965454
4.3343749 0.41912842 -1.7965474
4.3230076 0.52361691 -1.7965488
4.2737989 0.83501339 -1.7965556
4.2524219 0.9379217 -1.7965585
3.140332 0.77256531 -1.3342186
2.5936522 0.77256531 -1.1165133
3.8075194 2.1134753 -1.79662
3.75541 2.2047637 -1.7966273
3.701123 2.294771 -1.7966348
3.4627342 2.6409125 -1.7966679
3.3980174 2.7237334 -1.7966771
3.3312988 2.8049653 -1.7966862
3.2626562 2.8845634 -1.7966958
3.19208 2.9624846 -1.7967057
2.8917186 3.2564764 -1.7967476
2.088789 3.7438958 -1.7687335
1.9745605 3.7490802 -1.7481512
1.7533789 3.758601 -1.7110968
1.3365625 3.7791374 -1.6537772
1.0537792 3.8444903 -1.6446046
0.77279294 3.9107471 -1.644644
0.39230469 3.9671636 -1.6446972
0.10424805 3.9852495 -1.6447375
0.0080371089 3.9866357 -1.644751
-0.18434569 3.9824443 -1.6447779
-0.28041992 3.9768665 -1.6447914
-0.37631837 3.9689715 -1.6448048
-0.56735349 3.9462516 -1.6448317
-0.66255856 3.9314404 -1.6448449
-0.7572754 3.9143364 -1.6448582
-0.85147458 3.8949511 -1.6448715
-0.94522458 3.8732958 -1.6448846
-1.038457 3.8493872 -1.6448977
-1.2285937 3.8117778 -1.652261
-1.4317578 3.8032708 -1.6766016
-1.86458 3.7958488 -1.7447746
-1.978457 3.7934508 -1.7651132
-2.0949609 3.7908134 -1.7869006
-2.1987989 3.7612426 -1.7974603
-2.2888963 3.707108 -1.797473
-2.5512109 3.531862 -1.7975099
-2.6356933 3.4692852 -1.7975216
-2.9579296 3.1991234 -1.7975669
-3.034287 3.1268175 -1.7975777
-4.1394334 1.3610351 -1.7977338
-4.1710839 1.2607354 -1.7977383
-4.2003026 1.1597028 -1.7977424
-4.2513866 0.95566159 -1.7977498
-4.3094044 0.64557374 -1.797758
-4.32374 0.5413788 -1.7977601
-4.3448143 0.33210388 -1.7977632
-4.3515821 0.22714356 -1.7977643
-4.3558106 0.12204712 -1.7977649
-4.3574805 0.016885987 -1.7977651
-4.3566113 -0.088289179 -1.7977651
-4.3532128 -0.19341308 -1.7977647
-4.2796969 -0.81963867 -1.7977548
-4.2586622 -0.92268795 -1.797752
-4.2351365 -1.025202 -1.7977487
-4.2091794 -1.1271145 -1.7977452
-4.1498532 -1.3289169 -1.7977371
-3.1324804 -3.0285223 -1.7975956
-2.9826562 -3.1761165 -1.7975748
-2.8258593 -3.3163126 -1.7975529
-2.5784862 -3.5120025 -1.7975184
-2.4929688 -3.5731897 -1.7975063
-2.4059765 -3.6322911 -1.7974943
-2.2278709 -3.7441125 -1.7974695
-2.1368358 -3.7967656 -1.7974566
-1.9511034 -3.8954015 -1.7974306
-1.8564941 -3.94133 -1.7974175
-1.76083 -3.9849565 -1.7974042
-1.3684278 -4.1360173 -1.7973492
-1.1672461 -4.1971674 -1.7973211
-1.065586 -4.2240829 -1.7973069
-0.96331054 -4.2485361 -1.7972926
-0.75715816 -4.2900062 -1.7972637
-0.54925781 -4.3214774 -1.7972347
-0.44476563 -4.3334351 -1.79722
-0.23513672 -4.3497782 -1.7971907
-0.024951171 -4.3559909 -1.7971612
0.29021484 -4.3462787 -1.7971171
0.70784175 -4.2979198 -1.7970586
1.2200977 -4.1812706 -1.7969867
1.4204394 -4.1174536 -1.7969586
1.5193652 -4.0819473 -1.7969447
1.6174316 -4.0440583 -1.7969309
1.7145507 -4.0038133 -1.7969172
1.9996874 -3.8691897 -1.7968773
2.0924706 -3.8197668 -1.7968643
2.1840136 -3.7681332 -1.7968513
2.2743456 -3.7142944 -1.7968386
2.3632812 -3.6582975 -1.7968261
2.5370507 -3.5399489 -1.7968017
2.7864647 -3.3470535 -1.7967668
3.096035 -3.0627837 -1.7967231
3.1690526 -2.987149 -1.7967129
3.2402148 -2.9097714 -1.7967029
3.5668554 -2.4984453 -1.7966567
3.6261132 -2.411617 -1.7966485
3.7910254 -2.1429272 -1.7966251
2.7580664 -0.7725665 -1.1816778
3.0386133 -0.7725665 -1.2935095
4.2672071 -0.86811215 -1.7965575
4.3188181 -0.55710632 -1.7965503
4.3310056 -0.45270506 -1.7965484
4.3406639 -0.34804931 -1.7965471
4.3539743 0.07201355 -1.7965449
4.345449 0.28203431 -1.7965459
4.3267674 0.4913983 -1.7965484
4.3136716 0.59568483 -1.7965502
4.2799025 0.80315304 -1.7965547
4.2361817 1.008756 -1.7965608
2.6660838 0.77256531 -1.1451817
3.7717285 2.1767235 -1.796625
3.604414 2.4439306 -1.7966483
3.4823143 2.6150451 -1.7966653
3.4182129 2.6983385 -1.7966741
3.2840331 2.8601739 -1.796693
3.2140722 2.9386182 -1.7967025
2.9158788 3.2348437 -1.7967442
2.7564063 3.371825 -1.7967665
2.674248 3.4373925 -1.796778
2.5052831 3.5624793 -1.7968014
2.4185839 3.6219323 -1.7968136
2.3304882 3.6792724 -1.7968259
2.1245801 3.7422357 -1.7753768
2.009541 3.7475128 -1.7543526
1.8970605 3.7524955 -1.7347398
1.7869335 3.7572021 -1.7164723
1.6789649 3.7616441 -1.6994888
1.5729492 3.7658374 -1.683736
1.2685937 3.7863147 -1.6474261
1.174668 3.8092535 -1.6445876
0.89602536 3.8843467 -1.6446267
0.7075879 3.92312 -1.644653
0.61321288 3.9463897 -1.6477139
0.51740235 3.9527562 -1.6446797
0.23004882 3.9799242 -1.64472
0.13394532 3.9843493 -1.6447334
0.037744138 3.9864545 -1.6447468
-0.058496092 3.9862359 -1.6447604
-0.25078124 3.978833 -1.6447873
-0.3467578 3.9716539 -1.6448007
-0.44301757 3.9621222 -1.6447959
-0.63320309 3.9362571 -1.6448408
-0.91642576 3.8802221 -1.6448807
-1.0097363 3.8570025 -1.6448936
-1.1978613 3.8142462 -1.6494185
-1.5042676 3.8022223 -1.6869721
-1.7192285 3.7986443 -1.7202319
-1.9430175 3.7942157 -1.7586856
-2.0587206 3.7916539 -1.7800175
-2.1706641 3.7775104 -1.7974563
-2.5247948 3.5507605 -1.7975061
-2.6097753 3.4888141 -1.7975181
-2.7751269 3.3588512 -1.7975413
-2.8554003 3.2909198 -1.7975526
-2.9340136 3.2210619 -1.7975636
-3.0109375 3.1493292 -1.7975744
-3.1594336 3.0003984 -1.7975954
-3.2309277 2.9232903 -1.7976054
-4.1291599 1.3918316 -1.7977324
-4.2441602 0.98730588 -1.7977487
-4.2667575 0.88458252 -1.7977519
-4.3195801 0.57357174 -1.7977595
-4.3321776 0.46915221 -1.7977613
-4.3572264 0.049340207 -1.7977651
-4.2857032 -0.78773499 -1.7977557
-4.2654295 -0.8909381 -1.797753
-4.2426953 -0.99362606 -1.7977498
-3.0814843 -3.0803621 -1.7975885
-2.8505175 -3.2951739 -1.7975563
-2.7701268 -3.3629904 -1.7975451
-2.6045799 -3.4927056 -1.7975219
-2.255703 -3.7274218 -1.7974733
-2.1650488 -3.7807477 -1.7974606
-2.073164 -3.8318768 -1.7974478
-1.9800586 -3.8807659 -1.7974348
-1.8858105 -3.927398 -1.7974216
-1.694082 -4.0137663 -1.7973949
-1.4983886 -4.0907745 -1.7973673
-1.3991991 -4.1257195 -1.7973536
-1.299209 -4.1582541 -1.7973396
-1.1984766 -4.1883674 -1.7973256
-0.99495113 -4.2412548 -1.797297
-0.89228511 -4.2639947 -1.7972827
-0.78910154 -4.2842579 -1.7972682
-0.58141601 -4.3172741 -1.7972392
-0.47706053 -4.3300147 -1.7972245
-0.26753905 -4.3479214 -1.7971952
-0.16251953 -4.3530765 -1.7971804
-0.057441406 -4.3557005 -1.7971658
0.047705077 -4.3557806 -1.797151
0.15287109 -4.3533173 -1.7971363
0.2578418 -4.3483324 -1.7971215
0.46736327 -4.3307524 -1.7970922
0.57177734 -4.3181734 -1.7970777
0.67581052 -4.3030858 -1.797063
1.2897069 -4.1603045 -1.7969769
1.389707 -4.1279402 -1.7969629
1.4889452 -4.0931582 -1.7969489
1.7811133 -3.9746246 -1.7969079
1.8764843 -3.930454 -1.7968946
2.0639648 -3.8352635 -1.7968682
2.3359962 -3.6758049 -1.7968301
2.5106151 -3.558754 -1.7968055
2.7614453 -3.3677239 -1.7967703
2.9207127 -3.230509 -1.7967478
3.0731444 -3.0857651 -1.7967263
3.146709 -3.0106826 -1.796716
3.218457 -2.9338362 -1.7967058
3.2883008 -2.8552873 -1.7966962
3.3562305 -2.7750821 -1.7966865
3.5481541 -2.5249524 -1.7966595
3.6658494 -2.3507686 -1.7966429
3.721494 -2.2615998 -1.7966349
3.7749705 -2.1711061 -1.7966275
2.6810155 -0.7725665 -1.1510991
2.9465137 -0.7725659 -1.2567183
4.2376757 -1.002452 -1.7965618
4.2606349 -0.89987606 -1.7965585
4.3379588 -0.38038024 -1.7965474
4.3458591 -0.2755658 -1.7965461
4.3540821 -0.065535888 -1.7965449
4.3543944 0.039577026 -1.7965448
4.3521876 0.14465638 -1.796545
4.3474216 0.24965148 -1.7965456
4.340127 0.35450989 -1.7965466
4.3179784 0.56353027 -1.7965494
4.3031344 0.66758788 -1.7965516
3.0197754 0.77256531 -1.2859796
2.5087011 0.77256531 -1.0829667
3.7878418 2.1485596 -1.7966228
3.7348926 2.2393689 -1.79663
3.6797752 2.3288641 -1.7966379
3.5631347 2.5037482 -1.796654
3.5016992 2.5890214 -1.7966626
3.3727148 2.7550163 -1.7966806
3.305244 2.8356273 -1.7966899
3.1645997 2.9918561 -1.7967095
2.9399023 3.2130237 -1.7967409
2.8615136 3.2830646 -1.7967519
2.7814648 3.3511858 -1.7967629
2.616533 3.4815471 -1.796786
2.2687793 3.7176654 -1.7968345
1.9315234 3.7509875 -1.740646
1.7120605 3.7603014 -1.7045966
1.6054785 3.764569 -1.6884694
1.500752 3.7685919 -1.6735371
1.3977636 3.7723863 -1.6597514
1.2987499 3.7831578 -1.650216
1.1109277 3.8283458 -1.6445967
1.0182129 3.8540721 -1.6446097
0.92500973 3.8775525 -1.6446226
0.73675781 3.9177294 -1.644649
0.6436621 3.944746 -1.6489871
0.3556543 3.9706335 -1.6447023
0.25968748 3.97809 -1.6447158
0.16360351 3.9832318 -1.6447293
0.067431636 3.9860528 -1.6447427
-0.028798828 3.9865508 -1.6447561
-0.125 3.9847264 -1.6447697
-0.22115234 3.9805815 -1.6447831
-0.31714842 3.9741173 -1.6447966
-0.50958008 3.960362 -1.6473651
-0.60384762 3.9408526 -1.6448367
-0.69883788 3.9251616 -1.6448501
-0.8873437 3.8869293 -1.6448765
-1.1675488 3.8166485 -1.6466495
-1.2663964 3.8086071 -1.6558884
-1.6855273 3.7992516 -1.7147725
-2.0227051 3.7924688 -1.7732764
-2.2334278 3.7407794 -1.7974652
-2.3230665 3.685811 -1.7974777
-2.4982812 3.5694609 -1.7975024
-2.5837109 3.5081525 -1.7975144
-2.6676366 3.4447973 -1.7975262
-2.7500391 3.3794239 -1.7975378
-2.9099414 3.2428253 -1.7975602
-2.9873729 3.1716657 -1.7975712
-3.1369922 3.0238507 -1.7975923
-3.8207226 2.09484 -1.7976886
-4.1186719 1.4225513 -1.7977308
-4.1518259 1.3227301 -1.7977356
-4.1825485 1.2221447 -1.7977399
-4.2600489 0.91634154 -1.7977509
-4.2809081 0.81326354 -1.7977538
-4.2993064 0.70970947 -1.7977567
-4.3151755 0.60573238 -1.7977589
-4.3285642 0.50141048 -1.7977608
-4.3394141 0.39679748 -1.7977624
-4.3477049 0.29194275 -1.7977636
-4.3567381 0.081802979 -1.797765
-4.3574414 -0.023378905 -1.7977651
-4.3556151 -0.12853637 -1.797765
-4.3349023 -0.44332457 -1.7977624
-4.3084569 -0.65199703 -1.7977587
-4.2719431 -0.85913908 -1.7977538
-4.2254786 -1.0642871 -1.7977475
-4.1985545 -1.1659521 -1.7977438
-4.1374121 -1.3671981 -1.7977352
-3.1043553 -3.0573273 -1.7975917
-3.0296483 -3.1313396 -1.7975813
-2.9531739 -3.2035348 -1.7975706
-2.713623 -3.4087353 -1.7975372
-2.6305273 -3.4732125 -1.7975256
-2.4598241 -3.5960612 -1.7975018
-2.1931641 -3.7645264 -1.7974646
-2.0089159 -3.8659184 -1.7974387
-1.9150293 -3.9132483 -1.7974256
-1.8199902 -3.9582999 -1.7974124
-1.6268554 -4.0414538 -1.7973853
-1.2296387 -4.1793332 -1.7973298
-1.0265137 -4.2337337 -1.7973014
-0.82099605 -4.2782702 -1.7972726
-0.71750975 -4.296804 -1.7972581
-0.40473631 -4.3373475 -1.7972145
-0.19496094 -4.351757 -1.7971851
0.015253906 -4.3560271 -1.7971556
0.53958005 -4.3223276 -1.7970822
0.6437695 -4.3080077 -1.7970675
0.74753904 -4.2911806 -1.7970529
0.85084957 -4.2718601 -1.7970386
1.2586426 -4.1698127 -1.7969813
1.5570019 -4.0677238 -1.7969394
1.6547265 -4.0289326 -1.7969257
1.8471972 -3.9443297 -1.7968986
1.9418457 -3.8985655 -1.7968854
2.2187793 -3.7477777 -1.7968464
2.3969727 -3.6362987 -1.7968214
2.569629 -3.51635 -1.7967972
2.6537402 -3.4532855 -1.7967854
2.736289 -3.3882058 -1.7967738
2.8172362 -3.3211577 -1.7967623
2.8965428 -3.2521787 -1.7967513
2.9741991 -3.1813004 -1.7967402
3.2669334 -2.8797057 -1.796699
3.4666893 -2.6357605 -1.7966709
3.7587011 -2.1991763 -1.7966298
-3.9712303 -0.99268371 -1.7977117
-3.9186816 -1.1831595 -1.7977046
-3.8570018 -1.3708733 -1.797696
-2.8513281 -2.9365015 -1.7975562
-2.7796092 -3.0044489 -1.7975461
-2.7062695 -3.0706429 -1.797536
-2.6313574 -3.1350479 -1.7975254
-2.5549023 -3.1976247 -1.7975148
-2.4769824 -3.2583346 -1.7975039
-2.2347264 -3.4289427 -1.7974702
-1.8055567 -3.6729271 -1.7974102
-1.6262012 -3.7557263 -1.7973851
-1.3501855 -3.8634527 -1.7973465
-1.2565331 -3.8948882 -1.7973335
-1.1621581 -3.924052 -1.7973202
-0.97144526 -3.9755042 -1.7972935
-0.87520504 -3.9977617 -1.7972801
-0.38750976 -4.0739002 -1.7972119
-0.19045898 -4.08779 -1.7971842
0.20447265 -4.0869899 -1.7971289
0.3030664 -4.080832 -1.7971151
0.40145507 -4.0722966 -1.7971013
0.79212886 -4.0145097 -1.7970464
0.98492187 -3.9715466 -1.7970195
1.4558691 -3.8239434 -1.7969534
1.6386523 -3.7491825 -1.7969278
1.7286426 -3.7085121 -1.7969151
1.9055761 -3.6207249 -1.7968903
1.9923925 -3.5736563 -1.7968782
2.1624999 -3.4733 -1.7968543
2.2456739 -3.4200749 -1.7968425
2.3275683 -3.3648572 -1.796831
2.4871874 -3.2485797 -1.7968086
2.9979198 -2.7839651 -1.7967367
3.0642383 -2.7107852 -1.7967274
3.2522752 -2.4819515 -1.7967008
3.3682225 -2.3220978 -1.7966845
3.423291 -2.2401197 -1.7966768
3.4763281 -2.1568353 -1.7966692
3.5763378 -1.9865549 -1.7966551
4.0147462 -0.78565061 -1.796593
4.0479589 -0.59099913 -1.7965881
4.0717578 -0.39497253 -1.7965847
4.0801072 -0.29658386 -1.7965835
4.0861325 0.19679321 -1.7965823
4.0718751 0.39374509 -1.7965841
4.0611911 0.49190611 -1.7965856
4.0481443 0.58978271 -1.7965873
4.0149708 0.78444213 -1.7965919
2.842705 0.77256531 -1.2937149
2.5936522 0.77256531 -1.1885141
3.5279686 2.071234 -1.7966592
3.2530174 2.4809649 -1.7966975
2.9307225 2.8546393 -1.7967423
2.5658007 3.186806 -1.7967932
2.4881542 3.2478209 -1.7968042
2.4090722 3.3069446 -1.7968152
2.3285644 3.3641479 -1.7968265
2.0791113 3.5238652 -1.7968612
1.7297753 3.7079816 -1.79691
1.6379395 3.7444682 -1.7949058
1.5331249 3.7487297 -1.7786894
1.4300586 3.752744 -1.7636988
1.3285546 3.7565222 -1.7498902
1.2285644 3.7600696 -1.7372212
1.0324023 3.7665148 -1.7151535
0.74598628 3.7746563 -1.6897798
0.55895507 3.7791345 -1.6777389
0.37409177 3.7828937 -1.6694375
0.0076464843 3.7883525 -1.6637362
-0.17544921 3.7900848 -1.6662756
-0.452041 3.7914433 -1.6768851
-0.54517579 3.7915654 -1.6822695
-0.73339844 3.7913048 -1.6958976
-1.3219335 3.7862737 -1.7612563
-1.4247851 3.7847729 -1.7760398
-1.5293847 3.7830646 -1.792044
-1.625039 3.756201 -1.7973799
-1.9796484 3.5821478 -1.7974298
-2.065537 3.5333476 -1.7974418
-2.1502342 3.4824908 -1.7974538
-2.2336719 3.4296031 -1.7974654
-2.31583 3.3747144 -1.7974769
-2.3966014 3.3178637 -1.7974883
-2.4759765 3.2590728 -1.7974995
-2.63042 3.1358325 -1.7975211
-2.8504393 2.9373553 -1.7975521
-3.8565819 1.3720355 -1.7976941
-3.8885643 1.2785577 -1.7976986
-3.9183202 1.1843359 -1.7977029
-3.9457715 1.0894281 -1.7977068
-3.9709179 0.99387568 -1.7977104
-4.0142579 0.80110288 -1.7977166
-4.0324316 0.70398194 -1.7977192
-4.0482516 0.60645139 -1.7977215
-4.081533 0.31197876 -1.7977264
-4.0878711 0.21337768 -1.7977273
-4.0926075 -0.082937621 -1.7977282
-4.0894041 -0.18169066 -1.7977278
-4.083828 -0.28033569 -1.797727
-4.0528417 -0.57506222 -1.7977229
-4.0203614 -0.76997072 -1.7977185
-4.000586 -0.86677366 -1.7977157
-3.9540918 -1.0588119 -1.7977095
-3.9273729 -1.1539361 -1.7977058
-3.8670995 -1.3421044 -1.7976974
-2.9426563 -2.8450105 -1.7975689
-2.8731248 -2.915185 -1.7975591
-2.6546483 -3.1153657 -1.7975287
-2.3418944 -3.3566799 -1.7974851
-2.260205 -3.4122057 -1.7974737
-2.0928807 -3.5172536 -1.7974504
-2.0073633 -3.5667205 -1.7974383
-1.9206835 -3.6141052 -1.7974262
-1.8328809 -3.6593828 -1.7974141
-1.7440137 -3.702528 -1.7974015
-1.471543 -3.818922 -1.7973635
-1.378955 -3.8532979 -1.7973505
-1.2855176 -3.8854284 -1.7973374
-0.80835938 -4.0117903 -1.7972708
-0.41785157 -4.0709081 -1.7972159
-0.3194629 -4.0797763 -1.7972022
-0.22090819 -4.0862679 -1.7971885
-0.12221679 -4.0903778 -1.7971747
-0.023466796 -4.0921021 -1.7971607
0.075312495 -4.0914488 -1.797147
0.27266601 -4.0829854 -1.7971194
0.3711035 -4.0751853 -1.7971056
0.46935546 -4.0650067 -1.7970918
0.76221681 -4.0203061 -1.7970507
0.95533198 -3.9787829 -1.7970235
1.0510644 -3.9545355 -1.7970102
1.1462011 -3.9279883 -1.7969968
1.2406445 -3.8991528 -1.7969836
1.4273535 -3.8346875 -1.7969574
1.5194628 -3.7990963 -1.7969445
1.6106836 -3.7612908 -1.7969317
1.7010058 -3.7212954 -1.7969191
1.7903028 -3.6791351 -1.7969066
1.9657226 -3.5884051 -1.7968818
2.051748 -3.5398936 -1.7968698
2.1365623 -3.4893188 -1.7968578
2.2201562 -3.4367132 -1.7968462
2.3024414 -3.3821094 -1.7968345
2.3833594 -3.3255346 -1.796823
2.8382616 -2.9466507 -1.7967591
2.9085448 -2.8772783 -1.7967492
3.1090331 -2.6592631 -1.796721
3.1722949 -2.5834384 -1.7967122
3.3508301 -2.3471255 -1.796687
3.4064941 -2.265559 -1.7966791
3.511826 -2.0985184 -1.7966642
2.5220506 -0.7725665 -1.1584079
3.9879394 -0.91205502 -1.7965968
4.0087695 -0.81553769 -1.7965938
4.0272851 -0.7185443 -1.7965912
4.0572658 -0.52336544 -1.7965869
4.0687108 -0.42528808 -1.7965852
4.0903125 0.067651369 -1.7965819
4.0874705 0.16634887 -1.7965821
4.0647559 0.4616394 -1.7965851
4.0207129 0.75451291 -1.796591
4.0013185 0.85133421 -1.7965938
3.9796288 0.94766235 -1.7965966
3.5433104 2.0448956 -1.7966571
3.4929199 2.1298249 -1.7966641
3.3861034 2.2959161 -1.7966789
3.1490819 2.611692 -1.796712
3.0851367 2.6869457 -1.7967209
3.0194237 2.7606354 -1.79673
2.8826952 2.9031529 -1.7967491
2.5894725 3.1675987 -1.79679
2.512285 3.2291913 -1.7968006
2.4336329 3.2889044 -1.7968116
2.3535547 3.3467004 -1.7968229
2.1053026 3.5082746 -1.7968576
1.6676757 3.7363477 -1.7969187
1.5652734 3.7474425 -1.7835604
1.4616699 3.7515326 -1.7681975
1.3597265 3.7553813 -1.7540286
1.1602148 3.7623944 -1.7291076
0.86992186 3.7713201 -1.6997432
0.68104494 3.7762854 -1.6851881
0.4948535 3.7805126 -1.6744517
0.40250975 3.7823596 -1.6704793
-0.33097655 3.7910321 -1.671244
-0.89516598 3.7905455 -1.7104884
-0.9921484 3.7898583 -1.7204857
-1.0903027 3.7889934 -1.7315383
-1.496914 3.7836163 -1.7869723
-1.5970703 3.7681932 -1.797376
-1.9529101 3.5967908 -1.797426
-2.1242285 3.4984038 -1.7974501
-2.2906053 3.3918645 -1.7974734
-2.7562304 3.0258904 -1.7975389
-2.8284862 2.9584978 -1.7975491
-3.8789451 1.3074877 -1.7976973
-3.9633985 1.0234301 -1.7977093
-3.9869432 0.92747676 -1.7977127
-4.0081835 0.83097655 -1.7977157
-4.0270801 0.73400265 -1.7977185
-4.043623 0.63659179 -1.7977208
-4.0578122 0.53881222 -1.7977229
-4.0696387 0.44072142 -1.7977246
-4.079082 0.34236938 -1.7977259
-4.0861716 0.24382384 -1.797727
-4.0908689 0.1451294 -1.7977278
-4.0931931 0.046351317 -1.7977282
-4.0931053 -0.05244812 -1.7977282
-4.0689845 -0.44678405 -1.7977251
-4.0570021 -0.54486024 -1.7977235
-4.0426755 -0.64261413 -1.7977215
-4.0259862 -0.74000001 -1.7977192
-4.0069432 -0.83694732 -1.7977166
-3.9618652 -1.0293325 -1.7977105
-3.9358788 -1.1246475 -1.7977068
-3.8770018 -1.3132647 -1.7976987
-2.8240819 -2.9627161 -1.7975525
-2.7517481 -3.0299945 -1.7975422
-2.6022754 -3.1592174 -1.7975215
-2.4467773 -3.2810755 -1.7974998
-2.2029297 -3.4494336 -1.7974657
-2.1190135 -3.5015717 -1.797454
-2.0338671 -3.5516729 -1.7974421
-1.947539 -3.5997045 -1.79743
-1.8600976 -3.645632 -1.7974179
-1.7715429 -3.6894445 -1.7974054
-1.6819824 -3.7310991 -1.7973928
-1.5914258 -3.7705781 -1.7973802
-1.4075977 -3.8429275 -1.7973546
-1.3144238 -3.8757541 -1.7973416
-1.1258594 -3.9346111 -1.7973151
-0.64392579 -4.0413876 -1.7972478
-0.44817382 -4.0676908 -1.7972202
-0.34984374 -4.077292 -1.7972065
-0.05394531 -4.091825 -1.797165
0.14357422 -4.0895991 -1.7971374
0.43907225 -4.0684018 -1.797096
0.53713864 -4.0565844 -1.7970823
0.92565429 -3.9857976 -1.7970278
1.0215429 -3.9622705 -1.7970145
1.2115819 -3.9082916 -1.7969878
1.3987499 -3.8452203 -1.7969614
1.6732227 -3.7338719 -1.7969229
1.7628515 -3.6923735 -1.7969104
2.0253222 -3.5550842 -1.7968735
2.2771776 -3.3991733 -1.796838
2.3585546 -3.3432024 -1.7968266
2.4385254 -3.2852888 -1.7968154
2.6697655 -3.1001964 -1.796783
2.7437987 -3.0348418 -1.7967725
2.9561229 -2.8283334 -1.7967426
3.0891407 -2.6823554 -1.7967238
3.1529686 -2.6070068 -1.7967149
3.2750585 -2.4517944 -1.7966976
3.5463574 -2.0396173 -1.7966594
2.6810155 -0.7725665 -1.2253305
4.0218263 -0.74853086 -1.7965919
4.0654297 -0.45559081 -1.7965857
4.0826755 -0.25887695 -1.7965831
4.0877247 -0.16026732 -1.7965823
4.0904102 -0.061567381 -1.7965819
4.0906935 0.037180174 -1.7965817
4.0564842 0.52940184 -1.7965863
4.0262208 0.72453976 -1.7965903
4.0075583 0.82150024 -1.7965928
3.0197754 0.77256531 -1.3689088
2.7423534 0.77256531 -1.2512368
2.5087011 0.7725659 -1.1528049
3.4031248 2.2706206 -1.7966766
3.1050682 2.6638861 -1.7967181
3.0398827 2.7380579 -1.7967271
2.9729297 2.8106487 -1.7967364
2.9042382 2.8815966 -1.796746
2.8338768 2.9508624 -1.7967558
2.5362597 3.2103827 -1.7967974
2.4580567 3.2706773 -1.7968082
2.1313574 3.4924877 -1.7968539
1.9603808 3.5913196 -1.7968779
1.8731445 3.6376104 -1.7968899
1.7848047 3.6817822 -1.7969023
1.6954492 3.7238152 -1.7969148
1.5976074 3.7461298 -1.7885505
1.3910156 3.7542169 -1.7582771
1.2901367 3.7579069 -1.744909
1.1906445 3.7613707 -1.7326655
1.0924317 3.7646172 -1.7215097
0.99539059 3.7676537 -1.7114114
0.80426759 3.7731218 -1.6942706
0.43094724 3.7818091 -1.6716071
0.064072266 3.7876854 -1.6636777
-0.02736328 3.7887352 -1.663945
-0.11886718 3.7896197 -1.6651083
-0.21055664 3.7903388 -1.6671727
-0.30252928 3.790894 -1.6701428
-0.3948535 3.7912853 -1.6740271
-0.48762694 3.7915099 -1.6788352
-0.58098632 3.7915692 -1.6845812
-0.76978517 3.7911749 -1.6989487
-0.96210933 3.790092 -1.7172898
-1.1588671 3.7882855 -1.7398101
-1.259248 3.7871008 -1.7527186
-1.4646094 3.7841418 -1.7820178
-2.0126855 3.5637188 -1.7974343
-2.0981152 3.5141234 -1.7974464
-2.2652636 3.4088304 -1.7974699
-2.3468945 3.3531835 -1.7974813
-2.5833886 3.1746576 -1.7975146
-2.8063476 2.9794836 -1.7975459
-3.8690917 1.336347 -1.7976959
-3.9556737 1.0529267 -1.7977083
-4.0018845 0.86081237 -1.7977148
-4.0215039 0.76398128 -1.7977177
-4.0842481 0.27425233 -1.7977268
-4.0896873 0.1756018 -1.7977276
-4.0927343 0.07684692 -1.7977281
-4.093379 -0.021961669 -1.7977282
-4.09166 -0.12074585 -1.7977281
-4.060957 -0.51461852 -1.797724
-4.0473437 -0.61248595 -1.7977221
-4.0130763 -0.8070752 -1.7977176
-3.9924121 -0.90370148 -1.7977147
-3.9441404 -1.0952982 -1.797708
-3.9165623 -1.1901742 -1.7977042
-3.8866699 -1.2843472 -1.7977002
-2.9162598 -2.8720717 -1.7975652
-2.7742381 -3.0094194 -1.7975454
-2.5491893 -3.2021925 -1.797514
-2.4711328 -3.262764 -1.7975031
-2.3916698 -3.3214328 -1.797492
-2.1450489 -3.4856951 -1.7974576
-2.0602734 -3.5364349 -1.7974458
-1.9743261 -3.585103 -1.7974337
-1.7097266 -3.7184734 -1.7973968
-1.528291 -3.7965918 -1.7973715
-1.3432715 -3.8658636 -1.7973455
-1.24958 -3.8971276 -1.7973324
-1.060039 -3.9528298 -1.7973058
-0.8680371 -3.9993205 -1.797279
-0.7712695 -4.0190754 -1.7972655
-0.57640624 -4.051548 -1.7972382
-0.2817578 -4.0825415 -1.7971971
-0.18313476 -4.0881214 -1.7971832
-0.084433593 -4.0913177 -1.7971693
0.014345703 -4.0921335 -1.7971556
0.2117871 -4.0866117 -1.7971278
0.50687498 -4.0604863 -1.7970865
0.60475582 -4.0470362 -1.7970728
1.0875586 -3.9446437 -1.7970052
1.3700292 -3.8555462 -1.7969655
1.6453711 -3.7462394 -1.7969269
1.7352929 -3.7054143 -1.7969142
1.9987891 -3.5700824 -1.7968773
2.7211132 -3.0552001 -1.7967756
2.7940428 -2.9886174 -1.7967654
2.9349804 -2.8502779 -1.7967455
3.0029101 -2.7785919 -1.796736
3.0690722 -2.7052922 -1.7967267
3.1960058 -2.5540204 -1.7967088
3.4272852 -2.2339861 -1.7966762
3.4801953 -2.1506119 -1.7966686
3.5310643 -2.065985 -1.7966615
-3.7163963 -1.0248895 -1.7976761
-3.6625977 -1.2030301 -1.7976687
-2.6853614 -2.7655759 -1.7975328
-2.6178222 -2.8295684 -1.7975235
-2.4062011 -3.0115013 -1.7974938
-2.1819921 -3.1776423 -1.7974626
-2.1046386 -3.2293606 -1.7974517
-2.0260937 -3.2791958 -1.7974408
-1.7834765 -3.4171245 -1.7974069
-1.7004687 -3.4591522 -1.7973952
-1.6164941 -3.4991624 -1.7973835
-1.4457128 -3.57304 -1.7973597
-1.1834081 -3.6682019 -1.797323
-0.91490233 -3.7441313 -1.7972854
-0.64160156 -3.8004305 -1.7972473
-0.54966795 -3.8147807 -1.7972343
-0.27223632 -3.8444715 -1.7971956
0.099638671 -3.8526998 -1.7971433
0.28541991 -3.8433511 -1.7971175
0.37808594 -3.8353124 -1.7971045
0.56272459 -3.8125482 -1.7970785
1.0175977 -3.7169354 -1.7970147
1.1070117 -3.6912677 -1.7970022
1.2838281 -3.6334987 -1.7969774
1.3711327 -3.6014311 -1.7969651
1.4576563 -3.5672643 -1.796953
1.5433007 -3.5310233 -1.796941
1.6280761 -3.4927227 -1.7969291
1.7118945 -3.4523907 -1.7969174
1.7947069 -3.4100444 -1.7969056
2.03667 -3.2712009 -1.7968718
2.115 -3.2210729 -1.7968606
2.2679491 -3.1152225 -1.7968392
2.4156151 -3.002116 -1.7968184
2.8235059 -2.6219873 -1.796761
3.0057616 -2.4108028 -1.7967353
3.3221385 -1.9517312 -1.7966908
3.13625 -0.7725659 -1.5061746
3.7622364 -0.83098996 -1.7966284
3.7811816 -0.7399438 -1.7966256
3.7979295 -0.64847106 -1.7966232
3.8124707 -0.55661619 -1.7966211
3.8348827 -0.37199461 -1.7966179
3.8483691 -0.1865039 -1.7966158
3.8517382 -0.093570553 -1.7966152
3.8528709 -0.00057983398 -1.7966151
3.848418 0.18534423 -1.7966156
3.8349903 0.37083924 -1.7966174
3.8126366 0.55546993 -1.7966202
2.5936522 0.77256471 -1.2619542
3.3688183 1.8699584 -1.7966816
3.3227246 1.9507281 -1.7966881
3.1192381 2.2619836 -1.7967162
3.0637598 2.3366175 -1.7967241
2.886709 2.5521905 -1.7967488
2.7602148 2.6885462 -1.7967663
2.694541 2.7543926 -1.7967755
2.6272948 2.8186383 -1.7967849
2.4882421 2.9421716 -1.7968043
2.4165137 3.0013847 -1.7968142
2.2688963 3.1145294 -1.7968348
2.0376563 3.2705798 -1.7968671
1.7957226 3.4094939 -1.7969009
1.7129102 3.4518645 -1.7969126
1.5443749 3.5305462 -1.7969362
1.1081152 3.6909204 -1.7969972
1.018711 3.7166154 -1.7970096
0.83661133 3.7543395 -1.7936137
0.74249023 3.7569213 -1.7857652
0.55635738 3.7615063 -1.7730991
0.46413085 3.7635131 -1.7682486
0.18967773 3.768435 -1.7594748
0.098623045 3.769721 -1.7584507
0.007597656 3.7708282 -1.7583696
-0.26604491 3.7731109 -1.7637997
-0.44995117 3.7737663 -1.7722006
-0.72994137 3.7734277 -1.7921994
-0.823125 3.765332 -1.7972676
-0.91377926 3.7443926 -1.7972802
-1.1822851 3.6685455 -1.797318
-1.3579589 3.6072681 -1.7973427
-1.5304785 3.5375805 -1.7973669
-1.7824414 3.41765 -1.7974021
-1.8644335 3.3736553 -1.7974137
-2.0250878 3.279793 -1.7974364
-2.2570899 3.124743 -1.7974688
-2.3318748 3.0693755 -1.7974794
-2.4773047 2.9533038 -1.7974998
-2.6169727 2.8303478 -1.7975194
-3.6320703 1.2921661 -1.7976627
-3.6622069 1.2041309 -1.797667
-3.7805662 0.75446594 -1.7976838
-3.8252831 0.47896665 -1.7976904
-3.8499119 0.20095642 -1.7976938
-3.8551269 0.014938354 -1.7976948
-3.8513477 -0.17111512 -1.7976943
-3.8461034 -0.2640155 -1.7976937
-3.8385937 -0.35676697 -1.7976928
-3.828877 -0.44930723 -1.7976915
-3.8169141 -0.54158753 -1.7976898
-3.7863183 -0.72514647 -1.7976856
-2.638828 -2.8099923 -1.7975264
-2.4285643 -2.9934988 -1.797497
-2.28125 -3.1071682 -1.7974764
-2.0504491 -3.2640157 -1.7974442
-1.9710547 -3.3125327 -1.7974331
-1.8088964 -3.4037485 -1.7974105
-1.7262012 -3.4463925 -1.7973989
-1.6425195 -3.4870312 -1.7973872
-1.3858887 -3.5966527 -1.7973514
-1.1220312 -3.6874211 -1.7973144
-1.0327051 -3.7134018 -1.7973019
-0.9427734 -3.7372186 -1.7972894
-0.76131833 -3.7783055 -1.7972639
-0.66990232 -3.7955534 -1.7972512
-0.48595703 -3.8234057 -1.7972255
-0.2080664 -3.8484588 -1.7971865
0.070908204 -3.8533459 -1.7971475
0.16389649 -3.850482 -1.7971344
0.44204101 -3.8284526 -1.7970954
0.53430665 -3.8166406 -1.7970824
0.98989254 -3.7244208 -1.7970186
1.0794824 -3.69942 -1.797006
1.256748 -3.6429667 -1.7969812
1.3442773 -3.6115484 -1.7969689
1.4310254 -3.5780303 -1.7969568
1.6020117 -3.5047586 -1.7969328
1.686123 -3.4650514 -1.7969209
1.769248 -3.4233255 -1.7969093
2.0909667 -3.2367456 -1.7968642
2.1684668 -3.1853185 -1.7968532
2.5361133 -2.9009957 -1.7968014
2.8038964 -2.6429508 -1.7967638
2.8668456 -2.5744922 -1.7967548
2.9281542 -2.5045438 -1.7967464
2.9877245 -2.4331305 -1.7967379
3.1016209 -2.2861021 -1.7967219
3.1558788 -2.2105675 -1.7967142
3.2083104 -2.1337471 -1.7967068
3.2588475 -2.0556867 -1.7966996
3.3075097 -1.976426 -1.7966927
3.3542383 -1.896018 -1.7966862
2.5220506 -0.7725665 -1.2299875
2.7580762 -0.7725665 -1.3356085
3.0386035 -0.7725665 -1.4620069
3.7559276 -0.85899198 -1.7966293
3.8082128 -0.58500183 -1.7966217
3.8212304 -0.4929187 -1.7966199
3.8405566 -0.30794799 -1.796617
3.8447752 0.24953918 -1.7966161
3.8376465 0.34226316 -1.7966169
3.8282616 0.43478209 -1.7966183
3.8028319 0.61901611 -1.7966217
3.7867968 0.71061641 -1.7966238
3.7480857 0.8925311 -1.7966292
3.3371484 1.9259204 -1.7966861
3.2897069 2.0059125 -1.7966926
3.2403514 2.0847332 -1.7966995
3.1891112 2.1623359 -1.7967067
3.081084 2.313731 -1.7967216
3.0243456 2.3874292 -1.7967296
2.9658399 2.4597375 -1.7967377
2.8437207 2.6000147 -1.7967547
2.7149706 2.7342389 -1.7967727
2.6482129 2.798985 -1.796782
2.5799022 2.862102 -1.7967916
2.5100877 2.9235485 -1.7968012
2.2920215 3.0975389 -1.7968316
2.2166212 3.1519713 -1.7968421
1.9828027 3.304143 -1.7968748
1.8210741 3.3960161 -1.7968974
1.7385741 3.4390013 -1.796909
1.4852636 3.5558441 -1.7969444
1.3989843 3.5906737 -1.7969564
1.3119726 3.6234186 -1.7969687
1.2241015 3.654052 -1.7969809
1.1355761 3.6825573 -1.7969933
1.0463867 3.7089152 -1.7970058
0.86581051 3.7534997 -1.7962443
0.77144527 3.7561467 -1.7880772
0.58492184 3.7608495 -1.7747939
0.49251953 3.7629113 -1.7696408
0.40064451 3.7647913 -1.7654618
0.21782225 3.7680047 -1.7599812
0.12669921 3.7693427 -1.7586654
-0.055332031 3.7714922 -1.7588655
-0.14645508 3.7723064 -1.7603815
-0.51394528 3.7738304 -1.7760115
-0.60706055 3.7737725 -1.7823628
-1.0658301 3.7040198 -1.7973017
-1.4180077 3.5841217 -1.797351
-2.0005858 3.2947814 -1.7974328
-2.1572852 3.194442 -1.7974548
-2.2337694 3.1414616 -1.7974657
-2.3827929 3.0300446 -1.7974865
-2.4552343 2.9716668 -1.7974968
-2.5262401 2.9115632 -1.7975067
-2.5958006 2.8497581 -1.7975166
-2.6638379 2.7862921 -1.797526
-3.6531444 1.2313775 -1.7976657
-3.7083104 1.053656 -1.7976736
-3.7326856 0.96385372 -1.7976769
-3.7748535 0.78260374 -1.7976831
-3.8082225 0.59953308 -1.7976878
-3.8215916 0.50744629 -1.7976898
-3.8327343 0.41506651 -1.7976915
-3.8525293 -0.14242004 -1.7976946
-3.847949 -0.23536254 -1.7976941
-3.841162 -0.328161 -1.7976931
-3.8320994 -0.42077515 -1.7976919
-3.8208494 -0.51314145 -1.7976904
-3.791621 -0.69692135 -1.7976865
-3.7737012 -0.7882269 -1.797684
-3.7535741 -0.87907559 -1.7976812
-3.7312498 -0.96941191 -1.7976782
-3.7067676 -1.0591787 -1.7976748
-3.6801074 -1.1483331 -1.797671
-2.5915723 -2.8536251 -1.7975198
-2.5219042 -2.9153302 -1.79751
-2.3043554 -3.0900972 -1.7974796
-2.074707 -3.2486594 -1.7974477
-1.7518359 -3.4334471 -1.7974025
-1.4987988 -3.5511193 -1.7973671
-1.4126464 -3.5862405 -1.7973552
-1.149453 -3.6789687 -1.7973182
-0.97058594 -3.7300992 -1.7972932
-0.88026363 -3.7524133 -1.7972807
-0.78942382 -3.7725389 -1.7972679
-0.51441407 -3.8196862 -1.7972294
-0.42208007 -3.8309646 -1.7972164
-0.32948241 -3.8400064 -1.7972035
-0.23670898 -3.8468127 -1.7971905
0.042216796 -3.8537743 -1.7971514
0.22813477 -3.8471916 -1.7971253
1.1410449 -3.6808708 -1.7969975
1.2295507 -3.6522369 -1.796985
1.3173242 -3.621474 -1.7969726
1.4905468 -3.5536363 -1.7969483
1.5758691 -3.5166039 -1.7969365
1.7437011 -3.4364181 -1.7969128
2.0668066 -3.2522388 -1.7968675
2.1446874 -3.2013881 -1.7968565
2.2213085 -3.1486778 -1.7968457
2.2966309 -3.0941324 -1.7968352
2.370625 -3.0377851 -1.7968248
2.5144336 -2.919812 -1.7968044
2.7841406 -2.6637735 -1.7967666
2.8475976 -2.5957842 -1.7967576
2.9094238 -2.5262899 -1.7967489
3.1393359 -2.2340221 -1.7967166
3.3400195 -1.9209509 -1.7966882
2.6810057 -0.7725659 -1.3010449
2.9465137 -0.7725665 -1.4204228
3.7494237 -0.88695252 -1.7966303
3.7697265 -0.79619503 -1.7966273
3.8037498 -0.61335814 -1.7966224
3.8381543 -0.33655211 -1.7966174
3.845166 -0.24381591 -1.7966163
3.8499217 -0.150943 -1.7966156
3.8313963 0.40625122 -1.7966179
3.8204882 0.49860227 -1.7966192
3.8073339 0.59067017 -1.7966211
3.7919726 0.68238705 -1.7966232
3.7744043 0.77370727 -1.7966256
2.7423534 0.77256531 -1.3285528
3.3045702 1.9813464 -1.7966906
3.2558007 2.0605316 -1.7966974
3.2051172 2.138515 -1.7967044
3.1525879 2.2152605 -1.7967117
2.9841015 2.4375725 -1.7967352
2.9244139 2.508894 -1.7967434
2.7999609 2.6471186 -1.7967608
2.7352734 2.7139337 -1.7967699
2.5317969 2.9047625 -1.7967982
2.4609668 2.9650366 -1.7968081
2.3887012 3.023587 -1.7968183
2.1637304 3.188535 -1.7968496
2.0861425 3.2398486 -1.7968605
2.0073535 3.2892706 -1.7968714
1.9273925 3.3367846 -1.7968826
1.8463184 3.3823516 -1.7968938
1.7641504 3.425946 -1.7969053
1.5967969 3.5071325 -1.7969289
1.511709 3.5446727 -1.7969407
1.4257226 3.5801463 -1.7969526
1.2513281 3.6448228 -1.796977
1.0739942 3.7010119 -1.797002
0.80048823 3.7553515 -1.7904879
0.70665038 3.7578599 -1.78303
0.52098632 3.7622948 -1.7711276
0.42895508 3.7642314 -1.7666487
0.063779294 3.770164 -1.7583081
-0.39301756 3.7736375 -1.7691946
-0.48535156 3.7738109 -1.7742523
-0.85788083 3.757575 -1.7972724
-1.0382324 3.7118523 -1.7972978
-1.1274902 3.6857371 -1.7973104
-1.4776074 3.5599756 -1.7973595
-1.5630859 3.5233037 -1.7973715
-1.6476855 3.4845722 -1.7973832
-1.8139453 3.4010437 -1.7974066
-1.8955078 3.3562944 -1.797418
-1.9759765 3.3095856 -1.7974294
-2.2103026 3.1580083 -1.7974622
-2.2858691 3.1037645 -1.797473
-2.4330273 2.9898717 -1.7974936
-2.5044823 2.9302959 -1.7975036
-3.6438572 1.2585559 -1.7976644
-3.6731834 1.1702429 -1.7976686
-3.7003808 1.0812505 -1.7976724
-3.7254002 0.99163264 -1.7976761
-3.7873924 0.71950805 -1.7976849
-3.8391309 0.35105285 -1.7976924
-3.8464842 0.25828552 -1.7976935
-3.8516111 0.16537842 -1.7976942
-3.8544629 0.072371215 -1.7976947
-3.8550878 -0.020683594 -1.7976948
-3.8117383 -0.57682985 -1.7976892
-3.7794628 -0.76009458 -1.7976848
-3.738369 -0.94158995 -1.7976791
-3.714541 -1.0315368 -1.7976758
-3.6885545 -1.1208907 -1.7976723
-3.6604297 -1.2095813 -1.7976685
-2.6804101 -2.7703738 -1.7975322
-2.6127539 -2.8342483 -1.7975227
-2.5435643 -2.8964672 -1.7975131
-2.4729004 -2.9569936 -1.7975031
-2.4008007 -3.0158048 -1.7974931
-2.3272948 -3.0728502 -1.7974828
-2.2524707 -3.1281044 -1.7974725
-2.1762989 -3.1815429 -1.7974619
-2.0988476 -3.2331219 -1.797451
-1.8594042 -3.3764355 -1.7974175
-1.777373 -3.4203105 -1.7974061
-1.6942871 -3.4621847 -1.7973945
-1.5252343 -3.5398662 -1.7973709
-1.3525878 -3.6092949 -1.7973467
-1.2650976 -3.6408629 -1.7973344
-0.8175 -3.7665637 -1.7972718
-0.72638673 -3.7851696 -1.797259
-0.63479489 -3.8015699 -1.7972462
-0.54286134 -3.815758 -1.7972333
-0.35809571 -3.8374541 -1.7972076
-0.26537108 -3.8449528 -1.7971945
-0.17248046 -3.8502069 -1.7971815
-0.079511717 -3.8532226 -1.7971685
0.10652343 -3.8525152 -1.7971425
0.29229492 -3.8428307 -1.7971164
0.38498047 -3.8346295 -1.7971034
0.56955075 -3.8115318 -1.7970777
0.75279295 -3.7795532 -1.7970518
1.1136035 -3.6892791 -1.7970014
1.2023242 -3.6613023 -1.7969888
1.4640429 -3.5646477 -1.7969521
1.6343261 -3.4898033 -1.7969282
1.7180761 -3.4493175 -1.7969165
1.8008008 -3.4068244 -1.7969049
1.9630859 -3.3159132 -1.796882
2.0425293 -3.26755 -1.7968708
2.1207714 -3.2172823 -1.7968599
2.420996 -2.997787 -1.7968178
2.562793 -2.8774395 -1.7967978
2.7642188 -2.6844406 -1.7967694
2.8905077 -2.547893 -1.7967516
3.1226075 -2.2573452 -1.7967188
3.2278807 -2.1040125 -1.7967041
3.3256249 -1.9457849 -1.7966902
