# .PCD v0.7 - Point Cloud Data file format
VERSION 0.7
FIELDS x y z
SIZE 4 4 4
TYPE F F F
COUNT 1 1 1
WIDTH 13793
HEIGHT 1
VIEWPOINT 0 0 0 1 0 0 0
POINTS 13793
DATA ascii
-8.490469 -8.8345966 3.2832103
-7.5468946 -8.2420568 2.9944146
-7.6141796 -9.1670856 3.1931124
-7.2734766 -9.1998892 3.1424553
-6.2590818 -10.24802 3.2176058
-5.9625192 -10.314137 3.1922338
-12.057636 -23.395372 7.0523629
-11.098974 -22.874743 6.8126621
-10.326133 -22.658731 6.6721349
-9.0519629 -22.707432 6.5500607
-8.4467182 -22.772242 6.5080347
-7.8315625 -22.785997 6.4560485
-6.6285348 -22.812914 6.3655076
-5.4560547 -22.838602 6.2917919
-4.8791599 -22.850803 6.2608738
-3.1754491 -22.872963 6.1875744
-2.6157422 -22.88402 6.1716843
0.15789062 -22.950239 6.1496458
3.5174413 -23.007587 6.2364964
4.6682029 -23.030825 6.2965879
5.8440819 -23.05456 6.372838
6.4487305 -23.08539 6.4225278
7.0578318 -23.09903 6.4718432
8.9394722 -23.119778 6.6418881
9.5930462 -23.134027 6.7105627
10.943613 -23.163469 6.8644662
11.643223 -23.178711 6.9502597
12.361191 -23.194792 7.0425181
13.855859 -23.22455 7.2463536
16.588282 -23.717384 7.755199
8.379199 -10.827513 3.6685164
8.7098436 -9.7125521 3.4956386
9.3208399 -9.4351921 3.5537441
10.291523 -9.4580173 3.7452505
10.279023 -8.1570759 3.5161276
-24.793955 -8.0851364 6.9878259
-9.4821873 -8.8283777 3.4714925
-8.0348434 -7.8512974 3.0101275
-7.7306051 -8.7338858 3.1252923
-7.7316012 -9.1718521 3.2142847
-7.3829293 -9.1999941 3.1607556
-7.0246677 -9.1999302 3.1015639
-6.5147266 -9.4444094 3.07429
-5.8139648 -9.3653879 2.9536834
-6.0514059 -10.294294 3.1996357
-5.7581248 -10.359861 3.1758785
-12.427002 -23.687241 7.1674061
-11.360957 -22.987387 6.8706455
-7.4074411 -22.795488 6.4224277
-6.2159181 -22.822147 6.3379331
-5.0524216 -22.847137 6.269773
-4.4793162 -22.859262 6.2416139
-3.910996 -22.87129 6.2173023
-0.56251949 -22.924574 6.144475
0.54521483 -22.958527 6.1534581
1.1006836 -22.970417 6.1619687
1.1005273 -9.1041059 2.457197
3.3458397 -23.004118 6.2287951
3.916914 -23.015656 6.2557015
5.0757422 -23.039053 6.3213439
5.665 -23.050947 6.3602781
6.8733006 -23.0949 6.4565024
7.4890623 -23.108688 6.5090075
10.736094 -23.158945 6.8397985
11.430547 -23.174076 6.9237499
13.625058 -23.219955 7.2138062
16.332285 -23.716728 7.7159262
8.2859182 -10.869467 3.6622086
7.7307615 -9.6489544 3.3129082
7.9133201 -9.4024382 3.2929013
9.6374416 -9.4321461 3.6132998
10.314453 -9.1631098 3.6968281
17.357635 -9.6889343 5.3265843
26.74744 -8.7455006 7.5403295
3.4177148 13.645669 3.769285
-24.638895 -7.8367443 6.9278769
-24.562304 -8.4704084 6.9618039
-9.5612793 -8.7730513 3.4769948
-8.0208588 -8.1064911 3.0556748
-7.8514843 -9.1777534 3.2362812
-7.1311717 -9.1998529 3.1189444
-6.6222067 -9.4523335 3.0924697
-6.2716208 -9.4282303 3.0341611
-5.9176755 -9.3794384 2.9716134
-10.762304 -22.733358 6.7395115
-10.04708 -22.618618 6.6316528
-8.2011909 -22.777731 6.4868345
-7.5898633 -22.791407 6.4366636
-6.987617 -22.80488 6.3909631
-5.8066993 -22.831188 6.312356
-4.6514845 -22.855619 6.2496872
-4.0818162 -22.867676 6.2242236
-2.3941405 -22.888397 6.166389
-1.8378124 -22.899389 6.1556039
-1.2830664 -22.910343 6.1484323
0.37804687 -22.95495 6.1515989
0.93310547 -22.966827 6.1590271
2.0488672 -22.990717 6.184762
3.7442772 -23.012167 6.2471862
4.3190036 -23.023773 6.276814
5.48666 -23.047346 6.348103
6.0859375 -23.077267 6.3949547
6.68957 -23.090784 6.4415731
7.9254684 -23.118465 6.5484776
9.1974611 -23.125402 6.6685338
9.8565035 -23.139772 6.739336
11.219414 -23.169477 6.8978062
11.926719 -23.18614 6.9864612
13.396308 -23.215401 7.1819224
14.437851 -23.680979 7.4316134
8.8295116 -10.138952 3.6024783
8.9110155 -9.747221 3.5387013
9.0004101 -9.3799467 3.4832418
9.6098433 -9.5430222 3.6288912
9.7194729 -9.1967115 3.5853915
10.304511 -9.2892942 3.7173977
10.45918 -8.9807558 3.693893
10.290488 -8.4130611 3.5615475
25.989237 -10.856547 7.5469675
27.091991 -9.8102522 7.720542
26.804979 -8.9807119 7.5747643
3.5228124 13.643395 3.775635
-25.109823 -8.4553156 7.0993738
-23.333008 -9.1329279 6.7139316
-8.0469723 -7.6374936 2.9727325
-8.0268946 -7.9954376 3.0357397
-8.4684181 -8.8525543 3.2825963
-7.4749413 -8.6099892 3.0551708
-7.2389255 -9.1998692 3.1367209
-6.7310352 -9.4604683 3.111069
-6.3812695 -9.4433966 3.0538986
-10.257607 -22.647009 6.6616831
-9.6039944 -22.642788 6.5903149
-8.3873434 -22.773569 6.5028515
-7.7731051 -22.78731 6.4513073
-6.5717382 -22.814184 6.3616076
-5.9829102 -22.827463 6.3231969
-5.400527 -22.839775 6.2886596
-4.253047 -22.864052 6.2314978
-3.6864257 -22.876045 6.2086964
-3.1216795 -22.874025 6.1858921
-2.5622656 -22.885078 6.1703563
-0.3426953 -22.928915 6.1444736
1.3218163 -22.975151 6.1663561
1.8800781 -22.987104 6.1799498
2.4411523 -22.999119 6.1972179
6.5066795 -23.086689 6.4270568
7.1166992 -23.100349 6.4768066
7.7365623 -23.114233 6.5311656
9.0015039 -23.12113 6.6482382
9.6564064 -23.13541 6.7174277
10.32541 -23.149994 6.7920604
12.430898 -23.196178 7.05165
13.929667 -23.226021 7.2568445
8.3919916 -9.7793188 3.452919
8.758008 -9.7208891 3.5059249
9.2501955 -9.7817402 3.6073592
9.500371 -9.5725775 3.6137569
9.6841402 -9.2977753 3.597223
10.396503 -9.0591545 3.6949387
10.277246 -8.1170044 3.5090914
25.699589 -10.955781 7.4858041
26.797323 -9.1954737 7.5913
26.904707 -8.5122271 7.5612974
3.6464257 13.709346 3.8011274
-24.843857 -8.165061 7.0071969
-24.707382 -8.7863741 7.0264783
-15.936846 -8.9277906 4.8946686
-8.060957 -7.5400424 2.9575524
-8.0328903 -7.885798 3.0162237
-8.5378122 -8.7960606 3.2845955
-7.4993944 -8.1090002 2.9595611
-7.6895308 -9.2577829 2.9359148
-7.1842966 -9.0871096 2.8259563
-6.9917774 -9.2962484 2.8376758
-6.2380075 -10.213511 2.9195831
-11.098965 -22.874748 6.2025485
-10.326142 -22.658731 6.0746069
-9.0519533 -22.707426 5.9634581
-8.4465628 -22.771843 5.9250951
-7.8314257 -22.785604 5.8777695
-6.6284375 -22.812525 5.7953367
-5.4558787 -22.837873 5.7281394
-3.7404101 -22.874182 5.6543336
-2.6157813 -22.884211 5.6190147
-2.0585742 -22.895216 5.6078844
-1.5032812 -22.906183 5.6000462
-0.94921875 -22.917126 5.5954905
-0.39572266 -22.928057 5.5941954
0.15789062 -22.949915 5.5988293
2.3872266 -22.997637 5.6404819
3.5175195 -23.008125 5.6781116
4.0901756 -23.019693 5.7036743
6.4485741 -23.084864 5.8472157
7.6765037 -23.112352 5.9411912
10.260977 -23.149282 6.1772399
10.943945 -23.164175 6.2498999
11.643594 -23.179428 6.3280187
12.361425 -23.19519 6.4119248
13.098085 -23.209864 6.5015011
13.856133 -23.22496 6.5975146
14.637324 -23.240515 6.7003708
17.151035 -23.303513 7.0586829
8.3581839 -10.800385 3.3316078
8.0628119 -9.439805 3.028542
8.8711329 -9.892374 3.2415032
9.0036716 -9.5652876 3.2046232
9.4772654 -9.5935402 3.2897851
9.9747658 -9.6212149 3.3808651
10.236133 -8.1230316 3.187875
25.520351 -10.227122 6.7070642
26.583906 -9.9156075 6.9216452
26.502363 -9.1628351 6.8408275
26.82119 -8.5541124 6.867805
3.6839843 13.722649 3.4662111
5.9103513 24.347958 6.1122508
2.8825586 24.430361 6.0012035
2.2886717 24.456701 5.9923511
-24.599178 -8.6838655 6.3639808
-8.0191212 -7.8359337 2.7351897
-8.1974411 -8.8227663 2.9379787
-7.5219727 -8.4981861 2.7686167
-7.5830274 -8.9956207 2.870194
-7.291914 -9.086565 2.8422089
-6.0311327 -10.259819 2.9033329
-12.427011 -23.687252 6.5255237
-11.360957 -22.987391 6.2553344
-10.543154 -22.695862 6.1049619
-9.8552437 -22.62908 6.0212436
-8.6303511 -22.758162 5.937717
-7.4073238 -22.795095 5.8471556
-6.8076172 -22.808516 5.8067503
-6.2158008 -22.82176 5.7702394
-5.0522852 -22.846413 5.7081003
-3.346621 -22.882519 5.6416368
-0.56253904 -22.924763 5.594243
-0.0090820314 -22.946341 5.5978222
1.6580077 -22.982021 5.6211033
1.1004297 -9.1033936 2.2369645
3.3459179 -23.004658 5.6710987
3.9170117 -23.016195 5.6955991
4.4934177 -23.02784 5.7236557
5.0758982 -23.039602 5.7553635
7.4888864 -23.108154 5.9259481
10.058223 -23.144861 6.156373
10.736425 -23.159651 6.2274423
11.430879 -23.174791 6.3038793
12.873906 -23.205397 6.473845
15.204473 -23.261679 6.7794371
16.031054 -23.279444 6.8953943
16.886932 -23.297838 7.0195565
8.2651949 -10.84228 3.3258982
8.575078 -10.702749 3.3456252
8.8500977 -9.5402346 3.1745729
9.3713865 -9.6254225 3.2772522
9.9283791 -9.7169008 3.3890195
10.000351 -9.3255367 3.3357608
10.260215 -8.6810274 3.2787111
10.241523 -8.249465 3.2081637
25.941328 -10.615498 6.8378172
26.856699 -8.7812166 6.8930807
6.7245703 24.340105 6.1602855
5.4787889 24.354519 6.0898361
4.2607031 24.382229 6.0382504
3.6594141 24.401005 6.0192652
-26.012352 -7.5873218 6.6102171
-23.846367 -9.5344973 6.2651525
-9.5155172 -8.7310505 3.1504529
-8.0252924 -7.7286668 2.7180536
-7.4516993 -8.2963867 2.7204595
-7.6037107 -8.8881359 2.853472
-7.4008007 -9.0860748 2.8588214
-7.1951365 -9.2823582 2.8650906
-6.8459177 -9.2863522 2.8144894
-6.6083593 -9.4325619 2.8096316
-5.9031053 -9.3563852 2.6988375
-12.892138 -24.145248 6.6773572
-11.651748 -23.150227 6.3225465
-10.04708 -22.618616 6.037744
-9.4154196 -22.655258 5.9851022
-8.2010155 -22.777336 5.9057922
-7.5897264 -22.791012 5.8601208
-6.9874997 -22.804489 5.8185129
-6.3933787 -22.817785 5.7808399
-5.8065038 -22.830458 5.7468638
-4.0816798 -22.866955 5.6666269
-2.9528124 -22.877554 5.6273351
-1.2830468 -22.910534 5.5978479
-0.72931641 -22.921469 5.5945849
0.37802735 -22.954626 5.6006055
0.93308592 -22.966503 5.607367
1.4897851 -22.978422 5.6174231
2.0488281 -22.990391 5.6307983
1.0345508 -9.1144514 2.237792
3.1747265 -23.001198 5.6644053
3.7443554 -23.012709 5.6878428
4.3191013 -23.024319 5.7148218
6.0858006 -23.07674 5.8221116
6.689414 -23.090254 5.8645554
8.559453 -23.132128 6.0170813
9.1977339 -23.126089 6.0715075
9.8567963 -23.140467 6.1359701
13.396563 -23.215807 6.5388474
16.625761 -23.292223 6.9812388
8.4812689 -10.744968 3.3394461
8.0291405 -9.6821594 3.0684872
8.8700581 -10.185559 3.2949321
8.9682417 -9.8098145 3.2424784
9.2108002 -9.5992317 3.2454336
9.7714643 -9.7035122 3.3594656
9.0603123 -8.5730104 3.0429204
10.272265 -8.8202686 3.3029819
26.892675 -9.0100927 6.918961
7.5543942 24.338026 6.2167726
5.6645312 24.351486 6.0992212
5.0505857 24.3627 6.0697227
1.4694335 24.632587 6.0198703
-25.735264 -7.9797711 6.57307
-24.155819 -8.1340704 6.2180066
-24.735809 -8.9997396 6.4213595
-23.33082 -9.1320686 6.1120811
-23.997959 -10.067684 6.3486838
-8.0427732 -7.6335068 2.7050936
-8.0108395 -7.9794464 2.7583423
-8.3333197 -8.7113037 2.9409306
-7.3839254 -8.1016026 2.6741309
-7.5925388 -9.1841488 2.906985
-6.0079103 -9.3707075 2.7155056
-5.9145508 -10.285972 2.8945501
-11.958554 -23.335531 6.3967443
-10.257607 -22.647009 6.0650864
-9.6039944 -22.642786 6.0001073
-8.9944239 -22.715683 5.9601464
-8.387187 -22.77317 5.9203782
-7.7729688 -22.786913 5.8734498
-7.1681051 -22.800446 5.830637
-6.5716209 -22.813795 5.7917871
-5.9827342 -22.826731 5.7567282
-5.4003711 -22.839046 5.7252855
-2.5622852 -22.885265 5.6178064
-1.4501367 -22.907234 5.5994711
-0.89617187 -22.918173 5.5952234
-0.34271485 -22.929104 5.5942445
0.21095702 -22.95105 5.5992103
1.3217969 -22.974827 5.6140404
2.4411132 -22.998791 5.6421385
3.5721679 -23.00923 5.680409
4.1453123 -23.020807 5.7063107
4.7240429 -23.032495 5.7358093
5.3090625 -23.044308 5.7689915
5.9055467 -23.072706 5.8101034
6.5065427 -23.086159 5.8513403
9.6566992 -23.136103 6.1160216
11.010234 -23.165623 6.2571459
11.711582 -23.18091 6.3358068
12.431113 -23.196577 6.4202404
13.169824 -23.21129 6.5104222
13.929921 -23.226427 6.6070628
14.713476 -23.242031 6.7105966
15.529452 -23.268661 6.8245554
8.3878517 -10.787032 3.3334665
7.888535 -9.6546955 3.041513
8.8945704 -9.8724403 3.2417071
9.0531445 -9.5733757 3.2143407
9.6666012 -9.7400455 3.3476815
9.9782028 -9.5801058 3.3745193
11.035136 -8.71558 3.4304245
3.6443553 13.701523 3.4587374
5.8509178 24.348763 6.1090403
4.021328 24.389294 6.0301719
1.640625 24.502033 5.9907312
-23.380606 -8.9559345 6.1078939
-24.21537 -9.9523726 6.3868723
-15.935752 -8.9271841 4.4560175
-8.056035 -8.2997065 2.8216922
-9.1022558 -8.1925144 2.6968329
-7.9646287 -7.8967929 2.4699359
-7.9477735 -8.2699051 2.5258858
-7.405488 -8.4902697 2.4810143
-7.1717577 -9.5355444 2.6275373
-6.6810155 -9.344326 2.5296648
-6.217402 -10.179728 2.6268184
-9.6644526 -22.639482 5.4208994
-9.0519533 -22.707422 5.3832688
-8.4464064 -22.77145 5.348546
-7.8312888 -22.785213 5.3058228
-7.2255664 -22.798769 5.2668262
-6.6283202 -22.812138 5.231421
-6.0386524 -22.824821 5.1993871
-5.4557223 -22.837152 5.1706834
-3.7402928 -22.873468 5.1040597
-2.6157813 -22.884396 5.072382
-1.5033008 -22.906368 5.0552573
-0.94921875 -22.917311 5.051146
-0.39574218 -22.928242 5.0499759
0.1578711 -22.949594 5.0540457
1.268418 -22.973362 5.0668659
1.8264258 -22.985308 5.077745
2.3871875 -22.997314 5.0916476
2.9497461 -22.997183 5.105895
4.0902538 -23.020231 5.1488867
5.2528124 -23.043713 5.2048292
7.0574999 -23.097969 5.3187451
7.6763282 -23.11182 5.3630457
8.3059378 -23.125917 5.411272
8.9399996 -23.121138 5.4590673
9.5936327 -23.135405 5.5155139
10.26127 -23.149975 5.5764208
10.944258 -23.164875 5.6420126
11.643945 -23.180136 5.7125363
12.361621 -23.195583 5.7882028
13.09832 -23.210262 5.869071
15.450566 -23.26687 6.1506371
16.285723 -23.284819 6.2574925
8.3375387 -10.773686 3.0000393
8.6476364 -10.633886 3.0183704
7.9521875 -9.3102865 2.6963823
8.923789 -9.9511061 2.9435112
9.0121288 -8.6927004 2.7574058
10.10416 -8.8456326 2.9573236
10.120293 -8.4370852 2.9015799
11.104824 -8.8123989 3.1219463
26.955996 -10.802443 6.3951244
26.570351 -9.9105587 6.2450571
26.855194 -8.5649643 6.2075024
11.67498 23.840607 5.8458776
10.95916 23.817719 5.7737069
8.2653513 23.766376 5.5412755
7.6277928 23.767225 5.496932
5.1723828 23.799931 5.3635349
4.5767384 23.815229 5.3405285
3.9863086 23.833326 5.321455
2.8173828 23.877951 5.2948523
-14.671514 23.483805 6.0978761
-25.344589 -8.2646942 5.8706017
-23.994179 -9.127387 5.653357
-24.239531 -9.8968172 5.76578
-15.969365 -8.8975191 4.0257645
-7.9696875 -7.7876439 2.4538662
-7.9528708 -8.1556263 2.5085855
-7.8494334 -8.8681488 2.6080594
-7.5726953 -8.9833689 2.5874224
-6.7894726 -9.35147 2.5449004
-6.0112305 -10.225949 2.6122131
-12.427011 -23.687265 5.8906579
-10.543135 -22.695858 5.5110083
-9.2333593 -22.681383 5.3928809
-8.6303511 -22.758156 5.3600354
-8.0156641 -22.781088 5.3183055
-6.8074999 -22.808126 5.2417188
-6.2156639 -22.821079 5.2086926
-5.0521092 -22.845695 5.1525903
-4.4790235 -22.857826 5.1294446
-1.6705078 -22.903069 5.0570784
-0.56251949 -22.924952 5.0500183
1.6579688 -22.981701 5.0741544
1.1003516 -9.1026831 2.019172
4.4935155 -23.028376 5.1669211
5.0760155 -23.040144 5.1955442
6.8729882 -23.093838 5.3061376
7.4887304 -23.107622 5.349287
8.1149998 -23.121643 5.396317
11.431231 -23.175497 5.6907458
14.39959 -23.236185 6.0199389
15.204394 -23.261581 6.1198373
16.030975 -23.279345 6.2245154
8.5537891 -10.676184 3.0126309
8.5920115 -9.7225237 2.8573298
9.1475391 -9.3955078 2.8877404
10.094492 -8.967701 2.9735062
10.115371 -8.5584984 2.9179471
10.869394 -8.7552109 3.0735848
17.355331 -9.6876526 4.377255
26.457577 -10.826757 6.2954016
26.891426 -8.792573 6.2304969
11.172891 23.824253 5.7948413
10.470058 23.803768 5.7267089
9.1141205 23.772608 5.6067309
7.8187695 23.766655 5.5098119
6.568574 23.77548 5.431952
3.4202147 13.65564 3.1001124
5.353086 23.795876 5.3712583
4.7556639 23.810322 5.3470435
4.1637497 23.827583 5.3267956
1.832539 23.92473 5.2841063
-14.383838 23.400517 6.048923
-25.482782 -7.4328589 5.8456235
-24.990595 -8.6181135 5.8214464
-9.0460348 -8.3002729 2.7036297
-7.9746871 -7.6799068 2.4381359
-7.9579687 -8.0429363 2.4916666
-7.4988084 -8.7655096 2.5403183
-6.5402927 -9.3354111 2.510159
-6.1955662 -9.3139229 2.4634426
-5.8074412 -10.271885 2.5985601
-12.892178 -24.145319 6.0277319
-9.41541 -22.655256 5.4028101
-8.8130856 -22.739662 5.3706346
-8.2008982 -22.776943 5.3311253
-7.5895896 -22.790625 5.2898927
-6.3932614 -22.8174 5.218329
-5.8063278 -22.829737 5.187583
-3.5161912 -22.878214 5.0973635
-2.952832 -22.877739 5.0798922
-2.3941796 -22.888773 5.0680332
-1.8378515 -22.899763 5.059166
-0.17591797 -22.932585 5.0503287
0.3780078 -22.954304 5.0556479
0.93306637 -22.966187 5.0617533
1.4897656 -22.9781 5.070828
2.048789 -22.990068 5.0829039
1.0343945 -9.1132965 2.0198085
3.7444725 -23.013245 5.1345911
4.8997655 -23.036585 5.1865697
5.4869142 -23.048441 5.2175379
7.3020897 -23.103445 5.3358836
7.9250975 -23.11739 5.3817234
8.5592775 -23.131588 5.4315553
9.85709 -23.141151 5.539166
11.220117 -23.170893 5.6694236
12.651816 -23.201365 5.8196583
13.396777 -23.216208 5.9027843
14.163789 -23.231489 5.9918661
15.778867 -23.273928 6.1922045
16.625702 -23.292126 6.3020053
17.503553 -23.310991 6.4195728
7.9890623 -9.6338129 2.7561219
8.3036127 -9.5350933 2.7844172
9.0475388 -9.8965349 2.9528899
9.3335152 -9.727109 2.9687109
9.8296289 -9.3009529 2.9801145
10.126797 -8.2792349 2.8805511
26.538143 -11.08583 6.3335948
11.38834 23.831095 5.8165011
9.3146286 23.776497 5.6234884
7.3775778 23.768396 5.4805932
6.7545505 23.773403 5.4425611
3.5188475 13.628019 3.0995722
4.9351172 23.805672 5.3539186
4.3416209 23.822083 5.3324814
3.7530468 23.841295 5.3149557
3.1683202 23.863316 5.3012657
2.0069726 23.915827 5.2852268
1.5039062 25.210894 5.5617819
-15.10165 23.664354 6.1820688
-25.515194 -7.2413077 5.8408189
-25.408339 -7.8784008 5.8581944
-24.770067 -9.0122185 5.804657
-23.328047 -9.1309853 5.516777
-8.9465237 -8.4912643 2.7163055
-7.9630466 -7.9318261 2.4751236
-7.427578 -8.5554514 2.4950368
-7.5788083 -9.1675758 2.6194274
-6.2980661 -9.320261 2.4771707
-6.1889453 -10.186064 2.6247535
-11.958545 -23.335537 5.7744007
-10.257597 -22.647007 5.4750123
-9.6039839 -22.642782 5.4163561
-8.3870506 -22.772779 5.3442883
-7.7728319 -22.78652 5.3019261
-5.9825387 -22.826008 5.1964917
-5.4001756 -22.838329 5.1681051
-4.2527537 -22.862617 5.1211329
-2.0053124 -22.896454 5.061523
-0.89619136 -22.91836 5.0509086
1.3218163 -22.974504 5.0677814
1.8800195 -22.986454 5.0789461
4.7241602 -23.033033 5.1778917
5.3091993 -23.044851 5.2078452
7.1163669 -23.099287 5.3228235
7.7362304 -23.113163 5.3674951
10.326055 -23.151386 5.5824986
11.010566 -23.166323 5.6485558
13.930176 -23.226833 5.9643617
14.71375 -23.242443 6.0578284
15.529414 -23.268566 6.1605649
7.8554883 -9.6142712 2.734108
9.9717379 -9.121666 2.9761276
11.125839 -8.7872362 3.122138
26.03957 -11.100713 6.233717
25.192558 -10.028174 5.9712415
26.69623 -9.1607885 6.215498
9.5163479 23.780668 5.640698
8.8519917 23.768229 5.5854273
6.9413085 23.771584 5.4535584
3.6423047 13.693796 3.1204739
5.716289 23.78853 5.387804
5.115078 23.801277 5.3611608
4.5199609 23.816841 5.3385301
3.929961 23.835209 5.319829
2.7616601 23.880365 5.2939548
1.6063476 23.990557 5.2950025
-14.356826 24.136816 6.1845956
-25.440498 -7.6859336 5.8525586
-25.137655 -8.2616186 5.827085
-24.666698 -8.7719126 5.7653208
-24.16997 -9.9337206 5.7546864
-8.9895601 -8.4086313 2.7107229
-7.9512496 -8.1917658 2.5140407
-8.0489063 -8.7031641 2.6105862
-9.0561819 -8.1510324 2.3968496
-8.914463 -8.4217157 2.412456
-7.9818945 -7.9139099 2.2111456
-7.826992 -8.5479441 2.2799802
-8.0095119 -9.1827602 2.3970263
-7.4540234 -8.9742746 2.2949584
-6.4954882 -10.079821 2.358937
-6.1970897 -10.146522 2.3388495
-5.9037695 -10.21251 2.3205292
-12.057675 -23.395416 5.1775961
-10.326142 -22.658731 4.8984385
-9.6644526 -22.639479 4.8424239
-9.0519533 -22.707417 4.8088074
-7.831152 -22.784826 4.739552
-4.3071289 -22.860756 4.5762558
-3.1755273 -22.873526 4.5428019
-1.5033203 -22.906551 4.5158362
-0.39572266 -22.928427 4.5111203
1.2683789 -22.973042 4.5261097
5.2529492 -23.04425 4.6495194
5.844492 -23.056198 4.6790242
6.4483008 -23.08382 4.7148623
8.3057613 -23.125385 4.8337154
8.9402533 -23.121805 4.8766589
10.261581 -23.15066 4.9815006
10.944609 -23.165567 5.0400958
13.098555 -23.210657 5.2428589
13.856602 -23.225765 5.3202882
14.637851 -23.241335 5.4032335
8.5745506 -10.543988 2.6734767
8.6498632 -9.6456337 2.5486867
9.5062304 -9.6228724 2.6609259
9.6472454 -9.3052998 2.6367452
9.9046869 -9.1025257 2.6462755
9.9233198 -8.6873102 2.59446
11.068809 -8.7838259 2.7797525
25.956699 -11.136384 5.5562682
24.947733 -9.9976521 5.2870836
11.416406 23.312614 5.1064014
10.719395 23.2966 5.0447364
10.039687 23.283417 4.9879422
8.7259569 23.2651 4.8880024
8.08916 23.259779 4.8444419
6.8493161 23.256437 4.7692609
3.6798437 13.707216 2.7919409
5.0577149 23.272142 4.6849308
4.4756641 23.289314 4.6652756
3.8985937 23.308855 4.6489835
2.7556641 23.355062 4.6262469
2.1881053 23.38176 4.6197248
-14.738056 24.908665 5.6934705
-14.831797 23.740368 5.50667
-15.106123 21.766352 5.211997
-16.200897 22.181082 5.4033875
-17.38999 22.640856 5.6160288
-25.238895 -7.5613675 5.1829858
-25.724012 -8.3884211 5.3226476
-24.049238 -9.8191118 5.1100669
-8.957324 -8.3397188 2.4075711
-7.988359 -7.8058624 2.1971383
-7.8519335 -8.0520992 2.2124426
-7.8328514 -8.4303598 2.263757
-8.1006832 -9.1520195 2.4043207
-7.3826756 -8.7579193 2.2533057
-7.5034957 -9.350235 2.3584056
-7.0259957 -9.201642 2.2774787
-6.7198629 -9.2556028 2.2500238
-6.3704295 -9.235218 2.207037
-6.1104298 -9.3324757 2.1943831
-6.2864842 -10.126518 2.3447199
-5.9916406 -10.192633 2.325856
-11.360976 -22.987404 5.0441823
-10.543144 -22.695858 4.9229164
-9.8552437 -22.629072 4.8554053
-9.2333689 -22.681379 4.8173947
-8.0155268 -22.780701 4.7506971
-7.4070506 -22.794323 4.7148685
-6.8074021 -22.807747 4.6822829
-6.2154684 -22.82036 4.6527185
-5.6305466 -22.832739 4.6261778
-5.0519528 -22.844984 4.6026034
-4.4788866 -22.857119 4.5819302
-2.7841992 -22.881252 4.5343685
-2.2263477 -22.892275 4.524581
-1.1161133 -22.914202 4.512991
-0.56253904 -22.925135 4.5111599
0.54519528 -22.957565 4.5174518
1.1006445 -22.969452 4.5237026
1.6579688 -22.98138 4.5326185
1.1002539 -9.1019735 1.8035611
3.3460546 -23.00572 4.5732698
3.917207 -23.017263 4.5930271
4.4936132 -23.02891 4.6156545
5.66541 -23.052582 4.6698146
7.4885545 -23.107094 4.7783484
9.3954878 -23.131748 4.9114747
10.73707 -23.161039 5.0219803
12.143711 -23.191624 5.1498227
14.399843 -23.236591 5.3776317
15.204335 -23.261484 5.4667516
17.774628 -23.316719 5.767612
8.4892578 -10.595664 2.670851
8.7730665 -10.423989 2.6801872
8.4522657 -9.5644121 2.5109103
9.0267963 -9.7307425 2.6110289
9.4047651 -9.6596937 2.652117
9.788105 -9.1276026 2.6327968
11.002891 -8.862731 2.7793131
26.59248 -10.881958 5.6522775
26.599316 -8.6970644 5.5051708
11.630116 23.318012 5.1259775
9.5742378 23.275827 4.9510236
8.920351 23.267199 4.9019499
5.2342381 23.267433 4.6915269
4.6505275 23.283888 4.670845
2.3589647 23.373461 4.6213551
1.7929296 23.407644 4.6182094
-14.861923 22.91926 5.3735852
-14.792695 21.649303 5.1580648
-15.86165 22.051626 5.3436007
-17.02084 22.49716 5.5495238
-18.284649 22.992445 5.7789073
-25.516737 -8.1159458 5.2673998
-23.100399 -9.2362251 4.8940458
-23.647352 -10.123554 5.060236
-9.0000677 -8.2580967 2.4028468
-7.8386521 -8.3144875 2.2478955
-7.7959762 -8.6797218 2.2950823
-7.5946875 -9.3240662 2.3656783
-7.1662889 -9.2451487 2.3010888
-6.8280077 -9.2621021 2.2636211
-6.4742966 -9.2412329 2.2196734
-6.3763475 -10.106432 2.3507462
-6.0799804 -10.172751 2.3313515
-9.41541 -22.655251 4.826263
-7.5894723 -22.790236 4.725318
-6.987246 -22.803719 4.691771
-5.8061523 -22.82902 4.6338596
-4.0814061 -22.865536 4.5691681
-3.5160937 -22.877512 4.5532746
-2.9528711 -22.877922 4.5378451
-1.2830859 -22.910902 4.5140615
-0.72931641 -22.921839 4.5114317
0.37802735 -22.953987 4.5160885
0.93306637 -22.965866 4.5215406
1.4897461 -22.977779 4.5296445
2.048789 -22.989748 4.5404358
3.1748631 -23.002258 4.5678711
5.487031 -23.048979 4.6608763
6.0855079 -23.075705 4.6946182
9.8573627 -23.141832 4.9482093
11.220448 -23.171589 5.0645747
14.960567 -23.256247 5.4397998
16.625624 -23.292027 5.6294837
8.4041796 -10.647305 2.6683846
8.131484 -9.3374395 2.4357271
8.7859564 -9.6104126 2.5615184
9.2242184 -9.6132154 2.6208642
9.4020901 -9.3366995 2.6065984
9.7273045 -9.2041254 2.6343832
25.828592 -10.064346 5.4530673
26.457382 -9.5804482 5.5353675
26.716797 -8.9511681 5.5428185
11.845625 23.323687 5.1460361
11.137343 23.305908 5.0813088
10.447422 23.291035 5.0216098
9.1160154 23.269526 4.9162831
7.8395114 23.258348 4.8282666
7.2186718 23.256437 4.7902951
6.6077929 23.256899 4.7561464
5.4117575 23.264729 4.6987944
4.8258591 23.278683 4.6767216
3.0988672 23.340132 4.6317344
2.5300195 23.365376 4.6232729
1.9631054 23.393044 4.6180258
1.5273242 25.603401 5.0456195
-14.849111 23.268627 5.4300194
-14.486367 21.535679 5.1057487
-24.767979 -7.0292358 5.0647421
-25.386806 -7.8717203 5.2286205
-24.782295 -8.3450241 5.1441073
-24.819452 -9.030179 5.1955652
-24.305752 -9.5136738 5.1346164
-8.9008007 -8.4478645 2.4140413
-7.8444333 -8.2002478 2.2323806
-7.9806638 -9.1925068 2.3947473
-7.6830859 -9.2936935 2.3720925
-7.309648 -9.2897406 2.3253615
-6.8456054 -9.1458368 2.2473197
-6.5794139 -9.2473555 2.2325809
-6.1687694 -10.152861 2.3370178
-11.958574 -23.335558 5.1582093
-11.01663 -22.83935 4.9882865
-10.257607 -22.647009 4.8907652
-9.6039944 -22.642778 4.8383613
-8.9944239 -22.715672 4.8061404
-8.3868942 -22.77239 4.7739053
-5.9823437 -22.825293 4.6418161
-3.686074 -22.873911 4.5577726
-2.0053515 -22.896637 4.5214357
-1.4501562 -22.907604 4.5153685
-0.89617187 -22.918545 4.5119472
-0.34271485 -22.929474 4.5111537
0.765625 -22.962282 4.5196161
1.3217773 -22.974184 4.5269241
1.88 -22.986135 4.5368953
3.572324 -23.010292 4.5807776
4.1455078 -23.021877 4.6016669
5.3093357 -23.045389 4.6522121
5.9052734 -23.071674 4.6849399
6.5062499 -23.085117 4.718184
7.1162109 -23.098764 4.7547078
10.326328 -23.152073 4.9869289
14.713984 -23.242851 5.4114804
15.529355 -23.268469 5.5031347
17.235468 -23.305132 5.7020884
8.6961718 -9.6522579 2.5557461
9.666543 -9.2808752 2.6361504
9.9064455 -9.0619593 2.6411352
11.089805 -8.7587414 2.7799242
26.022577 -11.093454 5.5648632
26.706581 -9.8910646 5.6024108
26.724823 -9.170598 5.5581775
11.348808 23.310951 5.1002741
10.653516 23.295219 5.0390873
9.9753904 23.282299 4.9827476
9.3128119 23.272089 4.9310079
8.6643944 23.264486 4.8836493
8.0287695 23.259399 4.8404818
7.4046874 23.256767 4.8013349
6.7908983 23.256514 4.7660413
5.0017185 23.273684 4.6829004
3.2708397 23.332991 4.6349134
-14.790498 24.865925 5.691505
-14.442148 21.810888 5.145936
-15.207285 21.804306 5.2294931
-16.310575 22.223095 5.4228001
-25.325819 -7.6512961 5.2044578
-24.454218 -9.3671789 5.1514425
-23.993574 -9.8612232 5.1030726
-8.9437103 -8.3657408 2.4091051
-7.9863086 -7.8400741 2.20156
-7.830996 -8.4675608 2.2688761
-7.7267966 -8.4385071 1.9842829
-7.7050195 -8.833642 2.0328641
-7.2697849 -8.7524652 1.9732174
-6.9015622 -9.1763287 1.9912802
-6.5471287 -9.1570578 1.9522289
-6.7544727 -9.9459867 2.0850503
-6.4680662 -10.03723 2.0708399
-5.8848243 -10.179713 2.0391958
-10.326142 -22.658731 4.3184371
-7.2253318 -22.798008 4.1475787
-6.6280856 -22.811378 4.1196985
-4.8785543 -22.847952 4.0517464
-4.3069921 -22.860054 4.034277
-2.0586329 -22.895769 3.986738
-0.39572266 -22.928608 3.9770072
0.15789062 -22.948961 3.9800406
1.2683789 -22.972727 3.9901364
1.8263867 -22.984673 3.9987044
2.3871288 -22.996674 4.0096512
2.9499023 -22.99823 4.0211639
5.2530856 -23.044785 4.0990853
5.8446484 -23.056736 4.1251078
6.448164 -23.083307 4.1565018
7.0571876 -23.096931 4.1884146
8.3055468 -23.124857 4.2612762
9.5941792 -23.136749 4.3438163
10.261875 -23.151337 4.3917885
10.944921 -23.166256 4.44345
11.644668 -23.181538 4.4989882
13.098769 -23.21105 4.6221495
13.856835 -23.226162 4.6904163
14.638085 -23.241737 4.7635398
16.285604 -23.28462 4.9278431
17.150839 -23.303215 5.0179472
18.050058 -23.324158 5.1148057
10.196679 -8.9266224 2.3502686
10.815449 -9.0166101 2.4419982
25.055956 -10.041018 4.6812844
11.868496 22.824009 4.4614534
11.171191 22.811863 4.4050765
9.8289251 22.794653 4.3050318
8.5463667 22.786303 4.220552
7.3129492 22.786251 4.1502571
6.7116795 22.789213 4.1200857
5.5348043 22.80088 4.0690999
4.385488 22.820078 4.0300136
3.2565625 22.846684 4.0022583
2.697578 22.862762 3.9925051
-17.821239 21.019129 4.7791343
-24.866571 -8.7782602 4.573328
-24.386513 -9.2766333 4.5249162
-24.01869 -9.8066425 4.4992838
-8.7699118 -8.5695848 2.1264977
-7.8973632 -8.0987053 1.9617651
-7.7116599 -8.7124958 2.017843
-7.2383785 -8.5867872 1.9476974
-7.3859959 -9.2038116 2.046598
-7.011445 -9.1825867 2.0036538
-6.3590817 -9.2187548 1.9422436
-6.2661915 -10.0938 2.0604134
-5.9724216 -10.159892 2.0438759
-12.427041 -23.687311 4.6390061
-11.360967 -22.987406 4.4469204
-10.543144 -22.695862 4.3400135
-9.8552437 -22.629068 4.2804947
-8.0154104 -22.780313 4.1881156
-7.4069333 -22.793938 4.1565309
-5.0518165 -22.844278 4.057507
-4.4787498 -22.856415 4.039278
-3.3463085 -22.880409 4.0102663
-2.7842188 -22.881437 3.9975014
-1.6705663 -22.903433 3.9825997
-1.1161523 -22.914381 3.9786606
0.54519528 -22.957249 3.9825032
1.1006055 -22.969137 3.9880135
2.2177734 -22.99305 4.0060968
1.1001562 -9.1011868 1.5898715
3.3461523 -23.006243 4.0318594
3.917285 -23.01779 4.0492787
5.0762305 -23.04121 4.0917721
7.4883785 -23.106575 4.2124677
8.1146088 -23.120584 4.2494993
8.7523241 -23.134855 4.289701
9.3957615 -23.132416 4.3300557
10.059101 -23.146908 4.3769479
11.431933 -23.176891 4.4818287
12.874551 -23.206577 4.6024876
13.626016 -23.221561 4.669343
16.030859 -23.27915 4.9018703
8.6738472 -10.306084 2.3361127
8.9024801 -9.5967102 2.2701621
9.4705076 -9.7272377 2.3544393
9.6555662 -9.4499016 2.3430517
9.7218361 -9.0658197 2.3053489
25.599745 -11.204473 4.8462753
26.796816 -9.4834375 4.9296961
26.230742 -8.5765505 4.7860756
12.082441 22.828159 4.4793305
10.694824 22.804796 4.3682599
8.736269 22.787016 4.2323408
8.1104488 22.785366 4.1944461
7.4960742 22.785746 4.159986
3.8033202 13.766398 2.4768867
3.4226952 13.665451 2.4431453
4.5571876 22.816711 4.0351658
3.9891796 22.828531 4.0190554
3.4256444 22.842203 4.0057364
2.3089063 22.877434 3.9876997
-14.502626 20.16226 4.3072605
-15.241357 20.145172 4.3809433
-16.302607 20.500107 4.5424032
-17.454327 20.892639 4.7213802
-18.710732 21.328451 4.9205112
-24.773291 -7.225914 4.4753652
-25.25293 -8.032053 4.5957046
-23.232851 -9.2891893 4.339304
-23.617432 -10.110744 4.4554281
-8.955019 -8.2167587 2.1077325
-8.8130274 -8.4872704 2.1219246
-7.7396288 -8.2094288 1.9566915
-7.8412108 -9.1657562 2.0918927
-7.4657421 -9.1657782 2.0501626
-7.1227145 -9.1889572 2.0162952
-6.7590427 -9.1685009 1.9754275
-6.4918942 -9.2663183 1.9621612
-6.6401954 -9.9823256 2.0792239
-6.3554296 -10.073271 2.0656052
-6.0604491 -10.140071 2.0487022
-11.651757 -23.150255 4.4947019
-7.5893359 -22.789856 4.1657453
-6.3930469 -22.816643 4.1093955
-5.8059764 -22.828312 4.0850582
-4.650918 -22.85277 4.0445065
-3.515996 -22.876814 4.0140176
-1.8378711 -22.900129 3.9842482
-0.7293359 -22.922022 3.9772885
-0.17589843 -22.932951 3.9772866
0.3780078 -22.953674 3.9813051
0.93304688 -22.965549 3.9861116
1.4897265 -22.977465 3.993257
3.1749609 -23.002781 4.0270996
3.7446094 -23.014299 4.0437665
4.9000001 -23.037649 4.0846972
6.0853906 -23.075191 4.138658
6.6889648 -23.088694 4.1688285
7.3017578 -23.1024 4.2019081
7.9247265 -23.116337 4.2380099
8.5588675 -23.130524 4.2772431
11.2208 -23.172279 4.4650373
11.927519 -23.187693 4.5221763
12.652246 -23.202143 4.5832324
14.164277 -23.232292 4.7188611
14.960507 -23.256151 4.7956762
16.625547 -23.291927 4.9628983
17.503378 -23.310791 5.055481
8.5891018 -10.357392 2.3335152
10.684199 -9.1739845 2.4422541
10.901953 -8.9129744 2.4421272
12.298242 22.832539 4.4976306
11.589238 22.818892 4.4385281
10.899277 22.807703 4.3838887
7.6801367 22.785419 4.1700187
3.5149608 13.612981 2.4382718
4.159863 22.82478 4.0236192
3.5950584 22.837891 4.00946
3.0341797 22.852852 3.9980612
1.9214648 22.89695 3.984889
1.5512891 26.004692 4.517911
-14.849092 23.268606 4.7870703
-14.929482 21.077595 4.4794741
-14.937402 20.044846 4.3353772
-15.973847 20.389412 4.4920039
-17.096806 20.770016 4.6654282
-18.320049 21.192156 4.8581944
-19.659756 21.662287 5.0732975
-24.686289 -7.0060472 4.4503183
-23.56246 -9.222743 4.3882198
-23.789511 -9.9802294 4.474072
-8.9974899 -8.1359425 2.1037395
-8.8560057 -8.4053431 2.1174932
-7.9239254 -7.8928795 1.939631
-7.7459373 -8.0972939 1.9433453
-7.7247262 -8.4755545 1.988786
-7.7028708 -8.87253 2.037709
-7.2354298 -9.1954489 2.0292172
-6.8669529 -9.1743822 1.987409
-6.7268357 -9.9547682 2.0836208
-6.4408202 -10.045934 2.0695541
-11.016641 -22.839357 4.3976479
-9.6039839 -22.642775 4.2654719
-8.9944143 -22.715668 4.237062
-8.3867579 -22.772003 4.2085767
-7.7725582 -22.785751 4.1752186
-7.1677537 -22.799294 4.1447859
-5.9821677 -22.824581 4.092073
-3.1217773 -22.874767 4.0038514
-2.0053515 -22.89682 3.9861019
-1.4501953 -22.907785 3.9807589
-0.89621091 -22.918726 3.9777369
-0.3426953 -22.929655 3.9770424
0.2109375 -22.950098 3.9803102
1.3217382 -22.973869 3.990854
1.8799609 -22.985817 3.9996493
4.145586 -23.022404 4.0568957
5.3094335 -23.045923 4.1014585
7.7358398 -23.112112 4.2268057
8.3664846 -23.126223 4.2650819
9.0025587 -23.123825 4.3034701
10.32664 -23.15275 4.3965774
13.170468 -23.212477 4.6284914
13.930644 -23.227634 4.6972041
16.367147 -23.286373 4.9362106
18.138008 -23.326086 5.1244187
8.5045509 -10.408643 2.3310599
8.4529104 -9.382247 2.190104
9.1643362 -9.2339659 2.2562129
10.219395 -8.9048367 2.3507509
12.515879 22.837152 4.5163522
11.800879 22.822739 4.4558616
11.105351 22.810822 4.3999052
10.427617 22.801294 4.3482361
9.7662106 22.794054 4.3006392
8.4862299 22.786118 4.2168684
7.8651171 22.785278 4.1803575
7.2549219 22.786451 4.1472278
6.6545506 22.789591 4.1173592
3.6382616 13.678581 2.4546993
5.4791598 22.801636 4.0669651
4.9021482 22.81048 4.0462551
3.7648437 22.833744 4.0134335
2.6441796 22.864401 3.9917104
2.088496 22.888407 3.9859383
-14.790488 24.865883 5.01759
-14.918036 21.389595 4.5226045
-14.640322 19.947392 4.2911515
-15.65289 20.281986 4.4431324
-16.748545 20.65123 4.6112614
-17.94001 21.060226 4.7979074
-24.93041 -7.5318308 4.5165873
-25.19709 -8.2811384 4.5997758
-8.898818 -8.3237486 2.1131923
-7.8931055 -8.1318502 1.9653689
-8.8256245 -8.33778 1.8250107
-8.6829882 -8.6090021 1.837955
-7.8241992 -8.1413088 1.6972848
-7.605957 -8.7200832 1.7393069
-7.5813279 -9.1275282 1.7835467
-6.9688282 -9.7468719 1.8010559
-6.1197267 -10.019822 1.7648224
-12.057666 -23.395422 3.9562533
-9.0519428 -22.707407 3.6744545
-8.4459963 -22.77029 3.6505704
-7.2252145 -22.797626 3.5947964
-5.4551954 -22.835033 3.5290244
-4.8783984 -22.84725 3.5116909
-4.3068552 -22.85936 3.4965475
-3.7399414 -22.871374 3.4835603
-2.6158593 -22.884943 3.4623404
-2.0586717 -22.895948 3.4554782
-1.5033398 -22.906916 3.4506509
-0.94923824 -22.917858 3.4478433
0.1578711 -22.948648 3.4495986
0.71242183 -22.960514 3.4529598
1.8263476 -22.984358 3.4657724
3.5178516 -23.010231 3.4989607
4.0905466 -23.021809 3.5147152
5.2531834 -23.045313 3.5529099
5.8447657 -23.057268 3.5754611
6.4480076 -23.082794 3.6025131
7.6758008 -23.11025 3.6604073
10.262187 -23.152012 3.8066323
11.645 -23.182228 3.899554
13.098984 -23.211435 4.0062537
15.45039 -23.266586 4.1981854
8.3826952 -9.3477173 1.8873272
9.5356445 -9.6526432 2.0395303
9.5348825 -9.1969261 1.991297
9.5596676 -8.7854376 1.9516073
10.564179 -9.2483482 2.1104815
10.781191 -8.9880619 2.109868
26.981659 -9.3285418 4.2912874
12.816738 21.985643 3.8253157
12.129316 22.010868 3.7776523
11.458457 22.035486 3.7333119
10.802773 22.059546 3.6921248
9.047246 22.457743 3.6393619
1.3562499 5.0520825 0.786282
0.98859376 5.1443682 0.7874139
0.86089844 5.1473064 0.78445405
0.48248047 5.1560216 0.77840239
0.23259765 5.161778 0.77666932
0.10792968 5.1646495 0.77648342
-0.26677734 5.1732841 0.77864408
-0.64554685 5.182014 0.78494412
-0.7733984 5.1849623 0.7879898
-1.2972851 5.1970434 0.80515349
-14.785928 24.989584 4.3645687
-14.874453 22.57703 4.0639772
-14.914335 21.490021 3.9319808
-14.953193 20.472824 3.8108089
-15.274316 19.886387 3.7691891
-15.193564 18.822729 3.6360574
-16.009569 18.882397 3.721163
-18.275106 19.557119 4.0234389
-24.779188 -7.4236412 3.8882339
-24.843838 -8.1013985 3.9279239
-23.849813 -9.0724678 3.8355947
-22.904921 -10.003496 3.756979
-15.965487 -8.8953638 2.7472005
-8.8682613 -8.2567959 1.8213562
-7.7918749 -8.3862457 1.720708
-7.3101559 -9.1093063 1.7556458
-6.9407225 -9.0899544 1.7191195
-6.6121874 -9.1072874 1.6917132
-6.7676368 -9.8110123 1.7915624
-6.4834957 -9.9022608 1.779122
-6.2034178 -9.9927015 1.7679473
-12.42708 -23.687355 4.020803
-11.360957 -22.987411 3.8543093
-10.543144 -22.695858 3.7616494
-9.8552341 -22.629066 3.7100589
-9.2333593 -22.681372 3.6810164
-8.015254 -22.779936 3.6299324
-7.406816 -22.793558 3.6025577
-6.807168 -22.80699 3.5776596
-6.2150779 -22.818943 3.5549672
-5.6301756 -22.831327 3.5346901
-5.0516405 -22.84358 3.51668
-3.346211 -22.879719 3.4757357
-2.7842577 -22.88162 3.4648085
-1.1161523 -22.914562 3.4484787
-0.56253904 -22.925495 3.447073
-0.0090820314 -22.945076 3.4489822
0.54515624 -22.956936 3.4517355
1.1005859 -22.968822 3.4565077
1.6579101 -22.980751 3.4633212
3.3462305 -23.006762 3.4946389
3.9173827 -23.018312 3.5097346
4.4938474 -23.029963 3.5270283
6.2662497 -23.078735 3.5946677
6.8725195 -23.092289 3.6215689
7.4882226 -23.106058 3.6510189
9.3960352 -23.133081 3.7531221
11.432246 -23.17758 3.8846817
12.144101 -23.19239 3.9351614
12.874765 -23.206963 3.9892111
14.400331 -23.237391 4.1092415
16.030781 -23.279055 4.2486167
16.886641 -23.297441 4.3251147
8.6831446 -9.3602762 1.9191558
9.3158789 -9.5684137 2.0073595
10.715781 -9.0664864 2.1099205
17.351973 -9.6857796 2.9870033
13.40082 22.607946 3.9504464
12.334745 22.003332 3.7916598
11.659003 22.028124 3.7463393
10.384667 22.143486 3.6763356
9.847168 22.387568 3.6763229
8.6160936 22.473564 3.6178653
8.0074215 22.495903 3.5892947
1.5267187 5.0481596 0.79274654
1.2658398 5.0541649 0.78317231
1.1396874 5.066339 0.78056759
1.0124609 5.0692682 0.77702606
0.89929688 5.1464233 0.78529537
0.77222657 5.1493492 0.78266877
0.6459375 5.152257 0.78051299
0.39505857 5.1580358 0.77759033
0.27019531 5.1609106 0.77681363
-0.10398437 5.1695318 0.77720368
-0.35445312 5.1753039 0.77973723
-0.48046875 5.1782098 0.78169554
-0.73476559 5.1840701 0.78702146
-0.86335933 5.187036 0.79040498
-14.771435 25.384661 4.4146867
-14.8183 24.107283 4.2535148
-14.902588 21.810144 3.9706056
-15.038847 19.877495 3.7466707
-14.960215 18.812086 3.6128757
-16.758282 19.102837 3.8197603
-17.908466 19.446436 3.9737587
-19.164375 19.827656 4.1449995
-25.003202 -7.9526205 3.9438734
-24.040907 -9.612278 3.8918459
-23.211191 -9.9368134 3.7952542
-8.7691889 -8.4450397 1.8299981
-7.6203904 -8.4842129 1.7141939
-7.5962691 -8.8794336 1.7564825
-7.4247265 -9.1153917 1.7671822
-6.5686913 -9.8748522 1.7827356
-6.0098634 -10.055479 1.7608709
-11.651777 -23.150269 3.895721
-10.762304 -22.733358 3.7807424
-10.04706 -22.618603 3.7202334
-9.41541 -22.655239 3.6877964
-8.8130856 -22.739649 3.6658278
-8.200449 -22.775787 3.6386795
-7.5892382 -22.789474 3.6105411
-6.9870114 -22.802961 3.5849087
-6.3929491 -22.816267 3.561697
-4.6507616 -22.852072 3.5054109
-2.9529102 -22.878288 3.4674678
-2.3942578 -22.889318 3.4593704
-1.8378906 -22.900309 3.4533174
-1.2831055 -22.911266 3.4492929
1.0340625 -9.1102734 1.3781604
3.175 -23.003298 3.4905148
3.7447069 -23.014818 3.5049574
4.3195114 -23.026438 3.5215805
6.0852537 -23.074684 3.5870473
7.301621 -23.101885 3.6418674
8.558672 -23.130001 3.7071614
9.1987886 -23.128769 3.7414656
10.531621 -23.1579 3.8240328
13.39748 -23.21739 4.0292697
14.960468 -23.256062 4.1565704
16.625488 -23.29183 4.3015084
8.3539648 -9.1379023 1.8610519
9.5446482 -9.0312881 1.9751587
10.650371 -9.1449375 2.1100872
10.867422 -8.8847418 2.1099775
25.388281 -11.332707 4.1791553
25.98867 -10.856308 4.2336121
25.477655 -9.9275951 4.1101284
26.63666 -8.9243193 4.2226176
27.459082 -8.4683933 4.3193178
12.54166 21.995737 3.8059731
11.860976 22.020718 3.7596505
9.4235153 22.443935 3.6589596
8.8015232 22.466763 3.6269851
7.5877147 22.511309 3.5708249
1.3047656 5.0532689 0.78448242
1.1761328 5.0562286 0.78030729
0.93777341 5.1455374 0.78617978
0.81044918 5.148469 0.78341091
0.68390626 5.1513824 0.78111356
0.43277344 5.1571655 0.77791256
0.18308593 5.1629186 0.77654082
0.058398437 5.1657901 0.77653474
-0.066347651 5.1686649 0.77698058
-0.31658202 5.1744318 0.77923828
-0.44240233 5.1773314 0.78105557
-0.69621092 5.1831827 0.78609496
-0.82449216 5.1861386 0.78933346
-1.2168164 5.1951866 0.80203736
-14.804541 24.482313 4.3005672
-14.929472 21.077551 3.8825173
-14.968046 20.085968 3.7653401
-14.729892 18.801601 3.5901914
-15.505625 18.836985 3.6673579
-16.430038 19.005854 3.7763612
-17.551376 19.339153 3.9256375
-20.113506 20.119457 4.2763014
-24.605507 -6.9831271 3.8446302
-25.05954 -7.7702494 3.9437368
-24.87285 -8.3755245 3.9450307
-24.324091 -8.8499517 3.8907478
-23.523829 -9.8687716 3.8345304
-8.669199 -8.6352167 1.8392645
-7.8198047 -8.1744976 1.7004293
-7.6275191 -8.3688593 1.7020559
-7.7917576 -9.425168 1.8381802
-6.4226365 -8.5807943 1.6111093
-6.6542382 -9.8473673 1.7864687
-6.0931835 -10.028431 1.7638525
-11.958593 -23.335583 3.9414444
-11.01663 -22.839359 3.8116031
-9.6039839 -22.642771 3.6970406
-7.7724414 -22.785374 3.6187527
-5.9819922 -22.823879 3.5466373
-5.3997068 -22.836208 3.5272689
-4.8233786 -22.848417 3.5101473
-4.2523632 -22.860514 3.4952137
-3.1217968 -22.87495 3.4703121
-2.5623631 -22.886 3.4615927
0.21095702 -22.949785 3.4498341
2.4409959 -22.997511 3.4762814
3.0041993 -22.999846 3.4865787
4.1456833 -23.022926 3.51634
5.3095703 -23.046452 3.5549631
5.9050388 -23.070656 3.5796468
7.1158786 -23.097731 3.6329536
7.735703 -23.111593 3.6634462
9.0028124 -23.124487 3.7300801
11.011581 -23.168388 3.8558779
11.712988 -23.183712 3.9043515
12.431933 -23.19813 3.9561727
13.170722 -23.212866 4.0117507
13.930879 -23.228027 4.0713062
14.714492 -23.243656 4.1351027
16.367069 -23.28628 4.2783704
17.235332 -23.304934 4.3569856
18.137655 -23.325663 4.4414406
8.6881056 -10.124366 2.0053668
8.4623041 -9.3926716 1.9003512
9.0094919 -9.5272236 1.971007
9.5734568 -9.6461916 2.04284
9.5372458 -9.1567259 1.9873636
26.671074 -9.8779173 4.2751651
27.465214 -8.6895657 4.3301182
12.750156 21.988091 3.8205996
11.39502 22.037811 3.7292318
10.740664 22.061825 3.6883383
10.171894 22.241987 3.6763308
9.6132221 22.436972 3.6691322
8.987812 22.459927 3.6363356
7.7682614 22.504679 3.5786464
1.474375 5.0493646 0.79067963
1.3438281 5.0523691 0.78584105
1.2147655 5.0553403 0.78151333
1.0890039 5.0675058 0.77910274
0.22064453 5.1620526 0.77663177
-0.15359375 5.1706758 0.77756101
-0.27876952 5.1735606 0.77878082
-0.40443358 5.1764574 0.78045899
-0.65773433 5.1822944 0.78521484
-0.91478515 5.1882205 0.79188627
-1.0450782 5.191226 0.79596341
-1.3101562 5.1973386 0.80566651
-14.790468 24.865873 4.3489227
-14.835986 23.625244 4.1933665
-14.878388 22.469763 4.0508485
-14.957431 20.379473 3.7998586
-15.349765 19.889238 3.7764461
-16.109844 18.911762 3.734288
-17.203447 19.235144 3.8790157
-19.696152 19.99078 4.2183785
-24.807158 -7.4945846 3.8953323
-22.808867 -10.024416 3.7450137
-8.712451 -8.5529232 1.8351892
-7.8335547 -8.0705013 1.6906079
-7.7873631 -8.4203844 1.7240118
-7.7184372 -8.4293756 1.4556253
-6.6106443 -9.7342224 1.4986019
-6.3312497 -9.8249483 1.4886023
-12.057675 -23.395437 3.3520725
-11.098965 -22.874769 3.2381372
-10.326142 -22.658731 3.1713343
-9.664443 -22.639469 3.1350689
-8.4458399 -22.769909 3.0930235
-4.3067188 -22.858669 2.9624786
-2.0586717 -22.89613 2.9277966
-1.5033593 -22.907097 2.9237044
-0.94925779 -22.918039 2.9213257
0.1578711 -22.948339 2.9227505
0.71238279 -22.960205 2.9256005
1.2683203 -22.972101 2.9301655
1.826328 -22.984045 2.9364572
5.8448825 -23.057795 3.0295062
7.0568748 -23.095905 3.0757196
10.262461 -23.152679 3.2253954
11.645331 -23.182913 3.3041272
14.638613 -23.242537 3.4983206
15.450332 -23.266491 3.5570431
16.285469 -23.284431 3.6188405
8.8434181 -9.8614702 1.6869873
8.5814056 -9.1166821 1.5945578
10.36623 -9.5266571 1.793077
10.531054 -9.2193499 1.7825717
25.567987 -10.969606 3.5433567
26.182129 -9.0521145 3.5282009
3.6686132 5.0918999 0.7992816
3.4879296 5.0960546 0.78648591
3.3127928 5.1000814 0.77453828
2.8166993 5.1114917 0.74328673
2.659785 5.1151018 0.73425961
2.5066016 5.1186252 0.72586668
2.3567576 5.1220732 0.71807766
1.7858398 5.1352091 0.69243133
1.3562305 5.0520067 0.66619444
1.2270508 5.0549817 0.66248733
1.1011914 5.0671501 0.66040498
0.98859376 5.1442919 0.66715348
0.73410153 5.1501513 0.66254056
0.60800779 5.1530547 0.66083342
0.35740232 5.1588278 0.65859097
-0.016777344 5.167448 0.65811783
-0.1416211 5.1703253 0.65872818
-0.26677734 5.1732092 0.65972412
-0.39236328 5.1761026 0.66110837
-0.90234375 5.1878586 0.67063427
-1.032539 5.1908598 0.67404753
-1.1641015 5.1938925 0.677894
-1.4322461 5.2000775 0.68693131
-1.5691406 5.2032342 0.69215071
-1.7082617 5.2064428 0.69786042
-1.9938672 5.2130327 0.71082658
-2.1408789 5.216423 0.71812713
-2.6018748 5.2270598 0.74362183
-2.7632422 5.2307844 0.75342298
-3.7782226 5.1729116 0.81583005
-17.783163 19.976101 3.4061995
-18.697989 20.009655 3.4878786
-20.537432 19.012411 3.5643704
-25.029942 -8.8359404 3.380594
-24.0037 -9.1310053 3.2708056
-8.8248634 -8.216383 1.5356534
-8.6831837 -8.4848089 1.5461913
-7.7328711 -8.3227577 1.4468908
-7.5178709 -8.4935493 1.444609
-6.9807224 -9.6148863 1.5132525
-6.4150391 -9.7976961 1.4915054
-6.13832 -9.8878393 1.4822363
-11.360967 -22.987413 3.2656953
-9.2333393 -22.681366 3.1188648
-8.0151367 -22.779554 3.0755324
-6.2148829 -22.818241 3.0119748
-5.6299996 -22.830631 2.9947948
-5.0514841 -22.842888 2.9795396
-4.4784765 -22.855028 2.9661534
-3.3460937 -22.87903 2.9448519
-2.7842772 -22.8818 2.9356997
-2.2264061 -22.892817 2.9293644
-1.6705663 -22.903793 2.9247568
-1.1161523 -22.914742 2.9218607
-0.56253904 -22.925676 2.9206731
-0.0090820314 -22.944765 2.9222271
0.54515624 -22.956625 2.9245605
1.1005664 -22.968513 2.9286084
1.6578906 -22.980438 2.9343789
2.2176952 -22.992422 2.9418864
1.0999805 -9.0996237 1.1673572
6.2661133 -23.078226 3.0456393
6.8723631 -23.09178 3.0684326
7.4880857 -23.105543 3.0933807
8.1142578 -23.119545 3.1205716
8.7519331 -23.133806 3.1501009
9.3962889 -23.133739 3.1800516
11.432597 -23.178263 3.2915292
13.626465 -23.222343 3.4291506
16.030703 -23.278957 3.5997696
16.886581 -23.297346 3.6645894
17.774395 -23.316418 3.7339864
9.0336132 -10.222221 1.7374133
8.761816 -9.445097 1.640806
9.2216406 -9.4716301 1.6836008
9.7276363 -9.5204382 1.7335168
9.7300978 -9.0735159 1.6944199
10.458593 -9.2911501 1.7816958
17.350878 -9.6851673 2.530725
25.558769 -11.186528 3.5532651
25.851562 -10.578773 3.5574324
26.457832 -10.088432 3.6062949
26.417694 -9.3492775 3.5690145
25.953222 -8.4858131 3.477576
3.7242577 5.09062 0.80331206
3.5417578 5.0948167 0.79025054
3.3650196 5.0988817 0.77805328
3.1935351 5.1028247 0.76666594
3.0269139 5.1066566 0.75604123
2.8647461 5.1103868 0.74613649
2.7066991 5.1140227 0.73691255
2.4015625 5.1210413 0.72036403
2.1091797 5.1277685 0.70615113
1.9671289 5.1310382 0.69985622
1.5266796 5.0480847 0.67167157
1.3954687 5.051105 0.66739577
1.2658203 5.0540891 0.66355938
0.89927733 5.1463475 0.66535842
0.77222657 5.1492743 0.66313368
0.6459375 5.1521826 0.66130704
0.5202539 5.155076 0.65987408
0.020800781 5.1665812 0.65800995
-0.10398437 5.1694579 0.65850353
-0.22900391 5.172338 0.65938246
-0.35445312 5.1752286 0.66064972
-0.48046875 5.1781335 0.66230804
-0.73476559 5.1839952 0.66682023
-0.99314451 5.1899519 0.67297453
-1.1242774 5.1929746 0.67668855
-1.2569727 5.1960349 0.68084377
-1.5276562 5.2022777 0.69052672
-1.6660937 5.205471 0.6960873
-1.8068359 5.2087164 0.70215011
-2.0962694 5.215394 0.71586823
-2.2454491 5.2188354 0.72356993
-2.7141795 5.229651 0.75039566
-2.8785546 5.2334447 0.76069152
-3.2217577 5.2413659 0.78355342
-3.6106639 5.2842827 0.81509578
-3.7211328 5.1733336 0.81160426
-3.9141405 5.173532 0.82621944
-4.1179295 5.1782389 0.84260285
-16.654034 19.934685 3.3082726
-19.363886 20.034079 3.5485573
-21.283047 19.046328 3.6375046
-24.5646 -7.16504 3.2588949
-24.764482 -7.8766751 3.3096766
-23.09206 -9.8858166 3.1991551
-8.5511522 -8.6424465 1.5484183
-8.2861128 -8.7891073 1.5384045
-7.6991405 -8.5719137 1.4674246
-7.5195117 -9.2318172 1.51643
-7.0675583 -9.587038 1.5169214
-6.7810545 -9.6790838 1.5051458
-6.2213473 -9.8607531 1.4849206
-11.651757 -23.150272 3.3007851
-10.762314 -22.733358 3.2033627
-10.047071 -22.618601 3.1520908
-8.8130665 -22.739645 3.1060002
-8.2003317 -22.775408 3.0829456
-7.5890818 -22.789099 3.059104
-5.8056054 -22.826912 2.9997694
-5.225234 -22.839207 2.983938
-4.0810351 -22.863451 2.957895
-2.9529297 -22.878469 2.9379518
-1.8378906 -22.900488 2.9259665
-0.17589843 -22.93331 2.9208508
0.93302733 -22.964926 2.927206
1.489707 -22.976841 2.9324558
2.0486913 -22.988804 2.9394388
1.0339649 -9.1093435 1.1675787
3.1750782 -23.003813 2.9575229
3.7448046 -23.015337 2.9697614
4.3195896 -23.02696 2.9838452
4.9002342 -23.0387 2.9998283
5.4874024 -23.050571 3.0177422
6.0851169 -23.074183 3.039185
6.6886325 -23.087673 3.0613372
8.5584955 -23.12948 3.140945
11.221445 -23.173647 3.2791944
12.652676 -23.202911 3.3659091
13.397676 -23.217777 3.4139943
14.164765 -23.233084 3.4655197
17.503222 -23.310591 3.7125716
18.415976 -23.33135 3.7855892
8.9120312 -10.233747 1.7283059
10.426406 -9.3991613 1.7878137
10.616992 -9.1162653 1.7822391
10.83334 -8.8568687 1.7821426
25.309961 -11.297751 3.5300124
25.858925 -10.802112 3.5691664
3.5961328 5.0935659 0.7940942
3.4176953 5.0976701 0.78164184
3.2446873 5.1016479 0.77001679
2.5985155 5.1165104 0.73085189
2.4466796 5.1200042 0.72270137
2.2981055 5.1234221 0.71514446
2.1525195 5.1267724 0.708152
2.009707 5.1300583 0.70170009
1.7312695 5.1364655 0.69032955
1.5666015 5.0471659 0.67304933
1.4348242 5.0501976 0.66863889
1.304746 5.0531931 0.66467053
1.1761132 5.0561547 0.66113293
1.0506836 5.0683136 0.65921342
0.93775386 5.145462 0.66610932
0.81042969 5.1483936 0.66376173
0.68390626 5.1513071 0.66181564
0.55808592 5.1542044 0.66026485
0.43275389 5.1570916 0.65910429
0.30779296 5.1599708 0.65833068
-0.066347651 5.1685901 0.65831465
-0.19126953 5.1714692 0.65907681
-0.31658202 5.1743565 0.6602264
-1.0846094 5.1920605 0.67552304
-1.3506836 5.1981964 0.68401378
-1.4863671 5.2013249 0.68894696
-1.6241406 5.2045031 0.69435883
-1.7641406 5.2077332 0.70026869
-1.9066601 5.21102 0.70669401
-2.3515821 5.2212849 0.72930419
-2.5066016 5.2248611 0.73804212
-2.6654687 5.228529 0.74743271
-2.8285351 5.2322898 0.75751156
-2.9961522 5.2361593 0.76832122
-3.6633594 5.1719995 0.80719084
-3.8542383 5.1721506 0.82149869
-16.401581 19.925428 3.2868428
-17.251923 19.956614 3.3597116
-19.07373 20.023434 3.5219936
-20.053984 20.059917 3.6125205
-22.08128 19.10001 3.7183499
-25.153496 -7.1386423 3.3300443
-24.703516 -7.6598582 3.2939975
-24.630419 -8.2938938 3.3099847
-24.302578 -8.8421259 3.2936542
-8.6263666 -8.5925379 1.5506768
-7.5074801 -8.6474781 1.4584793
-7.6100388 -9.205328 1.5211331
-7.1548634 -9.5590801 1.5206945
-6.8668942 -9.6514359 1.5085739
-6.5836911 -9.7429562 1.4975964
-11.958584 -23.335581 3.3395212
-11.01663 -22.839363 3.2295079
-7.1675196 -22.79854 3.0437145
-6.5710545 -22.811903 3.0234358
-4.8232226 -22.847725 2.9739974
-2.0053906 -22.897182 2.9273312
-1.4501953 -22.908146 2.9234033
-0.34271485 -22.930017 2.9206738
0.21095702 -22.949474 2.9229512
0.76560545 -22.961344 2.9259648
1.3217187 -22.973244 2.9306936
1.8799218 -22.985193 2.9371521
3.5725584 -23.011852 2.9658802
4.145781 -23.023445 2.9794052
6.5058007 -23.083586 3.0544393
7.735527 -23.111078 3.1039064
9.003047 -23.125141 3.1605284
10.327227 -23.154097 3.2289112
12.432148 -23.198511 3.3520627
13.170918 -23.213251 3.3991482
13.931113 -23.22842 3.4496126
14.714746 -23.244055 3.5036483
16.367012 -23.286184 3.6249819
17.235233 -23.304834 3.6915901
8.6873236 -9.186552 1.6102878
9.7201948 -9.7940245 1.7573925
9.3725977 -8.9986639 1.6547946
10.415058 -9.5272121 1.7977096
10.768125 -8.9350433 1.7820584
25.637793 -10.929421 3.5495205
26.708143 -9.8916512 3.6273215
27.378202 -8.6620302 3.6572127
3.4708788 5.0964465 0.78530484
3.296289 5.1004615 0.77343565
2.9619725 5.10815 0.75202394
2.6449804 5.1154413 0.73342848
2.0524609 5.1290741 0.70358825
1.9113867 5.1323199 0.69750047
1.606621 5.0462446 0.67446607
1.2147461 5.0552649 0.6621539
0.97630858 5.1445737 0.66689515
0.84871089 5.147512 0.66442668
0.72197264 5.1504302 0.66235989
0.59593749 5.1533337 0.66069072
0.47048828 5.1562223 0.65941298
0.34542969 5.1591034 0.65852231
0.22064453 5.1619773 0.65801787
-0.028730469 5.1677237 0.65815961
-0.27875 5.1734848 0.65983933
-0.40441406 5.1763816 0.66126126
-0.53072262 5.1792917 0.66307676
-1.0450586 5.1911478 0.67439818
-1.1767968 5.1941862 0.67828518
-1.3101367 5.1972609 0.68261808
-1.5824023 5.2035398 0.69267684
-1.7216992 5.2067523 0.698434
-1.863457 5.2100239 0.70470154
-2.3056054 5.2202234 0.72679454
-2.4594922 5.2237749 0.73534209
-2.6171679 5.2274132 0.74453139
-2.7789061 5.2311454 0.75439912
-2.9451365 5.2349811 0.76498228
-3.1161523 5.2389283 0.77632719
-3.4744139 5.2471995 0.80149293
-3.6130664 5.1804581 0.8043887
-3.7950389 5.1707826 0.81687498
-4.2011719 5.180161 0.84943146
-17.868956 19.979244 3.4137716
-18.788008 20.012957 3.4960201
-19.753096 20.048565 3.5844991
-20.63793 19.016977 3.574172
-21.72086 19.066288 3.6809187
-24.606602 -7.4339948 3.2737758
-24.686073 -8.1131907 3.309444
-24.618603 -8.7548056 3.3277626
-23.8146 -9.122179 3.2479045
-23.718847 -9.7483187 3.2659976
-15.930478 -8.9242306 2.3255599
-8.811347 -8.2419443 1.5366178
-8.6694918 -8.510747 1.5472583
-8.4454298 -8.700882 1.54431
-7.728281 -8.3565102 1.4496468
-8.5280466 -8.4553728 1.2553823
-8.0288868 -8.7684259 1.2428174
-6.991992 -8.8438711 1.1785241
-7.1065621 -9.4488811 1.235925
-6.8217578 -9.5411749 1.2260965
-6.5416598 -9.6326103 1.217196
-12.057675 -23.395443 2.7513463
-11.098994 -22.874781 2.6578426
-9.6644526 -22.639465 2.5732327
-7.8306251 -22.78331 2.5184016
-7.2249608 -22.796879 2.499892
-6.6277733 -22.810259 2.4830878
-6.0376954 -22.821297 2.4677069
-5.4548826 -22.833645 2.4540844
-4.3066015 -22.857983 2.4315012
-3.1756248 -22.874247 2.4140968
-2.6158788 -22.885302 2.4078968
-2.0586913 -22.896309 2.4031258
-1.5033593 -22.907274 2.3997667
-0.94927734 -22.918217 2.3978136
0.15789062 -22.948029 2.3989327
1.2683203 -22.971794 2.4050167
2.3870311 -22.995737 2.4167778
2.950078 -22.999773 2.4239798
3.5179882 -23.011261 2.4334345
4.0907226 -23.022844 2.4443929
5.253418 -23.046362 2.470952
5.8450389 -23.058323 2.4866443
6.4477344 -23.081787 2.5052283
7.0567188 -23.095398 2.5244637
7.675488 -23.109226 2.5454886
8.3050194 -23.123299 2.5683749
8.9412498 -23.124434 2.5917206
9.5949993 -23.138737 2.6185243
10.262774 -23.153347 2.6474445
10.945898 -23.168291 2.6785898
12.362637 -23.197496 2.747818
15.450274 -23.266397 2.9195719
16.285429 -23.284336 2.9702938
17.150625 -23.302921 3.0246072
18.049063 -23.322895 3.0828569
8.8047266 -9.35392 1.3428533
10.189921 -9.3646297 1.4467071
10.428867 -9.1298866 1.4489181
10.669063 -8.8945847 1.4520303
26.711777 -9.9633007 2.9802277
26.085625 -9.0187569 2.8852382
27.266815 -8.6962433 2.9917891
6.4129882 4.9443412 0.84649318
6.2449021 5.3144159 0.85719603
5.6477733 5.0462971 0.79172486
5.1386523 5.0580029 0.75373185
4.4579492 5.0736561 0.70601773
4.0487499 5.0830669 0.67931366
3.8553319 5.0875154 0.66727477
3.4878514 5.0959678 0.64552915
3.3127344 5.0999951 0.63572264
2.5065625 5.1185441 0.59577405
2.3567188 5.1219931 0.5893814
2.2099805 5.1253691 0.58346069
2.0660741 5.1286821 0.57799041
1.7858202 5.1351309 0.56833172
1.619375 5.0458746 0.55396438
1.4869531 5.0489225 0.55019623
1.3562109 5.0519323 0.54679793
1.2270312 5.0549073 0.54375488
0.73408204 5.1500769 0.54379869
0.60798824 5.1529813 0.54239869
0.35740232 5.1587529 0.54055756
-0.016777344 5.1673741 0.54016888
-0.26675782 5.1731339 0.5414862
-0.6455273 5.1818619 0.54586685
-0.77337891 5.1848102 0.54798478
-0.9023242 5.1877832 0.55044144
-1.0325 5.190783 0.5532425
-1.1641015 5.1938162 0.55640012
-1.2972461 5.196887 0.55992168
-1.7082422 5.2063632 0.57278824
-1.849707 5.2096262 0.57789183
-1.9938476 5.2129521 0.58343029
-2.7631836 5.2306976 0.61839139
-2.9289453 5.2345219 0.62702131
-3.0994725 5.2384558 0.63627166
-3.2752342 5.2425127 0.64617962
-3.6124804 5.2052417 0.66232312
-3.7782226 5.1729088 0.66962403
-4.1808786 5.1795959 0.69582516
-4.4718943 5.2743869 0.72285366
-4.7000389 5.279654 0.73891205
-4.9386911 5.2851624 0.75615007
-5.4517775 5.2970085 0.79460233
-21.73501 20.121046 3.0961962
-24.316319 -7.2849708 2.6535318
-24.722832 -8.7275219 2.740711
-23.543526 -8.9559593 2.6331813
-23.697588 -9.6755352 2.6757574
-8.1066017 -8.724988 1.2449887
-7.6257615 -8.6154575 1.2027383
-7.574492 -8.9854956 1.2285107
-7.1332421 -8.8888426 1.191401
-7.1933398 -9.4208212 1.2390667
-6.3483787 -9.6959 1.2114919
-12.42706 -23.687355 2.7962332
-11.360976 -22.987421 2.6804492
-9.2333689 -22.681362 2.5599344
-7.4065819 -22.79281 2.5052865
-6.2146873 -22.817545 2.4721239
-5.6298437 -22.829939 2.4580202
-4.4783397 -22.854343 2.4345138
-3.9101367 -22.866386 2.4250374
-2.2263868 -22.892996 2.404413
-1.1161523 -22.914921 2.3982539
-0.0090820314 -22.944458 2.3985016
0.54515624 -22.956318 2.400418
1.1006055 -22.968203 2.4037409
1.657871 -22.980131 2.4084778
3.3463476 -23.007788 2.4304264
3.9175584 -23.019344 2.4409246
5.6659374 -23.054699 2.4817379
6.8722067 -23.091274 2.5184827
7.4879098 -23.105034 2.5389583
8.1140814 -23.11903 2.5612783
9.3965626 -23.134394 2.6102283
10.73832 -23.16375 2.6689622
11.432929 -23.178942 2.7017322
12.144511 -23.193142 2.7367635
12.875195 -23.207729 2.7743542
13.626698 -23.222729 2.8146539
15.204102 -23.26111 2.9049535
16.886503 -23.297249 3.0078402
17.774317 -23.316319 3.0648184
8.5464649 -9.2129278 1.3136511
9.8313084 -9.1679068 1.40523
10.356699 -9.2006598 1.4481546
26.369316 -10.79064 2.9783809
26.482538 -10.097859 2.9627709
26.166094 -8.5554152 2.8777678
6.5075583 4.9421659 0.85420316
6.2371874 4.9787016 0.83424801
5.4641795 5.050518 0.77781856
4.7423825 5.0671153 0.72548658
4.5224414 5.0721726 0.71037018
4.3113866 5.0770264 0.69626933
3.9129295 5.0861893 0.67081726
3.7241991 5.0905304 0.65933853
3.5416992 5.0947294 0.64861894
3.3649609 5.0987945 0.63860703
3.1934764 5.1027393 0.62926143
3.0268555 5.1065726 0.62054074
2.8646874 5.1103039 0.6124109
2.70666 5.1139402 0.60483974
2.5523632 5.1174903 0.59779692
2.4015234 5.1209612 0.59125763
2.1091602 5.1276889 0.57959259
1.9671093 5.1309595 0.57442564
1.8274609 5.1341739 0.56968111
1.5266601 5.0480089 0.55129272
1.1396484 5.0661902 0.54282331
0.89927733 5.1462727 0.54611158
0.6459375 5.1521072 0.54278594
0.5202539 5.1550012 0.54161024
0.27019531 5.1607618 0.54021329
0.14548828 5.1636353 0.53998888
0.020820312 5.1665072 0.54007936
-0.22900391 5.1722641 0.54120678
-0.7347461 5.1839194 0.54731154
-0.99312496 5.1898761 0.55236202
-1.2569531 5.1959567 0.55882096
-1.3913476 5.1990561 0.5626027
-1.8068163 5.2086368 0.57630891
-2.0962305 5.215312 0.58756816
-2.2454102 5.2187524 0.59388977
-2.7141211 5.2295647 0.61590743
-3.4013476 5.2454224 0.65351576
-3.5870507 5.2497067 0.66464555
-4.1178513 5.1781416 0.69158691
-4.4050584 5.2728448 0.7182318
-4.6302147 5.2780414 0.73395264
-4.8655663 5.2834754 0.75082427
-5.1121874 5.2891679 0.76894957
-5.6437302 5.3014402 0.80942959
-25.104736 -7.3225913 2.7336817
-8.6296482 -8.3106689 1.2524087
-8.4608393 -8.5511761 1.2575046
-8.1845894 -8.681428 1.247236
-7.64082 -8.5069675 1.1953204
-7.5901756 -8.8722973 1.2205486
-7.2777147 -8.9349384 1.2046432
-6.7099805 -9.5776081 1.2224557
-6.4315233 -9.6686535 1.2139026
-12.892323 -24.145582 2.8613272
-10.762314 -22.733358 2.6292856
-10.04706 -22.618595 2.5872021
-8.8130665 -22.739641 2.5493715
-7.588984 -22.788725 2.5108416
-6.9867969 -22.802214 2.4930153
-6.3927536 -22.815525 2.476871
-5.2250977 -22.838514 2.4491103
-4.0809178 -22.862766 2.4277337
-2.952949 -22.878647 2.411459
-2.3942969 -22.889679 2.4058287
-1.2831445 -22.911623 2.3988235
0.3780078 -22.952742 2.3996952
2.0486524 -22.988493 2.4126275
3.1751561 -23.004326 2.4275577
3.7448633 -23.015852 2.4376049
4.3196874 -23.027477 2.4491696
4.9003515 -23.039221 2.4622836
6.0849805 -23.073679 2.4944732
7.9241991 -23.114786 2.5543523
9.199316 -23.130077 2.6021228
11.928105 -23.188822 2.7259414
12.65289 -23.203291 2.7627487
14.165 -23.233473 2.8445101
14.960332 -23.255873 2.8906293
16.625351 -23.291637 2.9914262
17.503143 -23.310495 3.0472252
9.1223631 -9.9783964 1.4132953
9.163125 -9.5495405 1.3834872
10.524121 -9.03652 1.4500467
26.027285 -10.872435 2.9486058
26.896952 -9.7396212 2.9903331
6.603828 4.9399529 0.86210233
6.2412696 5.1566429 0.84630734
5.5425978 5.0487156 0.783732
5.2868943 5.0545945 0.7646057
4.5877733 5.0706701 0.7148158
4.3741212 5.0755835 0.70041686
3.9710937 5.0848527 0.67443341
3.7804101 5.0892382 0.66271651
3.2446289 5.1015635 0.63200986
3.076582 5.1054296 0.62310559
2.7538671 5.112854 0.60706604
2.2980859 5.1233416 0.58697385
2.0096679 5.1299796 0.5759393
1.8693163 5.1332097 0.57106841
1.7312304 5.1363878 0.56660658
1.3047265 5.0531187 0.54554653
0.81042969 5.1483183 0.54480147
0.68388671 5.1512327 0.54320401
0.30779296 5.1598954 0.54034269
0.18308593 5.1627698 0.54002362
-0.066347651 5.1685162 0.5403294
-0.31658202 5.1742826 0.54189986
-0.69619137 5.1830301 0.54666841
-0.82445312 5.185986 0.54892009
-1.2167773 5.1950316 0.55775404
-1.4863477 5.2012467 0.56547207
-1.7641211 5.2076526 0.57476425
-1.9066211 5.2109385 0.58003801
-2.3515429 5.2212019 0.59859556
-2.6654296 5.2284427 0.61347562
-3.1686523 5.2400522 0.64012647
-3.3466015 5.2441583 0.65030789
-4.0556054 5.1767044 0.68743742
-4.3390427 5.2713213 0.71370375
-4.7935157 5.2818122 0.74561107
-5.2917185 5.2933121 0.7824133
-5.5600586 5.2995081 0.80293822
-24.663321 -7.6473904 2.6992774
-24.63537 -8.2955589 2.7173433
-24.159746 -8.7901478 2.6875069
-23.281992 -9.767312 2.6392801
-8.5118361 -8.4784632 1.2558835
-6.947793 -8.8298712 1.1745136
-7.079082 -9.4577761 1.2349445
-6.5150194 -9.6413202 1.2163894
-9.6039839 -22.642765 2.571075
-8.9944239 -22.715654 2.5539508
-7.7721872 -22.784618 2.5165534
-5.9816208 -22.822485 2.4663324
-4.8231053 -22.847033 2.4409554
-4.2521091 -22.859138 2.430572
-3.6856248 -22.871147 2.42168
-3.121875 -22.875309 2.4134378
-2.5623827 -22.88636 2.4073806
-2.0054102 -22.89736 2.4027419
-1.4502149 -22.908325 2.3995168
0.21095702 -22.949165 2.399092
0.7655859 -22.961035 2.4015694
2.440918 -22.996889 2.4174883
3.0043163 -23.000868 2.4248233
3.5726562 -23.012367 2.4344172
5.309824 -23.047499 2.4723859
10.327538 -23.154762 2.6503305
11.012207 -23.169741 2.6816971
11.713691 -23.185085 2.7154074
13.171152 -23.213634 2.7900314
13.931367 -23.228811 2.8314524
14.714999 -23.24445 2.8758037
15.529101 -23.268091 2.9242864
16.366953 -23.286089 2.9753375
9.0013275 -9.990963 1.4057647
9.4058981 -9.4773388 1.3958083
9.8228121 -9.4309225 1.4234838
10.212753 -9.3421497 1.4468799
10.692148 -8.8720064 1.4523767
25.806562 -11.001377 2.9325891
26.01545 -8.9271755 2.8751814
27.27371 -8.6289759 2.9903481
6.3833203 4.9450216 0.84407985
6.2394919 5.0792637 0.84103364
6.2454882 5.3398609 0.85896879
5.1154685 5.0585351 0.75204557
4.8795505 5.063961 0.7351228
4.6539259 5.0691495 0.71935588
3.2962303 5.1003757 0.63481766
2.8014257 5.1117587 0.60933864
2.6449218 5.1153598 0.60198057
2.1960742 5.1256886 0.58291715
2.0524218 5.1289954 0.57748961
1.7726367 5.1354361 0.56791002
1.4743359 5.0492129 0.5498547
1.343789 5.0522199 0.54649061
1.2147266 5.0551901 0.54348189
0.97628903 5.1444993 0.54737306
0.59591794 5.1532598 0.54228103
0.47046873 5.1561494 0.54123139
0.34542969 5.1590281 0.54050094
0.095976561 5.1647758 0.53998762
-0.028730469 5.1676488 0.54020292
-0.27875 5.1734099 0.54158169
-0.40441406 5.1763067 0.54274839
-0.53070313 5.1792154 0.54423904
-0.78568357 5.1850924 0.54820573
-0.91474605 5.1880689 0.5506947
-1.0450391 5.1910725 0.5535298
-1.4452343 5.2002988 0.56421125
-1.5823828 5.2034607 0.56853348
-1.7216797 5.2066727 0.57325834
-2.3055663 5.2201405 0.5965361
-2.4594531 5.2236915 0.60355115
-2.778867 5.23106 0.61919236
-2.9450781 5.2348948 0.62787962
-3.1160936 5.2388382 0.63719118
-3.2923827 5.2429075 0.64716566
-3.6130664 5.1804504 0.66022933
-3.994082 5.1752844 0.68337047
-4.9621286 5.2857041 0.75786757
-5.2134962 5.2915058 0.77651912
-5.4776754 5.297606 0.79658997
-21.840342 20.124908 3.1045568
-24.398798 -7.3712134 2.6643844
-23.355761 -8.9464169 2.61449
-23.59622 -9.697916 2.6668406
-15.929443 -8.9236536 1.9086742
-8.5627346 -8.4059496 1.2543371
-8.3934765 -8.6473494 1.2597561
-8.4163275 -8.3446112 0.96969938
-8.0536518 -8.7954597 0.97573727
-7.8573437 -9.0082912 0.97801942
-7.0323048 -9.3501787 0.95723695
-6.7510934 -9.4423323 0.94970822
-12.057656 -23.395439 2.1534438
-10.326133 -22.65873 2.037333
-9.0519428 -22.707397 2.0000565
-8.4455662 -22.769156 1.9869586
-6.6276755 -22.809889 1.9434506
-5.4547071 -22.832956 1.9207238
-4.3064842 -22.857296 1.9030463
-3.7396092 -22.869318 1.8959802
-2.6158984 -22.885483 1.8846436
-0.94925779 -22.918396 1.8767489
-0.3957617 -22.929325 1.8763158
0.1578711 -22.947721 1.8775876
0.71238279 -22.959589 1.8794186
2.9501562 -23.000282 1.8972604
3.5180664 -23.011772 1.9046606
4.0908203 -23.023359 1.9132358
5.2535543 -23.046879 1.9340249
7.056582 -23.094894 1.9758197
9.595273 -23.139391 2.049545
10.263066 -23.154011 2.07218
10.946191 -23.168959 2.0965593
11.646035 -23.184275 2.1227612
12.362851 -23.197872 2.1507149
14.639101 -23.243324 2.2474749
16.285351 -23.284243 2.324801
17.150526 -23.302824 2.3673055
18.048769 -23.322477 2.4128678
9.1722651 -9.7444038 1.0949099
9.5810156 -9.6985884 1.1154284
9.9015236 -9.5505495 1.1255661
10.328691 -9.0421886 1.1231558
26.130428 -10.471607 2.3032274
26.415058 -9.1326475 2.2867582
8.3862104 4.9826612 0.798114
7.5615821 5.0016241 0.74176848
6.4128513 4.9442272 0.66252458
5.9222851 5.0398746 0.63625699
5.3868165 5.0521913 0.60424924
5.1385546 5.0579028 0.58992416
4.6750193 5.0685649 0.5641647
4.457871 5.0735602 0.55257964
4.2493358 5.0783582 0.54177105
4.0486717 5.0829749 0.53167999
3.8552732 5.0874248 0.52225846
3.4878125 5.09588 0.50523847
3.1427147 5.1038227 0.490399
2.9774804 5.1076245 0.48371643
2.5065234 5.1184635 0.46629789
2.2099414 5.1252904 0.45666015
2.0660546 5.128603 0.45237899
1.924746 5.131856 0.44843626
1.6193554 5.0457988 0.4335739
1.4869336 5.0488486 0.43062666
1.3561914 5.0518579 0.42796463
1.2270117 5.0548325 0.42558348
0.98855466 5.1441417 0.42858139
0.86085933 5.1470823 0.42697051
0.73408204 5.1500015 0.42561829
0.60798824 5.1529064 0.42452148
0.35740232 5.158679 0.42308119
0.23259765 5.1615539 0.42273298
-0.016777344 5.1673002 0.42277679
-0.26675782 5.173059 0.42380798
-0.6455273 5.1817884 0.42723691
-0.77335936 5.1847343 0.42889464
-1.1640821 5.1937408 0.43548033
-1.2972265 5.1968098 0.43823668
-1.432207 5.1999211 0.441286
-1.7082031 5.206284 0.44830704
-1.8496875 5.209547 0.45230192
-1.9938085 5.2128696 0.45663604
-2.1408203 5.2162595 0.46132645
-2.6017969 5.2268906 0.47770384
-3.0994141 5.238368 0.49799269
-3.2751758 5.2424226 0.5057475
-3.7782226 5.1729021 0.52410674
-3.9745703 5.1747417 0.53385788
-5.1887693 5.2908301 0.60631484
-5.4516797 5.2968974 0.62191254
-5.728652 5.303288 0.63871503
-7.0105662 5.3328733 0.7206828
-7.7872458 5.3508 0.77304929
-25.048975 -7.5044732 2.139467
-24.855917 -8.1053467 2.1390674
-15.961562 -8.8931789 1.4949709
-8.2992964 -8.51087 0.97261781
-7.5162301 -8.9163971 0.95414549
-6.5573435 -9.5061741 0.94487333
-9.8552246 -22.629055 2.0194364
-8.6303511 -22.758135 1.9913989
-7.4064646 -22.792439 1.9608217
-5.6296678 -22.82925 1.9238043
-4.4782028 -22.853657 1.9054067
-3.9100194 -22.865705 1.8979852
-2.7843163 -22.882158 1.8859893
-2.2264256 -22.893173 1.8819158
-1.6705859 -22.90415 1.8789572
-1.1161718 -22.9151 1.8770981
-0.0090820314 -22.944153 1.8772521
1.1005859 -22.967896 1.88135
1.0997851 -9.0980825 0.7498076
3.3464453 -23.008301 1.9023062
6.2658396 -23.077223 1.9564974
6.8720703 -23.090769 1.9711392
7.4877343 -23.104527 1.9871646
8.751523 -23.132765 2.0235991
10.738652 -23.164419 2.0890241
11.433262 -23.179619 2.1146777
12.144707 -23.193518 2.1420648
14.401054 -23.238571 2.2368321
16.030565 -23.278772 2.3125517
16.886425 -23.297153 2.3541906
9.2072659 -9.4568548 1.0798938
9.6318941 -9.426713 1.1026846
9.9243355 -9.2546568 1.1102633
10.257285 -9.1123266 1.1225692
17.348749 -9.6839857 1.6255746
8.0842581 4.989604 0.77727753
6.834609 4.9350781 0.68973845
6.2371874 4.9787121 0.65295625
6.0079684 5.0379038 0.64150923
5.7289257 5.044323 0.62453198
4.7423048 5.0670176 0.56781769
4.5223632 5.0720763 0.55598646
4.3113279 5.076931 0.54495072
4.1083789 5.0816016 0.53464979
3.3649023 5.0987096 0.49982131
3.0268164 5.1064887 0.48568085
2.8646483 5.1102209 0.47931808
2.7066209 5.1138577 0.47339249
2.2538476 5.124279 0.45801893
2.1091211 5.1276112 0.45363265
1.9670702 5.1308818 0.4495903
1.8274413 5.1340961 0.44587493
1.5266405 5.0479331 0.43148407
0.77218747 5.1491251 0.42599854
0.6459375 5.1520324 0.42482573
0.52023435 5.1549287 0.42390516
0.27019531 5.1606879 0.42281249
0.14548828 5.1635613 0.42263639
0.020820312 5.1664338 0.42270705
-0.10396484 5.1693082 0.42302489
-0.35445312 5.1750798 0.42440292
-0.60716796 5.1809044 0.42678878
-0.86332029 5.1868076 0.43020964
-1.3913281 5.1989779 0.44033554
-1.5276171 5.2021203 0.44359618
-1.6660546 5.2053132 0.44716719
-1.9500976 5.2118616 0.45529279
-2.096211 5.2152314 0.45987394
-2.2453711 5.2186699 0.46482238
-2.5539844 5.2257876 0.47589201
-2.8784571 5.2332721 0.48866865
-3.0474999 5.2371702 0.49575835
-3.5869725 5.2496147 0.52020031
-3.7209959 5.1731477 0.52137405
-4.1177735 5.1780438 0.54128599
-4.4049802 5.2727447 0.56214064
-5.1120896 5.2890606 0.60183531
-5.9312692 5.3079638 0.65123338
-6.558672 5.3224444 0.691082
-6.9024801 5.33038 0.71354157
-7.2696285 5.3388538 0.73795468
-23.842167 -9.5328217 2.1008728
-8.349844 -8.4389992 0.97132081
-8.1560354 -8.6511374 0.97278929
-7.5321875 -8.8045006 0.94801021
-6.6406641 -9.4787006 0.94691956
-11.651768 -23.15029 2.1204984
-8.200058 -22.774654 1.9804846
-7.5888281 -22.788351 1.9651697
-6.98666 -22.801844 1.9512182
-6.3926172 -22.815155 1.9385834
-2.9529686 -22.878824 1.887434
-2.3943164 -22.889858 1.8830279
-0.72935545 -22.922737 1.876448
-0.17591797 -22.933666 1.8764492
0.37798828 -22.952433 1.8781838
0.93300778 -22.964312 1.8804525
4.9004493 -23.039736 1.9272414
5.4876561 -23.051615 1.938742
7.3011131 -23.100355 1.9821887
7.9240232 -23.114275 1.9992148
9.1995897 -23.13073 2.0367038
13.398125 -23.218546 2.193294
14.165234 -23.233864 2.2263968
14.960273 -23.255783 2.2624502
15.778476 -23.273354 2.3005464
17.503086 -23.310398 2.3850076
8.9329491 -9.3096714 1.0556363
9.9500389 -9.414875 1.1207678
25.690605 -10.731794 2.2779834
25.576347 -9.9660511 2.2458596
26.11002 -9.4546642 2.2720168
26.308983 -8.8145332 2.2701528
7.4113865 5.0050793 0.73170668
7.0505857 5.0133762 0.70783019
6.6036716 4.9398389 0.67473996
6.0951366 5.0358996 0.64688307
5.8114452 5.0424242 0.62951416
5.5425 5.0486107 0.61340499
4.3740234 5.07549 0.54819793
4.1687303 5.0802131 0.53767973
3.971035 5.0847616 0.5278607
3.7803319 5.0891495 0.51869106
3.596035 5.0933905 0.51012605
3.2445898 5.1014781 0.49465773
3.0765429 5.1053433 0.48768827
2.9130859 5.1091051 0.4811888
2.753828 5.1127715 0.47513443
2.598418 5.1163483 0.46949965
2.1524804 5.1266131 0.45491743
2.0096483 5.1299005 0.450773
1.8692968 5.133132 0.44696105
1.566543 5.0470157 0.43236861
1.4347851 5.0500474 0.42953458
1.0506445 5.0681643 0.42348006
0.93773437 5.1453114 0.42791015
0.81041014 5.1482439 0.42640242
0.68390626 5.1511579 0.42515227
0.43273437 5.1569433 0.42341003
0.1830664 5.1626964 0.42266309
-0.066347651 5.1684418 0.42290327
-0.31658202 5.1742086 0.42413208
-0.44238281 5.1771054 0.42512068
-0.5688867 5.1800218 0.42636383
-0.82445312 5.1859112 0.42962614
-0.95384765 5.1888952 0.43165496
-1.0845898 5.1919074 0.43395782
-1.3506445 5.1980405 0.43941224
-1.624082 5.2043443 0.44605774
-1.7641015 5.2075739 0.44985396
-2.0518358 5.2142072 0.4584561
-2.3515038 5.221118 0.46850616
-2.6653709 5.2283568 0.48015106
-2.9960351 5.2359838 0.49356931
-3.1685936 5.2399631 0.50101012
-4.0555272 5.1766086 0.53803772
-4.3389649 5.2712212 0.55859697
-4.5612302 5.2763495 0.57064342
-4.7934179 5.2817063 0.58356899
-5.8428712 5.3059244 0.64575011
-7.5414648 5.3451281 0.7562921
-7.9552145 5.3546772 0.78459167
-8.8473043 5.6497135 0.85887569
-8.8540335 5.3576694 0.84672147
-9.2421093 5.2920408 0.87136412
-24.455341 -7.5829053 2.0948753
-8.037324 -8.8185024 0.9762283
-7.8316989 -9.0209522 0.97742337
-7.2907419 -9.2657604 0.96465725
-6.7243748 -9.4511242 0.94902587
-6.4480662 -9.542243 0.94226807
-11.958593 -23.335606 2.1453826
-8.9944143 -22.715651 1.9989444
-6.5708399 -22.811161 1.9422616
-5.9814453 -22.821791 1.9303069
-3.121875 -22.87549 1.8889825
-2.5624218 -22.886538 1.8842355
-2.0054102 -22.897539 1.8806084
-1.4502149 -22.908503 1.8780868
-0.34271485 -22.930372 1.8763324
0.21091796 -22.94886 1.8777145
0.76556641 -22.960728 1.8796512
1.8798437 -22.984571 1.8868399
3.0044141 -23.001379 1.8979181
5.3099217 -23.048019 1.935147
5.9046483 -23.069157 1.9483255
7.1154099 -23.096209 1.9773355
8.3657227 -23.124146 2.0119836
9.6586714 -23.140778 2.0516431
11.012519 -23.170412 2.098989
11.714043 -23.185764 2.1253948
13.171367 -23.21402 2.1837561
18.136679 -23.324404 2.4174032
9.2107611 -9.7400579 1.0968109
9.6209764 -9.6940718 1.1174645
9.9002733 -9.5052662 1.1229256
10.079609 -9.2203646 1.117691
26.201269 -10.429694 2.3073359
26.840742 -9.2103672 2.3217578
7.9195113 4.9933929 0.76600432
7.1568165 5.0109324 0.71481717
6.3831639 4.9449096 0.66063553
6.1837106 5.0338616 0.6523819
5.8953319 5.0404954 0.63461226
5.6220899 5.0467796 0.61813354
5.3625193 5.0527501 0.60283077
4.4375196 5.074029 0.5515129
4.0298634 5.0834079 0.53074968
3.8371093 5.0878439 0.52138883
3.6509178 5.0921278 0.51264465
3.2961719 5.1002903 0.49685547
2.6448827 5.1152787 0.47115552
2.4920115 5.1187973 0.46580154
2.3424804 5.1222386 0.46083435
2.0524023 5.1289158 0.45198685
1.9113085 5.1321654 0.44807571
1.3437696 5.0521455 0.4277243
1.0889648 5.0672827 0.4240576
0.97626948 5.1444249 0.42841536
0.8486914 5.1473627 0.42682981
0.7219336 5.1502824 0.42550185
0.59591794 5.1531849 0.42442977
0.47046873 5.156074 0.42360869
0.34542969 5.1589541 0.42303741
0.220625 5.1618304 0.42271224
-0.028730469 5.1675749 0.42280394
-0.40441406 5.1762328 0.42479643
-0.53070313 5.1791415 0.42596298
-0.78568357 5.185019 0.42906693
-1.0450391 5.1909962 0.43323469
-1.3100976 5.1971068 0.4385156
-1.5823632 5.2033825 0.4449771
-1.7216601 5.2065949 0.44867522
-1.8633984 5.2098627 0.45270172
-2.0077734 5.2131915 0.45707044
-2.1550586 5.216588 0.46179488
-2.3055272 5.220058 0.46689346
-2.459414 5.2236071 0.47238418
-2.6170702 5.2272425 0.47828749
-2.9450195 5.234807 0.49142531
-3.1160545 5.2387519 0.4987126
-3.2923241 5.2428179 0.50651914
-3.6130664 5.1804457 0.51675355
-3.7949219 5.1705952 0.52475858
-4.7223239 5.280067 0.57957655
-4.9620314 5.2855978 0.59316194
-5.2133985 5.291398 0.60775894
-5.7559762 5.3039188 0.6403926
-6.0500584 5.3107061 0.658656
-6.3616209 5.3178959 0.67839813
-7.4225388 5.342382 0.74824524
-7.8273239 5.351727 0.77579677
-8.8520212 5.4448042 0.85029387
-9.0817575 5.2883391 0.85984981
-24.910936 -7.5259423 2.1291578
-24.850058 -8.1670923 2.1401801
-23.923534 -9.1639042 2.0960684
-23.473593 -9.6475134 2.076448
-8.1418552 -8.4718504 0.69542354
-7.9744725 -8.7089911 0.69888073
-7.5182614 -9.0516014 0.69641429
-7.2423825 -9.1605806 0.69114423
-6.6821289 -9.345891 0.67997557
-12.057685 -23.39546 1.5577408
-11.098974 -22.874784 1.5047973
-9.664443 -22.63946 1.4568969
-9.0519428 -22.70739 1.4467846
-8.4454298 -22.768778 1.4372836
-7.2247262 -22.796137 1.4153268
-6.6275582 -22.809521 1.4058118
-6.0373435 -22.819914 1.3970648
-5.4545312 -22.832272 1.3893539
-3.7394922 -22.868639 1.3714566
-2.0587108 -22.896664 1.3606061
-0.94927734 -22.918571 1.3575974
-0.39574218 -22.929501 1.3572824
0.1578711 -22.947418 1.3581741
1.8262695 -22.98312 1.3645434
4.6691403 -23.03557 1.3910828
5.2536521 -23.047398 1.3990496
5.8453126 -23.059366 1.4079351
6.4474411 -23.080786 1.4183316
7.6751366 -23.10821 1.4411224
8.3046284 -23.122272 1.4540811
8.9417572 -23.125727 1.4674448
10.263359 -23.154671 1.4989959
12.363027 -23.198246 1.5557922
13.858007 -23.228113 1.6008307
14.639336 -23.243715 1.625805
15.450136 -23.266211 1.65297
17.150469 -23.302727 1.7124383
9.4818745 -10.073339 0.81876099
9.7632618 -9.4172039 0.80283415
26.835976 -10.00963 1.6951697
11.151835 4.9188957 0.72137219
9.8945503 4.9478202 0.65474164
8.8476562 4.9719062 0.60066205
8.3859768 4.9825268 0.57731688
7.9585934 4.9923601 0.55603105
7.5613866 5.0014982 0.53656036
6.7339063 4.9372745 0.49419615
6.4126949 4.9441156 0.47923994
6.21207 5.0330968 0.47318831
5.9221678 5.0397668 0.46023941
5.6475391 5.0460858 0.44823471
4.4577928 5.0734668 0.39971313
4.0486131 5.0828834 0.38459563
3.4877343 5.0957947 0.36546874
3.3126171 5.099824 0.35991669
3.1426756 5.1037364 0.35473448
2.8165624 5.1112452 0.34539565
2.659668 5.1148572 0.34120086
2.2099218 5.1252112 0.3303296
2.0660155 5.1285238 0.32723311
1.7857617 5.1349769 0.32176498
1.6193359 5.045723 0.3136299
1.486914 5.0487733 0.31149811
1.2269921 5.0547595 0.3078514
0.98853511 5.1440673 0.31001875
0.86083984 5.1470084 0.3088536
0.73406249 5.1499286 0.30787551
0.60796875 5.1528339 0.30708206
0.3573828 5.1586061 0.30604079
0.23257811 5.1614804 0.30578825
-0.016777344 5.1672263 0.30582106
-0.26675782 5.1729851 0.30656663
-0.90230465 5.1876316 0.31163651
-1.0324805 5.1906309 0.31322327
-1.1640625 5.1936636 0.3150093
-1.297207 5.1967325 0.31700316
-1.4321874 5.1998434 0.31920943
-1.569082 5.2029991 0.32163468
-1.9937891 5.2127905 0.33031312
-2.1407812 5.2161784 0.33370513
-2.6017578 5.2268057 0.34555191
-2.9288476 5.2343488 0.35499129
-3.2751172 5.2423334 0.36583784
-3.4565625 5.2465167 0.37184539
-3.6124804 5.2052298 0.37499052
-3.7782226 5.1728926 0.37912369
-3.9744921 5.1746459 0.38617003
-4.1807227 5.1794028 0.39394316
-4.4717383 5.2741861 0.40924498
-4.6998434 5.2794461 0.41833618
-4.9384766 5.2849498 0.42809522
-5.4515624 5.2967863 0.44986403
-5.7285156 5.3031745 0.46201903
-6.3308005 5.3170671 0.48930603
-6.6598434 5.3246574 0.50465482
-7.0104098 5.3327446 0.5213092
-7.7870507 5.3506613 0.55918652
-8.2198048 5.3606448 0.58080059
-11.752578 5.4336252 0.76631862
-12.582715 5.4527802 0.81162655
-25.934931 -7.7698922 1.6023642
-24.346113 -8.5945415 1.5280554
-15.960146 -8.8923836 1.0813226
-7.8565817 -8.8762341 0.70157009
-7.5861325 -9.4531994 0.71736526
-12.42708 -23.687389 1.5831579
-11.360976 -22.987431 1.5176001
-10.543135 -22.695858 1.4811159
-9.8552246 -22.629053 1.460801
-9.2333593 -22.681353 1.4493645
-8.0147266 -22.778433 1.4291556
-6.2143164 -22.816162 1.3995641
-5.0510154 -22.840824 1.3844931
-3.3458202 -22.876991 1.3683746
-2.7843359 -22.882334 1.3642809
-2.2264256 -22.893349 1.3613342
-1.1161718 -22.915277 1.3578497
0.54515624 -22.955706 1.3590152
1.6578125 -22.979513 1.3635784
1.099707 -9.0973148 0.54234326
3.3465233 -23.008808 1.3761032
5.0768161 -23.043819 1.3965521
5.6661911 -23.055742 1.4051477
8.1137304 -23.118008 1.4500637
8.7513475 -23.13225 1.4637762
12.144902 -23.193892 1.5495316
12.875625 -23.208488 1.5708139
13.627129 -23.223501 1.5936362
14.401328 -23.238964 1.6180807
16.886387 -23.297058 1.7029443
18.697031 -23.336269 1.7697803
9.4928122 -10.233106 0.82611263
8.9772854 -9.2206326 0.76165158
9.6930275 -9.4865618 0.80271298
9.9261913 -9.2563734 0.8032791
10.160097 -9.0259924 0.80433959
17.347851 -9.6834803 1.1759616
26.305117 -10.030208 1.6662027
26.460995 -9.3645973 1.6612704
11.363945 4.9140158 0.73276168
10.684531 4.9296465 0.69642395
10.068984 4.9438066 0.66388762
9.5080471 4.9567132 0.63460904
8.0840425 4.9894733 0.56224591
7.6781445 4.9988117 0.54224974
6.507246 4.9419403 0.48360518
6.2371874 4.9787159 0.47233078
5.7287889 5.0442176 0.45175856
4.522285 5.071981 0.40217698
4.3112302 5.0768394 0.39419463
3.9127929 5.0860095 0.37978607
3.7240624 5.090354 0.37328672
3.5415819 5.0945549 0.36721802
3.1933594 5.1025701 0.35625884
3.0267577 5.1064057 0.35132232
2.7065625 5.1137767 0.34243286
2.5522852 5.1173282 0.33844557
2.2538085 5.1242003 0.33131257
2.109082 5.127532 0.32813978
1.9670312 5.1308045 0.32521513
1.8274024 5.1340184 0.32252884
1.6899999 5.1371837 0.32007125
1.5266211 5.0478592 0.31211746
1.1396289 5.0660419 0.30732331
0.52023435 5.1548548 0.30663618
0.020820312 5.1663599 0.30576995
-0.10396484 5.1692343 0.30599946
-0.22898437 5.1721148 0.30640838
-0.35445312 5.1750059 0.30699691
-0.86330074 5.1867323 0.31119612
-1.1242383 5.1927457 0.3144502
-1.256914 5.1958041 0.31638062
-1.3913085 5.1989012 0.31852141
-1.6660156 5.2052341 0.32346389
-1.8067578 5.2084775 0.32628065
-1.9500586 5.2117815 0.32934052
-2.245332 5.2185888 0.33623368
-2.5539453 5.2257037 0.34424132
-2.7140429 5.2293944 0.34869933
-2.878418 5.2331858 0.35348311
-3.4012303 5.2452402 0.36999097
-3.5869141 5.2495227 0.37629148
-3.7209375 5.1730552 0.37714049
-3.9139256 5.1732483 0.38393128
-4.6300387 5.2778354 0.41552886
-4.8653903 5.2832651 0.42508009
-5.1119919 5.2889524 0.43534163
-5.3709178 5.2949247 0.44637525
-5.643496 5.3012128 0.45825821
-6.235527 5.3148699 0.48491591
-6.5585155 5.32232 0.499897
-6.9023046 5.3302522 0.51614285
-7.269453 5.3387213 0.53380215
-7.6628318 5.3477964 0.553047
-9.4223146 5.304575 0.63995999
-10.151563 5.3966861 0.68044293
-24.313856 -7.733357 1.5100518
-24.558807 -9.1382179 1.5508755
-23.479317 -9.3877363 1.4965829
-8.0755463 -8.5657539 0.69674361
-7.9075584 -8.8039179 0.70038223
-7.7378125 -9.0448866 0.70448482
-7.12957 -9.1978111 0.68876445
-6.8489842 -9.2905407 0.68312669
-12.892373 -24.145683 1.62001
-11.651787 -23.150305 1.5339084
-10.762304 -22.733356 1.4886291
-10.04706 -22.618587 1.4648046
-9.4154196 -22.65522 1.4520321
-6.9865623 -22.801474 1.4114331
-5.8050585 -22.824839 1.3938943
-5.2247458 -22.837143 1.3865353
-4.6501951 -22.849329 1.3800595
-4.0806837 -22.861403 1.3744348
-3.5154686 -22.873392 1.3696567
-2.394336 -22.890036 1.3621384
-1.8379296 -22.901022 1.3597553
-1.2831445 -22.91198 1.3581696
-0.17589843 -22.933846 1.3573776
0.3780078 -22.952127 1.3586084
1.4896094 -22.975912 1.362687
2.0486133 -22.987879 1.3659271
3.745039 -23.016874 1.3801666
5.487793 -23.052135 1.4024729
6.0847263 -23.072685 1.4122461
6.6882029 -23.086164 1.4225384
7.9238672 -23.113766 1.4461401
8.55791 -23.12793 1.4595242
11.928495 -23.189568 1.5434058
12.653281 -23.204044 1.5642465
14.960234 -23.25569 1.6365842
15.778399 -23.273262 1.6641412
16.625214 -23.291447 1.6936499
18.414961 -23.330091 1.7591021
9.4678125 -9.8671007 0.80933988
9.8558588 -9.3257751 0.80306
10.089512 -9.0954552 0.80396849
26.082832 -10.163406 1.6567655
26.814531 -9.7097759 1.6878552
27.856092 -9.332881 1.7387295
12.337285 4.880908 0.78524715
11.479336 4.8650861 0.73790294
10.882129 4.9250998 0.706949
10.248379 4.9396796 0.67332792
9.1445503 4.9650755 0.61584777
8.6598635 4.9762259 0.59112519
8.2123823 4.9865217 0.56863129
7.7974219 4.9960685 0.54809231
7.4112105 5.0049543 0.52928299
6.6035156 4.9397244 0.48807555
6.2907028 4.9469218 0.47365004
6.0949998 5.0357895 0.46792617
5.8113279 5.0423169 0.45536286
5.5423827 5.0485058 0.44371018
4.8103514 5.0653515 0.41343397
4.3739452 5.0753965 0.39654219
4.1686521 5.0801215 0.38893583
3.970957 5.0846715 0.38183212
3.7802734 5.0890594 0.37519974
3.595957 5.0933032 0.36900389
3.4175389 5.0974097 0.36321777
2.9130273 5.109024 0.3480728
1.8692578 5.1330547 0.32331374
1.7311914 5.1362348 0.32078856
1.050625 5.0680919 0.30632904
0.55806637 5.1539826 0.30681822
0.058417968 5.1654935 0.30573577
-0.31658202 5.1741338 0.30679992
-0.44238281 5.1770315 0.30751601
-0.69617188 5.1828809 0.30950043
-0.82443357 5.1858368 0.31077439
-1.2167382 5.1948776 0.31577575
-1.3506249 5.1979637 0.31785324
-1.4863086 5.2010918 0.32014602
-1.6240624 5.2042661 0.32266051
-1.7640624 5.2074938 0.32540664
-1.906582 5.2107792 0.32839218
-2.3514647 5.2210355 0.33889815
-2.5064843 5.2246084 0.34295821
-3.5302539 5.2482171 0.37434721
-3.6631639 5.1717243 0.37508833
-4.3388867 5.2711215 0.40406585
-5.036406 5.28721 0.43216902
-5.2915039 5.2930937 0.44296265
-5.8427539 5.305809 0.46710587
-6.4590816 5.3200254 0.49525344
-6.7963672 5.3278079 0.51110488
-7.5412693 5.3449912 0.54706711
-7.9549999 5.3545361 0.56753552
-8.854023 5.3576617 0.61249542
-9.2418356 5.291883 0.63030225
-9.9679689 5.3924494 0.67074674
-10.59834 5.4069943 0.70417553
-24.610634 -8.2872276 1.5369433
-23.757294 -9.2989941 1.5099472
-8.1258783 -8.4944639 0.69573408
-7.7891793 -8.9719505 0.70319945
-6.9330859 -9.2627316 0.68477142
-6.6557422 -9.35466 0.6794908
-11.958593 -23.335609 1.5519073
-8.9944143 -22.715647 1.4459784
-8.386054 -22.770109 1.436141
-7.7719336 -22.783875 1.4247568
-7.1671677 -22.797426 1.4143747
-6.5707617 -22.810795 1.4049524
-5.9812498 -22.8211 1.396286
-4.822793 -22.845667 1.3819195
-4.2518554 -22.857775 1.3760421
-3.68541 -22.869787 1.3710126
-3.1219139 -22.875666 1.3664469
-2.5624413 -22.886715 1.3630154
-0.89623046 -22.919621 1.3575351
0.21095702 -22.948555 1.358265
0.76556641 -22.960423 1.3596694
1.3216797 -22.972321 1.3618655
3.0044529 -23.001886 1.3729287
3.5728123 -23.013388 1.3783636
4.1460547 -23.024988 1.3846484
9.003828 -23.127085 1.4688464
10.328144 -23.156086 1.5006317
11.012852 -23.171082 1.5183929
11.714375 -23.186441 1.5374862
12.432754 -23.19964 1.5578115
13.171581 -23.214401 1.579692
13.931816 -23.229584 1.6031463
14.715487 -23.245239 1.6282891
9.4784765 -10.023154 0.8164618
9.4614258 -9.533308 0.79493588
9.7855854 -9.3951597 0.80288148
26.569746 -9.8403873 1.6769106
9.2986908 4.9615293 0.62378204
8.801816 4.9729605 0.59832931
7.9192967 4.9932652 0.55409104
7.1566405 5.0108123 0.51706541
6.3830271 4.944797 0.47787368
5.895195 5.0403876 0.45904937
5.3624024 5.0526476 0.43606138
4.879375 5.0637641 0.4161911
4.4374413 5.0739355 0.39894027
4.0298047 5.0833173 0.38392225
3.4707031 5.0961852 0.36492035
3.2961133 5.1002045 0.35940489
3.126621 5.1041064 0.35425675
2.6448436 5.1151981 0.34081528
2.4919531 5.1187167 0.33694184
2.3424413 5.1221595 0.33334884
2.1960156 5.1255307 0.33002242
2.0523632 5.1288385 0.32694915
1.911289 5.1320872 0.32412031
1.7725781 5.1352825 0.32152602
1.6065429 5.0460186 0.31341642
1.4742968 5.0490642 0.31130341
1.2146875 5.0550432 0.3076956
1.0889453 5.0672092 0.30674621
0.97626948 5.1443501 0.30989853
0.72195309 5.1502075 0.30779129
0.59589845 5.1531115 0.30701536
0.47046873 5.1560001 0.30642256
0.34542969 5.1588807 0.30600876
0.220625 5.1617565 0.30577391
-0.028730469 5.167501 0.30583984
-0.40439451 5.1761584 0.30728135
-0.53068358 5.1790652 0.30812439
-0.65769529 5.181994 0.30915314
-0.91472656 5.1879182 0.31177977
-1.0450195 5.1909199 0.31338546
-1.1767578 5.1939564 0.31519166
-1.3100781 5.1970301 0.31720474
-1.5823437 5.2033043 0.32187882
-1.8633789 5.2097831 0.32746717
-2.1550195 5.216507 0.33404389
-2.4593749 5.2235227 0.3417044
-2.6170311 5.2271581 0.34597397
-3.4742186 5.2469239 0.37244216
-3.9939258 5.1750937 0.38689116
-5.4774413 5.2973833 0.45098907
-5.7558594 5.3038049 0.4632324
-6.0499215 5.3105884 0.4764424
-6.3614645 5.3177738 0.49072295
-6.6924801 5.3254108 0.50619185
-7.4223633 5.3422489 0.54124588
-7.8271093 5.3515863 0.56117368
-9.0815039 5.2881837 0.62197095
-9.7894821 5.3883319 0.66135693
-10.401855 5.4024611 0.69371456
-25.90456 -7.8261271 1.6016021
-24.589931 -8.0815935 1.5319384
-24.220839 -8.6133518 1.5214545
-24.040625 -9.2087564 1.523656
-15.927157 -8.9223547 1.0804831
-8.0090036 -8.6600313 0.69813335
-7.8723435 -8.597456 0.42679366
-12.057714 -23.395487 0.96362305
-11.098994 -22.874792 0.93088621
-10.326152 -22.658731 0.91166443
-6.037168 -22.819225 0.86420101
-3.175703 -22.874783 0.84552425
-2.6159179 -22.885838 0.84334987
-0.94927734 -22.918747 0.83982086
0.15789062 -22.947113 0.84015775
1.2682617 -22.970871 0.84229064
1.82625 -22.982813 0.84409821
2.9502733 -23.001293 0.84902036
3.5182421 -23.012791 0.85233337
4.0909958 -23.024382 0.8561697
5.2537889 -23.047915 0.86547422
6.4473243 -23.08029 0.87736726
7.0562692 -23.093889 0.88410062
7.6749802 -23.107704 0.89146453
8.9420118 -23.126369 0.90779114
10.263672 -23.155329 0.92731017
12.363261 -23.19862 0.96243405
14.639589 -23.244108 1.0057132
16.285215 -23.284052 1.0402896
18.048105 -23.321648 1.0796685
9.9030666 -9.1010342 0.4924269
26.692284 -10.696771 1.0528082
26.534531 -9.8971872 1.036857
27.368515 -9.4622889 1.0602093
20.78834 4.6991062 0.78030366
16.913359 4.6915789 0.64261472
15.814355 4.8006878 0.60508299
14.624844 4.8280663 0.56386608
13.586504 4.8519654 0.52819532
11.66498 4.8123822 0.46199325
9.3482809 4.960238 0.38745314
8.8474026 4.9717674 0.37155974
8.3857613 4.9823933 0.35711989
7.9583983 4.9922309 0.34395307
7.5612106 5.0013742 0.33190933
7.1907029 5.009903 0.3208603
6.7337499 4.9371595 0.30570388
5.9220309 5.03966 0.28469956
5.1383395 5.0577025 0.2639685
4.457695 5.0733719 0.2472589
4.2491794 5.0781736 0.24242263
4.0485349 5.0827923 0.23790741
3.8551366 5.0872459 0.23369139
3.6683593 5.091547 0.22975311
3.4876757 5.0957079 0.22607574
3.3125584 5.0997391 0.22264221
3.1426172 5.103653 0.21943587
2.8165233 5.1111627 0.21365936
2.5064452 5.1183023 0.20865218
2.2098827 5.125133 0.20434006
2.0659766 5.1284466 0.20242462
1.9246875 5.1317005 0.20065978
0.73404294 5.1498551 0.19044967
0.60796875 5.15276 0.18995941
0.4824414 5.1556506 0.18958114
0.3573828 5.1585321 0.18931457
0.10791016 5.1642795 0.18911377
-0.39236328 5.175806 0.19003814
-0.51853514 5.1787138 0.190549
-0.64550781 5.1816387 0.19117461
-0.77333981 5.1845841 0.19191635
-0.90228516 5.1875563 0.19277634
-1.1640429 5.1935883 0.19486313
-1.2971874 5.1966558 0.19609603
-1.4321485 5.1997662 0.19746079
-1.5690625 5.2029223 0.19895996
-1.99375 5.2127094 0.20432937
-2.2908983 5.2195587 0.20869248
-2.9287889 5.234262 0.21959411
-3.2750585 5.2422438 0.22630416
-3.7782226 5.1728926 0.23452759
-4.9383788 5.2848463 0.26481536
-5.1885548 5.2906141 0.27130187
-6.3306642 5.316947 0.30267912
-6.6596875 5.3245316 0.31217253
-7.3849216 5.3412547 0.33368224
-7.7868357 5.3505216 0.34590638
-8.2195702 5.3604999 0.35927612
-8.6874018 5.3712878 0.37394652
-9.0311718 5.2868743 0.38313979
-9.7334957 5.3868828 0.4072969
-10.340244 5.4008727 0.42710632
-11.009423 5.4163046 0.44921508
-12.582227 5.4525733 0.50205505
-14.342939 5.4093628 0.56123012
-15.828427 5.5370488 0.61394268
-20.907333 5.6536145 0.79295319
-7.5922461 -9.0065374 0.43127638
-6.6969724 -9.2240591 0.41733307
-10.543144 -22.695858 0.91622162
-9.2333593 -22.681345 0.89658231
-6.2141209 -22.815474 0.86574948
-5.6293359 -22.827875 0.86081177
-5.0508595 -22.840145 0.85642666
-4.4779491 -22.852297 0.85258055
-3.3457227 -22.876316 0.84645778
-2.2264452 -22.893528 0.84213227
-1.1161914 -22.915453 0.83997405
1.6577929 -22.979206 0.84349853
2.217617 -22.991186 0.84565979
1.0996094 -9.0965509 0.33546722
3.9178123 -23.020876 0.85495788
5.0769334 -23.044336 0.86393309
7.4874215 -23.103516 0.88917631
8.751152 -23.131735 0.90547603
10.739258 -23.165747 0.93484706
11.433926 -23.180964 0.9463293
13.627363 -23.223885 0.98584259
16.03043 -23.278582 1.0348086
17.774082 -23.316025 1.0733721
18.69668 -23.33585 1.0947692
9.6024408 -9.3978939 0.49191892
9.8333397 -9.1697998 0.49226302
17.346933 -9.6829748 0.72738618
21.967714 4.7979932 0.82324064
17.695917 4.7702832 0.67100877
16.207851 4.7916312 0.61878783
14.965938 4.8202152 0.57565016
12.935508 4.8669505 0.50600797
11.896816 4.807045 0.46977782
10.068671 4.9436545 0.41067153
8.0838671 4.9893427 0.34779769
7.677949 4.9986868 0.33542892
6.8342967 4.9348431 0.30862746
6.2371874 4.9787183 0.29218674
5.7286716 5.0441108 0.27945358
5.4638476 5.0502076 0.27240342
5.2119141 5.0560074 0.26585174
4.9716992 5.0615387 0.25975463
4.7421093 5.0668254 0.25407714
4.5221872 5.0718865 0.24878402
4.3111525 5.0767455 0.2438446
3.7240038 5.0902653 0.23091248
3.5415235 5.0944672 0.22715835
3.1933203 5.1024852 0.22037888
3.0267186 5.1063213 0.21732558
2.8645508 5.1100559 0.2144786
2.7065234 5.1136956 0.21182677
2.5522265 5.117249 0.20935988
2.1090624 5.1274543 0.20298538
1.6899804 5.1371069 0.19799392
1.2657422 5.0537925 0.19074279
1.0123827 5.0688996 0.18924591
0.89921874 5.1460505 0.19126007
0.77216798 5.1489768 0.19062087
0.64591795 5.151885 0.19009566
0.39503905 5.1576648 0.18938339
0.27017578 5.1605411 0.18919402
0.020820312 5.166286 0.18914749
-0.3544336 5.1749315 0.18990631
-0.48042968 5.1778355 0.1903833
-0.60714841 5.1807556 0.19097365
-0.86330074 5.186657 0.19250442
-1.1242187 5.1926703 0.19451629
-1.391289 5.1988244 0.19703521
-1.5275586 5.2019644 0.19849457
-1.6659961 5.2051563 0.20009232
-1.8067383 5.2083988 0.20183471
-2.2452929 5.2185059 0.20799224
-2.5539062 5.2256198 0.21294509
-2.7140038 5.2293096 0.21570282
-2.8783593 5.2330985 0.2186621
-3.2215233 5.2410088 0.22523284
-3.4011717 5.2451501 0.22887313
-3.5868554 5.2494311 0.23277085
-3.7208593 5.1729631 0.23329467
-4.4048047 5.2725444 0.2515367
-5.1118751 5.2888455 0.26929778
-6.2353711 5.3147492 0.29996353
-6.5583591 5.3221955 0.30923018
-6.9021482 5.3301229 0.31928068
-7.2692575 5.3385882 0.33020401
-7.6626172 5.3476582 0.34210861
-8.5424213 5.3679447 0.36937773
-9.4220314 5.3044152 0.39587143
-12.321904 5.4465704 0.49323499
-13.223154 5.4673529 0.52387512
-14.09707 5.4341106 0.55314058
-15.441591 5.5281272 0.60048401
-19.940098 5.5480533 0.75777858
-25.392822 -8.0765409 0.97557557
-24.045645 -8.9472723 0.93932796
-7.497695 -9.6726952 0.44807127
-11.651807 -23.150324 0.94888151
-10.762324 -22.733358 0.92087096
-10.047071 -22.618584 0.90613312
-9.4154005 -22.655216 0.89823151
-7.5885935 -22.787609 0.87934202
-6.3924413 -22.814423 0.8674475
-5.8049021 -22.82415 0.86223966
-5.2245898 -22.83646 0.85769254
-4.6500778 -22.848644 0.85368437
-4.0805469 -22.860727 0.85020596
-3.5153515 -22.872717 0.84724915
-2.394336 -22.890211 0.84262997
-1.8379492 -22.901201 0.84115416
-0.17591797 -22.934021 0.83968258
0.37798828 -22.951822 0.84042692
1.4896094 -22.975607 0.8429504
2.0485742 -22.987568 0.84495515
1.0335351 -9.1056404 0.3355127
4.3199801 -23.029016 0.85784298
4.9006639 -23.040768 0.86243927
7.3008204 -23.099348 0.88694608
7.9236913 -23.113256 0.8945663
8.5577145 -23.127417 0.90284574
9.859355 -23.146469 0.92111236
11.222754 -23.17634 0.94278103
13.398574 -23.219311 0.98148316
14.165703 -23.23464 0.9962973
16.625135 -23.291351 1.0476929
9.763711 -9.2385769 0.49212858
21.963827 4.6299615 0.8218115
18.179844 4.7591443 0.68802762
16.61961 4.7821531 0.63316357
15.32164 4.8120279 0.58796996
14.196034 4.8379364 0.54909557
9.6715822 4.952796 0.39782408
8.6596289 4.9760895 0.36566192
8.2121677 4.9863892 0.35174727
7.4110155 5.0048323 0.32740706
7.0502539 5.0131364 0.31672439
6.6033592 4.9396105 0.30191848
6.0948629 5.0356817 0.28945404
5.8112106 5.0422101 0.28168213
5.286582 5.0542893 0.26777649
5.0429296 5.0598984 0.26154646
4.373867 5.0753012 0.24529724
4.1685743 5.08003 0.24059188
3.7801952 5.0889716 0.23209503
3.4174609 5.0973239 0.22468352
3.2444921 5.1013064 0.22134185
2.9129882 5.1089401 0.21531494
2.7537303 5.112608 0.2126065
2.5983398 5.1161866 0.21008438
2.1524024 5.1264572 0.20356002
2.0095704 5.129746 0.20170562
1.8692383 5.132978 0.19999939
1.7311523 5.1361585 0.19843718
1.0506054 5.0680189 0.1894934
0.93769526 5.1451635 0.1914746
0.43273437 5.1567955 0.18946274
-0.3165625 5.1740599 0.18978439
-0.69617188 5.182807 0.19145492
-0.82443357 5.1857615 0.19224304
-0.9538281 5.1887445 0.19315124
-1.0845507 5.1917558 0.19418198
-1.2167187 5.1948013 0.19533706
-1.3506055 5.1978869 0.19662246
-1.624043 5.2041883 0.19959641
-1.764043 5.2074156 0.20129424
-1.9065429 5.2106996 0.20314117
-2.0517774 5.2140465 0.20514266
-2.3514452 5.2209539 0.20964034
-2.5064452 5.2245264 0.21215194
-3.1684766 5.2397857 0.22418457
-3.6630859 5.1716313 0.23202163
-3.8539648 5.1717749 0.23613891
-4.3388085 5.2710233 0.24995071
-4.5610547 5.2761469 0.2553415
-5.0363083 5.2871037 0.2673361
-5.2913866 5.2929845 0.2740126
-5.5596871 5.299171 0.28120056
-5.842617 5.3056946 0.28894699
-6.141777 5.3125916 0.29731247
-6.4589257 5.3199034 0.30635849
-6.7961912 5.3276801 0.31616333
-7.5410743 5.3448558 0.33840758
-7.9548044 5.3543949 0.35106933
-8.4009571 5.3646836 0.36493772
-8.8540134 5.3576593 0.37889129
-13.9225 5.4834809 0.54783994
-15.071308 5.5195875 0.5876323
-16.365595 5.5494361 0.63268703
-19.342617 5.5337172 0.73658216
-24.315165 -8.1877394 0.93934113
-24.333593 -8.8534107 0.94803828
-24.778311 -9.6986475 0.97420287
-7.6888084 -8.856349 0.42939636
-7.4911327 -9.5204 0.44352689
-6.8626366 -9.1686182 0.41929808
-11.958613 -23.335629 0.96001643
-10.257607 -22.647007 0.91023678
-8.9944038 -22.715641 0.89448762
-8.3859177 -22.769735 0.8883847
-7.1670508 -22.797058 0.87491912
-5.9810548 -22.820417 0.86371887
-5.3988671 -22.832764 0.85900176
-4.8226562 -22.844984 0.85483152
-4.2517381 -22.857094 0.85119963
-3.6853125 -22.86911 0.84808379
-3.1219335 -22.875845 0.84529293
-2.5624609 -22.886892 0.84317017
-2.0054491 -22.897892 0.84154755
-1.4502343 -22.908854 0.84041929
-0.34271485 -22.930727 0.83963102
0.2109375 -22.94825 0.84021604
1.8798242 -22.983957 0.84429836
2.4408202 -22.995962 0.8466571
3.0045311 -23.00239 0.84931672
3.572871 -23.013893 0.85267854
4.146152 -23.025496 0.85656369
4.7250195 -23.03721 0.86099488
5.3101759 -23.049055 0.86597657
5.9043946 -23.068169 0.87179899
6.5052538 -23.081583 0.87798309
7.7348242 -23.109039 0.89220273
9.0041018 -23.127729 0.90865815
9.6591988 -23.142082 0.9181149
11.013164 -23.171749 0.93930817
11.714726 -23.187117 0.95110899
14.715761 -23.245632 1.0072556
16.366758 -23.285803 1.0420569
17.23498 -23.304447 1.0612042
18.136055 -23.323576 1.0816989
9.4699612 -9.5419035 0.49219176
26.671757 -9.8781738 1.0413224
22.515839 4.575532 0.8411929
20.587206 4.7037354 0.7731604
16.816757 4.7067065 0.63935286
14.519336 4.8304944 0.56022686
12.58914 4.8749223 0.49426407
11.592891 4.8140416 0.45957732
11.085351 4.9202533 0.44403669
10.432636 4.9352775 0.42254043
9.8397846 4.9489241 0.40325195
9.298418 4.9613853 0.38586134
8.343379 4.9833684 0.35580504
7.5246091 5.0022178 0.33080992
7.1564646 5.0106916 0.31984955
6.3828712 4.9446874 0.29560682
6.1834373 5.0336413 0.2919156
5.3622851 5.0525455 0.26974273
5.1151562 5.0582347 0.26337799
4.6536717 5.068861 0.25192931
4.229629 5.0786238 0.24197677
4.0297265 5.0832257 0.23749144
3.8369725 5.0876646 0.23330215
3.4706445 5.0960989 0.22573699
3.2960546 5.1001191 0.22232513
3.1265819 5.104022 0.21914077
2.8012891 5.1115117 0.21340209
2.6448047 5.1151152 0.2108258
2.491914 5.1186376 0.20843017
2.1959765 5.125452 0.20414932
2.0523241 5.1287603 0.20224884
1.7725586 5.1352057 0.19889343
1.6065234 5.0459442 0.19387558
1.4742773 5.0489898 0.19257064
1.2146679 5.0549698 0.19033858
1.0889257 5.0671363 0.18975112
0.7219336 5.1501341 0.19039795
0.59589845 5.1530375 0.18991791
0.47044921 5.1559272 0.18955047
0.220625 5.1616826 0.18915039
0.095976561 5.1645541 0.1891156
-0.78566402 5.1848679 0.19199401
-0.91470701 5.1878424 0.19286469
-1.045 5.1908441 0.19385803
-1.1767383 5.1938806 0.19497544
-1.3100586 5.1969523 0.19622101
-1.5823046 5.2032261 0.19911194
-1.7216015 5.2064362 0.20076674
-1.8633398 5.2097044 0.20256896
-2.0077147 5.2130308 0.20452316
-2.3054492 5.2198925 0.2089183
-2.4593358 5.2234406 0.21137542
-2.9449217 5.2346334 0.21989563
-4.7221289 5.27986 0.25933883
-4.9618359 5.2853861 0.26541731
-5.2131834 5.2911811 0.27194899
-5.477324 5.2972708 0.27897719
-5.7557225 5.3036909 0.28655013
-6.3613281 5.3176527 0.30355543
-7.4221873 5.342114 0.33480728
-7.8269138 5.3514471 0.3471356
-8.2627926 5.3614979 0.36062208
-8.7342577 5.3723688 0.37542725
-9.0812302 5.2880278 0.38474548
-9.7891798 5.388166 0.40910414
-15.955127 5.5399699 0.61835998
-19.090889 5.6122837 0.72853374
-21.118994 5.6584964 0.80048245
-25.199276 -8.2818604 0.97114593
-7.9065428 -8.549242 0.42634153
-12.057695 -23.395481 0.3704814
-11.098984 -22.874794 0.35789979
-8.4451561 -22.76803 0.3418231
-7.2244921 -22.795401 0.33660033
-6.0369725 -22.818539 0.33224747
-5.4542189 -22.830902 0.33041671
-3.7392774 -22.867287 0.32615981
-3.1757421 -22.87496 0.3250801
-2.0587499 -22.897017 0.32360137
-1.503418 -22.907984 0.32314971
-0.94929683 -22.918922 0.32288787
-0.3957617 -22.929855 0.32281417
0.1578711 -22.946808 0.32301131
0.71236324 -22.958672 0.32332686
1.2682421 -22.970566 0.32382903
1.8262304 -22.982504 0.32452622
2.3868945 -22.994501 0.3254126
2.9503515 -23.001799 0.32642746
3.5183008 -23.013298 0.32770157
4.0910935 -23.024889 0.32917893
5.8455467 -23.060404 0.33487457
6.4471679 -23.079792 0.33730987
7.6747851 -23.107197 0.3427327
8.3042574 -23.12125 0.34581405
8.9422455 -23.12701 0.34902939
10.263945 -23.155983 0.35653076
10.947148 -23.170959 0.36072662
11.647051 -23.186304 0.36524642
12.363457 -23.198996 0.37003234
13.100254 -23.213722 0.37520003
13.858457 -23.228882 0.38074234
14.639824 -23.244499 0.38667601
15.450019 -23.266027 0.393125
17.150312 -23.302536 0.40727064
23.084492 4.6355114 0.3314276
20.787109 4.6988316 0.29998413
16.912539 4.6913476 0.24704315
15.813632 4.8004699 0.2326245
14.624238 4.8278618 0.21677993
11.151074 4.9185662 0.17155457
10.492089 4.933744 0.16320099
9.8939447 4.9475193 0.15571044
7.190527 5.0097837 0.12335769
6.7335935 4.9370441 0.11752716
6.4124217 4.943892 0.113974
6.2118163 5.0328751 0.1125357
4.9013281 5.0630584 0.099191584
4.674746 5.0682774 0.097055055
4.4576173 5.073278 0.09506195
4.2491016 5.0780811 0.093202055
4.0484571 5.0827017 0.091466062
3.6683006 5.0914588 0.088332213
3.487617 5.0956206 0.086917877
3.3125196 5.0996532 0.08559677
3.1425586 5.1035686 0.084365234
2.9773438 5.1073747 0.083215483
2.6595898 5.1146936 0.081146084
2.5064063 5.1182232 0.080218963
2.3565819 5.1216736 0.079357907
1.7857031 5.1348243 0.076524355
1.6192774 5.0455742 0.074590303
1.3561523 5.0516362 0.073624879
1.1011132 5.0667815 0.072985224
0.98851562 5.143919 0.07373108
0.4824414 5.1555777 0.07288681
0.3573828 5.1584582 0.072784729
0.10791016 5.164206 0.072707973
-0.016777344 5.167079 0.072732389
-0.26675782 5.1728382 0.072909541
-0.51851559 5.1786389 0.073259585
-0.64546871 5.1815634 0.073500365
-0.90228516 5.1874809 0.074115448
-1.1640234 5.193511 0.0749176
-1.4321485 5.1996884 0.075916134
-1.708125 5.2060471 0.077124171
-1.8496094 5.2093091 0.077812038
-1.9937109 5.2126288 0.078556977
-2.1407225 5.2160168 0.07936386
-2.2908592 5.2194762 0.080235288
-2.4444139 5.2230139 0.081172638
-2.6016796 5.2266378 0.08218094
-2.7630076 5.2303557 0.083264768
-3.0992577 5.2381043 0.085671537
-3.4564257 5.2463346 0.088434294
-3.6124609 5.2052217 0.089184567
-3.778203 5.1728868 0.09016937
-3.9743555 5.174458 0.091841884
-4.6996484 5.2792411 0.099491119
-5.4513278 5.2965651 0.10698837
-5.728281 5.3029466 0.10987838
-6.0207615 5.3096876 0.11299758
-6.3305273 5.3168259 0.11636779
-7.0100584 5.3324857 0.12397842
-7.3847461 5.3411212 0.12828827
-7.7866211 5.3503838 0.13298783
-9.0309076 5.2867193 0.14730667
-13.51666 5.4739141 0.2052739
-15.827695 5.5367932 0.2360298
-20.906122 5.6532798 0.30484861
-23.334188 5.7092414 0.33814529
-15.957294 -8.8908091 0.25712997
-12.427109 -23.687433 0.37652892
-10.543144 -22.695858 0.35225859
-9.8552341 -22.629045 0.34742615
-8.014492 -22.777687 0.33989149
-7.4060936 -22.791328 0.33732542
-6.2139454 -22.814785 0.33284363
-5.6291795 -22.827188 0.33094513
-5.0507226 -22.839462 0.32925949
-4.4778123 -22.851618 0.32778105
-2.784375 -22.882687 0.32447523
-0.56255859 -22.926561 0.32281479
-0.0090820314 -22.943237 0.32295394
0.54513669 -22.955095 0.3232106
1.6577929 -22.978901 0.32429489
2.2175586 -22.990879 0.32512558
1.0995117 -9.095787 0.12895462
3.3466601 -23.009821 0.32729781
4.4944334 -23.033056 0.33033171
5.0770507 -23.044851 0.33216324
5.6664453 -23.05678 0.33421478
6.8716016 -23.089268 0.33909592
7.487246 -23.10301 0.34185165
8.1133595 -23.116987 0.34485748
9.3975973 -23.136993 0.35152143
10.061113 -23.151537 0.35533005
11.434278 -23.181637 0.36383787
12.876035 -23.20924 0.37360504
15.203867 -23.260742 0.39115769
17.774023 -23.315929 0.41268036
18.696367 -23.335428 0.42089844
17.346035 -9.6824684 0.27965468
26.920683 -9.5272846 0.40196761
21.444374 4.6836944 0.30896926
19.401073 4.7307529 0.28109252
16.207109 4.7914081 0.23789154
13.884785 4.844892 0.20700164
8.9937305 4.9682531 0.14462906
8.5208397 4.9791436 0.13891616
8.0836525 4.989213 0.13371201
7.2995701 5.0072718 0.1245993
6.0075779 5.0375786 0.11035797
4.9716015 5.0614395 0.099866025
4.7420115 5.0667286 0.097683407
4.5221095 5.0717926 0.095647126
3.9126561 5.0858297 0.090323023
3.7239256 5.0901771 0.088777311
3.5414648 5.0943809 0.087333068
3.1932616 5.1023998 0.084727935
2.8645117 5.1099734 0.082459562
2.7064843 5.1136131 0.081440121
2.5521874 5.1171684 0.080490872
2.2537498 5.124042 0.078794405
2.1090233 5.1273756 0.07804016
1.9669726 5.1306491 0.07734482
1.689961 5.1370301 0.076121368
1.3953711 5.0507331 0.073757626
1.2657226 5.05372 0.073332973
1.1395898 5.0658941 0.073089443
1.0123633 5.0688262 0.072757721
0.6458984 5.1518121 0.073084712
0.39501953 5.1575913 0.07281097
0.14548828 5.1633396 0.07270813
0.020820312 5.166213 0.072720796
-0.22898437 5.1719685 0.072872616
-0.48042968 5.1777616 0.073195338
-1.1241992 5.1925931 0.074784085
-1.2568749 5.1956506 0.075243682
-1.3912694 5.1987476 0.075753324
-1.527539 5.2018876 0.076314546
-1.6659765 5.2050781 0.076929018
-1.9499999 5.2116218 0.078325801
-2.5538671 5.2255378 0.08186996
-2.7139452 5.2292252 0.082929991
-3.0473633 5.236908 0.085287623
-3.4011133 5.2450604 0.087993771
-3.5867968 5.2493391 0.089492641
-3.7208006 5.1728711 0.089692689
-4.1175585 5.1777573 0.093119659
-4.4047265 5.2724447 0.096706234
-4.6298633 5.2776322 0.09882278
-5.1117773 5.2887397 0.1035347
-5.3706837 5.2947059 0.10615936
-5.9308591 5.3076153 0.1120314
-6.2352343 5.31463 0.11532409
-6.9019918 5.3299971 0.12275009
-7.2690821 5.3384557 0.12695068
-7.6624217 5.3475208 0.1315271
-8.0854492 5.3572698 0.1365277
-8.8760548 5.2831497 0.14539993
-9.4217377 5.3042545 0.15219055
-12.321445 5.4463677 0.18962631
-13.222636 5.4671378 0.20140778
-15.440888 5.5278788 0.23085693
-16.794853 5.559083 0.2490216
-18.381113 5.5956426 0.27045745
-22.54834 5.6911292 0.32734695
-28.959707 5.8389854 0.41584304
-11.651796 -23.150326 0.36481872
-10.762314 -22.733356 0.35404831
-10.047071 -22.618578 0.34838012
-9.41541 -22.655212 0.34534362
-8.8130856 -22.73962 0.3432852
-8.1996679 -22.773535 0.34071243
-7.5884762 -22.787241 0.33807725
-6.9863281 -22.800739 0.33567658
-6.392324 -22.814056 0.33350554
-5.8047266 -22.823465 0.33149612
-5.224453 -22.835779 0.32974684
-4.6499414 -22.847969 0.32820663
-2.3943748 -22.89039 0.3239682
-1.8379492 -22.901377 0.32339948
-0.729375 -22.923265 0.32283461
0.37796873 -22.951517 0.32311401
0.93296874 -22.963392 0.32350525
1.4895898 -22.975302 0.32408309
1.0334375 -9.1047201 0.12895934
3.1754296 -23.006355 0.32691208
4.9007812 -23.041281 0.33158723
7.3006248 -23.098845 0.34099853
7.9235153 -23.112751 0.34392333
9.2003517 -23.132669 0.35042709
10.533438 -23.161892 0.35816374
11.928847 -23.190308 0.3670854
14.165937 -23.235025 0.38305146
15.778281 -23.273073 0.39578506
17.502851 -23.310104 0.41029707
9.4850779 -9.4191236 0.18815978
26.756504 -9.6887636 0.40055832
27.617285 4.4421678 0.39374098
21.963848 4.629961 0.31595993
18.178905 4.7588992 0.26451018
16.618828 4.7819257 0.24341811
15.320976 4.8118153 0.22604674
14.195449 4.8377361 0.21110107
12.336387 4.8805509 0.18674332
11.479336 4.8650937 0.17549804
10.881406 4.9247785 0.1681253
9.6712885 4.9526477 0.15294586
9.144043 4.9647913 0.14646056
8.6593943 4.9759526 0.14058182
6.29041 4.9467015 0.11264542
5.2864647 5.0541883 0.10294937
5.0428319 5.0597992 0.10055557
4.8101563 5.0651574 0.098324277
4.3738084 5.0752087 0.094308473
3.7801366 5.0888824 0.089231409
3.5958397 5.0931277 0.087758027
3.4174023 5.0972376 0.086382747
2.7536914 5.1125274 0.081739195
2.2979295 5.1230254 0.07903412
1.5664648 5.046792 0.074381709
1.3046484 5.0528226 0.073457487
1.1760156 5.0557861 0.073065944
1.0506054 5.067945 0.072852932
0.93769526 5.1450882 0.073614955
0.68386716 5.150938 0.073140867
0.30777344 5.1596022 0.072756499
0.1830664 5.1624746 0.072712399
0.058417968 5.1653471 0.072711788
-0.066347651 5.16822 0.072753906
-0.44238281 5.1768842 0.073135987
-0.56884766 5.1797976 0.073349304
-0.69615233 5.1827312 0.073607326
-0.82441401 5.1856871 0.073910519
-0.95380855 5.1886683 0.074260101
-1.4862695 5.2009368 0.07613983
-1.6240234 5.2041111 0.076737367
-1.7640234 5.2073374 0.077390291
-2.0517578 5.2139664 0.078870088
-2.1999609 5.217382 0.079702452
-2.5064063 5.2244425 0.081564784
-2.6652539 5.2281041 0.082602233
-2.8282812 5.2318602 0.083715364
-2.9958985 5.2357221 0.084910884
-3.1684375 5.2396984 0.086190335
-3.3463671 5.2437987 0.08756195
-3.5301366 5.2480345 0.089029841
-3.6630273 5.1715398 0.089207456
-3.8538866 5.1716809 0.090787657
-4.3387303 5.2709246 0.096097104
-4.7931442 5.2813964 0.10039276
-5.036211 5.2869968 0.10278076
-5.2912889 5.2928753 0.10534699
-5.5595703 5.2990589 0.10811065
-6.1416211 5.3124723 0.11430511
-6.7960348 5.3275537 0.12155334
-7.1558204 5.3358445 0.12564652
-7.9545898 5.3542542 0.13497223
-8.8540134 5.3576555 0.1456726
-9.9673433 5.3921137 0.15951721
-10.597636 5.4066401 0.16746597
-11.29456 5.4227023 0.17635971
-12.939414 5.4606113 0.19769287
-16.364805 5.5491714 0.24323699
-19.341553 5.5334067 0.28317824
-24.452871 5.7350245 0.35354415
-27.780107 5.8118 0.39950377
-10.257607 -22.647007 0.34995711
-9.6039839 -22.642752 0.34620574
-8.3858004 -22.769365 0.34154937
-7.7716794 -22.783133 0.33884171
-6.5705466 -22.810062 0.3341333
-5.9808788 -22.819729 0.33206388
-5.3987303 -22.832079 0.33025345
-4.8225193 -22.844303 0.32865021
-3.6851952 -22.868437 0.32604933
-3.121953 -22.876022 0.32499328
-2.5624804 -22.88707 0.32417205
-2.0054882 -22.898067 0.32355103
-1.4502538 -22.909033 0.32311797
-0.34273437 -22.930902 0.32281584
0.2109375 -22.947945 0.32303435
0.76554686 -22.959812 0.32336563
1.3216211 -22.971708 0.32388639
1.8797851 -22.98365 0.32460144
2.4407811 -22.995657 0.32550812
3.0046093 -23.002897 0.3265419
4.7251172 -23.037727 0.33103392
5.3102927 -23.04957 0.33295089
7.7346482 -23.108532 0.34301832
8.3651562 -23.122606 0.34611252
9.6594725 -23.142735 0.35299683
12.433145 -23.200388 0.3705101
13.171992 -23.215158 0.37571624
16.36668 -23.285707 0.40063506
17.234901 -23.304352 0.40799606
29.259062 4.4881701 0.4166716
22.514395 4.5752387 0.32338089
18.688066 4.7471733 0.2714093
15.692226 4.8032641 0.23100127
14.51871 4.8302908 0.21538055
10.432304 4.935122 0.16244766
9.8394918 4.9487739 0.1550328
9.2981634 4.9612427 0.14834671
8.8013277 4.9726849 0.14229386
7.9188867 4.9930077 0.13177383
7.1563087 5.010571 0.12296875
6.1833005 5.0335307 0.11223007
5.8949609 5.0401721 0.10917313
5.115078 5.058135 0.101259
4.4372654 5.0737481 0.094878688
4.2295508 5.0785308 0.093030244
3.8369141 5.0875764 0.089696042
3.1265233 5.1039381 0.084251247
2.9617381 5.1077337 0.083109431
2.80125 5.1114302 0.082044825
2.1959374 5.1253738 0.078487702
1.9112304 5.1319337 0.07708481
1.7725195 5.135128 0.076467738
1.6065038 5.0458684 0.074539028
1.4742578 5.0489154 0.074036404
1.2146484 5.0548968 0.073178403
1.0889062 5.0670629 0.07295242
0.8486523 5.147141 0.073429108
0.7219336 5.1500602 0.073200837
-0.028730469 5.1673546 0.072736666
-0.53068358 5.1789179 0.073280945
-0.65767574 5.1818442 0.073525235
-1.310039 5.1968756 0.075440519
-1.4451562 5.1999893 0.075969696
-1.7215819 5.206358 0.077187955
-2.3054101 5.2198114 0.080321498
-2.4593163 5.2233572 0.081266627
-2.6169531 5.2269897 0.082281798
-2.7786913 5.2307177 0.083372042
-3.1158984 5.2384868 0.085795134
-3.2921484 5.242548 0.087137908
-3.6130469 5.1804295 0.088900603
-3.7946875 5.1703162 0.090276338
-4.4929881 5.2744794 0.097530209
-4.9617381 5.2852807 0.1020433
-5.2130661 5.2910724 0.10455474
-6.0496678 5.3103538 0.11330887
-6.3611913 5.317533 0.11670486
-6.6921482 5.3251591 0.12038406
-7.0448241 5.3332877 0.12437622
-7.4219918 5.34198 0.12872024
-7.8267379 5.3513079 0.13345931
-9.0809765 5.2878723 0.14791687
-9.7888861 5.3880005 0.15728423
-10.401201 5.402113 0.16497833
-11.076826 5.4176836 0.17357071
-12.666523 5.4543223 0.19412445
-13.61251 5.4761233 0.20653579
-14.450048 5.4116144 0.21719864
-15.954413 5.5397139 0.23773116
-17.393818 5.5728879 0.25709823
-21.117723 5.6581559 0.3077423
-26.68992 5.7866735 0.38442305
-24.90867 -8.1863556 0.36906981
-24.554287 -9.4055185 0.37012023
-15.924833 -8.9210596 0.25693893
-12.057695 -23.395483 -0.22228058
-11.098994 -22.8748 -0.2147287
-10.326142 -22.65873 -0.21029235
-9.6644335 -22.639448 -0.20788909
-7.8299999 -22.78145 -0.20344299
-6.6272459 -22.808422 -0.20059615
-5.4540429 -22.830219 -0.1982338
-4.3059568 -22.854584 -0.19640976
-3.7391601 -22.866613 -0.19568191
-2.6159766 -22.88619 -0.1945378
-0.3957617 -22.930031 -0.19368148
0.1578711 -22.946503 -0.19379409
1.2682421 -22.970261 -0.19428879
1.8261913 -22.982197 -0.19470474
2.3868554 -22.994194 -0.19523865
2.9504101 -23.002302 -0.19585189
3.5183983 -23.013803 -0.19661453
4.0911913 -23.0254 -0.19750182
4.6694727 -23.037109 -0.19851272
5.2540236 -23.048944 -0.19964187
5.8456836 -23.060925 -0.20091552
6.447031 -23.079296 -0.20237395
7.0559373 -23.092888 -0.20392486
7.6746287 -23.106691 -0.20562439
8.9425192 -23.127655 -0.20941558
9.5963478 -23.141994 -0.21157759
10.94748 -23.171625 -0.2164325
11.647383 -23.186975 -0.21914336
12.363652 -23.199368 -0.22201049
13.100488 -23.214102 -0.22511519
13.858691 -23.229265 -0.22844268
14.640078 -23.24489 -0.23199981
17.150253 -23.302441 -0.24435058
9.4765034 -9.5927868 -0.11387985
26.547129 -9.9018946 -0.23928802
29.654589 4.4786339 -0.25328201
25.984531 4.5683475 -0.22281295
23.083008 4.635211 -0.19883437
18.85453 4.7430644 -0.16419357
16.911699 4.6911173 -0.14821686
14.623593 4.8276582 -0.13005905
12.670273 4.8726702 -0.11464508
9.893652 4.9473691 -0.093418881
9.3477345 4.959949 -0.089369655
8.385293 4.9821277 -0.082372889
7.9579883 4.9919739 -0.079337463
7.5608397 5.0011268 -0.07655853
7.1903515 5.0096631 -0.074011534
6.4122653 4.9437804 -0.068377681
6.2116599 5.0327649 -0.067515865
5.9217772 5.0394449 -0.065669857
5.6471872 5.0457721 -0.063956298
5.1381249 5.0575023 -0.060887907
4.6746678 5.068181 -0.058227997
4.4575391 5.073184 -0.057033692
4.2490234 5.0779901 -0.055917509
3.6682422 5.0913715 -0.052995756
3.1425195 5.1034851 -0.050615232
2.9772851 5.1072922 -0.049925689
2.8164258 5.1109996 -0.049282838
2.6595507 5.1146135 -0.048684232
2.5063672 5.118144 -0.048127897
2.2098045 5.1249762 -0.04713333
1.486836 5.0485511 -0.044447172
1.1010938 5.066709 -0.043787993
0.86082029 5.1467872 -0.044069059
0.73402339 5.1497083 -0.043929596
0.23257811 5.1612601 -0.043632507
0.10791016 5.1641331 -0.043621216
-0.016777344 5.167006 -0.043636322
-0.26673827 5.1727633 -0.043742523
-0.39234373 5.1756582 -0.043834686
-0.51851559 5.1785655 -0.043952789
-0.77332032 5.1844354 -0.044267576
-1.1640038 5.1934361 -0.044948272
-1.4321094 5.1996117 -0.045546722
-1.5690038 5.2027664 -0.045892332
-1.8495703 5.209229 -0.046683654
-2.444375 5.2229319 -0.048699189
-2.6016405 5.2265549 -0.04930542
-2.7629688 5.2302709 -0.04995529
-3.2749608 5.2420659 -0.052199401
-3.6124609 5.2052188 -0.053506773
-3.9742773 5.1743631 -0.055100247
-4.6995702 5.2791395 -0.059689026
-5.7281442 5.3028331 -0.065922394
-6.0206246 5.3095703 -0.067792967
-6.3303905 5.3167067 -0.069815367
-7.009902 5.3323579 -0.074380495
-7.3845506 5.3409882 -0.076965027
-8.6869135 5.3709869 -0.086252593
-9.7329102 5.3865528 -0.093943633
-11.008681 5.4159393 -0.10361221
-13.516113 5.4736948 -0.12315261
-17.244951 5.5691996 -0.15304306
-18.913221 5.6076264 -0.16659851
-26.358242 5.778645 -0.22788863
-15.955889 -8.8900204 -0.15429504
-7.5846481 -8.9975204 -0.099381253
-12.427109 -23.687452 -0.22590515
-9.8552246 -22.62904 -0.20844741
-8.6303511 -22.758118 -0.20555983
-8.0143356 -22.777317 -0.20392257
-6.8063865 -22.804407 -0.20098449
-6.2137499 -22.814096 -0.19968963
-5.629004 -22.826508 -0.19855057
-4.4776759 -22.850943 -0.19665191
-3.9095702 -22.862997 -0.19588622
-3.3455076 -22.874966 -0.19524428
-2.7844141 -22.882866 -0.19467834
-1.6706641 -22.904858 -0.19394821
-1.1162109 -22.915806 -0.19376068
1.6577538 -22.978596 -0.19456299
2.2175391 -22.99057 -0.19506195
1.099414 -9.0950241 -0.077373199
3.3467381 -23.010326 -0.19637649
3.9179688 -23.021891 -0.19722366
5.0771484 -23.045362 -0.19929123
6.8714647 -23.08877 -0.20344329
7.4870896 -23.102507 -0.20509613
8.113183 -23.11648 -0.20690109
10.739863 -23.167072 -0.21565628
11.434589 -23.182308 -0.21829681
12.876249 -23.20962 -0.22415558
16.886171 -23.29677 -0.24299805
18.696054 -23.335012 -0.25252485
23.889589 4.6166239 -0.20548706
21.443085 4.6834126 -0.18536285
17.69416 4.7698021 -0.15476821
16.206367 4.7911839 -0.14272614
13.884238 4.8446951 -0.12419113
11.362812 4.9135151 -0.10455078
10.068047 4.9433508 -0.094724424
9.5072069 4.956275 -0.090546571
8.5206051 4.9790092 -0.083343811
7.6775584 4.998435 -0.077369228
6.8339648 4.9346123 -0.071188964
6.5067968 4.9416022 -0.069003597
5.4636326 5.0500011 -0.062833861
5.211699 5.0558057 -0.061322629
4.1080856 5.0812359 -0.055182189
3.9125781 5.0857415 -0.054190062
3.5413866 5.094295 -0.052396696
3.3646679 5.0983672 -0.051587675
3.193203 5.1023169 -0.05083267
3.0266211 5.1061554 -0.050128326
2.8644531 5.1098928 -0.049472045
2.5521483 5.1170893 -0.048291929
2.4013476 5.1205626 -0.047763214
2.253711 5.1239648 -0.047274016
1.6899219 5.1369548 -0.045669708
1.2657031 5.0536475 -0.043997191
0.6458984 5.1517386 -0.043847654
0.14548828 5.1632671 -0.043621674
0.020820312 5.1661396 -0.043629151
-0.22898437 5.1718946 -0.043720093
-0.3544336 5.1747856 -0.04380371
-0.48042968 5.1776886 -0.043914184
-0.60710937 5.1806064 -0.044050749
-0.73468751 5.1835456 -0.044214018
-1.2568555 5.1955748 -0.045142975
-1.39125 5.1986704 -0.045448914
-1.5275195 5.2018094 -0.045785215
-1.665957 5.2049999 -0.046153259
-1.9499804 5.2115431 -0.046992339
-2.553828 5.2254539 -0.049118195
-2.7138867 5.2291403 -0.049753264
-2.8782811 5.2329283 -0.0504364
-3.0473046 5.2368217 -0.051168364
-3.4010546 5.2449708 -0.052792054
-3.5867381 5.249248 -0.053690489
-4.4046483 5.2723455 -0.058019407
-4.6297851 5.2775316 -0.059288938
-5.1116796 5.2886333 -0.062115934
-5.3705859 5.2945971 -0.063690029
-5.9307423 5.3074999 -0.067213438
-6.5580664 5.32195 -0.071326442
-6.9018164 5.3298678 -0.073644407
-7.6622262 5.347384 -0.078910671
-9.4214544 5.3040953 -0.09131515
-13.222099 5.4669223 -0.12083115
-14.097051 5.4341049 -0.12759003
-16.794043 5.5588126 -0.14939697
-19.937773 5.5474138 -0.1747708
-22.546885 5.6907654 -0.19638626
-28.957304 5.8385119 -0.24947341
-12.892431 -24.145809 -0.23116577
-11.651807 -23.150333 -0.21887755
-10.04706 -22.618576 -0.20901717
-8.1995115 -22.773163 -0.20441239
-4.649785 -22.847286 -0.1969078
-3.5151367 -22.871367 -0.19542266
-2.3943944 -22.890566 -0.19437347
-1.283164 -22.91251 -0.19380569
2.0485156 -22.986956 -0.19489868
1.0333399 -9.1037989 -0.077384487
4.9008985 -23.041794 -0.19894835
6.6877732 -23.084669 -0.2029721
8.5573435 -23.12639 -0.20825408
9.2006054 -23.133314 -0.21025252
10.533731 -23.16255 -0.2148941
11.223398 -23.177677 -0.21748795
16.624981 -23.291164 -0.24166992
17.502773 -23.310009 -0.24617232
18.413984 -23.32884 -0.2509996
27.615135 4.4418201 -0.23621596
24.751991 4.5967512 -0.21261245
19.975937 4.7172227 -0.17334381
18.177988 4.7586536 -0.15869293
15.320292 4.8116026 -0.13561721
14.194863 4.8375378 -0.12665282
13.208535 4.8602667 -0.11886352
12.335917 4.8803744 -0.11203827
11.479355 4.8650975 -0.10529526
10.247402 4.939218 -0.096070558
9.6710157 4.9524994 -0.091760255
9.1437693 4.9646502 -0.087871246
8.6591597 4.9758172 -0.084342957
8.2117186 4.9861274 -0.081134491
7.7968163 4.9956884 -0.078203887
7.4106641 5.0045862 -0.075519711
7.0499215 5.0128984 -0.073056638
6.6030664 4.939383 -0.069641113
5.5420313 5.0481944 -0.063311614
5.2863669 5.0540867 -0.061765745
5.0427341 5.0597 -0.060328674
4.8100586 5.0650611 -0.058990937
4.5873437 5.0701933 -0.057743531
4.3737302 5.0751152 -0.056579895
4.1684179 5.0798469 -0.055495758
3.970742 5.0844011 -0.054481965
3.7800779 5.0887942 -0.053535461
3.076328 5.10501 -0.050336149
2.4464452 5.119523 -0.0479187
1.7311132 5.1360049 -0.045771789
1.3046288 5.0527487 -0.044070587
0.93767577 5.1450157 -0.044165801
0.55804688 5.1537619 -0.043778989
-0.19125 5.1710253 -0.043700103
-0.3165625 5.173912 -0.043775786
-0.56884766 5.1797247 -0.044006348
-0.69615233 5.1826582 -0.044160765
-1.0845312 5.1916056 -0.04479019
-1.6239843 5.2040324 -0.046039429
-1.7639843 5.2072577 -0.04643112
-1.9064844 5.2105408 -0.046856385
-2.0517187 5.2138858 -0.04731857
-2.5063672 5.2243605 -0.048935242
-2.9958398 5.2356353 -0.050942533
-3.3463085 5.2437091 -0.052531738
-3.5300779 5.2479429 -0.053413697
-3.853828 5.1715884 -0.054467771
-4.0552344 5.176228 -0.055531614
-5.2911716 5.292767 -0.063203886
-5.559453 5.2989469 -0.064860992
-5.8423634 5.3054638 -0.066648409
-6.1414843 5.3123541 -0.068577118
-6.4586129 5.3196592 -0.070663758
-7.155664 5.3357148 -0.075381771
-7.5407028 5.3445849 -0.078056179
-8.8540039 5.3576493 -0.087398067
-9.2410154 5.291409 -0.089929961
-11.294179 5.4225149 -0.10580398
-12.938906 5.4603992 -0.11860306
-13.921367 5.4830303 -0.12635849
-27.77792 5.8113451 -0.23967025
-7.4842772 -9.0532188 -0.09919998
-11.958603 -23.335634 -0.22144714
-11.016641 -22.839392 -0.21414199
-10.257597 -22.647003 -0.20996475
-8.9944143 -22.715631 -0.20633118
-8.385644 -22.768991 -0.20491821
-6.5704489 -22.809696 -0.20046356
-5.3985739 -22.831398 -0.19813384
-4.2514844 -22.855742 -0.19633347
-3.1219921 -22.876198 -0.19498505
-2.0054686 -22.898247 -0.19412215
-1.4502734 -22.909208 -0.19386367
-0.89625001 -22.920149 -0.1937152
0.2109375 -22.947639 -0.19380584
0.76550782 -22.959507 -0.19400711
1.3216015 -22.971403 -0.19432266
2.4407616 -22.995348 -0.19529098
3.0046484 -23.003401 -0.19592132
3.5730274 -23.01491 -0.19669555
4.1463475 -23.026516 -0.19759139
4.725215 -23.038239 -0.1986174
6.504961 -23.080591 -0.20251387
7.1148047 -23.094198 -0.20408249
8.3649807 -23.122099 -0.20766982
9.00459 -23.129015 -0.20961425
9.6597462 -23.143383 -0.21179534
12.433359 -23.200762 -0.22229995
13.172207 -23.215536 -0.22542572
14.716269 -23.246412 -0.23233566
17.234823 -23.304255 -0.24478805
18.13541 -23.322748 -0.24950957
9.4770117 -9.5490265 -0.11361954
29.256699 4.4878039 -0.24997161
25.676542 4.5754457 -0.22026229
18.687071 4.7469225 -0.1628308
16.815136 4.7062464 -0.14747268
15.691504 4.8030486 -0.13859177
14.518106 4.8300877 -0.12921952
13.492754 4.8537164 -0.12110168
12.588223 4.8745599 -0.11400329
10.431973 4.9349647 -0.097462311
7.9186912 4.9928794 -0.079060666
7.5242381 5.0019703 -0.076304473
7.1561327 5.0104504 -0.0737767
6.7011523 4.9371238 -0.070293881
5.8948436 5.0400648 -0.065499723
5.1149802 5.0580354 -0.060751952
4.6534958 5.0686693 -0.058110043
4.2294726 5.0784392 -0.055815123
3.6506641 5.0917759 -0.052911986
2.9616797 5.1076517 -0.049862519
2.4918358 5.1184783 -0.048076324
2.1958983 5.1252961 -0.047089841
1.9112109 5.131856 -0.046247862
1.6064843 5.0457945 -0.04472122
1.4742383 5.0488415 -0.044418182
1.3436913 5.0518494 -0.044146728
0.5958789 5.1528907 -0.043806762
0.47044921 5.1557803 -0.043722227
0.220625 5.1615362 -0.043629456
0.095996089 5.1644077 -0.043621521
-0.028730469 5.1672807 -0.043638762
-0.15359375 5.1701574 -0.043682098
-0.40439451 5.1759372 -0.043844908
-0.91468745 5.1876926 -0.044486236
-1.0449804 5.1906939 -0.044715576
-1.5822461 5.2030716 -0.04592758
-1.721543 5.2062798 -0.046309661
-1.8632812 5.2095447 -0.04672531
-2.1549218 5.2162638 -0.047663115
-2.4592578 5.2232742 -0.048755646
-2.616914 5.2269058 -0.049365234
-3.1158397 5.238399 -0.051473692
-3.4740429 5.2466526 -0.053141173
-3.9937108 5.1748099 -0.055202942
-4.7219529 5.2796555 -0.059818573
-5.2129688 5.2909651 -0.062727354
-5.4771094 5.2970505 -0.064348146
-5.7554688 5.3034625 -0.066095121
-6.3610349 5.3174109 -0.070017092
-6.6919918 5.3250346 -0.072224118
-7.0446677 5.3331604 -0.074619442
-7.4218163 5.3418469 -0.077225491
-7.8265038 5.3511682 -0.080068663
-8.733779 5.3720655 -0.08659485
-9.0807028 5.2877173 -0.088738404
-10.400869 5.4019394 -0.098977961
-12.666044 5.4541149 -0.11646194
-13.611953 5.4759026 -0.12391052
-15.953662 5.5394554 -0.14262146
-17.392979 5.5726089 -0.1542424
-21.116465 5.6578164 -0.18462326
-23.593428 5.7148705 -0.20501174
-24.664852 -8.7712622 -0.22108032
-15.923691 -8.920413 -0.15414459
-7.497695 -9.0268478 -0.36348221
-12.057705 -23.3955 -0.81526846
-11.098984 -22.8748 -0.7875514
-10.326142 -22.65873 -0.77130651
-7.224277 -22.794662 -0.74068356
-6.0366211 -22.817165 -0.7310859
-4.8772264 -22.841776 -0.72348046
-3.7390623 -22.865936 -0.71768934
-3.1757812 -22.875315 -0.71536797
-2.6159961 -22.886366 -0.71352971
-2.058789 -22.897369 -0.71211511
-1.5034375 -22.908337 -0.7111218
-0.94931638 -22.919277 -0.71054304
-0.3957617 -22.930206 -0.71037662
0.15785156 -22.946201 -0.71078217
0.7123242 -22.958063 -0.71147376
1.2682031 -22.969955 -0.71258706
2.9504492 -23.002808 -0.71835876
3.5184765 -23.014311 -0.72115982
4.6695704 -23.037622 -0.72811019
5.84582 -23.061445 -0.73692256
9.5966206 -23.142643 -0.77604461
10.264531 -23.157297 -0.7846157
11.647734 -23.187649 -0.80376136
12.363828 -23.199741 -0.81430042
13.100703 -23.214479 -0.82567799
13.858906 -23.229649 -0.83787704
17.150194 -23.302345 -0.8962149
26.498241 -9.8836603 -0.87603313
25.982635 4.5680175 -0.81716663
23.081522 4.6349115 -0.72923124
15.812226 4.8000326 -0.51186186
13.584883 4.851388 -0.44682616
11.66375 4.8118725 -0.39083174
8.8466597 4.9713516 -0.31433228
8.3850775 4.9819932 -0.30211669
7.5606637 5.0010009 -0.28078994
7.1901755 5.0095429 -0.27144378
6.7332811 4.9368134 -0.25861588
6.4121485 4.9436679 -0.25079376
6.2115426 5.0326538 -0.24762909
5.9216404 5.0393372 -0.24085297
5.6470704 5.0456657 -0.23457198
5.3862891 5.0516782 -0.22873931
4.9011326 5.0628629 -0.21826798
4.6745701 5.0680852 -0.21356612
4.2489452 5.0778966 -0.20508879
4.0483203 5.0825205 -0.20126908
3.8549218 5.0869794 -0.19770356
3.3124022 5.0994835 -0.18835479
2.977246 5.1072087 -0.18311416
2.8163867 5.1109171 -0.18075623
2.6595116 5.1145325 -0.17856094
2.356504 5.1215162 -0.17462616
2.0658789 5.1282134 -0.17125167
1.9246093 5.1314688 -0.16975906
1.7856641 5.1346707 -0.16838942
1.4868164 5.0484772 -0.16301818
1.3561132 5.0514879 -0.16201034
1.1010938 5.0666351 -0.16060242
0.73402339 5.1496344 -0.16112213
0.6079492 5.1525397 -0.16070724
0.48242188 5.1554313 -0.16038711
-0.016777344 5.1669331 -0.16004668
-0.26673827 5.1726904 -0.1604367
-0.39234373 5.1755848 -0.16077331
-0.64544922 5.1814146 -0.16173446
-1.0324218 5.1903291 -0.16392013
-1.1639843 5.1933599 -0.1648555
-1.4320898 5.1995349 -0.1670523
-1.5689844 5.2026887 -0.16832198
-1.7080859 5.2058916 -0.16970962
-1.9936523 5.2124701 -0.1728633
-2.9286523 5.2340026 -0.18577698
-3.2749023 5.2419767 -0.19145264
-3.6124609 5.2052112 -0.19625366
-4.6994724 5.279036 -0.2189244
-5.7280273 5.3027182 -0.24178176
-6.0204883 5.3094525 -0.2486444
-6.3302341 5.3165836 -0.2560614
-7.3843551 5.3408542 -0.28228775
-7.7862105 5.3501062 -0.29262754
-8.2189064 5.3600664 -0.3039363
-9.0303802 5.2864099 -0.32411957
-9.7326069 5.3863878 -0.34455809
-10.339238 5.4003534 -0.36131424
-15.82625 5.536284 -0.51934999
-17.244081 5.5689216 -0.56130314
-18.912188 5.6073222 -0.61101574
-23.331102 5.7084875 -0.74400389
-24.468544 -8.6377583 -0.80375618
-15.954482 -8.8892307 -0.56561643
-7.5731835 -8.9839411 -0.36396238
-12.427138 -23.687479 -0.82856923
-10.543135 -22.695856 -0.7751621
-9.2333298 -22.681332 -0.75854748
-6.8062692 -22.804037 -0.73715758
-5.628828 -22.825825 -0.72821951
-3.9094532 -22.862318 -0.71844482
-3.3454101 -22.874294 -0.71607435
-2.7844336 -22.883043 -0.7140376
-1.1162305 -22.915981 -0.7106719
-0.56257814 -22.926914 -0.71038574
0.54509765 -22.954485 -0.71122336
1.6577148 -22.978289 -0.71361005
3.3468163 -23.010834 -0.72027016
6.2651758 -23.074745 -0.7406233
6.8713083 -23.088268 -0.74616909
10.061699 -23.152849 -0.78196031
10.740156 -23.167734 -0.79099196
12.876445 -23.209995 -0.82216668
13.628047 -23.225031 -0.83411062
14.402266 -23.240517 -0.84692287
16.030254 -23.278303 -0.87548554
17.773867 -23.315735 -0.90812767
21.441776 4.6831312 -0.67982602
19.398945 4.7302356 -0.61849707
17.693281 4.7695627 -0.56762147
16.205585 4.7909622 -0.5234533
14.964004 4.819591 -0.4869647
13.883672 4.8444996 -0.45548323
11.362422 4.9133487 -0.38345063
10.683164 4.9290094 -0.36443818
10.067734 4.9431977 -0.34741363
8.9932222 4.9679737 -0.31824601
8.5203705 4.9788752 -0.3056781
8.0832424 4.9889526 -0.29423004
7.6773825 4.9983106 -0.28376663
7.2992187 5.0070295 -0.2741777
6.50666 4.9414892 -0.25307876
6.2372069 4.9787273 -0.24720138
6.0073242 5.0373611 -0.24284087
4.971406 5.0612426 -0.21975158
4.7418356 5.066535 -0.21494903
4.1080079 5.0811453 -0.20239425
3.7238085 5.0900011 -0.19535141
3.3646288 5.0982804 -0.18920989
3.0265625 5.1060729 -0.18385787
2.5521092 5.1170077 -0.1771199
2.2536719 5.1238861 -0.17338684
1.6899023 5.136879 -0.16750365
1.5265234 5.0475616 -0.16334167
1.1395508 5.0657487 -0.16083297
1.0123438 5.0686798 -0.16010346
0.77212888 5.1487565 -0.16126601
0.64587891 5.1516657 -0.16082184
0.52019531 5.154561 -0.16047317
0.27017578 5.1603217 -0.16006042
0.14546874 5.1631951 -0.15999283
0.020820312 5.1660662 -0.16001998
-0.10394531 5.168941 -0.16013946
-0.48041016 5.1776133 -0.16106552
-0.60710937 5.1805329 -0.16156478
-0.73468751 5.1834707 -0.16216217
-1.2568359 5.195498 -0.16557251
-1.6659374 5.2049217 -0.16927871
-1.8066602 5.2081633 -0.17075272
-2.096035 5.2148275 -0.1740889
-2.2451758 5.2182622 -0.17596221
-2.3976562 5.221776 -0.17798035
-2.5537696 5.2253699 -0.18015182
-2.8782227 5.232841 -0.18498778
-3.047246 5.2367334 -0.1876715
-3.2213476 5.2407432 -0.19054687
-3.400996 5.2448797 -0.19362564
-3.5866601 5.249155 -0.19692291
-3.7206836 5.172688 -0.19737075
-3.9136326 5.172874 -0.20092086
-4.1174021 5.1775656 -0.20490234
-4.6296873 5.2774296 -0.21745589
-4.8650193 5.2828484 -0.22245376
-5.1115818 5.2885265 -0.22782302
-5.3704686 5.294486 -0.23359649
-5.9306054 5.3073826 -0.24652007
-6.55791 5.3218255 -0.26160401
-6.90166 5.329741 -0.27010497
-7.2687302 5.3381915 -0.27934599
-8.0850191 5.3569846 -0.30041838
-8.8755369 5.2828441 -0.31992918
-9.4211817 5.3039351 -0.33489472
-10.150273 5.3960028 -0.35607314
-10.799473 5.4109488 -0.37415466
-11.518613 5.4275041 -0.39441529
-14.097041 5.4341021 -0.46797606
-15.439492 5.5273795 -0.50796491
-18.379179 5.5950522 -0.59509313
-22.54542 5.6904016 -0.72025061
-12.892451 -24.145844 -0.84786141
-10.762314 -22.733358 -0.77909738
-10.04706 -22.618574 -0.76662892
-8.1993942 -22.772791 -0.74972653
-6.3921094 -22.81333 -0.73386997
-5.8043747 -22.822094 -0.72942716
-0.17591797 -22.934549 -0.71042562
0.93294919 -22.962782 -0.71186692
2.0485156 -22.986647 -0.71484143
3.1755469 -23.007364 -0.71941864
4.9010153 -23.042309 -0.72971219
5.4883008 -23.054201 -0.73406386
6.0842185 -23.070707 -0.73905808
6.6876364 -23.084169 -0.74444324
7.9231639 -23.111734 -0.75679493
8.557148 -23.125879 -0.76380485
9.2008791 -23.133959 -0.77117962
9.8601751 -23.148424 -0.77936959
11.223711 -23.178345 -0.7977137
13.399238 -23.220453 -0.83042204
14.166426 -23.235798 -0.84295911
15.778164 -23.272888 -0.87094319
18.413633 -23.328426 -0.92059118
9.4554882 -9.3897314 -0.41276777
27.612968 4.4414735 -0.86631775
21.963867 4.6299682 -0.69529331
19.974823 4.7169561 -0.63574791
15.319629 4.8113904 -0.49738693
13.208027 4.8600788 -0.43594176
12.335468 4.8801966 -0.41091201
8.658906 4.9756808 -0.30933991
7.7966208 4.9955616 -0.2868242
7.4104686 5.0044641 -0.2769821
5.541914 5.0480909 -0.2322029
5.2862501 5.0539856 -0.22653702
5.0426364 5.0596008 -0.22126785
4.8099804 5.0649633 -0.21636046
4.1683593 5.0797544 -0.20354156
3.9706836 5.0843115 -0.19982331
3.78 5.0887065 -0.19635223
3.4173045 5.0970659 -0.1900827
3.0762889 5.1049261 -0.18461761
2.9128516 5.1086926 -0.18215728
2.7536132 5.1123633 -0.17986557
2.5982225 5.1159439 -0.17773239
2.4464061 5.1194434 -0.17575073
2.2978711 5.1228666 -0.17391357
1.7310742 5.1359296 -0.16787933
1.5664258 5.0466428 -0.1636769
1.3046093 5.0526757 -0.16163956
0.81035155 5.1478753 -0.16141921
0.30775389 5.1594553 -0.16009766
0.1830664 5.1623292 -0.16000411
-0.066347651 5.1680741 -0.16009429
-0.3165625 5.1738391 -0.16055863
-0.69613278 5.1825833 -0.16197173
-0.95376951 5.1885185 -0.16340759
-1.0845116 5.1915302 -0.16427796
-1.2166797 5.1945744 -0.16525604
-1.3505468 5.1976576 -0.16634293
-1.4862305 5.2007828 -0.16754317
-1.9064648 5.2104607 -0.17185837
-2.0516796 5.2138066 -0.17355117
-2.3513281 5.2207079 -0.17735596
-2.5063281 5.2242765 -0.17948028
-2.6651561 5.2279348 -0.18176392
-3.3462498 5.2436194 -0.19267593
-3.5300195 5.2478514 -0.19590698
-3.66291 5.1713572 -0.19629364
-4.0551562 5.1761327 -0.20367569
-5.2910547 5.2926579 -0.23181197
-5.5593357 5.2988348 -0.2378923
-5.8422461 5.3053489 -0.2444461
-6.7957029 5.3273001 -0.2674675
-7.155488 5.3355846 -0.27647659
-7.5405078 5.3444495 -0.2862837
-7.9541793 5.3539724 -0.2969957
-8.8539944 5.3576484 -0.32055664
-9.2407417 5.2912512 -0.32983351
-10.596963 5.4062872 -0.36849135
-12.938408 5.4601884 -0.43499601
-16.363272 5.548645 -0.53520292
-17.873154 5.5834031 -0.58000869
-7.4735351 -9.0402231 -0.36332351
-11.01665 -22.839399 -0.78545177
-8.9944143 -22.715628 -0.75677603
-8.3855076 -22.768618 -0.75157583
-6.5703321 -22.80933 -0.73525387
-5.3983984 -22.830715 -0.72668815
-4.2513475 -22.855062 -0.72008497
-3.6849804 -22.867085 -0.71746188
-3.1219921 -22.876377 -0.71517462
-0.8962695 -22.920326 -0.71050686
-0.34271485 -22.931253 -0.71038496
0.76552731 -22.959202 -0.71156341
1.8797461 -22.98304 -0.71428668
2.4407032 -22.995039 -0.71628177
3.5731249 -23.015419 -0.72144967
4.1464257 -23.027025 -0.72474176
4.7253122 -23.03875 -0.72849059
5.3105273 -23.050602 -0.73270428
5.9040232 -23.066687 -0.73753279
7.1146483 -23.093699 -0.74851406
7.7343163 -23.107521 -0.75479347
9.0048237 -23.129658 -0.76883131
10.329316 -23.15872 -0.78547013
11.014101 -23.173744 -0.79476631
11.715742 -23.189142 -0.80474949
13.172421 -23.215916 -0.82681257
13.932734 -23.231125 -0.8390882
16.366562 -23.285522 -0.88161474
17.234766 -23.304159 -0.89782697
26.498241 -9.8139133 -0.87527937
29.254335 4.4874377 -0.91676563
20.583612 4.702919 -0.65401739
18.686073 4.7466717 -0.59719276
16.814316 4.706018 -0.54084527
15.690801 4.8028312 -0.50829041
14.51748 4.829886 -0.47392043
13.492227 4.8535252 -0.44414672
11.59168 4.8135338 -0.38878965
11.084277 4.9197607 -0.37563965
9.297617 4.9609547 -0.32642835
8.8008394 4.9724078 -0.3131105
8.3427143 4.9829702 -0.3010048
7.9184766 4.9927521 -0.28996322
6.382441 4.9443531 -0.25008041
6.1830273 5.0333109 -0.24695709
5.8947263 5.039957 -0.24023056
5.6215038 5.0462565 -0.23399322
5.3619723 5.0522385 -0.22820221
5.1148825 5.0579357 -0.22281601
4.879004 5.0633726 -0.21780288
4.4371095 5.0735602 -0.2087767
3.8367772 5.0873985 -0.19737411
3.6506054 5.0916882 -0.19406493
3.2958984 5.099865 -0.188087
3.1264257 5.1037703 -0.18539307
2.9616406 5.1075697 -0.18288009
2.8011522 5.1112676 -0.18053924
2.4917967 5.1183977 -0.1763327
2.3422852 5.1218433 -0.17445251
1.7724805 5.1349754 -0.16826507
1.6064453 5.0457215 -0.16402191
1.0888867 5.0669165 -0.16053131
0.97621089 5.1440539 -0.16218078
0.72191405 5.1499138 -0.16107804
0.5958789 5.1528168 -0.16067229
-0.028730469 5.1672087 -0.16005722
-0.27873045 5.1729679 -0.16046493
-0.40437499 5.1758623 -0.16081008
-0.53066403 5.1787701 -0.16125183
-0.91466796 5.1876173 -0.16316451
-1.1766796 5.1936522 -0.16495056
-1.4451171 5.1998363 -0.16716872
-1.8632617 5.2094665 -0.17137405
-2.0076172 5.2127914 -0.17302719
-2.1549022 5.2161832 -0.17481597
-2.3053515 5.2196479 -0.17674561
-2.4592383 5.2231927 -0.17882416
-2.9447656 5.234374 -0.18603134
-3.2920313 5.2423697 -0.19174515
-3.4739842 5.246562 -0.1949089
-3.7945507 5.1701312 -0.19864868
-3.9936132 5.174715 -0.2024707
-4.2006445 5.1794825 -0.2065631
-4.4928126 5.2742777 -0.21460907
-5.4769921 5.2969394 -0.23601073
-6.3608985 5.3172894 -0.25680253
-7.0444922 5.3330302 -0.27368042
-7.4216208 5.3417125 -0.28324035
-8.7335253 5.3719144 -0.3176001
-10.400517 5.4017644 -0.36301848
-11.826396 5.4345899 -0.40315261
-15.952909 5.5391998 -0.52308553
-17.392099 5.572329 -0.56570196
-19.087772 5.6113653 -0.61626816
-23.591845 5.714489 -0.75189513
-26.685917 5.7858047 -0.84581143
-24.66544 -8.7714748 -0.81088763
-15.922529 -8.9197683 -0.56532013
-7.4869137 -9.0138855 -0.6273303
-13.669931 -25.021463 -1.526448
-11.099004 -22.874809 -1.3611722
-10.326152 -22.658731 -1.3331102
-9.0519333 -22.707365 -1.3087144
-7.8297458 -22.780708 -1.2896341
-7.2241602 -22.794294 -1.2801574
-6.6270313 -22.80769 -1.2715509
-6.0364256 -22.816479 -1.263551
-5.4537306 -22.828852 -1.2565789
-4.8770704 -22.841099 -1.2504097
-4.3057032 -22.853228 -1.2450169
-3.1758204 -22.87549 -1.2364281
-2.6160157 -22.886545 -1.2332547
-2.058789 -22.897547 -1.2308095
-0.3957617 -22.930384 -1.2278047
0.1578711 -22.945896 -1.2284808
1.2681836 -22.969648 -1.2315969
1.8261328 -22.981586 -1.2342427
2.3867967 -22.993578 -1.2376212
2.9505272 -23.003313 -1.2416151
5.2542577 -23.049978 -1.2656925
5.8459764 -23.061964 -1.2737166
6.4467578 -23.078302 -1.2828437
8.9430075 -23.128941 -1.3275915
10.948105 -23.172956 -1.3721015
12.364042 -23.200113 -1.4074366
14.640586 -23.24567 -1.4707757
15.449843 -23.265749 -1.4952011
16.28496 -23.283676 -1.5211767
17.150116 -23.302248 -1.5489937
18.046856 -23.319998 -1.5786692
26.450859 -9.8659782 -1.5113962
25.980761 4.5676856 -1.4122641
23.080057 4.6346097 -1.2602988
18.85252 4.742557 -1.0407524
16.910059 4.6906581 -0.93950289
14.622363 4.8272491 -0.82439297
12.669316 4.8723068 -0.72670889
11.66334 4.8117018 -0.67547101
11.149961 4.9180732 -0.6524229
10.491094 4.9332733 -0.62065834
9.8930464 4.9470692 -0.59217328
8.846426 4.9712129 -0.54326695
8.3848629 4.9818597 -0.52215421
7.5604687 5.0008759 -0.48529693
7.1900196 5.0094209 -0.46914381
6.4119921 4.9435577 -0.43346053
6.2113867 5.0325446 -0.42798582
5.6469531 5.0455613 -0.40541869
5.1379294 5.0573015 -0.38596418
4.9010348 5.0627646 -0.37724197
4.6744919 5.0679889 -0.36911345
4.2488866 5.0778031 -0.35446441
3.8548632 5.0868897 -0.34169814
3.4874413 5.0953617 -0.33056334
3.3123436 5.0993981 -0.32554245
2.816328 5.1108351 -0.31240904
1.785625 5.1345944 -0.29103577
1.6191992 5.045351 -0.28367934
1.3560742 5.0514154 -0.280009
1.226914 5.0543914 -0.27845138
0.86078125 5.1466389 -0.27935973
0.60792965 5.1524663 -0.27775726
0.48242188 5.1553574 -0.27720413
0.35736328 5.1582389 -0.27681488
0.23255859 5.1611152 -0.27658707
0.10791016 5.1639862 -0.276521
-0.016777344 5.1668591 -0.27661622
-0.14160156 5.169735 -0.27687225
-0.39232421 5.1755099 -0.27787292
-0.5184961 5.1784172 -0.27861893
-0.64544922 5.1813407 -0.27953354
-1.2971289 5.196352 -0.28673002
-1.4320703 5.1994572 -0.28872466
-1.7080468 5.2058129 -0.29331771
-1.8495116 5.2090712 -0.29593062
-2.9285936 5.2339153 -0.32108748
-3.0991015 5.2378411 -0.32582259
-3.9741406 5.1741734 -0.3492848
-4.4712892 5.273685 -0.37015441
-4.9379687 5.2844257 -0.3872017
-5.1881247 5.2901835 -0.39668563
-5.4509959 5.2962332 -0.40688932
-6.0203514 5.3093348 -0.42974213
-6.3300977 5.3164639 -0.44255996
-7.009531 5.332099 -0.47150114
-7.3841796 5.3407202 -0.48788664
-8.2186718 5.3599229 -0.52530205
-9.0301266 5.2862549 -0.56018013
-11.750507 5.4326572 -0.69306374
-12.580341 5.4517517 -0.73403245
-15.825518 5.5360279 -0.89759016
-17.243252 5.5686455 -0.97009319
-18.911152 5.6070175 -1.0560066
-20.902372 5.6522703 -1.1592374
-24.422441 -8.6214771 -1.3865793
-12.427129 -23.687485 -1.4320817
-11.361006 -22.987463 -1.3727751
-10.543144 -22.695858 -1.3397731
-8.630332 -22.758108 -1.3030769
-8.014082 -22.776575 -1.2926679
-7.4057422 -22.790222 -1.2829188
-5.6286521 -22.825138 -1.2585931
-5.0502734 -22.83742 -1.2521824
-4.4774022 -22.849585 -1.2465589
-3.9093359 -22.861645 -1.2417074
-3.3453124 -22.873617 -1.2376101
-1.6706641 -22.905212 -1.2295332
-1.1162109 -22.916159 -1.2283155
-0.56257814 -22.92709 -1.2278146
0.5451172 -22.95418 -1.2292422
1.1004883 -22.966061 -1.2309418
1.6577148 -22.977983 -1.2333679
2.2174804 -22.989958 -1.2365263
3.346875 -23.011343 -1.2449188
4.4947462 -23.034592 -1.2564619
5.6668358 -23.058334 -1.2711987
6.265039 -23.074249 -1.28005
6.871172 -23.087769 -1.2896292
9.3984175 -23.138937 -1.3370743
10.061953 -23.1535 -1.3515576
10.740488 -23.168398 -1.3671647
11.435254 -23.183651 -1.3839626
13.628262 -23.225412 -1.4416763
16.030176 -23.278208 -1.5131618
18.695351 -23.334171 -1.6007479
17.343321 -9.6809568 -1.0633409
21.440487 4.6828489 -1.1749181
16.204844 4.79074 -0.90467626
14.963359 4.8193822 -0.84161896
12.933535 4.8662109 -0.73981345
11.895098 4.806356 -0.68684965
11.362031 4.9131818 -0.66272271
10.682813 4.9288507 -0.62986225
8.5201368 4.9787397 -0.5283106
8.0830269 4.9888225 -0.50852323
7.6771874 4.9981842 -0.49044204
7.2990623 5.0069075 -0.47386795
6.833652 4.9343791 -0.45126051
6.2372069 4.9787321 -0.42725676
5.7282028 5.0436883 -0.40860504
5.463418 5.0497956 -0.39829743
4.9713087 5.0611439 -0.37980545
4.7417579 5.0664387 -0.37150374
4.5218554 5.0715075 -0.36376387
3.7237499 5.0899124 -0.33763534
3.5412695 5.094121 -0.33214599
3.3645701 5.0981951 -0.32701996
2.8643749 5.1097269 -0.31360641
2.4012694 5.1204033 -0.30277586
2.2536328 5.1238065 -0.29967207
1.8272656 5.133635 -0.29172775
1.5265039 5.0474877 -0.28231141
1.2656835 5.0534992 -0.27890244
1.0123242 5.0686064 -0.27671418
0.77212888 5.1486826 -0.27872375
0.52019531 5.1544871 -0.27735427
0.39499998 5.1573715 -0.27691573
0.14546874 5.1631212 -0.27652374
0.020820312 5.1659937 -0.27657029
-0.10394531 5.1688681 -0.27677733
-0.22898437 5.1717486 -0.2771472
-0.48041016 5.1775393 -0.27837723
-0.86324215 5.1863575 -0.28147826
-1.1241602 5.1923666 -0.28442001
-1.3912109 5.1985168 -0.28810316
-1.9499218 5.2113833 -0.29788834
-2.0960157 5.2147474 -0.30088514
-2.2451367 5.2181807 -0.3041223
-2.5537305 5.225286 -0.31136444
-2.7138085 5.2289715 -0.31539702
-2.8781836 5.2327561 -0.31972304
-3.2213085 5.240654 -0.32933119
-3.7205858 5.1725941 -0.34111893
-4.1173244 5.1774693 -0.35414246
-4.4044724 5.2721467 -0.36778778
-4.6296091 5.2773275 -0.37583679
-4.8649216 5.2827444 -0.38447538
-5.1114645 5.2884183 -0.39375535
-5.9304881 5.3072672 -0.42607084
-6.2348242 5.3142719 -0.43858963
-6.901484 5.3296123 -0.46682984
-7.2685547 5.3380589 -0.48280105
-8.0848045 5.3568425 -0.51922178
-8.5414839 5.3673496 -0.54007053
-8.8752928 5.282692 -0.55294669
-10.799111 5.410769 -0.64665794
-14.097031 5.4341002 -0.80884033
-16.792412 5.5582724 -0.94698155
-19.935488 5.5467715 -1.1078252
-22.543983 5.6900363 -1.2447803
-24.955517 5.661706 -1.3700056
-7.6366992 -8.9266891 -0.62892783
-11.651816 -23.150358 -1.3875277
-10.762314 -22.733356 -1.3465676
-10.04705 -22.61857 -1.325016
-9.41539 -22.655199 -1.313464
-7.5881052 -22.786129 -1.2857634
-6.9859958 -22.799639 -1.2766368
-5.2239842 -22.833733 -1.2540293
-4.0800781 -22.858019 -1.2430894
-3.5149412 -22.870016 -1.2387676
-1.8380078 -22.901907 -1.2300398
0.37796873 -22.950605 -1.2288702
1.0331249 -9.1019716 -0.49044022
3.1756444 -23.007874 -1.2434499
3.7454686 -23.019417 -1.2485983
4.3203516 -23.031059 -1.2545187
5.4883986 -23.054718 -1.2687747
6.6875 -23.083672 -1.2866442
7.3001757 -23.097338 -1.2968539
7.9229879 -23.111227 -1.3079942
8.5569525 -23.125366 -1.3200893
9.2011127 -23.134604 -1.3329216
9.8604689 -23.149078 -1.3470786
11.224023 -23.179012 -1.3787757
11.929453 -23.191418 -1.3962282
12.654316 -23.205923 -1.4150846
14.16664 -23.236185 -1.4569647
14.959922 -23.255234 -1.4803759
15.778105 -23.272797 -1.505303
16.624863 -23.290974 -1.531994
18.413321 -23.328011 -1.5910902
27.6108 4.4411249 -1.4971992
24.748573 4.5961151 -1.3476143
18.176094 4.7581635 -1.0058844
15.318945 4.8111777 -0.85962796
11.479375 4.8651023 -0.66748756
10.880351 4.9242926 -0.63938063
9.1432619 4.9643645 -0.55699861
8.2112885 4.9858646 -0.51429856
7.0495896 5.012661 -0.46309692
6.6027536 4.9391556 -0.44144806
6.29 4.9463696 -0.42839736
6.094336 5.035243 -0.423226
5.8107224 5.0417848 -0.41186446
5.5418162 5.0479875 -0.40132508
5.2861524 5.0538836 -0.39153257
5.0425391 5.0595012 -0.38242477
4.8098826 5.0648661 -0.3739444
4.5871677 5.0700016 -0.36604035
4.3735743 5.0749278 -0.35866714
3.595664 5.0928659 -0.33376127
3.2442577 5.1009693 -0.32364225
2.7535546 5.1122832 -0.31086913
2.5981836 5.1158628 -0.30718338
2.446367 5.1193638 -0.30375838
2.0094531 5.129436 -0.29493195
1.8691211 5.1326704 -0.29243773
1.4346875 5.049603 -0.28103575
1.0505469 5.0677271 -0.27707595
0.55802733 5.1536155 -0.27751815
0.30775389 5.1593828 -0.2767047
0.1830664 5.1622553 -0.27654174
0.058398437 5.1651282 -0.27653959
-0.066328123 5.1679997 -0.27669784
-0.19125 5.1708784 -0.27701828
-0.31654295 5.1737647 -0.27750182
-0.44236326 5.1766639 -0.27814865
-0.56880856 5.1795764 -0.27896225
-0.69613278 5.1825094 -0.27994385
-0.95376951 5.1884437 -0.28242415
-1.0844922 5.1914539 -0.28393021
-1.9064257 5.210382 -0.29702988
-2.1998436 5.2171388 -0.30312103
-2.8281446 5.2316041 -0.31838652
-3.5299609 5.2477603 -0.33859283
-3.662832 5.1712651 -0.33926392
-3.8536913 5.171402 -0.34527573
-4.3384767 5.2706275 -0.36546919
-4.5607028 5.2757425 -0.37335035
-5.0358982 5.2866797 -0.39088684
-5.2909374 5.2925487 -0.40064847
-5.5592184 5.2987232 -0.41115692
-5.8421092 5.3052335 -0.42248243
-6.1412301 5.3121176 -0.4347122
-6.4583201 5.3194132 -0.44793823
-7.5403123 5.3443127 -0.49479538
-8.4000387 5.3640952 -0.53358001
-11.293408 5.4221416 -0.6706863
-15.068671 5.5186148 -0.85912716
-17.872246 5.5831165 -1.0024225
-19.339697 5.5328794 -1.0769218
-21.806894 5.6730795 -1.2063279
-13.606894 -25.043503 -1.5258713
-11.01665 -22.839399 -1.3575445
-9.6039743 -22.642738 -1.3167588
-8.9944038 -22.715622 -1.3079867
-8.3853712 -22.768242 -1.2989819
-7.7713084 -22.782021 -1.2886859
-7.1666012 -22.795586 -1.2792974
-5.9803319 -22.817671 -1.2628495
-5.398242 -22.83003 -1.2559543
-4.8220897 -22.842264 -1.2498583
-3.1220312 -22.876553 -1.236093
-0.8962695 -22.920502 -1.228031
-0.34273437 -22.931431 -1.2278146
0.21091796 -22.947031 -1.2285658
0.76550782 -22.958897 -1.2298309
1.321582 -22.970791 -1.2318205
1.879707 -22.982731 -1.2345331
4.7254295 -23.039263 -1.2591302
5.9039063 -23.066193 -1.2747036
6.5046873 -23.079594 -1.2837467
7.1144724 -23.093195 -1.2936791
9.0050974 -23.130304 -1.328863
9.6602926 -23.144684 -1.3426965
10.329609 -23.15938 -1.3576221
11.014453 -23.174414 -1.3736916
11.716074 -23.189816 -1.3909761
12.43375 -23.201508 -1.40926
13.172656 -23.216295 -1.429062
13.932949 -23.23151 -1.45028
17.234688 -23.304064 -1.5517646
9.4311132 -9.5027723 -0.71677405
29.251932 4.487072 -1.5843775
25.672871 4.5747895 -1.396095
22.510078 4.5743594 -1.2297715
20.582422 4.7026463 -1.1303147
18.685097 4.7464194 -1.0321143
15.690117 4.8026147 -0.87847143
12.587265 4.8741999 -0.72264647
11.083906 4.9195976 -0.64922124
10.431328 4.9346514 -0.61779523
9.8386135 4.9483237 -0.58959526
9.2973433 4.9608111 -0.56417298
8.8005857 4.9722705 -0.54115671
7.1557813 5.0102105 -0.46766615
6.7008395 4.9368939 -0.44559264
6.3823047 4.9442406 -0.43222168
5.6213865 5.0461521 -0.40441909
5.3618555 5.0521379 -0.39440855
4.4370313 5.0734653 -0.36083603
4.0294337 5.0828643 -0.34725434
3.8366992 5.0873089 -0.3411299
3.6505272 5.0916014 -0.33540955
3.4704101 5.0957541 -0.33006668
3.2958398 5.0997796 -0.32507917
2.9615819 5.1074872 -0.31608078
2.8011131 5.111186 -0.31203309
2.6446288 5.1147923 -0.30826584
2.052207 5.128449 -0.29572585
1.6064258 5.0456457 -0.28348571
1.4741992 5.0486932 -0.28157577
1.3436328 5.051703 -0.27985305
1.0888672 5.066843 -0.2774533
0.9761914 5.1439805 -0.2803041
0.84861326 5.1469207 -0.27926728
0.7218945 5.1498404 -0.27839842
0.59585935 5.1527433 -0.277697
0.34539062 5.158515 -0.27678633
0.095976561 5.1642628 -0.27652267
-0.028730469 5.1671348 -0.27663359
-0.27873045 5.172894 -0.27733964
-0.53064454 5.1786962 -0.27869904
-0.65765625 5.181623 -0.27963042
-0.78560543 5.1845703 -0.28073105
-1.0449414 5.1905427 -0.28345734
-1.1766602 5.1935754 -0.2850917
-1.309961 5.1966467 -0.28691283
-1.4450781 5.1997571 -0.28892577
-2.4591796 5.2231083 -0.30907011
-2.9447265 5.2342882 -0.32152617
-3.1157422 5.2382231 -0.32629365
-3.2919726 5.242281 -0.33140075
-3.4739256 5.2464705 -0.33686936
-3.7944725 5.1700382 -0.3433325
-4.2005663 5.1793847 -0.3570143
-4.7217774 5.2794499 -0.37919447
-5.4768748 5.2968283 -0.40790665
-5.7552147 5.3032341 -0.41897902
-6.691699 5.3247843 -0.45782942
-7.4214454 5.3415775 -0.48953214
-7.8260937 5.3508892 -0.5075531
-8.2619143 5.3609166 -0.52727127
-9.7879782 5.3875036 -0.59814942
-10.400186 5.4015903 -0.62740958
-11.825986 5.4343948 -0.69677132
-12.665097 5.4537015 -0.73823714
-14.448174 5.4109144 -0.82596612
-15.952158 5.5389423 -0.90404344
-17.391211 5.5720496 -0.97768879
-19.086739 5.6110578 -1.0650839
-20.501923 -11.619189 -1.7945879
-20.202772 -12.103017 -1.7934561
-19.892481 -12.579299 -1.7923425
-19.571093 -13.047748 -1.7912475
-18.542353 -14.403595 -1.7880254
-18.17873 -14.838288 -1.7869862
-17.805126 -15.264033 -1.7859683
-17.421825 -15.680556 -1.7849723
-17.028975 -16.087709 -1.7839988
-15.795772 -17.250689 -1.7812181
-15.367207 -17.618229 -1.7803391
-7.4757223 -9.0003738 -0.8909983
-13.728974 -19.201899 -1.7975934
-13.261425 -19.527548 -1.7975825
-11.316855 -20.714525 -1.7975366
-8.9606447 -20.990908 -1.7380774
-8.3739252 -21.006618 -1.7221369
-7.797441 -21.02187 -1.707453
-7.2303123 -21.036695 -1.6939856
-6.1207032 -21.065166 -1.6705178
-4.5105076 -21.12455 -1.6449574
-3.9992969 -21.227097 -1.6449443
-3.4857616 -21.317234 -1.644931
-2.9702148 -21.394955 -1.6449176
-1.4144531 -21.553286 -1.644877
-0.8938086 -21.580975 -1.6448632
-0.3726953 -21.596094 -1.6448495
0.66992188 -21.588514 -1.6448216
2.2300975 -21.482967 -1.6447797
2.7478905 -21.422651 -1.6447654
4.3172655 -21.299047 -1.6549708
4.8565626 -21.305019 -1.6640592
5.9570117 -21.324858 -1.6861213
6.5188084 -21.334713 -1.6988488
7.0893946 -21.344545 -1.7127621
10.080039 -21.335531 -1.7969699
10.591992 -21.085859 -1.7969549
11.596972 -20.549797 -1.7969254
12.574961 -19.965899 -1.7968966
13.523574 -19.33551 -1.7968682
14.440702 -18.660076 -1.7968404
15.324121 -17.941183 -1.7968135
15.752597 -17.565989 -1.7968001
16.981815 -16.379887 -1.7967618
17.372108 -15.965102 -1.7967492
18.122089 -15.107978 -1.7967252
18.481327 -14.666096 -1.7967134
18.829746 -14.215668 -1.7967018
19.167246 -13.756973 -1.7966906
19.808594 -12.815833 -1.796669
18.673475 -10.840394 -1.6442894
19.408516 -9.4607782 -1.6442631
19.631113 -8.9895382 -1.6442549
23.17535 -4.4100513 -1.796538
23.433456 -2.7217059 -1.7965227
23.568808 -1.019133 -1.7965109
23.590508 0.11941955 -1.7965046
23.580702 0.68876249 -1.7965022
23.468964 2.3930407 -1.7964967
21.8475 2.7619684 -1.6769899
21.263985 3.7383721 -1.6441488
21.167559 4.2505126 -1.6441489
21.058828 4.7601752 -1.6441493
18.851503 4.7423038 -1.4803265
16.909218 4.6904278 -1.3363056
14.621737 4.8270426 -1.172599
13.583808 4.8510032 -1.0984321
12.668847 4.8721232 -1.0336543
11.66293 4.811532 -0.96077591
9.8927536 4.946918 -0.84230113
7.9573631 4.9915867 -0.71533203
7.5602732 5.0007524 -0.69028699
6.4118552 4.9434443 -0.61654854
6.2112498 5.0324335 -0.60876942
4.9009571 5.0626659 -0.53659135
4.6743946 5.0678935 -0.52503151
3.4873827 5.0952759 -0.47019744
3.3122852 5.0993133 -0.4630557
3.1423633 5.1032324 -0.4563899
2.9771483 5.1070428 -0.45017135
2.5062499 5.1179023 -0.43396163
2.209707 5.1247396 -0.42499298
2.0658202 5.128057 -0.42100966
1.3560742 5.0513401 -0.3982901
1.1010547 5.0664887 -0.39482954
0.86078125 5.1465635 -0.39736602
0.7340039 5.149487 -0.39610761
0.35736328 5.158165 -0.3937465
0.23255859 5.1610413 -0.39342225
-0.016777344 5.1667862 -0.39346328
-0.14160156 5.169661 -0.39382735
-0.26673827 5.1725426 -0.39442292
-0.39232421 5.1754365 -0.39525086
-0.5184961 5.1783433 -0.39631301
-0.64542967 5.1812663 -0.39761382
-0.90222657 5.1871805 -0.40094465
-1.1639649 5.1932077 -0.40528518
-1.2971094 5.1962743 -0.4078491
-1.4320507 5.1993804 -0.41068739
-1.5689453 5.2025332 -0.41380799
-1.8494922 5.2089915 -0.42093733
-1.9935937 5.2123089 -0.42497116
-2.2907226 5.2191496 -0.434046
-2.4442382 5.222683 -0.43911895
-2.7628319 5.2300153 -0.45043379
-2.9285545 5.233829 -0.45671812
-3.0990624 5.2377534 -0.46345472
-3.274785 5.2417979 -0.47067183
-3.4561718 5.2459717 -0.47839949
-3.6124609 5.2052011 -0.48249558
-3.778203 5.1728654 -0.48781356
-3.9740624 5.1740789 -0.49682692
-4.180254 5.1788244 -0.50682634
-4.937871 5.2843199 -0.55076009
-5.1880274 5.2900758 -0.56425017
-6.3299413 5.3163428 -0.62949979
-6.658906 5.3239088 -0.64924091
-7.0093746 5.3319702 -0.67066604
-7.3840036 5.3405852 -0.69397116
-7.78582 5.3498278 -0.71938795
-8.2184572 5.359777 -0.7471891
-8.6861715 5.3705344 -0.7776978
-9.0298529 5.2860999 -0.79680586
-11.007568 5.4153905 -0.93420529
-11.750078 5.4324646 -0.98580557
-13.514482 5.4730353 -1.1103539
-18.910137 5.6067133 -1.5020216
-20.855625 5.6395874 -1.6452612
-21.209238 4.1159458 -1.6452781
-23.364658 3.3737524 -1.7977393
-23.439325 2.808852 -1.7977439
-23.500322 2.2422919 -1.7977483
-23.547655 1.6744567 -1.7977524
-23.601131 0.53615415 -1.7977594
-23.607256 -0.033645019 -1.7977624
-23.49412 -2.3093004 -1.7977705
-23.355331 -3.4403789 -1.7977723
-23.265547 -4.0030971 -1.7977728
-23.1621 -4.5634489 -1.7977728
-23.045223 -5.1211529 -1.7977723
-22.914902 -5.6758709 -1.7977716
-20.845409 -6.797545 -1.6697069
-20.193642 -7.6816602 -1.645309
-20.002295 -8.1668043 -1.6453063
-19.799345 -8.647171 -1.6453032
-19.584883 -9.1225033 -1.6452998
-19.358868 -9.5925226 -1.6452961
-19.121601 -10.056961 -1.6452922
-20.29413 -11.957973 -1.7937952
-19.669062 -12.907385 -1.7915756
-19.340136 -13.370265 -1.7904941
-19.000244 -13.824775 -1.7894092
-18.649981 -14.270847 -1.7883427
-17.91877 -15.136686 -1.7862726
-17.538378 -15.556005 -1.7852702
-17.148397 -15.966021 -1.7842898
-15.497255 -17.508535 -1.7806015
-14.668535 -18.278698 -1.7847695
-13.403183 -19.430563 -1.7975858
-11.467265 -20.63168 -1.7975402
-10.965908 -20.902294 -1.7975281
-9.1396675 -20.986078 -1.7431346
-7.9701757 -21.017319 -1.7117511
-7.4003124 -21.03227 -1.6979213
-6.2860351 -21.060966 -1.673769
-5.2014256 -21.092876 -1.6544029
-4.1536522 -21.197474 -1.6449482
-2.6090233 -21.441936 -1.6449083
-2.0907421 -21.498459 -1.6448947
-0.52978516 -21.592808 -1.6448536
0.51283205 -21.592916 -1.6448258
1.0338281 -21.574013 -1.6448119
2.0736914 -21.498657 -1.6447837
1.0991406 -9.0927343 -0.69749492
4.1560349 -21.298019 -1.6524966
5.7892966 -21.32188 -1.6825134
6.3486328 -21.331751 -1.6948918
7.4937496 -21.351398 -1.7232066
8.0813866 -21.361206 -1.7392389
10.43832 -21.162424 -1.7969594
10.945937 -20.904118 -1.7969445
11.447187 -20.633684 -1.7969298
12.429395 -20.056881 -1.7969009
12.909746 -19.750893 -1.7968867
14.304609 -18.764666 -1.7968446
15.624355 -17.680157 -1.7968042
9.6252346 -9.420207 -1.0256231
17.255566 -16.09112 -1.7967529
18.011719 -15.239436 -1.7967286
19.396484 -13.431794 -1.7966828
20.021816 -12.479935 -1.7966615
18.594141 -10.975956 -1.6442922
17.342421 -9.6804428 -1.5125176
19.101933 -10.065765 -1.6442742
19.779863 -8.6572113 -1.6442492
21.783867 -7.7093649 -1.7597319
22.423496 -7.3317065 -1.7965723
22.593847 -6.7883234 -1.7965652
22.894901 -5.6900558 -1.7965518
23.413065 -2.8921046 -1.7965242
23.475996 -2.3261812 -1.7965198
23.525312 -1.758894 -1.7965156
23.582655 -0.62155914 -1.7965086
23.590742 -0.052207641 -1.7965056
23.585077 0.51719296 -1.7965029
23.4858 2.2222388 -1.7964971
22.890156 2.7247539 -1.7554569
21.290625 3.5835876 -1.6441489
21.092871 4.606853 -1.6441492
13.882539 4.8441076 -1.1197089
12.933046 4.8660245 -1.0522953
11.36164 4.9130139 -0.94264984
10.682461 4.92869 -0.89591163
10.067129 4.9428935 -0.85406363
9.5063868 4.9558363 -0.81640595
8.9927149 4.9676924 -0.78236276
8.0828123 4.9886923 -0.72332585
7.6769919 4.9980583 -0.69760495
6.8334765 4.9342637 -0.64186895
6.2372265 4.9787378 -0.6077441
6.0070701 5.0371428 -0.59699875
5.7280664 5.0435834 -0.58120221
5.4633007 5.0496917 -0.5665428
4.971211 5.0610447 -0.54023808
4.3107615 5.076282 -0.50715131
4.1078515 5.0809622 -0.49756607
3.5412109 5.0940332 -0.47244781
2.7063086 5.1132898 -0.44056427
2.5520313 5.1168475 -0.43543592
2.2536132 5.1237273 -0.42625868
2.1089063 5.1270633 -0.42217696
1.5264844 5.0474133 -0.401564
1.265664 5.0534244 -0.39671537
1.1395117 5.0656023 -0.39539626
1.0123047 5.0685334 -0.39360306
0.77210933 5.1486096 -0.39646178
0.52017576 5.1544142 -0.39451292
0.39499998 5.1572981 -0.39388946
0.27015623 5.1601744 -0.39349654
0.14546874 5.1630473 -0.39333251
0.020820312 5.1659198 -0.39339814
-0.10394531 5.1687946 -0.39369354
-0.73466796 5.183321 -0.39866468
-0.99300778 5.1892719 -0.4023439
-1.3911914 5.1984396 -0.40980238
-1.5274609 5.2015777 -0.41283613
-1.6658789 5.2047644 -0.41615966
-1.8066015 5.2080045 -0.41978469
-2.397578 5.2216086 -0.43755171
-2.878125 5.2326689 -0.4547798
-3.0471485 5.2365589 -0.46137586
-3.4008789 5.2446985 -0.47601455
-3.5865428 5.2489715 -0.48412016
-3.9134765 5.1726856 -0.49394637
-4.4043946 5.272047 -0.52314442
-4.6294923 5.277225 -0.53459388
-4.8648243 5.282639 -0.54688179
-5.3702345 5.2942657 -0.57427573
-5.6427536 5.3005362 -0.58956087
-6.5575976 5.321578 -0.64312238
-7.2683592 5.3379259 -0.68673593
-7.6616406 5.3469715 -0.71148956
-8.08459 5.356699 -0.73854172
-8.5412502 5.3672009 -0.76819694
-8.8750296 5.2825389 -0.78651726
-9.4206057 5.3036137 -0.82327986
-10.798759 5.4105883 -0.91980088
-11.517802 5.4271226 -0.96960479
-12.319629 5.4455595 -1.025737
-13.220527 5.4662762 -1.0894423
-15.438125 5.5268817 -1.2487257
-20.947842 5.2871399 -1.6452655
-21.069405 4.7800231 -1.6452711
-21.17873 4.2701249 -1.6452765
-21.275644 3.7577026 -1.6452817
-23.41827 2.979284 -1.7977426
-23.483377 2.4132135 -1.7977471
-23.534872 1.8457061 -1.7977513
-23.596582 0.70783263 -1.7977585
-23.606846 0.13810699 -1.7977614
-23.586054 -1.0012673 -1.7977666
-23.555058 -1.5702454 -1.7977685
-23.510302 -2.1383333 -1.7977701
-23.379774 -3.2703733 -1.7977722
-22.955585 -5.509016 -1.7977719
-21.321201 -6.7815137 -1.7038226
-20.424971 -7.0436363 -1.645312
-19.650663 -8.9797783 -1.6453009
-19.194317 -9.9175892 -1.6452934
-20.676805 -11.324031 -1.7952784
-20.080858 -12.29313 -1.7930115
-19.766083 -12.766316 -1.7919053
-19.440449 -13.231618 -1.7908179
-18.75662 -14.137309 -1.788662
-18.399139 -14.577332 -1.7876099
-17.266914 -15.84343 -1.784583
-16.870361 -16.246784 -1.7836186
-16.464668 -16.640461 -1.7826773
-16.049952 -17.024225 -1.7817596
-15.626513 -17.397905 -1.780866
-7.3764844 -9.0561953 -0.88948184
-14.410937 -18.59145 -1.7913232
-13.544238 -19.332645 -1.7975891
-11.117715 -20.822042 -1.7975318
-9.9249611 -20.964699 -1.7663919
-8.7263279 -20.997204 -1.7315881
-6.4519334 -21.05674 -1.67712
-5.9038477 -21.070646 -1.6663868
-3.2812304 -21.349611 -1.6449256
-2.7649415 -21.422424 -1.6449124
-2.2470703 -21.482754 -1.6448988
-1.7278711 -21.530527 -1.6448852
0.35572264 -21.596113 -1.64483
1.3974609 -21.553415 -1.6448021
1.9172266 -21.513205 -1.644788
4.5306053 -21.300289 -1.6583636
5.0729489 -21.308979 -1.6680905
6.1791797 -21.328779 -1.691038
6.7443552 -21.338623 -1.7042329
7.3187304 -21.348442 -1.7186298
9.1060543 -21.377872 -1.7695264
9.7266407 -21.387709 -1.7892526
10.284101 -21.237841 -1.7969639
10.793593 -20.983253 -1.7969491
12.765761 -19.844351 -1.796891
13.240879 -19.530321 -1.7968768
13.708301 -19.204897 -1.7968627
14.167753 -18.868351 -1.7968489
15.061563 -18.162352 -1.7968216
15.49541 -17.793415 -1.7968081
15.920234 -17.414106 -1.796795
17.524374 -15.797773 -1.7967443
18.266054 -14.933494 -1.7967204
18.621016 -14.488235 -1.7967088
18.776503 -10.660845 -1.6442858
20.117929 -7.8391185 -1.6442362
21.276503 -7.7044187 -1.7232298
22.543905 -6.9525366 -1.7965673
22.705 -6.4063492 -1.7965603
23.108809 -4.7467823 -1.7965415
23.391405 -3.0624065 -1.7965255
23.588223 0.34558043 -1.7965035
23.572968 0.91481441 -1.7965013
23.543964 1.4835192 -1.7964993
23.444941 2.6179473 -1.7964963
19.972597 4.716423 -1.5628041
18.175156 4.7579169 -1.4307336
16.615664 4.7810149 -1.316673
14.193086 4.8369379 -1.1418883
13.207011 4.8597007 -1.0716814
10.87998 4.92413 -0.90944809
10.246445 4.9387541 -0.86620587
9.6701365 4.952055 -0.82735318
9.1429882 4.9642229 -0.79227448
8.2110739 4.9857321 -0.73153943
7.4101171 5.0042176 -0.68092597
6.2898436 4.9462605 -0.60935295
6.0941992 5.0351343 -0.60200024
5.810586 5.0416784 -0.58583856
5.2860351 5.0537815 -0.5569194
5.0424414 5.059401 -0.54396528
4.5870895 5.0699072 -0.52065915
3.9705272 5.0841293 -0.49124953
3.5955858 5.0927796 -0.4747467
3.2442186 5.100883 -0.46035352
3.0761914 5.1047587 -0.45386764
2.9127538 5.1085277 -0.44782013
2.7535155 5.1122007 -0.44218612
2.4463282 5.1192842 -0.43207014
2.152246 5.1260643 -0.42337263
1.869082 5.1325927 -0.41596863
1.7310351 5.1357756 -0.41271803
1.4346484 5.0495291 -0.39975128
1.3045703 5.0525279 -0.39737946
1.0505273 5.0676532 -0.39411727
0.93763667 5.1447935 -0.39823973
0.68382812 5.1506433 -0.39567414
0.55800778 5.1535425 -0.39474699
0.4326953 5.1564293 -0.39405257
0.30775389 5.1593089 -0.39359024
0.18304688 5.1621819 -0.39335814
-0.066347651 5.1679263 -0.39358076
-0.44234374 5.1765881 -0.39564407
-0.56880856 5.1795025 -0.39680099
-1.3504883 5.1975036 -0.40894318
-1.4861718 5.2006273 -0.41189283
-2.1998241 5.2170582 -0.43116409
-2.3512499 5.2205424 -0.43601668
-2.5062499 5.2241101 -0.44123992
-2.6650782 5.2277665 -0.44685271
-2.8281054 5.2315173 -0.45287794
-2.995703 5.235374 -0.45933881
-3.6627734 5.1711731 -0.48257491
-4.0549998 5.1759424 -0.50071657
-4.5606251 5.275641 -0.53105843
-5.0358005 5.2865729 -0.55600059
-5.5591016 5.2986107 -0.58483374
-5.8419919 5.3051176 -0.60094303
-6.4581637 5.3192921 -0.63715017
-6.7953906 5.3270483 -0.65753943
-7.1551366 5.3353224 -0.67968637
-7.5401168 5.3441772 -0.70379913
-7.9537497 5.3536897 -0.73012733
-8.3998041 5.3639479 -0.75896317
-10.596259 5.4059315 -0.90587932
-11.293008 5.4219542 -0.9539752
-12.937412 5.4597669 -1.0693561
-15.067998 5.5183706 -1.2219999
-19.339687 5.5328751 -1.531857
-20.90877 5.4393992 -1.6452637
-21.247753 3.9124064 -1.6452801
-23.395966 3.1495972 -1.7977412
-23.590799 0.8794812 -1.7977575
-23.605829 -0.25997558 -1.7977635
-23.525244 -1.9672139 -1.7977698
-23.321299 -3.6641531 -1.7977726
-22.995068 -5.3418717 -1.7977722
-22.859444 -5.8953409 -1.7977712
-21.816845 -6.7647977 -1.7394519
-20.475586 -6.8948593 -1.6453127
-20.303251 -7.3870406 -1.6453105
-20.119003 -7.8749266 -1.6453079
-19.923077 -8.358181 -1.6453052
-19.496386 -9.3098774 -1.6452985
-19.266005 -9.7776833 -1.6452947
-20.173544 -12.148976 -1.7933487
-19.862148 -12.624542 -1.7922368
-19.539726 -13.092209 -1.7911437
-19.206425 -13.551836 -1.7900616
-17.38459 -15.719977 -1.784878
-16.990849 -16.12623 -1.7839068
-16.175879 -16.909599 -1.7820337
-15.325712 -17.652906 -1.7802563
-14.525078 -18.459791 -1.7887721
-13.684531 -19.233601 -1.7975924
-13.216191 -19.558147 -1.7975814
-11.766289 -20.462744 -1.7975472
-10.738721 -20.955221 -1.7931421
-9.5008497 -20.976284 -1.7536212
-8.3182421 -21.008099 -1.7206758
-7.7427149 -21.023308 -1.7061121
-7.1763864 -21.038095 -1.6927583
-6.6185546 -21.052477 -1.6805723
-4.9892578 -21.100698 -1.651189
-4.4616208 -21.134895 -1.644956
-3.9502149 -21.236217 -1.6449429
-1.8844726 -21.517456 -1.6448894
-1.3645703 -21.556461 -1.6448756
-0.84392577 -21.582951 -1.6448618
-0.32275391 -21.596867 -1.6448481
0.19857422 -21.598196 -1.6448343
2.7989647 -21.427824 -1.6456544
3.3134375 -21.342314 -1.64475
3.8352928 -21.295734 -1.6478155
4.3685546 -21.299355 -1.6557748
7.1446095 -21.345486 -1.7141584
7.7258592 -21.355295 -1.7294242
8.3178902 -21.365099 -1.7459691
8.9216213 -21.374912 -1.7638612
9.538105 -21.384741 -1.7831554
10.129335 -21.31212 -1.7969683
11.145879 -20.798151 -1.7969388
12.136328 -20.235744 -1.7969096
12.621074 -19.93676 -1.7968953
13.568222 -19.304157 -1.7968669
14.030136 -18.9709 -1.7968529
14.483788 -18.626585 -1.7968392
15.365585 -17.905674 -1.7968123
15.793163 -17.529463 -1.7967989
16.211796 -17.143042 -1.7967858
9.4086323 -9.4801168 -1.0171343
17.019648 -16.340557 -1.7967606
17.408964 -15.924892 -1.796748
17.788145 -15.499936 -1.7967358
18.515196 -14.623293 -1.7967122
20.140488 -12.287388 -1.7966576
18.953516 -10.342661 -1.6442795
19.430351 -9.4158401 -1.6442623
19.651894 -8.9441223 -1.6442541
19.861933 -8.4671535 -1.6442462
20.789629 -7.6996598 -1.6882833
22.314491 -7.6571822 -1.7965769
22.657831 -6.5713816 -1.7965623
22.809765 -6.0225658 -1.7965556
22.948378 -5.4702902 -1.7965492
23.185469 -4.3564191 -1.7965374
23.497168 -2.1009912 -1.7965181
23.541016 -1.5332372 -1.796514
23.590136 0.17400084 -1.7965045
23.579042 0.74328339 -1.7965019
23.515625 1.880313 -1.7964981
23.463358 2.4472997 -1.7964967
21.556288 2.7758222 -1.6551275
21.255293 3.7875402 -1.6441488
21.046816 4.8086677 -1.6440754
18.68412 4.7461681 -1.4680401
16.812656 4.7055588 -1.3295462
14.51625 4.8294773 -1.1650319
13.491152 4.8531427 -1.0918446
11.590859 4.8131962 -0.95576024
11.083535 4.9194326 -0.92344826
10.430996 4.934495 -0.87874645
9.2970896 4.9606662 -0.80247808
8.3422651 4.9827037 -0.7399807
7.918066 4.9924946 -0.71283656
7.5236716 5.0015974 -0.68800008
7.1556053 5.0100908 -0.66521031
6.1827731 5.0330887 -0.60711682
5.1146679 5.0577354 -0.54777265
4.229238 5.0781627 -0.50326478
3.8366406 5.0872192 -0.4852275
3.6504686 5.0915132 -0.47709045
3.2957811 5.0996947 -0.46239668
2.8010743 5.1111035 -0.44384092
2.6445899 5.1147118 -0.43848249
2.1958008 5.125061 -0.42459777
2.0521679 5.1283712 -0.42064512
1.9111133 5.1316242 -0.41700515
1.6064062 5.0455699 -0.40323547
1.0888476 5.0667706 -0.39465484
0.97617185 5.1439061 -0.39871016
0.84859371 5.1468463 -0.3972348
0.59585935 5.1526694 -0.39500105
0.47041014 5.1555614 -0.39423689
0.34539062 5.1584411 -0.39370513
0.22060546 5.1613159 -0.39340332
0.095976561 5.1641889 -0.39333114
-0.028730469 5.1670609 -0.39348847
-0.15357421 5.1699371 -0.39387497
-0.78560543 5.184495 -0.3993164
-0.91464841 5.1874661 -0.40112868
-1.582168 5.2028375 -0.41412184
-1.863203 5.2093072 -0.4213101
-2.0075586 5.2126303 -0.42537552
-2.6167967 5.2266545 -0.44511884
-3.1156836 5.2381353 -0.46412504
-3.2919335 5.2421918 -0.47139037
-3.4738672 5.2463794 -0.47916779
-3.794414 5.1699457 -0.48836121
-3.9934764 5.1745262 -0.49775437
-4.2004881 5.1792893 -0.50782579
-4.4926367 5.2740769 -0.52759826
-4.7216797 5.279346 -0.53937048
-4.9613476 5.2848601 -0.55201119
-5.2126365 5.2906413 -0.56559384
-6.0491209 5.3098826 -0.61295235
-7.0441403 5.3327703 -0.6728127
-7.4212499 5.3414421 -0.6963101
-7.8258982 5.3507481 -0.72194469
-9.0798922 5.28725 -0.80014449
-10.399854 5.4014153 -0.89242297
-11.075322 5.4169483 -0.9388895
-11.825546 5.4341984 -0.99107808
-12.664618 5.4534936 -1.0500588
-13.610312 5.4752383 -1.1171848
-14.447538 5.4106793 -1.174841
-17.39035 5.5717688 -1.3906344
-19.085684 5.6107502 -1.514931
-20.868584 5.5913548 -1.6452618
-20.997587 5.0860691 -1.6452677
-21.114267 4.5777817 -1.6452734
-22.271269 3.7137287 -1.7194427
-23.372402 3.3196862 -1.7977396
-23.505459 2.1879375 -1.7977488
-23.551483 1.6199615 -1.7977529
-23.602304 0.48154265 -1.7977597
-23.607119 -0.088218994 -1.7977628
-23.538944 -1.7960048 -1.7977693
-23.488749 -2.3636248 -1.7977706
-23.424862 -2.9298816 -1.7977717
-23.347334 -3.4943771 -1.7977725
-23.256172 -4.0568919 -1.7977728
-23.033329 -5.1744304 -1.7977723
-22.901709 -5.7288756 -1.7977716
-22.756708 -6.2799048 -1.7977704
-22.33374 -6.7473493 -1.7767042
-19.779306 -8.6929407 -1.645303
-19.563877 -9.167737 -1.6452994
-19.336611 -9.6372919 -1.6452959
-19.098358 -10.10115 -1.6452917
-15.920215 -8.9184723 -1.3896433
-19.638008 -12.952102 -1.791471
-19.308046 -13.414182 -1.7903907
-18.61581 -14.313142 -1.7882417
-17.882734 -15.17727 -1.7861756
-17.501406 -15.595725 -1.7851751
-17.110537 -16.004826 -1.7841971
-16.710274 -16.404322 -1.7832419
-16.300995 -16.794067 -1.78231
-15.882783 -17.173882 -1.7814018
-14.479804 -8.2062349 -1.6451594
-14.277471 -8.5532904 -1.6451558
-13.386309 -9.8897552 -1.6451385
-14.088057 -11.499309 -1.7975651
-13.806337 -11.83595 -1.7975593
-13.51663 -12.165694 -1.7975532
-12.913692 -12.803689 -1.7975402
-12.280693 -13.41186 -1.7975264
-7.4644141 -8.9867706 -1.1547706
-11.278008 -14.265065 -1.7975039
-10.930371 -14.533037 -1.797496
-10.576377 -14.792551 -1.7974877
-9.1008978 -15.742966 -1.7974532
-8.7182322 -15.957942 -1.797444
-7.9378905 -16.35989 -1.7974252
-7.5406637 -16.546635 -1.7974156
-6.3236718 -17.048553 -1.7973857
-5.4935155 -17.333645 -1.797365
-4.2249413 -17.685408 -1.7973329
-3.7967968 -17.782097 -1.7973219
-3.3665037 -17.868452 -1.7973109
-2.9342186 -17.944365 -1.7972997
-2.5002735 -18.009857 -1.7972884
-1.1906641 -18.143206 -1.7972543
-0.31375 -18.179285 -1.7972311
0.12517577 -18.181452 -1.7972194
0.56392574 -18.173029 -1.7972077
1.0023438 -18.153994 -1.797196
1.8773047 -18.084253 -1.7971723
3.1807032 -17.900673 -1.7971367
4.040781 -17.726091 -1.7971128
4.4673634 -17.623274 -1.7971011
5.7305856 -17.253538 -1.7970655
6.5564647 -16.956663 -1.7970423
7.7659764 -16.437565 -1.7970074
8.16043 -16.24522 -1.796996
9.3141794 -15.61195 -1.7969621
11.125761 -14.376532 -1.7969078
11.469434 -14.103727 -1.7968973
9.3861914 -9.501358 -1.3201742
13.083652 -12.6199 -1.796847
13.384375 -12.300356 -1.7968374
13.277305 -10.023779 -1.6444291
15.55457 -7.5821438 -1.7104559
16.704393 -7.1667895 -1.7967238
17.178946 -5.9393768 -1.7967051
17.317226 -5.5230041 -1.7966995
17.445448 -5.1034155 -1.796694
17.563496 -4.6808696 -1.7966888
17.671289 -4.2555718 -1.7966838
17.768847 -3.8278155 -1.796679
17.855995 -3.3978264 -1.7966746
17.932753 -2.9658635 -1.7966704
17.999102 -2.5321698 -1.7966666
18.054922 -2.0970094 -1.796663
18.135038 -1.2232836 -1.7966566
18.159199 -0.78521633 -1.7966537
18.172871 -0.34670469 -1.7966512
18.175917 0.092011109 -1.796649
18.16836 0.53067684 -1.796647
18.032518 2.2796831 -1.7966421
16.44705 2.8915203 -1.650672
16.309141 3.2749205 -1.6442831
16.225332 3.6676018 -1.6442834
16.132109 4.0581427 -1.644284
14.621113 4.8268375 -1.5219716
13.583261 4.8508091 -1.425711
12.668359 4.8719416 -1.3416364
11.662499 4.8113608 -1.2470518
10.49041 4.9329576 -1.1458648
9.8924408 4.9467669 -1.0932764
9.3466406 4.9593711 -1.0458844
8.3843946 4.9815931 -0.96401691
6.7328124 4.9364672 -0.82523048
6.211113 5.0323224 -0.79016709
5.9212694 5.0390129 -0.76854718
5.646699 5.0453515 -0.74850309
5.3859568 5.0513701 -0.72989053
4.9008594 5.0625663 -0.69648427
4.6743164 5.0677953 -0.68147933
4.4572067 5.0728064 -0.66748762
4.2487106 5.0776181 -0.65443182
3.6680076 5.0910206 -0.62023497
3.3122265 5.099227 -0.6010384
3.1423047 5.1031485 -0.59238565
2.5062108 5.1178226 -0.56327462
2.3563867 5.1212778 -0.55723149
2.0657811 5.1279798 -0.54646415
1.9245117 5.1312375 -0.54170185
1.7855663 5.1344409 -0.53733259
1.6191602 5.0451999 -0.5237487
1.4867578 5.0482535 -0.5201878
1.3560547 5.0512657 -0.51697415
1.2268749 5.0542436 -0.51409805
1.1010351 5.0664139 -0.51248258
0.98843747 5.1435485 -0.51771986
0.48242188 5.1552105 -0.51179582
0.35734373 5.158092 -0.51107681
0.23255859 5.1609674 -0.51065671
0.10789062 5.1638398 -0.51053387
-0.016777344 5.1667113 -0.51070905
-0.26673827 5.1724687 -0.51195419
-0.64542967 5.1811914 -0.5160957
-0.77328122 5.1841364 -0.518098
-0.90220702 5.1871042 -0.5204196
-1.0323633 5.1901016 -0.5230689
-1.2970898 5.1961975 -0.52938157
-1.5689257 5.2024555 -0.53711563
-1.7080078 5.2056561 -0.54154533
-1.9935741 5.2122297 -0.55160528
-2.2906835 5.2190666 -0.56338429
-2.4441991 5.2225986 -0.56996977
-2.6014647 5.2262177 -0.57705045
-2.9284961 5.2337418 -0.59281278
-3.0990038 5.2376652 -0.60155666
-3.6124413 5.2052007 -0.62627935
-3.778203 5.1728606 -0.63317877
-3.9739842 5.1739841 -0.64487016
-4.4711132 5.2734823 -0.68340027
-4.9377732 5.2842145 -0.71487325
-5.1879101 5.2899661 -0.73238295
-5.7276559 5.3023767 -0.7715134
-6.3298044 5.3162212 -0.81707335
-6.6587501 5.3237834 -0.84269738
-7.0091991 5.33184 -0.87050533
-7.3838086 5.3404517 -0.90075368
-7.7856054 5.3496866 -0.93374282
-8.2182417 5.3596325 -0.96982795
-11.007197 5.415206 -1.2125617
-15.709697 5.4954777 -1.6451249
-15.837822 5.1147418 -1.6451303
-15.956709 4.7310143 -1.6451352
-16.066288 4.3445005 -1.6451401
-17.852549 3.4645355 -1.7975919
-17.931034 3.0326385 -1.7975962
-17.999071 2.598985 -1.7976
-18.056572 2.1638117 -1.7976037
-18.18119 0.4130258 -1.7976156
-18.185879 -0.025914917 -1.7976179
-18.179991 -0.46483672 -1.7976199
-18.098759 -1.7789726 -1.7976243
-18.050537 -2.2152822 -1.7976251
-17.991835 -2.6502986 -1.7976257
-17.652519 -4.3724146 -1.7976251
-17.289892 -5.6381211 -1.7976217
-16.997627 -6.4659076 -1.7976179
-16.812265 -6.8643417 -1.7950191
-15.802051 -6.901403 -1.7044548
-14.73043 -7.7474155 -1.6451639
-14.53915 -8.1006765 -1.6451604
-14.339355 -8.4492235 -1.6451569
-14.171367 -11.396529 -1.7975668
-12.695937 -13.019614 -1.7975355
-12.37793 -13.322186 -1.7975285
-12.052744 -13.617004 -1.7975214
-7.5389061 -8.9432821 -1.156201
-11.381484 -14.182644 -1.7975062
-11.03582 -14.453176 -1.7974985
-10.68373 -14.715246 -1.7974904
-10.32541 -14.968745 -1.797482
-9.9610548 -15.21353 -1.7974734
-9.5909176 -15.449446 -1.7974647
-8.8340816 -15.894135 -1.7974468
-8.0566988 -16.301725 -1.7974281
-7.2605467 -16.671347 -1.7974087
-5.619453 -17.293272 -1.7973682
-4.7783203 -17.544088 -1.7973469
-3.9260547 -17.754028 -1.7973253
-3.4964256 -17.843506 -1.7973143
-3.064707 -17.92259 -1.7973031
-2.1962304 -18.049389 -1.7972806
-1.7599413 -18.097033 -1.7972692
-1.3225976 -18.134106 -1.7972578
0.87027341 -18.160845 -1.7971995
1.3083398 -18.13442 -1.7971876
1.745625 -18.097456 -1.7971759
1.0990429 -9.0919647 -0.90525061
2.616914 -17.991886 -1.7971522
3.4820507 -17.844412 -1.7971284
3.9116991 -17.755058 -1.7971165
4.7638865 -17.545374 -1.7970927
5.1859374 -17.425179 -1.797081
5.6049609 -17.294811 -1.7970692
6.0207224 -17.154369 -1.7970573
6.8414645 -16.843618 -1.7970339
7.6461911 -16.493645 -1.7970109
8.0420313 -16.304201 -1.7969993
8.819355 -15.896901 -1.7969767
9.2004099 -15.679317 -1.7969655
10.310508 -14.972282 -1.7969325
11.366543 -14.186824 -1.7969004
11.705606 -13.908273 -1.79689
12.037754 -13.621604 -1.7968799
12.362949 -13.327022 -1.7968696
9.5677729 -9.3639746 -1.3233168
13.294609 -12.397449 -1.7968403
13.589863 -12.072886 -1.7968309
13.204023 -10.120111 -1.6444316
13.444336 -9.79842 -1.6444236
13.901445 -9.1381588 -1.6444082
14.11787 -8.7999191 -1.6444007
14.326113 -8.4565687 -1.6443934
15.2675 -7.580162 -1.6849084
16.254629 -7.5869174 -1.773122
16.822851 -6.8840933 -1.7967193
17.528984 -4.8085184 -1.7966903
17.639862 -4.3840275 -1.7966853
17.83078 -3.5276427 -1.796676
18.039179 -2.2282937 -1.7966641
18.125664 -1.3551853 -1.7966576
18.153046 -0.91731471 -1.7966546
18.095253 1.7121862 -1.7966431
18.048632 2.1484442 -1.7966423
17.004745 2.862205 -1.7045119
16.332539 3.1561809 -1.6442831
16.161211 3.9406798 -1.6442839
16.061405 4.3295927 -1.6442845
15.952227 4.7159848 -1.6442856
9.506094 4.955689 -1.0596635
8.9924612 4.9675512 -1.0154809
8.0825977 4.9885607 -0.93885452
6.8333201 4.9341464 -0.83312756
6.0069337 5.037034 -0.77489042
5.7279491 5.0434766 -0.75438756
5.2112889 5.0554013 -0.71767277
4.5216794 5.0713181 -0.67160171
4.1077929 5.0808702 -0.64583093
3.9123046 5.085382 -0.63421291
3.7236133 5.089736 -0.62336302
3.5411522 5.0939465 -0.61322916
3.3644531 5.0980234 -0.60376614
3.1929882 5.1019778 -0.59493023
3.0264063 5.1058216 -0.58668721
2.7062695 5.1132069 -0.57184529
2.5519922 5.1167665 -0.56518799
2.4011912 5.1202435 -0.5590055
2.1088867 5.1269855 -0.54797828
1.9668359 5.1302609 -0.54309469
1.6898242 5.1366496 -0.53450537
1.5264648 5.0473375 -0.5212242
1.2656446 5.05335 -0.51492947
1.1394922 5.0655279 -0.51321822
1.0122851 5.0684605 -0.51089001
0.52017576 5.1543403 -0.51207155
0.39499998 5.1572242 -0.51126158
0.14546874 5.1629734 -0.51053953
0.020820312 5.1658459 -0.51062512
-0.10394531 5.1687207 -0.51100785
-0.22896484 5.1715994 -0.51169038
-0.60707033 5.1803088 -0.51555508
-0.73464841 5.1832452 -0.51746094
-0.86322266 5.1862063 -0.5196861
-1.1241211 5.192214 -0.52511758
-1.2567968 5.1952691 -0.52834165
-1.3911523 5.1983628 -0.5319168
-1.6658593 5.2046862 -0.54016942
-1.8065624 5.2079248 -0.54487312
-1.9498632 5.2112226 -0.54998267
-2.7137108 5.2288008 -0.5823065
-2.8780859 5.232583 -0.59029371
-3.0471094 5.2364717 -0.59885728
-3.4008203 5.2446089 -0.61785764
-3.7204492 5.17241 -0.62979132
-3.9134178 5.1725912 -0.64113271
-4.1171679 5.1772776 -0.65384424
-4.4042969 5.2719464 -0.67903221
-4.6293945 5.277122 -0.69389164
-5.1112695 5.2882042 -0.7269721
-5.3701172 5.2941551 -0.74539602
-5.6426368 5.3004222 -0.76523632
-6.2345309 5.3140302 -0.8097434
-6.5574608 5.3214545 -0.83475554
-6.9011521 5.3293552 -0.86188072
-7.2681832 5.3377924 -0.89136326
-8.5410156 5.3670506 -0.99709433
-9.420332 5.3034525 -1.0685852
-10.798398 5.4104071 -1.1938657
-11.517402 5.4269304 -1.2585038
-12.31918 5.4453568 -1.3313611
-14.097012 5.4340887 -1.4933826
-15.669296 5.6096101 -1.6451232
-15.921855 4.8469572 -1.6451337
-16.034239 4.4612846 -1.6451386
-16.137295 4.0729856 -1.6451433
-16.230947 3.682318 -1.6451477
-17.826885 3.5943174 -1.7975906
-17.908476 3.1629925 -1.7975949
-18.040331 2.2951031 -1.7976027
-18.090536 1.8590289 -1.7976061
-18.130146 1.4218475 -1.7976093
-18.159208 0.98385376 -1.7976123
-18.169569 -0.77133149 -1.7976213
-18.145664 -1.2096393 -1.7976227
-17.781141 -3.8158352 -1.7976259
-17.458427 -5.092319 -1.7976234
-17.192352 -5.9288568 -1.7976205
-16.886103 -6.7516112 -1.7976164
-15.154297 -6.9250731 -1.6469477
-14.966562 -7.2809715 -1.6451678
-14.786416 -7.6400509 -1.6451647
-14.400458 -8.3446741 -1.6451581
-13.980907 -9.0298414 -1.6451501
-13.758857 -9.3646107 -1.6451459
-13.290869 -10.017636 -1.6451367
-13.045146 -10.335464 -1.6451316
-13.977158 -11.633861 -1.7975628
-12.790332 -12.926915 -1.7975377
-12.151513 -13.528979 -1.7975236
-11.140693 -14.37253 -1.7975007
-10.434052 -14.89325 -1.7974845
-10.071485 -15.140703 -1.7974761
-9.3290234 -15.60892 -1.7974586
-8.9495115 -15.829457 -1.7974496
-8.5648041 -16.040762 -1.7974403
-7.3816795 -16.618151 -1.7974116
-6.9783788 -16.791372 -1.7974019
-6.5710545 -16.954807 -1.7973918
-5.3270116 -17.385502 -1.7973607
-4.4818163 -17.622105 -1.7973394
-4.0551171 -17.725019 -1.7973285
-3.6261132 -17.817638 -1.7973176
-3.1949999 -17.899866 -1.7973065
-2.7620311 -17.971638 -1.7972953
-2.3274803 -18.032957 -1.797284
-1.4545312 -18.12405 -1.7972611
-0.13943359 -18.181438 -1.7972265
0.29943359 -18.179375 -1.7972147
1.1763672 -18.143524 -1.7971913
1.6139257 -18.109718 -1.7971793
2.4859569 -18.010471 -1.7971557
3.3521287 -17.869314 -1.7971319
3.7824805 -17.783066 -1.79712
4.210547 -17.686489 -1.7971083
4.6361523 -17.579611 -1.7970964
5.0590429 -17.462467 -1.7970845
5.4790039 -17.335144 -1.7970728
6.3091016 -17.050348 -1.7970492
6.7187109 -16.89299 -1.7970375
7.5260153 -16.548855 -1.7970142
8.3157806 -16.166191 -1.7969913
9.0860939 -15.74585 -1.7969688
9.4634371 -15.521874 -1.7969576
9.8352537 -15.288847 -1.7969466
10.201328 -15.046933 -1.7969357
10.561445 -14.796237 -1.7969248
11.938359 -13.708869 -1.7968829
12.585898 -13.116628 -1.7968627
9.3861132 -9.3208456 -1.3075348
13.204062 -12.493844 -1.7968432
13.501679 -12.17144 -1.7968338
12.879745 -10.529892 -1.6444422
13.130058 -10.215934 -1.644434
13.372734 -9.8960047 -1.6444259
13.607676 -9.5703182 -1.6444181
14.264238 -8.5605726 -1.6443957
14.988848 -7.5782237 -1.6601945
15.946406 -7.5848265 -1.7454699
16.598398 -7.4090977 -1.7967279
16.772305 -7.00632 -1.7967213
16.936483 -6.5994349 -1.7967149
17.369354 -5.3567162 -1.7966971
17.71125 -4.0859537 -1.7966819
17.887695 -3.2264776 -1.7966729
17.960331 -2.7937829 -1.796669
18.022499 -2.3595107 -1.7966652
18.115313 -1.4870052 -1.7966584
18.174198 0.2662622 -1.7966483
18.162422 0.7048471 -1.7966464
18.140156 1.1430169 -1.7966448
18.107265 1.580484 -1.7966435
18.009882 2.4524407 -1.7966418
17.638456 2.8370488 -1.7659113
16.092442 4.2126346 -1.6442844
13.206484 4.8595109 -1.3909887
10.879629 4.9239678 -1.180427
9.1427345 4.9640799 -1.028342
8.2108593 4.9856 -0.94951475
7.4099216 5.0040941 -0.88382131
5.8104687 5.0415702 -0.76040417
5.2859373 5.0536795 -0.7228682
5.0423436 5.0593019 -0.70605439
4.8096876 5.0646715 -0.6903975
4.5869923 5.0698113 -0.67580336
3.7798047 5.0884385 -0.62655723
3.5955272 5.0926924 -0.61621082
3.4171288 5.096807 -0.6065495
3.2441602 5.1007981 -0.59752965
2.9126952 5.1084452 -0.58126128
2.7534766 5.1121182 -0.57394874
2.5980859 5.1157017 -0.56714314
2.1522069 5.1259861 -0.54953057
2.0093944 5.1292796 -0.54452413
1.8690624 5.1325164 -0.53991973
1.730996 5.1356983 -0.53570187
1.4346288 5.0494556 -0.51887101
1.3045508 5.0524535 -0.51579255
1.1759374 5.055419 -0.51304656
0.93761718 5.1447191 -0.51690978
0.68382812 5.150568 -0.51357865
0.4326953 5.1563554 -0.51147413
0.058398437 5.1649804 -0.51056761
-0.19125 5.1707306 -0.51145291
-0.31654295 5.1736169 -0.51234514
-0.56878906 5.1794267 -0.51504135
-0.82435542 5.1853113 -0.51898175
-0.95373046 5.188292 -0.52143294
-1.0844531 5.1913013 -0.52421439
-1.4861523 5.2005486 -0.53462899
-1.6238672 5.2037187 -0.53882772
-1.7638867 5.2069426 -0.54341346
-1.9063672 5.2102208 -0.54839909
-2.0515821 5.2135644 -0.55380225
-2.199785 5.2169752 -0.55964363
-2.3512108 5.2204599 -0.56594163
-2.5062108 5.2240252 -0.57272142
-3.168164 5.2392564 -0.60520047
-3.6627147 5.171082 -0.62637091
-4.3383203 5.2704291 -0.67475259
-4.5605273 5.2755389 -0.68930197
-5.0357032 5.2864661 -0.72167611
-5.2907224 5.2923303 -0.7396993
-6.1409569 5.3118792 -0.80258584
-6.4580274 5.3191681 -0.82700372
-6.7952342 5.3269219 -0.85346806
-7.1549411 5.3351889 -0.88221318
-7.5399413 5.3440409 -0.91350871
-8.8539839 5.3576379 -1.0229363
-9.239912 5.2907763 -1.0524592
-10.595908 5.4057531 -1.1757948
-12.06792 5.4395838 -1.3084503
-12.936904 5.4595542 -1.3879743
-13.919052 5.4821234 -1.4787158
-15.886152 4.962647 -1.6451323
-16.107237 4.19028 -1.6451418
-16.20372 3.8002977 -1.6451465
-18.023153 2.4263036 -1.7976016
-18.119326 1.5536963 -1.7976085
-18.028467 -2.3882389 -1.7976254
-17.965567 -2.8226867 -1.7976259
-17.892206 -3.2554944 -1.797626
-17.714277 -4.1151195 -1.7976255
-17.609785 -4.5414839 -1.7976248
-17.235039 -5.8036265 -1.797621
-15.42829 -6.9150705 -1.6712147
-14.841631 -7.5322714 -1.6451657
-14.655468 -7.8882914 -1.6451625
-14.460781 -8.2397089 -1.6451591
-13.598974 -9.5952864 -1.6451428
-13.363379 -9.9206867 -1.645138
-13.190098 -12.518888 -1.7975461
-12.884023 -12.833537 -1.7975396
-12.249629 -13.440242 -1.7975258
-11.92162 -13.731907 -1.7975184
-7.4407616 -9.0005722 -1.1543303
-11.244961 -14.291118 -1.7975031
-10.542119 -14.816978 -1.797487
-10.181376 -15.067039 -1.7974786
-9.8147163 -15.3083 -1.7974701
-9.0644331 -15.76396 -1.7974523
-8.6812887 -15.978064 -1.7974432
-8.293066 -16.182871 -1.7974337
-7.5023632 -16.564035 -1.7974147
-6.2841992 -17.06311 -1.7973846
-5.8704882 -17.209738 -1.7973744
-5.4534178 -17.346287 -1.7973639
-5.0330858 -17.472773 -1.7973533
-4.1840234 -17.695086 -1.7973318
-3.3251562 -17.876167 -1.7973099
-2.8927343 -17.951109 -1.7972987
-1.5863476 -18.113007 -1.7972647
-1.1486328 -18.14591 -1.7972533
-0.71039063 -18.168221 -1.7972417
-0.27164063 -18.179962 -1.79723
1.4821484 -18.121002 -1.797183
2.3548827 -18.028145 -1.7971592
2.7892773 -17.965952 -1.7971475
3.2221093 -17.893269 -1.7971356
3.6530273 -17.810156 -1.7971237
4.5081444 -17.612871 -1.7970998
4.9318943 -17.498859 -1.7970881
5.7705274 -17.240215 -1.7970644
6.5956836 -16.94146 -1.7970409
8.9713478 -15.811584 -1.7969722
9.3502731 -15.590349 -1.7969611
9.7237501 -15.360036 -1.7969499
10.091601 -15.120776 -1.796939
10.453554 -14.872731 -1.796928
11.159003 -14.350752 -1.7969068
11.502031 -14.077164 -1.7968963
12.167831 -13.505544 -1.7968757
12.542812 -10.929284 -1.644453
12.802832 -10.623345 -1.6444447
13.055409 -10.311176 -1.6444365
13.300449 -9.9930153 -1.6444284
14.406504 -8.318799 -1.6443907
14.791094 -7.6138353 -1.644377
16.544004 -7.5296631 -1.7967298
16.720995 -7.1281395 -1.7967231
16.888027 -6.7224536 -1.7967167
17.192617 -5.899622 -1.7967046
17.457226 -5.0630569 -1.7966936
17.574278 -4.640213 -1.7966882
17.863808 -3.3565063 -1.7966743
17.93955 -2.9243915 -1.7966702
18.004883 -2.4905372 -1.7966663
18.137812 -1.1813229 -1.7966563
18.160936 -0.74319184 -1.7966535
18.173613 -0.30467591 -1.796651
18.175663 0.1340628 -1.7966489
18.167109 0.57268369 -1.7966468
17.965918 2.755816 -1.7966415
16.01914 4.483397 -1.644285
13.490624 4.8529487 -1.4171618
11.590449 4.8130255 -1.240537
11.083164 4.9192677 -1.1985945
10.430644 4.9343371 -1.1405792
9.2968159 4.9605231 -1.0415881
8.8000975 4.9719934 -0.99909592
8.3420506 4.9825702 -0.96046925
7.917871 4.9923644 -0.92523926
7.5234962 5.001472 -0.89300209
7.1554294 5.0099692 -0.86342382
6.1826172 5.0329795 -0.78802204
5.6211524 5.0459418 -0.74665993
5.3616405 5.0519319 -0.72817725
5.1145701 5.0576344 -0.71099508
4.6531444 5.068285 -0.68009663
4.0292969 5.0826826 -0.64112067
3.8365624 5.0871301 -0.62981445
2.8010156 5.111021 -0.57609755
2.6445508 5.1146293 -0.56914163
2.4916797 5.1181574 -0.56267601
2.3421874 5.121604 -0.55667573
1.6063867 5.0454955 -0.52339149
1.4741601 5.0485444 -0.5198645
1.0888281 5.0666962 -0.51225525
0.84859371 5.146771 -0.51560438
0.72187501 5.149693 -0.51400143
0.59583986 5.1525965 -0.5127055
0.47041014 5.1554875 -0.51171398
-0.028730469 5.1669874 -0.51074171
-0.15357421 5.1698632 -0.51124269
-0.78558594 5.1844187 -0.51830685
-1.0449219 5.1903906 -0.52333981
-1.3099219 5.1964922 -0.52971834
-1.5821484 5.2027593 -0.53752333
-1.8631641 5.2092266 -0.54685241
-2.0075195 5.2125492 -0.55212927
-2.1547852 5.215939 -0.55783546
-2.3052344 5.2194014 -0.56399387
-2.6167579 5.2265697 -0.57775581
-2.7784569 5.2302904 -0.5854122
-3.1156249 5.2380466 -0.60242599
-3.2918749 5.2421031 -0.61185467
-3.4738085 5.2462883 -0.62195057
-4.2004099 5.1791916 -0.6591419
-4.4925585 5.2739758 -0.68480986
-4.7215819 5.2792435 -0.70009083
-4.9612498 5.2847548 -0.71649772
-5.2125196 5.2905316 -0.73412734
-5.4766407 5.2966046 -0.75309831
-6.3604684 5.316925 -0.81944007
-6.6913671 5.324533 -0.8452642
-7.0439844 5.3326402 -0.87329167
-7.4210739 5.3413086 -0.90378982
-9.0796289 5.2870932 -1.0385588
-12.664111 5.4532847 -1.3629254
-13.609776 5.4750171 -1.4500531
-14.446914 5.4104438 -1.5248768
-16.076319 4.3073587 -1.6451405
-16.175615 3.9180784 -1.6451451
-16.594521 3.5978508 -1.678426
-17.860527 3.4232445 -1.7975924
-17.938007 2.9911633 -1.7975966
-18.167812 0.80971283 -1.7976134
-18.185781 -0.067962341 -1.7976183
-18.178867 -0.50687957 -1.7976202
-18.133242 -1.3835541 -1.7976233
-18.094589 -1.8208244 -1.7976243
-18.04537 -2.2570395 -1.7976252
-17.985655 -2.6918969 -1.7976257
-17.74375 -3.9861245 -1.7976257
-17.642353 -4.4132438 -1.7976251
-17.530703 -4.8377399 -1.7976241
-17.276806 -5.6781163 -1.7976216
-17.134706 -6.0934196 -1.7976197
-16.982626 -6.505208 -1.7976178
-16.71084 -6.8680701 -1.7858801
-15.710556 -6.9047508 -1.6963038
-15.070918 -7.0624352 -1.6451695
-14.896045 -7.4241366 -1.6451666
-14.319765 -8.4823427 -1.6451565
-13.893682 -9.1634579 -1.6451484
-13.668427 -9.4960861 -1.6451441
-13.19417 -10.144593 -1.6451347
-13.864941 -11.767317 -1.7975606
-13.576826 -12.098498 -1.7975545
-13.28082 -12.422597 -1.7975482
-12.347109 -13.350773 -1.7975279
-11.682871 -6.9989338 -1.6566291
-11.430215 -7.228085 -1.6450734
-11.252441 -7.5018468 -1.64507
-10.877255 -8.0360909 -1.6450627
-10.680098 -8.2962599 -1.6450588
-10.267256 -8.8019514 -1.6450502
-9.603447 -9.5216427 -1.645036
-7.7005858 -8.8285799 -1.4250414
-7.4530859 -8.9731474 -1.4189199
-9.1641989 -11.591411 -1.7974344
-8.8817377 -11.809177 -1.7974281
-8.5940819 -12.020056 -1.7974213
-8.0039253 -12.420703 -1.7974076
-7.3951559 -12.792369 -1.7973933
-7.0842381 -12.967078 -1.7973858
-6.4501758 -13.293737 -1.7973706
-6.1274219 -13.445496 -1.7973627
-5.801074 -13.5894 -1.7973547
-5.4713864 -13.725386 -1.7973466
-5.1384764 -13.853376 -1.7973384
-4.4639258 -14.085079 -1.7973216
-3.433125 -14.370913 -1.7972955
-2.7355859 -14.519724 -1.7972777
-2.384336 -14.581432 -1.7972686
-1.3230859 -14.71551 -1.797241
-0.96751952 -14.743071 -1.7972317
0.45824218 -14.767378 -1.7971939
1.1703515 -14.727912 -1.7971747
1.5254687 -14.695288 -1.797165
3.6302147 -14.32082 -1.7971072
4.9937887 -13.903865 -1.7970687
5.3279099 -13.779202 -1.7970593
5.6588473 -13.646528 -1.7970499
6.9479294 -13.037172 -1.7970124
7.5689063 -12.686572 -1.7969943
7.8728709 -12.500119 -1.7969853
8.7565041 -11.897585 -1.7969587
8.2743549 -10.692004 -1.6445657
8.5299606 -10.489126 -1.6445577
9.0261717 -10.065196 -1.6445425
9.2664061 -9.8443594 -1.6445351
9.730566 -9.3856335 -1.6445204
9.9542379 -9.1480036 -1.6445134
10.383985 -8.6568918 -1.6444994
10.589863 -8.4037199 -1.6444927
10.78959 -8.1456566 -1.6444862
10.982988 -7.8828421 -1.6444796
11.17 -7.6154284 -1.6444734
12.950156 -7.1056132 -1.7968235
13.277871 -6.4723611 -1.7968116
13.430195 -6.1499767 -1.796806
13.574668 -5.8240166 -1.7968006
13.71123 -5.4946737 -1.7967954
14.176914 -4.1472559 -1.7967764
14.439746 -3.1106493 -1.7967641
14.626836 -2.0577533 -1.7967541
14.737344 -0.9940936 -1.7967459
14.768125 -0.28174591 -1.7967416
14.770586 0.074773252 -1.7967398
14.764453 0.43125182 -1.7967383
14.726445 1.1432452 -1.7967356
14.449258 2.9014525 -1.7927164
13.109687 3.2978368 -1.6443683
12.617324 4.8522363 -1.6443738
9.3463669 4.9592252 -1.2870369
8.38416 4.9814572 -1.1862971
7.5599022 5.0005012 -1.1025636
6.732656 4.9363508 -1.0155118
6.2109766 5.0322113 -0.97236592
5.9211326 5.0389042 -0.94576156
5.1376171 5.0569987 -0.87690169
4.0480466 5.0821562 -0.79033941
3.6679492 5.09093 -0.7632547
3.4872656 5.0951014 -0.75103843
3.3121874 5.0991416 -0.73963165
2.9770508 5.1068754 -0.71905041
2.8161914 5.1105876 -0.70979315
2.5061717 5.1177397 -0.69316155
2.2096484 5.1245813 -0.6788367
2.0657616 5.1279001 -0.67247343
1.7855468 5.1343627 -0.66123611
1.6191211 5.045125 -0.64452022
1.4867382 5.0481782 -0.64013839
1.3560156 5.0511923 -0.63618445
0.86074215 5.1464157 -0.63470709
0.7339648 5.1493382 -0.63269788
0.60791016 5.1522431 -0.63106763
-0.016757812 5.1666374 -0.62847424
-0.14158203 5.1695123 -0.62905681
-1.0323633 5.1900253 -0.64368463
-1.1639258 5.1930542 -0.64735711
-1.4320117 5.1992254 -0.65598488
-1.8494335 5.2088318 -0.67235756
-1.9935352 5.2121482 -0.67879981
-2.1405077 5.2155294 -0.68577057
-2.2906444 5.2189841 -0.69329536
-2.44416 5.2225151 -0.70139861
-2.6014061 5.2261329 -0.71011198
-2.762754 5.2298436 -0.71947044
-2.928457 5.2336555 -0.72950882
-3.0989451 5.237576 -0.74026859
-3.2746875 5.2416191 -0.75179464
-3.9739256 5.1738882 -0.79356831
-4.471035 5.2733827 -0.84098357
-4.6991014 5.2786245 -0.85966247
-5.4506249 5.2958984 -0.92443961
-6.0199609 5.3089819 -0.97635436
-6.329668 5.3160987 -1.0054746
-6.6585741 5.3236566 -1.0370072
-7.3836327 5.3403168 -1.108449
-8.218008 5.3594861 -1.1934465
-10.3379 5.3996563 -1.4187164
-11.006806 5.4150214 -1.4921385
-12.275136 5.6752086 -1.6450324
-12.534775 5.0762491 -1.6450424
-12.653662 4.7722383 -1.6450471
-14.570147 2.4642181 -1.7975094
-14.739922 1.0481427 -1.7975209
-14.773378 0.33561522 -1.7975253
-14.777187 -0.021052245 -1.7975271
-14.667207 -1.8000587 -1.7975329
-14.619492 -2.1535399 -1.7975334
-14.498554 -2.856534 -1.7975336
-14.343799 -3.5528674 -1.7975329
-14.155624 -4.2409172 -1.7975314
-14.04913 -4.5813293 -1.7975302
-13.934443 -4.9190769 -1.7975287
-13.811669 -5.2539606 -1.7975271
-13.395283 -6.2394714 -1.7975209
-13.240751 -6.5609341 -1.7975184
-13.078526 -6.8786058 -1.7975155
-11.482539 -7.1447606 -1.6450744
-10.538681 -8.475152 -1.6450558
-9.8977928 -9.2153568 -1.6450424
-9.6724701 -9.4515324 -1.6450375
-9.4415035 -9.6822195 -1.6450324
-9.2050295 -9.9072428 -1.6450273
-8.9631929 -10.126482 -1.6450219
-7.5274801 -8.9297056 -1.4206717
-9.2482815 -11.524453 -1.7974364
-8.9674215 -11.744273 -1.7974299
-8.094121 -12.362153 -1.7974098
-7.7933593 -12.553857 -1.7974027
-6.2250586 -13.400558 -1.7973651
-5.5711131 -13.685244 -1.7973491
-4.9041405 -13.937997 -1.7973325
-4.225781 -14.158308 -1.7973155
-2.8411326 -14.499457 -1.7972804
-2.4903319 -14.563743 -1.7972714
-2.1380858 -14.619524 -1.7972622
-1.4301171 -14.705524 -1.7972437
-0.71876949 -14.757248 -1.7972251
-0.0057812501 -14.774599 -1.7972063
0.35080078 -14.770347 -1.7971966
0.70718747 -14.757492 -1.7971872
1.0631835 -14.73604 -1.7971776
1.4185156 -14.706017 -1.7971679
2.8295312 -14.500462 -1.7971293
4.21416 -14.159861 -1.7970908
4.8924999 -13.939854 -1.7970717
5.2275 -13.817627 -1.7970622
5.888164 -13.549129 -1.7970433
7.4764061 -12.741312 -1.7969968
7.7817383 -12.557085 -1.7969879
8.0824995 -12.365561 -1.7969791
8.9526758 -10.130595 -1.6445448
9.1945314 -9.9115124 -1.6445373
9.363574 -9.6174011 -1.6327702
10.528438 -8.4805565 -1.6444948
10.730059 -8.2239351 -1.6444882
11.114316 -7.6964889 -1.6444753
11.409843 -7.500289 -1.6609231
12.715899 -7.5061369 -1.7961755
12.898144 -7.1996527 -1.7968254
13.068086 -6.8862305 -1.7968192
13.23043 -6.5687804 -1.7968135
13.531933 -5.9226294 -1.7968022
13.670898 -5.5942826 -1.7967968
13.924863 -4.9280224 -1.7967869
14.146386 -4.2502842 -1.7967776
14.244785 -3.9076047 -1.7967733
14.334941 -3.5626495 -1.7967693
14.416698 -3.2156241 -1.7967654
14.490117 -2.8667212 -1.7967618
14.555078 -2.5161502 -1.7967582
14.611504 -2.1641183 -1.7967551
14.659492 -1.8108139 -1.796752
14.729726 -1.1012851 -1.7967466
14.765683 -0.38917145 -1.7967422
14.770781 -0.032686766 -1.7967404
14.755077 0.68016142 -1.7967372
14.734375 1.0360858 -1.7967361
14.667187 1.7459259 -1.7967343
13.478437 2.9437828 -1.6781808
13.13334 3.2023859 -1.6443681
12.867285 4.1442041 -1.6443706
12.763515 4.4535522 -1.6443717
12.652324 4.7603159 -1.6443732
11.893808 4.8058348 -1.5604308
10.681758 4.9283695 -1.4309775
10.066504 4.9425859 -1.3641412
9.5058203 4.9555426 -1.3039935
8.9922066 4.9674091 -1.2496257
8.5194721 4.9783311 -1.2002802
6.2372265 4.9787464 -0.97077996
6.0068164 5.0369263 -0.95356619
5.7278318 5.0433688 -0.92833585
5.4630857 5.0494828 -0.90492004
5.2111912 5.0553002 -0.88315779
4.9710155 5.0608463 -0.8629083
4.5216017 5.0712223 -0.82646346
4.3106055 5.0760937 -0.81006217
4.1077147 5.0807781 -0.79475147
3.9122264 5.0852919 -0.78045529
3.5410936 5.0938587 -0.75463283
3.1929491 5.1018925 -0.73211539
2.8642383 5.1094785 -0.7125147
2.7062109 5.1131253 -0.7037074
2.5519531 5.1166844 -0.6955142
2.4011524 5.120163 -0.68790704
2.1088476 5.1269054 -0.67433715
1.9667969 5.1301837 -0.66832703
1.6898047 5.1365714 -0.65775776
1.5264257 5.0472627 -0.64141417
1.3952539 5.0502887 -0.6373325
1.1394922 5.0654526 -0.63156247
0.8991406 5.1455307 -0.6353882
0.52015626 5.1542654 -0.63015079
0.39498046 5.1571493 -0.6291551
0.27015623 5.1600266 -0.62852699
0.14546874 5.1628995 -0.62826604
0.020820312 5.1657705 -0.62837172
-0.22896484 5.1715245 -0.62968183
-0.35441405 5.1744146 -0.6308918
-0.73464841 5.1831698 -0.63678348
-0.86322266 5.1861315 -0.63952154
-0.99298829 5.1891198 -0.64265901
-1.1241015 5.1921372 -0.64620495
-1.3911328 5.1982846 -0.65457195
-1.5274023 5.2014203 -0.65941823
-1.8065429 5.2078452 -0.67051625
-1.9498242 5.2111425 -0.67680413
-2.0959179 5.2145038 -0.68361372
-2.3975 5.2214422 -0.69889432
-2.5536132 5.2250333 -0.70742059
-2.8780468 5.2324963 -0.72641081
-3.0470507 5.236383 -0.73694789
-3.2211328 5.240387 -0.74823743
-3.4007616 5.2445178 -0.76032937
-3.9133399 5.1724963 -0.78897029
-4.1170897 5.1771803 -0.8046115
-5.1111522 5.2880955 -0.89460135
-5.3699999 5.294044 -0.91727227
-5.6424999 5.3003073 -0.94168562
-6.2343946 5.3139091 -0.99645817
-6.9009957 5.329226 -1.060612
-7.2680078 5.3376594 -1.096892
-7.6612496 5.346694 -1.1364284
-8.8745117 5.2822299 -1.2562611
-9.4200392 5.3032908 -1.3149765
-10.149004 5.3953166 -1.3981419
-12.49751 5.1672978 -1.645041
-12.83873 4.249579 -1.6450546
-12.937588 3.9384832 -1.6450588
-13.97416 3.5270147 -1.75315
-14.699707 1.5105828 -1.7975177
-14.731914 1.1553411 -1.7975203
-14.744502 -0.98290706 -1.7975311
-14.634766 -2.0471244 -1.7975334
-14.44832 -3.1006083 -1.7975335
-14.281836 -3.7942331 -1.7975324
-14.186074 -4.1378326 -1.7975317
-13.969883 -4.8175764 -1.7975292
-13.721104 -5.4861393 -1.7975259
-13.584648 -5.8156738 -1.797524
-13.288125 -6.4644489 -1.7975192
-13.128222 -6.7832828 -1.7975165
-12.05329 -6.9845557 -1.6945643
-11.534219 -7.0610404 -1.6450753
-11.18001 -7.6093864 -1.6450686
-10.394248 -8.6516418 -1.6450528
-10.182364 -8.8999739 -1.6450484
-9.9645796 -9.1431179 -1.6450437
-7.6020117 -8.886157 -1.4225042
-7.3552732 -9.0301352 -1.4167132
-9.0526171 -11.67874 -1.7974319
-8.4784174 -12.101899 -1.7974188
-7.8844724 -12.496849 -1.7974049
-7.2721872 -12.862681 -1.7973902
-5.9982028 -13.503589 -1.7973596
-5.670527 -13.644372 -1.7973515
-4.3286719 -14.127206 -1.7973181
-3.9864256 -14.227497 -1.7973095
-3.2951562 -14.403161 -1.797292
-2.9465234 -14.478425 -1.7972829
-2.5962305 -14.545238 -1.7972741
-2.2444141 -14.603608 -1.7972649
-1.8912694 -14.653454 -1.7972559
-1.1819335 -14.727489 -1.7972374
-0.82611328 -14.751659 -1.7972279
0.24333984 -14.772522 -1.7971995
0.5998047 -14.762273 -1.7971901
1.3114843 -14.715974 -1.7971709
1.0328516 -9.0995932 -1.1139969
2.7239842 -14.520691 -1.7971323
3.0736523 -14.450629 -1.7971226
3.4215233 -14.372166 -1.7971129
4.4523044 -14.086728 -1.7970842
5.1268554 -13.85532 -1.7970649
5.4597263 -13.727479 -1.7970555
6.1157813 -13.447864 -1.7970366
6.4385352 -13.296276 -1.7970272
6.7575388 -13.136919 -1.7970181
7.383574 -12.795393 -1.7969996
7.6901755 -12.613397 -1.7969906
7.9923434 -12.424033 -1.7969816
8.6301565 -10.406843 -1.6445547
8.8787498 -10.195479 -1.6445471
9.1222067 -9.9781704 -1.6445396
9.3603315 -9.7550325 -1.6445321
10.466504 -8.5569391 -1.6444967
10.669941 -8.3018122 -1.6444901
10.867148 -8.0418243 -1.6444836
11.058027 -7.7771649 -1.6444772
11.843262 -7.5023055 -1.7053585
12.505644 -7.5052381 -1.7741433
13.017656 -6.9811182 -1.7968211
13.182323 -6.6648583 -1.7968152
13.339257 -6.3447533 -1.7968093
13.488515 -6.0209265 -1.7968038
13.629883 -5.6936235 -1.7967985
14.005957 -4.6925311 -1.7967836
14.216035 -4.0111318 -1.7967745
14.308652 -3.6668642 -1.7967705
14.392929 -3.3204229 -1.7967665
14.468867 -2.9720538 -1.7967628
14.645898 -1.9174417 -1.7967529
14.68791 -1.5633795 -1.7967499
14.76248 -0.49659729 -1.7967428
14.759628 0.57279021 -1.7967377
14.714824 1.2843755 -1.7967353
14.635644 1.9929681 -1.796734
13.881777 2.926209 -1.7257031
13.15625 3.1067462 -1.6443679
12.897109 4.050478 -1.6443702
12.795547 4.3605866 -1.6443713
12.686582 4.6681323 -1.6443727
11.479394 4.8651104 -1.5166073
10.245801 4.9384422 -1.3835337
9.6695509 4.9517579 -1.3214786
9.1424608 4.9639373 -1.2654524
8.6579494 4.9751315 -1.2146622
7.7958202 4.9950504 -1.1262542
7.4097457 5.0039697 -1.0876126
6.2895703 4.9460359 -0.97330219
6.0939255 5.0349145 -0.96155423
5.8103514 5.0414629 -0.93574125
5.5414648 5.0476732 -0.91179848
5.28582 5.0535769 -0.88955104
5.0422263 5.0592022 -0.86885959
4.5869141 5.069715 -0.83163571
4.168047 5.0793853 -0.79925597
3.7797265 5.0883493 -0.77103299
3.5954688 5.0926037 -0.75830245
3.2441015 5.1007133 -0.73531276
3.0760741 5.1045914 -0.72495484
2.9126561 5.1083603 -0.71529484
2.753418 5.1120362 -0.70629531
2.5980468 5.1156211 -0.69792062
2.44625 5.119122 -0.69013983
2.2977147 5.1225505 -0.68292409
1.8690234 5.1324377 -0.6644206
1.7309766 5.135622 -0.65923101
1.3045312 5.0523796 -0.63472944
1.0505078 5.0675049 -0.62952
0.93759763 5.1446447 -0.63610375
0.81031251 5.1475787 -0.63386333
0.68380857 5.1504951 -0.63200599
0.30773437 5.1591606 -0.62867767
-0.19125 5.1706567 -0.62939042
-0.44234374 5.1764393 -0.63195807
-0.56878906 5.1793528 -0.63380593
-0.82433593 5.1852355 -0.63865447
-0.95373046 5.1882157 -0.64167088
-1.2166015 5.1942663 -0.6489318
-1.3504492 5.1973486 -0.65320015
-1.7638671 5.2068634 -0.66871953
-2.051543 5.2134833 -0.68150437
-2.1997461 5.2168927 -0.68869251
-2.3511913 5.2203765 -0.69644177
-2.5061717 5.2239413 -0.70478475
-2.665 5.2275958 -0.71375161
-3.1681249 5.2391682 -0.74475348
-3.5297852 5.2474842 -0.7692796
-3.6626365 5.170989 -0.77080631
-3.8534765 5.1711206 -0.78446227
-4.3382421 5.270329 -0.83034092
-4.5604491 5.2754374 -0.84824562
-4.7925782 5.2807732 -0.8674556
-5.0356054 5.2863584 -0.88808465
-5.2906055 5.2922192 -0.91026187
-5.8417187 5.3048863 -0.95986611
-6.14082 5.3117595 -0.98764855
-6.7950583 5.3267927 -1.0502604
-7.5397458 5.3439035 -1.1241459
-7.9533396 5.3534045 -1.1661981
-9.9654589 5.3911004 -1.3782235
-11.292207 5.421576 -1.5237124
-12.45956 5.2580876 -1.6450394
-12.80747 4.3428783 -1.6450533
-13.002168 3.7197595 -1.6450615
-13.557783 3.5270457 -1.7040884
-14.386601 3.3741252 -1.7975001
-14.532734 2.6759515 -1.7975074
-14.593096 2.3244023 -1.7975107
-14.64499 1.9715326 -1.7975138
-14.68833 1.617478 -1.7975167
-14.749307 0.90677428 -1.7975219
-14.775908 0.19393036 -1.797526
-14.768085 -0.51933622 -1.7975295
-14.725849 -1.2313941 -1.7975317
-14.649277 -1.9405946 -1.7975333
-14.114297 -4.3764572 -1.7975309
-13.88665 -5.0524521 -1.7975281
-13.484648 -6.0439095 -1.7975222
-13.177236 -6.6875815 -1.7975172
-12.913975 -6.9509363 -1.7839772
-11.625527 -7.0011535 -1.650786
-10.456914 -8.5758066 -1.6450541
-10.246865 -8.8256807 -1.6450497
-10.030849 -9.0703821 -1.6450452
-9.8089743 -9.3098297 -1.6450404
-9.581377 -9.5438318 -1.6450355
-9.1373529 -11.612585 -1.7974339
-8.2731056 -12.243108 -1.7974139
-7.9752145 -12.439162 -1.797407
-5.1064258 -13.865226 -1.7973377
-4.0898242 -14.198135 -1.7973121
-3.7459569 -14.292637 -1.7973034
-3.0517969 -14.456635 -1.7972857
-2.7019725 -14.525996 -1.7972767
-2.3506055 -14.586909 -1.7972677
-1.6439452 -14.68319 -1.7972494
-1.2890234 -14.71852 -1.7972401
0.13587891 -14.773932 -1.7972025
1.5594336 -14.691707 -1.7971641
2.9684765 -14.472649 -1.7971255
3.3168945 -14.396708 -1.7971159
4.0076952 -14.219722 -1.7970965
4.3497071 -14.11875 -1.797087
5.3597264 -13.76683 -1.7970583
5.6904297 -13.633402 -1.7970489
6.6618161 -13.185759 -1.7970208
6.9780664 -13.021057 -1.7970115
7.2902536 -12.848774 -1.7970023
8.2990627 -10.67283 -1.644565
8.8043356 -10.2598 -1.6445494
9.2891207 -9.8228941 -1.6445345
9.9753513 -9.1249495 -1.6445127
10.403984 -8.6328602 -1.6444988
10.609277 -8.3791981 -1.6444921
10.808417 -8.1206665 -1.6444856
11.187597 -7.58957 -1.6444727
11.653535 -7.5014319 -1.6858497
12.966523 -7.0756445 -1.7968229
13.133515 -6.7606025 -1.7968169
13.292812 -6.4416113 -1.7968112
13.851719 -5.1301246 -1.7967898
13.971484 -4.7942829 -1.7967849
14.083086 -4.4556513 -1.7967803
14.281621 -3.7708366 -1.7967716
14.368437 -3.4250531 -1.7967677
14.446856 -3.0772467 -1.7967639
14.73959 -0.95999599 -1.7967458
14.758456 -0.60395354 -1.7967434
14.72375 1.1773144 -1.7967356
14.691054 1.5323205 -1.7967347
14.649785 1.8864617 -1.7967341
14.59998 2.2395055 -1.7967336
14.541659 2.5912163 -1.7967335
13.178594 3.010968 -1.6443678
12.92623 3.9565368 -1.64437
12.826933 4.2673764 -1.644371
12.720215 4.5757313 -1.6443723
12.606093 4.8813958 -1.6443738
11.590019 4.8128552 -1.5265564
11.082773 4.9191027 -1.4749535
9.8376951 4.9478736 -1.3395028
9.2965431 4.9603777 -1.2817498
7.9176755 4.9922352 -1.1385791
6.7003708 4.9365463 -1.0123638
5.8942184 5.0395255 -0.94331777
5.3615232 5.0518293 -0.89608425
5.1144724 5.0575328 -0.87494069
4.8786325 5.0629802 -0.85525686
4.6530466 5.0681896 -0.83691704
3.650332 5.0913377 -0.76204741
3.2956641 5.099524 -0.73857814
3.1262109 5.1034346 -0.72800076
2.6445117 5.1145477 -0.70038092
2.4916406 5.1180758 -0.69242394
2.3421679 5.1215234 -0.68504071
1.6063476 5.0454192 -0.64408165
1.2145312 5.0544543 -0.63232648
1.0888085 5.0666218 -0.63037688
0.9761523 5.1437564 -0.6368553
0.84857422 5.1466966 -0.6344983
0.72187501 5.1496177 -0.63252491
0.59583986 5.1525211 -0.63093162
0.47041014 5.1554127 -0.62971085
-0.028730469 5.1669135 -0.62851453
-0.6576367 5.1813984 -0.63532317
-0.78558594 5.1843438 -0.63782352
-0.91460937 5.187315 -0.64071983
-1.4450195 5.1995249 -0.6564433
-1.7214258 5.2058854 -0.66696751
-1.8631445 5.2091475 -0.67295343
-2.0074999 5.2124686 -0.67944539
-2.4590819 5.2228589 -0.70220762
-3.2918162 5.242012 -0.75294209
-4.2003322 5.1790929 -0.81113368
-4.4924803 5.2738752 -0.84271741
-4.7215037 5.2791405 -0.86152136
-4.9611521 5.2846484 -0.88171208
-5.4765234 5.2964921 -0.92675197
-5.7548437 5.3028898 -0.95190483
-6.0488477 5.3096466 -0.979047
-6.6912107 5.3244052 -1.0401663
-7.0438085 5.332509 -1.074656
-7.8254881 5.3504672 -1.1531273
-8.2612305 5.3604798 -1.1979184
-9.0793552 5.2869368 -1.2780192
-9.7870703 5.3870039 -1.3589364
-10.39916 5.4010639 -1.4254065
-12.420977 5.3485694 -1.6450381
-12.664658 4.742959 -1.6450475
-12.775517 4.4359136 -1.645052
-12.878877 4.1262989 -1.6450562
-13.169473 3.5285442 -1.6584729
-14.441474 3.1310496 -1.7975028
-14.630263 2.0779998 -1.7975129
-14.713525 1.3695667 -1.7975186
-14.742314 1.0140344 -1.7975211
-14.762509 0.65794003 -1.7975235
-14.774101 0.30143064 -1.7975254
-14.7771 -0.055218201 -1.7975273
-14.757226 -0.76828671 -1.7975303
-14.734404 -1.1242218 -1.7975314
-14.557422 -2.5394497 -1.7975336
-14.335546 -3.5860467 -1.7975329
-14.244785 -3.9309671 -1.7975322
-14.145752 -4.2736444 -1.7975312
-14.038486 -4.613831 -1.7975301
-13.799462 -5.2858949 -1.797527
-13.528271 -5.945642 -1.797523
-13.3808 -6.2704282 -1.7975208
-13.062588 -6.9088345 -1.7975154
-12.441006 -6.9694457 -1.7346324
-11.807343 -6.9941087 -1.6693374
-11.465977 -7.1712914 -1.6450741
-10.917011 -7.982017 -1.6450634
-10.721132 -8.2431679 -1.6450595
-10.519043 -8.4995022 -1.6450553
-9.4190722 -9.7040005 -1.645032
-9.1820803 -9.9284992 -1.6450268
-10.817314 -6.1305714 -1.7974517
-10.508828 -6.645421 -1.7974459
-9.0815821 -7.0545254 -1.6624105
-7.6844921 -8.3923273 -1.6449794
-7.4796872 -8.5753365 -1.6449748
-6.8395505 -9.0939465 -1.6449603
-6.6180859 -9.2563496 -1.6449553
-6.3927341 -9.4133482 -1.6449499
-6.163672 -9.5648766 -1.6449445
-4.9671483 -10.237215 -1.6449161
-4.718574 -10.354074 -1.64491
-4.2133985 -10.569645 -1.6448976
-4.3237109 -11.656727 -1.7973058
-4.0410547 -11.757634 -1.7972989
-3.7561133 -11.851693 -1.7972916
-3.4689453 -11.93886 -1.7972845
-2.5960546 -12.158405 -1.7972624
-2.3017969 -12.217477 -1.7972548
-2.006289 -12.26941 -1.7972472
-1.7095312 -12.314213 -1.7972395
-1.4118359 -12.351835 -1.7972317
-1.1132812 -12.38226 -1.7972239
-0.81412107 -12.405472 -1.7972162
0.085566401 -12.4317 -1.7971922
0.38558593 -12.425956 -1.7971842
0.68539059 -12.412978 -1.7971761
1.8788085 -12.288857 -1.7971438
2.1748633 -12.239883 -1.7971357
2.4696288 -12.183764 -1.7971275
2.7629883 -12.120564 -1.7971194
3.0546679 -12.050282 -1.7971113
3.6325977 -11.888729 -1.7970952
3.845742 -10.707346 -1.6446836
4.1030078 -10.611356 -1.6446763
4.3579102 -10.509182 -1.6446691
4.6102538 -10.400911 -1.6446618
4.8599024 -10.286555 -1.6446545
5.5913477 -9.9078455 -1.6446333
6.2934961 -9.4772243 -1.6446124
6.9625974 -8.9969397 -1.6445923
7.5951953 -8.4695082 -1.6445729
9.3810349 -7.4444528 -1.7312684
10.098223 -7.2478075 -1.7969002
10.436152 -6.7520022 -1.7968887
11.537676 -4.6236324 -1.796849
11.645859 -4.3438177 -1.7968447
11.747304 -4.0614591 -1.7968407
12.010273 -3.2008705 -1.7968293
12.262852 -2.0281274 -1.7968168
12.346387 -1.4339831 -1.7968118
12.429179 0.062916867 -1.7968022
12.331113 1.5589099 -1.7967974
12.123457 2.740396 -1.7967972
11.789804 2.965827 -1.757465
10.961367 3.040509 -1.6444267
10.884824 3.3041883 -1.6444274
10.801894 3.5659411 -1.6444284
10.712695 3.8256066 -1.6444294
10.515605 4.338131 -1.6444322
10.407851 4.5906701 -1.6444339
10.294024 4.8405371 -1.6444356
10.173906 5.0874376 -1.6443857
9.3460932 4.9590793 -1.5295006
7.9567575 4.9911976 -1.3578167
7.5597067 5.0003738 -1.3102807
6.7324805 4.9362354 -1.2068318
6.411406 4.9431052 -1.1703258
5.9210153 5.038795 -1.1239412
5.6464648 5.0451384 -1.0946295
5.1375194 5.0568967 -1.0421102
4.9006639 5.0623679 -1.0185591
4.4570312 5.0726171 -0.97615469
4.2485547 5.0774322 -0.95706326
4.0479689 5.0820646 -0.93924206
3.667871 5.0908422 -0.90705389
3.4872069 5.0950141 -0.89253646
3.3121288 5.0990539 -0.87898064
3.1422069 5.1029782 -0.86632717
2.9769921 5.1067915 -0.85452342
2.6592968 5.1141248 -0.83327919
2.3563085 5.1211176 -0.81491882
2.0657423 5.127821 -0.79917103
1.7855078 5.1342859 -0.78581756
1.4866992 5.0481033 -0.76074523
0.98843747 5.1433978 -0.75713706
0.60789061 5.1521683 -0.74996573
0.48240232 5.1550608 -0.74847358
0.35734373 5.1579428 -0.7474218
0.23253906 5.1608191 -0.7468068
-0.016757812 5.1665626 -0.74688351
-0.26671875 5.1723194 -0.74870551
-0.39230469 5.1752119 -0.75027686
-0.51847655 5.1781187 -0.75229263
-0.90218747 5.1869526 -0.76108497
-1.1639062 5.192977 -0.7693224
-1.4319922 5.1991472 -0.77957678
-1.9935156 5.2120667 -0.80669063
-2.1404881 5.2154479 -0.81497395
-2.4441211 5.2224317 -0.83354634
-3.2746289 5.241528 -0.89343578
-3.455996 5.2456961 -0.90810448
-3.6124413 5.2051859 -0.91592413
-3.9738476 5.1737919 -0.94308132
-4.1800194 5.1785312 -0.96205962
-5.7274218 5.3021464 -1.1282798
-6.019824 5.3088627 -1.1602964
-6.6584373 5.3235307 -1.2323767
-7.0088477 5.3315778 -1.2730407
-7.3834372 5.3401799 -1.3172762
-7.7852149 5.3494067 -1.3655156
-8.2177925 5.3593388 -1.4182833
-9.0290527 5.2856297 -1.5124582
-9.9559669 5.5099821 -1.6449716
-10.086094 5.2681017 -1.6449763
-10.210332 5.0231524 -1.6449808
-10.328604 4.7752519 -1.6449852
-10.440908 4.5245891 -1.6449895
-10.740976 3.7573497 -1.6450012
-10.828545 3.4970226 -1.6450047
-12.077432 2.9550035 -1.7974406
-12.145253 2.6626506 -1.797444
-12.205986 2.3687432 -1.797447
-12.259658 2.0734508 -1.7974499
-12.345459 1.4794195 -1.7974551
-12.420176 0.58232999 -1.7974615
-12.430615 0.2823877 -1.7974632
-12.433827 -0.017717896 -1.7974647
-12.429785 -0.31781372 -1.797466
-12.418496 -0.61772275 -1.7974674
-12.4 -0.91727233 -1.7974682
-12.374238 -1.2162991 -1.797469
-12.301143 -1.8120316 -1.7974701
-12.253808 -2.1084082 -1.7974702
-12.199375 -2.4035425 -1.7974702
-12.137793 -2.6972876 -1.7974701
-12.06916 -2.9894528 -1.7974696
-11.993476 -3.279886 -1.797469
-11.91081 -3.568397 -1.7974682
-11.724736 -4.1390176 -1.797466
-11.621416 -4.420795 -1.7974647
-11.394511 -4.9764485 -1.7974614
-11.271074 -5.2500224 -1.7974595
-11.141045 -5.520514 -1.7974573
-11.00456 -5.7878056 -1.797455
-10.556885 -6.5687985 -1.7974468
-10.14209 -7.0114627 -1.7824142
-9.6631536 -7.0310173 -1.7275742
-9.2123823 -7.0492625 -1.6769208
-8.8674994 -7.1311984 -1.6450047
-8.5129881 -7.5507836 -1.6449972
-8.3282614 -7.7540259 -1.6449934
-7.9442968 -8.1468601 -1.644985
-7.1218553 -8.8746786 -1.6449667
-6.9055662 -9.0439501 -1.6449618
-6.6852536 -9.2079563 -1.6449568
-6.0014648 -9.6674147 -1.6449407
-5.766367 -9.8094187 -1.6449353
-5.0414844 -10.200813 -1.6449178
-4.5432615 -10.432138 -1.6449057
-4.2901564 -10.538719 -1.6448996
-4.4083982 -11.624971 -1.797308
-4.1265235 -11.727951 -1.7973009
-2.0954883 -12.254509 -1.7972494
-1.5016601 -12.341248 -1.7972342
-0.30492187 -12.428316 -1.7972027
0.89462888 -12.399614 -1.7971705
2.0857422 -12.2554 -1.7971382
3.2574413 -11.997026 -1.7971057
4.0258203 -10.640947 -1.6446786
4.2813673 -10.540626 -1.6446713
4.7849803 -10.321651 -1.6446568
5.7575974 -9.8121185 -1.6446284
5.992754 -9.6702566 -1.6446214
6.6765819 -9.2112265 -1.644601
7.1133008 -8.8782282 -1.6445876
7.3254881 -8.703928 -1.6445811
7.5333395 -8.5245514 -1.6445746
7.9359179 -8.1510143 -1.6445622
9.71416 -7.4453502 -1.7693247
10.218985 -7.0764842 -1.7968962
10.386758 -6.8277612 -1.7968904
10.548535 -6.575058 -1.7968849
10.853437 -6.0583129 -1.7968742
10.996465 -5.79458 -1.7968692
11.133085 -5.5274615 -1.7968642
11.263242 -5.2571373 -1.7968594
11.386777 -4.9837484 -1.7968546
11.50373 -4.7074528 -1.7968502
11.986679 -3.2881589 -1.7968304
12.062558 -2.9978936 -1.7968271
12.193125 -2.4122818 -1.7968206
12.335625 -1.5237607 -1.7968125
12.368809 -1.2255948 -1.7968102
12.425 -0.32748076 -1.7968042
12.429317 -0.027504273 -1.7968026
12.342168 1.4691614 -1.7967976
12.203496 2.3582678 -1.796797
12.143046 2.6521301 -1.7967972
12.075488 2.944433 -1.7967974
10.827559 3.487268 -1.644428
10.740253 3.7475767 -1.6444291
10.64666 4.0057073 -1.6444304
10.440976 4.5148349 -1.6444333
9.5055275 4.9553943 -1.5496504
8.9919529 4.9672666 -1.4850423
8.0821676 4.9882975 -1.3729888
6.8329883 4.9339123 -1.2183861
6.5058985 4.9409223 -1.1809826
6.2372265 4.9787464 -1.1536955
6.0066991 5.0368152 -1.1332167
5.7277145 5.043262 -1.1032342
5.4629688 5.0493784 -1.0754062
5.2110739 5.0551977 -1.0495455
4.9709177 5.0607457 -1.0254813
4.5215039 5.0711274 -0.9821713
4.3105273 5.0760002 -0.96267843
4.1076365 5.0806851 -0.94448501
3.7234764 5.0895567 -0.91162789
3.5410352 5.09377 -0.89680809
3.3643358 5.0978503 -0.88296872
2.8641796 5.1093955 -0.8467555
2.7061718 5.1130424 -0.83628905
2.4011133 5.1200819 -0.81751204
2.2534959 5.1234894 -0.80913383
2.1088085 5.1268272 -0.80138624
1.9667773 5.130105 -0.79424375
1.8271679 5.1333237 -0.78768462
1.6897656 5.1364942 -0.78168297
1.5264062 5.0471869 -0.76226097
1.0122656 5.0683122 -0.74714851
0.77207029 5.1483855 -0.75257504
0.64583981 5.1512942 -0.75050247
0.020820312 5.1656971 -0.74676108
-0.10392578 5.1685715 -0.74732113
-0.22896484 5.1714497 -0.74831897
-0.35439453 5.1743388 -0.74975598
-0.73462892 5.1830945 -0.75675839
-1.124082 5.1920605 -0.76795578
-1.3911133 5.1982059 -0.77789837
-1.5273827 5.2013421 -0.78365684
-1.6657813 5.2045264 -0.78996575
-1.8065234 5.2077646 -0.79684538
-1.9498047 5.2110605 -0.80431789
-2.0958788 5.2144213 -0.81241018
-2.2449999 5.2178507 -0.82114917
-2.3974805 5.2213583 -0.83056855
-2.5535741 5.2249484 -0.84070188
-2.7136328 5.2286286 -0.85158688
-2.8779881 5.232409 -0.86326861
-3.0469921 5.2362943 -0.87579155
-3.2210937 5.2402964 -0.88920742
-3.400703 5.2444263 -0.90357751
-3.5863671 5.248693 -0.91896302
-3.9132812 5.172401 -0.93761444
-4.1170115 5.177083 -0.95620245
-4.6292186 5.2769156 -1.0147686
-5.1110544 5.2879868 -1.0631449
-5.3699021 5.2939329 -1.0900859
-5.9299607 5.3067994 -1.1503868
-6.2342577 5.3137884 -1.1841873
-6.5571485 5.3212037 -1.2207614
-6.9008203 5.3290968 -1.2604263
-8.0839453 5.3562651 -1.4018686
-10.04749 5.3413305 -1.6449749
-10.173496 5.0972853 -1.6449795
-10.407695 4.6004157 -1.6449881
-10.515703 4.3478923 -1.6449922
-10.802783 3.5756989 -1.6450037
-11.978622 3.3328693 -1.7974362
-12.125566 2.7509308 -1.7974429
-12.244238 2.1625769 -1.797449
-12.292871 1.8664281 -1.7974517
-12.334346 1.5691869 -1.7974544
-12.368652 1.2710376 -1.7974566
-12.395761 0.97212827 -1.7974589
-12.406308 -0.82704037 -1.7974679
-12.382764 -1.1262466 -1.7974688
-12.351982 -1.4247845 -1.7974695
-12.268827 -2.019196 -1.7974702
-12.157089 -2.6089134 -1.7974701
-12.090586 -2.9015691 -1.7974697
-12.017021 -3.192539 -1.7974693
-11.653252 -4.3361392 -1.7974652
-11.545185 -4.6161237 -1.7974637
-11.430409 -4.8934269 -1.797462
-11.180918 -5.4393287 -1.7974581
-11.046367 -5.7075987 -1.7974557
-10.604404 -6.4918346 -1.7974478
-10.444629 -6.7458739 -1.7974447
-9.8043842 -7.0252686 -1.7436404
-9.3454494 -7.0438938 -1.6917727
-8.7459764 -7.2797103 -1.6450022
-8.0033979 -8.0888548 -1.6449864
-7.3971286 -8.6466503 -1.6449729
-6.75207 -9.1590939 -1.6449583
-6.5290036 -9.3193598 -1.6449531
-6.0716209 -9.6235113 -1.6449424
-5.8375778 -9.7672262 -1.6449369
-5.359375 -10.037482 -1.6449255
-5.1155272 -10.163877 -1.6449198
-4.1117969 -10.609534 -1.6448951
-4.2117381 -11.697627 -1.7973031
-3.6423047 -11.887143 -1.7972889
-3.3543162 -11.971542 -1.7972816
-3.0643749 -12.048965 -1.7972742
-2.1845899 -12.238954 -1.7972517
0.80437499 -12.405803 -1.797173
1.0327929 -9.0989885 -1.3238138
1.6998242 -12.314923 -1.7971487
2.2921288 -12.21844 -1.7971324
3.9482031 -10.669968 -1.6446807
4.2045507 -10.571513 -1.6446735
4.458457 -10.466909 -1.6446661
4.7097654 -10.356201 -1.6446589
4.9583201 -10.239473 -1.6446518
5.6860938 -9.8537722 -1.6446304
5.9222069 -9.7136183 -1.6446235
6.1549411 -9.5678072 -1.6446165
6.3840623 -9.4164381 -1.6446097
7.0485349 -8.9297657 -1.6445897
7.4711523 -8.5791426 -1.6445767
7.6760349 -8.396287 -1.6445702
8.0722265 -8.0160313 -1.644558
8.2632809 -7.8188281 -1.6445518
8.4496088 -7.6170769 -1.6445459
8.6674213 -7.4422369 -1.6514921
10.336816 -6.9031558 -1.796892
10.657832 -6.3962231 -1.7968811
10.809121 -6.1371284 -1.7968757
10.954042 -5.8744245 -1.7968707
11.092617 -5.6083121 -1.7968657
11.224707 -5.3389511 -1.7968608
11.350254 -5.0664616 -1.796856
11.469199 -4.791039 -1.7968516
11.686973 -4.2319465 -1.7968431
11.962441 -3.375273 -1.7968315
12.04041 -3.0855815 -1.7968279
12.175234 -2.5009167 -1.7968216
12.324219 -1.6134866 -1.7968131
12.359571 -1.3155524 -1.7968109
12.422304 -0.41787475 -1.7968048
12.428789 -0.11792205 -1.7968031
12.427988 0.1820758 -1.7968017
12.404687 0.78162503 -1.7967993
12.382226 1.0807763 -1.7967985
12.220351 2.2694299 -1.796797
12.096621 2.8564997 -1.7967973
10.577637 4.1846681 -1.6444312
10.473555 4.4387407 -1.6444328
10.363359 4.6902428 -1.6444345
10.247149 4.9390216 -1.6444364
9.1421871 4.9637928 -1.5038495
7.7956247 4.9949198 -1.3384339
5.8102341 5.0413542 -1.1120343
5.5413671 5.0475669 -1.08358
5.0421286 5.0591016 -1.0325527
4.5868163 5.0696182 -0.98831695
3.5954101 5.0925145 -0.90116978
3.2440429 5.1006274 -0.87384999
2.5980077 5.1155386 -0.82941192
2.4462109 5.119041 -0.8201654
2.2976758 5.1224694 -0.81159061
2.1521485 5.1258268 -0.80365658
2.009336 5.1291218 -0.79633558
1.8690039 5.1323595 -0.78960216
1.4345899 5.049304 -0.7588191
1.3045117 5.0523038 -0.75431663
1.1758984 5.0552707 -0.75030214
0.93759763 5.1445684 -0.75595063
0.43267578 5.1562071 -0.74800253
0.30773437 5.1590858 -0.74712491
0.18304688 5.1619592 -0.74668312
-0.31654295 5.1734681 -0.74927646
-1.0844336 5.1911478 -0.76663321
-1.2165821 5.1941895 -0.77119523
-1.3504297 5.1972704 -0.77626663
-1.4861132 5.2003922 -0.78186482
-1.6238281 5.2035613 -0.78800541
-1.9063085 5.2100601 -0.80200142
-2.0515039 5.2134004 -0.80990362
-2.5061328 5.2238569 -0.83757079
-2.6649609 5.2275105 -0.84822553
-2.8279686 5.2312584 -0.85966069
-3.1680663 5.2390776 -0.88506758
-3.8533983 5.1710253 -0.93225765
-5.0355077 5.2862506 -1.0553995
-5.2905078 5.2921095 -1.0817558
-5.5587497 5.2982721 -1.1101255
-5.8415818 5.30477 -1.1407039
-6.4577341 5.3189201 -1.2094266
-6.7949023 5.3266649 -1.248125
-7.1545897 5.3349247 -1.290159
-7.5395508 5.3437657 -1.3359252
-8.3991013 5.3635025 -1.4406308
-8.8539648 5.3576269 -1.4960318
-9.2393456 5.2904577 -1.5391146
-10.008359 5.4142761 -1.6449734
-10.483799 4.4242878 -1.6449909
-10.776494 3.6542065 -1.6450026
-11.954082 3.419909 -1.7974352
-12.033134 3.1304107 -1.7974386
-12.105214 2.8390648 -1.797442
-12.170224 2.5460887 -1.7974452
-12.228164 2.2516046 -1.797448
-12.278955 1.9558032 -1.797451
-12.322617 1.6588904 -1.7974535
-12.359072 1.3609821 -1.797456
-12.41038 0.76298094 -1.7974603
-12.390625 -1.0361227 -1.7974685
-12.362012 -1.3348935 -1.7974693
-12.3262 -1.6328558 -1.7974697
-11.876055 -3.6824384 -1.7974679
-11.578486 -4.5320239 -1.7974641
-11.34627 -5.0854774 -1.7974606
-11.220204 -5.3578525 -1.7974586
-11.087607 -5.62708 -1.7974565
-10.948545 -5.8930473 -1.797454
-10.803085 -6.155582 -1.7974515
-10.493437 -6.6697168 -1.7974458
-10.329394 -6.9210205 -1.7974426
-9.4808884 -7.038414 -1.7069764
-8.7987108 -7.2158933 -1.6450033
-8.621933 -7.4261436 -1.6449995
-8.4401951 -7.6320434 -1.6449957
-8.0619917 -8.0304298 -1.6449876
-7.8658199 -8.22264 -1.6449833
-7.6650391 -8.4100761 -1.6449789
-7.4598436 -8.5926085 -1.6449744
-7.2502341 -8.770133 -1.6449696
-6.8185153 -9.1097345 -1.6449598
-6.3708982 -9.428113 -1.6449494
-5.6720309 -9.864255 -1.644933
-5.4322848 -9.9982328 -1.6449274
-4.9434376 -10.248664 -1.6449155
-4.6946287 -10.364953 -1.6449095
-4.0138474 -11.766941 -1.7972982
-3.7287109 -11.86035 -1.797291
-3.151953 -12.026372 -1.7972764
-2.2735741 -12.222754 -1.797254
-1.9778711 -12.274021 -1.7972465
-0.18572265 -12.430652 -1.7971995
0.1143164 -12.431461 -1.7971914
1.3122265 -12.362317 -1.7971592
1.6101953 -12.326984 -1.7971511
2.7909765 -12.114131 -1.7971187
3.0825195 -12.043186 -1.7971106
3.3722656 -11.965227 -1.7971025
3.6600976 -11.880298 -1.7970943
4.3822069 -10.499072 -1.6446683
4.8836913 -10.275281 -1.6446539
5.6142969 -9.8948841 -1.6446326
5.8514256 -9.756465 -1.6446255
6.5418944 -9.3074207 -1.6446049
6.7645898 -9.1467762 -1.6445982
7.6147656 -8.45191 -1.6445723
7.816484 -8.2656374 -1.6445658
8.2062111 -7.8787594 -1.6445537
8.3939447 -7.6783614 -1.6445477
8.9702539 -7.4432273 -1.6850448
9.4259176 -7.4445801 -1.7363616
9.9101753 -7.4458432 -1.7919421
10.114922 -7.2244349 -1.7968997
10.286367 -6.978168 -1.7968938
10.451738 -6.7278323 -1.7968882
10.611054 -6.4736094 -1.7968827
11.051523 -5.6888738 -1.7968671
11.185566 -5.4204535 -1.7968622
11.313125 -5.1489086 -1.7968576
11.434043 -4.8743339 -1.7968529
11.54834 -4.5969281 -1.7968485
11.655879 -4.3168745 -1.7968442
11.937578 -3.4622197 -1.7968326
12.017656 -3.1730716 -1.796829
12.090703 -2.8821044 -1.7968256
12.156757 -2.5894349 -1.7968224
12.403105 -0.80781674 -1.7968072
12.418925 -0.50821441 -1.7968053
12.427558 -0.20834534 -1.7968036
12.428965 0.091675721 -1.796802
12.423124 0.3916159 -1.7968009
12.410058 0.69135314 -1.7967995
12.389746 0.99068356 -1.7967987
12.362226 1.2894164 -1.7967979
12.180332 2.4751678 -1.796797
12.11707 2.7684369 -1.7967973
11.693593 2.9703875 -1.7441382
10.877149 3.3293481 -1.6444274
10.703828 3.8503845 -1.6444296
10.607812 4.1075969 -1.6444308
10.505547 4.3624415 -1.6444323
10.397226 4.614738 -1.644434
10.162207 5.1109934 -1.644398
9.2962694 4.9602318 -1.5232182
8.7996092 4.9717131 -1.4610811
7.9174805 4.992105 -1.3530799
6.7002149 4.9364305 -1.2030898
6.3817186 4.9437909 -1.1669911
6.1823435 5.0327563 -1.1524202
5.3614259 5.051724 -1.0649061
5.1143556 5.0574317 -1.0397801
4.8785353 5.06288 -1.0163878
4.4366989 5.0730858 -0.97426766
4.0291405 5.0824986 -0.93759757
3.8364258 5.0869493 -0.92106235
3.6502733 5.0912476 -0.90561926
3.4701953 5.0954056 -0.89119679
3.1261523 5.1033478 -0.86515957
2.8009374 5.1108541 -0.84250766
2.195703 5.1248221 -0.80598235
2.0520704 5.1281352 -0.79847878
1.9110351 5.1313896 -0.79157001
1.7723438 5.1345901 -0.78523427
1.4741015 5.0483942 -0.76027268
1.2145116 5.0543799 -0.75146115
0.97613281 5.143681 -0.75684494
0.84855467 5.1466222 -0.75404251
0.47039062 5.1553378 -0.74835324
0.3453711 5.1582189 -0.74734366
0.095976561 5.1639662 -0.74663323
-0.028730469 5.1668382 -0.74693149
-0.15357421 5.1697145 -0.74766487
-0.40435547 5.1754894 -0.75045043
-0.53060544 5.1783972 -0.75250989
-0.78556639 5.184268 -0.75799477
-0.91460937 5.1872387 -0.76143563
-1.0448828 5.1902375 -0.76535589
-1.3098828 5.1963372 -0.77468377
-1.4449999 5.1994467 -0.78012073
-1.5821093 5.2026019 -0.78609681
-1.7213867 5.2058048 -0.79262859
-2.0074608 5.2123876 -0.80745721
-2.3051562 5.2192345 -0.82480794
-2.4590235 5.222774 -0.83450598
-2.6166601 5.2263994 -0.84493315
-2.9445312 5.2339387 -0.86813879
-3.1155274 5.2378693 -0.88101029
-3.4736912 5.2461047 -0.90956253
-3.6130273 5.1803985 -0.91302937
-3.7942188 5.1696649 -0.92701185
-4.9610548 5.2845402 -1.0478274
-5.7547264 5.302774 -1.1312428
-6.0487108 5.3095264 -1.1634959
-6.3601561 5.316679 -1.198365
-7.0436325 5.3323779 -1.2771165
-7.4206834 5.3410358 -1.3217148
-7.825273 5.3503265 -1.3703687
-8.2610159 5.3603306 -1.4235971
-8.732275 5.3711524 -1.4820336
-9.0790815 5.2867785 -1.5187887
-10.339648 4.7513614 -1.6449857
-10.556933 4.2468858 -1.6449939
-10.656386 3.9908483 -1.6449977
-10.749629 3.7324858 -1.6450015
-10.879346 3.4856639 -1.6514927
-11.820703 3.4749913 -1.7811353
-12.010038 3.2178764 -1.7974375
-12.084238 2.9270642 -1.7974409
-12.151386 2.6345372 -1.7974442
-12.264414 2.0450928 -1.7974501
-12.380283 1.1523864 -1.7974576
-12.404492 0.85323209 -1.7974597
-12.421494 0.55360353 -1.7974616
-12.43376 -0.046464536 -1.7974648
-12.41705 -0.64645535 -1.7974674
-12.371387 -1.2449106 -1.7974691
-12.296914 -1.8404672 -1.7974701
-12.131514 -2.7253461 -1.7974701
-11.985859 -3.3075979 -1.797469
-11.812265 -3.8821707 -1.7974671
-11.715117 -4.1661205 -1.7974659
-11.382949 -5.0027909 -1.7974612
-11.128252 -5.5462847 -1.7974571
-10.847617 -6.0768304 -1.7974522
-10.697783 -6.336854 -1.7974495
-10.379462 -6.8457098 -1.7974435
-8.850976 -7.1516833 -1.6450044
-8.4955072 -7.5704594 -1.6449969
-8.3102732 -7.7732677 -1.6449929
-9.3283787 -5.2867408 -1.797408
-9.1980467 -5.5103354 -1.7974055
-8.9213867 -5.9477735 -1.7974004
-8.7752247 -6.1613536 -1.7973974
-8.4676361 -6.5776234 -1.7973913
-7.4923043 -7.0781784 -1.7277932
-6.8284764 -7.1052561 -1.6519451
-6.4501758 -7.3950181 -1.6449416
-6.0857811 -7.6976304 -1.6449335
-5.8981638 -7.8422527 -1.6449291
-5.5128317 -8.1177111 -1.6449201
-5.1146483 -8.3742409 -1.6449108
-4.910996 -8.4952269 -1.6449059
-4.0691404 -8.9289818 -1.6448857
-3.8524022 -9.0245676 -1.6448803
-3.4124217 -9.1998997 -1.6448694
-3.1893358 -9.2795458 -1.644864
-2.5096092 -9.485878 -1.6448469
-2.2799022 -9.5436602 -1.6448411
-1.8166602 -9.6424999 -1.6448293
-1.1142774 -9.7485571 -1.644811
-0.87863278 -9.7725792 -1.644805
-0.64251953 -9.7909021 -1.6447988
-0.4060156 -9.803525 -1.6447924
-0.1692578 -9.8104286 -1.6447862
0.067578122 -9.8116236 -1.6447799
0.54093748 -9.796855 -1.6447672
0.77724606 -9.7809124 -1.6447608
1.2483398 -9.7319269 -1.6447481
1.482832 -9.6989269 -1.6447417
1.7165039 -9.6602793 -1.6447352
2.4108984 -9.5106516 -1.644716
2.6397655 -9.4496613 -1.6447096
2.8670311 -9.3831625 -1.6447031
3.3164647 -9.2338037 -1.6446905
3.5383787 -9.1510286 -1.6446843
4.4040232 -8.7671766 -1.6446593
4.8219137 -8.5443659 -1.644647
5.0267382 -8.4254684 -1.644641
5.2285743 -8.3016586 -1.644635
5.427402 -8.1730261 -1.644629
5.6230664 -8.0396185 -1.6446233
6.3718357 -7.4599915 -1.6446005
6.6322265 -7.3956966 -1.6652393
6.9623828 -7.3966136 -1.7027982
7.3077731 -7.3974047 -1.7430899
7.6700583 -7.3980694 -1.7863563
7.8928905 -7.2535872 -1.7969589
8.233633 -6.8642025 -1.796948
8.7086134 -6.2504568 -1.7969323
8.8569336 -6.0384269 -1.7969273
9.0000782 -5.8228803 -1.7969224
9.2705269 -5.3817463 -1.7969131
9.3977146 -5.1564169 -1.7969085
9.5193939 -4.9280796 -1.7969042
9.7460938 -4.4629426 -1.7968959
9.9500389 -3.9873998 -1.7968881
10.04334 -3.7460895 -1.7968844
10.13082 -3.502588 -1.796881
10.212402 -3.2570441 -1.7968775
10.288027 -3.0096071 -1.7968744
10.421269 -2.5096202 -1.7968682
10.575449 -1.7490506 -1.7968605
10.674238 -0.9793188 -1.796854
10.718946 0.054260254 -1.7968478
10.714434 0.31295592 -1.7968466
10.703789 0.57146913 -1.7968457
10.686835 0.829642 -1.796845
10.663692 1.0873382 -1.7968441
10.598808 1.6006744 -1.7968434
10.509199 2.1102808 -1.7968432
10.455235 2.3633142 -1.7968435
10.395156 2.6149683 -1.7968439
10.328984 2.8650963 -1.7968445
9.9167185 3.0103106 -1.737259
9.0686331 3.7411973 -1.6444737
8.5523043 4.8058505 -1.6444823
7.5595117 5.0002465 -1.5193424
6.4112496 4.9429917 -1.3570596
6.2107029 5.0319848 -1.3399386
5.9208789 5.0386853 -1.3032774
5.3856249 5.0510578 -1.2377299
3.6678123 5.0907516 -1.0517886
3.4871483 5.0949249 -1.0349556
3.1421483 5.1028929 -1.0045626
2.976953 5.1067066 -0.99087644
1.9244336 5.131 -0.91861832
1.7854882 5.1342063 -0.91120911
1.619082 5.044971 -0.88817465
1.100996 5.0661912 -0.86907017
0.86072266 5.1462646 -0.87465161
0.23253906 5.1607437 -0.86597317
0.10789062 5.1636157 -0.86576611
-0.016757812 5.1664872 -0.86606258
-0.14158203 5.1693635 -0.86686522
-0.26671875 5.1722441 -0.86817479
-0.64541012 5.1809645 -0.87519795
-0.77326173 5.183908 -0.87859321
-0.90216798 5.1868753 -0.88253051
-1.4319531 5.1990681 -0.90397239
-1.7079296 5.2054162 -0.91835254
-1.849375 5.2086701 -0.9265337
-2.2905469 5.2188172 -0.9553858
-2.444082 5.2223468 -0.96655232
-2.6013281 5.2259626 -0.97855991
-2.7626562 5.2296696 -0.99145478
-2.9283593 5.2334795 -1.005288
-3.2745702 5.2414365 -1.0359975
-3.4559374 5.2456036 -1.0530063
-3.6124413 5.2051849 -1.062094
-3.7781835 5.1728439 -1.0737889
-3.9737694 5.173697 -1.0935631
-4.6989255 5.2784162 -1.1846359
-4.9374804 5.2838945 -1.2122657
-5.7272654 5.3020291 -1.3083076
-6.6582618 5.3234019 -1.4290119
-7.3832617 5.3400445 -1.527454
-8.0874805 5.5570788 -1.6449217
-8.3462696 5.1603537 -1.6449305
-8.6978121 4.5429959 -1.6449429
-9.0037794 3.9018152 -1.6449542
-9.0953608 3.6833782 -1.6449577
-9.1816111 3.4627819 -1.644961
-10.473535 2.2961535 -1.7974012
-10.572158 1.7880505 -1.7974063
-10.612246 1.5323614 -1.7974086
-10.646152 1.2757849 -1.7974108
-10.710606 0.50217313 -1.7974163
-10.719609 0.24352111 -1.7974179
-10.718896 -0.274068 -1.7974203
-10.693183 -0.79101259 -1.7974222
-10.670966 -1.0488818 -1.7974229
-10.642558 -1.3061267 -1.7974234
-10.607939 -1.5626138 -1.7974237
-10.46709 -2.3260202 -1.7974237
-10.40789 -2.5779712 -1.7974234
-10.271338 -3.0772262 -1.7974222
-10.194072 -3.3242269 -1.7974213
-10.110859 -3.5692992 -1.7974203
-10.021768 -3.8122978 -1.7974191
-9.9268255 -4.0530658 -1.7974178
-9.8261127 -4.291472 -1.7974163
-9.3666115 -5.2187271 -1.7974086
-9.1038275 -5.664649 -1.7974038
-8.5152931 -6.5158505 -1.7973922
-8.3555079 -6.7194681 -1.797389
-8.1908789 -6.9191718 -1.7973857
-7.9583201 -7.0588055 -1.783229
-7.5976562 -7.0738244 -1.7401774
-7.2536716 -7.0879869 -1.7000847
-6.9247851 -7.1013684 -1.6627091
-6.6792383 -7.1888022 -1.6449467
-6.3245311 -7.5027208 -1.6449388
-6.141582 -7.6531663 -1.6449347
-5.7650976 -7.9405832 -1.644926
-5.5717382 -8.0773859 -1.6449215
-5.3751364 -8.2094917 -1.644917
-5.1754103 -8.3368139 -1.6449122
-4.9726758 -8.4592762 -1.6449075
-4.7670312 -8.5768166 -1.6449026
-4.558672 -8.6893358 -1.6448976
-4.347578 -8.796814 -1.6448923
-4.1340036 -8.8991547 -1.6448873
-3.9179492 -8.9963112 -1.644882
-3.2567968 -9.2561102 -1.6448656
-3.0324023 -9.3319874 -1.64486
-2.806289 -9.4024334 -1.6448544
-1.6538281 -9.6717348 -1.6448251
-1.1851562 -9.7402077 -1.6448129
-0.47732422 -9.8003206 -1.6447942
-0.24064453 -9.8089504 -1.644788
0.2330078 -9.8090582 -1.6447755
0.94207031 -9.7663879 -1.6447564
1.0987695 -9.0896406 -1.5348307
1.8791406 -9.6299353 -1.6447308
2.1110351 -9.5817347 -1.6447244
2.3416796 -9.5279608 -1.6447179
2.5709178 -9.468626 -1.6447116
2.7986913 -9.4037828 -1.6447052
3.0248437 -9.3334589 -1.6446987
3.4716601 -9.1765451 -1.6446861
4.1264648 -8.9012156 -1.6446673
4.3400974 -8.798995 -1.6446611
4.5511913 -8.6916447 -1.644655
4.7596483 -8.5792332 -1.6446489
4.9652929 -8.4618254 -1.6446427
5.3678122 -8.2122955 -1.6446309
5.5644336 -8.0803289 -1.6446251
5.7578321 -7.9436407 -1.6446191
6.1344137 -7.6564722 -1.6446077
6.3174024 -7.5061603 -1.6446022
6.8613281 -7.3963494 -1.6912007
7.5589843 -7.3978829 -1.772985
7.839941 -7.3108201 -1.7969606
8.0140619 -7.1194468 -1.7969551
8.1835155 -6.9239244 -1.7969496
8.6629295 -6.3136516 -1.7969339
8.9574804 -5.8882189 -1.796924
9.0969534 -5.6702819 -1.7969191
9.2311325 -5.4490528 -1.7969145
9.6011324 -4.7668548 -1.7969012
9.7133589 -4.5337267 -1.7968971
9.8199024 -4.2979612 -1.7968931
9.9208002 -4.0596919 -1.7968893
10.188477 -3.3312607 -1.7968785
10.337304 -2.8357019 -1.7968723
10.402695 -2.5853744 -1.7968692
10.46207 -2.3335419 -1.7968664
10.515312 -2.0803444 -1.7968637
10.56248 -1.8259431 -1.7968612
10.603437 -1.5704772 -1.7968588
10.638223 -1.3140875 -1.7968566
10.70539 -0.5409674 -1.796851
10.719004 -0.023721008 -1.7968481
10.707676 0.49358734 -1.7968459
10.692578 0.75187653 -1.7968451
10.671309 1.009729 -1.7968445
10.610156 1.5235296 -1.7968435
10.524297 2.033767 -1.7968432
10.472129 2.2871947 -1.7968434
10.349589 2.7898803 -1.7968441
10.143496 2.9987366 -1.77312
9.4244137 3.0353479 -1.6597438
9.1816988 3.4545159 -1.644472
8.9077339 4.1097808 -1.6444762
8.4700384 4.9493828 -1.6444836
7.6762109 4.9975476 -1.5354505
7.2981639 5.0062914 -1.4835695
6.5057616 4.9408054 -1.3694189
6.0065622 5.0367041 -1.3140329
5.4628515 5.0492725 -1.2469996
4.5214257 5.0710297 -1.1388903
3.5409765 5.0936809 -1.0399084
3.192832 5.1017213 -1.0088792
3.0262694 5.1055679 -0.99490142
2.7061327 5.1129594 -0.96973258
2.2534571 5.1234083 -0.93824494
2.108789 5.1267467 -0.92926151
1.689746 5.136416 -0.90641516
1.5263867 5.0471106 -0.88389343
1.2655859 5.0531263 -0.87321895
1.012246 5.0682364 -0.86636901
0.64582032 5.1512198 -0.87026006
0.52017576 5.1541157 -0.86837387
0.39498046 5.1569996 -0.86700082
0.14546874 5.1627493 -0.86577576
0.020820312 5.1656218 -0.86592102
-0.10392578 5.1684966 -0.86657047
-0.22896484 5.1713743 -0.8677274
-0.48037109 5.1771641 -0.87157643
-0.73462892 5.1830182 -0.87751293
-0.86318356 5.1859775 -0.88128597
-1.124082 5.1919827 -0.89049637
-1.2567383 5.1950355 -0.89596272
-1.3910742 5.1981273 -0.90202594
-1.5273633 5.2012625 -0.90870315
-1.6657617 5.2044468 -0.91601902
-1.8064843 5.2076831 -0.92399615
-2.553535 5.224864 -0.97484976
-2.7135937 5.2285423 -0.98747295
-3.046953 5.2362046 -1.015538
-3.913203 5.1723051 -1.0872239
-4.4040623 5.2716422 -1.1514893
-4.6291404 5.276813 -1.176687
-4.8644137 5.2822161 -1.2037288
-5.3697848 5.2938209 -1.2640222
-5.6422653 5.3000779 -1.297664
-6.5569921 5.3210773 -1.4155447
-6.9006639 5.3289661 -1.4615369
-8.0469141 5.6158209 -1.6449368
-8.1800776 5.419929 -1.6449248
-8.4321289 5.018888 -1.6449335
-8.5508204 4.8139143 -1.6449375
-9.1561813 3.5294933 -1.6449599
-10.179091 3.369251 -1.7973881
-10.257461 3.1225989 -1.7973913
-10.329844 2.8741236 -1.7973945
-10.39624 2.6239684 -1.7973976
-10.456553 2.3722832 -1.7974004
-10.510781 2.1192236 -1.7974031
-10.558867 1.8649096 -1.7974055
-10.600821 1.6095227 -1.797408
-10.636592 1.3531982 -1.7974101
-10.666172 1.096087 -1.7974123
-10.689521 0.83832181 -1.7974141
-10.70665 0.58007962 -1.7974159
-10.717558 0.32149476 -1.7974174
-10.722207 0.062729493 -1.7974188
-10.720595 -0.19608398 -1.79742
-10.712744 -0.45477569 -1.7974211
-10.698652 -0.71320218 -1.7974219
-10.67832 -0.97122681 -1.7974226
-10.651787 -1.2286739 -1.7974232
-10.619023 -1.4854001 -1.7974237
-10.48373 -2.249809 -1.7974238
-10.293447 -3.002425 -1.7974224
-10.136562 -3.4956486 -1.7974206
-9.8570604 -4.2198768 -1.7974168
-9.7523432 -4.4565444 -1.7974151
-9.277256 -5.3759232 -1.797407
-9.1447849 -5.5982785 -1.7974046
-9.0069923 -5.8173499 -1.797402
-8.7157326 -6.2452111 -1.7973963
-8.5624218 -6.453732 -1.7973933
-8.2409763 -6.8593969 -1.7973866
-7.7045312 -7.0693908 -1.7528292
-7.3556638 -7.0838037 -1.7118715
-6.7313867 -7.1400285 -1.6449478
-6.5570703 -7.3003988 -1.644944
-6.1971288 -7.6082921 -1.6449358
-6.0116601 -7.7556272 -1.6449316
-5.4347262 -8.170186 -1.6449183
-4.621738 -8.6559534 -1.6448991
-4.1986132 -8.8688593 -1.6448889
-3.9833398 -8.9675741 -1.6448836
-3.7656834 -9.0610781 -1.6448781
-3.3240623 -9.2321863 -1.6448674
-1.9567773 -9.6150665 -1.6448328
-1.0207422 -9.7587786 -1.6448087
-0.31199217 -9.8069458 -1.6447901
0.16160156 -9.8105021 -1.6447773
0.63486326 -9.7911968 -1.6447647
1.0327148 -9.0983791 -1.5349718
1.5757617 -9.6842518 -1.644739
2.04125 -9.5968513 -1.6447263
2.5019727 -9.4870949 -1.6447134
2.7302148 -9.4239044 -1.644707
2.9568944 -9.3552284 -1.6447008
3.1817968 -9.2810984 -1.6446943
3.4048436 -9.2015724 -1.6446881
3.6259375 -9.1166811 -1.6446817
4.9036326 -8.4977293 -1.6446446
5.3079295 -8.2511358 -1.6446327
5.6998825 -7.9853234 -1.6446209
5.8909373 -7.8454113 -1.6446152
6.2626562 -7.5519238 -1.6446038
6.4400387 -7.3950882 -1.6438274
6.7616014 -7.3960752 -1.6798435
7.0976562 -7.3969431 -1.7184625
7.7864842 -7.3676763 -1.7969624
8.1329298 -6.9832935 -1.7969513
8.6167965 -6.3765149 -1.7969354
9.1912689 -5.5160656 -1.7969159
9.3216791 -5.2926197 -1.7969112
9.4466991 -5.0660734 -1.7969068
9.5661907 -4.8365731 -1.7969024
9.7884178 -4.3692913 -1.7968943
9.890996 -4.1317706 -1.7968904
9.9878321 -3.8918235 -1.7968866
10.078828 -3.6496096 -1.7968831
10.163945 -3.4053056 -1.7968795
10.243164 -3.1589847 -1.7968762
10.383633 -2.6609957 -1.7968701
10.444804 -2.4095926 -1.7968671
10.499902 -2.1567838 -1.7968644
10.628379 -1.3914676 -1.7968572
10.683145 -0.87692869 -1.7968533
10.712988 -0.36037627 -1.79685
10.718554 -0.10169525 -1.7968485
10.710977 0.41566771 -1.7968463
10.697812 0.67407167 -1.7968453
10.678398 0.93205929 -1.7968446
10.582949 1.7022144 -1.7968434
10.538828 1.9571527 -1.7968432
10.488477 2.2109308 -1.7968434
10.432109 2.4634423 -1.7968436
10.36957 2.7145159 -1.796844
9.2856636 3.1644402 -1.6444707
9.206562 3.3876226 -1.6444716
9.1221094 3.6088512 -1.644473
8.8371487 4.2594018 -1.6444772
8.6213284 4.6809044 -1.6444811
8.5058203 4.8876376 -1.644483
7.7954102 4.994791 -1.551989
6.6019921 4.938581 -1.3820797
6.2892966 4.9458103 -1.3412237
6.0936522 5.0346899 -1.325039
5.5412498 5.047461 -1.2564778
5.2856054 5.0533695 -1.2258216
5.0420313 5.0589995 -1.1973097
4.8094139 5.0643749 -1.1707619
4.3731446 5.0744562 -1.1229364
3.9702537 5.083765 -1.0812869
3.7796092 5.0881686 -1.062507
3.4169531 5.0965447 -1.0285815
3.2439842 5.1005406 -1.0132873
2.2976367 5.1223884 -0.9410947
2.1521094 5.1257477 -0.93189383
2.0092969 5.1290436 -0.92340457
1.8689648 5.1322808 -0.91559637
1.4345703 5.0492282 -0.87990171
1.1758789 5.0551953 -0.87002808
0.93757808 5.1444926 -0.8765769
0.68378907 5.1503439 -0.87092847
0.55796874 5.1532445 -0.86888808
0.43267578 5.1561308 -0.86736059
0.30773437 5.1590104 -0.86634278
0.18304688 5.1618838 -0.86583084
-0.31652343 5.1733923 -0.86883789
-0.44232422 5.1762881 -0.87086332
-0.56876951 5.1792002 -0.87340981
-0.69607419 5.1821308 -0.87648231
-0.82431638 5.1850834 -0.88009161
-0.95369136 5.1880612 -0.88424736
-1.084414 5.1910696 -0.88896394
-1.4860938 5.2003131 -0.90662575
-1.6238085 5.2034822 -0.91374588
-1.7638086 5.2067027 -0.92152131
-2.1996679 5.2167268 -0.94904256
-2.3511133 5.2202101 -0.95972306
-2.5060937 5.223772 -0.97121906
-2.6649022 5.2274232 -0.98357397
-2.9954882 5.2350211 -1.0110551
-3.1680079 5.2389865 -1.0262934
-3.5296679 5.2472978 -1.060091
-3.8533397 5.1709309 -1.0810119
-4.0547071 5.1755557 -1.1021258
-4.3380661 5.2701268 -1.144232
-5.0353904 5.2861423 -1.2238022
-5.5586329 5.2981572 -1.287257
-5.8414645 5.3046513 -1.3227137
-6.1405272 5.3115172 -1.3609982
-6.7947459 5.3265357 -1.447275
-8.6307812 4.6690521 -1.6449405
-8.7409964 4.459403 -1.6449444
-8.8460836 4.2471337 -1.6449482
-9.0407715 3.815321 -1.6449555
-10.234463 3.197135 -1.7973905
-10.439023 2.4482861 -1.7973995
-10.495069 2.1956346 -1.7974023
-10.545019 1.9416864 -1.7974049
-10.588819 1.6865984 -1.7974072
-10.657929 1.1736486 -1.7974116
-10.721464 0.14071594 -1.7974184
-10.721728 -0.11807983 -1.7974197
-10.703545 -0.63534361 -1.7974217
-10.685098 -0.89350617 -1.7974224
-10.549218 -1.9194337 -1.7974238
-10.444297 -2.426271 -1.7974235
-10.241377 -3.1755669 -1.7974218
-10.161728 -3.4218092 -1.797421
-9.8875189 -4.148047 -1.7974173
-9.7845116 -4.385489 -1.7974156
-9.6758003 -4.6203742 -1.7974139
-9.5614548 -4.8525443 -1.7974119
-9.3161135 -5.3083057 -1.7974076
-9.1852827 -5.5315919 -1.7974054
-9.0490913 -5.7516794 -1.7974027
-8.7609568 -6.181633 -1.7973971
-7.8129687 -7.0648789 -1.765759
-7.4590816 -7.0795493 -1.7239103
-6.7981052 -7.1064792 -1.6485695
-6.4330468 -7.409915 -1.6449412
-6.0679493 -7.7116938 -1.644933
-5.4940233 -8.1304445 -1.6449198
-5.2962108 -8.2606497 -1.6449151
-5.0952539 -8.3860455 -1.6449103
-4.6845899 -8.6221113 -1.6449007
-4.4751172 -8.7326374 -1.6448956
-4.2630467 -8.8380747 -1.6448904
-2.9428124 -9.3606262 -1.6448579
-2.715996 -9.4288874 -1.6448522
-2.4876561 -9.4916553 -1.6448463
-1.5609961 -9.6871338 -1.6448226
-1.3267382 -9.7219467 -1.6448165
-0.85603511 -9.7745829 -1.6448044
0.090253904 -9.8114386 -1.6447793
0.32703125 -9.8063545 -1.6447729
1.0356641 -9.7568855 -1.6447538
1.2708203 -9.729002 -1.6447474
1.5052735 -9.6954746 -1.6447411
1.7388281 -9.6562738 -1.6447346
1.9713867 -9.6114521 -1.6447282
2.2028124 -9.5610428 -1.6447217
2.4329102 -9.5050488 -1.6447154
2.6616015 -9.443531 -1.644709
2.8887303 -9.3765001 -1.6447026
3.1141992 -9.3040123 -1.6446964
3.3377929 -9.2261057 -1.6446899
3.5594921 -9.1428194 -1.6446836
3.7791405 -9.0542135 -1.6446773
4.2116208 -8.861227 -1.6446649
4.4242773 -8.7569551 -1.6446586
4.6343164 -8.6475954 -1.6446525
5.0461717 -8.4138174 -1.6446404
5.2477732 -8.289546 -1.6446345
5.8337498 -7.8880639 -1.6446168
6.2075195 -7.5972953 -1.6446055
6.3890624 -7.44523 -1.6445999
6.9947653 -7.3966942 -1.7065359
7.7056251 -7.3981242 -1.790668
8.2495308 -6.8451414 -1.7969475
8.8708792 -6.0179234 -1.7969269
9.4095697 -5.1346707 -1.796908
9.5307617 -4.9060516 -1.7969038
9.6463861 -4.6745691 -1.7968996
9.7563667 -4.440392 -1.7968955
9.9592772 -3.9643676 -1.7968878
10.138886 -3.4791434 -1.7968806
10.219902 -3.2334077 -1.7968773
10.294941 -2.9858067 -1.796874
10.364023 -2.7364497 -1.7968709
10.427011 -2.4855196 -1.7968681
10.534765 -1.9794214 -1.7968627
10.617969 -1.4687377 -1.7968581
10.676465 -0.95463163 -1.7968539
10.717539 -0.17967682 -1.796849
10.71875 0.079062194 -1.7968477
10.684902 0.85436767 -1.7968447
10.504316 2.1345837 -1.7968434
10.322363 2.8889873 -1.7968445
9.1481638 3.5423858 -1.6444725
9.0599804 3.7621601 -1.6444738
8.9665623 3.9797411 -1.6444752
8.8678904 4.1949925 -1.6444768
7.1549411 5.0096025 -1.4641525
6.7000585 4.9363122 -1.3950512
6.3815622 4.9436765 -1.3531919
6.1822071 5.0326428 -1.3363012
5.8939648 5.0393071 -1.299909
5.6208005 5.0456214 -1.2661631
5.3613086 5.0516205 -1.2348247
5.1142578 5.0573301 -1.2056892
4.4366016 5.0729895 -1.1297256
4.0290623 5.0824065 -1.0872043
3.8363671 5.0868583 -1.0680321
3.6502147 5.0911579 -1.0501248
3.4701366 5.0953169 -1.0334016
3.1261132 5.1032624 -1.0032096
2.9613476 5.1070671 -0.9896149
2.8008788 5.1107721 -0.97694343
2.6444139 5.1143842 -0.96515012
2.4915624 5.1179137 -0.95418519
2.3420899 5.1213627 -0.94401097
2.1956639 5.1247425 -0.93459064
1.6063086 5.0452671 -0.88756871
1.3435352 5.0513282 -0.87619472
1.088789 5.0664721 -0.86868507
0.59582031 5.1523705 -0.86944795
0.47039062 5.1552629 -0.86776763
0.3453711 5.158144 -0.86659592
0.095976561 5.1638908 -0.86577231
-0.78556639 5.1841917 -0.87894702
-0.91458982 5.1871619 -0.8829366
-1.0448632 5.1901593 -0.88748264
-1.176582 5.1931906 -0.89259791
-1.3098632 5.196259 -0.89829838
-1.4449804 5.199367 -0.90460265
-1.7213671 5.2057257 -0.91910636
-1.8630859 5.2089849 -0.92735434
-2.3051367 5.219152 -0.95642024
-2.4590039 5.2226901 -0.96766645
-2.616621 5.2263136 -0.97975701
-3.4736328 5.2460113 -1.0546979
-3.7941406 5.16957 -1.0749294
-3.9931836 5.1741424 -1.095605
-4.7213087 5.2789297 -1.1871991
-4.9609375 5.2844324 -1.2150201
-5.2122068 5.2902031 -1.2449144
-5.4762888 5.2962656 -1.2770821
-6.0485935 5.3094072 -1.349144
-6.3600192 5.316555 -1.3895751
-7.043457 5.3322439 -1.4808903
-7.4205074 5.3408985 -1.5326028
-8.2316799 5.3412609 -1.6449265
-8.3581839 5.1410322 -1.6449308
-8.7083197 4.5228596 -1.6449432
-8.9164648 4.097374 -1.6449509
-9.0127831 3.8809764 -1.6449544
-9.9006834 3.4377239 -1.75688
-10.210928 3.2715111 -1.7973894
-10.286943 3.0241063 -1.7973927
-10.356934 2.7749579 -1.7973957
-10.420908 2.5241711 -1.7973987
-10.478808 2.2719121 -1.7974014
-10.530615 2.0183551 -1.7974042
-10.576289 1.7635956 -1.7974066
-10.615771 1.507807 -1.7974088
-10.711738 0.47740477 -1.7974164
-10.720146 0.21871887 -1.7974179
-10.718213 -0.29885742 -1.7974205
-10.691338 -0.81574279 -1.7974223
-10.668535 -1.0735546 -1.7974229
-10.639522 -1.3307446 -1.7974234
-10.604287 -1.5871392 -1.7974237
-10.56291 -1.8426319 -1.7974238
-10.515342 -2.0970476 -1.7974238
-10.336055 -2.8523221 -1.7974228
-10.102597 -3.5926528 -1.7974201
-9.9174318 -4.0760217 -1.7974178
-9.5965137 -4.7828712 -1.7974125
-9.4782619 -5.0130777 -1.7974105
-8.6554689 -6.3284726 -1.7973951
-8.339941 -6.7387743 -1.7973887
-8.1748238 -6.9380975 -1.7973852
-7.9229684 -7.0602841 -1.7789669
-7.2215037 -7.0893016 -1.6963896
-6.8940625 -7.1026096 -1.6592648
-6.6626172 -7.2042294 -1.6449462
-8.1922064 -4.6428342 -1.7973745
-7.9585934 -5.0327506 -1.7973701
-7.8348241 -5.2233644 -1.7973678
-7.7064452 -5.4109321 -1.7973654
-7.2947068 -5.9543004 -1.797357
-7.1488867 -6.1286168 -1.797354
-6.3589649 -6.9446802 -1.7973371
-6.1884766 -7.0949817 -1.797044
-5.1041403 -7.1388836 -1.6751142
-4.6679101 -7.2437963 -1.6448934
-4.4917188 -7.3543372 -1.6448892
-4.3129101 -7.460587 -1.6448851
-4.1315622 -7.5624876 -1.6448807
-3.9477928 -7.6599865 -1.6448762
-3.7617772 -7.7530131 -1.6448718
-2.8009179 -8.1494131 -1.6448481
-2.6033983 -8.2146149 -1.6448431
-2.4043748 -8.275033 -1.6448382
-1.5953906 -8.4681826 -1.6448176
-1.3905663 -8.5041904 -1.6448122
-0.97855467 -8.5613375 -1.6448016
0.059316404 -8.6167345 -1.6447743
0.47505859 -8.6037741 -1.6447631
0.68261719 -8.589776 -1.6447575
0.88970703 -8.5707664 -1.6447519
1.0963281 -8.546771 -1.6447462
1.3022656 -8.5177889 -1.6447407
1.5074804 -8.4838514 -1.6447351
1.7117969 -8.4449644 -1.6447294
1.9151171 -8.4011593 -1.6447238
2.3182812 -8.2989025 -1.6447124
2.7160351 -8.1773071 -1.6447014
3.1074803 -8.0366535 -1.6446902
3.3005469 -7.9592843 -1.6446847
4.2347264 -7.50389 -1.6446576
4.4146094 -7.3994737 -1.6446522
4.8837695 -7.3543701 -1.6851057
6.1144528 -7.1586523 -1.7970059
6.2853904 -7.008966 -1.7970005
6.6163278 -6.6974449 -1.7969902
6.931777 -6.3703232 -1.7969803
7.6482224 -5.489356 -1.7969568
7.7784567 -5.3031445 -1.7969525
7.90416 -5.1138468 -1.7969481
8.0252733 -4.921576 -1.7969439
8.1416988 -4.7264299 -1.79694
8.2533789 -4.5285435 -1.796936
8.462285 -4.1249595 -1.7969284
8.5593557 -3.9195127 -1.7969248
8.6514454 -3.7117724 -1.7969214
3.0558398 -0.89394438 -0.60773575
3.0527735 -0.81360316 -0.60304588
3.0500586 -0.7345053 -0.5988242
9.2028122 -1.9824963 -1.7968981
9.2877731 -1.5360821 -1.7968937
9.3221092 -1.3114614 -1.7968917
9.3510151 -1.0860852 -1.7968898
9.3745308 -0.86007565 -1.7968881
9.392539 -0.63356626 -1.7968866
9.4050779 -0.40668181 -1.796885
9.4121485 -0.17956543 -1.7968838
9.3395119 1.1807038 -1.7968789
9.3082809 1.4057727 -1.7968788
9.2716208 1.6300219 -1.7968786
9.182168 2.0755522 -1.7968788
3.0540428 0.84714019 -0.60495484
8.520215 3.0426092 -1.7268733
7.7966404 3.6661754 -1.6445079
7.6106443 4.0381632 -1.6445111
7.5109568 4.2206821 -1.6445128
7.4068942 4.4007325 -1.6445147
7.298574 4.5782275 -1.6445167
7.0691013 4.9251108 -1.6445211
5.6462302 5.0449228 -1.4452657
5.3855076 5.050952 -1.4093323
4.9004688 5.0621667 -1.3448324
4.4568553 5.0724235 -1.2888473
4.2484179 5.0772409 -1.2636402
4.0478125 5.0818777 -1.2401112
3.4870899 5.0948358 -1.1784469
3.3120313 5.0988789 -1.160549
3.1420898 5.1028051 -1.1438428
2.9768944 5.1066217 -1.1282588
2.8160546 5.1103363 -1.1137329
2.2095313 5.1243415 -1.0651615
1.9243945 5.1309223 -1.0459833
1.7854687 5.1341271 -1.0375472
1.6190624 5.0448942 -1.0113181
1.4866601 5.0479498 -1.0044434
1.355957 5.0509644 -0.99823791
0.86070311 5.1461887 -0.99592209
0.60787106 5.1520176 -0.99021155
0.4823828 5.1549101 -0.98824078
0.35732421 5.1577921 -0.98685181
-0.14156249 5.1692858 -0.98705602
-0.26671875 5.1721678 -0.98854828
-0.518457 5.1779656 -0.9932853
-0.77324218 5.1838312 -1.0004097
-0.90216798 5.1867981 -1.0048928
-1.0323046 5.1897931 -1.0100076
-1.1638671 5.1928205 -1.0157688
-1.4319335 5.198988 -1.0293076
-1.5688281 5.2021365 -1.0371275
-1.9934374 5.2119031 -1.0651052
-2.7626171 5.2295823 -1.1289177
-2.9283202 5.2333908 -1.144668
-3.098789 5.2373075 -1.1615499
-3.2745116 5.2413449 -1.1796346
-3.4558787 5.2455106 -1.1990023
-4.6988282 5.2783093 -1.3488785
-4.9373827 5.2837863 -1.3803376
-5.1874804 5.2895269 -1.4141439
-6.0195508 5.3086219 -1.5319656
-7.1024804 4.8802748 -1.6448987
-7.2182226 4.7074437 -1.6449026
-7.3297653 4.531867 -1.6449064
-7.4370313 4.3536339 -1.6449102
-7.6384764 3.9896929 -1.6449174
-7.7325583 3.8041759 -1.6449208
-7.8221679 3.6164391 -1.6449242
-7.9086719 3.4272449 -1.6452359
-8.8104877 3.3228161 -1.7973518
-8.9606152 2.8937871 -1.7973579
-9.0278511 2.6766784 -1.7973608
-9.1465425 2.2378998 -1.7973661
-9.1978998 2.0164936 -1.7973685
-9.2438965 1.7939111 -1.7973709
-9.3197069 1.3457305 -1.7973752
-9.3494921 1.1203991 -1.797377
-9.3738375 0.89440978 -1.7973788
-9.3926954 0.66790831 -1.7973803
-9.4060936 0.44101256 -1.7973819
-9.4140034 0.21386017 -1.7973832
-9.4164162 -0.01342041 -1.7973843
-9.4048138 -0.46781248 -1.7973863
-9.3907709 -0.69467378 -1.797387
-9.3712893 -0.92112911 -1.7973876
-9.3463278 -1.1470437 -1.7973881
-9.2800779 -1.596745 -1.7973886
-9.2388477 -1.8202589 -1.7973886
-9.140254 -2.2639811 -1.7973881
-9.0829201 -2.4839318 -1.7973876
-9.0203314 -2.7024298 -1.797387
-8.9524508 -2.9193497 -1.7973863
-8.8794136 -3.1345723 -1.7973853
-8.7177925 -3.559417 -1.7973832
-8.6293354 -3.768784 -1.7973819
-8.4373627 -4.1808219 -1.7973788
-8.3340034 -4.3832479 -1.797377
-8.1127148 -4.7803192 -1.7973731
-7.745625 -5.3547211 -1.7973661
-7.0445118 -6.248281 -1.7973518
-6.8916407 -6.4164786 -1.7973486
-6.7347851 -6.5809312 -1.7973453
-6.5739255 -6.7415566 -1.7973417
-6.4092965 -6.8982358 -1.797338
-5.9878321 -7.1032987 -1.773321
-5.4407225 -7.1255412 -1.7112546
-4.9291015 -7.1457129 -1.6569765
-4.7204685 -7.2096453 -1.6448947
-4.3670506 -7.4290128 -1.6448863
-4.1864452 -7.5322404 -1.644882
-4.0034375 -7.6310706 -1.6448776
-3.6305077 -7.8153286 -1.6448686
-3.2491014 -7.9813786 -1.6448593
-3.0555468 -8.0574465 -1.6448544
-2.8601367 -8.1288214 -1.6448495
-2.4645312 -8.2573347 -1.6448398
-2.264492 -8.3143826 -1.6448345
-2.0631444 -8.3665924 -1.6448295
-1.8606249 -8.4139271 -1.6448244
-1.4523828 -8.4938612 -1.6448138
-1.2469727 -8.526412 -1.6448087
-1.0408398 -8.5539951 -1.6448033
-0.62681639 -8.5942001 -1.6447924
-0.0033789063 -8.6169481 -1.644776
0.2046289 -8.6144819 -1.6447703
0.62007809 -8.5945215 -1.6447592
1.4457226 -8.4946003 -1.6447368
1.650332 -8.4572077 -1.644731
2.0565233 -8.3676558 -1.6447198
2.8535547 -8.1303253 -1.6446974
3.0489061 -8.0590572 -1.6446919
3.2425585 -7.9830947 -1.6446863
3.4342773 -7.9024839 -1.6446809
3.9969726 -7.6332226 -1.6446645
4.3606834 -7.4314022 -1.6446539
4.5566993 -7.352921 -1.6511508
4.8068357 -7.3540525 -1.6769758
5.0650001 -7.3550615 -1.7045938
5.6081443 -7.3566837 -1.7657038
6.4026756 -6.901969 -1.7969968
6.8852148 -6.4205828 -1.7969816
7.0381641 -6.252512 -1.7969767
7.3316989 -5.9055662 -1.7969673
7.7396483 -5.3595977 -1.7969537
7.8667383 -5.1712255 -1.7969494
7.9892774 -4.979835 -1.7969451
8.1071091 -4.7855411 -1.796941
8.2202339 -4.58847 -1.7969371
8.3285542 -4.3887239 -1.7969333
3.0568359 -0.91842622 -0.60924351
3.0536718 -0.83767945 -0.60440886
3.0508204 -0.75822234 -0.6000483
9.2763281 -1.6036115 -1.7968943
9.3876753 -0.70187896 -1.796887
9.4018555 -0.47509643 -1.7968855
9.2428513 1.7861309 -1.7968786
9.197031 2.0087011 -1.7968788
3.0503321 0.74378449 -0.59929872
3.0531249 0.82301879 -0.60357428
3.0562108 0.90351743 -0.60832036
3.0633788 1.068905 -0.61930233
7.9079099 3.4194934 -1.6445062
7.8231053 3.609359 -1.6445074
7.7336717 3.7971275 -1.644509
7.5414453 4.1659236 -1.6445123
7.4387107 4.3467326 -1.6445141
7.3316402 4.5250072 -1.6445161
7.1047654 4.8735576 -1.6445204
6.9850583 5.0436144 -1.6445227
6.5056052 4.94069 -1.5592777
6.237246 4.9787583 -1.5233216
5.4627342 5.0491667 -1.4198856
4.9707227 5.0605435 -1.3539712
3.5408983 5.0935926 -1.1840876
3.1927733 5.101635 -1.1487564
3.0262108 5.1054826 -1.1328416
1.9666991 5.1299448 -1.0486735
1.8271093 5.1331663 -1.0400116
1.6897265 5.1363373 -1.0320871
1.1394531 5.0652275 -0.99098623
0.89910156 5.1453032 -0.9969902
0.64580077 5.1511445 -0.99092001
-0.10392578 5.1684203 -0.98671973
-0.60705078 5.180006 -0.99549866
-0.73460937 5.182941 -0.99917942
-0.99292964 5.1888871 -1.0083981
-1.5273438 5.2011824 -1.0346943
-1.8064648 5.2076025 -1.052107
-2.0958006 5.2142558 -1.0726566
-2.2449415 5.2176843 -1.0841961
-2.3974023 5.221189 -1.0966319
-3.0468946 5.236115 -1.1563393
-3.2209766 5.2401142 -1.174053
-3.4005859 5.2442398 -1.193024
-3.7201757 5.1720338 -1.2160686
-3.9131248 5.1722083 -1.2379621
-4.6290431 5.2767076 -1.3398269
-4.8643165 5.2821093 -1.3706176
-5.369668 5.2937078 -1.4392679
-5.6421485 5.2999616 -1.4775728
-5.9297071 5.306561 -1.5188817
-6.2339454 5.3135424 -1.5635058
-6.6914062 5.4301367 -1.6448851
-7.0667968 4.9318089 -1.6448976
-7.1838083 4.7598271 -1.6449014
-7.4051366 4.4076257 -1.644909
-7.5094137 4.2276177 -1.6449128
-7.6092577 4.0451508 -1.6449163
-7.7956443 3.6732476 -1.6449231
-7.882031 3.4840276 -1.6449263
-8.2511721 3.411588 -1.7042776
-9.0081444 2.7422791 -1.7973601
-9.1829786 2.0833509 -1.7973678
-9.272851 1.6377722 -1.7973723
-9.3096876 1.4134887 -1.7973745
-9.341094 1.1883838 -1.7973765
-9.3670702 0.96258605 -1.7973782
-9.387578 0.73621732 -1.7973799
-9.4026165 0.50942838 -1.7973814
-9.4121876 0.28233764 -1.7973828
-9.4162598 0.055088196 -1.797384
-9.407959 -0.39938414 -1.7973859
-9.395566 -0.62633604 -1.7973869
-9.3777342 -0.85293579 -1.7973875
-9.325654 -1.3044842 -1.7973883
-9.2914553 -1.529183 -1.7973884
-9.2518358 -1.7530034 -1.7973886
-9.1564646 -2.1974237 -1.7973881
-9.1007519 -2.4177837 -1.7973878
-8.9734669 -2.8541481 -1.7973864
-8.3656836 -4.322504 -1.7973776
-8.2589064 -4.5231485 -1.7973756
-8.1473236 -4.7211609 -1.7973737
-8.0309572 -4.9164314 -1.7973715
-7.7843552 -5.2982354 -1.7973669
-7.5195899 -5.6677017 -1.7973616
-7.3805661 -5.8475409 -1.7973589
-7.2373047 -6.0239596 -1.7973558
-7.0897655 -6.1968832 -1.7973527
-6.9381442 -6.3661699 -1.7973495
-6.6227927 -6.6935472 -1.7973428
-6.4593358 -6.8514366 -1.7973391
-6.2920704 -7.0053272 -1.7973355
-5.7923241 -7.1113219 -1.7506886
-5.0041404 -7.1427941 -1.6646971
-4.7728124 -7.175127 -1.6448959
-4.4209962 -7.3970542 -1.6448874
-3.6872656 -7.7887225 -1.6448699
-3.4981639 -7.8754258 -1.6448654
-3.3070703 -7.9575438 -1.6448606
-3.114043 -8.035017 -1.644856
-2.9191797 -8.1078176 -1.6448511
-2.5245116 -8.2391882 -1.6448413
-2.3249414 -8.2977009 -1.6448361
-1.1030273 -8.5462093 -1.6448048
-0.48177734 -8.6035328 -1.6447886
-0.066054687 -8.6167002 -1.6447775
0.14193359 -8.6157656 -1.6447721
0.34984374 -8.6097908 -1.6447664
0.55753905 -8.598814 -1.6447608
0.76492184 -8.5828266 -1.6447552
1.7927148 -8.4281588 -1.6447271
1.9955859 -8.3824072 -1.6447215
2.1973243 -8.3317757 -1.6447158
2.5968163 -8.2159758 -1.6447047
3.3766797 -7.9272671 -1.6446825
3.9413476 -7.662107 -1.6446661
4.1251173 -7.5647225 -1.6446607
5.2504296 -7.3556895 -1.7250156
5.8072071 -7.3571177 -1.7890599
6.0096483 -7.2468686 -1.7970091
6.1828122 -7.0996985 -1.7970037
6.352324 -6.9483848 -1.7969984
6.5181832 -6.7930102 -1.7969933
6.6802149 -6.6337047 -1.7969881
6.8383594 -6.4705186 -1.7969831
6.9925585 -6.3035645 -1.7969782
7.1426172 -6.1329498 -1.7969733
7.288496 -5.9587469 -1.7969687
7.4301953 -5.781095 -1.796964
7.5675387 -5.6000605 -1.7969595
7.8289061 -5.2283263 -1.7969507
7.9528122 -5.0378275 -1.7969465
8.0720701 -4.8443961 -1.7969424
8.1866207 -4.6481605 -1.7969383
8.4013672 -4.247642 -1.7969307
8.5014448 -4.043643 -1.796927
8.7716408 -3.4179411 -1.7969167
8.8516016 -3.205224 -1.7969136
3.0545897 -0.8618716 -0.60581458
3.0516601 -0.7820462 -0.60131401
9.221406 -1.894168 -1.7968973
9.2644138 -1.6710581 -1.7968949
9.3020697 -1.4469595 -1.796893
9.3342581 -1.2220389 -1.796891
9.3610153 -0.99638486 -1.7968892
9.3823433 -0.77015197 -1.7968875
9.408535 -0.31649595 -1.7968845
9.4134178 -0.08931122 -1.7968832
9.4128513 0.13790253 -1.7968822
9.4067774 0.36505523 -1.7968812
9.3781834 0.8185696 -1.7968796
9.3557224 1.0446887 -1.7968793
9.327754 1.2701776 -1.7968789
9.2943745 1.4949499 -1.7968786
9.2556057 1.718847 -1.7968786
3.0495703 0.72012722 -0.59810007
3.0552733 0.8791101 -0.60683906
3.0585742 0.96058345 -0.61192572
8.3011913 3.0545037 -1.6883706
8.0113668 3.1694317 -1.6445047
7.8491406 3.5523462 -1.6445071
7.6685543 3.9269896 -1.64451
7.5715623 4.1109433 -1.6445117
7.4701562 4.2925034 -1.6445135
7.3643942 4.4715443 -1.6445155
7.2543359 4.6479936 -1.6445174
7.1400194 4.8217411 -1.6445198
6.2891407 4.9456964 -1.5271693
6.0935154 5.0345774 -1.5087429
5.8099804 5.0411358 -1.4682443
5.2855077 5.0532641 -1.3957739
4.3730664 5.0743594 -1.2786257
4.1678123 5.0791044 -1.2541016
3.4168944 5.0964561 -1.1711903
2.9124999 5.1081085 -1.1223646
2.7533007 5.1117849 -1.1082455
2.5979297 5.1153727 -1.0951047
2.4461522 5.1188779 -1.0828964
2.0092578 5.1289635 -1.0514331
1.8689648 5.1322021 -1.0425429
1.56625 5.046114 -1.0085059
1.1758593 5.0551195 -0.99065471
1.0504493 5.0672803 -0.98778105
0.93755859 5.1444168 -0.99811351
0.43265623 5.1560569 -0.98762006
0.30773437 5.1589355 -0.98646069
0.18304688 5.161809 -0.98587817
-0.31652343 5.173316 -0.98930156
-0.56876951 5.1791239 -0.99450743
-0.69607419 5.1820545 -0.99800563
-0.82431638 5.1850061 -1.0021152
-0.95369136 5.187984 -1.0068473
-1.0843945 5.1909919 -1.0122172
-1.216543 5.1940331 -1.0182399
-1.4860742 5.2002335 -1.0323275
-1.7637891 5.2066212 -1.0492883
-1.90625 5.2098966 -1.0589142
-2.3510742 5.2201242 -1.0927856
-2.6648631 5.2273369 -1.1199427
-2.8278711 5.2310815 -1.1350418
-2.9954491 5.2349329 -1.1512343
-3.6624413 5.1707072 -1.2094586
-3.8532617 5.1708341 -1.230891
-4.3379884 5.2700248 -1.3028734
-4.5601759 5.2751269 -1.3309659
-4.792285 5.2804546 -1.3611069
-6.1403904 5.3113952 -1.5496862
-6.6516991 5.4786797 -1.6448839
-6.7820115 5.3165498 -1.6448879
-6.9083591 5.1513147 -1.6448922
-7.1489453 4.811965 -1.6449003
-7.2630663 4.6380205 -1.6449041
-7.3728709 4.4613905 -1.644908
-7.4784374 4.2821441 -1.6449116
-7.5796289 4.1003962 -1.6449152
-7.6763864 3.9162798 -1.6449188
-8.9175482 3.02385 -1.7973562
-9.1130171 2.370744 -1.7973646
-9.1675777 2.1500945 -1.7973671
-9.2606831 1.7051953 -1.7973717
-9.3322067 1.2563159 -1.7973759
-9.3598146 1.030705 -1.7973777
-9.3986616 0.57782376 -1.7973809
-9.4156342 0.12357727 -1.7973837
-9.3999023 -0.55796325 -1.7973866
-9.2209864 -1.9087503 -1.7973884
-9.058691 -2.5708983 -1.7973874
-8.768652 -3.4322057 -1.7973838
-8.5927734 -3.8513503 -1.7973813
-8.497324 -4.0576301 -1.7973797
-8.3969135 -4.2615232 -1.7973781
-8.2915821 -4.4629483 -1.7973762
-8.1814451 -4.6617761 -1.7973742
-8.0665236 -4.8578711 -1.7973722
-7.9469333 -5.0511503 -1.79737
-7.6939063 -5.42874 -1.7973651
-7.2809372 -5.9711571 -1.7973567
-6.9842577 -6.3155212 -1.7973505
-6.8297653 -6.4822636 -1.7973472
-6.6713085 -6.6452012 -1.7973439
-6.5089841 -6.8042655 -1.7973402
-6.3428712 -6.9593744 -1.7973366
-5.8760548 -7.1078954 -1.7603217
-5.6016212 -7.1190691 -1.7290921
-5.336504 -7.1297016 -1.6998892
-4.831172 -7.1494994 -1.6470343
-4.6511717 -7.2545714 -1.6448931
-3.7438476 -7.7616863 -1.6448714
-3.5553906 -7.8497753 -1.6448667
-3.3648827 -7.9332781 -1.6448621
-3.1724217 -8.0121593 -1.6448573
-2.9781249 -8.0863638 -1.6448525
-2.7820506 -8.1558657 -1.6448476
-2.1846874 -8.3357019 -1.6448326
-1.5758593 -8.4718437 -1.644817
-0.95874995 -8.5635767 -1.6448011
-0.75177735 -8.5841942 -1.6447957
-0.54435545 -8.5998058 -1.6447902
0.079296872 -8.6165695 -1.6447737
0.49498045 -8.6026525 -1.6447625
0.70246094 -8.5881739 -1.6447569
1.1160938 -8.5442076 -1.6447457
1.3219531 -8.5147514 -1.6447401
1.5270898 -8.4803429 -1.6447345
2.7349412 -8.1709995 -1.6447008
3.69875 -7.7821488 -1.6446732
4.0699997 -7.5945435 -1.6446624
4.25209 -7.4940696 -1.6446571
4.4316993 -7.3892407 -1.6446518
4.9083982 -7.3544703 -1.6877264
5.4404297 -7.3562522 -1.7464139
5.7206445 -7.3569379 -1.7788491
5.9566989 -7.2904053 -1.7970107
6.1309958 -7.1444864 -1.7970053
6.301621 -6.9944053 -1.7970001
6.6317968 -6.6821251 -1.7969897
6.7910743 -6.5201068 -1.7969847
7.0977926 -6.1847429 -1.7969749
7.3879294 -5.8349853 -1.7969655
7.5265818 -5.6549573 -1.7969608
8.0366402 -4.9029999 -1.7969437
8.1526365 -4.7075834 -1.7969395
8.2638283 -4.5094457 -1.7969356
8.4718161 -4.1053672 -1.796928
8.746562 -3.481653 -1.7969177
8.8280077 -3.2695417 -1.7969145
3.0555272 -0.88618892 -0.60726553
3.0525196 -0.80596858 -0.60262114
3.0498047 -0.72699034 -0.59844422
9.2074022 -1.9612087 -1.796898
9.2912893 -1.5146029 -1.7968936
9.3251171 -1.2899002 -1.7968915
9.3939648 -0.61183286 -1.7968864
9.4125385 -0.15779968 -1.7968837
9.4091797 0.29660645 -1.7968816
9.3630075 0.97659236 -1.7968794
9.3367376 1.2022991 -1.7968789
9.3050194 1.4273052 -1.7968788
9.2678518 1.6514599 -1.7968786
9.1773634 2.096792 -1.7968788
3.0514061 0.77511412 -0.60094184
3.057539 0.93587464 -0.61034048
8.0342188 3.111059 -1.6445043
7.9568357 3.3040705 -1.6445054
7.8747654 3.4951587 -1.6445067
7.6012301 4.0557618 -1.6445112
7.5011911 4.2380404 -1.6445129
7.174902 4.7696638 -1.644519
6.9364061 5.1103549 -1.6445237
6.1820703 5.0325294 -1.521566
5.1141601 5.0572271 -1.3728503
4.4365234 5.0728931 -1.2863549
4.0289841 5.0823131 -1.2379396
3.8362889 5.0867667 -1.2161094
3.470078 5.0952287 -1.176679
3.2955077 5.0992613 -1.158898
3.1260545 5.1031756 -1.1423018
2.9613085 5.1069818 -1.1268218
2.6443748 5.1142998 -1.0989654
2.4915233 5.1178303 -1.0864804
2.0520117 5.1279755 -1.0542622
1.7722851 5.1344318 -1.0367773
1.606289 5.0451903 -1.0106299
1.4740624 5.0482407 -1.0038199
1.0887696 5.0663962 -0.98912716
0.72183591 5.1493912 -0.99249822
0.22058593 5.1609435 -0.98599273
-0.028730469 5.166687 -0.98620445
-0.27871093 5.1724458 -0.98872066
-0.53058594 5.1782441 -0.99357045
-0.91458982 5.1870842 -1.0053548
-1.0448632 5.1900816 -1.0105304
-1.1765624 5.1931129 -1.0163554
-2.0074022 5.2122235 -1.0661166
-2.6165819 5.2262268 -1.1155977
-2.7782812 5.2299423 -1.1303806
-3.1154296 5.237689 -1.1632297
-3.2916405 5.2417374 -1.1814343
-3.6130078 5.1803837 -1.2055436
-3.7940819 5.1694751 -1.2239639
-3.9931054 5.1740451 -1.2475057
-4.4922071 5.2735662 -1.3222929
-4.721211 5.2788229 -1.351794
-5.4761915 5.2961521 -1.4541405
-5.7544727 5.3025393 -1.493605
-6.7431445 5.3657322 -1.6448867
-6.8707223 5.2014432 -1.644891
-6.9942966 5.0341043 -1.6448951
-7.5495896 4.1554337 -1.6449142
-7.6476951 3.9720073 -1.6449177
-7.7413473 3.7862842 -1.6449211
-7.8305078 3.598341 -1.6449244
-7.9465623 3.4218395 -1.6514633
-8.4745312 3.4091673 -1.7435771
-8.9672852 2.873054 -1.7973582
-9.0340424 2.6557848 -1.7973611
-9.0955076 2.4369829 -1.7973639
-9.151679 2.2167413 -1.7973663
-9.2480268 1.7725298 -1.7973711
-9.288125 1.5487951 -1.7973733
-9.3228121 1.3241613 -1.7973753
-9.3520699 1.0987793 -1.7973771
-9.4144726 0.19207793 -1.7973832
-9.4163666 -0.035189208 -1.7973845
-9.4127827 -0.26245728 -1.7973856
-9.3891506 -0.71638668 -1.797387
-9.3691311 -0.94279814 -1.7973876
-9.312705 -1.3938299 -1.7973884
-9.2763672 -1.6182058 -1.7973886
-9.2346096 -1.8416345 -1.7973886
-9.18748 -2.063966 -1.7973883
-9.1349707 -2.2851186 -1.797388
-9.0771484 -2.5049181 -1.7973875
-8.872138 -3.1550994 -1.7973852
-8.7933979 -3.3683188 -1.7973843
-8.7095213 -3.5795794 -1.7973831
-8.6205854 -3.7887306 -1.7973818
-8.3238478 -4.4025087 -1.7973769
-8.2151556 -4.6021295 -1.7973748
-8.1016798 -4.7990551 -1.7973728
-7.9834762 -4.9931951 -1.7973707
-7.7332029 -5.3726206 -1.7973658
-7.6012497 -5.5577002 -1.7973633
-7.3241796 -5.9180245 -1.7973576
-6.8767772 -6.4324026 -1.7973483
-6.5583396 -6.7567248 -1.7973412
-7.295918 -4.1348767 -1.7973481
-7.193984 -4.3097572 -1.7973464
-7.087832 -4.4821305 -1.7973443
-6.9776173 -4.6518888 -1.7973422
-6.6227145 -5.1445212 -1.7973351
-6.4966211 -5.3028598 -1.7973325
-6.0958982 -5.7589784 -1.7973242
-5.9551368 -5.9044151 -1.7973211
-5.8108592 -6.0464191 -1.797318
-5.6632419 -6.1848984 -1.7973148
-5.0405469 -6.7019949 -1.7973007
-4.7112303 -6.9374008 -1.7972931
-4.1301169 -7.1444626 -1.7686698
-3.270371 -7.1762352 -1.6902124
-3.0664647 -7.1833763 -1.67397
-2.6694336 -7.1968174 -1.6451281
-2.4944921 -7.2578611 -1.6448356
-2.3185937 -7.3159337 -1.6448312
-1.7831836 -7.4644542 -1.6448176
-1.238457 -7.5738416 -1.6448038
-1.0552734 -7.6015062 -1.644799
-0.87150389 -7.6247396 -1.6447941
-0.68720704 -7.6435328 -1.6447893
-0.31757811 -7.6677442 -1.6447797
0.42310545 -7.6625571 -1.6447598
0.60792965 -7.6500955 -1.6447549
0.79236329 -7.6331649 -1.6447499
0.97638673 -7.6117959 -1.6447449
1.1598437 -7.5859923 -1.6447397
1.7056054 -7.4821305 -1.6447248
2.8267186 -7.310523 -1.6798544
3.0321875 -7.3122034 -1.6965675
3.4560938 -7.3151836 -1.7339772
3.6753125 -7.3164768 -1.7548059
3.8998241 -7.3176341 -1.7771471
4.1208591 -7.3022852 -1.7970595
4.4685349 -7.0948801 -1.7970494
4.8056641 -6.8709393 -1.7970393
5.2901754 -6.5051837 -1.7970245
5.5978708 -6.2422781 -1.7970151
5.8925586 -5.9648399 -1.7970059
6.1735153 -5.673502 -1.7969971
6.6916599 -5.0518889 -1.7969801
6.8116016 -4.8889022 -1.7969761
6.9276366 -4.7230659 -1.7969722
7.0395508 -4.5544724 -1.7969683
7.1474609 -4.3832278 -1.7969646
7.3506055 -4.0331931 -1.7969575
7.5366211 -3.6737633 -1.7969508
7.6231055 -3.4907818 -1.7969476
7.7826366 -3.1188354 -1.7969416
3.1210546 -1.0790576 -0.70775938
3.112793 -0.91060394 -0.69510138
8.2364454 -1.5673132 -1.7969218
8.3282423 -0.96728849 -1.7969165
8.3651752 -0.56426454 -1.7969136
8.3826361 -0.15992492 -1.7969111
8.3840628 0.042442627 -1.79691
8.3806057 0.24478485 -1.7969091
8.359004 0.64892668 -1.7969078
8.3408985 0.8504895 -1.7969072
8.3179493 1.0515594 -1.7969068
8.2901564 1.2520068 -1.7969066
3.1073046 0.7816714 -0.68671769
3.1106834 0.86285245 -0.69186062
3.1143944 0.94540524 -0.69756061
7.4340625 3.0668523 -1.7235342
7.0296092 3.1005919 -1.6466409
6.9438477 3.2651701 -1.6445326
6.8630075 3.4318144 -1.644534
6.7781639 3.5964642 -1.6445353
6.5967188 3.9193773 -1.6445385
6.3999219 4.233161 -1.6445423
6.0769138 4.6851206 -1.6445487
5.9620309 4.8304343 -1.644551
5.8437304 4.9729319 -1.6445535
5.7220311 5.1125321 -1.644556
5.5968943 5.2490983 -1.6445391
4.9003711 5.0620646 -1.5099896
4.4567771 5.0723257 -1.4471289
4.2483397 5.0771465 -1.4188292
4.0477538 5.0817833 -1.3924092
3.3119726 5.0987921 -1.3030775
3.1420312 5.1027184 -1.2843206
2.976836 5.106535 -1.2668228
2.505996 5.1174121 -1.2212137
2.3562109 5.1208715 -1.2081116
1.9243749 5.1308403 -1.174444
1.7854296 5.134047 -1.1649715
1.6190234 5.0448174 -1.135523
1.4866406 5.047873 -1.1278032
1.3559375 5.0508881 -1.1208359
1.2267773 5.0538669 -1.1145996
1.1009766 5.0660391 -1.1110996
0.86070311 5.1461115 -1.1182355
0.73392576 5.1490355 -1.114696
0.60787106 5.1519413 -1.1118232
0.35732421 5.1577158 -1.1080515
0.23253906 5.1605911 -1.1071404
0.10789062 5.1634641 -1.106876
-0.016757812 5.1663361 -1.1072551
-0.518457 5.1778893 -1.1152743
-0.64539063 5.1808109 -1.1189343
-0.77322263 5.1837525 -1.1232738
-1.0322851 5.1897135 -1.1340504
-1.2969922 5.1958051 -1.1477354
-1.431914 5.1989074 -1.1557205
-1.5688086 5.2020559 -1.1645005
-1.8493164 5.2085071 -1.184564
-2.4440038 5.2221756 -1.2357255
-2.9282618 5.2333002 -1.2852464
-4.1797853 5.1782331 -1.4262413
-4.4706836 5.2729707 -1.4816275
-4.6987305 5.278203 -1.5145319
-5.504375 5.3480897 -1.6448538
-5.6318555 5.2136884 -1.6448579
-6.1083007 4.646522 -1.6448733
-6.2186913 4.4977469 -1.644877
-6.9110351 3.4000146 -1.6507437
-7.3253512 3.3867462 -1.7296656
-7.6946092 3.3344805 -1.797322
-7.8465624 2.9592829 -1.797328
-7.9802537 2.5771861 -1.7973334
-8.0401363 2.3838348 -1.797336
-8.0953712 2.1890776 -1.7973384
-8.1916018 1.7958752 -1.7973428
-8.2325583 1.597644 -1.7973449
-8.2687111 1.3984723 -1.7973469
-8.3000584 1.1984961 -1.7973487
-8.326601 0.99782103 -1.7973504
-8.3482618 0.79655576 -1.797352
-8.3769531 0.39276367 -1.7973547
-8.3840036 0.19046326 -1.7973559
-8.3861914 -0.011950684 -1.797357
-8.3834372 -0.21435577 -1.7973579
-8.3459768 -0.8203494 -1.7973599
-8.2966986 -1.2221496 -1.7973605
-8.2647848 -1.4220483 -1.7973607
-8.2280464 -1.6211063 -1.7973607
-8.1402149 -2.0162828 -1.7973602
-7.9079294 -2.7916243 -1.7973579
-7.8382421 -2.9816766 -1.7973568
-7.7639842 -3.1699886 -1.7973559
-7.6851754 -3.356451 -1.7973547
-7.5142574 -3.7234094 -1.797352
-7.4222069 -3.9036844 -1.7973504
-7.1203122 -4.4304504 -1.7973449
-7.0112891 -4.6010013 -1.7973428
-6.7810545 -4.9339805 -1.7973384
-6.6599998 -5.0961986 -1.797336
-6.5350389 -5.255456 -1.7973334
-6.4062696 -5.4116549 -1.7973307
-6.2737694 -5.564683 -1.7973279
-6.1376367 -5.7144756 -1.7973251
-5.99791 -5.8609409 -1.797322
-5.7081056 -6.1435351 -1.7973156
-5.5581055 -6.2795038 -1.7973124
-5.4049215 -6.4118114 -1.7973089
-5.0891991 -6.6651449 -1.7973018
-4.7615819 -6.9029379 -1.7972943
-4.5936131 -7.0158458 -1.7972903
-3.7555664 -7.1586246 -1.7325755
-3.5418358 -7.1664867 -1.7132846
-3.3325779 -7.1740255 -1.695357
-3.1274805 -7.1812558 -1.6787338
-2.1949022 -7.3539715 -1.644828
-2.0167773 -7.4047852 -1.6448236
-1.6570703 -7.4934497 -1.6448144
-1.4757031 -7.5312381 -1.6448098
-1.1105273 -7.5936365 -1.6448004
-0.55822265 -7.6540184 -1.6447859
-0.18822265 -7.671998 -1.6447761
0.36738279 -7.6654453 -1.6447613
0.55228513 -7.6543136 -1.6447564
1.1046094 -7.594233 -1.6447413
1.2875586 -7.5653391 -1.6447363
1.8315624 -7.4522891 -1.6447214
2.3678319 -7.3061795 -1.6460574
2.5650001 -7.308147 -1.659969
2.7655468 -7.3099914 -1.6750641
2.9698436 -7.3117108 -1.6913961
3.1782031 -7.3133044 -1.7090147
3.3910155 -7.3147674 -1.7279866
4.0600781 -7.3183584 -1.793698
4.4168162 -7.1272006 -1.797051
4.5875392 -7.0185032 -1.7970458
4.7555661 -6.9057207 -1.7970408
4.9208398 -6.7889152 -1.7970358
5.0832615 -6.6681476 -1.7970309
5.3991013 -6.4150395 -1.7970213
5.5523243 -6.2828503 -1.7970166
5.8490429 -6.0075521 -1.7970072
5.9923043 -5.8646226 -1.7970027
6.2683201 -5.5685825 -1.796994
6.529707 -5.2595849 -1.7969854
6.6547461 -5.1004391 -1.7969813
6.893086 -4.7733412 -1.7969733
7.0062304 -4.6055775 -1.7969695
7.1153708 -4.4351172 -1.7969657
7.2203512 -4.2620826 -1.7969621
7.3210545 -4.0865655 -1.7969586
7.509707 -3.7284915 -1.7969519
7.6808786 -3.3617411 -1.7969455
7.7597461 -3.1753736 -1.7969424
7.9039059 -2.7972021 -1.7969368
3.1179881 -1.0194724 -0.70306724
3.1139452 -0.93558472 -0.69685823
3.1069727 -0.77217072 -0.68614697
8.2248049 -1.6271914 -1.7969224
8.3209763 -1.0278469 -1.796917
8.3608589 -0.62510651 -1.7969139
8.3734961 -0.42313078 -1.7969127
8.38416 -0.018554382 -1.7969104
8.3752537 0.38607115 -1.7969085
8.3635159 0.58809996 -1.7969079
8.3468943 0.78978604 -1.7969073
8.3253708 0.9910205 -1.7969069
8.2990427 1.191668 -1.7969067
8.2678709 1.3916235 -1.7969066
8.2318554 1.5907654 -1.7969066
3.1063867 0.75744992 -0.68527359
3.1096289 0.8382495 -0.6902532
3.1172071 1.0039728 -0.70188469
3.121582 1.0892121 -0.70858228
7.5707617 3.0589764 -1.7500132
7.132441 3.084173 -1.6654326
6.9675975 3.2145648 -1.6445321
6.8878121 3.3817937 -1.6445335
6.7165427 3.7102532 -1.6445364
6.6250587 3.8712816 -1.644538
6.5297265 4.0300579 -1.6445397
6.4305272 4.1864915 -1.6445417
6.221035 4.4919386 -1.6445459
6.1108203 4.6407909 -1.6445479
5.9970508 4.7869329 -1.6445503
5.8797655 4.9302878 -1.6445527
5.210742 5.0548859 -1.5559216
4.1074023 5.0804033 -1.4001821
3.5408397 5.093502 -1.3295066
3.3641601 5.0975862 -1.3089913
3.1927147 5.1015463 -1.2898375
3.0261524 5.1053967 -1.2719679
2.7060351 5.1127906 -1.2397913
2.400996 5.1198368 -1.2119566
2.2533984 5.1232452 -1.1995356
2.108711 5.126585 -1.1880512
1.9666797 5.1298652 -1.1774651
1.8270702 5.1330862 -1.1677393
1.2655468 5.0529737 -1.1164038
1.1394336 5.0651517 -1.1126944
1.012207 5.0680866 -1.1076455
0.89908201 5.145227 -1.1194354
0.77205074 5.1481562 -1.1156925
0.39496094 5.156848 -1.1084527
0.27013671 5.1597247 -1.1073477
0.14544922 5.1625986 -1.1068876
-0.10392578 5.168344 -1.1079036
-0.2289453 5.1712213 -1.1093825
-0.35439453 5.1741114 -1.1115135
-0.86316407 5.1858225 -1.126717
-0.99292964 5.1888084 -1.1322435
-1.124043 5.1918249 -1.138492
-1.5273242 5.2011027 -1.1617688
-1.8064257 5.2075205 -1.1813191
-2.2449024 5.2175994 -1.2173486
-2.713496 5.2283664 -1.2624702
-2.8778319 5.2321424 -1.279788
-3.0468359 5.2360239 -1.2983513
-3.4005272 5.2441468 -1.339541
-3.5861719 5.2484097 -1.3623493
-3.7201171 5.1719379 -1.3654203
-3.9130468 5.1721101 -1.3899958
-4.4038868 5.2714362 -1.4721556
-4.6289454 5.2766008 -1.5043707
-5.333652 5.5182929 -1.6448452
-5.5937891 5.2545238 -1.6448567
-5.7189841 5.1179905 -1.6448606
-5.840879 4.9784722 -1.6448646
-5.9593358 4.8360629 -1.6448684
-6.0743551 4.6908326 -1.6448722
-6.1858006 4.5428753 -1.6448759
-6.3978515 4.2390823 -1.644883
-6.4983201 4.0834394 -1.6448865
-6.7767577 3.6025934 -1.6448964
-6.8617382 3.4379871 -1.6448994
-7.8248434 3.0162897 -1.797327
-7.9612889 2.6351709 -1.7973325
-8.0226173 2.4422565 -1.7973351
-8.0791988 2.2479198 -1.7973377
-8.1782808 1.8554193 -1.7973422
-8.2207222 1.6574926 -1.7973443
-8.342207 0.85727233 -1.7973515
-8.360508 0.65566987 -1.797353
-8.3824415 0.25144866 -1.7973554
-8.3786716 -0.3556909 -1.7973584
-8.3676167 -0.55780822 -1.7973591
-8.351738 -0.75961667 -1.7973597
-8.3309765 -0.96096832 -1.7973601
-8.2749023 -1.361878 -1.7973607
-8.2395897 -1.5612128 -1.7973607
-8.1995506 -1.7596215 -1.7973605
-8.1050777 -2.1532583 -1.7973599
-8.0507221 -2.3482585 -1.7973595
-7.9280272 -2.7340209 -1.797358
-7.3552928 -4.0282865 -1.7973492
-6.8167772 -4.8845277 -1.797339
-6.6968746 -5.0476213 -1.7973367
-6.5730858 -5.2077794 -1.7973341
-6.3140817 -5.5189037 -1.7973287
-5.7525973 -6.1018515 -1.7973167
-5.4514451 -6.3723254 -1.79731
-5.2960348 -6.5020423 -1.7973065
-4.9760547 -6.7500029 -1.7972991
-4.4746485 -7.0922961 -1.7972876
-4.2668552 -7.1391783 -1.7825432
-3.1888866 -7.1791081 -1.6836087
-2.9865038 -7.1861334 -1.6678616
-2.5998437 -7.2208047 -1.6448382
-2.2483203 -7.3378134 -1.6448294
-2.070586 -7.3899279 -1.644825
-1.8916016 -7.4377337 -1.6448203
-1.3484961 -7.5550375 -1.6448065
-1.1657617 -7.5853577 -1.6448017
-0.79837888 -7.6327391 -1.6447923
-0.24402343 -7.6704297 -1.6447777
0.31158203 -7.667912 -1.6447629
0.49656248 -7.6581383 -1.644758
1.2324804 -7.5745101 -1.6447378
1.5965625 -7.5061622 -1.6447279
2.3125391 -7.317203 -1.6447079
2.5052342 -7.3075671 -1.6556524
3.1149805 -7.3128366 -1.7035661
3.5425196 -7.315712 -1.7420748
4.1907616 -7.2624364 -1.7970576
4.5363278 -7.0516968 -1.7970474
5.0345898 -6.7049632 -1.7970322
5.1949024 -6.5814757 -1.7970276
5.3522654 -6.4541492 -1.7970227
5.506484 -6.3230815 -1.7970179
6.3613086 -5.4620895 -1.7969909
6.9725976 -4.6564298 -1.7969706
7.0829101 -4.4867783 -1.796967
7.1891599 -4.3144932 -1.7969633
7.291152 -4.1397252 -1.7969596
7.388906 -3.9625287 -1.7969562
7.4824219 -3.7830269 -1.7969527
7.736445 -3.2317529 -1.7969433
3.1192968 -1.045079 -0.70505476
3.1113281 -0.87788177 -0.69286406
8.2510939 -1.4882766 -1.796921
8.2846088 -1.2886895 -1.7969192
8.3132811 -1.0883707 -1.7969176
8.3371096 -0.88740051 -1.7969159
8.3794336 -0.28187653 -1.7969117
8.3837891 -0.079544373 -1.7969106
8.3832808 0.1228186 -1.7969096
8.3675585 0.52724302 -1.796908
8.3524017 0.72903532 -1.7969074
8.2777338 1.3314313 -1.7969066
8.2432032 1.5308398 -1.7969066
8.203867 1.7293371 -1.7969066
3.1159766 0.97861081 -0.69998437
7.2600193 3.0768547 -1.6899639
6.6530271 3.8229821 -1.6445376
6.5588865 3.9824443 -1.6445394
6.3590426 4.2943316 -1.6445432
6.1444335 4.5962024 -1.6445473
5.7958202 5.028739 -1.6445544
5.6725388 5.1669621 -1.6444955
5.0418162 5.0587945 -1.5307347
4.5865431 5.069324 -1.4651593
4.3729882 5.0742631 -1.4356517
4.1677341 5.0790091 -1.4081169
3.7794921 5.0879855 -1.3583974
3.5952148 5.0922446 -1.3359716
2.9124608 5.1080232 -1.260206
2.753242 5.1117015 -1.244352
2.5978906 5.1152892 -1.2295979
2.4460938 5.1187949 -1.2158903
2.2975976 5.1222253 -1.2031795
2.0092382 5.1288824 -1.1805634
1.5662304 5.0460358 -1.1323639
1.4345312 5.0490751 -1.1249468
1.3044531 5.0520759 -1.1182728
1.0504493 5.067204 -1.1090959
0.93755859 5.1443396 -1.1206968
0.55798829 5.1530905 -1.1108661
0.18302734 5.1617341 -1.1069578
0.058398437 5.1646032 -1.1069492
-0.31652343 5.1732397 -1.1108018
-0.56874996 5.1790457 -1.1166469
-0.82429683 5.1849279 -1.1251891
-0.95367187 5.1879058 -1.1305026
-1.0843945 5.1909142 -1.1365317
-1.3503516 5.1970325 -1.1508129
-1.76375 5.2065396 -1.1781546
-2.0514257 5.2131534 -1.2006787
-2.1996093 5.216558 -1.2133404
-2.3510351 5.2200394 -1.2269943
-2.5060155 5.223599 -1.241691
-2.9953711 5.2348423 -1.2926197
-3.3457811 5.2428899 -1.3329672
-3.5295508 5.2471085 -1.3553094
-4.0545506 5.1753592 -1.4090456
-4.3379102 5.2699232 -1.4628788
-4.5600781 5.2750211 -1.4944202
-5.2934179 5.5570273 -1.6448643
-5.4259958 5.4276056 -1.6448513
-5.6816015 5.159461 -1.6448596
-6.0400391 4.7349024 -1.6448712
-6.4684176 4.1305995 -1.6448855
-6.6602535 3.8136559 -1.6448922
-7.0616989 3.39042 -1.6788833
-7.5079098 3.3841693 -1.7650335
-7.7262301 3.2605615 -1.7973232
-7.8745894 2.8839111 -1.7973291
-7.9418945 2.6930242 -1.7973318
-8.1645899 1.914865 -1.7973416
-8.2817774 1.3191278 -1.7973477
-8.3111916 1.1188672 -1.7973493
-8.3358002 0.91793823 -1.797351
-8.3555079 0.71647185 -1.7973526
-8.3703709 0.51460904 -1.797354
-8.3857031 -0.092350766 -1.7973573
-8.3377733 -0.90033567 -1.7973601
-8.3135939 -1.1013047 -1.7973603
-8.2845898 -1.3016461 -1.7973605
-8.1205273 -2.0942466 -1.7973601
-8.0676174 -2.2896225 -1.7973596
-8.0099611 -2.4836776 -1.797359
-7.9476953 -2.6762707 -1.7973584
-7.8807812 -2.8673174 -1.7973574
-7.8092771 -3.0566983 -1.7973565
-7.567656 -3.6136937 -1.7973529
-7.2863083 -4.1517434 -1.797348
-7.1840234 -4.3263826 -1.7973461
-6.9668555 -4.6680121 -1.7973421
-6.852129 -4.8347998 -1.7973398
-6.7334375 -4.9987712 -1.7973374
-6.6108203 -5.1598186 -1.7973349
-6.4843163 -5.3178744 -1.7973323
-5.9414649 -5.9181767 -1.7973208
-5.7968946 -6.0598397 -1.7973176
-5.3432422 -6.4633403 -1.7973075
-4.5261326 -7.0595603 -1.7972888
-4.3360157 -7.1364803 -1.7896992
-4.1085935 -7.1452904 -1.7665163
-3.8867772 -7.153718 -1.7448922
-3.4582031 -7.1695199 -1.7060038
-2.6523242 -7.2017069 -1.6448394
-2.4777148 -7.263607 -1.6448351
-2.3016796 -7.3212767 -1.6448307
-2.1242774 -7.3746719 -1.6448263
-1.945703 -7.4237714 -1.6448218
-1.7658983 -7.4685574 -1.6448171
-1.403457 -7.5450301 -1.6448081
-0.85382813 -7.6267328 -1.6447936
-0.66953123 -7.6450973 -1.644789
-0.29982421 -7.6684604 -1.6447792
0.25576171 -7.6699877 -1.6447644
0.44083983 -7.6615558 -1.6447593
1.5419335 -7.5175881 -1.6447293
1.9028906 -7.4343772 -1.6447194
2.0817382 -7.3862619 -1.6447144
2.259414 -7.3338461 -1.6447092
2.6442187 -7.3088937 -1.6658201
2.846211 -7.3106885 -1.6814008
3.0520897 -7.3123584 -1.6982368
4.1377344 -7.2927299 -1.7970592
4.4849219 -7.0845213 -1.7970489
5.3051758 -6.4929295 -1.797024
5.4603319 -6.3629694 -1.7970194
5.6123047 -6.2293067 -1.7970146
5.9063668 -5.9511905 -1.7970054
6.1866403 -5.6592121 -1.7969966
6.70332 -5.0363903 -1.7969798
6.8228903 -4.873136 -1.7969756
6.9385352 -4.7070279 -1.7969718
7.0500975 -4.5381718 -1.796968
7.1575584 -4.3666935 -1.7969644
7.260859 -4.1926541 -1.7969607
7.4546871 -3.8373647 -1.7969538
7.545156 -3.6563106 -1.7969505
7.7127342 -3.28794 -1.7969443
7.7898436 -3.1008184 -1.7969413
7.8623633 -2.9119134 -1.7969384
3.120625 -1.0708331 -0.70709735
3.1089063 -0.82085997 -0.68914282
8.2002735 -1.74669 -1.7969236
8.2400579 -1.5482538 -1.7969216
8.3508978 -0.74668914 -1.7969148
8.3830271 -0.14053954 -1.796911
8.3799801 0.26416504 -1.796909
8.371191 0.46634886 -1.7969083
8.3389254 0.86977357 -1.7969072
8.2872267 1.2711884 -1.7969066
8.2541208 1.4708221 -1.7969066
3.1189063 1.0376239 -0.70447236
6.7698631 3.612138 -1.6445355
6.6806836 3.7744744 -1.644537
6.4907813 4.0924788 -1.6445405
6.3901367 4.2479506 -1.6445425
6.2857227 4.4009519 -1.6445445
6.1777148 4.5513763 -1.6445466
5.8322067 4.986433 -1.6445538
5.584785 5.2620578 -1.644546
4.6526756 5.0677948 -1.4744627
4.2287693 5.0775976 -1.4162167
3.8362303 5.0866733 -1.3654612
3.1259961 5.1030884 -1.2825897
2.8007812 5.1106024 -1.2490108
2.644336 5.1142163 -1.233933
2.1956055 5.1245794 -1.1948639
2.0519922 5.1278944 -1.183741
1.910957 5.1311502 -1.1734992
1.7722656 5.1343513 -1.1641076
1.6062499 5.0451121 -1.1347499
1.2144727 5.0541515 -1.1140406
0.97609371 5.1434512 -1.1220199
0.22058593 5.1608658 -1.1070871
0.095976561 5.1637383 -1.1068833
-0.27871093 5.1723695 -1.1101508
-0.40433592 5.175261 -1.1125425
-0.78554684 5.1840363 -1.1237265
-1.0448437 5.1900034 -1.1346387
-1.4449414 5.1992068 -1.1565272
-1.5820312 5.2023602 -1.1653851
-1.7213086 5.2055631 -1.175069
-1.8630078 5.2088213 -1.1856129
-2.3050585 5.2189817 -1.222772
-2.4589062 5.222517 -1.2371507
-3.115371 5.2375975 -1.3060871
-3.473496 5.2458224 -1.3484144
-3.9930272 5.1739464 -1.4007123
-4.4921288 5.2734613 -1.484682
-4.960742 5.2842145 -1.5533758
-5.7678123 5.0629315 -1.6448623
-6.0054297 4.7787051 -1.6448699
-6.1190233 4.6323862 -1.6448737
-6.2291017 4.4833527 -1.6448774
-6.4382029 4.1775479 -1.6448845
-6.537168 4.0209413 -1.6448878
-6.6323047 3.8620105 -1.6448911
-6.7236133 3.7008069 -1.6448944
-6.8110547 3.5374494 -1.6448976
-6.9417772 3.3952196 -1.6562049
-7.3687301 3.3861389 -1.7380532
-7.7022653 3.3166656 -1.7973224
-7.7800975 3.1298187 -1.7973254
-7.9221091 2.7507203 -1.7973311
-8.1504488 1.9742132 -1.797341
-8.1957417 1.7769177 -1.7973431
-8.2362108 1.5786023 -1.797345
-8.2719135 1.3793476 -1.7973471
-8.328867 0.978562 -1.7973505
-8.3664255 0.57547849 -1.7973535
-8.3748627 -0.43601164 -1.7973586
-8.3213863 -1.0408044 -1.7973602
-8.293828 -1.2413336 -1.7973605
-8.1822853 -1.8381513 -1.7973605
-8.1355276 -2.0351081 -1.7973602
-8.0840425 -2.2308609 -1.7973597
-7.9014258 -2.8099051 -1.7973578
-7.8312888 -2.9997962 -1.7973568
-7.677402 -3.3742144 -1.7973546
-7.59375 -3.5585349 -1.7973531
-7.5056443 -3.7407882 -1.7973518
-7.4131637 -3.9208434 -1.7973502
-7.3163476 -4.0986204 -1.7973485
-7.0006247 -4.6172104 -1.7973427
-6.8871484 -4.7848148 -1.7973404
-6.7696285 -4.949645 -1.797338
-6.522871 -5.2705545 -1.7973332
-6.3937302 -5.4264526 -1.7973304
-6.124414 -5.7286582 -1.7973248
-5.9843359 -5.8747964 -1.7973218
-6.5700974 -3.723537 -1.7973268
-6.3827734 -4.0362496 -1.7973232
-6.2834959 -4.1891193 -1.7973214
-6.1805272 -4.3395548 -1.7973194
-6.0740037 -4.4874554 -1.7973173
-5.9639258 -4.6327448 -1.797315
-5.7333984 -4.9151444 -1.7973104
-5.6130662 -5.0520849 -1.7973078
-5.4894919 -5.1860819 -1.7973051
-5.2327733 -5.4449339 -1.7972996
-5.0998631 -5.5696387 -1.7972968
-4.9639454 -5.6910968 -1.7972937
-4.5391407 -6.0352964 -1.797284
-4.3921485 -6.1430798 -1.7972807
-4.0905662 -6.3478575 -1.7972736
-3.4594922 -6.7125821 -1.7972586
-3.2965038 -6.7941055 -1.7972546
-3.1315625 -6.8716822 -1.7972506
-2.4544921 -7.1415014 -1.7972341
-2.0881836 -7.1867766 -1.7811606
-1.9028515 -7.1925511 -1.7706894
-1.5380468 -7.2034264 -1.753029
-1.3580859 -7.2085462 -1.745786
-1.0020508 -7.2181907 -1.7343739
-0.64976561 -7.2270861 -1.7269534
-0.47453123 -7.2312694 -1.7247124
0.049863279 -7.2428231 -1.7238007
1.2908202 -7.2644382 -1.7559838
1.4730273 -7.2669506 -1.7646735
1.6571094 -7.2693243 -1.774448
2.0316014 -7.2726192 -1.7971151
2.2065039 -7.2214475 -1.7971102
2.5524218 -7.1065135 -1.7971005
2.7232225 -7.0428247 -1.7970957
3.3894529 -6.7474298 -1.7970763
3.5512891 -6.6636376 -1.7970717
3.8687108 -6.4844685 -1.7970624
4.0240817 -6.3891873 -1.7970577
4.1771288 -6.2901864 -1.7970532
4.3276954 -6.1875229 -1.7970486
4.4757614 -6.081254 -1.7970442
4.7640038 -5.8581553 -1.7970353
5.0411134 -5.6214061 -1.7970268
5.1753125 -5.498086 -1.7970227
5.9145312 -4.6935487 -1.796999
6.026113 -4.5494184 -1.7969954
6.5299606 -3.7907655 -1.7969782
6.7052341 -3.4712198 -1.796972
7.0085936 -2.8086386 -1.7969607
7.1359763 -2.4671476 -1.7969556
3.1724803 -0.92806548 -0.78668034
3.1683788 -0.84440947 -0.78038031
7.4172654 -1.4114316 -1.7969428
7.4767184 -1.0518445 -1.7969395
7.5187497 -0.68981534 -1.7969366
7.5502343 0.038219299 -1.7969323
7.5113473 0.7659027 -1.7969297
7.490664 0.94697326 -1.7969295
7.3644919 1.6646764 -1.7969292
3.1661718 0.79647613 -0.77701414
3.1700389 0.87932128 -0.78294396
3.174336 0.96360046 -0.78951806
3.1790624 1.0494769 -0.79676199
7.1105075 2.5392308 -1.7969317
7.0471482 2.7101092 -1.7969325
6.9797068 2.8794103 -1.7969335
6.9081836 3.0470355 -1.7969346
6.5614843 3.0854394 -1.7256589
6.2193747 3.1099608 -1.6549125
5.9406247 3.529561 -1.644558
5.7633982 3.8121367 -1.6445613
5.5727539 4.0858283 -1.6445651
5.4724998 4.2191453 -1.644567
5.369082 4.3500066 -1.6445692
4.9247265 4.8473649 -1.6445785
4.5611525 5.1909919 -1.6445866
3.8543162 5.0861607 -1.5187837
3.6676171 5.0904784 -1.493198
3.486953 5.094655 -1.4693011
3.311914 5.0987015 -1.4469857
3.1419725 5.1026306 -1.4261553
2.5059569 5.1173277 -1.3560814
2.3561718 5.1207886 -1.3415316
2.2094727 5.124176 -1.3280587
2.0656054 5.1274991 -1.3156112
1.7854102 5.1339674 -1.2936285
1.486621 5.0477948 -1.2523558
1.3559179 5.0508108 -1.2446194
1.2267578 5.0537901 -1.2376955
1.100957 5.0659623 -1.2338077
0.4823828 5.1547565 -1.2321553
0.35732421 5.1576385 -1.2304235
0.23253906 5.1605139 -1.2294117
0.10789062 5.1633868 -1.2291172
-0.016757812 5.1662583 -1.2295387
-0.90212888 5.1866417 -1.2529171
-1.0322851 5.1896348 -1.2592928
-1.1638477 5.1926622 -1.2664768
-1.2969726 5.1957245 -1.27449
-1.4318945 5.1988268 -1.2833562
-1.5687695 5.2019749 -1.2931062
-1.8492968 5.2084241 -1.3153846
-2.1403515 5.2151122 -1.3416249
-2.6011913 5.2256994 -1.3892416
-2.7625 5.2294049 -1.4075465
-2.9282031 5.2332106 -1.4271845
-3.0986912 5.237124 -1.4482335
-3.4557421 5.2453203 -1.4949259
-3.7781639 5.1728258 -1.524509
-3.9735546 5.1734018 -1.5524995
-4.4694333 5.2714586 -1.6448267
-4.7185936 5.0496573 -1.6448344
-4.9568162 4.8160906 -1.6448419
-5.1834569 4.5712891 -1.6448492
-5.2923241 4.4448547 -1.6448528
-5.6000586 4.0503259 -1.6448628
-5.6962109 3.9139972 -1.644866
-6.0973239 3.3744829 -1.658556
-6.4469919 3.3673832 -1.7310649
-6.9291601 3.002774 -1.7973033
-7.0659962 2.6648974 -1.7973086
-7.1863866 2.3208122 -1.7973135
-7.376699 1.617221 -1.797322
-7.4135938 1.4387127 -1.7973238
-7.4461522 1.2593536 -1.7973257
-7.4743748 1.0792724 -1.7973273
-7.4982615 0.89856017 -1.7973287
-7.5436521 0.35369262 -1.7973328
-7.5157027 -0.73874146 -1.7973373
-7.4957027 -0.9199264 -1.7973377
-7.4425974 -1.2805829 -1.797338
-7.4094725 -1.4598407 -1.797338
-7.3721094 -1.6382495 -1.7973379
-7.3304296 -1.8157034 -1.7973377
-7.2342381 -2.1673369 -1.7973368
-7.1798434 -2.3413048 -1.7973362
-7.1212301 -2.5139153 -1.7973355
-7.0584764 -2.6850617 -1.7973347
-6.991621 -2.8546386 -1.7973338
-6.8457031 -3.1887114 -1.7973315
-6.7667575 -3.3530071 -1.7973301
-6.5970116 -3.6756396 -1.7973273
-6.4119725 -3.9897146 -1.7973238
-6.3138084 -4.1432986 -1.797322
-6.2119532 -4.2944703 -1.79732
-6.106504 -4.4431539 -1.797318
-5.9974608 -4.5892339 -1.7973158
-5.8849411 -4.7326498 -1.7973135
-5.5270505 -5.146009 -1.7973061
-5.4012303 -5.277905 -1.7973033
-5.272285 -5.406724 -1.7973006
-5.140254 -5.5323911 -1.7972976
-5.0052147 -5.6548319 -1.7972946
-4.8672657 -5.7739792 -1.7972915
-4.7264452 -5.8897724 -1.7972883
-4.5829296 -6.0021157 -1.797285
-4.436738 -6.1109691 -1.7972816
-4.2879491 -6.2162566 -1.7972783
-4.1366405 -6.3179321 -1.7972747
-3.8269336 -6.5101709 -1.7972674
-3.6686718 -6.6006317 -1.7972636
-3.3458593 -6.7699509 -1.7972559
-3.1814842 -6.8487182 -1.7972518
-2.6775975 -7.0609055 -1.7972395
-2.1444726 -7.184989 -1.7845368
-1.9584961 -7.1908336 -1.7737293
-1.2332031 -7.2120032 -1.7413392
-1.0554101 -7.2167869 -1.7358344
-0.87865233 -7.2213802 -1.731333
-0.5273242 -7.2300267 -1.7252856
-0.35234374 -7.2340918 -1.7237222
0.17210937 -7.2453094 -1.724838
0.34738281 -7.248734 -1.7271458
1.0561132 -7.2609568 -1.7462596
1.4179101 -7.2662077 -1.7619418
1.6014258 -7.2686229 -1.7713859
1.7869726 -7.2708993 -1.781935
1.9748046 -7.273035 -1.79362
2.1538281 -7.2373104 -1.7971116
2.3279881 -7.183198 -1.7971067
2.6719141 -7.0624547 -1.797097
3.0095897 -6.9252539 -1.7970873
3.1756248 -6.8505778 -1.7970827
3.3402343 -6.7719159 -1.7970778
3.8214452 -6.5124474 -1.7970637
4.5776563 -6.0049081 -1.7970412
4.7212501 -5.8926592 -1.7970366
5.0000978 -5.6579361 -1.7970282
5.1351953 -5.5355887 -1.7970239
5.2672458 -5.4100242 -1.7970197
5.3963084 -5.2813187 -1.7970158
5.6448436 -5.0147209 -1.7970079
5.8802538 -4.7364573 -1.7970003
5.9928513 -4.5931439 -1.7969965
6.1019335 -4.4471564 -1.7969929
6.2074804 -4.2985806 -1.7969892
6.6798043 -3.5199163 -1.7969729
6.7627926 -3.3576579 -1.7969699
6.8418751 -3.1934509 -1.796967
6.9879684 -2.8595521 -1.7969614
3.1784961 -1.0392532 -0.79587185
3.1657617 -0.78678346 -0.77635479
7.369277 -1.6436999 -1.7969453
7.4400001 -1.2861587 -1.7969416
7.513535 -0.74449521 -1.7969371
7.5293164 -0.56293362 -1.7969358
7.5407224 -0.38104767 -1.7969346
7.5476952 -0.19893005 -1.7969335
7.5484958 0.16552825 -1.7969317
7.5423045 0.34767395 -1.7969309
7.5316992 0.52960938 -1.7969303
7.4973631 0.89245605 -1.7969295
7.4736328 1.0731487 -1.7969292
7.4455466 1.2532153 -1.7969291
7.3764062 1.6110619 -1.7969291
3.1730077 0.93803895 -0.78746819
3.177578 1.0234179 -0.79450637
7.1287889 2.487437 -1.7969314
7.066699 2.6587694 -1.7969323
7.0004883 2.8285589 -1.7969333
6.6729488 3.0786932 -1.7489915
6.3144727 3.1003435 -1.6741962
6.1273828 3.1942785 -1.6445547
5.9661522 3.4862523 -1.6445575
5.602324 4.0451765 -1.6445645
5.4005661 4.3108311 -1.6445686
4.9598827 4.811409 -1.6445777
4.8423047 4.9297209 -1.6445804
4.7219138 5.0451622 -1.644583
4.4729295 5.2671041 -1.6445656
4.1073241 5.0803089 -1.5548103
3.911875 5.0848289 -1.5268452
3.7232029 5.0891919 -1.5007253
3.3641014 5.0974956 -1.4535508
3.1926563 5.101459 -1.4322826
2.8639843 5.109055 -1.3939396
2.5517383 5.1162701 -1.3606832
2.2533593 5.1231627 -1.3320099
1.8270313 5.133007 -1.2967017
1.6896679 5.136178 -1.2868218
1.2655274 5.0528965 -1.2396977
1.1394141 5.0650749 -1.2355782
0.64580077 5.1509891 -1.2354953
0.52013671 5.1538873 -1.2328188
0.27013671 5.159647 -1.2296414
0.020820312 5.1653919 -1.2293369
-0.2289453 5.171145 -1.2319012
-0.48035154 5.1769333 -1.2373654
-0.60703123 5.1798506 -1.2412044
-0.73458982 5.1827841 -1.2457948
-0.86314452 5.1857433 -1.2511493
-1.1240234 5.1917453 -1.2642252
-1.2566797 5.194797 -1.2719857
-1.3910156 5.1978869 -1.2805929
-1.8064063 5.2074375 -1.3117822
-2.3973241 5.2210169 -1.367295
-2.5533984 5.2246017 -1.3839751
-2.7134569 5.2282786 -1.4018933
-2.8777733 5.2320518 -1.4211216
-4.3016601 5.4092216 -1.6448216
-4.6817384 5.0838513 -1.6448332
-5.037324 4.7318258 -1.6448445
-5.1500974 4.6088748 -1.644848
-5.2598243 4.4832354 -1.6448517
-5.3665233 4.354991 -1.644855
-5.5704489 4.090961 -1.6448617
-5.8518944 3.677232 -1.6448714
-5.9389257 3.5349274 -1.6448743
-6.0225391 3.3905542 -1.6448773
-6.7117772 3.3628466 -1.7866645
-6.8313866 3.2189116 -1.7972996
-6.9788084 2.8855052 -1.7973052
-7.0464063 2.7162323 -1.7973078
-7.1693358 2.3730297 -1.7973127
-7.2245312 2.1993048 -1.7973151
-7.2755075 2.0242999 -1.7973173
-7.3647265 1.6708423 -1.7973214
-7.4029293 1.4926038 -1.7973235
-7.4915233 0.95308167 -1.7973284
-7.528789 0.59044307 -1.7973312
-7.5408788 0.40855986 -1.7973324
-7.5485153 0.22643463 -1.7973335
-7.5506835 -0.13810547 -1.7973353
-7.5209179 -0.68404782 -1.7973372
-7.2987304 -1.9390521 -1.7973374
-7.249824 -2.1146543 -1.7973371
-7.1966796 -2.2890146 -1.7973363
-7.0778122 -2.6336443 -1.797335
-7.012207 -2.8037004 -1.7973341
-6.9424801 -2.9721255 -1.797333
-6.7092576 -3.4666317 -1.7973292
-6.5341406 -3.7863553 -1.7973262
-6.2430077 -4.2491717 -1.7973207
-6.1386523 -4.3986139 -1.7973186
-5.919199 -4.6897154 -1.7973142
-5.804316 -4.8312092 -1.7973118
-5.4395118 -5.2384734 -1.797304
-5.1803513 -5.494853 -1.7972984
-5.0462108 -5.6182761 -1.7972955
-4.9091406 -5.7384238 -1.7972925
-4.7692184 -5.8552308 -1.7972893
-4.1824999 -6.2876759 -1.7972758
-4.0295115 -6.3867831 -1.7972722
-3.7166014 -6.5737705 -1.7972648
-3.3950195 -6.7454338 -1.7972571
-3.2311914 -6.8254008 -1.7972531
-3.0655468 -6.9013834 -1.7972491
-2.7289257 -7.0412469 -1.7972407
-2.5581641 -7.1050439 -1.7972366
-2.2009571 -7.1831818 -1.788018
-1.6472656 -7.2002397 -1.7578996
-1.2869922 -7.2105236 -1.7431962
-1.1089257 -7.2153645 -1.7373877
-0.93187499 -7.2200146 -1.7325845
-0.75566405 -7.2244806 -1.7287753
-0.405 -7.2328854 -1.7240919
-0.23025391 -7.2368321 -1.7232066
-0.055507813 -7.2406178 -1.7232867
0.29453126 -7.2477183 -1.726348
0.47017577 -7.2510386 -1.729339
0.64652342 -7.25421 -1.7333124
0.82376951 -7.2572355 -1.7382812
1.0021094 -7.2601166 -1.7442573
1.545918 -7.26791 -1.7684244
1.7308203 -7.2702279 -1.7786371
1.917871 -7.2724047 -1.7899764
2.1011329 -7.2528014 -1.7971132
2.2756641 -7.1999521 -1.7971083
2.6204295 -7.0817161 -1.7970985
2.7906249 -7.0163846 -1.7970936
3.7739453 -6.5400748 -1.7970651
3.9307225 -6.4470677 -1.7970605
4.3868165 -6.1457434 -1.7970469
4.5338283 -6.038065 -1.7970424
4.6782422 -5.9268608 -1.7970381
4.9588084 -5.69417 -1.7970294
5.3577342 -5.3204393 -1.797017
5.4845896 -5.1895609 -1.7970129
5.608242 -5.055655 -1.797009
5.7286134 -4.9188242 -1.7970052
5.8456249 -4.7791138 -1.7970014
5.9592772 -4.6366267 -1.7969977
6.0694337 -4.4914374 -1.796994
6.1760349 -4.3436294 -1.7969903
6.2790818 -4.1932983 -1.7969868
6.3784375 -4.0405116 -1.7969835
6.6540036 -3.5684152 -1.7969738
6.738203 -3.4067681 -1.7969708
6.8947263 -3.0776291 -1.796965
6.9669919 -2.9103253 -1.7969623
7.0992966 -2.5707104 -1.796957
3.1799805 -1.0654135 -0.79816574
3.1633399 -0.72977382 -0.77263242
7.395957 -1.5191979 -1.7969441
7.430449 -1.3402548 -1.7969422
7.4606442 -1.1605197 -1.7969406
7.486445 -0.98012298 -1.7969389
7.5079293 -0.79914093 -1.7969375
7.5499606 -0.071634218 -1.7969328
7.5494919 0.11060485 -1.7969319
7.521699 0.65652645 -1.7969301
7.454453 1.1990112 -1.7969291
7.4233594 1.3785864 -1.7969291
3.1640429 0.74716365 -0.77374035
3.1676757 0.82922453 -0.77929401
3.171699 0.91261536 -0.78547734
7.0858202 2.6072822 -1.796932
7.0208592 2.7775536 -1.7969329
6.9517965 2.9461889 -1.7969339
6.787168 3.0717511 -1.7730536
6.150527 3.1496043 -1.6445543
5.9913669 3.4427581 -1.644557
5.9065232 3.5863523 -1.6445587
5.6315818 4.0043082 -1.6445639
5.3271289 4.4012847 -1.64457
4.9947653 4.7751884 -1.644577
4.6362109 5.1240754 -1.6445849
4.1676755 5.0789127 -1.5636224
3.7794139 5.087893 -1.508413
3.5951366 5.0921545 -1.4835095
3.4167578 5.0962787 -1.4602515
3.2438281 5.100276 -1.4385391
2.9124024 5.107935 -1.3993791
2.7532032 5.1116157 -1.3817739
2.2975585 5.1221418 -1.3360552
2.0091991 5.1288013 -1.3109417
1.8689063 5.132041 -1.2998587
1.7308398 5.1352277 -1.2897053
1.4344921 5.0489979 -1.2491852
1.3044336 5.0519986 -1.241773
1.0504297 5.0671268 -1.2315812
0.81023437 5.1471977 -1.2400818
0.55796874 5.1530137 -1.2335496
0.43265623 5.1559033 -1.2313809
0.30771485 5.158783 -1.229936
-0.066308595 5.1673994 -1.229905
-0.19123046 5.1702771 -1.2313305
-0.56874996 5.1789684 -1.2399685
-0.6960547 5.1818986 -1.2443298
-1.084375 5.190834 -1.2620486
-1.2165039 5.1938734 -1.2695581
-1.4860156 5.2000713 -1.2871221
-1.9061913 5.2097306 -1.320269
-2.1995702 5.2164731 -1.3473387
-2.6647851 5.2271605 -1.396359
-2.8277733 5.2309046 -1.4151835
-3.1678514 5.2387128 -1.4570041
-3.5294726 5.2470126 -1.5049832
-3.6623046 5.1705155 -1.5079628
-4.0544724 5.1752582 -1.564654
-4.3922458 5.3359251 -1.6448244
-4.5197458 5.2283716 -1.6448282
-4.644629 5.1177702 -1.6448321
-4.7668161 5.0041986 -1.6448359
-5.0027733 4.768343 -1.6448435
-5.2270899 4.5213852 -1.6448506
-5.3346677 4.3939209 -1.6448541
-5.439199 4.2638903 -1.6448574
-5.5405664 4.1313739 -1.6448607
-5.7334766 3.859206 -1.6448672
-5.9977145 3.4342821 -1.6448764
-6.5955272 3.364851 -1.7621875
-6.8078122 3.2685242 -1.7972989
-6.9575977 2.9362085 -1.7973044
-7.1518359 2.4251275 -1.7973121
-7.2605858 2.077168 -1.7973167
-7.427031 1.367561 -1.7973247
-7.457871 1.1878997 -1.7973263
-7.5065231 0.8266229 -1.7973294
-7.5513086 0.099109493 -1.7973341
-7.5083008 -0.81077266 -1.7973374
-7.4865427 -0.99174649 -1.7973378
-7.3951559 -1.5308114 -1.7973379
-7.3560543 -1.7088592 -1.7973378
-7.2649999 -2.0618525 -1.7973372
-7.1570311 -2.4100354 -1.797336
-6.9639645 -2.9215364 -1.7973334
-6.891367 -3.0887694 -1.7973323
-6.8148046 -3.2542064 -1.7973311
-6.7342968 -3.4177229 -1.7973297
-6.4693551 -3.8959975 -1.7973249
-6.3733983 -4.0510068 -1.7973231
-6.2738085 -4.2036371 -1.7973213
-6.1704884 -4.3538361 -1.7973193
-6.0635743 -4.5014977 -1.7973171
-5.7220116 -4.9283967 -1.7973101
-5.601367 -5.0650473 -1.7973075
-5.3503904 -5.3294511 -1.7973022
-5.0869532 -5.5814209 -1.7972964
-4.9507618 -5.702558 -1.7972933
-4.0758786 -6.3572946 -1.7972732
-3.9212499 -6.4538064 -1.7972696
-3.7642968 -6.5465631 -1.7972659
-3.6051953 -6.6354971 -1.7972621
-3.4439843 -6.7205691 -1.7972583
-2.7800586 -7.0212107 -1.797242
-2.0703125 -7.1873407 -1.7801079
-1.8852344 -7.1930914 -1.7697449
-1.7020702 -7.1986179 -1.7604811
-1.1624805 -7.2139258 -1.7390312
-0.98513669 -7.2186327 -1.7339277
0.24166015 -7.2466865 -1.7256377
0.41716796 -7.2500534 -1.7283343
0.59328121 -7.2532701 -1.7320104
0.7702539 -7.2563396 -1.7366772
0.94826168 -7.2592635 -1.7423488
1.127461 -7.262044 -1.7490393
1.6748632 -7.2695432 -1.7754419
2.0483398 -7.2679009 -1.7971147
2.5688477 -7.1005926 -1.7971001
3.0758202 -6.8960705 -1.7970855
3.2414062 -6.8198028 -1.7970806
3.7263086 -6.5673656 -1.7970665
3.8836913 -6.475502 -1.7970619
4.0388279 -6.3798618 -1.7970573
4.3419724 -6.1775012 -1.7970481
4.4898047 -6.0708866 -1.7970437
4.9172459 -5.7300897 -1.7970308
5.3188868 -5.3592701 -1.7970183
5.44666 -5.229331 -1.7970141
5.5712891 -5.0963316 -1.7970102
5.8107419 -4.8215156 -1.7970023
6.0366015 -4.5354643 -1.796995
6.1442575 -4.3884501 -1.7969913
6.2484179 -4.2388639 -1.7969879
6.348906 -4.0868073 -1.7969846
6.4456835 -3.932379 -1.7969812
6.6279297 -3.6167376 -1.7969748
6.7946677 -3.292655 -1.7969688
6.8721676 -3.1277101 -1.796966
6.9456444 -2.9609253 -1.7969632
7.0150781 -2.7924154 -1.7969604
7.0803905 -2.622297 -1.7969579
3.1815233 -1.0917312 -0.80052364
3.1765819 -1.0050153 -0.79294395
3.1720703 -0.91998744 -0.78604847
3.1643748 -0.75429899 -0.77420205
7.384707 -1.5729672 -1.7969445
7.451992 -1.2147726 -1.796941
7.4791403 -1.034552 -1.7969394
7.501914 -0.85372984 -1.7969379
7.5203319 -0.67242336 -1.7969366
7.5343356 -0.4907144 -1.7969352
7.544004 -0.30871704 -1.7969341
7.550117 0.055689391 -1.7969322
7.5262694 0.60180116 -1.7969302
7.5095701 0.78326631 -1.7969297
7.3990817 1.5035651 -1.7969291
3.1704297 0.88733578 -0.78354621
3.1747656 0.97175413 -0.79018253
3.1795311 1.057796 -0.79749268
7.104609 2.5556743 -1.7969317
6.9010935 3.0630107 -1.7969347
6.1941795 3.1152997 -1.6501241
6.0162497 3.3990753 -1.6445565
5.9324608 3.5432963 -1.6445581
5.8452344 3.6854436 -1.6445597
5.4627147 4.2317939 -1.6445673
5.359004 4.3624163 -1.6445694
5.2521677 4.4904904 -1.6445717
5.029336 4.7387328 -1.6445764
4.9135351 4.8587394 -1.6445788
4.6733789 5.0902042 -1.6445841
4.5491209 5.2015295 -1.6445868
4.422246 5.3098187 -1.6445885
3.8361523 5.0865808 -1.516256
2.8007421 5.1105161 -1.3869481
2.6442773 5.1141315 -1.370205
2.4914649 5.1176634 -1.3546389
2.1955664 5.1244969 -1.3268225
2.0519531 5.1278129 -1.3144706
1.9109179 5.1310697 -1.3030987
1.3434765 5.0510974 -1.2439208
1.2144531 5.0540748 -1.2370737
0.97607422 5.1433735 -1.2459344
0.22058593 5.1607895 -1.2293526
0.095976561 5.163662 -1.2291265
-0.028710937 5.166533 -1.2296164
-0.15357421 5.1694093 -1.2308248
-0.40433592 5.1751838 -1.2354101
-0.53058594 5.1780901 -1.2388003
-0.65757811 5.1810131 -1.2429368
-0.78552735 5.1839581 -1.2478291
-1.0448242 5.1899242 -1.259946
-1.3098047 5.1960192 -1.2753012
-1.4449219 5.1991262 -1.2842523
-1.721289 5.2054815 -1.3048406
-1.8629882 5.2087383 -1.3165493
-2.3050194 5.2188959 -1.3578118
-2.7781835 5.2297654 -1.4093704
-2.9443359 5.2335801 -1.4291378
-3.2915235 5.2415514 -1.473024
-3.4734373 5.2457266 -1.4973266
-3.6130078 5.1803656 -1.503132
-4.6073046 5.1514244 -1.6448309
-4.7302537 5.0387249 -1.6448348
-4.8505468 4.9231114 -1.6448386
-4.9679489 4.8046122 -1.6448421
-5.1940427 4.5592923 -1.6448495
-5.3025975 4.4326048 -1.644853
-5.5103517 4.1715789 -1.6448598
-5.8868551 3.6209509 -1.6448725
-5.9725585 3.4778259 -1.6448754
-6.1275582 3.3727362 -1.6646587
-6.4824023 3.3667827 -1.738461
-6.7838278 3.3179724 -1.797298
-7.0061522 2.8184686 -1.7973063
-7.0721679 2.6485498 -1.7973089
-7.1340232 2.4770825 -1.7973113
-7.191699 2.3041863 -1.7973138
-7.2452536 2.1299317 -1.7973161
-7.2945895 1.9544555 -1.7973182
-7.416914 1.4215649 -1.7973241
-7.4490623 1.2421288 -1.7973258
-7.5194335 0.69992733 -1.7973303
-7.5341406 0.51822847 -1.7973317
-7.5444531 0.33624601 -1.7973328
-7.5519137 -0.028220825 -1.7973347
-7.5139842 -0.75612301 -1.7973373
-7.46875 -1.1178452 -1.7973379
-7.4395895 -1.2977945 -1.797338
-7.4061131 -1.4769827 -1.797338
-7.3683004 -1.6552932 -1.7973379
-7.326211 -1.8326555 -1.7973377
-7.2798243 -2.0089359 -1.7973373
-7.2292576 -2.1840613 -1.7973368
-7.0522656 -2.7013762 -1.7973346
-6.9136715 -3.0385506 -1.7973325
-6.8383007 -3.204536 -1.7973313
-6.6756835 -3.5307982 -1.7973286
-6.5885153 -3.6908925 -1.797327
-6.0961914 -4.4572654 -1.7973177
-5.9868164 -4.6031032 -1.7973155
-5.8739452 -4.7462454 -1.7973132
-5.7577147 -4.8866405 -1.7973109
-5.6380858 -5.0241742 -1.7973083
-5.5151563 -5.1587796 -1.7973057
-5.1274219 -5.5442648 -1.7972974
-5.7996092 -3.6674852 -1.7973061
-5.6158395 -3.9430773 -1.7973025
-5.4190235 -4.2094812 -1.7972986
-5.3158398 -4.3390436 -1.7972964
-4.9879684 -4.7122626 -1.7972895
-4.633945 -5.0607767 -1.7972817
-4.3842773 -5.2784872 -1.7972763
-3.7168553 -5.7679019 -1.7972609
-3.5765429 -5.8559213 -1.7972575
-3.4341404 -5.9405322 -1.7972541
-3.289746 -6.0216727 -1.7972506
-3.1434569 -6.0993109 -1.7972472
-2.8454688 -6.2438798 -1.7972399
-2.6939256 -6.3107238 -1.7972363
-2.5408397 -6.3738909 -1.7972325
-2.38625 -6.4333434 -1.7972287
-2.0730078 -6.5409808 -1.7972208
-1.7549218 -6.6333666 -1.7972128
-1.2703711 -6.742909 -1.7972004
-1.107246 -6.7715902 -1.7971963
-0.61443359 -6.8339071 -1.7971835
-0.28390625 -6.8555632 -1.7971748
0.047246091 -6.8612437 -1.797166
0.54351562 -6.839797 -1.7971526
0.70845699 -6.8246708 -1.7971481
0.87308592 -6.8055649 -1.7971437
1.200371 -6.7554784 -1.7971346
1.3630469 -6.7245212 -1.7971302
1.525 -6.6896505 -1.7971258
1.6859765 -6.650878 -1.7971213
1.8460351 -6.6082339 -1.7971168
2.1627343 -6.5114231 -1.7971078
2.4744334 -6.3994322 -1.797099
2.6281641 -6.3378339 -1.7970947
2.780371 -6.2725401 -1.7970903
2.9309571 -6.2035923 -1.797086
3.2268748 -6.0548978 -1.7970773
3.3720508 -5.9752374 -1.797073
4.4560156 -5.2169652 -1.7970405
4.5806055 -5.107883 -1.7970365
4.8217578 -4.8808661 -1.797029
4.9381442 -4.7630634 -1.7970254
5.0516601 -4.6424804 -1.7970217
5.1622071 -4.5191913 -1.7970183
5.2697849 -4.3932724 -1.7970147
5.374238 -4.2647953 -1.7970114
5.5737696 -4.0004697 -1.7970047
5.6686716 -3.8647704 -1.7970015
5.7603126 -3.7268188 -1.7969984
5.8485937 -3.5866992 -1.7969954
5.9334373 -3.4444873 -1.7969924
6.1670704 -3.0061572 -1.7969841
2.5690429 -1.1764102 -0.7400803
2.6280859 -0.90861875 -0.72833318
2.6403515 -0.84208953 -0.72589082
3.2262695 -0.77694488 -0.86919385
6.7068162 -1.4447949 -1.7969619
6.7937498 -0.95576233 -1.7969574
6.831953 -0.62680298 -1.7969546
6.860527 0.034730528 -1.7969507
6.8064256 0.86046934 -1.7969481
6.7569723 1.1879241 -1.7969477
3.2279882 0.81202388 -0.87182724
2.7851954 0.77256745 -0.75705022
2.6470313 0.80353391 -0.72456127
2.6089647 1.0033239 -0.73213583
2.5942774 1.0702509 -0.73505485
2.5786133 1.1373602 -0.73817527
6.208457 2.9193945 -1.7969538
6.1362305 3.0683935 -1.7969551
5.5491796 3.1182818 -1.6672163
5.3980079 3.2071507 -1.644574
5.2369723 3.4639122 -1.644577
4.9726171 3.8337402 -1.6445823
4.6822462 4.1834779 -1.6445882
4.5799022 4.2952757 -1.6445904
4.4749217 4.4045677 -1.6445928
4.3672853 4.511291 -1.644595
4.1445312 4.7168097 -1.6446
3.9120703 4.9113288 -1.6446052
3.7924023 5.0043268 -1.644608
3.4203515 5.2655034 -1.6445808
3.1419334 5.102541 -1.5695155
2.9767382 5.10636 -1.5481325
2.815918 5.1100788 -1.5282032
2.6590624 5.1137037 -1.509648
2.505918 5.1172419 -1.4923973
2.3561327 5.1207037 -1.4763867
2.2094336 5.1240931 -1.4615587
2.0655859 5.1274161 -1.4478596
1.9243164 5.1306782 -1.4352438
1.486582 5.0477166 -1.3782458
1.3558984 5.0507317 -1.3697336
1.2267382 5.0537119 -1.3621124
1.1009375 5.0658841 -1.3578341
0.98835933 5.1430116 -1.3717109
0.86066407 5.1459551 -1.3665564
0.73390621 5.1488791 -1.3622302
0.60785156 5.1517863 -1.3587196
0.48236328 5.1546788 -1.3560165
0.35730469 5.1575608 -1.3541107
0.23251952 5.1604371 -1.3529962
-0.14156249 5.1690545 -1.354391
-0.26669922 5.171936 -1.3564382
-0.64537108 5.1806536 -1.3674088
-0.77320313 5.1835957 -1.3727131
-1.1638281 5.1925817 -1.3937871
-1.2969531 5.1956444 -1.4026049
-1.4318554 5.1987448 -1.4123635
-1.56875 5.2018919 -1.4230932
-1.7077929 5.2050877 -1.4348292
-1.8492578 5.2083392 -1.4476117
-1.9933398 5.2116499 -1.4614816
-2.6011522 5.2256107 -1.528891
-3.0663476 5.4800873 -1.6447883
-3.1976757 5.4043694 -1.6447544
-3.4548438 5.243906 -1.6447997
-3.5803709 5.1590042 -1.6448035
-3.8251953 4.9802384 -1.6448109
-4.0610743 4.789856 -1.6448181
-4.5039454 4.3760877 -1.644832
-4.7099023 4.1536512 -1.6448386
-4.8088083 4.0387669 -1.6448417
-4.9981251 3.8020184 -1.644848
-5.088418 3.6802795 -1.6448511
-5.1758008 3.5564036 -1.6448539
-5.2601171 3.4304533 -1.6448567
-6.0037107 3.3226597 -1.797277
-6.1570702 3.0290778 -1.7972827
-6.2960935 2.7284284 -1.7972878
-6.6239843 1.791206 -1.7973012
-6.6652732 1.6308105 -1.797303
-6.702734 1.4694666 -1.7973047
-6.76582 1.144292 -1.7973082
-6.7915039 0.98066467 -1.7973095
-6.8544335 0.32137695 -1.7973145
-6.8601952 0.15584686 -1.7973155
-6.8597069 -0.17539367 -1.797317
-6.8432617 -0.50622189 -1.7973182
-6.8290429 -0.67124814 -1.7973187
-6.7625976 -1.163583 -1.7973193
-6.7325583 -1.3264608 -1.7973193
-6.6985741 -1.4885706 -1.7973193
-6.6606641 -1.6498132 -1.7973189
-6.6189256 -1.8100948 -1.7973187
-6.5732813 -1.9693182 -1.7973182
-6.5238476 -2.1273935 -1.7973177
-6.2202344 -2.8973773 -1.7973133
-6.1485157 -3.046658 -1.7973123
-6.0731835 -3.1941693 -1.7973109
-5.7369142 -3.7647512 -1.7973047
-5.6444139 -3.9021099 -1.797303
-5.548574 -4.0372105 -1.7973012
-5.1334958 -4.5532851 -1.7972926
-5.0221286 -4.6758528 -1.7972902
-4.907793 -4.7956986 -1.7972877
-4.790586 -4.9127488 -1.7972853
-4.5479298 -5.1381941 -1.79728
-4.4225779 -5.2464509 -1.797277
-4.2946677 -5.3516655 -1.7972741
-4.164238 -5.4537473 -1.7972713
-3.7587109 -5.7407126 -1.7972617
-3.6190429 -5.8297534 -1.7972586
-3.4772851 -5.9153919 -1.7972552
-3.3334961 -5.9975867 -1.7972517
-3.1877735 -6.076282 -1.7972482
-2.8908007 -6.2230144 -1.797241
-2.7397461 -6.2909617 -1.7972374
-2.5871289 -6.3552332 -1.7972336
-2.4330077 -6.4158196 -1.7972299
-2.1205468 -6.5257263 -1.7972221
-1.803164 -6.6204224 -1.797214
-1.6427734 -6.6620069 -1.7972101
-1.319414 -6.7334909 -1.7972016
-1.156582 -6.7633543 -1.7971976
-0.99292964 -6.7892876 -1.7971933
-0.0026757813 -6.8614135 -1.7971673
0.16292968 -6.8594599 -1.7971629
0.49374998 -6.8435764 -1.7971539
0.65878904 -6.8296518 -1.7971494
0.82341796 -6.8117442 -1.797145
0.98763669 -6.7898655 -1.7971406
1.1511914 -6.7640357 -1.7971361
1.314121 -6.7342663 -1.7971317
1.6375781 -6.6629748 -1.7971226
2.1153123 -6.5269871 -1.7971091
2.4278123 -6.4172711 -1.7971003
2.5819921 -6.3567853 -1.7970959
2.7346485 -6.2926121 -1.7970916
3.0350976 -6.1532798 -1.7970829
3.1827538 -6.0782175 -1.7970786
3.3285155 -5.9996147 -1.7970744
3.4723241 -5.9175158 -1.7970701
4.159492 -5.4563522 -1.7970495
4.2899609 -5.3543572 -1.7970456
4.4179492 -5.249249 -1.7970415
4.903379 -4.7988672 -1.7970265
5.0177341 -4.6791072 -1.7970228
5.2376757 -4.4314981 -1.7970158
5.4454103 -4.173563 -1.797009
5.640449 -3.9059105 -1.7970026
5.8223047 -3.6291485 -1.7969962
5.9082227 -3.4875624 -1.7969934
5.990664 -3.3439417 -1.7969905
6.0696092 -3.1983776 -1.7969875
6.1450391 -3.0509424 -1.7969848
6.2168751 -2.9017351 -1.7969823
2.5805078 -1.1294287 -0.73779631
2.610625 -0.99543548 -0.73180449
2.8163085 -0.77256435 -0.76490879
3.2274804 -0.80212677 -0.87107283
3.2235937 -0.71901673 -0.86508155
6.7866211 -1.0051645 -1.7969576
6.8272266 -0.67648804 -1.7969551
6.858242 -0.18075836 -1.7969518
6.8605857 -0.015183411 -1.7969509
6.858984 0.15040772 -1.7969502
6.8533592 0.31591552 -1.7969494
6.765449 1.1387366 -1.7969477
6.7359958 1.3016913 -1.7969477
6.7025976 1.4638989 -1.796948
3.2267578 0.78679717 -0.86992234
2.8659766 0.7725659 -0.77746022
2.6503906 0.78353542 -0.72389662
2.6265428 0.91648376 -0.72863442
2.613203 0.98318726 -0.73129523
2.5834374 1.1171149 -0.73721337
6.1583786 3.0236712 -1.7969546
5.9350586 3.093986 -1.7530738
5.6351562 3.1128936 -1.6862093
5.4212499 3.1677923 -1.6445737
5.3431835 3.2977159 -1.644575
5.1778126 3.5517235 -1.6445782
5.0905466 3.6756604 -1.6445799
5.0003514 3.7974615 -1.6445817
4.9072657 3.9170477 -1.6445836
4.8112888 4.0343537 -1.6445855
4.0643945 4.786027 -1.6446018
3.9476757 4.8827367 -1.6446044
3.7075 5.0675678 -1.6446099
3.5840819 5.1555853 -1.6446127
3.4586132 5.240592 -1.6446158
3.3310938 5.3225336 -1.6446116
3.0260546 5.1052203 -1.5544207
2.8639452 5.1089683 -1.534062
2.7059374 5.1126204 -1.5151002
2.5516992 5.1161852 -1.4974623
2.400918 5.119669 -1.4810848
2.2533202 5.1230779 -1.4659071
2.1086524 5.12642 -1.4518725
1.2655078 5.0528193 -1.3643169
1.1393945 5.0649967 -1.3597823
0.7720117 5.1480017 -1.3634474
0.64578122 5.1509113 -1.3596929
0.52013671 5.1538086 -1.3567473
0.39494139 5.1566935 -1.3546014
0.27011719 5.1595702 -1.3532503
0.020820312 5.1653142 -1.3529147
-0.10392578 5.168189 -1.35393
-0.48035154 5.1768546 -1.3617504
-0.73458982 5.1827054 -1.3710258
-0.9928906 5.1886497 -1.3836741
-1.1240039 5.1916647 -1.3913097
-1.3909961 5.1978064 -1.4093219
-1.6656641 5.2041202 -1.4311844
-1.8063672 5.2073526 -1.443646
-2.0957031 5.2140026 -1.4718431
-2.7133985 5.2281876 -1.5428137
-2.8777344 5.2319622 -1.5639747
-3.1582615 5.4275212 -1.6447656
-3.2883983 5.3498111 -1.6447949
-3.4165623 5.2688975 -1.6447988
-3.6668749 5.0979037 -1.6448061
-3.7888477 5.0079284 -1.6448098
-4.0261326 4.8192711 -1.6448171
-4.1412888 4.7207012 -1.6448207
-4.3642969 4.5153708 -1.6448275
-4.471992 4.4087324 -1.6448309
-4.6795702 4.1878033 -1.6448376
-4.9703321 3.8382745 -1.644847
-5.1497655 3.5939586 -1.644853
-6.058867 3.2209563 -1.797279
-6.1348634 3.0737903 -1.7972817
-6.2072654 2.9248211 -1.7972845
-6.2760739 2.7741594 -1.7972871
-6.3411717 2.6218736 -1.7972895
-6.4026365 2.4680669 -1.797292
-6.4603515 2.3128161 -1.7972943
-6.6107616 1.8393512 -1.7973006
-6.6532617 1.679256 -1.7973025
-6.6918554 1.5181866 -1.7973044
-6.7265234 1.3562341 -1.7973061
-6.7573438 1.1934844 -1.7973077
-6.8518944 0.37123045 -1.7973142
-6.8588672 0.20574859 -1.7973151
-6.8467579 -0.45642394 -1.7973181
-6.8337302 -0.62155122 -1.7973186
-6.7420115 -1.2774518 -1.7973193
-6.7092381 -1.4398 -1.7973193
-6.6725192 -1.6013129 -1.7973192
-6.6319332 -1.7618909 -1.7973188
-6.587461 -1.9214495 -1.7973183
-6.4870505 -2.2370975 -1.7973173
-6.4311719 -2.3930211 -1.7973166
-6.3715234 -2.5475428 -1.7973156
-6.3081641 -2.7005768 -1.7973148
-6.2411718 -2.8520422 -1.7973138
-6.1704884 -3.0018542 -1.7973126
-5.8523631 -3.5827172 -1.7973069
-5.6726365 -3.8609502 -1.7973036
-5.4797068 -4.1301923 -1.7972997
-5.3783789 -4.2612462 -1.7972976
-5.1664844 -4.515821 -1.7972932
-4.9425387 -4.7598696 -1.7972884
-4.7070899 -4.9928226 -1.7972834
-4.5851755 -5.1049738 -1.7972807
-4.4606442 -5.2141438 -1.7972779
-4.333457 -5.320282 -1.7972751
-4.2038083 -5.4233103 -1.7972722
-3.5202343 -5.8899407 -1.7972561
-3.2318749 -6.0529361 -1.7972493
-2.7854493 -6.2708678 -1.7972385
-2.6332617 -6.3362608 -1.7972348
-1.5302343 -6.6887503 -1.7972071
-1.2056836 -6.7547708 -1.7971988
-0.87828124 -6.8050547 -1.7971903
-0.54886717 -6.8394775 -1.7971816
-0.052578125 -6.861218 -1.7971685
0.2785742 -6.8557286 -1.7971597
0.44394529 -6.8469896 -1.7971553
0.77384764 -6.817555 -1.7971464
0.93816406 -6.796875 -1.7971418
1.1019531 -6.7722378 -1.7971374
1.2650781 -6.7436509 -1.797133
1.4275 -6.7111349 -1.7971284
1.7496485 -6.6344018 -1.7971196
1.9092773 -6.5902257 -1.797115
2.0677929 -6.5422058 -1.7971106
2.5356641 -6.3754129 -1.7970973
2.9902735 -6.1752005 -1.7970842
3.4291992 -5.9426255 -1.7970713
3.8501172 -5.6789136 -1.7970588
4.119668 -5.4864769 -1.7970507
4.2508984 -5.3854313 -1.7970468
4.3796287 -5.281249 -1.7970428
4.629375 -5.0637379 -1.797035
4.8683004 -4.8344188 -1.7970276
5.0958982 -4.5938187 -1.7970204
5.2052927 -4.4694901 -1.7970169
5.4148827 -4.2130775 -1.7970099
5.5149803 -4.0811515 -1.7970066
5.6118555 -3.9468417 -1.7970034
5.7054882 -3.8102446 -1.7970003
5.8827147 -3.5304511 -1.7969941
5.9661913 -3.3874457 -1.7969912
6.122695 -3.0955648 -1.7969856
6.1955857 -2.9468956 -1.796983
2.5756054 -1.149686 -0.73876959
2.5914843 -1.082544 -0.73561203
2.6449609 -0.81570613 -0.7249741
2.738086 -0.77256435 -0.74516761
6.7203317 -1.380422 -1.7969613
6.7517185 -1.2178259 -1.7969596
6.7791405 -1.0545081 -1.7969581
6.802578 -0.89059234 -1.7969568
6.8221092 -0.72614133 -1.7969553
6.8598633 0.10050049 -1.7969503
6.8554492 0.26604491 -1.7969496
6.8346286 0.59655547 -1.7969486
6.7735543 1.089483 -1.7969477
6.7130661 1.4150854 -1.7969477
3.2255273 0.76168483 -0.86808193
2.6425195 0.82990903 -0.72546393
2.6173241 0.9630627 -0.73047286
6.0301561 3.0879548 -1.7744724
5.7231445 3.1073651 -1.7057261
5.4539843 3.1339703 -1.6475686
5.3668747 3.2587543 -1.6445745
5.286777 3.3873472 -1.6445761
4.9356055 3.8812358 -1.6445831
4.8405271 3.9992371 -1.6445849
4.7425585 4.1149144 -1.644587
4.6418943 4.2281709 -1.6445892
4.4324608 4.4472685 -1.6445936
4.2126756 4.6559992 -1.6445985
4.099082 4.7563348 -1.644601
3.7442381 5.040452 -1.644609
3.6215234 5.1293645 -1.644612
3.369746 5.2981071 -1.6445985
3.0757811 5.1040711 -1.5608439
2.7531445 5.1115294 -1.5206736
2.4460156 5.1186261 -1.4858924
2.2975194 5.1220579 -1.4703584
2.00916 5.1287193 -1.4427223
1.7308203 5.1351457 -1.4193504
1.5661913 5.0458789 -1.3838214
1.1758202 5.0548868 -1.3593282
0.55796874 5.1529365 -1.3575505
0.43263671 5.1558251 -1.3551644
0.18302734 5.1615787 -1.3527744
0.058398437 5.1644483 -1.3527625
-0.066308595 5.1673217 -1.3535414
-0.19123046 5.1701984 -1.3551085
-0.31652343 5.1730833 -1.3574717
-0.44230467 5.1759787 -1.3606381
-0.95363277 5.187747 -1.3815469
-1.0843359 5.1907535 -1.3889147
-1.2164843 5.1937919 -1.3971788
-1.3503125 5.1968699 -1.4063674
-1.485996 5.1999903 -1.4165077
-1.6237109 5.2031555 -1.4276319
-1.7636914 5.2063732 -1.439779
-2.0513475 5.2129831 -1.4673023
-2.505918 5.223424 -1.5174208
-2.6647265 5.2270708 -1.5367242
-3.1187108 5.4503927 -1.6447766
-3.2493749 5.3735876 -1.6447936
-3.3781445 5.293613 -1.6447974
-3.5049412 5.2105479 -1.6448013
-3.629668 5.1244512 -1.644805
-3.7523046 5.0353599 -1.6448088
-3.8727734 4.9433365 -1.6448125
-3.9909375 4.8484354 -1.6448159
-4.1068163 4.7507048 -1.6448196
-4.220293 4.6502094 -1.6448231
-4.3313084 4.5470066 -1.6448267
-4.6489844 4.221735 -1.6448365
-4.8473239 3.9924884 -1.644843
-4.9422655 3.8743303 -1.6448462
-5.1234765 3.6313367 -1.6448522
-5.8471484 3.3480847 -1.7648181
-6.1123242 3.1183398 -1.797281
-6.1858397 2.969903 -1.7972838
-6.2557225 2.8197398 -1.7972864
-6.3845115 2.5145807 -1.7972913
-6.498457 2.2035608 -1.7972958
-6.5972071 1.887387 -1.7972999
-6.7165036 1.4051379 -1.7973056
-6.7765036 1.079367 -1.7973088
-6.8005466 0.91550654 -1.7973101
-6.820703 0.75109833 -1.7973115
-6.8368554 0.58624971 -1.7973127
-6.8489842 0.42107481 -1.7973138
-6.8571873 0.25563934 -1.7973149
-6.8613672 0.090056151 -1.7973158
-6.8577147 -0.24115875 -1.7973173
-6.8381052 -0.57181334 -1.7973183
-6.8223243 -0.73669612 -1.7973188
-6.8025389 -0.90113646 -1.7973192
-6.7788281 -1.0650631 -1.7973193
-6.7511129 -1.2283719 -1.7973193
-6.6012497 -1.8734705 -1.7973186
-6.5541406 -2.0322542 -1.7973181
-6.5031638 -2.1898437 -1.7973175
-6.4484177 -2.3461645 -1.7973167
-6.3899021 -2.5011253 -1.797316
-6.3276758 -2.6546099 -1.797315
-6.2617579 -2.8065658 -1.7973142
-6.1921873 -2.9568865 -1.7973129
-5.7911325 -3.6808908 -1.7973058
-5.7005663 -3.8195772 -1.797304
-5.3057814 -4.3513303 -1.7972963
-5.1991992 -4.4781189 -1.797294
-5.0896091 -4.6022882 -1.7972916
-4.9770312 -4.7237873 -1.7972893
-4.6221876 -5.0714798 -1.7972815
-4.4984374 -5.1815557 -1.7972788
-4.3720899 -5.2886143 -1.797276
-4.2431445 -5.3925915 -1.797273
-4.1117578 -5.4934168 -1.7972701
-3.9779491 -5.5910482 -1.797267
-3.4204102 -5.9484606 -1.7972538
-3.2758398 -6.0292664 -1.7972503
-2.9810545 -6.1802979 -1.7972434
-2.6792967 -6.3169394 -1.7972358
-2.5260742 -6.3797507 -1.7972322
-2.2152538 -6.4941907 -1.7972244
-2.0578516 -6.5457544 -1.7972205
-1.417207 -6.7135925 -1.7972043
-1.0916015 -6.7741289 -1.7971959
-0.92775387 -6.79849 -1.7971916
-0.76341796 -6.8188868 -1.7971873
-0.4334375 -6.847755 -1.7971786
0.22867186 -6.8575778 -1.7971611
0.55935544 -6.8385167 -1.7971522
0.72423828 -6.8230114 -1.7971478
0.8884961 -6.8035202 -1.7971432
1.215996 -6.7526822 -1.7971342
1.3786328 -6.7213511 -1.7971298
2.0201366 -6.557085 -1.797112
2.177793 -6.5063987 -1.7971075
2.3341992 -6.4519296 -1.797103
2.4892187 -6.3936925 -1.7970986
3.3858788 -5.9674206 -1.7970728
3.6698828 -5.797049 -1.7970642
4.079668 -5.5163035 -1.7970519
4.4680858 -5.2066407 -1.7970401
4.8330078 -4.8697033 -1.7970288
5.1726561 -4.5072341 -1.7970179
5.2799025 -4.3810754 -1.7970145
5.3841209 -4.2523546 -1.797011
5.5830078 -3.9875674 -1.7970043
5.6776171 -3.8516448 -1.7970011
5.9413867 -3.430753 -1.7969922
6.0224609 -3.2863533 -1.7969892
6.1740036 -2.9918792 -1.7969837
2.5706248 -1.1699628 -0.73976123
2.5868163 -1.1027572 -0.73654211
2.6019921 -1.035741 -0.73352569
2.6161327 -0.96890926 -0.73070967
2.6414843 -0.83572078 -0.72566694
2.663789 -0.77256405 -0.72645503
3.2300584 -0.85284972 -0.87502462
3.2258787 -0.76896787 -0.86861044
6.7426758 -1.2669046 -1.7969601
6.8166404 -0.77574372 -1.7969558
6.8333397 -0.61100006 -1.7969546
6.8461132 -0.44588989 -1.7969534
6.8548632 -0.28051788 -1.7969524
6.8604488 0.050602417 -1.7969507
6.8572068 0.21615875 -1.7969499
6.8499999 0.38160491 -1.7969493
6.838789 0.54682797 -1.7969487
6.7232227 1.3662194 -1.7969477
2.760371 0.7725662 -0.75078988
2.6213672 0.94296139 -0.72966826
2.6075976 1.0097271 -0.73240697
2.5928321 1.0766723 -0.7353453
2.5770507 1.1438037 -0.73848492
6.2017384 2.9337413 -1.796954
6.1274805 3.0817614 -1.796477
5.5221677 3.1199677 -1.6612843
5.2289062 3.4760132 -1.6445771
5.1434765 3.6012084 -1.6445788
4.6725583 4.1942978 -1.6445885
4.569922 4.30586 -1.6445907
4.2464452 4.6252246 -1.6445978
3.7808006 5.0130854 -1.6446083
3.6587303 5.1028857 -1.644611
3.5345116 5.1897078 -1.6446139
3.408164 5.2734146 -1.6445851
2.8006835 5.1104307 -1.5263664
2.1955273 5.1244135 -1.4601979
1.9108984 5.1309886 -1.4340904
1.772207 5.1341906 -1.4226124
1.4739844 5.0480065 -1.3773907
1.343457 5.0510192 -1.3689643
1.0887109 5.0661664 -1.3572317
0.84849608 5.1462369 -1.3661057
0.72179687 5.149158 -1.3618586
0.59580076 5.1520634 -1.3584265
0.47035155 5.1549554 -1.355799
0.34535155 5.1578369 -1.3539697
-0.028710937 5.1664557 -1.3532234
-0.53056639 5.1780109 -1.3633302
-0.65757811 5.1809344 -1.3678812
-1.1765039 5.192872 -1.394592
-1.7212695 5.2053976 -1.4360068
-1.8629491 5.2086539 -1.4488914
-2.3049805 5.2188077 -1.4943019
-2.6164453 5.2259617 -1.5307598
-3.3395507 5.3180366 -1.6447964
-3.4669335 5.2359042 -1.6448002
-3.5923047 5.1507139 -1.6448039
-3.8366992 4.9713778 -1.6448114
-3.9555664 4.8773303 -1.6448148
-4.0721679 4.7804461 -1.6448185
-4.186367 4.680788 -1.644822
-4.4073634 4.4733286 -1.6448289
-4.514082 4.3656616 -1.6448323
-4.6181054 4.2554374 -1.6448356
-5.0069141 3.7904503 -1.6448483
-5.0969334 3.6685021 -1.6448512
-5.1840038 3.5444207 -1.6448542
-5.2680469 3.4182794 -1.6448569
-5.4556251 3.3557153 -1.6776466
-6.2350192 2.8651793 -1.7972856
-6.4260154 2.4065685 -1.7972929
-6.4822459 2.2507665 -1.7972951
-6.5346484 2.093667 -1.7972974
-6.6281247 1.7758874 -1.7973013
-6.6690426 1.6153924 -1.7973033
-6.7060938 1.4539551 -1.797305
-6.7392383 1.2916839 -1.7973067
-6.7684374 1.1286443 -1.7973083
-6.8150387 0.80070221 -1.7973111
-6.8457422 0.47088072 -1.7973135
-6.8551168 0.30552277 -1.7973145
-6.8592968 -0.19125885 -1.7973171
-6.8526754 -0.35676301 -1.7973177
-6.8420701 -0.52204651 -1.7973182
-6.8274803 -0.68703884 -1.7973187
-6.7863865 -1.0157119 -1.7973193
-6.7294335 -1.3420395 -1.7973193
-6.6950974 -1.5040567 -1.7973192
-6.6568356 -1.6652163 -1.7973189
-6.5189061 -2.1424837 -1.7973176
-6.4653125 -2.2991893 -1.797317
-6.4079294 -2.4545648 -1.7973162
-6.3468161 -2.608515 -1.7973154
-6.281992 -2.7609339 -1.7973144
-6.0657616 -3.2082062 -1.7973107
-5.9865427 -3.3536768 -1.7973094
-5.8177342 -3.6386595 -1.7973063
-5.7282028 -3.7780132 -1.7973046
-5.6353903 -3.9151537 -1.7973028
-5.5392184 -4.0500307 -1.7973009
-5.4398632 -4.1825466 -1.7972989
-5.3373046 -4.312614 -1.7972969
-5.2316403 -4.440177 -1.7972946
-5.0112891 -4.6874561 -1.79729
-4.6590037 -5.037724 -1.7972823
-5.3088083 -3.3571181 -1.7972914
-5.2262301 -3.4842675 -1.7972898
-4.4604101 -4.4224243 -1.797274
-4.3523631 -4.5287871 -1.7972717
-4.0132813 -4.831799 -1.7972641
-3.8954687 -4.927249 -1.7972615
-3.5287499 -5.1961551 -1.7972531
-3.2739062 -5.3603721 -1.7972469
-3.0113671 -5.5121021 -1.7972407
-2.7418358 -5.6509824 -1.7972343
-2.4659374 -5.7766929 -1.7972276
-2.0415235 -5.9399328 -1.797217
-1.8975586 -5.9874687 -1.7972134
-1.7524804 -6.0315099 -1.7972097
-1.6064258 -6.072042 -1.797206
-1.459375 -6.1090307 -1.7972025
-1.1628711 -6.1723142 -1.7971948
-0.86365235 -6.2212152 -1.797187
-0.71326172 -6.2402368 -1.7971832
-0.56242186 -6.2556186 -1.7971792
-0.25990233 -6.2754478 -1.7971712
0.043261718 -6.2806516 -1.7971632
0.64851558 -6.2471738 -1.7971469
0.79912108 -6.2296906 -1.7971427
1.0987891 -6.1838384 -1.7971346
1.3959374 -6.1235838 -1.7971264
1.5433594 -6.0880952 -1.7971224
1.6898242 -6.0490613 -1.7971182
1.8353125 -6.0065007 -1.797114
1.9797266 -5.9604416 -1.7971101
2.2650781 -5.8579345 -1.797102
2.8191991 -5.6122499 -1.797086
2.9538281 -5.5425558 -1.7970821
3.3471093 -5.3142862 -1.7970704
3.5996485 -5.1465549 -1.797063
3.9625194 -4.872602 -1.7970519
4.0789647 -4.7755346 -1.7970483
4.1929884 -4.6756873 -1.7970448
4.3046288 -4.5731144 -1.7970413
4.4137497 -4.4678779 -1.797038
4.5202928 -4.3600435 -1.7970346
4.6241989 -4.2496638 -1.7970312
4.7254491 -4.1368089 -1.7970281
4.8238864 -4.0215449 -1.7970248
4.9195118 -3.9039361 -1.7970216
5.2729492 -3.4114809 -1.7970098
5.5058985 -3.0210283 -1.7970017
5.5772462 -2.887254 -1.7969992
6.1694727 -1.1739872 -1.796975
6.1959958 -1.0247412 -1.7969736
6.238203 -0.7245425 -1.796971
6.2658982 -0.42265809 -1.7969688
6.2712107 0.33481413 -1.7969649
6.2613087 0.48607513 -1.7969644
6.1852732 1.0874127 -1.7969635
3.2575195 0.73633724 -0.95561004
3.2575195 0.81945217 -0.96113342
2.7851954 0.7725659 -0.82703221
5.5475974 2.9435332 -1.7969714
5.2363281 3.1110888 -1.7427875
4.9856639 3.1274266 -1.6840193
4.6352344 3.3984747 -1.6445935
4.5518556 3.5093651 -1.644595
4.4658203 3.618206 -1.6445968
4.0962696 4.0318904 -1.6446046
3.8969336 4.2248793 -1.644609
3.4715428 4.5808973 -1.6446186
3.3599608 4.6633568 -1.6446211
3.2464452 4.7430949 -1.6446239
2.8947656 4.9655738 -1.6446321
2.6517968 5.0994983 -1.6446378
1.7853515 5.1338034 -1.5552478
1.6189648 5.0445795 -1.5159335
0.98833984 5.1429319 -1.4984891
0.86066407 5.1458764 -1.4928576
0.73388672 5.1488013 -1.4881331
0.48236328 5.1546001 -1.4813448
-0.016757812 5.1661024 -1.478199
-0.14156249 5.1689744 -1.4795685
-0.26669922 5.1718559 -1.4818041
-0.39228514 5.1747484 -1.4849129
-0.64535153 5.180573 -1.4937898
-0.90210938 5.186481 -1.5063044
-1.2969335 5.1955614 -1.5322386
-1.4318359 5.1986618 -1.5428976
-1.5687305 5.2018089 -1.554619
-2.0534766 5.3688688 -1.6447619
-2.3101757 5.263535 -1.6447692
-2.4365625 5.2062602 -1.6447729
-2.9271288 4.9471579 -1.6447873
-3.1624608 4.8001575 -1.6447941
-3.2774217 4.7224417 -1.6447977
-3.390449 4.6419744 -1.644801
-3.6105077 4.4729638 -1.6448077
-4.3113475 3.8021574 -1.6448296
-4.4018359 3.6969934 -1.6448326
-4.4898243 3.5896802 -1.6448355
-4.5751758 3.4802771 -1.6448382
-5.87707 2.2165062 -1.7972791
-5.9288669 2.0740173 -1.7972813
-6.0634375 1.6396252 -1.797287
-6.135488 1.345111 -1.7972903
-6.1661911 1.1966369 -1.7972919
-6.1932616 1.0474591 -1.7972933
-6.2167773 0.89767575 -1.7972947
-6.2366014 0.74736631 -1.7972959
-6.2654099 0.44553009 -1.7972982
-6.2796288 0.14265655 -1.7973001
-6.2812304 -0.0089529417 -1.7973008
-6.2734962 -0.31205687 -1.797302
-6.2641406 -0.46338195 -1.7973027
-6.2344728 -0.76513761 -1.7973033
-6.2141991 -0.91538936 -1.7973036
-6.1902928 -1.0651122 -1.7973036
-6.1316404 -1.3626001 -1.7973036
-6.0970311 -1.5101925 -1.7973033
-5.87082 -2.2332735 -1.7973008
-5.3330665 -3.3184085 -1.7972919
-5.2514062 -3.4461572 -1.7972903
-4.9883399 -3.8170629 -1.7972851
-4.8947458 -3.9363449 -1.7972832
-4.5971289 -4.280158 -1.797277
-4.4924607 -4.3898606 -1.7972747
-4.3851953 -4.4970088 -1.7972724
-4.2753711 -4.6015301 -1.7972701
-4.1630273 -4.7033744 -1.7972674
-4.0483203 -4.802475 -1.7972649
-3.9312108 -4.8987837 -1.7972622
-3.6901953 -5.0827689 -1.7972567
-3.4406054 -5.2549157 -1.797251
-3.3127735 -5.3364167 -1.7972479
-2.7829101 -5.6308856 -1.7972353
-2.5079491 -5.758604 -1.7972285
-2.2270899 -5.8728971 -1.7972217
-2.0846875 -5.9249287 -1.7972181
-1.7963085 -6.0186052 -1.7972109
-1.5038086 -6.098258 -1.7972035
-1.3561718 -6.1327643 -1.7971997
-1.2077734 -6.1636963 -1.797196
-1.0586523 -6.1910343 -1.7971921
-0.75859374 -6.2348862 -1.7971842
-0.6079492 -6.2513666 -1.7971804
-0.45683593 -6.264204 -1.7971765
-0.0024414062 -6.2808051 -1.7971644
0.30064452 -6.2735782 -1.7971563
0.4520117 -6.2644782 -1.7971522
0.60304683 -6.2517333 -1.7971481
1.3513281 -6.1335807 -1.7971276
1.6457422 -6.0611963 -1.7971194
1.791582 -6.0196972 -1.7971153
2.0799608 -5.9262033 -1.7971072
2.2224023 -5.8742638 -1.7971033
2.5032616 -5.7601504 -1.7970952
3.1785157 -5.4167991 -1.7970755
3.5620701 -5.1726108 -1.7970641
3.807539 -4.9946656 -1.7970567
3.9269726 -4.9013038 -1.797053
4.0441012 -4.8050866 -1.7970494
4.158906 -4.7060747 -1.7970458
4.2712693 -4.6043143 -1.7970424
4.4884567 -4.3928175 -1.7970355
4.5931835 -4.2831926 -1.7970322
4.6952147 -4.1710768 -1.7970289
4.7945118 -4.0565338 -1.7970257
4.8910155 -3.9396322 -1.7970227
5.0753708 -3.6990001 -1.7970166
5.1631837 -3.5754201 -1.7970135
5.4083204 -3.1924748 -1.7970052
5.5560937 -2.9277565 -1.7969999
2.8163085 -0.77256376 -0.83561718
3.257539 -0.8095901 -0.96044874
6.1883593 -1.0697894 -1.7969739
6.2123828 -0.92011714 -1.7969726
6.2327733 -0.76990169 -1.7969712
6.2495704 -0.61925048 -1.7969701
6.2721677 -0.31694549 -1.796968
6.2779684 -0.16546355 -1.7969671
6.264668 0.44051483 -1.7969645
6.2522068 0.59158784 -1.796964
6.2361326 0.74231899 -1.7969638
6.2163868 0.89261413 -1.7969636
6.193027 1.0423895 -1.7969635
6.1355076 1.3400347 -1.7969636
3.2575195 0.79430115 -0.95940328
5.5688868 2.903095 -1.796971
4.8315234 3.1454656 -1.6496243
4.6598434 3.3646605 -1.6445929
4.4042382 3.693001 -1.644598
4.3138084 3.7982261 -1.6446
4.0277147 4.1003895 -1.6446061
3.927578 4.1964145 -1.6446083
3.8251367 4.2899919 -1.6446105
3.7205076 4.381074 -1.644613
3.6136913 4.4695978 -1.6446153
3.5047851 4.5555162 -1.6446179
3.3937891 4.6387873 -1.6446203
3.2808592 4.7193561 -1.6446229
3.1659961 4.7971711 -1.6446257
3.0492773 4.8721986 -1.6446284
2.9308007 4.9443822 -1.6446311
2.8106248 5.0136876 -1.644634
2.6888084 5.0800719 -1.644637
2.3141992 5.2613201 -1.6446462
2.0576367 5.3668914 -1.6446524
1.5262696 5.04672 -1.5086284
0.39494139 5.1566148 -1.4797986
0.020820312 5.1652355 -1.4779557
-0.354375 5.1738758 -1.4838842
-0.48035154 5.1767759 -1.487608
-0.60701168 5.1796904 -1.4922227
-0.86312497 5.1855841 -1.5041795
-0.99287105 5.1885681 -1.5115587
-1.1239648 5.1915836 -1.519899
-1.2566406 5.1946335 -1.5292282
-1.5272461 5.2008557 -1.5509728
-1.665625 5.2040358 -1.563458
-2.0143554 5.3836608 -1.6447607
-2.1437109 5.3334851 -1.6447644
-2.2717969 5.2802057 -1.644768
-2.5239844 5.1644402 -1.6447754
-2.770293 5.0366349 -1.6447825
-3.0101366 4.8971043 -1.6447897
-3.2429492 4.7461557 -1.6447966
-3.3565624 4.666513 -1.6448001
-3.5778906 4.4991131 -1.6448067
-3.7908397 4.3212276 -1.6448132
-3.9949608 4.1332669 -1.6448196
-4.0935936 4.0356531 -1.6448226
-4.3748631 3.7289171 -1.6448317
-4.4635544 3.6222491 -1.6448345
-4.5497265 3.5134692 -1.6448375
-4.6331835 3.4026415 -1.6448402
-5.8608203 2.2592096 -1.7972785
-5.963027 1.9737487 -1.7972827
-6.0513282 1.6836975 -1.7972865
-6.1255469 1.3897113 -1.7972898
-6.1854882 1.0924823 -1.7972929
-6.2100778 0.94287777 -1.7972943
-6.2309961 0.79271758 -1.7972957
-6.2720313 0.33981383 -1.7972989
-6.2811131 0.036747437 -1.7973007
-6.2801952 -0.11486816 -1.7973013
-6.239902 -0.71976531 -1.7973033
-6.2207031 -0.87015778 -1.7973034
-6.1414256 -1.317955 -1.7973036
-6.0706835 -1.6127899 -1.7973031
-6.0299802 -1.7588444 -1.7973028
-5.8869138 -2.1905077 -1.7973009
-5.832324 -2.331954 -1.7973002
-5.35707 -3.279525 -1.7972922
-5.2763672 -3.4078667 -1.7972908
-5.1057811 -3.658515 -1.7972875
-5.0159764 -3.7806745 -1.7972857
-4.8276758 -4.0183234 -1.7972817
-4.6281247 -4.2466035 -1.7972777
-4.5242577 -4.3570652 -1.7972753
-4.3087111 -4.5703082 -1.7972708
-4.1971483 -4.672966 -1.7972682
-3.8480272 -4.9643693 -1.7972604
-3.7271092 -5.0557885 -1.7972577
-3.4787891 -5.2297459 -1.7972518
-3.3515234 -5.3121805 -1.7972488
-3.0912499 -5.4677057 -1.7972426
-2.9583788 -5.5407176 -1.7972395
-2.8237889 -5.610498 -1.7972363
-2.6875391 -5.6770091 -1.797233
-2.5497265 -5.7402081 -1.7972295
-1.8400781 -6.0053802 -1.797212
-1.5481249 -6.0871563 -1.7972047
-1.2525586 -6.1547513 -1.7971971
-0.50242186 -6.2607183 -1.7971777
-0.19972655 -6.2776456 -1.7971696
-0.048124999 -6.2806225 -1.7971656
0.10347656 -6.2799439 -1.7971616
0.255 -6.2756004 -1.7971575
0.40642577 -6.2676063 -1.7971535
0.85880858 -6.2217331 -1.7971412
1.3066992 -6.1432548 -1.7971289
1.4546094 -6.1099133 -1.7971247
1.7477343 -6.0325751 -1.7971166
2.3210938 -5.8359485 -1.7971003
2.600039 -5.7171087 -1.7970924
2.737246 -5.6526823 -1.7970884
2.8728709 -5.5849566 -1.7970845
3.8912303 -4.9297504 -1.7970541
4.1245704 -4.7362084 -1.7970469
4.2376561 -4.6352725 -1.7970434
4.456367 -4.4253588 -1.7970365
4.561914 -4.3165011 -1.7970332
4.6647263 -4.2051239 -1.79703
5.1370311 -3.6128874 -1.7970145
5.2227345 -3.4878509 -1.7970115
5.3054099 -3.3607705 -1.7970088
5.4614062 -3.100827 -1.7970033
5.5346289 -2.9680986 -1.7970006
5.6046481 -2.8336444 -1.7969981
2.7380664 -0.77256435 -0.81405151
3.014668 -0.77256501 -0.89047706
6.180449 -1.1147866 -1.7969744
6.2055469 -0.965285 -1.7969729
6.2270508 -0.81523865 -1.7969717
6.2696872 -0.36257231 -1.7969683
6.2765622 -0.21113861 -1.7969674
6.2794724 0.091995545 -1.796966
6.2563477 0.54608303 -1.7969642
6.200449 0.99730223 -1.7969635
6.1745505 1.1466699 -1.7969635
3.2575195 0.76923549 -0.95772946
2.9512498 0.7725656 -0.87290883
2.6849608 0.7725662 -0.79943806
5.5191212 2.9965856 -1.7969718
5.3958983 3.1005969 -1.780702
4.8907614 3.133568 -1.6620021
4.6024609 3.4427569 -1.6445941
4.2491603 3.8704228 -1.6446013
4.1545115 3.9718621 -1.6446034
3.752285 4.353888 -1.6446122
3.6460936 4.4431858 -1.6446147
3.4274414 4.6139684 -1.6446196
3.2008007 4.7740107 -1.6446249
3.0846288 4.8498802 -1.6446275
2.9667187 4.9229259 -1.6446304
2.8470116 4.9931054 -1.6446332
2.725703 5.0603724 -1.644636
2.6027734 5.1246934 -1.6446391
2.4783008 5.1860309 -1.644642
2.2251368 5.2995024 -1.6446166
1.8688476 5.131876 -1.5627372
1.7307812 5.1350646 -1.5505303
1.4344531 5.0488391 -1.5018156
1.3043945 5.0518408 -1.4929051
1.1758008 5.0548086 -1.4849625
0.9375 5.1441045 -1.496142
0.81021482 5.1470408 -1.4908727
0.68373048 5.1499577 -1.4865032
0.43263671 5.1557465 -1.4804138
0.30771485 5.1586256 -1.4786764
0.058398437 5.1643696 -1.4777902
-0.066308595 5.1672416 -1.4786395
-0.19123046 5.1701193 -1.4803526
-0.31650391 5.1730042 -1.4829347
-0.44230467 5.1759 -1.4863932
-0.56873047 5.1788101 -1.4907371
-1.0843164 5.1906724 -1.5172819
-1.2164648 5.1937108 -1.5263097
-1.8442773 5.4442472 -1.6447537
-1.9751366 5.3981767 -1.6447597
-2.1048241 5.3489385 -1.6447634
-2.2333398 5.2965884 -1.6447669
-2.3605077 5.2411523 -1.6447706
-2.610703 5.1211481 -1.6447779
-2.7335742 5.0566621 -1.6447815
-2.8548045 4.9892163 -1.6447852
-2.9743946 4.9188695 -1.6447886
-3.2083201 4.7696204 -1.6447955
-3.3225 4.6908088 -1.644799
-3.4347851 4.6092625 -1.6448023
-3.5450389 4.5250196 -1.6448057
-3.6532226 4.4381514 -1.6448091
-3.8631639 4.2566953 -1.6448154
-3.9647851 4.1622281 -1.6448187
-4.0640821 4.0653234 -1.6448218
-4.1610351 3.9660547 -1.6448247
-4.3475976 3.7606475 -1.6448309
-4.4370704 3.6546295 -1.6448338
-4.524004 3.5464733 -1.6448365
-4.6083202 3.4362516 -1.6448394
-4.7221875 3.3469305 -1.6561701
-5.2195506 3.3330963 -1.7720459
-5.3738475 3.2517729 -1.7972608
-6.0389452 1.7276654 -1.7972859
-6.078867 1.5814184 -1.7972877
-6.1481247 1.2862287 -1.7972909
-6.2030468 0.98802489 -1.7972938
-6.2434959 0.6875366 -1.7972964
-6.2583008 0.53663784 -1.7972976
-6.2768946 0.23400787 -1.7972996
-6.2594137 -0.52342409 -1.7973028
-6.1508789 -1.2732382 -1.7973036
-6.0822067 -1.5685906 -1.7973033
-6.0426168 -1.7149264 -1.7973028
-5.9994335 -1.8602736 -1.7973024
-5.8491406 -2.2894638 -1.7973006
-5.3808007 -3.2404602 -1.7972927
-5.3009958 -3.3693929 -1.7972913
-4.8567576 -3.9830978 -1.7972823
-4.7592187 -4.0991573 -1.7972804
-4.6589255 -4.2128177 -1.7972783
-4.3418751 -4.5388408 -1.7972714
-4.2310548 -4.6423111 -1.797269
-4.1177344 -4.7430701 -1.7972665
-3.7637889 -5.0285439 -1.7972584
-3.1309764 -5.4450774 -1.7972436
-2.8645313 -5.5898089 -1.7972372
-2.7287695 -5.6573076 -1.7972341
-2.5914257 -5.7215109 -1.7972306
-2.3123047 -5.8398819 -1.7972238
-2.1706836 -5.8939753 -1.7972202
-1.8837109 -5.9918385 -1.7972131
-1.7385156 -6.0355477 -1.7972094
-1.1486132 -6.1749845 -1.7971945
-0.9992187 -6.2008972 -1.7971905
-0.6988281 -6.2418675 -1.7971827
-0.54796875 -6.2569032 -1.7971787
-0.39679685 -6.2682915 -1.7971748
0.057753906 -6.2805309 -1.7971628
0.20933594 -6.2772937 -1.7971587
0.66296875 -6.245656 -1.7971466
0.8135156 -6.2278223 -1.7971425
0.96359372 -6.2063642 -1.7971383
1.4100976 -6.1203399 -1.7971259
1.5573828 -6.0845075 -1.7971219
1.8491796 -6.0022397 -1.7971138
2.4191992 -5.7959666 -1.7970976
2.6960547 -5.6724472 -1.7970895
3.2302732 -5.3860769 -1.797074
3.4864452 -5.2238922 -1.7970663
3.6114843 -5.1382174 -1.7970625
3.973789 -4.8634253 -1.7970515
4.3151951 -4.5631461 -1.7970409
4.5303907 -4.3495789 -1.7970343
4.6340232 -4.2389569 -1.7970309
4.7349806 -4.1258659 -1.7970277
4.9285545 -3.89255 -1.7970214
5.2808204 -3.3992755 -1.7970096
2.6637695 -0.77256435 -0.79360878
2.9259961 -0.77256471 -0.86592472
3.2575195 -0.77650815 -0.95820951
6.1423435 -1.3083469 -1.7969764
6.198359 -1.0104108 -1.7969733
6.2209373 -0.86051083 -1.796972
6.2552147 -0.55930418 -1.7969698
6.2668748 -0.40816161 -1.7969687
6.2749023 -0.25678405 -1.7969677
6.2799802 0.046320189 -1.7969661
6.2770505 0.19786926 -1.7969655
6.2462692 0.65149963 -1.7969639
6.2286911 0.80207211 -1.7969638
3.2575195 0.74426389 -0.95611274
3.0413866 0.7725659 -0.89788771
2.760371 0.7725659 -0.82019293
5.6105466 2.8217633 -1.7969704
5.5407615 2.9563615 -1.7969714
5.4678125 3.0892267 -1.7969728
5.2116013 3.1127086 -1.7369372
4.9626365 3.1289239 -1.6786435
4.7083201 3.2965088 -1.6445919
4.6273437 3.4091809 -1.6445936
4.3685937 3.7350562 -1.6445988
4.2771678 3.8394122 -1.6446007
4.1832614 3.9415381 -1.6446028
4.0869336 4.0413532 -1.6446048
3.783828 4.3264723 -1.6446115
3.3491211 4.6711211 -1.6446214
3.0024023 4.9012136 -1.6446295
2.8832617 4.9722595 -1.6446323
2.6399803 5.1056166 -1.6446382
2.5159569 5.1678619 -1.644641
2.3905272 5.227088 -1.6446441
2.2636719 5.2832685 -1.6446474
2.1354687 5.3363318 -1.6446371
1.9108593 5.1309052 -1.5666325
1.6061914 5.0448742 -1.5149025
1.4739648 5.0479269 -1.5046954
1.3434374 5.0509391 -1.4954885
0.97603512 5.1432157 -1.4979098
0.84847653 5.1461592 -1.4923658
0.47035155 5.1548767 -1.4811082
0.34533203 5.1577573 -1.4791094
0.22058593 5.1606321 -1.4779745
0.095976561 5.1635046 -1.4777032
-0.4043164 5.1750255 -1.485257
-0.53056639 5.1779318 -1.4893335
-1.0447656 5.1897616 -1.5147542
-1.4448632 5.1989613 -1.5439744
-1.9358008 5.4123931 -1.6447586
-2.3223243 5.2581778 -1.6447695
-2.4485936 5.2006054 -1.6447732
-2.6966991 5.0764036 -1.6447804
-2.8184569 5.0098553 -1.6447841
-3.056953 4.8680234 -1.6447911
-3.1735351 4.7928362 -1.6447946
-3.2883008 4.7148504 -1.6447979
-3.4011717 4.6341166 -1.6448013
-3.6208398 4.4646015 -1.6448081
-3.7275391 4.3759136 -1.6448114
-3.9344139 4.1909537 -1.6448178
-4.0344138 4.0947852 -1.6448208
-4.1320505 3.9962182 -1.6448239
-4.320117 3.7921758 -1.64483
-4.6656251 3.3580589 -1.6448413
-5.8821874 2.2029114 -1.7972794
-5.933672 2.0602953 -1.7972815
-6.1689258 1.1823754 -1.797292
-6.2383399 0.73294157 -1.797296
-6.2664061 0.43103179 -1.7972982
-6.2750192 0.27966949 -1.7972993
-6.278789 -0.17507233 -1.7973017
-6.2727537 -0.32657227 -1.7973022
-6.2630663 -0.4778662 -1.7973027
-6.2326951 -0.77955991 -1.7973033
-6.1599607 -1.2284652 -1.7973036
-6.0128512 -1.8165727 -1.7973025
-5.9672461 -1.9611732 -1.797302
-5.9181638 -2.1046157 -1.7973014
-5.865664 -2.2468455 -1.7973008
-5.0704684 -3.7072933 -1.7972867
-4.8856249 -3.9476547 -1.7972829
-4.3747654 -4.5071325 -1.7972722
-4.2647462 -4.6114039 -1.7972697
-4.9628515 -2.9731429 -1.7972802
-4.8896289 -3.0920577 -1.7972789
-4.568789 -3.5490191 -1.7972726
-4.4817772 -3.6582546 -1.7972708
-4.1082029 -4.0732551 -1.797263
-4.0087109 -4.1712222 -1.7972608
-3.8027344 -4.3598032 -1.7972561
-3.6963866 -4.4503098 -1.7972538
-3.5878906 -4.5382223 -1.7972513
-3.2501366 -4.785903 -1.7972436
-3.1336718 -4.8629441 -1.7972409
-2.5253906 -5.2048154 -1.7972264
-2.3990233 -5.2642493 -1.7972233
-1.3441406 -5.626709 -1.7971969
-0.37882811 -5.7725501 -1.797172
-0.23935546 -5.7799993 -1.7971683
-0.099765621 -5.7840791 -1.7971646
0.31894532 -5.7761078 -1.7971535
0.59734374 -5.7539649 -1.7971458
0.87429684 -5.7184129 -1.7971383
1.0120507 -5.6956353 -1.7971345
1.5564063 -5.5714989 -1.7971194
1.6904297 -5.5322971 -1.7971156
1.8234375 -5.4898801 -1.797112
1.9553906 -5.4442577 -1.7971082
2.4711328 -5.2303543 -1.7970933
2.5966406 -5.1691794 -1.7970898
2.8430665 -5.0378294 -1.7970824
2.9638085 -4.9677324 -1.797079
3.0828319 -4.8947439 -1.7970755
3.3154688 -4.7402587 -1.7970685
3.5403318 -4.5747242 -1.7970617
3.756953 -4.3985295 -1.797055
3.8620117 -4.3065662 -1.7970518
3.9648438 -4.2120924 -1.7970486
4.0653124 -4.1151614 -1.7970454
4.1634374 -4.0158415 -1.7970424
4.2591796 -3.9141772 -1.7970393
4.5311718 -3.595746 -1.7970304
4.7794333 -3.2584772 -1.7970222
4.8566599 -3.1421666 -1.7970196
5.0026364 -2.9041307 -1.7970146
5.07125 -2.7825377 -1.7970121
5.1369138 -2.6593218 -1.7970097
5.7457614 -0.66734403 -1.7969837
5.7601953 -0.5284729 -1.7969826
5.7789645 -0.24988556 -1.7969809
5.7833395 -0.11033478 -1.7969801
5.7761521 0.30838624 -1.7969781
5.7545505 0.58676511 -1.7969774
5.7386913 0.72548705 -1.7969772
5.7195311 0.8637802 -1.7969769
3.2575195 0.73633605 -1.0375205
4.9729099 2.9545867 -1.7969867
4.2978711 3.1511114 -1.6555973
4.1925974 3.2323248 -1.644606
4.1133008 3.3325751 -1.6446077
4.0316992 3.4308848 -1.6446093
3.3973436 4.0600371 -1.644623
3.1974609 4.2192655 -1.6446277
3.094707 4.2952118 -1.6446301
2.9901366 4.3686609 -1.6446323
2.6662109 4.5735722 -1.64464
2.5550585 4.6365991 -1.6446427
2.2129297 4.8093295 -1.6446509
1.6178125 5.0408216 -1.6446656
1.495664 5.0784068 -1.6446687
1.2488672 5.1446829 -1.6446749
0.62041014 5.2576704 -1.6446911
0.23835938 5.288806 -1.6447012
-0.017128905 5.2941685 -1.644708
-0.14492187 5.2922263 -1.6447114
-0.27261719 5.2871909 -1.6447148
-0.40011719 5.2790842 -1.6447183
-0.52742189 5.2678976 -1.6447216
-0.65443361 5.2536449 -1.6447252
-0.78105468 5.2363291 -1.6447287
-1.0328125 5.1925597 -1.6447356
-1.157832 5.1661248 -1.644739
-1.5285937 5.0688467 -1.6447494
-1.6505078 5.0304847 -1.6447527
-1.8913281 4.9449968 -1.6447597
-2.0101366 4.8979154 -1.644763
-2.1277733 4.8479791 -1.6447663
-2.4729881 4.681355 -1.6447765
-2.585254 4.6203089 -1.6447797
-2.6960156 4.5565739 -1.644783
-2.8052149 4.4901886 -1.6447862
-2.9127929 4.4211764 -1.6447893
-3.1227343 4.2754841 -1.6447957
-3.225039 4.198875 -1.6447989
-3.6147852 3.8684399 -1.6448108
-3.7071679 3.7800732 -1.6448137
-3.7973046 3.6895044 -1.6448165
-3.970957 3.5019658 -1.644822
-4.0543165 3.4051037 -1.6448247
-4.1687107 3.332948 -1.6581012
-4.7680469 3.2762499 -1.7972444
-5.4130859 2.0415039 -1.7972677
-5.6793551 1.102157 -1.7972794
-5.7042575 0.96475464 -1.7972807
-5.7259178 0.82680202 -1.7972819
-5.7853122 -0.0082455445 -1.7972877
-5.7834373 -0.14787444 -1.7972883
-5.7695508 -0.42679504 -1.7972893
-5.7422462 -0.70472533 -1.7972898
-5.7235742 -0.84311366 -1.7972902
-5.7015429 -0.98101652 -1.7972902
-5.6761913 -1.1183401 -1.7972902
-5.6475587 -1.2550147 -1.7972902
-5.6156054 -1.3909574 -1.7972898
-5.5803905 -1.5260912 -1.7972897
-4.984375 -2.9369614 -1.7972807
-4.8368163 -3.1740651 -1.7972779
-4.5944529 -3.5156865 -1.797273
-4.5082812 -3.6255515 -1.7972714
-4.4194727 -3.7333102 -1.7972696
-4.0389452 -4.1419525 -1.7972615
-3.8343749 -4.3320222 -1.7972569
-3.5108788 -4.5980735 -1.7972496
-3.3988867 -4.6814647 -1.7972469
-3.1689844 -4.8400183 -1.7972417
-3.0512304 -4.9150891 -1.7972388
-2.4372461 -5.2466588 -1.7972243
-2.3099217 -5.3039451 -1.7972211
-2.05125 -5.4092174 -1.7972147
-1.9201171 -5.4571414 -1.7972114
-1.6545117 -5.5434251 -1.7972049
-1.3850781 -5.6167898 -1.7971979
-1.1123828 -5.677063 -1.797191
-0.83712888 -5.7241101 -1.797184
-0.55990231 -5.7578168 -1.7971766
-0.4207617 -5.7696424 -1.7971731
-0.28140625 -5.7781043 -1.7971693
-0.0022460937 -5.7849336 -1.7971619
0.4163281 -5.7699018 -1.7971507
0.5554297 -5.7581615 -1.797147
0.69427735 -5.7430668 -1.7971432
0.83269531 -5.7246275 -1.7971394
1.783457 -5.5030003 -1.7971129
1.9157617 -5.4583426 -1.7971094
2.046953 -5.4105072 -1.7971056
2.6834373 -5.1246514 -1.7970872
2.927578 -4.9891667 -1.79708
3.1649218 -4.8420568 -1.797073
3.2808788 -4.7642517 -1.7970695
3.830586 -4.3345518 -1.7970527
3.934082 -4.2408247 -1.7970495
4.1341209 -4.0460286 -1.7970433
4.2305861 -3.9450607 -1.7970402
4.5049024 -3.6286206 -1.7970314
4.5911326 -3.5188234 -1.7970284
4.7556052 -3.293164 -1.7970229
4.8336716 -3.177422 -1.7970204
4.9813671 -2.940448 -1.7970153
5.050879 -2.8193581 -1.7970129
5.1174412 -2.6966295 -1.7970104
2.816328 -0.77256435 -0.90724319
5.6744332 -1.1226214 -1.7969879
5.7219529 -0.84748107 -1.7969853
5.7407422 -0.70912629 -1.7969841
5.7562304 -0.57036591 -1.796983
5.768281 -0.43127105 -1.796982
5.7769918 -0.29192504 -1.7969812
5.7830272 0.12681183 -1.7969788
5.7782421 0.2663568 -1.7969782
5.7586327 0.54488522 -1.7969775
5.7041211 0.96010071 -1.7969769
5.679297 1.0974927 -1.7969769
5.6511326 1.2342498 -1.796977
3.2575195 0.79430115 -1.0416386
2.6132812 0.7725665 -0.84657884
4.9223633 3.0380206 -1.7969875
4.5631251 3.1301262 -1.7190595
4.1374216 3.3025653 -1.6446071
3.9732616 3.4983819 -1.6446105
3.7998047 3.6860571 -1.6446142
3.7097654 3.7766943 -1.6446162
3.6175389 3.865133 -1.6446182
3.4267969 4.0352159 -1.6446224
3.3284373 4.1167521 -1.6446246
3.1258397 4.2725863 -1.6446294
3.0218358 4.3467941 -1.6446317
2.6994336 4.5540528 -1.6446393
2.4765429 4.6790276 -1.6446446
2.3628905 4.7374449 -1.6446474
2.1315038 4.8459654 -1.644653
2.0139258 4.8960075 -1.6446558
1.8951952 4.9432011 -1.6446588
1.775332 4.9875116 -1.6446618
1.654453 5.0289145 -1.6446648
1.5326172 5.0673923 -1.6446677
1.2862695 5.1354628 -1.6446741
0.91134763 5.2150941 -1.6446836
0.78521484 5.235579 -1.6446868
0.53164059 5.2673917 -1.6446936
0.27685547 5.286931 -1.6447002
0.14916015 5.2920828 -1.6447035
-0.86923826 5.2224197 -1.644731
-1.1202539 5.1744123 -1.644738
-1.7350976 5.0019455 -1.6447552
-1.9744726 4.912406 -1.6447619
-2.0924413 4.8633313 -1.6447654
-2.2092187 4.8114195 -1.6447688
-2.4388671 4.6992178 -1.6447754
-2.5515625 4.6389904 -1.6447787
-2.6627734 4.5760627 -1.6447819
-2.8805468 4.4422526 -1.6447885
-2.9868944 4.371439 -1.6447915
-3.1944139 4.2222223 -1.6447979
-3.2953906 4.1439033 -1.644801
-3.3944726 4.0631585 -1.644804
-3.4915233 3.9800584 -1.644807
-3.5865819 3.8946326 -1.6448098
-3.6795506 3.8069365 -1.6448129
-3.770371 3.7170281 -1.6448157
-3.8589842 3.6249516 -1.6448185
-4.1184959 3.3422034 -1.6477554
-4.744082 3.3108447 -1.7972436
-4.8226366 3.1953857 -1.7972462
-5.3980665 2.0808337 -1.7972671
-5.534492 1.6848297 -1.7972726
-5.5735741 1.5507605 -1.7972742
-5.6711521 1.143443 -1.797279
-5.6971092 1.0062268 -1.7972802
-5.7197461 0.86843228 -1.7972816
-5.7390623 0.73012847 -1.7972828
-5.7549996 0.59139889 -1.7972839
-5.7768164 0.31298491 -1.7972859
-5.7826953 0.17346588 -1.7972866
-5.7843161 -0.10580017 -1.7972881
-5.7725 -0.384812 -1.7972891
-5.7472067 -0.66293579 -1.7972898
-5.7295313 -0.80145442 -1.79729
-5.6841602 -1.0770187 -1.7972902
-5.6256051 -1.3500646 -1.79729
-5.5913672 -1.4854513 -1.7972897
-5.553906 -1.6199725 -1.7972894
-5.4221091 -2.0175562 -1.7972878
-4.8597655 -3.1387975 -1.7972784
-4.7825975 -3.2551727 -1.7972769
-4.6199412 -3.4821715 -1.7972736
-4.4464841 -3.7010596 -1.7972702
-4.3558788 -3.8072982 -1.7972682
-4.2627344 -3.9113126 -1.7972662
-3.8657811 -4.3040137 -1.7972577
-3.6535742 -4.4855442 -1.7972528
-3.5442188 -4.5724125 -1.7972503
-3.2041016 -4.8168368 -1.7972425
-2.8472071 -5.0360112 -1.7972341
-2.4753711 -5.2287912 -1.7972251
-2.2201562 -5.342135 -1.7972189
-1.9597266 -5.4430327 -1.7972125
-1.4258984 -5.606566 -1.797199
-1.2901562 -5.639338 -1.7971956
-1.0165234 -5.6950073 -1.7971885
-0.74048829 -5.7374048 -1.7971814
-0.044296876 -5.7847643 -1.797163
0.095312499 -5.7841387 -1.7971594
0.2348828 -5.7801461 -1.7971556
1.2035546 -5.6582532 -1.7971292
1.3397461 -5.6275449 -1.7971255
1.875996 -5.4721375 -1.7971104
2.1378906 -5.3752146 -1.7971029
2.2670116 -5.3220358 -1.7970992
2.3947461 -5.2657599 -1.7970957
2.5211718 -5.2064185 -1.797092
2.769453 -5.0786681 -1.7970848
2.8912303 -5.0103364 -1.7970811
3.0113084 -4.9390869 -1.7970777
3.4733789 -4.6257606 -1.7970637
3.5840039 -4.5405655 -1.7970604
4.0050387 -4.1738791 -1.7970474
4.1045899 -4.0759988 -1.7970442
4.2964845 -3.8731515 -1.7970381
4.388711 -3.7683275 -1.7970352
4.6498437 -3.4409113 -1.7970266
4.8104491 -3.2125096 -1.7970212
5.0976954 -2.7337866 -1.7970113
2.7380664 -0.77256376 -0.88382816
3.014668 -0.77256435 -0.9668057
3.2575195 -0.75150418 -1.0385696
5.6661134 -1.1638712 -1.7969884
5.7156639 -0.88908321 -1.7969857
5.7354298 -0.75088131 -1.7969846
5.7518945 -0.61222929 -1.7969832
5.7747264 -0.33395019 -1.7969813
5.7810936 -0.1944699 -1.7969805
5.7841406 -0.054878846 -1.7969798
5.7800388 0.22430846 -1.7969785
5.748652 0.64191192 -1.7969774
5.6871285 1.0561486 -1.7969769
5.6599803 1.1930963 -1.7969769
3.2575195 0.76923549 -1.0398217
2.9512498 0.7725656 -0.9477309
2.6849804 0.7725665 -0.86796302
5.1485934 2.6365235 -1.7969835
5.083457 2.7600274 -1.7969847
5.0153513 2.8819213 -1.7969857
4.9443359 3.0021265 -1.7969871
4.8545899 3.1104357 -1.7911401
4.4159961 3.1399462 -1.683316
4.2391405 3.1709819 -1.644605
4.161406 3.2723682 -1.6446066
4.0811915 3.3718615 -1.6446083
3.9986131 3.4693835 -1.6446099
3.9136913 3.5648797 -1.6446118
3.7371287 3.7496057 -1.6446157
3.6455662 3.8387103 -1.6446176
3.4560742 4.0101776 -1.6446218
3.3582616 4.0924258 -1.644624
3.2585351 4.1722932 -1.6446263
2.8411326 4.4670091 -1.6446359
2.7324805 4.5342889 -1.6446385
2.397285 4.7201276 -1.6446465
2.1666992 4.8303285 -1.644652
1.9311132 4.9292755 -1.6446579
1.6909961 5.0167418 -1.6446638
1.5694336 5.0561018 -1.6446669
1.4469141 5.0925159 -1.64467
1.1995116 5.1564255 -1.6446763
1.0746875 5.1838841 -1.6446795
0.94925779 5.208322 -1.6446828
0.69681638 5.2480817 -1.6446891
0.5699414 5.2633824 -1.6446925
0.44275391 5.2756119 -1.6446959
0.31527343 5.2847733 -1.6446992
0.059902344 5.2938523 -1.6447059
-0.32326171 5.2843409 -1.6447161
-0.57789063 5.2626061 -1.6447231
-0.70478517 5.2471361 -1.6447265
-0.95716792 5.2070293 -1.6447334
-1.2073437 5.1547947 -1.6447405
-1.454707 5.0905437 -1.6447473
-1.6986523 5.0144348 -1.6447542
-1.8191797 4.9719872 -1.6447575
-1.9386718 4.9266386 -1.644761
-2.0570312 4.8784204 -1.6447644
-2.4046092 4.7168336 -1.6447744
-2.6294336 4.5953169 -1.644781
-2.9550195 4.3930521 -1.6447906
-3.0602148 4.3204603 -1.6447939
-3.2651758 4.1677628 -1.6448001
-3.5581446 3.9206195 -1.6448091
-3.6517382 3.8336065 -1.644812
-3.9195702 3.5593688 -1.6448203
-4.2474217 3.3296239 -1.6766304
-4.6832809 3.319345 -1.7833107
-5.4788475 1.8578259 -1.7972703
-5.598906 1.4565563 -1.7972755
-5.6626954 1.1846752 -1.7972785
-5.6896091 1.0476495 -1.79728
-5.7812696 0.21553162 -1.7972865
-5.7849412 -0.063711852 -1.7972878
-5.7817187 -0.20332183 -1.7972884
-5.7751169 -0.34280303 -1.7972889
-5.7518749 -0.62110716 -1.7972897
-5.7151952 -0.89795619 -1.7972902
-5.6020117 -1.4447424 -1.7972898
-4.9559765 -2.984611 -1.7972802
-4.7270312 -3.3353527 -1.7972758
-4.3834567 -3.7755105 -1.7972687
-4.2910352 -3.8801963 -1.7972668
-4.0987887 -4.0827494 -1.7972627
-3.9990819 -4.1804805 -1.7972605
-3.353828 -4.7138352 -1.7972459
-3.2390623 -4.7934108 -1.7972434
-3.0039647 -4.9441118 -1.7972379
-2.7618554 -5.0833039 -1.797232
-2.6383593 -5.1484771 -1.7972292
-2.3868554 -5.2697825 -1.797223
-2.2589257 -5.3258491 -1.7972198
-2.1297264 -5.3788061 -1.7972167
-1.8676562 -5.4753003 -1.7972102
-1.735 -5.5187707 -1.7972069
-1.4666406 -5.5960455 -1.7972
-1.1948828 -5.6602859 -1.7971931
-0.92033201 -5.7113318 -1.7971861
-0.78218746 -5.7318711 -1.7971824
-0.64363277 -5.7490692 -1.7971789
-0.50470704 -5.7629161 -1.7971753
-0.36541015 -5.7734079 -1.7971716
-0.22601563 -5.7805371 -1.7971679
0.053203125 -5.7846837 -1.7971605
0.33232421 -5.7753563 -1.797153
0.47160155 -5.7656388 -1.7971493
0.74929684 -5.7361398 -1.7971417
1.4344531 -5.6041489 -1.7971227
1.5693164 -5.5678825 -1.7971191
1.7032226 -5.5283751 -1.7971153
1.9680078 -5.439723 -1.7971078
2.0987303 -5.3906255 -1.7971041
2.3563867 -5.2830482 -1.7970967
2.732461 -5.0986834 -1.7970859
2.8546875 -5.0312376 -1.7970822
2.9752734 -4.9608655 -1.7970786
3.2112303 -4.8114877 -1.7970717
3.3264062 -4.7325797 -1.7970681
3.7670898 -4.3898234 -1.7970548
3.871953 -4.297616 -1.7970515
4.0748048 -4.1057467 -1.7970451
4.2682223 -3.9043169 -1.797039
4.3611913 -3.800148 -1.7970361
4.4516015 -3.6937819 -1.7970331
4.5394921 -3.5852585 -1.7970303
4.6246872 -3.4746432 -1.7970273
4.7071872 -3.3620117 -1.7970246
4.786953 -3.2474129 -1.7970219
4.863945 -3.1309235 -1.7970194
4.9380665 -3.0126178 -1.7970169
5.0776758 -2.7708037 -1.7970119
2.6637695 -0.77256435 -0.86163306
2.9259961 -0.77256471 -0.94014853
3.2575195 -0.77650815 -1.0403433
5.7298436 -0.79258054 -1.7969848
5.7721481 -0.37594086 -1.7969816
5.7795506 -0.23651092 -1.7969807
5.7754102 0.32174376 -1.7969781
5.6946678 1.0147443 -1.7969769
3.2575195 0.7442627 -1.038066
2.760371 0.7725665 -0.89049691
5.1033788 2.7229815 -1.7969842
5.036211 2.8453565 -1.7969854
4.4786911 3.1357732 -1.6984973
4.1055861 3.3420837 -1.6446078
4.0237303 3.440202 -1.6446095
3.8530469 3.6303821 -1.6446131
3.7642968 3.7223163 -1.6446149
3.6733594 3.812094 -1.644617
3.2887695 4.1484728 -1.6446255
3.0847657 4.3023624 -1.6446302
2.9800389 4.3755655 -1.6446327
2.8735352 4.4462233 -1.6446351
2.7654102 4.5142927 -1.6446377
2.431582 4.7025561 -1.6446457
2.2017968 4.8144398 -1.6446513
1.8476952 4.9611487 -1.64466
1.7274413 5.0043054 -1.6446629
1.6061523 5.0445499 -1.644666
1.2369726 5.1475635 -1.6446753
0.60824215 5.2590923 -1.6446915
0.35373047 5.2823358 -1.6446981
0.22611327 5.2893443 -1.6447015
0.098437496 5.293273 -1.6447048
-0.029375 5.2941155 -1.6447084
-0.15718749 5.2918763 -1.6447117
-0.28480467 5.286551 -1.6447152
-0.41234374 5.2781458 -1.6447186
-0.6665625 5.2521172 -1.6447254
-0.91925782 5.2138529 -1.6447325
-1.0448437 5.1901569 -1.6447358
-1.2941015 5.133709 -1.6447428
-1.6621289 5.0266604 -1.6447531
-1.7829688 4.9850855 -1.6447566
-2.0214648 4.8932548 -1.6447634
-2.2552929 4.7900181 -1.64477
-2.483789 4.6756196 -1.6447767
-2.5959375 4.6143212 -1.6447799
-3.1326172 4.2682476 -1.6447959
-3.234746 4.1914048 -1.6447991
-3.4332616 4.030427 -1.6448051
-3.5295312 3.9464025 -1.6448082
-3.7158787 3.7714934 -1.644814
-3.8058398 3.680711 -1.6448169
-3.8935742 3.5877831 -1.6448196
-4.3936915 3.3262537 -1.7120018
-4.6141405 3.321023 -1.7661338
-4.7756248 3.2652075 -1.7972447
-5.4177928 2.0289788 -1.7972679
-5.4651756 1.8976269 -1.7972697
-5.5093751 1.7651733 -1.7972715
-5.5503712 1.6316833 -1.7972734
-5.6226563 1.3619385 -1.7972766
-5.6539063 1.2258307 -1.797278
-5.7457614 0.67507231 -1.7972833
-5.7840624 0.11800995 -1.797287
-5.7852731 -0.021617737 -1.7972877
-5.7830467 -0.16125061 -1.7972883
-5.7685547 -0.44013762 -1.7972893
-5.7562499 -0.57924283 -1.7972897
-5.7405858 -0.7180087 -1.79729
-5.7215819 -0.85634702 -1.7972902
-5.6735935 -1.1314709 -1.7972902
-5.5768747 -1.5389862 -1.7972895
-5.4508982 -1.9384437 -1.7972882
-5.4025192 -2.0694451 -1.7972876
-4.9775391 -2.9484746 -1.7972806
-4.9049215 -3.0677583 -1.7972791
-4.8294725 -3.1852455 -1.7972778
-4.751152 -3.3008721 -1.7972763
-4.5863476 -3.5263088 -1.7972729
-4.4998827 -3.6359682 -1.7972713
-4.41082 -3.7435195 -1.7972693
-4.31916 -3.848886 -1.7972674
-4.2250195 -3.9520051 -1.7972654
-4.0293751 -4.1512718 -1.7972611
-3.9279883 -4.247314 -1.797259
-4.4567575 -2.9712646 -1.7972668
-4.2300587 -3.285923 -1.7972622
-4.1495314 -3.3870633 -1.7972608
-3.8036718 -3.7712965 -1.7972534
-3.7115233 -3.8620007 -1.7972513
-3.5208397 -4.036603 -1.7972472
-3.4223633 -4.1204047 -1.7972448
-3.3219335 -4.201798 -1.7972425
-2.7918553 -4.5711613 -1.7972304
-2.5680077 -4.7005506 -1.797225
-2.453789 -4.7611604 -1.7972223
-2.1028709 -4.9261899 -1.7972137
-1.9833984 -4.9755073 -1.7972108
-1.6181836 -5.105937 -1.7972016
-1.4944922 -5.1434999 -1.7971987
-1.2445117 -5.2096105 -1.7971922
-0.99167967 -5.2635789 -1.7971858
-0.86435544 -5.2859702 -1.7971824
-0.73648435 -5.305285 -1.7971792
-0.60820311 -5.3215089 -1.7971759
-0.47962889 -5.3346272 -1.7971725
-0.35072264 -5.3446403 -1.7971692
-0.22164062 -5.3515396 -1.7971656
0.036874998 -5.3559775 -1.7971587
0.16613281 -5.3535199 -1.7971554
0.55304688 -5.3274393 -1.7971449
0.80949217 -5.2945242 -1.797138
1.4410352 -5.1585069 -1.7971205
1.5650976 -5.1222129 -1.797117
1.6883007 -5.0829382 -1.7971134
1.9316015 -4.9955225 -1.7971066
2.2879686 -4.8426533 -1.7970964
2.5189648 -4.7265825 -1.7970897
2.6323242 -4.6644006 -1.7970862
2.8543162 -4.5319223 -1.7970797
2.9628906 -4.4617076 -1.7970766
3.0696874 -4.3888898 -1.7970734
3.1747265 -4.3135142 -1.7970701
3.27791 -4.2356262 -1.797067
3.4784765 -4.072495 -1.7970608
3.575742 -3.9873464 -1.7970579
3.8548436 -3.7181778 -1.797049
3.9434373 -3.6240468 -1.7970463
4.11375 -3.4295135 -1.7970408
4.1953321 -3.3292189 -1.7970381
4.2744141 -3.2269921 -1.7970355
4.3510742 -3.1228826 -1.7970331
4.4251366 -3.016952 -1.7970304
4.4966993 -2.9092627 -1.7970281
4.6318359 -2.6888678 -1.7970234
4.6953712 -2.576292 -1.7970212
2.6409373 -0.77256435 -0.92325741
3.2575195 -0.7844705 -1.124257
5.26125 -1.0011612 -1.7969983
5.2838864 -0.8738876 -1.7969971
5.3034568 -0.74609983 -1.796996
5.3332224 -0.48930174 -1.7969939
5.3546677 -0.10215454 -1.7969913
5.3555861 0.02711029 -1.7969908
5.3533397 0.15636505 -1.7969902
5.3479881 0.28552794 -1.7969897
5.3280272 0.54327393 -1.796989
5.2507811 1.0543743 -1.7969885
3.0711327 0.7725662 -1.0625756
4.7309375 2.5102112 -1.7969952
4.6042967 2.7355876 -1.7969975
4.5369725 2.8459234 -1.7969987
4.4669528 2.9545984 -1.7970001
4.2642384 3.1264281 -1.7741383
3.5752344 3.3530278 -1.6446218
3.493242 3.4383435 -1.6446236
3.2353516 3.6820831 -1.6446294
3.1455469 3.7590985 -1.6446313
3.0538671 3.8339288 -1.6446334
2.9604688 3.9065208 -1.6446356
2.670078 4.1104908 -1.6446424
2.5700977 4.1737471 -1.6446446
2.3656836 4.2929196 -1.6446495
2.2613671 4.348772 -1.6446519
2.1557617 4.4020929 -1.6446545
1.7213671 4.5894394 -1.6446652
1.3848437 4.7019739 -1.6446736
1.1563085 4.7633429 -1.6446794
0.57439452 4.8679485 -1.6446943
0.45675781 4.8804007 -1.6446974
0.22068359 4.8967762 -1.6447036
-0.015878906 4.9017377 -1.6447099
-0.13414063 4.8999329 -1.644713
-0.60591793 4.8642125 -1.6447258
-0.72314453 4.8481793 -1.644729
-0.83996093 4.8293228 -1.6447321
-1.0720117 4.7831788 -1.6447386
-1.415293 4.6931067 -1.6447482
-1.8611327 4.5348434 -1.6447608
-1.970039 4.4886065 -1.6447639
-2.0777929 4.4397612 -1.6447672
-2.2896483 4.3343339 -1.6447732
-2.3936327 4.2778149 -1.6447762
-2.8912694 3.9585435 -1.6447911
-2.9859765 3.8876147 -1.644794
-3.0789256 3.8144164 -1.6447967
-3.2594335 3.6614032 -1.6448023
-4.2630858 3.2428715 -1.7972311
-4.4145899 3.0333776 -1.7972361
-4.5558591 2.8168132 -1.797241
-4.6225195 2.7060313 -1.7972434
-5.011797 1.8901659 -1.7972577
-5.0971484 1.646112 -1.7972611
-5.2583008 1.0204511 -1.7972685
-5.2813864 0.89323729 -1.7972698
-5.3321872 0.50877744 -1.797273
-5.3429098 0.37993193 -1.797274
-5.3505273 0.25086579 -1.7972747
-5.3550391 0.12165344 -1.7972755
-5.3546481 -0.13691223 -1.7972767
-5.3307419 -0.52397519 -1.797278
-5.3165622 -0.65248227 -1.7972783
-5.2288866 -1.1619778 -1.7972785
-5.1993165 -1.2878387 -1.7972783
-5.1666989 -1.4129574 -1.797278
-5.1310935 -1.5372479 -1.7972778
-5.0924997 -1.6606393 -1.7972773
-5.0064454 -1.9044572 -1.7972763
-4.4782615 -2.9387634 -1.7972673
-4.3312106 -3.1514473 -1.7972643
-4.0918164 -3.4565518 -1.7972594
-4.0071874 -3.5542963 -1.7972577
-3.8310156 -3.7435303 -1.797254
-3.7395313 -3.8348999 -1.7972521
-3.6458788 -3.9240365 -1.7972499
-3.452246 -4.0953965 -1.7972456
-3.1469336 -4.3344231 -1.7972386
-3.0413671 -4.4091082 -1.7972361
-2.714375 -4.6175828 -1.7972285
-2.1386523 -4.9107666 -1.7972146
-2.0195117 -4.9609456 -1.7972118
-1.8991991 -5.008234 -1.7972087
-1.5318359 -5.132494 -1.7971995
-1.407539 -5.167964 -1.7971963
-1.2823633 -5.2004223 -1.7971933
-0.90275389 -5.2795472 -1.7971835
-0.26054686 -5.3497863 -1.7971667
-0.13134766 -5.3545094 -1.7971634
0.12720703 -5.3545866 -1.7971565
0.38542968 -5.3421941 -1.7971494
0.51427734 -5.3313251 -1.797146
0.64281249 -5.3173475 -1.7971425
0.89863276 -5.280117 -1.7971356
1.0258007 -5.2568779 -1.797132
1.2783008 -5.2012329 -1.7971251
1.403457 -5.1688542 -1.7971215
1.7737695 -5.053741 -1.797111
2.0155663 -4.9622355 -1.7971041
2.1347461 -4.912138 -1.7971008
2.3692772 -4.8033776 -1.7970941
2.5983202 -4.6834292 -1.7970873
2.8213086 -4.5525694 -1.7970808
3.44875 -4.097692 -1.7970617
3.6424804 -3.9264784 -1.7970557
3.8276951 -3.7461238 -1.79705
4.1709962 -3.3596568 -1.797039
4.3282228 -3.1544518 -1.7970338
4.4031248 -3.0490658 -1.7970312
4.4754295 -2.941906 -1.7970288
4.5450974 -2.8330219 -1.7970263
4.7381444 -2.4967518 -1.7970196
2.571367 -0.77256435 -0.90087742
3.2574999 -0.72658509 -1.1198694
5.3295703 -0.52808899 -1.7969941
5.3407421 -0.39930451 -1.7969933
5.3488474 -0.27028716 -1.7969924
5.3538084 -0.14110534 -1.7969917
5.3556442 -0.011852112 -1.7969909
5.3543358 0.11741516 -1.7969903
5.3499608 0.24661438 -1.7969899
5.3424411 0.37566406 -1.7969894
5.3180857 0.63304228 -1.7969888
5.2813478 0.88893861 -1.7969885
5.2583594 1.0161475 -1.7969885
5.2323046 1.1427661 -1.7969886
2.8659766 0.7725659 -0.99595696
2.6132812 0.77256531 -0.91435659
4.6879296 2.5896282 -1.796996
4.6240821 2.7020233 -1.7969972
4.4883204 2.9220233 -1.7969996
4.129004 3.1357508 -1.739666
3.7747459 3.1651995 -1.6528983
3.6787498 3.2390776 -1.6446197
3.518203 3.4128392 -1.644623
3.4347656 3.4967577 -1.6446249
2.7978516 4.0245976 -1.6446393
2.6999414 4.0909543 -1.6446415
2.6003711 4.1549344 -1.6446438
2.1877539 4.3862901 -1.6446538
1.9735351 4.4867659 -1.6446589
1.8646679 4.5330973 -1.6446617
1.6437695 4.6178164 -1.644667
1.5318359 4.6561503 -1.6446699
1.4189843 4.6917748 -1.6446726
1.190918 4.7547989 -1.6446785
1.0758203 4.7821679 -1.6446813
0.96007812 4.8067474 -1.6446844
0.84376949 4.8285279 -1.6446873
0.72701168 4.8474927 -1.6446904
0.60982418 4.8636374 -1.6446934
0.49222654 4.8769474 -1.6446965
0.13810547 4.8998022 -1.6447058
-0.098515622 4.9007792 -1.644712
-0.21677734 4.8969812 -1.6447152
-0.45285156 4.8808317 -1.6447216
-0.68785155 4.8533106 -1.6447281
-1.152539 4.7644267 -1.6447408
-1.4942187 4.6685834 -1.6447504
-1.6064649 4.6311655 -1.6447536
-1.9373633 4.5028214 -1.644763
-2.1523829 4.4040966 -1.6447692
-2.3624413 4.2951083 -1.6447754
-2.8623631 3.9794707 -1.6447902
-3.0511131 3.8367138 -1.6447959
-3.2327147 3.6850157 -1.6448016
-3.320703 3.605927 -1.6448042
-3.7089062 3.3191333 -1.6700284
-3.8890038 3.3147986 -1.71459
-4.2393556 3.2737975 -1.7972304
-4.3171482 3.1705315 -1.797233
-4.3924022 3.0654125 -1.7972355
-4.465117 2.9585094 -1.797238
-4.5352345 2.8498802 -1.7972403
-4.6027145 2.7395928 -1.7972426
-5.0429296 1.8053857 -1.797259
-5.0850587 1.6831475 -1.7972608
-5.1603513 1.4357977 -1.7972639
-5.2236328 1.1850958 -1.7972668
-5.250742 1.0586749 -1.7972682
-5.2747459 0.93163329 -1.7972693
-5.3283591 0.54755735 -1.7972728
-5.3485742 0.28978515 -1.7972746
-5.3540235 0.16060577 -1.7972753
-5.3555274 -0.097953491 -1.7972766
-5.3516016 -0.22718506 -1.7972772
-5.3445506 -0.35628539 -1.7972777
-5.334414 -0.48517975 -1.7972779
-5.3047657 -0.74204129 -1.7972784
-5.2853513 -0.86985749 -1.7972785
-5.2627931 -0.99717683 -1.7972785
-5.2372069 -1.1239057 -1.7972785
-5.2085352 -1.2499804 -1.7972784
-5.1421485 -1.4998807 -1.7972778
-5.1044531 -1.6235516 -1.7972775
-5.0638084 -1.7462753 -1.7972769
-4.6344919 -2.6855881 -1.7972702
-4.5683398 -2.7966661 -1.797269
-4.4280663 -3.0138586 -1.7972662
-4.277422 -3.2240307 -1.7972633
-4.198379 -3.3263302 -1.7972616
-4.1168747 -3.4266918 -1.7972599
-3.9466991 -3.6213586 -1.7972565
-3.6743164 -3.8974102 -1.7972505
-3.4819531 -4.0701752 -1.7972462
-3.1783593 -4.3114176 -1.7972393
-2.9666016 -4.4597635 -1.7972344
-2.6361327 -4.6626916 -1.7972267
-2.5228124 -4.724956 -1.7972239
-2.1743555 -4.8950791 -1.7972153
-1.9355663 -4.9942875 -1.7972096
-1.8144726 -5.0395432 -1.7972065
-1.5691601 -5.1212125 -1.7972004
-1.4450781 -5.1575885 -1.7971973
-0.94115233 -5.2728443 -1.7971845
-0.68558592 -5.312099 -1.7971778
-0.55716795 -5.3270898 -1.7971745
-0.29945311 -5.3477545 -1.7971678
-0.041054688 -5.3559556 -1.7971609
0.3465625 -5.3448572 -1.7971505
0.60410154 -5.3218908 -1.7971435
0.86023438 -5.2865186 -1.7971365
0.98753905 -5.264204 -1.797133
1.1143163 -5.2388248 -1.7971296
1.4904296 -5.1444449 -1.7971191
1.6141211 -5.1069684 -1.7971156
1.8587109 -5.0231056 -1.7971088
2.0989258 -4.9275403 -1.7971019
2.5641601 -4.7022123 -1.7970883
2.7880859 -4.5729766 -1.7970817
2.8976758 -4.5043426 -1.7970785
3.0055077 -4.433095 -1.7970753
3.1116405 -4.3592539 -1.7970721
3.2159178 -4.2828817 -1.797069
3.3183398 -4.2040033 -1.7970659
3.8003514 -3.7738745 -1.797051
3.8903124 -3.6810396 -1.797048
3.9780469 -3.5860643 -1.7970452
4.0633984 -3.4890075 -1.7970425
4.3051367 -3.1858606 -1.7970346
4.5922461 -2.7559772 -1.7970248
4.657402 -2.6443384 -1.7970225
4.7198629 -2.5311532 -1.7970202
2.7380664 -0.77256376 -0.95458859
3.014668 -0.77256501 -1.044209
3.2575195 -0.75150418 -1.121719
5.2706251 -0.95067531 -1.7969978
5.2920117 -0.82318568 -1.7969966
5.3103318 -0.69522518 -1.7969955
5.3377147 -0.43814665 -1.7969935
5.3526173 -0.18005615 -1.7969918
5.3553905 -0.050810851 -1.7969911
5.3450193 0.33679321 -1.7969896
5.322578 0.59433162 -1.7969888
5.2876759 0.8504892 -1.7969885
3.2575195 0.7692349 -1.1230711
2.9512498 0.7725662 -1.0236076
2.6849804 0.77256531 -0.93745273
4.7066407 2.5554492 -1.7969956
4.6436329 2.668313 -1.7969967
4.1867185 3.1317847 -1.7543179
3.9989843 3.1446412 -1.7069446
3.8208203 3.1566706 -1.6629183
3.7021093 3.2122307 -1.6446191
3.5429101 3.3871489 -1.6446224
3.3753514 3.5541766 -1.6446261
3.2885742 3.6346142 -1.644628
2.9228711 3.9347265 -1.6446364
2.8270702 4.0041332 -1.6446387
2.7296093 4.0712061 -1.6446408
2.4279101 4.2580433 -1.644648
2.324414 4.3154044 -1.6446503
2.2195897 4.3702569 -1.644653
2.1134765 4.4225636 -1.6446556
2.0061328 4.4722857 -1.6446582
1.7879882 4.5639 -1.6446635
1.5656445 4.6448822 -1.6446691
1.4531054 4.6813221 -1.6446719
1.1105859 4.7742071 -1.6446805
0.9950195 4.7996311 -1.6446835
0.87890625 4.8222594 -1.6446863
0.76226562 4.8420749 -1.6446894
0.40994141 4.8845587 -1.6446986
0.2919336 4.8930392 -1.6447018
-0.062871091 4.9013596 -1.6447111
-0.18113281 4.898427 -1.6447144
-0.53505856 4.8725095 -1.6447238
-0.65251952 4.8581829 -1.644727
-0.88621092 4.8210492 -1.6447334
-1.1178321 4.7726865 -1.6447397
-1.2327148 4.7443213 -1.644743
-1.4602149 4.6793265 -1.6447494
-1.6843359 4.603426 -1.6447558
-1.9045117 4.5167937 -1.644762
-2.0129883 4.4695215 -1.6447651
-2.3310742 4.3121839 -1.6447744
-2.4344921 4.2546711 -1.6447775
-2.8333397 4.0001907 -1.6447893
-2.9290819 3.930645 -1.6447923
-3.0231249 3.8588092 -1.6447951
-3.2943945 3.629987 -1.6448034
-3.5483983 3.3821337 -1.6448114
-3.8337305 3.3161473 -1.7008147
-4.2154298 3.3045573 -1.7972295
-4.2939453 3.2018518 -1.7972322
-4.3699999 3.0972917 -1.7972348
-4.4434767 2.990916 -1.7972372
-4.5143747 2.882796 -1.7972397
-4.5826173 2.7730079 -1.7972419
-4.648242 2.6615937 -1.7972442
-5.0296874 1.8420233 -1.7972584
-5.0726757 1.7201037 -1.7972603
-5.149785 1.4732952 -1.7972635
-5.1838279 1.3485785 -1.7972649
-5.2678514 0.96998715 -1.7972691
-5.3085351 0.71464384 -1.7972714
-5.3367968 0.45762664 -1.7972734
-5.3463087 0.3286908 -1.7972742
-5.355957 0.070297852 -1.7972758
-5.3560934 -0.058987424 -1.7972764
-5.3531055 -0.1882492 -1.797277
-5.346992 -0.31739104 -1.7972775
-5.3377929 -0.44635618 -1.7972778
-5.3254685 -0.57506317 -1.797278
-5.3100586 -0.70342344 -1.7972784
-5.2452345 -1.0857736 -1.7972785
-5.0763474 -1.7093877 -1.797277
-5.0336132 -1.8314135 -1.7972766
-4.6539259 -2.6518109 -1.7972704
-4.5885544 -2.7633526 -1.7972692
-4.449863 -2.9815631 -1.7972666
-4.3766208 -3.0880954 -1.7972653
-4.2224412 -3.2956958 -1.7972621
-4.1416993 -3.3966503 -1.7972605
-3.885078 -3.6873989 -1.797255
-3.7949414 -3.7800891 -1.7972531
-3.7025781 -3.870575 -1.7972511
-3.6080859 -3.9588103 -1.7972491
-3.412832 -4.1283069 -1.7972447
-3.312207 -4.2094741 -1.7972424
-2.9989452 -4.4380655 -1.7972353
-2.8909569 -4.5091481 -1.7972326
-2.7812696 -4.5776057 -1.79723
-2.5571289 -4.7064772 -1.7972246
-2.3270507 -4.8243794 -1.7972192
-2.2098827 -4.8791332 -1.7972163
-1.7291992 -5.0694175 -1.7972044
-1.482578 -5.1469407 -1.7971983
-0.97949219 -5.2658582 -1.7971854
-0.85208982 -5.2879553 -1.7971821
-0.72421873 -5.306973 -1.7971789
-0.33833984 -5.3454375 -1.7971689
0.3076953 -5.3472428 -1.7971516
0.43664062 -5.3382483 -1.7971481
0.69374996 -5.3109398 -1.7971411
1.0761914 -5.2467961 -1.7971306
1.5769531 -5.118578 -1.7971166
2.0630662 -4.9426785 -1.7971028
2.2991211 -4.8373489 -1.797096
2.754746 -4.5931435 -1.7970827
2.8648045 -4.5253119 -1.7970794
2.9731836 -4.4548378 -1.7970762
3.4878709 -4.0644341 -1.7970606
3.6799219 -3.8913734 -1.7970545
3.7727928 -3.801415 -1.7970517
4.03791 -3.5184741 -1.7970433
4.1216407 -3.4199893 -1.7970405
4.2818751 -3.2170901 -1.7970353
4.4321289 -3.0067072 -1.7970303
2.6637695 -0.77256435 -0.93061709
2.9259961 -0.77256471 -1.0154173
5.3051367 -0.73383147 -1.7969958
5.3213086 -0.60557097 -1.7969947
5.3443165 -0.34807676 -1.7969929
5.3511524 -0.2189804 -1.7969922
5.3549023 -0.089772947 -1.7969913
5.3554688 0.039501954 -1.7969908
5.3473434 0.29789641 -1.7969897
5.3385935 0.42687377 -1.7969892
5.3117771 0.68399781 -1.7969886
5.2937107 0.81200832 -1.7969885
3.0413866 0.7725662 -1.0528989
2.760371 0.7725659 -0.96179068
4.66291 2.6344512 -1.7969965
4.597949 2.7462354 -1.7969977
4.5303712 2.8564043 -1.7969989
4.2454491 3.1277294 -1.7693043
3.4853125 3.4464123 -1.6446239
3.226836 3.6895556 -1.6446295
2.9514258 3.9133606 -1.6446357
2.75916 4.0512357 -1.6446402
2.6605468 4.1166577 -1.6446425
2.1456053 4.4070659 -1.6446548
1.7107617 4.5934105 -1.6446655
1.5993944 4.6333685 -1.6446682
0.91396481 4.8157349 -1.6446855
0.56312501 4.8692636 -1.6446947
0.20935546 4.8972702 -1.644704
-0.0271875 4.9016886 -1.6447102
-0.4996289 4.876265 -1.6447228
-0.6171484 4.8627977 -1.644726
-0.7343359 4.8464947 -1.6447293
-1.6507812 4.6155534 -1.6447549
-1.8716015 4.5305285 -1.6447612
-1.9804296 4.4840422 -1.6447642
-2.0880663 4.4349432 -1.6447674
-2.1945312 4.3832636 -1.6447705
-2.505918 4.2130218 -1.6447797
-3.1787305 3.7316539 -1.6447999
-3.2678905 3.653856 -1.6448027
-3.3551366 3.5739172 -1.6448053
-3.5236914 3.4078593 -1.6448106
-3.613867 3.3300707 -1.6488992
-3.7792773 3.3174579 -1.6873398
-3.963203 3.3129613 -1.7332158
-4.157207 3.3080285 -1.7826269
-4.270586 3.2330077 -1.7972314
-4.4932814 2.9155638 -1.7972388
-4.6287498 2.6953392 -1.7972436
-5.0161524 1.8785686 -1.7972579
-5.1009569 1.6343176 -1.7972614
-5.2058396 1.2609746 -1.797266
-5.2834764 0.88101864 -1.7972698
-5.3198242 0.62502778 -1.7972722
-5.3437891 0.36756957 -1.797274
-5.3510938 0.23849395 -1.7972749
-5.3491797 -0.27848786 -1.7972773
-5.2974219 -0.79286373 -1.7972785
-5.2767382 -0.92049831 -1.7972785
-5.1634569 -1.4248984 -1.797278
-5.0886521 -1.6724206 -1.7972772
-5.0467968 -1.794744 -1.7972767
-4.541328 -2.8403356 -1.7972684
-4.4714255 -2.9491174 -1.7972671
-4.3989649 -3.0561724 -1.7972658
-4.2463474 -3.2648985 -1.7972627
-3.9989452 -3.5635619 -1.7972575
-3.7306836 -3.8435333 -1.7972517
-3.6367967 -3.9324532 -1.7972497
-4.3338671 -2.4561799 -1.797261
-4.2733202 -2.5600641 -1.7972599
-4.0768943 -2.8625281 -1.7972561
-3.8591211 -3.1499887 -1.7972517
-3.6210742 -3.4209366 -1.7972468
-3.2744141 -3.7540741 -1.7972392
-3.1828125 -3.8320072 -1.797237
-2.994199 -3.9811254 -1.7972327
-2.8972461 -4.0522285 -1.7972306
-2.7985547 -4.1209726 -1.7972283
-2.6982813 -4.1873145 -1.797226
-2.5964453 -4.251215 -1.7972234
-2.2820702 -4.4279141 -1.7972159
-2.0657032 -4.5328717 -1.7972108
-1.8445703 -4.6272626 -1.7972053
-1.6191211 -4.7108679 -1.7971998
-1.5049218 -4.7485685 -1.7971969
-1.3898437 -4.7835035 -1.797194
-1.1574023 -4.844986 -1.797188
-1.0401367 -4.8715029 -1.7971852
-0.9222461 -4.8951817 -1.7971821
-0.68494141 -4.9339671 -1.797176
-0.44603515 -4.961257 -1.7971698
-0.3261914 -4.9705682 -1.7971666
-0.20611328 -4.976984 -1.7971635
-0.0859375 -4.9805017 -1.7971603
0.034296874 -4.9811158 -1.797157
0.27464843 -4.9736443 -1.7971507
0.39464843 -4.96556 -1.7971473
0.63378906 -4.9407139 -1.797141
0.87142575 -4.9043536 -1.7971344
0.98958981 -4.8818879 -1.7971312
1.2239844 -4.8284268 -1.7971246
1.5701171 -4.7271948 -1.797115
1.7963867 -4.6459012 -1.7971084
2.018496 -4.5537815 -1.7971022
2.2358985 -4.4510517 -1.7970958
2.6545899 -4.2147541 -1.7970835
2.8548632 -4.081728 -1.7970777
2.9525585 -4.0116272 -1.7970746
3.048496 -3.9391916 -1.7970717
3.1426756 -3.86446 -1.7970687
3.4140038 -3.6269403 -1.7970604
3.5005467 -3.5434811 -1.7970577
3.585078 -3.4579577 -1.797055
3.6674609 -3.3704157 -1.7970524
3.7477539 -3.2809126 -1.7970499
3.8258398 -3.189496 -1.7970473
4.0465622 -2.9043286 -1.7970401
4.1819725 -2.705658 -1.7970355
2.8988085 -0.77256405 -1.0823505
3.2575195 -0.7844705 -1.2088639
4.8930469 -0.93109649 -1.7970077
4.9322848 -0.69388455 -1.7970055
4.947578 -0.57463956 -1.7970045
4.9762106 -0.21517365 -1.7970021
4.9786911 0.14542328 -1.7970003
4.941504 0.62470335 -1.7969989
4.8833594 0.98058528 -1.7969987
3.2575195 0.73633575 -1.2049162
4.3998632 2.3345368 -1.7970049
4.3422461 2.4400499 -1.7970059
4.2820897 2.5441418 -1.797007
4.2194333 2.6467552 -1.7970082
3.8649023 3.1313195 -1.7946091
3.6936717 3.1433318 -1.7498724
3.2488086 3.1977112 -1.6446313
3.0906835 3.3507695 -1.6446348
2.9253905 3.4960203 -1.6446385
2.8401561 3.5656152 -1.6446404
2.7532616 3.6331279 -1.6446424
2.483242 3.8228185 -1.6446487
2.2958398 3.9382079 -1.644653
2.2001367 3.9924774 -1.6446552
1.8050195 4.1860023 -1.6446649
1.6009179 4.2682433 -1.6446699
1.3930664 4.3405399 -1.6446751
1.2879297 4.3729038 -1.6446776
1.1819726 4.4027195 -1.6446805
1.075371 4.4299698 -1.6446832
0.75207031 4.4961853 -1.6446915
0.64332032 4.5130334 -1.6446942
0.53417969 4.5272555 -1.6446971
0.42478514 4.5388365 -1.6446999
0.31511718 4.5477734 -1.6447029
0.2052539 4.5540605 -1.6447058
0.095273435 4.5576959 -1.6447086
-0.23474608 4.5526686 -1.6447173
-0.78117186 4.4913239 -1.6447324
-0.99701172 4.4484096 -1.6447383
-1.2104882 4.3951287 -1.6447443
-1.3162109 4.3646417 -1.6447471
-1.4211718 4.3316059 -1.64475
-1.5253124 4.2960529 -1.6447531
-1.7308984 4.2174506 -1.6447588
-1.832168 4.1744547 -1.6447618
-1.9324023 4.1290245 -1.6447647
-2.1293945 4.0309734 -1.6447705
-2.2260742 3.9784057 -1.6447732
-2.3214648 3.9235265 -1.6447761
-2.5992382 3.7453003 -1.6447843
-2.9482226 3.4773016 -1.6447949
-3.0312891 3.4051378 -1.6447974
-3.1125977 3.3309855 -1.6448001
-3.565371 3.3006561 -1.7529303
-3.7360547 3.2948315 -1.7972169
-3.9646873 3.0158989 -1.7972243
-4.1725192 2.7211523 -1.7972312
-4.2369533 2.6196582 -1.7972336
-4.298965 2.5166302 -1.7972357
-4.7404294 1.5308954 -1.7972523
-4.7759571 1.4160376 -1.7972538
-4.8387303 1.1839099 -1.7972566
-4.890254 0.94902647 -1.7972592
-4.9461327 0.59272093 -1.7972624
-4.9760351 0.2333075 -1.7972648
-4.9753709 -0.24748504 -1.7972673
-4.9576173 -0.48730102 -1.7972679
-4.9444141 -0.60681456 -1.7972682
-4.9283204 -0.72597438 -1.7972684
-4.8875585 -0.96296048 -1.7972685
-4.8629103 -1.0806442 -1.7972684
-4.805078 -1.31406 -1.7972679
-4.7360544 -1.5444049 -1.7972673
-4.6973829 -1.6582617 -1.7972668
-4.3516212 -2.4245813 -1.7972614
-4.2918358 -2.5289109 -1.7972603
-4.2295508 -2.6317573 -1.797259
-3.9561131 -3.0272298 -1.7972537
-3.8819139 -3.1218295 -1.7972522
-3.8054492 -3.214617 -1.7972506
-3.6458592 -3.3945055 -1.7972473
-3.1177537 -3.8851287 -1.7972357
-3.0230858 -3.9592426 -1.7972336
-2.7286913 -4.1675735 -1.7972267
-2.6273046 -4.2322154 -1.7972243
-2.3142188 -4.4111972 -1.7972168
-2.0986524 -4.517724 -1.7972115
-1.9889843 -4.5670543 -1.797209
-1.878203 -4.6137214 -1.7972063
-1.6533399 -4.6989679 -1.7972006
-1.5394336 -4.7374992 -1.7971978
-1.4246289 -4.7732654 -1.797195
-1.1926172 -4.836442 -1.797189
-0.95783204 -4.8883429 -1.797183
-0.60164058 -4.9448118 -1.7971739
-0.48212889 -4.9578819 -1.7971706
-0.24228515 -4.975358 -1.7971644
-0.0019140624 -4.9812355 -1.797158
0.11832031 -4.979826 -1.7971548
0.23843749 -4.9755116 -1.7971516
0.3584961 -4.9682956 -1.7971483
0.83574218 -4.9105682 -1.7971355
0.95402342 -4.8889561 -1.797132
1.1888281 -4.8372068 -1.7971257
1.3052539 -4.8070984 -1.7971224
1.6496289 -4.700038 -1.7971127
1.762539 -4.6588488 -1.7971095
1.8744922 -4.6149406 -1.7971063
1.9853125 -4.5683503 -1.797103
2.095 -4.5190949 -1.7970998
2.5208788 -4.2960544 -1.7970876
2.6238282 -4.2339497 -1.7970845
2.8250976 -4.1023903 -1.7970784
3.0197461 -3.9612689 -1.7970725
3.2073827 -3.8109155 -1.7970668
3.3875389 -3.6516838 -1.7970613
3.4746873 -3.5688527 -1.7970586
3.5597851 -3.483948 -1.7970557
3.6428516 -3.3970065 -1.7970532
3.723789 -3.3080895 -1.7970506
3.8790624 -3.1245294 -1.7970456
4.025332 -2.9336889 -1.7970407
4.0949607 -2.8356798 -1.7970384
4.1622071 -2.736017 -1.7970361
2.816328 -0.77256501 -1.053619
4.9080467 -0.84845883 -1.797007
4.9270897 -0.72975129 -1.7970059
4.9433007 -0.61061615 -1.7970048
4.9565625 -0.49113068 -1.7970039
4.9791017 -0.13123046 -1.7970016
4.9808397 -0.011021423 -1.797001
4.9586716 0.46919158 -1.7969992
4.930254 0.70793945 -1.7969987
4.8903513 0.94503295 -1.7969987
2.6132812 0.7725659 -0.98316771
4.1742187 2.7175281 -1.7970091
3.5790429 3.1512744 -1.72045
3.4210937 3.1620629 -1.6807553
3.2789452 3.180758 -1.6481363
2.866035 3.544857 -1.6446398
2.6020508 3.7429368 -1.6446458
2.229121 3.9763689 -1.6446546
1.9356054 4.1272397 -1.6446617
1.631914 4.256485 -1.6446692
1.5286914 4.2946339 -1.6446718
1.0005664 4.4474769 -1.644685
0.5671289 4.5232477 -1.6446961
0.2383789 4.5524468 -1.6447048
0.12845702 4.5568786 -1.6447078
-0.091621093 4.5577817 -1.6447135
-0.20160156 4.5542517 -1.6447165
-0.31148437 4.5480661 -1.6447195
-0.4211328 4.5392308 -1.6447225
-0.63972652 4.513638 -1.6447283
-0.96460932 4.4555445 -1.6447374
-1.0718554 4.4309711 -1.6447402
-1.3896484 4.3418307 -1.6447493
-1.5975586 4.269722 -1.644755
-1.7001367 4.2299299 -1.644758
-1.8017578 4.1876707 -1.644761
-1.9023046 4.1429701 -1.6447639
-2.0999999 4.0463562 -1.6447695
-2.1970704 3.9944944 -1.6447724
-2.2928514 3.9403088 -1.6447752
-2.4803319 3.8250842 -1.6447809
-2.6620116 3.7009442 -1.6447862
-2.7506053 3.6356213 -1.644789
-2.837539 3.5681791 -1.6447915
-3.0064647 3.4270952 -1.6447967
-3.5151367 3.3019598 -1.739994
-3.7910936 3.2313609 -1.7972186
-3.8679881 3.1389258 -1.7972212
-4.0849805 2.8508575 -1.7972283
-4.1525779 2.7514331 -1.7972306
-4.3408008 2.4437823 -1.7972372
-4.689961 1.679021 -1.7972502
-4.7291403 1.5653368 -1.7972518
-4.830039 1.2190783 -1.7972561
-4.8580079 1.1021472 -1.7972575
-4.9416404 0.62868774 -1.7972621
-4.9553905 0.50923097 -1.797263
-4.9662695 0.38947845 -1.7972639
-4.9806638 -0.091098934 -1.7972666
-4.9770508 -0.21128386 -1.7972671
-4.9705076 -0.33134672 -1.7972676
-4.9610157 -0.45122191 -1.7972679
-4.9486914 -0.57082856 -1.7972682
-4.933496 -0.69010192 -1.7972684
-4.7471485 -1.5099118 -1.7972674
-4.6687694 -1.7372415 -1.7972664
-4.3101368 -2.4976137 -1.7972605
-4.2485743 -2.6009197 -1.7972594
-4.1181054 -2.8029077 -1.7972569
-4.0492578 -2.9014854 -1.7972556
-3.9045117 -3.0935102 -1.7972527
-3.7506835 -3.2783272 -1.7972496
-3.5881054 -3.455498 -1.7972461
-3.5036328 -3.5410876 -1.7972442
-2.9558983 -4.0096488 -1.7972319
-2.7589648 -4.1476135 -1.7972273
-2.6580079 -4.2129917 -1.797225
-2.5555663 -4.2759142 -1.7972226
-2.4516406 -4.3363404 -1.7972201
-2.3462305 -4.3942451 -1.7972175
-2.0221484 -4.5524664 -1.7972097
-1.9116796 -4.5999384 -1.797207
-1.6874804 -4.6868186 -1.7972015
-1.1108984 -4.8558588 -1.797187
-0.99339843 -4.881247 -1.797184
-0.51820314 -4.9542475 -1.7971716
-0.39841795 -4.965302 -1.7971685
-0.15835938 -4.9787316 -1.7971622
0.082050778 -4.9805555 -1.7971557
1.0363281 -4.8721685 -1.7971298
1.2702539 -4.8164682 -1.7971234
1.3861328 -4.7844009 -1.79712
1.5011718 -4.7495399 -1.7971168
1.8408593 -4.628459 -1.7971072
2.0620704 -4.5342159 -1.7971008
2.1708984 -4.483119 -1.7970977
2.3847265 -4.373116 -1.7970915
2.4895508 -4.3142819 -1.7970884
2.5929687 -4.252933 -1.7970854
2.7951562 -4.1228366 -1.7970793
2.9908593 -3.9831374 -1.7970735
3.0861328 -3.9097812 -1.7970706
3.4486327 -3.5940394 -1.7970593
3.534375 -3.5097563 -1.7970567
3.6180663 -3.423425 -1.7970539
3.6996288 -3.3350909 -1.7970513
3.8562498 -3.1526673 -1.7970463
4.2077341 -2.6654406 -1.7970346
4.2708397 -2.5630999 -1.7970325
2.7380664 -0.77256435 -1.0264268
3.2575195 -0.75150388 -1.2061346
4.9386911 -0.64657164 -1.7970052
4.9528708 -0.52718139 -1.7970042
4.96416 -0.40748289 -1.7970033
4.9780273 -0.16745543 -1.7970017
4.9806051 -0.047252502 -1.7970011
4.950078 0.55273861 -1.796999
4.9352927 0.67204374 -1.7969989
4.9176364 0.7909686 -1.7969987
4.897109 0.90943176 -1.7969987
3.2575195 0.76923549 -1.2075883
2.9512303 0.7725668 -1.1006392
2.6849804 0.7725659 -1.0080012
4.377285 2.3766131 -1.7970053
4.2574997 2.5850775 -1.7970074
4.1277733 2.7875292 -1.7970098
3.988457 2.9834778 -1.7970126
3.7959569 3.1361835 -1.7764554
3.6279881 3.1478918 -1.7329649
3.467871 3.1588817 -1.6924335
3.0583985 3.3802495 -1.6446354
2.8917382 3.5239074 -1.6446393
2.6292381 3.7239006 -1.6446452
2.5385742 3.7862835 -1.6446474
2.1617382 4.0133905 -1.6446562
2.0642383 4.064405 -1.6446586
1.9655664 4.1130481 -1.6446609
1.7648046 4.2031183 -1.644666
1.662871 4.2444935 -1.6446683
1.3513867 4.3536963 -1.6446762
1.1397461 4.4138536 -1.6446815
1.032832 4.4400797 -1.6446843
0.81738281 4.4847651 -1.6446898
0.60001951 4.5189967 -1.6446954
0.49078125 4.5321722 -1.6446981
0.27148438 4.5505891 -1.644704
0.051562499 4.558403 -1.6447097
-0.05847656 4.5583267 -1.6447127
-0.1684375 4.5555949 -1.6447157
-0.27835938 4.5502124 -1.6447186
-0.60685545 4.518167 -1.6447275
-0.93216795 4.4624405 -1.6447364
-1.1464453 4.4122739 -1.6447424
-1.8720897 4.156702 -1.644763
-1.971875 4.1103058 -1.6447659
-2.0705273 4.061523 -1.6447688
-2.1679492 4.010376 -1.6447716
-2.6350195 3.7202165 -1.6447854
-2.724082 3.6555371 -1.6447881
-2.8115039 3.588726 -1.6447908
-3.3061914 3.307199 -1.6871748
-3.6327147 3.2988849 -1.7704053
-3.8450584 3.1669896 -1.7972205
-3.9203711 3.0732629 -1.7972229
-4.1324611 2.7815735 -1.7972299
-4.1984177 2.6810198 -1.7972322
-4.7175975 1.5997039 -1.7972512
-4.8209958 1.2541864 -1.7972559
-4.8498631 1.1374584 -1.7972571
-4.8759375 1.02008 -1.7972584
-4.8991404 0.90209413 -1.7972597
-4.9633007 0.42559478 -1.7972636
-4.972754 -0.29517516 -1.7972674
-4.9527149 -0.53481442 -1.797268
-4.9010348 -0.89175105 -1.7972685
-4.8780856 -1.0097754 -1.7972684
-4.8523045 -1.127221 -1.7972684
-4.8236523 -1.2440145 -1.797268
-4.7210155 -1.5897397 -1.7972671
-4.3282032 -2.4662001 -1.7972609
-4.1383982 -2.7728734 -1.7972573
-4.0702538 -2.8719506 -1.797256
-3.926914 -3.0650189 -1.7972531
-3.8518164 -3.1589081 -1.7972516
-3.7744336 -3.2509537 -1.79725
-3.6131639 -3.4293053 -1.7972465
-3.529336 -3.5155084 -1.7972448
-3.4434569 -3.5996637 -1.7972429
-3.3555663 -3.6817236 -1.797241
-3.0803516 -3.9148433 -1.7972348
-2.9849803 -3.98804 -1.7972326
-2.8878515 -4.0589194 -1.7972304
-2.7890429 -4.1274376 -1.7972281
-2.6885936 -4.1935415 -1.7972257
-2.5866015 -4.2572079 -1.7972233
-2.483125 -4.3183951 -1.7972208
-2.16416 -4.4867129 -1.7972132
-1.9450976 -4.5859122 -1.797208
-1.8338281 -4.6315165 -1.7972052
-1.0288671 -4.8738918 -1.7971848
-0.91093749 -4.8972993 -1.7971818
-0.79246092 -4.9178524 -1.7971787
-0.67353517 -4.9355364 -1.7971758
-0.55419922 -4.9503479 -1.7971725
-0.31464842 -4.971312 -1.7971662
0.16603515 -4.9784589 -1.7971536
0.28613281 -4.9729948 -1.7971504
0.40609375 -4.9646277 -1.797147
0.64521486 -4.9392319 -1.7971406
0.76423824 -4.9222136 -1.7971373
0.88279295 -4.9023247 -1.797134
1.1183203 -4.8539996 -1.7971275
1.4665819 -4.7603412 -1.7971178
1.5810547 -4.7235479 -1.7971147
1.9186718 -4.5967536 -1.7971051
2.0290625 -4.5491023 -1.7971019
2.1382422 -4.498796 -1.7970986
2.2461913 -4.445868 -1.7970954
2.3528514 -4.3903546 -1.7970924
2.8643162 -4.075119 -1.7970773
3.0575781 -3.9321272 -1.7970713
3.1516211 -3.8571801 -1.7970686
3.4224217 -3.6190331 -1.7970603
3.5087304 -3.5353734 -1.7970575
3.5930662 -3.4496579 -1.7970548
3.675293 -3.3619242 -1.7970521
3.755332 -3.2722311 -1.7970495
4.1882224 -2.6959755 -1.7970352
4.3134375 -2.4907188 -1.7970309
4.3723044 -2.3858876 -1.7970288
3.2575195 -0.77650785 -1.2081939
4.8715625 -1.0376602 -1.797009
4.8952146 -0.91977352 -1.7970077
4.915957 -0.80136442 -1.7970065
4.9338865 -0.68247616 -1.7970054
4.9488864 -0.56319088 -1.7970045
4.9610548 -0.44358826 -1.7970036
4.9801168 -0.083490901 -1.7970014
4.9783592 0.1569342 -1.7970003
4.9731445 0.27704558 -1.7969998
4.9539647 0.51671052 -1.796999
4.9035935 0.8737793 -1.7969987
3.2575195 0.7442627 -1.2055492
3.0413866 0.7725656 -1.1321353
2.760371 0.7725659 -1.0341707
4.394453 2.3447113 -1.7970049
4.3365626 2.4500861 -1.797006
4.2761521 2.5540435 -1.7970071
4.2133203 2.6565027 -1.7970083
4.010078 2.9543805 -1.7970123
3.9375975 3.0503137 -1.7970136
3.848125 3.1325073 -1.7901802
3.0829492 3.3579063 -1.644635
2.9172852 3.5027819 -1.6446387
2.7448633 3.6394854 -1.6446426
2.6562304 3.7046814 -1.6446446
2.5660546 3.7677116 -1.6446468
2.4743555 3.8285527 -1.6446489
2.3812304 3.8871672 -1.6446509
2.2867186 3.9435108 -1.6446533
1.8959374 4.1456103 -1.6446626
1.795332 4.1901665 -1.6446652
1.6936718 4.2322845 -1.6446676
1.5910351 4.2719355 -1.6446702
1.2777929 4.3758702 -1.644678
1.1718163 4.4054418 -1.6446807
1.0651171 4.4324474 -1.6446834
0.95785153 4.4568706 -1.6446861
0.84998047 4.4786968 -1.6446888
0.41429687 4.5398078 -1.6447003
0.084746093 4.5579028 -1.6447089
-0.13529296 4.5566978 -1.6447148
-0.35507813 4.5448756 -1.6447207
-0.46464843 4.5349884 -1.6447237
-0.57396483 4.5224605 -1.6447266
-0.68294919 4.5072966 -1.6447296
-1.1142968 4.420495 -1.6447415
-1.2206836 4.3923187 -1.6447445
-1.326328 4.3615851 -1.6447474
-1.5352539 4.2925134 -1.6447533
-1.6384375 4.2542138 -1.6447563
-1.8418163 4.1702027 -1.644762
-1.9419335 4.1245422 -1.644765
-2.0409179 4.0764775 -1.6447679
-2.2352929 3.9732549 -1.6447735
-2.3305273 3.9181492 -1.6447765
-2.516875 3.8011315 -1.6447819
-3.0391796 3.3981214 -1.6447978
-3.2595508 3.308327 -1.6756076
-3.4167967 3.3044629 -1.7149321
-3.5815039 3.3002355 -1.7571019
-3.7437108 3.2861841 -1.797217
-3.821914 3.19487 -1.7972196
-4.0430861 2.9099889 -1.797227
-4.1121092 2.8115563 -1.7972293
-4.1787696 2.7114966 -1.7972316
-4.2430272 2.609848 -1.7972337
-4.3047657 2.5066857 -1.7972358
-4.7058787 1.6339751 -1.7972507
-4.743906 1.5199261 -1.7972524
-4.8117576 1.2892298 -1.7972554
-4.8414645 1.172716 -1.7972567
-4.8683982 1.0555158 -1.7972579
-4.8924022 0.93771362 -1.7972592
-4.9136524 0.81935543 -1.7972604
-4.9320116 0.70051789 -1.7972615
-4.9600391 0.4616937 -1.7972633
-4.9565039 -0.49876189 -1.797268
-4.9429884 -0.61825347 -1.7972682
-4.9073825 -0.85606992 -1.7972685
-4.885293 -0.97426814 -1.7972684
-4.8020115 -1.3251642 -1.7972679
-4.7686329 -1.4406823 -1.7972676
-4.732461 -1.5553619 -1.7972673
-4.6935349 -1.6691202 -1.7972666
-4.2859764 -2.5388253 -1.79726
-4.0212693 -2.940172 -1.797255
-3.9491405 -3.0363762 -1.7972535
-3.7979686 -3.2234087 -1.7972505
-3.7190623 -3.3141387 -1.7972488
-3.5548046 -3.4897397 -1.7972453
-4.0460353 -2.2930508 -1.7972524
-3.8695312 -2.5797718 -1.7972493
-3.5307617 -3.0268805 -1.7972424
-3.0569336 -3.504746 -1.7972322
-2.4240038 -3.9688735 -1.7972175
-2.3274999 -4.0262189 -1.7972152
-2.1304882 -4.1338382 -1.7972105
-1.928496 -4.2318234 -1.7972056
-1.4049609 -4.4332013 -1.7971927
-0.97103512 -4.5479708 -1.7971816
-0.86101562 -4.5700769 -1.7971789
-0.19242187 -4.6464505 -1.7971616
-0.080195308 -4.6497359 -1.7971585
0.25642577 -4.643333 -1.7971494
0.48021483 -4.625535 -1.7971433
0.70283204 -4.5969596 -1.7971374
0.81359375 -4.5786505 -1.7971344
0.92388672 -4.5576739 -1.7971313
1.0335742 -4.5340381 -1.7971282
1.1427344 -4.5077662 -1.7971252
1.5719531 -4.3765864 -1.7971132
1.781289 -4.2956123 -1.7971072
2.0874219 -4.1554623 -1.7970984
2.1871288 -4.1038651 -1.7970954
2.2855272 -4.0498762 -1.7970926
2.3825586 -3.993525 -1.7970897
2.4782813 -3.9348516 -1.797087
2.5725391 -3.8738854 -1.797084
2.6652539 -3.8106587 -1.7970812
2.846035 -3.6775918 -1.7970757
2.9339647 -3.6078255 -1.797073
3.0202148 -3.5359561 -1.7970704
3.1046679 -3.4620237 -1.7970679
3.1873047 -3.3860795 -1.7970653
3.268086 -3.308161 -1.7970628
3.3469725 -3.2283173 -1.7970603
3.498867 -3.0630319 -1.7970554
3.642617 -2.8906097 -1.7970507
3.9042773 -2.5259809 -1.7970419
3.9641016 -2.4310126 -1.7970399
4.0216212 -2.334625 -1.797038
2.6409373 -0.77256376 -1.0633568
2.898828 -0.77256471 -1.1593438
3.2080858 -0.77256501 -1.2752044
4.5458398 -0.97926784 -1.7970173
4.5681248 -0.86926663 -1.7970161
4.5877733 -0.75875854 -1.7970151
4.6047459 -0.64780641 -1.7970141
4.6306443 -0.42484039 -1.7970123
4.6492381 -0.088697813 -1.7970102
4.6481051 0.13576446 -1.7970091
4.6260743 0.47170258 -1.797008
4.6133399 0.58322018 -1.7970079
4.597949 0.69439483 -1.7970077
4.5798435 0.80516356 -1.7970076
4.559082 0.9154669 -1.7970076
3.257539 0.73633635 -1.2906293
4.053906 2.2780144 -1.7970145
3.8784375 2.5653491 -1.7970176
3.6131053 2.927295 -1.7970229
3.467617 3.0982482 -1.797026
3.2064648 3.1560063 -1.7386482
2.7311132 3.2638605 -1.6446447
2.6516795 3.3288274 -1.6446465
2.403789 3.5119543 -1.6446522
2.3183007 3.5689533 -1.6446542
2.2314844 3.6238756 -1.6446563
2.143379 3.6766815 -1.6446583
2.0540235 3.7273431 -1.6446605
1.8717577 3.8221343 -1.6446649
1.6851367 3.9080162 -1.6446694
1.4945898 3.9847918 -1.6446742
1.3980078 4.0197077 -1.6446767
0.90386719 4.1588111 -1.644689
0.80320311 4.1794233 -1.6446916
0.70210934 4.197597 -1.6446942
0.60058594 4.213325 -1.644697
0.49873045 4.2266006 -1.6446996
0.29421875 4.2457538 -1.6447048
0.19162109 4.2516246 -1.6447076
-0.013789062 4.2559299 -1.6447129
-0.21912108 4.25032 -1.6447184
-0.32164061 4.2438006 -1.6447214
-0.52605468 4.2233453 -1.6447269
-0.72925782 4.1930509 -1.6447324
-0.83027339 4.1742339 -1.6447351
-1.0307422 4.1293163 -1.6447407
-1.1300976 4.1032419 -1.6447434
-1.2288281 4.0747771 -1.6447462
-1.3268163 4.0439353 -1.6447489
-1.4240625 4.0107422 -1.6447517
-1.5204102 3.9752092 -1.6447544
-1.8040625 3.8548021 -1.6447626
-1.8965429 3.8101447 -1.6447653
-2.1672461 3.6629534 -1.6447732
-2.255039 3.6095848 -1.6447759
-2.5925195 3.375396 -1.644786
-3.3354297 3.240736 -1.7972064
-3.4879296 3.0760064 -1.7972113
-3.5611522 2.9909289 -1.7972137
-3.895371 2.5404296 -1.7972249
-3.9555664 2.4456737 -1.7972268
-4.3897657 1.5356146 -1.7972429
-4.4255466 1.4292175 -1.7972444
-4.5173826 1.1052808 -1.7972484
-4.5427537 0.99592769 -1.7972496
-4.5855274 0.77554256 -1.7972518
-4.6028905 0.66464478 -1.7972528
-4.6175976 0.5533545 -1.7972538
-4.6296482 0.44174224 -1.7972546
-4.6455274 0.21781158 -1.7972561
-4.6494532 0.10562652 -1.7972569
-4.6506443 -0.0066284179 -1.7972573
-4.6449218 -0.23104736 -1.7972584
-4.6283593 -0.45493528 -1.797259
-4.5833201 -0.78861356 -1.7972594
-4.5629492 -0.89900386 -1.7972594
-4.5399022 -1.0088736 -1.7972593
-4.5142579 -1.1181527 -1.7972592
-4.4859376 -1.226784 -1.797259
-4.455039 -1.3346982 -1.7972587
-4.4214845 -1.4418337 -1.7972584
-4.0626173 -2.2635512 -1.7972528
-4.0067773 -2.3609517 -1.7972518
-3.8254688 -2.644649 -1.7972484
-3.4791992 -3.0859857 -1.7972413
-3.4037304 -3.1690557 -1.7972398
-3.326211 -3.2502835 -1.7972381
-3.2468164 -3.3296149 -1.7972363
-2.9974217 -3.5557909 -1.7972308
-2.9107029 -3.6270964 -1.7972288
-2.7322655 -3.7633286 -1.7972246
-2.6406446 -3.8281689 -1.7972227
-2.4527929 -3.9511364 -1.7972183
-1.9592577 -4.2176828 -1.7972064
-1.8568945 -4.2637372 -1.7972039
-1.6489453 -4.3483677 -1.7971988
-1.3300195 -4.4562554 -1.7971908
-1.0041406 -4.5407863 -1.7971826
-0.89423823 -4.5636897 -1.7971797
-0.67294919 -4.6015162 -1.797174
-0.56169921 -4.6164098 -1.7971711
-0.33828124 -4.6381254 -1.7971654
-0.2261914 -4.6449342 -1.7971623
-0.0017773437 -4.650423 -1.7971563
0.22261718 -4.6450763 -1.7971504
0.33466795 -4.6383424 -1.7971473
0.78025389 -4.5844498 -1.7971352
0.89066404 -4.5642776 -1.7971323
1.2185546 -4.4878521 -1.7971231
1.326543 -4.4571266 -1.79712
2.0571094 -4.1705403 -1.7970992
2.157207 -4.1196671 -1.7970964
2.255996 -4.0663929 -1.7970935
2.3534765 -4.0107565 -1.7970905
2.6374805 -3.8299506 -1.7970821
2.7291601 -3.7651732 -1.7970793
2.8192577 -3.6982002 -1.7970766
3.079375 -3.4845228 -1.7970686
3.3234179 -3.2525845 -1.797061
3.400918 -3.1714153 -1.7970586
3.6214647 -2.9170368 -1.7970513
3.6908007 -2.828773 -1.797049
3.2575195 -0.72658539 -1.2898028
4.5821486 -0.79211485 -1.7970153
4.5999022 -0.68129086 -1.7970145
4.6150193 -0.57006651 -1.7970134
4.6274219 -0.45851776 -1.7970126
4.6371288 -0.34669739 -1.7970117
4.6484766 -0.12251525 -1.7970103
4.6174803 0.54964232 -1.7970079
4.5429688 0.99221677 -1.7970077
2.6132617 0.77256709 -1.0531052
4.0703125 2.2484612 -1.7970141
4.0148826 2.3460474 -1.7970151
3.9570701 2.4422698 -1.7970161
3.7032616 2.8123724 -1.7970212
2.9689648 3.1722107 -1.6790624
2.8424609 3.1878581 -1.6505401
2.7548242 3.2439024 -1.6446443
2.4292579 3.4943767 -1.6446517
2.2577734 3.6075439 -1.6446557
1.6190039 3.9358807 -1.6446711
1.5235351 3.9738121 -1.6446735
1.4271679 4.0094328 -1.6446759
1.3300195 4.0427165 -1.6446784
1.2320508 4.0736456 -1.6446807
1.1333789 4.102201 -1.6446832
0.5294922 4.2228575 -1.6446987
0.4273828 4.2344141 -1.6447014
0.22255859 4.2501135 -1.6447067
-0.18820313 4.2518005 -1.6447177
-0.39318359 4.2377763 -1.6447232
-0.59724605 4.2138805 -1.6447287
-0.69873047 4.1982408 -1.6447315
-0.79990232 4.180161 -1.6447343
-0.9005273 4.1596451 -1.644737
-1.000664 4.1366997 -1.6447397
-1.1002539 4.1113524 -1.6447427
-1.2973437 4.0534806 -1.6447482
-1.3948241 4.0209928 -1.644751
-1.4914453 3.9861646 -1.6447537
-1.5872461 3.9490111 -1.6447564
-1.6820703 3.9095562 -1.6447592
-2.0511522 3.7292082 -1.6447699
-2.3155859 3.5710497 -1.6447777
-2.5679102 3.3941667 -1.6447853
-2.6491015 3.3312035 -1.6447877
-3.3117578 3.2649133 -1.7972058
-3.3895898 3.1840324 -1.7972082
-3.4654491 3.1013012 -1.7972107
-3.6110938 2.9304559 -1.7972153
-4.0525193 2.2814789 -1.7972302
-4.4490232 1.3543915 -1.7972453
-4.5797267 0.80888057 -1.7972516
-4.5979295 0.69811094 -1.7972527
-4.6134372 0.58693051 -1.7972535
-4.6262693 0.47541198 -1.7972544
-4.6485353 0.13944274 -1.7972566
-4.6506052 0.027212219 -1.7972572
-4.6498632 -0.085047908 -1.7972578
-4.6464844 -0.19724914 -1.7972583
-4.6403513 -0.30934143 -1.7972586
-4.620039 -0.53291595 -1.7972592
-4.6058397 -0.64426786 -1.7972593
-4.5693555 -0.86578673 -1.7972594
-4.5222459 -1.0852829 -1.7972593
-4.4947462 -1.1941135 -1.797259
-4.4645896 -1.3022537 -1.7972589
-4.4318748 -1.4096301 -1.7972584
-4.3965626 -1.5161841 -1.7972581
-4.0789647 -2.2339375 -1.7972531
-3.2709374 -3.3059061 -1.7972369
-3.1902149 -3.3838892 -1.797235
-3.0231836 -3.5338943 -1.7972314
-2.9370117 -3.6058273 -1.7972294
-2.8491211 -3.6756613 -1.7972274
-2.5757227 -3.8721509 -1.7972212
-2.3858397 -3.9919288 -1.7972167
-1.887832 -4.2501173 -1.7972047
-1.7847265 -4.2944407 -1.7972021
-1.5754101 -4.3755479 -1.7971969
-1.4693555 -4.4122934 -1.7971944
-1.3624023 -4.4464641 -1.7971916
-0.48378906 -4.6252213 -1.7971692
-0.37199217 -4.6355424 -1.7971662
-0.25999999 -4.6431642 -1.7971632
-0.035605468 -4.6502891 -1.7971573
0.18882813 -4.6465764 -1.7971513
0.30091795 -4.6406584 -1.7971482
0.63587892 -4.6067033 -1.7971393
1.1858789 -4.4966016 -1.797124
1.5080858 -4.3989935 -1.797115
1.6138281 -4.3613129 -1.797112
1.7186133 -4.321085 -1.797109
1.8224218 -4.2783365 -1.797106
2.1271875 -4.1352544 -1.7970971
2.3242188 -4.02777 -1.7970914
2.4207811 -3.9704959 -1.7970886
2.515918 -3.9109051 -1.7970856
2.6095312 -3.8490429 -1.7970829
2.7922461 -3.7186205 -1.7970774
2.8811717 -3.6501341 -1.7970747
3.1376953 -3.4321048 -1.7970668
3.2196093 -3.3553624 -1.7970643
3.5280468 -3.0293438 -1.7970544
3.6001561 -2.9433029 -1.7970521
3.8036327 -2.6751087 -1.7970454
3.9283006 -2.4884341 -1.7970412
3.9872069 -2.3928888 -1.7970392
4.0437889 -2.2959614 -1.7970371
3.2575195 -0.75150388 -1.2919338
4.5549998 -0.93563718 -1.7970169
4.5948048 -0.71473449 -1.7970147
4.6239648 -0.49217284 -1.7970128
4.6474609 -0.15633667 -1.7970104
4.6495509 0.068118282 -1.7970093
4.6465821 0.18032196 -1.797009
4.6408787 0.29242188 -1.7970085
4.632422 0.40434232 -1.7970082
4.591074 0.73844236 -1.7970076
4.5500584 0.95913386 -1.7970077
2.9512303 0.77256709 -1.1789342
2.6849804 0.7725665 -1.0797057
4.0318751 2.3167784 -1.7970147
3.974746 2.4134099 -1.7970158
3.9153514 2.5086467 -1.7970169
3.8536718 2.6024175 -1.7970181
3.7235937 2.7853534 -1.7970207
3.6552734 2.874414 -1.7970221
3.5848436 2.9618065 -1.7970235
3.4377539 3.1313493 -1.7970266
3.2947459 3.1498566 -1.7614845
3.1494725 3.1599407 -1.7241001
2.6195312 3.3540978 -1.6446474
2.5378125 3.4163451 -1.6446491
2.4545898 3.4766064 -1.6446512
2.3699999 3.5348406 -1.644653
2.2839649 3.591018 -1.6446551
2.018203 3.7468688 -1.6446614
1.8349999 3.8399091 -1.6446658
1.6475977 3.9239953 -1.6446704
1.5524218 3.9626219 -1.6446726
1.456328 3.9989402 -1.6446751
1.3593946 4.0329332 -1.6446775
1.0640234 4.1207323 -1.644685
0.8639648 4.1672897 -1.64469
0.66185546 4.2041364 -1.6446953
0.45818359 4.2311888 -1.6447005
0.25345704 4.2483845 -1.6447059
0.15087891 4.2532701 -1.6447086
-0.15726562 4.2530541 -1.6447167
-0.25986329 4.2480268 -1.6447196
-0.36230469 4.2405224 -1.6447225
-0.76945311 4.1858673 -1.6447334
-0.87023437 4.1660819 -1.6447363
-1.267832 4.0628095 -1.6447473
-1.3655273 4.0310349 -1.64475
-1.5584766 3.9604552 -1.6447555
-1.9330077 3.7917857 -1.6447663
-2.0239453 3.7440343 -1.6447691
-2.1137304 3.6940978 -1.6447717
-2.2895703 3.5878034 -1.6447768
-2.3754883 3.5315013 -1.6447794
-2.4600389 3.4731438 -1.6447821
-2.543164 3.41276 -1.6447845
-2.6248047 3.350385 -1.644787
-3.1345704 3.2906628 -1.7562915
-3.2855859 3.2866058 -1.7959393
-3.366328 3.2086077 -1.7972075
-3.4428124 3.1264305 -1.7972099
-3.5172656 3.0424237 -1.7972124
-3.8580272 2.5968378 -1.7972234
-4.4043164 1.4934576 -1.7972435
-4.439043 1.3867211 -1.797245
-4.471211 1.2791742 -1.7972463
-4.5008202 1.1708887 -1.7972475
-4.5277734 1.0619141 -1.797249
-4.5520897 0.95233214 -1.79725
-4.6090622 0.62048489 -1.7972533
-4.6336522 0.39732939 -1.7972549
-4.6418748 0.28538269 -1.7972556
-4.6474218 0.17326172 -1.7972565
-4.6503711 -0.051213376 -1.7972577
-4.6477733 -0.16344452 -1.7972581
-4.6424804 -0.27557006 -1.7972586
-4.6237693 -0.49929473 -1.7972592
-4.554121 -0.94270933 -1.7972594
-4.5033007 -1.1613901 -1.7972592
-4.4739647 -1.2697369 -1.7972589
-4.4420118 -1.3773547 -1.7972586
-4.3703513 -1.5901059 -1.7972577
-4.0407224 -2.3024044 -1.7972524
-3.9840038 -2.3992534 -1.7972513
-3.9249218 -2.4947145 -1.7972503
-3.5237498 -3.0350411 -1.7972423
-3.214746 -3.3605897 -1.7972357
-3.1326756 -3.4372041 -1.7972338
-3.0488086 -3.5118051 -1.797232
-2.7867382 -3.7231741 -1.7972261
-2.6960742 -3.7893481 -1.7972239
-2.4148242 -3.9744694 -1.7972174
-2.2202148 -4.0863624 -1.7972126
-2.1209373 -4.1387544 -1.7972103
-2.0204101 -4.1887336 -1.797208
-1.394707 -4.4364367 -1.7971925
-1.1789844 -4.49856 -1.797187
-0.8504492 -4.5720539 -1.7971786
-0.51742184 -4.6215839 -1.7971699
-0.40570313 -4.6327186 -1.7971671
-0.069472656 -4.649909 -1.7971581
0.042792968 -4.6502237 -1.7971553
0.37914062 -4.6349216 -1.7971461
0.71345699 -4.5953226 -1.7971371
0.82417965 -4.5767574 -1.797134
0.93437499 -4.5555234 -1.7971311
1.1531445 -4.5051069 -1.7971249
1.2615429 -4.4759607 -1.7971219
1.4760351 -4.4098539 -1.7971159
1.5820508 -4.3729372 -1.7971128
1.6871485 -4.3334746 -1.7971098
1.7912695 -4.291482 -1.7971069
2.0970116 -4.1506171 -1.797098
2.2948632 -4.0445762 -1.7970922
2.3918164 -3.9880054 -1.7970893
2.5814843 -3.8679216 -1.7970837
2.8545506 -3.6709983 -1.7970755
3.0283983 -3.528959 -1.7970701
3.1126366 -3.4548323 -1.7970675
3.1951365 -3.3786991 -1.7970651
3.4311914 -3.1386635 -1.7970576
3.5059764 -3.0549271 -1.7970551
3.5786328 -2.9694188 -1.7970527
3.6492577 -2.8821733 -1.7970505
3.7177539 -2.7932541 -1.7970481
3.8482225 -2.6105883 -1.7970439
3.9101367 -2.5169418 -1.7970418
4.0270114 -2.3253162 -1.7970376
2.6637695 -0.77256376 -1.0718328
2.9259961 -0.77256471 -1.1695014
4.5480661 -0.96875119 -1.7970172
4.570117 -0.85869414 -1.7970161
4.5895309 -0.7481488 -1.7970151
4.6062303 -0.63715541 -1.797014
4.6316209 -0.41413116 -1.7970121
4.6402736 -0.30222106 -1.7970114
4.6499219 0.034298096 -1.7970096
4.6477733 0.14651093 -1.7970091
4.625 0.48239592 -1.797008
4.5963283 0.70503139 -1.7970077
3.0414062 0.7725662 -1.2126702
3.8092382 2.6670287 -1.797019
3.6760936 2.847749 -1.7970216
3.0514648 3.1666417 -1.6994373
2.8017187 3.2034748 -1.6446432
2.723418 3.2701733 -1.6446449
2.3956444 3.5175054 -1.6446525
2.1348631 3.6816278 -1.6446586
2.0453906 3.7320831 -1.6446607
1.7700391 3.870307 -1.6446673
1.6761132 3.9119005 -1.6446697
1.5812109 3.9512231 -1.644672
1.4853711 3.9882414 -1.6446743
1.2911718 4.0552845 -1.6446792
0.89425778 4.1608906 -1.6446893
0.79351562 4.1812668 -1.6446919
0.38675779 4.2383204 -1.6447024
0.07912109 4.2552142 -1.6447105
-0.33144531 4.2430439 -1.6447215
-0.63757813 4.2079625 -1.6447299
-0.83990234 4.1723022 -1.6447353
-1.1395898 4.1006184 -1.6447438
-1.2382421 4.0719213 -1.6447465
-1.3361719 4.0408597 -1.6447493
-1.5296093 3.9716825 -1.6447548
-1.625039 3.9336162 -1.6447575
-1.9053711 3.8057475 -1.6447656
-2.0868163 3.709378 -1.644771
-2.1757421 3.6579332 -1.6447735
-2.3497069 3.5486841 -1.6447787
-2.4347069 3.4909449 -1.6447811
-2.947324 3.2954314 -1.7085612
-3.3429101 3.2330143 -1.7972066
-3.4199803 3.151391 -1.7972091
-3.9012499 2.5314136 -1.797225
-3.9612303 2.436516 -1.7972271
-4.4618163 1.3116711 -1.7972459
-4.4921484 1.2036041 -1.7972473
-4.5199413 1.0948297 -1.7972485
-4.5450392 0.98541194 -1.7972497
-4.5675197 0.87543637 -1.797251
-4.6044335 0.65399015 -1.7972529
-4.6188474 0.54267454 -1.7972538
-4.6460156 0.20706818 -1.7972562
-4.6496677 0.094866328 -1.7972569
-4.6146874 -0.57719177 -1.7972592
-4.4519138 -1.3449975 -1.7972587
-4.0573826 -2.2729468 -1.7972528
-3.3963866 -3.1769216 -1.7972395
-3.3187108 -3.2579694 -1.797238
-3.1575975 -3.414319 -1.7972343
-3.2378321 -2.9142632 -1.7972341
-2.8633983 -3.2828832 -1.797226
-2.7833397 -3.3510365 -1.797224
-2.7016602 -3.4172344 -1.7972223
-2.6183593 -3.4814425 -1.7972202
-2.5335741 -3.5436201 -1.7972184
-2.4473243 -3.6037316 -1.7972164
-2.3596094 -3.6617513 -1.7972143
-2.088496 -3.8228662 -1.797208
-1.6130078 -4.0464859 -1.7971963
-1.3160741 -4.1525702 -1.797189
-1.1141015 -4.2112308 -1.7971838
-0.49464843 -4.3278995 -1.7971679
-0.18021484 -4.3523283 -1.7971597
0.34509766 -4.3423381 -1.7971456
0.96816403 -4.2470374 -1.7971286
1.1719922 -4.1953559 -1.797123
1.7651953 -3.9822576 -1.7971061
1.8607812 -3.9384875 -1.7971033
2.0486913 -3.8440928 -1.7970979
2.3214061 -3.6857793 -1.7970898
2.4096875 -3.6286745 -1.7970872
2.4965625 -3.5694525 -1.7970846
2.5819921 -3.5081525 -1.7970821
2.6658983 -3.4448073 -1.7970794
2.7482812 -3.3794565 -1.7970769
2.8290234 -3.3121355 -1.7970744
2.9081445 -3.2428865 -1.7970719
2.9855468 -3.1717474 -1.7970695
3.06125 -3.0987618 -1.7970672
3.2071874 -2.9474194 -1.7970626
3.2774022 -2.8691473 -1.7970604
3.3456836 -2.7892077 -1.7970581
3.4120507 -2.7076409 -1.797056
3.476367 -2.6245017 -1.7970538
3.5387108 -2.5398304 -1.7970518
3.5989451 -2.4536769 -1.7970496
3.6571484 -2.3660944 -1.7970477
3.7670703 -2.1868508 -1.7970439
2.898828 -0.77256471 -1.2376894
4.2789645 -0.81424403 -1.7970235
4.2973828 -0.71073121 -1.7970225
4.3266602 -0.50252104 -1.7970208
4.3549218 -0.08308319 -1.7970179
4.3556833 0.022049865 -1.7970175
4.3538866 0.12717162 -1.797017
4.3495703 0.2322171 -1.7970166
4.3426561 0.33713013 -1.7970163
4.3213477 0.54630339 -1.7970158
4.3068748 0.65044403 -1.7970157
4.2899609 0.75420284 -1.7970157
4.2704883 0.85752195 -1.7970157
3.7973046 2.1338243 -1.7970219
3.7446873 2.2248523 -1.7970228
3.5739257 2.4899535 -1.7970262
3.5127733 2.57549 -1.7970273
3.4495897 2.6595263 -1.7970287
3.317246 2.8228979 -1.7970314
3.1771483 2.9796953 -1.7970343
3.1042969 3.0555103 -1.7970358
2.9113867 3.156333 -1.7715424
2.7813084 3.1653028 -1.7383839
2.33041 3.2343547 -1.6446556
2.2515428 3.28966 -1.6446574
2.1716797 3.3430474 -1.6446593
2.0902343 3.3944921 -1.6446612
2.0077343 3.4439545 -1.6446632
1.9240429 3.4914148 -1.6446652
1.8392187 3.5368376 -1.6446671
1.7532617 3.580205 -1.6446693
1.4896679 3.6976848 -1.6446757
1.3999804 3.7325652 -1.6446779
1.2182226 3.7957861 -1.6446824
1.1262695 3.8240874 -1.6446847
1.0336523 3.8501616 -1.6446872
0.84664059 3.8955669 -1.6446919
0.46714842 3.9590607 -1.6447016
0.37146485 3.9691899 -1.6447041
0.2755664 3.9770024 -1.6447067
0.17951171 3.982501 -1.6447091
0.08333984 3.9856799 -1.6447117
-0.012890625 3.9865308 -1.6447144
-0.10910156 3.9850671 -1.6447169
-0.20527343 3.981281 -1.6447195
-0.30126953 3.9751697 -1.644722
-0.39712891 3.9667449 -1.6447247
-0.49279296 3.9560101 -1.6447272
-0.58810544 3.9429686 -1.6447299
-0.77771485 3.9100053 -1.6447351
-0.87187499 3.8901012 -1.6447377
-1.1510352 3.8168426 -1.6447455
-1.2428125 3.7879515 -1.6447481
-1.3338867 3.756861 -1.6447506
-1.6022265 3.6505187 -1.6447582
-1.6898632 3.6107934 -1.6447608
-1.7765234 3.5689592 -1.6447634
-1.8621289 3.5250456 -1.6447657
-1.9466991 3.4790759 -1.6447684
-2.5239258 3.2860553 -1.7094597
-2.8964648 3.2536676 -1.7971946
-3.050117 3.1101067 -1.7971995
-3.1966405 2.9593005 -1.7972041
-3.8114061 2.1093829 -1.7972246
-4.1765232 1.2383044 -1.7972387
-4.2051954 1.1371368 -1.7972399
-4.2314062 1.0353118 -1.7972412
-4.2551756 0.93288207 -1.7972423
-4.3115039 0.62256867 -1.7972453
-4.3252931 0.51832455 -1.7972462
-4.3365626 0.41377714 -1.7972469
-4.3452735 0.30899107 -1.7972478
-4.3548241 -0.11134796 -1.79725
-4.3508396 -0.21642333 -1.7972505
-4.3443751 -0.32137024 -1.7972507
-4.3237891 -0.53064942 -1.7972512
-4.228457 -1.0473706 -1.7972512
-2.6436522 -3.4623032 -1.7972208
-2.5593164 -3.5250964 -1.797219
-2.473496 -3.585834 -1.797217
-2.3861914 -3.6444881 -1.797215
-2.2075195 -3.755389 -1.7972108
-1.9300586 -3.905251 -1.7972041
-1.6424414 -4.0346432 -1.7971971
-1.5445898 -4.0731039 -1.7971946
-1.3461914 -4.1428895 -1.7971897
-1.0429492 -4.2294126 -1.7971821
-0.94054687 -4.2533503 -1.7971793
-0.73419923 -4.2937708 -1.7971742
-0.63035154 -4.3102326 -1.7971715
-0.42160156 -4.3356214 -1.7971661
-0.21191406 -4.3509026 -1.7971605
-0.0016992188 -4.3560481 -1.7971549
0.52277344 -4.3245316 -1.7971407
1.0396484 -4.2301035 -1.7971265
1.242539 -4.1749921 -1.7971209
1.4425976 -4.1101551 -1.7971153
1.7361914 -3.9949975 -1.7971069
2.4705079 -3.5875216 -1.7970854
2.6407616 -3.4641113 -1.7970802
3.0386133 -3.1209509 -1.797068
3.185703 -2.9706748 -1.7970632
3.3252928 -2.8134739 -1.7970588
3.392246 -2.7323949 -1.7970566
3.5810156 -2.4797955 -1.7970502
3.6965039 -2.30409 -1.7970463
3.8033788 -2.1230164 -1.7970426
2.571367 -0.77256471 -1.1076982
2.816328 -0.77256471 -1.2048346
3.1085351 -0.77256435 -1.3214898
4.2729101 -0.84535217 -1.7970239
4.2921095 -0.74197662 -1.7970228
4.3087497 -0.63816738 -1.7970219
4.3436522 -0.32475281 -1.7970195
4.3501759 -0.21982238 -1.7970186
4.3450193 0.30552825 -1.7970163
4.3363867 0.41030791 -1.7970159
4.3251953 0.51485413 -1.7970158
4.3115234 0.61909485 -1.7970157
4.2766013 0.82643247 -1.7970157
4.2554297 0.92941344 -1.7970157
3.1683788 0.7725656 -1.3454624
2.8659961 0.7725656 -1.224605
2.6132617 0.7725665 -1.1242721
3.760781 2.1975524 -1.7970225
3.6503711 2.3764789 -1.7970246
3.5314062 2.5498657 -1.797027
3.468828 2.6343603 -1.7970282
3.4042578 2.7173157 -1.7970295
3.1987305 2.9565008 -1.7970338
3.1264453 3.0328491 -1.7970353
2.8199413 3.1626549 -1.7481482
2.6930859 3.1712799 -1.7164767
2.5706639 3.1794372 -1.6868118
2.4523828 3.1876276 -1.6592616
2.353828 3.2173138 -1.644655
2.1957617 3.3271625 -1.6446588
2.1148827 3.3791955 -1.6446606
1.7792773 3.5673535 -1.6446686
1.6050781 3.6490674 -1.6446729
1.4270898 3.7222807 -1.6446773
1.3368359 3.7556462 -1.6446795
1.1540821 3.8157921 -1.6446841
0.7808398 3.909292 -1.6446936
0.2084375 3.9810874 -1.6447084
-0.17626953 3.9826653 -1.6447186
-0.27236328 3.9772546 -1.6447212
-0.7492578 3.9155567 -1.6447343
-0.93730468 3.8748467 -1.6447395
-1.1232421 3.8251128 -1.6447446
-1.2152148 3.7968946 -1.6447473
-1.3970507 3.7338367 -1.6447523
-1.4867773 3.6990356 -1.6447549
-1.6635351 3.6229882 -1.6447601
-1.7504883 3.5817859 -1.6447625
-1.9213281 3.4931462 -1.6447675
-2.0877538 3.3963702 -1.6447724
-2.1688867 3.3449945 -1.6447749
-2.2550194 3.3002985 -1.6490866
-2.3660545 3.2895966 -1.6717979
-2.4867773 3.2869153 -1.7004511
-2.6115429 3.2839634 -1.7310373
-2.7408006 3.2807257 -1.7636982
-3.1021287 3.0582373 -1.7972012
-4.1355662 1.3688648 -1.7972369
-4.1967969 1.167702 -1.7972395
-4.2703123 0.86099732 -1.797243
-4.3068943 0.65391755 -1.797245
-4.3429294 0.34059203 -1.7972475
-4.3498826 0.23567565 -1.7972482
-4.3542967 0.13061707 -1.7972488
-4.3561912 0.025487976 -1.7972494
-4.3555079 -0.079665832 -1.7972499
-4.3383789 -0.39458466 -1.797251
-4.327539 -0.49918059 -1.7972512
-4.3142381 -0.60348237 -1.7972513
-4.2984376 -0.70743495 -1.7972513
-4.2800975 -0.81097901 -1.7972516
-4.2592773 -0.9140445 -1.7972513
-4.2359767 -1.0165811 -1.7972513
-4.2102146 -1.118522 -1.7972511
-3.8207421 -2.0925217 -1.7972456
-2.9108984 -3.2408762 -1.797227
-2.8317969 -3.3101883 -1.7972251
-2.7510741 -3.3775692 -1.7972233
-2.6687305 -3.4429808 -1.7972215
-2.4126368 -3.6270344 -1.7972156
-2.0517578 -3.8427138 -1.797207
-1.8638867 -3.9372399 -1.7972025
-1.7683593 -3.9810758 -1.7972001
-1.5741796 -4.0617628 -1.7971954
-1.475664 -4.0985699 -1.7971929
-1.376289 -4.1329856 -1.7971905
-1.2761718 -4.1649957 -1.7971879
-1.0736718 -4.2217178 -1.7971829
-0.86869138 -4.2685981 -1.7971776
-0.76542968 -4.2883167 -1.7971749
-0.45314452 -4.3324389 -1.7971668
0.071777344 -4.3554549 -1.797153
0.28187498 -4.3469014 -1.7971473
0.3866992 -4.3388286 -1.7971445
0.59562498 -4.3150992 -1.7971388
0.90628904 -4.2606764 -1.7971302
1.3127929 -4.1534433 -1.7971189
1.5116601 -4.0852413 -1.7971133
1.6098437 -4.0475621 -1.7971106
1.7070898 -4.0075231 -1.7971077
1.8984375 -3.9204652 -1.7971022
2.0854297 -3.8242717 -1.7970968
2.1771092 -3.7728183 -1.7970941
2.3566601 -3.6633496 -1.7970887
2.444375 -3.6054025 -1.7970861
2.6987891 -3.4190881 -1.7970784
2.7805274 -3.352948 -1.7970759
2.9390819 -3.2148561 -1.797071
3.0908203 -3.0692737 -1.7970663
3.1639647 -2.9937744 -1.7970641
3.2352929 -2.9165263 -1.7970617
3.4378319 -2.6748068 -1.7970551
3.5013866 -2.5910497 -1.797053
3.5628905 -2.5057809 -1.797051
3.6223242 -2.4190602 -1.7970489
3.7348437 -2.2414281 -1.7970451
3.7878516 -2.150636 -1.7970433
2.5050585 -0.77256405 -1.0815369
2.738086 -0.77256435 -1.1737399
4.2442775 -0.97914273 -1.7970252
4.286582 -0.77318299 -1.7970232
4.3040037 -0.66949582 -1.7970222
4.3188868 -0.56542665 -1.7970213
4.3411913 -0.35634398 -1.7970196
4.3471289 0.27391386 -1.7970164
4.3392382 0.37874663 -1.7970161
4.3288474 0.48337004 -1.7970158
4.3158984 0.58770448 -1.7970157
4.2824998 0.79529905 -1.7970155
4.2620897 0.89842284 -1.7970157
4.2391405 1.0010321 -1.7970157
2.6849804 0.77256531 -1.1526706
3.7231641 2.2606518 -1.7970233
3.5498438 2.5241058 -1.7970266
3.4239256 2.6924736 -1.797029
3.3579297 2.7743351 -1.7970304
3.2201757 2.933145 -1.7970333
2.9921288 3.150672 -1.7926141
2.7308788 3.1687305 -1.7258047
2.6071484 3.1770251 -1.6955504
2.1394532 3.363714 -1.64466
1.8052148 3.5543132 -1.644668
1.7189062 3.5968504 -1.64467
1.6315625 3.6372893 -1.6446722
1.5433007 3.6756163 -1.6446743
1.3641211 3.7458179 -1.6446787
1.2733399 3.7776556 -1.6446811
1.1817968 3.8072906 -1.6446834
1.0895703 3.8347094 -1.6446856
0.80925781 3.903507 -1.6446928
0.7148242 3.9219036 -1.6446953
0.6199609 3.9380212 -1.6446977
0.42917967 3.9633605 -1.6447026
0.33341795 3.9725707 -1.6447052
0.14132813 3.984041 -1.6447102
-0.051113281 3.9862311 -1.6447152
-0.62587887 3.9371514 -1.6447308
-0.81517577 3.9023688 -1.6447362
-1.0953906 3.8331811 -1.6447439
-1.1875781 3.8056324 -1.6447465
-1.3698242 3.7438989 -1.6447515
-1.5489062 3.6734428 -1.6447568
-1.6371288 3.6349962 -1.6447593
-1.7243555 3.594425 -1.6447618
-1.8106641 3.5517633 -1.6447644
-1.9799609 3.4602537 -1.6447692
-2.1447656 3.3606915 -1.6447741
-2.2251952 3.307951 -1.6447766
-2.7013085 3.2817333 -1.7536253
-2.8339453 3.2782836 -1.7878236
-3.0045116 3.1541553 -1.7971979
-3.0797851 3.0807233 -1.7972004
-3.1532421 3.0054936 -1.7972027
-4.1254883 1.398916 -1.7972366
-4.1580467 1.2989367 -1.7972379
-4.2411327 0.99469239 -1.7972417
-4.2639256 0.89204341 -1.7972426
-4.2841797 0.78886658 -1.7972437
-4.3300781 0.47683012 -1.7972465
-4.3402929 0.3721762 -1.7972473
-4.3480468 0.26731688 -1.797248
-4.3535352 -0.15309845 -1.7972502
-4.3485937 -0.25812501 -1.7972506
-4.3410935 -0.36301148 -1.797251
-4.3310547 -0.46768737 -1.7972511
-4.3034568 -0.67614651 -1.7972513
-4.2432423 -0.98573792 -1.7972513
-4.2182422 -1.0878683 -1.7972512
-4.1608005 -1.2901608 -1.7972506
-3.2311132 -2.9217412 -1.7972338
-3.1596484 -2.9988794 -1.7972323
-3.0112305 -3.147855 -1.7972292
-2.934375 -3.2196155 -1.7972274
-2.8558006 -3.2894952 -1.7972257
-2.6937304 -3.4234746 -1.7972221
-2.4389648 -3.6093903 -1.7972162
-2.1714454 -3.7763836 -1.7972099
-1.9866601 -3.8767624 -1.7972054
-1.4063476 -4.1228642 -1.7971913
-1.3064452 -4.1556005 -1.7971886
-1.2057421 -4.1859198 -1.7971863
-1.104375 -4.2137918 -1.7971836
-1.0023438 -4.2392159 -1.797181
-0.89972657 -4.2621703 -1.7971785
-0.79658204 -4.2826385 -1.7971758
-0.69298828 -4.3006101 -1.7971731
-0.58900392 -4.3160787 -1.7971704
-0.48462889 -4.329031 -1.7971677
-0.38001952 -4.3394599 -1.7971649
-0.27515623 -4.3473659 -1.7971622
-0.17015624 -4.3527331 -1.7971594
0.14519531 -4.3536172 -1.797151
0.35511717 -4.3415279 -1.7971454
0.45980468 -4.3316846 -1.7971426
0.7720117 -4.2870469 -1.797134
0.87523437 -4.2671585 -1.7971312
1.1816796 -4.1926341 -1.7971226
1.3826562 -4.1307111 -1.797117
1.6778516 -4.019835 -1.7971085
1.8698828 -3.9341726 -1.797103
2.1496093 -3.7885578 -1.7970948
2.2404492 -3.73557 -1.7970922
2.3299413 -3.6804006 -1.7970895
2.8366992 -3.3055825 -1.7970742
2.9156444 -3.2361486 -1.7970718
3.0684178 -3.0916731 -1.7970669
3.2140038 -2.9399936 -1.7970624
3.2840233 -2.8615575 -1.79706
3.4824414 -2.6164479 -1.7970537
3.5445702 -2.5316396 -1.7970515
3.6625977 -2.3576262 -1.7970475
3.7184765 -2.2685437 -1.7970456
3.8235741 -2.0864556 -1.7970419
2.6637695 -0.77256435 -1.1442648
2.9260156 -0.77256471 -1.2485342
4.3146677 -0.59682643 -1.7970216
4.3278122 -0.49251005 -1.7970207
4.3465428 -0.2830908 -1.7970191
4.3535938 0.13723785 -1.7970169
4.3418751 0.34717527 -1.7970163
4.3322458 0.4518646 -1.7970159
4.3200583 0.5562973 -1.7970158
4.3053904 0.66040558 -1.7970157
4.2882032 0.76411927 -1.7970157
4.2685156 0.86739987 -1.7970157
2.760371 0.7725659 -1.1825954
3.7395506 2.2335119 -1.7970229
3.6845508 2.3231115 -1.797024
3.6274023 2.4113677 -1.7970251
3.5681446 2.4982164 -1.7970262
3.5067773 2.5836065 -1.7970273
3.4434178 2.6674957 -1.7970288
3.3780272 2.7498353 -1.79703
3.1702149 2.9870391 -1.7970344
3.0224023 3.1365471 -1.7970376
2.8986914 3.1572149 -1.7682711
2.7691016 3.1661358 -1.7353194
2.6439843 3.174572 -1.7044604
2.5230663 3.1825578 -1.6755568
2.4105468 3.1961901 -1.6516118
2.3228905 3.2397356 -1.6446557
2.244082 3.2948546 -1.6446576
1.830996 3.5410814 -1.6446673
1.7449805 3.5842505 -1.6446694
1.4811132 3.7011218 -1.6446759
1.3913476 3.7357953 -1.6446781
1.3007812 3.768291 -1.6446805
1.1174414 3.8266833 -1.644685
0.93142575 3.8761585 -1.6446898
0.55345702 3.9479179 -1.6446993
0.26634765 3.9776306 -1.644707
-0.022148438 3.9864941 -1.6447146
-0.11830078 3.9848022 -1.6447171
-0.21445312 3.9807947 -1.6447196
-0.3105078 3.9744635 -1.6447222
-0.50193357 3.9548583 -1.6447275
-0.97441405 3.8656871 -1.6447406
-1.1598437 3.8141668 -1.6447457
-1.2515625 3.7850718 -1.6447482
-1.4327734 3.7202733 -1.6447533
-1.5221679 3.6846149 -1.644756
-1.610664 3.6468053 -1.6447586
-1.7847656 3.5648389 -1.6447636
-1.8703125 3.5207274 -1.6447661
-2.0381639 3.4263823 -1.644771
-2.1198828 3.3761902 -1.6447734
-2.2970703 3.2936199 -1.6566787
-2.5358202 3.2857776 -1.7123604
-2.793457 3.2793567 -1.77728
-2.9039648 3.2469628 -1.797195
-3.0572655 3.1030498 -1.7971997
-3.203496 2.9518957 -1.7972044
-3.8163085 2.1005628 -1.7972249
-4.1793361 1.2286358 -1.7972387
-4.2078123 1.1274133 -1.7972401
-4.2338085 1.0255237 -1.7972412
-4.2968946 0.71651334 -1.7972444
-4.3129296 0.61259061 -1.7972455
-4.3264842 0.50832152 -1.7972462
-4.3553319 0.088858642 -1.7972491
-4.3343358 -0.43616241 -1.7972511
-4.322578 -0.54065305 -1.7972512
-4.2914453 -0.74861908 -1.7972516
-4.2721481 -0.85198087 -1.7972516
-4.2503319 -0.95483702 -1.7972513
-4.199297 -1.1588352 -1.7972511
-3.1086328 -3.0517297 -1.7972312
-2.9577343 -3.19818 -1.7972281
-2.6899219 -3.0839953 -1.7972202
-2.5379882 -3.2102065 -1.7972169
-2.4597461 -3.2705235 -1.7972151
-2.3800781 -3.3289392 -1.7972132
-2.21666 -3.4399111 -1.7972094
-1.8747461 -3.6375668 -1.7972014
-1.7863867 -3.6817551 -1.7971992
-1.6969922 -3.7237937 -1.7971969
-1.6066406 -3.7636616 -1.7971948
-1.3301171 -3.8700252 -1.7971879
-1.1417773 -3.9296956 -1.7971832
-0.4646875 -4.0657067 -1.7971658
-0.36642578 -4.0757346 -1.7971634
-0.1693164 -4.0886583 -1.7971581
0.12695312 -4.0901771 -1.7971503
0.22562499 -4.0859165 -1.7971476
0.32416016 -4.0792742 -1.7971449
0.52064455 -4.0588655 -1.7971395
0.7159375 -4.0290046 -1.7971342
0.81294918 -4.0105453 -1.7971317
0.90951169 -3.9897499 -1.7971289
1.2899023 -3.8834693 -1.7971182
1.3832421 -3.8511992 -1.7971156
1.4758008 -3.8166864 -1.7971129
1.6582617 -3.7410152 -1.7971077
1.7480664 -3.6998966 -1.7971051
1.8368554 -3.6566226 -1.7971026
1.9245703 -3.6112194 -1.7971001
2.0111327 -3.5637145 -1.7970974
2.1808007 -3.4624982 -1.7970924
2.2636914 -3.4088507 -1.7970899
2.3453124 -3.3532183 -1.7970876
2.5043945 -3.2361257 -1.7970828
2.6576366 -3.1114905 -1.797078
2.8047071 -2.9796076 -1.7970735
2.8757813 -2.9110436 -1.7970712
3.0129297 -2.7688689 -1.7970669
3.1430273 -2.6202416 -1.7970626
3.538867 -2.0543773 -1.7970494
2.6409373 -0.77256376 -1.2084225
3.9781835 -0.9580127 -1.7970322
4.0197654 -0.7649197 -1.7970303
4.0370703 -0.66767758 -1.7970293
4.0748048 -0.373844 -1.7970268
4.0880857 -0.17677185 -1.7970256
4.0901561 0.11946655 -1.797024
4.0860744 0.21815154 -1.7970235
4.0796094 0.31670713 -1.7970233
4.0707617 0.41508117 -1.7970232
4.0459962 0.6110397 -1.7970228
4.011797 0.80557704 -1.7970227
2.7851954 0.7725665 -1.2693549
2.5450194 0.7725662 -1.1680597
3.4663866 2.1743767 -1.7970306
3.41291 2.2574072 -1.7970315
3.2999804 2.419472 -1.7970338
3.1793554 2.5759087 -1.7970363
3.051367 2.7263367 -1.7970388
2.984668 2.7991917 -1.7970403
2.91625 2.870415 -1.7970418
2.8461328 2.9399633 -1.7970433
2.7743359 3.007807 -1.797045
2.7009375 3.0738952 -1.7970464
1.9733007 3.2045593 -1.6527623
1.8861914 3.2353258 -1.6446675
1.8075585 3.2799065 -1.6446693
1.7278124 3.3225822 -1.6446711
1.5654101 3.402097 -1.6446751
1.3151953 3.5064533 -1.6446813
0.97103512 3.6169214 -1.6446899
0.79537106 3.6595757 -1.6446943
0.52851564 3.7075438 -1.6447012
0.34894529 3.7287359 -1.6447059
0.25886717 3.7360785 -1.6447082
0.16863281 3.7412407 -1.6447107
0.078300782 3.7442284 -1.644713
-0.012109375 3.7450304 -1.6447154
-0.10251953 3.7436504 -1.6447178
-0.19283202 3.7400939 -1.6447203
-0.28306639 3.7343535 -1.6447227
-0.37310547 3.7264404 -1.6447252
-0.55248046 3.704102 -1.6447301
-0.64169919 3.6896911 -1.6447325
-0.73058593 3.6731341 -1.6447349
-0.99443358 3.6106627 -1.6447423
-1.1675195 3.558476 -1.6447471
-1.4219335 3.4646904 -1.6447544
-1.5084569 3.437099 -1.6484663
-1.5874609 3.3920429 -1.6447592
-1.6689062 3.3527465 -1.6447614
-1.8388866 3.2864354 -1.6538879
-2.3885155 3.2703166 -1.778531
-2.4927149 3.245399 -1.797184
-2.5702734 3.1842949 -1.7971864
-2.7939453 2.9899938 -1.7971933
-2.8653123 2.9216919 -1.7971956
-2.9350195 2.8516862 -1.7971977
-3.8627734 1.3512609 -1.7972298
-3.8942382 1.2576373 -1.7972311
-3.923496 1.1632831 -1.7972323
-3.975039 0.97258848 -1.7972347
-4.0173435 0.77962983 -1.7972368
-4.0502734 0.58484954 -1.7972386
-4.0820312 0.29027039 -1.7972409
-4.0912695 0.092943721 -1.797242
-4.0910153 -0.10459992 -1.797243
-4.0872655 -0.20331115 -1.7972434
-4.081172 -0.30190185 -1.7972437
-4.0151172 -0.79107666 -1.7972444
-3.9948437 -0.8877545 -1.7972442
-3.972285 -0.98391354 -1.7972441
-3.9474022 -1.0795044 -1.797244
-2.9268944 -2.8600805 -1.7972255
-2.8570507 -2.9298882 -1.7972239
-2.712285 -3.0643451 -1.7972207
-2.5612304 -3.1916602 -1.7972174
-2.3236327 -3.3685951 -1.7972119
-2.2416406 -3.4236951 -1.7972101
-2.1583788 -3.4767962 -1.7972081
-2.0738084 -3.5278757 -1.797206
-1.5429101 -3.7902172 -1.7971933
-1.1703711 -3.9212863 -1.797184
-1.0753516 -3.9483883 -1.7971815
-0.7868945 -4.0158305 -1.7971742
-0.68970704 -4.0336456 -1.7971717
-0.59216797 -4.0491142 -1.7971692
-0.39605469 -4.0729618 -1.7971641
-0.19902344 -4.0873184 -1.797159
-0.0016015625 -4.0921521 -1.7971536
0.097207032 -4.0909953 -1.797151
0.19591796 -4.08745 -1.7971483
0.39291015 -4.0732236 -1.7971431
0.49109372 -4.0625486 -1.7971404
0.78375 -4.016355 -1.7971324
0.88044918 -3.9962621 -1.7971296
0.97667968 -3.9738431 -1.797127
1.1673046 -3.9220715 -1.7971216
1.3551757 -3.8611603 -1.7971164
1.5399609 -3.7912557 -1.7971112
1.8101562 -3.6698906 -1.7971034
1.8982421 -3.6251268 -1.7971008
1.9851757 -3.5782499 -1.7970982
2.1555665 -3.4782732 -1.7970932
2.3208787 -3.3701937 -1.7970883
2.4015429 -3.3131936 -1.7970859
2.4808006 -3.2542589 -1.7970834
2.5586133 -3.1934319 -1.7970811
2.6349609 -3.1307476 -1.7970786
2.7097461 -3.0662341 -1.7970763
2.7829492 -2.9999352 -1.7970741
2.8545313 -2.9318895 -1.7970719
2.9244726 -2.8621371 -1.7970697
2.9926758 -2.7907147 -1.7970675
3.1238866 -2.6430383 -1.7970632
3.1867578 -2.5668719 -1.7970613
3.3068945 -2.4100919 -1.7970573
3.3641014 -2.3295743 -1.7970554
3.472578 -2.1645136 -1.7970517
3.523828 -2.080066 -1.7970499
3.9937694 -0.89079618 -1.7970315
4.0610352 -0.50163573 -1.7970278
4.0805273 -0.30508238 -1.7970263
4.0503516 0.58159089 -1.7970228
4.0351562 0.67917782 -1.7970227
4.0175781 0.77636993 -1.7970227
3.1683788 0.7725665 -1.4322276
2.6132617 0.77256709 -1.1967735
3.4291992 2.2325213 -1.7970312
3.1980078 2.5527098 -1.7970358
3.1355078 2.6291516 -1.7970371
3.0710938 2.7040637 -1.7970386
3.0049608 2.7774053 -1.7970399
2.9370508 2.8491235 -1.7970413
2.8674219 2.9191833 -1.7970428
2.7961524 2.9875414 -1.7970443
2.723242 3.0541606 -1.7970461
2.6487498 3.1190026 -1.7970477
2.5560741 3.161485 -1.7854501
2.0022657 3.1992157 -1.657475
1.9095898 3.2215228 -1.6446669
1.7519727 3.3099225 -1.6446707
1.5901171 3.3906176 -1.6446745
1.5078515 3.4280138 -1.6446764
1.3406445 3.4967902 -1.6446806
1.2558789 3.528131 -1.6446828
1.1703711 3.5574176 -1.6446849
1.0841407 3.584635 -1.6446871
0.90990233 3.6327868 -1.6446915
0.82195312 3.6536925 -1.6446937
0.46589842 3.7159326 -1.6447029
0.10550781 3.7435577 -1.6447123
0.01515625 3.7450151 -1.6447148
-0.075234376 3.7442956 -1.6447171
-0.16560547 3.7413952 -1.6447195
-0.25585938 3.7363145 -1.644722
-0.4358789 3.7196214 -1.6447269
-0.79246092 3.6602964 -1.6447366
-0.88054687 3.6401074 -1.644739
-0.96812499 3.6178007 -1.6447415
-1.0551758 3.5933843 -1.6447439
-1.1416016 3.5668731 -1.6447463
-1.2273437 3.5382855 -1.6447488
-1.3124218 3.507638 -1.6447512
-1.3966601 3.4749424 -1.6447537
-1.4806445 3.4402142 -1.6447462
-1.5627344 3.4035015 -1.6447585
-1.6445508 3.3647985 -1.6447608
-1.7252538 3.3241315 -1.6447631
-1.8098632 3.2904522 -1.6492398
-2.2369726 3.2739007 -1.7413903
-2.4689844 3.2634466 -1.7971832
-2.6986523 3.0762651 -1.7971903
-2.7721288 3.0102391 -1.7971927
-2.8440039 2.9424548 -1.7971948
-3.9425585 1.0969592 -1.7972331
-4.0299606 0.71177244 -1.7972374
-4.086328 0.22139709 -1.7972413
-4.0922461 0.023940429 -1.7972424
-4.0886326 -0.17357117 -1.7972434
-4.0755272 -0.37068024 -1.797244
-4.0653515 -0.46893889 -1.7972441
-4.0380077 -0.66457641 -1.7972444
-4.0208006 -0.7618475 -1.7972444
-3.9285936 -1.1459152 -1.7972437
-3.899785 -1.2404019 -1.7972435
-3.8687303 -1.3341604 -1.7972431
-2.8072069 -2.9776497 -1.7972229
-2.7345116 -3.044533 -1.7972213
-2.6602342 -3.1096447 -1.7972196
-2.3480859 -3.3516018 -1.7972125
-2.2665038 -3.4072976 -1.7972107
-2.0994337 -3.5126941 -1.7972066
-1.8397655 -3.6553755 -1.7972004
-1.7509961 -3.6987114 -1.7971983
-1.6611718 -3.7398946 -1.7971961
-1.5704492 -3.7788932 -1.7971939
-1.4788085 -3.8156898 -1.7971916
-1.3862695 -3.8502684 -1.7971892
-0.81607419 -4.0099993 -1.7971749
-0.71902341 -4.028523 -1.7971725
-0.52378905 -4.0585213 -1.7971673
-0.32734373 -4.0790558 -1.7971623
-0.22874999 -4.0857663 -1.7971597
-0.13009766 -4.0900912 -1.797157
0.067421876 -4.0915942 -1.7971518
0.26480469 -4.0835614 -1.7971466
0.46152341 -4.0660148 -1.7971412
0.55955076 -4.0536866 -1.7971385
0.65724605 -4.0389967 -1.7971358
0.85138673 -4.0025654 -1.7971306
0.94771481 -3.9808431 -1.7971278
1.043496 -3.9568036 -1.7971252
1.1387304 -3.9304607 -1.7971225
1.5123242 -3.802362 -1.797112
1.6940429 -3.7249417 -1.7971067
1.9591211 -3.5926001 -1.797099
2.2139063 -3.4414294 -1.7970915
2.2963085 -3.3869915 -1.7970891
2.3773437 -3.3305769 -1.7970866
2.4570704 -3.2722278 -1.7970842
2.6121287 -3.1498315 -1.7970794
2.833164 -2.95258 -1.7970725
2.9035547 -2.8833404 -1.7970703
3.0393164 -2.7398505 -1.797066
3.1679883 -2.5899847 -1.7970619
3.3470507 -2.3539863 -1.797056
3.4028904 -2.2725196 -1.7970541
3.5583789 -2.0203545 -1.7970486
2.5050585 -0.77256471 -1.1512824
2.738086 -0.77256435 -1.2494317
3.9871874 -0.91982877 -1.7970319
4.0082226 -0.82332426 -1.7970308
4.0269337 -0.72634643 -1.7970299
4.0689259 -0.43309417 -1.7970272
4.0850782 -0.23623718 -1.7970259
4.0895896 -0.13756958 -1.7970252
4.0914645 0.059942931 -1.7970243
4.0764256 0.35580444 -1.7970233
4.0666013 0.45408905 -1.7970229
4.054492 0.55210263 -1.7970228
4.0399609 0.64980346 -1.7970228
4.0039258 0.84399992 -1.7970228
2.6849804 0.7725659 -1.2270031
3.5478907 2.038676 -1.797029
3.4976561 2.1237066 -1.79703
3.3348436 2.3712018 -1.7970331
3.2766211 2.4510021 -1.7970343
3.216543 2.529367 -1.7970355
3.1545312 2.6062732 -1.7970366
2.9576952 2.8276799 -1.7970408
2.8886132 2.8982446 -1.7970424
2.8178124 2.9671154 -1.7970439
2.6713476 3.099647 -1.7970473
2.5922852 3.1589935 -1.7946472
2.0324414 3.1955218 -1.6631796
1.9353125 3.2114685 -1.6466811
1.8549609 3.2532659 -1.6446681
1.6957617 3.3389995 -1.6446719
1.5327344 3.4169519 -1.6446759
1.3660547 3.4869421 -1.64468
1.2815429 3.518899 -1.6446822
1.1101953 3.5766504 -1.6446863
0.40320313 3.7232616 -1.6447046
0.31320313 3.7319133 -1.6447068
0.042363279 3.744807 -1.644714
-0.1383789 3.742501 -1.6447189
-0.58798826 3.6986358 -1.644731
-0.67705077 3.6833727 -1.6447334
-0.76578122 3.6659625 -1.6447359
-0.94179684 3.6247466 -1.6447408
-1.0290039 3.6009636 -1.6447433
-1.2016015 3.5471196 -1.6447482
-1.4550586 3.4509008 -1.6447554
-1.700996 3.3365886 -1.6447624
-1.7809765 3.2945697 -1.6447648
-1.9828906 3.2791948 -1.6829563
-2.3174608 3.2720299 -1.7609342
-2.4361327 3.2691345 -1.7905072
-2.6007226 3.159508 -1.7971873
-2.6762304 3.0958171 -1.7971896
-3.8755662 1.3141681 -1.7972304
-3.9061327 1.2202411 -1.7972316
-3.9344726 1.1256073 -1.7972327
-3.9841795 0.9344281 -1.797235
-4.0056052 0.83800167 -1.7972361
-4.0557032 0.54599214 -1.7972388
-4.0846286 0.25112334 -1.797241
-4.0894728 0.15246032 -1.7972417
-4.0898046 -0.14382172 -1.7972431
-4.0851169 -0.24248779 -1.7972435
-4.0686522 -0.43935239 -1.7972441
-4.0568748 -0.53741974 -1.7972442
-4.0427341 -0.63518339 -1.7972444
-4.0262303 -0.73257625 -1.7972444
-4.0073829 -0.8295337 -1.7972444
-3.9862108 -0.92601651 -1.7972442
-3.8783593 -1.3059781 -1.7972431
-2.7566211 -3.0245581 -1.7972218
-2.5305274 -3.2160716 -1.7972168
-2.4521875 -3.2762041 -1.797215
-2.2911913 -3.3907199 -1.7972112
-2.1249218 -3.4973297 -1.7972074
-1.9536718 -3.5957937 -1.7972032
-1.7778516 -3.6858737 -1.7971989
-1.6883594 -3.7277098 -1.7971967
-1.5065234 -3.8048329 -1.7971923
-1.1326953 -3.9323277 -1.797183
-0.94160151 -3.9823964 -1.7971781
-0.84521484 -4.0039573 -1.7971758
-0.74832028 -4.0231862 -1.7971733
-0.65101564 -4.0400715 -1.7971706
-0.061132811 -4.0916991 -1.7971553
0.037656248 -4.0919766 -1.7971526
0.4319531 -4.0692673 -1.797142
0.627832 -4.0436716 -1.7971367
0.72523433 -4.0273366 -1.7971339
0.82224607 -4.0086517 -1.7971313
0.91874999 -3.9876366 -1.7971286
1.2988867 -3.8804746 -1.7971181
1.4846094 -3.8132634 -1.7971127
1.666875 -3.7371697 -1.7971075
1.7566016 -3.6958416 -1.797105
1.8452929 -3.6523623 -1.7971023
2.0193944 -3.5590498 -1.7970973
2.1887891 -3.4574449 -1.7970922
2.271621 -3.4036047 -1.7970898
2.353086 -3.3477871 -1.7970873
2.433203 -3.2900143 -1.7970849
2.6648438 -3.1053338 -1.7970778
2.882539 -2.9043846 -1.797071
2.9517772 -2.8339674 -1.7970687
3.0850976 -2.6882095 -1.7970647
3.1490624 -2.6129675 -1.7970625
3.3298438 -2.378278 -1.7970566
3.3862696 -2.2972121 -1.7970545
3.440742 -2.2148066 -1.7970527
3.5435936 -2.0461845 -1.7970492
2.9260156 -0.77256501 -1.3290484
3.9803905 -0.94881409 -1.7970321
4.0021091 -0.85246336 -1.797031
4.021543 -0.75561738 -1.7970301
4.0385938 -0.65834075 -1.7970293
4.0532813 -0.56067169 -1.7970283
4.0656638 -0.462677 -1.7970276
4.0756445 -0.36441863 -1.7970268
4.0884571 -0.16731018 -1.7970254
4.0913281 -0.06859009 -1.797025
4.0898829 0.12892242 -1.797024
4.0583591 0.52259731 -1.7970228
4.0445895 0.62039977 -1.7970228
4.0284572 0.71783108 -1.7970227
3.9890819 0.91140437 -1.7970228
3.0414062 0.7725656 -1.3781062
2.760371 0.7725659 -1.2588575
3.5625975 2.01281 -1.7970288
3.5129881 2.0982091 -1.7970297
3.4076562 2.2652936 -1.7970316
3.2348437 2.5059052 -1.797035
3.1101563 2.6590924 -1.7970376
2.9096289 2.8771515 -1.7970419
2.7673829 3.0142119 -1.7970451
2.6938477 3.0801299 -1.7970467
2.618711 3.1442559 -1.7970483
2.508867 3.1647065 -1.7736033
2.3927734 3.1725116 -1.7450957
2.0639844 3.1935821 -1.6699401
1.9641016 3.206239 -1.6512809
1.800078 3.2840807 -1.6446694
1.6392773 3.3671215 -1.6446735
1.3914062 3.4769108 -1.6446794
1.2219726 3.5400121 -1.6446836
0.96267575 3.6191587 -1.64469
0.87505859 3.6413438 -1.6446923
0.7868945 3.6614048 -1.6446947
0.69828123 3.679337 -1.644697
0.34033203 3.7295353 -1.6447061
0.25023437 3.7366667 -1.6447085
0.069628902 3.7444 -1.6447133
-0.020761719 3.744992 -1.6447157
-0.29167968 3.7336888 -1.6447231
-0.65025389 3.6881969 -1.6447328
-0.73910153 3.6714361 -1.6447352
-0.91539061 3.6315019 -1.6447401
-1.002793 3.6083531 -1.6447425
-1.0895898 3.583101 -1.644745
-1.4299608 3.4613957 -1.6447546
-1.512832 3.4258721 -1.644757
-1.9508203 3.2797997 -1.6759361
-2.0582616 3.2777214 -1.699773
-2.2826366 3.2728539 -1.752395
-2.5776563 3.1783404 -1.7971865
-2.9416015 2.8448918 -1.7971978
-3.9261522 1.154201 -1.7972325
-3.9528906 1.05911 -1.7972336
-4.0191603 0.77033812 -1.7972368
-4.036582 0.67310208 -1.7972376
-4.0643554 0.47752625 -1.7972395
-4.0826755 0.28082246 -1.7972409
-4.0914841 0.083478391 -1.797242
-4.0907421 -0.11406158 -1.797243
-4.0867577 -0.21276733 -1.7972435
-4.0804882 -0.31133819 -1.7972437
-4.0717382 -0.40973723 -1.797244
-4.0606837 -0.50789613 -1.7972442
-4.047246 -0.60575163 -1.7972442
-4.0314646 -0.70326352 -1.7972444
-4.0133009 -0.80036408 -1.7972444
-3.9928319 -0.89698851 -1.7972442
-3.9699805 -0.99310237 -1.7972441
-3.9448826 -1.0886273 -1.797244
-3.8877149 -1.2777368 -1.7972434
-3.8557615 -1.371191 -1.797243
-2.8502343 -2.9364843 -1.7972238
-2.6027343 -2.8425238 -1.7972168
-2.5333984 -2.9045129 -1.7972152
-2.0876758 -3.2397149 -1.797205
-1.9288671 -3.3366814 -1.7972012
-1.8477734 -3.3822625 -1.7971994
-1.6824023 -3.4674857 -1.7971954
-1.5982226 -3.5070791 -1.7971933
-1.4271289 -3.5801129 -1.7971891
-1.1643554 -3.6739709 -1.7971826
-1.0753516 -3.700999 -1.7971803
-0.89550781 -3.7485723 -1.7971758
-0.80472654 -3.7690904 -1.7971734
-0.62191403 -3.803525 -1.7971687
-0.52994138 -3.8174236 -1.7971663
-0.4376367 -3.8290985 -1.797164
-0.25236326 -3.8457489 -1.7971591
0.30531248 -3.8418777 -1.7971443
0.39796874 -3.8333862 -1.7971417
0.67423826 -3.794533 -1.7971342
0.76566404 -3.7771492 -1.7971317
0.85660154 -3.7575665 -1.7971292
1.036914 -3.7118423 -1.7971241
1.1261914 -3.6857293 -1.7971216
1.3899218 -3.5945756 -1.7971143
1.5617383 -3.5233068 -1.7971091
1.7299609 -3.4438276 -1.7971044
1.8125781 -3.4010649 -1.797102
1.8941211 -3.3563235 -1.7970996
1.9746094 -3.3096282 -1.7970971
2.0538671 -3.2609985 -1.7970948
2.1319726 -3.2104771 -1.7970926
2.2088475 -3.1580832 -1.7970903
2.5030077 -2.9304223 -1.7970812
2.6414843 -2.806215 -1.7970769
2.708457 -2.7416403 -1.7970748
2.9601171 -2.4677613 -1.7970668
3.0188086 -2.3955956 -1.7970649
3.075742 -2.3220382 -1.797063
3.2852929 -2.0147078 -1.797056
3.3329492 -1.9348255 -1.7970543
2.6409373 -0.77256471 -1.2830926
2.8988085 -0.77256435 -1.3989154
3.74666 -0.90226257 -1.7970382
3.7858398 -0.72040772 -1.7970363
3.8021288 -0.62882411 -1.7970353
3.8162107 -0.53687257 -1.7970346
3.8280663 -0.44461149 -1.7970338
3.8521483 0.11251464 -1.7970304
3.8482811 0.20545654 -1.79703
3.8233397 0.48334655 -1.7970294
3.7955859 0.66728425 -1.7970293
3.7783592 0.75869966 -1.7970293
3.3131249 1.9684521 -1.7970357
3.2142577 2.1260424 -1.7970375
2.9943554 2.4260094 -1.7970419
2.7465429 2.7033758 -1.7970471
2.6805077 2.7688787 -1.7970486
2.54375 2.8950157 -1.7970515
2.4731641 2.9555688 -1.7970532
2.4011328 3.0144005 -1.7970548
2.3276758 3.0714753 -1.7970564
2.2528319 3.1267638 -1.7970582
2.0629492 3.1758287 -1.7659156
1.9596875 3.1823692 -1.7427379
1.8588476 3.1885779 -1.72106
1.6641601 3.2000623 -1.6819043
1.5697656 3.205379 -1.6642941
1.4801953 3.2168474 -1.6512129
1.2387304 3.3023961 -1.6446843
1.1586328 3.331336 -1.6446862
1.0780078 3.3583276 -1.6446884
0.91453123 3.4064391 -1.6446925
0.8320117 3.4275231 -1.6446944
0.74910152 3.4466083 -1.6446966
0.66568357 3.4636884 -1.6446987
0.49775389 3.4917853 -1.644703
0.15878905 3.5235224 -1.644712
0.073710933 3.5263324 -1.6447144
-0.011406249 3.5270886 -1.6447165
-0.18160155 3.522439 -1.644721
-0.26654297 3.5170312 -1.6447233
-0.43599609 3.5000775 -1.6447279
-0.52031249 3.4885395 -1.6447302
-0.68808591 3.4593749 -1.6447349
-0.77136719 3.441762 -1.6447372
-1.0994531 3.3513849 -1.6447463
-1.2599804 3.2944286 -1.644751
-1.3451172 3.277528 -1.652046
-1.4353906 3.2705193 -1.6654985
-1.626621 3.267885 -1.7021906
-1.826543 3.2644281 -1.7443259
-1.9301758 3.2623687 -1.7676127
-2.0366211 3.2600756 -1.7924899
-2.1203125 3.2183537 -1.7971742
-2.3476171 3.0565276 -1.797181
-2.4207032 2.9989758 -1.7971834
-2.4924219 2.9396782 -1.7971854
-2.6313281 2.8159838 -1.7971897
-2.6985741 2.7516551 -1.7971919
-3.695117 1.0955834 -1.7972265
-3.7205272 1.0060754 -1.7972277
-3.7437108 0.91598386 -1.7972287
-3.8001561 0.64271939 -1.7972316
-3.8145897 0.55081207 -1.7972325
-3.8267772 0.4585861 -1.7972332
-3.8499217 0.18050872 -1.7972353
-3.8531835 0.087536007 -1.7972357
-3.8541405 -0.0054928586 -1.7972361
-3.8528905 -0.098512568 -1.7972366
-3.8436718 -0.28433043 -1.7972374
-3.8254688 -0.46948698 -1.7972376
-3.7983203 -0.65355223 -1.7972379
-3.7623632 -0.83608794 -1.7972379
-3.7411132 -0.9266513 -1.7972376
-3.7176561 -1.0166787 -1.7972375
-3.6642382 -1.1948978 -1.7972369
-2.5544336 -2.8860059 -1.7972157
-2.3389452 -3.0632522 -1.7972108
-2.2643163 -3.1188104 -1.7972091
-2.0327539 -3.274456 -1.7972038
-1.8723242 -3.3687322 -1.7972
-1.7075781 -3.4551532 -1.797196
-1.3665429 -3.6036634 -1.7971876
-1.2791601 -3.6355932 -1.7971854
-1.1910741 -3.6654036 -1.7971832
-0.92271483 -3.7419598 -1.7971765
-0.83214843 -3.7631357 -1.7971742
-0.64957029 -3.7989016 -1.7971694
-0.55767578 -3.8134685 -1.7971672
-0.094492182 -3.85285 -1.7971549
0.091542967 -3.852915 -1.7971499
0.18451172 -3.8495779 -1.7971475
0.37003905 -3.8361788 -1.7971425
0.55472654 -3.8138442 -1.7971374
0.64660156 -3.7993386 -1.797135
0.82923824 -3.7636998 -1.79713
0.91982418 -3.742583 -1.7971274
1.0993359 -3.6938262 -1.7971224
1.2763476 -3.6364629 -1.7971175
1.4503125 -3.5706236 -1.7971123
1.5360742 -3.5345776 -1.79711
1.6209375 -3.4964671 -1.7971075
1.8696679 -3.3700168 -1.7971003
1.9504297 -3.3239048 -1.7970979
2.1085742 -3.2259014 -1.7970932
2.1858008 -3.1740685 -1.7970909
2.3364258 -3.0648818 -1.7970862
2.6210155 -2.825357 -1.7970777
2.6884375 -2.7612712 -1.7970755
2.8185351 -2.6283135 -1.7970713
2.9420702 -2.4892306 -1.7970674
3.1683593 -2.1940093 -1.7970599
3.2203515 -2.1169014 -1.7970582
3.2705078 -2.038553 -1.7970564
3.365078 -1.87835 -1.7970532
2.5713477 -0.77256471 -1.2519898
3.7805274 -0.74793178 -1.7970365
3.8121874 -0.56462246 -1.7970347
3.824707 -0.47244596 -1.7970339
3.8349998 -0.37999907 -1.7970332
3.8430469 -0.28732726 -1.7970326
3.8488476 -0.19448943 -1.797032
3.85375 -0.0085269166 -1.7970309
3.8267772 0.4555203 -1.7970294
3.7837694 0.7311905 -1.7970293
3.765039 0.82230347 -1.7970293
3.279453 2.0240381 -1.7970363
3.2296679 2.1026037 -1.7970371
3.1779687 2.1799414 -1.7970382
2.9530468 2.4761577 -1.7970426
2.8300977 2.6157787 -1.7970452
2.7661719 2.6833246 -1.7970467
2.7005858 2.749306 -1.7970481
2.6334374 2.8136876 -1.7970495
2.2755272 3.1102922 -1.7970576
2.1998045 3.1643078 -1.7970594
2.0944726 3.1737933 -1.7732083
1.9905273 3.1804333 -1.749561
1.7898241 3.1927283 -1.7067639
1.6928711 3.1984105 -1.6874627
1.5067577 3.2127757 -1.6547052
1.3418359 3.2618597 -1.6446818
1.1021875 3.3503985 -1.6446878
0.93927735 3.3996935 -1.6446917
0.85697263 3.4213774 -1.6446939
0.7741406 3.4410675 -1.644696
0.35421875 3.5092621 -1.6447068
0.26941407 3.5167906 -1.6447091
0.18445311 3.522274 -1.6447113
0.014238281 3.5270777 -1.6447158
-0.15595703 3.5236652 -1.6447204
-0.24099609 3.5188768 -1.6447227
-0.66289061 3.4642882 -1.6447341
-0.74630857 3.4472821 -1.6447364
-0.99376953 3.3842626 -1.6447433
-1.235957 3.3035028 -1.6447501
-1.4073046 3.2708545 -1.6604081
-1.6953321 3.266773 -1.7162628
-1.7958398 3.2650054 -1.7376069
-1.8987304 3.2630162 -1.7604312
-2.0968359 3.2336974 -1.7971734
-2.398828 3.0165069 -1.7971826
-2.5416014 2.8972363 -1.797187
-2.6784766 2.7712102 -1.7971913
-3.7130859 1.0331182 -1.7972273
-3.7586131 0.8527261 -1.7972294
-3.7781248 0.76176178 -1.7972304
-3.8104882 0.57854825 -1.7972322
-3.8339453 0.39399168 -1.7972337
-3.8423631 0.3013379 -1.7972343
-3.848496 0.20851287 -1.797235
-3.8541014 0.022549132 -1.797236
-3.7477539 -0.89941067 -1.7972379
-3.7249804 -0.98960388 -1.7972375
-3.6999805 -1.0792236 -1.7972374
-2.6438282 -2.8043549 -1.7972177
-2.5753906 -2.8673458 -1.7972162
-2.2869725 -3.1022561 -1.7972096
-2.1345899 -3.2089996 -1.797206
-1.9772265 -3.3082647 -1.7972025
-1.8967968 -3.3550212 -1.7972004
-1.8152539 -3.399823 -1.7971987
-1.7326758 -3.4426415 -1.7971966
-1.6491015 -3.4834561 -1.7971945
-1.5645117 -3.5222399 -1.7971925
-1.3927343 -3.5936282 -1.7971883
-1.3055664 -3.6261919 -1.7971861
-1.2176758 -3.6566424 -1.797184
-1.0397656 -3.7111404 -1.7971793
-0.94992185 -3.7351511 -1.7971771
-0.85947263 -3.7569866 -1.7971748
-0.58541012 -3.80931 -1.7971678
-0.49330077 -3.8223271 -1.7971655
-0.40089843 -3.8331175 -1.797163
-0.029511718 -3.8538952 -1.7971532
0.1565039 -3.8508196 -1.7971482
0.249375 -3.8459156 -1.7971458
0.3421289 -3.8387716 -1.7971432
0.4346875 -3.8293929 -1.7971407
0.71058589 -3.7878914 -1.7971331
0.8018164 -3.7696316 -1.7971307
0.98279297 -3.7265387 -1.7971257
1.0724413 -3.7017267 -1.7971231
1.1614648 -3.6747591 -1.7971206
1.2498437 -3.6456523 -1.7971182
1.510332 -3.5456593 -1.7971107
1.5954492 -3.508168 -1.7971083
1.7629101 -3.4270809 -1.7971034
2.1626756 -3.189889 -1.7970916
2.2390039 -3.1367586 -1.7970893
2.387754 -3.0250473 -1.7970848
2.6003711 -2.8443537 -1.7970783
2.9836524 -2.4392655 -1.797066
3.0978711 -2.292443 -1.7970624
3.1523046 -2.2170026 -1.7970605
3.2048826 -2.140275 -1.7970587
3.2556055 -2.0622954 -1.797057
3.3044336 -1.9831138 -1.7970554
2.5050781 -0.77256471 -1.2224211
2.738086 -0.77256376 -1.3266357
3.014668 -0.77256471 -1.4511846
3.7749999 -0.77541381 -1.7970369
3.8321092 -0.40788877 -1.7970335
3.8408592 -0.3152777 -1.7970327
3.8473632 -0.22248931 -1.7970321
3.8533788 0.056453247 -1.7970306
3.8508983 0.14944182 -1.7970303
3.8391991 0.33509797 -1.7970297
3.8185351 0.51997375 -1.7970293
2.9512498 0.77256709 -1.422554
2.6849804 0.7725665 -1.302821
3.3414061 1.9200414 -1.7970352
3.2941015 2.0001245 -1.7970359
3.1937499 2.1567638 -1.797038
3.1407616 2.2332158 -1.797039
3.0859375 2.3083708 -1.7970401
3.029336 2.3821795 -1.7970412
2.9709375 2.4546075 -1.7970424
2.9108398 2.525598 -1.7970436
2.849082 2.5951147 -1.797045
2.7205272 2.729588 -1.7970477
2.2980859 3.0936491 -1.7970572
2.2227538 3.1482196 -1.7970588
2.0216796 3.1784656 -1.7565261
1.5333593 3.2086284 -1.658271
1.4453321 3.2220984 -1.6467201
1.3654296 3.252013 -1.6446812
1.2070312 3.314121 -1.6446851
1.1266601 3.3422923 -1.6446872
1.0455078 3.3685138 -1.6446891
0.79916012 3.4353423 -1.6446954
0.63242185 3.4699156 -1.6446997
-0.13029297 3.5247056 -1.6447196
-0.38501951 3.5060484 -1.6447265
-0.46951172 3.4957402 -1.6447288
-0.55373043 3.483393 -1.644731
-0.63763672 3.4690161 -1.6447335
-0.80435544 3.4342132 -1.6447381
-0.96935546 3.391408 -1.6447427
-1.0507421 3.3670306 -1.644745
-1.4726367 3.2700572 -1.672376
-1.7652929 3.2655597 -1.7310195
-1.8673437 3.2636371 -1.7533903
-2.3768163 3.0338769 -1.797182
-2.5204883 2.9156499 -1.7971864
-2.6582422 2.7906256 -1.7971907
-3.678828 1.1492267 -1.797226
-3.7054882 1.060097 -1.797227
-3.7523241 0.88004637 -1.7972292
-3.7724805 0.78923094 -1.7972302
-3.7904296 0.69794524 -1.7972311
-3.8400586 0.32927948 -1.7972342
-3.8514843 0.14358856 -1.7972354
-3.853828 0.050582275 -1.797236
-3.8517773 -0.13545196 -1.7972368
-3.8473632 -0.22837402 -1.797237
-3.8407812 -0.32117096 -1.7972374
-3.8207617 -0.50614166 -1.7972379
-3.7077148 -1.0522739 -1.7972374
-3.6526172 -1.2299725 -1.7972369
-2.6641796 -2.7850454 -1.7972181
-2.5266602 -2.9103606 -1.7972151
-2.1578319 -3.1933882 -1.7972066
-2.0801368 -3.2445362 -1.7972049
-2.0012305 -3.2937932 -1.7972031
-1.9211524 -3.3411341 -1.797201
-1.8399609 -3.3865261 -1.7971992
-1.7576953 -3.4299474 -1.7971972
-1.5049024 -3.5481188 -1.797191
-1.3319141 -3.6165988 -1.7971867
-1.2442383 -3.647691 -1.7971846
-1.0667773 -3.7034774 -1.7971802
-0.79605466 -3.7709401 -1.7971733
-0.61308593 -3.8049541 -1.7971685
-0.52109373 -3.8186395 -1.7971661
-0.33619139 -3.8393295 -1.7971613
-0.15054688 -3.8510711 -1.7971565
-0.057558592 -3.8535779 -1.7971541
0.035449218 -3.8538399 -1.7971514
0.12847656 -3.8518593 -1.7971491
0.31421873 -3.841162 -1.7971439
0.40683591 -3.832453 -1.7971416
0.59130859 -3.8083508 -1.7971365
0.68302733 -3.7929637 -1.7971339
0.77437496 -3.7753673 -1.7971314
0.95568359 -3.7335894 -1.7971264
1.0454882 -3.7094333 -1.7971238
1.1347461 -3.6831169 -1.7971214
1.2232813 -3.654649 -1.7971189
1.3982031 -3.5913517 -1.7971139
1.5699023 -3.5196853 -1.797109
1.7379102 -3.4398153 -1.7971041
1.9822265 -3.3050528 -1.797097
2.0614061 -3.2562411 -1.7970946
2.1394141 -3.2055354 -1.7970922
2.2161329 -3.1529648 -1.7970899
2.2916014 -3.0985548 -1.7970877
2.3657031 -3.0423379 -1.7970854
2.4384375 -2.9843504 -1.7970833
2.5097461 -2.9246221 -1.7970811
2.5796094 -2.8631923 -1.7970788
2.6479883 -2.8000994 -1.7970767
2.7147851 -2.7353671 -1.7970747
2.9658008 -2.4609101 -1.7970666
3.0243359 -2.3886077 -1.7970648
3.1892383 -2.1635299 -1.7970592
3.2405078 -2.0859203 -1.7970575
3.3373828 -1.9271104 -1.7970541
2.663789 -0.77256435 -1.2933209
3.7692578 -0.80285674 -1.797037
3.7874999 -0.71164578 -1.7970361
3.8035936 -0.62003112 -1.7970353
3.8174217 -0.52804506 -1.7970344
3.829082 -0.43575254 -1.7970337
3.8384764 -0.34321198 -1.7970331
3.845664 -0.25046632 -1.7970322
3.8505468 -0.15757111 -1.7970319
3.8532226 -0.064598389 -1.7970312
3.8518553 0.12142303 -1.7970303
3.8415039 0.30716643 -1.7970297
3.8329492 0.39978972 -1.7970295
3.7940233 0.67605954 -1.7970293
3.7765625 0.76743776 -1.7970293
3.7569726 0.85836637 -1.7970293
3.0414062 0.7725662 -1.4632614
3.2599218 2.0553863 -1.7970365
3.1569531 2.2103119 -1.7970386
3.1026757 2.2858574 -1.7970396
2.98875 2.4329309 -1.797042
2.9291797 2.5043535 -1.7970433
2.8678515 2.5743256 -1.7970445
2.740293 2.7097216 -1.7970473
2.6741016 2.7750738 -1.7970488
2.4663086 2.9612846 -1.7970533
2.39416 3.0199437 -1.797055
2.3205273 3.0768504 -1.7970567
2.2456055 3.131969 -1.7970583
2.158711 3.1696105 -1.7882348
2.0529101 3.1764722 -1.7636274
1.9498827 3.1829772 -1.7405962
1.7509961 3.1950219 -1.6989367
1.655 3.200587 -1.6801629
1.5608008 3.2058759 -1.6626726
1.4717578 3.2181249 -1.6501167
1.2308007 3.305258 -1.6446846
0.98865235 3.3856671 -1.6446905
0.82410157 3.4294384 -1.6446948
0.57384765 3.4800842 -1.6447012
0.32054687 3.5124974 -1.6447078
-0.35949218 3.5087574 -1.6447259
-0.4440625 3.4990599 -1.6447282
-0.52839845 3.4873285 -1.6447304
-0.77929688 3.4399707 -1.6447374
-1.0261718 3.3745806 -1.6447443
-1.1073632 3.3488371 -1.6447465
-1.267539 3.2915027 -1.6447511
-1.3535937 3.2766039 -1.6531531
-1.444414 3.2704151 -1.6671399
-1.5391797 3.2691736 -1.6849613
-1.6360546 3.267741 -1.7040817
-1.735039 3.2660968 -1.7245687
-1.836328 3.2642424 -1.7464894
-2.0470898 3.2598467 -1.7949617
-2.1277344 3.2134478 -1.7971745
-2.280371 3.1070268 -1.7971791
-2.4276366 2.9933684 -1.7971835
-2.637871 2.8098888 -1.7971901
-3.6408985 1.2641999 -1.7972243
-3.670332 1.1759595 -1.7972255
-3.6976562 1.0870287 -1.7972267
-3.8016601 0.63393033 -1.7972317
-3.8158398 0.54198486 -1.7972325
-3.8277929 0.44973326 -1.7972332
-3.8450389 0.26447937 -1.7972347
-3.8541405 -0.014400329 -1.7972363
-3.8429883 -0.2932196 -1.7972374
-3.834785 -0.38589081 -1.7972375
-3.779707 -0.75378388 -1.7972379
-3.6313865 -1.2913901 -1.7972366
-2.6843555 -2.7655864 -1.7972186
