# .PCD v0.7 - Point Cloud Data file format
VERSION 0.7
FIELDS x y z
SIZE 4 4 4
TYPE F F F
COUNT 1 1 1
WIDTH 15673
HEIGHT 1
VIEWPOINT 0 0 0 1 0 0 0
POINTS 15673
DATA ascii
-0.10469726 -24.822832 6.6513147
1.0348047 -23.489147 6.2999997
1.5801953 -23.151899 6.2179675
2.1183887 -22.893696 6.1605515
3.2067969 -22.671816 6.1353631
3.7720799 -22.704531 6.167047
4.3512888 -22.77807 6.2137308
4.9296679 -22.806425 6.2520914
5.5103517 -22.813589 6.2886691
6.6941209 -22.828197 6.3743639
7.9131832 -22.84252 6.4774981
8.5382032 -22.849524 6.5360003
3.819541 -8.8887148 2.592304
4.1800976 -9.1151476 2.6869724
4.9177146 -9.4873676 2.8633499
5.1344528 -9.346529 2.8573978
5.7149415 -8.8244705 2.8170581
5.9033008 -8.6506357 2.8062139
6.4451952 -8.5300417 2.8647003
6.9910936 -8.379571 2.9241195
21.988203 -9.7449045 6.4444103
22.687441 -9.4068518 6.5809164
23.349081 12.01741 7.0363965
22.294121 12.163365 6.8049345
17.73127 11.410587 5.6498475
16.748457 11.958296 5.5142341
18.096151 15.00923 6.299644
16.778261 15.340494 6.0915885
15.629961 14.998575 5.8043799
15.832324 15.943853 6.0206265
13.699824 16.755465 5.7992988
-19.986874 -8.3840218 5.8075614
-12.239551 -7.3686166 3.828048
-11.856045 -8.3621387 3.8874884
-11.758379 -8.7253933 3.9233441
-11.445585 -8.9292936 3.889729
-11.165117 -9.1521339 3.8683312
-10.205527 -9.2232904 3.6858544
-10.711249 -10.160299 3.955883
-9.7777634 -10.214725 3.7888548
0.75306636 -23.185289 6.2157531
1.3206738 -23.312256 6.2565155
2.3971288 -22.782267 6.1381879
2.9414842 -22.683447 6.1288996
5.2313085 -22.810146 6.2706347
5.8156247 -22.817352 6.3093524
8.2373829 -22.846151 6.5073705
8.8683987 -22.853228 6.5684147
3.6439452 -8.7577133 2.541646
4.0040917 -9.0045567 2.640553
4.7628708 -9.4544716 2.836617
5.030664 -9.4138412 2.8600104
5.0517969 -8.9283838 2.7487576
5.8986325 -8.4147243 2.7535119
5.8915429 -7.9875774 2.659476
6.9102345 -8.4799719 2.9310873
21.043789 -9.6188421 6.1997895
22.394667 -9.5902424 6.5277047
22.279921 -8.9115143 6.4297276
22.696074 -8.448885 6.4891109
23.225058 11.616062 6.9581017
22.700605 12.757847 6.9773884
17.56045 11.615241 5.6414843
17.117929 11.925855 5.5901299
16.676933 12.856191 5.6422324
19.067774 15.446639 6.5752926
16.170156 13.758347 5.6888962
16.480312 14.722072 5.9212565
15.738066 15.486797 5.9163256
14.693945 15.1741 5.6597867
15.015312 16.27372 5.9330893
14.454141 16.444185 5.8663917
13.962597 16.679676 5.8285294
-11.622685 -7.1977305 3.6631122
-11.834922 -7.7301965 3.7876775
-11.975683 -8.2409458 3.8952332
-11.871006 -8.5980444 3.9275098
-11.310722 -9.0549698 3.8822589
-11.008457 -9.2574005 3.8540514
-10.471387 -9.2459888 3.7430322
-9.9022064 -9.1778231 3.6176732
-0.07943359 -24.743238 6.6299639
0.50055665 -23.932674 6.4141397
1.0578711 -23.474638 6.2963915
1.6026758 -23.13801 6.2146668
4.3755274 -22.780273 6.2155309
5.5347853 -22.81389 6.2902842
6.7191992 -22.828505 6.3763366
7.3243356 -22.835922 6.425899
7.9390817 -22.842808 6.4798508
8.5646095 -22.849819 6.5385489
4.1958885 -10.422306 3.0104666
3.8341014 -8.8978491 2.5960934
4.1957517 -9.1249876 2.6911175
4.5621095 -9.3224955 2.781018
4.9267969 -9.4814577 2.8630631
5.143496 -9.3406715 2.8571904
5.5608006 -9.037591 2.8432949
5.7216015 -8.8152771 2.8159628
6.4527731 -8.522212 2.8642533
22.020351 -9.7326183 6.4509568
22.756971 -9.4088182 6.5983353
22.699883 -8.7502546 6.5186672
22.692928 -8.1245222 6.4585013
22.731405 13.153705 7.0371041
17.771231 10.8639 5.5810719
17.209686 11.696686 5.5755682
16.746523 11.982417 5.5175734
16.80496 15.396011 6.1069126
15.638574 15.037093 5.8131909
15.840254 15.98401 6.0297666
14.857558 15.733905 5.7985039
14.726054 16.368135 5.8995829
13.677051 16.762024 5.7967978
15.104062 19.450445 6.5985837
-19.982168 -8.4057436 5.8086481
-12.239892 -7.3856397 3.8304791
-10.725635 -9.2521172 3.7954412
-10.161953 -10.136345 3.8458946
0.2268457 -24.249922 6.4980321
2.9642088 -22.679317 6.1285882
3.5235057 -22.685879 6.151546
5.2555661 -22.810444 6.2721715
7.03332 -22.832666 6.40168
7.643281 -22.839497 6.4534192
3.6591797 -8.7694025 2.5461092
4.0192089 -9.0140457 2.6445236
4.4204102 -9.3038511 2.7600274
5.0397458 -9.4079571 2.8597643
5.0837693 -8.9638062 2.761236
5.4951172 -9.1665668 2.8637009
5.8983006 -8.396225 2.7494032
6.5472655 -8.4249058 2.8589778
6.9173045 -8.4711752 2.9304612
22.60582 -10.971331 6.7329078
22.272129 -8.8823328 6.4248838
23.235781 11.650704 6.9648242
17.749609 11.159398 5.6178651
17.531992 11.621861 5.6361022
17.09078 11.93257 5.5851898
16.663437 12.872643 5.6420646
16.170898 13.787094 5.6940427
16.505703 14.774672 5.93572
16.869297 15.849398 6.2021813
14.706758 15.218014 5.6706367
14.430527 16.450775 5.8635459
13.93955 16.686329 5.8259377
15.121737 19.015463 6.5098672
-11.631269 -7.2192931 3.6681128
-11.297969 -9.0634604 3.8810143
-10.995976 -9.265831 3.8529472
-10.44957 -9.245472 3.7385619
-9.8783789 -9.1742535 3.6123419
-0.054306641 -24.664076 6.6087327
2.7036133 -22.726625 6.1325192
3.820205 -22.710941 6.1708689
4.9779687 -22.80702 6.2549915
6.1477537 -22.821455 6.3329816
7.9649801 -22.8431 6.4822025
4.5745506 -9.3241396 2.782881
5.1525388 -9.334815 2.8569863
5.3688669 -9.1952991 2.8531039
5.5675778 -9.0282001 2.8421066
5.728281 -8.8060856 2.8148708
5.9024997 -8.6121264 2.7975757
5.894453 -8.1705713 2.6995499
22.428417 -10.539165 6.6401043
22.052578 -9.7203016 6.4575219
22.363047 -9.2195673 6.4814167
22.692696 -8.09865 6.4561052
19.31625 11.203514 5.983355
17.727734 11.458916 5.656074
17.181875 11.703127 5.5703812
16.74457 12.006554 5.5209136
19.109589 15.149451 6.534234
18.09412 15.069227 6.3095026
17.092323 14.947635 6.0841575
16.831835 15.451935 6.1223502
15.848223 16.024384 6.0389557
14.871035 15.779984 5.8099604
14.138378 16.532179 5.8287859
13.654277 16.768583 5.794301
15.0783 19.457684 6.5958838
-19.988251 -8.4320297 5.8128877
0.47680664 -23.952362 5.844398
1.5802051 -23.151882 5.6611009
2.1183984 -22.893684 5.6088328
2.6581347 -22.734882 5.5840158
3.7720702 -22.704538 5.6147532
4.3513083 -22.778078 5.6572514
4.9296093 -22.806047 5.6920838
5.5102735 -22.813208 5.7253833
6.098125 -22.820459 5.7624478
9.1747656 -22.855904 6.0082159
3.7922657 -8.8252344 2.3432922
5.4894724 -8.9418869 2.5596619
5.8175583 -8.9829359 2.6108303
5.7525392 -8.4297037 2.4896495
6.1805468 -8.6036091 2.5842974
6.6281638 -8.772191 2.6821887
6.7985935 -8.560401 2.6668069
21.535858 -10.815626 5.8790588
22.646152 -10.036504 6.0428386
22.489101 -8.6950607 5.8820548
24.447245 12.582631 6.707551
23.894863 13.03671 6.6403503
23.640781 13.648086 6.6593094
18.836504 11.489032 5.3825278
17.417519 11.812304 5.1340308
18.209551 15.103274 5.77141
16.052422 16.165474 5.5576353
14.866875 15.711995 5.2768869
14.870019 16.494696 5.4176898
14.299199 16.652159 5.3545346
-3.5653515 22.254999 5.4983945
-5.3326559 22.650635 5.6767554
-6.5994334 22.996714 5.8365488
-7.9619627 23.419966 6.0344987
-8.6873236 23.664589 6.1497483
-9.4472752 23.933857 6.2771268
-11.691162 -8.675519 3.551568
-11.847929 -9.2431765 3.6658666
-11.13209 -9.1250639 3.5114806
0.20267577 -24.280205 5.9234271
0.77006835 -23.708891 5.7868962
1.3206738 -23.312235 5.6961966
1.8610351 -23.007442 5.6310563
2.397119 -22.782265 5.5884733
2.9414744 -22.683445 5.5800176
4.0730076 -22.744623 5.6368761
4.6536913 -22.802647 5.6774297
5.8155465 -22.816973 5.7442131
8.2371092 -22.845398 5.9243975
8.868125 -22.852465 5.9799724
4.2920508 -10.315364 2.7255991
3.9411817 -8.8630733 2.3663015
4.3305273 -9.1383743 2.4669781
4.6675 -9.2651472 2.5308657
5.487246 -9.1743917 2.6078908
5.7544141 -8.6453781 2.5335383
5.7510934 -8.2042799 2.444222
6.2744141 -8.5066624 2.5786538
6.7171483 -8.6615267 2.673948
22.566113 -10.314673 6.0528874
22.783319 -8.4813557 5.9306736
23.760839 12.609454 6.5621686
18.454258 11.576505 5.3144512
17.667051 11.685756 5.1674323
17.068262 11.891237 5.0747232
16.171778 13.759718 5.1799388
18.174082 16.23513 5.9450254
17.889824 16.774323 5.9826789
15.781777 15.529822 5.4014421
14.715957 15.196825 5.1606369
14.006777 16.732445 5.3233366
-1.8228027 24.279985 5.939837
-2.1888964 22.025381 5.3996177
-3.294492 22.204145 5.4760594
-3.8629785 22.313984 5.5245252
-7.6254978 23.310888 5.9832883
-8.3357229 23.544447 6.0930848
-9.0785837 23.80164 6.2145181
-12.17829 -7.5418162 3.4944854
-11.840996 -8.1482506 3.5065007
-11.502861 -9.2087917 3.5946214
-10.844522 -9.1195393 3.4566436
-10.336005 -10.054083 3.517638
-2.9547069 -9.0128803 2.3138552
-0.079414062 -24.743086 6.03617
1.0578613 -23.474623 5.7325072
1.6026758 -23.137993 5.6580982
2.1407225 -22.883816 5.6069398
2.6808691 -22.730751 5.5836606
4.9537306 -22.806345 5.6934009
5.5346875 -22.813505 5.7268548
6.1228514 -22.820761 5.7640786
7.3240819 -22.83518 5.8502297
7.9388084 -22.84206 5.8993454
8.5643158 -22.849062 5.9527802
9.2016401 -22.856201 6.0107312
4.8086133 -9.2540207 2.5441301
5.1153126 -8.7813206 2.4791863
5.8252149 -8.974884 2.6101952
5.7524023 -8.4113102 2.485929
6.188086 -8.5958166 2.5838306
6.8056836 -8.5516071 2.6662054
22.496836 -9.30126 5.9387383
22.488867 -8.6689177 5.8797097
22.76412 -8.1500101 5.898551
23.906698 13.074482 6.6473031
18.805489 11.496147 5.3769693
17.687578 11.407684 5.1345201
17.389219 11.818707 5.1291981
17.600527 12.593462 5.2796092
18.208632 15.133533 5.7759519
18.161074 16.638424 6.0086784
15.69453 15.090907 5.3115258
14.880351 15.758021 5.2873077
14.845918 16.501366 5.4149613
14.275644 16.658644 5.3519883
13.787441 16.897318 5.3202543
-2.4733887 22.066864 5.4169798
-3.0261719 22.156454 5.4553075
-4.1640821 22.376909 5.5526214
-5.3582907 22.657139 5.6797352
-5.9820018 22.821943 5.7555528
-6.6268358 23.004707 5.8402634
-9.4798536 23.945692 6.2827349
-11.816504 -7.9317431 3.4718683
-11.788466 -8.3322773 3.5216722
-11.686885 -8.6906424 3.5529308
-11.813222 -9.2352905 3.6580102
-11.108643 -9.124588 3.5069818
-10.123271 -10.09776 3.4881408
1.3434179 -23.298178 5.6930914
1.8835741 -22.99748 5.6290817
2.4199317 -22.778124 5.5880561
2.9641991 -22.679316 5.5797343
3.5235155 -22.685883 5.6006341
4.0972657 -22.747854 5.6386962
7.0331054 -22.831926 5.8281803
7.6430273 -22.838747 5.8752809
8.8947659 -22.852762 5.9823956
4.3016014 -10.309 2.725064
4.3475194 -9.1504183 2.4714119
4.6800389 -9.2667627 2.532594
5.4475975 -9.6053028 2.6938617
5.7542381 -8.6262445 2.529628
5.7510157 -8.1865492 2.4406676
21.852129 -10.605539 5.9255595
22.492167 -8.9700918 5.9072881
24.055937 13.551468 6.7356162
18.424023 11.583413 5.3090982
17.040565 11.897488 5.070055
16.172539 13.788489 5.1846304
18.173065 16.267174 5.9500489
15.789512 15.568783 5.4094605
14.728867 15.240868 5.1705494
15.053066 16.347635 5.4212413
13.983438 16.738842 5.3208814
13.501875 16.978493 5.2919712
-2.2116504 22.028574 5.4009433
-2.7601464 22.111879 5.4361148
-4.4690332 22.443861 5.5827265
-5.6807423 22.740835 5.7181621
-6.9720702 23.107485 5.8881383
-28.081543 -7.6517935 7.1003351
-19.986219 -8.7045689 5.3180494
-12.177168 -7.5581241 3.4963524
-11.73667 -7.6829205 3.4220934
-11.836797 -8.1629591 3.5076897
-11.735683 -8.5180664 3.5375969
-11.492011 -9.2191229 3.5941331
-10.433974 -9.2316742 3.3986681
-9.8454685 -9.1436949 3.2778769
-9.914072 -10.140783 3.4596918
-2.9473729 -9.021224 2.3152325
0.52427733 -23.912949 5.8350286
1.0809473 -23.460361 5.7292871
1.6250976 -23.124136 5.6551042
2.7036133 -22.726625 5.5833154
3.2537303 -22.673906 5.5880198
3.820205 -22.710947 5.6182284
4.3997459 -22.782488 5.6605406
6.7442188 -22.828426 5.8070025
8.590683 -22.849358 5.9551096
9.2285347 -22.856503 6.0132518
4.1561813 -9.0149908 2.4217005
4.5374022 -9.2484274 2.5130844
4.8253512 -9.2633944 2.548044
5.0908594 -9.2230473 2.5699837
5.5029297 -8.9233952 2.5575402
22.15996 -10.413008 5.9730754
22.400682 -9.8737411 5.9720135
22.488651 -8.6428213 5.8773723
23.918535 13.112293 6.6542697
23.312792 13.521524 6.5745964
18.774511 11.503239 5.3714304
17.685781 11.431789 5.1373463
17.360975 11.825101 5.1243768
17.598671 12.618968 5.282865
18.184668 15.902908 5.8932872
15.702031 15.128688 5.319241
16.001797 16.179647 5.5514011
14.893906 15.804239 5.2977715
14.821856 16.508026 5.4122429
13.764433 16.903868 5.317944
-1.9516406 21.993221 5.3863859
-2.4963086 22.070351 5.4184513
-4.188447 22.382128 5.5549631
-4.7780857 22.514994 5.614913
-6.6542673 23.012758 5.8440084
-7.3241601 23.215677 5.9386883
-8.0213375 23.43951 6.0436888
-0.10469726 -24.822617 5.466444
1.0347852 -23.489105 5.1777501
1.5801953 -23.151869 5.1103258
2.6581445 -22.734877 5.0407457
3.7720799 -22.704546 5.0684924
6.6938868 -22.827423 5.2386951
7.9126754 -22.841028 5.3232923
8.5376558 -22.848017 5.3713636
9.1744528 -22.855146 5.4235001
4.4141994 -9.0434113 2.2161081
5.03125 -9.1587067 2.3012073
5.560039 -9.0568104 2.3403289
5.609746 -8.6620531 2.2726336
6.5178905 -9.0732336 2.4602103
6.7757225 -8.5315981 2.3992527
21.405684 -10.750263 5.2750139
22.485975 -9.3233299 5.3606114
22.53418 -8.7124949 5.3204379
22.130018 -7.9481921 5.1782298
17.560156 12.537844 4.7516012
19.469414 15.370912 5.4626737
16.179766 14.092108 4.7250705
15.059179 16.704498 4.9528008
-2.145869 24.748636 5.4705515
-2.2473731 20.234806 4.4834743
-3.2657225 20.384682 4.5463252
-3.7888865 20.475336 4.5855956
-4.8712206 20.690655 4.6810365
-7.2335448 21.277382 4.9490418
-9.2552052 21.886303 5.2329974
-12.46621 23.007074 5.7625375
-12.184423 -7.3354344 3.1319754
-11.886738 -8.3837862 3.2032683
-12.129951 -9.0011339 3.3263664
-10.965556 -8.9885559 3.1224279
-10.727675 -9.2349977 3.1172235
-10.137051 -9.1614075 3.0089548
-10.512373 -9.9716492 3.1908383
1.8610351 -23.007431 5.0832109
2.9414744 -22.683441 5.0371356
4.0730371 -22.744633 5.0884643
4.6536131 -22.802271 5.1249876
5.8154492 -22.816591 5.1852722
6.4073434 -22.823891 5.2205429
7.007617 -22.83091 5.2592936
9.5111523 -22.858915 5.4523225
3.9465721 -8.8752031 2.1390064
4.6300197 -9.190774 2.2662973
6.5235934 -8.8445272 2.4202318
6.6944919 -8.632309 2.4056561
6.8635936 -8.4227409 2.3927028
14.024082 -9.0576563 3.6764421
22.53834 -10.301978 5.4572754
23.071815 -8.5887461 5.4214635
17.581581 12.248863 4.7187757
19.421484 15.733165 5.5042548
16.173378 13.761087 4.6764436
14.737793 15.219371 4.6654682
14.758203 16.790115 4.9228187
-2.5094922 20.269947 4.4978948
-3.0186424 20.345036 4.5293975
-4.0658298 20.526934 4.6082282
-5.1623631 20.754663 4.7098212
-5.7337303 20.887377 4.7699423
-6.3232226 21.033745 4.8368006
-6.9332614 21.19474 4.9108543
-7.5664062 21.371498 4.9926562
-8.2255764 21.565283 5.0828094
-13.904951 23.556362 6.0238867
-28.046553 -7.6118722 6.399796
-11.399228 -7.4456153 2.9983644
-11.712734 -8.059988 3.1310632
-11.789931 -8.9806862 3.263804
-11.231865 -8.9918442 3.1684542
-11.012548 -9.2608356 3.1686907
-9.8937597 -10.099615 3.1134932
-0.07942383 -24.743 5.4488921
0.50055665 -23.932621 5.2715559
1.0578613 -23.474609 5.1747851
1.6026855 -23.137974 5.1076159
2.1407323 -22.883802 5.0614367
2.6808789 -22.730749 5.0404258
3.7961524 -22.70775 5.0700622
4.3755469 -22.780287 5.1083398
4.9536524 -22.805971 5.1394033
6.7189646 -22.827734 5.2403183
7.9385738 -22.841318 5.3252239
8.564023 -22.848314 5.3734612
9.2013283 -22.855446 5.4257669
4.3586717 -10.115238 2.4255636
4.038662 -8.7833481 2.1289318
4.7859178 -9.210351 2.2857721
5.6097655 -8.6429663 2.2691073
5.9293356 -8.6700258 2.3130949
6.782793 -8.5228338 2.39871
22.093143 -7.90979 5.1677341
17.602793 11.963846 4.6870365
17.5583 12.56323 4.7545118
19.465624 15.399786 5.4659562
14.902968 15.781993 4.7801623
14.460625 16.874517 4.8938994
-2.2683301 20.237532 4.4845839
-3.8109667 20.479361 4.5873551
-5.4578123 20.822144 4.7403245
-6.0383592 20.961855 4.8038983
-6.6382713 21.115717 4.874445
-9.2853613 21.89603 5.2375617
-11.629238 22.699697 5.6167164
-12.503896 23.021147 5.7692223
-13.435879 23.374584 5.9373016
-12.184727 -7.3523436 3.1339536
-11.634229 -7.8094015 3.0857484
-11.883242 -8.3992605 3.2046051
-12.102187 -8.9994688 3.3212385
-10.11251 -9.1577492 3.0044048
-10.085293 -10.059886 3.1369662
1.3434179 -23.298164 5.1392083
1.8835741 -22.997471 5.0814242
2.4199414 -22.77812 5.0443912
3.5235252 -22.685886 5.0557513
6.4322653 -22.824198 5.2220945
7.6427732 -22.838009 5.3035045
8.262969 -22.844946 5.3498502
8.8944721 -22.852011 5.4001899
9.5383587 -22.859221 5.4546857
4.2390332 -8.9220753 2.1752946
5.2669334 -9.2867575 2.3511281
5.6103516 -8.4105358 2.2264187
6.5308008 -8.8355923 2.4195886
6.701582 -8.6234922 2.405082
14.034941 -9.0446358 3.6769605
21.790058 -10.575413 5.3338633
22.218925 -9.4884701 5.3205061
22.550684 -8.9934168 5.3464298
17.579706 12.273932 4.7216001
19.417597 15.762447 5.5076518
15.076523 16.373121 4.9014316
14.734179 16.796942 4.9204564
-3.5587792 20.434347 4.5677533
-4.629961 20.639536 4.6581635
-6.9592576 21.201817 4.9141202
-8.2537594 21.573778 5.0867691
-8.9434271 21.786856 5.1863751
-9.6662207 22.020229 5.2959037
-10.426289 22.275835 5.4162979
-12.078086 22.863335 5.6943016
-12.981689 23.201006 5.8547077
-13.94663 23.572626 6.0316386
-28.155596 -7.6719775 6.4264407
-12.156836 -7.5454955 3.1509154
-11.444325 -7.4915543 3.0122125
-11.719697 -8.0822163 3.1351056
-11.605439 -8.4235287 3.1579821
-11.766553 -8.9816389 3.2598386
-10.987266 -9.2584953 3.1641016
-10.696396 -9.9339733 3.2147114
-10.279785 -10.019598 3.161237
-9.8771772 -10.103058 3.1114812
-2.9470799 -9.0202951 2.0897686
-0.05428711 -24.663839 5.4314466
1.0809473 -23.460344 5.1718822
1.6250976 -23.124115 5.1049151
2.7036231 -22.72662 5.0401111
3.2537303 -22.67391 5.0443592
3.8202147 -22.710957 5.0716319
4.3997655 -22.782492 5.109828
5.5590429 -22.813433 5.170938
6.7441015 -22.828043 5.2419467
7.3493748 -22.83473 5.2826614
7.9644527 -22.841606 5.327157
8.5903902 -22.848608 5.3755608
9.2282228 -22.855747 5.4280415
4.3680859 -10.109029 2.4251287
5.4086328 -9.263381 2.3622308
5.5752735 -9.0407248 2.3390725
5.6098046 -8.6239376 2.2655971
5.9368553 -8.6622496 2.3126156
6.5137691 -9.0290184 2.4517758
6.7898436 -8.5140839 2.3981717
22.621817 -9.9712114 5.4442163
22.513163 -9.2814598 5.362617
22.531229 -8.6591864 5.3156085
17.556406 12.588662 4.7574363
15.010664 16.718317 4.9479198
14.436894 16.881237 4.8916264
-1.8032129 20.320612 4.4925475
-2.2892969 20.240273 4.4856992
-3.8331249 20.483408 4.5891261
-4.3687596 20.586166 4.6344132
-4.9176755 20.700708 4.6855488
-5.4817677 20.827715 4.7428489
-6.6637988 21.122475 4.8775535
-7.9338965 21.47835 5.0423112
-10.057226 22.150478 5.3572021
-10.838564 22.41857 5.4836912
-11.664736 22.712519 5.6227942
-12.54164 23.035254 5.7759223
0.47680664 -23.952318 4.7127967
1.0347949 -23.489082 4.6252184
1.5801855 -23.151855 4.5649939
2.6581347 -22.734877 4.5028334
3.7720799 -22.704554 4.5276256
4.9294138 -22.805298 4.5898304
5.5100975 -22.812456 4.6166806
7.9124022 -22.840292 4.7550774
8.5373831 -22.847281 4.7980185
9.17416 -22.854399 4.8445878
4.0663085 -8.867013 1.9189752
4.3056836 -8.8210602 1.9309493
4.7171092 -9.1003132 2.0164037
5.0389647 -9.172739 2.0587909
6.3151364 -9.2541332 2.2039459
6.4472656 -8.9748888 2.1738544
6.7532225 -8.5032644 2.1361055
22.924902 -8.8635674 4.8350906
21.999218 -7.9012146 4.5983124
16.217499 24.27812 5.7434855
14.532187 24.206367 5.5540586
-2.0787108 18.716169 3.7044537
-2.5424316 18.75564 3.7233245
-3.0148633 18.818756 3.7492015
-3.4955273 18.889915 3.7790825
-5.0003614 19.155514 3.8945141
-5.5279784 19.263018 3.9423394
-6.071455 19.38098 3.995296
-6.6327438 19.510122 4.0537267
-7.2140136 19.651251 4.1180158
-8.4462299 19.97328 4.2659812
-9.7908983 20.356199 4.4435554
-13.85622 21.668911 5.0596671
-11.696357 -7.8340111 2.7693079
-11.611006 -8.1893225 2.7950659
-11.617266 -8.620677 2.8458061
-10.672891 -9.1878386 2.7703574
-10.103711 -9.1312675 2.6790214
-10.472949 -9.9342585 2.8396523
-10.064736 -10.019159 2.7936969
1.320664 -23.312206 4.5932903
1.8610351 -23.007421 4.5407648
2.9414744 -22.683437 4.4996109
3.4999218 -22.684843 4.5153303
4.6535349 -22.801899 4.5780144
5.2310352 -22.809013 4.6034403
6.4072461 -22.823513 4.6633692
7.0073633 -22.830185 4.6979117
8.2365818 -22.843916 4.7770071
4.2508006 -8.9701471 1.9526995
4.5155468 -8.9635153 1.9743981
4.892168 -9.1546497 2.0419023
5.2014256 -9.1928015 2.0777996
5.7615623 -8.656127 2.0455337
6.469902 -9.2296791 2.2173073
6.5017772 -8.8149128 2.1547246
6.6722069 -8.6035786 2.1417911
6.8408594 -8.3948441 2.1302941
14.023144 -9.0570421 3.283917
21.695175 -10.556398 4.7462549
22.509024 -10.288581 4.8685808
15.766757 24.257772 5.6913562
-2.7875586 18.787535 3.7363153
-3.2641308 18.854797 3.7642596
-4.7526855 19.107525 3.8733306
-5.2733493 19.210245 3.9188042
-7.5254784 19.729811 4.153966
-8.141777 19.890982 4.2280269
-9.4571095 20.258343 4.3980417
-10.906181 20.695415 4.6018882
-11.533496 -7.9366565 2.7541409
-11.904092 -9.0676489 2.9437466
-11.399765 -9.5864697 2.9300811
-10.378955 -9.1643724 2.7237399
-10.673633 -9.8928089 2.8628709
-10.258506 -9.9786797 2.8152809
-9.8574314 -10.062522 2.7710314
-2.9543262 -9.0117025 1.8656024
-0.079414062 -24.74288 4.8674078
1.0578613 -23.474594 4.6225719
2.1407323 -22.883789 4.521317
6.1226563 -22.820004 4.6478839
7.3236327 -22.833717 4.7172012
7.9383202 -22.84058 4.7568021
9.2010345 -22.8547 4.8466125
9.8512306 -22.861973 4.8971286
4.3221874 -8.8322544 1.9343536
5.0518942 -9.1743355 2.0602906
5.4023242 -9.2740812 2.111347
5.4661717 -8.8838243 2.0519273
5.4717383 -8.4302797 1.9770868
6.328867 -9.2542267 2.2054868
6.5907812 -8.7044935 2.1478064
6.7602735 -8.4945383 2.1356258
21.369101 -10.704883 4.7016668
21.632168 -9.5610514 4.652565
16.180977 24.27644 5.7392273
15.324531 24.238617 5.6412358
14.498164 24.205048 5.5503988
-2.0978906 18.716726 3.7049823
-2.5620215 18.758121 3.7243261
-3.0347948 18.821568 3.7503717
-5.0220995 19.159801 3.8964136
-7.8433785 19.812025 4.1916962
-9.1310158 20.164473 4.3544641
-9.8204002 20.364937 4.4476233
-10.545176 20.583652 4.5496335
-11.309668 20.822432 4.661365
-12.118936 21.083447 4.7838583
-12.157754 -7.336071 2.7933242
-11.617881 -8.2117062 2.7987118
-11.333457 -8.860219 2.8299477
-11.018583 -9.0506105 2.805032
-10.648887 -9.1859169 2.7665331
-10.079287 -9.1276674 2.674984
-10.455606 -9.9378452 2.837662
0.79333985 -23.689526 4.6627784
2.4199414 -22.77812 4.5060916
2.9642186 -22.679312 4.4993854
4.0972657 -22.747868 4.5469322
4.6775193 -22.802195 4.5790148
5.8399024 -22.816519 4.6331162
7.0326562 -22.830469 4.6994247
7.6425195 -22.83728 4.7374053
8.2626753 -22.844208 4.7788048
9.5380468 -22.858469 4.872447
10.19 -22.853588 4.922379
4.532793 -8.9752111 1.9779794
5.4637303 -9.114212 2.090415
5.769043 -8.6484261 2.0450857
6.508945 -8.8060188 2.1541541
6.679316 -8.5947971 2.1412828
14.033809 -9.0438986 3.2843153
21.723886 -10.543293 4.750205
22.569004 -9.6379671 4.8276281
22.707655 -8.4271383 4.7647085
16.175722 13.791195 4.181602
15.730976 24.256195 5.6872649
14.890527 24.220625 5.5930657
-2.3380566 18.730484 3.713228
-2.8072948 18.790178 3.7374005
-3.7700682 18.933609 3.7977087
-4.2662206 19.01808 3.834182
-4.7741404 19.111612 3.8751304
-5.8317184 19.328064 3.9714861
-6.3849802 19.45223 4.0274811
-6.9572263 19.588009 4.0891566
-7.5507617 19.736282 4.1569328
-8.8120604 20.074402 4.3127322
-12.560048 21.229023 4.8523145
-13.448779 21.528784 4.9935408
-19.982695 -8.7030392 4.2876129
-11.282842 -9.0513268 2.8454823
-10.656006 -9.8964462 2.8608158
-10.241455 -9.9822369 2.8133669
-9.8409376 -10.065976 2.7692473
-2.9467773 -9.0193853 1.8665762
0.5242871 -23.912897 4.7052374
1.0809473 -23.460327 4.6199741
1.6250976 -23.124102 4.5601554
2.1630664 -22.873919 4.5197954
2.7036231 -22.72662 4.5022717
3.2537401 -22.673916 4.5060692
3.820205 -22.710962 4.5304308
4.9777145 -22.805893 4.5919609
5.5589452 -22.813057 4.6190619
6.1474414 -22.820309 4.6492057
6.7439842 -22.827665 4.6824918
9.2279291 -22.855 4.8486481
4.0954685 -8.8833094 1.9242837
4.3387303 -8.8434753 1.9377661
4.7531638 -9.1248064 2.0239511
5.0648437 -9.1759357 2.0617969
5.4664063 -8.8641262 2.048651
5.471992 -8.4120855 1.9741143
6.443418 -8.931488 2.1664822
6.5979099 -8.695673 2.147269
6.7673044 -8.4858246 2.135148
21.397226 -10.692081 4.7054925
22.290117 -9.8250036 4.7919416
22.565351 -9.3029776 4.8014636
22.9333 -8.8137083 4.8331037
21.926582 -7.8252444 4.5798259
15.289413 24.237133 5.6372991
14.232773 25.176195 5.6892591
-2.1574707 24.312935 4.8015976
-2.1170506 18.717283 3.7055113
-2.5816307 18.760614 3.7253375
-3.0547071 18.824381 3.7515404
-3.536123 18.896231 3.7817626
-4.5292478 19.065645 3.8549418
-5.0439157 19.164112 3.8983226
-5.5727439 19.272455 3.9465587
-6.1176462 19.391336 3.9999657
-6.6805272 19.521448 4.0588708
-7.2635446 19.663614 4.1236649
-8.5000191 19.987993 4.2727771
-9.1591501 20.172501 4.3581872
-13.015761 21.381689 4.9241996
-13.935449 21.696342 5.0726199
-27.224657 -9.2289143 5.6549449
-0.1046875 -24.822412 4.304884
0.47679687 -23.952291 4.1547704
1.0347949 -23.489054 4.0775599
2.1183887 -22.893656 3.9873242
4.3513083 -22.778095 4.0217423
4.9293551 -22.804932 4.0462985
5.5100193 -22.812084 4.069972
6.6936717 -22.82667 4.1254268
9.8234568 -22.860918 4.3152127
10.481699 -22.856592 4.3608618
4.9988084 -9.0996113 1.8005481
5.3101759 -9.1370134 1.8327651
5.3305469 -8.6829967 1.7669781
6.2553124 -9.1664858 1.924584
6.3909178 -8.8964691 1.899714
6.7310543 -8.4753637 1.8769997
21.276758 -10.685512 4.1291423
21.852442 -10.32233 4.1913104
22.399881 -9.9273567 4.2491364
22.5275 -9.3405361 4.2293639
22.840508 -8.8309393 4.2468963
16.183359 14.095202 3.7218969
17.559883 23.725126 5.118947
16.66543 23.690943 5.0233612
14.222265 23.690121 4.7919965
-2.1459179 24.749096 4.3082371
-2.6818359 19.784126 3.4624603
-4.6702147 19.836893 3.5342834
-5.1817675 19.85047 3.5579412
-5.7005563 19.864437 3.584054
-6.2273827 19.87874 3.6126928
-7.8642187 19.923338 3.7146568
-8.4316702 19.938848 3.7543821
-10.302539 19.013929 3.750459
-11.015146 19.208021 3.8400488
-11.767646 19.41935 3.9379089
-12.565078 19.649794 4.0449338
-13.413115 19.901527 4.1621575
-14.318438 20.177076 4.290781
-28.779629 -6.687921 5.1241241
-27.711172 -10.082088 5.1140246
-13.216631 -7.9568496 2.6754327
-11.462714 -7.6775274 2.3926363
-11.369961 -8.8702955 2.5009317
-10.084678 -9.1140709 2.3573618
-10.43417 -9.8974762 2.4941487
-10.027939 -9.982523 2.4538994
0.77007812 -23.708818 4.1138883
2.3971288 -22.782255 3.9728436
2.9414744 -22.683437 3.9668317
4.6534572 -22.801533 4.0358839
5.230957 -22.808645 4.0583024
8.8672457 -22.850229 4.2507463
9.5105658 -22.857416 4.2935176
4.191494 -8.8449936 1.6974697
4.8209567 -9.0213823 1.7739245
6.0033398 -9.0193348 1.8789965
6.3997655 -9.1296425 1.9335799
6.4802537 -8.7857504 1.8933078
21.614374 -10.517077 4.1686854
22.513594 -8.3809528 4.1662073
16.213163 23.674667 4.9763203
15.369258 23.646219 4.890975
14.554902 23.62126 4.811779
-2.21208 22.258667 3.8792431
-3.9252441 19.817125 3.5035734
-4.4274802 19.830452 3.5237885
-5.9739356 19.871853 3.5986524
-6.5052342 19.886297 3.6286345
-7.5965037 19.916027 3.6966772
-9.3878317 18.906311 3.6608069
-11.401816 19.315823 3.889931
-13.000107 19.778126 4.1046562
-13.87711 20.041914 4.2276525
-20.008183 -8.6901598 3.7830932
-12.090528 -7.4874644 2.4663243
-11.517578 -8.3420525 2.4663351
-11.60663 -9.2918539 2.5784671
-10.808193 -9.088994 2.4490957
-10.246631 -9.0475349 2.3706217
-10.63378 -9.8558798 2.514468
-2.9541113 -9.0110579 1.6445868
0.50055665 -23.932573 4.1514335
1.0578711 -23.474569 4.0752292
1.6026758 -23.137943 4.0223327
2.1407323 -22.883783 3.9859691
2.6808887 -22.730742 3.9694226
5.5344138 -22.812386 4.0710168
6.71875 -22.826977 4.1266956
7.3233786 -22.832998 4.1585264
8.5634766 -22.846838 4.231421
9.2007227 -22.853956 4.2726088
9.8508978 -22.861219 4.3171439
4.3789845 -8.9483261 1.7277255
4.6173434 -8.885931 1.7366805
5.3234372 -9.1386127 1.8341628
5.3309765 -8.6640835 1.764223
6.3981051 -8.8875628 1.8991866
6.5690818 -8.6757936 1.8872507
21.304844 -10.672697 4.1324973
22.544374 -9.3209162 4.2307677
22.850292 -8.8082409 4.2470627
21.835136 -7.8174143 4.0221524
15.769707 23.659403 4.9310684
-3.192168 19.797668 3.4777727
-3.686543 19.810789 3.4946849
-4.1861033 19.824047 3.5138159
-4.6914454 19.837458 3.5352244
-5.2032909 19.85104 3.5589831
-7.3313475 19.908794 3.6793616
-8.4556837 19.939503 3.7561083
-8.5484858 18.878035 3.5939617
-9.1124706 18.896988 3.6383667
-9.6911526 18.916632 3.6860936
-11.045772 19.216496 3.843966
-12.599443 19.659866 4.0496192
-13.449765 19.91255 4.1672959
-14.357656 20.189159 4.2964287
-27.157402 -9.1756039 4.9713516
-13.20915 -7.9704952 2.6755428
-12.074101 -7.6888328 2.4824874
-11.603516 -8.628644 2.5077591
-11.343984 -8.8684473 2.4971809
-10.511025 -9.066988 2.407383
-10.416904 -9.9010744 2.4924083
-10.011259 -9.9860382 2.4522815
0.79333985 -23.689501 4.1106739
1.3434179 -23.298132 4.0472102
1.8835741 -22.99745 4.001709
2.4199414 -22.778114 3.9725444
2.9642088 -22.679308 3.9666326
3.5235057 -22.685892 3.9814923
4.0972753 -22.747875 4.0085497
5.8398046 -22.816147 4.0844636
6.4320507 -22.823442 4.1123509
7.0324216 -22.82975 4.1428571
7.6423044 -22.836552 4.1763349
8.8939056 -22.850529 4.2524662
9.5377541 -22.857721 4.2953796
10.190078 -22.853796 4.3395786
5.3261132 -8.8846474 1.7964789
6.0028124 -8.9989052 1.8760003
6.3978906 -9.1073961 1.9302349
6.487402 -8.7768974 1.8928106
6.6573238 -8.5665455 1.8815362
14.032676 -9.043169 2.8951986
21.635019 -10.500174 4.1706266
21.177149 -9.6539755 4.0362849
22.255957 -8.2594976 4.1169801
23.357168 -8.0327387 4.283596
16.177284 13.792537 3.6868341
17.052246 23.705404 5.0642881
16.177305 23.673409 4.9726281
15.334648 23.645117 4.887548
14.154824 25.727856 5.0925522
-2.0507128 26.951717 4.6876335
-2.4688671 19.778475 3.4567194
-2.9568944 19.791426 3.4704406
-3.9461033 19.817678 3.5043731
-4.4485936 19.831011 3.5246813
-4.9572167 19.844509 3.5473027
-5.4727345 19.858257 3.572324
-5.9959664 19.872454 3.5998552
-7.6197753 19.916664 3.69822
-8.2829981 18.869183 3.5738127
-9.4120216 18.907131 3.662802
-10.698857 19.121111 3.7998962
-11.433359 19.324701 3.8940411
-12.210488 19.546535 3.9969397
-13.035654 19.788679 4.109571
-19.980957 -8.7022839 3.7796013
-12.057588 -7.8930016 2.4992862
-12.025654 -8.2932119 2.5334041
-12.009872 -9.1673737 2.6202655
-10.783955 -9.0871811 2.4456787
-10.61624 -9.8595333 2.5126708
-10.203809 -9.9455366 2.471128
-0.05428711 -24.663631 4.2773218
1.6251074 -23.124084 4.0202045
2.1630664 -22.873905 3.9846246
3.8202147 -22.710972 3.9940026
4.9776368 -22.805521 4.0481772
7.3488865 -22.833281 4.1599278
8.5898438 -22.847134 4.2330747
4.3943162 -8.9567738 1.7302094
4.6347656 -8.8975239 1.7398584
5.0243945 -9.1026754 1.8031552
5.3367186 -9.1402159 1.8355637
5.7642384 -8.8613863 1.8333206
6.405293 -8.8786545 1.8986615
21.332851 -10.659907 4.1358519
22.860077 -8.7855616 4.2472305
17.48373 23.722118 5.1106853
14.907558 23.631762 4.8456802
14.156152 23.688189 4.78583
-1.7376562 26.951538 4.6837969
-2.1575 24.313236 4.2331114
-2.2701855 20.071239 3.5030687
-2.7226171 19.785208 3.4636023
-3.2127244 19.798216 3.4784343
-4.2071486 19.824606 3.5146649
-4.7127442 19.83802 3.5361724
-5.2248631 19.851612 3.5600309
-6.8082027 19.894543 3.6466656
-7.9111814 19.92462 3.7178624
-8.5717182 18.878815 3.5957513
-10.360713 19.029535 3.757653
-11.076474 19.225008 3.8479033
-11.83249 19.437845 3.9464862
-14.396953 20.201277 4.3020911
-27.654081 -10.124466 5.1072421
-0.10469726 -24.822329 3.7311926
1.5801855 -23.151825 3.4881494
3.2068164 -22.671841 3.441828
4.3512888 -22.778101 3.4857929
4.9292579 -22.804565 3.5070183
5.5099216 -22.811714 3.5275347
6.0977345 -22.818954 3.5503716
6.6935544 -22.826294 3.5755882
7.2976952 -22.831997 3.6030254
7.9119139 -22.838844 3.6331725
8.5368357 -22.845816 3.6659801
9.1735744 -22.852922 3.7015588
4.3031249 -8.8157625 1.4745699
4.4892383 -8.6607208 1.4663274
5.8470311 -9.0284252 1.616842
6.1970701 -9.0811453 1.6525789
6.3408594 -8.8267794 1.6336511
6.5258007 -8.6367378 1.6271462
21.762714 -10.279947 3.6178472
22.649824 -9.3912611 3.6856494
17.119764 23.130463 4.3255744
14.612929 23.061537 4.1038175
14.497324 25.523851 4.412292
0.4437207 5.3756833 0.81078368
0.053769529 5.3807139 0.80883271
-2.2622948 20.369141 3.0806057
-2.6818359 19.784124 3.001039
-3.6658201 19.810238 3.0283182
-1.2556446 5.3333702 0.82359493
-1.3900878 5.3251758 0.82726711
-1.6663281 5.3191333 0.83785063
-1.8089551 5.3209791 0.84476894
-7.3078613 19.906887 3.1875472
-7.8635449 19.921635 3.2193489
-8.4307709 19.936687 3.2537079
-9.6040916 19.967823 3.330586
-11.479394 20.017591 3.4685888
-13.528291 20.072411 3.6384692
-14.257617 20.091347 3.7031751
-14.203759 19.025938 3.5689244
-12.082988 -7.6773968 2.1518676
-11.91833 -7.9826846 2.1562128
-11.884902 -8.382494 2.1861179
-11.481777 -8.9575205 2.1889639
-10.624189 -9.1459169 2.1071997
1.320664 -23.312178 3.5097771
1.8610351 -23.007402 3.4696405
2.397119 -22.782255 3.4434087
4.0730176 -22.744654 3.4732373
6.4070311 -22.822763 3.5632091
7.6163669 -22.835548 3.6184051
8.2360744 -22.842461 3.6499224
9.5102539 -22.85668 3.7212279
10.833008 -22.860165 3.8025177
4.4931054 -8.9189739 1.5011591
5.7344337 -9.0829124 1.6146234
6.4373436 -8.72756 1.6301291
6.6216989 -8.5384445 1.6241735
18.693516 -22.940117 4.4481421
21.474062 -10.448801 3.589694
20.919979 -9.5622559 3.4575031
22.350233 -9.5712118 3.6546569
22.151602 -8.2461948 3.5529418
23.282461 -8.0332794 3.7021539
17.549376 23.146645 4.3662424
16.661991 23.113739 4.2829566
15.810781 23.087084 4.2061052
14.994199 23.069164 4.1357355
14.478594 24.81851 4.318994
0.3758496 5.3765588 0.81013978
0.11594726 5.3799119 0.80885953
-0.14374024 5.3832626 0.8094632
-0.40441406 5.3866282 0.81195921
-2.4485936 19.777933 2.9956067
-2.9364257 19.79088 3.0074213
-3.9252441 19.81712 3.0366704
-1.2520996 5.6080627 0.86371827
-1.3243359 5.3243246 0.82470155
-1.7403125 5.3200903 0.84137815
-1.8841991 5.3219519 0.84861481
-8.1575193 19.929438 3.2369215
-9.3179388 19.96023 3.3111343
-9.9190722 19.976183 3.3525035
-10.535771 19.992548 3.3969243
-11.169404 20.009363 3.4445653
-12.493476 20.0445 3.5503154
-13.187617 20.063402 3.6089685
-13.90499 20.082188 3.6716247
-20.006454 -8.6894093 3.2786629
-13.060527 -8.0881691 2.3091543
-11.900996 -8.189538 2.1715219
-11.909707 -8.6260614 2.2104399
-11.768877 -8.9646482 2.2237978
-11.012686 -8.8163729 2.1204867
-10.66875 -8.9717293 2.0953336
-10.594541 -9.8195114 2.1713393
-10.183672 -9.9059114 2.1354961
1.0578613 -23.47456 3.5321472
1.6026855 -23.137924 3.486295
2.1407323 -22.883774 3.4547789
3.2302637 -22.67288 3.4424756
4.3755469 -22.780308 3.4868004
5.5343356 -22.812016 3.5284429
6.7186327 -22.826603 3.5767028
7.323164 -22.832279 3.6042333
8.5632029 -22.846107 3.6674097
9.2004299 -22.85322 3.7031059
9.850605 -22.860477 3.7417021
10.509824 -22.857065 3.7815423
4.5059767 -8.6715975 1.4689374
4.925293 -8.9444332 1.534838
5.5796876 -9.0683432 1.6004614
5.8467579 -9.0080872 1.6142529
6.2104688 -9.0811176 1.6537102
6.3486133 -8.8188057 1.6333585
6.5335155 -8.6288366 1.6268966
6.7162499 -8.4392147 1.6212246
21.351465 -10.696055 3.5896239
21.788105 -10.265103 3.6203473
21.764589 -9.6195812 3.5768328
22.156054 -8.5406199 3.5692401
17.987518 23.163612 4.4083562
17.082676 23.129091 4.3220954
15.381797 23.077406 4.1688013
14.579941 23.060904 4.1010861
14.460625 24.142382 4.2301359
0.7001465 5.3723764 0.81436765
0.56890625 5.3740673 0.81230742
0.43827146 5.3757529 0.81072754
0.048330076 5.3807836 0.80883604
-0.47262695 5.3875098 0.81292325
-2.2662792 20.219183 3.0582728
-3.1921778 19.797667 3.0143132
-3.6865528 19.810785 3.0289693
-4.1861033 19.824043 3.0455525
-1.2589746 5.3234801 0.82226163
-1.5317675 5.3173938 0.83177549
-1.6722363 5.3192101 0.83812714
-7.8870215 19.922255 3.2207353
-9.0351171 19.952723 3.2923477
-10.863643 20.001247 3.4213274
-11.50667 20.018314 3.470722
-12.168877 20.035887 3.5236444
-14.288671 20.092152 3.7059777
-13.145927 -7.9323416 2.3078909
-12.080634 -7.6929984 2.1528261
-11.916933 -7.9991617 2.1574173
-11.883496 -8.3994446 2.1874149
-11.442959 -8.9458323 2.1832857
-10.945576 -8.9906569 2.1291525
-10.586299 -9.1319237 2.1015115
-10.795957 -9.7766762 2.1893151
-9.9750881 -9.9499636 2.1178055
0.79333007 -23.689487 3.5628698
1.8835644 -22.99744 3.4684241
2.4199414 -22.778111 3.4431474
3.5235155 -22.685898 3.4509063
4.6773829 -22.801462 3.4987609
5.255156 -22.808577 3.5182829
5.8397264 -22.815775 3.5400975
6.431953 -22.823071 3.5642717
7.032207 -22.829037 3.5906518
9.5374413 -22.856981 3.722841
10.861347 -22.860439 3.8043785
4.7197461 -8.8106194 1.5024158
5.1592383 -9.0968666 1.5719937
6.0578904 -9.0814619 1.6409136
6.4450779 -8.719615 1.6298599
14.031562 -9.0424442 2.5091765
21.499043 -10.434175 3.5921123
22.371601 -9.5536671 3.6565752
22.527344 -8.9841061 3.6455371
22.122246 -8.2098818 3.5469
16.178846 13.793864 3.1958196
18.434668 23.181406 4.4519882
17.511581 23.145199 4.3626328
16.625683 23.11244 4.2796087
14.960703 23.068476 4.132905
14.225312 23.138575 4.0827904
0.50081056 5.3749461 0.81142515
0.37040037 5.3766284 0.81009364
0.24037109 5.3783069 0.80923706
-0.27932617 5.3850145 0.81052643
-0.40987304 5.3866992 0.81203276
-2.9568944 19.791424 3.0079532
-3.4491014 19.804483 3.0217073
-3.9461033 19.817675 3.0373611
-1.3300488 5.324398 0.82492065
-1.6046679 5.3183351 0.83501065
-1.8902735 5.3220301 0.84893125
-7.6191993 19.915148 3.2051396
-8.1812201 19.930061 3.2383614
-8.7553902 19.945301 3.2742083
-9.9445019 19.976858 3.3542981
-11.196269 20.010077 3.4466295
-11.849111 20.027401 3.4978368
-13.217148 20.064215 3.6115081
-11.899599 -8.2062769 2.1727762
-11.948565 -8.672574 2.2192714
-11.751513 -8.9701643 2.2222261
-10.976367 -8.80546 2.1152022
-10.645039 -8.9701166 2.0924501
-11.020888 -9.7509632 2.2119277
-10.166797 -9.9094648 2.1340501
-2.9461131 -9.0173473 1.425947
1.0809277 -23.460302 3.5301611
1.6251074 -23.124062 3.4844513
2.1630664 -22.873896 3.4536138
2.7036133 -22.726614 3.440227
3.2537401 -22.673923 3.443131
4.3997459 -22.782509 3.4878149
4.9775586 -22.805159 3.5086467
6.1472263 -22.819565 3.552387
7.3486719 -22.832565 3.6054485
7.9636912 -22.839424 3.6358092
8.58957 -22.846405 3.6688421
9.878027 -22.860786 3.7433794
10.53787 -22.857334 3.783344
4.3331447 -8.8320684 1.4787549
4.5227928 -8.6825218 1.4715592
4.9436717 -8.9563913 1.5377454
5.8465037 -8.9878073 1.6116757
6.2239256 -9.0810909 1.6548468
6.3563476 -8.8108282 1.6330655
21.84668 -9.6295443 3.5887218
22.62916 -9.3292751 3.6792188
22.701563 -8.1018133 3.6231718
17.948984 23.1621 4.4046221
16.17787 23.096659 4.2387066
14.54703 23.060268 4.0983624
14.500683 25.650106 4.4290495
0.69463867 5.3724484 0.81427217
0.56343746 5.3741379 0.81223232
0.30263671 5.3775024 0.80958891
0.17271484 5.3791795 0.80897826
0.042910155 5.3808546 0.80883938
-0.086904295 5.3825302 0.80917019
-0.47810546 5.3875818 0.81300658
-4.2071486 19.824602 3.0462885
-1.4016113 5.3253236 0.82772732
-1.5375879 5.3174696 0.8320294
-1.6781542 5.3192859 0.83840424
-7.3538766 19.908106 3.1901116
-9.059638 19.953375 3.2939615
-10.264082 19.985338 3.3771148
-11.533945 20.019037 3.4728632
-12.196982 20.036633 3.5259326
-13.588252 20.073965 3.6437097
-14.265185 19.02809 3.5747197
-27.736835 -10.15477 4.4398832
-0.1046875 -24.822208 3.1613641
0.47680664 -23.952246 3.0511391
1.0347949 -23.489008 2.9944408
2.6581445 -22.734867 2.9152141
3.2068067 -22.671843 2.9162064
3.7720897 -22.704575 2.9312699
4.3513083 -22.778105 2.953459
4.9291992 -22.804201 2.9713957
5.5098243 -22.811348 2.9887776
9.1732807 -22.852192 3.1361704
9.822793 -22.859432 3.1687737
5.2278709 -8.9954233 1.3250748
5.693574 -8.7915125 1.3339767
18.215448 -22.935982 3.7302661
21.941444 -10.364362 3.0905156
22.236582 -9.2199202 3.0658238
22.125917 -8.5546541 3.0212295
23.220469 -8.3398256 3.1422937
18.281425 22.358847 3.6782978
3.8838184 5.2475047 0.83145112
3.6930175 5.2499571 0.81748319
3.514082 5.2607861 0.80573332
2.8672752 5.3443809 0.77242309
2.7044044 5.346478 0.76307327
2.3897655 5.3505282 0.74631453
2.2373924 5.3524899 0.7388435
2.0879686 5.3544126 0.73194289
1.5147167 5.3617978 0.70959473
1.1045312 5.3670826 0.69786668
0.705625 5.3722262 0.69007307
0.4437207 5.3756042 0.68695432
-0.20604491 5.3839893 0.68619567
-0.33635741 5.3856711 0.68724346
-0.46713865 5.3873596 0.68869752
-0.59855467 5.3890562 0.6905598
-1.1337597 5.3959718 0.7022258
-1.988457 5.4166346 0.73486644
-2.9416308 5.428967 0.7863977
-3.2925584 5.4335117 0.80913997
-12.823066 20.053244 3.0314794
-13.527998 20.071951 3.0827467
-28.151962 -9.4800406 3.7832403
-27.172831 -9.8862247 3.6826372
-11.948174 -8.0026665 1.8314972
-11.761542 -8.2954884 1.8330386
-11.726298 -8.7015877 1.859718
-11.07999 -9.5382891 1.8619919
-10.684375 -9.6560535 1.8341278
0.20267577 -24.280022 3.0923898
0.77007812 -23.708778 3.0211213
1.3206738 -23.312159 2.973779
1.8610351 -23.007393 2.9397709
2.3971288 -22.782251 2.9175441
2.9414842 -22.683428 2.9131305
4.0730271 -22.744663 2.9428198
6.4069333 -22.822397 3.0190008
7.0067186 -22.828049 3.0412285
8.8666792 -22.848772 3.1214266
10.162499 -22.853937 3.1854556
10.833105 -22.860371 3.2218432
4.8081641 -8.9974403 1.2992632
5.0118165 -8.8576965 1.2961673
5.4162107 -9.0556479 1.3438674
5.6936717 -9.0183954 1.3583273
17.783751 -22.93165 3.6958861
14.020351 -9.0552435 2.1256578
21.611895 -10.51587 3.0610132
20.7616 -9.4898615 2.9073098
22.375214 -9.5819216 3.0999935
23.207655 -8.0074701 3.1266983
19.621758 22.323252 3.7852495
17.981796 22.56518 3.6747777
3.596123 5.2512045 0.81057739
3.2896874 5.3389487 0.79867429
2.946748 5.3433595 0.77714473
2.4638867 5.3495741 0.75010282
2.3100097 5.3515549 0.74235028
2.1591992 5.3534961 0.73517942
1.7226269 5.3591185 0.71692121
1.3050684 5.3644981 0.70313978
0.76875973 5.3714123 0.69106352
0.50625974 5.3747973 0.68755352
0.37583983 5.3764791 0.6864087
0.11594726 5.3798313 0.68532395
-0.14374024 5.3831849 0.68583554
-0.40441406 5.386549 0.68795055
-0.66731441 5.3899436 0.69169277
-0.93371093 5.3933849 0.69710815
-1.0686425 5.3951306 0.70046204
-1.2049609 5.3968906 0.70426041
-1.3243164 5.3242416 0.69874614
-1.4593945 5.3163757 0.70212966
-2.0664356 5.4176426 0.73846817
-2.2183495 5.4196081 0.74581373
-2.3734179 5.4216146 0.75375026
-2.5319042 5.4236655 0.76230633
-2.6941309 5.425765 0.77151245
-3.0311425 5.4301281 0.79202056
-3.2066405 5.4323988 0.80340177
-3.3873925 5.4347401 0.81559688
-13.904824 20.081951 3.110872
-28.759541 -7.0652914 3.7716985
-12.998692 -8.0498743 1.9472488
-11.975761 -7.8221841 1.8217486
-11.468408 -7.8918595 1.7730169
-11.743261 -8.5055065 1.8466973
-11.884932 -9.0530653 1.9027706
-10.566259 -8.8855333 1.7582852
-10.872266 -9.5999594 1.8472149
-10.483134 -9.71626 1.8203986
-10.105303 -9.8296633 1.7954452
-2.9536815 -9.0097523 1.2075906
1.0578711 -23.474541 2.9927309
1.6026758 -23.137915 2.9538839
2.1407323 -22.883759 2.9271812
2.6808789 -22.730742 2.9150283
3.7961719 -22.707783 2.9321756
5.5342383 -22.811649 2.9895477
6.7185349 -22.826233 3.0304346
7.3229294 -22.831568 3.0537143
8.5629492 -22.845385 3.1072378
4.8049998 -8.7259865 1.2686834
5.2471681 -9.0077391 1.3276672
6.2850389 -8.7304916 1.3700601
6.4683399 -8.5427608 1.3646929
21.288574 -10.664548 3.0324764
22.113651 -9.7738552 3.0791979
22.20418 -9.1802626 3.0600777
22.096445 -8.5176516 3.0160289
17.635038 22.709677 3.6619318
3.8757129 5.2476087 0.83084595
3.0272167 5.3423252 0.78203124
2.6976757 5.3465648 0.76269746
2.5387597 5.3486109 0.75403148
1.648916 5.3600669 0.71422088
1.508916 5.3618712 0.70940232
1.2341015 5.3654137 0.7011711
1.0989063 5.3671556 0.69773144
0.83209962 5.3705945 0.69214952
0.56889647 5.3739891 0.68824494
0.43826172 5.3756747 0.6869067
0.30805662 5.3773546 0.6859715
-0.21148437 5.384059 0.68623137
-0.47261718 5.3874302 0.68876725
-0.6040625 5.3891273 0.69064617
-1.003828 5.3942919 0.69879973
-1.1394531 5.3960438 0.70238388
-1.258955 5.3233981 0.69667876
-1.5317383 5.3173108 0.70473999
-1.8149414 5.3209729 0.71600461
-2.1451952 5.4186621 0.74222183
-2.2987108 5.4206481 0.74987227
-2.4555371 5.422678 0.75812835
-12.852031 20.054012 3.0335495
-13.557968 20.072748 3.0849669
-14.288662 20.092136 3.1400151
-28.291454 -8.8044252 3.7736218
-28.127148 -9.503253 3.7811882
-11.760077 -8.3122139 1.8341162
-11.724814 -8.7188368 1.8608782
-10.668125 -9.6609106 1.8330072
-10.28499 -9.775672 1.8071759
1.3434277 -23.2981 2.9721549
1.8835741 -22.997427 2.9387381
4.0972853 -22.74789 2.9437697
4.6772852 -22.8011 2.9643972
5.2550583 -22.808212 2.9809368
7.031992 -22.828329 3.0422075
7.6417966 -22.835121 3.0667892
4.4461131 -8.8035975 1.256094
4.8245115 -9.0062094 1.3012314
6.3806639 -8.6324759 1.3671539
14.03043 -9.0417261 2.1258135
21.64039 -10.502768 3.0635455
22.199942 -8.8535357 3.0439141
22.949961 -8.517066 3.1176772
23.206659 -7.980969 3.1254776
16.18041 13.795189 2.70803
19.582754 22.324291 3.7820733
3.5884275 5.2513022 0.81003171
3.2823143 5.3390427 0.79819393
2.9397752 5.3434496 0.77672726
2.7751367 5.3455687 0.7670781
2.0050683 5.3554807 0.72830105
1.7166895 5.3591952 0.71669918
1.4367089 5.3628025 0.70708174
1.1635058 5.366323 0.69932431
0.76325196 5.3714819 0.69097412
-0.14916992 5.3832531 0.6858632
-0.27932617 5.3849339 0.68673611
-0.40987304 5.3866196 0.68801177
-0.54100585 5.3883142 0.68969524
-0.93932617 5.3934569 0.69723934
-1.3300292 5.3243175 0.6989308
-1.465166 5.3164511 0.70233428
-1.6046386 5.318253 0.70748091
-1.7462597 5.3200855 0.71312165
-1.8902441 5.3219457 0.71927577
-2.0727344 5.4177246 0.73876268
-2.3799608 5.421699 0.75409561
-3.0383692 5.4302206 0.79248047
-3.3950682 5.4348373 0.81612575
-13.216816 20.063692 3.0598977
-13.9354 20.082762 3.1131759
-19.977539 -8.7007837 2.7751608
-11.973359 -7.8378677 1.8225857
-11.924443 -9.1021547 1.9105618
-11.08499 -8.8926058 1.8099121
-10.855781 -9.6048794 1.8460553
-10.089736 -9.8343458 1.7944399
-0.05428711 -24.66342 3.14112
1.0809375 -23.460283 2.99105
1.6250976 -23.124058 2.9523227
2.1630664 -22.873886 2.9261971
2.7036133 -22.72661 2.914851
3.2537303 -22.673925 2.91731
4.3997655 -22.782515 2.9551723
4.9774804 -22.804794 2.9727724
5.5586524 -22.811947 2.99032
7.3484373 -22.831852 3.0547459
4.639863 -8.9073048 1.2791079
5.6068163 -9.0918579 1.3604089
5.6935935 -8.7527666 1.3298389
21.316484 -10.651718 3.0349209
22.139473 -9.7586117 3.0814259
23.218378 -8.2862635 3.1397464
19.102793 22.337036 3.7432764
18.218847 22.374149 3.6747656
17.599121 22.710634 3.6592259
3.6773632 5.2501588 0.81636018
3.1912792 5.3402133 0.79230958
3.0201464 5.3424158 0.78159851
2.8535156 5.3445592 0.77161622
2.6909766 5.3466501 0.76232266
2.5321972 5.3486948 0.75368404
2.2248046 5.3526511 0.73824477
2.0755956 5.3545737 0.73139036
1.7849317 5.3583155 0.71929199
1.5031054 5.3619471 0.70921159
1.228418 5.3654857 0.70101929
1.0932813 5.3672276 0.6975975
0.95938474 5.3689537 0.69461119
0.69463867 5.3723679 0.68990964
0.17271484 5.3790989 0.68542433
0.042910155 5.3807764 0.68530697
-0.086894527 5.3824496 0.68558669
-0.21691406 5.3841295 0.68626767
-0.34726563 5.3858118 0.68735063
-0.60957032 5.3891993 0.69073331
-0.74185544 5.3909082 0.6930452
-1.1451758 5.3961182 0.70254439
-1.2646582 5.3234715 0.69685471
-1.4015918 5.325243 0.7013101
-1.5375683 5.3173862 0.70495439
-2.0009179 5.4167957 0.73543394
-2.3051953 5.4207325 0.75020504
-2.4621484 5.4227624 0.75848663
-2.7871873 5.4269691 0.77699184
-2.9559081 5.4291539 0.78728664
-12.881054 20.054783 3.0356302
-28.259491 -8.8257294 3.770545
-27.06492 -9.9087782 3.6707153
-0.10469726 -24.822128 2.5948088
1.5801953 -23.151787 2.4258013
2.6581445 -22.734863 2.3927782
4.3513083 -22.778112 2.4241705
4.929121 -22.803841 2.4388516
6.6933398 -22.825556 2.4865243
7.9113865 -22.837416 2.5265026
9.1729879 -22.851465 2.5740509
9.8225002 -22.858698 2.6008053
10.481992 -22.857206 2.6286483
11.160078 -22.863716 2.6595855
4.9079881 -8.9342871 1.0655884
5.4187889 -9.3238916 1.1273205
5.8476171 -9.0293159 1.1245321
6.2154489 -8.6522064 1.1136407
17.323769 -22.92767 3.0039856
18.215977 -22.936638 3.0618472
21.689648 -10.245444 2.5075579
21.309336 -9.4440479 2.4365425
22.858358 -8.8378344 2.5618815
5.5422459 5.318408 0.80295807
5.2844529 5.3217211 0.78398222
4.5774999 5.3308139 0.73450822
3.88375 5.2474093 0.68243515
3.2057421 5.3399363 0.65107286
2.7043653 5.3463902 0.62631255
2.5452929 5.3484397 0.6191783
2.3897264 5.3504419 0.61255705
2.0879297 5.354331 0.60076183
1.6547754 5.3599095 0.5863899
1.5146972 5.3617163 0.58241975
1.2397559 5.3652601 0.57563204
1.1045117 5.367003 0.57279247
0.83761716 5.3704453 0.56818265
0.44371092 5.3755236 0.56383651
0.31349608 5.3772058 0.56305569
-0.4671289 5.3872814 0.56526715
-0.5985449 5.3889771 0.56679595
-0.73075193 5.3906846 0.56866485
-0.99818355 5.3941393 0.57344466
-1.255664 5.3334274 0.57276684
-1.5258887 5.3171544 0.57825804
-1.8088964 5.3208127 0.58747005
-1.988418 5.4165502 0.60316163
-2.2921972 5.4204783 0.61520612
-2.4488573 5.4225049 0.6219601
-2.6091015 5.4245763 0.62923473
-2.7732227 5.4266992 0.6370573
-3.8609765 5.4407749 0.69740218
-4.4929004 5.4489574 0.73826218
-4.7208009 5.4519076 0.75387418
-4.958652 5.4549875 0.77061874
-28.680166 -7.3982353 3.0962253
-28.682217 -8.1414194 3.1167424
-28.129999 -8.7231092 3.0787141
-11.378222 -8.0251265 1.4555041
-11.604707 -8.6113548 1.5106097
-11.377871 -9.3265181 1.5379077
0.20267577 -24.279982 2.5381963
1.3206738 -23.312143 2.4408426
1.8610351 -23.007381 2.4129326
3.4999218 -22.68486 2.3994179
4.0730371 -22.744667 2.4154375
6.4068356 -22.822029 2.4779265
7.006484 -22.827343 2.496134
7.6158981 -22.834126 2.516233
8.2355471 -22.841024 2.5381484
8.8664064 -22.848049 2.5619562
9.5096483 -22.855215 2.5877349
10.162598 -22.854139 2.6146109
10.833203 -22.860575 2.6444783
11.519746 -22.867165 2.6766129
4.7405272 -8.8708992 1.051423
5.8223825 -9.2222462 1.1401016
6.127871 -8.7417622 1.115976
17.784258 -22.932299 3.0336299
18.694609 -22.94145 3.0936327
14.019453 -9.0546713 1.7445935
22.003065 -10.057319 2.5289776
22.120644 -9.4728975 2.5154941
22.073086 -8.8287783 2.4851403
16.181171 13.767727 2.2209249
5.4063864 5.3201551 0.79290283
4.9145312 5.3264794 0.75759977
4.6844139 5.3294382 0.74172944
4.2513084 5.3350096 0.71310681
3.4200096 5.2619042 0.65602386
3.2896287 5.3388572 0.65553236
2.9466991 5.3432703 0.63786191
2.7818944 5.3453932 0.62992066
2.4638476 5.3494873 0.61566788
2.3099706 5.3514695 0.60930371
2.1591699 5.3534117 0.60341793
2.0111718 5.3553185 0.5979895
1.7225976 5.3590355 0.58843231
1.4424511 5.3626466 0.58050644
1.1691406 5.3661695 0.57410794
1.0345703 5.3679037 0.57145643
0.76875001 5.3713317 0.56720978
0.63715822 5.3730297 0.56560057
-0.1437207 5.3831043 0.56291866
-0.27385741 5.3847852 0.56362164
-0.40440428 5.3864698 0.56465423
-0.66730469 5.3898644 0.56772673
-0.93370116 5.3933058 0.57217008
-1.2049414 5.3968091 0.57804048
-1.3242968 5.3241611 0.57351577
-1.7402636 5.3199253 0.58511198
-1.8841406 5.3217845 0.59014386
-2.0663965 5.4175587 0.60611755
-2.2183204 5.4195228 0.61214626
-2.3733788 5.4215269 0.61866027
-2.8603809 5.4278259 0.64135861
-3.0310838 5.4300365 0.65007168
-3.57375 5.4370565 0.68014312
-3.7663574 5.4395509 0.69161987
-4.387002 5.4475842 0.73115736
-4.8433886 5.4534945 0.7624501
-5.0868359 5.4566479 0.77982086
-28.166836 -9.1239939 3.095047
-12.937793 -8.0121584 1.5907925
-11.740479 -8.9430351 1.5427941
-10.744785 -9.4873972 1.4983972
-0.07942383 -24.74251 2.5864747
1.6026758 -23.137899 2.4245143
4.3755469 -22.780317 2.4248722
6.1222458 -22.818525 2.4697003
7.3227148 -22.830864 2.5063803
8.5626564 -22.844667 2.5503082
4.881484 -9.3942671 1.1066946
4.8000193 -8.7168837 1.0402341
5.5437889 -9.0099792 1.1058661
5.8553319 -9.021347 1.1242733
6.0399609 -8.8317633 1.1184802
6.2230663 -8.6444149 1.1134436
17.360371 -22.928041 3.0063219
21.388945 -9.4535494 2.4445529
22.418827 -9.2690077 2.535959
22.860565 -8.8121967 2.56113
5.5312109 5.3185487 0.80213773
5.0283594 5.3250155 0.76560605
4.5682812 5.3309312 0.73389006
2.8603222 5.3443823 0.63365459
2.6976366 5.346477 0.62600446
1.9351074 5.3562989 0.59533721
1.7908887 5.3581567 0.59056962
1.6488867 5.3599854 0.58621579
1.3706836 5.3635716 0.57869583
1.0988965 5.367075 0.57268232
0.5688867 5.37391 0.56489652
0.43825194 5.3755941 0.56379759
0.17812499 5.3789501 0.56259263
-0.08148437 5.3823009 0.56269896
-0.4726074 5.387352 0.56532407
-0.60405272 5.3890476 0.56686687
-0.7362988 5.3907566 0.56874996
-1.1394336 5.3959632 0.57650101
-1.2589356 5.3233175 0.57181776
-1.6721874 5.3190465 0.58285046
-1.8149023 5.3208899 0.58768064
-1.9946483 5.4166293 0.60339355
-2.1451561 5.4185753 0.60919875
-2.2986717 5.4205604 0.61547822
-2.455498 5.4225903 0.62225384
-2.6158886 5.4246631 0.62955076
-3.3000586 5.4335165 0.66454071
-3.4836912 5.4358921 0.67491424
-3.6732714 5.4383445 0.68602383
-4.0723729 5.4435129 0.71065015
-4.5022364 5.4490771 0.7388925
-4.9688182 5.4551182 0.77134323
-28.688896 -7.4313302 3.0979779
-12.619228 -8.4705734 1.5887786
-11.251465 -8.7961206 1.4929376
-11.345634 -9.3192472 1.5348208
-10.543994 -9.5484934 1.487008
0.22685546 -24.249647 2.5350497
2.4199414 -22.778111 2.39451
2.9642088 -22.6793 2.3909471
4.6772265 -22.800739 2.4331079
5.2549806 -22.807848 2.4466817
5.8395114 -22.815042 2.4618526
7.0317969 -22.827627 2.4969378
7.641582 -22.834414 2.517112
9.5368166 -22.855516 2.5888562
10.861543 -22.860849 2.6457741
4.9082813 -8.654357 1.0400518
5.8209176 -9.1993837 1.1380005
6.1355271 -8.7339239 1.1157653
17.82164 -22.932674 3.0360553
18.733515 -22.941837 3.0961902
14.029316 -9.0410109 1.7447091
22.565996 -9.6366892 2.5650346
22.043613 -8.7911892 2.4808209
16.181932 13.796497 2.2229326
5.3956637 5.3202929 0.79211301
5.1446095 5.3235202 0.77388883
4.9047265 5.3266053 0.75691402
4.6749997 5.3295603 0.74108928
4.4545703 5.3323951 0.72632855
4.2425976 5.3351221 0.71254975
3.7756054 5.2488012 0.67589051
3.5883691 5.2512107 0.66485655
2.3036132 5.3515525 0.6090486
2.1529393 5.3534913 0.60318279
2.005039 5.3553977 0.59777284
1.8596972 5.3572693 0.59280103
1.7166699 5.3591137 0.5882507
1.4366796 5.3627195 0.58035642
1.299336 5.364491 0.57698804
1.0289745 5.3679762 0.57135373
0.89561522 5.3696947 0.56907105
0.63167965 5.3731003 0.56554013
0.50079101 5.3747888 0.56428283
0.37040037 5.376471 0.56335664
-0.40986326 5.3865404 0.5647046
-0.54099607 5.3882337 0.56608623
-0.80554688 5.3916502 0.56986696
-1.3300195 5.3242369 0.57366806
-1.4651464 5.3163681 0.57645994
-1.6046191 5.3181725 0.58068407
-1.7462305 5.3200026 0.58531433
-1.8902148 5.3218627 0.59036511
-2.3799219 5.4216113 0.61894345
-2.5385742 5.4236631 0.62598771
-2.7009571 5.4257641 0.63356763
-2.8674219 5.4279175 0.64171052
-3.0383203 5.4301291 0.65044862
-3.2140429 5.4324036 0.65981811
-3.5816796 5.4371605 0.68060696
-3.9741697 5.4422412 0.70444149
-4.6199512 5.450603 0.74691325
-5.0972362 5.4567823 0.78057402
-5.352705 5.4600916 0.79928893
-27.593554 -8.9690723 3.0330453
-27.59165 -9.710289 3.0576947
-19.97583 -8.7000475 2.2776287
-12.930409 -8.0256405 1.5908773
-12.753428 -8.3485126 1.5934219
-10.945928 -8.7810364 1.4669201
-10.728574 -9.4923286 1.4974692
-10.34624 -9.6087713 1.4760293
1.0809375 -23.460268 2.4550207
2.1630566 -22.873878 2.4017913
2.7036133 -22.726608 2.3924789
4.3997655 -22.782522 2.4255764
4.9773827 -22.804434 2.4399838
6.1470509 -22.81883 2.4704015
7.3482223 -22.831146 2.5072222
7.963203 -22.837992 2.5283377
9.226758 -22.852062 2.5762112
10.538066 -22.857744 2.6311476
4.8927732 -9.3927708 1.1070989
5.4422069 -9.3208933 1.1282828
6.2307029 -8.6366272 1.1132486
17.397011 -22.928408 3.0086703
21.739571 -10.215475 2.5109437
5.0183396 5.3251438 0.76489747
4.559082 5.3310499 0.73327363
4.343164 5.333828 0.71903348
4.1353416 5.3365011 0.70573884
3.4988377 5.26089 0.6604628
2.2247655 5.3525672 0.60593504
1.9290234 5.3563757 0.59512937
1.7849023 5.3582335 0.5903787
1.6430078 5.3600621 0.58604264
1.5030762 5.361865 0.58210522
1.3649511 5.363646 0.57855439
1.0932617 5.3671484 0.57257229
0.69461912 5.3722873 0.56626207
0.56341797 5.3739805 0.56484371
0.30262694 5.377346 0.56300521
-0.2169043 5.3840504 0.56327361
-0.34725586 5.3857322 0.56416184
-1.2646387 5.3233924 0.57196379
-1.537539 5.3173046 0.57861024
-1.6781055 5.3191209 0.58304429
-1.820918 5.3209677 0.58789122
-2.0008788 5.4167113 0.60362655
-2.1515038 5.4186573 0.60945141
-2.3051562 5.4206457 0.61575073
-2.6226757 5.4247508 0.62986726
-2.7871387 5.4268785 0.6377371
-2.955869 5.4290624 0.64618653
-3.1292284 5.4313049 0.6552487
-3.3076172 5.4336133 0.66495985
-3.4914942 5.4359937 0.67536312
-3.6813281 5.4384494 0.68650329
-3.8776464 5.4409909 0.69843048
-4.0810251 5.443624 0.71120071
-4.5115919 5.4491992 0.73952681
-5.4907126 5.4618788 0.80958492
-28.697626 -7.4644604 3.0997288
-28.427969 -8.8783398 3.1132751
-26.913866 -9.8534803 2.9960682
-0.1046875 -24.822012 2.0309072
0.47679687 -23.952206 1.9601138
1.0347949 -23.48897 1.9236898
3.2068067 -22.67185 1.8734341
3.7720799 -22.704586 1.8831103
4.3513279 -22.77812 1.8973626
5.5096483 -22.810625 1.9199941
6.6932225 -22.82519 1.9461414
7.9111719 -22.836708 1.9773992
10.48209 -22.857407 2.0574257
11.854804 -22.870584 2.1076736
4.8580856 -8.8434629 0.82554257
5.2613282 -9.0529938 0.85670531
5.9733787 -8.7533245 0.86704773
17.324238 -22.928314 2.3512475
18.216503 -22.937292 2.3965378
19.153046 -22.957006 2.4461691
22.014336 -9.7564869 1.9701403
22.5508 -8.7189255 1.9781717
8.9828711 5.1859827 0.84864956
8.5961323 5.2431321 0.82382381
8.2108202 5.283967 0.79888058
7.7990427 5.2892628 0.77100784
7.055078 5.2988315 0.72190994
6.0978904 5.3111448 0.66162717
5.5421095 5.3182969 0.62845135
5.2843356 5.3216162 0.61360121
5.0383201 5.32478 0.59977555
4.8029685 5.3278089 0.58689296
4.3608007 5.3335009 0.56366986
4.1523438 5.336184 0.55320466
3.5139647 5.2606015 0.51760286
3.3528223 5.2913685 0.51252562
3.0341797 5.3420553 0.50265533
2.8671777 5.3442078 0.49620482
2.7043164 5.3463035 0.49019882
2.3896875 5.3503561 0.47943342
1.9411523 5.3561378 0.46611875
1.2397363 5.3651781 0.45053327
1.104502 5.3669238 0.44831085
0.70560545 5.3720679 0.44330505
0.57435548 5.3737621 0.44217163
0.31349608 5.3771262 0.44069061
-0.076044917 5.3821521 0.44039795
-0.33634764 5.3855124 0.44148758
-0.99816406 5.3940587 0.4488214
-1.1337304 5.3958092 0.45111084
-1.6662402 5.3188877 0.45603195
-1.8088671 5.3207297 0.45979813
-1.9883887 5.4164648 0.47207931
-2.2921581 5.4203916 0.48150587
-2.4488182 5.4224167 0.48679259
-2.6090527 5.4244871 0.49248627
-3.1144922 5.4310226 0.51223356
-3.4758496 5.435698 0.52788728
-3.8608983 5.4406772 0.54583818
-4.7207031 5.4518018 0.59003597
-4.9585547 5.4548788 0.6031419
-5.2073731 5.4580994 0.61720943
-5.4682126 5.4614744 0.63232529
-6.0311036 5.468761 0.6661067
-6.8925095 5.3955541 0.71617186
-8.1763573 5.4959764 0.8060565
-28.590282 -8.1153402 2.4316132
-27.897245 -9.3942614 2.4084432
-12.512275 -8.3805037 1.2321435
-12.111601 -8.5423841 1.2126303
-10.821582 -9.3158369 1.1682876
-10.439004 -9.4342957 1.1512213
0.20267577 -24.279945 1.9866118
1.8610253 -23.007376 1.8885717
2.3971288 -22.782246 1.8742929
2.9414744 -22.683428 1.8714586
4.0730271 -22.744673 1.8905307
4.6531639 -22.800085 1.9039166
5.2306247 -22.807192 1.9144903
5.8148632 -22.814379 1.9263085
7.006289 -22.826645 1.9536315
7.615664 -22.83342 1.9693604
8.2352924 -22.840311 1.9865115
8.8661127 -22.847328 2.0051479
9.5093164 -22.854486 2.0253186
10.833301 -22.860781 2.0698164
11.519843 -22.867373 2.0949643
5.0291405 -8.8883524 0.83556944
5.4095311 -9.0444517 0.86226106
5.701777 -9.0312042 0.87385893
5.8858204 -8.8427858 0.86911464
6.068203 -8.6566229 0.86495483
21.726757 -9.931016 1.9545404
21.865215 -9.3635225 1.9461142
23.748983 -8.8408308 2.0733681
9.2294531 5.187068 0.86622679
5.9475584 5.3130808 0.65250653
5.6701365 5.3166504 0.63595933
5.4062696 5.3200464 0.6205821
4.6843162 5.3293371 0.58053052
4.4635158 5.3321791 0.56894344
4.2512302 5.3349118 0.55812973
3.9774315 5.2461071 0.53864193
3.4199512 5.2618127 0.51345211
3.1157618 5.3410044 0.50591171
2.9466503 5.3431821 0.49923781
2.7818358 5.345305 0.49302229
2.6210058 5.3473778 0.48723876
2.4638085 5.349402 0.48186675
2.3099315 5.3513856 0.47688612
2.1591308 5.3533278 0.47227949
2.0111425 5.3552356 0.46803162
1.5815527 5.3607726 0.45729521
1.4424413 5.3625646 0.45434782
1.3050195 5.3643384 0.4516989
0.76873046 5.3712535 0.44394088
0.63716793 5.3729506 0.44268173
0.50624996 5.37464 0.44168654
0.37583008 5.3763218 0.44095123
0.11593749 5.379674 0.44025359
-0.013857421 5.381351 0.44029021
-0.1437207 5.3830261 0.44058302
-0.53548825 5.3880835 0.44301131
-0.93368161 5.3932261 0.44782364
-1.0686231 5.394968 0.44997877
-1.7402344 5.3198438 0.45795286
-2.0663671 5.4174728 0.47439331
-2.2182813 5.419436 0.47911146
-2.3733399 5.4214401 0.48420975
-2.6940429 5.4255872 0.49561995
-3.0310352 5.4299436 0.50879455
-3.3872752 5.4345508 0.52393907
-3.5736914 5.4369617 0.53232861
-3.9656055 5.4420323 0.55092865
-4.1722655 5.4447045 0.56122649
-4.3869333 5.4474826 0.57225692
-4.610332 5.4503736 0.58407515
-5.0867286 5.4565382 0.61034405
-5.3416796 5.4598374 0.62494737
-5.89082 5.4669447 0.65754819
-6.7281246 5.3934264 0.70551819
-27.49164 -9.6439352 2.3836992
-20.001318 -8.6871824 1.7841625
-11.410371 -9.1347494 1.1958908
-10.62084 -9.3779545 1.1592464
-2.9532518 -9.008461 0.77567226
-0.079414062 -24.742374 2.0243866
0.50055665 -23.932482 1.9585391
1.0578613 -23.474514 1.9225936
1.6026758 -23.13788 1.8976358
3.7961524 -22.707792 1.8836932
4.3755469 -22.780321 1.8979166
5.5340428 -22.810923 1.9204894
6.1221681 -22.818159 1.9329705
6.7183204 -22.825497 1.946749
7.3224802 -22.83016 1.96165
9.1995697 -22.85104 2.0154574
11.188887 -22.864193 2.0826898
11.884199 -22.870869 2.1088049
5.7978711 -8.9327812 0.8713156
16.499882 -22.920017 2.3106604
17.360859 -22.92868 2.3530769
18.254551 -22.937675 2.3985016
22.498632 -9.3020067 1.9919268
8.9624214 5.186245 0.84721065
8.1930275 5.2841954 0.79766661
7.7824802 5.2894773 0.76989579
7.3993359 5.294404 0.74441314
7.0405469 5.2990198 0.72096848
6.7034764 5.3033557 0.69935101
6.3858399 5.3074412 0.67937344
5.8012891 5.3149619 0.64373487
5.5311131 5.3184385 0.62781018
5.0282617 5.3249106 0.59921861
4.7933593 5.3279333 0.58637452
4.1437988 5.3362937 0.55278289
3.6850586 5.2498741 0.52478665
3.5063574 5.2607007 0.51726484
3.3529785 5.3034449 0.5133661
3.0271094 5.3421459 0.50237668
2.5386815 5.3484387 0.484391
2.2310157 5.3524008 0.47444153
2.0817089 5.3543262 0.47002333
1.935078 5.3562155 0.4659552
1.6488671 5.3599048 0.45881653
1.5088671 5.3617101 0.45572248
1.370664 5.3634911 0.45293105
1.098877 5.3669968 0.44822463
0.96494138 5.3687229 0.44629395
0.83207029 5.3704367 0.44463882
0.30804688 5.3771973 0.44067091
0.17812499 5.3788733 0.44032744
0.048330076 5.380548 0.44024062
-0.4726074 5.3872728 0.44246566
-0.60403317 5.3889685 0.44367307
-0.73628902 5.3906775 0.44514647
-0.8694824 5.392396 0.44689116
-1.3957715 5.325006 0.45039764
-1.5316992 5.3171482 0.45272583
-1.6721679 5.318965 0.45618209
-2.7801366 5.4266992 0.49887419
-2.9486816 5.4288793 0.50546736
-4.0722947 5.4434118 0.55620527
-4.2830467 5.4461389 0.56687832
-4.9687109 5.4550109 0.60370815
-5.4793944 5.4616208 0.63298172
-6.3491993 5.4728794 0.68582898
-6.9070797 5.3957434 0.71712112
-27.653593 -7.8795767 2.3526225
-12.503281 -8.3927402 1.2320901
-12.096904 -8.5502863 1.2120215
-11.199746 -9.1994238 1.1858389
-10.805322 -9.3208618 1.1675476
1.3434179 -23.298071 1.9093719
2.4199414 -22.778105 1.8741506
2.9642088 -22.679296 1.8713626
4.0972853 -22.747904 1.8911391
4.6771483 -22.800381 1.9043329
6.4316211 -22.82197 1.9399853
7.0315623 -22.826925 1.954263
7.6413474 -22.833706 1.9700525
8.2613869 -22.840603 1.9872619
9.5365229 -22.85479 2.0262032
10.861621 -22.861052 2.0708325
11.548886 -22.867651 2.0960577
5.0812693 -8.9594107 0.84272885
5.7095118 -9.0232859 0.87364894
16.944492 -22.924492 2.3323972
17.822147 -22.933325 2.3763499
14.028203 -9.0402889 1.3654529
21.751678 -9.9158859 1.9558841
9.2082224 5.1873398 0.86471921
8.7135544 5.1894445 0.82978392
8.5982418 5.405879 0.83097959
7.9755273 5.2869945 0.78289884
7.5796676 5.2920847 0.75635237
7.2095699 5.2968454 0.73195964
6.5357418 5.3055139 0.68875134
6.2274413 5.3094797 0.66956663
5.9356637 5.3132334 0.65178984
5.6588669 5.3167944 0.63529354
4.2425389 5.3350229 0.55769271
3.9691992 5.2462144 0.53824157
3.7755468 5.2487082 0.52899826
3.2821972 5.338861 0.51275909
2.4572949 5.3494859 0.48165146
2.3035839 5.3514671 0.47668654
2.1529005 5.3534079 0.47209516
1.8596679 5.3571887 0.46397063
1.7166406 5.3590307 0.46040908
1.5757031 5.3608484 0.45716614
1.4366602 5.3626404 0.45423093
1.0289649 5.367898 0.44718444
0.76322263 5.3713255 0.44388321
0.50078124 5.3747106 0.44165024
0.37039062 5.3763914 0.4409259
0.11051758 5.3797445 0.4402504
-0.27930662 5.3847766 0.44116119
-0.40986326 5.3864622 0.44198105
-0.67281246 5.3898573 0.44440719
-0.93929684 5.3932981 0.44790831
-1.0742675 5.39504 0.45007446
-1.2106445 5.3968029 0.45252654
-1.6045996 5.3180895 0.45448714
-2.7009082 5.4256749 0.49587691
-2.867373 5.4278269 0.50224972
-3.3949511 5.4346495 0.52427793
-3.9741113 5.4421411 0.55134624
-4.619863 5.4504957 0.58458769
-4.8532419 5.4535155 0.59729582
-5.0971384 5.4566722 0.61093336
-5.3525877 5.4599781 0.62558061
-5.6207418 5.4634495 0.6413278
-6.4980078 5.460361 0.6944415
-6.7422557 5.3936095 0.70643109
-7.9894137 5.4935584 0.79329681
-27.436436 -9.6556606 2.3797557
-19.974482 -8.69946 1.7825488
-12.266328 -8.459177 1.2191205
-11.356524 -8.2428541 1.1481247
-11.859951 -9.0529356 1.2207491
-11.39335 -9.1399736 1.1950705
-10.604893 -9.3828955 1.1585376
-2.9451172 -9.0143042 0.77590084
-0.05428711 -24.663221 2.0179045
1.0809375 -23.460249 1.9215124
2.7036133 -22.726606 1.87256
3.2537303 -22.673935 1.8741436
4.977324 -22.804073 1.9097124
6.7434373 -22.825806 1.9473605
7.9629493 -22.837282 1.9788339
9.2264452 -22.851339 2.0163043
9.8770895 -22.858578 2.0373712
11.217578 -22.864468 2.0837445
11.913692 -22.871151 2.1099389
5.2964454 -9.071249 0.85944182
17.397539 -22.929052 2.354912
23.171406 -10.888296 2.0947206
22.555429 -8.6684837 1.9770397
8.94209 5.1865063 0.84578121
8.1752729 5.2844238 0.79645753
7.7659569 5.28969 0.76878738
7.3838863 5.2946033 0.74339461
6.3729687 5.3076072 0.67857206
6.0734763 5.31146 0.66013867
5.5200782 5.3185816 0.62716901
5.26332 5.3218861 0.61240673
5.0182419 5.3250403 0.5986641
4.7837892 5.3280563 0.58585721
4.3430858 5.3337293 0.56276733
4.1352735 5.3364038 0.55236268
3.8674705 5.2475243 0.5333482
3.6772265 5.2499743 0.52442735
3.4987793 5.2607985 0.516927
3.3531346 5.3155441 0.51420742
3.1911719 5.340034 0.5089798
3.0200489 5.3422375 0.50209886
2.6908886 5.346477 0.48971617
2.532119 5.3485227 0.48416656
2.3768358 5.3505249 0.47901762
1.7848828 5.3581519 0.46207517
1.6429784 5.3599806 0.45868102
1.5030566 5.3617835 0.45559967
1.2283887 5.3653245 0.45033583
0.95936519 5.3687949 0.44621947
0.69460934 5.3722095 0.4431996
0.5634082 5.3739023 0.44208983
0.30261719 5.3772669 0.44065094
0.17270507 5.378943 0.44031799
0.042910155 5.3806186 0.44024277
-0.086894527 5.3822923 0.44042295
-0.2169043 5.3839722 0.44085982
-1.1451269 5.3959556 0.45131591
-1.5375195 5.3172226 0.45286438
-1.6780761 5.3190403 0.45633376
-2.0008495 5.416626 0.47244352
-2.3051171 5.4205589 0.4819319
-2.4620702 5.4225879 0.4872525
-2.6226268 5.4246631 0.49298126
-2.9558203 5.4289722 0.50575256
-3.1291699 5.4312134 0.51284558
-3.3075585 5.4335203 0.5204469
-3.6812596 5.4383531 0.53730804
-3.8775682 5.4408922 0.54664272
-4.0809474 5.4435239 0.55663651
-4.5115037 5.4490943 0.57880676
-4.7401953 5.4520545 0.59109646
-5.2287107 5.458375 0.61843228
-5.4905958 5.4617648 0.63363892
-6.0559473 5.4690819 0.66763103
-6.9216895 5.3959327 0.71806943
-7.7912793 5.4909911 0.77987123
-8.2127829 5.496449 0.80855376
-28.54166 -7.4238963 2.4129317
-27.837803 -7.96241 2.3689744
-0.1046875 -24.821924 1.4690996
0.47679687 -23.952187 1.4178905
1.0347852 -23.488953 1.3915402
1.5801855 -23.151762 1.3734241
2.1183789 -22.893602 1.3607464
3.2068067 -22.671854 1.355188
3.7720897 -22.704594 1.3621893
4.3513083 -22.778124 1.3724993
5.5095506 -22.810263 1.388846
6.0973434 -22.817492 1.3978342
7.9109178 -22.836 1.4303479
10.482168 -22.857609 1.4882965
5.3094335 -9.6650705 0.65265626
5.0734568 -8.7297106 0.59758663
5.5505075 -9.0413027 0.62789959
5.7341013 -8.8540316 0.62431961
5.9158201 -8.6690016 0.62115479
16.465038 -22.920288 1.6702762
17.324707 -22.928949 1.7008724
18.216991 -22.937944 1.7336371
12.2625 5.227417 0.7889474
10.207812 5.2538624 0.679474
9.6429682 5.2611327 0.65013546
7.7988477 5.2891297 0.55771208
7.4146285 5.2940745 0.53921342
6.7169919 5.3030577 0.50650758
6.3985739 5.307157 0.49201003
6.0977731 5.3110304 0.47859177
5.5419922 5.3181872 0.45459503
5.2842383 5.3215075 0.44385254
4.5773239 5.3306103 0.41584334
4.1522655 5.3360877 0.400166
3.8836033 5.2472215 0.38636076
3.3528125 5.2913609 0.37074295
3.2056346 5.3397555 0.36860731
2.8671288 5.3441195 0.35893494
2.5452149 5.3482676 0.35055146
2.3896484 5.3502731 0.34680265
2.0878613 5.3541636 0.34012511
1.9411132 5.3560548 0.33717224
1.7968163 5.3579149 0.33446258
1.5146484 5.3615537 0.32973999
1.3763769 5.3633375 0.32771254
1.2397168 5.365099 0.32589796
0.7055859 5.3719883 0.32066986
0.4436914 5.3753672 0.31922087
0.31349608 5.377048 0.31877792
0.18355468 5.3787241 0.31852233
0.053759765 5.3803992 0.31845182
-0.20603515 5.3837523 0.31886688
-0.33632812 5.3854346 0.31935439
-0.46710935 5.3871226 0.32003081
-0.5985254 5.3888183 0.32089522
-0.73073238 5.3905258 0.32195327
-0.86387694 5.3922434 0.32320708
-1.39 5.324851 0.32570815
-1.5258398 5.3169923 0.32738465
-2.292119 5.4203053 0.3483026
-2.4487793 5.4223304 0.3521263
-2.6090136 5.4244003 0.35624421
-2.7731249 5.4265199 0.36067259
-2.941494 5.4286962 0.3654283
-3.2923925 5.4332309 0.37599531
-3.4757812 5.4356017 0.38185164
-4.273994 5.4459214 0.40972182
-4.7206149 5.4516954 0.42680725
-4.958457 5.4547706 0.43628693
-5.2072558 5.4579892 0.4464618
-5.4681053 5.4613624 0.45739776
-5.7422071 5.4649057 0.46915984
-6.0309668 5.4686413 0.48183212
-6.3359375 5.4725852 0.49550384
-6.8923435 5.3954258 0.51804459
-7.7571774 5.4904113 0.56246841
-8.1761522 5.495831 0.58306348
-9.1148434 5.5079761 0.63030547
-9.6442871 5.5148253 0.65752608
-10.221875 5.5222974 0.6876207
-10.855264 5.5304942 0.72104156
-11.553799 5.5395336 0.75834227
-27.792675 -9.3590517 1.7356658
-12.101455 -8.535224 0.87644619
-11.085977 -9.0872564 0.84838349
0.20267577 -24.279917 1.437055
0.77006835 -23.70871 1.4039367
1.8610351 -23.00736 1.3661364
4.6530857 -22.799726 1.3772134
5.2305274 -22.806831 1.3848648
6.406621 -22.821297 1.4028925
7.006074 -22.825947 1.4131573
8.86584 -22.846613 1.4504215
10.162773 -22.85454 1.48035
11.51996 -22.867579 1.5154556
5.4062109 -9.0388832 0.6233505
5.6463866 -8.94347 0.62598282
16.908926 -22.924761 1.6859542
17.785273 -22.933594 1.7176577
22.843086 -9.1367664 1.4561038
11.859375 5.2326059 0.76718044
9.9073629 5.2577295 0.66381878
8.7328901 5.1890488 0.60121292
8.4186525 5.2811508 0.58818024
7.9924803 5.2866368 0.56715101
6.876328 5.3010058 0.51386809
6.5488477 5.3052235 0.49881545
4.9143553 5.3262706 0.42891601
4.6842189 5.3292346 0.41993147
3.7834179 5.2485118 0.38292542
3.5959375 5.2509274 0.37666395
3.2895117 5.3386755 0.37113264
3.1157129 5.3409152 0.36595565
2.7817967 5.3452196 0.35663253
2.1591015 5.3532457 0.34162825
2.0111132 5.3551536 0.3385556
1.865664 5.3570285 0.33573088
1.4424218 5.3624854 0.32865661
1.3049999 5.3642578 0.32674116
1.034541 5.3677454 0.32353362
0.37582031 5.3762436 0.31896636
0.24578124 5.3779211 0.31862244
-0.013857421 5.3812704 0.3184886
-0.1437207 5.3829489 0.31870055
-0.66728514 5.3897071 0.32142258
-1.2049121 5.3966479 0.3272621
-1.3242577 5.3240037 0.32469925
-1.4593261 5.3161325 0.32627136
-1.5987011 5.3179345 0.32865372
-2.0663378 5.4173875 0.34315643
-2.2182422 5.4193516 0.34657058
-2.3733008 5.4213538 0.35025787
-2.5317872 5.4234018 0.35423324
-2.6940038 5.425499 0.35851195
-3.5736229 5.4368653 0.38506514
-3.7662108 5.4393568 0.39156204
-4.8431931 5.45328 0.43166107
-5.3415623 5.4597239 0.45205948
-5.6091404 5.4631848 0.46341521
-6.1876855 5.4706678 0.48882294
-6.4978709 5.4714355 0.50275284
-6.7279587 5.3932981 0.5103386
-7.0775681 5.3983788 0.52682769
-7.9716601 5.493186 0.5729695
-9.3850584 5.5114722 0.64415175
-10.544307 5.5264707 0.70458311
-11.210322 5.5350876 0.73994917
-28.631248 -7.7705665 1.7558408
-28.42207 -8.4548769 1.7550002
-27.199247 -9.5413637 1.7059598
-19.999393 -8.6863489 1.2904871
-12.242656 -8.4246531 0.87956417
-11.602539 -8.8379555 0.86322474
-11.276543 -9.0276108 0.85492522
-10.88208 -9.1511288 0.84151518
-2.953037 -9.0078192 0.56107116
1.0578613 -23.474497 1.3907443
1.6026758 -23.137871 1.3726934
2.1407323 -22.883732 1.3602886
3.2302732 -22.672899 1.3554453
3.7961621 -22.707802 1.3626093
4.3755469 -22.780327 1.3728958
4.9531054 -22.803417 1.3810879
5.5339842 -22.810564 1.389201
6.1220508 -22.817797 1.3982348
6.7182226 -22.82513 1.4081982
9.1992769 -22.850319 1.4578803
5.307168 -9.6379452 0.65118527
5.9233789 -8.6613197 0.62103271
16.500351 -22.920645 1.6715102
18.255058 -22.938324 1.7350564
19.192226 -22.956875 1.7709711
22.435547 -9.275918 1.4368627
23.391758 -9.0169592 1.4837375
10.183164 5.2541795 0.67818618
9.6203899 5.2614255 0.64897197
8.9621677 5.1860986 0.61283153
8.5962696 5.2551279 0.59630662
8.192812 5.2840562 0.5769946
7.3991404 5.2942748 0.53847456
6.7033005 5.3032346 0.50587875
6.085566 5.3111863 0.47805282
5.8011522 5.3148508 0.46564925
5.5309763 5.3183298 0.45413116
5.2737303 5.3216429 0.44341978
5.0281639 5.3248057 0.43344954
4.7932615 5.3278308 0.42415816
3.8754981 5.2473264 0.38608155
3.6849902 5.2497816 0.37961164
3.5062988 5.2606091 0.37416777
3.1983593 5.3398499 0.36839125
3.0270703 5.3420582 0.36339936
2.8602343 5.3442078 0.35874632
2.5386329 5.348352 0.35038832
1.7908496 5.3579917 0.33435425
1.2340429 5.3651719 0.32582656
0.96492183 5.3686438 0.32283202
0.43824217 5.3754382 0.31919813
0.30804688 5.3771191 0.31876418
0.048330076 5.3804698 0.3184526
-0.08148437 5.3821445 0.31857619
-0.2114746 5.3838229 0.31888381
-0.34179688 5.3855042 0.31937927
-0.47259766 5.3871937 0.32006285
-0.73627931 5.3905978 0.32200149
-0.86947262 5.3923168 0.32326338
-1.0037793 5.3940516 0.32472426
-1.1394043 5.395803 0.32638991
-1.2589062 5.3231592 0.32373947
-1.395752 5.3249269 0.32579941
-1.8148534 5.320725 0.33271834
-2.145088 5.4184055 0.34490141
-2.2986035 5.4203882 0.34845597
-2.7800975 5.42661 0.36086547
-2.9486327 5.4287891 0.36563429
-3.1217871 5.4310279 0.3707495
-3.2999413 5.4333286 0.3762323
-3.4835742 5.4357028 0.38210571
-3.86917 5.4406872 0.39512694
-4.5020604 5.4488697 0.41832519
-4.7303319 5.4518213 0.42718977
-4.9686131 5.4549022 0.43669721
-5.2179098 5.4581261 0.44690338
-5.7539649 5.4650583 0.46967024
-6.0433688 5.468801 0.48238266
-7.3824215 5.4855628 0.54434311
-7.7741208 5.4906311 0.56329435
-9.1361132 5.5082507 0.63139218
-10.883066 5.5308542 0.72251844
-12.171064 5.4637208 0.7895959
-12.344257 -8.2859983 0.8799237
-11.069482 -9.0924215 0.8478238
-10.68168 -9.2142038 0.83490539
0.22685546 -24.249584 1.4352744
1.3434179 -23.298061 1.3811862
1.8835644 -22.997402 1.3656567
2.4199414 -22.778103 1.3557059
4.0972948 -22.747915 1.3679971
4.6770701 -22.800024 1.3775171
5.2548046 -22.807129 1.3852021
9.536211 -22.854067 1.4656564
10.190508 -22.854809 1.4810312
12.253613 -22.874624 1.5358456
5.0097461 -8.8332577 0.60102189
5.4244919 -9.0487576 0.62440747
5.6540427 -8.9356556 0.62583494
16.94496 -22.925127 1.6872354
17.822636 -22.933969 1.7190313
18.734589 -22.943159 1.7531075
22.630215 -9.6641073 1.4563828
22.844473 -9.1105833 1.4556024
11.116035 5.2421727 0.72738826
9.8838863 5.2580333 0.66259962
8.7133198 5.1893005 0.60022473
8.4002142 5.2813878 0.58726376
7.9753318 5.2868567 0.56631178
7.5794921 5.291954 0.54710966
7.2093945 5.2967186 0.52946669
6.2272849 5.3093629 0.48433426
5.9355469 5.3131199 0.47147658
5.1444139 5.3233066 0.43813735
3.7754784 5.2486143 0.38265532
3.5882421 5.2510266 0.37641022
3.4124119 5.2618189 0.37117538
3.2821484 5.3387709 0.37090865
2.7749999 5.3453074 0.35645187
2.6143165 5.3473768 0.35228074
2.4572558 5.349402 0.34840667
2.3035448 5.3513827 0.34481627
2.1528711 5.3533263 0.34149522
2.0049803 5.3552318 0.33843291
1.8596386 5.3571067 0.33561859
1.5756836 5.3607664 0.33069596
1.4366308 5.3625598 0.32857254
1.2992969 5.3643308 0.32666504
1.163457 5.3660812 0.32496887
1.0289453 5.3678174 0.32347533
0.63166016 5.3729429 0.32018524
0.50078124 5.3746314 0.31947297
0.37038085 5.3763132 0.31894836
0.24035156 5.3779917 0.31861159
-0.40985352 5.3863831 0.3197116
-0.54097652 5.3880749 0.32049316
-0.67280275 5.3897777 0.32146665
-1.0742577 5.3949609 0.32556608
-1.7461816 5.3198385 0.33137923
-2.0726366 5.4174695 0.34329405
-2.2246485 5.4194336 0.34671843
-2.7008691 5.4255872 0.3586978
-2.8673241 5.4277377 0.36330763
-3.7744043 5.4394617 0.39184386
-3.9740331 5.4420433 0.39882126
-4.1809864 5.4447179 0.40629089
-4.8531542 5.4534082 0.43205869
-5.0970311 5.4565625 0.44192261
-5.3524804 5.4598656 0.45251724
-5.620625 5.4633336 0.46390915
-5.9027929 5.4669833 0.47617263
-6.2004685 5.4708338 0.48939499
-7.5830855 5.4881592 0.55401242
-8.4257326 5.4990611 0.59548444
-9.9629297 5.5189476 0.67408001
-11.793701 5.4589295 0.76915437
-28.61787 -8.5445547 1.7676288
-19.973066 -8.6988535 1.2893564
-11.981611 -8.6965733 0.87623686
-11.768926 -8.9834509 0.87627625
-11.259814 -9.0328474 0.85434812
-10.865889 -9.1562147 0.84097624
-0.054296874 -24.663158 1.4596908
0.52427733 -23.912766 1.4156142
1.6250976 -23.12401 1.3719699
2.1630566 -22.873857 1.3598309
3.2537498 -22.673941 1.3557016
3.8202147 -22.711006 1.3630303
4.3997655 -22.782534 1.3732986
5.5583982 -22.810863 1.3895626
6.1468554 -22.818102 1.398631
6.74332 -22.825439 1.4086382
7.9627147 -22.836576 1.4313897
9.8767767 -22.857851 1.4737494
10.538242 -22.858149 1.4897115
11.217675 -22.864672 1.5073361
11.913789 -22.871357 1.5262799
5.3049412 -9.6109266 0.64972091
5.2361326 -8.9679451 0.6146161
5.5659571 -9.0255556 0.62758404
5.7493358 -8.8384771 0.62404066
5.9309373 -8.6536407 0.62091106
17.398008 -22.929691 1.7035245
22.292969 -9.8262606 1.4418954
22.764668 -9.385149 1.4573349
23.411484 -8.9974775 1.4844122
11.448047 5.2378988 0.74510312
10.772441 5.2465954 0.70916337
10.158632 5.2544947 0.67690426
9.597949 5.261714 0.64781445
7.3837109 5.2944736 0.53773803
6.6896482 5.3034105 0.50525129
6.3728123 5.3074889 0.49084914
5.7895703 5.3150001 0.46515015
5.5199609 5.3184714 0.45366713
5.2632227 5.3217783 0.44298843
5.0181446 5.324934 0.4330484
4.7836914 5.3279538 0.42378294
4.1351953 5.3363061 0.3995558
3.4987206 5.2607069 0.37392348
3.02 5.3421497 0.36319855
2.6908398 5.3463917 0.35424131
2.3767967 5.3504395 0.34650221
2.2246971 5.3523984 0.34305343
2.0754981 5.3543224 0.33986846
1.9289649 5.3562107 0.33693665
1.7848437 5.3580689 0.33424696
1.364912 5.3634863 0.32755309
1.2283691 5.3652453 0.3257556
1.0932422 5.3669882 0.32416549
0.82652342 5.3704295 0.32158828
0.69459957 5.3721299 0.32059386
0.56339842 5.3738232 0.31978959
0.17270507 5.3788648 0.31850889
0.042910155 5.3805408 0.31845427
-0.2169043 5.383894 0.31890091
-0.47807616 5.3872643 0.32009566
-0.60955077 5.3889608 0.32097685
-0.74180663 5.3906689 0.32205078
-1.0094336 5.3941245 0.32479033
-1.2645996 5.3232312 0.32382002
-1.4015331 5.3249998 0.32589096
-1.5375 5.317142 0.32758421
-1.6780566 5.3189588 0.33009368
-1.8208691 5.3208032 0.33283934
-2.1514452 5.4184885 0.345045
-2.4620311 5.4225011 0.3524588
-2.9557714 5.4288816 0.36584136
-3.1291308 5.4311218 0.37097153
-3.4913671 5.4358029 0.38236007
-3.6811912 5.4382582 0.38866591
-3.8774998 5.4407945 0.3954187
-4.2919431 5.4461522 0.41038954
-6.3622165 5.4729261 0.49669492
-6.582119 5.3914123 0.50356305
-6.9215231 5.395803 0.51942319
-7.398252 5.4857678 0.54510301
-7.7910838 5.4908495 0.56412166
-8.2125683 5.4963036 0.58486801
-9.1574411 5.5085263 0.63248032
-10.910986 5.5312147 0.72400188
-0.1046875 -24.821821 0.90878356
0.47679687 -23.952166 0.87710905
1.580166 -23.151752 0.84960538
2.1183789 -22.893593 0.84175384
2.6581347 -22.734858 0.83803707
3.2068067 -22.67186 0.83832425
5.5094528 -22.809902 0.85912871
7.2965622 -22.828478 0.87745082
9.1721096 -22.8493 0.90144008
9.8215618 -22.856514 0.91082549
10.482265 -22.857813 0.92067075
12.567734 -22.877846 0.95566893
15.639375 -22.9179 1.0158108
16.465488 -22.920912 1.0332644
18.217539 -22.938593 1.0724615
22.526972 -9.9836807 0.90212464
22.450975 -9.3088112 0.88982725
23.13332 -8.944149 0.90805328
19.169081 5.063169 0.72588742
17.804081 5.1651025 0.67872006
16.380058 5.1834459 0.62901884
13.104082 5.2163815 0.5163818
12.262051 5.2272301 0.48802689
10.826074 5.2457309 0.4404422
8.9823627 5.1856885 0.37973189
8.5960932 5.2431173 0.36864319
7.7986522 5.2889953 0.34499311
7.0547657 5.2985802 0.32302582
6.7168555 5.3029356 0.31331924
5.8126168 5.3145895 0.28835571
5.5418944 5.3180785 0.28120667
5.284121 5.3214002 0.27456284
5.0381055 5.3245716 0.26837647
4.802793 5.3276048 0.26261276
4.5772462 5.3305116 0.25723678
4.3606248 5.333303 0.25222075
4.1521974 5.3359885 0.24753952
3.6927636 5.2495871 0.23498535
3.5138378 5.2604198 0.23160934
3.3528125 5.2913413 0.22934371
3.0340819 5.3418784 0.22492065
2.8670897 5.3440318 0.22203368
2.5451758 5.3481822 0.21684845
2.3896093 5.3501892 0.21452972
2.2372558 5.3521533 0.2123825
1.796787 5.3578343 0.20689712
1.5146289 5.3614731 0.20397568
1.1044629 5.3667636 0.20060349
0.83757812 5.3702073 0.19898956
0.70557618 5.3719115 0.19836394
0.31348631 5.3769703 0.19719391
0.18355468 5.3786459 0.19703598
0.053759765 5.380322 0.19699202
-0.5985254 5.3887401 0.19850342
-0.86386716 5.3921652 0.19993362
-1.5258203 5.3169127 0.2025183
-1.6661913 5.3187242 0.20405883
-1.8088183 5.3205662 0.20574386
-1.9883202 5.4162965 0.21123977
-2.138711 5.4182386 0.21326491
-2.2920799 5.4202185 0.21545745
-2.6089647 5.4243116 0.22037064
-2.7730858 5.4264307 0.22310928
-2.9414454 5.428606 0.22605117
-3.1143944 5.430841 0.2292067
-3.2923436 5.4331384 0.23258804
-4.4926562 5.4486461 0.25855163
-4.9583592 5.4546628 0.26988265
-5.2071486 5.4578772 0.27617598
-5.7420797 5.4647899 0.29021683
-6.3358006 5.4724622 0.30651289
-7.366406 5.4852233 0.33625486
-8.1759272 5.495687 0.36067489
-8.6269722 5.5015149 0.37460816
-9.1145802 5.5078173 0.38989747
-9.6439838 5.5146604 0.40673599
-10.221553 5.5221276 0.42534971
-10.854902 5.5303135 0.4460257
-11.553389 5.5393419 0.46909788
-12.136894 5.4630857 0.48729506
-15.279247 5.587595 0.59563398
-16.551395 5.6040416 0.63976943
-19.779501 5.649713 0.75312865
-21.856602 5.6765661 0.82675934
-28.458691 -8.07798 1.0830896
-11.780273 -8.7416477 0.53707641
-10.958769 -8.9829817 0.51878905
1.320664 -23.312099 0.85487151
2.3971288 -22.78224 0.83870757
3.4999316 -22.684872 0.84036469
4.0730467 -22.744686 0.84597623
4.6530075 -22.799372 0.85193235
5.2304688 -22.806471 0.85666627
7.0058594 -22.825249 0.87415493
8.2347651 -22.838896 0.88886994
10.833496 -22.861183 0.92621368
11.520059 -22.867783 0.93747282
12.223906 -22.874542 0.94956177
12.946621 -22.881489 0.96254361
5.592207 -8.8576546 0.38351837
16.064356 -22.916864 1.0246423
17.785761 -22.934238 1.0625759
22.912207 -9.164402 0.90347564
20.378321 5.1313891 0.76938182
18.569452 5.1552429 0.7055757
14.320957 5.1169052 0.55677414
13.54332 5.2107224 0.53128219
11.143984 5.2416358 0.45088074
9.9070702 5.2575717 0.41062805
8.418437 5.2810068 0.36383957
7.5953121 5.291616 0.33891204
6.8761911 5.3008814 0.31787261
6.5486913 5.3051023 0.30856138
4.6841407 5.329133 0.25976533
4.4633594 5.3319788 0.25458083
3.7833593 5.2484193 0.23687439
3.5958788 5.2508359 0.23300277
3.4198339 5.261632 0.22975066
2.9465528 5.3430066 0.22339126
2.7817481 5.3451319 0.22060974
2.6209178 5.3472056 0.21802245
2.4637303 5.3492322 0.21561889
2.3098633 5.3512168 0.2133905
2.1590624 5.3531628 0.21132949
2.0110741 5.3550696 0.2094284
1.7225195 5.3587914 0.20608093
1.5815136 5.3606114 0.20462433
1.4423926 5.3624048 0.20330505
1.1690918 5.3659315 0.20106475
1.0345215 5.3676658 0.20013641
0.90113282 5.3693881 0.19933166
0.76872069 5.3710961 0.19864838
0.63713866 5.3727942 0.19808502
0.37582031 5.3761659 0.19731033
0.24577148 5.3778429 0.19709702
0.11593749 5.3795199 0.19699965
-0.1437207 5.3828712 0.19714676
-0.40439451 5.3862338 0.1977542
-0.53547853 5.3879261 0.19823319
-0.66727537 5.3896275 0.19882934
-0.79994136 5.3913403 0.19954681
-0.93366212 5.3930664 0.20038573
-1.068584 5.3948083 0.20135009
-1.2048925 5.3965683 0.20244201
-1.3242383 5.3239231 0.20085692
-1.5986816 5.3178539 0.20330352
-2.0663085 5.4173036 0.21227387
-2.3732617 5.421267 0.21666732
-2.6939647 5.4254103 0.22177276
-3.2064159 5.4320297 0.23093872
-3.3871582 5.4343629 0.23444411
-3.9654686 5.4418344 0.24652053
-4.1721091 5.4445043 0.25112885
-4.3867579 5.4472775 0.25606322
-4.6101465 5.4501634 0.26135162
-5.341455 5.4596128 0.27963912
-6.1875587 5.4705467 0.30238035
-6.7278123 5.3931723 0.31569076
-7.9714551 5.4930429 0.35443053
-8.4066114 5.4986668 0.36777359
-9.9383888 5.5184655 0.41619384
-10.543955 5.5262938 0.4358435
-12.767588 5.5551281 0.50977582
-13.688242 5.5670285 0.54101455
-14.729824 5.580493 0.57669216
-17.035732 5.5304456 0.65575528
-20.813057 5.663075 0.7897107
-22.749512 5.6043124 0.85780305
-12.089277 -8.3191128 0.53728378
-11.598555 -8.834919 0.53381008
-11.146172 -8.9232311 0.52274549
-10.758329 -9.0470543 0.51464325
-0.079414062 -24.742195 0.90586543
0.50054687 -23.932442 0.87640351
1.0578711 -23.47448 0.86031556
1.6026758 -23.137856 0.84915221
2.1407323 -22.88372 0.8414737
4.3755469 -22.780331 0.84928131
5.5338864 -22.810205 0.85935086
6.121953 -22.817436 0.86493438
7.322031 -22.82876 0.87774628
7.9365821 -22.835583 0.88511014
11.189082 -22.864601 0.93197966
13.334961 -22.89192 0.96994752
14.090449 -22.900436 0.98442531
15.673515 -22.918285 1.0165298
16.500801 -22.921268 1.0340273
17.361816 -22.92996 1.0530142
22.399336 -9.2609463 0.88740963
23.152735 -8.9248247 0.90846127
19.094784 5.064126 0.72325867
17.740137 5.1659241 0.67648041
15.101874 5.1999121 0.58476853
13.838906 5.1416478 0.5405075
13.066953 5.2168589 0.51512569
12.228867 5.2276573 0.48691574
10.182852 5.2540183 0.41951507
8.9619141 5.1859508 0.37908873
7.3989453 5.2941442 0.33309248
7.0402145 5.298768 0.32260343
6.7031446 5.3031125 0.31293043
6.0854297 5.3110728 0.29571867
5.8010545 5.3147373 0.28804702
5.0280662 5.3247008 0.26812774
4.568027 5.3306298 0.25702071
4.3517771 5.3334165 0.25201905
4.1436424 5.3360996 0.24735001
3.8754199 5.2472324 0.23882797
3.6849217 5.2496886 0.23482254
3.5062401 5.2605186 0.2314572
3.1983104 5.3397608 0.22788361
2.2309473 5.3522339 0.21229659
2.0816405 5.3541598 0.21031967
1.9350195 5.3560495 0.2084996
1.6488184 5.3597436 0.20530486
1.5088183 5.3615479 0.20392029
1.3706152 5.3633323 0.20267181
1.2340235 5.3650928 0.2015544
0.96491212 5.3685641 0.19970168
0.83205074 5.3702784 0.19896133
0.56886715 5.3736744 0.19783905
0.17812499 5.3787155 0.19703124
-0.08148437 5.3820667 0.19706939
-0.3417871 5.385426 0.19756606
-0.86946285 5.3922386 0.19996871
-1.0037695 5.3939719 0.20087279
-1.1393847 5.3957238 0.20190261
-1.2588867 5.3230796 0.20026244
-1.6721094 5.3188009 0.20412628
-1.8148242 5.3206434 0.2058171
-2.1450586 5.4183202 0.21335265
-2.2985644 5.4203038 0.21555282
-2.4553711 5.422328 0.21792556
-2.9485838 5.4286985 0.22617888
-3.2998827 5.4332361 0.23273452
-3.6730859 5.4380579 0.24025756
-3.8691015 5.4405894 0.24442169
-4.2828808 5.4459348 0.25365737
-4.9685254 5.4547949 0.27013564
-5.2178025 5.458014 0.27644941
-6.0432324 5.4686813 0.29839629
-6.5682321 5.3911085 0.31110412
-6.9067578 5.3954844 0.32088026
-7.3822265 5.4854269 0.33672377
-7.7739353 5.4904904 0.34844664
-8.1941109 5.4959216 0.36123291
-8.6466112 5.5017686 0.37521866
-9.6671486 5.5149598 0.40747863
-10.882705 5.5306711 0.44693756
-11.58416 5.5397401 0.47011948
-12.170615 5.4635215 0.48842773
-14.214121 5.5738268 0.55898637
-16.608603 5.6047826 0.6417622
-18.108114 5.6281052 0.69425702
-19.858847 5.6507382 0.75593048
-28.455858 -8.8555975 1.0911105
1.3434179 -23.298042 0.85440701
1.8835449 -22.997393 0.84480071
3.5235057 -22.685917 0.84053373
4.0972853 -22.747919 0.84624815
4.6769919 -22.799667 0.85212094
5.2547069 -22.80677 0.85687649
5.8392577 -22.813959 0.8621881
7.0311327 -22.825531 0.87443787
7.6408787 -22.8323 0.88150203
9.5359373 -22.853344 0.90663815
10.190625 -22.855009 0.91617614
11.549082 -22.868061 0.93795925
12.25373 -22.874828 0.95008785
12.980683 -22.887926 0.96336025
5.5998044 -8.8499317 0.38342819
17.823145 -22.934614 1.0634286
18.735117 -22.943815 1.0845016
22.50334 -9.6099167 0.89587063
22.931387 -9.1452551 0.90386808
20.296133 5.1324472 0.76647323
18.500292 5.1561313 0.70314544
15.666582 5.1926379 0.60426819
13.503984 5.2112293 0.52994305
12.618593 5.2226367 0.49999619
11.115664 5.2419996 0.44994843
9.207695 5.1870408 0.3869229
8.7130861 5.1891575 0.37129074
8.3999996 5.2812462 0.36327285
7.5792966 5.291821 0.33843583
6.2271485 5.3092456 0.29960388
5.93541 5.3130064 0.29165009
5.6586328 5.3165722 0.28426909
5.3953319 5.3199668 0.27740875
5.1442966 5.3232007 0.27102783
4.4543161 5.3320956 0.25437194
3.9690623 5.2460265 0.2408435
3.7754102 5.2485218 0.23670974
3.5881834 5.2509351 0.23284164
3.1085155 5.340919 0.22624908
2.9395897 5.3430967 0.22327164
2.7749608 5.3452196 0.22049804
2.3035059 5.3512988 0.21330124
2.152832 5.3532434 0.21124649
1.8596094 5.3570237 0.20761123
1.7165917 5.3588672 0.20601776
1.4366211 5.3624792 0.20325333
1.1634375 5.3660045 0.20102294
1.0289258 5.3677392 0.20010039
0.37038085 5.376235 0.1972995
0.11051758 5.3795886 0.19699767
-0.27929688 5.3846192 0.19740523
-0.40985352 5.3863049 0.19777144
-0.67279297 5.3896995 0.19885726
-0.80550778 5.3914108 0.19957978
-0.93926758 5.3931394 0.20042373
-1.0742383 5.3948803 0.20139313
-1.3299512 5.3239965 0.20091064
-1.6045409 5.3179297 0.20336792
-1.7461523 5.319757 0.20498841
-1.8901269 5.3216171 0.20675826
-2.0725975 5.4173865 0.2123584
-2.5384374 5.4234009 0.21923354
-2.7008202 5.425499 0.2218869
-2.8672752 5.4276476 0.22473937
-3.0381639 5.4298558 0.22779922
-3.2138867 5.4321251 0.23108093
-3.3948338 5.4344625 0.23459548
-3.9739647 5.4419432 0.24670731
-4.3959179 5.4473963 0.25627699
-4.6196876 5.4502869 0.26158035
-5.3523731 5.4597535 0.27992186
-6.2003222 5.4707117 0.30273497
-7.0924606 5.3984423 0.32633147
-7.5828905 5.4880199 0.34270447
-8.4255075 5.4989123 0.36835814
-8.896533 5.5050001 0.38303328
-9.9626169 5.5187802 0.41697538
-10.570547 5.526638 0.43671051
-13.729189 5.5675583 0.54241055
-14.776318 5.5810938 0.57829314
-17.096815 5.5312352 0.65789396
-18.982901 5.6394153 0.72502255
-20.900419 5.6642027 0.79280883
-28.723955 -8.5762377 1.0975134
-27.840195 -9.049243 1.0717779
-19.97167 -8.6982422 0.79753995
-11.871592 -8.6167116 0.53706253
-11.584346 -8.8425703 0.5335663
-11.129697 -8.9284792 0.52239472
-10.742393 -9.0521564 0.51431686
-0.05428711 -24.663052 0.90295804
1.0809375 -23.460218 0.85983092
1.6250976 -23.123997 0.84870237
2.7036035 -22.726601 0.83793241
3.2537401 -22.673943 0.83864224
4.3997655 -22.782539 0.84952694
6.1467576 -22.817739 0.86518216
7.3475389 -22.829042 0.87804073
7.962461 -22.835871 0.88543332
9.2258596 -22.849899 0.90219605
9.8764648 -22.857124 0.91162807
10.53834 -22.858349 0.92154664
11.217773 -22.864878 0.93245268
5.6943555 -8.7539272 0.38234115
18.293671 -22.93936 1.0742209
22.523417 -9.9278479 0.9011786
22.344141 -9.2117786 0.88485444
23.172148 -8.9055042 0.90887326
19.082148 5.0814023 0.72298229
17.676445 5.1667442 0.67424953
16.270449 5.1848583 0.62520766
12.195859 5.2280836 0.48581055
10.15832 5.2543359 0.41872251
8.596426 5.2671237 0.36910841
7.7655468 5.2894211 0.34399903
4.1351271 5.3362098 0.2471617
3.8673339 5.2473373 0.23865387
3.6770995 5.2497888 0.23466294
3.498662 5.2606163 0.23130676
3.3531151 5.3155103 0.23009689
2.6908007 5.3463049 0.21913101
2.5320411 5.348352 0.21664779
2.3767579 5.3503537 0.21434371
1.9289355 5.3561301 0.20842636
1.6429297 5.3598194 0.20524368
1.5030078 5.3616233 0.20386535
1.0932226 5.3669105 0.20052673
0.95933592 5.3686361 0.19966872
0.82651365 5.3703513 0.1989328
0.69458985 5.3720531 0.1983168
0.56339842 5.373745 0.19782089
0.43279296 5.3754306 0.19744003
0.30260742 5.3771119 0.1971762
0.17269531 5.3787866 0.19702774
-0.2169043 5.3838158 0.19726944
-0.34724608 5.3854966 0.19758148
-0.87504882 5.3923106 0.2000035
-1.1450976 5.3957968 0.201949
-1.26458 5.323153 0.20031357
-1.4014941 5.3249207 0.20159394
-1.8208398 5.3207211 0.20589127
-2.0007911 5.4164572 0.21140258
-2.1514063 5.4184022 0.21344161
-2.3050487 5.4203868 0.21564834
-2.461992 5.4224133 0.21802886
-2.622539 5.4244871 0.22059143
-2.7870018 5.4266114 0.22334793
-3.1290722 5.4310303 0.22948058
-4.0808005 5.4433241 0.24907501
-4.2918653 5.4460511 0.25386381
-4.5113378 5.4488864 0.25899398
-4.7399998 5.4518418 0.26449355
-5.2284961 5.4581528 0.27672407
-6.3620605 5.4728012 0.30724928
-6.5819626 5.3912878 0.31149811
-6.9213572 5.3956738 0.32130644
-7.398066 5.4856324 0.3371945
-7.7908788 5.4907093 0.34895721
-8.2123632 5.4961572 0.36179137
-8.6662788 5.5020237 0.37583205
-9.6903028 5.5152597 0.40821761
-13.272129 5.5616517 0.52685589
-14.257919 5.5743918 0.56048721
-15.378828 5.5888829 0.59907681
-19.938808 5.6517725 0.75875717
-28.519022 -8.1572523 1.086008
-28.405643 -8.8713751 1.0895272
-0.1046875 -24.821724 0.34939757
0.47680664 -23.952139 0.33721983
1.0347852 -23.488909 0.33095214
1.5801758 -23.151728 0.32664368
2.1183789 -22.893583 0.32362869
3.2067969 -22.671865 0.32230911
4.9288087 -22.802406 0.32838392
5.5093946 -22.809546 0.33030334
6.0971484 -22.816769 0.33243987
6.6929102 -22.824091 0.33480284
8.5352345 -22.841522 0.34323332
9.1718159 -22.848585 0.34656373
11.160488 -22.864531 0.35814056
11.855137 -22.871206 0.36261734
15.639121 -22.917538 0.39054641
17.325684 -22.930223 0.4045485
19.151524 -22.95516 0.42080718
22.466581 -9.3152771 0.34234619
26.790546 5.0376782 0.38371888
21.456913 5.1171765 0.31050155
19.168047 5.0628953 0.27906311
17.803204 5.1648436 0.26093337
15.149023 5.1990747 0.225448
13.103594 5.2161841 0.19852492
12.261621 5.2270432 0.18762527
9.6424017 5.2608228 0.15461548
8.5960932 5.2431092 0.14172943
8.2101955 5.2835507 0.13743056
7.7984567 5.2888608 0.13263687
7.0545897 5.2984557 0.1241896
6.7166796 5.3028135 0.12045944
6.3983006 5.3069201 0.11701141
5.8125 5.314476 0.11086182
4.8026953 5.3275023 0.10096451
4.1521192 5.3358922 0.095169827
3.8834667 5.247035 0.091888428
3.2055273 5.3395786 0.087665096
2.5451367 5.3480968 0.083370969
1.9410547 5.3558912 0.080188595
1.6546874 5.3595862 0.078955993
1.5146093 5.3613925 0.078421324
1.2396777 5.3649402 0.07750763
1.1044531 5.3666859 0.077124782
0.9704687 5.368413 0.076791383
0.83756834 5.3701291 0.076504365
0.70556641 5.3718324 0.076263428
0.4436914 5.3752112 0.075919032
0.31348631 5.3768921 0.075814515
0.18354492 5.3785706 0.075752869
0.053759765 5.3802443 0.075736694
-0.076044917 5.3819189 0.075764619
-0.20602539 5.3835959 0.075835571
-0.99812496 5.3938193 0.077212825
-1.1336817 5.3955698 0.077607423
-1.5258007 5.3168311 0.077861175
-1.808789 5.3204856 0.079099879
-1.988291 5.416213 0.081214443
-2.1386719 5.4181528 0.081991881
-2.4487011 5.4221559 0.083744965
-2.773037 5.4263415 0.085777894
-3.4756737 5.4354138 0.090813905
-3.6649706 5.4378576 0.092305757
-4.273828 5.4457188 0.097442165
-4.4925685 5.4485426 0.09940277
-4.7204394 5.4514842 0.10150543
-4.958252 5.4545555 0.10375915
-5.2070508 5.457767 0.10618011
-5.4678712 5.4611349 0.10878067
-5.7419629 5.464674 0.11157791
-6.0307031 5.4684019 0.11459091
-6.5543847 5.3908081 0.1194577
-6.8920212 5.3951674 0.1232048
-7.3662305 5.4850888 0.12927674
-7.7567868 5.4901319 0.13376617
-9.6437006 5.5144968 0.15637298
-10.854541 5.5301318 0.17147766
-11.552988 5.5391502 0.18034607
-14.170136 5.5730371 0.21433319
-16.550615 5.6037793 0.24596222
-24.36208 5.7037597 0.35219696
-27.470438 5.7363195 0.39501539
-28.034559 -8.6935024 0.41315398
0.77006835 -23.708666 0.33390182
1.320664 -23.312084 0.3286711
1.8610156 -23.007343 0.32491669
4.0730371 -22.744694 0.32525146
5.8145895 -22.813295 0.33138731
7.6149607 -22.831312 0.33878464
8.2345114 -22.838188 0.34173173
8.8652925 -22.845184 0.34493589
10.833574 -22.861385 0.35610396
11.520156 -22.867983 0.36043182
12.224023 -22.87475 0.36508057
16.064804 -22.917484 0.39395538
16.909882 -22.926025 0.40099838
18.696758 -22.944077 0.41661346
22.68207 -9.0723515 0.34386674
24.766151 4.9799867 0.35559082
22.549589 5.1030836 0.32543975
20.377167 5.1310997 0.29578552
18.568476 5.1549754 0.27125868
17.034512 5.174758 0.25060058
13.542792 5.2105198 0.20425369
9.9067574 5.2574134 0.15786956
9.228672 5.1866183 0.14901382
8.4182224 5.2808676 0.13988143
7.5951171 5.2914844 0.130298
6.8760157 5.3007593 0.12220886
6.5485544 5.3049827 0.1186296
6.2395506 5.3089671 0.11531936
5.4059567 5.3197203 0.10675918
5.1544724 5.3229637 0.10429855
4.9141407 5.3260632 0.10200729
4.4632616 5.3318796 0.097877197
3.9772167 5.2458253 0.092664942
3.4197752 5.2615418 0.088329926
3.1156054 5.3407383 0.0870343
2.9465039 5.3429198 0.085886225
2.6208789 5.3471203 0.083822325
2.4636912 5.3491478 0.082897335
2.1590331 5.3530784 0.081248321
1.8656055 5.3568649 0.079846494
1.442373 5.3623266 0.078164063
1.3049706 5.364099 0.077708282
1.0345117 5.3675866 0.076944731
0.90111327 5.3693089 0.076636501
0.5062207 5.374404 0.075985409
0.37581053 5.3760886 0.075859219
-0.1437207 5.3827915 0.075795591
-0.27384764 5.3844714 0.075890347
-0.53546876 5.3878479 0.076213069
-0.66726559 5.3895493 0.076443173
-0.79992187 5.3912611 0.076718442
-0.93363279 5.3929868 0.07704208
-1.204873 5.3964868 0.077831574
-1.459287 5.3159728 0.077596284
-1.598662 5.3177733 0.078162231
-2.0662792 5.4172201 0.081611782
-2.2181737 5.4191794 0.082423396
-3.0308788 5.4296703 0.0875296
-3.3870995 5.4342713 0.090135194
-3.5734961 5.436677 0.09157867
-4.6100779 5.4500599 0.10047943
-4.842998 5.4530663 0.10265961
-5.6089063 5.462955 0.1102124
-5.890449 5.4665918 0.11311981
-6.1874218 5.4704261 0.11625382
-6.7276464 5.3930445 0.12136642
-7.5663376 5.4876709 0.1315683
-8.8758593 5.5045824 0.1470143
-9.3845119 5.5111508 0.15319213
-9.9380856 5.5182981 0.1600087
-10.543623 5.5261183 0.16756317
-14.729189 5.580256 0.22171065
-15.918457 5.5956149 0.23751022
-18.908905 5.6381736 0.27774474
-22.748085 5.6039538 0.32978132
-25.90995 5.7237487 0.37350753
-28.748945 -8.5521154 0.42220214
-19.995575 -8.6846828 0.30686232
-2.9526269 -9.0065393 0.13344344
-0.079414062 -24.742092 0.34827819
0.50054687 -23.932421 0.33694777
1.0578613 -23.474464 0.33076736
1.602666 -23.137842 0.32646894
2.1407225 -22.883713 0.32351974
3.2302732 -22.672905 0.32237151
5.5338087 -22.809843 0.33038986
6.1218748 -22.817074 0.33253554
6.717988 -22.824402 0.33490294
7.9363279 -22.834877 0.34028792
9.1986914 -22.848881 0.3467105
9.848691 -22.856092 0.35032257
11.189179 -22.864803 0.35832
11.884531 -22.871489 0.36281312
13.334745 -22.891575 0.37291029
14.090215 -22.900087 0.37847212
14.869062 -22.908861 0.38443953
15.673262 -22.917919 0.39083555
16.50123 -22.921894 0.39756301
19.191191 -22.955645 0.42117277
22.4667 -9.2887907 0.34220734
26.651972 5.039464 0.3818039
19.09375 5.0638537 0.27806595
17.739258 5.165669 0.26007232
16.324316 5.1839161 0.24109283
13.066464 5.2166624 0.19804199
10.798633 5.2459106 0.16899033
10.182539 5.2538562 0.16128555
9.6198244 5.2611132 0.15433715
8.9616604 5.1858044 0.14574295
8.5962496 5.255116 0.14182083
8.1923828 5.2837806 0.13722198
7.7818942 5.2890744 0.13244568
7.0400391 5.2986426 0.12402771
6.7030077 5.3029904 0.12031005
6.3854098 5.3070874 0.1168724
6.0852928 5.3109579 0.11369216
5.5307617 5.3181105 0.108004
4.7930861 5.3276243 0.10087585
4.3516798 5.3333201 0.096891932
3.8753612 5.2471385 0.091820985
3.5061815 5.260427 0.088987269
3.3529491 5.3034058 0.088318937
2.6974609 5.3461313 0.084290162
2.2309082 5.3521509 0.081620328
1.9349902 5.355969 0.080160826
1.790791 5.3578296 0.07951843
1.2340039 5.3650122 0.077489927
0.96489257 5.3684864 0.076778255
0.56885743 5.3735971 0.07606262
0.43823242 5.3752809 0.075914308
0.30804688 5.3769627 0.075810701
0.17811523 5.3786402 0.075751953
0.048330076 5.3803134 0.075736694
-0.21146484 5.3836656 0.075839385
-0.60401368 5.3887329 0.07632751
-1.00375 5.3938913 0.077228241
-1.139375 5.3956418 0.077624664
-1.3957129 5.3247657 0.077483825
-1.9945312 5.4162927 0.081245422
-2.2985253 5.420217 0.082872316
-3.1216795 5.4308448 0.088173673
-3.299834 5.4331431 0.089477845
-4.0720801 5.4431129 0.095685273
-4.2828026 5.4458337 0.097521663
-4.5018945 5.4486632 0.099487916
-5.2176952 5.4579039 0.10628448
-5.4790525 5.4612794 0.10889374
-5.7537303 5.4648252 0.11169922
-6.0431151 5.4685621 0.11472229
-6.3487692 5.4725084 0.1179837
-7.3820505 5.4852929 0.12945679
-7.7737207 5.4903502 0.13396271
-8.6463671 5.5016198 0.14425644
-9.1356049 5.5079355 0.15015762
-9.6668749 5.5147963 0.15665756
-10.246513 5.5222812 0.16384491
-10.882353 5.5304904 0.17182861
-11.58375 5.5395484 0.18074019
-12.170166 5.4633241 0.18777755
-13.232998 5.560936 0.20204833
-15.328154 5.5879917 0.22965255
-16.607822 5.6045175 0.24672607
-19.857754 5.6504259 0.2906166
-24.479687 5.7052784 0.35381407
-27.985703 -8.7092752 0.41256347
0.22685546 -24.249508 0.34135374
0.79333985 -23.689352 0.33363968
1.3434277 -23.298021 0.32849044
2.4199414 -22.778097 0.32243088
2.9642186 -22.679289 0.32195234
3.5235155 -22.685923 0.32316056
4.0972753 -22.747925 0.32535553
6.4313278 -22.820879 0.33374131
7.0309176 -22.824833 0.33618331
11.549199 -22.868263 0.36062089
5.4178514 -9.0376558 0.14832245
14.49287 -22.904623 0.38153166
17.823633 -22.935259 0.40886292
28.327362 5.017859 0.40494841
22.450174 5.1043663 0.32407868
13.503437 5.2110276 0.20373978
10.470586 5.2501426 0.16487564
9.8832808 5.2577162 0.15757979
9.2074213 5.186892 0.14875625
8.7128315 5.1890135 0.1427478
7.9749022 5.2865858 0.13468033
6.8619137 5.300941 0.12205353
6.2270312 5.3091297 0.11518646
5.3952146 5.3198581 0.10665298
5.1442184 5.3230958 0.10419998
4.904336 5.32619 0.10191437
4.4542384 5.331996 0.097796783
3.7753417 5.2484303 0.091001891
3.5881152 5.2508435 0.08951965
3.4123046 5.2616382 0.088275753
3.2820408 5.3385911 0.08821243
2.7749121 5.3451328 0.084773861
2.6142285 5.3472056 0.08378204
2.3034668 5.3512158 0.082006529
2.1528027 5.3531604 0.081216887
1.85958 5.3569422 0.079818875
1.5756347 5.3606067 0.078648679
1.4365917 5.3623996 0.078143612
0.89555663 5.369381 0.07662414
0.63165039 5.3727865 0.076149136
0.50076169 5.3744736 0.075979456
0.11051758 5.3795104 0.075738676
-0.14916015 5.3828635 0.075798951
-0.6727832 5.3896203 0.076453395
-0.805498 5.3913331 0.076731257
-1.2105957 5.3965611 0.077850647
-1.3299414 5.323916 0.077243194
-1.4650586 5.3160472 0.077619016
-1.8901074 5.3215342 0.079489589
-2.22458 5.4192615 0.082458496
-2.3797655 5.4212656 0.083339229
-2.538408 5.4233141 0.084286653
-2.8672266 5.4275584 0.086404569
-3.0381153 5.4297643 0.087580107
-3.5814257 5.4367809 0.091640621
-3.9738867 5.4418454 0.094849549
-4.8529687 5.4531956 0.10275375
-5.0968356 5.4563451 0.10509948
-6.2001953 5.4705906 0.11639068
-6.4980469 5.4603834 0.11947449
-6.7417774 5.3932276 0.12152801
-7.0922751 5.3983107 0.12545989
-7.9887891 5.4931273 0.13647003
-8.8962889 5.5048461 0.14725998
-9.4066992 5.5114365 0.15346405
-9.9623146 5.518611 0.16030945
-11.238887 5.5350952 0.17634507
-11.792851 5.4585409 0.18291809
-12.803428 5.5553894 0.19645584
-15.971835 5.5963035 0.23822325
-17.095995 5.5309653 0.25292876
-20.899189 5.6638741 0.30478987
-26.042393 5.7254577 0.37533399
-28.711239 -8.5724373 0.42177445
-19.970272 -8.6976252 0.30660796
1.0809375 -23.460201 0.33058015
1.6250976 -23.123976 0.32629883
2.1630664 -22.873837 0.32341903
3.2537303 -22.673946 0.32243133
3.8202245 -22.71102 0.32417586
4.399785 -22.782543 0.32661864
6.1466599 -22.817377 0.33262864
7.3473043 -22.828344 0.33756849
7.9622264 -22.835165 0.34041303
8.5879688 -22.84211 0.3435019
9.2255859 -22.849178 0.34685624
9.876133 -22.856398 0.35047209
10.538437 -22.858549 0.35431075
11.217871 -22.86508 0.35850295
11.914003 -22.871773 0.36300689
12.628281 -22.878637 0.3678427
17.398964 -22.930965 0.40517685
18.294199 -22.94001 0.41301176
19.082129 5.0813937 0.27796233
13.029491 5.2171397 0.1975618
11.447266 5.237545 0.17719895
10.771719 5.2462573 0.16865188
10.158008 5.2541723 0.16098084
9.5973825 5.2614036 0.15406235
8.596406 5.2671189 0.14191239
8.1746283 5.2840099 0.13701446
7.3833399 5.2942162 0.12788574
6.6893358 5.303165 0.12016128
6.372539 5.3072534 0.11673477
6.0730858 5.3111143 0.1135643
5.5197458 5.3182516 0.10789306
5.2630076 5.3215637 0.10535293
4.3428516 5.3334336 0.096814267
4.1350489 5.336113 0.09502472
3.8672655 5.2472434 0.09175171
3.6770408 5.2496972 0.090217896
3.4985936 5.2605247 0.088929288
3.0199022 5.3419724 0.086378783
2.532002 5.3482652 0.083292842
2.3767188 5.3502707 0.082406923
1.7847949 5.3579063 0.079492338
1.6429003 5.3597388 0.078908995
1.3648731 5.3633251 0.077901155
1.22833 5.3650866 0.077473447
1.0932128 5.3668299 0.077095181
0.69458008 5.371974 0.076245882
0.43278319 5.3753538 0.07590881
0.30260742 5.3770313 0.075807646
0.17270507 5.3787098 0.075749971
0.042910155 5.3803844 0.075737305
-0.21689452 5.3837352 0.075843506
-0.34724608 5.3854198 0.075962983
-0.47806638 5.3871069 0.076127015
-0.87503904 5.39223 0.076895289
-1.0094043 5.3939648 0.077243499
-1.2645605 5.3230734 0.07701309
-1.5374511 5.3169813 0.077908479
-1.8208106 5.3206396 0.079157867
-2.0007617 5.4163742 0.081276394
-2.151377 5.4183187 0.082060851
-2.3050096 5.4203024 0.082908779
-2.4619532 5.4223266 0.083824001
-2.6224999 5.4244003 0.084809572
-3.1290233 5.4309387 0.088226624
-4.0807223 5.4432263 0.095759884
-4.2917871 5.4459496 0.097600557
-4.9786329 5.4548178 0.10395446
-5.4902539 5.4614234 0.10900497
-5.7655077 5.4649777 0.11182174
-6.3619142 5.4726768 0.11812561
-6.9212012 5.3955445 0.12352844
-7.3978806 5.4854965 0.1296376
-7.7906833 5.4905686 0.13416015
-8.2121286 5.4960117 0.13909438
-8.6660452 5.5018735 0.14449249
-10.271914 5.5226088 0.16416213
-10.910274 5.5308518 0.17218201
-11.614648 5.5399475 0.18113449
-12.204053 5.4637623 0.18821563
-14.257334 5.5741639 0.21548247
-15.378144 5.5886364 0.23031753
-16.665556 5.6052623 0.24750106
-18.174765 5.6286926 0.26782089
-19.937695 5.6514587 0.29170349
-22.047382 5.6787024 0.32047087
-27.47117 5.6787195 0.39486191
-27.937002 -8.7250071 0.41197479
1.5801758 -23.151716 -0.19597626
3.7720897 -22.704617 -0.19437423
4.3513279 -22.778139 -0.19586715
4.9287305 -22.80205 -0.19701613
6.6928124 -22.82373 -0.20087677
7.296113 -22.827082 -0.20238952
7.9101562 -22.833889 -0.20408325
8.5349607 -22.840815 -0.2059259
9.1715431 -22.84787 -0.20792511
10.482441 -22.858212 -0.2123767
12.567949 -22.878263 -0.22045852
13.303437 -22.890879 -0.22359756
14.057988 -22.899374 -0.22692932
14.8358 -22.908129 -0.23049362
16.466387 -22.922163 -0.23835434
17.326172 -22.930859 -0.24272384
18.218554 -22.939888 -0.2474031
22.462187 -9.3134556 -0.20535949
26.788574 5.0373096 -0.2302037
15.148378 5.1988502 -0.13525726
13.85502 5.1317506 -0.124776
11.506465 5.2366004 -0.10676559
8.5960741 5.2430992 -0.085037231
7.7982616 5.2887278 -0.079574279
7.4141016 5.2936864 -0.076935425
7.0544138 5.2983298 -0.074508972
6.7165232 5.3026915 -0.072269134
6.097363 5.3106847 -0.06828735
5.8123631 5.3143625 -0.066512294
5.2839255 5.3211865 -0.063330688
4.5770702 5.3303099 -0.059334408
4.3604689 5.3331079 -0.058177337
4.152041 5.3357968 -0.057097778
3.692627 5.249404 -0.054200437
3.5137205 5.2602391 -0.053421021
3.352793 5.291317 -0.052901611
3.2054784 5.3394885 -0.052594755
3.0339844 5.3417015 -0.051880036
2.8669922 5.3438573 -0.051213987
2.3895409 5.3500204 -0.049483184
2.2371776 5.3519874 -0.048988648
2.0877635 5.3539147 -0.04853119
1.9410254 5.3558092 -0.048109129
1.7967383 5.3576708 -0.047722474
1.6546582 5.3595057 -0.047370452
1.3763183 5.3630981 -0.046759948
1.2396581 5.3648605 -0.046501007
0.83754879 5.3700514 -0.045899048
0.70555663 5.3717542 -0.045754697
0.053759765 5.3801661 -0.045438383
-0.076044917 5.3818421 -0.045454863
-0.46708983 5.3868885 -0.045664214
-0.73070312 5.3902893 -0.045938261
-0.8638379 5.3920078 -0.046116788
-0.99810547 5.3937402 -0.046324462
-1.1336621 5.3954883 -0.046560362
-1.2556933 5.3335752 -0.046275176
-1.3899413 5.3246117 -0.046473846
-1.5257715 5.3167529 -0.046713408
-1.8087597 5.3204041 -0.04745651
-1.9882617 5.4161291 -0.048724823
-2.2920117 5.4200487 -0.049697571
-2.448662 5.42207 -0.050243072
-2.7729981 5.4262533 -0.051461942
-2.9413378 5.4284263 -0.052141417
-3.1142774 5.4306579 -0.052869413
-3.2922266 5.4329553 -0.05364868
-3.860625 5.4402881 -0.056337431
-4.7203417 5.4513793 -0.060898587
-4.9581637 5.4544482 -0.062250365
-5.206943 5.4576573 -0.06370239
-6.0305662 5.4682813 -0.068750307
-6.3355174 5.4722166 -0.070700526
-6.8918552 5.3950377 -0.073915102
-7.3660545 5.4849534 -0.077559203
-8.175498 5.4953966 -0.083192594
-8.6265039 5.5012145 -0.086406097
-12.136005 5.4626904 -0.11239395
-13.194014 5.5602255 -0.12091919
-15.27791 5.5871081 -0.13738479
-16.549843 5.6035156 -0.14756393
-19.777334 5.6490917 -0.17370711
-24.36043 5.7033763 -0.21129471
1.320664 -23.312073 -0.19719239
2.9414744 -22.683414 -0.19317336
4.0730467 -22.744701 -0.19514267
4.6528711 -22.798662 -0.19650924
5.8145118 -22.812935 -0.1988208
7.6147265 -22.830614 -0.20325333
9.5081444 -22.851599 -0.20902497
10.833672 -22.861586 -0.21365479
12.946856 -22.881907 -0.2220317
16.065214 -22.918104 -0.23636611
18.697285 -22.944733 -0.24998198
28.480917 5.0154614 -0.2442337
24.764452 4.9796448 -0.21332885
18.567518 5.1547093 -0.16273849
14.319785 5.1164818 -0.1284233
13.542285 5.2103171 -0.12254028
11.858144 5.232058 -0.10946121
9.2283983 5.1864686 -0.08940094
8.7321682 5.1886168 -0.085786283
8.4179878 5.2807274 -0.083922423
7.9918747 5.2862277 -0.080922849
7.5949216 5.2913537 -0.078173064
7.2238865 5.2961426 -0.075646058
5.6696873 5.3162069 -0.065637819
4.9140625 5.3259606 -0.061199795
4.6839843 5.3289294 -0.05991745
4.4631834 5.3317795 -0.058721617
3.9771483 5.2457309 -0.055595092
3.4197071 5.2614527 -0.05299652
3.1155565 5.3406491 -0.052215576
2.9464452 5.3428321 -0.051527556
2.7816601 5.3449583 -0.05088516
2.4636524 5.3490634 -0.04973419
2.3097851 5.3510499 -0.049221192
2.159004 5.3529954 -0.04874542
2.0110157 5.3549047 -0.048307035
1.7224706 5.3586302 -0.047534943
1.5814648 5.3604493 -0.047198944
0.63712889 5.3726368 -0.045690153
0.50621092 5.3743262 -0.04558792
0.37580076 5.3760104 -0.045511931
0.24576171 5.3776879 -0.045461882
-0.27384764 5.3843932 -0.045530699
-0.40438476 5.3860779 -0.045614164
-0.53545898 5.3877683 -0.045724332
-1.0685449 5.3946486 -0.046443176
-1.3241894 5.3237634 -0.046329957
-1.5986328 5.3176913 -0.046893921
-1.7401366 5.3195167 -0.047266539
-2.3731933 5.4210958 -0.04997696
-2.6938672 5.4252329 -0.051153716
-3.2063184 5.4318442 -0.053268585
-3.3870409 5.4341769 -0.054076843
-3.5734375 5.436583 -0.054943237
-3.7660058 5.439065 -0.055870362
-4.1719532 5.444304 -0.057924956
-4.3865919 5.4470725 -0.059063565
-4.6099806 5.4499545 -0.06028305
-4.8429098 5.4529614 -0.061591033
-5.086318 5.4561024 -0.062993772
-5.608789 5.4628406 -0.066121213
-6.1872754 5.470304 -0.069746092
-6.49791 5.4714646 -0.071740419
-6.7274899 5.3929172 -0.072816469
-7.0770507 5.3979869 -0.075169675
-7.5661521 5.4875355 -0.078935087
-7.9710445 5.4927573 -0.08175201
-9.9377832 5.5181298 -0.095997468
-10.543291 5.5259409 -0.10052841
-11.209189 5.5345311 -0.10557556
-11.76041 5.4579358 -0.1094931
-12.766641 5.5547128 -0.11758041
-14.728564 5.5800219 -0.13301407
-15.917725 5.5953598 -0.14249085
-18.9079 5.6378746 -0.16663009
-20.810635 5.6624193 -0.18214096
-28.720488 -8.5436468 -0.25305876
-11.586113 -8.8254366 -0.1230014
-2.9524219 -9.0059023 -0.080012664
-0.079414062 -24.742006 -0.20895401
0.50055665 -23.932392 -0.20215911
2.6808789 -22.730724 -0.19329803
3.2302732 -22.672909 -0.19341415
4.3755665 -22.780346 -0.19589904
4.9528513 -22.802347 -0.19706008
6.1217771 -22.816713 -0.19950546
7.9360938 -22.834175 -0.20415558
9.8483791 -22.855371 -0.21017578
10.510468 -22.85848 -0.21247634
11.189277 -22.865009 -0.21498595
13.334551 -22.891228 -0.22373366
14.090019 -22.899733 -0.22706832
14.868828 -22.908503 -0.23064651
15.673027 -22.917559 -0.23450103
19.190702 -22.955029 -0.25268799
21.365175 5.118042 -0.18554199
17.738379 5.1654139 -0.15602782
15.100566 5.1994677 -0.13487655
13.838867 5.1416354 -0.12467834
12.227988 5.227284 -0.1123082
8.1921482 5.2836423 -0.082325742
7.7816992 5.2889404 -0.079460144
7.398613 5.2938867 -0.076829836
6.3852539 5.3069687 -0.070118405
6.085156 5.310842 -0.068210445
5.2733984 5.3213205 -0.063268282
4.5678515 5.3304281 -0.05928497
4.3516016 5.33322 -0.058131255
4.143496 5.335907 -0.057054136
3.8752928 5.247046 -0.055090789
3.3529491 5.3033895 -0.052985687
3.1982031 5.3395824 -0.052563779
2.697412 5.3460474 -0.050569914
2.3831153 5.3501039 -0.049462583
1.9349608 5.3558874 -0.048092347
1.7907617 5.357749 -0.047707368
1.6487597 5.359581 -0.047355805
1.2339844 5.364934 -0.046491086
0.96487302 5.3684082 -0.04606308
0.70006835 5.3718262 -0.045749359
0.56884766 5.373518 -0.045632932
0.43823242 5.375205 -0.045545347
0.048330076 5.3802357 -0.04543823
-0.08148437 5.3819113 -0.045456391
-0.21146484 5.3835888 -0.045500182
-1.0037402 5.3938122 -0.046333618
-1.1393554 5.3955641 -0.046570737
-1.2588476 5.3229208 -0.046192322
-1.8147656 5.3204808 -0.047473602
-2.7799511 5.4263449 -0.051490478
-3.2997754 5.4330516 -0.053682555
-3.4833887 5.43542 -0.054520413
-3.6729491 5.4378648 -0.055418242
-3.8689549 5.4403954 -0.056378782
-4.5018067 5.4485593 -0.059688568
-4.7300487 5.4515038 -0.060952604
-5.2175879 5.4577942 -0.063765869
-6.0429783 5.4684424 -0.068828277
-6.5679297 5.3908591 -0.071760252
-7.381865 5.4851575 -0.077668302
-8.6461325 5.5014672 -0.086546935
-9.1353321 5.5077772 -0.09008728
-10.882011 5.5303102 -0.10308944
-12.169726 5.4631248 -0.11265656
-19.856659 5.6501145 -0.17435333
-21.94961 5.6771116 -0.19147293
0.22685546 -24.249472 -0.20480347
0.79333007 -23.689333 -0.20017746
1.3434179 -23.298008 -0.19708343
1.8835644 -22.99737 -0.19486938
2.9642088 -22.679287 -0.19316421
5.2545505 -22.806055 -0.19764969
5.8390818 -22.813236 -0.19887634
7.0307226 -22.824141 -0.20169449
7.6404099 -22.830898 -0.20332138
8.2603512 -22.83777 -0.20510207
10.190801 -22.855408 -0.21133834
11.549316 -22.868469 -0.21636184
12.253945 -22.875244 -0.21915893
5.410996 -9.0262489 -0.088877559
16.099979 -22.918457 -0.23653854
16.946367 -22.927019 -0.24078003
18.73621 -22.945126 -0.25017288
14.023749 -9.0374241 -0.14089736
24.64369 4.9812036 -0.21233153
22.448788 5.1040502 -0.19442321
18.498398 5.1556015 -0.16217789
11.826777 5.2324657 -0.10922012
11.114942 5.2416539 -0.10378433
9.882988 5.2575574 -0.094539337
9.2071486 5.1867418 -0.089244075
8.7126169 5.1888709 -0.085642546
8.3995314 5.2809668 -0.083792724
7.9747066 5.286449 -0.080803066
7.2088671 5.2963367 -0.075544581
6.8617382 5.300818 -0.073226772
6.5351367 5.3050327 -0.071085967
5.1441016 5.3229918 -0.062514953
4.9042578 5.3260865 -0.061144561
4.2422266 5.3346324 -0.057561032
3.9689257 5.2458372 -0.055553436
3.5880566 5.2507529 -0.05370941
3.412246 5.261549 -0.052961424
3.1083984 5.3407421 -0.052186277
2.6141894 5.3471203 -0.050265349
2.3034375 5.3511305 -0.049201049
2.1527734 5.3530774 -0.048726194
2.0048828 5.3549838 -0.048289031
1.7165332 5.358707 -0.047520142
1.5756152 5.3605247 -0.047185209
1.1633984 5.3658457 -0.046368103
0.76319337 5.3710108 -0.045814056
0.63164061 5.3727088 -0.045686185
-0.019257812 5.3811069 -0.04544403
-0.40984374 5.3861485 -0.04561859
-0.54095703 5.3878403 -0.045729674
-0.67277342 5.3895407 -0.045868833
-0.93923825 5.3929796 -0.046230316
-1.074209 5.3947215 -0.046453245
-1.3299218 5.3238378 -0.046341401
-1.465039 5.315968 -0.046567686
-1.7461035 5.3195944 -0.047283173
-2.0725293 5.4172168 -0.048983458
-2.3797264 5.4211802 -0.049999997
-2.5383594 5.4232273 -0.050569151
-2.8671777 5.4274707 -0.051838379
-3.2137694 5.431942 -0.053300932
-3.3947265 5.4342761 -0.054111481
-4.8528614 5.4530897 -0.061647642
-5.6202636 5.4629884 -0.066192165
-6.4980564 5.4603858 -0.071679994
-6.741611 5.3930993 -0.072909087
-7.5825195 5.4877453 -0.079047546
-7.988584 5.4929843 -0.081876218
-8.4250488 5.4986143 -0.084965058
-8.8960352 5.5046911 -0.088349611
-9.4064064 5.5112743 -0.092071071
-9.9620113 5.5184422 -0.096176907
-10.569863 5.5262842 -0.10072891
-11.238505 5.5349097 -0.10579849
-12.802939 5.5551805 -0.11786438
-17.095146 5.5306931 -0.15174392
-18.980879 5.6388159 -0.16722274
-20.897968 5.6635461 -0.18285476
-22.851337 5.6049461 -0.19869643
-26.040537 5.7250485 -0.22517425
-11.571943 -8.8330908 -0.12294601
-0.05428711 -24.662861 -0.20828201
0.52426755 -23.912699 -0.20199874
3.2537303 -22.673952 -0.19345215
3.8202147 -22.711025 -0.19449417
4.9770117 -22.802643 -0.19710693
5.5581446 -22.809784 -0.19827178
6.146543 -22.817017 -0.19956329
7.3470702 -22.827648 -0.20252517
7.9619532 -22.834463 -0.20423126
8.5877142 -22.841396 -0.20608658
10.538515 -22.858749 -0.21257858
12.628379 -22.878845 -0.22070648
13.365684 -22.891577 -0.22386718
14.122109 -22.900097 -0.22721481
14.901953 -22.908876 -0.23080291
15.707207 -22.917944 -0.23464125
16.537069 -22.922876 -0.23871048
19.23041 -22.955513 -0.25290436
22.462324 -9.2604942 -0.20518798
23.641523 5.0886536 -0.20423248
21.275194 5.1192026 -0.18480468
19.082088 5.081389 -0.16676971
17.674686 5.1662354 -0.15551315
16.268946 5.1843834 -0.14420441
15.053066 5.2000804 -0.13449936
13.839082 5.1575904 -0.12473022
12.194981 5.2277098 -0.11205307
11.446875 5.2373681 -0.10630966
10.771386 5.246089 -0.1011824
9.5971088 5.2612476 -0.092430726
8.9410934 5.1859217 -0.087290801
7.7651758 5.289155 -0.079346009
7.3831639 5.2940869 -0.076725312
7.0253711 5.2987046 -0.074314423
6.689199 5.3030457 -0.072090603
5.7891989 5.3146629 -0.066369019
5.519629 5.3181434 -0.06473022
5.2628903 5.3214574 -0.063207857
5.0178514 5.3246202 -0.061788939
4.3427734 5.3333359 -0.05808441
4.1349802 5.3360167 -0.057010192
3.8671973 5.2471495 -0.055048216
3.6769824 5.2496057 -0.054129485
3.4985352 5.2604356 -0.053350981
3.3531053 5.315486 -0.05307205
3.1909668 5.3396764 -0.052532654
3.0198534 5.3418837 -0.051822815
2.8532324 5.3440356 -0.051160429
2.6907129 5.3461337 -0.050544586
2.5319531 5.3481822 -0.049972534
2.2245898 5.3521495 -0.048949126
2.0754004 5.3540745 -0.048493803
1.7847656 5.3578258 -0.047691803
1.5029589 5.3614621 -0.047023926
1.3648535 5.3632445 -0.04673706
0.82648438 5.370194 -0.045885924
0.6945703 5.3718967 -0.045743711
0.56337887 5.3735886 -0.045630034
0.43277344 5.3752747 -0.045541991
0.042910155 5.3803062 -0.045438077
-0.34723631 5.3853407 -0.045574341
-0.47804686 5.3870287 -0.045672759
-0.60951173 5.3887267 -0.045799561
-0.87501949 5.3921518 -0.046133574
-1.401455 5.3247604 -0.046499174
-1.8207812 5.320559 -0.047492523
-2.1513379 5.4182334 -0.049232941
-2.4619141 5.4222412 -0.050290678
-3.1289647 5.4308472 -0.052932281
-3.3073339 5.4331493 -0.053716123
-3.4911816 5.4355197 -0.054557037
-4.0806541 5.4431262 -0.057451475
-4.5111618 5.448679 -0.059739225
-4.9785252 5.4547095 -0.062368315
-5.228291 5.4579306 -0.063828886
-5.7653904 5.4648609 -0.067087099
-6.0554004 5.4686022 -0.06890671
-6.5816598 5.3910375 -0.071851805
-6.9210448 5.3954148 -0.074112698
-7.7904782 5.4904284 -0.080490112
-8.2119141 5.4958653 -0.083449706
-9.1566505 5.5080528 -0.090243682
-12.203603 5.463562 -0.11292084
-14.256748 5.5739341 -0.12927765
-15.37749 5.5883923 -0.13817824
-22.046034 5.6783566 -0.19226363
-27.47121 5.6787314 -0.23690398
1.5801758 -23.151701 -0.71880019
3.2068067 -22.671869 -0.70926076
3.7720995 -22.704624 -0.7129209
6.0969529 -22.816048 -0.73153585
7.295918 -22.826385 -0.74229556
8.5347071 -22.840105 -0.75525999
9.1712694 -22.847153 -0.76258832
9.8206444 -22.85434 -0.77050298
10.482539 -22.858412 -0.77894682
11.160664 -22.864937 -0.78811812
12.568067 -22.878473 -0.80856556
13.303242 -22.890532 -0.82008862
5.5900388 -9.10571 -0.33096114
17.326641 -22.931498 -0.89027494
18.219063 -22.940536 -0.90742564
23.860546 5.0854721 -0.75568855
21.454374 5.1165709 -0.6831916
16.377792 5.1827292 -0.53210539
15.147754 5.1986265 -0.49606887
13.102597 5.2157898 -0.43683121
11.506093 5.2364221 -0.39157698
10.825 5.2452221 -0.37259611
10.206543 5.2532153 -0.35556945
8.9816208 5.1852479 -0.32124129
8.2097464 5.2832751 -0.30240646
7.7980466 5.2885938 -0.29185775
7.4139256 5.2935572 -0.28217757
7.0542579 5.2982044 -0.27327377
6.3980274 5.3066845 -0.25747833
6.0972266 5.3105698 -0.25045577
5.8122654 5.3142514 -0.24394515
5.0378122 5.3242564 -0.22704452
4.8025193 5.3272948 -0.22216842
4.3603907 5.3330078 -0.21337783
3.5136621 5.2601476 -0.19593917
3.2054198 5.3393993 -0.19290283
2.8669531 5.3437696 -0.18784057
2.3895018 5.3499365 -0.18149169
2.0877342 5.3538318 -0.17799835
1.9409961 5.3557272 -0.17645293
1.7967089 5.3575902 -0.17503463
1.6546386 5.3594236 -0.17374007
1.5145605 5.3612318 -0.17256363
1.376289 5.3630176 -0.17150238
1.2396387 5.3647814 -0.17055282
1.104414 5.3665271 -0.1697116
0.97043943 5.3682566 -0.1689775
0.70554686 5.371676 -0.16781692
0.31347656 5.3767371 -0.16682647
-0.076035157 5.3817639 -0.16671646
-0.20602539 5.38344 -0.16687423
-0.46708983 5.3868079 -0.16748245
-0.73069334 5.3902097 -0.16848831
-0.86382812 5.3919287 -0.16914473
-0.99809569 5.3936605 -0.16990493
-1.6661133 5.3184814 -0.17263412
-1.8087305 5.320322 -0.17406143
-2.1386034 5.4179845 -0.18042327
-2.4486229 5.4219823 -0.18427856
-3.2921679 5.4328613 -0.1967691
-4.2736716 5.4455175 -0.21441756
-4.4923925 5.4483347 -0.21873321
-4.7202439 5.451273 -0.2233586
-4.9580665 5.4543381 -0.22831878
-5.4676466 5.460907 -0.23936462
-6.335361 5.4720945 -0.25930572
-6.8916893 5.3949094 -0.27110198
-7.365869 5.484818 -0.28446516
-8.1752834 5.4952502 -0.30512238
-9.1137886 5.5073462 -0.32984191
-9.6431246 5.5141673 -0.34408417
-10.220605 5.5216098 -0.35983092
-10.853848 5.5297704 -0.37731919
-11.552197 5.5387692 -0.39683455
-14.168964 5.5725827 -0.47161162
-15.277255 5.586864 -0.50386822
-16.549042 5.6032519 -0.54119653
-19.77623 5.6487794 -0.63707411
-27.470507 5.73634 -0.86926299
0.20266601 -24.279768 -0.75210118
1.8610156 -23.00732 -0.71498436
2.3971288 -22.78223 -0.70958167
3.4999316 -22.684885 -0.71098769
4.0730371 -22.744707 -0.71573287
4.6527929 -22.798306 -0.72074372
5.2302146 -22.805399 -0.72474456
5.814414 -22.812574 -0.72921699
7.0052147 -22.823166 -0.7395075
10.163144 -22.855341 -0.77479291
10.833769 -22.861792 -0.7836405
12.224257 -22.875166 -0.80339503
12.946972 -22.882118 -0.81437737
16.065664 -22.918722 -0.8669647
18.697813 -22.945391 -0.91687816
14.014882 -9.0517159 -0.5168007
22.546816 5.1024508 -0.71605343
20.374863 5.1305223 -0.65081871
17.032871 5.174264 -0.5514068
14.319199 5.1162696 -0.47100204
10.495645 5.2494788 -0.36350173
9.9061718 5.2570958 -0.34737885
9.2281446 5.1863184 -0.32789138
7.9916601 5.2860923 -0.29679564
7.223711 5.2960157 -0.27744812
6.8756833 5.3005128 -0.26891601
6.5482421 5.3047423 -0.26103821
5.6695504 5.3160949 -0.24074005
5.1542773 5.3227525 -0.22950393
4.683867 5.3288293 -0.21976104
3.9770801 5.245636 -0.2039064
3.4196484 5.2613635 -0.19436783
3.2892871 5.3383155 -0.19422363
3.1155078 5.34056 -0.19151504
2.620791 5.3469496 -0.18444717
2.1589649 5.3529124 -0.17878464
2.0109863 5.3548241 -0.17717712
1.1690429 5.3656921 -0.17010146
0.90108395 5.3691525 -0.1686354
0.76868165 5.3708606 -0.1680571
0.37580076 5.3759313 -0.1669255
0.24576171 5.3776097 -0.16674545
-0.013847656 5.3809595 -0.16667525
-0.27383789 5.384315 -0.16699417
-0.53545898 5.3876915 -0.16770583
-0.66723633 5.3893919 -0.16821045
-1.204834 5.396327 -0.17126617
-1.3241699 5.3236837 -0.16992584
-1.7401074 5.3194361 -0.17336227
-1.8839648 5.3212914 -0.1748523
-2.2181053 5.4190097 -0.18137069
-2.3731542 5.4210105 -0.18330124
-2.8600976 5.42729 -0.19002594
-3.3869824 5.434083 -0.19833893
-3.573369 5.4364882 -0.20151535
-3.7659471 5.438971 -0.20491561
-4.1718845 5.4442029 -0.21245377
-5.3411131 5.4592772 -0.23657271
-5.6086717 5.4627256 -0.24251418
-5.8901954 5.4663548 -0.24891204
-6.727334 5.3927917 -0.26706877
-8.4059277 5.4982238 -0.31112793
-8.8753614 5.5042734 -0.32349348
-9.9374704 5.5179615 -0.35208479
-14.727939 5.5797863 -0.48784408
-15.917011 5.5951085 -0.52260917
-17.033251 5.5296359 -0.55471653
-18.906904 5.6375756 -0.61112648
-22.745146 5.6032386 -0.7255975
-28.661757 -8.5261812 -0.92625713
-19.991747 -8.6830263 -0.67513472
-11.568183 -8.8117847 -0.45044509
0.50054687 -23.932377 -0.74147666
1.0578711 -23.47443 -0.72786617
2.1407225 -22.883692 -0.71192497
4.3755469 -22.780352 -0.71853977
5.5336328 -22.809128 -0.72701538
6.1216798 -22.816353 -0.73174155
7.3213477 -22.82667 -0.7425428
7.9358397 -22.833471 -0.7487753
8.5610542 -22.840395 -0.75555336
9.1981249 -22.84745 -0.76290679
9.8480663 -22.854645 -0.7708562
10.510586 -22.858681 -0.77931768
11.189394 -22.865211 -0.78851777
14.868613 -22.908144 -0.84595037
15.672773 -22.917192 -0.86000222
16.502148 -22.923143 -0.87490767
17.363262 -22.93187 -0.89096969
18.257128 -22.940926 -0.90817028
22.419336 -9.2692051 -0.75146168
26.648066 5.0387301 -0.84005982
23.749979 5.0869017 -0.75234729
17.737499 5.1651573 -0.57224506
16.322813 5.1834397 -0.53048921
15.099941 5.1992455 -0.49467468
13.838847 5.1416283 -0.45729658
13.065469 5.2162681 -0.43576813
12.227539 5.227097 -0.41190857
11.476211 5.2368078 -0.39074004
10.797949 5.2455726 -0.37184754
10.181913 5.2535324 -0.35489547
9.6192579 5.2608032 -0.33960983
8.5962305 5.2550998 -0.31208631
8.1919527 5.2835045 -0.3019467
7.3984179 5.2937574 -0.28179032
7.0397067 5.2983923 -0.2729167
6.3851171 5.3068504 -0.25717375
6.0850391 5.3107276 -0.25017425
5.5305467 5.3178906 -0.23765686
4.3515234 5.3331223 -0.21320739
3.6847363 5.2494125 -0.19866149
3.5060546 5.2602463 -0.19581024
2.8600488 5.3438587 -0.18774216
2.6973729 5.3459606 -0.18547577
2.3830762 5.3500195 -0.18141297
2.2308397 5.351985 -0.17960341
2.081543 5.3539124 -0.17793076
1.9349316 5.3558054 -0.17639084
0.96486324 5.36833 -0.16894852
0.8320117 5.3700438 -0.16832168
0.7000488 5.3717465 -0.16779663
0.56883788 5.3734398 -0.16737258
0.43822265 5.3751268 -0.1670462
0.17811523 5.3784838 -0.1666899
-0.08148437 5.3818336 -0.16672134
-0.34176758 5.3851914 -0.16714187
-1.1393359 5.3954821 -0.17081009
-1.258828 5.3228416 -0.16942245
-1.3956738 5.3246069 -0.1705011
-1.6720312 5.3185568 -0.17269164
-1.8147362 5.3203993 -0.17412247
-2.4552538 5.4220676 -0.18436538
-2.6156347 5.4241366 -0.18652694
-2.779912 5.4262562 -0.18885177
-2.9484375 5.4284286 -0.19134705
-3.121582 5.4306602 -0.19402419
-3.48333 5.4353247 -0.19996582
-4.0719237 5.4429159 -0.21055266
-4.2826562 5.445632 -0.21459274
-4.9682226 5.4544702 -0.22853392
-5.2174902 5.457684 -0.23387466
-5.7534862 5.464592 -0.24578735
-6.9062696 5.3950977 -0.27146241
-7.7733202 5.4900708 -0.29477829
-8.1934767 5.4954844 -0.30559403
-8.6458883 5.5013156 -0.31742629
-9.1350775 5.5076194 -0.3304103
-9.6662884 5.5144663 -0.34471267
-10.245878 5.5219359 -0.36052582
-10.88165 5.5301294 -0.37809172
-12.169287 5.4629259 -0.4131816
-13.231973 5.5605078 -0.44458419
-15.326806 5.5875025 -0.50531739
-16.60627 5.6039906 -0.54288137
-18.105381 5.6272473 -0.58728194
-19.855537 5.6497998 -0.63944679
-21.94828 5.6767673 -0.70222813
-27.470879 5.7075315 -0.86909074
0.79333985 -23.689306 -0.73419648
1.3434179 -23.297995 -0.72286195
1.8835644 -22.997358 -0.71474218
3.5235155 -22.685932 -0.71112984
4.0972753 -22.747938 -0.71596551
4.6767969 -22.798601 -0.72089994
5.838984 -22.812876 -0.7294156
6.4311132 -22.82015 -0.73439246
7.030488 -22.823446 -0.73974705
8.891367 -22.844051 -0.75930977
9.5350189 -22.851179 -0.76696193
10.862109 -22.862064 -0.78402632
11.549414 -22.868673 -0.79357749
12.254063 -22.875454 -0.80383795
12.980098 -22.886894 -0.8150053
15.284199 -22.912821 -0.85314864
16.10041 -22.919077 -0.86759365
17.824629 -22.936543 -0.89978343
28.322989 5.0170836 -0.89097446
24.642012 4.9808607 -0.7787326
18.497421 5.1553354 -0.59480256
13.502402 5.2106214 -0.44830322
11.826367 5.2322826 -0.40057784
10.469922 5.2498107 -0.36279508
9.8826952 5.2573986 -0.34674025
9.2068939 5.1865931 -0.32732421
8.7123632 5.1887269 -0.31410125
7.9745116 5.2863145 -0.29635572
7.2087107 5.2962098 -0.27707779
6.8615818 5.300693 -0.26857361
6.5349803 5.304913 -0.26072219
6.226738 5.3088975 -0.25346175
5.935039 5.3126659 -0.24673294
5.6582618 5.3162413 -0.24048889
4.9041405 5.325984 -0.22425857
4.454082 5.3317966 -0.21519774
4.2421484 5.3345337 -0.21111572
3.5879881 5.2506614 -0.19698471
3.4121873 5.2614584 -0.19424377
3.2819238 5.3384118 -0.19410644
3.1083496 5.3406529 -0.19140594
2.9394433 5.3428345 -0.18888748
2.7748241 5.3449607 -0.18654114
2.3033984 5.351047 -0.18045257
2.0048535 5.3549023 -0.17711319
1.7165136 5.3586264 -0.17429122
1.575586 5.3604441 -0.17306335
1.4365624 5.3622398 -0.17195296
0.89553708 5.3692236 -0.16860916
0.5007422 5.3743186 -0.1671904
0.37036133 5.3760023 -0.16691528
0.24033202 5.3776793 -0.16673934
0.11050781 5.3793554 -0.16666076
-0.019257812 5.3810291 -0.16667831
-0.14915039 5.3827076 -0.16679351
-0.40983397 5.3860703 -0.16731583
-0.54095703 5.3877635 -0.16772461
-0.67277342 5.3894629 -0.16823395
-1.3298925 5.3237572 -0.16997071
-1.6044726 5.3176866 -0.17204864
-2.0725 5.4171324 -0.17965698
-2.2245116 5.4190917 -0.18144882
-2.7006934 5.4252329 -0.18771727
-3.2137108 5.4318495 -0.19549407
-3.3946679 5.4341822 -0.19846709
-3.9737401 5.441649 -0.20871398
-4.3956738 5.4470897 -0.21680954
-5.096621 5.4561253 -0.23126861
-5.6201563 5.4628744 -0.24277282
-6.1999121 5.4703465 -0.25610963
-6.4980664 5.4604001 -0.26291016
-6.7414646 5.3929734 -0.26741606
-7.0919333 5.3980494 -0.27607086
-7.9883785 5.4928403 -0.3002916
-8.4248238 5.4984665 -0.3116217
-9.4061327 5.5111146 -0.33768371
-10.569531 5.5261068 -0.36944062
-11.792021 5.4581556 -0.40249252
-14.774453 5.5803843 -0.48919982
-28.625536 -8.5468502 -0.92536533
-11.554062 -8.8194313 -0.45023939
-0.05428711 -24.662758 -0.76393765
1.0809375 -23.460173 -0.72745878
2.1630664 -22.873816 -0.71168226
4.399785 -22.782557 -0.71875089
6.7429099 -22.823984 -0.73718697
8.5874414 -22.840689 -0.75585014
9.2249994 -22.847748 -0.76322693
9.8755074 -22.854948 -0.77121115
14.121894 -22.899744 -0.83336258
15.706953 -22.917578 -0.86063361
17.39994 -22.932241 -0.89166331
18.295214 -22.941309 -0.90893263
19.229921 -22.954897 -0.92756844
26.511093 5.0405016 -0.83590072
23.639999 5.0883226 -0.7490263
21.273945 5.1189013 -0.67777282
19.082069 5.0813818 -0.6116699
17.673809 5.1659803 -0.5703603
13.028535 5.2167468 -0.43471083
10.771035 5.2459202 -0.3711035
10.157383 5.25385 -0.35422409
9.5968161 5.261095 -0.33900404
8.9408197 5.1857748 -0.32015669
8.5963869 5.2671018 -0.31228271
8.1741991 5.2837338 -0.30148971
7.7649608 5.289021 -0.2910167
7.0251951 5.2985792 -0.27256134
6.689043 5.3029237 -0.26440674
6.0728321 5.310885 -0.24989197
5.7890821 5.3145509 -0.24342208
5.5194921 5.3180332 -0.23741348
5.2627931 5.3213501 -0.23182556
4.7833204 5.3275437 -0.22177581
3.1908984 5.3395872 -0.19267608
3.0198047 5.3417969 -0.19007155
2.6906641 5.3460474 -0.18538436
2.531914 5.3480968 -0.18328384
1.9288477 5.3558836 -0.17632873
1.7847363 5.3577442 -0.17492202
1.6428515 5.3595762 -0.17363739
1.364834 5.3631654 -0.17141891
1.0931739 5.366672 -0.16964629
0.82647461 5.3701148 -0.16829818
0.69456053 5.3718176 -0.16777633
0.30259764 5.3768759 -0.16681214
0.17269531 5.3785534 -0.1666864
-0.21689452 5.3835802 -0.16689117
-0.34723631 5.3852625 -0.1671553
-0.47804686 5.3869505 -0.16751586
-0.60950196 5.3886476 -0.16797729
-0.74176759 5.3903527 -0.16853973
-1.009375 5.393805 -0.16997406
-1.2645215 5.3229151 -0.16946563
-1.4014355 5.3246799 -0.17054901
-1.5374023 5.3168225 -0.17143524
-1.6779492 5.318634 -0.17274918
-2.3049414 5.4201293 -0.18243895
-2.461875 5.422153 -0.18445221
-2.622412 5.4242249 -0.18662155
-2.7868652 5.4263449 -0.18895279
-3.128916 5.4307556 -0.19414032
-3.3072753 5.4330564 -0.19701751
-3.6809278 5.4378734 -0.20340011
-4.0805759 5.443027 -0.21071593
-4.9784374 5.4546008 -0.22874969
-5.7652535 5.4647436 -0.24605514
-6.0552831 5.4684839 -0.25272825
-6.5815134 5.3909116 -0.26352262
-6.9208689 5.3952856 -0.27182099
-8.211709 5.495719 -0.30606672
-8.6655664 5.5015697 -0.31794465
-9.1563864 5.5078955 -0.33098099
-10.271259 5.5222631 -0.36122161
-12.203154 5.4633627 -0.41414368
-14.256162 5.5737062 -0.47413802
-15.376816 5.5881481 -0.50677812
-16.663984 5.6047349 -0.54458368
-18.172871 5.628119 -0.58928657
-19.935497 5.6508312 -0.64183748
-22.044687 5.678009 -0.70513028
-24.595058 5.7060375 -0.78207475
-27.471239 5.6787329 -0.86892217
-4.1852536 -27.890926 -1.5099121
-3.5124805 -27.992832 -1.5104034
-2.1587889 -28.134224 -1.5106475
1.5801758 -23.151684 -1.2423534
3.7720897 -22.704628 -1.2321974
4.9285936 -22.801338 -1.2489049
5.5091209 -22.808466 -1.2562119
6.0968747 -22.815685 -1.2643412
7.2956638 -22.825687 -1.2829226
7.9096875 -22.832483 -1.2936513
8.5344334 -22.839394 -1.3053299
9.1709566 -22.846436 -1.3179953
9.8203316 -22.853617 -1.3316712
10.482617 -22.858612 -1.3463271
11.160762 -22.865137 -1.3621738
11.855469 -22.871822 -1.3792098
5.3526564 -9.2101135 -0.5703038
5.5743551 -9.080183 -0.57042068
16.467285 -22.923412 -1.511086
18.219589 -22.941187 -1.5684158
19.14996 -22.953316 -1.6003648
23.858984 5.0851402 -1.3060266
21.453106 5.1162672 -1.1807411
15.14707 5.1984034 -0.85735428
13.853926 5.1313376 -0.79094338
13.102109 5.2155919 -0.75497878
12.260312 5.2264819 -0.71352917
10.824648 5.2450538 -0.64396501
8.2095308 5.2831359 -0.52265614
7.0540819 5.2980785 -0.47230741
6.3978906 5.3065634 -0.4450064
5.037715 5.3241515 -0.39241028
4.5768943 5.3301086 -0.37612334
4.1518946 5.3356028 -0.36194319
3.0338867 5.3415256 -0.3288739
2.3894629 5.3498511 -0.31368148
2.0877051 5.3537498 -0.30764219
1.9409667 5.3556457 -0.30497175
1.6546093 5.3593431 -0.3002826
1.514541 5.3611536 -0.29824981
1.2396191 5.3647032 -0.29477492
1.1043946 5.3664489 -0.29332092
0.70553708 5.3715978 -0.29004622
0.57430661 5.373292 -0.28930494
0.18353516 5.378336 -0.28810394
0.053759765 5.3800111 -0.28804016
-0.076035157 5.3816857 -0.28814438
-0.5984863 5.3884263 -0.29025024
-1.1336328 5.395328 -0.29515272
-1.2557031 5.3336167 -0.29334852
-1.3899024 5.3244519 -0.29460403
-1.5257324 5.3165917 -0.29611939
-1.6660937 5.3184009 -0.29837203
-1.8087012 5.3202405 -0.30083588
-1.988203 5.4159617 -0.3088707
-2.4485936 5.4218955 -0.318497
-2.6087987 5.4239612 -0.32222196
-2.7729101 5.4260778 -0.32622665
-3.1141796 5.4304748 -0.33514008
-3.2921093 5.4327683 -0.34008422
-3.6647754 5.4375706 -0.35105222
-3.8604882 5.4400926 -0.35712507
-4.4923143 5.4482336 -0.3780452
-4.9579587 5.4542308 -0.39461225
-5.2067285 5.4574351 -0.40381575
-6.0303025 5.4680433 -0.43580168
-6.3352246 5.4719701 -0.44816726
-6.5539255 5.3904333 -0.45430785
-6.8915234 5.3947802 -0.46854979
-8.1750584 5.4951048 -0.5273512
-8.6260347 5.5009117 -0.54772109
-9.1135349 5.5071888 -0.57007313
-11.551786 5.5385804 -0.68585432
-18.037529 5.6260996 -1.0115548
-19.775137 5.6484666 -1.101041
-24.357168 5.7026095 -1.3392673
-27.470537 5.736351 -1.5024115
-14.281484 -26.253901 -1.6000538
-12.028945 -26.519009 -1.5589731
-10.611777 -26.754774 -1.5409209
-9.9110546 -26.861107 -1.5328287
-9.2150679 -26.95999 -1.525339
-5.1611814 -27.636532 -1.5051564
-3.1614354 -28.043125 -1.5108531
-1.7158105 -26.765669 -1.4358925
-0.42331055 -26.832924 -1.4367269
0.20266601 -24.279732 -1.2999084
1.320664 -23.312037 -1.2500545
2.9414744 -22.683413 -1.2245654
4.0730271 -22.744717 -1.2370498
5.2301364 -22.80504 -1.2526084
5.8143358 -22.812216 -1.2603396
8.8644724 -22.843042 -1.311801
10.833867 -22.861992 -1.3544357
11.520469 -22.868599 -1.3708972
12.224355 -22.87537 -1.3885794
14.459667 -22.903193 -1.4500891
16.066093 -22.919342 -1.4984747
16.911249 -22.927914 -1.5252703
22.54541 5.1021347 -1.2375351
20.37373 5.1302319 -1.1247939
18.565605 5.1541758 -1.0315391
17.03207 5.174016 -0.95298874
14.318613 5.1160569 -0.81403488
13.54121 5.2099109 -0.77675849
11.857305 5.2316942 -0.69384629
10.495313 5.2493124 -0.62824851
8.7316799 5.1883302 -0.54376769
7.9914646 5.2859569 -0.51296097
7.5945506 5.2910886 -0.49553403
7.2235351 5.2958875 -0.47952223
6.2391405 5.3086166 -0.43856978
5.6694336 5.3159852 -0.41608015
5.4056444 5.3193946 -0.40602034
5.15416 5.3226461 -0.39666244
4.6837888 5.3287268 -0.37982008
4.4630079 5.3315806 -0.37224075
4.2507615 5.3343248 -0.36516508
3.9770117 5.245542 -0.35241666
3.4195898 5.2612729 -0.3359375
3.115459 5.3404713 -0.33100447
2.9463475 5.3426561 -0.32663816
2.7815721 5.3447862 -0.32257217
2.6207519 5.3468628 -0.31878799
2.4635742 5.3488941 -0.31527373
1.581416 5.3602891 -0.2991989
1.3049219 5.3638587 -0.29553801
0.76867187 5.3707824 -0.29046187
0.63709962 5.3724804 -0.28963852
0.50620115 5.3741713 -0.28898621
0.37579101 5.3758545 -0.28850555
0.24577148 5.377533 -0.28819412
0.11593749 5.3792076 -0.28804946
-0.14371094 5.3825583 -0.28826508
-0.66723633 5.3893127 -0.29072663
-0.93359375 5.3927479 -0.29300231
-1.459209 5.3157334 -0.29511246
-2.0661817 5.4169679 -0.31038481
-2.3731151 5.4209242 -0.31680694
-2.5315819 5.422966 -0.32040268
-3.2062109 5.4316602 -0.33767241
-3.5733104 5.4363914 -0.34828749
-3.7658789 5.4388742 -0.35416427
-3.9651756 5.4414401 -0.36045608
-4.1718063 5.4441028 -0.36719269
-4.8427243 5.4527464 -0.39042968
-5.6085544 5.4626112 -0.41914642
-5.8900681 5.4662366 -0.43020386
-7.0767088 5.3977246 -0.47648787
-7.5657711 5.4872594 -0.50036192
-8.8751068 5.5041184 -0.55910116
-9.3836813 5.5106664 -0.58259386
-9.9371777 5.5177927 -0.60851562
-10.542607 5.5255871 -0.63724065
-11.75957 5.4575486 -0.6940577
-20.808241 5.6617637 -1.154511
-28.60284 -8.5086555 -1.5976266
-18.15086 -23.654877 -1.5962695
-13.866396 -26.271868 -1.5904046
-11.657724 -26.583462 -1.5540249
-10.949277 -26.701094 -1.545019
-10.246161 -26.811127 -1.5366279
-9.5479193 -26.913521 -1.528854
-8.1647654 -27.096348 -1.5150834
-6.784873 -27.203329 -1.5009992
-4.1571875 -27.895336 -1.5099218
-3.4843359 -27.996933 -1.5104347
-2.8098145 -28.090317 -1.5113708
-2.1303613 -28.135399 -1.5105962
-0.73319334 -26.819775 -1.4363824
-0.079414062 -24.741806 -1.3246074
0.50055665 -23.932352 -1.2815455
1.602666 -23.137793 -1.2416954
2.6808789 -22.730721 -1.225366
3.7961719 -22.707836 -1.2325801
4.3755274 -22.780355 -1.2418839
5.5335546 -22.808767 -1.2565304
6.121582 -22.81599 -1.2646974
7.3211327 -22.825972 -1.2833487
7.9356055 -22.832767 -1.2941194
9.1978121 -22.846733 -1.3185487
10.510683 -22.858881 -1.3469644
11.189472 -22.865414 -1.3628632
11.884844 -22.872107 -1.3799496
15.672539 -22.91683 -1.4863671
16.502577 -22.923769 -1.5122064
18.257656 -22.941574 -1.5697209
19.189648 -22.953798 -1.6017481
22.377968 -9.2521152 -1.2964091
26.646132 5.038363 -1.4518319
23.748398 5.0865684 -1.3002529
19.090664 5.0630369 -1.0573945
17.736641 5.1648998 -0.98900455
16.32209 5.1832018 -0.91683716
13.064981 5.2160716 -0.75314182
10.797598 5.2454038 -0.64266998
9.6189642 5.2606492 -0.58695233
8.9608984 5.1853638 -0.55426896
7.7813087 5.2886744 -0.50369793
7.0395508 5.2982664 -0.4716908
6.3849802 5.3067307 -0.44448119
5.8005466 5.3142881 -0.42116743
4.7927928 5.3273168 -0.38364196
4.5676951 5.3302283 -0.37580657
3.8751464 5.2468576 -0.34920883
3.5060058 5.2601547 -0.33842972
3.3529296 5.3033628 -0.33590513
3.1980956 5.3394032 -0.33320633
1.9349023 5.3557224 -0.30486479
1.7907031 5.3575854 -0.30242294
1.6487108 5.3594198 -0.30019394
1.5087304 5.361228 -0.29816926
1.370537 5.3630114 -0.29634324
1.2339453 5.3647766 -0.29470992
0.96484375 5.3682508 -0.29200149
0.83199215 5.3699646 -0.29091874
-0.47255859 5.3868017 -0.28949708
-0.60399413 5.3884974 -0.29028654
-0.73623043 5.3902025 -0.29125121
-0.86941403 5.3919201 -0.29239136
-1.1393164 5.3954029 -0.29521972
-1.2588086 5.3227611 -0.29282194
-1.3956543 5.3245249 -0.29468536
-1.8147167 5.3203173 -0.30094329
-1.9944335 5.4160414 -0.30899033
-2.2984178 5.419961 -0.31517655
-2.6155956 5.4240489 -0.32238358
-2.7798631 5.426167 -0.32639998
-2.9483886 5.4283385 -0.33071366
-3.1215332 5.4305701 -0.33533967
-3.4832714 5.4352317 -0.34561065
-3.6728125 5.4376745 -0.35129806
-4.0718555 5.4428163 -0.36390731
-4.7298727 5.4512925 -0.38638487
-5.7533593 5.4644761 -0.42480361
-6.0427051 5.4682031 -0.43630019
-6.3483396 5.4721384 -0.44870499
-6.567627 5.3906102 -0.45488113
-8.1932716 5.4953394 -0.52816695
-9.1348143 5.507462 -0.57105607
-9.6660061 5.5143003 -0.59577316
-10.881289 5.5299473 -0.65346318
-11.582568 5.5389771 -0.68735051
-12.168847 5.462728 -0.71410912
-13.231464 5.5602942 -0.76837552
-14.211787 5.5729127 -0.81725866
-15.326161 5.5872593 -0.8733353
-16.605469 5.6037269 -0.93825847
-18.104424 5.6269627 -1.0149895
-19.854483 5.6494884 -1.1051402
-27.470917 5.7075415 -1.502115
-18.387051 -23.397793 -1.59315
-14.249648 -26.258373 -1.5994482
-13.439521 -26.257065 -1.5791613
-12.716143 -26.394789 -1.5685319
-11.999091 -26.524242 -1.5585709
-9.881855 -26.865379 -1.5325042
-7.7947264 -27.09621 -1.5094786
-6.4224901 -27.201542 -1.4963297
-5.1339941 -27.645376 -1.5053482
-3.1332226 -28.047066 -1.510896
-2.4562891 -28.118881 -1.5111309
-0.39626953 -26.833963 -1.4367622
0.2268457 -24.249401 -1.2982947
2.4199414 -22.77809 -1.2263315
2.9642088 -22.679281 -1.2245048
3.5235155 -22.685938 -1.2290977
4.6767187 -22.798244 -1.2459638
5.254375 -22.805336 -1.2529166
7.030293 -22.822754 -1.2785184
7.6399217 -22.829496 -1.2888448
8.2598438 -22.836355 -1.3001019
8.8910933 -22.84334 -1.312333
10.862206 -22.862265 -1.3551006
11.549512 -22.868879 -1.3716093
12.254179 -22.875662 -1.3893433
5.3785353 -8.9720984 -0.56003493
16.947285 -22.92828 -1.5264328
17.825155 -22.937187 -1.5551999
18.737265 -22.94644 -1.5860286
14.021543 -9.0359974 -0.89304441
28.320801 5.0166955 -1.5398151
24.640312 4.9805188 -1.3458393
22.446014 5.1034203 -1.2323599
20.291582 5.1312962 -1.1205428
18.496485 5.1550694 -1.0279865
16.973066 5.1747789 -0.94997764
15.663808 5.1917176 -0.88345397
12.616738 5.2218714 -0.73102921
11.114199 5.2413087 -0.65786415
9.8824024 5.2572422 -0.59927839
9.2066402 5.1864438 -0.56571877
8.7121286 5.1885815 -0.54287398
8.3991013 5.2806835 -0.53114957
7.9742966 5.2861776 -0.51220137
6.5348239 5.3047934 -0.45061645
6.2266212 5.3087792 -0.43806547
5.9349022 5.312551 -0.4264369
5.6581445 5.3161302 -0.41564497
5.3948827 5.3195333 -0.40561539
4.9040427 5.3258786 -0.3875958
4.6743751 5.3288488 -0.37949234
4.4539843 5.3316989 -0.37193495
3.4121289 5.2613697 -0.33572203
3.1083007 5.3405638 -0.33081558
2.9393945 5.3427463 -0.32646239
2.774785 5.3448744 -0.32240799
2.4570606 5.3489795 -0.31513244
2.3033593 5.3509631 -0.31188491
2.152705 5.35291 -0.30888137
2.0048242 5.3548203 -0.30611175
1.5755664 5.3603625 -0.29911453
1.436543 5.3621593 -0.29719374
1.2991992 5.3639331 -0.29546934
1.0288769 5.3674231 -0.29258376
0.8955273 5.3691454 -0.29141495
0.63162106 5.3725524 -0.2896077
0.5007422 5.3742404 -0.28896224
0.24033202 5.3776026 -0.28818449
0.11051758 5.3792772 -0.28804731
-0.019257812 5.3809519 -0.28807861
-0.14915039 5.382628 -0.28827712
-0.2792871 5.3843088 -0.28864348
-0.80545896 5.3910961 -0.29182264
-1.2105469 5.3963208 -0.29607832
-1.4649999 5.3158078 -0.29519865
-1.7460449 5.3194323 -0.29973051
-1.8900098 5.3212876 -0.3023181
-2.0724707 5.417047 -0.31050918
-2.7006445 5.4251437 -0.32443953
-3.2136621 5.4317565 -0.33788115
-3.5812402 5.4364953 -0.34852463
-3.7740819 5.4389791 -0.35441864
-4.6193357 5.4498682 -0.38247406
-4.8526754 5.4528761 -0.39078841
-5.0965233 5.4560156 -0.39970991
-5.3519335 5.4593053 -0.40929154
-5.9021583 5.4663925 -0.43068388
-6.1997752 5.4702258 -0.44264281
-6.498076 5.4604101 -0.45440185
-6.7412987 5.3928466 -0.46218139
-7.0917578 5.3979173 -0.47714156
-8.4245996 5.4983177 -0.53858566
-10.56918 5.5259299 -0.63851082
-11.237754 5.5345359 -0.67063826
-12.801982 5.5547657 -0.74711442
-13.727001 5.5666723 -0.79302794
-15.969667 5.595542 -0.90592927
-17.093456 5.5301514 -0.96183175
-18.978857 5.6382165 -1.0599612
-26.036835 5.7242298 -1.4272201
-28.566757 -8.5292969 -1.5960908
-19.966074 -8.6958046 -1.1659023
-13.830235 -26.267551 -1.5892957
-13.061846 -26.329857 -1.5735394
-11.627997 -26.588511 -1.5536381
-10.919795 -26.705864 -1.5446548
-2.9432323 -9.0085344 -0.50734633
-7.4084764 -27.027367 -1.5003338
-6.7575974 -27.210903 -1.5010382
-5.4484081 -27.560122 -1.5040423
-4.1291013 -27.899715 -1.5099339
-2.1019139 -28.136591 -1.5105438
-1.3524511 -26.787865 -1.4359676
-0.70617187 -26.82098 -1.4364097
-0.05428711 -24.662655 -1.3203664
2.7036035 -22.726591 -1.2252911
3.8202147 -22.711039 -1.2329609
4.3997655 -22.78256 -1.2422526
4.9768748 -22.801928 -1.2494849
6.1463475 -22.816294 -1.2650591
7.346621 -22.826252 -1.2837819
7.9614649 -22.833055 -1.2945905
8.5871677 -22.839977 -1.3063498
12.628613 -22.879263 -1.3990916
5.3521094 -9.1665993 -0.56827635
5.6121092 -9.100421 -0.57240319
14.901484 -22.908159 -1.4630753
17.40041 -22.932878 -1.5411689
18.295742 -22.941963 -1.5710266
19.229414 -22.954281 -1.6031348
22.377598 -9.2255659 -1.2958484
26.509159 5.0401354 -1.4446422
23.638437 5.0879917 -1.2945142
21.272715 5.1186008 -1.1713777
17.672949 5.1657262 -0.98574394
15.051797 5.199636 -0.85255176
11.446113 5.2370138 -0.6738832
10.770683 5.2457504 -0.64138222
9.5965424 5.2609396 -0.58590454
8.9405661 5.1856284 -0.5533334
6.6888866 5.3028016 -0.45698196
6.3720899 5.3068991 -0.44395736
6.0726953 5.3107691 -0.43189758
5.7889647 5.3144383 -0.42071548
5.2626953 5.3212423 -0.40067306
5.0176368 5.3244104 -0.39168257
4.1348243 5.335824 -0.3613916
3.4984179 5.2602525 -0.33821106
3.3530858 5.315465 -0.33645904
3.1908495 5.3394971 -0.33301178
3.0197558 5.3417077 -0.32850981
2.8531444 5.3438597 -0.32431501
2.690625 5.3459606 -0.32040894
2.5318749 5.3480124 -0.31677857
2.3766015 5.3500171 -0.31341049
1.6428223 5.3594956 -0.30010498
1.5029199 5.3613038 -0.2980893
1.2282715 5.3648496 -0.29464614
0.82646483 5.3700366 -0.29087678
0.69454098 5.3717394 -0.28997755
0.43276367 5.3751197 -0.28869581
0.30259764 5.3767991 -0.28830901
0.17269531 5.3784752 -0.28809157
0.042900391 5.3801498 -0.28804305
-0.086894527 5.381825 -0.28816053
-0.21689452 5.383502 -0.28844649
-0.74175781 5.3902745 -0.29129517
-0.875 5.3919935 -0.29244325
-1.0093554 5.3937254 -0.29377303
-1.1450293 5.3954759 -0.29528746
-1.2645019 5.3228345 -0.29289475
-1.4014159 5.3245993 -0.29476744
-1.5373731 5.3167405 -0.29629973
-2.1512694 5.4180636 -0.3120912
-2.4618359 5.4220667 -0.31879744
-3.1288574 5.4306641 -0.33554137
-3.6808593 5.437777 -0.35154402
-4.0804977 5.4429274 -0.36418945
-4.7396383 5.451417 -0.38673231
-5.2280664 5.4577112 -0.40461516
-5.489902 5.4610825 -0.41456252
-6.3615036 5.4723096 -0.44924361
-6.5813475 5.3907871 -0.45545423
-6.9207129 5.3951559 -0.46979231
-7.3973436 5.4850903 -0.49302214
-7.7900877 5.490149 -0.51022208
-9.1561232 5.5077353 -0.57204163
-9.6891699 5.5145993 -0.59685743
-10.270937 5.5220909 -0.62430614
-10.909208 5.5303063 -0.65480375
-11.613447 5.5393739 -0.688851
-12.202715 5.4631629 -0.71577287
-13.270087 5.560791 -0.77029347
-15.376132 5.5879025 -0.875862
-18.171953 5.6278305 -1.0184556
-24.593359 5.7056494 -1.3516208
-0.63793945 -22.505381 -1.7145396
0.43102539 -21.652985 -1.6492631
1.9900292 -21.506277 -1.644762
3.5399609 -21.307245 -1.6448512
5.6275001 -21.059214 -1.6599935
6.176621 -21.063446 -1.6715859
6.7337499 -21.067568 -1.6843137
7.8753319 -21.075459 -1.7133484
9.669961 -21.086454 -1.7665946
11.365918 -20.690088 -1.7976996
5.334414 -9.1787205 -0.80845875
13.307129 -19.500153 -1.7978163
13.773808 -19.173857 -1.7978445
14.23248 -18.836334 -1.7978724
14.68291 -18.487892 -1.7978998
15.557832 -17.758802 -1.7979535
16.801796 -16.588169 -1.7980305
17.957911 -15.330573 -1.798103
18.322754 -14.893193 -1.798126
18.676874 -14.447072 -1.7981485
19.020077 -13.99259 -1.7981704
19.352285 -13.529939 -1.7981918
19.982714 -12.581238 -1.7982327
18.822617 -10.619227 -1.6457772
19.073418 -10.162245 -1.6457939
20.158417 -7.7939401 -1.6458682
20.34078 -7.3055377 -1.6458812
22.584883 -6.9014463 -1.7984109
22.744902 -6.3547454 -1.7984229
22.891699 -5.8043509 -1.7984343
23.251797 -4.1341138 -1.7984636
23.542343 -1.8749065 -1.7984921
23.580742 -1.306535 -1.7984973
23.605469 -0.73740417 -1.7985018
23.613651 0.40182251 -1.7985083
23.522831 2.108089 -1.7985122
23.465136 2.6748357 -1.798512
22.818573 3.1603425 -1.7542889
21.332245 3.4807909 -1.645995
21.24205 3.9942877 -1.6459925
16.376268 5.1822519 -1.3080554
15.146425 5.1981797 -1.2194822
13.101621 5.2153916 -1.0738688
11.505312 5.2360654 -0.96262944
10.205917 5.2528906 -0.87411213
9.6412497 5.2602015 -0.83637619
8.9810934 5.1849537 -0.78972954
7.7976756 5.2883263 -0.71749526
6.716074 5.3023252 -0.65162879
6.3977342 5.3064451 -0.63298178
6.0969725 5.310338 -0.61571914
5.8119922 5.3140259 -0.59971559
5.5413084 5.3175278 -0.58485061
4.8023243 5.3270898 -0.54618073
4.5768161 5.3300085 -0.53500319
4.3602343 5.3328085 -0.52457142
3.5135448 5.2599669 -0.48170349
3.2053125 5.33922 -0.47423691
3.033828 5.3414378 -0.46779585
2.8668456 5.343596 -0.46179304
2.7040038 5.3457007 -0.45620435
2.5449708 5.3477564 -0.45100874
2.3894238 5.3497667 -0.44618681
2.2370801 5.351737 -0.44172013
1.9409374 5.3555627 -0.43379623
1.7966504 5.3574281 -0.43031111
1.5145215 5.3610716 -0.42423615
1.37625 5.3628573 -0.4216269
1.2395996 5.3646226 -0.4192929
1.104375 5.3663683 -0.41722518
0.97041011 5.3681006 -0.41541779
0.8375293 5.3698144 -0.41386688
0.70552731 5.3715196 -0.41256666
0.57429689 5.3732138 -0.41151229
0.31345701 5.3765807 -0.41013321
0.18353516 5.3782578 -0.40980393
0.053759765 5.3799314 -0.40971375
-0.076035157 5.3816061 -0.4098613
-0.20601562 5.3832836 -0.4102487
-0.5984863 5.3883471 -0.4128572
-0.86380857 5.3917699 -0.41582993
-1.5257031 5.3165112 -0.42120451
-1.6660644 5.3183188 -0.42440963
-2.2919042 5.4197912 -0.44811493
-2.4485545 5.4218116 -0.45303434
-2.6087694 5.4238729 -0.45833281
-2.772871 5.4259887 -0.46403
-2.9411914 5.4281554 -0.47014707
-3.114121 5.4303818 -0.47670835
-3.2920506 5.4326758 -0.48374084
-3.8604198 5.4399948 -0.50797838
-4.0631542 5.4426036 -0.51722485
-4.2735157 5.4453135 -0.5271278
-5.2066307 5.457324 -0.57439017
-6.0301757 5.4679236 -0.61988813
-6.3350878 5.4718466 -0.63747543
-6.8913574 5.3946533 -0.66647065
-7.7559958 5.4895716 -0.72361398
-8.1748533 5.4949584 -0.75010526
-8.6258001 5.5007606 -0.77907711
-9.6425581 5.5138378 -0.845882
-10.219961 5.5212646 -0.88459134
-10.853145 5.529408 -0.92757964
-12.134697 5.4620948 -1.0133953
-15.275908 5.5863743 -1.2386501
-20.220566 5.7756553 -1.60144
-21.014589 4.9199862 -1.6435946
-21.227119 3.9007971 -1.6435772
-23.203671 3.6878295 -1.7892047
-23.372362 3.1387317 -1.7958511
-23.53787 1.4406469 -1.7958326
-23.565693 0.87250853 -1.7958281
-23.579853 0.3038556 -1.7958243
-23.499374 -1.9691867 -1.7958168
-23.295536 -3.6630762 -1.7958192
-23.200399 -4.2238874 -1.7958217
-23.091806 -4.7822227 -1.7958249
-22.834463 -5.8903012 -1.7958337
-21.865116 -6.7803726 -1.7433145
-20.453827 -6.887733 -1.6435636
-20.281845 -7.3790951 -1.6435708
-19.902588 -8.3486567 -1.6435874
-19.695576 -8.8263369 -1.6435964
-19.477051 -9.2988653 -1.6436064
-19.00622 -10.227439 -1.6436282
-20.491846 -11.672836 -1.7959361
-19.591015 -13.121726 -1.7956413
-17.374512 -15.70229 -1.7834015
-16.981855 -16.108381 -1.7824742
-16.580029 -16.504967 -1.7815701
-16.169102 -16.891687 -1.7806903
-15.749394 -17.268461 -1.7798345
-14.44002 -18.337057 -1.7774177
-13.987597 -18.672041 -1.7766637
-12.104502 -19.901115 -1.7738447
-11.616806 -20.179962 -1.7732038
-11.122783 -20.447216 -1.7725911
-10.62291 -20.702734 -1.7720068
-9.6062984 -21.177999 -1.7709249
-9.0901461 -21.397518 -1.7704278
-8.0435057 -21.799826 -1.7695228
-6.442246 -22.310062 -1.7683915
-5.9011912 -22.454947 -1.7680752
-4.8099704 -22.706434 -1.7675351
-4.2558494 -22.788757 -1.7654313
-3.699707 -22.852306 -1.7629294
-2.587666 -22.953543 -1.7590513
-2.0316992 -22.99123 -1.7576699
-1.4775195 -23.048365 -1.7588038
-0.90984374 -22.793024 -1.7371374
0.18200195 -21.803026 -1.6604218
1.7413379 -21.52767 -1.6447477
2.2600975 -21.479774 -1.6447775
2.7775781 -21.419384 -1.6448072
3.8074024 -21.261322 -1.6448667
4.3191991 -21.163656 -1.6448964
5.3680272 -21.061205 -1.6551489
6.4657812 -21.065605 -1.678072
8.1793165 -21.07744 -1.7217307
9.9933596 -21.088266 -1.7771274
11.125977 -20.819906 -1.7976851
11.625078 -20.545839 -1.7977151
13.55123 -19.3316 -1.7978311
14.013769 -18.999434 -1.7978592
14.91416 -18.302097 -1.797914
15.351484 -17.937294 -1.7979407
16.199081 -17.176603 -1.7979932
17.779491 -15.536963 -1.7980917
18.149277 -15.103843 -1.798115
18.856972 -14.211365 -1.7981601
19.52084 -13.285793 -1.7982026
14.013359 -9.0507307 -1.2704654
20.139296 -12.32923 -1.7982429
18.954609 -10.381937 -1.6457859
19.199648 -9.9218187 -1.6458023
19.65621 -8.9845791 -1.6458333
19.867382 -8.5079517 -1.6458478
20.254824 -7.5400949 -1.6458751
21.119375 -7.2869363 -1.7013438
22.669863 -6.6171603 -1.7984173
22.96287 -5.5162706 -1.7984397
23.089375 -4.9608459 -1.79845
23.460312 -2.7134812 -1.7984829
23.59535 -1.0101581 -1.7984997
23.616699 0.12891234 -1.7985071
23.606718 0.6984973 -1.7985095
23.583086 1.2676789 -1.7985111
23.545605 1.8360999 -1.7985121
23.494492 2.4034722 -1.7985122
23.429667 2.9694512 -1.7985115
21.371016 3.2340117 -1.6459959
21.081171 4.7707129 -1.6459875
17.03125 5.173768 -1.3555036
15.714121 5.1908274 -1.260277
14.317988 5.1158457 -1.1578622
11.142148 5.2407675 -0.93767858
10.49498 5.2491465 -0.8936128
9.2275972 5.1860166 -0.8060813
8.7314253 5.1881857 -0.77345508
7.99125 5.28582 -0.72963697
7.5943551 5.290957 -0.70484847
7.2233396 5.2957602 -0.68207359
6.875371 5.3002634 -0.66109747
6.5479684 5.304503 -0.64173496
5.94666 5.312284 -0.6072337
5.6693163 5.3158727 -0.59183669
4.6837111 5.3286252 -0.54026091
4.4629297 5.3314819 -0.52947897
4.2506833 5.3342261 -0.51941627
3.9769335 5.2454467 -0.50128359
3.7830174 5.2479553 -0.49265656
3.4195311 5.2611814 -0.47784179
3.2891796 5.3381357 -0.47748488
2.9462988 5.3425684 -0.46461561
2.7815235 5.3446994 -0.45883179
2.620703 5.3467774 -0.4534494
2.1588964 5.3527465 -0.43953001
1.7223828 5.358386 -0.42861557
1.5813867 5.3602076 -0.42558515
1.4422852 5.3620043 -0.42284209
1.0344532 5.3672729 -0.41625199
0.90106446 5.3689942 -0.41457838
0.50619137 5.3740931 -0.41105986
0.37579101 5.3757763 -0.41037536
0.24576171 5.3774548 -0.40993208
0.11593749 5.3791294 -0.40972745
-0.27383789 5.3841586 -0.41054502
-0.40436521 5.3858433 -0.41129792
-0.79988277 5.3909459 -0.41502592
-0.93358397 5.3926697 -0.41677108
-1.2047949 5.3961668 -0.42104644
-1.3241308 5.323524 -0.41775054
-1.4591894 5.3156528 -0.41977295
-1.7400488 5.3192735 -0.42619643
-2.2180371 5.4188404 -0.4458873
-2.3730762 5.420836 -0.45063141
-2.8599999 5.4271092 -0.46716246
-3.0306737 5.4293089 -0.47350782
-3.3868651 5.4338965 -0.48760101
-3.573252 5.4362974 -0.4954077
-4.1717286 5.4440026 -0.52229822
-4.3863478 5.4467664 -0.53256196
-4.6097069 5.4496412 -0.54355925
-5.6084375 5.4624963 -0.5961979
-5.8899317 5.4661179 -0.61192435
-7.9704199 5.4923291 -0.7371217
-8.8748627 5.5039635 -0.79526329
-9.3833981 5.5105042 -0.82867903
-9.9368744 5.5176244 -0.86555105
-11.208066 5.5339732 -0.95189452
-12.765215 5.5540905 -1.0601332
-15.915576 5.5945992 -1.284716
-18.904892 5.6369786 -1.5022981
-20.825869 5.6665211 -1.6436094
-20.956337 5.1625319 -1.6435994
-21.074638 4.6555443 -1.6435899
-21.180733 4.1458583 -1.6435812
-23.409922 2.8448224 -1.7958474
-23.574785 0.5763092 -1.795826
-23.581766 0.007555542 -1.7958226
-23.575087 -0.56121641 -1.79582
-23.472792 -2.2642772 -1.7958167
-23.411327 -2.8297598 -1.795817
-23.145546 -4.5150633 -1.7958233
-22.603163 -6.7238927 -1.7958424
-20.365723 -7.1441875 -1.6435673
-19.997753 -8.1180916 -1.6435831
-19.796181 -8.5980854 -1.643592
-19.358759 -9.5428772 -1.6436119
-20.050165 -12.41674 -1.7959571
-19.742676 -12.895305 -1.7957591
-19.423243 -13.365885 -1.7955132
-18.398466 -14.729201 -1.7947778
-18.002451 -15.138891 -1.7912518
-17.559248 -15.504405 -1.7838539
-17.171124 -15.915014 -1.7829155
-16.773672 -16.316179 -1.7820002
-16.36709 -16.707615 -1.7811089
-15.527392 -17.460724 -1.7793986
-15.094785 -17.821938 -1.7785808
-14.205312 -18.512875 -1.7770218
-13.748925 -18.842258 -1.7762812
-12.813906 -19.467665 -1.7748441
-12.335878 -19.763466 -1.7741618
-11.85122 -20.047794 -1.7735075
-11.360195 -20.320621 -1.7728812
-10.862803 -20.581734 -1.7722833
-10.360234 -20.831123 -1.7717139
-9.8517675 -21.068485 -1.7711735
-7.7680759 -21.896503 -1.7693068
-2.951787 -9.0039854 -0.7215727
-6.1608496 -22.387123 -1.7682229
-5.6182423 -22.525381 -1.7679226
-5.072412 -22.650888 -1.7676531
-4.5216308 -22.751719 -1.7664914
-2.8540332 -22.932417 -1.7598442
-0.61461914 -22.482138 -1.7127223
-0.070566408 -21.988756 -1.6745173
0.97228515 -21.575474 -1.6447037
2.0116992 -21.504257 -1.6447634
3.0465136 -21.38303 -1.6448228
3.5614452 -21.303696 -1.6448524
5.1099219 -21.062822 -1.6505232
5.6502538 -21.059391 -1.6604543
6.199707 -21.063623 -1.6720935
6.7572265 -21.067736 -1.6848727
7.8996091 -21.075615 -1.714009
8.4863281 -21.07939 -1.7304608
9.0847073 -21.083052 -1.7482461
10.320703 -21.090044 -1.7880652
5.3341794 -9.1570511 -0.80702263
14.251484 -18.822001 -1.7978735
16.818535 -16.57127 -1.7980316
17.598614 -15.741352 -1.7980802
17.973379 -15.312463 -1.7981039
18.337734 -14.874713 -1.7981269
19.03418 -13.973408 -1.7981714
19.365917 -13.51042 -1.7981927
19.995371 -12.561066 -1.7982335
20.292753 -12.075263 -1.7982529
19.083652 -10.142994 -1.6457945
19.550938 -9.2110977 -1.6458261
19.767597 -8.7369442 -1.6458409
19.972754 -8.257679 -1.6458552
20.16625 -7.7736063 -1.6458688
20.354179 -7.2872043 -1.6463778
22.011406 -7.2865777 -1.7656928
22.751268 -6.3318472 -1.7984234
22.897596 -5.7813025 -1.7984347
23.149921 -4.6703753 -1.7984549
23.348476 -3.5485802 -1.7984723
23.427362 -2.9844005 -1.7984797
23.492617 -2.4184852 -1.7984865
23.582031 -1.2827417 -1.7984976
23.606211 -0.7135852 -1.798502
23.616621 -0.14401001 -1.7985055
23.613222 0.42565733 -1.7985084
23.596113 0.99507201 -1.7985106
23.520721 2.1317968 -1.7985122
23.462421 2.6984808 -1.798512
21.328671 3.5022974 -1.6459948
21.019569 5.0351758 -1.6459855
19.089628 5.0627637 -1.5039896
13.064472 5.2158737 -1.071256
10.797246 5.2452331 -0.91413021
10.181289 5.2532091 -0.87245518
7.7810936 5.2885413 -0.716461
7.0393748 5.298142 -0.67093533
6.3848438 5.3066125 -0.63223308
5.8004293 5.3141761 -0.59907246
5.0275779 5.3241758 -0.55765027
3.8750877 5.2467651 -0.49671492
3.5059276 5.260066 -0.48138946
3.3529198 5.3033543 -0.47780806
3.1980371 5.3393126 -0.4739581
2.5383983 5.3478417 -0.4507997
2.382998 5.3498497 -0.44599304
2.2307715 5.3518176 -0.44154158
1.934873 5.3556409 -0.43364409
1.7906835 5.3575048 -0.43017226
1.6486914 5.3593369 -0.42700058
1.3705175 5.3629322 -0.42152327
1.2339257 5.364696 -0.41920105
0.83198237 5.3698864 -0.41380736
0.70002925 5.3715906 -0.4125174
0.56882811 5.3732834 -0.41147369
0.43821287 5.3749704 -0.41067335
0.30802733 5.3766503 -0.41011444
0.17810546 5.3783274 -0.40979552
0.048320312 5.3800025 -0.40971482
-0.08148437 5.3816786 -0.40987289
-0.73622066 5.3901258 -0.41428024
-1.0036914 5.3935742 -0.4177835
-1.2587891 5.3226819 -0.41651413
-1.5315233 5.316587 -0.42133284
-1.6719824 5.3183961 -0.42454955
-2.2983789 5.4198742 -0.44831282
-2.4551854 5.4218955 -0.45324814
-2.6155467 5.4239612 -0.45856306
-3.1214745 5.4304771 -0.47699279
-3.2995996 5.4327722 -0.48404571
-3.8687596 5.4401026 -0.50835222
-4.0717773 5.4427161 -0.51762551
-4.2824903 5.4454298 -0.52755654
-4.5015526 5.4482493 -0.53819412
-4.729785 5.4511876 -0.54959685
-4.9680271 5.4542551 -0.561827
-5.4785838 5.460825 -0.58906531
-6.0425782 5.4680834 -0.62059629
-6.3481932 5.4720154 -0.63823926
-6.5674706 5.3904843 -0.64702368
-7.7729392 5.4897885 -0.72467756
-8.6454096 5.5010118 -0.78034782
-9.134551 5.5073047 -0.81226838
-9.6657028 5.5141358 -0.84742522
-10.245214 5.5215902 -0.88629615
-10.880938 5.5297656 -0.92947912
-16.604687 5.6034617 -1.3345535
-20.253593 5.7630272 -1.6036142
-20.895351 5.404397 -1.643604
-21.019522 4.8988085 -1.6435943
-21.131435 4.3903761 -1.6435852
-21.231064 3.8793981 -1.6435767
-23.44376 2.5504339 -1.795844
-23.566162 -0.85738796 -1.7958189
-23.538603 -1.4255373 -1.7958174
-23.497393 -1.9928628 -1.7958168
-23.44248 -2.5590346 -1.7958168
-23.291826 -3.686523 -1.7958194
-22.964424 -5.3609595 -1.7958292
-22.679306 -6.4622216 -1.7958393
-20.446903 -6.9083533 -1.643564
-20.274405 -7.3995309 -1.6435711
-20.090117 -7.8864255 -1.643579
-19.89414 -8.3687258 -1.6435876
-19.467705 -9.3185225 -1.6436068
-19.237392 -9.7853661 -1.6436174
-18.995928 -10.246594 -1.6436286
-20.480097 -11.693475 -1.7959366
-20.192236 -12.184145 -1.7959503
-19.89168 -12.667102 -1.795877
-11.690625 -8.6934175 -1.1094453
-18.56871 -14.516569 -1.7948948
-17.358271 -15.719439 -1.7833623
-16.965223 -16.125162 -1.7824359
-16.563026 -16.521284 -1.781533
-15.731669 -17.284 -1.7797993
-14.421249 -18.351269 -1.7773857
-13.968495 -18.685835 -1.7766327
-13.040498 -19.321899 -1.7751806
-12.084268 -19.913021 -1.7738174
-11.596289 -20.191351 -1.7731777
-11.102012 -20.458113 -1.7725662
-8.5472651 -21.613211 -1.7699416
-8.0214748 -21.80773 -1.7695051
-7.4914942 -21.989815 -1.7690989
-6.9574804 -22.159409 -1.7687231
-4.7870703 -22.711157 -1.767525
-4.2326169 -22.791573 -1.7653198
-3.6764746 -22.85479 -1.7628324
-3.1204102 -22.909321 -1.7607231
-2.0084765 -22.992598 -1.7576199
-1.4545116 -23.053646 -1.7590932
0.20383789 -21.788593 -1.6593386
1.2433008 -21.561777 -1.6447194
1.7630371 -21.525904 -1.6447492
3.8288281 -21.257475 -1.644868
4.3405271 -21.159332 -1.6448976
5.3905859 -21.061054 -1.6555641
6.4890819 -21.065781 -1.678607
7.6223631 -21.073772 -1.7065792
8.2038479 -21.077597 -1.7224199
8.7965431 -21.081312 -1.7395579
10.019472 -21.088408 -1.7779881
11.645761 -20.534115 -1.7977164
12.62291 -19.949266 -1.7977749
15.369551 -17.92182 -1.797942
16.625761 -16.76438 -1.7980195
17.025585 -16.358753 -1.7980444
17.795116 -15.51904 -1.7980926
18.164532 -15.085532 -1.798116
18.5233 -14.64321 -1.7981387
19.208399 -13.733285 -1.7981825
14.02043 -9.0352802 -1.2702005
20.442949 -11.819423 -1.798263
19.209667 -9.9024849 -1.645803
19.443125 -9.4363585 -1.6458187
20.075058 -8.0061159 -1.6458623
21.188496 -7.2869091 -1.7063218
23.094355 -4.9375691 -1.7984502
23.305859 -3.8181431 -1.7984682
23.463026 -2.6898422 -1.7984833
23.52121 -2.1231554 -1.7984897
23.565664 -1.5552231 -1.7984952
23.596367 -0.98637265 -1.7984998
23.613338 -0.41695678 -1.798504
23.616524 0.1527124 -1.7985072
23.606035 0.72228515 -1.7985096
23.581778 1.2914453 -1.7985113
23.543749 1.8598486 -1.7985121
23.492069 2.4271722 -1.7985122
21.36791 3.2555468 -1.6459957
21.282988 3.7699835 -1.6459937
21.185839 4.2822156 -1.6459908
21.076347 4.791954 -1.6459874
18.495527 5.1548047 -1.4621694
12.616289 5.2216773 -1.0398066
10.469277 5.2494812 -0.89187467
8.711875 5.1884384 -0.77217901
8.3988667 5.2805433 -0.75550765
6.5347071 5.3046741 -0.64095837
6.2264843 5.3086634 -0.62310708
4.9039645 5.3257751 -0.55131865
4.6743164 5.3287473 -0.53979516
4.242002 5.3343396 -0.51901007
3.9687011 5.245554 -0.50091213
3.4120703 5.2612791 -0.47753736
3.2818162 5.3382311 -0.47719696
3.1082518 5.3404737 -0.47055724
2.9393456 5.3426585 -0.46436584
2.7747362 5.3447876 -0.45859832
2.6140625 5.3468637 -0.45323348
2.4570215 5.3488941 -0.44824982
2.3033202 5.3508801 -0.44363052
1.716455 5.3584628 -0.4284828
1.4365137 5.3620801 -0.42273331
1.2991894 5.3638535 -0.4202809
1.1633594 5.3656068 -0.41809675
0.63161129 5.3724732 -0.4119429
0.50073242 5.3741636 -0.41102675
0.11050781 5.3792005 -0.40972397
-0.019257812 5.3808751 -0.40976745
-0.14915039 5.3825498 -0.41004974
-0.40982422 5.3859143 -0.41133437
-0.54093748 5.3876061 -0.41234052
-0.67273438 5.3893051 -0.41359192
-0.80543941 5.391017 -0.41509354
-1.0741503 5.3944821 -0.4188661
-1.2105175 5.3962388 -0.42114761
-1.3298535 5.3235984 -0.41786116
-1.4649707 5.3157272 -0.41989577
-1.7460155 5.3193502 -0.42634216
-1.8899707 5.3212047 -0.43002197
-2.2244432 5.4189219 -0.4460777
-2.7006054 5.4250584 -0.46148786
-3.0379198 5.4294028 -0.47378203
-3.2136035 5.4316649 -0.48060608
-3.5811815 5.436399 -0.49574569
-3.9736035 5.4414511 -0.51310354
-4.1805177 5.4441147 -0.52271307
-4.3954978 5.4468832 -0.53300589
-4.6192479 5.4497643 -0.54403502
-5.3518262 5.4591942 -0.58217901
-5.6199121 5.4626427 -0.59683239
-6.1996384 5.4701037 -0.62961757
-7.0915918 5.3977857 -0.67868489
-7.9879684 5.4925547 -0.73823154
-8.424365 5.4981689 -0.76608092
-8.8952932 5.5042257 -0.79659635
-9.9610939 5.5179358 -0.86717367
-10.568838 5.5257521 -0.90821391
-13.726464 5.5664501 -1.127991
-15.968935 5.5952868 -1.2885685
-18.977852 5.6379161 -1.5076448
-23.337988 3.3851194 -1.7958544
-23.412754 2.8212261 -1.7958472
-23.473896 2.255692 -1.7958407
-23.521397 1.68885 -1.7958349
-23.555264 1.1210357 -1.79583
-23.575331 0.5525555 -1.7958257
-23.581766 -0.016226197 -1.7958224
-23.57452 -0.58500427 -1.7958198
-23.553555 -1.1534408 -1.795818
-23.518837 -1.7211987 -1.7958169
-23.408485 -2.8533435 -1.7958173
-23.33287 -3.4171264 -1.7958184
-22.895302 -5.6491027 -1.7958314
-22.752451 -6.1997027 -1.7958366
-22.596348 -6.7466836 -1.7958425
-20.358496 -7.164732 -1.6435676
-20.179913 -7.6536827 -1.6435751
-19.787519 -8.6180267 -1.6435924
-19.574013 -9.0928555 -1.6436019
-20.613789 -11.455998 -1.7959303
-20.331621 -11.949951 -1.7959437
-20.037617 -12.436951 -1.7959578
-19.078573 -13.847739 -1.7952572
-11.518106 -8.791997 -1.1034715
-17.984335 -15.154635 -1.7909703
-13.265508 -19.173626 -1.7755235
-12.794091 -19.480236 -1.7748148
-12.315771 -19.77556 -1.7741339
-11.83085 -20.059462 -1.7734807
-10.842246 -20.592464 -1.7722588
-9.3165236 -21.30299 -1.7706416
-8.7975779 -21.515654 -1.7701613
-8.2738771 -21.716078 -1.7697103
-7.7459373 -21.904097 -1.7692899
-6.6777635 -22.242714 -1.7685394
-6.1382227 -22.393181 -1.7682097
-4.498486 -22.755087 -1.7664019
-3.9429295 -22.825565 -1.7639779
-2.8308008 -22.934328 -1.7597722
-2.2748241 -22.975809 -1.7582307
-1.1672949 -23.120579 -1.762942
-0.048378903 -21.971079 -1.6731654
0.4742285 -21.629835 -1.6475723
1.5141015 -21.544662 -1.6447347
2.0333691 -21.502253 -1.6447645
3.5828905 -21.300097 -1.6448538
4.095664 -21.207846 -1.6448834
6.2229099 -21.063799 -1.6726059
6.7807226 -21.067905 -1.6854304
9.1099997 -21.083202 -1.7490196
9.7216406 -21.086748 -1.7682599
10.347129 -21.090185 -1.7889608
10.905624 -20.935909 -1.797672
11.407676 -20.667192 -1.797702
14.270449 -18.807634 -1.7978747
15.161308 -18.098125 -1.7979292
15.593633 -17.72743 -1.7979558
16.835253 -16.554274 -1.7980325
17.229902 -16.143629 -1.7980572
17.614471 -15.723604 -1.7980813
17.988848 -15.294371 -1.7981048
18.352734 -14.856252 -1.7981279
18.705976 -14.409455 -1.7981503
19.048281 -13.954235 -1.7981722
19.699511 -13.019691 -1.7982142
20.304882 -12.054811 -1.7982538
18.843945 -10.581228 -1.6457787
19.093885 -10.123771 -1.6457952
19.560234 -9.1913843 -1.6458267
19.776405 -8.7170143 -1.6458415
20.418926 -7.2871823 -1.6510211
22.085995 -7.2865472 -1.771084
22.598711 -6.8558884 -1.798412
22.757675 -6.308867 -1.7984239
22.903378 -5.758173 -1.7984352
23.260117 -4.087244 -1.7984643
23.35203 -3.5250561 -1.7984725
23.606934 -0.68980163 -1.7985022
23.616718 -0.12021362 -1.7985057
23.595078 1.0188025 -1.7985106
22.536171 3.1675518 -1.7330667
21.325176 3.5237889 -1.6459948
21.130352 4.5480881 -1.6459892
21.014433 5.0563965 -1.6459854
19.082012 5.081367 -1.5037898
16.266699 5.1836705 -1.300137
12.193671 5.2271509 -1.0103056
11.445723 5.2368369 -0.95852566
10.770351 5.2455821 -0.91229934
10.156757 5.2535276 -0.87080848
9.5962496 5.2607846 -0.83338964
8.5963669 5.2670884 -0.76774544
7.382617 5.2936988 -0.69180137
7.0248828 5.2983298 -0.6700623
5.5192771 5.3178148 -0.58365709
5.0175586 5.3243065 -0.55713356
4.5583982 5.330245 -0.53410333
4.3425193 5.3330393 -0.52373093
4.1347461 5.3357263 -0.51404953
3.4983494 5.2601633 -0.48107451
3.353076 5.3154502 -0.47859177
3.1908007 5.3394079 -0.47368133
3.019707 5.3416185 -0.46727753
2.8530955 5.3437729 -0.46131086
2.6905761 5.3458753 -0.455755
2.3765721 5.3499327 -0.44579956
1.5028906 5.3612218 -0.42400742
1.2282519 5.364769 -0.4191092
1.0931445 5.3665147 -0.41706467
0.95926756 5.3682432 -0.41527846
0.82645506 5.369957 -0.413748
0.69454098 5.3716612 -0.41246933
0.17269531 5.3783984 -0.40978774
0.042900391 5.3800721 -0.40971619
-0.086894527 5.3817477 -0.40988448
-0.21688476 5.3834238 -0.41029188
-0.60949218 5.3884897 -0.41296095
-1.0093457 5.3936472 -0.41786727
-1.1450098 5.3953953 -0.42002058
-1.4013964 5.3245201 -0.41928282
-1.8206934 5.3203125 -0.42821974
-2.1512401 5.4179797 -0.4439241
-2.3048632 5.4199586 -0.44851211
-2.4617968 5.4219809 -0.45346174
-2.9554784 5.4283409 -0.47067779
-3.1288085 5.4305725 -0.47727844
-3.307168 5.4328709 -0.48435074
-3.4910059 5.4352379 -0.49192733
-3.87708 5.4402099 -0.50872642
-4.9782324 5.4543858 -0.5623588
-5.2279782 5.4576001 -0.57552797
-5.4897947 5.4609704 -0.58967721
-5.7650094 5.4645114 -0.60490173
-6.920537 5.3950281 -0.66823304
-8.2112598 5.4954271 -0.7524274
-8.6650972 5.5012655 -0.78162301
-10.270615 5.5219164 -0.88801008
-11.613047 5.5391808 -0.97981524
-12.202255 5.4629636 -1.0181092
-14.25499 5.573247 -1.1655738
-16.662401 5.6042027 -1.3387365
-18.171034 5.6275425 -1.4486196
-20.765224 5.8859839 -1.6436315
-20.900751 5.3833203 -1.6436037
-21.024384 4.8776159 -1.6435939
-23.297342 3.6545947 -1.7958581
-23.378632 3.0915985 -1.7958505
-23.446299 2.5268059 -1.7958436
-23.50036 1.9605517 -1.7958375
-23.495361 -2.0165367 -1.7958167
-23.3708 -3.1472664 -1.7958177
-23.288105 -3.7100451 -1.7958195
-22.822567 -5.9363132 -1.7958341
-21.721279 -6.7837753 -1.7329324
-20.082178 -7.9066601 -1.6435794
-19.885723 -8.3887672 -1.6435879
-19.227489 -9.8047972 -1.6436179
-2.6714356 -17.802608 -1.7794284
-2.2411132 -17.860687 -1.7793139
-1.3864844 -18.069067 -1.7913194
-0.95309567 -18.151184 -1.7966539
-0.51512694 -18.172764 -1.7970374
0.36182615 -18.176937 -1.7970872
0.80015624 -18.163219 -1.7971122
1.2380469 -18.138845 -1.7971373
1.675205 -18.103968 -1.7971623
2.9798827 -17.936226 -1.7972374
3.8415136 -17.772146 -1.7972872
4.2690821 -17.674574 -1.797312
5.5360546 -17.320347 -1.7973859
5.9522653 -17.182037 -1.7974104
7.9768553 -16.342152 -1.7975301
5.3162107 -9.1474247 -1.0458035
9.8857422 -15.264641 -1.7976443
10.251172 -15.021973 -1.7976663
10.610624 -14.770532 -1.7976881
10.963906 -14.510486 -1.7977096
11.651191 -13.965184 -1.7977515
11.984804 -13.680278 -1.797772
12.311406 -13.387379 -1.7977922
12.630839 -13.086672 -1.797812
12.942949 -12.778352 -1.7978314
13.833379 -11.809476 -1.7978871
12.917421 -10.49964 -1.645442
13.167089 -10.185122 -1.6454579
14.08752 -8.8695936 -1.6455172
14.2975 -8.5273085 -1.6455309
14.499141 -8.1800537 -1.6455444
14.692305 -7.8280015 -1.6455572
14.876972 -7.4714355 -1.6455696
16.292891 -7.2208037 -1.761573
16.803476 -6.9671912 -1.7980818
16.966738 -6.5599232 -1.7980932
17.263575 -5.7341561 -1.7981145
17.396933 -5.3161268 -1.7981243
17.633204 -4.4710302 -1.7981423
17.828457 -3.6155078 -1.7981579
18.043457 -2.3170311 -1.7981771
18.18289 -0.56800783 -1.7981944
18.189178 0.3095172 -1.7981994
18.153124 1.1863239 -1.798202
18.074785 2.0603795 -1.7982022
18.019844 2.4957263 -1.7982014
17.954374 2.9296257 -1.7982
16.194883 3.8622112 -1.6457049
16.096992 4.2516785 -1.6457014
15.989707 4.6386828 -1.6456972
15.873164 5.0229759 -1.6456927
11.504922 5.2358861 -1.2494526
10.823945 5.2447119 -1.1888939
8.9808397 5.1848059 -1.0250418
8.2091017 5.2828574 -0.96494573
7.7974606 5.2881918 -0.93128693
7.4133787 5.2931676 -0.90040231
7.05375 5.2978258 -0.87199235
6.3975778 5.3063254 -0.82159305
6.0968356 5.3102221 -0.7991882
5.8118749 5.3139148 -0.77841431
5.2834764 5.3207579 -0.74118638
4.3601561 5.3327098 -0.68088138
4.1517482 5.3354077 -0.66824299
2.7039549 5.345614 -0.59214485
2.5449317 5.3476706 -0.58540076
2.3893847 5.3496823 -0.5791409
1.7966211 5.3573461 -0.55853581
1.5145019 5.360991 -0.55065149
1.2395898 5.3645434 -0.54423517
1.1043652 5.3662877 -0.54155064
0.83750975 5.3697362 -0.53719181
0.44365233 5.3748217 -0.53308457
-0.20601562 5.3832068 -0.53249544
-0.3363086 5.3848863 -0.5333094
-0.59847653 5.3882675 -0.53588158
-0.73066407 5.3899741 -0.53764856
-0.8637988 5.3916893 -0.53974122
-1.6660448 5.3182383 -0.55087614
-1.8086425 5.3200755 -0.555426
-2.1385057 5.4177279 -0.57572865
-2.2918651 5.4197044 -0.58164513
-2.7728221 5.4258986 -0.60230196
-3.292002 5.4325829 -0.62788641
-3.4753711 5.4349427 -0.63766503
-3.6646385 5.4373779 -0.64813584
-3.8603418 5.4398961 -0.65934569
-4.4921384 5.4480262 -0.69796878
-4.7199707 5.4509568 -0.71272671
-4.9577732 5.4540148 -0.72855306
-5.4673047 5.4605675 -0.7638002
-6.3349314 5.4717221 -0.82742614
-6.5536227 5.3901815 -0.83875781
-6.891201 5.3945227 -0.86505723
-8.1746283 5.494813 -0.97361118
-8.625556 5.5006065 -1.0112176
-9.1130075 5.5068712 -1.0524828
-10.219639 5.5210924 -1.1481661
-10.852774 5.5292258 -1.2039607
-11.551005 5.538197 -1.26623
-12.134238 5.4618955 -1.3153387
-13.191982 5.55937 -1.4150426
-15.752363 5.3334656 -1.6438961
-15.876328 4.9519615 -1.643887
-15.991045 4.5675621 -1.6438785
-16.096483 4.1805248 -1.6438704
-16.192568 3.7910528 -1.6438628
-18.137022 1.1100916 -1.7961379
-18.169706 -0.20416321 -1.7961291
-18.159502 -0.64236391 -1.7961274
-18.1387 -1.0801572 -1.7961262
-18.107363 -1.5173516 -1.7961258
-18.065489 -1.9536459 -1.7961258
-18.013124 -2.3887973 -1.7961264
-17.950264 -2.8225679 -1.7961278
-17.793301 -3.6849284 -1.796132
-17.699326 -4.1130338 -1.7961351
-17.59499 -4.5387301 -1.7961388
-17.355722 -5.381999 -1.7961478
-17.220917 -5.7990618 -1.7961534
-17.076075 -6.2127466 -1.7961593
-15.007841 -7.1651487 -1.6438719
-14.64499 -7.8806109 -1.6438887
-14.450742 -8.2316189 -1.6438978
-13.590839 -9.5857029 -1.6439395
-14.033271 -11.503187 -1.7936134
-13.451006 -12.156406 -1.7921177
-13.148574 -12.472265 -1.7913961
-12.838867 -12.780745 -1.7906927
-11.867939 -13.660317 -1.7886944
-11.530957 -13.937719 -1.7880669
-10.121543 -14.964357 -1.7857577
-9.7548046 -15.199675 -1.7852321
-9.0054293 -15.64373 -1.7842426
-8.2362499 -16.05143 -1.7833086
-7.8447752 -16.241451 -1.7828753
-7.4490333 -16.422153 -1.7824645
-7.0492673 -16.59342 -1.7820767
-6.238369 -16.907349 -1.7813704
-5.827744 -17.049873 -1.7810521
-4.1556735 -17.521786 -1.7800163
-3.7314258 -17.61495 -1.7798173
-3.3051367 -17.698088 -1.7796425
-2.8770897 -17.77117 -1.7794919
-2.016494 -17.88694 -1.7792639
-1.590166 -17.994852 -1.7856632
-1.1617676 -18.122702 -1.7950459
-0.2867578 -18.177912 -1.7970502
0.15175781 -18.179796 -1.7970753
0.59021485 -18.17111 -1.7971002
1.0283301 -18.151833 -1.7971252
1.4658593 -18.121986 -1.7971503
1.902539 -18.081602 -1.7971753
3.2050292 -17.897501 -1.7972503
4.4908595 -17.619652 -1.7973249
4.9146094 -17.506435 -1.7973497
5.3354688 -17.383083 -1.7973742
5.7532616 -17.249542 -1.7973987
6.1677732 -17.105991 -1.797423
6.5785937 -16.952482 -1.7974472
7.3886523 -16.615963 -1.7974951
9.7086325 -15.377773 -1.7976336
10.795449 -14.636137 -1.7976995
11.14541 -14.371654 -1.7977206
11.488945 -14.098833 -1.7977417
11.82582 -13.81778 -1.7977623
12.794335 -12.927007 -1.7978221
13.403164 -12.295246 -1.79786
12.794883 -10.64816 -1.6454343
13.531972 -9.6954832 -1.6454812
13.984062 -9.0317879 -1.6455106
14.403554 -8.3470192 -1.645538
14.60082 -7.997252 -1.6455511
14.969727 -7.283927 -1.6455759
15.801113 -7.2224655 -1.7173121
16.721796 -7.160892 -1.7980762
16.889746 -6.7555485 -1.7980878
17.04789 -6.3462706 -1.798099
17.196074 -5.9332614 -1.7981097
17.334238 -5.5168042 -1.7981198
17.462383 -5.0971379 -1.7981292
17.580351 -4.6744981 -1.7981383
17.872519 -3.3912244 -1.7981616
17.9492 -2.9591641 -1.7981683
18.015371 -2.525383 -1.7981744
18.071133 -2.0901535 -1.7981799
18.116346 -1.653685 -1.7981848
18.175077 -0.77810729 -1.7981927
18.188593 -0.33950928 -1.798196
18.183847 0.53804016 -1.7982004
18.165625 0.97647214 -1.7982016
18.097422 1.8513538 -1.7982023
18.04748 2.2873156 -1.7982019
17.916132 3.1549687 -1.7981989
16.238476 3.6747937 -1.6457064
15.930156 4.839221 -1.645695
13.540156 5.2095032 -1.4340419
12.65084 5.2210302 -1.3527998
11.141777 5.240593 -1.2170706
9.2273245 5.1858664 -1.0462637
8.4170895 5.2801609 -0.98215574
7.2231641 5.2956309 -0.88531178
6.5478125 5.3043809 -0.83295339
6.2388673 5.3083825 -0.80970979
5.669199 5.3157616 -0.76818973
5.4053907 5.3191772 -0.74961782
5.1539645 5.3224325 -0.73234069
4.913672 5.3255444 -0.71624643
4.6836133 5.3285227 -0.7012468
4.2506056 5.3341284 -0.6741904
3.9768553 5.2453527 -0.65065324
3.5955076 5.250288 -0.62900001
3.1153514 5.3402939 -0.61112297
2.7814844 5.3446116 -0.59555459
2.6206641 5.3466907 -0.58856946
2.3096483 5.3507142 -0.57606566
1.8654687 5.3564548 -0.56065363
1.7223632 5.3583055 -0.55633521
1.5813671 5.360127 -0.55240333
1.304873 5.3636999 -0.54564321
1.1689941 5.3654542 -0.54279417
1.0344336 5.3671923 -0.54028755
0.90104491 5.368916 -0.53811592
0.76864254 5.370626 -0.53627336
0.37579101 5.3756971 -0.53266174
-0.40435547 5.3857641 -0.53385788
-0.9335742 5.3925891 -0.54096234
-1.2047753 5.3960838 -0.54651207
-1.4591699 5.3155723 -0.5448578
-1.7400292 5.3191919 -0.55319655
-1.8838769 5.3210449 -0.55795377
-2.0661132 5.4167981 -0.57305413
-2.217998 5.4187536 -0.57875305
-2.5314941 5.4227905 -0.59154916
-2.6936913 5.42488 -0.59869236
-2.859951 5.4270201 -0.60636818
-3.2061033 5.4314771 -0.62343419
-3.9650292 5.4412436 -0.66549522
-5.6083102 5.462379 -0.77384955
-5.8898144 5.4659996 -0.7942636
-6.7268653 5.3924093 -0.852193
-7.0763574 5.3974595 -0.87970984
-7.9702148 5.4921861 -0.95675939
-8.4052534 5.4977784 -0.99277294
-9.3831244 5.5103416 -1.0755944
-11.207676 5.5337863 -1.2355189
-12.764736 5.5538807 -1.3760065
-13.68499 5.5657029 -1.4603072
-15.552695 5.8922033 -1.643962
-16.047138 4.3662791 -1.6438742
-16.443428 3.6324816 -1.664569
-17.832832 3.4905603 -1.796168
-18.038349 2.1920538 -1.7961494
-18.14953 0.88210267 -1.7961361
-18.165449 0.44407347 -1.7961329
-18.149971 -0.87046844 -1.7961267
-18.123682 -1.307987 -1.7961259
-17.98168 -2.6149282 -1.796127
-17.834717 -3.4790716 -1.7961308
-17.536552 -4.7594585 -1.7961409
-17.416758 -5.1810651 -1.7961454
-17.286747 -5.599638 -1.7961507
-16.996708 -6.4268274 -1.7961627
-15.789658 -6.857933 -1.7016139
-15.0896 -6.9912024 -1.6438682
-14.544844 -8.0640306 -1.6438934
-14.139238 -8.756197 -1.6439128
-13.923985 -9.0947189 -1.6439233
-13.700664 -9.4279795 -1.6439341
-13.469414 -9.7557402 -1.6439456
-14.168202 -11.342566 -1.7939819
-13.593232 -12.002507 -1.7924696
-13.294384 -12.321851 -1.7917396
-12.988154 -12.633884 -1.7910275
-12.674736 -12.938446 -1.7903336
-12.354326 -13.235415 -1.7896583
-11.693222 -13.805825 -1.7883651
-9.9311714 -15.088035 -1.7854812
-9.5616112 -15.318758 -1.7849667
-8.8069239 -15.753423 -1.7839909
-8.4221973 -15.957092 -1.7835244
-8.0328712 -16.151577 -1.7830802
-7.6391602 -16.33674 -1.7826587
-6.8394723 -16.678873 -1.7818838
-6.4339161 -16.835642 -1.781531
-2.951582 -9.0033407 -0.93653351
-4.778955 -17.365696 -1.7803547
-3.5096288 -17.659492 -1.7797232
-3.0824022 -17.737408 -1.7795609
-2.6534863 -17.805227 -1.779423
-2.2231054 -17.862904 -1.7793096
-1.7915429 -17.910412 -1.7792207
-1.3685644 -18.074207 -1.7916925
-0.058349609 -18.180206 -1.7970632
0.38015625 -18.176607 -1.7970883
0.81847656 -18.162373 -1.7971133
1.2563379 -18.137606 -1.7971383
2.1295996 -18.05644 -1.7971884
4.2869139 -17.670263 -1.7973131
4.7119141 -17.561958 -1.7973378
5.1341796 -17.443436 -1.7973624
5.5535154 -17.314775 -1.797387
5.9696093 -17.176035 -1.7974114
6.3822265 -17.027273 -1.7974358
7.1961327 -16.700148 -1.7974837
7.9933004 -16.334114 -1.7975309
8.3850393 -16.136772 -1.7975543
8.7719336 -15.930038 -1.7975774
5.5617185 -9.039115 -1.0490717
9.9011326 -15.254667 -1.7976452
10.266309 -15.011636 -1.7976671
11.325234 -14.230586 -1.7977316
12.955839 -12.765328 -1.7978321
13.260077 -12.44926 -1.7978511
12.928046 -10.486613 -1.6454427
13.177343 -10.171848 -1.6454585
13.418984 -9.851161 -1.6454741
13.878672 -9.1927338 -1.6455036
14.507363 -8.1654139 -1.6455449
14.700195 -7.8131742 -1.6455576
14.884472 -7.4564109 -1.64557
16.336952 -7.2206535 -1.7655512
17.126328 -6.1315646 -1.7981046
17.525097 -4.8773694 -1.798134
17.740059 -4.0265808 -1.7981508
17.832109 -3.5975313 -1.7981582
17.913788 -3.1663988 -1.7981652
18.04578 -2.2988415 -1.7981772
18.095995 -1.8629229 -1.7981825
18.135723 -1.4259188 -1.798187
18.164864 -0.98807371 -1.7981911
18.183456 -0.54966122 -1.7981945
18.191465 -0.11092651 -1.7981973
18.188828 0.32787719 -1.7981994
18.175684 0.76648986 -1.7982011
18.151934 1.2046167 -1.798202
17.098633 3.233042 -1.7200911
16.279882 3.4868724 -1.6457076
16.190977 3.8785124 -1.6457047
15.985039 4.6547861 -1.6456971
15.868086 5.0389695 -1.6456926
15.741836 5.4201989 -1.6456835
13.838789 5.1416025 -1.4592794
13.063984 5.2156763 -1.3904409
12.22625 5.2265344 -1.3143166
10.180957 5.253047 -1.1324143
9.6183987 5.2603369 -1.0836451
8.5961914 5.2550755 -0.99590236
5.8003125 5.3140635 -0.77758002
5.2729883 5.3208933 -0.74046475
5.0274611 5.3240724 -0.72381711
4.7926168 5.3271132 -0.70830315
3.684541 5.2491355 -0.63392103
3.5058692 5.2599745 -0.62483495
3.35291 5.3033347 -0.62019289
3.1979883 5.3392234 -0.6151886
3.0267088 5.3414402 -0.6068536
2.6972461 5.3457007 -0.59185255
2.2307422 5.3517323 -0.57311201
2.081455 5.3536644 -0.56777573
1.5086817 5.3610654 -0.55050313
1.3704883 5.3628516 -0.54713142
1.2339063 5.3646154 -0.54411584
1.0987402 5.3663621 -0.54144639
0.9648242 5.3680921 -0.53911483
0.83196288 5.3698072 -0.53711534
0.56881833 5.3732042 -0.53408623
0.048320312 5.3799243 -0.53180349
-0.08147461 5.3815989 -0.53200865
-0.3417578 5.3849573 -0.53335059
-0.60397458 5.3883395 -0.53594869
-0.73621094 5.3900452 -0.53772902
-1.0036817 5.3934946 -0.54227597
-1.1392871 5.3952417 -0.54505616
-1.5315039 5.316505 -0.54688263
-1.8146582 5.3201523 -0.55562371
-1.994375 5.4158726 -0.57047927
-2.2983496 5.4197874 -0.5819025
-2.6154981 5.423872 -0.59520668
-2.7797754 5.4259872 -0.60262257
-3.4831445 5.4350424 -0.63808829
-3.8686817 5.4400034 -0.65983093
-4.2824121 5.4453268 -0.68475735
-4.5014648 5.4481459 -0.69856513
-5.7531152 5.464242 -0.78429306
-7.3811326 5.4846144 -0.90896797
-7.7727246 5.4896469 -0.94060719
-9.1342964 5.5071445 -1.0542973
-10.244922 5.5214157 -1.1503797
-11.581767 5.5385923 -1.2689886
-13.23043 5.5598631 -1.4185643
-15.624961 5.6961522 -1.6439053
-15.757705 5.3175988 -1.6438956
-16.100674 4.1642919 -1.64387
-16.196396 3.7747314 -1.6438626
-17.453115 3.626148 -1.7620234
-17.875263 3.266223 -1.7961644
-17.948778 2.8341064 -1.796158
-18.011845 2.4003594 -1.796152
-18.106552 1.5289373 -1.796142
-18.138124 1.0917736 -1.7961378
-18.16958 0.21578002 -1.7961314
-18.169493 -0.22247314 -1.7961291
-18.137587 -1.0984423 -1.7961262
-18.105839 -1.5355947 -1.7961258
-18.010702 -2.4069574 -1.7961265
-17.789589 -3.702857 -1.7961322
-17.695166 -4.1308603 -1.7961352
-17.59042 -4.5564651 -1.7961389
-17.350283 -5.3994827 -1.7961481
-17.069824 -6.2299523 -1.7961596
-16.914648 -6.639884 -1.7961662
-15.000606 -7.1802831 -1.6438721
-14.823134 -7.5399923 -1.6438804
-14.637041 -7.8953843 -1.6438891
-14.442451 -8.2461758 -1.6438982
-14.239404 -8.5921688 -1.643908
-14.028134 -8.9331617 -1.6439182
-13.808672 -9.2689819 -1.6439288
-12.825781 -12.793469 -1.7906637
-11.853974 -13.672063 -1.7886679
-11.516728 -13.949124 -1.788041
-11.173154 -14.218011 -1.7874341
-10.106328 -14.974371 -1.7857352
-9.7393456 -15.20931 -1.7852107
-9.3670216 -15.435438 -1.7847072
-8.9895697 -15.652634 -1.7842222
-8.6070995 -15.860646 -1.7837451
-8.2199802 -16.059546 -1.7832903
-7.4323926 -16.429491 -1.7824479
-7.0324512 -16.600391 -1.782061
-6.6286716 -16.761749 -1.781697
-4.5600781 -17.423155 -1.7802296
-3.2872949 -17.701347 -1.7796358
-1.9984277 -17.888914 -1.7792602
-1.5725781 -18.002279 -1.7862415
-1.1435937 -18.125692 -1.7952249
-0.70679688 -18.16618 -1.7970265
-0.2684375 -18.178213 -1.7970513
0.60851562 -18.170506 -1.7971013
1.0466309 -18.150805 -1.7971263
1.4841309 -18.120522 -1.7971513
1.9208007 -18.079716 -1.7971764
3.2230566 -17.894264 -1.7972513
4.5086131 -17.615133 -1.797326
4.9322267 -17.501476 -1.7973508
5.7706637 -17.243759 -1.7973998
6.1849804 -17.099785 -1.7974241
7.8039451 -16.425289 -1.7975197
8.9714451 -15.81866 -1.7975894
9.7241402 -15.367999 -1.7976346
10.09209 -15.129173 -1.7976567
10.45416 -14.881541 -1.7976786
10.810195 -14.62524 -1.7977003
11.503202 -14.087238 -1.7977426
11.839766 -13.805879 -1.7977632
12.169414 -13.51644 -1.7977835
13.115273 -12.601599 -1.797842
13.771406 -9.3524837 -1.6454966
14.797246 -7.6279092 -1.6455642
14.977051 -7.2688336 -1.6455762
15.843046 -7.2223253 -1.7210797
16.896582 -6.7385044 -1.7980883
17.585058 -4.6567717 -1.7981385
17.692343 -4.2312927 -1.798147
17.875957 -3.3731906 -1.7981619
17.952208 -2.9410653 -1.7981687
18.017929 -2.5072131 -1.7981747
18.073223 -2.0719461 -1.7981801
18.175859 -0.75978392 -1.7981929
18.188946 -0.3211737 -1.7981961
18.164648 0.99477595 -1.7982016
18.045135 2.3055224 -1.7982019
17.984297 2.7400517 -1.7982006
17.912949 3.173023 -1.7981989
16.319258 3.2985113 -1.6457089
16.234785 3.691159 -1.6457063
16.140957 4.0816483 -1.645703
16.037773 4.4697604 -1.6456991
14.273516 5.1161985 -1.4987866
13.50082 5.210012 -1.4304327
11.113477 5.2409592 -1.2145543
9.8817968 5.2569237 -1.1063966
7.5781641 5.2910328 -0.91358548
7.2081833 5.295825 -0.88412941
6.8611131 5.3003221 -0.85699469
6.5345507 5.304553 -0.83194691
6.2263279 5.3085461 -0.80877769
5.6579099 5.315907 -0.7673859
5.1437106 5.322566 -0.73164493
4.9038672 5.3256712 -0.71559936
4.4538279 5.3314977 -0.68668813
4.2419238 5.3342404 -0.67366338
3.7750096 5.2479649 -0.63900679
3.5878026 5.2503867 -0.6285798
2.9392967 5.3425708 -0.6027388
2.7746973 5.3446994 -0.59525204
2.4569824 5.3488083 -0.58181989
2.1526368 5.3527427 -0.57027876
1.8594433 5.3565331 -0.56046498
1.5755175 5.3602023 -0.55224675
1.4364941 5.3619981 -0.54870164
1.1633399 5.3655272 -0.54268301
0.89549804 5.3689866 -0.53803265
0.63160157 5.3723936 -0.53469545
0.11050781 5.3791208 -0.53181541
-0.14915039 5.382472 -0.53223741
-0.40981445 5.3858337 -0.53390545
-0.54092771 5.3875265 -0.53521061
-0.67273438 5.389226 -0.53683639
-0.93917966 5.3926611 -0.5410645
-1.0741405 5.3944016 -0.54368073
-1.2105078 5.3961582 -0.54664338
-1.329834 5.3235178 -0.54237705
-1.6044042 5.3174438 -0.54900968
-1.745996 5.3192687 -0.55338705
-1.8899413 5.3211231 -0.55816132
-2.2244043 5.4188352 -0.57900107
-2.5381932 5.4228773 -0.59183776
-2.7005565 5.4249692 -0.59900272
-3.0378711 5.4293113 -0.61496162
-3.3944824 5.4338999 -0.63330621
-3.7739453 5.4387851 -0.6543498
-4.3954296 5.4467797 -0.69183046
-5.0963182 5.4557958 -0.73796558
-5.6198044 5.4625278 -0.77467382
-6.4980955 5.4604306 -0.83897954
-6.7409863 5.3925924 -0.85329193
-7.0914159 5.3976536 -0.88091314
-9.4053125 5.5106287 -1.0775007
-9.9607811 5.517766 -1.12556
-11.236992 5.5341625 -1.2381343
-15.558535 5.8765001 -1.6439536
-15.823232 5.119154 -1.643891
-15.942021 4.7360058 -1.6438822
-17.836357 3.4725647 -1.7961677
-17.914854 3.0413818 -1.7961611
-18.040537 2.1738775 -1.7961493
-18.087685 1.7381152 -1.7961442
-18.1504 0.86381221 -1.796136
-18.165253 -0.45076478 -1.796128
-18.149101 -0.8887735 -1.7961267
-18.085108 -1.7629465 -1.7961257
-18.037323 -2.1986325 -1.796126
-17.910332 -3.0659304 -1.7961286
-17.831181 -3.4970334 -1.7961309
-17.741669 -3.9261065 -1.7961336
-17.531776 -4.7771435 -1.796141
-17.281084 -5.6170812 -1.7961509
-17.140663 -6.0322886 -1.7961565
-16.78001 -6.8315516 -1.7908407
-15.748701 -6.8590207 -1.6979451
-14.909238 -7.368185 -1.6438764
-14.727256 -7.7256823 -1.6438849
-14.337714 -8.4270258 -1.6439033
-14.130381 -8.7704554 -1.6439133
-13.45957 -9.769309 -1.6439461
-14.156504 -11.356633 -1.7939496
-13.580908 -12.015989 -1.7924387
-13.281728 -12.335032 -1.7917095
-12.661455 -12.951025 -1.790305
-12.013242 -13.536491 -1.788975
-10.991738 -14.354777 -1.7871259
-10.280175 -14.858727 -1.7859941
-9.5460548 -15.328222 -1.7849456
-9.1710348 -15.549709 -1.7844535
-8.7909174 -15.76212 -1.783971
-8.4059963 -15.965408 -1.7835053
-8.0164938 -16.159502 -1.7830621
-4.340488 -17.477896 -1.7801108
-3.4918163 -17.662958 -1.779716
-3.0645213 -17.740454 -1.7795547
-2.6355274 -17.807831 -1.7794179
-1.7734863 -17.912182 -1.7792175
-0.91655272 -18.154226 -1.7967709
0.83681637 -18.161552 -1.7971143
1.7117089 -18.100554 -1.7971644
2.1477928 -18.054285 -1.7971895
2.5826659 -17.997471 -1.7972145
3.4476562 -17.852499 -1.7972643
3.8773534 -17.764381 -1.7972893
4.3047266 -17.665932 -1.7973142
5.1517968 -17.43829 -1.7973635
7.2129297 -16.692886 -1.7974848
5.3158202 -9.1044273 -1.0421113
5.5805664 -9.0492964 -1.050907
9.916543 -15.244707 -1.7976462
10.993144 -14.488358 -1.7977113
11.33957 -14.219167 -1.7977325
11.679375 -13.941687 -1.7977532
12.338379 -13.362538 -1.7977939
12.657246 -13.061194 -1.7978135
12.96873 -12.752252 -1.797833
12.938633 -10.473585 -1.6454434
13.428886 -9.8376265 -1.6454747
13.662382 -9.5109625 -1.6454896
13.88791 -9.1787424 -1.6455042
14.10541 -8.8411751 -1.6455184
14.314648 -8.4984589 -1.6455321
14.515605 -8.1507835 -1.6455455
14.708086 -7.7983608 -1.6455582
15.373164 -7.2238779 -1.6789923
17.132481 -6.1143064 -1.7981051
17.275097 -5.6993375 -1.7981154
17.407637 -5.2810392 -1.7981251
17.744141 -4.0086942 -1.798151
17.835741 -3.5795648 -1.7981585
18.048105 -2.2806587 -1.7981776
18.097891 -1.8446804 -1.7981826
18.137148 -1.4076366 -1.7981873
18.16584 -0.96977109 -1.7981912
18.188515 0.34620544 -1.7981995
18.174921 0.7847656 -1.7982011
18.115917 1.6603374 -1.7982025
18.014765 2.5320506 -1.7982012
17.948418 2.9658191 -1.7981999
16.276348 3.5033073 -1.6457076
15.980312 4.6709266 -1.645697
15.863027 5.0549574 -1.6456923
13.839004 5.1575608 -1.4598492
13.02705 5.2161546 -1.3870682
10.77 5.2454114 -1.1841267
8.9400587 5.1853342 -1.0215788
7.0247068 5.298203 -0.86972219
6.6885934 5.3025575 -0.84369916
5.7887106 5.3142138 -0.77674645
5.2624803 5.3210287 -0.73974347
5.0174413 5.3242002 -0.72314686
4.55832 5.3301454 -0.69325423
4.1346679 5.3356299 -0.66722608
3.6767089 5.2492356 -0.63348615
3.498291 5.2600718 -0.62442356
3.3530664 5.3154359 -0.62121147
3.190742 5.3393173 -0.61482835
3.0196581 5.3415318 -0.60651779
2.8530469 5.3436866 -0.59877151
2.690537 5.345787 -0.59156132
2.5317969 5.3478417 -0.58485967
2.376533 5.3498473 -0.57863915
2.224453 5.3518138 -0.57288086
2.0752733 5.3537436 -0.56756234
1.9287597 5.3556371 -0.56266576
1.784668 5.3575001 -0.55817586
1.6427734 5.3593321 -0.55407637
1.2282324 5.3646898 -0.54399711
0.95924801 5.3681641 -0.53902477
0.042900391 5.3799949 -0.53180546
-0.086894527 5.38167 -0.53202367
-0.34720701 5.3850269 -0.53339207
-0.47802734 5.3867149 -0.53454566
-1.401377 5.324441 -0.54422182
-1.8206738 5.3202305 -0.55582321
-2.0006053 5.4159532 -0.57069951
-2.151201 5.4178915 -0.57620561
-2.3048241 5.4198718 -0.58216
-2.6222851 5.4239588 -0.59550554
-2.9554393 5.4282508 -0.61093122
-3.1287596 5.430481 -0.61949819
-3.680742 5.4375854 -0.64904249
-4.0803614 5.4427271 -0.67238897
-4.2913866 5.4454432 -0.68531591
-4.5108299 5.4482665 -0.6991635
-5.2278614 5.457489 -0.74702018
-5.4896774 5.4608555 -0.76538688
-7.7896872 5.4898658 -0.94198978
-9.1555958 5.5074191 -1.0561166
-9.6885643 5.5142674 -1.1019269
-10.270292 5.5217428 -1.1526033
-10.908496 5.5299425 -1.2089021
-11.612637 5.5389881 -1.2717581
-12.201826 5.4627624 -1.3214585
-14.254384 5.5730162 -1.5128551
-15.630713 5.6803708 -1.6439048
-15.763066 5.3016844 -1.6438954
-17.539219 3.6256061 -1.7703462
-17.878534 3.2481983 -1.796164
-18.014267 2.3821998 -1.7961519
-18.108076 1.510697 -1.7961417
-18.169794 0.19750549 -1.7961313
-18.169249 -0.24078552 -1.796129
-18.158134 -0.6789465 -1.7961273
-18.136475 -1.1167264 -1.7961262
-18.104267 -1.5538357 -1.7961258
-18.008282 -2.4251058 -1.7961265
-17.87039 -3.2907434 -1.7961297
-17.78583 -3.720818 -1.7961323
-17.5858 -4.5741892 -1.796139
-17.209198 -5.8337622 -1.7961538
-16.229101 -6.8462462 -1.7410921
-14.993359 -7.1953979 -1.6438725
-14.815488 -7.5549645 -1.6438807
-1.4850879 -14.697289 -1.7969067
-1.1302539 -14.729765 -1.7970207
-0.77466798 -14.752895 -1.7970408
-0.41859373 -14.767451 -1.797061
-0.062294919 -14.773427 -1.7970812
0.65023434 -14.759575 -1.7971219
1.0060351 -14.739768 -1.7971421
2.4214356 -14.574953 -1.7972234
2.7723143 -14.512461 -1.7972437
3.4690526 -14.362223 -1.7972842
4.1577048 -14.178528 -1.7973243
4.8367186 -13.961858 -1.7973641
5.1720896 -13.841275 -1.7973838
5.8337107 -13.576037 -1.7974229
6.1595507 -13.431524 -1.7974421
5.2980661 -9.1162128 -1.282583
5.525527 -9.0006227 -1.2847028
8.0328121 -12.403516 -1.7975541
8.6217575 -12.001946 -1.7975898
8.9088478 -11.790617 -1.7976072
8.4113474 -10.591085 -1.6451854
8.9124603 -10.173315 -1.645216
9.1552925 -9.9554806 -1.645231
9.6249218 -9.5025549 -1.6452601
9.8514452 -9.2677288 -1.6452743
10.28707 -8.7819958 -1.6453016
10.495976 -8.5313959 -1.6453149
10.895351 -8.0154371 -1.6453402
11.269394 -7.4808011 -1.6453643
11.446621 -7.206861 -1.645376
12.039804 -7.1807642 -1.7052374
13.208027 -6.6332598 -1.7978791
13.364258 -6.3127999 -1.7978897
13.512714 -5.988668 -1.7978998
13.785917 -5.3301153 -1.7979189
14.02705 -4.6591458 -1.7979362
14.327382 -3.6328125 -1.7979589
14.486034 -2.9376726 -1.7979715
14.734433 -1.1734455 -1.797995
14.722168 1.3193841 -1.7980076
14.641425 2.0278211 -1.7980069
14.456465 3.0811102 -1.7980018
13.723926 3.272912 -1.7162111
12.991972 3.7690208 -1.6455222
12.897265 4.0812621 -1.6455187
12.795019 4.3911424 -1.6455144
10.205274 5.2525644 -1.3961639
8.9805861 5.1846581 -1.2613935
8.596015 5.2430615 -1.2247856
7.7972655 5.2880554 -1.1460209
7.4131832 5.2930384 -1.108017
6.7157617 5.3020811 -1.040822
5.5410743 5.3173094 -0.9341644
5.2833591 5.3206482 -0.91209197
5.0374022 5.3238354 -0.89154553
4.8021483 5.3268833 -0.87239909
4.5766406 5.3298044 -0.85454464
4.3600779 5.3326111 -0.8378849
3.8830566 5.2464709 -0.79396856
3.6923046 5.2489414 -0.78063262
3.513418 5.2597837 -0.76941669
3.3527539 5.2912536 -0.76196104
3.205205 5.3390393 -0.75748903
2.8667481 5.3434205 -0.73761296
2.7039161 5.3455272 -0.72868758
2.5448925 5.3475842 -0.72038788
2.3893456 5.349597 -0.7126863
2.2370019 5.3515687 -0.70555329
2.0875976 5.3535008 -0.69896454
1.7966015 5.3572617 -0.68732971
1.6545312 5.3590989 -0.68224514
1.5144726 5.3609104 -0.67762631
1.3762207 5.3626952 -0.67345953
1.23958 5.3644614 -0.66973042
0.83749998 5.369657 -0.66106504
0.70550781 5.3713608 -0.65898687
0.18352538 5.3781004 -0.65457523
0.053759765 5.379775 -0.65443134
-0.076035157 5.3814502 -0.65466732
-0.20601562 5.3831272 -0.65528458
-0.46707031 5.3864951 -0.65767449
-0.59846675 5.3881884 -0.65945172
-0.73064452 5.3898935 -0.66162515
-0.99802732 5.3933411 -0.66718632
-1.2557226 5.3337097 -0.66653222
-1.3898437 5.3242111 -0.66934133
-1.525664 5.3163476 -0.67278492
-1.6660156 5.3181577 -0.67790341
-1.8086133 5.3199925 -0.68350029
-2.1384766 5.417645 -0.7084856
-2.6086817 5.423696 -0.73208743
-2.7727733 5.4258094 -0.74118698
-3.4753027 5.4348474 -0.78470284
-3.6645801 5.4372826 -0.79758811
-3.8602831 5.4397974 -0.81138229
-4.2733493 5.4451098 -0.8419686
-4.719873 5.4508481 -0.87707126
-4.9576659 5.4539051 -0.89654803
-5.2064061 5.4571018 -0.91745555
-5.7412305 5.463973 -0.96408904
-6.334795 5.4715991 -1.0182154
-6.5534668 5.3900571 -1.0321658
-7.7555957 5.4892893 -1.155795
-9.6419725 5.5135059 -1.351076
-10.219316 5.5209179 -1.4129013
-10.852412 5.5290442 -1.4815567
-12.324843 5.5476499 -1.6440922
-12.455 5.2487488 -1.6440833
-12.693516 4.6419578 -1.6440665
-12.801699 4.3344274 -1.6440585
-12.902461 4.0243888 -1.6440512
-12.995712 3.7120037 -1.6440443
-13.817685 3.5886798 -1.7365724
-14.584462 2.317951 -1.7963464
-14.679189 1.6119299 -1.7963374
-14.739814 0.90216184 -1.7963301
-14.757246 0.54637998 -1.7963271
-14.766132 0.19027527 -1.7963248
-14.766386 -0.16592163 -1.7963229
-14.758066 -0.52203614 -1.7963215
-14.741191 -0.87783813 -1.7963206
-14.715742 -1.2331402 -1.7963202
-14.681708 -1.5877146 -1.7963202
-14.639131 -1.941354 -1.7963206
-14.588046 -2.2938809 -1.7963216
-14.528515 -2.6450746 -1.7963232
-14.460507 -2.9947121 -1.7963252
-14.384091 -3.3426313 -1.7963278
-14.299316 -3.6886077 -1.7963307
-13.995254 -4.7128344 -1.7963426
-13.751797 -5.3823152 -1.7963529
-13.326855 -6.3625736 -1.7963717
-12.789141 -6.881969 -1.7666284
-12.115781 -6.9015465 -1.6961207
-11.045 -7.7901263 -1.6440939
-10.453066 -8.5684652 -1.6441233
-10.243427 -8.8181381 -1.644134
-10.027832 -9.0627022 -1.644145
-9.3465424 -9.7642279 -1.6441799
-9.1083889 -9.9868965 -1.6441923
-8.8390722 -11.799298 -1.7933508
-8.5497065 -12.005951 -1.7928865
-7.9568844 -12.398215 -1.7920088
-7.6537595 -12.583623 -1.7915959
-7.346406 -12.761747 -1.7912005
-6.0780468 -13.399638 -1.7897984
-5.75207 -13.539914 -1.7894807
-5.4229198 -13.672424 -1.7891818
-5.0907617 -13.797111 -1.7889018
-4.7558203 -13.913842 -1.788641
-4.4182324 -14.022602 -1.7883996
-3.0454783 -14.376833 -1.787629
-1.6537304 -14.669199 -1.7956899
-1.3004004 -14.715632 -1.797011
-0.94509763 -14.742887 -1.7970312
0.12332031 -14.773144 -1.7970918
0.47960937 -14.766027 -1.7971121
0.83563477 -14.750324 -1.7971324
1.8999609 -14.651808 -1.7971934
2.2528515 -14.601877 -1.7972137
2.6043944 -14.543466 -1.7972341
3.3028123 -14.401287 -1.7972746
3.9935448 -14.225556 -1.7973148
5.011797 -13.900036 -1.7973744
5.345664 -13.775278 -1.797394
6.3278317 -13.353148 -1.7974522
6.6481442 -13.196784 -1.7974712
5.3117771 -8.8810167 -1.2587848
7.888906 -12.495459 -1.7975454
8.5437689 -10.48461 -1.6451935
8.7942772 -10.275582 -1.6452087
9.0395899 -10.060582 -1.6452239
9.2797461 -9.8397141 -1.6452388
10.184863 -8.9002466 -1.6452953
10.39666 -8.6520882 -1.6453085
10.801972 -8.1407747 -1.6453342
10.995254 -7.8779521 -1.6453466
11.182129 -7.6105127 -1.6453587
11.732324 -7.1825066 -1.6733398
12.387578 -7.1787467 -1.7415893
13.130468 -6.7854376 -1.797874
13.290371 -6.4667945 -1.7978848
13.586933 -5.818428 -1.7979051
13.723378 -5.4890518 -1.7979145
13.851835 -5.1564989 -1.7979237
13.972265 -4.8209186 -1.7979323
14.371914 -3.4525084 -1.7979623
14.451055 -3.1048725 -1.7979685
14.521816 -2.7554393 -1.7979745
14.63789 -2.0519259 -1.7979848
14.683145 -1.6982882 -1.7979894
14.719902 -1.3436511 -1.7979933
14.748047 -0.9882254 -1.7979968
14.778574 -0.27585632 -1.7980022
14.774687 0.43716919 -1.7980059
14.759863 0.79340088 -1.798007
14.663867 1.8584845 -1.7980071
14.491074 2.9138336 -1.7980028
14.367656 3.2514281 -1.7918969
13.034668 3.6186328 -1.6455239
12.738848 4.5515475 -1.6455121
12.625293 4.857461 -1.6455072
12.504414 5.1605453 -1.645502
10.494316 5.2488132 -1.4273107
9.9049807 5.2564597 -1.3640072
9.2270508 5.1857166 -1.2875085
7.5939841 5.2906919 -1.1258241
7.2230077 5.2955027 -1.0894483
6.8750391 5.3000159 -1.0559452
6.5476561 5.3042603 -1.0250181
5.6690817 5.3156495 -0.94532204
5.405293 5.3190675 -0.92246801
4.6835155 5.3284202 -0.86294401
4.4627538 5.3312802 -0.84572315
3.9767871 5.2452564 -0.80069011
3.7828906 5.2477684 -0.78690976
3.5954394 5.250195 -0.77403915
3.2890723 5.337954 -0.76267767
3.1152928 5.3402038 -0.75204057
2.3096094 5.3506284 -0.70890129
2.158828 5.3525791 -0.70205426
1.7223339 5.3582239 -0.68462265
1.5813378 5.3600464 -0.67978227
1.4422461 5.3618431 -0.67540085
1.3048534 5.3636193 -0.67146331
1.1689746 5.3653746 -0.66795743
1.0344141 5.3671131 -0.66487312
0.90103513 5.3688354 -0.66220129
0.76863277 5.3705454 -0.65993345
0.6370703 5.3722448 -0.65806139
0.50617188 5.3739352 -0.65658164
0.37578124 5.3756175 -0.65548843
0.24575195 5.3772974 -0.65477997
0.11592773 5.3789721 -0.65445268
-0.013847656 5.3806467 -0.65450639
-0.14371094 5.3823228 -0.65494132
-0.27382812 5.3840027 -0.6557591
-0.40434569 5.3856845 -0.65696156
-0.667207 5.3890748 -0.66053402
-1.0684766 5.394248 -0.66890687
-1.2047558 5.3960047 -0.67253292
-1.3240918 5.3233628 -0.66726685
-1.4591503 5.3154917 -0.6704976
-1.5985059 5.3172865 -0.67539304
-1.74 5.319109 -0.68075764
-2.2179687 5.4186683 -0.71220833
-2.372998 5.4206614 -0.71978635
-2.531455 5.4227037 -0.7279557
-3.2060449 5.4313841 -0.76719153
-3.3867481 5.4337072 -0.77883428
-3.7656736 5.4385815 -0.80465519
-3.9649608 5.4411435 -0.81895036
-4.6095409 5.44943 -0.86821181
-4.8424315 5.4524231 -0.88704503
-5.0858202 5.4555516 -0.90725285
-5.8896775 5.4658799 -0.97740644
-6.1865821 5.4696946 -1.004488
-6.4979587 5.4715109 -1.0333115
-7.0761814 5.3973265 -1.0825645
-7.9699903 5.4920411 -1.1773679
-8.4050198 5.4976268 -1.221682
-8.8743649 5.5036535 -1.2702301
-9.3828611 5.5101805 -1.323601
-10.541582 5.5250535 -1.4477422
-12.393544 5.3923349 -1.6440874
-12.639033 4.7883482 -1.6440703
-12.750772 4.482091 -1.6440623
-12.855126 4.1732273 -1.6440547
-14.339004 3.532371 -1.7963668
-14.492578 2.8367407 -1.7963545
-14.556728 2.4863524 -1.796349
-14.698261 1.4273584 -1.7963352
-14.728408 1.0724292 -1.7963316
-14.767334 0.0047326661 -1.7963238
-14.763134 -0.35144591 -1.7963221
-14.728993 -1.0629916 -1.7963203
-14.699062 -1.4179318 -1.79632
-14.613584 -2.1251318 -1.7963213
-14.558085 -2.4769986 -1.7963225
-14.494141 -2.8274105 -1.7963243
-14.340947 -3.523109 -1.7963291
-14.251826 -3.8679755 -1.7963325
-14.154453 -4.2106113 -1.7963362
-14.048799 -4.5507817 -1.7963403
-13.813066 -5.2230144 -1.7963502
-13.683105 -5.5546618 -1.7963558
-13.545195 -5.8830881 -1.7963618
-13.08454 -6.8471379 -1.796383
-11.490723 -7.1160154 -1.6440721
-11.31581 -7.3911242 -1.6440806
-11.134287 -7.6619468 -1.6440895
-10.946328 -7.9283018 -1.6440988
-10.751972 -8.1900625 -1.6441084
-10.551309 -8.4470749 -1.6441184
-10.344619 -8.6991596 -1.6441288
-9.9132128 -9.1880255 -1.6441509
-9.4587202 -9.65553 -1.6441741
-8.9759865 -11.697849 -1.7935792
-8.3970795 -12.110827 -1.7926513
-6.871201 -13.0185 -1.7906333
-5.9086423 -13.473677 -1.7896305
-5.580996 -13.609926 -1.7893226
-5.2502637 -13.738368 -1.7890334
-4.9166307 -13.858907 -1.7887635
-2.9513769 -9.002696 -1.1524067
-4.2414451 -14.076086 -1.7882816
-3.900244 -14.172597 -1.7880697
-3.5569043 -14.261032 -1.7878773
-3.2115624 -14.341276 -1.7877047
-2.8644922 -14.413331 -1.787552
-2.51583 -14.477153 -1.7874191
-2.1657813 -14.532707 -1.7873061
-1.8196875 -14.62139 -1.7922915
-1.4703223 -14.699155 -1.7969537
-0.40373045 -14.76788 -1.7970619
-0.047392577 -14.773495 -1.7970821
0.308916 -14.770499 -1.7971023
0.66509765 -14.758906 -1.7971226
1.0209082 -14.738748 -1.7971431
1.3760937 -14.710007 -1.7971634
1.7305175 -14.672714 -1.7971836
2.4361424 -14.572502 -1.7972244
3.1361425 -14.438411 -1.7972648
3.4835155 -14.358719 -1.7972851
4.1719823 -14.174331 -1.7973251
4.5126953 -14.069757 -1.797345
4.8508005 -13.956972 -1.797365
5.847363 -13.570155 -1.7974237
6.4951758 -13.272655 -1.7974621
5.2978907 -9.0948009 -1.2803218
5.5445895 -9.0112848 -1.2870224
8.3420115 -12.197899 -1.7975727
8.920722 -11.781634 -1.797608
8.674902 -10.376471 -1.6452013
9.4026756 -9.7223959 -1.6452463
9.634531 -9.492857 -1.6452607
9.8607416 -9.2577991 -1.6452748
10.50457 -8.520812 -1.6453154
11.276914 -7.4694281 -1.645365
12.750566 -7.1765976 -1.7797978
13.051132 -6.9366922 -1.7978686
13.370585 -6.2993298 -1.7978902
13.51873 -5.9750504 -1.7979003
13.659003 -5.6472712 -1.7979101
13.791308 -5.3162088 -1.7979193
13.915586 -4.9820533 -1.7979281
14.139766 -4.3052449 -1.7979445
14.488984 -2.9230695 -1.7979717
14.613183 -2.2209547 -1.7979826
14.662559 -1.867853 -1.7979872
14.70332 -1.5136596 -1.7979914
14.759277 -0.80282837 -1.7979984
14.780859 -0.090131223 -1.7980036
14.72082 1.3342199 -1.7980076
14.639375 2.0425823 -1.7980067
14.523808 2.7461853 -1.7980039
14.45332 3.095659 -1.7980018
13.075624 3.4677379 -1.6455255
12.893125 4.0942578 -1.6455184
12.438594 5.3172412 -1.6454991
11.474648 5.2360935 -1.5342494
9.6181049 5.2601805 -1.3335029
8.5961714 5.2550659 -1.2255641
8.1910934 5.282949 -1.1856364
7.7807031 5.2882714 -1.1443672
7.0390234 5.2978883 -1.0716559
6.384531 5.3063731 -1.0098418
5.8001757 5.3139501 -0.95687824
5.272871 5.3207846 -0.91120422
5.0273829 5.3239646 -0.89071822
4.5674415 5.3299241 -0.85382622
4.3511915 5.3327255 -0.8372128
4.143115 5.3354211 -0.82170409
3.6844726 5.249043 -0.78009647
3.3529003 5.3033252 -0.76321244
3.1979296 5.3391333 -0.75704461
3.0266602 5.341351 -0.74678707
2.6971972 5.345614 -0.72832793
2.5383105 5.3476696 -0.72005451
2.3829296 5.3496799 -0.71237677
2.2307031 5.3516493 -0.70526671
2.0814257 5.35358 -0.69870073
1.9348145 5.3554749 -0.69265443
1.790625 5.3573399 -0.6871075
1.5086621 5.3609848 -0.67744404
1.3704687 5.3627696 -0.6732949
0.96480465 5.3680124 -0.66343105
0.83195311 5.369729 -0.66097009
0.70001954 5.3714328 -0.65890896
0.56880856 5.3731275 -0.65724206
0.43819335 5.3748121 -0.65596366
0.30801758 5.3764939 -0.65507215
0.1780957 5.37817 -0.65456212
-0.08147461 5.3815198 -0.65468597
-0.2114453 5.3831968 -0.6553185
-0.34174803 5.3848777 -0.65633702
-0.73619139 5.3899646 -0.66172415
-0.86937499 5.3916807 -0.66431779
-1.1392773 5.3951612 -0.67074186
-1.2587597 5.3225217 -0.6652922
-1.3955859 5.3242846 -0.66952717
-1.6719335 5.3182335 -0.67812783
-1.8146288 5.3200707 -0.68374312
-1.9943457 5.4157887 -0.70202661
-2.1448243 5.417727 -0.70877945
-2.2983105 5.4197021 -0.71608442
-2.4550977 5.42172 -0.72396618
-2.9482324 5.4280677 -0.75138134
-3.1213672 5.4302931 -0.76189208
-3.2994823 5.4325852 -0.77315718
-3.672627 5.4373851 -0.79814529
-3.8686132 5.4399047 -0.81197989
-4.071631 5.4425144 -0.82679158
-4.2823243 5.4452243 -0.84265363
-5.4783592 5.460597 -0.94089496
-6.0423045 5.4678416 -0.99125654
-6.5671678 5.3902345 -1.0334659
-6.9055958 5.3945789 -1.0659308
-7.3809566 5.4844785 -1.1185564
-8.6449413 5.5007081 -1.2464104
-10.880215 5.5294003 -1.4845899
-12.330449 5.5352244 -1.6440917
-12.582881 4.9341211 -1.6440742
-13.872969 3.5881219 -1.7430621
-14.382216 3.3519249 -1.7963635
-14.586787 2.3032556 -1.7963462
-14.715019 1.2425555 -1.7963333
-14.766289 0.17536193 -1.7963247
-14.740293 -0.8926965 -1.7963204
-14.680087 -1.6025128 -1.7963202
-14.637157 -1.9561239 -1.7963208
-14.585761 -2.308567 -1.7963216
-14.45747 -3.0092871 -1.7963253
-14.202109 -4.0467334 -1.7963344
-13.990498 -4.7269382 -1.7963427
-13.872499 -5.0630236 -1.7963476
-13.612275 -5.7261667 -1.7963589
-13.470254 -6.0528498 -1.7963653
-12.759892 -6.8828225 -1.7635455
-12.088819 -6.9023271 -1.6933177
-11.572139 -6.9827142 -1.6440682
-11.037168 -7.8012466 -1.6440942
-10.234531 -8.8284893 -1.6441345
-10.018701 -9.0728035 -1.6441455
-9.0983105 -9.9960699 -1.6441928
-8.8546286 -10.212687 -1.6442056
-9.391367 -11.374856 -1.7943079
-8.8270702 -11.808073 -1.7933311
-8.2432127 -12.213799 -1.7924207
-7.9443164 -12.406113 -1.7919911
-7.6410055 -12.591221 -1.7915789
-7.3334665 -12.769036 -1.7911843
-6.3872166 -13.257875 -1.790108
-6.0644727 -13.405654 -1.7897848
-5.738379 -13.545635 -1.7894677
-4.4040918 -14.026966 -1.78839
-2.6830468 -14.44761 -1.7874802
-1.2855663 -14.716948 -1.797012
-0.93025386 -14.743836 -1.797032
-0.57438475 -14.762157 -1.7970521
-0.2181543 -14.771887 -1.7970724
0.13822265 -14.773011 -1.7970926
0.4944824 -14.765552 -1.7971128
1.2060254 -14.724856 -1.7971536
1.5608398 -14.691647 -1.7971739
1.9147558 -14.649898 -1.7971944
2.2675683 -14.599596 -1.7972146
2.6190526 -14.54083 -1.7972349
2.9690526 -14.473599 -1.7972552
3.663662 -14.313905 -1.7972955
5.0258203 -13.89499 -1.7973752
5.3595309 -13.769876 -1.7973949
5.6901755 -13.636763 -1.7974143
6.3413281 -13.346778 -1.7974529
6.6614256 -13.190085 -1.797472
6.9777145 -13.02573 -1.7974908
8.494648 -12.092173 -1.797582
8.783906 -11.883884 -1.7975996
8.5543747 -10.475986 -1.6451941
9.0497456 -10.051468 -1.6452245
9.2896681 -9.8303661 -1.6452394
9.7530861 -9.3710909 -1.6452681
9.976347 -9.133194 -1.6452821
10.193789 -8.8899813 -1.6452956
10.405371 -8.6416016 -1.6453091
10.810176 -8.1298761 -1.6453348
12.416133 -7.1785803 -1.7445832
12.970038 -7.0870419 -1.7978632
13.296875 -6.4534006 -1.7978851
13.44875 -6.1308417 -1.7978954
13.728906 -5.4752088 -1.797915
13.857012 -5.142539 -1.797924
14.288242 -3.783736 -1.7979558
14.45418 -3.0903029 -1.7979689
14.52457 -2.7407849 -1.7979748
14.639941 -2.0371633 -1.7979851
14.684863 -1.6834936 -1.7979895
14.768222 -0.61733884 -1.7979999
14.778828 -0.26095825 -1.7980025
14.78084 0.095577389 -1.7980044
14.774258 0.45205626 -1.7980059
14.759062 0.80827266 -1.798007
14.735273 1.1640191 -1.7980075
14.702929 1.5190893 -1.7980076
14.612538 2.2263403 -1.7980063
14.55457 2.5781407 -1.7980047
14.309355 3.253377 -1.7850233
12.840664 4.2559381 -1.6455163
12.734219 4.5643954 -1.6455119
12.62039 4.870194 -1.645507
12.370781 5.4730883 -1.645496
11.113105 5.2407846 -1.4945909
10.468594 5.2491465 -1.4245319
9.8815041 5.2567649 -1.3615015
8.7113867 5.1881495 -1.2333608
7.9736719 5.2857676 -1.1636894
7.2079883 5.2956967 -1.0879908
6.5343943 5.304431 -1.0237778
5.9345312 5.3122082 -0.96884924
5.657793 5.3157945 -0.94433326
5.3945508 5.3192062 -0.92155051
5.1435938 5.3224583 -0.90035069
4.9037695 5.3255663 -0.88060653
4.6741014 5.3285422 -0.86220038
3.411953 5.2610974 -0.76276112
2.9392481 5.3424802 -0.74172288
2.7746484 5.3446116 -0.73251128
2.6139746 5.3466916 -0.7239418
1.859414 5.3564515 -0.68970394
1.5754882 5.3601217 -0.67958963
1.0288281 5.3671851 -0.66475433
0.89547849 5.3689075 -0.66209823
0.6315918 5.3723154 -0.65799195
0.50071287 5.3740063 -0.65652806
0.37034178 5.3756886 -0.65545094
0.24033202 5.377367 -0.65475851
-0.019267578 5.3807178 -0.65451705
-0.14915039 5.3823924 -0.65496773
-0.27927732 5.3840723 -0.65580124
-0.40981445 5.3857555 -0.65701985
-0.54091793 5.3874474 -0.65862608
-1.0741211 5.394321 -0.66904938
-1.2104882 5.3960791 -0.67269313
-1.7459668 5.3191867 -0.68099326
-2.0723631 5.4167929 -0.70547658
-2.224375 5.4187498 -0.71251273
-2.3795409 5.4207468 -0.72011548
-2.5381541 5.4227891 -0.72830993
-2.8669434 5.4270201 -0.74659854
-3.2134862 5.4314795 -0.76766211
-3.3944237 5.4338074 -0.77933967
-3.5810547 5.4362073 -0.79184502
-3.9734569 5.4412537 -0.81956977
-4.1803708 5.4439149 -0.83491713
-4.3953419 5.4466772 -0.85135716
-4.8523827 5.4525523 -0.88786048
-5.096211 5.4556847 -0.90812856
-5.3516016 5.4589658 -0.929896
-5.6196775 5.4624119 -0.95330191
-6.4981055 5.4604368 -1.032461
-6.7408199 5.3924632 -1.0500515
-7.0912399 5.3975205 -1.0840337
-7.5815625 5.4870529 -1.1384193
-7.9875388 5.4922667 -1.1791401
-8.4239063 5.49787 -1.2236224
-8.8947659 5.5039148 -1.2723594
-10.568164 5.525394 -1.4506271
-11.236611 5.5339746 -1.5236098
-13.262714 3.5942943 -1.6714942
-14.423193 3.1709368 -1.7963601
-14.495429 2.8221166 -1.7963542
-14.61456 2.1198053 -1.7963437
-14.699697 1.4125525 -1.7963351
-14.767323 -0.010160523 -1.7963237
-14.749639 -0.72230285 -1.7963209
-14.658798 -1.786817 -1.7963203
-14.611435 -2.1398602 -1.7963213
-14.555614 -2.4916627 -1.7963225
-14.418525 -3.1907134 -1.7963265
-14.337402 -3.5375628 -1.7963293
-14.044218 -4.5649595 -1.7963406
-13.67749 -5.56845 -1.796356
-13.393154 -6.2216148 -1.7963687
-12.403544 -6.8932004 -1.7261295
-11.759766 -6.9118271 -1.6592619
-11.483535 -7.1276007 -1.6440725
-11.30833 -7.4025435 -1.6440809
-10.33585 -8.7095776 -1.6441293
-9.903945 -9.1980047 -1.6441512
-9.2131834 -9.8902264 -1.6441869
-8.9720602 -10.109652 -1.6441994
-9.2463865 -11.490282 -1.7940472
-8.6768456 -11.916428 -1.7930875
-8.3847847 -12.119172 -1.7926326
-7.4813085 -12.684754 -1.7913711
-7.1716504 -12.858752 -1.7909858
-5.8950291 -13.479524 -1.7896174
-5.567246 -13.615458 -1.7893101
-5.2363768 -13.743556 -1.7890218
-4.9026365 -13.863765 -1.7887527
-4.2272067 -14.08029 -1.7882723
-3.1970994 -14.344461 -1.787698
-2.5012305 -14.47963 -1.787414
-2.1511328 -14.534856 -1.7873018
-0.74492186 -14.754462 -1.7970425
-0.38882813 -14.768294 -1.7970626
0.32381836 -14.770192 -1.7971033
0.68000001 -14.758243 -1.7971236
1.0357324 -14.737713 -1.7971438
2.45083 -14.570056 -1.7972251
2.8015721 -14.506872 -1.7972455
3.4979882 -14.355212 -1.7972859
4.1862888 -14.170127 -1.797326
4.8648825 -13.952079 -1.7973657
5.5321288 -13.70154 -1.797405
6.5085154 -13.266133 -1.7974629
8.0578127 -12.3873 -1.7975557
8.6459761 -11.984558 -1.7975912
9.6441011 -9.4831333 -1.6452613
9.8700972 -9.2478352 -1.6452754
10.090332 -9.0071812 -1.6452893
10.715429 -8.2542467 -1.6453288
10.911504 -7.9934554 -1.6453413
11.284433 -7.4580636 -1.6453654
12.094628 -7.180449 -1.7109518
12.780371 -7.1764197 -1.7829486
13.058125 -6.9235325 -1.7978691
13.376992 -6.2858582 -1.7978905
13.524765 -5.9614196 -1.7979008
13.664668 -5.6335039 -1.7979105
13.920625 -4.9680328 -1.7979286
14.036445 -4.6308475 -1.7979369
14.144101 -4.2909636 -1.7979449
14.243554 -3.9485869 -1.7979524
14.491914 -2.9084697 -1.7979721
14.664413 -1.8530788 -1.7979875
14.704902 -1.4988397 -1.7979916
14.760098 -0.78795654 -1.7979984
14.767422 0.63763547 -1.7980065
14.747734 0.99363464 -1.7980074
14.719472 1.3490564 -1.7980076
14.682675 1.7036914 -1.7980075
14.637304 2.0573347 -1.7980067
14.583418 2.4097779 -1.7980055
14.450175 3.110255 -1.7980016
13.617031 3.2764764 -1.7036757
13.072109 3.4809442 -1.6455253
12.888984 4.1072478 -1.6455182
12.786172 4.4169188 -1.645514
12.558223 5.0283594 -1.6455042
12.433223 5.3297763 -1.6454988
10.769649 5.2452402 -1.457152
10.156133 5.2532005 -1.3908856
8.9398041 5.1851869 -1.257134
7.7641797 5.2884851 -1.1427196
7.0245309 5.2980762 -1.0702628
6.6884375 5.3024354 -1.0382428
6.3716602 5.3065414 -1.0086517
6.0722852 5.3104224 -0.98125595
5.7885938 5.3141003 -0.95585293
5.5190625 5.3175941 -0.93225795
5.262363 5.3209214 -0.91031647
5.0173631 5.3240952 -0.88989341
4.782949 5.3271322 -0.87085938
4.5582228 5.3300452 -0.85310864
3.6766503 5.2491455 -0.779562
3.1906934 5.3392272 -0.75660145
3.0196092 5.3414416 -0.74637365
2.5317578 5.347754 -0.71972191
2.0752344 5.3536596 -0.69843727
1.9287304 5.3555541 -0.69241238
1.7846386 5.3574181 -0.68688643
1.5028515 5.3610597 -0.67726165
1.2282128 5.3646078 -0.66943806
0.95923823 5.3680844 -0.66332066
0.69451171 5.3715024 -0.65883195
0.56333983 5.373198 -0.65718067
0.43275389 5.3748841 -0.65591908
-0.086894527 5.3815904 -0.65470433
-0.216875 5.3832679 -0.65535378
-1.1449804 5.3952341 -0.67089421
-1.6778418 5.3183093 -0.67835182
-2.1511719 5.4178076 -0.70907271
-2.3047948 5.419785 -0.71640158
-2.4617188 5.4218054 -0.72430855
-2.9553905 5.4281592 -0.75180542
-3.4908886 5.4350476 -0.78574729
-3.6806738 5.437489 -0.79870439
-3.8769336 5.440012 -0.81257856
-4.0802732 5.442627 -0.82743222
-4.2913084 5.4453392 -0.84334081
-4.5107322 5.4481616 -0.86038166
-4.7393651 5.4510999 -0.87864876
-4.9780369 5.4541674 -0.89823997
-5.4895606 5.4607396 -0.94187272
-5.7647653 5.4642758 -0.96619034
-6.3610544 5.4719357 -1.0206623
-6.5808887 5.3904099 -1.0347638
-6.9202051 5.3947668 -1.0673474
-7.3967772 5.4846811 -1.1201165
-7.7894821 5.4897242 -1.1591908
-8.2108202 5.4951329 -1.201813
-9.1553221 5.5072608 -1.2996259
-9.6882811 5.5141015 -1.356004
-10.26996 5.5215673 -1.4183602
-10.908134 5.529758 -1.4876379
-12.336016 5.5228 -1.6440915
-12.465547 5.223618 -1.6440824
-12.587852 4.9214172 -1.644074
-12.702832 4.6163478 -1.6440656
-12.8104 4.3086009 -1.6440579
-13.003154 3.685802 -1.6440437
-14.461864 2.9894719 -1.796357
-14.529716 2.6397777 -1.7963513
-14.589101 2.2885582 -1.7963461
-14.640019 1.9359978 -1.7963412
-14.682431 1.5823255 -1.7963369
-14.716269 1.2277306 -1.7963331
-14.741591 0.87242001 -1.7963297
-14.75832 0.51660275 -1.796327
-14.756982 -0.55177426 -1.7963214
-14.739394 -0.90755188 -1.7963204
-14.635185 -1.9708704 -1.7963208
-14.583427 -2.323297 -1.7963219
-14.523134 -2.6743677 -1.7963233
-14.454424 -3.023886 -1.7963253
-14.198037 -4.0610461 -1.7963345
-14.096005 -4.4023204 -1.7963384
-13.985723 -4.7410431 -1.7963428
-13.867373 -5.0770054 -1.796348
-13.314033 -6.389431 -1.7963723
-12.730693 -6.8836746 -1.7604698
-1.8446679 -12.292979 -1.796993
-1.5476366 -12.334006 -1.7970097
-1.2497168 -12.367869 -1.7970265
-0.35223633 -12.426196 -1.7970773
-0.052412108 -12.431189 -1.7970942
0.24743164 -12.42896 -1.7971113
0.54713863 -12.419499 -1.7971284
1.1454394 -12.378902 -1.7971625
1.741123 -12.309483 -1.7971969
2.3327539 -12.211432 -1.7972311
2.6266503 -12.151738 -1.797248
3.2096288 -12.011152 -1.7972819
3.7852147 -11.842622 -1.7973156
4.3520117 -11.646524 -1.7973489
4.6316795 -11.538269 -1.7973654
5.2366991 -10.1027 -1.6450075
5.4788866 -9.9735479 -1.6450218
5.2799606 -9.085041 -1.5190426
6.1858006 -9.5515528 -1.6450644
6.4144335 -9.3996582 -1.6450781
6.6393161 -9.2422886 -1.6450918
7.0774412 -8.9115038 -1.6451184
7.29041 -8.7382841 -1.6451315
7.7033982 -8.3766699 -1.6451569
7.9033008 -8.1884871 -1.6451691
8.0985346 -7.995542 -1.6451814
8.2890816 -7.7979441 -1.6451933
8.6556444 -7.3892341 -1.6452163
8.8313866 -7.1783633 -1.6452273
9.2445116 -7.1508908 -1.6895561
10.831016 -6.1105838 -1.7977469
11.244648 -5.3115654 -1.7977747
11.36957 -5.0388327 -1.7977831
11.487793 -4.7631664 -1.7977912
11.704238 -4.2036767 -1.7978065
11.977675 -3.346467 -1.7978266
12.054921 -3.0566158 -1.7978326
12.417598 -0.68801939 -1.7978659
12.434863 0.21160094 -1.7978717
12.387051 1.1101166 -1.7978736
12.356699 1.4085644 -1.7978736
12.31914 1.7061846 -1.797873
12.2225 2.2982793 -1.7978708
12.163457 2.5924065 -1.797869
12.097441 2.8850267 -1.7978666
12.024297 3.1759624 -1.7978641
10.851503 3.4339318 -1.6453989
10.765605 3.6946537 -1.6453953
10.574863 4.2095027 -1.6453872
10.470234 4.4633265 -1.6453826
10.359492 4.7145419 -1.6453776
10.242734 4.9630198 -1.6453723
10.120019 5.2086058 -1.6453667
8.9803123 5.1845078 -1.4990224
8.5959959 5.2430553 -1.4555634
7.7970505 5.2879186 -1.3619241
6.7156053 5.3019567 -1.2369097
6.3973045 5.3060875 -1.2015157
6.0965819 5.309989 -1.1687524
5.540957 5.3171973 -1.1101608
5.2832813 5.320538 -1.0839309
5.0373044 5.3237281 -1.0595129
4.3599806 5.3325109 -0.99574399
4.1515818 5.3352113 -0.97726148
3.8829784 5.246377 -0.94355339
3.6922362 5.2488475 -0.92770779
3.3527441 5.2912388 -0.9055354
3.2051561 5.3389478 -0.9002037
2.5448534 5.3474975 -0.85611302
2.3893065 5.3495116 -0.84695953
2.2369726 5.3514819 -0.83848298
1.7965722 5.3571801 -0.81682622
1.2395605 5.3643808 -0.79591185
0.57427734 5.3729773 -0.7811451
0.18353516 5.3780212 -0.77790236
0.053759765 5.3796959 -0.77773094
-0.076035157 5.3813705 -0.77801144
-0.46706054 5.3864145 -0.78158432
-0.59845704 5.3881092 -0.78369713
-0.86375976 5.3915296 -0.78934085
-0.99801755 5.393259 -0.7928884
-1.1335547 5.3950047 -0.79693335
-1.2557324 5.3337412 -0.79212856
-1.3898242 5.3241296 -0.79544955
-1.808584 5.3199096 -0.81227583
-2.2917871 5.4195313 -0.8506211
-2.7727246 5.4257178 -0.88082951
-3.2918847 5.432395 -0.9182449
-3.6645117 5.4371839 -0.94785625
-4.0629196 5.4423032 -0.98179954
-4.4919724 5.4478159 -1.0207311
-4.7197852 5.4507408 -1.0423126
-5.7411032 5.4638548 -1.1457222
-6.5533199 5.3899302 -1.2266182
-7.7554002 5.4891453 -1.3735381
-8.1741991 5.4945178 -1.4238178
-9.1124802 5.5065527 -1.5391537
-9.8734083 5.6458006 -1.6441917
-10.006865 5.4061093 -1.6442231
-10.255869 4.9171958 -1.6442065
-10.371426 4.6683702 -1.6441985
-10.68166 3.9062419 -1.644177
-10.772676 3.6474512 -1.6441703
-11.949316 3.4131176 -1.7965022
-12.028134 3.1239085 -1.796496
-12.222412 2.246048 -1.7964804
-12.272978 1.9505835 -1.7964759
-12.316425 1.6540056 -1.7964718
-12.418418 0.45978576 -1.7964598
-12.419111 -0.43930176 -1.7964549
-12.404912 -0.73871154 -1.7964541
-12.383476 -1.0377023 -1.7964538
-12.354834 -1.3360803 -1.7964538
-12.319014 -1.6336727 -1.7964543
-12.276025 -1.9303292 -1.796455
-12.168691 -2.5200844 -1.7964581
-11.954687 -3.3933361 -1.7964655
-11.572275 -4.5292706 -1.7964813
-11.340459 -5.0820918 -1.7964915
-11.214609 -5.3541594 -1.7964971
-10.646807 -6.4097362 -1.7965238
-10.489141 -6.6646972 -1.7965314
-9.3469429 -6.9359794 -1.6826011
-8.9675388 -6.9960852 -1.6442163
-8.619853 -7.4204745 -1.6442338
-8.252099 -7.8276367 -1.6442524
-7.8650975 -8.216568 -1.6442724
-7.4597754 -8.5864229 -1.6442934
-7.2505665 -8.763917 -1.6443045
-6.5980368 -9.2654028 -1.644339
-6.3727536 -9.421896 -1.6443509
-6.1436715 -9.5729342 -1.644363
-5.9110546 -9.7184105 -1.6443756
-5.4355664 -9.9923162 -1.6444011
-5.193037 -10.120594 -1.6444142
-4.6990037 -10.359424 -1.644441
-4.853828 -11.425577 -1.7945704
-4.5762501 -11.537768 -1.7943285
-4.2960839 -11.643329 -1.7941024
-4.013545 -11.742175 -1.7938925
-3.4418652 -11.919481 -1.7935039
-2.5703614 -12.134001 -1.7930397
-2.2768164 -12.191644 -1.7929183
-1.3925683 -12.352529 -1.7970184
-0.7952832 -12.405519 -1.7970521
-0.19608398 -12.429705 -1.7970861
0.70313478 -12.411704 -1.7971373
1.0023144 -12.391257 -1.7971545
1.3008984 -12.363591 -1.7971716
1.895664 -12.286716 -1.7972058
2.1914747 -12.237532 -1.7972229
2.7791307 -12.117839 -1.7972569
3.0706151 -12.047395 -1.7972739
3.360332 -11.969936 -1.7972908
3.6480956 -11.885525 -1.7973075
3.9337206 -11.794189 -1.7973243
4.2171192 -11.695986 -1.797341
4.87291 -10.282947 -1.6449858
5.1195312 -10.162506 -1.6450005
5.3632226 -10.036156 -1.6450149
5.6038084 -9.9039583 -1.6450293
5.2957616 -8.8542089 -1.4914556
6.0749998 -9.6223602 -1.6450577
6.3053708 -9.4731226 -1.6450715
6.7549996 -9.1581869 -1.6450987
7.6060739 -8.4650984 -1.6451509
7.8080664 -8.2792444 -1.6451634
8.0055666 -8.0885725 -1.6451756
8.5696287 -7.4887438 -1.6452109
9.028945 -7.1524515 -1.6651584
9.9727535 -7.1453576 -1.7735356
10.446308 -6.7468839 -1.7977215
10.906953 -5.9740229 -1.7977519
11.04793 -5.7092462 -1.7977612
11.18248 -5.4411426 -1.7977704
11.310508 -5.1698833 -1.7977791
11.654843 -4.3386531 -1.797803
11.756152 -4.0562959 -1.7978103
12.018827 -3.1957173 -1.7978299
12.159042 -2.612412 -1.797841
12.270918 -2.0230215 -1.7978505
12.316133 -1.7264696 -1.7978545
12.408809 -0.83148164 -1.7978647
12.436484 0.067886353 -1.7978709
12.43125 0.36783019 -1.7978723
12.418769 0.66755855 -1.7978731
12.296679 1.8608264 -1.7978725
12.192636 2.4516692 -1.7978698
12.129941 2.7450292 -1.7978679
12.060176 3.0367937 -1.7978654
10.807578 3.570014 -1.6453969
10.622831 4.0870218 -1.6453892
10.521113 4.3420334 -1.6453848
10.299434 4.8443222 -1.6453749
10.179531 5.0913157 -1.6453694
9.2267771 5.185564 -1.5300587
8.7307034 5.1877489 -1.4681211
8.4166403 5.2798767 -1.4363115
7.2228317 5.2953734 -1.2946943
6.5475192 5.3041382 -1.2181278
5.4051757 5.3189573 -1.0962601
4.9134765 5.3253345 -1.0474612
4.2504492 5.3339295 -0.98595881
3.9767187 5.245162 -0.95153821
3.4193554 5.2609091 -0.90704781
2.946162 5.3423023 -0.88194245
2.6205761 5.3465185 -0.86074734
2.0108299 5.3544078 -0.82682073
1.8654101 5.3562903 -0.81992316
1.0344043 5.3670325 -0.79014021
0.63706052 5.3721652 -0.78204507
0.50616211 5.3738561 -0.78028584
0.37578124 5.3755393 -0.77898771
0.11592773 5.3788929 -0.77775633
-0.013847656 5.3805676 -0.77782035
-0.14371094 5.3822422 -0.77833676
-0.40433592 5.3856068 -0.78073651
-1.068457 5.3941674 -0.7949329
-1.4591309 5.3154111 -0.79682362
-1.8838183 5.320879 -0.81597352
-2.2179296 5.4185815 -0.84639263
-2.3729589 5.4205761 -0.85539669
-2.5314159 5.4226146 -0.86510575
-2.8598535 5.4268384 -0.88677579
-4.6094532 5.4493237 -1.031786
-4.8423438 5.4523144 -1.0541656
-5.0857029 5.4554405 -1.0781791
-5.3405762 5.4587131 -1.1039703
-7.9697852 5.4918957 -1.3991753
-8.4047852 5.4974766 -1.4518373
-8.8741016 5.5034962 -1.5095302
-10.198388 5.0354028 -1.6442103
-10.316807 4.7879319 -1.6442022
-10.429238 4.5376854 -1.6441946
-10.535585 4.2848077 -1.6441871
-10.991142 3.5681207 -1.6705309
-11.909101 3.5509746 -1.7965052
-12.134541 2.6806097 -1.7964877
-12.195635 2.3871477 -1.7964827
-12.249629 2.0922918 -1.796478
-12.394121 0.90246272 -1.7964635
-12.412266 0.60326415 -1.7964609
-12.423193 0.3036975 -1.7964587
-12.426894 0.003981323 -1.7964568
-12.412617 -0.59530699 -1.7964544
-12.394629 -0.89452052 -1.7964538
-12.369443 -1.193207 -1.7964537
-12.297529 -1.788326 -1.7964545
-12.068086 -2.9647403 -1.7964615
-11.911133 -3.543272 -1.7964673
-11.822217 -3.8295312 -1.7964708
-11.726436 -4.1135788 -1.7964747
-11.398408 -4.9506822 -1.7964889
-11.275732 -5.2241855 -1.7964944
-11.010771 -5.7619205 -1.7965066
-10.720166 -6.2862577 -1.7965204
-10.565488 -6.5430174 -1.7965279
-9.5669622 -6.9292431 -1.7076738
-9.1148825 -6.9430432 -1.656399
-8.8790035 -7.1082239 -1.6442207
-8.3419724 -7.7317166 -1.6442479
-7.5585055 -8.4996147 -1.6442883
-7.3513575 -8.6795015 -1.6442991
-6.9243164 -9.0240316 -1.6443216
-6.481123 -9.3475962 -1.644345
-6.0229197 -9.6494169 -1.6443695
-5.788496 -9.791955 -1.6443821
-5.5506735 -9.9287882 -1.644395
-5.0654883 -10.185085 -1.6444212
-4.5684962 -10.417685 -1.6444482
-4.7095604 -11.484841 -1.7944424
-4.4306149 -11.59359 -1.7942086
-4.1491895 -11.695657 -1.7939911
-3.5795605 -11.879501 -1.7935919
-3.2916601 -11.961179 -1.7934126
-3.0019238 -12.036003 -1.7932497
-2.1233983 -12.218909 -1.7928622
-1.5352148 -12.335563 -1.7970104
-1.2372656 -12.369123 -1.7970272
-0.63931638 -12.414634 -1.797061
-0.33970702 -12.426544 -1.7970779
0.55965817 -12.418952 -1.7971292
1.7535449 -12.307732 -1.7971976
2.3450487 -12.209089 -1.7972317
3.2217577 -12.007913 -1.7972827
3.5104785 -11.92682 -1.7972995
4.0816407 -11.743884 -1.797333
4.3637304 -11.642126 -1.7973495
4.6433201 -11.533608 -1.797366
4.7537889 -10.338522 -1.6449786
5.0017576 -10.220934 -1.6449934
5.2468748 -10.097421 -1.6450081
6.1954489 -9.545311 -1.6450648
6.4239254 -9.393199 -1.6450787
6.6486716 -9.2356024 -1.6450922
6.8695312 -9.0726271 -1.6451057
7.0864062 -8.9043617 -1.645119
7.2991796 -8.7309284 -1.6451319
7.7118554 -8.3689117 -1.6451575
7.9115233 -8.1805258 -1.6451697
8.2969532 -7.789598 -1.6451937
8.8385744 -7.1694574 -1.6452278
9.2636127 -7.1507511 -1.6917279
9.7357025 -7.1472001 -1.7459506
10.686835 -6.3592319 -1.7977372
10.837168 -6.099649 -1.7977471
11.118828 -5.5699902 -1.7977661
11.603926 -4.4730287 -1.7977995
11.806191 -3.9082832 -1.797814
11.89709 -3.6224017 -1.7978207
11.981054 -3.3344119 -1.797827
12.127988 -2.7527654 -1.7978384
12.190879 -2.4594433 -1.7978436
12.246679 -2.1646967 -1.7978483
12.37123 -1.273576 -1.79786
12.436445 -0.07583496 -1.7978702
12.434688 0.22415161 -1.7978717
12.385899 1.1225976 -1.7978736
12.355253 1.4210162 -1.7978735
12.317402 1.7186023 -1.797873
12.272344 2.0151916 -1.7978719
12.16084 2.6046503 -1.7978687
12.094511 2.8972039 -1.7978666
11.340117 3.3021953 -1.707438
10.669316 3.9639881 -1.6453912
10.465703 4.4738817 -1.6453824
10.114707 5.2188134 -1.6453663
8.1908588 5.2828074 -1.4090009
7.7805076 5.2881346 -1.3599594
7.038867 5.297761 -1.2735533
6.3844137 5.3062549 -1.2000943
6.0843554 5.3101478 -1.1674378
5.5299411 5.3173389 -1.1090277
4.3511133 5.3326244 -0.99494559
3.8748729 5.2464819 -0.94287229
3.197871 5.3390417 -0.89967465
3.0266113 5.3412609 -0.88748509
2.6971581 5.3455262 -0.86554915
2.230664 5.3515635 -0.83814275
1.9347851 5.3553905 -0.82315391
1.648623 5.3590927 -0.81054372
1.2338672 5.3644552 -0.79573804
1.0987109 5.3662024 -0.79183394
0.96479487 5.3679318 -0.78842604
0.70000976 5.3713522 -0.78305221
0.43818358 5.3747339 -0.77955216
0.30800781 5.3764148 -0.77849197
0.048330076 5.3797655 -0.77773327
-0.2114453 5.3831177 -0.77878636
-0.34174803 5.3847985 -0.77999479
-0.47252929 5.3864856 -0.78166348
-0.60395509 5.3881798 -0.78379613
-0.86936522 5.3916001 -0.78947973
-1.0036523 5.3933325 -0.79304755
-1.3955663 5.324204 -0.79567128
-1.531455 5.3163428 -0.7997849
-1.6719042 5.3181505 -0.80588996
-2.4550586 5.4216318 -0.86036521
-3.2994335 5.4324903 -0.91882241
-3.4830272 5.4348512 -0.93316287
-3.8685448 5.4398069 -0.96495831
-4.2822461 5.4451218 -1.0014101
-4.5012889 5.4479356 -1.021602
-4.7295117 5.4508667 -1.0432471
-4.9677343 5.4539256 -1.0664605
-5.4782519 5.4604807 -1.1181599
-6.0421677 5.4677196 -1.1780074
-6.5670018 5.3901048 -1.2281667
-6.9054294 5.3944483 -1.2667501
-7.3807712 5.4843397 -1.3292881
-7.7723241 5.4893627 -1.3755534
-9.1337595 5.5068259 -1.5418055
-10.26081 4.9068527 -1.644206
-10.376122 4.6579175 -1.6441983
-10.4854 4.4062767 -1.6441907
-10.588574 4.1521015 -1.6441835
-10.776386 3.6366065 -1.64417
-11.459482 3.5616527 -1.7347773
-12.102793 2.8206744 -1.7964903
-12.224658 2.2337263 -1.7964802
-12.318076 1.641582 -1.7964717
-12.382871 1.0456219 -1.7964649
-12.404482 0.74665099 -1.7964621
-12.418877 0.44724852 -1.7964597
-12.426035 0.14757141 -1.7964576
-12.425947 -0.15215148 -1.7964561
-12.40416 -0.75121582 -1.7964541
-12.382421 -1.0501788 -1.7964538
-12.353477 -1.3485336 -1.7964538
-12.274092 -1.942688 -1.7964551
-12.223661 -2.2381742 -1.7964565
-12.166142 -2.5323489 -1.7964581
-12.029902 -3.1161242 -1.7964628
-11.951279 -3.4053798 -1.7964658
-11.773193 -3.9777792 -1.7964728
-11.673828 -4.260592 -1.796477
-11.567695 -4.5409303 -1.7964815
-11.454853 -4.8186221 -1.7964865
-11.335332 -5.0935264 -1.7964919
-11.209208 -5.3654675 -1.7964975
-11.076582 -5.6342649 -1.7965035
-10.93749 -5.8998065 -1.7965101
-10.640322 -6.4204602 -1.7965242
-9.7935839 -6.9222655 -1.7337321
-9.3280373 -6.9365568 -1.6804577
-8.9604788 -7.0051255 -1.6442165
-8.7890139 -7.2192564 -1.6442252
-8.4307423 -7.6347685 -1.6442435
-8.2442083 -7.8359494 -1.6442529
-8.0528517 -8.0325613 -1.6442627
-7.8567967 -8.2244873 -1.6442729
-7.4511228 -8.5939341 -1.6442939
-7.0280857 -8.9433832 -1.6443162
-6.5888376 -9.2720261 -1.6443394
-5.9012499 -9.7243671 -1.644376
-5.665029 -9.8639536 -1.6443887
-5.1828418 -10.12583 -1.6444148
-4.6885643 -10.364157 -1.6444416
-4.8422751 -11.430398 -1.79456
-4.5645704 -11.542312 -1.7943187
-4.2843261 -11.647593 -1.7940933
-3.7167969 -11.837936 -1.7936838
-3.1409569 -12.00102 -1.7933257
-2.5581446 -12.136555 -1.7930342
-1.081748 -12.38374 -1.7970359
-0.78270507 -12.406408 -1.7970529
0.41609374 -12.424531 -1.7971209
1.6111816 -12.32712 -1.7971895
2.4983008 -12.178723 -1.7972406
3.372412 -11.966553 -1.7972915
3.9456346 -11.790222 -1.7973249
4.2288966 -11.691733 -1.7973416
4.3818946 -10.501366 -1.6449566
4.8832617 -10.278029 -1.6449864
5.1298242 -10.157346 -1.6450011
6.0846872 -9.6162415 -1.6450583
6.5414453 -9.3117743 -1.6450858
7.1977735 -8.8146553 -1.6451257
8.0136909 -8.0804987 -1.6451761
8.3941994 -7.6847501 -1.6451999
9.5058594 -7.1489496 -1.7194288
9.9937887 -7.1451926 -1.7759918
10.28748 -6.9864712 -1.7977111
10.453086 -6.7363477 -1.797722
10.765918 -6.2244806 -1.7977424
11.053691 -5.6981134 -1.7977617
11.315722 -5.1584678 -1.7977793
11.659219 -4.3269 -1.7978033
12.095371 -2.8927212 -1.7978358
12.16166 -2.6001549 -1.7978412
12.22086 -2.306073 -1.7978461
12.434746 -0.21956664 -1.7978693
12.43086 0.38035643 -1.7978723
12.370878 1.2781439 -1.7978736
12.057109 3.048949 -1.7978653
11.788828 3.2855573 -1.7691588
10.714434 3.8404346 -1.6453931
10.618671 4.0977368 -1.6453891
10.516719 4.3526454 -1.6453847
10.294531 4.854701 -1.6453748
10.174375 5.1015711 -1.6453692
9.2055464 5.1858397 -1.5274031
7.9734764 5.2856297 -1.3829201
7.5777731 5.2907667 -1.3360413
7.2078319 5.2955675 -1.2929629
5.9344139 5.3120923 -1.1513799
5.394453 5.3190966 -1.0951689
5.1434765 5.3223524 -1.0699782
4.6740232 5.3284397 -1.0246394
4.4536524 5.3312964 -1.0042342
3.9684863 5.2452683 -0.95083386
3.2816405 5.3379579 -0.90582341
2.7745996 5.3445239 -0.87052059
2.6139355 5.3466053 -0.86033767
1.8593848 5.3563671 -0.81964773
1.7163769 5.3582163 -0.81335807
1.4364452 5.361836 -0.80244392
1.1633008 5.3653674 -0.79364187
0.89545894 5.3688278 -0.78684324
0.76311523 5.3705382 -0.78416717
0.63158202 5.3722363 -0.78196263
0.50071287 5.3739271 -0.78022301
0.24032226 5.3772874 -0.77811909
0.11050781 5.3789625 -0.77775067
-0.019267578 5.3806381 -0.77783293
-0.14915039 5.3823142 -0.77836853
-0.27927732 5.3839927 -0.77935857
-0.54090822 5.3873668 -0.7827155
-0.93915039 5.3925009 -0.79127592
-1.0741113 5.3942404 -0.79510242
-1.2104688 5.395997 -0.79943359
-1.3297851 5.3233566 -0.79319412
-2.2243359 5.418663 -0.84675503
-2.5381153 5.4227014 -0.86552656
-2.7004688 5.4247899 -0.8760047
-2.8668945 5.42693 -0.88726169
-3.0377636 5.4291258 -0.89934218
-3.2134373 5.4313865 -0.91229331
-3.3943651 5.433712 -0.92616981
-3.7738085 5.4385886 -0.95694333
-4.1802931 5.4438124 -0.99221748
-4.6189747 5.4494467 -1.0326896
-4.8522849 5.4524436 -1.0551348
-5.0961032 5.455575 -1.0792201
-5.6195507 5.462296 -1.132902
-6.1992188 5.4697361 -1.1951311
-6.4981151 5.4604492 -1.2270024
-6.740664 5.392334 -1.247871
-7.091074 5.3973889 -1.2882565
-7.9873338 5.4921217 -1.4012837
-8.8945217 5.5037584 -1.5120606
-10.079326 5.2697778 -1.6442184
-10.321601 4.7775192 -1.6442019
-10.639873 4.0187101 -1.6441798
-10.733671 3.7608984 -1.6441731
-12.069385 2.960351 -1.7964929
-12.137236 2.6683726 -1.7964876
-12.251738 2.0799634 -1.7964778
-12.423496 0.29117736 -1.7964586
-12.426885 -0.0085491939 -1.7964567
-12.423066 -0.30827576 -1.7964554
-12.368242 -1.2056625 -1.7964537
-12.248731 -2.0967636 -1.7964559
-12.194599 -2.3915944 -1.7964573
-12.133368 -2.6850274 -1.7964592
-11.818339 -3.8414636 -1.7964709
-11.509766 -4.6859074 -1.796484
-11.393437 -4.9621687 -1.7964892
-11.270469 -5.2355461 -1.7964947
-11.140947 -5.5058837 -1.7965007
-10.713799 -6.2970672 -1.7965207
-10.558877 -6.5536699 -1.7965281
-10.027206 -6.9150352 -1.7608256
-9.5475292 -6.9298391 -1.7054511
-8.8718262 -7.1171732 -1.6442209
-8.5183887 -7.5368209 -1.6442388
-8.3341599 -7.7401199 -1.6442484
-8.1450872 -7.9389472 -1.6442579
-7.7528806 -8.3226004 -1.6442782
-7.3425975 -8.6869049 -1.6442996
-7.1309862 -8.8615379 -1.6443107
-6.9152246 -9.0310116 -1.6443222
-6.6955175 -9.1952267 -1.6443337
-6.4716601 -9.3541412 -1.6443456
-6.0132127 -9.6554823 -1.6443701
-5.0552149 -10.190188 -1.6444217
-4.8080173 -10.309238 -1.644435
-4.6979685 -11.489519 -1.7944323
-3.5675488 -11.883054 -1.7935841
-2.6983202 -12.106606 -1.793098
-2.405371 -12.16729 -1.7929693
-2.1110742 -12.220998 -1.7928579
-1.2247851 -12.370374 -1.7970278
-0.62680662 -12.415273 -1.7970617
-0.32718748 -12.426892 -1.7970786
-0.02734375 -12.43128 -1.7970957
0.27250001 -12.428459 -1.7971127
0.57218748 -12.418379 -1.7971298
1.1704004 -12.376575 -1.7971641
2.0622363 -12.259914 -1.7972153
2.3573828 -12.206719 -1.7972325
2.9433398 -12.07906 -1.7972665
3.2338769 -12.004663 -1.7972834
3.5224903 -11.923292 -1.7973002
3.8091114 -11.83497 -1.797317
4.0934668 -11.739769 -1.7973336
4.3754687 -11.63773 -1.7973503
4.6549606 -11.528923 -1.7973667
4.5134959 -10.445539 -1.6449645
4.7641015 -10.333731 -1.6449792
5.0120506 -10.2159 -1.644994
5.2570701 -10.092122 -1.6450087
5.5465426 -8.9941139 -1.5275645
7.0953903 -8.8972273 -1.6451194
7.7202735 -8.3611164 -1.6451579
8.490097 -7.5787134 -1.6452059
9.756094 -7.1470428 -1.748314
10.374531 -6.8566771 -1.7977167
10.536953 -6.6044908 -1.7977275
10.843301 -6.0887275 -1.7977476
11.124434 -5.5588064 -1.7977663
11.255332 -5.2888937 -1.7977753
11.497402 -4.7400045 -1.797792
11.608438 -4.4613342 -1.7977998
11.810137 -3.8963611 -1.7978142
11.900762 -3.6103833 -1.7978208
11.984394 -3.3223073 -1.7978272
12.061093 -3.032294 -1.7978331
12.372519 -1.2611057 -1.7978603
12.399355 -0.96232235 -1.7978635
12.418964 -0.66297668 -1.797866
12.436543 -0.06330505 -1.7978703
12.434453 0.23668151 -1.7978718
12.425117 0.53650147 -1.7978729
12.384805 1.1350781 -1.7978736
12.353827 1.4334662 -1.7978735
12.217832 2.322921 -1.7978706
12.158203 2.6169298 -1.7978687
10.665351 3.9747381 -1.645391
10.566347 4.2308044 -1.6453868
10.46121 4.4844236 -1.6453822
10.349941 4.7354245 -1.6453772
10.109472 5.2290039 -1.6453662
8.1731253 5.2830381 -1.4068642
7.3820701 5.2933068 -1.3131562
7.0243554 5.2979493 -1.2718964
6.3715429 5.3064222 -1.1986786
5.5189257 5.3174829 -1.1078945
5.0172458 5.3239889 -1.0575503
4.7828708 5.3270288 -1.0349306
4.5581446 5.3299427 -1.0138358
3.6765819 5.2490516 -0.92643082
3.4981737 5.2598886 -0.91318274
3.1906347 5.3391371 -0.89914769
2.8529589 5.3435092 -0.87566781
2.2243848 5.3516455 -0.83780438
2.0752051 5.3535752 -0.83002663
1.9287012 5.3554697 -0.82286698
1.6427245 5.3591685 -0.81030363
1.5028223 5.3609776 -0.80486113
1.3647265 5.3627634 -0.79995358
0.43274415 5.3748035 -0.77949828
0.30257812 5.3764853 -0.77845716
-0.34720701 5.3848691 -0.78005606
-0.74171871 5.389957 -0.78651786
-1.0093067 5.3934045 -0.79320747
-1.4013379 5.3242784 -0.79589218
-1.5372851 5.3164158 -0.80002946
-2.0005372 5.4157825 -0.8346144
-2.1511328 5.4177222 -0.84266579
-2.3047559 5.4196982 -0.85137492
-2.4616699 5.4217176 -0.86077154
-2.6221972 5.4237828 -0.87089056
-2.7866309 5.4258986 -0.88176906
-2.955332 5.4280677 -0.89344937
-3.3069921 5.4325876 -0.91940254
-4.080205 5.4425254 -0.98332298
-4.2912207 5.4452367 -1.0022269
-4.7392673 5.4509921 -1.0441867
-4.9779296 5.4540577 -1.067468
-5.4894433 5.4606247 -1.119321
-6.360908 5.4718113 -1.2129524
-6.9200387 5.3946347 -1.268436
-8.6643648 5.5008054 -1.4836426
-9.884697 5.6258545 -1.6441808
-10.144677 5.1427135 -1.644214
-10.489843 4.3957028 -1.6441903
-10.592744 4.1414051 -1.6441832
-10.780058 3.6257219 -1.6441697
-12.034385 3.0996525 -1.7964957
-12.105615 2.808476 -1.79649
-12.169805 2.5156732 -1.7964848
-12.226904 2.2214007 -1.7964801
-12.276884 1.9258441 -1.7964756
-12.405214 0.7341522 -1.7964619
-12.426171 0.13507141 -1.7964576
-12.425791 -0.16467407 -1.796456
-12.418202 -0.46432617 -1.7964549
-12.403378 -0.7637164 -1.7964541
-12.381337 -1.0626553 -1.7964537
-12.352129 -1.3609793 -1.7964538
-12.315702 -1.6585107 -1.7964543
-12.098681 -2.837276 -1.7964604
-11.947822 -3.4174187 -1.7964659
-11.861934 -3.7046087 -1.7964692
-11.76917 -3.9896452 -1.7964729
-11.563125 -4.5525827 -1.7964817
-11.330195 -5.104949 -1.796492
-11.070889 -5.6454539 -1.7965039
-10.931542 -5.910852 -1.7965105
-1.4558984 -9.702322 -1.6446289
-0.51446289 -9.7977657 -1.6446819
-0.041396484 -9.8113356 -1.6447089
0.43184569 -9.8020782 -1.6447357
0.66813475 -9.7888947 -1.6447493
1.6081054 -9.6793184 -1.6448033
1.8411132 -9.6377964 -1.6448169
2.0730567 -9.5906696 -1.6448302
2.3037889 -9.5379505 -1.6448436
2.7611034 -9.415904 -1.6448703
2.9874511 -9.3466415 -1.6448835
3.4347656 -9.1918592 -1.6449097
3.6555176 -9.1064091 -1.6449227
3.8740721 -9.0156641 -1.6449357
4.5159373 -8.7121639 -1.6449739
4.7247458 -8.6007662 -1.6449863
5.1341209 -8.3630409 -1.6450108
5.3343554 -8.2368336 -1.6450229
6.2868357 -7.5354552 -1.6450808
6.6430273 -7.2236047 -1.6451026
7.2173438 -7.1255646 -1.700152
7.5712109 -7.1226153 -1.7425246
8.4820509 -6.5611477 -1.7976108
8.7887306 -6.1445441 -1.7976304
8.934433 -5.9308167 -1.7976398
9.0749216 -5.7136254 -1.797649
9.5833197 -4.8128824 -1.7976828
9.8043747 -4.3451648 -1.7976979
10.002578 -3.8673341 -1.7977116
10.092969 -3.6249754 -1.797718
10.1775 -3.3804979 -1.7977241
10.256094 -3.1340435 -1.79773
10.32875 -2.8857718 -1.7977355
10.39537 -2.6358185 -1.7977405
10.510468 -2.1314545 -1.7977498
10.558808 -1.8773305 -1.7977538
10.601054 -1.6221108 -1.7977575
10.690664 -0.85140043 -1.7977668
10.719296 -0.33485657 -1.7977711
10.724257 -0.076213375 -1.7977728
10.701738 0.69936889 -1.7977757
10.623164 1.4712914 -1.7977754
10.58457 1.7270898 -1.7977744
10.431952 2.4878459 -1.7977699
10.368887 2.7387273 -1.7977676
10.299824 2.9880207 -1.797765
10.224727 3.2355645 -1.7977622
9.6744528 3.3201928 -1.7145965
9.2039251 3.4089954 -1.645305
9.0288277 3.8488688 -1.6452974
8.5 4.9071507 -1.645273
8.2533979 5.3113098 -1.645261
8.1228514 5.5087962 -1.6452509
7.4128318 5.2927732 -1.5268598
7.0532422 5.2974439 -1.4786874
6.3971481 5.3059654 -1.3932278
6.0964255 5.3098707 -1.3552363
5.8115039 5.3135705 -1.3200119
5.5408592 5.3170838 -1.2872993
5.283164 5.3204298 -1.2568849
5.0372071 5.3236203 -1.2285717
4.8019528 5.3266745 -1.2021893
4.5764647 5.3296008 -1.1775867
4.3599024 5.3324108 -1.1546284
3.88291 5.2462802 -1.0941118
3.5132909 5.2595983 -1.0602788
3.3527343 5.2912278 -1.0500404
3.2050977 5.3388562 -1.0438451
3.033623 5.3410788 -1.0296699
2.8666601 5.3432422 -1.0164562
2.7038281 5.3453512 -1.0041568
2.5448046 5.3474107 -0.99271995
2.3892772 5.3494248 -0.98210698
2.2369335 5.3513966 -0.97227794
1.5144335 5.3607459 -0.93379581
1.3761718 5.3625355 -0.92805356
1.2395409 5.3643003 -0.92291456
1.1043261 5.3660483 -0.91836387
0.97036129 5.3677807 -0.91438735
0.83747071 5.3694968 -0.91097265
0.57426757 5.3728976 -0.90579045
0.31342772 5.3762655 -0.90275472
0.18352538 5.3779416 -0.90203071
-0.33628905 5.3846469 -0.90438825
-0.59843749 5.3880286 -0.90875089
-0.7306152 5.3897324 -0.91174543
-0.86374998 5.391449 -0.915295
-1.1335449 5.3949232 -0.92409968
-1.2557324 5.3337669 -0.91854596
-1.9880469 5.4155383 -0.96704578
-2.1384082 5.4174719 -0.97631961
-2.291748 5.4194431 -0.98635238
-2.6085937 5.4235191 -1.0088418
-3.1139159 5.4300132 -1.0492851
-3.291826 5.4322996 -1.0647646
-3.4751756 5.4346542 -1.081346
-3.6644433 5.4370861 -1.0990995
-3.8601367 5.4395995 -1.118108
-4.0628514 5.4422021 -1.1384617
-4.2731934 5.4449024 -1.1602547
-4.4918847 5.4477086 -1.1836026
-4.7196875 5.4506335 -1.208627
-5.2062011 5.4568772 -1.2642747
-5.4669628 5.4602208 -1.2952315
-5.7409763 5.4637365 -1.3285342
-6.553154 5.389802 -1.4223394
-6.8906932 5.3941298 -1.4669278
-7.3647752 5.4839988 -1.5392363
-8.2705374 5.2741685 -1.6443212
-8.3953028 5.0731287 -1.644313
-8.7400093 4.4527845 -1.6442901
-8.9445114 4.0260921 -1.6442763
-9.0389843 3.8091784 -1.6442697
-9.1281929 3.590039 -1.6442636
-10.151445 3.4371021 -1.7966046
-10.305342 2.9435456 -1.7965932
-10.37331 2.6941199 -1.7965879
-10.491094 2.1907184 -1.7965785
-10.540869 1.9370385 -1.7965744
-10.584501 1.6822289 -1.7965705
-10.697256 0.65473509 -1.7965586
-10.716572 -0.12041443 -1.7965535
-10.698271 -0.63708127 -1.7965518
-10.679785 -0.89493954 -1.7965513
-10.543925 -1.9196368 -1.7965536
-10.49458 -2.1733825 -1.7965552
-10.439092 -2.425878 -1.7965569
-10.377578 -2.6769583 -1.7965591
-10.236416 -3.1743145 -1.7965645
-10.156904 -3.4202909 -1.7965677
-10.071474 -3.664283 -1.7965711
-9.9801855 -3.9061437 -1.7965751
-9.7802639 -4.3829041 -1.796584
-9.5575581 -4.8494749 -1.7965941
-9.3126364 -5.3047795 -1.7966056
-9.1820211 -5.5278831 -1.7966119
-8.7583981 -6.1773582 -1.7966325
-8.6069136 -6.386826 -1.7966399
-8.2889748 -6.7945304 -1.7966559
-8.0552826 -6.9344659 -1.7817515
-7.334609 -6.957355 -1.694671
-6.782949 -7.0860772 -1.64434
-5.8812695 -7.8509202 -1.6443871
-5.6902442 -7.9905424 -1.6443973
-5.4958982 -8.1255102 -1.6444076
-5.2983494 -8.2557516 -1.6444181
-5.0977049 -8.3812017 -1.644429
-4.8941307 -8.5017824 -1.6444398
-4.6876659 -8.6174011 -1.6444509
-4.2666993 -8.8335629 -1.6444738
-3.395957 -9.203783 -1.6445212
-3.172998 -9.2830763 -1.6445335
-2.9481933 -9.3569822 -1.6445459
-2.7216699 -9.4254417 -1.6445585
-2.2640233 -9.5458746 -1.6445838
-1.8010449 -9.6440983 -1.6446097
-0.8636328 -9.7730608 -1.6446623
-0.62765622 -9.7911329 -1.6446756
0.31852537 -9.8063784 -1.6447293
0.55497068 -9.795928 -1.6447428
1.0267383 -9.7579212 -1.6447699
1.2617968 -9.730401 -1.6447833
2.4234471 -9.5082865 -1.6448506
2.8792186 -9.3805103 -1.6448771
3.1046581 -9.3084059 -1.6448904
3.3283007 -9.2308931 -1.6449035
3.5499902 -9.1480017 -1.6449165
3.7696385 -9.0597935 -1.6449294
3.9870801 -8.9663076 -1.6449424
4.4148827 -8.7637386 -1.6449678
4.6250196 -8.654767 -1.6449803
5.0371094 -8.4217787 -1.645005
5.2388086 -8.2979002 -1.645017
5.4374609 -8.1691961 -1.6450291
5.6329293 -8.0357208 -1.6450409
6.0139842 -7.7548413 -1.645064
6.1993356 -7.6075854 -1.6450753
6.559082 -7.2998662 -1.6450975
6.7332811 -7.1395984 -1.6451083
7.3995113 -7.1240673 -1.7218443
7.7626367 -7.120954 -1.7658433
8.2425776 -6.8594847 -1.7975956
8.5639257 -6.454083 -1.7976161
8.7171087 -6.2456956 -1.7976259
9.2784376 -5.3769574 -1.7976625
9.6430664 -4.6920948 -1.7976867
9.753437 -4.458179 -1.7976943
9.9572067 -3.9826653 -1.7977084
10.050371 -3.7413702 -1.7977149
10.137734 -3.4978783 -1.7977213
10.294706 -3.0049419 -1.7977328
10.485117 -2.2527666 -1.7977476
10.536406 -1.9992309 -1.7977519
10.581601 -1.7445157 -1.7977558
10.653457 -1.2322046 -1.7977628
10.680078 -0.97489226 -1.7977656
10.714706 -0.45871398 -1.7977701
10.722636 -0.2001477 -1.797772
10.724375 0.058539428 -1.7977736
10.668867 1.0914215 -1.7977759
10.603827 1.604646 -1.7977749
10.514062 2.1141436 -1.7977725
10.399843 2.6187205 -1.7977688
10.333672 2.8687952 -1.7977663
10.010019 3.3065631 -1.7671788
9.1604099 3.5243688 -1.6453031
8.8815231 4.1774206 -1.6452906
8.7781639 4.3904076 -1.645286
8.5561523 4.8086047 -1.6452756
8.4376955 5.013557 -1.6452699
8.1860352 5.4145799 -1.6452577
6.8747263 5.2997632 -1.4551072
6.5473633 5.3040147 -1.4124928
6.2384176 5.3080273 -1.3730775
5.668828 5.3154235 -1.3026739
5.4050584 5.3188462 -1.2711825
4.9133787 5.3252282 -1.2145971
4.250371 5.3338304 -1.1432819
3.9766405 5.2450657 -1.1033731
3.7827537 5.2475781 -1.0843874
3.288955 5.3377709 -1.0509949
2.9461131 5.3422132 -1.0226704
2.4633789 5.3484654 -0.9870916
2.1587598 5.3524094 -0.96745628
2.0107911 5.3543234 -0.9587552
1.7222852 5.3580565 -0.94343501
1.4421972 5.3616796 -0.93072772
1.3048145 5.3634558 -0.92530227
1.1689355 5.3652124 -0.92047203
0.90100586 5.3686743 -0.91253948
0.76861328 5.3703856 -0.90941358
0.11592773 5.3788133 -0.90186214
-0.013847656 5.3804884 -0.90193623
-0.14371094 5.382164 -0.9025352
-0.2738086 5.3838425 -0.90366095
-0.40433592 5.3855262 -0.90531772
-0.53540039 5.3872156 -0.90750873
-0.66718751 5.3889146 -0.91024184
-0.79983395 5.3906236 -0.91352469
-1.0684375 5.3940845 -0.9217791
-1.3240625 5.3232017 -0.91951895
-1.4591016 5.3153281 -0.92397135
-1.598457 5.3171225 -0.93071491
-1.7399511 5.318944 -0.93810982
-1.8837891 5.3207946 -0.94617569
-2.5313768 5.4225254 -1.0031474
-2.6935546 5.4246106 -1.01526
-3.3866308 5.4335165 -1.0732597
-3.9648242 5.4409437 -1.1285372
-4.6093554 5.4492188 -1.1964194
-5.0856051 5.4553294 -1.2502147
-5.3404589 5.4585996 -1.2801216
-6.1863084 5.4694481 -1.3842032
-6.726377 5.392024 -1.4451203
-7.0758395 5.3970604 -1.49178
-7.9408007 5.759203 -1.6443715
-8.0771971 5.5658741 -1.6443337
-8.2090425 5.3694091 -1.6443253
-8.8974018 4.1291947 -1.6442795
-8.9943647 3.9133806 -1.6442729
-10.465097 2.3118188 -1.7965807
-10.517783 2.0587287 -1.7965764
-10.564365 1.8044391 -1.7965723
-10.639052 1.2928821 -1.7965654
-10.667119 1.0358936 -1.7965624
-10.704629 0.52026612 -1.7965575
-10.714063 0.26191649 -1.7965556
-10.717256 0.0034338378 -1.7965541
-10.704931 -0.51340389 -1.7965519
-10.689414 -0.7714569 -1.7965515
-10.5654 -1.7976553 -1.7965531
-10.518994 -2.0519671 -1.7965543
-10.466435 -2.3050866 -1.796556
-10.343115 -2.8071415 -1.7965603
-10.272431 -3.0558002 -1.796563
-10.195742 -3.3026755 -1.7965661
-9.9303417 -4.0312219 -1.7965772
-9.3733006 -5.1967888 -1.7966027
-9.2452536 -5.421382 -1.7966088
-8.6801167 -6.2869196 -1.7966363
-8.3669043 -6.6982584 -1.7966521
-7.1580954 -6.9628568 -1.673969
-6.8643456 -7.0071955 -1.6443357
-6.693408 -7.1707611 -1.6443446
-6.5185351 -7.3301549 -1.6443537
-5.7821774 -7.9242167 -1.6443924
-4.1553907 -8.8865051 -1.6444798
-3.7220604 -9.076684 -1.6445035
-3.5020897 -9.163888 -1.6445155
-3.2800586 -9.2457638 -1.6445277
-2.9509473 -9.0013943 -1.5879419
-2.8304198 -9.3933249 -1.6445525
-2.6030567 -9.4589243 -1.6445651
-2.3741698 -9.5190344 -1.6445777
-2.1438963 -9.5736046 -1.6445906
-1.9123729 -9.6226044 -1.6446034
-1.6797558 -9.6660061 -1.6446164
-1.4461328 -9.703783 -1.6446295
-0.97650391 -9.7623911 -1.6446558
-0.50458986 -9.7982807 -1.6446825
-0.26811522 -9.8076754 -1.644696
0.20517577 -9.8093624 -1.6447228
1.1492676 -9.7442913 -1.6447768
1.6178613 -9.6776962 -1.6448039
2.3133984 -9.5356264 -1.6448442
2.5427442 -9.4771357 -1.6448576
2.7706053 -9.4131231 -1.6448709
3.4440234 -9.1883907 -1.6449103
3.6646678 -9.1027231 -1.6449233
3.8831737 -9.011755 -1.6449362
4.5247068 -8.7076063 -1.6449744
4.7334571 -8.5960073 -1.6449869
5.1425586 -8.3578615 -1.6450113
6.474277 -7.3751535 -1.6450922
7.5863476 -7.1224852 -1.7443616
7.9591599 -7.1192007 -1.7900658
8.1627731 -6.9542589 -1.7975906
8.3281441 -6.7553983 -1.797601
8.4887104 -6.5526042 -1.7976112
8.6443167 -6.3459921 -1.7976211
9.0807028 -5.7044659 -1.7976494
9.2156439 -5.483809 -1.7976582
9.3453121 -5.2599645 -1.7976669
9.5881834 -4.8032084 -1.7976831
9.9104881 -4.0974555 -1.7977052
10.180918 -3.3702469 -1.7977244
10.259257 -3.1237185 -1.7977302
10.45834 -2.3737967 -1.7977455
10.560703 -1.8666857 -1.797754
10.602675 -1.6114281 -1.7977576
10.638476 -1.3552303 -1.7977612
10.668066 -1.0982434 -1.7977643
10.722813 0.19329345 -1.7977742
10.715 0.45186704 -1.797775
10.701015 0.71015072 -1.7977757
10.654336 1.2253833 -1.7977759
10.62164 1.4820019 -1.7977754
10.537812 1.9925054 -1.7977732
10.366172 2.7491686 -1.7977676
10.296797 2.9983892 -1.7977649
10.221464 3.2458665 -1.7977619
9.6461325 3.3213434 -1.7101703
9.2005072 3.4182713 -1.6453048
9.1153908 3.6391797 -1.6453012
9.0249023 3.8579705 -1.6452972
8.8283396 4.2886872 -1.6452883
8.7222652 4.5003624 -1.6452833
8.6111517 4.7094164 -1.6452781
8.3739843 5.1191783 -1.6452669
8.2480469 5.3196201 -1.6452607
7.3973241 5.2929749 -1.5247673
7.038691 5.2976332 -1.4767578
6.7017574 5.3020105 -1.4324876
6.0842381 5.310029 -1.3537136
5.7999215 5.3137207 -1.3185977
5.5298438 5.3172264 -1.2859859
4.5672655 5.3297191 -1.1765946
4.3510351 5.3325243 -1.1537033
3.3528905 5.3033056 -1.0517672
3.0265625 5.3411703 -1.0290976
2.8597655 5.3433313 -1.0159236
2.6971092 5.345438 -1.0036623
2.3828516 5.3495078 -0.98168087
2.2306347 5.3514781 -0.97188336
1.934746 5.3553085 -0.95450306
1.7905663 5.3571739 -0.94686055
1.6485937 5.3590112 -0.93988127
1.3704296 5.3626084 -0.92782664
1.2338476 5.3643737 -0.92271274
1.0986913 5.3661203 -0.91818672
0.96477538 5.3678513 -0.91423362
0.1780957 5.3780112 -0.90201145
0.048330076 5.3796873 -0.90183473
-0.08147461 5.381362 -0.90218258
-0.2114453 5.383038 -0.90305573
-0.34174803 5.3847179 -0.90445817
-0.60394531 5.3880992 -0.9088648
-0.73617184 5.3898044 -0.911883
-1.0036426 5.3932505 -0.91959232
-1.2587206 5.3223605 -0.9167996
-1.5314355 5.3162584 -0.92740345
-1.8145703 5.3199034 -0.94222623
-2.7796288 5.4257164 -1.0219241
-3.1212597 5.4301085 -1.0499117
-3.2993748 5.4323974 -1.0654334
-3.4829783 5.4347558 -1.0820633
-3.6724901 5.4371901 -1.0998689
-4.5012012 5.4478292 -1.1846123
-4.967627 5.4538145 -1.2366264
-5.2168455 5.4570127 -1.2655238
-5.7527442 5.4638877 -1.3299789
-6.0420408 5.4675975 -1.3659707
-8.0122747 5.6587768 -1.6443152
-8.2758694 5.2658262 -1.644321
-8.4004097 5.0646505 -1.6443127
-8.5200977 4.8605409 -1.6443048
-8.7445021 4.4439783 -1.6442899
-8.8490915 4.2317524 -1.6442828
-9.0428028 3.8000517 -1.6442695
-9.7150488 3.5416706 -1.7333969
-10.154902 3.4268792 -1.7966043
-10.376016 2.6836627 -1.7965878
-10.49331 2.1801476 -1.7965783
-10.542803 1.9264123 -1.7965742
-10.623418 1.4157397 -1.7965668
-10.654443 1.1590948 -1.7965639
-10.679277 0.90177 -1.7965609
-10.710322 0.38571411 -1.7965565
-10.716435 -0.13121825 -1.7965533
-10.710146 -0.38965881 -1.7965524
-10.678886 -0.90569884 -1.7965513
-10.653926 -1.1630077 -1.7965515
-10.585468 -1.675419 -1.7965525
-10.541992 -1.9302529 -1.7965537
-10.492383 -2.1839597 -1.7965552
-10.307031 -2.9368792 -1.7965617
-10.233222 -3.1846268 -1.7965646
-10.153447 -3.4305241 -1.7965678
-10.067793 -3.6744275 -1.7965713
-9.8789158 -4.1556916 -1.7965796
-9.7758398 -4.3927684 -1.7965841
-9.5526752 -4.8591027 -1.7965944
-9.176445 -5.5371318 -1.7966123
-8.7521582 -6.1861815 -1.7966328
-8.6004486 -6.3955054 -1.7966403
-8.4437399 -6.6011176 -1.7966483
-8.2820997 -6.802886 -1.7966563
-8.0394526 -6.9349761 -1.7797961
-7.6710057 -6.9467535 -1.7348225
-6.9857812 -6.9681854 -1.6540167
-6.6028028 -7.2543125 -1.6443493
-6.2453513 -7.5643835 -1.6443679
-6.0611134 -7.7128592 -1.6443777
-5.8733497 -7.8568535 -1.6443876
-5.6821876 -7.9962778 -1.6443977
-5.2900195 -8.2610922 -1.6444186
-4.8855371 -8.5067091 -1.6444403
-4.6789746 -8.6221352 -1.6444514
-4.0434275 -8.9380522 -1.644486
-3.8266895 -9.0330334 -1.6444978
-3.6077342 -9.122776 -1.6445097
-3.3866699 -9.2072039 -1.6445217
-2.9387791 -9.3599463 -1.6445465
-2.4840136 -9.4909286 -1.6445717
-2.0234473 -9.5998287 -1.6445973
-1.0892285 -9.7504225 -1.6446496
-0.61779296 -9.7917585 -1.6446762
-0.38144532 -9.8038874 -1.6446896
-0.14486328 -9.8103266 -1.6447029
0.091796875 -9.8110437 -1.6447165
0.32839844 -9.8060541 -1.6447299
0.564834 -9.7953634 -1.6447433
0.8009277 -9.778966 -1.6447569
1.0365722 -9.7568808 -1.6447705
1.5059277 -9.6957064 -1.6447974
1.971748 -9.6119642 -1.6448244
2.8886523 -9.3776026 -1.6448778
3.1140234 -9.3052816 -1.644891
4.2111325 -8.863369 -1.6449558
4.4237304 -8.7592831 -1.6449684
4.841074 -8.5358858 -1.6449933
5.0455856 -8.4167042 -1.6450055
6.5664062 -7.293262 -1.645098
6.7404881 -7.1328073 -1.6451087
7.0678515 -7.1267605 -1.682554
7.4143357 -7.1239433 -1.7236199
8.4124212 -6.6502409 -1.7976063
8.5704298 -6.4454374 -1.7976164
8.7233982 -6.236908 -1.7976263
8.8713284 -6.0247245 -1.7976358
9.15166 -5.5899453 -1.797654
9.2838869 -5.3676114 -1.7976627
9.4106836 -5.1421485 -1.7976712
9.6477928 -4.6823792 -1.7976871
9.7579489 -4.4483366 -1.7976947
9.9611912 -3.9726207 -1.7977087
10.05416 -3.7312334 -1.7977153
10.14127 -3.4876654 -1.7977215
10.222461 -3.2420595 -1.7977275
10.297714 -2.9945672 -1.7977331
10.366972 -2.7453256 -1.7977383
10.430215 -2.4944882 -1.7977432
10.538418 -1.9885995 -1.797752
10.583359 -1.7338439 -1.797756
10.622089 -1.4780771 -1.7977595
10.654687 -1.2214706 -1.7977628
10.681074 -0.96413177 -1.7977656
10.70123 -0.70622987 -1.7977682
10.722852 -0.18933837 -1.7977722
10.724336 0.06934692 -1.7977736
10.667753 1.1021826 -1.7977759
10.457617 2.3776636 -1.7977709
10.25834 3.1275342 -1.7977635
9.3101368 3.3370812 -1.6579013
8.877285 4.1863661 -1.6452905
8.7737112 4.3992505 -1.6452857
8.665019 4.6095786 -1.6452807
8.4325972 5.0220542 -1.6452698
8.1805468 5.4228354 -1.6452575
7.5775976 5.2906322 -1.5492147
6.2259178 5.3081884 -1.3714958
5.9342771 5.3119764 -1.3350935
5.6575584 5.3155699 -1.3013115
4.903574 5.3253551 -1.2134982
4.4535742 5.3311949 -1.1644737
3.5876172 5.2501097 -1.0659348
3.1080468 5.3401146 -1.0357472
2.6138964 5.3465161 -0.99761719
2.3031836 5.3505392 -0.97648114
2.004668 5.354403 -0.95840687
1.8593554 5.3562841 -0.9504379
1.5754492 5.3599572 -0.93650091
1.2991016 5.3635302 -0.92508835
1.0287988 5.3670239 -0.91605622
0.5007031 5.3738465 -0.90472168
0.37033203 5.3755298 -0.90323788
0.24032226 5.3772082 -0.90228271
0.11050781 5.3788843 -0.90185452
-0.14914063 5.3822351 -0.90257126
-0.40979493 5.3855968 -0.90539801
-0.54089844 5.3872862 -0.90761238
-0.67270505 5.3889866 -0.91036749
-0.93914062 5.3924208 -0.91753894
-1.0740918 5.3941574 -0.92197567
-1.2104492 5.3959141 -0.92699784
-1.3297753 5.3232751 -0.91976386
-1.464873 5.3154025 -0.92424029
-1.6043261 5.3171983 -0.93101108
-1.7459179 5.3190198 -0.93843353
-1.8898633 5.3208737 -0.94652897
-2.072295 5.4166198 -0.97217315
-2.2242968 5.4185767 -0.9818691
-2.3794627 5.4205723 -0.99234474
-2.5380664 5.4226108 -1.0036359
-2.7004199 5.4246998 -1.0157859
-3.0377147 5.4290333 -1.0428461
-3.5809178 5.4360118 -1.0911863
-4.1802149 5.4437084 -1.15054
-4.3951659 5.4464684 -1.1731927
-4.6188965 5.4493408 -1.1974677
-5.351377 5.4587388 -1.2814195
-6.4981251 5.4604554 -1.4228141
-6.7404981 5.3922043 -1.4469786
-7.9465723 5.7511864 -1.6443669
-8.0828123 5.5577354 -1.6443335
-8.3413382 5.1614184 -1.6443167
-8.6925583 4.5447373 -1.6442933
-8.9982815 3.9043205 -1.6442726
-9.3916893 3.547271 -1.6829052
-10.089335 3.5351398 -1.792111
-10.197148 3.2990046 -1.7966012
-10.27374 3.0520854 -1.7965956
-10.344316 2.8033879 -1.7965902
-10.408896 2.5530658 -1.7965852
-10.606338 1.5384283 -1.7965685
-10.640332 1.2821552 -1.7965652
-10.668154 1.0251459 -1.7965623
-10.689755 0.7675299 -1.7965597
-10.705146 0.50947756 -1.7965574
-10.713945 -0.26586363 -1.7965529
-10.688652 -0.78223389 -1.7965515
-10.66667 -1.0397924 -1.7965513
-10.638476 -1.2967641 -1.7965516
-10.604092 -1.552983 -1.7965522
-10.516894 -2.0625668 -1.7965543
-10.340273 -2.8175726 -1.7965605
-10.192411 -3.3129704 -1.7965662
-10.02083 -3.800626 -1.7965734
-9.8259373 -4.2794819 -1.7965819
-9.6081543 -4.748384 -1.7965918
-9.4908886 -4.978766 -1.7965972
-9.2397947 -5.4307051 -1.7966092
-9.106142 -5.6520023 -1.7966156
-8.967207 -5.8700213 -1.7966223
-8.8230658 -6.0846176 -1.7966293
-8.5194826 -6.5030656 -1.7966444
-8.3601561 -6.7066922 -1.7966523
-8.1959963 -6.9064245 -1.7966605
-7.8451953 -6.941206 -1.7559599
-7.4861913 -6.9525962 -1.7126515
-6.8572946 -7.0141211 -1.6443362
-6.686152 -7.1775107 -1.644345
-6.5111227 -7.3367286 -1.6443541
-6.1498337 -7.6422753 -1.6443729
-5.774199 -7.9300499 -1.6443928
-5.5812888 -8.0670614 -1.644403
-5.3851271 -8.1993866 -1.6444136
-4.7782812 -8.5674582 -1.644446
-4.5702829 -8.6802759 -1.6444573
-3.7129102 -9.0804377 -1.644504
-3.2707617 -9.2490635 -1.6445282
-2.8209472 -9.3961754 -1.6445531
-2.3645606 -9.5214233 -1.6445782
-1.9026757 -9.624526 -1.644604
-1.6700097 -9.6676912 -1.644617
-1.4363672 -9.7052431 -1.6446301
-1.2018652 -9.7371397 -1.6446432
-0.96666992 -9.7633705 -1.6446565
-0.73089844 -9.7839241 -1.6446698
-0.49470702 -9.798789 -1.644683
-0.021591796 -9.8114061 -1.6447099
0.21504882 -9.8091497 -1.6447234
0.45161131 -9.8011932 -1.6447369
0.68784177 -9.7875347 -1.6447505
0.92373043 -9.7681713 -1.6447639
1.3937597 -9.7124281 -1.6447909
1.8605273 -9.6340714 -1.6448179
2.3230274 -9.533287 -1.6448448
3.0062792 -9.3406115 -1.6448846
3.6738281 -9.0990248 -1.6449238
4.322207 -8.8097925 -1.6449623
4.5334764 -8.7030392 -1.6449749
4.7421093 -8.5912285 -1.6449873
4.9479685 -8.4744177 -1.6449996
5.1509376 -8.3526735 -1.6450119
5.3509765 -8.2260637 -1.6450239
5.547832 -8.0946798 -1.6450359
5.7415037 -7.9585643 -1.6450475
5.9318357 -7.8178296 -1.6450591
6.3020115 -7.5227771 -1.6450818
6.4816794 -7.3686261 -1.6450927
6.9075584 -7.1280079 -1.6638926
7.2462888 -7.1253304 -1.7035795
7.6016016 -7.1223545 -1.7462082
7.9751754 -7.1190562 -1.7920501
8.4953318 -6.5440531 -1.7976117
8.6507225 -6.3372803 -1.7976216
8.8010931 -6.1268134 -1.7976311
8.9463472 -5.9127874 -1.7976407
9.2211714 -5.4745202 -1.7976587
9.350605 -5.2505412 -1.7976671
9.4745703 -5.0235033 -1.7976755
9.7058592 -4.5608058 -1.797691
9.8131056 -4.3253999 -1.7976984
10.010351 -3.8471625 -1.7977122
10.184297 -3.3599668 -1.7977247
10.262422 -3.1133566 -1.7977303
10.334551 -2.8649368 -1.7977358
10.400644 -2.6148465 -1.7977409
10.514766 -2.110266 -1.79775
10.562597 -1.8560433 -1.7977542
10.639863 -1.344511 -1.7977613
10.700274 0.72093749 -1.7977757
10.653047 1.2361194 -1.7977759
10.620136 1.492705 -1.7977753
10.581055 1.7484258 -1.7977744
10.426894 2.5088763 -1.7977698
10.218203 3.2561657 -1.7977618
9.1116991 3.6483617 -1.645301
9.0209961 3.8670628 -1.6452971
8.9250975 4.0835075 -1.6452926
8.7177343 4.5091476 -1.6452832
8.6064062 4.7180896 -1.645278
8.490078 4.9242859 -1.6452725
7.381875 5.2931747 -1.5226809
6.6881247 5.3021874 -1.4307147
6.3713865 5.3063011 -1.3899397
5.7883396 5.3138709 -1.3171836
5.2621679 5.3207016 -1.2544391
5.0171485 5.3238807 -1.2262959
4.5580468 5.3298388 -1.1756066
4.342207 5.3326402 -1.152781
4.1344433 5.3353333 -1.1314718
3.866709 5.2464905 -1.0925283
3.4981151 5.2597947 -1.0588948
3.3530371 5.3153954 -1.0534922
3.1905859 5.3390455 -1.0426217
2.6904101 5.3455248 -1.0031687
2.5316699 5.3475819 -0.99180281
2.376416 5.3495922 -0.98125553
2.0751758 5.3534913 -0.96247184
1.9286718 5.3553867 -0.95416939
1.6427051 5.359087 -0.93960315
1.5028027 5.3608961 -0.93329191
1.364707 5.3626828 -0.92760146
1.2281835 5.3644471 -0.92251194
1.0930761 5.3661947 -0.91800976
0.95919919 5.3679233 -0.91408038
0.69450194 5.3713427 -0.90789604
0.43273437 5.3747239 -0.90388203
0.30256835 5.3764048 -0.90267414
0.042900391 5.379756 -0.90183914
-0.47800779 5.3864756 -0.90648472
-0.87493163 5.391593 -0.91561633
-1.0092871 5.3933239 -0.91977835
-1.1449413 5.395072 -0.92451793
-1.6777929 5.3181443 -0.93479526
-1.8205858 5.3199816 -0.94256485
-2.6221581 5.4236927 -1.0098556
-2.9552832 5.4279747 -1.0360128
-3.3069432 5.4324937 -1.0661067
-3.680537 5.4372935 -1.1006399
-4.0801172 5.4424243 -1.1402253
-4.2911329 5.4451318 -1.1621455
-4.5105662 5.4479504 -1.1856288
-5.2275391 5.4571495 -1.2667798
-5.489326 5.4605088 -1.2979207
-5.7645116 5.4640379 -1.3314294
-6.3607712 5.4716859 -1.4064904
-6.5805759 5.3901539 -1.425928
-7.3964062 5.4844041 -1.543532
-8.1519823 5.4557142 -1.6443288
-8.2811623 5.2574792 -1.6443205
-8.639472 4.6449146 -1.6442969
-8.7489643 4.4351635 -1.6442895
-10.15836 3.4166198 -1.7966039
-10.237812 3.1706085 -1.7965982
-10.311259 2.9227679 -1.7965927
-10.495498 2.1695709 -1.7965782
-10.655615 1.1483551 -1.7965636
-10.680185 0.89101255 -1.7965609
-10.698565 0.63314879 -1.7965585
-10.71662 0.11648986 -1.7965547
-10.716309 -0.1420166 -1.7965533
-10.709756 -0.40044433 -1.7965524
-10.696953 -0.65864623 -1.7965516
-10.583779 -1.6861078 -1.7965527
-10.540039 -1.9408926 -1.7965537
-10.490147 -2.1945565 -1.7965553
-10.304072 -2.9472597 -1.7965618
-10.14999 -3.440758 -1.7965679
-10.064062 -3.6845691 -1.7965716
-9.6624022 -4.6370325 -1.7965894
-9.5477734 -4.8687487 -1.7965946
-9.427597 -5.0976362 -1.7966001
-1.2786132 -8.5208626 -1.6446453
-1.0727344 -8.5492811 -1.6446569
-0.86623043 -8.5727301 -1.6446686
-0.6592285 -8.5911884 -1.6446801
-0.036328126 -8.6165552 -1.6447155
0.586748 -8.5968142 -1.644751
0.79395509 -8.5802259 -1.6447629
1.0006738 -8.5586462 -1.6447748
1.6169043 -8.4640732 -1.6448103
1.8205858 -8.4226704 -1.644822
2.424834 -8.2691774 -1.6448573
2.6236033 -8.2083492 -1.6448689
3.9659081 -7.6510849 -1.6449482
4.1493258 -7.5532508 -1.6449591
4.5088086 -7.3444571 -1.6449808
4.6846681 -7.233614 -1.6449913
5.1047068 -7.1060238 -1.6700761
5.3678122 -7.1041651 -1.6995819
5.6404099 -7.1020746 -1.7311323
6.2053905 -7.0832481 -1.7974786
6.3744335 -6.9315605 -1.7974889
6.7013278 -6.6161613 -1.7975093
7.5858006 -5.5806627 -1.7975651
7.7182031 -5.3960972 -1.7975736
7.8461328 -5.2083941 -1.7975819
7.9695115 -5.0176558 -1.7975898
8.0882807 -4.8239951 -1.7975976
8.2023048 -4.6275344 -1.7976053
8.4159956 -4.2266259 -1.7976195
8.5155268 -4.0224237 -1.7976263
8.6100588 -3.8158746 -1.7976327
8.7841206 -3.3962481 -1.7976447
8.8635349 -3.1834095 -1.7976505
3.0610058 -1.0167279 -0.61566329
3.0542674 -0.8533383 -0.60531509
9.2725973 -1.6486425 -1.7976818
9.3096876 -1.4245138 -1.7976851
9.3883591 -0.7476843 -1.7976933
9.4036522 -0.52102417 -1.7976954
9.4178705 -0.066929318 -1.7976986
9.4167576 0.16024414 -1.7976997
9.3980665 0.61417478 -1.7977011
9.3805466 0.84067261 -1.7977014
9.3575191 1.0666815 -1.7977012
9.2951756 1.5167035 -1.7977
3.0555468 0.88642699 -0.60727966
3.0588868 0.96796995 -0.61240721
3.0625584 1.0510436 -0.61803901
8.8316994 3.271126 -1.7976831
7.9289842 3.3800218 -1.6452322
7.8451366 3.570271 -1.6452285
7.6637692 3.944428 -1.6452203
7.4646091 4.3093967 -1.6452109
7.1334176 4.8377748 -1.6451948
6.7649021 5.3408127 -1.6451765
5.2830467 5.3203187 -1.4311411
5.0371094 5.323513 -1.3989044
4.5763669 5.3294969 -1.3408514
4.3598242 5.3323083 -1.3147122
4.1514354 5.3350134 -1.2903087
3.6921093 5.2486582 -1.224882
3.5132322 5.2595043 -1.2072821
3.0335741 5.3409872 -1.1724298
2.0874999 5.3532457 -1.0967437
1.7965137 5.3570127 -1.0784889
1.654453 5.3588514 -1.0705113
1.5144043 5.3606629 -1.0632647
0.9703418 5.3676977 -1.0411665
0.83746094 5.3694153 -1.0372783
0.57425779 5.3728161 -1.0313772
0.31342772 5.3761854 -1.027922
0.053759765 5.3795362 -1.0268699
-0.33628905 5.3845663 -1.0297807
-0.46704102 5.3862534 -1.0319589
-0.59842771 5.3879466 -1.0347481
-0.73060542 5.3896508 -1.0381584
-0.86374021 5.391367 -1.0421993
-1.3897656 5.323966 -1.0502634
-1.5255859 5.3161011 -1.0556667
-1.6659472 5.3179088 -1.0636975
-1.9880176 5.4154501 -1.1011245
-2.1383691 5.4173841 -1.1116841
-2.2917187 5.4193554 -1.1231083
-2.6085448 5.4234276 -1.1487145
-3.113867 5.4299192 -1.1947651
-3.2917774 5.4322033 -1.2123892
-3.8600683 5.4394979 -1.273129
-4.2731051 5.444797 -1.3211169
-4.7195997 5.4505248 -1.3761948
-5.2060838 5.4567628 -1.4395568
-5.4668455 5.4601049 -1.4748055
-6.0295115 5.4673166 -1.5535737
-6.5196776 5.6312594 -1.6443948
-6.6536813 5.4724436 -1.6444142
-6.9097652 5.1451573 -1.6443979
-7.0318356 4.9769788 -1.6443901
-7.3731833 4.4554758 -1.6443679
-7.478447 4.2763238 -1.6443609
-7.6759276 3.9106696 -1.6443478
-7.7679977 3.7243786 -1.6443416
-7.8757224 3.5450127 -1.6485636
-8.3671875 3.5260828 -1.7331297
-8.7596483 3.445111 -1.7966837
-8.8401852 3.232821 -1.7966779
-8.9857416 2.8027313 -1.7966675
-9.0507126 2.5851793 -1.7966626
-9.164814 2.1456909 -1.7966537
-9.2138672 1.9240136 -1.7966497
-9.2575779 1.7012146 -1.7966461
-9.3949413 0.57502443 -1.7966323
-9.4117279 0.12128051 -1.7966288
-9.4119043 -0.10575561 -1.7966276
-9.3958492 -0.55952084 -1.7966262
-9.330801 -1.2373953 -1.7966262
-9.2602835 -1.6859332 -1.7966279
-9.2169237 -1.9087881 -1.7966292
-9.1682129 -2.1305437 -1.7966309
-9.0548143 -2.5702062 -1.7966349
-8.920351 -3.003891 -1.7966402
-8.5895605 -3.8493078 -1.7966545
-8.0641308 -4.854877 -1.796679
-7.9447165 -5.0479851 -1.7966849
-7.5590234 -5.609242 -1.7967038
-7.4215622 -5.7899528 -1.7967106
-7.2797656 -5.967299 -1.7967176
-7.1337695 -6.1411662 -1.7967252
-6.9836035 -6.3114719 -1.7967328
-6.5090427 -6.7999778 -1.7967572
-6.3404589 -6.9520226 -1.7959896
-6.0479784 -6.9613857 -1.7602003
-5.7666306 -6.9702306 -1.7267547
-5.4954882 -6.9785929 -1.6954881
-4.9973826 -7.0176525 -1.644442
-4.6532321 -7.2505603 -1.6444602
-4.1168847 -7.5681572 -1.6444889
-3.9331834 -7.6653013 -1.6444991
-3.7471678 -7.7579851 -1.6445091
-3.5589843 -7.8461585 -1.6445193
-3.3687401 -7.9297619 -1.6445297
-3.1765332 -8.0087566 -1.6445402
-2.1899414 -8.333045 -1.6445946
-1.98833 -8.3834953 -1.6446056
-1.3770019 -8.5054932 -1.6446398
0.27973631 -8.6121759 -1.6447335
0.48736328 -8.602994 -1.6447453
1.3139257 -8.5162706 -1.6447928
1.5189648 -8.4821653 -1.6448046
1.723125 -8.4431219 -1.6448164
1.9262793 -8.3991623 -1.6448283
2.1283202 -8.3503218 -1.64484
2.3291113 -8.2966213 -1.6448517
2.7265429 -8.1747608 -1.644875
2.9229295 -8.1066732 -1.6448865
3.1176269 -8.0338745 -1.6448979
3.3105371 -7.9563961 -1.6449094
3.6904101 -7.7876019 -1.6449318
3.877207 -7.6963787 -1.6449429
4.061738 -7.6006718 -1.6449538
4.2439256 -7.5005455 -1.6449647
5.508574 -7.1031046 -1.7157516
5.7864451 -7.1008887 -1.7484288
6.0751171 -7.0984168 -1.7833912
6.4610739 -6.8509455 -1.7974943
6.6244726 -6.6931438 -1.7975045
6.7839842 -6.5314593 -1.7975144
6.9396091 -6.3659678 -1.7975241
7.0911717 -6.1967626 -1.7975336
7.3818164 -5.8476529 -1.797552
7.5207419 -5.6679363 -1.7975608
7.9109764 -5.1094146 -1.797586
8.1482611 -4.7219992 -1.7976016
8.3665228 -4.3235865 -1.7976161
8.5653906 -3.915122 -1.7976297
8.744297 -3.4975286 -1.797642
8.8261328 -3.2856226 -1.7976478
3.0628221 -1.0567837 -0.61844307
3.0557616 -0.891954 -0.60761452
3.0499804 -0.73268372 -0.59873188
9.2078514 -1.9783478 -1.7976766
9.2529097 -1.7556951 -1.7976801
9.3268557 -1.3074322 -1.7976869
9.3790817 -0.85613465 -1.7976922
9.4140034 0.27855223 -1.7977002
9.4045696 0.50553101 -1.7977009
9.3896284 0.732207 -1.7977012
9.343379 1.1841711 -1.7977011
9.3120899 1.4091748 -1.7977004
3.0511816 0.76829773 -0.6005798
3.057246 0.92872375 -0.60988915
3.0607617 1.0110443 -0.61527669
8.868926 3.1688452 -1.7976846
7.6135936 4.0404053 -1.6452179
7.513906 4.2228565 -1.6452131
7.4098434 4.402844 -1.6452082
7.3014646 4.5802722 -1.6452031
6.8261719 5.2622824 -1.6451795
6.6972265 5.4253721 -1.6451732
4.6832423 5.3281088 -1.3540306
4.4625001 5.3309741 -1.3270108
3.7826855 5.2474828 -1.2347308
3.5952539 5.2499156 -1.2145381
3.2888963 5.337677 -1.1967106
2.7812989 5.3442588 -1.1499653
2.6204979 5.3463416 -1.136477
2.1587305 5.352324 -1.1015925
2.0107617 5.3542395 -1.0916848
1.1689258 5.3651319 -1.0480945
0.90098631 5.3685946 -1.0390624
0.76859373 5.3703051 -1.035503
0.63704097 5.3720045 -1.0325663
0.50616211 5.3736949 -1.0302439
0.24574219 5.377058 -1.0274171
-0.013847656 5.3804078 -1.0269884
-0.2738086 5.3837619 -1.0289531
-0.93352538 5.3922653 -1.0445583
-1.204707 5.3957591 -1.0552727
-1.3240331 5.3231201 -1.0470079
-1.459082 5.3152452 -1.0520775
-1.5984277 5.3170395 -1.0597566
-1.7399218 5.3188596 -1.0681778
-1.8837597 5.3207102 -1.0773636
-2.0659864 5.4164538 -1.1065198
-2.3728807 5.4203992 -1.1294138
-2.531328 5.4224353 -1.1422315
-2.6935155 5.42452 -1.1560224
-2.8597558 5.4266562 -1.1708417
-3.0304296 5.4288473 -1.1867441
-3.2058787 5.4311008 -1.2037932
-3.3865623 5.4334216 -1.222062
-3.5729296 5.4358139 -1.2416279
-3.7654686 5.4382849 -1.2625754
-3.9647362 5.4408422 -1.2850027
-4.1713376 5.4434924 -1.3090163
-4.3859277 5.4462461 -1.3347356
-4.8421388 5.4520969 -1.3918447
-5.0854979 5.4552159 -1.4235476
-5.889287 5.4655185 -1.5336183
-6.9738574 5.0579185 -1.6443939
-7.0937986 4.8882227 -1.6443861
-7.3212008 4.5403943 -1.6443713
-7.4285545 4.3624682 -1.6443642
-8.1160841 3.5312579 -1.6894594
-8.6553125 3.5200958 -1.7835019
-8.8022461 3.3347723 -1.7966807
-9.0824509 2.4712541 -1.7966601
-9.1910353 2.0303693 -1.7966516
-9.3438082 1.1354809 -1.7966381
-9.4014158 0.4569287 -1.7966313
-9.4124994 0.0030151366 -1.7966282
-9.401679 -0.45090148 -1.7966264
-9.3690033 -0.90377015 -1.796626
-9.3444624 -1.1294793 -1.7966261
-9.1922169 -2.0244575 -1.7966299
-9.1407423 -2.2455807 -1.7966317
-8.9544725 -2.900598 -1.7966387
-8.7213764 -3.5404472 -1.7966486
-8.6334572 -3.749778 -1.7966524
-8.3398142 -4.3642211 -1.7966659
-8.2321482 -4.5641088 -1.7966709
-7.8806834 -5.1474161 -1.7966878
-7.7542577 -5.3360167 -1.7966942
-7.3482714 -5.8827567 -1.7967143
-7.2042379 -6.0583105 -1.7967215
-6.9037595 -6.3987341 -1.7967367
-6.5872364 -6.7242785 -1.796753
-6.4231443 -6.8812389 -1.7967616
-6.1866698 -6.9569678 -1.7770447
-5.6241698 -6.9746442 -1.7102083
-5.3580079 -6.9827709 -1.6800139
-5.1008592 -6.9904652 -1.6517766
-4.7366991 -7.1962857 -1.6444558
-4.3842187 -7.4164224 -1.6444746
-2.4857812 -8.2495365 -1.6445782
-2.2860937 -8.3071432 -1.6445892
-2.0850878 -8.3599291 -1.6446004
-1.6795019 -8.4508705 -1.6446229
-1.2700391 -8.522151 -1.6446458
-1.0641308 -8.5503607 -1.6446574
-0.85758787 -8.5736046 -1.6446691
-0.44314453 -8.6051044 -1.6446923
-0.23545898 -8.613349 -1.6447041
-0.027646484 -8.6165876 -1.644716
0.18018554 -8.6148071 -1.6447277
0.59542966 -8.5962229 -1.6447515
0.80259764 -8.5794277 -1.6447635
1.2154297 -8.5308609 -1.6447871
1.4208496 -8.4991245 -1.644799
1.6254394 -8.4624395 -1.6448108
1.829082 -8.4208298 -1.6448226
2.0316405 -8.3743286 -1.6448344
2.8290429 -8.1398878 -1.6448809
3.0245702 -8.0693474 -1.6448923
3.7880077 -7.7406445 -1.6449375
4.1569333 -7.549067 -1.6449597
4.5161915 -7.3399081 -1.6449811
4.6919727 -7.228889 -1.6449918
4.8649411 -7.1136737 -1.6450021
5.1155272 -7.1059508 -1.6712697
5.379004 -7.1040821 -1.7008582
5.6520114 -7.1019816 -1.7324984
6.3814259 -6.9251394 -1.7974894
7.5914254 -5.57301 -1.7975655
7.7236133 -5.3883128 -1.7975739
7.9745898 -5.0096159 -1.7975901
8.5195503 -4.0138402 -1.7976265
8.6139259 -3.8072021 -1.7976331
3.0573339 -0.93089199 -0.61002576
3.0541406 -0.849989 -0.60511994
3.05125 -0.77039611 -0.60069042
9.1843557 -2.0846331 -1.7976745
9.2742577 -1.6392956 -1.797682
9.3111525 -1.4151328 -1.7976854
9.3425388 -1.1901433 -1.7976884
9.4137888 -0.28456604 -1.7976973
9.4179487 -0.057427365 -1.7976986
9.4166012 0.16974731 -1.7976998
9.4097462 0.39682066 -1.7977006
9.3974609 0.62364376 -1.7977011
9.3796682 0.85012573 -1.7977014
9.3564453 1.076112 -1.7977012
9.3277731 1.3014722 -1.7977008
9.2936325 1.5260748 -1.7977
9.2092381 1.9724628 -1.7976975
3.0590332 0.97140807 -0.61263198
3.0627148 1.0545514 -0.61828595
8.8284369 3.2800219 -1.7976829
8.353672 3.3350909 -1.7169021
7.8415036 3.5781829 -1.6452284
7.6598043 3.9521575 -1.64522
7.5622263 4.1357465 -1.6452154
7.3539453 4.4955969 -1.6452055
7.2433395 4.6716309 -1.6452001
7.1285543 4.8449583 -1.6451946
6.8865428 5.1830578 -1.6451826
6.7594919 5.3476305 -1.6451764
6.6284962 5.5090475 -1.6451571
6.0841012 5.3099108 -1.5413938
5.5297265 5.3171144 -1.4642775
5.2725391 5.3204551 -1.4297494
5.02707 5.3236437 -1.3976057
4.7922459 5.3266931 -1.3676558
4.5671678 5.3296156 -1.3397223
4.3509569 5.3324232 -1.313658
3.6842675 5.2487607 -1.2240366
3.505625 5.2596021 -1.2064911
3.3528807 5.3032899 -1.1976078
3.0265136 5.3410788 -1.1717784
1.9347265 5.3552246 -1.0868437
1.7905371 5.3570895 -1.0781413
0.96476561 5.3677697 -1.0409909
0.83192378 5.3694873 -1.0371302
0.43817383 5.3745728 -1.0292753
-0.34173828 5.3846374 -1.0298606
-0.47251952 5.3863244 -1.0320628
-0.73616207 5.3897228 -1.0383145
-1.1392187 5.3949156 -1.0524616
-1.2587011 5.3222775 -1.0439128
-1.6718554 5.3179846 -1.0640492
-1.8145508 5.319818 -1.0728639
-2.1447167 5.4174657 -1.1121447
-2.298203 5.4194384 -1.1236049
-2.6153319 5.4235153 -1.1492914
-2.9480956 5.4277892 -1.1789869
-3.1212108 5.4300146 -1.1954778
-3.6724217 5.4370909 -1.2523603
-4.0713964 5.4422107 -1.2973067
-4.2820802 5.444912 -1.3221931
-4.5011034 5.447722 -1.3488519
-5.2167382 5.4568982 -1.4409785
-5.4780273 5.4602475 -1.4763337
-5.7526073 5.4637671 -1.5143707
-6.6592088 5.4657273 -1.6444138
-6.9149609 5.1381774 -1.6443975
-7.2682614 4.6247034 -1.6443748
-7.4827733 4.2687702 -1.6443607
-7.6798534 3.9029264 -1.6443475
-7.8916407 3.5426152 -1.6511459
-8.3897266 3.5256164 -1.7370592
-8.763154 3.4362895 -1.7966834
-8.988574 2.7936778 -1.7966671
-9.1669626 2.1364555 -1.7966535
-9.2973824 1.4680591 -1.7966425
-9.3573236 1.0179809 -1.7966368
-9.3955269 0.5655371 -1.7966322
-9.4118452 0.1117749 -1.7966288
-9.4062691 -0.34222046 -1.7966267
-9.3952637 -0.56899232 -1.7966261
-9.2967577 -1.4714468 -1.796627
-9.1660643 -2.139782 -1.7966309
-9.1117964 -2.360244 -1.7966328
-8.9873924 -2.7969217 -1.7966375
-8.9173431 -3.0128779 -1.7966403
-8.8420706 -3.2270899 -1.7966435
-8.7616701 -3.4394214 -1.7966468
-8.6762209 -3.649754 -1.7966506
-8.5856638 -3.8579686 -1.7966546
-8.4901361 -4.0639429 -1.796659
-8.389678 -4.2675281 -1.7966636
-8.2843361 -4.4686589 -1.7966685
-8.0592384 -4.8630037 -1.7966791
-7.9396286 -5.0559864 -1.796685
-7.8153906 -5.2460351 -1.7966911
-7.553369 -5.616868 -1.7967041
-7.4157224 -5.7974377 -1.796711
-7.2737694 -5.9746389 -1.796718
-6.3280172 -6.952424 -1.7944459
-5.7550879 -6.9705896 -1.7254071
-4.819541 -7.1410327 -1.6444514
-4.4696093 -7.3652377 -1.64447
-4.2907028 -7.470943 -1.6444796
-4.1092868 -7.5723033 -1.6444894
-3.168457 -8.0119581 -1.6445405
-2.9742968 -8.0860968 -1.6445512
-2.7784374 -8.1555338 -1.644562
-2.5809178 -8.220232 -1.6445729
-2.3819237 -8.2801485 -1.6445838
-2.1815331 -8.335248 -1.644595
-1.7770605 -8.4308691 -1.6446174
-1.5732129 -8.4713392 -1.6446289
-0.95660156 -8.5630922 -1.6446633
-0.54254884 -8.5993824 -1.6446868
-0.33499023 -8.6100283 -1.6446985
-0.12723632 -8.6156616 -1.6447103
0.080624998 -8.6162882 -1.6447221
0.28839844 -8.611907 -1.644734
0.49605468 -8.6025038 -1.6447457
0.70338863 -8.5880947 -1.6447576
0.91036129 -8.5686903 -1.6447695
1.1167675 -8.5443001 -1.6447815
1.3225391 -8.5149441 -1.6447934
1.5275097 -8.4806347 -1.6448051
1.934746 -8.3972254 -1.6448288
2.1367285 -8.3481789 -1.6448405
2.3374708 -8.2942696 -1.6448522
2.5368555 -8.2355347 -1.6448638
2.7347851 -8.1720095 -1.6448754
3.1257422 -8.0307331 -1.6448983
3.3185449 -7.9530587 -1.6449097
3.5094433 -7.870759 -1.6449211
3.698252 -7.783884 -1.6449323
4.0693946 -7.5965757 -1.6449543
4.7824411 -7.1693969 -1.6449972
4.9924607 -7.1067691 -1.6577827
5.2516208 -7.1050053 -1.6864362
6.0874414 -7.0983071 -1.7849042
6.3009176 -6.9983983 -1.7974844
6.4679489 -6.8444324 -1.7974948
6.6312108 -6.6864667 -1.7975049
6.7906055 -6.5246234 -1.7975148
6.9460154 -6.3589702 -1.7975246
7.0974021 -6.1896152 -1.797534
7.2446876 -6.0166626 -1.7975433
7.3877149 -5.8402042 -1.7975525
7.526484 -5.6603441 -1.7975613
7.66082 -5.4772096 -1.7975699
7.7907419 -5.2908692 -1.7975782
8.0368948 -4.90904 -1.7975943
8.1530075 -4.7137899 -1.7976019
8.2643356 -4.5157847 -1.7976093
8.472578 -4.112011 -1.7976233
8.7478323 -3.4887023 -1.7976424
3.0626659 -1.0532755 -0.61819589
3.0556347 -0.88857543 -0.60740972
9.2547264 -1.7463602 -1.7976804
9.2941408 -1.5226345 -1.7976838
9.3281641 -1.2980258 -1.7976869
9.379961 -0.84668517 -1.7976924
9.4179296 0.060898434 -1.7976992
9.4040432 0.51500791 -1.7977009
9.3888865 0.74168092 -1.7977012
9.3682423 0.96791869 -1.7977012
9.3421679 1.1935961 -1.7977011
9.2737694 1.642713 -1.7976996
9.2314453 1.865913 -1.7976984
9.1837301 2.0880268 -1.7976968
3.0541797 0.85120785 -0.60519063
3.0573828 0.93213195 -0.61010391
7.795918 3.6764104 -1.6452262
7.6095114 4.0480757 -1.6452177
7.0671091 4.934144 -1.6451917
6.9459763 5.1031394 -1.6451855
6.2257614 5.3080702 -1.5616407
5.9341407 5.3118601 -1.5201929
5.3942184 5.3188758 -1.4459792
4.9034762 5.3252501 -1.3817412
4.6738281 5.3282309 -1.3528625
4.4534764 5.3310914 -1.3259219
4.241611 5.3338428 -1.3007748
3.5875487 5.2500143 -1.2137263
2.7745116 5.3443456 -1.1493813
2.3031445 5.3504539 -1.1118687
2.1524999 5.3524046 -1.1011623
2.0046387 5.3543186 -1.0912883
1.8593261 5.3561997 -1.0822138
1.7163281 5.3580503 -1.0739081
1.4364063 5.3616724 -1.0595002
1.1632714 5.3652048 -1.0478785
1.0287793 5.3669434 -1.0430667
0.89542967 5.3686666 -1.0389007
0.76309568 5.3703771 -1.035368
0.63156247 5.3720765 -1.0324574
0.50069332 5.3737669 -1.0301605
-0.019257812 5.3804784 -1.027005
-0.40978515 5.3855162 -1.0309314
-0.93912107 5.3923388 -1.0447549
-1.4648535 5.315321 -1.0523837
-1.7458886 5.3189368 -1.0685455
-2.0722754 5.4165344 -1.106963
-2.2242675 5.4184885 -1.1180022
-3.5808592 5.4359155 -1.2424757
-3.7736719 5.4383898 -1.2634833
-3.9732323 5.4409509 -1.2859752
-4.3950782 5.4463634 -1.3358498
-4.6187987 5.4492321 -1.3634886
-6.4600682 5.6998582 -1.6444339
-6.8551364 5.2177768 -1.6444013
-7.2143455 4.7084107 -1.6443783
-7.4329491 4.354979 -1.644364
-7.5358105 4.1744156 -1.6443571
-7.6342478 3.9914207 -1.6443505
-7.8178024 3.618593 -1.6443381
-8.8832226 3.1125379 -1.796675
-8.9557028 2.8973639 -1.7966696
-9.1416693 2.2422462 -1.7966555
-9.2391109 1.7987695 -1.7966475
-9.2797852 1.5754193 -1.7966441
-9.3150978 1.3511341 -1.7966409
-9.3449507 1.1260626 -1.796638
-9.3693752 0.90033937 -1.7966354
-9.3883686 0.67408997 -1.7966331
-9.401865 0.4474524 -1.7966313
-9.4099312 0.22055115 -1.7966295
-9.4124994 -0.0064752195 -1.7966282
-9.3131447 -1.36392 -1.7966266
-9.2365427 -1.8114645 -1.7966285
-9.1901855 -2.0337169 -1.79663
-9.1384668 -2.2547922 -1.7966317
-9.0814257 -2.4745522 -1.7966338
-9.0191011 -2.6928754 -1.7966363
-8.7178125 -3.5492299 -1.7966489
-8.5365334 -3.9655361 -1.796657
-8.4384279 -4.1702924 -1.7966614
-8.3354006 -4.3726258 -1.7966663
-8.114892 -4.7695417 -1.7966766
-7.9975195 -4.9638963 -1.7966822
-7.4822068 -5.7113328 -1.7967076
-7.1981444 -6.0655694 -1.7967218
-7.0497751 -6.2374396 -1.7967294
-6.8973141 -6.4056907 -1.7967372
-6.5804491 -6.7309179 -1.7967534
-6.4162107 -6.8877134 -1.7967619
-5.8883786 -6.966424 -1.7411063
-5.0902634 -6.990778 -1.6506367
-4.9016013 -7.0848517 -1.644447
-4.7294531 -7.2010555 -1.6444561
-3.6415625 -7.8081536 -1.6445147
-3.4521875 -7.8937578 -1.6445251
-3.2608104 -7.9747772 -1.6445355
-2.8724902 -8.1228571 -1.6445569
-2.6757617 -8.1898317 -1.6445677
-2.277705 -8.3094521 -1.6445897
-1.8743554 -8.4097395 -1.6446121
-1.4666504 -8.4904613 -1.6446348
-1.0555078 -8.5514355 -1.6446579
-0.64189452 -8.5925055 -1.6446812
-0.43446288 -8.6055508 -1.6446929
-0.22676757 -8.6135883 -1.6447047
-0.018964844 -8.6166172 -1.6447165
0.18887694 -8.6146269 -1.6447283
0.39660156 -8.6076288 -1.6447401
0.8112402 -8.5786142 -1.6447639
1.0179297 -8.556612 -1.6447756
1.429414 -8.4976873 -1.6447995
2.040117 -8.3722811 -1.6448349
2.8372655 -8.137043 -1.6448814
3.0327148 -8.0662975 -1.6448928
3.2264061 -7.990859 -1.6449043
3.6080468 -7.8260736 -1.6449269
3.7957909 -7.7368259 -1.644938
3.9813378 -7.6430688 -1.6449492
4.5235934 -7.3353524 -1.6449816
4.6992579 -7.2241573 -1.6449922
4.8712888 -7.1075382 -1.6447172
5.3902345 -7.1039987 -1.7021383
5.9474998 -7.0995297 -1.7678095
6.7147069 -6.6026359 -1.79751
7.0253906 -6.2712169 -1.7975296
7.3196874 -5.9251842 -1.7975481
7.4605079 -5.7469444 -1.797557
7.5970116 -5.5653539 -1.7975657
7.7290626 -5.3805265 -1.7975743
7.979609 -5.0015783 -1.7975906
8.0980072 -4.8076806 -1.7975984
8.3204689 -4.4115906 -1.797613
8.523613 -4.0052524 -1.7976267
8.7069139 -3.5895703 -1.7976394
8.7909565 -3.3785334 -1.7976453
3.0571873 -0.92747647 -0.60981077
3.0540135 -0.84663206 -0.60492545
9.1864643 -2.0753767 -1.7976748
9.2338667 -1.8532031 -1.7976786
9.3125391 -1.4057494 -1.7976855
9.34373 -1.1807296 -1.7976884
9.3695507 -0.95501679 -1.7976911
9.4046869 -0.50206238 -1.7976956
9.4179688 -0.047939453 -1.7976987
9.4093752 0.40628296 -1.7977006
9.3968163 0.63311464 -1.7977011
9.3553514 1.0855414 -1.7977012
9.2523632 1.7591119 -1.797699
3.0500097 0.73388124 -0.59879255
3.0527637 0.81291443 -0.6030075
8.3317385 3.3360541 -1.7130762
7.9221482 3.3959997 -1.6452321
7.7491012 3.7740765 -1.6452241
7.3493943 4.5030055 -1.6452054
7.2386327 4.6789269 -1.6452
7.123652 4.8521423 -1.6451944
7.0045309 5.0225291 -1.6451886
6.8813086 5.1899924 -1.6451823
6.7541013 5.3544345 -1.6451761
6.0718942 5.3100681 -1.5396591
5.0170507 5.3237743 -1.396314
3.8666406 5.2463942 -1.2440031
3.019453 5.3411703 -1.1711303
2.8528612 5.3433299 -1.1561774
2.5316308 5.3474936 -1.1293135
2.0751367 5.3534055 -1.0959164
1.7845508 5.3571677 -1.0777938
1.6426758 5.359004 -1.0698779
1.3646777 5.3626013 -1.0562117
1.2281543 5.3643651 -1.0504177
0.95918941 5.3678417 -1.0408171
0.69449216 5.3712635 -1.0337751
0.4327246 5.3746433 -1.0292052
0.30256835 5.3763242 -1.0278296
0.17267577 5.3780017 -1.0270543
0.042900391 5.3796763 -1.0268778
-0.21686523 5.3830285 -1.0283191
-0.47799805 5.386395 -1.0321685
-0.74169922 5.3897934 -1.0384713
-1.2643945 5.3223524 -1.044176
-1.401289 5.3241138 -1.0508494
-1.6777636 5.3180604 -1.0644027
-1.8205566 5.3198962 -1.0732484
-2.1510644 5.4175477 -1.112605
-2.3046777 5.4195213 -1.124103
-2.6221192 5.4236021 -1.1498682
-3.306875 5.4323988 -1.213918
-3.4906933 5.4347582 -1.232906
-3.6804686 5.4371948 -1.2532372
-4.080039 5.4423218 -1.2983123
-4.5104785 5.4478431 -1.3500087
-4.7390723 5.4507737 -1.3786691
-5.7643943 5.4639182 -1.5160213
-6.3939452 5.7742906 -1.6444763
-6.5309863 5.6180859 -1.6443874
-6.7943845 5.2966537 -1.6444054
-6.9201465 5.1312108 -1.6443973
-7.1594725 4.791472 -1.6443819
-7.2729297 4.617373 -1.6443745
-7.3821578 4.4405918 -1.6443673
-7.5876269 4.0794029 -1.6443537
-7.6837792 3.8951855 -1.6443472
-8.766592 3.427439 -1.7966832
-8.9913769 2.7845976 -1.796667
-9.1691208 2.1272173 -1.7966534
-9.2177343 1.905437 -1.7966495
-9.3313179 1.2339783 -1.7966393
-9.3583498 1.0085486 -1.7966366
-9.379941 0.78253782 -1.7966342
-9.3960743 0.55606502 -1.7966321
-9.4119434 0.10231079 -1.7966288
-9.4059181 -0.35169432 -1.7966267
-9.3946877 -0.57845944 -1.7966261
-9.3780174 -0.80488586 -1.796626
-9.2130365 -1.9273843 -1.7966293
-9.1638966 -2.1490364 -1.796631
-9.1094046 -2.3694274 -1.7966328
-9.0496187 -2.5884492 -1.7966352
-8.98456 -2.805975 -1.7966375
-8.8388376 -3.2359996 -1.7966436
-8.7582226 -3.4482508 -1.796647
-8.6725197 -3.6585002 -1.7966508
-8.4860353 -4.0724978 -1.7966592
-0.95541012 -7.6140947 -1.6446686
-0.40241209 -7.6633887 -1.6446997
-0.21744139 -7.670918 -1.6447102
-0.032373045 -7.6739774 -1.6447207
0.33774415 -7.6667066 -1.6447418
0.52256835 -7.6563778 -1.6447523
0.70709962 -7.6415973 -1.644763
1.0748047 -7.5987091 -1.6447841
1.4400097 -7.5381279 -1.6448051
1.9812988 -7.4144292 -1.6448365
2.3365917 -7.3103499 -1.6448573
3.0444629 -7.0849724 -1.6527244
3.2488184 -7.084403 -1.6703901
3.4576561 -7.0836625 -1.6893932
3.6712987 -7.0827446 -1.7098005
3.890244 -7.0816412 -1.7316889
4.7271872 -6.9271665 -1.7973952
5.0557814 -6.691215 -1.7974153
5.215703 -6.5673614 -1.797425
5.5264454 -6.3082628 -1.7974441
5.6770115 -6.1731658 -1.7974534
5.8242774 -6.0344682 -1.7974625
5.9681444 -5.8922706 -1.7974714
6.1085544 -5.7466354 -1.7974801
6.24541 -5.5976562 -1.7974888
6.3786521 -5.4454136 -1.7974973
6.5081835 -5.2900071 -1.7975053
6.7557616 -4.9700451 -1.7975211
6.8736911 -4.8056746 -1.7975286
7.0974998 -4.4686394 -1.7975433
7.2032418 -4.2961655 -1.7975502
7.4951172 -3.7641513 -1.7975695
7.6679492 -3.3983459 -1.7975813
3.1146972 -0.95178312 -0.69802052
3.1109569 -0.86917537 -0.69228065
3.1075683 -0.78794795 -0.68709928
8.1775198 -1.8647662 -1.7976185
8.2201366 -1.666993 -1.7976221
8.3610544 -0.66587096 -1.7976353
8.3747072 -0.46401367 -1.7976371
8.3834763 -0.26188719 -1.7976388
8.3863478 0.14270934 -1.7976412
8.3696871 0.54697019 -1.7976424
8.3541012 0.7486816 -1.7976425
8.2032814 1.7483764 -1.7976393
3.1057422 0.74067014 -0.68429899
3.1163378 0.98614925 -0.70054471
7.7927341 3.1020453 -1.7976232
6.8252149 3.5128241 -1.6451702
6.7384763 3.6764147 -1.6451662
6.3528709 4.3084288 -1.6451477
6.0246677 4.7564292 -1.6451313
5.9082031 4.9003367 -1.6451255
5.5383592 5.31463 -1.6451067
5.4085546 5.4466343 -1.6451001
5.2756248 5.5755248 -1.6451067
4.1513572 5.3349118 -1.4487718
3.8827636 5.2460861 -1.3988039
3.6920311 5.2485633 -1.3753113
3.2049804 5.3386731 -1.3345419
2.8665624 5.3430614 -1.2995269
2.5447168 5.3472338 -1.2691801
2.2368653 5.3512244 -1.2430458
1.5143847 5.3605785 -1.1938477
1.239502 5.3641357 -1.1799374
1.104287 5.3658848 -1.1741199
0.97032225 5.3676171 -1.1690358
0.83745116 5.3693347 -1.1646708
0.44362304 5.3744211 -1.1557655
0.18352538 5.3777795 -1.1532385
0.053759765 5.3794556 -1.1529838
-0.20600586 5.3828063 -1.1544898
-0.73059571 5.3895688 -1.1656581
-1.1335058 5.3947592 -1.181453
-1.5255663 5.3160181 -1.1853168
-1.6659179 5.3178234 -1.194333
-1.808496 5.3196583 -1.2041932
-1.9879882 5.4153624 -1.2363576
-2.1383398 5.4172974 -1.2482133
-2.2916796 5.4192677 -1.2610394
-2.4483104 5.421279 -1.2748818
-2.6085057 5.423336 -1.2897902
-2.9408886 5.4276047 -1.3230326
-3.1138086 5.4298239 -1.3414955
-3.2917089 5.4321079 -1.3612846
-3.6643164 5.4368882 -1.4051819
-3.8599901 5.4393983 -1.4294821
-4.4916992 5.4474964 -1.5132122
-4.719502 5.4504151 -1.5452033
-5.161201 5.6777792 -1.6445003
-5.2966208 5.5516186 -1.6444918
-5.4289355 5.4222264 -1.6444836
-5.558125 5.2896791 -1.6444755
-5.6840429 5.1540537 -1.6444676
-5.8066993 5.0154357 -1.64446
-6.2627439 4.4326353 -1.644431
-6.3678222 4.2802711 -1.6444241
-6.5667772 3.9681792 -1.6444111
-6.6605272 3.8086255 -1.644405
-6.7504392 3.6468511 -1.644399
-6.9134374 3.5222173 -1.6629297
-7.3260641 3.5124919 -1.7412786
-7.7253809 3.2556102 -1.7967415
-7.8016405 3.0683227 -1.7967361
-8.0030079 2.4962084 -1.7967216
-8.0608492 2.3024476 -1.7967173
-8.1140232 2.1073499 -1.7967132
-8.3526659 0.71380001 -1.7966924
-8.3674412 0.51213807 -1.7966903
-8.3825588 -0.094191283 -1.7966862
-8.3778515 -0.29635009 -1.7966855
-8.3538084 -0.70002806 -1.7966847
-8.3103418 -1.1020678 -1.796685
-8.1655464 -1.8975381 -1.7966889
-8.0645409 -2.2891142 -1.7966926
-7.8065524 -3.0554025 -1.7967033
-7.7306151 -3.2428 -1.7967066
-7.6501365 -3.4283185 -1.7967101
-7.5652537 -3.6118507 -1.7967139
-7.4759374 -3.793272 -1.7967181
-7.3822947 -3.9724963 -1.7967225
-7.2843652 -4.1494122 -1.7967271
-7.1821775 -4.3239069 -1.7967319
-7.0758004 -4.4958954 -1.7967372
-6.9653416 -4.6652622 -1.7967426
-6.8508105 -4.8319221 -1.7967482
-6.7323046 -4.9957633 -1.796754
-6.6098633 -5.1567063 -1.7967601
-6.4835935 -5.3146577 -1.7967665
-6.2198048 -5.6211767 -1.7967798
-5.9415331 -5.9146318 -1.7967941
-5.6494336 -6.1943345 -1.7968092
-5.4984083 -6.3288274 -1.7968172
-5.1868849 -6.5866742 -1.7968335
-5.0265231 -6.7098923 -1.7968419
-4.8632321 -6.8292117 -1.7968506
-4.6971388 -6.9445505 -1.7968594
-4.4775977 -6.9768777 -1.7767544
-4.0239353 -6.990169 -1.7286493
-3.5929101 -7.002161 -1.6867512
-3.1810546 -7.0129995 -1.6504421
-3.0002441 -7.0624046 -1.6445552
-2.829082 -7.1327524 -1.6445645
-2.6562304 -7.1989541 -1.644574
-2.3059959 -7.3187537 -1.6445934
-2.1288183 -7.372293 -1.6446031
-1.7708398 -7.4664655 -1.6446229
-1.5902344 -7.507051 -1.6446329
-1.0433203 -7.6025243 -1.6446637
-0.85966796 -7.6255245 -1.6446738
-0.67549801 -7.6440854 -1.6446843
-0.49092773 -7.6582055 -1.6446948
0.064062499 -7.6738052 -1.6447263
0.43406248 -7.6618838 -1.6447473
0.6187402 -7.6492376 -1.6447577
0.80304688 -7.6321392 -1.6447685
0.98690426 -7.6105957 -1.644779
1.352793 -7.5542479 -1.6448001
1.7155371 -7.4803147 -1.6448212
1.8954589 -7.4368052 -1.6448317
2.2519531 -7.3368402 -1.6448524
2.6031737 -7.2197943 -1.644873
2.7765722 -7.1549554 -1.6448833
2.9480371 -7.0851874 -1.6447167
3.1503808 -7.0846963 -1.6617633
3.5683203 -7.0832081 -1.6998422
4.2343454 -7.0795884 -1.7679988
4.4686131 -7.0779772 -1.7939999
4.6467967 -6.9813113 -1.7973906
5.6052732 -6.2383456 -1.797449
5.7541599 -6.1013641 -1.7974582
5.8996873 -5.9608326 -1.7974671
6.0417576 -5.8168354 -1.7974761
6.1803122 -5.6694431 -1.7974848
6.8176951 -4.8847842 -1.7975252
6.9335351 -4.718945 -1.7975326
7.1531248 -4.3791184 -1.7975469
7.3560543 -4.0290899 -1.7975602
7.7100973 -3.3017406 -1.7975843
7.7874804 -3.1148281 -1.7975897
3.1209178 -1.0768307 -0.70757979
3.112705 -0.90857357 -0.69496042
3.1091504 -0.82670254 -0.68951398
8.2003126 -1.7618707 -1.7976203
8.2404299 -1.5635812 -1.7976238
8.3063087 -1.1643695 -1.7976295
8.3319921 -0.9636966 -1.7976321
8.3798628 -0.35875487 -1.7976381
8.3860931 -0.15653686 -1.7976394
8.3839064 0.24807128 -1.7976415
8.3440037 0.85359126 -1.7976425
8.3209963 1.0545954 -1.7976422
8.2931442 1.2549762 -1.7976418
8.2229881 1.6534522 -1.7976398
8.1807032 1.8513037 -1.7976385
3.1073534 0.78244382 -0.68676525
3.110703 0.86358458 -0.69190985
3.1144238 0.94609314 -0.69761014
3.1185155 1.0301238 -0.70388937
7.8984962 2.8221033 -1.7976276
7.7531443 3.1997101 -1.7976214
7.5573435 3.3344305 -1.7703612
7.1317382 3.3544121 -1.6891252
6.8653316 3.4337146 -1.6451721
6.6917381 3.7607853 -1.645164
6.5990624 3.9210851 -1.6451596
6.5025196 4.0790992 -1.6451548
6.0792575 4.6864867 -1.6451341
5.8461523 4.9741745 -1.6451223
5.5994334 5.2502747 -1.6451098
4.4624219 5.3308716 -1.4899809
3.7826171 5.2473874 -1.3863661
3.4191797 5.2606311 -1.3446859
3.115078 5.339839 -1.3249424
2.9460156 5.3420324 -1.3074702
2.78125 5.3441687 -1.2911938
2.6204491 5.3462524 -1.2760512
2.0107324 5.3541527 -1.2257584
1.5812402 5.359714 -1.1976449
1.4421582 5.3615146 -1.1899263
1.3047754 5.3632908 -1.1829894
1.1689062 5.3650489 -1.1768141
1.0343554 5.366787 -1.1713815
0.90097654 5.3685131 -1.1666737
0.76858395 5.370223 -1.1626769
0.24574219 5.376976 -1.1535988
0.11591797 5.3786535 -1.1530234
-0.2738086 5.3836803 -1.1553237
-0.40432617 5.3853636 -1.1574415
-0.53539062 5.387053 -1.1602428
-0.93351561 5.3921824 -1.1728451
-1.0684081 5.3939195 -1.1784856
-1.3240136 5.3230357 -1.1755954
-1.7398925 5.3187757 -1.1993637
-1.8837304 5.3206248 -1.2096761
-2.5312891 5.4223447 -1.2825118
-2.6934667 5.4244275 -1.2979963
-3.030371 5.4287548 -1.3324907
-3.2058301 5.4310045 -1.3516335
-3.9646678 5.4407396 -1.4428146
-4.1712499 5.4433885 -1.4697759
-5.3659472 5.4846082 -1.6444876
-6.1006737 4.6532435 -1.6444414
-6.211113 4.5047255 -1.6444342
-6.3179197 4.3535876 -1.6444273
-6.5204687 4.0438061 -1.6444142
-6.6160936 3.8853416 -1.6444079
-6.7078419 3.7246282 -1.6444018
-6.7957129 3.5617406 -1.6443961
-7.123662 3.5172863 -1.7027258
-7.6872363 3.3446746 -1.7967442
-7.8395605 2.9700556 -1.7967335
-7.9736328 2.5885229 -1.7967237
-8.0337105 2.3954425 -1.7967193
-8.1398535 2.0052295 -1.7967112
-8.2270508 1.6103448 -1.7967042
-8.2951069 1.2117261 -1.7966982
-8.3219137 1.0112964 -1.7966957
-8.3830957 0.0026861571 -1.7966868
-8.373457 -0.40158933 -1.7966851
-8.3225098 -1.0059527 -1.7966849
-8.2958393 -1.2063931 -1.7966853
-8.2280178 -1.6050601 -1.796687
-8.0904493 -2.1957607 -1.7966917
-8.0351467 -2.3902647 -1.7966938
-7.8413377 -2.9649749 -1.7967018
-7.7675586 -3.1532381 -1.796705
-7.6064649 -3.5241766 -1.7967122
-7.5192771 -3.7066195 -1.7967161
-7.2316599 -4.2406101 -1.7967297
-7.127285 -4.4138169 -1.7967346
-7.0187888 -4.5844483 -1.7967399
-6.1486912 -5.6988959 -1.7967834
-5.418457 -6.3974218 -1.7968212
-5.2626462 -6.5262747 -1.7968295
-5.1037402 -6.6513343 -1.7968377
-4.9418554 -6.7725339 -1.7968464
-4.3570409 -6.9804745 -1.763588
-3.9096484 -6.9934106 -1.7171664
-3.6943066 -6.9993982 -1.6962585
-3.0817187 -7.0272393 -1.6445508
-2.9111912 -7.0995603 -1.6445601
-2.0360253 -7.398479 -1.6446083
-1.6768848 -7.4881511 -1.6446283
-1.1311133 -7.5899339 -1.6446586
-0.94772458 -7.6150546 -1.6446691
-0.39465821 -7.6637964 -1.6447002
0.53031248 -7.6558566 -1.6447527
0.71480465 -7.6408858 -1.6447635
0.89889646 -7.6214719 -1.644774
1.0824707 -7.5976219 -1.6447845
1.4476269 -7.5366769 -1.6448056
1.6289941 -7.4996152 -1.644816
1.8093945 -7.4581943 -1.6448267
2.1669726 -7.3623528 -1.6448474
2.3439453 -7.3079891 -1.6448578
2.5195606 -7.2493725 -1.6448681
2.6936913 -7.1865411 -1.6448784
2.86625 -7.1195273 -1.6448884
3.4664648 -7.0836277 -1.6902169
3.6803417 -7.0827026 -1.7106849
3.8995116 -7.0815907 -1.7326362
4.1244044 -7.0802855 -1.7561522
4.5658202 -7.034523 -1.7973856
4.8997655 -6.8062406 -1.7974058
5.0625196 -6.6861143 -1.7974157
5.2223434 -6.5620966 -1.7974255
5.3791404 -6.4342656 -1.7974352
5.6832032 -6.1674461 -1.7974538
5.8303709 -6.0286026 -1.7974629
5.9741211 -5.8862572 -1.7974718
6.2510934 -5.5913634 -1.7974892
6.5134959 -5.2834473 -1.7975056
6.639082 -5.1248326 -1.7975137
6.8785543 -4.7987418 -1.797529
6.9923239 -4.6314549 -1.7975364
7.2075782 -4.288897 -1.7975504
7.3089647 -4.1138215 -1.7975572
7.4060936 -3.9363475 -1.7975636
7.5873632 -3.5746489 -1.7975758
7.750957 -3.2046094 -1.797587
7.8260155 -3.0167384 -1.7975924
7.8965235 -2.8271098 -1.7975974
3.1186328 -1.0323809 -0.70406467
3.1145215 -0.94830686 -0.6977697
3.1074414 -0.78458434 -0.68689477
8.3202734 -1.0599117 -1.7976309
8.3751564 -0.45556334 -1.7976373
8.3837299 -0.25342652 -1.7976388
8.3861914 0.15117249 -1.7976412
8.3533201 0.75710142 -1.7976425
8.3326168 0.95835936 -1.7976424
8.3071089 1.1590613 -1.797642
8.2767382 1.3590851 -1.7976413
8.2415228 1.5583209 -1.7976403
3.1058691 0.74400508 -0.6844908
3.1090527 0.82454342 -0.689376
3.1125977 0.90637815 -0.69480824
7.862402 2.9211133 -1.797626
7.7896285 3.109895 -1.7976229
7.7123437 3.2968657 -1.7976196
6.9364648 3.3696415 -1.65277
6.8364453 3.5272729 -1.6487068
6.7347851 3.6832092 -1.6451659
6.5492578 4.0036893 -1.6451571
6.3485351 4.3148279 -1.6451473
6.1330466 4.6159325 -1.6451367
6.0198827 4.7625012 -1.6451312
5.4030271 5.4520798 -1.6450998
5.27 5.5808473 -1.6451091
4.3508787 5.3323202 -1.4749883
3.5055664 5.2595091 -1.3546609
2.8596776 5.3431506 -1.2988452
2.5381541 5.3473191 -1.2685937
2.2305565 5.351305 -1.2425413
2.0812988 5.3532395 -1.2309736
1.9346875 5.3551393 -1.2203219
1.7905078 5.3570056 -1.2105514
1.6485449 5.3588438 -1.201629
1.0986621 5.3659568 -1.1738932
0.83191407 5.3694053 -1.1645036
0.69997066 5.3711109 -1.1608728
0.56876951 5.3728051 -1.157936
0.43816406 5.3744922 -1.1556861
0.30798829 5.376173 -1.1541134
0.048320312 5.3795252 -1.152988
-0.081464842 5.3811998 -1.1534328
-0.21143554 5.3828769 -1.1545494
-0.47250974 5.3862424 -1.1588143
-0.60393554 5.387938 -1.161976
-0.73615235 5.3896408 -1.1658345
-0.8693164 5.3913574 -1.1704017
-1.0036035 5.393086 -1.1756912
-1.2586817 5.322196 -1.1721188
-1.3955078 5.323956 -1.1795779
-1.5313867 5.3160934 -1.1856773
-1.6718261 5.3178992 -1.1947291
-2.2981641 5.4193506 -1.2615979
-2.4549315 5.4213634 -1.2754836
-2.9480469 5.4276962 -1.3237805
-3.1211522 5.4299192 -1.3422973
-5.166914 5.6725802 -1.6444998
-5.5634375 5.2840734 -1.6444752
-5.9308591 4.8679261 -1.6444522
-6.0465136 4.7234349 -1.6444447
-6.1586523 4.5762057 -1.6444377
-6.2672167 4.4263134 -1.6444306
-6.3721189 4.2738471 -1.6444238
-6.47333 4.1188974 -1.6444173
-6.5707712 3.961549 -1.644411
-6.9299607 3.5218327 -1.6660436
-7.344121 3.512063 -1.7447346
-7.6481152 3.433291 -1.7967467
-7.728662 3.2478173 -1.7967412
-7.8047071 3.0604687 -1.796736
-8.0054979 2.4881396 -1.7967215
-8.0631838 2.2943225 -1.7967172
-8.1161518 2.0991681 -1.7967131
-8.2466402 1.5068512 -1.7967025
-8.3096876 1.107398 -1.7966969
-8.3339643 0.90664792 -1.7966944
-8.3775387 -0.30479369 -1.7966855
-8.367754 -0.50676572 -1.796685
-8.3531055 -0.70844418 -1.7966847
-8.3335838 -0.90971345 -1.7966847
-8.3092089 -1.110451 -1.796685
-8.2800198 -1.3105234 -1.7966856
-8.2459955 -1.5098556 -1.7966865
-8.2071877 -1.7083029 -1.7966876
-8.1636133 -1.9057657 -1.7966892
-8.115283 -2.1021118 -1.7966908
-8.0044823 -2.4910302 -1.7966951
-7.94207 -2.6833725 -1.7966975
-7.8034568 -3.0632696 -1.7967035
-7.4721189 -3.8008029 -1.7967182
-7.3782907 -3.979934 -1.7967227
-7.2801757 -4.1567521 -1.7967273
-7.1778221 -4.3311424 -1.7967323
-6.9606442 -4.6722827 -1.7967428
-6.7272458 -5.0025506 -1.7967542
-6.6046581 -5.1633744 -1.7967603
-6.4782419 -5.3211961 -1.7967668
-6.0766211 -5.775713 -1.796787
-5.9355664 -5.9206223 -1.7967944
-5.7910643 -6.0620837 -1.7968019
-5.4920216 -6.3343649 -1.7968174
-5.3376756 -6.4650168 -1.7968255
-5.0197458 -6.7149582 -1.7968423
-4.8563867 -6.8341131 -1.7968508
-4.4678516 -6.9771705 -1.7756813
-3.5841308 -7.002399 -1.6859372
-3.1726465 -7.0132141 -1.64974
-2.4745312 -7.2634659 -1.6445841
-2.2986231 -7.3210764 -1.6445937
-2.1213965 -7.374433 -1.6446035
-1.9429101 -7.4235024 -1.6446135
-1.7633106 -7.4682508 -1.6446234
-1.5826757 -7.5086527 -1.6446334
-1.401123 -7.5446887 -1.6446435
-0.66779298 -7.644763 -1.6446847
-0.11331055 -7.6731873 -1.6447161
0.25686523 -7.6698227 -1.6447372
0.44177735 -7.661448 -1.6447477
0.62645507 -7.6486154 -1.6447582
0.81076169 -7.6313243 -1.644769
0.99458981 -7.6095972 -1.6447794
1.1778418 -7.5834446 -1.6447901
1.3603905 -7.5528846 -1.6448005
1.542207 -7.5179205 -1.644811
1.7230859 -7.4785862 -1.6448216
1.9029784 -7.4348922 -1.6448321
2.0817676 -7.3868742 -1.6448425
2.4356055 -7.277987 -1.6448631
2.6104393 -7.2171683 -1.6448735
2.7837596 -7.1521506 -1.6448836
2.9564159 -7.0851688 -1.6454034
3.1589355 -7.0846729 -1.6625051
3.793828 -7.0821471 -1.7219291
4.0158982 -7.080935 -1.744684
4.2439842 -7.079525 -1.7690506
4.4785743 -7.0779057 -1.7951238
4.6538281 -6.9766283 -1.7973908
5.3044138 -6.495976 -1.7974305
5.6115623 -6.2326927 -1.7974494
5.9056835 -5.954886 -1.7974675
6.1860156 -5.6632085 -1.797485
6.702949 -5.0410118 -1.7975177
6.8226171 -4.8779111 -1.7975254
7.2609177 -4.1980133 -1.797554
7.360117 -4.0216784 -1.7975606
7.5455074 -3.6620789 -1.7975731
7.7906246 -3.1069696 -1.7975898
3.1207323 -1.0732477 -0.70729154
3.1164453 -0.98838377 -0.70071137
3.1125488 -0.90512538 -0.69472146
3.1090038 -0.8233102 -0.68929851
3.10583 -0.74278927 -0.68442053
8.2020893 -1.753605 -1.7976205
8.2420311 -1.5552673 -1.7976239
8.3074799 -1.1559918 -1.7976297
8.3329487 -0.95530087 -1.7976322
8.3873634 0.054237671 -1.7976407
8.3836517 0.25652099 -1.7976415
8.3615036 0.66052365 -1.7976425
8.3199415 1.0629877 -1.7976422
8.2918549 1.2633356 -1.7976418
8.2212887 1.6617413 -1.7976397
8.1788282 1.859547 -1.7976384
3.1108594 0.86700255 -0.69213647
3.1145897 0.94957089 -0.69786078
3.1187012 1.0336707 -0.70416492
7.8956246 2.8300695 -1.7976276
7.7499218 3.2075286 -1.7976213
7.5387888 3.3353045 -1.766793
6.7768946 3.6051269 -1.6451679
6.6879492 3.7675269 -1.6451639
6.5950975 3.9277318 -1.6451594
6.2938085 4.394249 -1.6451448
6.0745311 4.6926246 -1.6451337
5.8411131 4.9800658 -1.6451221
5.7193165 5.1194797 -1.645116
5.594121 5.2559142 -1.6451095
4.6737499 5.3281274 -1.5190065
4.4533982 5.3309875 -1.4887565
3.7746582 5.2474899 -1.385389
3.5874803 5.2499204 -1.3627856
3.4117088 5.2607274 -1.3438296
2.7744629 5.3442564 -1.290538
2.3031054 5.3503661 -1.2484208
2.1524608 5.3523192 -1.2363998
2.0046093 5.3542333 -1.2253129
1.8592968 5.3561158 -1.2151244
1.7162988 5.357965 -1.2057991
1.5753906 5.3597898 -1.1973072
1.4363867 5.3615894 -1.1896214
1.2990625 5.3633652 -1.1827168
0.8954199 5.3685851 -1.1664921
0.6315527 5.3719945 -1.1592577
0.50068361 5.3736854 -1.1566786
0.37032226 5.3753686 -1.1547821
0.11049804 5.3787231 -1.1530132
-0.019267578 5.3803978 -1.1531366
-0.14914063 5.3820724 -1.1539307
-0.40978515 5.3854346 -1.1575449
-0.6726855 5.388823 -1.1638976
-1.2104101 5.3957481 -1.1851586
-1.464834 5.3152366 -1.1816314
-2.0722363 5.4164462 -1.2429123
-2.2242284 5.4183993 -1.2553078
-2.3793848 5.420393 -1.2687002
-2.5379882 5.4224315 -1.283136
-3.2132714 5.4311008 -1.3524634
-3.3941894 5.4334226 -1.3730342
-3.5808008 5.4358177 -1.3950655
-3.7736034 5.4382896 -1.4186522
-3.9731641 5.4408484 -1.4439046
-4.1800489 5.443501 -1.4709436
-4.395 5.4462562 -1.4999049
-4.618701 5.4491234 -1.5309383
-5.1011329 5.7320361 -1.6445358
-5.2376561 5.6070838 -1.6444628
-5.7534766 5.076416 -1.6444633
-5.8742089 4.9361448 -1.6444557
-5.9915333 4.793015 -1.6444482
-6.425293 4.1934428 -1.6444204
-7.5757031 3.5065277 -1.7891355
-7.7688475 3.1504571 -1.7967384
-7.9116893 2.7721264 -1.7967284
-8.0913477 2.1928167 -1.796715
-8.1418753 1.9970177 -1.7967111
-8.1876564 1.8000567 -1.7967074
-8.228672 1.6020471 -1.7967041
-8.2963276 1.203366 -1.7966981
-8.3446875 0.8018744 -1.7966932
-8.3831053 -0.0057666013 -1.7966866
-8.3805075 -0.20796143 -1.7966857
-8.3730659 -0.4100354 -1.7966851
-8.3435354 -0.8133325 -1.7966847
-8.2945995 -1.2147546 -1.7966853
-8.2263861 -1.6133517 -1.7966871
-8.088232 -2.2039201 -1.7966919
-8.0327339 -2.3983681 -1.7966938
-7.9725389 -2.5914187 -1.7966963
-7.8383398 -2.9728668 -1.7967019
-7.7643552 -3.1610644 -1.7967051
-7.6858687 -3.3474231 -1.7967086
-7.5155563 -3.7141998 -1.7967162
-7.423779 -3.8944023 -1.7967205
-7.3277144 -4.0723348 -1.7967252
-7.2273827 -4.2479081 -1.7967298
-7.0141501 -4.5915303 -1.7967401
-6.9013963 -4.7593851 -1.7967458
-6.7846289 -4.9244576 -1.7967514
-6.6638966 -5.0866842 -1.7967575
-6.5392871 -5.245954 -1.7967638
-5.7144432 -6.1343851 -1.7968059
-5.4120212 -6.4028783 -1.7968216
-5.097002 -6.6564798 -1.7968382
-4.9349899 -6.7775159 -1.7968467
-4.7701173 -6.8946056 -1.7968554
-4.5801759 -6.973784 -1.7881716
-4.3474512 -6.9807572 -1.7625529
-4.1210742 -6.9873796 -1.7386132
-3.900537 -6.9936666 -1.7162615
-3.68541 -6.9996424 -1.6954147
-3.2696581 -7.0107212 -1.6579317
-3.0746093 -7.0303411 -1.6445512
-2.7320213 -7.1705132 -1.6445699
-2.5582812 -7.2343664 -1.6445794
-2.206455 -7.3494043 -1.6445988
-1.8494922 -7.4473495 -1.6446186
-1.3062109 -7.5617185 -1.6446489
-1.1234765 -7.591074 -1.644659
-0.94004881 -7.6160111 -1.6446694
-0.75608397 -7.6365142 -1.6446798
-0.38694334 -7.6641893 -1.6447005
-0.016894531 -7.6740274 -1.6447216
0.16822265 -7.6722574 -1.6447321
0.35321289 -7.6660199 -1.6447427
0.5380078 -7.6553178 -1.6447532
0.72248048 -7.640161 -1.6447637
1.2730273 -7.5680761 -1.6447955
1.6365527 -7.4979749 -1.6448165
1.8169335 -7.4563651 -1.6448271
2.7009082 -7.1838217 -1.6448789
2.8734179 -7.1166382 -1.6448889
3.2660937 -7.0843482 -1.671926
3.4753125 -7.0835929 -1.6910435
3.689414 -7.0826597 -1.7115725
4.133945 -7.0802264 -1.7571702
4.3653321 -7.0787082 -1.7824142
4.5728908 -7.0299168 -1.7973859
5.0692577 -6.681016 -1.7974161
5.2289648 -6.5568371 -1.7974257
5.5391603 -6.2971063 -1.7974448
5.6894531 -6.1617022 -1.7974542
5.8364258 -6.0227122 -1.7974632
6.5188084 -5.2768822 -1.7975061
6.7657614 -4.9564152 -1.7975218
7.106504 -4.4543171 -1.7975438
7.3130856 -4.1064506 -1.7975574
7.6748047 -3.3828845 -1.7975819
7.8993554 -2.8191543 -1.7975976
3.1184473 -1.0288296 -0.703789
3.1143651 -0.94482023 -0.69751883
8.1812696 -1.8482833 -1.7976189
8.2234955 -1.6504226 -1.7976222
8.2935352 -1.251929 -1.7976283
8.3442774 -0.85051328 -1.7976333
8.3874607 -0.042694703 -1.7976402
8.386035 0.15962525 -1.7976412
8.3797455 0.36182615 -1.7976419
8.3316793 0.96675718 -1.7976424
3.1127539 0.90983397 -0.69504774
3.1166797 0.99317259 -0.70107031
3.120996 1.0781342 -0.70768493
6.9236326 3.3720386 -1.650522
6.3441796 4.3212171 -1.6451472
6.2380857 4.4729676 -1.6451421
6.1283593 4.6221104 -1.6451365
5.8983202 4.9122386 -1.6451249
5.6544919 5.1909275 -1.6451125
5.527617 5.3257885 -1.6451062
5.3975391 5.4575338 -1.6450994
4.782578 5.3267112 -1.5342603
4.342031 5.3324351 -1.4738088
4.1342869 5.335134 -1.4465661
3.8665721 5.2462974 -1.3967776
3.6763866 5.2487659 -1.3734241
3.4979882 5.2596068 -1.3537786
3.1904786 5.3388596 -1.3329775
2.5315917 5.3474045 -1.2680078
2.2242773 5.351388 -1.2420399
1.9286035 5.3552184 -1.2198951
1.5027539 5.3607297 -1.1932046
1.2281348 5.3642821 -1.1794229
1.0930371 5.3660302 -1.1736676
0.95916992 5.3677597 -1.1686448
0.56331056 5.3728757 -1.1578281
0.3025586 5.3762436 -1.1540619
0.042900391 5.3795958 -1.1529936
-0.21686523 5.3829465 -1.154611
-0.34718749 5.3846273 -1.1564319
-0.60943359 5.3880091 -1.1621227
-1.0092578 5.3931589 -1.1759279
-1.1449121 5.394906 -1.1819878
-1.264375 5.322269 -1.1724147
-1.4012696 5.3240294 -1.1799076
-1.537207 5.3161669 -1.1860398
-2.0004492 5.4155235 -1.2373115
-2.4615526 5.4214487 -1.2760861
-2.786494 5.4256239 -1.3072128
-2.9551854 5.4277878 -1.3245283
-3.1284862 5.4300122 -1.3430988
-3.4906347 5.4346595 -1.3843205
-3.6804004 5.4370947 -1.4071497
-4.5103908 5.4477353 -1.5158029
-5.5687695 5.2784667 -1.6444749
-5.6944337 5.1425891 -1.644467
-5.8167968 5.0037155 -1.6444594
-6.3764353 4.2674212 -1.6444236
-6.6682129 3.795191 -1.6444044
-6.9464841 3.5214465 -1.6691706
-7.3622751 3.511632 -1.7482039
-7.6515722 3.4255841 -1.7967466
-7.8078222 3.0525842 -1.7967356
-7.8791308 2.8633697 -1.7967306
-8.209609 1.6970446 -1.7967056
-8.2481537 1.4985387 -1.7967024
-8.3348827 0.89824951 -1.7966943
-8.3684664 0.49525207 -1.7966902
-8.3823633 -0.11108581 -1.7966862
-8.3326559 -0.91810727 -1.7966847
-8.3080959 -1.1188235 -1.796685
-8.2786818 -1.318886 -1.7966856
-8.2054682 -1.7165936 -1.7966877
-8.1616793 -1.9140066 -1.7966892
-8.1131639 -2.1102936 -1.7966908
-7.9393749 -2.6913748 -1.7966976
-7.8721581 -2.8820879 -1.7967004
-7.7240624 -3.2583821 -1.7967068
-7.6432223 -3.4437397 -1.7967105
-0.88255858 -7.0336041 -1.6870929
-0.54010743 -7.0387473 -1.6801158
-0.19964844 -7.0432348 -1.6769313
-0.029716795 -7.045239 -1.6767504
0.14030273 -7.0470896 -1.6775085
0.6524902 -7.0517187 -1.6854473
0.82462889 -7.0529594 -1.690007
1.5252637 -7.056406 -1.7181783
1.7045116 -7.0568852 -1.7278048
1.8858398 -7.0572071 -1.7385182
2.0694823 -7.0573697 -1.7503474
2.4447949 -7.0572042 -1.7775103
2.8132129 -7.0082035 -1.797286
2.9814453 -6.9383521 -1.7972959
3.1479492 -6.8644552 -1.7973058
3.3126171 -6.7865696 -1.7973156
3.6361034 -6.6189976 -1.797335
3.794668 -6.5294023 -1.7973444
3.9511034 -6.4360137 -1.7973537
4.105195 -6.3388748 -1.797363
4.5528321 -6.0255651 -1.7973902
4.9766603 -5.6806989 -1.7974162
5.3744335 -5.3060856 -1.7974408
5.5008593 -5.1749353 -1.7974486
5.7440624 -4.9036756 -1.7974639
5.973906 -4.6210017 -1.7974784
6.1898437 -4.3275738 -1.7974924
6.2924609 -4.1770344 -1.7974991
6.3914061 -4.0240626 -1.7975055
6.5780663 -3.7111833 -1.7975177
6.7494335 -3.3896625 -1.7975291
6.8292379 -3.2258921 -1.7975346
3.1664648 -0.80288082 -0.77745336
3.1629784 -0.72127259 -0.77209938
7.4023242 -1.5011429 -1.7975764
7.4363866 -1.322168 -1.7975793
7.4661522 -1.1424197 -1.7975819
7.4915233 -0.96201324 -1.7975843
7.5414844 -0.41784728 -1.79759
7.5493751 -0.2358319 -1.7975916
7.5466795 0.31061766 -1.7975943
7.454453 1.2163538 -1.7975938
7.4229488 1.3957916 -1.7975929
3.1643651 0.75464904 -0.77422547
3.1680176 0.83676636 -0.77983099
6.9480076 2.9618566 -1.7975743
6.8745313 3.1285644 -1.7975711
6.79707 3.2934606 -1.7975674
6.511992 3.3516142 -1.7430503
5.986445 3.4560301 -1.6451222
5.72082 3.8797827 -1.6451094
5.5270505 4.1511254 -1.6450998
5.2124023 4.5398412 -1.645084
5.1013865 4.6642213 -1.6450784
4.8704882 4.9047666 -1.6450665
4.7507615 5.0207934 -1.6450604
4.628242 5.1338964 -1.645054
4.503047 5.2440162 -1.6450474
4.3752341 5.3510804 -1.6450408
4.244863 5.4550242 -1.6450338
3.0334668 5.3408041 -1.4617982
2.8665135 5.3429699 -1.4430425
2.7036912 5.3450828 -1.4255804
2.2368262 5.3511376 -1.3803251
1.9407226 5.3549743 -1.3555653
1.796455 5.356842 -1.3446755
1.6544043 5.3586817 -1.3347287
1.5143554 5.3604941 -1.3256946
1.1042676 5.3658018 -1.3037881
0.97031248 5.3675342 -1.2981428
0.44361326 5.3743405 -1.2834069
0.31342772 5.3760214 -1.2816299
-0.076025389 5.3810487 -1.2807806
-0.3362793 5.3844042 -1.2839483
-0.46702147 5.3860898 -1.286662
-0.59840816 5.3877845 -1.290141
-0.86371094 5.391201 -1.2994303
-1.1334863 5.3946738 -1.3119297
-1.3897265 5.3237987 -1.3094856
-1.8084668 5.3195724 -1.3371832
-2.1383007 5.4172068 -1.3860621
-2.2916405 5.4191771 -1.4003042
-2.4482715 5.4211874 -1.4156766
-2.6084571 5.4232445 -1.43223
-2.7725389 5.4253526 -1.4500302
-2.9408398 5.4275098 -1.4691434
-3.4749999 5.43436 -1.535158
-3.8620605 5.7302818 -1.6446126
-4.133779 5.5371923 -1.644558
-4.395957 5.3313475 -1.6445419
-4.5232325 5.2237425 -1.6445341
-4.7698631 4.999486 -1.6445189
-4.8890233 4.8829684 -1.6445113
-5.2291989 4.5166383 -1.6444901
-5.3366113 4.3891807 -1.6444833
-5.4408884 4.2591753 -1.6444768
-5.5420017 4.1266913 -1.6444703
-5.6398926 3.9918072 -1.644464
-6.1375389 3.5095623 -1.6826543
-6.7269821 3.4272125 -1.7967992
-6.8076658 3.2639563 -1.7967938
-6.8843846 3.0987957 -1.7967885
-7.0257907 2.7631891 -1.7967787
-7.1508398 2.4211431 -1.7967696
-7.207119 2.2479656 -1.7967656
-7.2592478 2.0734766 -1.7967618
-7.5043554 0.82405639 -1.7967411
-7.5353613 0.46120971 -1.7967374
-7.5442967 0.27932495 -1.796736
-7.548955 -0.08482483 -1.7967336
-7.5447168 -0.26687989 -1.796733
-7.5360742 -0.4487738 -1.7967325
-7.5056543 -0.81167966 -1.7967323
-7.4839063 -0.99247313 -1.7967325
-7.4273629 -1.3522308 -1.796734
-7.2107129 -2.2360463 -1.7967415
-6.9618258 -2.9203167 -1.796752
-6.4679294 -3.8939099 -1.7967749
-6.1695118 -4.351398 -1.7967895
-6.0628028 -4.4989438 -1.7967947
-5.8388085 -4.786119 -1.796806
-5.6012402 -5.0621567 -1.796818
-5.3506541 -5.3264184 -1.7968309
-5.2206345 -5.4539471 -1.7968376
-4.9515719 -5.6994157 -1.7968515
-4.8126855 -5.8172069 -1.7968588
-4.6710157 -5.9316173 -1.7968663
-4.5265918 -6.0425768 -1.7968739
-4.3795605 -6.1500278 -1.7968817
-4.0779099 -6.3541284 -1.7968976
-3.766748 -6.5434551 -1.7969143
-3.4468651 -6.7175608 -1.7969317
-3.1189454 -6.8760352 -1.7969494
-2.7741797 -6.994338 -1.7907776
-2.3938768 -7.0036359 -1.7615144
-2.2080665 -7.0079327 -1.748688
-1.6648339 -7.0195341 -1.7169626
-1.4876953 -7.0229979 -1.7085319
-1.3121679 -7.0262713 -1.7011321
-0.79307616 -7.0350084 -1.6849065
-0.45130858 -7.039978 -1.6789224
-0.28112304 -7.0422177 -1.6773516
1.2634667 -7.0554147 -1.7058696
1.6183887 -7.0566759 -1.7230589
2.3538475 -7.0573044 -1.7705662
2.9010644 -6.9723253 -1.7972913
3.5593457 -6.6605587 -1.7973303
3.7189844 -6.572803 -1.7973399
4.0316796 -6.3858795 -1.7973586
4.3349414 -6.1840868 -1.797377
4.7708006 -5.8545666 -1.7974036
5.4406834 -5.2381468 -1.7974448
5.9201169 -4.6897211 -1.7974751
6.2437692 -4.2494683 -1.7974958
6.3444724 -4.0976529 -1.7975024
6.5347266 -3.7869458 -1.7975149
6.709785 -3.4674253 -1.7975265
6.9430075 -2.9732509 -1.7975423
7.0126953 -2.804934 -1.7975472
3.1723731 -0.92599332 -0.78651863
7.3844528 -1.5865813 -1.7975749
7.4206052 -1.4080194 -1.797578
7.4523826 -1.228626 -1.7975807
7.4798827 -1.0485226 -1.7975831
7.503027 -0.86781645 -1.7975854
7.5217772 -0.68659729 -1.7975875
7.5517383 -0.14095947 -1.7975922
7.5497656 0.22338867 -1.797594
7.5421481 0.40542173 -1.7975944
7.5138474 0.76866573 -1.7975947
7.493125 0.94967341 -1.7975945
7.4680467 1.1301196 -1.7975941
7.4385934 1.3099121 -1.7975934
7.4048243 1.4889477 -1.7975924
3.1743653 0.96430296 -0.78957564
6.9817772 2.8813653 -1.7975758
6.9102345 3.0489123 -1.7975726
6.6840429 3.3430274 -1.7786405
6.3325 3.3605273 -1.7061687
5.8556051 3.6732664 -1.645116
5.7652926 3.8134172 -1.6451116
5.6716404 3.9513519 -1.6451069
5.3710351 4.3510399 -1.645092
5.0423632 4.7279391 -1.6450753
4.9268556 4.8481665 -1.6450694
4.8084373 4.9655662 -1.6450633
4.5633788 5.1916294 -1.6450506
4.4367771 5.3001685 -1.6450438
4.3076563 5.4056177 -1.6450372
3.7825487 5.2472901 -1.5394701
3.2887793 5.3374901 -1.4920717
3.1150293 5.3397446 -1.4712634
2.9459667 5.3419394 -1.451862
2.7812109 5.3440757 -1.4337891
2.6204102 5.3461618 -1.4169734
2.3094237 5.3501954 -1.3868743
1.8652831 5.3559523 -1.3497723
1.7221972 5.3578053 -1.3393785
1.3047558 5.3632078 -1.3136376
1.1688867 5.3649659 -1.3067808
1.034336 5.3667054 -1.3007474
0.76857418 5.3701401 -1.2910815
0.50614256 5.3735328 -1.2845254
0.37575194 5.375217 -1.282388
0.24573241 5.3768945 -1.2810001
0.11591797 5.3785706 -1.2803609
-0.14369141 5.3819213 -1.2813171
-0.4043164 5.385282 -1.2852674
-0.53538084 5.38697 -1.2883786
-0.66715819 5.3886695 -1.2922578
-0.93349606 5.3920994 -1.302372
-1.0683887 5.3938379 -1.3086363
-1.2046679 5.3955908 -1.3157301
-1.3239942 5.3229527 -1.3054273
-1.5983789 5.3168702 -1.3213211
-1.7398633 5.3186889 -1.3318187
-2.693418 5.4243345 -1.4413427
-2.8596582 5.4264698 -1.4598187
-3.2057812 5.4309082 -1.5009019
-3.3864453 5.4332261 -1.5236791
-3.5728025 5.4356151 -1.5480726
-4.0694141 5.5844789 -1.6445245
-4.5885158 5.1664829 -1.6445299
-4.7117677 5.054286 -1.6445223
-4.9499707 4.8211436 -1.6445078
-5.064785 4.7003293 -1.6445004
-5.1766601 4.5767784 -1.6444933
-5.7824802 3.7822375 -1.6444547
-5.8719726 3.6416466 -1.644449
-5.991035 3.5182734 -1.6535259
-6.3122654 3.5049791 -1.7183508
-6.7695212 3.3424182 -1.7967963
-6.848125 3.1781561 -1.7967908
-6.9227734 3.0120533 -1.7967858
-7.1223731 2.5036254 -1.7967718
-7.2847166 1.9821026 -1.7967597
-7.408906 1.4502032 -1.7967498
-7.4943357 0.9107312 -1.7967422
-7.5141306 0.72970337 -1.7967401
-7.5471873 0.18450072 -1.7967352
-7.5407519 -0.36165404 -1.7967328
-7.5298438 -0.54342836 -1.7967324
-7.4948926 -0.90591705 -1.7967324
-7.4424801 -1.2663056 -1.7967335
-7.4097652 -1.4454443 -1.7967345
-7.3727536 -1.6237454 -1.7967355
-7.3314743 -1.8011011 -1.7967371
-7.1238766 -2.4990206 -1.7967451
-7.061543 -2.6701226 -1.7967477
-6.9245701 -3.0075581 -1.7967536
-6.8499703 -3.1736896 -1.796757
-6.7715135 -3.3380098 -1.7967607
-6.602695 -3.6606975 -1.7967684
-6.3207617 -4.1285381 -1.796782
-6.2193747 -4.2798014 -1.7967869
-6.1143556 -4.4285717 -1.7967921
-6.0058103 -4.5747709 -1.7967976
-5.8937206 -4.7183118 -1.7968032
-5.7782226 -4.8591099 -1.7968091
-5.6593456 -4.9970818 -1.796815
-5.2833204 -5.393239 -1.7968342
-4.7392383 -5.8772264 -1.7968626
-4.5961132 -5.9898496 -1.7968702
-4.4503417 -6.0989871 -1.7968779
-4.3019528 -6.2045813 -1.7968858
-3.9977832 -6.4048791 -1.7969019
-3.1982129 -6.8395171 -1.7969451
-3.0323241 -6.9146972 -1.7969542
-2.4838672 -7.0014954 -1.7680786
-2.2967381 -7.0059032 -1.7546874
-2.1122949 -7.0100837 -1.7424638
-1.9302245 -7.0140491 -1.7313703
-1.7503124 -7.0178061 -1.7213719
-1.5723535 -7.0213623 -1.712441
-0.53296876 -7.0388479 -1.6800098
-0.022607422 -7.0453205 -1.6767631
0.31765625 -7.048852 -1.6792984
0.48835936 -7.0503888 -1.6819813
1.1794238 -7.0550232 -1.702365
1.3552442 -7.0558033 -1.7099454
1.7120508 -7.0569024 -1.7282302
1.8934569 -7.0572181 -1.7389889
2.2635741 -7.0573673 -1.7639008
2.6450586 -7.0568504 -1.7936
2.8202734 -7.0053654 -1.7972865
2.988457 -6.9353442 -1.7972964
3.3194628 -6.7832255 -1.7973161
3.9575877 -6.4320254 -1.7973542
4.1115918 -6.334734 -1.7973635
4.2632031 -6.233758 -1.7973727
4.5589061 -6.0209732 -1.7973906
4.9824023 -5.6756744 -1.7974164
5.2503319 -5.4288554 -1.7974331
5.3797851 -5.3006711 -1.797441
5.5060935 -5.1693931 -1.797449
6.0881443 -4.4694562 -1.7974858
6.1942577 -4.3213325 -1.7974926
6.4904881 -3.8622012 -1.7975118
6.5818162 -3.7045424 -1.797518
6.6692576 -3.5447252 -1.7975237
6.7528515 -3.3828459 -1.7975295
7.110918 -2.5458422 -1.7975543
3.1792188 -1.052439 -0.79702252
3.1744823 -0.9665634 -0.78976005
3.1701856 -0.88228822 -0.78316677
3.1663182 -0.79944825 -0.77721715
7.4038086 -1.4936798 -1.7975764
7.4377341 -1.3146722 -1.7975793
7.4672461 -1.1348965 -1.797582
7.4924607 -0.95446014 -1.7975843
7.51332 -0.77347046 -1.7975864
7.5496287 -0.22821471 -1.7975916
7.5529099 -0.046055298 -1.7975928
7.5518355 0.13613158 -1.7975936
7.5365233 0.50014526 -1.7975947
7.5222263 0.68177611 -1.7975949
7.4215426 1.4032812 -1.7975929
3.1645117 0.75805116 -0.77444679
7.0801368 2.6304908 -1.7975801
7.0146289 2.8004882 -1.7975771
6.8714061 3.1354985 -1.7975709
6.7937498 3.3003149 -1.7975672
5.8976755 3.6053607 -1.6451181
5.8089843 3.7465374 -1.6451136
5.7169137 3.8855431 -1.6451092
5.5228515 4.1566935 -1.6450996
5.4209766 4.2886839 -1.6450945
4.8655467 4.9096713 -1.6450661
3.3528612 5.3032618 -1.4932355
3.1976562 5.3386731 -1.481052
3.0264063 5.3408971 -1.4609866
2.8596289 5.3430591 -1.4422861
2.6969726 5.3451695 -1.4248788
2.3827245 5.3492455 -1.3936734
2.08125 5.3531528 -1.3669194
1.9346582 5.3550525 -1.3550916
1.6485156 5.3587599 -1.3343339
1.2337891 5.3641257 -1.3099616
0.96473628 5.3676062 -1.2979242
0.83189452 5.3693237 -1.2931097
0.69996095 5.3710289 -1.2890782
0.56875974 5.3727245 -1.2858175
0.1780957 5.3777685 -1.2805743
-0.21143554 5.3827953 -1.282056
-0.34172851 5.3844748 -1.2840468
-0.60392576 5.3878551 -1.2903028
-0.7361328 5.3895578 -1.2945874
-0.86929685 5.3912745 -1.2996581
-1.1391895 5.3947473 -1.3122264
-1.3954883 5.3238721 -1.3098489
-1.6717968 5.3178148 -1.3266735
-1.8144823 5.3196483 -1.3376626
-1.9941894 5.4153552 -1.3734267
-2.1446483 5.4172888 -1.3866364
-2.7794921 5.4254408 -1.4508029
-3.1210938 5.4298215 -1.4905353
-3.4827831 5.4344616 -1.536177
-3.8678222 5.7263827 -1.6446103
-4.1393456 5.53302 -1.6445575
-4.5284863 5.2191892 -1.6445336
-4.6530371 5.1084213 -1.644526
-4.7748828 4.9946766 -1.6445185
-5.0101461 4.7585568 -1.644504
-5.1234469 4.6363096 -1.6444967
-5.2337403 4.5113611 -1.6444899
-5.3410058 4.3837976 -1.6444831
-5.4451756 4.2536869 -1.6444764
-5.5461717 4.1210971 -1.64447
-5.6439157 3.9861119 -1.6444638
-6.1512985 3.509201 -1.6854594
-7.0285449 2.7561126 -1.7967786
-7.1532712 2.4139428 -1.7967695
-7.2613082 2.0661614 -1.7967616
-7.3090329 1.8904144 -1.7967579
-7.3916602 1.5357306 -1.7967514
-7.457109 1.1774762 -1.7967458
-7.4833298 0.99727476 -1.7967433
-7.5226755 0.63522518 -1.796739
-7.5445604 0.27170715 -1.796736
-7.5224414 -0.63799316 -1.7967323
-7.4829102 -1.0000219 -1.7967325
-7.4566207 -1.1801975 -1.7967333
-7.4259863 -1.3597082 -1.796734
-7.2604685 -2.0687919 -1.7967396
-7.0919237 -2.5883331 -1.7967464
-7.0274315 -2.7586389 -1.7967491
-6.88625 -3.0943348 -1.7967553
-6.6445408 -3.5841393 -1.7967665
-6.5561719 -3.7433751 -1.7967707
-6.463994 -3.9004245 -1.7967752
-6.2684178 -4.2076335 -1.7967846
-5.9478321 -4.6498837 -1.7968005
-5.0819726 -5.583427 -1.7968447
-4.8068261 -5.8220525 -1.7968591
-4.665029 -5.9363241 -1.7968665
-4.2236719 -6.2581506 -1.7968899
-4.0715232 -6.3582339 -1.796898
-3.9169922 -6.4546189 -1.7969064
-3.7602148 -6.5472469 -1.7969148
-3.6012108 -6.6360683 -1.7969233
-3.4400976 -6.7210293 -1.796932
-3.2770214 -6.8020849 -1.7969409
-3.1120117 -6.87918 -1.7969499
-2.9452147 -6.9522724 -1.7969589
-2.766084 -6.9945431 -1.7901148
-2.3860643 -7.0038195 -1.7609555
-2.2003613 -7.0081072 -1.7481779
-1.6574023 -7.0196824 -1.7165887
-1.1307715 -7.0294857 -1.6944932
-0.27398437 -7.0423083 -1.6773068
0.065937497 -7.0462999 -1.6770617
0.57749999 -7.0511289 -1.6837565
0.7492578 -7.0524359 -1.687893
1.4474609 -7.0561485 -1.7143005
1.6258692 -7.056695 -1.7234626
1.80625 -7.057086 -1.7336966
1.9888769 -7.0573187 -1.7450343
2.361748 -7.0572977 -1.7711613
2.9081054 -6.9693952 -1.7972916
3.2408495 -6.821126 -1.7973113
3.4044335 -6.7410083 -1.7973211
4.038115 -6.381815 -1.7973591
4.1908689 -6.2825937 -1.7973683
4.3412108 -6.1797137 -1.7973775
4.4890037 -6.0732379 -1.7973863
4.6342578 -5.9632316 -1.7973951
4.7766991 -5.8497496 -1.7974038
4.9164648 -5.7328687 -1.7974125
5.0533009 -5.6126466 -1.797421
5.1872654 -5.4891562 -1.7974292
5.3181443 -5.3624687 -1.7974372
5.4459763 -5.2326636 -1.7974452
5.5706053 -5.0998082 -1.7974529
5.6920309 -4.9639859 -1.7974606
5.8101172 -4.8252702 -1.7974681
5.9248242 -4.6837482 -1.7974753
6.0360937 -4.5395017 -1.7974824
6.627871 -3.6215668 -1.797521
6.7133007 -3.4606633 -1.7975268
6.8724217 -3.1329067 -1.7975374
6.9459958 -2.9662433 -1.7975426
7.0155272 -2.797857 -1.7975475
7.080996 -2.6278548 -1.7975521
3.1766992 -1.0074942 -0.79315352
3.1681347 -0.83896422 -0.77998894
3.1644628 -0.7568109 -0.77436554
7.3860545 -1.5791366 -1.797575
7.4219918 -1.4005301 -1.7975781
7.4809375 -1.0409781 -1.7975832
7.5038867 -0.86025572 -1.7975856
7.5464454 -0.3154541 -1.7975909
7.5529099 0.048837889 -1.7975932
7.5495505 0.2309967 -1.797594
7.541738 0.41302124 -1.7975944
7.5130858 0.77624387 -1.7975947
7.4921484 0.95722961 -1.7975945
7.4033594 1.4964081 -1.7975924
3.1628907 0.7191211 -0.77196515
3.1663671 0.80069703 -0.77730298
3.1745605 0.96785522 -0.78986424
3.1792967 1.0537561 -0.79713744
7.1100388 2.5485003 -1.7975813
6.9788866 2.8884044 -1.7975756
6.9071484 3.055871 -1.7975725
6.6687498 3.3437927 -1.7754709
5.9389844 3.5369585 -1.6451199
5.761445 3.8192296 -1.6451113
5.5705271 4.0926042 -1.645102
5.4701953 4.2257614 -1.645097
5.3666601 4.3564477 -1.6450918
5.2600193 4.4846082 -1.6450865
5.1503124 4.6101527 -1.6450808
5.0375977 4.7330136 -1.6450751
4.8034372 4.9704075 -1.6450629
4.1704493 5.5121188 -1.6450299
3.7745898 5.2473927 -1.5383835
3.5874219 5.2498255 -1.5132834
3.4116504 5.2606335 -1.4922358
3.2814159 5.3375864 -1.491173
2.6137695 5.3462486 -1.4162982
2.3030663 5.3502769 -1.3862927
2.1524315 5.3522301 -1.3729444
1.8592676 5.356029 -1.3493202
1.7162695 5.357882 -1.3389652
1.575371 5.3597045 -1.329535
1.4363574 5.361505 -1.3210005
1.1632324 5.3650389 -1.306512
1.0287402 5.3667774 -1.3005121
0.63154298 5.3719115 -1.2872844
0.11049804 5.3786411 -1.2803506
-0.019267578 5.3803148 -1.2804875
-0.14914063 5.3819909 -1.2813687
-0.54087889 5.387042 -1.2885251
-0.80536133 5.390449 -1.2971292
-0.9390918 5.3921714 -1.302617
-1.0740429 5.3939099 -1.3089155
-1.2104003 5.3956652 -1.3160454
-1.4648046 5.3151526 -1.3121291
-1.7458301 5.3187656 -1.3322784
-1.8897656 5.3206162 -1.3437723
-2.072207 5.4163575 -1.3801762
-2.2241895 5.4183106 -1.393941
-2.3793359 5.4203024 -1.4088119
-2.5379393 5.4223399 -1.4248406
-2.7002831 5.4244223 -1.4420893
-2.8666992 5.4265599 -1.4606187
-3.0375488 5.428751 -1.4805032
-3.2132127 5.4310045 -1.5018232
-3.3941307 5.4333239 -1.5246652
-3.5807323 5.4357176 -1.549129
-3.939414 5.6772289 -1.6445805
-4.0750489 5.5803638 -1.6445221
-4.954834 4.8161459 -1.6445074
-5.069531 4.6952186 -1.6445003
-5.2900095 4.4452357 -1.6444863
-5.3956738 4.3163404 -1.6444796
-5.4981642 4.1849341 -1.6444731
-5.5974998 4.0510874 -1.6444666
-5.6935644 3.9148834 -1.6444606
-5.7862988 3.7764056 -1.6444545
-5.8756542 3.6357329 -1.6444486
-6.0017285 3.5164256 -1.6554985
-6.3266211 3.5046 -1.7212924
-6.6848731 3.4950507 -1.7952942
-6.7728806 3.3355823 -1.7967961
-6.8513279 3.1712494 -1.7967907
-7.1249118 2.496444 -1.7967716
-7.1830273 2.3238666 -1.7967674
-7.2867088 1.9747503 -1.7967596
-7.3734179 1.6210467 -1.7967527
-7.4103708 1.442727 -1.7967497
-7.4713082 1.0836968 -1.7967443
-7.5409079 0.35888854 -1.7967366
-7.5471191 -0.18728149 -1.7967334
-7.54041 -0.36926025 -1.7967328
-7.5292869 -0.55102235 -1.7967323
-7.5138083 -0.73244995 -1.7967323
-7.3711133 -1.6311749 -1.7967356
-7.283906 -1.9847494 -1.7967387
-7.2338963 -2.1598597 -1.7967405
-7.1797266 -2.3337128 -1.7967428
-7.1213574 -2.5062079 -1.7967451
-6.9922266 -2.8467114 -1.7967505
-6.8468161 -3.1806078 -1.7967572
-6.5989938 -3.6673584 -1.7967687
-6.4144921 -3.9813476 -1.7967775
-6.2150488 -4.2860737 -1.7967873
-6.0011716 -4.5808215 -1.7967978
-5.7733297 -4.864934 -1.7968092
-5.6543164 -5.0027838 -1.7968153
-5.2778907 -5.3985658 -1.7968345
-4.8737988 -5.7661047 -1.7968556
-4.7333202 -5.8820028 -1.796863
-4.5901074 -5.9944797 -1.7968706
-4.2957029 -6.2089133 -1.7968861
-3.8355761 -6.503346 -1.7969106
-3.6776366 -6.5939975 -1.7969192
-3.5175488 -6.6808152 -1.7969279
-2.8576465 -6.9887476 -1.7969638
-2.6659276 -6.9970531 -1.7820431
-2.2889941 -7.0060816 -1.7541537
-2.1046288 -7.0102539 -1.7419775
-1.564961 -7.0215068 -1.7120907
-1.38875 -7.0248632 -1.7042435
-1.2140137 -7.0280313 -1.6974134
-1.0405761 -7.0310197 -1.691579
-0.86819333 -7.033833 -1.6867243
-0.52583009 -7.0389481 -1.6799067
-0.015498047 -7.0454001 -1.6767775
0.15450194 -7.0472369 -1.6776145
0.32479492 -7.0489197 -1.6793913
0.49548826 -7.0504498 -1.6821134
0.83906245 -7.0530558 -1.6904322
1.0122753 -7.0541329 -1.6960504
1.1867285 -7.0550585 -1.7026614
1.540166 -7.0564518 -1.7189419
1.7195996 -7.0569186 -1.7286584
1.9011035 -7.0572271 -1.7394638
2.0849707 -7.0573764 -1.7513897
2.2714257 -7.057363 -1.7644719
2.4607129 -7.0571823 -1.7787515
2.6531737 -7.0568323 -1.7942742
2.9954393 -6.9323297 -1.7972969
3.161787 -6.8581009 -1.7973067
3.3262987 -6.7798834 -1.7973164
3.4888768 -6.6977148 -1.7973262
3.807832 -6.5217404 -1.7973453
4.2694726 -6.2294559 -1.7973731
4.5649805 -6.016376 -1.7973911
4.7087889 -5.904552 -1.7973998
4.8498631 -5.7892861 -1.7974085
4.9881053 -5.6706524 -1.7974168
5.3851366 -5.2952347 -1.7974415
5.5112696 -5.1638293 -1.7974494
5.6342578 -5.0294309 -1.7974571
5.9832029 -4.6089549 -1.797479
6.0926561 -4.4633183 -1.7974861
6.1985545 -4.3150859 -1.797493
6.300879 -4.1643391 -1.7974995
6.3995118 -4.011167 -1.7975059
6.5855274 -3.6979058 -1.7975183
6.7562695 -3.3760543 -1.7975296
6.8357224 -3.2121215 -1.7975351
7.1134763 -2.5386767 -1.7975545
3.1790135 -1.0488107 -0.79670417
3.1700096 -0.87879211 -0.78290528
3.166162 -0.79600948 -0.77698231
7.3673434 -1.6643969 -1.7975736
7.4053125 -1.4862192 -1.7975765
7.4390426 -1.3071774 -1.7975794
7.4683981 -1.1273721 -1.797582
7.4934177 -0.94691157 -1.7975845
7.542285 -0.40263915 -1.7975901
7.5498242 -0.22060668 -1.7975916
7.5460153 0.32582763 -1.7975943
7.521543 0.68935543 -1.7975949
7.4795508 1.0512836 -1.7975944
7.4520116 1.2313775 -1.7975938
7.4201365 1.4107574 -1.7975929
3.1683397 0.84369141 -0.78032827
3.1769726 1.0123864 -0.79356778
6.8682423 3.1424212 -1.7975707
6.482656 3.3530748 -1.7370065
5.979414 3.4680998 -1.6451219
5.8940234 3.6113012 -1.6451178
5.8051953 3.7523901 -1.6451135
5.7130075 3.8913043 -1.6451091
4.7405858 5.030355 -1.6450598
4.3644333 5.3598862 -1.64504
4.2338767 5.4635692 -1.6450332
3.8665037 5.2461987 -1.5510319
3.6763182 5.2486691 -1.5250939
3.4979198 5.2595115 -1.5032836
3.3530176 5.3153601 -1.495689
3.1904199 5.3387671 -1.4801859
2.6902733 5.3452563 -1.4241776
2.3762987 5.3493285 -1.39307
2.2242382 5.3513012 -1.379207
2.075078 5.3532324 -1.3664049
1.7845019 5.356997 -1.3438079
1.5027343 5.3606443 -1.3249794
1.3646387 5.3624339 -1.3169006
1.0930274 5.3659472 -1.3032855
0.82635742 5.3693943 -1.2929264
0.43271482 5.3744812 -1.2832294
0.042900391 5.3795128 -1.2803279
-0.87490231 5.391345 -1.299888
-1.820498 5.3197265 -1.3381412
-2.1510057 5.4173703 -1.3872108
-2.4615135 5.4213572 -1.4170147
-2.6220214 5.423419 -1.4336702
-2.7864549 5.4255295 -1.4515781
-3.8735936 5.7224708 -1.6446078
-4.1449313 5.5288439 -1.6445571
-4.2770605 5.4272337 -1.644549
-4.6581931 5.1037183 -1.6445258
-4.8988376 4.8730979 -1.6445107
-5.0149412 4.7535057 -1.6445036
-5.3454294 4.3784118 -1.6444829
-5.6479492 3.9804235 -1.6444634
-5.9208884 3.5616045 -1.6444458
-6.7338963 3.4136493 -1.7967987
-6.8142381 3.250227 -1.7967933
-6.8906446 3.0849183 -1.796788
-7.0955954 2.5786188 -1.7967737
-7.1557031 2.4067168 -1.7967694
-7.2116404 2.2334228 -1.7967652
-7.2633886 2.058841 -1.7967614
-7.4279199 1.3495153 -1.7967483
-7.5059958 0.8089233 -1.796741
-7.5233202 0.62764585 -1.796739
-7.5448337 0.26410338 -1.7967358
-7.5489941 0.082058713 -1.7967346
-7.5441599 -0.28207946 -1.7967329
-7.5217967 -0.64557129 -1.7967323
-7.3894629 -1.5458865 -1.796735
-7.3500586 -1.7236696 -1.7967362
-7.3063378 -1.9004339 -1.7967378
-7.2583981 -2.0761087 -1.7967396
-7.1498337 -2.4237306 -1.796744
-6.6409178 -3.5908508 -1.7967666
-0.85418946 -6.8076921 -1.7970786
-0.68975586 -6.826344 -1.7970878
-0.52492183 -6.8410349 -1.7970971
-0.35976562 -6.8517389 -1.7971064
-0.19440429 -6.8584623 -1.7971159
0.1365625 -6.8599296 -1.7971346
0.46720701 -6.8454375 -1.7971536
0.63219726 -6.8322082 -1.797163
1.124541 -6.7687259 -1.7971913
1.2874805 -6.7396698 -1.7972007
1.6110253 -6.6698098 -1.7972195
1.7714257 -6.6290479 -1.7972288
2.0890722 -6.5359764 -1.7972474
2.2461035 -6.4837236 -1.7972566
2.556211 -6.3679233 -1.7972749
2.7090623 -6.3044543 -1.7972839
3.0099804 -6.1665325 -1.7973018
3.1578417 -6.0921702 -1.7973106
3.4480078 -5.9328513 -1.7973279
3.590127 -5.84799 -1.7973363
3.7301269 -5.7597232 -1.7973449
4.6451564 -5.0511227 -1.7974006
4.7656446 -4.937633 -1.7974081
4.8833594 -4.8212738 -1.7974154
4.9982615 -4.7021089 -1.7974226
5.6243162 -3.9321587 -1.7974622
5.8939452 -3.5152557 -1.7974799
6.0566406 -3.226949 -1.7974906
6.1327343 -3.0799389 -1.7974957
2.5774121 -1.1422751 -0.73841161
2.6078906 -1.0083016 -0.73234677
2.6343846 -0.87502348 -0.72707653
2.6461718 -0.80861264 -0.72473288
6.7838864 -1.038031 -1.7975436
6.8412304 -0.54483151 -1.7975496
6.8523827 -0.37966797 -1.797551
6.8483005 0.44754332 -1.7975552
6.7980075 0.94151729 -1.7975551
3.2258983 0.76932555 -0.86863559
2.6161132 0.96896726 -0.73071235
2.5868065 1.1027259 -0.73654073
2.5706346 1.1698828 -0.7397576
6.1759763 2.9925249 -1.7975307
6.1020117 3.140609 -1.7975271
5.8146091 3.3568354 -1.758558
5.5280662 3.3717444 -1.6960043
5.2816405 3.3988829 -1.6450819
5.1981053 3.5252745 -1.6450778
5.0220509 3.7718272 -1.6450691
4.9295702 3.8918493 -1.6450645
4.8342772 4.0096054 -1.6450596
4.7361131 4.1250262 -1.6450547
4.3166795 4.5620399 -1.6450332
4.0915918 4.7648692 -1.6450214
3.8570213 4.9566026 -1.6450092
3.7363575 5.0481687 -1.6450027
3.6134863 5.136797 -1.6449963
3.3615234 5.3050365 -1.6449828
3.1017578 5.4609241 -1.6449689
2.8347948 5.6041503 -1.6449683
2.5446386 5.3470554 -1.5510159
2.2367871 5.3510485 -1.5190786
1.9406933 5.3548875 -1.4918311
1.7964257 5.3567553 -1.479846
1.3760937 5.3621998 -1.4499861
1.2394629 5.3639684 -1.4419583
0.44360352 5.374259 -1.4124197
0.18351562 5.3776169 -1.409332
-0.33626953 5.3843222 -1.4130156
-0.46701172 5.3860068 -1.416002
-0.59840816 5.3877001 -1.4198301
-0.99793941 5.3928452 -1.436481
-1.1334667 5.3945899 -1.4438092
-1.2557714 5.3338852 -1.4352537
-1.389707 5.3237143 -1.4411197
-1.5255176 5.3158493 -1.4485321
-1.6658593 5.3176527 -1.4595501
-2.1382616 5.4171166 -1.5253929
-2.5844433 5.7227454 -1.6446888
-2.8572752 5.5911622 -1.6446042
-2.9913378 5.52068 -1.6446228
-3.1236131 5.446898 -1.6446148
-3.2540429 5.3699498 -1.6446071
-3.5091894 5.2067261 -1.6445917
-3.876416 4.9393125 -1.6445694
-3.9944043 4.844358 -1.644562
-4.1100683 4.7465796 -1.644555
-4.442451 4.4369421 -1.6445345
-4.751543 4.1040826 -1.644515
-4.8491502 3.9882677 -1.644509
-5.0357909 3.7497563 -1.644497
-5.4853415 3.4980364 -1.704021
-6.1858692 2.9658318 -1.7968276
-6.2555857 2.8157604 -1.7968228
-6.32166 2.6640587 -1.7968183
-6.4976854 2.2000012 -1.7968057
-6.5488477 2.0426404 -1.7968019
-6.6397071 1.7244421 -1.796795
-6.6793551 1.5637896 -1.7967919
-6.7151365 1.4022326 -1.7967891
-6.7749023 1.0767602 -1.7967839
-6.7988963 0.9130426 -1.7967818
-6.8350096 0.58410519 -1.796778
-6.8470993 0.41908386 -1.7967764
-6.8552146 0.25381163 -1.796775
-6.8593454 0.08839111 -1.7967738
-6.8594723 -0.077076413 -1.7967731
-6.8556151 -0.24250427 -1.7967722
-6.8477635 -0.40778381 -1.7967718
-6.8003807 -0.9018237 -1.796772
-6.7766309 -1.0655835 -1.7967725
-6.7489648 -1.2287246 -1.7967732
-6.6818552 -1.5527563 -1.7967752
-6.6424704 -1.7134705 -1.7967765
-6.5992379 -1.8731844 -1.7967782
-6.5521288 -2.0318143 -1.7967801
-6.3259473 -2.6535861 -1.7967896
-6.2601075 -2.8053954 -1.7967925
-5.6997266 -3.8175762 -1.796819
-5.5090232 -4.0880136 -1.7968284
-5.4088182 -4.2197118 -1.7968335
-5.3054981 -4.3489585 -1.7968386
-5.1990819 -4.4756651 -1.796844
-4.373086 -5.2858567 -1.7968866
-4.1131248 -5.4906344 -1.7969003
-3.979531 -5.5882688 -1.7969073
-3.8436034 -5.6826458 -1.7969146
-3.4227245 -5.9457488 -1.7969372
-3.2783203 -6.0266004 -1.796945
-2.6825292 -6.3145056 -1.7969772
-2.5294628 -6.3773966 -1.7969856
-2.0617871 -6.5436878 -1.7970114
-1.7438476 -6.6355658 -1.7970289
-1.5833007 -6.6757302 -1.797038
-1.4218066 -6.7120099 -1.7970468
-1.2595313 -6.7443848 -1.797056
-0.7686035 -6.8179002 -1.7970834
-0.60394531 -6.8344932 -1.7970927
-0.27367187 -6.8557391 -1.7971113
0.22274414 -6.8576889 -1.7971395
0.38809571 -6.8503571 -1.7971491
0.55320311 -6.8390427 -1.7971585
0.71799803 -6.8237443 -1.7971679
0.88239259 -6.8044786 -1.7971774
1.3720508 -6.7229795 -1.7972056
1.5338379 -6.6879668 -1.7972151
1.694707 -6.6490588 -1.7972244
2.3274219 -6.4550047 -1.7972615
2.4824414 -6.3970261 -1.7972704
2.9384863 -6.2008891 -1.7972975
3.0872071 -6.1282434 -1.7973063
3.522285 -5.8890753 -1.7973324
3.6633301 -5.8024364 -1.7973409
3.8022168 -5.7124162 -1.7973492
4.0732908 -5.5224662 -1.7973657
4.8273239 -4.8773756 -1.7974119
5.056953 -4.6389403 -1.7974262
5.1674023 -4.5156384 -1.7974333
5.2748241 -4.3897085 -1.7974401
5.4804296 -4.1302576 -1.7974532
5.5784764 -3.9968901 -1.7974594
5.6732616 -3.8611922 -1.7974654
5.9376559 -3.4409258 -1.7974827
6.0189061 -3.2967198 -1.7974881
6.0967188 -3.1505983 -1.7974935
2.5857325 -1.1073104 -0.73675436
2.6009667 -1.040329 -0.73372626
2.6151659 -0.97352844 -0.73089874
2.6283984 -0.90689236 -0.72826791
2.6519237 -0.77407712 -0.72358811
2.9055469 -0.7725659 -0.78747356
3.2261815 -0.7750116 -0.86905241
6.7963867 -0.95271331 -1.7975448
6.8174024 -0.78851867 -1.797547
6.8475194 -0.45883361 -1.7975503
6.8616991 -0.12807922 -1.7975529
6.8530273 0.36837706 -1.7975551
6.8421092 0.53355348 -1.7975553
6.8272848 0.69842589 -1.7975553
6.785625 1.0268512 -1.7975547
6.7589059 1.1902196 -1.7975541
6.7282224 1.3528955 -1.7975532
2.7828515 0.7725665 -0.7564624
2.6469433 0.80408078 -0.72457975
2.5785155 1.1376824 -0.73819089
6.2101755 2.9209528 -1.7975322
6.0620899 3.2170258 -1.7975253
5.9594531 3.3492296 -1.7905362
5.3865819 3.3790355 -1.6654935
5.2385349 3.4649713 -1.6450797
5.1534181 3.590302 -1.6450757
4.7835155 4.0700231 -1.6450572
4.4766798 4.4051881 -1.6450415
4.2589841 4.6159105 -1.6450301
4.1463962 4.7172728 -1.6450244
3.4226074 5.2658472 -1.644986
3.0329003 5.4994602 -1.6449652
2.3093848 5.3501062 -1.5262858
2.158623 5.3520617 -1.5115463
1.8652636 5.355864 -1.4854562
1.722168 5.3577185 -1.4740168
1.5811914 5.3595433 -1.4635977
1.0343262 5.366621 -1.4315029
0.76856446 5.3700585 -1.4208657
0.50613278 5.3734498 -1.4136499
0.37575194 5.375134 -1.4112977
-0.013847656 5.3801622 -1.4091827
-0.14369141 5.3818383 -1.4101199
-0.40430662 5.3851991 -1.4144669
-0.66714841 5.3885851 -1.42216
-0.79978514 5.3902941 -1.4272882
-0.93347657 5.3920155 -1.4332902
-1.0683789 5.3937511 -1.4401846
-1.4590136 5.3149939 -1.4436074
-1.5983593 5.3167858 -1.4541454
-1.739834 5.3186021 -1.465696
-2.0658789 5.4161878 -1.5183074
-2.6561131 5.6897449 -1.6446675
-3.0604589 5.4826427 -1.6446186
-3.32125 5.3286242 -1.6446029
-3.4487987 5.2469435 -1.6445953
-3.6977735 5.0744786 -1.6445802
-3.8191016 4.9837961 -1.6445729
-4.1693845 4.6945558 -1.6445514
-4.2813768 4.5926085 -1.6445445
-4.3908887 4.4879918 -1.6445376
-4.4978123 4.3807678 -1.644531
-4.6021581 4.2709918 -1.6445245
-4.7038083 4.1587286 -1.6445181
-4.8027439 4.0440516 -1.6445118
-4.8988671 3.9270184 -1.6445057
-4.9921384 3.8077099 -1.6444998
-5.0825 3.6861823 -1.6444939
-5.1699119 3.5625079 -1.6444885
-5.3537302 3.5017755 -1.6755906
-5.633584 3.4937804 -1.7362956
-5.9975977 3.3302503 -1.7968402
-6.0761619 3.1846149 -1.7968348
-6.1511912 3.0371251 -1.7968298
-6.2904687 2.7369354 -1.7968203
-6.3546286 2.5844202 -1.7968159
-6.4150877 2.4303894 -1.7968116
-6.5739646 1.9601904 -1.7968
-6.7321973 1.3177465 -1.7967877
-6.78791 0.9915576 -1.7967829
-6.809834 0.8275494 -1.7967807
-6.8278027 0.66305542 -1.7967787
-6.8418164 0.49817869 -1.796777
-6.857861 0.16765076 -1.7967744
-6.8599024 0.0021984864 -1.7967733
-6.8579588 -0.16325805 -1.7967726
-6.8520312 -0.32861817 -1.7967721
-6.8420997 -0.49379393 -1.7967718
-6.8282223 -0.6586749 -1.7967716
-6.8103318 -0.82317322 -1.7967718
-6.7329979 -1.313424 -1.7967737
-6.6993551 -1.4754391 -1.7967745
-6.62042 -1.7967923 -1.7967775
-6.5751657 -1.9559573 -1.7967792
-6.5260839 -2.1139748 -1.7967811
-6.3561912 -2.5802982 -1.7967883
-6.2921286 -2.7328591 -1.7967911
-6.2243848 -2.8838332 -1.7967941
-5.999619 -3.3263397 -1.7968047
-5.7434669 -3.751447 -1.7968168
-5.6512985 -3.8888924 -1.7968214
-5.4572263 -4.156919 -1.796831
-5.3553905 -4.2873459 -1.796836
-5.2504492 -4.4152837 -1.7968414
-5.0314355 -4.6633768 -1.7968526
-4.9175291 -4.7833862 -1.7968583
-4.8007321 -4.9006205 -1.7968643
-4.6811423 -5.0150046 -1.7968706
-4.5588279 -5.1264715 -1.7968769
-4.1763086 -5.4427247 -1.7968969
-4.043828 -5.5418921 -1.796904
-3.4911816 -5.9057837 -1.7969334
-3.3477342 -5.9882998 -1.7969412
-3.2023535 -6.0673246 -1.7969489
-2.4491405 -6.4086914 -1.79699
-2.1372755 -6.5194082 -1.7970072
-1.9794042 -6.5690885 -1.7970159
-1.8203906 -6.6149521 -1.7970246
-1.6603222 -6.6569695 -1.7970335
-1.4992968 -6.6951127 -1.7970425
-1.3373828 -6.7293658 -1.7970515
-0.68288082 -6.8270407 -1.7970883
-0.51801759 -6.8415604 -1.7970976
-0.35287109 -6.8520994 -1.7971069
0.63909179 -6.8315711 -1.7971634
0.9678027 -6.7928748 -1.7971823
1.1313672 -6.767591 -1.7971917
1.4564453 -6.7052245 -1.7972105
1.7781249 -6.6272593 -1.7972293
2.0956738 -6.533865 -1.7972478
2.4083397 -6.425272 -1.7972662
3.1639941 -6.0889859 -1.7973109
3.3099413 -6.0109253 -1.7973197
3.4539745 -5.9293718 -1.7973284
3.5960057 -5.8443689 -1.7973368
4.1423926 -5.4708605 -1.7973698
4.5271678 -5.1571064 -1.7973934
4.7706251 -4.9328337 -1.7974085
5.0030079 -4.6970711 -1.7974229
5.1148438 -4.5750513 -1.7974299
5.223711 -4.4503679 -1.7974368
5.5319138 -4.0610809 -1.7974563
5.6282811 -3.9264886 -1.7974626
5.7213473 -3.7896044 -1.7974685
6.1358204 -3.0737472 -1.797496
6.2081637 -2.924881 -1.7975008
2.5780859 -1.1394693 -0.73827672
2.5937891 -1.0723956 -0.73515189
2.6221874 -0.93879545 -0.72950375
2.6466308 -0.80584472 -0.72463936
2.7759471 -0.77256531 -0.75471807
3.2241602 -0.73180908 -0.86596531
6.7580857 -1.1945437 -1.7975413
6.8078513 -0.86724824 -1.7975459
6.8267965 -0.70279479 -1.7975478
6.8527732 -0.37275389 -1.797551
6.8617773 0.12369324 -1.7975543
6.8568163 0.28915894 -1.7975549
6.8478513 0.45444518 -1.7975552
6.7970505 0.94836974 -1.7975551
6.7722263 1.1120379 -1.7975545
6.7434177 1.2750555 -1.7975537
6.7107029 1.4373163 -1.7975527
3.2260742 0.77279723 -0.86888999
2.9130664 0.7725665 -0.78937888
2.6287401 0.90512204 -0.72820073
2.5699413 1.1726965 -0.73989648
6.0988474 3.1467638 -1.797527
6.0211716 3.292943 -1.7975233
5.8021679 3.3574841 -1.7558289
5.5165038 3.3723419 -1.6935027
5.278203 3.4042046 -1.6450818
5.1078711 3.6547637 -1.6450734
5.0182028 3.7768877 -1.6450689
4.9256639 3.8968174 -1.6450644
4.6309571 4.2427068 -1.6450495
4.5273046 4.353158 -1.6450441
4.4209571 4.4610705 -1.6450386
3.7312498 5.0519347 -1.6450026
3.3561816 5.3084249 -1.6449826
2.5380664 5.3471408 -1.5502976
2.3826854 5.3491549 -1.5337683
2.2304883 5.3511305 -1.5184625
2.0812206 5.353065 -1.5043254
1.9346288 5.3549643 -1.4913093
1.7904589 5.3568335 -1.4793684
1.648496 5.3586731 -1.4684651
1.5085254 5.3604856 -1.4585631
1.3703418 5.3622742 -1.4496325
1.0986328 5.3657908 -1.4345722
0.43815428 5.3743286 -1.4123211
0.30797851 5.3760095 -1.4103998
-0.21143554 5.3827124 -1.4109335
-0.4725 5.3860779 -1.4161456
-0.86928707 5.3911886 -1.430305
-1.2586328 5.3220277 -1.4324036
-1.5313379 5.3159242 -1.4489716
-1.6717676 5.317728 -1.4600329
-1.8144629 5.3195629 -1.4721283
-1.9941504 5.415266 -1.5114861
-2.2980859 5.4191685 -1.54175
-2.7273631 5.6558433 -1.6446455
-2.9969041 5.5176587 -1.6446224
-3.1291015 5.4437413 -1.6446146
-3.2594628 5.3666673 -1.6446066
-3.3879395 5.2864661 -1.644599
-4.1148438 4.7424436 -1.6445547
-4.2280078 4.6417994 -1.6445477
-4.3387208 4.5384483 -1.6445408
-4.4469142 4.4324646 -1.6445341
-4.5524998 4.3239012 -1.6445276
-4.6554394 4.2128172 -1.6445211
-4.9478025 3.8651457 -1.6445026
-5.128408 3.6220179 -1.6444911
-5.2358985 3.5117662 -1.6513059
-5.4970603 3.4977019 -1.7065612
-5.9587207 3.3993359 -1.7968428
-6.1888671 2.959594 -1.7968273
-6.2584276 2.8094542 -1.7968224
-6.3243651 2.6576824 -1.796818
-6.3865914 2.5043755 -1.7968136
-6.445117 2.3496027 -1.7968096
-6.4998922 2.1934619 -1.7968055
-6.598115 1.877445 -1.7967982
-6.7165332 1.3954638 -1.7967889
-6.7482324 1.2330579 -1.7967863
-6.7760057 1.0699291 -1.7967839
-6.8197069 0.74191099 -1.7967796
-6.8355856 0.57720762 -1.7967777
-6.8475094 0.41216612 -1.7967763
-6.8554688 0.24689025 -1.7967749
-6.8353415 -0.57972288 -1.7967716
-6.8193846 -0.74441832 -1.7967716
-6.7477145 -1.2355173 -1.7967732
-6.7159567 -1.3979111 -1.7967741
-6.6407323 -1.7201605 -1.7967767
-6.5973144 -1.8798367 -1.7967782
-6.5500684 -2.0384133 -1.7967801
-6.4441795 -2.3519228 -1.7967845
-6.3232517 -2.6599636 -1.7967896
-6.2572851 -2.8117075 -1.7967927
-6.1876464 -2.9618139 -1.7967957
-6.0376463 -3.2567766 -1.7968028
-5.9573436 -3.4014635 -1.7968066
-5.7864161 -3.6848145 -1.7968148
-5.695879 -3.8233166 -1.7968191
-5.6020117 -3.9595969 -1.7968239
-5.5049024 -4.0935702 -1.7968286
-5.3011036 -4.3543096 -1.7968388
-5.1945505 -4.4809155 -1.7968441
-5.0849805 -4.6049042 -1.7968497
-4.8570409 -4.8448057 -1.7968614
-4.6177735 -5.0734372 -1.7968739
-4.494072 -5.1833544 -1.7968802
-3.5591991 -5.8650293 -1.7969297
-3.2722559 -6.029902 -1.7969453
-3.1258788 -6.1070981 -1.7969532
-2.9776659 -6.1807456 -1.7969612
-2.3684375 -6.4389758 -1.7969944
-2.2124708 -6.494257 -1.797003
-2.055166 -6.5457602 -1.7970117
-1.5765527 -6.6773252 -1.7970382
-1.4150683 -6.7134418 -1.7970473
-1.2527343 -6.7456532 -1.7970562
-1.0896777 -6.7739434 -1.7970654
-0.76172853 -6.8186779 -1.7970839
-0.43202147 -6.8475485 -1.7971025
-0.26674804 -6.8560143 -1.7971117
-0.10129882 -6.8604946 -1.797121
0.56008786 -6.8384819 -1.797159
0.72487301 -6.8230162 -1.7971684
0.88924801 -6.8035889 -1.7971777
1.0530957 -6.7801957 -1.7971872
1.2163086 -6.752862 -1.7971966
1.7013965 -6.6473498 -1.7972249
1.8612499 -6.6044168 -1.7972342
2.0200195 -6.5576324 -1.7972434
2.3339062 -6.4526587 -1.7972617
2.6424217 -6.3326631 -1.79728
2.7944043 -6.267117 -1.7972889
2.944746 -6.1979318 -1.797298
3.3852246 -5.9688807 -1.7973242
3.5282226 -5.8855233 -1.7973328
3.8079784 -5.7085824 -1.7973495
3.9445605 -5.615098 -1.7973579
4.2108202 -5.4183893 -1.7973741
4.3402734 -5.3152738 -1.7973819
4.5916014 -5.0998335 -1.7973974
4.7133203 -4.987627 -1.7974049
4.8322458 -4.8725095 -1.7974123
5.2792382 -4.3843856 -1.7974403
5.5825 -3.9912701 -1.7974597
5.7685156 -3.7174323 -1.7974715
5.856504 -3.5772295 -1.7974774
5.941113 -3.4349401 -1.797483
6.0222263 -3.2906542 -1.7974883
6.0998826 -3.1444552 -1.7974936
2.5863867 -1.1045053 -0.73662347
2.6289356 -0.90411192 -0.72816199
2.9173827 -0.77256531 -0.79047072
6.7111912 -1.4348444 -1.7975373
6.8182225 -0.78165096 -1.797547
6.8479881 -0.45193481 -1.7975504
6.8618164 -0.12116272 -1.7975529
6.8627343 0.044379883 -1.797554
6.8597069 0.20989013 -1.7975546
6.8526363 0.37528259 -1.7975551
6.8415818 0.54045594 -1.7975553
6.8075781 0.86976314 -1.7975552
6.7577343 1.1970299 -1.7975541
6.7268553 1.3596734 -1.7975532
3.2242186 0.73306453 -0.86605263
3.2281933 0.81633174 -0.87215811
2.7720118 0.7725665 -0.7537272
2.634707 0.8732568 -0.72701192
2.6219823 0.9398132 -0.72954392
6.2072458 2.9272094 -1.797532
6.1347852 3.0760663 -1.7975286
5.6508789 3.3653777 -1.7226893
5.3754492 3.3796086 -1.6631041
5.149785 3.5955005 -1.6450753
5.0615625 3.7186499 -1.645071
4.9703903 3.8396411 -1.6450665
4.7794142 4.074842 -1.6450568
4.4722266 4.4096947 -1.6450411
4.3645506 4.5162597 -1.6450356
4.2543359 4.6201987 -1.6450299
4.1416407 4.7214537 -1.6450241
4.0265427 4.8199606 -1.6450181
3.9091015 4.9156528 -1.6450119
3.7894042 5.0084825 -1.6450056
3.6674805 5.0984006 -1.6449991
3.5434277 5.1853561 -1.6449925
3.2891991 5.350162 -1.6449789
3.1591895 5.4279184 -1.6449721
3.0273535 5.502511 -1.6449648
2.4566991 5.348197 -1.5415312
2.1523926 5.3521423 -1.510956
2.0045409 5.3540587 -1.4974083
1.8592383 5.3559422 -1.4849577
1.7162402 5.3577952 -1.4735608
1.1632129 5.3649549 -1.4378463
1.0287304 5.3666945 -1.4312446
0.63153321 5.3718295 -1.4166865
0.37031248 5.3752036 -1.4112169
0.24030273 5.3768835 -1.4097248
-0.54086912 5.3869591 -1.4180521
-0.67266601 5.3886557 -1.4223564
-0.80535156 5.3903661 -1.4275208
-0.93908203 5.3920875 -1.4335595
-1.0740234 5.3938246 -1.4404923
-1.4647851 5.3150682 -1.4440285
-1.7458007 5.3186803 -1.4662024
-2.0721679 5.4162683 -1.5189145
-2.7981639 5.6210556 -1.6446233
-2.9328418 5.5517774 -1.6445792
-3.0659862 5.4795566 -1.6446184
-3.4541016 5.2434607 -1.644595
-3.579541 5.1586061 -1.6445874
-3.8241112 4.9799452 -1.6445726
-3.9430957 4.8862376 -1.6445652
-4.1741014 4.6903539 -1.644551
-4.3954005 4.4835582 -1.6445373
-5.3650098 3.5014567 -1.678023
-6.000947 3.3241985 -1.7968398
-6.0793748 3.1784794 -1.7968347
-6.2255368 2.8815899 -1.7968248
-6.2932224 2.7306023 -1.7968202
-6.3572459 2.5780127 -1.7968156
-6.4741306 2.2684252 -1.7968074
-6.5759668 1.9535656 -1.7967999
-6.6211524 1.7943841 -1.7967966
-6.7631836 1.1481781 -1.7967849
-6.8106637 0.82068419 -1.7967805
-6.8284664 0.6561743 -1.7967787
-6.8423047 0.49128172 -1.796777
-6.8521676 0.32610899 -1.7967755
-6.8599119 -0.0047204588 -1.7967733
-6.8516893 -0.33553344 -1.7967721
-6.8415918 -0.50069457 -1.7967718
-6.827529 -0.66555113 -1.7967716
-6.8095016 -0.83003324 -1.7967718
-6.7615428 -1.1574584 -1.7967727
-6.7316599 -1.32021 -1.7967737
-6.6978612 -1.4821908 -1.7967747
-6.6601758 -1.64331 -1.7967759
-6.5731931 -1.9625882 -1.7967793
-6.4709177 -2.2773006 -1.7967834
-6.3536034 -2.5867028 -1.7967885
-6.2893457 -2.7391956 -1.7967912
-6.149951 -3.0393288 -1.7967976
-5.9962597 -3.3323922 -1.7968048
-5.7396679 -3.7572393 -1.7968169
-5.6473727 -3.8945947 -1.7968216
-5.4530368 -4.1624165 -1.7968311
-5.3510642 -4.2927432 -1.7968364
-5.245986 -4.4205756 -1.7968415
-5.0267286 -4.6684427 -1.7968527
-4.5536618 -5.1310673 -1.7968771
-4.3009667 -5.3447285 -1.7968904
-3.9033203 -5.6417742 -1.7969115
-3.4852343 -5.9093046 -1.7969337
-3.3416991 -5.9916749 -1.7969415
-3.1962206 -6.0705547 -1.7969494
-3.048877 -6.1459107 -1.7969574
-2.2873535 -6.4682398 -1.7969989
-1.9727832 -6.5710864 -1.7970163
-1.8137207 -6.6167889 -1.7970251
-1.3306054 -6.7307091 -1.7970519
-0.84047848 -6.809401 -1.7970794
-0.51112306 -6.8420815 -1.7970979
-0.1805664 -6.8588433 -1.7971166
-0.015097656 -6.8612328 -1.7971259
0.15041015 -6.8596435 -1.7971355
0.31580079 -6.8540545 -1.7971449
0.48101562 -6.8444791 -1.7971543
0.64597654 -6.8309216 -1.7971638
0.81055665 -6.8133917 -1.7971733
1.1381934 -6.7664499 -1.7971922
2.102246 -6.5317526 -1.7972482
2.2591796 -6.4791861 -1.7972573
3.4599414 -5.925889 -1.7973286
3.7417381 -5.752192 -1.7973455
3.8794043 -5.6603012 -1.797354
4.0148044 -5.5651159 -1.797362
4.1478906 -5.4666858 -1.7973701
4.2785935 -5.3650727 -1.7973782
4.5323439 -5.1525421 -1.7973938
4.6553321 -5.0417485 -1.7974012
4.7756052 -4.9280152 -1.7974087
5.119453 -4.5698953 -1.7974303
5.3339453 -4.3177257 -1.7974439
5.535996 -4.0555029 -1.7974566
5.6322069 -3.9208128 -1.7974629
5.9010153 -3.5033624 -1.7974802
5.9838281 -3.3600216 -1.7974858
6.0631051 -3.2147264 -1.7974911
6.2111325 -2.918622 -1.7975011
2.5787597 -1.136662 -0.73814189
2.6090918 -1.002719 -0.73211086
2.6471093 -0.80306762 -0.72454572
3.2279589 -0.81154662 -0.87179065
3.2240136 -0.7283569 -0.8657251
6.7592969 -1.1877328 -1.7975415
6.8423047 -0.53103513 -1.7975497
6.8531637 -0.36584961 -1.7975513
6.8599801 -0.20044921 -1.7975525
6.8628516 -0.034932252 -1.7975535
6.847363 0.46134397 -1.7975552
6.8171678 0.7910223 -1.7975553
6.7960935 0.95522034 -1.7975551
6.7421288 1.2818494 -1.7975537
6.7092185 1.444093 -1.7975526
3.2262304 0.77628297 -0.86914563
2.6517577 0.77509034 -0.72362113
2.6404686 0.84142029 -0.72586727
2.6282129 0.90790218 -0.72830635
2.5854883 1.1083313 -0.73680192
6.095664 3.1529083 -1.7975268
6.0178318 3.29901 -1.7975231
5.7898436 3.3581293 -1.7531151
5.274785 3.4095213 -1.6450816
5.1041794 3.6599078 -1.6450732
5.0144138 3.7819421 -1.6450686
4.9217381 3.9017804 -1.645064
4.8261523 4.0193434 -1.6450593
4.5228906 4.357728 -1.6450438
4.4164453 4.4655323 -1.6450384
4.1959376 4.6732788 -1.6450269
3.9656541 4.8701549 -1.6450149
3.8470311 4.9643674 -1.6450087
3.6031249 5.1440721 -1.6449957
3.0907421 5.4671702 -1.6449683
2.9579687 5.5401011 -1.6449612
2.8235059 5.6098619 -1.6449704
2.3762598 5.3492393 -1.5331044
1.9285449 5.3550439 -1.4907877
1.3646191 5.3623471 -1.4492799
0.6944629 5.3710165 -1.4184946
0.43270507 5.3743992 -1.4122247
0.30254883 5.3760791 -1.4103373
0.17266601 5.3777561 -1.4092741
0.042900391 5.3794312 -1.4090314
-0.34717771 5.3844628 -1.4132322
-0.4779785 5.3861475 -1.4162893
-0.60941404 5.3878431 -1.420188
-0.87488282 5.3912611 -1.4305568
-1.2643359 5.3221021 -1.4327655
-1.4012305 5.3238621 -1.4419217
-1.6776855 5.3178039 -1.4605181
-1.8204687 5.3196387 -1.4726548
-2.3045604 5.4192514 -1.5424331
-2.5959766 5.7175035 -1.6446855
-2.7330663 5.6530895 -1.6446438
-3.1345897 5.4405856 -1.6446142
-3.2648535 5.363379 -1.6446062
-3.3932617 5.2830429 -1.6445986
-3.7663085 5.0238085 -1.6445761
-3.8863866 4.931488 -1.6445688
-4.1196289 4.7382822 -1.6445544
-4.2326951 4.6375241 -1.6445473
-4.3432908 4.5340638 -1.6445407
-4.4513669 4.4279795 -1.644534
-4.5568457 4.319314 -1.6445272
-4.6596971 4.2081256 -1.6445209
-4.7598243 4.0944943 -1.6445146
-4.8571777 3.9784844 -1.6445085
-4.9517088 3.8601587 -1.6445024
-6.0422363 3.2485442 -1.7968371
-6.1918359 2.9533587 -1.7968271
-6.26125 2.8031456 -1.7968223
-6.4474998 2.3430939 -1.7968093
-6.5021386 2.1868944 -1.7968054
-6.552949 2.029428 -1.7968016
-6.6825094 1.5503259 -1.7967917
-6.7494431 1.2262524 -1.7967862
-6.7770605 1.063103 -1.7967837
-6.8007421 0.89933348 -1.7967815
-6.8595114 0.074562989 -1.7967738
-6.8592968 -0.090902098 -1.7967728
-6.8469334 -0.42158753 -1.7967718
-6.8347654 -0.58660889 -1.7967716
-6.8186326 -0.75128907 -1.7967716
-6.7744823 -1.0792471 -1.7967725
-6.714541 -1.4046942 -1.7967741
-6.6787109 -1.5662357 -1.7967753
-6.6390233 -1.7268533 -1.7967767
-6.4968066 -2.2023554 -1.7967824
-6.4417868 -2.3584185 -1.7967846
-6.1846776 -2.9680581 -1.796796
-0.78192383 -6.2316599 -1.7970859
-0.17796874 -6.2781286 -1.7971199
-0.026464842 -6.280622 -1.7971284
0.125 -6.2794614 -1.7971371
0.4276953 -6.2661901 -1.7971543
0.57871091 -6.2540808 -1.797163
1.0293945 -6.1959586 -1.797189
2.1986034 -5.8837652 -1.7972571
2.3398926 -5.8290515 -1.7972654
2.4798241 -5.7709446 -1.7972736
2.890625 -5.5766239 -1.7972981
3.0242968 -5.5053053 -1.7973061
3.1562109 -5.4307804 -1.7973139
3.4144628 -5.2723017 -1.7973295
3.540664 -5.1884398 -1.7973372
3.6647851 -5.1015534 -1.7973447
3.786787 -5.0117011 -1.7973521
3.9065721 -4.9189267 -1.7973595
4.0241013 -4.8232884 -1.7973666
4.139287 -4.7248464 -1.7973737
4.6777539 -4.1925783 -1.797407
4.7775388 -4.0785522 -1.7974135
4.8745704 -3.9621463 -1.7974195
4.9687109 -3.843435 -1.7974255
5.1483006 -3.5993743 -1.797437
5.2336326 -3.4741673 -1.7974426
5.3950977 -3.2177527 -1.7974532
5.6137304 -2.8192763 -1.7974676
2.765166 -0.77256531 -0.82151359
3.0469141 -0.77256471 -0.89941931
6.1566992 -1.2485363 -1.7975068
6.2483397 -0.64961243 -1.7975153
6.2724218 -0.34753418 -1.7975183
6.2818747 -0.044643555 -1.7975204
6.241621 0.71149594 -1.7975221
6.2226954 0.86183101 -1.7975219
6.1738477 1.1609137 -1.7975208
6.144043 1.3094848 -1.7975198
5.4404101 3.1408129 -1.7974896
4.9746876 3.3737383 -1.7198969
4.7425585 3.3861516 -1.6674104
4.3353124 3.7759185 -1.64503
4.2429686 3.87937 -1.6450253
4.1481442 3.9805706 -1.6450204
3.8494432 4.2700267 -1.645005
3.745332 4.3616199 -1.6449996
3.5306249 4.5371275 -1.6449884
3.1933105 4.7804675 -1.6449705
2.9590137 4.9288621 -1.644958
2.8392675 4.9987826 -1.6449515
2.5948632 5.1298437 -1.6449383
2.4703808 5.1909204 -1.6449316
2.3444433 5.248971 -1.6449248
2.2171776 5.303966 -1.6449177
1.6958495 5.4927964 -1.644889
1.4289746 5.5681372 -1.6448743
0.97028321 5.3673668 -1.5606761
0.70542967 5.370791 -1.5499617
0.57421875 5.3724852 -1.5460033
0.44359374 5.3741746 -1.5429602
0.31341797 5.3758554 -1.540823
0.053749997 5.3792067 -1.5392468
-0.076025389 5.3808823 -1.5398028
-0.2059961 5.3825583 -1.5412557
-0.33626953 5.3842382 -1.5436109
-0.46701172 5.3859229 -1.5468737
-0.73056638 5.3893175 -1.556167
-0.9092871 5.6758323 -1.6447701
-1.4518261 5.5616345 -1.6447105
-1.5855078 5.5249767 -1.6447027
-1.8500879 5.4420371 -1.6446872
-1.9808007 5.395802 -1.6446795
-2.1103613 5.3464308 -1.6446719
-2.3657227 5.2383933 -1.6446568
-2.4913671 5.1797853 -1.6446493
-2.6155663 5.1181617 -1.644642
-2.7382324 5.0535645 -1.6446347
-2.8593066 4.9860325 -1.6446273
-2.9787207 4.9155946 -1.6446202
-3.2122948 4.7661829 -1.6446061
-3.3262987 4.6873045 -1.6445993
-4.0665622 4.0615439 -1.6445538
-4.2576756 3.8606818 -1.6445419
-4.5256348 3.5426996 -1.6445249
-5.3746972 3.2478306 -1.7968751
-5.843945 2.2983818 -1.7968434
-5.9479685 2.0138776 -1.7968359
-6.038125 1.7246929 -1.7968293
-6.1470017 1.2836004 -1.7968208
-6.1761813 1.1349646 -1.7968184
-6.2752538 0.23233825 -1.7968078
-6.2790232 0.080911256 -1.7968068
-6.2791405 -0.070556641 -1.796806
-6.2756152 -0.2219879 -1.7968054
-6.2576075 -0.52437073 -1.7968048
-6.2033105 -0.97543305 -1.7968055
-6.1779881 -1.124772 -1.7968061
-6.0805078 -1.5685083 -1.7968093
-5.9978223 -1.85992 -1.7968125
-5.9512205 -2.0040412 -1.7968144
-5.9011521 -2.147001 -1.7968165
-5.3002439 -3.3677316 -1.7968441
-5.1317091 -3.6194289 -1.7968524
-4.8566208 -3.9810228 -1.7968661
-4.4505663 -4.4304233 -1.7968867
-4.3424315 -4.5364971 -1.7968924
-4.2317677 -4.6399274 -1.7968981
-4.1186228 -4.7406654 -1.796904
-3.8852441 -4.9337974 -1.7969161
-3.5183983 -5.2018509 -1.7969357
-3.2634861 -5.3655138 -1.7969493
-2.7314453 -5.6550407 -1.796978
-2.5942578 -5.7193003 -1.7969854
-1.8873534 -5.9900131 -1.7970243
-1.4493262 -6.1108756 -1.7970484
-1.3015137 -6.1440873 -1.7970567
-0.85388672 -6.2221942 -1.7970817
-0.70357418 -6.2410088 -1.7970903
-0.55284178 -6.2561913 -1.7970986
-0.25049803 -6.2756357 -1.7971158
-0.099062495 -6.27988 -1.7971243
0.052431639 -6.2804742 -1.797133
0.80771482 -6.2286925 -1.7971761
1.2559668 -6.154079 -1.7972021
1.6976465 -6.0472527 -1.7972277
1.8430078 -6.0045762 -1.7972363
1.9873145 -5.9584022 -1.7972447
2.1304784 -5.9087644 -1.7972531
2.4129686 -5.7992096 -1.7972697
2.5521386 -5.739347 -1.7972779
2.6898339 -5.6761484 -1.7972862
2.8259766 -5.6096454 -1.7972943
2.9604785 -5.5398779 -1.7973022
3.2241991 -5.3907065 -1.7973181
3.3533106 -5.311398 -1.7973258
3.7285838 -5.0551138 -1.7973486
4.0843945 -4.7723594 -1.7973703
4.1983299 -4.6724763 -1.7973772
4.4187694 -4.4646101 -1.7973908
4.629004 -4.2463531 -1.7974039
4.7300978 -4.1334791 -1.7974104
4.8283982 -4.0182037 -1.7974167
4.9239841 -3.9005957 -1.7974226
5.0166016 -3.78071 -1.7974286
5.1931443 -3.5344164 -1.7974398
5.4351368 -3.1497142 -1.7974557
2.9055469 -0.77256471 -0.86026788
6.1418357 -1.3195989 -1.7975056
6.171875 -1.1710837 -1.7975082
6.2211914 -0.87208068 -1.7975125
6.2560153 -0.57105714 -1.7975161
6.2809567 -0.11723877 -1.7975199
6.2730079 0.33719724 -1.7975219
6.2630663 0.48839658 -1.7975222
3.0681348 0.7725659 -0.9053067
5.5490036 2.944757 -1.7974946
5.476367 3.0777354 -1.7974913
5.3215427 3.3382361 -1.7974838
5.091074 3.3674493 -1.74657
4.5532813 3.5100873 -1.645041
4.0978026 4.0323701 -1.645018
3.9993162 4.1300187 -1.6450127
3.8985448 4.2252622 -1.6450076
3.7954881 4.3180518 -1.6450022
3.5828123 4.4960313 -1.6449912
3.47333 4.5811167 -1.6449853
3.1329784 4.8202047 -1.6449673
3.0158105 4.8943515 -1.644961
2.8968554 4.9656482 -1.6449547
2.7762303 5.0340538 -1.6449481
2.6539941 5.099525 -1.6449416
2.5301952 5.1620321 -1.6449348
2.4049706 5.2215381 -1.644928
2.2783105 5.2780042 -1.6449211
1.4932421 5.5512633 -1.6448779
1.2237793 5.6168003 -1.6448735
1.0879687 5.6446972 -1.6448795
0.76855469 5.3699741 -1.5521873
0.50612301 5.3733664 -1.544304
0.37574217 5.3750501 -1.5417349
0.24572265 5.3767295 -1.5400668
-0.013857421 5.3800793 -1.5394244
-0.53536129 5.3868041 -1.5489373
-0.66713864 5.3885021 -1.5536005
-0.79977536 5.3902097 -1.5592027
-0.98053712 5.6639242 -1.6447595
-1.116836 5.6385522 -1.6447378
-1.5215625 5.5429382 -1.6447064
-1.6547949 5.5046034 -1.6446986
-2.0484471 5.3704734 -1.6446756
-2.1773632 5.3194799 -1.644668
-2.5562303 5.1480627 -1.6446455
-2.6796582 5.0848851 -1.6446382
-2.9217186 4.9496961 -1.6446236
-3.6049609 4.4764524 -1.6445823
-3.7118652 4.3881798 -1.6445757
-3.8166211 4.2973571 -1.6445694
-4.3058395 3.8068707 -1.6445389
-4.3963962 3.7018962 -1.6445332
-4.4843946 3.5947692 -1.6445276
-4.5925293 3.5029192 -1.652716
-5.2554197 3.4374993 -1.7968829
-5.3368258 3.3097301 -1.7968775
-5.8723731 2.2247729 -1.7968414
-5.9242868 2.0824823 -1.7968377
-6.0178318 1.794356 -1.7968309
-6.0593162 1.6486914 -1.7968277
-6.0973339 1.5020611 -1.7968248
-6.1317673 1.3545538 -1.7968221
-6.1626463 1.2062615 -1.7968194
-6.2337208 0.75753719 -1.796813
-6.2629685 0.45603269 -1.7968098
-6.2776661 0.15346618 -1.7968074
-6.2723436 -0.30081666 -1.7968053
-6.2632518 -0.45201719 -1.7968049
-6.2141795 -0.90367579 -1.7968053
-6.1633692 -1.202305 -1.7968066
-6.1325879 -1.3506165 -1.7968075
-6.0982323 -1.4981369 -1.7968087
-6.0603123 -1.6447824 -1.7968102
-6.0188966 -1.7904788 -1.7968116
-5.9255662 -2.0786588 -1.7968154
-5.3388281 -3.3062482 -1.7968423
-5.2575488 -3.434057 -1.7968462
-5.173203 -3.5598755 -1.7968502
-5.0858297 -3.68362 -1.7968546
-4.5014648 -4.3786864 -1.7968841
-4.3945508 -4.4859996 -1.7968897
-4.1731348 -4.6927414 -1.7969012
-4.0587497 -4.7920456 -1.7969072
-3.5782812 -5.1608348 -1.7969325
-3.4527636 -5.2456574 -1.7969393
-3.3252635 -5.3274317 -1.7969459
-3.0644922 -5.481636 -1.79696
-2.5222168 -5.7514572 -1.7969894
-1.9564356 -5.9677892 -1.7970204
-1.5198437 -6.0937085 -1.7970445
-1.3724219 -6.1286225 -1.7970527
-1.0753027 -6.1877294 -1.7970693
-0.92574215 -6.2118969 -1.7970778
-0.47418943 -6.2626629 -1.797103
-0.32299805 -6.2723069 -1.7971116
-0.17163086 -6.2783051 -1.7971202
0.43400389 -6.2657561 -1.7971548
0.58499998 -6.253499 -1.7971634
0.88591796 -6.2180676 -1.7971808
1.1847558 -6.1681681 -1.7971979
1.3331933 -6.1378288 -1.7972065
1.6276464 -6.0664563 -1.7972236
1.7735058 -6.0254593 -1.7972322
2.062041 -5.9329801 -1.7972491
2.2045214 -5.8815465 -1.7972575
2.485625 -5.7684479 -1.797274
2.6240528 -5.7068377 -1.7972822
2.760957 -5.6419139 -1.7972904
2.8962305 -5.573709 -1.7972984
3.0298243 -5.5022564 -1.7973065
3.2916894 -5.3497839 -1.797322
3.7918162 -5.0078797 -1.7973524
3.9115233 -4.9149857 -1.7973597
4.028955 -4.8192301 -1.7973669
4.4745507 -4.4087529 -1.7973944
4.6819725 -4.1878686 -1.7974074
4.8785157 -3.9572296 -1.7974197
4.972578 -3.8384271 -1.7974257
5.1519337 -3.5941851 -1.7974372
5.3192968 -3.3415704 -1.797448
5.3983788 -3.2123075 -1.7974533
5.5470114 -2.9482501 -1.7974632
3.2575195 -0.73937988 -0.95580298
6.157949 -1.2423291 -1.7975069
6.1861329 -1.0934439 -1.7975094
6.2107224 -0.94392055 -1.7975116
6.2490039 -0.64331359 -1.7975154
6.2627149 -0.49240416 -1.7975169
6.2727733 -0.34120667 -1.7975183
6.2819529 -0.038306884 -1.7975204
6.2810349 0.11322448 -1.7975211
6.276484 0.26468629 -1.7975218
6.2564259 0.56704772 -1.7975222
6.2218161 0.86810422 -1.7975218
6.1990428 1.0179175 -1.7975214
6.1726952 1.1671405 -1.7975208
3.2575195 0.78033143 -0.95846325
2.9130664 0.7725665 -0.86234993
5.5115623 3.0142517 -1.797493
5.2110934 3.3609209 -1.774303
4.7331638 3.3866522 -1.6653059
4.5935349 3.4572423 -1.645043
4.5087891 3.567019 -1.6450388
4.4214258 3.6747241 -1.6450344
4.3315039 3.7802806 -1.6450299
4.2390528 3.8836412 -1.6450251
4.1441307 3.9847455 -1.6450202
4.0468163 4.0835233 -1.6450152
3.9471288 4.1799297 -1.6450102
3.7409472 4.3653932 -1.6449994
3.634541 4.4543371 -1.6449939
3.5260253 4.5406861 -1.6449881
3.4154785 4.624392 -1.6449822
3.3029296 4.7054062 -1.6449763
2.712744 5.0685301 -1.6449447
2.5896971 5.1324582 -1.644938
2.4651368 5.1934071 -1.6449313
2.2118163 5.306201 -1.6449174
1.9533398 5.4066391 -1.6449032
1.8223437 5.4521556 -1.644896
1.6903125 5.4944983 -1.6448889
0.96470702 5.3674378 -1.5604131
0.83187497 5.3691564 -1.5546254
0.6999414 5.3708615 -1.5497781
0.56874996 5.3725562 -1.5458583
0.43814453 5.3742442 -1.5428523
0.30797851 5.3759251 -1.5407536
0.048320312 5.3792772 -1.5392523
-0.081464842 5.3809519 -1.5398452
-0.34171873 5.3843079 -1.5437297
-0.60390621 5.3876877 -1.5512505
-1.0516015 5.6511216 -1.6447483
-1.1875781 5.6240344 -1.6447259
-1.3228809 5.5937281 -1.6447179
-1.4574023 5.5601697 -1.6447102
-2.115752 5.3443003 -1.6446716
-2.2440233 5.2916894 -1.6446639
-2.370996 5.236001 -1.6446565
-2.6207323 5.115521 -1.6446416
-2.8643358 4.9831381 -1.6446271
-2.9836719 4.9125876 -1.6446201
-3.1012988 4.8391747 -1.6446128
-3.3310254 4.6839466 -1.644599
-3.5530078 4.5178199 -1.6445855
-3.6609082 4.4308009 -1.6445788
-3.8702929 4.249063 -1.6445661
-3.9716406 4.15446 -1.6445597
-4.0706739 4.057446 -1.6445537
-4.1673241 3.9580669 -1.6445476
-4.2615623 3.8563867 -1.6445416
-4.3533397 3.7524626 -1.6445358
-4.9371676 3.4869549 -1.7295172
-5.8462696 2.2924981 -1.7968432
-5.8998337 2.1508195 -1.7968394
-5.9499903 2.0078881 -1.7968358
-5.9966602 1.8637909 -1.7968324
-6.1157126 1.4253265 -1.7968233
-6.2427344 0.67914486 -1.7968121
-6.2754979 0.22600219 -1.7968078
-6.2791014 0.074570313 -1.7968068
-6.2753806 -0.22831115 -1.7968054
-6.2680664 -0.37960327 -1.7968049
-6.2242188 -0.83180571 -1.796805
-6.2023435 -0.98167509 -1.7968055
-6.1477833 -1.2796445 -1.7968071
-6.1151366 -1.4275564 -1.7968081
-6.0789452 -1.5746337 -1.7968093
-5.8453417 -2.294605 -1.7968189
-5.3766699 -3.2443216 -1.7968404
-5.296865 -3.3730664 -1.7968442
-5.2140036 -3.4998522 -1.7968483
-5.1280565 -3.6245978 -1.7968526
-4.9473338 -3.8677015 -1.7968615
-4.8526073 -3.9859161 -1.7968663
-4.7550683 -4.1018133 -1.7968712
-4.3378515 -4.5408692 -1.7968926
-3.9982324 -4.8426752 -1.7969104
-3.8802733 -4.9377136 -1.7969165
-3.513164 -5.2053928 -1.796936
-3.3865917 -5.2886338 -1.7969427
-3.1276367 -5.4458427 -1.7969565
-2.8613963 -5.5903802 -1.796971
-2.7257226 -5.6577954 -1.7969782
-2.5884764 -5.7219172 -1.7969857
-2.4497266 -5.7827129 -1.7969934
-2.3095703 -5.8401361 -1.797001
-2.1680467 -5.8941712 -1.7970088
-1.7362401 -6.035573 -1.7970326
-1.443164 -6.1123376 -1.7970488
-1.1467383 -6.1748796 -1.7970654
-0.9974609 -6.2007666 -1.7970736
-0.84761715 -6.2230554 -1.7970821
-0.54655272 -6.2567477 -1.797099
-0.24416992 -6.2758842 -1.797116
-0.092744142 -6.2799816 -1.7971247
0.058759764 -6.2804193 -1.7971333
0.36158201 -6.2703385 -1.7971505
0.51270509 -6.2598248 -1.7971592
0.9639746 -6.2064605 -1.7971852
1.2621484 -6.152813 -1.7972025
1.4101952 -6.1206083 -1.7972109
1.5574316 -6.0848451 -1.7972196
1.70375 -6.0455399 -1.7972281
2.2782812 -5.8533983 -1.7972617
2.6955469 -5.6734362 -1.7972865
3.4857128 -5.2254887 -1.7973338
3.7336814 -5.0513525 -1.7973489
3.8544629 -4.9598465 -1.7973562
3.9729979 -4.8654575 -1.7973634
4.0891895 -4.7682405 -1.7973706
4.2030368 -4.6682429 -1.7973776
4.3143945 -4.5655289 -1.7973845
4.8324804 -4.0133362 -1.7974168
4.9278708 -3.8956268 -1.7974229
5.1100192 -3.6534851 -1.7974344
5.1966796 -3.5291817 -1.7974402
5.3608789 -3.274483 -1.7974508
5.5125976 -3.0121605 -1.7974609
5.5836129 -2.8783314 -1.7974657
2.6566894 -0.77256531 -0.79166579
2.9173827 -0.77256471 -0.86354244
3.2575195 -0.77906799 -0.95837986
6.1993551 -1.0156268 -1.7975105
6.2221093 -0.86580837 -1.7975127
6.2411132 -0.71549439 -1.7975144
6.2566013 -0.56475341 -1.7975161
6.2683787 -0.4136847 -1.7975177
6.2765622 -0.26237059 -1.7975188
6.2810545 -0.1109082 -1.7975199
6.2104101 0.94620419 -1.7975216
6.1575193 1.2445978 -1.7975203
3.2575195 0.74063474 -0.95588195
2.7720118 0.77256531 -0.82340193
5.4732423 3.0832524 -1.7974911
5.3181834 3.3435967 -1.7974837
4.8423438 3.3808386 -1.6898518
4.6331639 3.4039335 -1.6450449
4.3748827 3.7299774 -1.645032
4.2836523 3.8344007 -1.6450274
4.1898923 3.9365904 -1.6450227
3.5782714 4.4996424 -1.6449908
3.1281054 4.8233604 -1.644967
3.0108593 4.8973837 -1.6449608
2.3996973 5.2239585 -1.6449276
1.7537011 5.4746118 -1.6448922
1.6211425 5.5152917 -1.6448849
1.4876367 5.5527658 -1.6448776
1.3532715 5.5869923 -1.6448663
1.2181054 5.618031 -1.6448737
1.0822656 5.6457996 -1.6448797
0.37030274 5.3751206 -1.5416464
-0.019277344 5.3801498 -1.5394495
-0.4097656 5.3851852 -1.5453343
-0.54085934 5.3868737 -1.5491133
-0.67265624 5.3885727 -1.5538162
-0.80533201 5.3902817 -1.5594574
-1.5271386 5.5414038 -1.6447061
-1.6603613 5.502933 -1.6446983
-1.7925781 5.461256 -1.6446905
-2.0538573 5.3684082 -1.6446753
-2.1827245 5.3172827 -1.6446676
-2.5614355 5.1454835 -1.6446452
-3.045166 4.874701 -1.6446162
-3.3896093 4.6417127 -1.6445955
-3.8209178 4.2935123 -1.644569
-3.9233594 4.200088 -1.6445626
-4.2167282 3.905385 -1.6445445
-4.487998 3.5902507 -1.6445274
-4.6002731 3.5014966 -1.6542304
-4.8228416 3.4904504 -1.703486
-5.0654197 3.4829881 -1.7589771
-5.2588868 3.4321997 -1.7968827
-5.3401465 3.3043499 -1.7968774
-5.8745995 2.2188525 -1.7968413
-6.0196095 1.7882904 -1.7968307
-6.0609765 1.6425762 -1.7968276
-6.0988278 1.4959093 -1.7968246
-6.1638575 1.2000463 -1.7968192
-6.1910157 1.0510406 -1.7968169
-6.2145309 0.90140438 -1.7968148
-6.2344728 0.75125426 -1.7968129
-6.2724509 0.29851806 -1.7968085
-6.2795506 -0.0043194578 -1.7968063
-6.2720213 -0.30714539 -1.7968053
-6.2499118 -0.60924435 -1.7968048
-6.2132711 -0.90993923 -1.7968053
-6.1895118 -1.0595367 -1.7968059
-6.1312108 -1.3567938 -1.7968075
-6.0586524 -1.6508971 -1.7968102
-5.9720311 -1.9411566 -1.7968135
-5.9234762 -2.0846364 -1.7968154
-5.8714547 -2.2268894 -1.7968178
-5.1695995 -3.5650964 -1.7968506
-5.082129 -3.6887431 -1.7968549
-4.9916992 -3.8102577 -1.7968593
-4.8021483 -4.0465751 -1.7968688
-4.7031736 -4.1612353 -1.7968739
-4.6014552 -4.2734723 -1.7968791
-4.3900294 -4.4904327 -1.7968899
-4.2804489 -4.5950255 -1.7968955
-4.1683984 -4.6969509 -1.7969013
-3.9370799 -4.8925309 -1.7969136
-3.8179295 -4.9860826 -1.7969198
-3.5730662 -5.1644363 -1.7969328
-3.4474707 -5.249135 -1.7969395
-3.3198826 -5.3307843 -1.7969462
-3.1903319 -5.4093256 -1.7969532
-2.925791 -5.5569334 -1.7969674
-2.7909374 -5.6259117 -1.7969748
-2.5164063 -5.7539983 -1.7969897
-2.3768847 -5.8130417 -1.7969973
-2.0938184 -5.9209557 -1.7970129
-1.9504004 -5.9697614 -1.7970207
-1.8058691 -6.0150933 -1.7970288
-1.6602539 -6.0569267 -1.7970366
-1.5137011 -6.0952377 -1.797045
-1.0690625 -6.188817 -1.7970697
-0.61880857 -6.2500005 -1.7970949
-0.31667969 -6.2726321 -1.7971121
-0.16529296 -6.2784739 -1.7971206
0.13767578 -6.2791996 -1.7971379
0.2890918 -6.2740827 -1.7971464
0.59130859 -6.2529044 -1.7971638
0.74196285 -6.2368546 -1.7971723
0.8921777 -6.2171731 -1.797181
1.041875 -6.1938787 -1.7971897
1.6337793 -6.0648093 -1.797224
1.77958 -6.0236683 -1.7972325
2.0680077 -5.930902 -1.7972494
2.3516307 -5.8243275 -1.7972662
2.6298046 -5.704195 -1.7972826
3.0353808 -5.499198 -1.7973068
3.4250975 -5.2654066 -1.7973301
3.5511034 -5.1812925 -1.7973378
3.6750488 -5.0941567 -1.7973453
3.9164941 -4.9110422 -1.7973601
4.4789844 -4.4042325 -1.7973946
4.8824997 -3.9523151 -1.79742
4.9764452 -3.8334165 -1.797426
5.2406249 -3.4636078 -1.797443
5.4773827 -3.0756564 -1.7974584
5.5499997 -2.9426579 -1.7974633
3.2575097 -0.81897765 -0.96110028
6.1591992 -1.2361243 -1.7975072
6.1872067 -1.0872095 -1.7975094
6.2631836 -0.48609069 -1.7975171
6.2808981 0.11955383 -1.7975211
6.2678318 0.4222998 -1.7975221
6.2558398 0.57335448 -1.7975222
6.2209177 0.87437499 -1.7975218
6.1414061 1.3218725 -1.7975197
3.2575293 0.78381044 -0.9586969
2.9012499 0.7725665 -0.85907859
2.6431346 0.77256531 -0.78793883
5.5084958 3.0198028 -1.7974927
5.3564649 3.2819226 -1.7974855
5.2004881 3.3614984 -1.771841
4.5900583 3.4618671 -1.6450429
4.3276758 3.784652 -1.6450297
4.1401072 3.9889276 -1.6450201
3.94291 4.1839042 -1.6450099
3.8408399 4.2777758 -1.6450045
3.7365332 4.3691578 -1.6449991
3.6300488 4.4579921 -1.6449935
3.4108202 4.6278305 -1.644982
3.2981834 4.708734 -1.644976
3.1836522 4.7868981 -1.6449699
3.0672557 4.8622742 -1.6449637
2.9490721 4.9348178 -1.6449574
2.7076464 5.0712509 -1.6449444
2.5845313 5.1350632 -1.6449378
2.4599218 5.1958885 -1.644931
2.0777538 5.3600779 -1.6449101
1.9478906 5.4086046 -1.6449031
1.6847656 5.496201 -1.6448885
1.2829688 5.6035666 -1.6448704
0.82634765 5.3692274 -1.5544039
0.56328124 5.3726268 -1.5457144
0.43270507 5.3743153 -1.5427459
0.30254883 5.3759947 -1.5406861
-0.086874999 5.3810215 -1.5398898
-0.21685547 5.3826976 -1.5414184
-0.92074215 5.6739855 -1.6447685
-1.0573144 5.6500535 -1.6447474
-1.4630274 5.5586925 -1.6447099
-1.5966504 5.5217624 -1.6447021
-1.729375 5.4816222 -1.6446943
-2.1211329 5.3421655 -1.6446713
-2.2493553 5.2894263 -1.6446637
-2.3762696 5.2336097 -1.6446562
-2.5018065 5.174747 -1.6446487
-2.6258788 5.1128783 -1.6446414
-2.9886229 4.9095798 -1.6446197
-3.1061621 4.8360448 -1.6446126
-3.221875 4.7596998 -1.6446055
-3.5575488 4.5142407 -1.6445853
-3.7710741 4.3373852 -1.6445721
-3.8745799 4.2451496 -1.6445657
-3.9758203 4.1504459 -1.6445594
-4.2654686 3.8520896 -1.6445414
-4.3571191 3.7480762 -1.6445357
-4.4461818 3.6418786 -1.6445299
-4.7118258 3.4938023 -1.6784357
-5.1981153 3.4788311 -1.789727
-5.3812208 3.2369804 -1.7968746
-5.8485641 2.2865953 -1.7968431
-5.9020214 2.1448591 -1.7968392
-5.9985547 1.8577319 -1.7968322
-6.0416112 1.7125189 -1.796829
-6.1171288 1.4191674 -1.7968233
-6.14958 1.2712078 -1.7968205
-6.2253613 0.82324642 -1.7968137
-6.2434082 0.6728552 -1.7968119
-6.2578125 0.52206969 -1.7968104
-6.275703 0.2196759 -1.7968078
-6.2791891 0.068256222 -1.7968068
-6.2789841 -0.083211668 -1.796806
-6.275156 -0.23463257 -1.7968054
-6.2417579 -0.68772888 -1.7968049
-6.2233787 -0.83807981 -1.796805
-6.2013378 -0.98794001 -1.7968055
-6.0773339 -1.580758 -1.7968096
-5.9940429 -1.8720025 -1.7968125
-5.8430271 -2.3004935 -1.796819
-0.8584277 -5.7206345 -1.7970842
-0.58156246 -5.7554255 -1.7970997
-0.44255859 -5.7678046 -1.7971075
-0.16390625 -5.7824883 -1.7971234
-0.024384765 -5.7847834 -1.7971313
0.53302735 -5.7603292 -1.797163
0.81021482 -5.7279716 -1.7971791
1.085498 -5.6822877 -1.797195
1.4935156 -5.5890055 -1.7972186
1.6278906 -5.5513825 -1.7972264
1.7613183 -5.5105305 -1.7972343
1.8937109 -5.4664698 -1.7972419
2.1551659 -5.3688316 -1.7972573
2.2840233 -5.3153119 -1.7972649
2.5377343 -5.1990247 -1.7972801
2.7855175 -5.0706372 -1.7972949
2.9070215 -5.0019951 -1.797302
3.1448827 -4.8560247 -1.7973164
3.2610936 -4.778779 -1.7973235
3.9163084 -4.2585821 -1.7973634
4.01791 -4.1628966 -1.7973698
4.1171579 -4.064795 -1.7973759
4.2140136 -3.9643219 -1.797382
4.3084178 -3.8615406 -1.7973878
4.4002929 -3.7565129 -1.7973936
4.6604295 -3.4285631 -1.7974102
4.9691014 -2.9636765 -1.7974303
5.0391798 -2.8429718 -1.7974348
5.1062889 -2.7206063 -1.7974392
5.6705465 -1.149949 -1.7974799
5.7388282 -0.73694825 -1.7974858
5.754961 -0.59831727 -1.7974875
5.7771287 -0.32009032 -1.7974902
5.7831836 -0.18065856 -1.7974913
5.7858396 -0.041118775 -1.7974921
5.7851562 0.09844543 -1.797493
5.7629099 0.51646543 -1.7974938
5.7487693 0.65531492 -1.7974938
5.7313085 0.79377747 -1.7974936
5.6863475 1.0692432 -1.7974925
5.1445117 2.6478064 -1.7974701
5.0108204 2.8928101 -1.7974638
4.9395895 3.0128222 -1.7974603
4.8655076 3.1310735 -1.7974567
4.7088084 3.3620512 -1.7974491
4.4930859 3.3745525 -1.7456709
4.288672 3.3858471 -1.697495
3.9929979 3.4777672 -1.6450089
3.7310741 3.7573326 -1.6449956
3.6393359 3.8462193 -1.6449908
3.5455077 3.9328661 -1.6449859
3.3516893 4.0992484 -1.6449759
3.1500976 4.2560849 -1.6449652
2.6150877 4.6040916 -1.6449367
2.5032616 4.6658106 -1.6449307
2.3899901 4.7248096 -1.6449244
2.275332 4.7810631 -1.6449183
2.1593163 4.8345361 -1.6449119
2.0420995 4.8851905 -1.6449057
1.6835253 5.01999 -1.644886
1.5619433 5.0591135 -1.6448791
1.1920702 5.1587415 -1.6448587
1.0672852 5.1859703 -1.6448518
0.81593746 5.2313633 -1.6448377
0.4355664 5.2765927 -1.6448163
0.18060547 5.2914171 -1.6448019
-0.074785158 5.2939234 -1.6447874
-0.20243163 5.2905579 -1.64478
-0.32999024 5.284111 -1.6447728
-0.45734373 5.2745924 -1.6447656
-0.58441406 5.2620029 -1.6447582
-0.96333003 5.2059031 -1.6447364
-1.0886035 5.1811328 -1.6447291
-1.2132519 5.1533508 -1.644722
-1.3371875 5.1225619 -1.6447146
-1.7040429 5.0124121 -1.6446933
-1.8244336 4.9698291 -1.6446861
-1.9437695 4.9243603 -1.6446791
-2.1789453 4.8248496 -1.6446652
-2.2946875 4.7708726 -1.6446583
-2.633584 4.5924191 -1.6446382
-2.8519726 4.4600339 -1.6446251
-2.9586914 4.3899317 -1.6446185
-3.0637207 4.3172812 -1.6446122
-3.2683105 4.1644807 -1.6445997
-3.3678026 4.0844212 -1.6445937
-3.4653418 4.0019922 -1.6445876
-3.5608203 3.9172294 -1.6445819
-3.8346875 3.6494877 -1.6445647
-3.921582 3.5559208 -1.6445594
-4.235527 3.4835956 -1.7037022
-4.72124 3.3415833 -1.7969128
-4.8768358 3.109998 -1.7969028
-4.9504395 2.9914587 -1.7968979
-5.4321384 1.9865118 -1.7968652
-5.478457 1.8549109 -1.7968619
-5.5215821 1.7222357 -1.7968587
-5.5981932 1.4539484 -1.7968528
-5.6316309 1.3184948 -1.7968502
-5.6617966 1.182279 -1.7968478
-5.6886621 1.0453728 -1.7968456
-5.7122068 0.9078601 -1.7968435
-5.7493358 0.63133663 -1.7968398
-5.7628808 0.49247986 -1.7968383
-5.7799215 0.21399963 -1.7968359
-5.7835059 -0.064984739 -1.7968342
-5.7802539 -0.20446411 -1.7968336
-5.7636719 -0.48298094 -1.7968332
-5.7503514 -0.62185425 -1.7968332
-5.7336717 -0.7603662 -1.7968333
-5.7136621 -0.8984381 -1.7968338
-5.6903415 -1.0359896 -1.7968343
-5.663691 -1.1729308 -1.7968352
-5.5640721 -1.5793597 -1.7968386
-5.524375 -1.7131085 -1.7968402
-5.4353418 -1.9775295 -1.7968439
-4.9552536 -2.9832392 -1.7968658
-4.881865 -3.1018932 -1.7968693
-4.805654 -3.2187469 -1.796873
-4.4732814 -3.6667688 -1.7968897
-4.3835449 -3.7736013 -1.7968941
-4.2912498 -3.878242 -1.7968987
-4.0992384 -4.0806956 -1.7969087
-3.9996483 -4.1783953 -1.7969137
-3.8977051 -4.273664 -1.7969191
-3.7935154 -4.3664412 -1.7969244
-3.5785644 -4.5443268 -1.7969357
-3.3552539 -4.7116504 -1.7969476
-2.8858006 -5.013042 -1.7969726
-2.6406932 -5.1464143 -1.7969859
-2.5158105 -5.2086287 -1.7969927
-2.3894629 -5.2678099 -1.7969995
-1.8709081 -5.4735894 -1.7970278
-1.7383398 -5.5171418 -1.7970352
-1.6047655 -5.5574889 -1.7970426
-1.3349316 -5.6284571 -1.7970576
-1.1987695 -5.6590433 -1.7970651
-0.78648436 -5.7309799 -1.7970881
-0.50920898 -5.7622905 -1.7971039
-0.37008789 -5.772923 -1.7971116
-0.091259763 -5.7841039 -1.7971275
0.04830078 -5.7846465 -1.7971355
0.32719725 -5.7756371 -1.7971513
0.46640623 -5.7660894 -1.7971592
0.60535157 -5.7531857 -1.7971672
0.74395508 -5.7369428 -1.7971753
0.88210934 -5.7173548 -1.7971832
1.1568066 -5.6682138 -1.797199
1.4288183 -5.6058826 -1.7972147
1.6975195 -5.5305042 -1.7972305
1.9622656 -5.4422569 -1.7972461
2.3506446 -5.2862034 -1.797269
2.4774706 -5.2279949 -1.7972764
2.6028419 -5.1667404 -1.7972839
2.7267187 -5.102479 -1.7972914
2.9696581 -4.9650846 -1.7973058
3.0885546 -4.8920364 -1.7973131
3.5455174 -4.571815 -1.7973406
3.6547656 -4.4849887 -1.7973474
4.0698924 -4.1120944 -1.7973731
4.1679001 -4.0127497 -1.7973791
4.2634959 -3.911068 -1.7973851
4.3566012 -3.8071053 -1.7973908
4.4471679 -3.7009332 -1.7973967
4.6205077 -3.4821875 -1.7974076
4.7031837 -3.3697462 -1.797413
4.7830858 -3.2553372 -1.797418
4.8602343 -3.139035 -1.797423
4.9345117 -3.0209029 -1.7974279
5.1400781 -2.6562362 -1.7974415
2.6467383 -0.77256471 -0.85655653
3.2575195 -0.78254086 -1.0407802
5.7299609 -0.80322021 -1.797485
5.7476754 -0.66478878 -1.7974867
5.7807031 -0.24747986 -1.7974908
5.7849998 -0.10798217 -1.7974919
5.7834764 0.1711261 -1.7974932
5.7776756 0.31057188 -1.7974936
5.740078 0.72749388 -1.7974937
5.7208786 0.86572325 -1.7974935
5.6724801 1.1406072 -1.797492
2.7828515 0.7725665 -0.89722484
5.1108398 2.7122333 -1.7974685
4.9740624 2.9555402 -1.797462
4.9013281 3.074646 -1.7974584
4.8257618 3.1919544 -1.7974548
4.5951171 3.36885 -1.7700751
4.3852148 3.3805358 -1.7201267
4.1864939 3.3914251 -1.6737847
4.0329003 3.4313946 -1.6450111
3.7742381 3.7139709 -1.6449978
3.6835546 3.8039136 -1.6449931
3.4958007 3.9771013 -1.6449833
3.2999218 4.1410303 -1.6449732
3.0963573 4.2953148 -1.6449624
2.6681151 4.5735717 -1.6449395
2.5570312 4.6365771 -1.6449336
2.3304393 4.7544589 -1.6449212
2.2150781 4.8092661 -1.644915
2.0984278 4.8612719 -1.6449087
1.9805664 4.9104567 -1.6449021
1.7414355 5.0002112 -1.644889
1.620332 5.0407362 -1.6448824
1.375332 5.1129684 -1.6448689
1.2516114 5.1446314 -1.6448621
1.1271484 5.1733017 -1.6448551
0.750166 5.24119 -1.6448339
0.49653319 5.2712216 -1.6448197
0.36922851 5.2816405 -1.6448126
0.24174803 5.2889853 -1.6448054
-0.013603515 5.2944479 -1.6447909
-0.14128906 5.2925572 -1.6447836
-0.26890624 5.2875829 -1.6447762
-0.39635742 5.2795362 -1.644769
-0.65048826 5.254231 -1.6447544
-0.90309566 5.2167029 -1.6447397
-1.0286621 5.1933813 -1.6447326
-1.1536328 5.1670346 -1.6447253
-1.4014453 5.1053452 -1.644711
-1.5241797 5.0700378 -1.6447037
-1.6459961 5.0317783 -1.6446966
-1.8867382 4.9465013 -1.6446824
-2.2393944 4.7970862 -1.6446617
-2.4681053 4.6834655 -1.6446481
-2.9077637 4.4238415 -1.6446217
-3.1177247 4.278439 -1.6446089
-3.3203807 4.1230783 -1.6445966
-3.418828 4.0417747 -1.6445906
-3.515332 3.9581261 -1.6445847
-3.609746 3.8721733 -1.6445788
-3.7922657 3.6935668 -1.6445675
-3.8802245 3.6010101 -1.6445619
-4.1406932 3.4865801 -1.6816456
-4.5537109 3.4733031 -1.7792072
-4.6822948 3.3959253 -1.7969153
-4.9155369 3.0484667 -1.7969002
-4.987617 2.9290135 -1.7968954
-5.4088182 2.049156 -1.7968668
-5.4566698 1.9180987 -1.7968633
-5.5428028 1.6527154 -1.7968571
-5.6160154 1.3834931 -1.7968515
-5.7013474 0.97381467 -1.7968445
-5.7416601 0.69773984 -1.7968407
-5.7568164 0.55904907 -1.7968391
-5.7686033 0.42003539 -1.7968377
-5.7770605 0.28077757 -1.7968365
-5.7822361 -0.13764954 -1.7968339
-5.7772264 -0.27707335 -1.7968335
-5.7688575 -0.4163385 -1.7968332
-5.7236719 -0.83234584 -1.7968336
-5.7019334 -0.97015804 -1.7968341
-5.6168652 -1.3798831 -1.7968366
-5.581953 -1.5149542 -1.796838
-5.5024314 -1.7823803 -1.7968411
-5.4100585 -2.0456631 -1.796845
-4.9893942 -2.9257696 -1.7968642
-4.6844044 -3.3928502 -1.7968789
-4.6012011 -3.5048523 -1.7968832
-4.426826 -3.7226884 -1.7968919
-4.1461329 -4.0330453 -1.7969062
-4.0476561 -4.1318846 -1.7969112
-3.9468358 -4.2283263 -1.7969165
-3.8437304 -4.3223023 -1.7969218
-3.7383592 -4.4137688 -1.7969273
-3.6308203 -4.5026612 -1.7969329
-3.2958007 -4.7534409 -1.7969507
-3.1802051 -4.8315706 -1.7969569
-3.0627637 -4.9068799 -1.7969632
-2.9435253 -4.9793439 -1.7969695
-2.57583 -5.1791959 -1.7969894
-2.450166 -5.2398367 -1.7969962
-2.1946485 -5.3519402 -1.7970102
-2.0649414 -5.403336 -1.7970172
-1.9340234 -5.4515934 -1.7970245
-1.6689062 -5.5385609 -1.797039
-1.5348241 -5.5772247 -1.7970464
-1.3998632 -5.6126447 -1.7970539
-0.99040037 -5.699244 -1.7970768
-0.85266602 -5.7214966 -1.7970845
-0.71441406 -5.7404237 -1.7970922
-0.4367578 -5.7682471 -1.7971078
-0.29749998 -5.7771287 -1.7971158
-0.1580957 -5.78265 -1.7971237
-0.018564453 -5.7848077 -1.7971317
0.39975587 -5.7710814 -1.7971554
0.53883785 -5.7597885 -1.7971634
1.2279394 -5.6532431 -1.7972032
1.7668749 -5.5087528 -1.7972347
2.1605663 -5.3666563 -1.7972577
2.5429492 -5.1964612 -1.7972804
2.7906249 -5.0678287 -1.7972952
3.0317872 -4.927393 -1.7973095
3.1497557 -4.8528514 -1.7973167
3.7108495 -4.4387164 -1.7973508
3.9206054 -4.2546368 -1.7973638
4.02209 -4.1588492 -1.79737
4.1212401 -4.060647 -1.7973762
4.3123045 -3.8571994 -1.7973881
4.5799413 -3.5353475 -1.797405
4.6639061 -3.4238632 -1.7974104
4.9720898 -2.9586642 -1.7974304
5.0420508 -2.8378832 -1.7974349
2.7759471 -0.77256471 -0.89515609
3.0598438 -0.77256531 -0.98040789
5.6716795 -1.1442322 -1.7974799
5.7203126 -0.86938596 -1.797484
5.7395897 -0.73116332 -1.7974859
5.7555857 -0.59251583 -1.7974876
5.7833786 -0.17482239 -1.7974914
5.7808595 0.24378723 -1.7974935
5.7732811 0.38313782 -1.7974937
5.7623825 0.52227235 -1.7974938
2.9130664 0.77256531 -0.9362669
5.1418748 2.6529944 -1.7974699
5.0763278 2.7762377 -1.7974669
5.0078907 2.8978643 -1.7974637
4.9365821 3.0178032 -1.7974603
4.785254 3.2523346 -1.7974528
4.7000194 3.3629436 -1.7953932
4.2803516 3.3863037 -1.6955585
3.9043164 3.5769861 -1.6450045
3.247617 4.182158 -1.6449704
2.8295898 4.4755116 -1.6449482
2.7208104 4.5424438 -1.6449423
2.6104491 4.6067295 -1.6449364
2.4985547 4.6683359 -1.6449304
2.270498 4.7833557 -1.644918
2.1544824 4.8367076 -1.6449118
1.799121 4.9797592 -1.6448922
1.5568554 5.0606847 -1.644879
1.4343359 5.0967431 -1.6448721
1.3109863 5.1298351 -1.6448654
1.1868554 5.1599379 -1.6448584
1.0620703 5.1870456 -1.6448514
0.43026367 5.2770348 -1.6448159
0.17526367 5.2915978 -1.6448016
-0.080117188 5.2938437 -1.6447871
-0.33530274 5.2837753 -1.6447724
-0.71644527 5.2456312 -1.6447506
-1.4654785 5.0873241 -1.6447072
-1.7090918 5.0106897 -1.6446929
-2.1838086 4.822649 -1.6446649
-2.4138379 4.7116842 -1.6446513
-2.5267773 4.6520724 -1.6446446
-2.6382325 4.5897593 -1.6446378
-2.7481444 4.5247755 -1.6446313
-3.5647752 3.9136424 -1.6445816
-3.6581151 3.82651 -1.6445757
-3.7493358 3.7371495 -1.6445701
-3.8450584 3.6519768 -1.6474327
-4.0481935 3.4894507 -1.6603513
-4.4505272 3.4766862 -1.7544764
-4.7245994 3.3368158 -1.7969126
-5.4341407 1.9810412 -1.796865
-5.5631151 1.5829468 -1.7968556
-5.5996876 1.4483056 -1.7968527
-5.6329589 1.3128179 -1.7968501
-5.780127 0.20816344 -1.7968359
-5.7834473 -0.070815429 -1.7968342
-5.7497168 -0.62765074 -1.7968332
-5.7329001 -0.76614988 -1.7968333
-5.7127538 -0.90418732 -1.7968338
-5.6625094 -1.1786368 -1.7968352
-5.6324315 -1.3148718 -1.7968363
-5.599072 -1.4503418 -1.7968373
-5.56249 -1.5849688 -1.7968386
-5.522656 -1.7186737 -1.7968403
-5.4333396 -1.9830047 -1.796844
-4.9522657 -2.9882288 -1.7968659
-4.802412 -3.2235854 -1.7968731
-4.4695702 -3.6712787 -1.7968898
-4.2873535 -3.8825598 -1.796899
-4.192461 -3.984854 -1.7969038
-4.0951366 -4.0848289 -1.7969089
-3.9954295 -4.1824231 -1.796914
-3.8934178 -4.2775855 -1.7969192
-3.4632616 -4.6328311 -1.7969418
-3.3505077 -4.7150311 -1.7969477
-3.2358301 -4.7944794 -1.7969538
-2.8807421 -5.0159473 -1.7969729
-2.635498 -5.1490717 -1.7969862
-2.5105662 -5.2111621 -1.7969929
-2.3841307 -5.2702208 -1.7969998
-1.9968945 -5.4288707 -1.797021
-1.7327734 -5.5188937 -1.7970355
-1.5991699 -5.5591035 -1.797043
-1.4646386 -5.5960832 -1.7970502
-1.3292285 -5.6298046 -1.7970579
-1.1930566 -5.6602502 -1.7970654
-1.0562011 -5.6874051 -1.797073
-0.64222658 -5.7489605 -1.7970964
-0.50341797 -5.7627997 -1.7971041
0.054111328 -5.7845945 -1.7971357
0.33302733 -5.7753053 -1.7971516
0.74972653 -5.7361875 -1.7971755
1.4344629 -5.6044397 -1.7972151
1.5692383 -5.5682383 -1.797223
1.7030761 -5.528791 -1.7972308
1.9677441 -5.4402761 -1.7972463
2.0983984 -5.3912535 -1.797254
2.2278516 -5.3390965 -1.7972616
2.4827342 -5.2254963 -1.7972767
2.8540819 -5.0323782 -1.7972989
3.093457 -4.8889213 -1.7973133
3.3256738 -4.7340884 -1.7973274
3.4388964 -4.6525159 -1.7973342
3.5501268 -4.5682349 -1.797341
3.659287 -4.4812951 -1.7973477
3.7663183 -4.3917542 -1.7973542
3.8711619 -4.2996516 -1.7973607
3.9737499 -4.2050462 -1.7973671
4.4509177 -3.6964462 -1.7973968
4.5387888 -3.5880284 -1.7974025
4.706543 -3.3650043 -1.7974131
4.7863278 -3.2505155 -1.7974184
4.8633595 -3.1341345 -1.7974234
4.9375587 -3.0159283 -1.7974281
5.0089254 -2.8959665 -1.7974328
5.0772657 -2.7743165 -1.7974374
5.1427145 -2.6510553 -1.7974417
2.6566992 -0.77256531 -0.85952401
5.6856251 -1.072875 -1.7974811
5.7483397 -0.65899777 -1.7974868
5.7832813 0.17695495 -1.7974932
5.7773633 0.31639344 -1.7974937
5.739336 0.73328549 -1.7974937
5.7199998 0.87148863 -1.7974935
5.6973047 1.0091985 -1.7974927
3.0551269 0.7725665 -0.97898877
5.1081052 2.7173815 -1.7974684
4.8225193 3.1968224 -1.7974546
4.5861325 3.3693559 -1.7679086
4.1784372 3.3918622 -1.6719222
3.7704687 3.7177739 -1.6449977
3.5867968 3.8952544 -1.6449881
3.3947558 4.0636725 -1.6449782
3.1948144 4.2226233 -1.6449676
2.9874413 4.3717465 -1.6449566
2.8811231 4.4425168 -1.644951
2.5523436 4.639154 -1.6449332
2.3256249 4.7568064 -1.6449211
2.2102344 4.8114963 -1.6449146
2.0935254 4.8633885 -1.6449084
1.7363867 5.0019579 -1.6448889
1.6152442 5.0423656 -1.6448822
1.3701757 5.1143541 -1.6448686
0.9968164 5.1999693 -1.6448479
0.87108397 5.2224731 -1.6448408
0.74487305 5.2419443 -1.6448337
0.61823243 5.2583594 -1.6448267
0.49121094 5.2717185 -1.6448195
0.23641601 5.2892284 -1.6448051
0.10876953 5.2933679 -1.6447978
-0.018935546 5.2944274 -1.6447906
-0.14663085 5.2924085 -1.6447833
-1.0338964 5.1923399 -1.6447324
-1.5292773 5.0684986 -1.6447035
-1.6510742 5.0301147 -1.6446964
-1.771914 4.9888062 -1.6446893
-1.8917187 4.9445958 -1.6446823
-2.1279492 4.847579 -1.6446682
-2.2442186 4.7948256 -1.6446614
-2.3592284 4.7392807 -1.6446545
-2.585 4.6199536 -1.644641
-2.6956737 4.5562415 -1.6446344
-2.912246 4.4209056 -1.6446214
-3.0180078 4.3493629 -1.6446149
-3.1220117 4.2752862 -1.6446087
-3.3245213 4.1197281 -1.6445963
-3.42291 4.0383286 -1.6445903
-3.5193357 3.9545825 -1.6445843
-3.795996 3.6897361 -1.6445673
-3.883867 3.5970995 -1.6445618
-3.9706738 3.5034039 -1.6450475
-4.1488767 3.4863231 -1.6835393
-4.7661328 3.277194 -1.7969099
-4.8437986 3.1612718 -1.7969049
-4.9185934 3.0435138 -1.7969
-4.9905663 2.9239843 -1.7968953
-5.4108787 2.043709 -1.7968665
-5.5444531 1.6471295 -1.796857
-5.5825586 1.512915 -1.796854
-5.6174316 1.3778265 -1.7968513
-5.7240038 0.83025509 -1.7968423
-5.7423534 0.69195312 -1.7968407
-5.7838769 -0.00397583 -1.7968345
-5.7684469 -0.42215636 -1.7968332
-5.7413769 -0.69983703 -1.7968333
-5.6472654 -1.249696 -1.7968355
-5.5804391 -1.5205837 -1.796838
-5.4558887 -1.9200845 -1.7968429
-4.9143162 -3.0502217 -1.7968678
-4.7615428 -3.2836819 -1.7968752
-4.5976758 -3.5094872 -1.7968833
-4.5116796 -3.6193728 -1.7968876
-4.3319335 -3.8327594 -1.7968966
-4.1420703 -4.0372272 -1.7969064
-4.0435057 -4.1359701 -1.7969115
-3.9425585 -4.232305 -1.7969167
-3.733916 -4.4175291 -1.7969276
-3.6263084 -4.5063157 -1.7969333
-3.5165625 -4.5924869 -1.796939
-3.1753223 -4.8347721 -1.796957
-2.9385157 -4.9823127 -1.7969699
-2.5706055 -5.1817923 -1.7969897
-2.4448924 -5.2423019 -1.7969965
-2.317744 -5.2997661 -1.7970034
-2.1892676 -5.3541479 -1.7970104
-2.0594921 -5.405416 -1.7970175
-1.9285156 -5.4535394 -1.7970248
-1.796455 -5.4984913 -1.797032
-1.6633008 -5.5402441 -1.7970393
-1.3942089 -5.6140528 -1.7970543
-0.98464841 -5.7002411 -1.7970772
-0.8468945 -5.7223544 -1.7970848
-0.70863277 -5.7411399 -1.7970926
-0.29167968 -5.7774277 -1.797116
0.12682617 -5.7834716 -1.7971399
0.26626953 -5.778759 -1.7971478
0.40554687 -5.7706809 -1.7971557
1.2336328 -5.6520023 -1.7972035
1.3696094 -5.6206303 -1.7972114
1.6390722 -5.5480919 -1.7972271
1.7724316 -5.5069675 -1.7972349
2.2947364 -5.3106961 -1.7972655
2.9170897 -4.9961276 -1.7973027
3.0367773 -4.9243317 -1.7973099
3.1546483 -4.8496733 -1.797317
3.2707129 -4.7721987 -1.7973241
3.4970801 -4.6089525 -1.7973378
3.6072264 -4.5232806 -1.7973444
3.7153223 -4.4349756 -1.797351
3.9248924 -4.250679 -1.797364
4.1253319 -4.0564818 -1.7973764
4.2220216 -3.955816 -1.7973825
4.4078708 -3.7476373 -1.797394
4.5835156 -3.5307307 -1.7974052
5.0448828 -2.8328001 -1.7974353
5.1117578 -2.7103031 -1.7974397
5.6728125 -1.1385168 -1.79748
5.6986718 -1.0013617 -1.7974821
5.7686329 -0.4477075 -1.7974892
5.7777734 -0.30844116 -1.7974904
5.7859178 -0.029451294 -1.7974924
5.7806249 0.24959838 -1.7974935
5.7085938 0.94329464 -1.7974931
5.6564841 1.2174933 -1.7974916
2.9012401 0.7725659 -0.9327153
2.6431251 0.7725665 -0.85547781
5.1391797 2.6581726 -1.7974697
5.0049806 2.9029114 -1.7974635
4.0864158 3.4032512 -1.6520938
3.9007225 3.5809264 -1.6450043
3.8132031 3.6739612 -1.6449999
3.5375586 3.9400048 -1.6449857
3.441494 4.0241728 -1.6449805
3.243418 4.1854315 -1.6449702
3.1415038 4.2624254 -1.6449647
3.0377734 4.3369408 -1.6449592
2.8250585 4.4783592 -1.6449479
2.6058104 4.6093564 -1.6449362
2.4938574 4.6708422 -1.6449301
1.9137206 4.9368701 -1.6448985
1.0568261 5.1881104 -1.6448512
0.55210936 5.2657032 -1.6448228
0.42492187 5.277462 -1.6448157
0.29750976 5.2861533 -1.6448084
0.1699414 5.29177 -1.6448013
0.04225586 5.2943039 -1.644794
-0.21311523 5.290134 -1.6447794
-0.34062499 5.2834349 -1.6447722
-0.59501952 5.2608104 -1.6447576
-0.84802735 5.2259498 -1.644743
-0.97382808 5.2039514 -1.6447358
-1.0990429 5.1789255 -1.6447285
-1.5928417 5.048872 -1.6446998
-1.7141405 5.0089674 -1.6446927
-1.8344433 4.9661427 -1.6446856
-2.0717773 4.8718543 -1.6446716
-2.1886816 4.8204465 -1.6446648
-2.531455 4.6495252 -1.6446443
-2.6428516 4.5870981 -1.6446376
-2.8609374 4.4542761 -1.6446245
-2.9675293 4.3839598 -1.644618
-3.0724022 4.3110948 -1.6446116
-3.1754882 4.2357187 -1.6446054
-3.4733887 3.9949901 -1.6445872
-3.7530859 3.7333722 -1.64457
-4.4594235 3.4763975 -1.7565974
-4.7279391 3.3320532 -1.7969123
-4.8831153 3.1001501 -1.7969023
-4.9564452 2.9814649 -1.7968975
-5.4821873 1.8438574 -1.7968615
-5.5250387 1.7110907 -1.7968583
-5.6342869 1.3071442 -1.7968501
-5.6641603 1.1708636 -1.7968477
-5.7339845 0.75826108 -1.7968414
-5.750576 0.6197418 -1.7968397
-5.7638669 0.48085874 -1.7968382
-5.7798438 -0.21611206 -1.7968336
-5.7626758 -0.49459472 -1.7968332
-5.7321091 -0.77192807 -1.7968335
-5.7118359 -0.90995908 -1.7968338
-5.6882324 -1.0474621 -1.7968343
-5.6613183 -1.1843536 -1.7968352
-5.6311131 -1.32056 -1.7968363
-0.79478514 -5.2965994 -1.7970899
-0.66680664 -5.3142505 -1.7970973
-0.53844726 -5.3288097 -1.7971045
-0.40975586 -5.3402653 -1.7971116
-0.28083009 -5.3486209 -1.7971189
-0.15175781 -5.353858 -1.7971263
-0.022597656 -5.3559852 -1.7971336
0.36473632 -5.3436661 -1.7971557
0.49351561 -5.3333349 -1.797163
1.2575879 -5.2065239 -1.7972071
1.507207 -5.1398649 -1.7972218
1.9954003 -4.9708385 -1.7972505
2.2328026 -4.868866 -1.7972646
2.34958 -4.8136144 -1.7972714
2.4650195 -4.7555633 -1.7972783
2.5790136 -4.6947403 -1.7972851
2.6915038 -4.6311884 -1.7972919
2.8024511 -4.56494 -1.7972986
3.019336 -4.4245157 -1.7973115
3.1251855 -4.3504205 -1.797318
3.5298145 -4.0291705 -1.7973427
3.7200487 -3.8542821 -1.7973543
3.9016016 -3.6704257 -1.7973657
3.9890039 -3.575263 -1.7973711
4.1568165 -3.3787565 -1.7973819
4.2370996 -3.2775238 -1.7973869
4.3149219 -3.1743832 -1.7973919
4.4630275 -2.9626226 -1.7974014
4.5331836 -2.8541214 -1.797406
4.6007228 -2.7439597 -1.7974104
4.7277536 -2.5189095 -1.7974188
2.765166 -0.77256471 -0.96333981
3.2575097 -0.74283081 -1.1210693
5.2501173 -1.0646918 -1.7974563
5.2743163 -0.93775386 -1.7974583
5.2953711 -0.81026608 -1.7974603
5.340117 -0.42528501 -1.7974648
5.3568945 -0.038070679 -1.7974679
5.3562498 0.091148682 -1.7974685
5.3525 0.22030701 -1.797469
5.3456445 0.34934324 -1.7974693
5.3225584 0.60673034 -1.7974693
5.2647848 0.98996943 -1.7974681
5.2393751 1.1166656 -1.7974674
3.2575195 0.77686459 -1.1236619
2.9249609 0.7725659 -1.0150803
4.573379 2.7894542 -1.7974383
4.4335155 3.0067487 -1.7974316
4.3596873 3.1127989 -1.7974279
4.28334 3.2170398 -1.7974241
4.2044921 3.3194067 -1.7974201
4.0683298 3.3743286 -1.7734947
3.8861034 3.3846562 -1.729142
3.712451 3.3943212 -1.6878314
3.5528514 3.4093225 -1.6521864
3.2826464 3.6413023 -1.6449695
3.1032128 3.7953465 -1.6449602
3.0107715 3.8690796 -1.6449553
2.9165623 3.9405584 -1.6449503
2.8206737 4.0097427 -1.6449451
2.52333 4.2031498 -1.6449293
2.4212303 4.2627702 -1.6449238
1.5587403 4.6478491 -1.6448768
1.1037011 4.7763205 -1.6448517
0.98817378 4.8015356 -1.6448452
0.7554785 4.8435645 -1.6448321
0.52101558 4.8743224 -1.644819
0.16720703 4.8991747 -1.644799
-0.069238283 4.9014978 -1.6447855
-0.18745117 4.8983798 -1.6447788
-0.30551758 4.8924179 -1.6447722
-0.54109377 4.8719492 -1.6447586
-0.77541989 4.8401489 -1.6447451
-1.2380567 4.7428527 -1.6447183
-1.3521093 4.7115965 -1.6447116
-1.6891894 4.6014452 -1.6446919
-1.9091113 4.5145984 -1.644679
-2.5402343 4.191958 -1.6446414
-2.7393944 4.0645494 -1.6446294
-2.8366113 3.9972832 -1.6446234
-3.2084765 3.705363 -1.6446007
-3.2969334 3.6268878 -1.6445953
-3.3834081 3.546303 -1.6445899
-3.4914844 3.4871674 -1.6557475
-3.8302636 3.4731231 -1.7348654
-4.1362109 3.4018946 -1.7969464
-4.217031 3.3011339 -1.7969412
-4.4446387 2.9875708 -1.7969267
-4.5154099 2.8794951 -1.796922
-4.5835056 2.7697387 -1.7969176
-4.6489844 2.6583781 -1.7969133
-5.0295215 1.8392798 -1.7968872
-5.0724216 1.7174346 -1.7968841
-5.1123633 1.594591 -1.7968812
-5.1493359 1.4708191 -1.7968785
-5.1832809 1.3461908 -1.7968758
-5.2142477 1.2207751 -1.7968735
-5.2421775 1.0946563 -1.7968712
-5.2888575 0.84057492 -1.7968671
-5.3452148 0.32715514 -1.7968612
-5.3515429 0.19813964 -1.7968602
-5.3547654 0.069002077 -1.7968593
-5.3548632 -0.060170285 -1.7968587
-5.3518553 -0.1893103 -1.7968582
-5.3457422 -0.31833982 -1.7968577
-5.336494 -0.44718567 -1.7968576
-5.2686033 -0.95920837 -1.7968588
-5.2439356 -1.0859991 -1.7968594
-5.1516991 -1.4623059 -1.7968627
-5.0751953 -1.7090509 -1.7968658
-5.0325098 -1.8309643 -1.7968675
-4.5879979 -2.762135 -1.7968878
-4.5200486 -2.8719945 -1.7968911
-4.2223926 -3.2941101 -1.7969058
-4.1417189 -3.3950031 -1.7969099
-3.8854492 -3.6855962 -1.7969229
-3.7954395 -3.7782488 -1.7969275
-3.6088281 -3.9569092 -1.7969372
-3.4138281 -4.1263647 -1.7969472
-3.3133202 -4.2075148 -1.7969526
-3.2108886 -4.2862177 -1.796958
-3.1065624 -4.3624291 -1.7969636
-2.5591893 -4.7045889 -1.7969929
-2.2123535 -4.8773603 -1.7970117
-1.8539355 -5.0246077 -1.7970312
-1.7322265 -5.0678782 -1.797038
-1.3612988 -5.1799183 -1.7970583
-1.235957 -5.2112646 -1.7970654
-0.98320311 -5.2648473 -1.7970794
-0.85593748 -5.2870526 -1.7970866
-0.72819334 -5.3061752 -1.7970937
-0.59999025 -5.3222151 -1.7971009
-0.47146484 -5.3351636 -1.7971083
-0.21363281 -5.3517365 -1.7971227
-0.084472656 -5.3553538 -1.7971301
0.044726562 -5.3558574 -1.7971374
0.30296874 -5.3475127 -1.7971522
0.43183592 -5.3386722 -1.7971596
0.56047851 -5.3267274 -1.7971668
0.68878907 -5.3116794 -1.7971743
0.81671876 -5.2935438 -1.7971816
1.0710742 -5.2480388 -1.7971965
1.447705 -5.1569319 -1.7972183
1.5716797 -5.1205339 -1.7972256
1.8168066 -5.0388188 -1.7972399
2.0576952 -4.945384 -1.7972541
2.2937987 -4.8404374 -1.797268
2.5245898 -4.7242255 -1.7972817
2.6378026 -4.6619754 -1.7972887
2.967998 -4.4591031 -1.7973084
3.074707 -4.3862371 -1.7973149
3.1795995 -4.3108191 -1.7973213
3.3838282 -4.1524973 -1.7973338
3.4830174 -4.0696855 -1.7973398
3.5801659 -3.9845097 -1.7973459
3.6752441 -3.8970129 -1.7973516
3.7681737 -3.8072438 -1.7973574
3.8589256 -3.715266 -1.797363
3.947412 -3.6211188 -1.7973685
4.1174803 -3.426564 -1.7973793
4.4284763 -3.0139987 -1.7973993
4.4999218 -2.9063182 -1.7974038
4.5687108 -2.7969439 -1.7974082
2.6467481 -0.77256531 -0.92513436
3.2575097 -0.78254086 -1.1241068
5.2374606 -1.1252911 -1.7974553
5.3051171 -0.74367064 -1.7974612
5.3215232 -0.6155017 -1.7974627
5.3450389 -0.35815489 -1.7974654
5.352129 -0.22913268 -1.7974665
5.3493357 0.28754699 -1.7974691
5.251914 1.0560412 -1.7974677
4.6699805 2.6245508 -1.7974429
4.5379686 2.8467004 -1.7974366
4.4679685 2.9553113 -1.7974333
4.242578 3.2705951 -1.7974222
3.7946093 3.3897717 -1.7072613
3.6251562 3.3991125 -1.6674316
3.410449 3.5219061 -1.6449761
3.3245115 3.6031287 -1.6449717
3.0552733 3.8340349 -1.6449575
2.9619141 3.906594 -1.6449527
2.7700684 4.0448627 -1.6449424
2.6716797 4.1104841 -1.6449373
2.4703221 4.2345152 -1.6449264
2.0508592 4.4527392 -1.6449038
1.9428613 4.5008936 -1.6448979
1.8337207 4.5464306 -1.644892
1.7235448 4.589314 -1.6448858
1.3871973 4.7018676 -1.6448674
1.1588184 4.763258 -1.6448547
1.0435938 4.7898021 -1.6448483
0.81139648 4.8345189 -1.6448354
0.69454098 4.8526645 -1.6448288
0.57730466 4.8679833 -1.6448222
0.22381836 4.896925 -1.6448022
-0.012578125 4.9019799 -1.6447887
-0.1308203 4.9002295 -1.6447821
-0.24896483 4.8956275 -1.6447754
-0.3669824 4.8881798 -1.6447686
-0.48477539 4.8778868 -1.6447619
-0.60227537 4.8647571 -1.644755
-0.83616209 4.8300133 -1.6447417
-0.95240229 4.8084192 -1.6447349
-1.0680957 4.7840271 -1.6447282
-1.1831738 4.7568541 -1.6447215
-1.2975781 4.7269163 -1.6447148
-1.4111816 4.6942248 -1.6447082
-1.5239941 4.6588035 -1.6447016
-1.6359179 4.6206713 -1.644695
-1.7468847 4.5798497 -1.6446885
-1.8568358 4.5363693 -1.6446819
-2.0733984 4.4415135 -1.6446692
-2.1799219 4.390193 -1.6446629
-2.2851562 4.3363194 -1.6446567
-2.389082 4.2799234 -1.6446503
-2.5926659 4.1597047 -1.6446382
-2.692246 4.0959454 -1.6446322
-2.8866308 3.9613183 -1.6446203
-2.9813085 3.8905292 -1.6446147
-3.1654491 3.7422009 -1.6446034
-3.3422167 3.5851734 -1.6445924
-3.5744042 3.481389 -1.6741977
-3.7454393 3.475908 -1.714518
-3.9247949 3.4699743 -1.757789
-4.1786036 3.3496521 -1.7969437
-4.2581835 3.2478869 -1.7969385
-4.4098048 3.0387437 -1.7969289
-4.4818068 2.9314873 -1.7969242
-4.5512109 2.8225274 -1.7969197
-5.0079393 1.8972833 -1.7968888
-5.1319919 1.5302246 -1.7968796
-5.1673923 1.406001 -1.7968771
-5.2787695 0.90164 -1.7968681
-5.2989941 0.77406186 -1.7968663
-5.3301463 0.51761287 -1.7968631
-5.348906 0.25996581 -1.7968606
-5.3536034 0.13087586 -1.7968597
-5.3552051 0.0017175293 -1.7968589
-5.3536816 -0.1274475 -1.7968583
-5.3413181 -0.38548216 -1.7968577
-5.316504 -0.64261228 -1.7968577
-5.2994528 -0.7706567 -1.7968581
-5.2561426 -1.025328 -1.7968591
-5.2298727 -1.1518075 -1.7968599
-5.2005758 -1.2776147 -1.7968609
-5.0945997 -1.6502819 -1.7968649
-5.0091114 -1.8940524 -1.7968686
-4.6196289 -2.7089238 -1.7968862
-4.5529394 -2.8195648 -1.7968894
-4.483623 -2.9285648 -1.7968928
-4.4116893 -3.0358591 -1.7968965
-4.3371973 -3.1413879 -1.7969002
-4.2601657 -3.2450905 -1.796904
-4.0987401 -3.4467788 -1.7969121
-3.9277732 -3.6404467 -1.7969208
-3.8388379 -3.7341304 -1.7969253
-3.7476561 -3.8256433 -1.7969298
-3.6543067 -3.9149311 -1.7969347
-3.4612792 -4.0866289 -1.7969449
-3.3617187 -4.1689343 -1.79695
-3.2602148 -4.248817 -1.7969553
-3.1567967 -4.3262253 -1.7969608
-3.0515332 -4.4011216 -1.7969666
-2.9444823 -4.4734607 -1.7969722
-2.8357422 -4.5431914 -1.796978
-2.7253516 -4.6102805 -1.796984
-2.4998729 -4.7363806 -1.7969961
-2.2685742 -4.8514585 -1.7970086
-2.1508887 -4.9047785 -1.7970151
-1.6684179 -5.0892515 -1.7970414
-1.545205 -5.1280322 -1.7970483
-1.4210449 -5.1638317 -1.7970551
-1.2961035 -5.1966209 -1.797062
-1.0439941 -5.2531214 -1.7970761
-0.78945309 -5.297401 -1.7970903
-0.66146481 -5.3149185 -1.7970976
0.11200195 -5.3548832 -1.7971412
0.24111328 -5.3506436 -1.7971487
0.88316405 -5.2828746 -1.7971854
1.0103222 -5.2600579 -1.7971928
1.262832 -5.2052579 -1.7972075
1.3880273 -5.1733055 -1.7972147
1.8799804 -5.0156069 -1.7972436
2.237705 -4.8666124 -1.7972648
2.3544531 -4.8112421 -1.7972717
2.5837402 -4.6921406 -1.7972854
2.6961913 -4.6284752 -1.7972921
2.8070605 -4.5621114 -1.7972987
2.9162695 -4.4930987 -1.7973052
3.4357519 -4.1096563 -1.7973368
3.5338769 -4.0256066 -1.7973429
3.6299412 -3.9392242 -1.7973489
3.7239158 -3.8505359 -1.7973547
3.9926074 -3.5712445 -1.7973715
4.0775876 -3.4739141 -1.7973769
4.1602049 -3.3745654 -1.797382
4.3181248 -3.1700323 -1.7973921
4.6034961 -2.7393172 -1.7974105
4.7302341 -2.5141368 -1.7974191
5.3140626 -0.67695558 -1.797462
5.328867 -0.54858702 -1.7974635
5.3545899 -0.16186035 -1.797467
5.3452735 0.35472959 -1.7974693
5.335156 0.48355347 -1.7974695
5.3219724 0.61209226 -1.7974693
5.3056641 0.7402789 -1.7974691
5.286211 0.86803466 -1.7974687
5.2637696 0.99528134 -1.7974681
3.2575195 0.78033143 -1.1239327
2.6530762 0.7725665 -0.92717206
4.7000194 2.5704112 -1.7974445
4.5705662 2.7940691 -1.7974381
4.3565626 3.1171892 -1.7974278
4.2800975 3.2213538 -1.797424
4.2011328 3.3236437 -1.79742
3.7054002 3.3947105 -1.6861694
3.5469725 3.4105377 -1.6510429
3.4509668 3.4822569 -1.6449782
3.3702245 3.5689783 -1.6470551
3.1900976 3.7226269 -1.6449647
2.8166113 4.0125861 -1.644945
2.7189941 4.0793438 -1.6449399
2.3133202 4.3222499 -1.644918
2.1021874 4.42875 -1.6449065
1.9947559 4.4781494 -1.6449008
1.7764453 4.5691028 -1.6448888
1.6657422 4.6105981 -1.6448828
1.4414648 4.6855297 -1.6448703
1.3280078 4.7189145 -1.6448642
1.213789 4.7495556 -1.6448578
1.0988965 4.7774305 -1.6448513
0.98333985 4.802527 -1.6448449
0.75058591 4.8443222 -1.644832
0.6335156 4.8609972 -1.6448255
0.28039062 4.894021 -1.6448054
0.16225585 4.8993421 -1.6447988
0.044052735 4.9018054 -1.644792
-0.074189454 4.901422 -1.6447853
-0.31045899 4.8921041 -1.6447718
-0.54601562 4.8714013 -1.6447582
-0.66334957 4.8567929 -1.6447515
-1.0127441 4.7960644 -1.6447314
-1.1281347 4.7702208 -1.6447247
-1.5824023 4.639276 -1.6446981
-1.8042773 4.5575352 -1.6446851
-2.1290526 4.4151001 -1.644666
-2.3394823 4.3072557 -1.6446533
-2.5444434 4.189395 -1.644641
-2.6447363 4.1267915 -1.644635
-2.7434959 4.0617881 -1.644629
-2.9361718 3.9247313 -1.6446174
-3.0299609 3.8527532 -1.6446116
-3.1219823 3.7785466 -1.644606
-3.2121973 3.702132 -1.6446005
-3.3005567 3.6235662 -1.644595
-3.3869824 3.5428917 -1.6445897
-3.8377635 3.4728746 -1.7366728
-4.2203612 3.2968786 -1.796941
-4.3744335 3.0895007 -1.7969311
-4.4476466 2.9830894 -1.7969264
-4.5183005 2.8749363 -1.7969218
-5.0741501 1.7123278 -1.7968839
-5.1139646 1.589439 -1.7968811
-5.1508102 1.465628 -1.7968783
-5.1846485 1.3409649 -1.7968757
-5.2432814 1.0893701 -1.7968712
-5.2679977 0.96258789 -1.796869
-5.3455272 0.32175902 -1.7968612
-5.3517575 0.19273621 -1.7968602
-5.3548045 -0.065567017 -1.7968587
-5.3454294 -0.32372618 -1.7968577
-5.3360353 -0.45256165 -1.7968576
-5.2893553 -0.83717561 -1.7968582
-5.2676368 -0.96451199 -1.7968588
-5.1841111 -1.3428494 -1.7968615
-5.1502147 -1.4674984 -1.7968627
-5.0734668 -1.714162 -1.7968658
-4.6506152 -2.6553531 -1.7968849
-4.517168 -2.876549 -1.7968913
-4.3732028 -3.0910528 -1.7968984
-4.1382909 -3.3991809 -1.79691
-4.0551071 -3.4980135 -1.7969142
-3.791621 -3.7820733 -1.7969278
-3.6993163 -3.8724322 -1.7969325
-3.5082617 -4.0463481 -1.7969424
-3.2065625 -4.2894559 -1.7969583
-3.1021874 -4.3655615 -1.7969638
-2.9960058 -4.4391193 -1.7969694
-2.7784569 -4.5784688 -1.796981
-2.6672266 -4.6441674 -1.7969869
-2.440166 -4.7674232 -1.7969993
-1.9695801 -4.9803991 -1.797025
-1.8488574 -5.0264745 -1.7970315
-1.7271289 -5.0696197 -1.7970382
-1.4806347 -5.1470509 -1.7970518
-1.3560644 -5.1812878 -1.7970587
-1.2306933 -5.2125082 -1.7970657
-0.97790039 -5.2658353 -1.7970797
-0.8506152 -5.2879124 -1.797087
-0.7228418 -5.3069119 -1.7970941
-0.59462887 -5.3228202 -1.7971013
-0.46608397 -5.3356385 -1.7971085
-0.20823242 -5.3519506 -1.7971231
0.17927735 -5.3530664 -1.7971452
0.94946289 -5.2713728 -1.7971892
1.0763476 -5.2469573 -1.7971967
1.2025781 -5.2194934 -1.7972041
1.3281446 -5.1889896 -1.7972113
1.4529004 -5.1554675 -1.7972186
1.5768456 -5.1189461 -1.7972257
1.6998438 -5.0794454 -1.7972331
1.9428613 -4.9916019 -1.7972473
2.1813183 -4.8921399 -1.7972615
2.2986717 -4.8381257 -1.7972684
2.4147167 -4.7812934 -1.7972753
2.529336 -4.7216787 -1.7972821
2.6425195 -4.6593156 -1.7972889
2.7541504 -4.5942392 -1.7972957
2.8641405 -4.5265045 -1.7973022
2.9725096 -4.4561124 -1.7973088
3.0791211 -4.3831353 -1.7973151
3.183955 -4.3076086 -1.7973216
3.286953 -4.2295761 -1.7973279
3.3880076 -4.1490793 -1.797334
3.4871092 -4.0661759 -1.79734
3.9510546 -3.6171377 -1.7973689
4.0371776 -3.5207956 -1.7973742
4.2023044 -3.3220294 -1.7973847
4.5028124 -2.9017801 -1.7974039
4.5715427 -2.7923369 -1.7974086
4.6375389 -2.6812668 -1.7974129
2.9173925 -0.77256405 -1.0126239
5.2386131 -1.1200116 -1.7974554
5.2865429 -0.86607939 -1.7974594
5.3058786 -0.73831725 -1.7974612
5.3221483 -0.61013973 -1.7974629
5.3353319 -0.48159483 -1.7974643
5.3523827 -0.2237384 -1.7974665
5.3561912 -0.0945758 -1.7974675
5.3403907 0.42186889 -1.7974693
5.295918 0.80687863 -1.7974688
5.2749219 0.93437743 -1.7974684
3.0551269 0.7725659 -1.0573677
2.7720118 0.7725665 -0.96555328
4.729414 2.5159192 -1.7974458
4.6673241 2.629256 -1.7974429
4.4649997 2.9598155 -1.7974331
4.3923044 3.0666411 -1.7974294
4.3170314 3.1716821 -1.7974257
4.2392869 3.2748766 -1.7974219
3.9646776 3.3802252 -1.7481494
3.7873828 3.3901727 -1.7055409
3.618242 3.3994904 -1.665827
3.4909766 3.442152 -1.6449803
3.4068749 3.5253382 -1.6449759
3.3208885 3.6064758 -1.6449714
3.1430762 3.7624114 -1.6449621
3.0513964 3.8371148 -1.6449574
2.9579785 3.9095769 -1.6449525
2.6675391 4.1131721 -1.644937
2.567539 4.1763034 -1.6449316
2.3631444 4.2952361 -1.6449206
2.2588379 4.3509669 -1.6449151
1.9383203 4.5028529 -1.6448976
1.6076856 4.631156 -1.6448795
1.4954981 4.6685667 -1.6448733
1.382461 4.7032652 -1.6448671
1.268623 4.7352185 -1.6448607
0.92291015 4.8144956 -1.6448416
0.45481443 4.880929 -1.6448153
0.10070312 4.90098 -1.6447952
-0.13577148 4.900094 -1.6447817
-0.37190428 4.8878064 -1.6447684
-0.48967773 4.8773961 -1.6447616
-0.8410449 4.8291659 -1.6447413
-1.1879785 4.7556591 -1.6447212
-1.302334 4.7256017 -1.6447146
-1.415918 4.6927991 -1.6447079
-1.6405859 4.6190186 -1.6446948
-1.7515038 4.5780869 -1.6446882
-1.8613867 4.5344958 -1.6446817
-2.1843457 4.3879929 -1.6446626
-2.2895508 4.3340173 -1.6446563
-2.4958496 4.2185235 -1.644644
-2.596875 4.1570854 -1.6446378
-2.696367 4.093225 -1.6446319
-2.7943163 4.0269852 -1.644626
-2.8906152 3.9584019 -1.6446202
-2.9852245 3.887522 -1.6446143
-3.078125 3.8143737 -1.6446087
-3.2584765 3.6614709 -1.6445975
-3.5814061 3.481168 -1.6758287
-3.7527537 3.4756682 -1.7162669
-3.9324901 3.4697156 -1.7596666
-4.1000977 3.4453363 -1.7969487
-4.1819725 3.3454399 -1.7969434
-4.2614551 3.2435949 -1.7969384
-4.3384275 3.1398602 -1.7969334
-4.5540428 2.8179369 -1.7969195
-4.6206837 2.7072723 -1.7969151
-5.0952635 1.6484307 -1.7968824
-5.2796874 0.8963269 -1.796868
-5.3167577 0.64066774 -1.7968646
-5.3306737 0.51224422 -1.7968631
-5.3414645 0.38352233 -1.7968616
-5.3487988 -0.26193359 -1.7968578
-5.3299513 -0.5195654 -1.7968576
-5.3158493 -0.64796871 -1.7968577
-5.2784181 -0.90357387 -1.7968584
-5.1992869 -1.282854 -1.7968609
-5.1668458 -1.4078872 -1.7968621
-5.1313963 -1.5320971 -1.7968636
-5.0515332 -1.7777773 -1.7968668
-5.0071974 -1.899093 -1.7968686
-4.6168747 -2.7135842 -1.7968864
-4.5500975 -2.824157 -1.7968897
-4.4806833 -2.9330862 -1.796893
-4.4086227 -3.0403092 -1.7968966
-4.334033 -3.1457524 -1.7969003
-4.2569041 -3.249383 -1.7969041
-4.1773047 -3.3511195 -1.796908
-4.0952635 -3.4509087 -1.7969122
-3.743789 -3.829421 -1.7969302
-3.6503613 -3.9186134 -1.796935
-3.1524315 -4.3294091 -1.7969612
-2.8311718 -4.5460463 -1.7969782
-2.7207129 -4.6130276 -1.7969842
-2.6086426 -4.6773243 -1.7969902
-2.2636914 -4.8537412 -1.797009
-2.145957 -4.9069443 -1.7970153
-2.0269823 -4.9572949 -1.7970217
-1.663291 -5.0909333 -1.7970418
-1.5400097 -5.1295881 -1.7970486
-1.4158496 -5.1652622 -1.7970555
-0.91168946 -5.2777166 -1.7970835
-0.7841211 -5.298192 -1.7970905
-0.65611327 -5.3155842 -1.7970979
-0.52770507 -5.329886 -1.7971051
-0.27006835 -5.3491755 -1.7971196
-0.14095703 -5.3541541 -1.7971269
-0.011787109 -5.356019 -1.7971342
0.5042578 -5.3323302 -1.7971636
1.015625 -5.2590365 -1.7971931
1.6410449 -5.0987396 -1.7972295
2.0054102 -4.9668088 -1.7972511
2.1246483 -4.9170136 -1.7972581
2.2426269 -4.8643575 -1.7972649
2.4746094 -4.7505832 -1.7972789
2.5884862 -4.6895313 -1.7972856
2.7008495 -4.6257539 -1.7972925
3.2378514 -4.2672782 -1.7973248
3.3398242 -4.1879516 -1.7973311
3.4398925 -4.1061945 -1.7973372
3.6339355 -3.9355557 -1.7973491
3.7277832 -3.846772 -1.7973548
3.9090037 -3.6625524 -1.7973661
3.996201 -3.5672185 -1.7973716
4.0810938 -3.469805 -1.797377
4.1635938 -3.3703704 -1.7973821
4.3213282 -3.165678 -1.7973922
4.6062498 -2.7346771 -1.7974108
4.6708789 -2.6227844 -1.7974151
4.7328124 -2.5093677 -1.7974192
3.0729003 -0.77256471 -1.0631537
3.2575195 -0.73592836 -1.1205562
5.2522655 -1.0541079 -1.7974565
5.3493943 -0.28557372 -1.797466
5.3569727 -0.027268065 -1.7974679
5.3560743 0.10194885 -1.7974685
5.344902 0.36011779 -1.7974693
5.3346677 0.4889276 -1.7974695
5.3049021 0.74562317 -1.797469
5.262754 1.0005871 -1.7974681
5.2370701 1.127229 -1.7974674
2.6431251 0.7725659 -0.92396849
4.6339259 2.6876917 -1.7974412
4.4989257 2.9080169 -1.7974348
4.197793 3.3278742 -1.7974199
3.8712401 3.3854895 -1.7255757
3.6983202 3.3951018 -1.6845068
3.541045 3.4117498 -1.6498977
3.4474707 3.4857397 -1.644978
3.1863573 3.7258379 -1.6449645
3.0955565 3.8015966 -1.6449597
2.6156249 4.146359 -1.6449342
2.4126074 4.2676477 -1.6449233
2.3089843 4.3245773 -1.6449177
2.0977342 4.4308667 -1.6449063
1.9902344 4.4801574 -1.6449004
1.5493456 4.6509824 -1.6448764
1.4366992 4.686986 -1.6448702
1.0940722 4.7785349 -1.6448511
0.8623535 4.8257017 -1.6448382
0.7457031 4.8450742 -1.6448317
0.62861329 4.8616343 -1.6448251
0.51117188 4.8753576 -1.6448185
0.15732421 4.8995018 -1.6447985
-0.07912109 4.9013462 -1.6447852
-0.19730468 4.897994 -1.6447783
-0.31538084 4.891788 -1.6447716
-0.78516603 4.838573 -1.6447445
-1.0175879 4.7950354 -1.644731
-1.1329297 4.7690797 -1.6447244
-1.3615918 4.7088609 -1.6447111
-1.6984766 4.598031 -1.6446912
-1.8088671 4.5557127 -1.6446849
-1.9182227 4.5107408 -1.6446784
-2.0264549 4.4631443 -1.6446719
-2.4469433 4.2470922 -1.6446469
-2.6489062 4.1241217 -1.6446348
-2.7475781 4.0590172 -1.6446289
-2.9401171 3.9217663 -1.6446171
-3.0338476 3.849699 -1.6446115
-3.3905663 3.5394702 -1.6445895
-3.503418 3.4849882 -1.6580626
-4.029707 3.4664214 -1.7835342
-4.2236719 3.2926264 -1.7969409
-4.3018556 3.1897876 -1.7969358
-4.3775291 3.0850909 -1.7969309
-5.0332322 1.8291345 -1.796887
-5.0758982 1.7072027 -1.7968839
-5.1859961 1.3357391 -1.7968757
-5.2166991 1.2102673 -1.7968733
-5.2443652 1.0840844 -1.7968709
-5.3090134 0.70206481 -1.7968653
-5.3243847 0.5738098 -1.7968637
-5.3458591 0.31637329 -1.7968611
-5.3548827 0.058208618 -1.7968593
-5.3514547 -0.20009643 -1.7968581
-5.322988 -0.58649778 -1.7968576
-5.3073044 -0.71471554 -1.7968578
-5.288496 -0.84251648 -1.7968582
-5.2417283 -1.0965768 -1.7968595
-5.2137594 -1.2226864 -1.7968605
-5.1827731 -1.3480743 -1.7968615
-5.1487303 -1.4726897 -1.7968627
-5.1117282 -1.5964465 -1.7968643
-5.0717382 -1.7192755 -1.7968659
-0.73917967 -4.9259143 -1.7970952
-0.62014645 -4.9423261 -1.7971019
-0.50076169 -4.9558635 -1.7971085
-0.38108397 -4.9665189 -1.7971153
-0.14112304 -4.9791555 -1.7971289
0.21922851 -4.9763875 -1.7971494
0.33918944 -4.9696708 -1.7971562
0.57848632 -4.9475698 -1.7971699
0.69763672 -4.9321961 -1.7971768
0.81640625 -4.9139528 -1.7971836
0.9346875 -4.8928504 -1.7971905
1.1695801 -4.8421226 -1.7972041
1.2860254 -4.8125229 -1.7972109
1.4017187 -4.7801208 -1.7972177
1.8557323 -4.6229181 -1.7972444
1.9666895 -4.5768342 -1.797251
2.1851463 -4.4766984 -1.7972639
2.2924902 -4.4227076 -1.7972702
2.503125 -4.3070374 -1.7972828
2.6062987 -4.2454247 -1.7972891
2.8080077 -4.1148267 -1.7973012
2.906455 -4.0459166 -1.7973071
3.0032032 -3.9746509 -1.7973131
3.2827539 -3.747149 -1.7973301
3.3721678 -3.6668932 -1.7973356
3.5451074 -3.5000262 -1.7973464
3.6284862 -3.4135113 -1.7973516
3.709785 -3.3250074 -1.7973567
3.7889354 -3.2345757 -1.7973617
4.0829587 -2.8545458 -1.7973803
4.1506248 -2.7552478 -1.7973847
4.215879 -2.6543403 -1.797389
4.339004 -2.4479537 -1.7973971
2.7651563 -0.77256471 -1.0358366
3.2575195 -0.74283081 -1.2054353
4.9744139 -0.27561522 -1.7974448
4.9796095 -0.15555541 -1.7974458
4.981328 0.084767453 -1.7974472
4.9714646 0.32488769 -1.7974479
4.9621482 0.44470337 -1.7974479
4.9349608 0.6834839 -1.7974477
4.9170313 0.8023138 -1.7974473
4.8962498 0.920672 -1.7974467
3.2575195 0.7768634 -1.2082243
2.9249511 0.7725665 -1.0914714
2.6630566 0.7725665 -1.0004077
4.3146091 2.4908624 -1.7974219
4.1231933 2.7962787 -1.7974129
4.0545311 2.8949065 -1.7974095
3.7567577 3.2720184 -1.7973945
2.9703026 3.4590635 -1.6449509
2.6232324 3.7290783 -1.6449325
2.5325 3.7912555 -1.6449276
2.4403222 3.8512218 -1.6449227
2.2517481 3.9644024 -1.6449125
2.1554687 4.0175476 -1.6449074
1.7583789 4.2064519 -1.6448858
1.5534766 4.2863269 -1.6448746
1.4496386 4.3225379 -1.6448689
1.3449512 4.3562241 -1.6448631
1.2394824 4.3873825 -1.6448573
1.133291 4.4159837 -1.6448513
1.026455 4.4420152 -1.6448454
0.91901368 4.4654636 -1.6448394
0.81103516 4.4863157 -1.6448334
0.7025879 4.5045557 -1.6448274
0.26535156 4.5512195 -1.6448028
-0.064394526 4.5584445 -1.6447841
-0.17430663 4.5555482 -1.6447778
-0.28413084 4.5500026 -1.6447716
-0.39379883 4.54181 -1.6447653
-0.50322264 4.5309691 -1.6447588
-0.6123535 4.5174952 -1.6447526
-0.72114259 4.5013962 -1.6447463
-0.82949215 4.4826779 -1.6447401
-0.93736327 4.4613438 -1.6447339
-1.2574707 4.3818479 -1.6447152
-1.362793 4.3502283 -1.6447091
-1.4673144 4.3160753 -1.644703
-1.5709667 4.2794142 -1.644697
-1.6737499 4.2402654 -1.6446909
-1.7755176 4.1986456 -1.6446849
-1.8762695 4.154583 -1.644679
-2.3624315 3.8985875 -1.64465
-2.4557812 3.8404601 -1.6446443
-2.7269824 3.6528149 -1.6446278
-2.8142869 3.5859704 -1.6446224
-2.8999608 3.5170355 -1.6446173
-3.0111718 3.4775512 -1.6596434
-3.6079783 3.4337103 -1.7969766
-3.689707 3.3456731 -1.7969714
-3.8467577 3.1638274 -1.7969614
-4.0654001 2.8774035 -1.7969476
-4.1993942 2.67799 -1.7969389
-4.2627735 2.5759156 -1.7969347
-4.6775684 1.7105707 -1.7969066
-4.7174606 1.5972527 -1.7969036
-4.7889843 1.367893 -1.7968985
-4.8205566 1.2519842 -1.796896
-4.8493552 1.1353472 -1.7968937
-4.8753319 1.0180529 -1.7968916
-4.8984766 0.90016598 -1.7968898
-4.9711719 0.3042627 -1.7968824
-4.9770603 0.18427429 -1.7968813
-4.980166 -0.05595886 -1.79688
-4.9630661 -0.41589233 -1.7968791
-4.9200001 -0.7736389 -1.7968795
-4.8999119 -0.89208341 -1.79688
-4.8512106 -1.1273416 -1.7968816
-4.8226171 -1.2440201 -1.7968826
-4.7570019 -1.4751464 -1.796885
-4.7200489 -1.5894537 -1.7968866
-4.3276658 -2.4651732 -1.7969042
-4.2669435 -2.5688438 -1.7969072
-3.9996581 -2.9679763 -1.7969202
-3.8518748 -3.157423 -1.7969276
-3.7746191 -3.249414 -1.7969314
-3.6951463 -3.3395171 -1.7969356
-3.6135352 -3.42768 -1.7969396
-3.5298145 -3.5138462 -1.7969439
-3.4440527 -3.5979712 -1.7969486
-3.2665527 -3.7598965 -1.7969576
-2.9861815 -3.9862616 -1.7969725
-2.790498 -4.1256542 -1.7969829
-2.6901855 -4.1917725 -1.7969881
-2.4849122 -4.3166566 -1.7969992
-2.2738671 -4.4314971 -1.7970104
-2.0575292 -4.5360255 -1.7970222
-1.9475292 -4.5843482 -1.7970283
-1.7241992 -4.6729641 -1.7970405
-1.6110058 -4.7132068 -1.7970468
-1.3818359 -4.7854457 -1.7970594
-1.0322266 -4.8728857 -1.7970788
-0.91440427 -4.8963842 -1.7970854
-0.79604489 -4.9170318 -1.797092
-0.67722654 -4.9348226 -1.7970986
-0.55800778 -4.9497371 -1.7971053
-0.43845701 -4.9617743 -1.7971121
0.041582029 -4.9810095 -1.7971393
0.16171874 -4.9785776 -1.7971461
0.87805665 -4.9033165 -1.7971873
1.1135254 -4.8553038 -1.7972009
1.3463867 -4.7959924 -1.7972145
1.4616699 -4.7621427 -1.7972212
1.5761132 -4.7255168 -1.7972279
2.0240624 -4.5517707 -1.7972543
2.2412305 -4.4488988 -1.7972671
2.3478711 -4.3935618 -1.7972735
2.6594141 -4.2123504 -1.7972922
2.7602539 -4.146997 -1.7972982
3.5888183 -3.4552121 -1.7973491
3.8292577 -3.1867156 -1.7973641
3.9050195 -3.0934386 -1.797369
4.0496874 -2.9015405 -1.7973782
4.31041 -2.4979296 -1.7973952
4.3694139 -2.3932421 -1.797399
4.8708591 -1.0465215 -1.7974348
4.8946872 -0.9287405 -1.7974368
4.9156637 -0.81041199 -1.7974386
4.9338083 -0.69161254 -1.7974403
4.9490428 -0.57241762 -1.7974418
4.9708786 -0.3330847 -1.7974442
4.9774413 -0.21309386 -1.7974453
4.9819531 0.027195433 -1.7974468
4.9748631 0.26741943 -1.7974478
4.956172 0.50701535 -1.7974479
4.9425001 0.62640929 -1.7974478
4.9259567 0.74543393 -1.7974474
4.8842969 0.98211974 -1.7974464
3.2575195 0.73718321 -1.2049841
3.0681348 0.7725665 -1.1414901
2.7828515 0.7725659 -1.0419848
4.400703 2.3353765 -1.7974261
4.3430858 2.4408362 -1.7974234
4.282949 2.5448766 -1.7974205
4.2203221 2.6474316 -1.7974175
4.1552243 2.7484424 -1.7974143
4.0877247 2.8478613 -1.797411
4.0178514 2.9456201 -1.7974076
3.9456444 3.0416608 -1.7974039
3.871084 3.1359363 -1.7974004
3.7943261 3.2283869 -1.7973963
3.6028416 3.3781762 -1.7818719
3.4423242 3.3873515 -1.742397
3.14083 3.4040642 -1.6710441
3.0100877 3.4245105 -1.6449528
2.5761621 3.7617369 -1.6449299
2.484668 3.822768 -1.644925
2.1048143 4.0443039 -1.6449046
2.0066602 4.0938787 -1.6448994
1.9073046 4.141077 -1.6448939
1.6029102 4.268095 -1.6448773
1.184248 4.4025989 -1.6448542
0.97054684 4.4545531 -1.6448424
0.75460935 4.4961424 -1.6448302
0.6459375 4.51302 -1.6448241
0.20817383 4.5541883 -1.6447995
-0.011699218 4.5588927 -1.6447871
-0.34128904 4.5460606 -1.6447682
-0.45084959 4.5364904 -1.6447619
-0.77764648 4.4919715 -1.6447432
-0.88576168 4.4718909 -1.6447369
-1.7268652 4.2188897 -1.6446878
-1.8280957 4.1759977 -1.6446817
-1.9283105 4.1306763 -1.6446757
-2.0273535 4.0829473 -1.6446699
-2.1252344 4.0328474 -1.6446642
-2.2218945 3.9803996 -1.6446583
-2.3172362 3.9256358 -1.6446525
-2.4112401 3.868593 -1.6446469
-2.5949805 3.7477863 -1.6446359
-2.7726758 3.6182616 -1.6446251
-3.2353027 3.4704924 -1.7117928
-3.3904004 3.4653826 -1.7491091
-3.5523143 3.459862 -1.7890571
-3.6507909 3.3880999 -1.7969738
-3.7314649 3.2990441 -1.7969688
-3.9601953 3.0205986 -1.7969543
-4.0318651 2.9241943 -1.7969497
-4.1012206 2.8260889 -1.7969453
-4.2327247 2.6250067 -1.7969368
-4.7371483 1.5378503 -1.7969023
-4.7728806 1.4231421 -1.7968997
-4.8058004 1.3076129 -1.7968971
-4.8359375 1.1913153 -1.7968948
-4.8632421 1.0743293 -1.7968926
-4.9282031 0.71989441 -1.796887
-4.9441013 0.60081846 -1.7968855
-4.9571486 0.48139343 -1.7968841
-4.9673142 0.36168945 -1.7968829
-4.9745898 0.24177429 -1.7968818
-4.9804688 0.0015979004 -1.7968802
-4.9790525 -0.11852966 -1.7968796
-4.9444823 -0.59764588 -1.7968791
-4.9286227 -0.71672791 -1.7968794
-4.9099021 -0.83539826 -1.7968799
-4.88832 -0.95357877 -1.7968805
-4.8638964 -1.0712067 -1.7968812
-4.8366504 -1.188208 -1.7968822
-4.806572 -1.3045163 -1.7968832
-4.7737403 -1.4200729 -1.7968844
-4.7380958 -1.5347992 -1.7968858
-4.2963281 -2.5193584 -1.7969058
-3.9620507 -3.0180013 -1.7969221
-3.8881152 -3.1126933 -1.7969258
-3.3985937 -3.6409631 -1.7969508
-3.2190428 -3.8006463 -1.7969601
-3.1264648 -3.8771911 -1.796965
-3.0320506 -3.9514842 -1.79697
-2.9358494 -4.0234737 -1.796975
-2.8379686 -4.0931268 -1.7969803
-2.6373045 -4.2252517 -1.7969909
-2.4304786 -4.3475437 -1.7970021
-2.3249218 -4.4049158 -1.7970077
-2.1098046 -4.5119371 -1.7970195
-2.000371 -4.5615263 -1.7970254
-1.7780762 -4.6527185 -1.7970376
-1.6653417 -4.6942673 -1.7970437
-1.5516309 -4.7330847 -1.79705
-1.4370507 -4.7691479 -1.7970564
-1.3215917 -4.8024402 -1.7970626
-1.2054003 -4.8329368 -1.7970692
-1.0884863 -4.8606215 -1.7970756
-0.85282224 -4.9074936 -1.7970887
-0.73420894 -4.9266562 -1.7970954
-0.61518556 -4.9429507 -1.7971022
-0.37608397 -4.9669023 -1.7971156
-0.25617188 -4.9745488 -1.7971224
-0.13610351 -4.9792957 -1.7971292
0.10416015 -4.9801068 -1.7971429
0.22425781 -4.9761658 -1.7971497
0.58345699 -4.9469833 -1.7971702
0.70260739 -4.9314928 -1.7971771
1.0573437 -4.8678384 -1.7971977
1.2908593 -4.811224 -1.7972113
1.7483886 -4.6645613 -1.797238
1.8603905 -4.6210504 -1.7972447
1.9713184 -4.5748506 -1.7972511
2.0810938 -4.5259881 -1.7972577
2.1896484 -4.474494 -1.7972641
2.4029002 -4.3637238 -1.7972769
2.5074804 -4.304513 -1.7972832
2.6105566 -4.2427936 -1.7972893
3.0071971 -3.9716232 -1.7973133
3.1021385 -3.8979464 -1.7973192
3.1952538 -3.8220024 -1.7973248
3.5486326 -3.4964533 -1.7973466
3.8690038 -3.1383564 -1.7973667
4.0158787 -2.9481399 -1.797376
4.0858302 -2.8504317 -1.7973807
4.1533885 -2.7510586 -1.7973849
4.2185545 -2.6500869 -1.7973891
2.7759373 -0.77256405 -1.0395826
3.0598438 -0.77256471 -1.1385893
4.8836327 -0.9852438 -1.7974359
4.9059763 -0.86716735 -1.7974379
4.9254489 -0.74858642 -1.7974396
4.94207 -0.62956905 -1.797441
4.9667187 -0.39050597 -1.7974439
4.979785 -0.15053162 -1.7974458
4.9819727 -0.030378418 -1.7974466
4.9812694 0.089792475 -1.7974472
4.9776173 0.20991211 -1.7974477
4.961699 0.44970337 -1.7974479
4.9493942 0.56924683 -1.7974479
4.934238 0.68846005 -1.7974477
4.9162107 0.80727112 -1.7974473
4.8952928 0.9256134 -1.7974467
2.6530762 0.7725665 -0.99694747
4.3710155 2.3904858 -1.7974248
4.3120899 2.4952147 -1.7974219
4.2506442 2.5984905 -1.797419
4.186738 2.7002447 -1.7974159
4.1203709 2.8004351 -1.7974126
4.0516014 2.8989904 -1.7974093
3.9805272 2.995868 -1.7974057
3.9070995 3.0909953 -1.797402
3.8313768 3.1843278 -1.7973983
3.5183592 3.3830273 -1.7609738
2.7963867 3.6010785 -1.6449417
2.3427734 3.9113176 -1.6449174
2.1514063 4.019721 -1.6449072
1.9550586 4.1187625 -1.6448965
1.8551269 4.1647058 -1.6448911
1.6521094 4.2492957 -1.6448801
1.4452734 4.3239865 -1.6448686
1.2350585 4.3886256 -1.6448569
0.91451168 4.4663877 -1.6448393
0.69805664 4.5052609 -1.6448271
0.47995117 4.5336499 -1.6448148
0.26078126 4.5514865 -1.6448026
0.040986326 4.5587339 -1.6447901
-0.068994142 4.5583777 -1.6447837
-0.17891601 4.5553737 -1.6447775
-0.28873047 4.5497117 -1.6447712
-0.39836913 4.5414062 -1.644765
-0.72569335 4.5006638 -1.6447462
-0.83402342 4.4818358 -1.64474
-0.94186521 4.4603992 -1.6447337
-1.0491699 4.4363708 -1.6447275
-1.2618847 4.3805785 -1.6447151
-1.4716699 4.3145909 -1.6447027
-1.5752734 4.2778273 -1.6446966
-1.6779981 4.2385716 -1.6446905
-1.7797363 4.1968513 -1.6446846
-2.0784862 4.0571423 -1.6446669
-2.2717285 3.9521594 -1.6446552
-2.3663671 3.8962059 -1.6446496
-2.4596581 3.8379803 -1.644644
-2.81792 3.583128 -1.6446223
-2.9035058 3.5141132 -1.644617
-3.1632226 3.4728062 -1.6947869
-3.6114061 3.4300694 -1.7969763
-3.7726073 3.2518969 -1.7969662
-3.8499315 3.1599474 -1.7969613
-3.9978125 2.9705932 -1.7969519
-4.0683007 2.873297 -1.7969475
-4.2021093 2.6737494 -1.7969388
-4.3261423 2.4679797 -1.7969307
-4.7190819 1.5925 -1.7969036
-4.7561035 1.4782153 -1.7969009
-4.7903614 1.363067 -1.7968984
-4.821826 1.2471271 -1.7968959
-4.9368358 0.65791261 -1.7968862
-4.9512596 0.53864807 -1.7968848
-4.9628124 0.41906554 -1.7968835
-4.9800878 -0.060978394 -1.79688
-4.9771581 -0.18108031 -1.7968794
-4.9713573 -0.30107298 -1.7968791
-4.9626465 -0.4208917 -1.7968791
-4.951045 -0.54046631 -1.7968791
-4.9192381 -0.77859068 -1.7968795
-4.875957 -1.0149184 -1.7968807
-4.789824 -1.3648062 -1.7968838
-4.7184472 -1.5942074 -1.7968867
-4.2643552 -2.5731425 -1.7969073
-4.2010646 -2.6752515 -1.7969104
-4.1353221 -2.7758057 -1.7969136
-4.0671678 -2.8747439 -1.796917
-3.9238379 -3.0675502 -1.796924
-3.771328 -3.2532232 -1.7969317
-3.691787 -3.3432381 -1.7969357
-3.2627537 -3.7631848 -1.7969579
-3.0774901 -3.9161742 -1.7969676
-2.9821582 -3.9892743 -1.7969726
-2.7863379 -4.1284666 -1.796983
-2.685957 -4.1944809 -1.7969884
-2.3756738 -4.3777461 -1.7970049
-2.2694042 -4.4337845 -1.7970108
-2.1618066 -4.4872489 -1.7970166
-2.052959 -4.5381012 -1.7970225
-1.6062499 -4.7148275 -1.7970469
-1.4920605 -4.7522159 -1.7970533
-1.14458 -4.8477082 -1.7970725
-1.0273144 -4.8739209 -1.7970791
-0.79109371 -4.9178309 -1.7970922
-0.55301756 -4.9503002 -1.7971057
-0.31365234 -4.9712443 -1.7971191
0.04660156 -4.980969 -1.7971395
0.4066211 -4.9646196 -1.7971601
0.76452148 -4.9222836 -1.7971808
0.88301754 -4.9024291 -1.7971874
1.0010059 -4.8797255 -1.7971944
1.2351757 -4.8258104 -1.797208
1.351211 -4.7946348 -1.7972147
1.4664745 -4.7606649 -1.7972215
1.5808691 -4.7239313 -1.7972282
2.0286424 -4.5497265 -1.7972546
2.1378124 -4.499495 -1.797261
2.2457128 -4.4466405 -1.7972674
2.3523145 -4.3911929 -1.7972739
2.4575391 -4.3331952 -1.7972801
2.5613475 -4.272676 -1.7972864
2.8635936 -4.076344 -1.7973045
2.9611132 -4.0061011 -1.7973105
3.1508691 -3.858665 -1.797322
3.5079882 -3.5372217 -1.797344
3.7545898 -3.2743552 -1.7973595
3.8324902 -3.1828525 -1.7973645
4.1876268 -2.6986632 -1.7973872
4.3718357 -2.388839 -1.7973993
2.6566992 -0.77256471 -0.99820173
3.2575097 -0.77906799 -1.2084097
4.8718944 -1.0416104 -1.7974349
4.8956251 -0.92380154 -1.797437
4.9164844 -0.80545533 -1.7974387
4.9345117 -0.68663877 -1.7974403
4.9496093 -0.56743044 -1.7974418
4.9618554 -0.44788268 -1.7974432
4.9776754 -0.20807616 -1.7974453
4.9819336 0.032216188 -1.7974468
4.9746094 0.27243224 -1.7974478
4.9556837 0.51201415 -1.7974479
4.941875 0.63139403 -1.7974478
4.905664 0.86897212 -1.797447
4.8833008 0.987041 -1.7974464
3.2575195 0.74063534 -1.2052597
3.0551171 0.7725665 -1.1369406
2.772002 0.77256531 -1.0382165
4.2803712 2.54919 -1.7974205
4.0848436 2.8519824 -1.7974108
4.014873 2.9496727 -1.7974075
3.9425488 3.0456433 -1.7974038
3.791074 3.2322106 -1.7973962
3.711992 3.3227 -1.7973922
3.2822363 3.3963134 -1.7040334
3.134795 3.4043913 -1.6696532
3.0066309 3.427542 -1.6449527
2.9230762 3.4990551 -1.6449482
2.6624217 3.7012041 -1.6449345
2.4808104 3.8252685 -1.6449249
2.3878222 3.8839805 -1.6449199
2.1007519 4.0464249 -1.6449045
1.9031543 4.1429944 -1.6448938
1.7011328 4.2299237 -1.6448827
1.5985937 4.2697086 -1.6448771
1.4951464 4.3070078 -1.6448714
1.2856933 4.3740687 -1.6448599
0.96606445 4.4555297 -1.644842
0.8583203 4.4775195 -1.6448361
0.75006837 4.4969044 -1.64483
0.64138669 4.5136704 -1.6448239
0.53232419 4.5278087 -1.6448178
0.42296875 4.5393114 -1.6448116
0.20356445 4.5543957 -1.6447994
0.093662106 4.5579591 -1.644793
-0.016298829 4.5588803 -1.6447868
-0.12624024 4.5571423 -1.6447805
-0.34586912 4.5457153 -1.644768
-0.45541015 4.5360327 -1.6447616
-0.56468749 4.5237131 -1.6447554
-0.67362303 4.5087595 -1.6447492
-0.7821582 4.4911828 -1.6447428
-0.8902539 4.4709959 -1.6447366
-0.99782223 4.4482031 -1.6447303
-1.3168163 4.3643675 -1.6447119
-1.4217187 4.3313193 -1.6447057
-1.7311132 4.2171488 -1.6446874
-2.0314746 4.0809026 -1.6446697
-2.1293066 4.0307016 -1.6446638
-3.2416406 3.4702885 -1.7133017
-3.6542187 3.3844151 -1.7969737
-3.7347753 3.2952819 -1.7969687
-3.8131738 3.2042327 -1.7969636
-3.9632323 3.0166063 -1.7969542
-4.8070993 1.3027637 -1.7968971
-4.8371286 1.186438 -1.7968947
-4.928906 0.71492738 -1.796887
-4.9447069 0.59583557 -1.7968855
-4.9576268 0.47640014 -1.7968841
-4.9804688 -0.0034234619 -1.7968801
-4.9789157 -0.12355285 -1.7968796
-4.9745016 -0.24360535 -1.7968793
-4.9438767 -0.60262573 -1.7968791
-4.9090624 -0.84034419 -1.7968799
-4.8873534 -0.95850372 -1.7968805
-4.8052831 -1.3093655 -1.7968832
-4.7723045 -1.4248843 -1.7968844
-4.7365427 -1.5395782 -1.796886
-4.1001072 -2.8275518 -1.7969153
-3.9590137 -3.0219927 -1.7969222
-3.730166 -3.3003514 -1.7969337
-3.6495018 -3.3893678 -1.7969378
-3.5666797 -3.4764175 -1.7969421
-3.2152245 -3.8038847 -1.7969604
-3.1225488 -3.8803363 -1.7969651
-3.0280566 -3.9545355 -1.7969701
-2.9318066 -4.0264311 -1.7969753
-2.7342577 -4.163156 -1.7969857
-1.9957812 -4.5635405 -1.7970257
-1.8851367 -4.6103644 -1.7970316
-1.6606152 -4.6959434 -1.797044
-1.4322461 -4.7705979 -1.7970566
-1.2005273 -4.8341498 -1.7970693
-0.61017579 -4.9435697 -1.7971025
-0.25115234 -4.9748044 -1.7971226
-0.13109374 -4.9794331 -1.7971295
-0.010966796 -4.9811654 -1.7971363
0.10917968 -4.9799991 -1.7971431
0.22926757 -4.9759369 -1.7971499
0.46896484 -4.9591293 -1.7971636
0.70756835 -4.9307828 -1.7971774
0.94456053 -4.8909593 -1.7971911
1.5261718 -4.7418742 -1.797225
1.7531054 -4.6627955 -1.7972382
1.865039 -4.6191745 -1.7972448
2.1941991 -4.4722872 -1.7972643
2.3014061 -4.4180765 -1.7972708
2.7163768 -4.1758728 -1.7972957
2.9145997 -4.0400677 -1.7973077
3.0112011 -3.9685912 -1.7973135
3.2902832 -3.7405217 -1.7973306
3.3795605 -3.660085 -1.7973361
3.4668748 -3.5775149 -1.7973416
3.5521679 -3.492871 -1.7973467
3.6353807 -3.4061859 -1.797352
3.7164843 -3.3175268 -1.7973571
3.7954297 -3.226933 -1.797362
3.8721776 -3.1344559 -1.7973669
3.94666 -3.0401595 -1.7973716
4.0887108 -2.8463106 -1.7973808
4.1561718 -2.7468719 -1.7973851
4.2838283 -2.5432556 -1.7973934
4.343945 -2.4391961 -1.7973974
2.5465624 -0.77256471 -0.96011394
2.7868261 -0.77256471 -1.0433686
4.8846092 -0.98032069 -1.797436
4.9427147 -0.6245892 -1.7974412
4.956367 -0.50518984 -1.7974426
4.9671092 -0.38549864 -1.7974439
4.9749413 -0.26558349 -1.7974448
4.9819727 -0.025358276 -1.7974466
4.9811716 0.094812617 -1.7974472
4.9488282 0.57423401 -1.7974479
4.9335546 0.69343078 -1.7974477
4.9153905 0.81222534 -1.7974473
4.8704882 1.0483234 -1.7974459
3.2575195 0.78380919 -1.2088083
4.3095703 2.4995599 -1.7974218
4.2480078 2.6027727 -1.7974188
4.1175489 2.8045838 -1.7974125
4.0486717 2.903075 -1.7974092
3.9039745 3.0949328 -1.7974019
3.7501757 3.2795873 -1.7973943
3.6699414 3.3690729 -1.7973901
3.5116601 3.3834119 -1.7593254
2.9633203 3.4650445 -1.6449504
2.5248632 3.7963524 -1.6449271
2.3388281 3.9136741 -1.6449172
2.2437401 3.9689348 -1.6449122
2.147373 4.0218816 -1.6449069
2.0497363 4.0724888 -1.6449018
1.4409082 4.3254457 -1.6448684
1.124375 4.4182553 -1.6448509
1.0174999 4.4440761 -1.6448449
0.80200195 4.4879417 -1.6448328
0.58462888 4.5213633 -1.6448208
0.47539061 4.5341296 -1.6448146
0.36589843 4.5442576 -1.6448084
0.14632812 4.5565858 -1.6447961
0.036386717 4.5587745 -1.6447898
-0.073544919 4.5583034 -1.6447836
-0.29330078 4.5494199 -1.644771
-0.51235348 4.5299439 -1.6447585
-0.62145507 4.5162535 -1.6447521
-0.83855468 4.4809909 -1.6447396
-0.94638669 4.4594445 -1.6447334
-1.3715527 4.3474717 -1.6447085
-1.6822851 4.2368803 -1.6446904
-1.9841894 4.1041126 -1.6446725
-2.082588 4.0550451 -1.6446666
-2.179785 4.0036211 -1.6446607
-2.2757032 3.9498651 -1.6446551
-2.4635253 3.8355005 -1.6446438
-2.7343457 3.6473083 -1.6446273
-3.0232031 3.4771862 -1.662374
-3.3217676 3.4676647 -1.7324787
-3.4806151 3.4623272 -1.7712486
-3.6964452 3.3382306 -1.7969711
-3.7758887 3.2480927 -1.7969661
-3.9281054 3.0622063 -1.7969564
-4.0711818 2.8691962 -1.7969472
-4.2047949 2.6695116 -1.7969385
-4.6810155 1.7011352 -1.7969064
-4.7206836 1.5877306 -1.7969035
-4.791738 1.3582379 -1.7968981
-4.9203219 0.77183837 -1.7968878
-4.93749 0.6529358 -1.7968861
-4.9774218 0.17423095 -1.7968813
-4.980166 0.054135129 -1.7968806
-4.9800291 -0.065996699 -1.7968799
-4.9769821 -0.18609497 -1.7968794
-4.9710546 -0.30608338 -1.7968791
-4.9504981 -0.54545593 -1.7968791
-4.8749118 -1.0198413 -1.7968807
-4.8200879 -1.2537411 -1.7968827
-4.7884374 -1.3696334 -1.7968838
-4.7168164 -1.598963 -1.7968867
-0.46750975 -4.6267476 -1.7971122
-0.35577148 -4.636693 -1.7971185
-0.13177735 -4.6484919 -1.7971312
-0.019599609 -4.6503282 -1.7971376
0.31667969 -4.6396284 -1.7971568
0.54006833 -4.6189928 -1.7971696
0.65131837 -4.6046424 -1.797176
0.76217771 -4.5876069 -1.7971823
1.2006152 -4.4929066 -1.7972077
1.3086231 -4.4626608 -1.797214
1.6279004 -4.3564115 -1.7972327
1.8360742 -4.2728653 -1.7972451
1.9386035 -4.2273526 -1.7972511
2.1402245 -4.1289725 -1.7972631
2.2391894 -4.0761652 -1.7972691
2.4331641 -3.9634607 -1.7972807
2.713418 -3.7772009 -1.7972976
2.8037305 -3.7106671 -1.7973031
2.8924315 -3.6419833 -1.7973084
2.9794433 -3.5711632 -1.7973138
3.0647168 -3.4982719 -1.7973192
3.2298632 -3.3464258 -1.7973292
3.3096385 -3.2675612 -1.7973342
3.3874903 -3.1867931 -1.7973391
3.463418 -3.1041684 -1.7973439
3.537246 -3.0197387 -1.7973485
3.6091015 -2.9335501 -1.797353
3.7463672 -2.7561059 -1.7973617
3.8117676 -2.6649523 -1.797366
3.8749316 -2.5722463 -1.7973701
3.935869 -2.4780416 -1.7973741
3.9945018 -2.3823941 -1.7973779
4.0508008 -2.285362 -1.7973815
2.528203 -0.77256471 -1.0216234
3.2575097 -0.74283016 -1.2911854
4.55832 -0.92439663 -1.7974178
4.5975976 -0.70349669 -1.7974211
4.6262107 -0.48096374 -1.797424
4.636445 -0.36924437 -1.797425
4.6488476 -0.14522277 -1.7974271
4.6510158 -0.03305481 -1.7974278
4.6504493 0.079136349 -1.7974283
4.6412306 0.30330932 -1.797429
4.5489841 0.96952087 -1.7974273
2.6630566 0.7725665 -1.071573
3.8493261 2.6105499 -1.7973962
3.6504784 2.8820159 -1.7973864
3.5799022 2.9692187 -1.7973828
3.5072362 3.0546935 -1.7973791
3.432539 3.1383886 -1.7973753
3.3558397 3.2202623 -1.7973715
3.2771873 3.300252 -1.7973673
3.1966209 3.3783276 -1.7973633
3.0543847 3.3880687 -1.7628261
2.9159863 3.3958006 -1.7297412
2.7824805 3.4030883 -1.6987631
2.3642871 3.5394499 -1.6449167
2.2782519 3.5954332 -1.6449121
2.1021874 3.7010992 -1.6449026
1.6415918 3.9270799 -1.6448778
1.4502929 4.0016489 -1.6448672
1.1571679 4.095994 -1.6448511
1.0580273 4.1226983 -1.6448455
0.95829099 4.1470017 -1.64484
0.65593749 4.2053938 -1.6448231
0.55430663 4.2199736 -1.6448175
0.45236328 4.2321024 -1.6448116
0.2477539 4.2489624 -1.6448002
0.04253906 4.2559366 -1.6447885
-0.060107421 4.2557096 -1.6447827
-0.16274413 4.2530065 -1.6447768
-0.46978515 4.2300634 -1.6447592
-0.57167965 4.2174859 -1.6447533
-0.67324215 4.2024565 -1.6447476
-0.77440429 4.1849785 -1.6447417
-0.87513667 4.1650672 -1.6447358
-0.97531247 4.1427369 -1.6447301
-1.0749609 4.1179929 -1.6447242
-1.1739551 4.0908518 -1.6447184
-1.5625683 3.9586723 -1.6446958
-2.1171386 3.691848 -1.6446627
-2.2055469 3.639693 -1.6446574
-2.2927051 3.5854273 -1.6446522
-2.4705272 3.4813933 -1.6497221
-2.8545411 3.4619579 -1.7340214
-2.9937694 3.457392 -1.767398
-3.1277928 3.4408672 -1.7970039
-3.209873 3.3644171 -1.7969989
-3.5190332 3.0395074 -1.7969794
-3.5912988 2.953737 -1.7969749
-3.8591211 2.5939977 -1.7969579
-3.979707 2.4048674 -1.7969499
-4.4041991 1.4911908 -1.7969209
-4.4388962 1.3845299 -1.7969184
-4.5004783 1.1688513 -1.7969137
-4.5273728 1.0599591 -1.7969116
-4.5515919 0.95045102 -1.7969098
-4.5732031 0.84039485 -1.7969079
-4.5921288 0.72984314 -1.7969062
-4.6083984 0.61887574 -1.7969047
-4.6219921 0.50754029 -1.7969034
-4.6328907 0.39591491 -1.7969022
-4.6465721 0.17203857 -1.7969002
-4.6468458 -0.16437377 -1.7968984
-4.6335154 -0.38827574 -1.7968979
-4.5745606 -0.83284819 -1.796899
-4.406631 -1.4839104 -1.796905
-3.9836035 -2.3982663 -1.7969241
-3.9246092 -2.4936566 -1.796927
-3.8633201 -2.5875926 -1.7969301
-3.5961034 -2.9477589 -1.7969433
-3.449785 -3.1177628 -1.7969507
-3.3735838 -3.2000685 -1.7969546
-3.2954395 -3.2805154 -1.7969586
-3.2153516 -3.3590503 -1.7969627
-2.876826 -3.6532238 -1.7969804
-2.7878809 -3.7215543 -1.7969851
-2.6051855 -3.8516893 -1.7969947
-2.4164257 -3.9728661 -1.7970048
-2.3199022 -4.0300083 -1.7970099
-2.1228712 -4.1372199 -1.7970207
-2.0224609 -4.1872296 -1.7970262
-1.8181933 -4.2799153 -1.7970374
-1.6096972 -4.3626456 -1.7970486
-1.5040234 -4.4002137 -1.7970544
-1.3974609 -4.4352255 -1.7970604
-1.2900878 -4.4676542 -1.7970663
-1.0731446 -4.5247021 -1.7970784
-0.74318355 -4.590498 -1.7970967
-0.52092773 -4.6210246 -1.7971091
-0.18549804 -4.6466494 -1.7971281
0.038818359 -4.6502209 -1.797141
0.15097655 -4.6479459 -1.7971473
0.59803712 -4.6118522 -1.7971728
0.81976563 -4.5776787 -1.7971857
1.0395801 -4.5328522 -1.7971984
1.3646094 -4.4458747 -1.7972174
1.6825 -4.3356166 -1.797236
1.8896289 -4.2494659 -1.7972482
1.991582 -4.2026691 -1.7972543
2.1919532 -4.1017642 -1.7972662
2.4828026 -3.9325829 -1.7972838
2.7606542 -3.7428191 -1.7973006
2.8501368 -3.6751635 -1.7973058
2.9379687 -3.6053534 -1.7973113
3.1909668 -3.3835254 -1.7973269
3.2716601 -3.3055866 -1.7973318
3.3504589 -3.2257233 -1.7973368
3.4272852 -3.1439812 -1.7973416
3.5021093 -3.0604076 -1.7973464
3.7142577 -2.7992132 -1.7973597
3.8449512 -2.6168542 -1.7973682
3.9069629 -2.5233591 -1.7973721
3.9666893 -2.4283984 -1.797376
4.0792189 -2.2342849 -1.7973835
3.2575097 -0.78254086 -1.2946831
4.5695701 -0.86705351 -1.7974186
4.6502929 -0.086802363 -1.7974273
4.6510544 0.025389403 -1.7974281
4.6491013 0.13756226 -1.7974286
4.6269531 0.47333983 -1.797429
4.6141992 0.58480221 -1.7974288
3.0681348 0.7725665 -1.2226908
2.7828515 0.7725665 -1.1161073
2.5432031 0.7725665 -1.0271655
4.0546188 2.2787139 -1.7974061
3.9984863 2.375844 -1.7974036
3.9400096 2.4715905 -1.7974006
3.8162303 2.6587055 -1.7973946
3.7509668 2.7499707 -1.7973913
3.6139843 2.9276476 -1.7973846
3.4685643 3.098515 -1.7973771
3.3928223 3.1812646 -1.7973733
2.9816406 3.3921552 -1.7453202
2.8458593 3.3996501 -1.7133516
2.4050684 3.5118933 -1.6449189
2.3259962 3.5786688 -1.6494306
2.2329004 3.6237707 -1.6449096
2.1448243 3.6765642 -1.6449049
2.0555272 3.7272143 -1.6449002
1.8733789 3.8219812 -1.6448903
1.780625 3.86604 -1.6448852
1.302539 4.0521312 -1.6448591
1.1055957 4.1102033 -1.6448481
1.0061425 4.1356583 -1.6448426
0.8055371 4.1793408 -1.6448315
0.50124019 4.2265983 -1.6448144
0.29682615 4.2458224 -1.6448029
-0.010917968 4.2561274 -1.6447854
-0.42088866 4.2352123 -1.644762
-0.52291989 4.2238183 -1.6447561
-0.62464845 4.2099633 -1.6447504
-0.82694334 4.1749101 -1.6447387
-1.0272949 4.1301465 -1.644727
-1.1266016 4.1041522 -1.6447212
-1.3232129 4.0450163 -1.6447097
-1.4203808 4.0119128 -1.6447041
-1.8002441 3.8563652 -1.6446817
-1.8927245 3.8118083 -1.6446762
-1.9841211 3.7650328 -1.6446707
-2.1633594 3.6649487 -1.64466
-2.4226563 3.4989061 -1.6446443
-2.6576171 3.4681025 -1.6885089
-2.7896287 3.4640257 -1.7187922
-2.9264257 3.4596241 -1.7511327
-3.0683692 3.4548731 -1.7856785
-3.3311033 3.244411 -1.7969912
-3.4836719 3.0799744 -1.7969818
-3.5569334 2.995044 -1.7969772
-4.3866992 1.5419879 -1.7969222
-4.4225974 1.4357336 -1.7969197
-4.4866796 1.2207843 -1.7969148
-4.5631833 0.89318848 -1.7969087
-4.5833888 0.78286558 -1.7969069
-4.6442771 0.22572082 -1.7969006
-4.6483688 0.11363525 -1.7968997
-4.649756 0.0014898682 -1.7968991
-4.6484375 -0.11065917 -1.7968985
-4.6161327 -0.557962 -1.796898
-4.601367 -0.66913694 -1.7968981
-4.487412 -1.2178957 -1.7969018
-4.3876462 -1.5391625 -1.7969058
-4.0110545 -2.3520648 -1.7969229
-3.9531639 -2.4481311 -1.7969257
-3.8305078 -2.635932 -1.7969316
-3.3331151 -3.2422097 -1.7969565
-3.2539744 -3.3216629 -1.7969607
-3.1728907 -3.3991911 -1.796965
-2.830703 -3.6890821 -1.7969829
-2.7409081 -3.756295 -1.7969875
-2.4621582 -3.9446709 -1.7970023
-2.1705272 -4.112401 -1.7970181
-2.0707226 -4.1635699 -1.7970235
-1.9696875 -4.2123194 -1.797029
-1.8675293 -4.2586131 -1.7970346
-1.5547558 -4.3825364 -1.7970517
-1.341621 -4.4524407 -1.7970634
-1.2338378 -4.4835196 -1.7970693
-0.90644526 -4.5610442 -1.7970877
-0.68545896 -4.5994816 -1.7971001
-0.57431638 -4.6146913 -1.7971061
-0.12708007 -4.6486216 -1.7971314
-0.014921875 -4.6503463 -1.7971379
0.097265624 -4.649375 -1.7971443
0.32134765 -4.639308 -1.7971569
0.43315428 -4.6302252 -1.7971634
0.54469723 -4.6184468 -1.7971698
0.65595704 -4.6039829 -1.7971761
0.87722653 -4.5670257 -1.797189
1.4203417 -4.4283838 -1.7972206
1.8403906 -4.2710137 -1.7972453
1.9428809 -4.2253952 -1.7972513
2.4371777 -3.9610057 -1.797281
2.5320215 -3.9010839 -1.7972866
2.6253808 -3.8388927 -1.7972922
2.7172167 -3.774467 -1.7972978
2.8074803 -3.7078393 -1.7973033
2.8960936 -3.6390581 -1.7973088
2.9830272 -3.568156 -1.7973142
3.0682518 -3.4951806 -1.7973193
3.1516602 -3.4201765 -1.7973245
3.4665234 -3.1006806 -1.797344
3.5403125 -3.0161712 -1.7973487
3.612041 -2.9299114 -1.7973531
3.8775389 -2.5683346 -1.7973703
3.9968944 -2.3783629 -1.7973781
2.537334 -0.77256531 -1.0250003
2.7759471 -0.77256531 -1.1135335
3.0598438 -0.77256405 -1.2195835
4.5983005 -0.69886291 -1.7974212
4.644238 -0.25262144 -1.7974261
4.6470118 0.19596924 -1.7974287
4.6206641 0.53143799 -1.797429
4.6065235 0.6427319 -1.7974288
4.5896678 0.75364989 -1.7974284
4.5701561 0.86413085 -1.7974279
4.5480075 0.97410154 -1.7974272
4.0256739 2.3294823 -1.7974048
3.9683006 2.4258978 -1.797402
3.8466797 2.6144288 -1.7973961
3.7161229 2.7968817 -1.7973896
3.5041602 3.0582225 -1.797379
3.4293652 3.1418419 -1.7973752
3.2738671 3.3035533 -1.7973672
3.0484862 3.3884015 -1.7614005
2.9103026 3.3961143 -1.7284057
2.7770214 3.403383 -1.697513
2.5310645 3.4269311 -1.6463891
2.2746093 3.5977314 -1.6449119
2.1871777 3.6515338 -1.6449072
2.0984571 3.7032182 -1.6449025
1.8251953 3.8452094 -1.6448877
1.7319434 3.8881018 -1.6448827
1.5424023 3.967072 -1.6448722
1.3492968 4.0368104 -1.6448617
1.2515234 4.0681643 -1.6448562
1.1530468 4.097157 -1.6448509
0.95410156 4.1479688 -1.6448398
0.85375977 4.1697564 -1.6448343
0.55004883 4.2205315 -1.6448171
0.44809568 4.2325544 -1.6448115
0.34588867 4.2421184 -1.6448057
0.24345702 4.2492094 -1.6447999
0.14091797 4.2538304 -1.6447941
0.038242187 4.2559738 -1.6447883
-0.064394526 4.2556443 -1.6447824
-0.16702148 4.2528391 -1.6447766
-0.47407225 4.2295861 -1.6447591
-0.57594723 4.2169037 -1.6447531
-0.67748046 4.2017736 -1.6447473
-0.77862304 4.1841993 -1.6447415
-0.87932616 4.1641855 -1.6447357
-1.2763672 4.0600452 -1.6447124
-1.373916 4.0280662 -1.6447067
-1.4706738 3.9937432 -1.644701
-1.7555468 3.8769152 -1.6446843
-2.1208594 3.6897075 -1.6446624
-2.7258105 3.4660168 -1.7040367
-2.8602734 3.4617736 -1.7353704
-2.9996777 3.4571953 -1.7688403
-3.1312792 3.4377172 -1.7970037
-3.5220897 3.0359569 -1.7969793
-3.5942774 2.9501135 -1.7969748
-3.8617284 2.5901062 -1.7969576
-3.9230762 2.4962049 -1.7969537
-3.9821191 2.4008489 -1.7969497
-4.4057126 1.4867529 -1.7969209
-4.5016503 1.1643164 -1.7969137
-4.5740428 0.83578306 -1.7969078
-4.5928712 0.72521359 -1.7969061
-4.6467381 0.16734558 -1.7969002
-4.6412401 -0.28108153 -1.796898
-4.6222849 -0.50457948 -1.7968979
-4.5925879 -0.72689027 -1.7968985
-4.5737009 -0.83745331 -1.796899
-4.5280175 -1.0570452 -1.7969003
-4.4717774 -1.2741811 -1.7969024
-4.4397459 -1.3816675 -1.7969036
-4.0379786 -2.3055511 -1.7969215
-3.9220898 -2.4976091 -1.7969271
-3.5931346 -2.9513845 -1.7969434
-3.5209179 -3.0371971 -1.796947
-3.4466307 -3.1212344 -1.7969508
-3.2921288 -3.2838356 -1.7969587
-3.2119725 -3.3622904 -1.7969629
-3.1299412 -3.4387937 -1.7969671
-3.0461035 -3.5132928 -1.7969716
-2.9604688 -3.5857513 -1.796976
-2.7841308 -3.7243645 -1.7969853
-2.6935058 -3.7904437 -1.79699
-2.6013086 -3.8543139 -1.796995
-2.4124122 -3.9752996 -1.7970052
-2.31583 -4.0323429 -1.7970103
-2.1186914 -4.1393571 -1.797021
-1.9166113 -4.2367406 -1.7970319
-1.8138769 -4.2817507 -1.7970375
-1.6053027 -4.3642683 -1.7970489
-1.3929688 -4.4366312 -1.7970606
-1.2855761 -4.468955 -1.7970665
-1.177412 -4.4986773 -1.7970725
-0.8490625 -4.5720811 -1.7970909
-0.73854488 -4.5912442 -1.797097
-0.62759763 -4.6077399 -1.7971033
-0.40466797 -4.6326737 -1.7971158
0.1556543 -4.6477942 -1.7971475
0.2677246 -4.6427064 -1.7971539
0.49129882 -4.6244273 -1.7971667
0.60268551 -4.6112461 -1.7971731
0.93453121 -4.5556531 -1.7971923
1.0441406 -4.5318007 -1.7971987
1.2614844 -4.4762082 -1.7972113
1.4758886 -4.4101958 -1.7972239
1.5818261 -4.3733306 -1.79723
1.6868652 -4.3339214 -1.7972363
2.0965624 -4.1513171 -1.7972605
2.196084 -4.0995526 -1.7972665
2.2943358 -4.0454059 -1.7972723
2.3912303 -3.988903 -1.797278
2.486748 -3.9300787 -1.7972839
2.5808301 -3.8689702 -1.7972895
2.7644238 -3.7400301 -1.7973007
2.8538475 -3.6722729 -1.7973062
2.9415917 -3.6023781 -1.7973115
3.0276368 -3.5304024 -1.7973169
3.1119139 -3.4563615 -1.797322
3.194375 -3.3803089 -1.797327
3.3537011 -3.2223456 -1.7973371
3.4304492 -3.1405253 -1.7973417
3.5779295 -2.9714525 -1.797351
4.0264745 -2.3279626 -1.79738
4.0814357 -2.2301729 -1.7973837
4.5483007 -0.97242641 -1.7974169
4.5704298 -0.86244076 -1.7974188
4.6208396 -0.52974182 -1.7974234
4.6323047 -0.41813475 -1.7974246
4.6504297 -0.082114257 -1.7974275
4.6510348 0.030076904 -1.7974281
4.6441603 0.25433716 -1.7974288
4.5980663 0.70055419 -1.7974287
4.579824 0.81125367 -1.7974283
4.5589256 0.92148131 -1.7974277
2.7720118 0.7725665 -1.1120709
4.0523143 2.2828002 -1.797406
3.9960644 2.3798735 -1.7974033
3.8135252 2.6625555 -1.7973945
3.6806934 2.8433537 -1.7973878
3.6110156 2.9312885 -1.7973845
3.5392773 3.0175261 -1.7973808
3.4654295 3.1020086 -1.797377
2.975879 3.3924768 -1.7439412
2.7093749 3.4070013 -1.6822032
2.4855859 3.4553783 -1.6449232
2.1411231 3.6787207 -1.6449047
2.0517578 3.7292833 -1.6449
1.9612108 3.7776752 -1.6448951
1.8695215 3.8238652 -1.6448901
1.7767383 3.8678343 -1.6448851
1.5881445 3.9489887 -1.6448748
1.39583 4.020957 -1.6448642
1.2003027 4.0835638 -1.6448535
0.90190428 4.1596208 -1.6448369
0.70024413 4.198247 -1.6448256
0.59878904 4.2138982 -1.6448199
0.3948828 4.2378421 -1.6448084
0.29255858 4.2461166 -1.6448027
0.19005859 4.2519269 -1.6447968
0.087431639 4.2552581 -1.6447911
-0.015214844 4.2561126 -1.6447853
-0.11786132 4.2544937 -1.6447793
-0.32290038 4.2438278 -1.6447678
-0.52716798 4.223289 -1.644756
-0.62887692 4.2093315 -1.64475
-0.73021483 4.1929216 -1.6447443
-0.93156248 4.1527977 -1.6447326
-1.4244336 4.010478 -1.6447037
-1.6161621 3.9370978 -1.6446925
-1.8041503 3.8545501 -1.6446813
-1.9879102 3.7630327 -1.6446704
-2.0780957 3.7139776 -1.644665
-2.1670508 3.6627617 -1.6446596
-2.2547557 3.6094165 -1.6446545
-2.4261816 3.4964612 -1.6446441
-2.535244 3.4717216 -1.6612949
-2.6630175 3.4679394 -1.6897345
-2.795244 3.4638476 -1.7201017
-2.9322362 3.4594305 -1.7525306
-3.0744336 3.4546654 -1.7871716
-3.255244 3.320534 -1.796996
-3.3343749 3.241046 -1.7969911
-3.4115624 3.1596746 -1.7969863
-3.4867675 3.0764575 -1.7969816
-3.5599413 2.9914563 -1.7969769
-3.9541211 2.4467151 -1.7969515
-4.0674806 2.2531676 -1.7969441
-4.4240427 1.4312762 -1.7969195
-4.4572754 1.3241503 -1.7969171
-4.5159178 1.1076586 -1.7969126
-4.5640821 0.88858211 -1.7969087
-4.6016016 0.66745359 -1.7969053
-4.6163669 0.55626953 -1.796904
-4.649756 -0.0031976318 -1.7968991
-4.637363 -0.33937925 -1.796898
-4.6155763 -0.56260985 -1.796898
-4.6006641 -0.67377317 -1.7968984
-4.583086 -0.78454465 -1.7968986
-4.5628419 -0.89485776 -1.7968992
-4.5399413 -1.0046512 -1.7969
-4.5143943 -1.1138605 -1.7969007
-4.45542 -1.3302722 -1.796903
-4.4220409 -1.4373474 -1.7969042
-4.0643358 -2.2587357 -1.7969203
-3.8904004 -2.5466976 -1.7969286
-3.5557714 -2.9962988 -1.7969453
-3.4824705 -3.0811985 -1.7969489
-3.0017188 -3.5512908 -1.7969738
-2.8269823 -3.6919327 -1.796983
-2.7371287 -3.7590561 -1.7969878
-2.5526757 -3.8867004 -1.7969977
-2.3622754 -4.0053058 -1.7970077
-2.0665233 -4.165659 -1.7970238
-1.7599413 -4.3042054 -1.7970403
-1.6556152 -4.3454165 -1.7970462
-1.5503417 -4.3840995 -1.7970519
-1.2293261 -4.4847617 -1.7970697
-0.90184569 -4.5619535 -1.7970878
-0.7915625 -4.5823908 -1.7970941
-0.6808008 -4.6001701 -1.7971002
-0.56965822 -4.6152673 -1.7971064
-0.45819336 -4.6276808 -1.7971127
-0.23446289 -4.6444273 -1.7971253
-0.12238281 -4.6487489 -1.7971318
-0.010224609 -4.650373 -1.797138
0.10195312 -4.6492734 -1.7971444
0.32601562 -4.6389832 -1.7971573
0.54936522 -4.6178956 -1.79717
0.77142578 -4.586062 -1.7971829
0.88183594 -4.5661421 -1.7971892
0.99171871 -4.5435572 -1.7971957
1.2096679 -4.4904795 -1.7972083
1.317627 -4.4600129 -1.7972146
1.4248145 -4.4269495 -1.7972208
2.0484471 -4.1752586 -1.7972577
2.1485643 -4.1246486 -1.7972636
2.2474315 -4.0716419 -1.7972696
2.3449805 -4.0162625 -1.7972753
2.4411621 -3.9585466 -1.7972811
2.5359375 -3.8985283 -1.797287
2.7210252 -3.7717252 -1.7972981
2.9866307 -3.5651484 -1.7973143
3.0717578 -3.4920874 -1.7973194
3.2366307 -3.3399074 -1.7973297
3.3162303 -3.26088 -1.7973347
3.4696581 -3.0971835 -1.7973442
3.5433397 -3.0126033 -1.7973489
3.615 -2.9262707 -1.7973535
3.6845117 -2.8382387 -1.7973579
3.9408398 -2.4701004 -1.7973744
2.7868359 -0.77256471 -1.1175898
3.0729101 -0.7725659 -1.2244816
4.5989842 -0.69422913 -1.7974212
4.6445117 -0.24794433 -1.7974262
4.6491404 -0.13584839 -1.7974271
4.6510739 -0.023674926 -1.7974278
4.6468163 0.20064208 -1.7974287
4.6317186 0.42450255 -1.797429
4.5469923 0.9786914 -1.7974272
3.2575293 0.78381044 -1.2947977
2.9012401 0.77256531 -1.160255
2.6431251 0.7725665 -1.0641761
4.0233202 2.3335364 -1.7974046
3.9658689 2.4298949 -1.7974019
3.9060838 2.5248308 -1.7973989
3.7797656 2.7102525 -1.7973928
3.5739062 2.9764299 -1.7973825
3.5010839 3.061759 -1.7973788
3.4261913 3.1453032 -1.797375
3.3493164 3.2270226 -1.797371
3.1858494 3.3805614 -1.7951307
2.7715526 3.4036748 -1.6962653
2.6429198 3.4105139 -1.6674099
2.4419725 3.4863348 -1.6449209
2.3571484 3.5442064 -1.6449163
2.2709863 3.6000206 -1.6449118
2.1834862 3.6537366 -1.644907
2.0947363 3.7053294 -1.6449023
1.7280078 3.8898449 -1.6448824
1.6336621 3.9303801 -1.6448773
1.4422265 4.0045657 -1.6448667
1.2474219 4.0694284 -1.6448561
1.1488965 4.0983186 -1.6448506
1.0497168 4.1248198 -1.6448451
0.84958005 4.1706152 -1.6448339
0.64744139 4.2067041 -1.6448226
0.54581052 4.2210841 -1.644817
0.13662109 4.2539716 -1.6447939
-0.37618163 4.239429 -1.6447647
-0.58019531 4.2163239 -1.644753
-0.68171871 4.2010894 -1.644747
-0.78285152 4.1834106 -1.6447412
-0.98368162 4.1407576 -1.6447296
-1.1821972 4.0884733 -1.6447179
-1.3779784 4.026679 -1.6447065
-1.474707 3.9922588 -1.6447009
-1.5705371 3.9555125 -1.6446953
-1.6655078 3.9164691 -1.6446896
-1.7594824 3.8751445 -1.6446841
-1.8524413 3.8315685 -1.6446785
-1.9443164 3.785758 -1.6446731
-2.0350389 3.7377489 -1.6446676
-2.1245897 3.6875682 -1.6446623
-2.2999315 3.5807977 -1.6446518
-2.48 3.4798632 -1.6513628
-3.1347363 3.4345512 -1.7970034
-3.2166502 3.3579345 -1.7969984
-3.4509861 3.1165588 -1.7969837
-3.5251465 3.0324035 -1.7969792
-3.9845312 2.3968329 -1.7969496
-4.3701854 1.5881751 -1.7969233
-4.407197 1.4823047 -1.7969208
-4.5294919 1.0508319 -1.7969115
-4.5535059 0.94127625 -1.7969096
-4.5748925 0.83117366 -1.7969078
-4.5935841 0.72058773 -1.7969061
-4.6336522 0.38657227 -1.7969019
-4.6465039 -0.17373535 -1.7968984
-4.6409569 -0.28575927 -1.796898
-4.6217675 -0.50923705 -1.7968979
-4.5918455 -0.73152894 -1.7968985
-4.5512304 -0.95212311 -1.7968996
-4.5269432 -1.061618 -1.7969004
-4.5000196 -1.1704907 -1.7969013
-4.4036326 -1.4927889 -1.796905
-0.54233396 -4.3220453 -1.7971096
-0.22841796 -4.349987 -1.7971274
-0.12342773 -4.3542433 -1.7971333
0.086718746 -4.3551598 -1.7971452
0.19171874 -4.3518248 -1.7971511
0.40137693 -4.3375392 -1.7971632
0.5058496 -4.3266101 -1.7971692
0.61009765 -4.3131661 -1.797175
0.71393555 -4.2972097 -1.7971812
1.1245996 -4.2084994 -1.797205
1.32625 -4.1493979 -1.7972168
1.5248241 -4.0806379 -1.7972283
1.8158984 -3.9597495 -1.7972456
2.0047557 -3.8675945 -1.7972569
2.4555664 -3.5983496 -1.7972839
2.6262598 -3.4757671 -1.7972943
2.7908299 -3.3450916 -1.7973044
2.8707128 -3.2768278 -1.7973093
2.9488964 -3.2066393 -1.7973142
3.0254004 -3.1345785 -1.7973188
3.1001368 -3.0607073 -1.7973235
3.1730566 -2.9850502 -1.797328
3.3133397 -2.8285725 -1.7973368
3.3805957 -2.7478397 -1.797341
2.765166 -0.77256531 -1.1845
4.2697654 -0.86587554 -1.7974015
4.2893944 -0.76264095 -1.7974032
4.3065233 -0.65895933 -1.7974048
4.3429103 -0.34586853 -1.7974086
4.3499999 -0.24101867 -1.7974095
4.3565626 -0.030961303 -1.797411
4.3392773 0.38888121 -1.7974123
4.2998047 0.70160335 -1.7974116
4.2609568 0.90814513 -1.7974105
3.8244629 2.0865674 -1.7973921
3.7730272 2.1782007 -1.7973896
3.7193651 2.2685668 -1.797387
3.5455956 2.5315325 -1.7973785
3.2152245 2.9397075 -1.7973619
3.1433885 3.0163965 -1.7973582
2.9942675 3.1644592 -1.7973505
2.9170506 3.23575 -1.7973466
2.8381445 3.3051593 -1.7973425
2.7575977 3.3726447 -1.7973382
2.6387987 3.3910601 -1.7727094
2.5148535 3.3978119 -1.7440133
2.1644824 3.4158874 -1.6683761
2.0584764 3.4288232 -1.6499583
1.9691113 3.4667985 -1.6448939
1.884912 3.513274 -1.6448894
1.7996386 3.5577056 -1.6448847
1.6259375 3.640332 -1.6448753
1.5376953 3.678477 -1.6448704
1.267666 3.7799919 -1.6448556
1.1761426 3.8094604 -1.6448506
1.0839062 3.8367052 -1.6448455
0.99106443 3.8617175 -1.6448404
0.80366206 3.9049914 -1.64483
0.70924801 3.9232304 -1.6448246
0.61440426 3.9391828 -1.6448193
0.51922852 3.9528422 -1.644814
0.42373046 3.9642041 -1.6448087
0.32798827 3.9732568 -1.6448033
0.23207031 3.9799957 -1.6447978
-0.44005859 3.9623015 -1.6447595
-0.5355078 3.9505186 -1.6447539
-0.81972653 3.9014232 -1.6447377
-1.006914 3.857326 -1.6447266
-1.0996484 3.8319066 -1.6447214
-1.1917578 3.8042583 -1.6447158
-1.2831445 3.7743914 -1.6447105
-1.3738086 3.7423332 -1.6447053
-1.463662 3.7080982 -1.6446999
-1.5526757 3.6717033 -1.6446947
-1.6407812 3.6331775 -1.6446894
-1.7279394 3.5925322 -1.6446843
-1.9919823 3.4735844 -1.6520021
-2.4516211 3.454746 -1.7477256
-2.5762012 3.4508307 -1.7766711
-2.6891503 3.4265075 -1.7970288
-2.9298339 3.2230804 -1.797014
-3.1551659 3.0027912 -1.7970001
-3.2266698 2.9258051 -1.7969955
-4.1880078 1.1962341 -1.7969317
-4.2156444 1.0948712 -1.7969296
-4.2408009 0.9928723 -1.7969276
-4.2837501 0.78720456 -1.7969241
-4.329463 0.47541809 -1.7969198
-4.3396482 0.37085631 -1.7969186
-4.3473339 0.26608154 -1.7969177
-4.3524704 0.16114929 -1.7969167
-4.3527441 -0.1539685 -1.7969151
-4.347754 -0.25891051 -1.7969148
-4.3402438 -0.36370176 -1.7969146
-4.2424121 -0.98587066 -1.796917
-4.217412 -1.0879089 -1.7969178
-4.1899509 -1.1893142 -1.7969189
-4.160049 -1.2900287 -1.7969199
-4.1277051 -1.3899926 -1.7969214
-3.1600487 -2.9975281 -1.7969677
-3.0118456 -3.1464453 -1.7969754
-2.776494 -3.3559988 -1.7969878
-2.6947265 -3.4219959 -1.7969919
-2.6114354 -3.4860046 -1.7969965
-2.3525684 -3.6657186 -1.7970102
-2.2634766 -3.7214055 -1.7970148
-2.0813768 -3.8262532 -1.7970246
-1.9884863 -3.8753512 -1.7970297
-1.7993066 -3.9667611 -1.7970401
-1.7031054 -4.0090141 -1.7970452
-1.6059277 -4.0489378 -1.7970506
-1.5078027 -4.0865097 -1.797056
-1.4088184 -4.1216979 -1.7970614
-1.3090038 -4.1544914 -1.7970669
-1.2084081 -4.1848688 -1.7970724
-1.1071289 -4.2128096 -1.797078
-1.0051953 -4.2382998 -1.7970837
-0.38343748 -4.3390493 -1.7971185
-0.27865234 -4.3470507 -1.7971244
-0.06870117 -4.3554587 -1.7971363
0.036367185 -4.355864 -1.7971423
0.14143555 -4.3537312 -1.7971482
0.24639648 -4.3490782 -1.7971543
0.45583007 -4.3321595 -1.7971662
0.56019533 -4.319921 -1.7971723
0.87106442 -4.2681546 -1.7971902
1.1773926 -4.1940465 -1.7972081
1.2782227 -4.1644406 -1.797214
1.4775683 -4.09798 -1.7972256
1.7700098 -3.9804614 -1.7972429
1.8654979 -3.9366276 -1.7972485
2.0531933 -3.842109 -1.7972598
2.2361035 -3.7386425 -1.7972707
2.3256445 -3.6836352 -1.7972761
2.7519531 -3.3771193 -1.7973019
2.8326464 -3.3097639 -1.7973069
2.9889648 -3.1693323 -1.7973166
3.0645506 -3.0963233 -1.7973211
3.2103221 -2.9449489 -1.7973303
3.2804296 -2.8666658 -1.7973347
3.3486133 -2.7867191 -1.797339
3.4148729 -2.7051485 -1.7973433
3.4791307 -2.6220043 -1.7973474
3.6596191 -2.3636138 -1.797359
3.7155664 -2.274663 -1.7973627
3.8209765 -2.0928397 -1.7973695
2.9055371 -0.77256531 -1.2403779
4.2361426 -1.0176266 -1.7973989
4.2594333 -0.91515714 -1.7974008
4.2986326 -0.70868528 -1.7974042
4.3144727 -0.60479915 -1.7974055
4.3278122 -0.50056398 -1.7974069
4.3526759 -0.18634459 -1.7974099
4.3340626 0.44337156 -1.7974123
4.3221092 0.5477795 -1.797412
4.3076172 0.6518628 -1.7974119
3.068125 0.7725659 -1.305317
2.5432031 0.7725665 -1.0965788
3.7979491 2.1344538 -1.7973907
3.633662 2.403451 -1.797383
3.5746093 2.4903917 -1.79738
3.5135057 2.5758781 -1.797377
3.385205 2.7423084 -1.7973706
3.3180468 2.8231554 -1.7973672
3.2489941 2.9023552 -1.7973638
3.1780369 2.9798694 -1.7973601
3.1052442 3.0556519 -1.7973562
3.0306249 3.1296496 -1.7973524
2.9542577 3.2018292 -1.7973485
2.6995897 3.3876817 -1.7871342
2.57375 3.3946264 -1.7575293
2.451787 3.4011779 -1.7297916
2.1077635 3.4205976 -1.6576124
1.9253906 3.4912634 -1.6448915
1.8406249 3.5366766 -1.6448869
1.4913183 3.6975048 -1.644868
1.3112793 3.7650964 -1.644858
1.0356152 3.8500159 -1.6448427
0.84874022 3.8954515 -1.6448324
0.3738867 3.969209 -1.6448059
0.182041 3.9825921 -1.6447951
0.085917965 3.9858105 -1.6447896
-0.010234375 3.9867108 -1.6447841
-0.10639648 3.9852922 -1.6447786
-0.20248047 3.9815495 -1.644773
-0.2984668 3.9754992 -1.6447675
-0.39424804 3.9671299 -1.644762
-0.68002927 3.9281988 -1.6447457
-0.86868161 3.8908105 -1.6447347
-1.0553125 3.8443639 -1.6447239
-1.2394629 3.7889745 -1.644713
-1.3304784 3.7579694 -1.6447078
-1.4207226 3.7247703 -1.6447026
-1.6862891 3.6122692 -1.6446868
-1.7729199 3.5705321 -1.6446817
-2.0460155 3.466181 -1.6605766
-2.1585741 3.4632177 -1.6836185
-2.3933008 3.456516 -1.7345135
-2.515996 3.452744 -1.7625681
-2.8130176 3.3255506 -1.7970212
-2.8923731 3.2567272 -1.7970163
-2.9700878 3.1860077 -1.7970115
-3.0460644 3.1134331 -1.7970068
-3.1202538 3.039057 -1.7970022
-4.1090426 1.4443939 -1.7969375
-4.1426954 1.3448633 -1.7969351
-4.2027049 1.1435187 -1.7969306
-4.2743649 0.83665711 -1.7969248
-4.2932911 0.733316 -1.7969232
-4.3097363 0.62955379 -1.7969216
-4.3236718 0.52541989 -1.7969204
-4.343955 0.31630003 -1.7969182
-4.3503418 0.21143615 -1.7969172
-4.3541698 0.10644348 -1.7969165
-4.3554587 0.0013952636 -1.7969159
-4.3542185 -0.10365539 -1.7969153
-4.3504591 -0.20864563 -1.7969149
-4.3239841 -0.52264708 -1.7969148
-4.2748923 -0.83391416 -1.7969159
-4.1746778 -1.2418649 -1.7969193
-3.0480273 -3.1114256 -1.7969736
-2.8944237 -3.2548094 -1.7969815
-2.7341015 -3.3906212 -1.7969899
-2.6515234 -3.4555867 -1.7969943
-2.3063183 -3.6949949 -1.7970126
-2.1254492 -3.8019378 -1.7970223
-2.0331445 -3.8521063 -1.7970272
-1.6526074 -4.0301061 -1.797048
-1.4563378 -4.1051369 -1.7970588
-1.3569043 -4.1390805 -1.7970642
-1.2566894 -4.1706176 -1.7970698
-1.1557715 -4.1997275 -1.7970753
-1.054121 -4.226397 -1.797081
-0.84907222 -4.2723398 -1.7970924
-0.64206052 -4.3083415 -1.797104
-0.53795898 -4.3225913 -1.7971098
-0.43355468 -4.3343229 -1.7971158
-0.32887694 -4.3435302 -1.7971215
-0.1190332 -4.3543663 -1.7971334
-0.013984375 -4.355988 -1.7971394
0.30100584 -4.3456421 -1.7971574
0.40573242 -4.337131 -1.7971634
0.61441404 -4.3125486 -1.7971754
1.0270507 -4.2333555 -1.7971994
1.1288574 -4.2073669 -1.7972052
1.4301074 -4.1147766 -1.7972229
1.723877 -4.0006471 -1.7972401
2.1013086 -3.8160138 -1.7972625
2.1927342 -3.764231 -1.797268
2.4591796 -3.5958722 -1.797284
2.7942188 -3.3422747 -1.7973045
2.8740234 -3.2739246 -1.7973094
3.0285547 -3.1315324 -1.7973189
3.2470703 -2.9043889 -1.7973325
3.3161914 -2.8252296 -1.7973371
3.3833787 -2.7444296 -1.7973412
3.5729687 -2.4926429 -1.7973533
3.6320703 -2.4057441 -1.7973571
3.7438672 -2.2277963 -1.7973645
2.7759373 -0.77256531 -1.1887833
4.2485743 -0.96432555 -1.7973999
4.3217187 -0.550542 -1.7974063
4.3547068 -0.13163574 -1.7974104
4.3565822 -0.026565552 -1.797411
4.3559766 0.07852295 -1.7974116
4.3527927 0.18356445 -1.7974119
4.328125 0.49779356 -1.7974123
4.3148828 0.6020422 -1.797412
4.2600584 0.91243225 -1.7974105
2.9130664 0.7725659 -1.2433789
3.7708104 2.1820073 -1.7973895
3.7170799 2.2723181 -1.7973869
3.5430369 2.5351031 -1.7973783
3.4166503 2.7030077 -1.7973721
3.0666015 3.0944164 -1.7973542
2.9910545 3.1674738 -1.7973504
2.9137793 3.2386882 -1.7973464
2.8348241 3.3080182 -1.7973422
2.7541895 3.375421 -1.797338
2.3897166 3.404444 -1.7160443
2.2731738 3.4104466 -1.6909335
2.159785 3.416115 -1.6674243
2.0541797 3.4295282 -1.6493005
1.9656152 3.4687853 -1.6448936
1.7960254 3.5595191 -1.6448845
1.7096581 3.6017888 -1.6448798
1.6222851 3.6419683 -1.6448752
1.1723046 3.8106377 -1.6448504
1.0800488 3.8377948 -1.6448452
0.98717773 3.8627136 -1.6448402
0.70529294 3.9239421 -1.6448245
0.41973633 3.9646263 -1.6448084
0.32398435 3.9735863 -1.6448029
0.22804686 3.9802313 -1.6447977
0.13198242 3.9845581 -1.6447921
0.035830077 3.9865696 -1.6447866
-0.060341794 3.9862597 -1.6447814
-0.15645507 3.9836328 -1.6447759
-0.53949219 3.9499786 -1.6447538
-0.63459957 3.935802 -1.6447483
-0.72932613 3.9193413 -1.6447428
-0.82365233 3.9005957 -1.6447374
-0.91749996 3.8795824 -1.6447319
-1.1035156 3.830797 -1.644721
-1.1955762 3.8030541 -1.6447157
-1.3775879 3.7409484 -1.6447051
-1.4674023 3.7066197 -1.6446997
-1.5563769 3.670136 -1.6446944
-1.7315332 3.5907855 -1.6446841
-1.9026953 3.5030816 -1.6446738
-2.1042676 3.4646673 -1.6723876
-2.3358104 3.4582219 -1.7217066
-2.7743847 3.3578484 -1.7970235
-2.8545411 3.2899432 -1.7970186
-2.9330664 3.2201276 -1.7970138
-3.0849218 3.0749164 -1.7970043
-3.229619 2.9225523 -1.7969954
-4.1268649 1.3926538 -1.7969362
-4.241797 0.98859739 -1.7969275
-4.2644238 0.88599974 -1.7969257
-4.2845411 0.78288633 -1.796924
-4.3400192 0.36647522 -1.7969186
-4.3551559 0.0517218 -1.796916
-4.3525877 -0.15835693 -1.7969151
-4.3398829 -0.36807433 -1.7969146
-4.31708 -0.57693726 -1.7969149
-4.2842383 -0.78445005 -1.7969157
-4.2162986 -1.09216 -1.7969178
-4.1263185 -1.3941506 -1.7969214
-3.1570313 -3.0007112 -1.7969679
-3.08375 -3.0759892 -1.7969717
-3.0086815 -3.1494789 -1.7969755
-2.8533204 -3.2909236 -1.7969836
-2.6912987 -3.4247124 -1.7969922
-2.6079199 -3.4886377 -1.7969966
-2.5230079 -3.5505316 -1.797001
-2.1692481 -3.7771177 -1.79702
-1.6018456 -4.0505595 -1.7970507
-1.5036817 -4.0880265 -1.7970562
-1.1028808 -4.2139249 -1.7970783
-1.0009277 -4.2393131 -1.797084
-0.79534179 -4.28268 -1.7970954
-0.69180661 -4.3006287 -1.7971013
-0.58788085 -4.3160758 -1.7971071
-0.48359373 -4.3290162 -1.7971128
-0.2742871 -4.3473291 -1.7971247
-0.16934571 -4.3526945 -1.7971307
-0.064306639 -4.3555284 -1.7971367
0.14581054 -4.3535833 -1.7971486
0.25077149 -4.3488226 -1.7971545
0.66856444 -4.3044963 -1.7971785
0.77219725 -4.2871323 -1.7971846
0.87538081 -4.2672739 -1.7971905
0.97805661 -4.2449346 -1.7971965
1.1816308 -4.1928577 -1.7972083
1.4816992 -4.0964899 -1.797226
1.6775488 -4.0202928 -1.7972374
1.7740332 -3.9786749 -1.7972431
1.9638476 -3.8885221 -1.7972544
2.1490917 -3.7893159 -1.7972654
2.3293457 -3.6812897 -1.7972763
2.5041895 -3.5646961 -1.7972867
2.6731834 -3.4398041 -1.7972971
2.8359571 -3.3069377 -1.7973071
2.9921582 -3.1663189 -1.7973167
3.2833104 -2.8633597 -1.7973349
3.3514256 -2.7833409 -1.7973391
3.4175878 -2.701705 -1.7973434
3.481787 -2.6184931 -1.7973475
3.6619921 -2.3599243 -1.7973591
3.823076 -2.0889883 -1.7973696
2.6566894 -0.77256531 -1.1414638
4.2811131 -0.80784237 -1.7974026
4.299336 -0.70434994 -1.7974042
4.3150783 -0.60044736 -1.7974057
4.3283005 -0.4962036 -1.7974069
4.3390231 -0.39166382 -1.7974081
4.3472071 -0.28689513 -1.7974092
4.3560157 -0.076915279 -1.7974107
4.3565822 0.028173218 -1.7974113
4.3431444 0.34309021 -1.7974123
4.3336134 0.44774473 -1.7974123
4.3215623 0.55213869 -1.797412
4.3069725 0.65620178 -1.7974118
4.2898827 0.75989377 -1.7974114
2.7720118 0.77256531 -1.1872221
2.5340135 0.7725659 -1.0929536
3.7957909 2.1382806 -1.7973907
3.7430956 2.229207 -1.7973881
3.5109179 2.5794201 -1.7973769
3.4476757 2.663347 -1.7973737
3.3824217 2.7457178 -1.7973704
3.3151953 2.8264978 -1.7973671
3.1021581 3.0587761 -1.7973561
2.9510155 3.2048039 -1.7973483
2.8728516 3.2750425 -1.7973442
2.694248 3.3879802 -1.7858567
2.2137401 3.4134398 -1.6784948
2.1033885 3.4213238 -1.6569357
2.0055859 3.4458392 -1.6448959
1.921875 3.4932013 -1.6448913
1.8370508 3.5385284 -1.6448867
1.6642578 3.6229846 -1.6448774
1.5763867 3.6620605 -1.6448725
1.4876171 3.699002 -1.6448677
1.3979492 3.7337964 -1.6448628
0.75059569 3.9155345 -1.6448269
0.081904292 3.985894 -1.6447893
-0.11041015 3.9851818 -1.6447784
-0.49379882 3.9559577 -1.6447564
-0.58906251 3.9428833 -1.644751
-0.77852535 3.9098608 -1.64474
-0.96617186 3.8677423 -1.6447291
-1.0591699 3.8432989 -1.6447237
-1.1515527 3.8166242 -1.6447183
-1.2432715 3.7877226 -1.6447129
-1.334287 3.7566216 -1.6447076
-1.5138476 3.6878862 -1.644697
-1.6899316 3.6105676 -1.6446866
-1.7765331 3.5687437 -1.6446813
-1.9471289 3.4799144 -1.6451527
-2.0506639 3.4660625 -1.6615101
-2.2791698 3.459862 -1.7092969
-2.5212402 3.4525793 -1.7637819
-2.7353907 3.3896887 -1.797026
-2.8163769 3.3227136 -1.797021
-2.8956738 3.2538135 -1.7970161
-2.9732909 3.1830156 -1.7970114
-3.1956444 2.9596832 -1.7969975
-3.8100488 2.110559 -1.796958
-4.1751466 1.2403436 -1.7969327
-4.2538962 0.93521911 -1.7969265
-4.2752147 0.83234739 -1.7969247
-4.2940431 0.72899354 -1.7969232
-4.3355079 0.41661498 -1.7969191
-4.3442774 0.31192017 -1.7969182
-4.3505468 0.20705199 -1.7969172
-4.3542771 0.10205566 -1.7969164
-4.3502536 -0.21303466 -1.7969149
-4.3348923 -0.42256835 -1.7969146
-4.2930079 -0.7348901 -1.7969154
-4.2740331 -0.83822113 -1.796916
-4.2286425 -1.043363 -1.7969174
-4.2022557 -1.145053 -1.7969184
-4.173418 -1.2460769 -1.7969195
-4.142158 -1.3463748 -1.7969208
-2.8911328 -3.2577276 -1.7969816
-2.8117383 -3.3265169 -1.7969859
-2.7306836 -3.3933771 -1.79699
-2.6480565 -3.458257 -1.7969944
-2.4782128 -3.5819538 -1.7970034
-2.3025975 -3.6973178 -1.7970128
-2.2127635 -3.7517896 -1.7970176
-2.0292675 -3.8541553 -1.7970276
-1.8410645 -3.9475508 -1.7970377
-1.7453125 -3.9908197 -1.797043
-1.6485449 -4.0317688 -1.7970481
-1.2524804 -4.1718845 -1.79707
-1.1515039 -4.2008929 -1.7970756
-1.0498534 -4.2274585 -1.7970812
-0.84477538 -4.2731938 -1.7970927
-0.63770509 -4.308989 -1.7971041
-0.42917967 -4.3347588 -1.7971159
-0.32451171 -4.3438621 -1.7971219
-0.11464843 -4.3544879 -1.7971338
0.095478512 -4.354979 -1.7971456
0.20049804 -4.3514185 -1.7971516
0.61876953 -4.3119264 -1.7971758
0.8259961 -4.2770977 -1.7971876
1.0313085 -4.232316 -1.7971995
1.1330956 -4.2062249 -1.7972054
1.3346288 -4.1467161 -1.7972172
1.9187793 -3.9109521 -1.7972517
2.0125291 -3.8635464 -1.7972573
2.1051562 -3.8138914 -1.7972628
2.3754199 -3.6517358 -1.797279
2.4628026 -3.5933938 -1.7972844
2.5487597 -3.5329578 -1.7972895
2.6332421 -3.470468 -1.7972947
2.7161913 -3.4059551 -1.7972997
2.8773143 -3.2710321 -1.7973096
3.1062987 -3.0544484 -1.7973238
3.1790819 -2.9786446 -1.7973284
3.2499902 -2.9011147 -1.7973328
3.3861425 -2.7410183 -1.7973415
3.4512792 -2.6585572 -1.7973455
3.5144043 -2.5745471 -1.7973495
3.5754688 -2.4890411 -1.7973535
3.6344824 -2.4020824 -1.7973573
3.6913769 -2.3137252 -1.7973609
3.7461133 -2.2240229 -1.7973646
2.5465624 -0.77256531 -1.0979098
4.2495704 -0.96004361 -1.7974
4.2714844 -0.85726863 -1.7974017
4.2909179 -0.75399292 -1.7974033
4.3078513 -0.65028012 -1.7974049
4.3504686 -0.23224548 -1.7974097
4.3526173 0.18794006 -1.7974119
4.3142772 0.60638791 -1.7974119
4.2983789 0.710271 -1.7974116
2.6431346 0.77256531 -1.1360904
3.8202441 2.0942748 -1.7973918
3.7686033 2.1858063 -1.7973894
3.6588085 2.3649871 -1.7973841
3.540498 2.5386724 -1.7973783
3.3476562 2.7880011 -1.7973685
3.2093065 2.9461823 -1.7973616
2.9105175 3.2416229 -1.7973461
2.8314941 3.3108721 -1.7973421
2.7508006 3.378197 -1.7973379
2.6282811 3.3916399 -1.770238
2.5046582 3.39836 -1.7416979
2.3847852 3.4047003 -1.7149621
2.1551073 3.4163458 -1.6664751
2.0499218 3.4302337 -1.6486449
1.7924609 3.5613256 -1.6448843
1.4410058 3.7173979 -1.6448653
1.3509375 3.7510607 -1.6448601
1.2600585 3.7825415 -1.6448551
1.1684473 3.8118217 -1.6448501
1.0761719 3.8388817 -1.6448451
0.98327148 3.8637054 -1.6448399
0.88978511 3.8862903 -1.6448348
0.7013281 3.9246495 -1.6448241
0.60647458 3.9404106 -1.6448188
0.51124996 3.9538794 -1.6448135
0.41574219 3.9650476 -1.6448082
0.12795898 3.9846885 -1.644792
-0.16047852 3.983474 -1.6447755
-0.63856447 3.9351616 -1.6447481
-0.82758784 3.89976 -1.6447372
-0.92141598 3.8786535 -1.6447318
-1.0146972 3.8552873 -1.6447263
-1.107373 3.8296819 -1.6447209
-1.1994042 3.8018467 -1.6447154
-1.2907519 3.7717986 -1.6447102
-1.5600684 3.6685662 -1.6446943
-1.735166 3.5890393 -1.644684
-1.9062207 3.5011625 -1.6446737
-2.1089842 3.4645445 -1.6733527
-2.5868163 3.4504888 -1.7791772
-2.6960645 3.4210749 -1.7970283
-2.7777734 3.3550444 -1.7970234
-2.8578906 3.2870574 -1.7970184
-2.9363184 3.2171636 -1.7970136
-3.2325683 2.9192963 -1.7969952
-4.1282716 1.3884845 -1.7969362
-4.2178416 1.0863732 -1.7969295
-4.2428026 0.98432308 -1.7969275
-4.3028612 0.67498046 -1.7969224
-4.3403807 0.36210448 -1.7969186
-4.3524218 -0.16274108 -1.7969151
-4.3472266 -0.26767272 -1.7969148
-4.329277 -0.4770056 -1.7969148
-4.316494 -0.58128846 -1.7969149
-4.2834568 -0.78877622 -1.7969157
-4.2631736 -0.89186186 -1.7969164
-4.1875391 -1.1977563 -1.7969189
-4.1574316 -1.2984107 -1.7969202
-4.1249218 -1.3983094 -1.7969215
-0.60722655 -4.046742 -1.7971073
-0.41137695 -4.0713425 -1.7971183
0.081435546 -4.0913239 -1.7971463
0.18012695 -4.0881815 -1.7971519
0.27865234 -4.082664 -1.7971575
0.76786131 -4.0195427 -1.7971857
0.86458004 -3.9998639 -1.7971913
0.96081054 -3.9778602 -1.7971969
1.3395801 -3.8668456 -1.797219
1.4324414 -3.8334241 -1.7972245
1.7951171 -3.6776385 -1.7972459
1.9703808 -3.586812 -1.7972565
2.3067968 -3.3803465 -1.7972766
2.5451856 -3.2047408 -1.797291
2.6217382 -3.1424291 -1.7972958
2.6967773 -3.0782876 -1.7973003
2.7702441 -3.0123558 -1.797305
3.0475976 -2.7314947 -1.7973222
3.1125977 -2.6572003 -1.7973263
3.4097166 -2.2634275 -1.7973453
3.5149412 -2.0963683 -1.7973521
3.5644727 -2.0109863 -1.7973554
2.5282128 -0.77256531 -1.1609967
3.0469043 -0.77256531 -1.3804572
3.9902539 -0.90991789 -1.7973856
4.011045 -0.81341428 -1.7973872
4.0295215 -0.71643311 -1.7973887
4.0456247 -0.61903441 -1.7973902
4.0593748 -0.52127868 -1.7973914
4.0797653 -0.3249121 -1.7973938
4.090703 -0.12778808 -1.7973955
4.0892482 0.16831359 -1.7973968
4.0840135 0.26689452 -1.7973971
4.0540233 0.56147826 -1.797397
4.0028124 0.85312068 -1.7973956
2.6630664 0.7725659 -1.2177603
3.5444238 2.0462286 -1.7973759
3.4415917 2.2147663 -1.7973709
3.2724512 2.457793 -1.7973627
3.0861621 2.6879504 -1.7973531
2.8837206 2.9040332 -1.7973429
2.590498 3.1683104 -1.7973276
2.5133495 3.229862 -1.7973236
1.8314648 3.4136505 -1.7013106
1.7291406 3.4183435 -1.6823701
1.6289062 3.4227746 -1.6647246
1.4445214 3.455622 -1.644864
1.3607616 3.4894452 -1.6448594
1.2761718 3.5212402 -1.6448547
1.1048828 3.5786662 -1.6448452
1.0182421 3.6042626 -1.6448405
0.84323239 3.6491535 -1.6448307
0.66626954 3.6855512 -1.6448209
0.48777342 3.7133703 -1.6448109
0.39805663 3.7240436 -1.6448059
0.21799804 3.7388799 -1.6447958
0.03745117 3.745023 -1.6447855
-0.14320312 3.7424457 -1.6447752
-0.23342773 3.7378905 -1.64477
-0.32351562 3.7311637 -1.644765
-0.41342771 3.7222643 -1.6447598
-0.50307614 3.7111981 -1.6447546
-0.59242189 3.6979704 -1.6447494
-0.6814453 3.6825945 -1.6447443
-0.77006835 3.6650763 -1.6447392
-0.85825193 3.6454265 -1.644734
-1.0330273 3.5997741 -1.6447238
-1.1195703 3.5738001 -1.6447188
-1.4659277 3.4665661 -1.6529412
-1.5622851 3.4593792 -1.667001
-1.6628418 3.4572461 -1.6848159
-1.7655566 3.4548943 -1.7039342
-1.8706249 3.4523206 -1.7244198
-2.0884666 3.4464464 -1.7697893
-2.2869239 3.3931944 -1.7970515
-2.5262499 3.2189417 -1.7970369
-2.6785448 3.0933506 -1.7970276
-2.7523534 3.0278392 -1.7970232
-2.8245897 2.9605694 -1.7970185
-2.8951464 2.8915746 -1.7970142
-3.9060838 1.2183441 -1.7969477
-3.9343457 1.1237744 -1.7969458
-3.9602928 1.0285541 -1.7969438
-3.9839256 0.93273193 -1.7969418
-4.0052829 0.83636898 -1.7969401
-4.0840039 0.24996459 -1.7969325
-4.0888476 0.15138854 -1.7969317
-4.0912986 0.052722778 -1.7969311
-4.084414 -0.24322571 -1.7969298
-4.0679197 -0.43991637 -1.7969297
-4.0419726 -0.63557374 -1.7969302
-4.0254588 -0.73288268 -1.7969307
-3.9854393 -0.92615384 -1.7969319
-3.9080565 -1.2118893 -1.7969347
-2.7572949 -3.0232408 -1.7969906
-2.683584 -3.0888751 -1.7969944
-2.6082909 -3.1527088 -1.7969984
-2.5315039 -3.2147088 -1.7970023
-2.2100682 -3.443665 -1.7970195
-2.1263378 -3.495976 -1.7970239
-1.8680371 -3.6405988 -1.7970377
-1.7796874 -3.6846056 -1.7970426
-1.5999511 -3.7661624 -1.7970524
-1.5086523 -3.8036664 -1.7970575
-1.4164648 -3.8389587 -1.7970625
-1.3234668 -3.8720174 -1.7970675
-1.2296972 -3.9028223 -1.7970728
-1.0400684 -3.9576056 -1.7970833
-0.94430661 -3.9815521 -1.7970886
-0.84799802 -4.0031829 -1.7970939
-0.75121093 -4.0224833 -1.7970992
-0.55633789 -4.0540581 -1.7971102
-0.45841795 -4.066308 -1.7971158
-0.36019531 -4.0761943 -1.7971213
-0.16321288 -4.0888476 -1.7971324
0.23146483 -4.0856037 -1.7971548
0.32995117 -4.0788379 -1.7971605
0.42821288 -4.0697207 -1.7971661
0.52625 -4.0582166 -1.7971717
0.72133785 -4.028142 -1.797183
0.9147656 -3.9886923 -1.7971941
1.2007812 -3.9121501 -1.7972108
1.2948047 -3.8820617 -1.7972164
1.480498 -3.8151278 -1.7972273
1.8411914 -3.6547995 -1.7972486
2.0153124 -3.5617754 -1.797259
2.4292383 -3.2934768 -1.797284
2.5079589 -3.2339375 -1.7972888
2.6610253 -3.1092436 -1.7972982
2.8078907 -2.9773159 -1.7973073
3.0158105 -2.7665284 -1.7973202
3.0816796 -2.6929851 -1.7973243
3.2683301 -2.4631462 -1.7973362
3.4904687 -2.1368487 -1.7973505
2.6467383 -0.77256531 -1.2108793
2.9055469 -0.77256531 -1.3203672
4.0530567 -0.56815428 -1.7973908
4.0655956 -0.47023618 -1.7973921
4.0926466 0.022340698 -1.7973962
4.0803318 0.31818542 -1.7973971
4.071455 0.41650999 -1.7973971
4.0602341 0.51458985 -1.7973971
2.5431933 0.77256709 -1.1672947
3.5184178 2.0906024 -1.7973747
3.4135058 2.2578325 -1.7973695
3.358037 2.339505 -1.7973669
3.3006444 2.4198108 -1.797364
3.1170213 2.6521099 -1.7973548
3.0521483 2.7265117 -1.7973515
2.985498 2.7993279 -1.7973481
2.9170897 2.8705199 -1.7973447
2.8470116 2.9400342 -1.797341
2.775244 3.0078404 -1.7973373
2.7018847 3.0738957 -1.7973335
2.6269727 3.1381633 -1.7973295
2.5505176 3.2006054 -1.7973256
2.4725585 3.261178 -1.7973214
2.3931737 3.3198619 -1.7973171
2.20666 3.3950434 -1.7782698
2.095459 3.4007757 -1.7542813
1.9871093 3.406189 -1.7318393
1.7779003 3.4161284 -1.6912798
1.6766698 3.4206822 -1.6730208
1.5785742 3.4272156 -1.6571081
1.4848633 3.4399474 -1.6454616
1.4009668 3.4734924 -1.6448616
0.88535154 3.6391704 -1.6448332
0.79733396 3.6594555 -1.6448283
0.70883787 3.677608 -1.6448233
0.61991209 3.6936235 -1.6448184
0.53064454 3.707489 -1.6448133
0.44106445 3.7191985 -1.6448083
0.2611914 3.7361181 -1.6447983
-0.0096093751 3.7451935 -1.6447828
-0.19020507 3.7403479 -1.6447726
-0.28036132 3.7346587 -1.6447674
-0.37037107 3.7267985 -1.6447623
-0.46014649 3.716768 -1.644757
-0.81605464 3.6551068 -1.6447364
-0.90396482 3.6343482 -1.6447314
-1.1643749 3.5594451 -1.6447161
-1.2498828 3.5303149 -1.6447111
-1.3346679 3.4991291 -1.6447062
-1.4209863 3.4715905 -1.6473969
-1.5150683 3.460891 -1.6591825
-1.614414 3.4582922 -1.6761212
-1.8199706 3.453584 -1.7144302
-2.1470506 3.4447479 -1.7826314
-2.4098144 3.3070183 -1.797044
-2.488867 3.2479284 -1.7970392
-2.566494 3.1869433 -1.7970344
-2.6426075 3.1241057 -1.7970299
-2.7901855 2.9930131 -1.7970207
-2.8615332 2.9248357 -1.7970163
-3.9211035 1.169165 -1.7969466
-3.9481347 1.0742522 -1.7969447
-3.9728808 0.97871089 -1.7969427
-4.0332422 0.68889707 -1.7969378
-4.0617771 0.49359617 -1.7969351
-4.0724902 0.39548218 -1.796934
-4.0868258 0.19862731 -1.7969322
-4.0904298 0.099995725 -1.7969314
-4.0916405 0.0013110351 -1.7969308
-4.090488 -0.097376093 -1.7969303
-4.0727344 -0.39287293 -1.7969297
-4.0620799 -0.49098876 -1.7969298
-4.0490427 -0.58881837 -1.7969301
-4.0159373 -0.78340328 -1.7969309
-2.8633592 -2.9229512 -1.796985
-2.7920411 -2.9911716 -1.7969888
-2.7190819 -3.0576499 -1.7969927
-2.6445508 -3.1223516 -1.7969965
-2.4909179 -3.2462652 -1.7970045
-2.3314941 -3.3626261 -1.7970129
-2.249707 -3.4178908 -1.7970173
-2.166621 -3.471168 -1.7970217
-2.0822656 -3.5224218 -1.7970263
-1.9966992 -3.5716314 -1.7970309
-1.9099706 -3.6187596 -1.7970355
-1.8221387 -3.6637866 -1.7970403
-1.6433593 -3.7474144 -1.79705
-1.5525098 -3.7859733 -1.797055
-1.0857323 -3.9453163 -1.7970806
-0.700625 -4.0316114 -1.7971022
-0.50538087 -4.0607343 -1.7971129
-0.4072949 -4.071753 -1.7971187
-0.013125 -4.0921006 -1.797141
0.085576169 -4.0912395 -1.7971466
0.18421875 -4.0879993 -1.7971522
0.28278321 -4.0823817 -1.7971578
0.38113281 -4.074398 -1.7971634
0.57720703 -4.051291 -1.7971747
1.0604687 -3.952476 -1.7972027
1.1554883 -3.9257598 -1.7972082
1.2498437 -3.8967607 -1.7972137
1.5283203 -3.7962313 -1.7972302
2.1445997 -3.4854765 -1.7972668
2.2280469 -3.4327459 -1.7972718
2.4704297 -3.2626996 -1.7972865
2.6249022 -3.139782 -1.7972959
2.7732811 -3.0095665 -1.7973051
2.8450584 -2.9418061 -1.7973095
2.9836328 -2.8011959 -1.7973182
3.0503514 -2.7284222 -1.7973224
3.3564844 -2.3416204 -1.7973418
3.4120214 -2.2599862 -1.7973454
3.4655371 -2.1770377 -1.7973489
3.5170605 -2.0928209 -1.7973523
3.9911621 -0.90589905 -1.7973856
4.0118651 -0.8093701 -1.7973872
4.0302243 -0.71237057 -1.7973889
4.0462403 -0.61495727 -1.7973902
4.0598826 -0.51718563 -1.7973914
4.0801172 -0.32079771 -1.7973938
4.0866795 -0.22229248 -1.7973946
4.092031 0.073765256 -1.7973965
4.0890622 0.17244019 -1.7973968
4.0837402 0.27100891 -1.7973971
4.0760155 0.36942932 -1.7973971
4.065908 0.46763182 -1.7973971
4.0534472 0.56556457 -1.797397
4.0214548 0.7603839 -1.7973962
2.9130664 0.7725665 -1.3235615
3.4918652 2.134644 -1.7973733
3.4393651 2.2182343 -1.7973709
3.3848534 2.3005414 -1.7973682
3.2699707 2.4610901 -1.7973624
2.9500878 2.8366148 -1.7973464
2.8098438 2.9755669 -1.7973391
2.7372656 3.0424669 -1.7973353
2.3512597 3.3496649 -1.797315
1.9316992 3.4088898 -1.7207341
1.8271387 3.4138513 -1.7004919
1.724912 3.418535 -1.6816076
1.3572071 3.4908147 -1.6448591
1.2726269 3.5225248 -1.6448545
1.0146093 3.6052868 -1.6448404
0.75128907 3.6691778 -1.6448257
0.30435547 3.7328582 -1.6448007
-0.056669921 3.7447686 -1.64478
-0.14696288 3.7422991 -1.644775
-0.23718749 3.7376556 -1.6447699
-0.3272754 3.7308338 -1.6447647
-0.41715819 3.7218413 -1.6447595
-0.59617186 3.6973724 -1.6447493
-0.86191404 3.6445587 -1.6447339
-0.94955075 3.6226964 -1.6447287
-1.0366601 3.5987334 -1.6447237
-1.1231543 3.572669 -1.6447186
-1.2090039 3.544528 -1.6447135
-1.2941113 3.5143249 -1.6447085
-1.4698437 3.4661169 -1.6534339
-1.7699023 3.4547942 -1.7047637
-1.8750488 3.4522076 -1.7253085
-1.9827343 3.4493871 -1.7472962
-2.0931249 3.4463141 -1.7708032
-2.2903321 3.390888 -1.7970512
-2.4511914 3.2764752 -1.7970414
-2.5294921 3.2163939 -1.7970366
-2.6063182 3.1544421 -1.797032
-2.6816406 3.0906518 -1.7970273
-2.7554004 3.0250676 -1.7970228
-2.8275683 2.9577215 -1.7970184
-3.9354491 1.1198095 -1.7969456
-3.9848828 0.92871517 -1.7969418
-4.0250096 0.73546201 -1.7969384
-4.0558009 0.54049987 -1.7969357
-4.0676465 0.44251892 -1.7969345
-4.0771384 0.34427977 -1.7969334
-4.0842481 0.24583983 -1.7969325
-4.088994 0.14725952 -1.7969317
-4.0913572 0.048588257 -1.7969311
-4.0913377 -0.050095215 -1.7969306
-4.0841503 -0.24734253 -1.7969298
-4.077002 -0.34577942 -1.7969297
-4.0555859 -0.54199219 -1.7969298
-4.041338 -0.63964415 -1.7969302
-3.8763769 -1.3097051 -1.796936
-2.8969629 -2.889663 -1.7969832
-2.7542577 -3.0260193 -1.7969908
-2.6051269 -3.1553376 -1.7969985
-2.5282617 -3.2172604 -1.7970026
-2.4499316 -3.2773132 -1.7970066
-2.3701758 -3.3354592 -1.7970109
-2.2890527 -3.3916564 -1.7970152
-2.2065821 -3.4458919 -1.7970196
-2.0378418 -3.5483136 -1.7970287
-1.9516796 -3.5964413 -1.7970333
-1.864375 -3.6424792 -1.7970381
-1.7759863 -3.6863971 -1.7970428
-1.686543 -3.7281711 -1.7970477
-1.5961425 -3.767776 -1.7970526
-1.5048144 -3.8051863 -1.7970576
-1.4125977 -3.8403866 -1.7970626
-1.3195605 -3.873349 -1.7970679
-1.2257714 -3.9040587 -1.7970729
-1.1312598 -3.9324994 -1.7970783
-1.0360644 -3.9586542 -1.7970834
-0.94030273 -3.9825037 -1.7970887
-0.84397459 -4.004035 -1.7970941
-0.64989257 -4.040103 -1.797105
-0.55225587 -4.054615 -1.7971104
-0.35610351 -4.0765567 -1.7971215
-0.25765625 -4.083971 -1.797127
-0.060429685 -4.0916691 -1.7971382
0.038291015 -4.0919518 -1.7971438
0.13697265 -4.089848 -1.7971494
0.23557617 -4.0853691 -1.7971551
0.33403319 -4.0785184 -1.7971607
0.82233399 -4.0087576 -1.7971889
0.91878903 -3.9877691 -1.7971945
1.1100488 -3.9388444 -1.7972056
1.2047364 -3.910938 -1.7972112
1.3919238 -3.8483131 -1.7972221
1.4843457 -3.8136334 -1.7972276
1.7562207 -3.6963677 -1.7972436
1.844873 -3.6529436 -1.797249
1.9324414 -3.6073942 -1.7972541
2.1041601 -3.510025 -1.7972643
2.1882226 -3.458261 -1.7972693
2.2709961 -3.4044881 -1.7972745
2.3524706 -3.348731 -1.7972794
2.5884471 -3.1699033 -1.7972938
2.7383106 -3.0414083 -1.797303
2.810869 -2.9744854 -1.7973074
2.8818066 -2.9058275 -1.7973118
2.9510741 -2.8354836 -1.7973161
3.0185938 -2.7634859 -1.7973204
3.0843945 -2.6898787 -1.7973245
3.2708299 -2.4598486 -1.7973363
3.4401269 -2.216943 -1.7973472
3.5430663 -2.0484719 -1.797354
2.6566992 -0.77256471 -1.2150737
2.9173827 -0.77256531 -1.3253927
3.9804296 -0.9519583 -1.7973847
4.0217185 -0.75889587 -1.7973881
4.0388575 -0.66167599 -1.7973896
4.0536423 -0.56406677 -1.7973908
4.0660839 -0.46613953 -1.7973922
4.0761328 -0.36793333 -1.7973933
4.0891209 -0.17093262 -1.797395
4.0920801 -0.072256468 -1.7973957
4.0908008 0.12516785 -1.7973967
4.0865917 0.22380188 -1.797397
4.0799999 0.32230225 -1.7973971
4.0710349 0.42061645 -1.7973971
4.0299706 0.71385252 -1.7973963
3.0551269 0.7725659 -1.383956
2.7720118 0.7725665 -1.263783
3.5163183 2.0941455 -1.7973745
3.3556836 2.34289 -1.7973667
3.2387695 2.5019805 -1.7973609
3.1774902 2.5793622 -1.7973579
3.1143553 2.6552465 -1.7973547
3.0493944 2.7295861 -1.7973514
2.9826758 2.8023381 -1.797348
2.9141991 2.8734562 -1.7973444
2.7722266 3.010637 -1.7973372
2.6987987 3.0766191 -1.7973334
2.6237891 3.1408117 -1.7973294
2.3898339 3.3222692 -1.797317
1.8769336 3.4115093 -1.7100179
1.7736132 3.4163237 -1.6904896
1.4808886 3.4401977 -1.644866
1.3974999 3.4749005 -1.6448615
1.1425586 3.5668163 -1.6448474
1.0562109 3.5933251 -1.6448426
0.96920896 3.617749 -1.6448377
0.88166988 3.6400609 -1.6448331
0.70512694 3.6783214 -1.6448231
0.25742188 3.7363806 -1.6447979
-0.10371093 3.7437541 -1.6447775
-0.37413085 3.7264225 -1.6447619
-0.46388671 3.7163012 -1.6447569
-0.64256835 3.6895866 -1.6447465
-0.81974608 3.6542809 -1.6447363
-0.90765625 3.633435 -1.644731
-1.0818067 3.5854144 -1.644721
-1.167959 3.5582671 -1.644716
-1.2534375 3.529052 -1.644711
-1.3381835 3.497782 -1.6447059
-1.4248925 3.4711609 -1.6478726
-1.5189356 3.4602447 -1.659605
-1.8243651 3.453476 -1.7152877
-1.9308008 3.4507689 -1.7365758
-2.0398729 3.4478161 -1.7593458
-2.151787 3.4446075 -1.7836813
-2.2509961 3.4171343 -1.7970537
-2.5696971 3.1843529 -1.7970343
-2.7931933 2.9902008 -1.7970206
-2.8644824 2.9219518 -1.7970161
-3.8615136 1.3530109 -1.7969511
-3.9492188 1.0702691 -1.7969445
-3.9738672 0.97470272 -1.7969427
-3.9962206 0.8785693 -1.7969409
-4.0492868 0.58733946 -1.7969363
-4.0622559 0.48950195 -1.7969351
-4.0728807 0.39137939 -1.7969339
-4.0811424 0.29302794 -1.7969329
-4.0905271 0.095873408 -1.7969314
-4.0903611 -0.10150329 -1.7969303
-4.0867381 -0.20013122 -1.7969301
-4.0807223 -0.29864195 -1.7969297
-4.0723338 -0.39697266 -1.7969297
-4.0615625 -0.49508178 -1.7969298
-4.0329685 -0.69037533 -1.7969306
-4.0151463 -0.78744811 -1.7969309
-3.9949999 -0.88406277 -1.7969316
-3.9725096 -0.98016417 -1.7969323
-3.920625 -1.170599 -1.7969344
-3.8596094 -1.3583112 -1.7969368
-2.9301465 -2.855993 -1.7969816
-2.7890332 -2.9939859 -1.796989
-2.7160058 -3.0603921 -1.7969928
-2.6414063 -3.1250119 -1.7969966
-2.5652733 -3.1878188 -1.7970005
-2.4876463 -3.2487726 -1.7970047
-2.3280957 -3.3649752 -1.7970132
-2.1631055 -3.47335 -1.7970219
-1.9063281 -3.6206861 -1.7970358
-1.818457 -3.6656237 -1.7970405
-1.7295409 -3.7084241 -1.7970454
-1.6395996 -3.7490697 -1.7970502
-1.3642578 -3.8578351 -1.7970653
-1.2707813 -3.8896294 -1.7970704
-1.1766309 -3.9191594 -1.7970756
-1.0817578 -3.9464085 -1.797081
-0.98626953 -3.9713643 -1.7970861
-0.89016598 -3.99401 -1.7970915
-0.79360348 -4.014329 -1.797097
-0.69654298 -4.0323148 -1.7971023
-0.50128907 -4.0612411 -1.7971133
-0.40319335 -4.0721612 -1.7971188
-0.30483398 -4.0807133 -1.7971244
-0.20632812 -4.0868921 -1.79713
-0.0090039065 -4.0921154 -1.7971411
0.18836914 -4.0878124 -1.7971524
0.48341796 -4.0635352 -1.7971693
0.67880857 -4.0355215 -1.7971807
0.77597654 -4.0179877 -1.7971861
0.96883786 -3.9759147 -1.7971973
1.0644336 -3.9514036 -1.7972028
1.347373 -3.8641393 -1.7972195
1.4401758 -3.8305297 -1.797225
1.5321581 -3.7946901 -1.7972304
1.6232226 -3.7566423 -1.7972357
1.9776269 -3.5828323 -1.7972567
2.063457 -3.5340993 -1.797262
2.1481054 -3.4833112 -1.797267
2.3136132 -3.3756902 -1.797277
2.3943458 -3.3189163 -1.7972819
2.9181151 -2.8693926 -1.7973142
3.1179395 -2.6509209 -1.7973266
3.1809862 -2.5749521 -1.7973306
3.3014746 -2.4185641 -1.7973382
3.3588476 -2.3382373 -1.7973421
3.4677246 -2.1735461 -1.7973491
3.5685253 -2.0037894 -1.7973557
2.5465722 -0.77256531 -1.1687112
3.0729101 -0.77256471 -1.3915296
3.9920897 -0.90187562 -1.7973857
4.0126758 -0.80532837 -1.7973874
4.0868945 -0.21817504 -1.7973946
4.0909572 -0.11953796 -1.7973955
4.0926661 -0.020831909 -1.7973961
4.0919824 0.077888183 -1.7973965
4.0889158 0.17655395 -1.7973968
4.083457 0.27512389 -1.7973971
4.0654297 0.47173095 -1.7973971
4.0379591 0.66723692 -1.7973967
4.0010939 0.8611908 -1.7973956
3.9791601 0.95744199 -1.7973949
2.9012401 0.77256531 -1.3185409
3.4897363 2.1381633 -1.7973733
3.382539 2.3039527 -1.7973682
3.3259861 2.3848608 -1.7973652
3.2674901 2.4643848 -1.7973623
3.2070897 2.5424731 -1.7973592
3.1448243 2.6190851 -1.7973562
3.0807421 2.6941693 -1.797353
3.0148633 2.7676849 -1.7973497
2.8778613 2.909843 -1.7973427
2.6599317 3.1102777 -1.7973312
2.5841308 3.1735241 -1.7973273
2.428076 3.2944365 -1.7973189
2.2562304 3.3924303 -1.7892687
2.0341504 3.403861 -1.7414683
1.9272753 3.4091022 -1.7198603
1.8228222 3.414052 -1.6996772
1.3536816 3.4921801 -1.644859
1.2690625 3.523808 -1.6448544
1.0976562 3.5808892 -1.6448449
1.0109668 3.6063116 -1.64484
0.92370117 3.6296332 -1.6448354
0.83588862 3.6508434 -1.6448305
0.74757808 3.6699317 -1.6448255
0.56972653 3.7016935 -1.6448154
0.48027343 3.714345 -1.6448104
0.39054686 3.7248356 -1.6448054
0.21046874 3.7393138 -1.6447953
0.12020507 3.7432885 -1.6447902
0.029873047 3.745091 -1.6447852
-0.060429685 3.7447107 -1.6447799
-0.51054686 3.7101727 -1.6447542
-0.59988278 3.6967704 -1.6447489
-0.77745116 3.6635144 -1.6447387
-0.8655957 3.6436877 -1.6447335
-0.95322263 3.6217389 -1.6447285
-1.126748 3.5715356 -1.6447184
-1.2125683 3.5433099 -1.6447134
-1.3820312 3.4806883 -1.6447034
-1.5706152 3.4592083 -1.6684424
-1.7742578 3.4546905 -1.7055937
-2.2112987 3.4428308 -1.797006
-2.3748145 3.3322594 -1.7970462
-2.5327539 3.2138402 -1.7970365
-2.6095116 3.1518085 -1.7970319
-2.7584569 3.0222826 -1.7970227
-2.8305371 2.9548633 -1.7970183
-2.9009862 2.88573 -1.7970138
-3.8782032 1.3043798 -1.7969499
-3.9085252 1.2104608 -1.7969476
-3.9623437 1.0205688 -1.7969437
-3.9858105 0.92470092 -1.7969418
-4.0069432 0.82829404 -1.79694
-4.0422168 0.63409424 -1.7969369
-4.0680857 0.43841735 -1.7969345
-4.0845118 0.24172302 -1.7969325
-4.0891309 0.14313781 -1.7969317
-4.091279 -0.05421875 -1.7969306
-4.0839062 -0.25145873 -1.7969298
-4.0670214 -0.44811216 -1.7969297
-4.0406833 -0.64372432 -1.7969302
-4.0239844 -0.74099791 -1.7969307
-4.004951 -0.83783937 -1.7969313
-3.9339061 -1.1252056 -1.7969337
-3.9056151 -1.2197628 -1.796935
-0.3874414 -3.8344104 -1.7971209
-0.29483399 -3.8426518 -1.7971263
-0.20208007 -3.848659 -1.7971314
-0.016249999 -3.8539498 -1.797142
0.07670898 -3.8532321 -1.7971473
0.35509765 -3.8376355 -1.7971632
0.53977537 -3.8160696 -1.7971737
0.7231738 -3.78562 -1.7971845
0.81427735 -3.7670879 -1.7971897
0.90488279 -3.7463646 -1.797195
0.99499023 -3.7234581 -1.7972001
1.0845214 -3.6983879 -1.7972054
1.2616113 -3.6418056 -1.7972158
1.349082 -3.6103268 -1.7972208
1.5216309 -3.5410881 -1.7972311
1.6065917 -3.5033672 -1.7972361
1.7737012 -3.4218326 -1.7972461
1.9366698 -3.3323343 -1.7972559
2.172539 -3.1836133 -1.7972701
2.2487011 -3.1302972 -1.7972746
2.3235352 -3.0751567 -1.7972791
2.5398242 -2.8991334 -1.7972925
2.7428026 -2.7079308 -1.797305
2.8073437 -2.6409929 -1.797309
2.9314454 -2.5025494 -1.7973169
3.0487304 -2.3582797 -1.7973242
3.1589258 -2.2085216 -1.7973313
3.2112792 -2.1316936 -1.7973347
3.2617579 -2.0536225 -1.7973379
3.3103418 -1.974357 -1.7973411
3.3570213 -1.8939425 -1.7973442
2.765166 -0.77256531 -1.338797
3.0469043 -0.77256531 -1.4657568
3.7580078 -0.85696012 -1.7973726
3.7776074 -0.76607054 -1.7973742
3.7949705 -0.67473447 -1.7973756
3.8101463 -0.58300596 -1.797377
3.8231053 -0.49093932 -1.7973782
3.833828 -0.3985852 -1.7973793
3.8423338 -0.30600098 -1.7973803
3.8485937 -0.2132373 -1.797381
3.853955 0.065580443 -1.797383
3.8391211 0.34405699 -1.7973835
3.8180566 0.52879697 -1.7973834
3.8041894 0.62073362 -1.7973831
3.7881346 0.71230531 -1.7973826
3.7493455 0.8941583 -1.7973814
2.6630566 0.7725665 -1.2930069
3.2906737 2.0070848 -1.7973613
2.9667675 2.4606719 -1.7973453
2.7810838 2.6687219 -1.7973357
2.6491504 2.7997186 -1.7973291
2.5110254 2.9242041 -1.7973218
2.4397559 2.9839122 -1.7973181
2.3670702 3.0418811 -1.7973143
2.2930176 3.0980804 -1.7973104
2.140918 3.2050402 -1.7973022
1.9838574 3.3045428 -1.7972938
1.5229784 3.4098015 -1.7414088
1.3327832 3.4177129 -1.7105958
1.2399902 3.4213207 -1.6969343
1.1485449 3.4247069 -1.6843791
1.0583203 3.4278815 -1.6728957
0.969248 3.4308515 -1.6624475
0.71102536 3.4549272 -1.6448222
0.45936522 3.4972625 -1.6448082
0.37489256 3.5073144 -1.6448034
-0.13487305 3.524652 -1.6447746
-0.38936523 3.5056438 -1.6447599
-0.47378907 3.4952233 -1.644755
-0.64178711 3.4682868 -1.6447455
-0.90120113 3.4523046 -1.66378
-0.99044919 3.4513788 -1.6743635
-1.3601562 3.4458349 -1.727466
-1.4563769 3.4439573 -1.7436318
-1.6543554 3.4395599 -1.7797731
-1.7537206 3.4317119 -1.7970821
-1.8359667 3.3884063 -1.7970772
-1.9171581 3.3431287 -1.7970723
-2.3054297 3.0881379 -1.7970488
-2.3792381 3.0316265 -1.7970443
-2.4516699 2.97335 -1.7970399
-3.6787987 1.1474481 -1.7969604
-3.7298338 0.96870238 -1.7969564
-3.7521093 0.87845761 -1.7969548
-3.7901073 0.69648802 -1.7969515
-3.8057811 0.60486877 -1.7969502
-3.8192675 0.5129016 -1.7969489
-3.8305469 0.42063171 -1.796948
-3.8463476 0.2354193 -1.7969459
-3.850908 0.14257996 -1.7969451
-3.8532324 0.049655151 -1.7969445
-3.8467283 -0.22907348 -1.7969434
-3.8312402 -0.41431761 -1.7969433
-3.820117 -0.50660032 -1.7969434
-3.8067772 -0.59859127 -1.7969438
-3.753535 -0.87226135 -1.7969453
-3.7071092 -1.0522614 -1.796947
-3.6806543 -1.1413721 -1.7969481
-3.6520703 -1.2298138 -1.7969493
-2.6647558 -2.7838507 -1.7969971
-2.5968456 -2.8473189 -1.7970005
-2.5274217 -2.909133 -1.7970042
-2.3841991 -3.0276425 -1.7970117
-2.3104784 -3.0842724 -1.7970157
-2.1590722 -3.1921179 -1.7970238
-2.0026367 -3.2925398 -1.797032
-1.8415332 -3.3853045 -1.7970407
-1.676123 -3.4701898 -1.7970496
-1.4208789 -3.5823205 -1.7970636
-1.2464551 -3.6466925 -1.7970731
-1.0691406 -3.7025805 -1.7970829
-0.79865235 -3.7702255 -1.7970979
-0.70747072 -3.7884033 -1.797103
-0.52398437 -3.8181341 -1.7971133
-0.43172851 -3.8296745 -1.7971185
-0.33925781 -3.8389812 -1.7971237
-0.060791016 -3.8534966 -1.7971394
0.21799804 -3.8478417 -1.7971553
0.31074217 -3.8414764 -1.7971606
0.40329102 -3.8328748 -1.797166
0.49563476 -3.8220451 -1.7971712
0.58767575 -3.8089893 -1.7971766
0.86154294 -3.7565649 -1.7971923
1.0416992 -3.7106676 -1.7972028
1.2194335 -3.656137 -1.7972132
1.3072656 -3.6256714 -1.7972184
1.3943554 -3.5930967 -1.7972236
1.5660156 -3.5216947 -1.7972337
1.650498 -3.4829102 -1.7972387
1.7340331 -3.4420977 -1.7972437
1.9783691 -3.3077419 -1.7972583
2.0575879 -3.2590706 -1.7972631
2.212373 -3.1560729 -1.7972724
2.2878418 -3.1018004 -1.797277
2.5061426 -2.9282868 -1.7972903
2.5760643 -2.866998 -1.7972946
2.6444628 -2.8040359 -1.7972989
2.8403125 -2.6055157 -1.7973111
2.9023242 -2.5362532 -1.797315
2.9626563 -2.4655204 -1.7973188
3.078125 -2.3197908 -1.7973262
3.1331639 -2.2448809 -1.7973297
3.2378027 -2.0911803 -1.7973363
3.2873046 -2.0124815 -1.7973396
2.6467383 -0.77256531 -1.2857009
2.9055371 -0.77256531 -1.4019538
3.8289745 -0.44286802 -1.7973788
3.8385448 -0.35038635 -1.7973799
3.8458788 -0.2577014 -1.7973808
3.853828 -0.071934812 -1.7973821
3.8544629 0.021039428 -1.7973828
3.8489647 0.20689575 -1.7973834
3.8428416 0.29966614 -1.7973835
3.8239257 0.48463926 -1.7973834
3.7594433 0.85076839 -1.7973818
3.3601658 1.8884307 -1.7973646
3.1085448 2.2789757 -1.7973524
2.9950097 2.4262226 -1.7973466
2.9356151 2.4977527 -1.7973437
2.8745019 2.5678234 -1.7973405
2.8117383 2.636405 -1.7973373
2.747334 2.7034509 -1.7973341
2.6813085 2.7689209 -1.7973306
2.5446484 2.8949921 -1.7973236
2.4020801 3.0143285 -1.7973161
2.1778417 3.180089 -1.7973042
2.100498 3.2316856 -1.7973001
1.9421679 3.3292053 -1.7972916
1.76875 3.3985875 -1.7865653
1.3777539 3.4159062 -1.7175443
1.2842675 3.419621 -1.7033386
1.0117968 3.4294524 -1.667326
0.92365235 3.4337816 -1.6581129
0.83719724 3.4413555 -1.6515375
0.75127929 3.4482293 -1.6456574
0.58382809 3.4786682 -1.6448152
0.49977538 3.4917259 -1.6448104
0.41541016 3.5027537 -1.6448057
0.330791 3.5117431 -1.644801
0.24599609 3.5186913 -1.6447961
0.16103515 3.5235894 -1.6447914
-0.0090624997 3.5272357 -1.6447817
-0.094130859 3.5259807 -1.6447768
-0.17915039 3.5226734 -1.6447721
-0.26409179 3.5173161 -1.6447672
-0.34878907 3.5099156 -1.6447623
-0.51767576 3.4889891 -1.6447526
-0.60166991 3.4754765 -1.6447477
-0.68609375 3.4638805 -1.6466142
-1.2208301 3.4482415 -1.7057414
-1.5071875 3.4428949 -1.7525446
-1.7072656 3.4382689 -1.7900631
-1.7966992 3.4094012 -1.7970794
-1.9590331 3.3187749 -1.7970697
-2.0384862 3.2705493 -1.7970649
-2.1167579 3.2204199 -1.7970603
-2.1938183 3.1684198 -1.7970556
-2.2695997 3.1145763 -1.7970511
-2.4171386 3.0014887 -1.797042
-2.4888377 2.9423096 -1.7970376
-2.695039 2.7546387 -1.7970248
-3.69291 1.1011298 -1.7969594
-3.7183886 1.0117438 -1.7969574
-3.7985644 0.64881223 -1.7969509
-3.8130858 0.55700624 -1.7969496
-3.8254101 0.46487486 -1.7969483
-3.8490233 0.18706848 -1.7969456
-3.852412 0.094177857 -1.7969449
-3.8535545 0.0012359619 -1.7969444
-3.8524511 -0.091710202 -1.7969439
-3.8435352 -0.27738953 -1.7969434
-3.8257129 -0.4624182 -1.7969434
-3.8134375 -0.55455625 -1.7969437
-3.798955 -0.64637572 -1.7969439
-3.7190235 -1.0093497 -1.7969465
-3.6660254 -1.1875235 -1.7969487
-2.490664 -2.9406598 -1.7970061
-2.271543 -3.1130617 -1.7970176
-2.1958203 -3.1669519 -1.7970217
-1.6324121 -3.4909801 -1.7970519
-1.4621582 -3.5656602 -1.7970613
-1.2005566 -3.6620715 -1.7970756
-1.1118749 -3.6899731 -1.7970805
-1.0225488 -3.7157271 -1.7970855
-0.84218746 -3.7607367 -1.7970954
-0.38358396 -3.8348012 -1.7971213
-0.29097655 -3.8429492 -1.7971264
-0.10530273 -3.8525317 -1.7971369
-0.012363281 -3.8539631 -1.7971421
0.17351562 -3.8500981 -1.7971529
0.45142576 -3.8275115 -1.7971687
0.54360348 -3.8155217 -1.797174
0.63548827 -3.8013141 -1.7971793
0.72700197 -3.7848907 -1.7971846
0.81808591 -3.7662659 -1.79719
0.90867186 -3.745451 -1.7971951
0.99874997 -3.722456 -1.7972004
1.0882422 -3.6972928 -1.7972056
1.2652929 -3.6405327 -1.7972159
1.4393847 -3.5753009 -1.7972262
1.6101366 -3.5017467 -1.7972363
1.694121 -3.4619005 -1.7972413
1.8591211 -3.3761959 -1.7972512
2.4000878 -3.0158095 -1.7972839
2.5427442 -2.8965695 -1.7972926
2.6794922 -2.7705927 -1.7973009
2.745537 -2.7051685 -1.7973051
2.8099999 -2.6381667 -1.7973093
2.8728321 -2.569628 -1.7973131
2.9934082 -2.4281061 -1.7973207
3.0510838 -2.3552055 -1.7973243
3.1070213 -2.2809355 -1.797328
3.1611621 -2.2053375 -1.7973315
3.2134275 -2.128454 -1.7973349
3.3123436 -1.9710168 -1.7973412
2.537334 -0.77256531 -1.2368107
2.7759373 -0.77256531 -1.3436389
3.7588768 -0.85317445 -1.7973727
3.7783689 -0.76226318 -1.7973742
3.7956641 -0.67091 -1.7973758
3.8107421 -0.57916564 -1.797377
3.8342285 -0.39471984 -1.7973794
3.8426464 -0.30212769 -1.7973803
3.8488183 -0.20935424 -1.7973813
3.8544335 -0.023502806 -1.7973825
3.8538964 0.069470823 -1.797383
3.851084 0.162406 -1.7973832
3.8460448 0.2552368 -1.7973835
3.8387694 0.34792662 -1.7973835
3.8292577 0.44041502 -1.7973835
3.8035545 0.62456906 -1.7973831
3.7690136 0.8072601 -1.797382
3.7484472 0.89793211 -1.7973814
2.9130762 0.7725659 -1.4053457
3.2886424 2.0104053 -1.7973611
3.1878417 2.1666467 -1.7973562
3.1346679 2.2429004 -1.7973536
3.0796483 2.3178496 -1.7973509
2.8420215 2.6037328 -1.797339
2.7783885 2.6715209 -1.7973356
2.713125 2.7377496 -1.7973323
2.5779297 2.8653941 -1.7973253
2.4367383 2.9863701 -1.797318
2.3639941 3.0442681 -1.7973142
2.1376855 3.2071991 -1.797302
1.9805175 3.3065448 -1.7972937
1.9001855 3.3533411 -1.7972894
1.8176953 3.3962266 -1.7962458
1.7161034 3.4010797 -1.7764006
1.6165723 3.4056604 -1.7579098
1.5189453 3.4099767 -1.7407155
1.328877 3.4178717 -1.7100013
1.236123 3.4214685 -1.6963885
1.1447461 3.4248438 -1.6838784
1.0545899 3.4280095 -1.672439
0.54009765 3.4857221 -1.6448127
0.45584959 3.4977245 -1.6448081
0.37135741 3.5076921 -1.6448033
0.28663084 3.5156195 -1.6447984
0.11676758 3.5253308 -1.6447887
0.031699218 3.5271094 -1.6447841
-0.053398438 3.5268364 -1.6447792
-0.1384082 3.5245147 -1.6447743
-0.30823243 3.5137188 -1.6447647
-0.39288086 3.5052495 -1.6447598
-0.56146485 3.4822052 -1.64475
-0.64527345 3.4676373 -1.6447451
-0.81731445 3.4559996 -1.6560122
-1.0846679 3.4502246 -1.6864972
-1.1763965 3.4489288 -1.6992422
-1.3641309 3.4457605 -1.7281176
-1.4604199 3.4438739 -1.7443346
-1.658584 3.4394591 -1.7805849
-1.7571875 3.4299402 -1.7970817
-1.8394042 3.3865521 -1.7970768
-2.0005469 3.2938929 -1.7970672
-2.2334473 3.1406012 -1.7970532
-2.3823144 3.0292253 -1.7970442
-2.454658 2.9708781 -1.7970397
-2.5255859 2.9108031 -1.7970353
-3.6512988 1.2321674 -1.7969624
-3.6799512 1.1437433 -1.7969602
-3.7064745 1.0546484 -1.7969583
-3.7308104 0.96494323 -1.7969564
-3.7530077 0.87467587 -1.7969548
-3.7908008 0.69266784 -1.7969515
-3.8064063 0.60103267 -1.7969502
-3.8198047 0.50904846 -1.7969489
-3.8466015 0.23153503 -1.7969459
-3.8510644 0.13869201 -1.7969451
-3.8532813 0.045762938 -1.7969445
-3.8532422 -0.047182005 -1.7969441
-3.8465037 -0.23295105 -1.7969434
-3.8308105 -0.41817749 -1.7969433
-3.8195801 -0.51045412 -1.7969434
-3.8061817 -0.60242432 -1.7969438
-3.7905371 -0.6940521 -1.7969443
-2.5244823 -2.9116781 -1.7970043
-2.3811328 -3.0300446 -1.7970119
-2.307373 -3.0866013 -1.7970158
-2.2322655 -3.1413639 -1.7970197
-2.155869 -3.1942918 -1.7970239
-1.8381152 -3.3871584 -1.7970408
-1.5884179 -3.5112212 -1.7970544
-1.5032617 -3.5485189 -1.7970589
-1.4172461 -3.5837529 -1.7970637
-1.3304003 -3.6169062 -1.7970686
-1.2427734 -3.6479466 -1.7970734
-1.1544532 -3.6768725 -1.7970783
-1.0654101 -3.7036572 -1.7970831
-0.88556641 -3.7507482 -1.7970932
-0.61207032 -3.8049943 -1.7971084
-0.42788085 -3.8301053 -1.7971187
-0.33537108 -3.839323 -1.797124
-0.14983398 -3.851052 -1.7971344
0.49949217 -3.8215435 -1.7971715
0.68318355 -3.7930377 -1.7971821
0.95566404 -3.7337444 -1.7971978
1.0454395 -3.7096159 -1.7972032
1.3109375 -3.6243525 -1.7972188
1.5695801 -3.5201149 -1.7972341
1.6540136 -3.4812462 -1.7972388
1.9817089 -3.305748 -1.7972586
2.060869 -3.2569957 -1.7972633
2.1388476 -3.2063503 -1.797268
2.2155566 -3.1538379 -1.7972726
2.2909765 -3.0994906 -1.7972772
2.5789549 -2.8644006 -1.7972949
2.647285 -2.8013699 -1.797299
2.7140918 -2.7367096 -1.7973031
2.7793262 -2.6704581 -1.7973073
2.8429394 -2.6026504 -1.7973112
3.0804589 -2.316684 -1.7973263
3.1886132 -2.1654499 -1.7973332
3.2399023 -2.0879149 -1.7973366
3.2893457 -2.0091655 -1.7973398
2.6566894 -0.77256471 -1.2901551
2.9173827 -0.77256531 -1.4072897
3.7487793 -0.89655179 -1.7973717
3.8388965 -0.34651795 -1.7973799
3.8539159 -0.068049923 -1.7973821
3.8425293 0.30354246 -1.7973835
3.8341112 0.39613587 -1.7973835
3.8234277 0.48849669 -1.7973834
3.7954102 0.67230588 -1.7973828
3.7780957 0.76365292 -1.7973824
3.0551171 0.7725665 -1.4694723
2.5340135 0.7725659 -1.2353255
3.3116601 1.9722625 -1.7973623
3.2631249 2.0515611 -1.7973599
2.9925585 2.4292412 -1.7973466
2.4710937 2.9580145 -1.7973198
2.3990233 3.0167491 -1.797316
2.3255858 3.0737207 -1.797312
2.0972266 3.2338011 -1.7972999
2.0186231 3.2834363 -1.7972957
1.9388183 3.3311577 -1.7972914
1.7645117 3.3987896 -1.7857355
1.6640038 3.4035003 -1.7666028
1.468789 3.4121251 -1.7322538
1.3738281 3.4160657 -1.7169288
1.0976367 3.4265196 -1.6777879
0.92008787 3.4341099 -1.6578242
0.83357418 3.4416559 -1.6512775
0.74774414 3.4485009 -1.6454266
0.66408199 3.4642534 -1.6448196
0.41187498 3.50317 -1.6448056
0.15748046 3.5237486 -1.6447912
0.072451167 3.5265131 -1.6447864
-0.012607422 3.5272245 -1.6447815
-0.097685546 3.5258832 -1.6447766
-0.2676172 3.5170496 -1.6447669
-0.43688476 3.500031 -1.6447572
-0.52118164 3.4884679 -1.6447523
-0.68968749 3.4636865 -1.6468508
-0.77584958 3.4586546 -1.652878
-1.1322753 3.4495757 -1.6930003
-1.3186133 3.4465911 -1.7207769
-1.6103711 3.4405963 -1.7714189
-1.7115136 3.4381609 -1.7909046
-2.0417871 3.2684906 -1.7970648
-2.1200194 3.2182841 -1.79706
-2.1970117 3.1662042 -1.7970554
-2.3471289 3.0565577 -1.7970463
-3.6940331 1.0974102 -1.7969592
-3.7194238 1.0079919 -1.7969574
-3.7426269 0.91798645 -1.7969556
-3.7636817 0.82744747 -1.7969538
-3.7992089 0.64498717 -1.7969508
-3.8136425 0.55316281 -1.7969496
-3.8258886 0.4610205 -1.7969483
-3.8358886 0.36860657 -1.7969472
-3.8436522 0.27597779 -1.7969464
-3.8524902 0.09029419 -1.7969449
-3.8535545 -0.0026507569 -1.7969443
-3.835371 -0.37387389 -1.7969433
-3.8252439 -0.46627319 -1.7969434
-3.8128808 -0.55840147 -1.7969437
-3.7625194 -0.8326205 -1.796945
-3.717998 -1.0131003 -1.7969466
-3.6350391 -1.2792706 -1.7969499
-2.6267383 -2.819767 -1.796999
-2.3428807 -3.0597255 -1.797014
-2.1926074 -3.1691639 -1.7970219
-2.0372362 -3.2712314 -1.7970301
-1.8771288 -3.3656881 -1.7970388
-1.7954102 -3.4099917 -1.7970431
-1.7126367 -3.4523151 -1.7970477
-1.4585546 -3.567131 -1.7970614
-1.3721093 -3.6012802 -1.7970663
-1.1968554 -3.6632805 -1.7970759
-1.0187891 -3.7167578 -1.7970856
-0.92885739 -3.7402606 -1.7970908
-0.74740231 -3.7807231 -1.7971008
-0.47210938 -3.8249011 -1.7971162
-0.28710938 -3.8432388 -1.7971265
-0.19430664 -3.8490601 -1.7971319
-0.10141601 -3.8526361 -1.7971371
-0.0084667969 -3.8539734 -1.7971425
0.084492184 -3.8530679 -1.7971478
0.27019531 -3.8445346 -1.7971584
0.54745114 -3.8149736 -1.7971742
0.73081052 -3.7841539 -1.7971848
0.8218652 -3.7654376 -1.7971901
1.0025195 -3.7214439 -1.7972006
1.0919726 -3.6961932 -1.7972058
1.2689356 -3.6392572 -1.7972162
1.3563671 -3.6076019 -1.7972213
1.4429981 -3.5738492 -1.7972265
1.5287695 -3.5380139 -1.7972316
1.6136523 -3.5001202 -1.7972366
1.7805957 -3.4182506 -1.7972465
1.8625195 -3.3743169 -1.7972513
2.1016309 -3.2308469 -1.7972658
2.1789453 -3.1792297 -1.7972704
2.2550097 -3.1257586 -1.7972751
2.329746 -3.0704684 -1.7972796
2.5456738 -2.8940063 -1.7972927
2.6147461 -2.8317721 -1.797297
2.6822753 -2.7678843 -1.7973013
2.7482617 -2.7023935 -1.7973052
2.8126659 -2.6353257 -1.7973094
2.8754003 -2.5667303 -1.7973132
2.9364648 -2.4966366 -1.7973171
2.9958496 -2.4250884 -1.7973208
3.0534668 -2.3521316 -1.7973245
3.1093359 -2.2778032 -1.7973281
3.1633692 -2.2021496 -1.7973317
3.2155664 -2.1252148 -1.797335
3.2658985 -2.0470428 -1.7973382
2.5465624 -0.77256471 -1.2409275
3.0729101 -0.77256531 -1.477513
3.7791405 -0.75845581 -1.7973742
3.8113182 -0.57532591 -1.7973771
3.8240917 -0.48323303 -1.7973783
3.8429589 -0.29825318 -1.7973803
3.8544629 -0.019617919 -1.7973825
3.8384373 0.35179627 -1.7973835
3.8288183 0.44427428 -1.7973835
3.7682226 0.81106687 -1.797382
2.6431251 0.7725659 -1.2840811
3.3342187 1.9338629 -1.7973634
3.2866113 2.0137169 -1.7973611
3.2370703 2.0923932 -1.7973586
3.1856835 2.1698565 -1.7973561
3.132412 2.2460577 -1.7973535
2.9617968 2.466651 -1.7973449
2.9014354 2.5373645 -1.7973418
2.8393848 2.6066039 -1.7973388
2.710371 2.7404871 -1.7973322
2.6434765 2.8050518 -1.7973287
2.5051172 2.9292595 -1.7973214
2.3609276 3.0466466 -1.7973139
2.2867675 3.1026995 -1.79731
2.2112596 3.1569433 -1.7973061
2.1344628 3.2093499 -1.7973019
2.0564258 3.2598944 -1.7972978
1.9771972 3.3085382 -1.7972935
1.8967968 3.3552556 -1.7972893
1.7119141 3.4012768 -1.7756011
1.5149121 3.410152 -1.7400241
1.4191308 3.4142077 -1.7241228
1.2322949 3.4216144 -1.6958425
1.1409472 3.4249823 -1.6833787
0.9618457 3.4310894 -1.6616209
0.875 3.4381292 -1.6543268
0.70408201 3.4563518 -1.6448219
0.11320312 3.5254431 -1.6447886
-0.056914061 3.526782 -1.644779
-0.22695312 3.5199115 -1.6447692
-0.39642578 3.5048492 -1.6447597
-0.56498045 3.4816351 -1.6447499
-0.64877927 3.4669867 -1.644745
-0.73450196 3.4611511 -1.6499045
-0.82092774 3.4557598 -1.6562936
-0.90859371 3.452235 -1.6646265
-1.5626562 3.4416852 -1.7625631
-1.7606348 3.4281683 -1.7970816
-1.8428124 3.3846936 -1.7970767
-2.0038671 3.2918756 -1.797067
-2.3116503 3.0834832 -1.7970484
-2.4576659 2.9684002 -1.7970395
-2.5285254 2.9082489 -1.7970352
-2.5979297 2.8464129 -1.7970309
-2.6658494 2.7829156 -1.7970266
-3.7317772 0.96118283 -1.7969563
-3.7538867 0.87089294 -1.7969546
-3.7737792 0.78009522 -1.796953
-3.8070018 0.59719723 -1.7969502
-3.8313866 0.41290832 -1.7969477
-3.8468359 0.22765625 -1.7969459
-3.8512011 0.13480957 -1.7969451
-3.8532031 -0.051062621 -1.7969441
-3.8508689 -0.14398803 -1.7969437
-3.8303709 -0.42203674 -1.7969433
-3.8055761 -0.60626769 -1.7969438
-3.7898338 -0.69788021 -1.7969443
-3.771914 -0.78908569 -1.7969447
-3.7517772 -0.87983185 -1.7969455
-3.7294629 -0.9700616 -1.7969462
-3.6783495 -1.1487851 -1.7969482
-3.6495605 -1.2371728 -1.7969493
